Blender 4.5.13 LTS (hash daeeeca98fb0 built 2026-08-25 01:31:19)
Read blend: "/home/runner/work/future/future/workspaces/glasshouse-terminus/output/g4-coast-r07/g4-full-scene-candidate.blend"
Fra:451 Mem:625.05M (Peak 852.49M) | Time:00:02.55 | Mem:0.00M, Peak:0.00M | Scene, ViewLayer | Synchronizing object | QA_sky_key
Fra:451 Mem:625.05M (Peak 852.49M) | Time:00:02.55 | Mem:0.00M, Peak:0.00M | Scene, ViewLayer | Synchronizing object | QA_front_fill
Fra:451 Mem:625.05M (Peak 852.49M) | Time:00:02.55 | Mem:0.00M, Peak:0.00M | Scene, ViewLayer | Synchronizing object | QA_interior_fill
Fra:451 Mem:625.05M (Peak 852.49M) | Time:00:02.55 | Mem:0.00M, Peak:0.00M | Scene, ViewLayer | Synchronizing object | QA_interior_fill.001
Fra:451 Mem:625.05M (Peak 852.49M) | Time:00:02.55 | Mem:0.00M, Peak:0.00M | Scene, ViewLayer | Synchronizing object | QA_interior_fill.002
Fra:451 Mem:625.05M (Peak 852.49M) | Time:00:02.55 | Mem:0.00M, Peak:0.00M | Scene, ViewLayer | Synchronizing object | Platform_coping_edge
Fra:451 Mem:625.06M (Peak 852.49M) | Time:00:02.55 | Mem:0.00M, Peak:0.00M | Scene, ViewLayer | Synchronizing object | Terrace_guard_post.008
Fra:451 Mem:625.07M (Peak 852.49M) | Time:00:02.55 | Mem:0.00M, Peak:0.00M | Scene, ViewLayer | Synchronizing object | Terrace_guard_rail
Fra:451 Mem:625.10M (Peak 852.49M) | Time:00:02.55 | Mem:0.00M, Peak:0.00M | Scene, ViewLayer | Synchronizing object | Terrace_guard_post.017
Fra:451 Mem:625.10M (Peak 852.49M) | Time:00:02.55 | Mem:0.00M, Peak:0.00M | Scene, ViewLayer | Synchronizing object | Terrace_guard_post.022
Fra:451 Mem:625.11M (Peak 852.49M) | Time:00:02.55 | Mem:0.00M, Peak:0.00M | Scene, ViewLayer | Synchronizing object | Terrace_guard_post.029
Fra:451 Mem:625.11M (Peak 852.49M) | Time:00:02.55 | Mem:0.00M, Peak:0.00M | Scene, ViewLayer | Synchronizing object | Terrace_guard_rail.003
Fra:451 Mem:625.11M (Peak 852.49M) | Time:00:02.55 | Mem:0.00M, Peak:0.00M | Scene, ViewLayer | Synchronizing object | Terrace_guard_post.001
Fra:451 Mem:625.13M (Peak 852.49M) | Time:00:02.55 | Mem:0.00M, Peak:0.00M | Scene, ViewLayer | Synchronizing object | Terrace_guard_post.007
Fra:451 Mem:625.16M (Peak 852.49M) | Time:00:02.55 | Mem:0.00M, Peak:0.00M | Scene, ViewLayer | Synchronizing object | Terrace_guard_post.016
Fra:451 Mem:625.16M (Peak 852.49M) | Time:00:02.55 | Mem:0.00M, Peak:0.00M | Scene, ViewLayer | Synchronizing object | Terrace_guard_post.021
Fra:451 Mem:625.17M (Peak 852.49M) | Time:00:02.55 | Mem:0.00M, Peak:0.00M | Scene, ViewLayer | Synchronizing object | Terrace_guard_post.028
Fra:451 Mem:625.17M (Peak 852.49M) | Time:00:02.55 | Mem:0.00M, Peak:0.00M | Scene, ViewLayer | Synchronizing object | Terrace_guard_rail.005
Fra:451 Mem:625.19M (Peak 852.49M) | Time:00:02.55 | Mem:0.00M, Peak:0.00M | Scene, ViewLayer | Synchronizing object | Hall_entry_step.002
Fra:451 Mem:625.21M (Peak 852.49M) | Time:00:02.55 | Mem:0.00M, Peak:0.00M | Scene, ViewLayer | Synchronizing object | Hall_entry_step.001
Fra:451 Mem:625.23M (Peak 852.49M) | Time:00:02.55 | Mem:0.00M, Peak:0.00M | Scene, ViewLayer | Synchronizing object | Terrace_guard_rail.002
Fra:451 Mem:625.25M (Peak 852.49M) | Time:00:02.55 | Mem:0.00M, Peak:0.00M | Scene, ViewLayer | Synchronizing object | Platform_drain_channel
Fra:451 Mem:625.24M (Peak 852.49M) | Time:00:02.55 | Mem:0.00M, Peak:0.00M | Scene, ViewLayer | Synchronizing object | Terrace_guard_post.003
Fra:451 Mem:625.23M (Peak 852.49M) | Time:00:02.55 | Mem:0.00M, Peak:0.00M | Scene, ViewLayer | Synchronizing object | Terrace_guard_post.006
Fra:451 Mem:625.24M (Peak 852.49M) | Time:00:02.55 | Mem:0.00M, Peak:0.00M | Scene, ViewLayer | Synchronizing object | Terrace_guard_post.015
Fra:451 Mem:625.25M (Peak 852.49M) | Time:00:02.55 | Mem:0.00M, Peak:0.00M | Scene, ViewLayer | Synchronizing object | Terrace_guard_post.027
Fra:451 Mem:625.26M (Peak 852.49M) | Time:00:02.55 | Mem:0.00M, Peak:0.00M | Scene, ViewLayer | Synchronizing object | Terrace_guard_post.035
Fra:451 Mem:625.27M (Peak 852.49M) | Time:00:02.55 | Mem:0.00M, Peak:0.00M | Scene, ViewLayer | Synchronizing object | Hall_entry_step.003
Fra:451 Mem:625.29M (Peak 852.49M) | Time:00:02.55 | Mem:0.00M, Peak:0.00M | Scene, ViewLayer | Synchronizing object | Terrace_guard_post.014
Fra:451 Mem:625.29M (Peak 852.49M) | Time:00:02.55 | Mem:0.00M, Peak:0.00M | Scene, ViewLayer | Synchronizing object | Terrace_guard_post.019
Fra:451 Mem:625.30M (Peak 852.49M) | Time:00:02.55 | Mem:0.00M, Peak:0.00M | Scene, ViewLayer | Synchronizing object | Terrace_guard_post.034
Fra:451 Mem:625.31M (Peak 852.49M) | Time:00:02.55 | Mem:0.00M, Peak:0.00M | Scene, ViewLayer | Synchronizing object | Hall_entry_step
Fra:451 Mem:625.33M (Peak 852.49M) | Time:00:02.55 | Mem:0.00M, Peak:0.00M | Scene, ViewLayer | Synchronizing object | Hall_entry_step.004
Fra:451 Mem:625.35M (Peak 852.49M) | Time:00:02.56 | Mem:0.00M, Peak:0.00M | Scene, ViewLayer | Synchronizing object | Terrace_guard_post.005
Fra:451 Mem:625.36M (Peak 852.49M) | Time:00:02.56 | Mem:0.00M, Peak:0.00M | Scene, ViewLayer | Synchronizing object | Terrace_guard_post.013
Fra:451 Mem:625.37M (Peak 852.49M) | Time:00:02.56 | Mem:0.00M, Peak:0.00M | Scene, ViewLayer | Synchronizing object | Terrace_guard_post.018
Fra:451 Mem:625.37M (Peak 852.49M) | Time:00:02.56 | Mem:0.00M, Peak:0.00M | Scene, ViewLayer | Synchronizing object | Terrace_guard_post.033
Fra:451 Mem:625.38M (Peak 852.49M) | Time:00:02.56 | Mem:0.00M, Peak:0.00M | Scene, ViewLayer | Synchronizing object | Hall_entry_step.005
Fra:451 Mem:625.40M (Peak 852.49M) | Time:00:02.56 | Mem:0.00M, Peak:0.00M | Scene, ViewLayer | Synchronizing object | Terrace_guard_post
Fra:451 Mem:625.41M (Peak 852.49M) | Time:00:02.56 | Mem:0.00M, Peak:0.00M | Scene, ViewLayer | Synchronizing object | Terrace_guard_post.002
Fra:451 Mem:625.42M (Peak 852.49M) | Time:00:02.56 | Mem:0.00M, Peak:0.00M | Scene, ViewLayer | Synchronizing object | Terrace_guard_post.012
Fra:451 Mem:625.42M (Peak 852.49M) | Time:00:02.56 | Mem:0.00M, Peak:0.00M | Scene, ViewLayer | Synchronizing object | Terrace_guard_post.025
Fra:451 Mem:625.43M (Peak 852.49M) | Time:00:02.56 | Mem:0.00M, Peak:0.00M | Scene, ViewLayer | Synchronizing object | Terrace_guard_post.032
Fra:451 Mem:625.44M (Peak 852.49M) | Time:00:02.56 | Mem:0.00M, Peak:0.00M | Scene, ViewLayer | Synchronizing object | Hall_entry_step.006
Fra:451 Mem:625.46M (Peak 852.49M) | Time:00:02.56 | Mem:0.00M, Peak:0.00M | Scene, ViewLayer | Synchronizing object | Terrace_guard_post.004
Fra:451 Mem:625.47M (Peak 852.49M) | Time:00:02.56 | Mem:0.00M, Peak:0.00M | Scene, ViewLayer | Synchronizing object | Terrace_guard_post.011
Fra:451 Mem:625.47M (Peak 852.49M) | Time:00:02.56 | Mem:0.00M, Peak:0.00M | Scene, ViewLayer | Synchronizing object | Terrace_guard_post.024
Fra:451 Mem:625.48M (Peak 852.49M) | Time:00:02.56 | Mem:0.00M, Peak:0.00M | Scene, ViewLayer | Synchronizing object | Terrace_guard_post.026
Fra:451 Mem:625.49M (Peak 852.49M) | Time:00:02.56 | Mem:0.00M, Peak:0.00M | Scene, ViewLayer | Synchronizing object | Terrace_guard_post.031
Fra:451 Mem:625.51M (Peak 852.49M) | Time:00:02.56 | Mem:0.00M, Peak:0.00M | Scene, ViewLayer | Synchronizing object | Hall_plinth
Fra:451 Mem:625.51M (Peak 852.49M) | Time:00:02.56 | Mem:0.00M, Peak:0.00M | Scene, ViewLayer | Synchronizing object | Terrace_guard_rail.001
Fra:451 Mem:625.54M (Peak 852.49M) | Time:00:02.56 | Mem:0.00M, Peak:0.00M | Scene, ViewLayer | Synchronizing object | Bridge_continuous_guard.002
Fra:451 Mem:625.65M (Peak 852.49M) | Time:00:02.56 | Mem:0.00M, Peak:0.00M | Scene, ViewLayer | Synchronizing object | Load_bearing_masonry_terrace
Fra:451 Mem:625.69M (Peak 852.49M) | Time:00:02.56 | Mem:0.00M, Peak:0.00M | Scene, ViewLayer | Synchronizing object | Ocean_extent
Fra:451 Mem:625.70M (Peak 852.49M) | Time:00:02.56 | Mem:0.00M, Peak:0.00M | Scene, ViewLayer | Synchronizing object | Bridge_continuous_guard.003
Fra:451 Mem:631.10M (Peak 852.49M) | Time:00:02.56 | Mem:0.00M, Peak:0.00M | Scene, ViewLayer | Synchronizing object | Complete_cliff_mass
Fra:451 Mem:631.94M (Peak 852.49M) | Time:00:02.56 | Mem:0.00M, Peak:0.00M | Scene, ViewLayer | Synchronizing object | Bridge_continuous_guard
Fra:451 Mem:634.32M (Peak 852.49M) | Time:00:02.56 | Mem:0.00M, Peak:0.00M | Scene, ViewLayer | Synchronizing object | G4COAST_adapted_scanned_cliff_ring
Fra:451 Mem:635.50M (Peak 852.49M) | Time:00:02.56 | Mem:0.00M, Peak:0.00M | Scene, ViewLayer | Synchronizing object | Bridge_continuous_guard.001
Fra:451 Mem:643.70M (Peak 852.49M) | Time:00:02.56 | Mem:0.00M, Peak:0.00M | Scene, ViewLayer | Synchronizing object | Downpipe.002
Fra:451 Mem:643.72M (Peak 852.49M) | Time:00:02.56 | Mem:0.00M, Peak:0.00M | Scene, ViewLayer | Synchronizing object | Downpipe.003
Fra:451 Mem:643.75M (Peak 852.49M) | Time:00:02.57 | Mem:0.00M, Peak:0.00M | Scene, ViewLayer | Synchronizing object | Downpipe
Fra:451 Mem:643.77M (Peak 852.49M) | Time:00:02.57 | Mem:0.00M, Peak:0.00M | Scene, ViewLayer | Synchronizing object | Downpipe.001
Fra:451 Mem:644.77M (Peak 852.49M) | Time:00:02.57 | Mem:0.00M, Peak:0.00M | Scene, ViewLayer | Synchronizing object | Viaduct_pier.003
Fra:451 Mem:691.92M (Peak 852.49M) | Time:00:02.58 | Mem:0.00M, Peak:0.00M | Scene, ViewLayer | Synchronizing object | Car_armrest.013
Fra:451 Mem:691.92M (Peak 852.49M) | Time:00:02.58 | Mem:0.00M, Peak:0.00M | Scene, ViewLayer | Synchronizing object | Cab_windscreen_surround.001
Fra:451 Mem:692.39M (Peak 852.49M) | Time:00:02.58 | Mem:0.00M, Peak:0.00M | Scene, ViewLayer | Synchronizing object | Car_armrest.002
Fra:451 Mem:692.39M (Peak 852.49M) | Time:00:02.58 | Mem:0.00M, Peak:0.00M | Scene, ViewLayer | Synchronizing object | Car_armrest.011
Fra:451 Mem:692.40M (Peak 852.49M) | Time:00:02.58 | Mem:0.00M, Peak:0.00M | Scene, ViewLayer | Synchronizing object | Car_armrest.009
Fra:451 Mem:692.41M (Peak 852.49M) | Time:00:02.58 | Mem:0.00M, Peak:0.00M | Scene, ViewLayer | Synchronizing object | Cab_windscreen_surround.002
Fra:451 Mem:692.44M (Peak 852.49M) | Time:00:02.58 | Mem:0.00M, Peak:0.00M | Scene, ViewLayer | Synchronizing object | Car_armrest.005
Fra:451 Mem:692.44M (Peak 852.49M) | Time:00:02.58 | Mem:0.00M, Peak:0.00M | Scene, ViewLayer | Synchronizing object | Car_armrest.003
Fra:451 Mem:692.45M (Peak 852.49M) | Time:00:02.58 | Mem:0.00M, Peak:0.00M | Scene, ViewLayer | Synchronizing object | Car_armrest.006
Fra:451 Mem:692.46M (Peak 852.49M) | Time:00:02.58 | Mem:0.00M, Peak:0.00M | Scene, ViewLayer | Synchronizing object | Cab_windscreen_surround.003
Fra:451 Mem:692.49M (Peak 852.49M) | Time:00:02.58 | Mem:0.00M, Peak:0.00M | Scene, ViewLayer | Synchronizing object | Car_armrest
Fra:451 Mem:692.50M (Peak 852.49M) | Time:00:02.58 | Mem:0.00M, Peak:0.00M | Scene, ViewLayer | Synchronizing object | Car_armrest.018
Fra:451 Mem:692.50M (Peak 852.49M) | Time:00:02.58 | Mem:0.00M, Peak:0.00M | Scene, ViewLayer | Synchronizing object | Car_armrest.016
Fra:451 Mem:692.51M (Peak 852.49M) | Time:00:02.58 | Mem:0.00M, Peak:0.00M | Scene, ViewLayer | Synchronizing object | Car_armrest.014
Fra:451 Mem:692.51M (Peak 852.49M) | Time:00:02.58 | Mem:0.00M, Peak:0.00M | Scene, ViewLayer | Synchronizing object | Car_armrest.012
Fra:451 Mem:692.52M (Peak 852.49M) | Time:00:02.58 | Mem:0.00M, Peak:0.00M | Scene, ViewLayer | Synchronizing object | Car_armrest.010
Fra:451 Mem:692.52M (Peak 852.49M) | Time:00:02.58 | Mem:0.00M, Peak:0.00M | Scene, ViewLayer | Synchronizing object | Car_armrest.007
Fra:451 Mem:692.52M (Peak 852.49M) | Time:00:02.58 | Mem:0.00M, Peak:0.00M | Scene, ViewLayer | Synchronizing object | Car_armrest.008
Fra:451 Mem:692.52M (Peak 852.49M) | Time:00:02.58 | Mem:0.00M, Peak:0.00M | Scene, ViewLayer | Synchronizing object | Car_luggage_rail
Fra:451 Mem:696.03M (Peak 852.49M) | Time:00:02.58 | Mem:0.00M, Peak:0.00M | Scene, ViewLayer | Synchronizing object | Door_handle.001
Fra:451 Mem:696.03M (Peak 852.49M) | Time:00:02.58 | Mem:0.00M, Peak:0.00M | Scene, ViewLayer | Synchronizing object | Car_armrest.001
Fra:451 Mem:696.04M (Peak 852.49M) | Time:00:02.58 | Mem:0.00M, Peak:0.00M | Scene, ViewLayer | Synchronizing object | Car_luggage_rail.001
Fra:451 Mem:696.04M (Peak 852.49M) | Time:00:02.58 | Mem:0.00M, Peak:0.00M | Scene, ViewLayer | Synchronizing object | Car_armrest.019
Fra:451 Mem:696.04M (Peak 852.49M) | Time:00:02.58 | Mem:0.00M, Peak:0.00M | Scene, ViewLayer | Synchronizing object | Car_armrest.017
Fra:451 Mem:696.05M (Peak 852.49M) | Time:00:02.58 | Mem:0.00M, Peak:0.00M | Scene, ViewLayer | Synchronizing object | Cab_windscreen_surround
Fra:451 Mem:696.08M (Peak 852.49M) | Time:00:02.58 | Mem:0.00M, Peak:0.00M | Scene, ViewLayer | Synchronizing object | Car_armrest.015
Fra:451 Mem:696.08M (Peak 852.49M) | Time:00:02.58 | Mem:0.00M, Peak:0.00M | Scene, ViewLayer | Synchronizing object | Car_armrest.004
Fra:451 Mem:696.08M (Peak 852.49M) | Time:00:02.58 | Mem:0.00M, Peak:0.00M | Scene, ViewLayer | Synchronizing object | Door_handle
Fra:451 Mem:696.09M (Peak 852.49M) | Time:00:02.58 | Mem:0.00M, Peak:0.00M | Scene, ViewLayer | Synchronizing object | G3_glazing_compression_gasket
Fra:451 Mem:696.09M (Peak 852.49M) | Time:00:02.58 | Mem:0.00M, Peak:0.00M | Scene, ViewLayer | Synchronizing object | G3_glazing_compression_gasket.001
Fra:451 Mem:696.09M (Peak 852.49M) | Time:00:02.58 | Mem:0.00M, Peak:0.00M | Scene, ViewLayer | Synchronizing object | G3_glazing_compression_gasket.002
Fra:451 Mem:696.09M (Peak 852.49M) | Time:00:02.58 | Mem:0.00M, Peak:0.00M | Scene, ViewLayer | Synchronizing object | G3_glazing_compression_gasket.003
Fra:451 Mem:696.10M (Peak 852.49M) | Time:00:02.58 | Mem:0.00M, Peak:0.00M | Scene, ViewLayer | Synchronizing object | G3_glazing_compression_gasket.004
Fra:451 Mem:696.10M (Peak 852.49M) | Time:00:02.58 | Mem:0.00M, Peak:0.00M | Scene, ViewLayer | Synchronizing object | G3_glazing_compression_gasket.005
Fra:451 Mem:696.10M (Peak 852.49M) | Time:00:02.58 | Mem:0.00M, Peak:0.00M | Scene, ViewLayer | Synchronizing object | G3_glazing_compression_gasket.006
Fra:451 Mem:696.10M (Peak 852.49M) | Time:00:02.58 | Mem:0.00M, Peak:0.00M | Scene, ViewLayer | Synchronizing object | G3_glazing_compression_gasket.007
Fra:451 Mem:696.11M (Peak 852.49M) | Time:00:02.58 | Mem:0.00M, Peak:0.00M | Scene, ViewLayer | Synchronizing object | G3_glazing_compression_gasket.008
Fra:451 Mem:696.11M (Peak 852.49M) | Time:00:02.58 | Mem:0.00M, Peak:0.00M | Scene, ViewLayer | Synchronizing object | G3_glazing_compression_gasket.009
Fra:451 Mem:696.11M (Peak 852.49M) | Time:00:02.58 | Mem:0.00M, Peak:0.00M | Scene, ViewLayer | Synchronizing object | G3_glazing_compression_gasket.010
Fra:451 Mem:696.11M (Peak 852.49M) | Time:00:02.58 | Mem:0.00M, Peak:0.00M | Scene, ViewLayer | Synchronizing object | G3_glazing_compression_gasket.011
Fra:451 Mem:696.11M (Peak 852.49M) | Time:00:02.58 | Mem:0.00M, Peak:0.00M | Scene, ViewLayer | Synchronizing object | G3_glazing_compression_gasket.012
Fra:451 Mem:696.12M (Peak 852.49M) | Time:00:02.58 | Mem:0.00M, Peak:0.00M | Scene, ViewLayer | Synchronizing object | G3_glazing_compression_gasket.013
Fra:451 Mem:696.12M (Peak 852.49M) | Time:00:02.58 | Mem:0.00M, Peak:0.00M | Scene, ViewLayer | Synchronizing object | G3_glazing_compression_gasket.014
Fra:451 Mem:696.12M (Peak 852.49M) | Time:00:02.58 | Mem:0.00M, Peak:0.00M | Scene, ViewLayer | Synchronizing object | G3_glazing_compression_gasket.015
Fra:451 Mem:696.12M (Peak 852.49M) | Time:00:02.58 | Mem:0.00M, Peak:0.00M | Scene, ViewLayer | Synchronizing object | G3_glazing_compression_gasket.016
Fra:451 Mem:696.13M (Peak 852.49M) | Time:00:02.58 | Mem:0.00M, Peak:0.00M | Scene, ViewLayer | Synchronizing object | G3_glazing_compression_gasket.017
Fra:451 Mem:696.13M (Peak 852.49M) | Time:00:02.58 | Mem:0.00M, Peak:0.00M | Scene, ViewLayer | Synchronizing object | G3_glazing_compression_gasket.018
Fra:451 Mem:696.13M (Peak 852.49M) | Time:00:02.58 | Mem:0.00M, Peak:0.00M | Scene, ViewLayer | Synchronizing object | G3_glazing_compression_gasket.019
Fra:451 Mem:696.13M (Peak 852.49M) | Time:00:02.58 | Mem:0.00M, Peak:0.00M | Scene, ViewLayer | Synchronizing object | G3_glazing_compression_gasket.020
Fra:451 Mem:696.13M (Peak 852.49M) | Time:00:02.58 | Mem:0.00M, Peak:0.00M | Scene, ViewLayer | Synchronizing object | G3_glazing_compression_gasket.021
Fra:451 Mem:696.14M (Peak 852.49M) | Time:00:02.58 | Mem:0.00M, Peak:0.00M | Scene, ViewLayer | Synchronizing object | G3_glazing_compression_gasket.022
Fra:451 Mem:696.14M (Peak 852.49M) | Time:00:02.58 | Mem:0.00M, Peak:0.00M | Scene, ViewLayer | Synchronizing object | G3_glazing_compression_gasket.023
Fra:451 Mem:696.14M (Peak 852.49M) | Time:00:02.58 | Mem:0.00M, Peak:0.00M | Scene, ViewLayer | Synchronizing object | G3_glazing_compression_gasket.024
Fra:451 Mem:696.14M (Peak 852.49M) | Time:00:02.58 | Mem:0.00M, Peak:0.00M | Scene, ViewLayer | Synchronizing object | G3_glazing_compression_gasket.025
Fra:451 Mem:696.14M (Peak 852.49M) | Time:00:02.58 | Mem:0.00M, Peak:0.00M | Scene, ViewLayer | Synchronizing object | G3_glazing_compression_gasket.026
Fra:451 Mem:696.15M (Peak 852.49M) | Time:00:02.58 | Mem:0.00M, Peak:0.00M | Scene, ViewLayer | Synchronizing object | G3_glazing_compression_gasket.027
Fra:451 Mem:698.77M (Peak 852.49M) | Time:00:02.58 | Mem:0.00M, Peak:0.00M | Scene, ViewLayer | Synchronizing object | G3_glazing_compression_gasket.028
Fra:451 Mem:698.78M (Peak 852.49M) | Time:00:02.58 | Mem:0.00M, Peak:0.00M | Scene, ViewLayer | Synchronizing object | G3_glazing_compression_gasket.029
Fra:451 Mem:701.39M (Peak 852.49M) | Time:00:02.58 | Mem:0.00M, Peak:0.00M | Scene, ViewLayer | Synchronizing object | G3_glazing_compression_gasket.030
Fra:451 Mem:701.40M (Peak 852.49M) | Time:00:02.58 | Mem:0.00M, Peak:0.00M | Scene, ViewLayer | Synchronizing object | G3_glazing_compression_gasket.031
Fra:451 Mem:701.40M (Peak 852.49M) | Time:00:02.58 | Mem:0.00M, Peak:0.00M | Scene, ViewLayer | Synchronizing object | G3_glazing_compression_gasket.032
Fra:451 Mem:701.40M (Peak 852.49M) | Time:00:02.58 | Mem:0.00M, Peak:0.00M | Scene, ViewLayer | Synchronizing object | G3_glazing_compression_gasket.033
Fra:451 Mem:701.40M (Peak 852.49M) | Time:00:02.58 | Mem:0.00M, Peak:0.00M | Scene, ViewLayer | Synchronizing object | G3_glazing_compression_gasket.034
Fra:451 Mem:701.40M (Peak 852.49M) | Time:00:02.58 | Mem:0.00M, Peak:0.00M | Scene, ViewLayer | Synchronizing object | G3_glazing_compression_gasket.035
Fra:451 Mem:701.41M (Peak 852.49M) | Time:00:02.58 | Mem:0.00M, Peak:0.00M | Scene, ViewLayer | Synchronizing object | G3_glazing_compression_gasket.036
Fra:451 Mem:701.41M (Peak 852.49M) | Time:00:02.58 | Mem:0.00M, Peak:0.00M | Scene, ViewLayer | Synchronizing object | G3_glazing_compression_gasket.037
Fra:451 Mem:701.41M (Peak 852.49M) | Time:00:02.58 | Mem:0.00M, Peak:0.00M | Scene, ViewLayer | Synchronizing object | G3_glazing_compression_gasket.038
Fra:451 Mem:701.41M (Peak 852.49M) | Time:00:02.58 | Mem:0.00M, Peak:0.00M | Scene, ViewLayer | Synchronizing object | G3_glazing_compression_gasket.039
Fra:451 Mem:701.41M (Peak 852.49M) | Time:00:02.58 | Mem:0.00M, Peak:0.00M | Scene, ViewLayer | Synchronizing object | G3_glazing_compression_gasket.040
Fra:451 Mem:701.42M (Peak 852.49M) | Time:00:02.58 | Mem:0.00M, Peak:0.00M | Scene, ViewLayer | Synchronizing object | G3_glazing_compression_gasket.041
Fra:451 Mem:701.42M (Peak 852.49M) | Time:00:02.58 | Mem:0.00M, Peak:0.00M | Scene, ViewLayer | Synchronizing object | G3_glazing_compression_gasket.042
Fra:451 Mem:701.42M (Peak 852.49M) | Time:00:02.58 | Mem:0.00M, Peak:0.00M | Scene, ViewLayer | Synchronizing object | G3_glazing_compression_gasket.043
Fra:451 Mem:701.42M (Peak 852.49M) | Time:00:02.58 | Mem:0.00M, Peak:0.00M | Scene, ViewLayer | Synchronizing object | G3_glazing_compression_gasket.044
Fra:451 Mem:701.42M (Peak 852.49M) | Time:00:02.58 | Mem:0.00M, Peak:0.00M | Scene, ViewLayer | Synchronizing object | G3_glazing_compression_gasket.045
Fra:451 Mem:701.43M (Peak 852.49M) | Time:00:02.58 | Mem:0.00M, Peak:0.00M | Scene, ViewLayer | Synchronizing object | G3_glazing_compression_gasket.046
Fra:451 Mem:701.43M (Peak 852.49M) | Time:00:02.58 | Mem:0.00M, Peak:0.00M | Scene, ViewLayer | Synchronizing object | G3_glazing_compression_gasket.047
Fra:451 Mem:701.43M (Peak 852.49M) | Time:00:02.58 | Mem:0.00M, Peak:0.00M | Scene, ViewLayer | Synchronizing object | G3_glazing_compression_gasket.048
Fra:451 Mem:701.43M (Peak 852.49M) | Time:00:02.58 | Mem:0.00M, Peak:0.00M | Scene, ViewLayer | Synchronizing object | G3_glazing_compression_gasket.049
Fra:451 Mem:701.44M (Peak 852.49M) | Time:00:02.58 | Mem:0.00M, Peak:0.00M | Scene, ViewLayer | Synchronizing object | G3_glazing_compression_gasket.050
Fra:451 Mem:701.44M (Peak 852.49M) | Time:00:02.58 | Mem:0.00M, Peak:0.00M | Scene, ViewLayer | Synchronizing object | G3_glazing_compression_gasket.051
Fra:451 Mem:701.44M (Peak 852.49M) | Time:00:02.58 | Mem:0.00M, Peak:0.00M | Scene, ViewLayer | Synchronizing object | G3_glazing_compression_gasket.052
Fra:451 Mem:701.44M (Peak 852.49M) | Time:00:02.58 | Mem:0.00M, Peak:0.00M | Scene, ViewLayer | Synchronizing object | G3_glazing_compression_gasket.053
Fra:451 Mem:701.44M (Peak 852.49M) | Time:00:02.58 | Mem:0.00M, Peak:0.00M | Scene, ViewLayer | Synchronizing object | G3_glazing_compression_gasket.054
Fra:451 Mem:701.45M (Peak 852.49M) | Time:00:02.58 | Mem:0.00M, Peak:0.00M | Scene, ViewLayer | Synchronizing object | G3_glazing_compression_gasket.055
Fra:451 Mem:701.45M (Peak 852.49M) | Time:00:02.58 | Mem:0.00M, Peak:0.00M | Scene, ViewLayer | Synchronizing object | G3_glazing_compression_gasket.056
Fra:451 Mem:701.45M (Peak 852.49M) | Time:00:02.58 | Mem:0.00M, Peak:0.00M | Scene, ViewLayer | Synchronizing object | G3_glazing_compression_gasket.057
Fra:451 Mem:701.45M (Peak 852.49M) | Time:00:02.58 | Mem:0.00M, Peak:0.00M | Scene, ViewLayer | Synchronizing object | G3_glazing_compression_gasket.058
Fra:451 Mem:701.45M (Peak 852.49M) | Time:00:02.58 | Mem:0.00M, Peak:0.00M | Scene, ViewLayer | Synchronizing object | G3_glazing_compression_gasket.059
Fra:451 Mem:701.46M (Peak 852.49M) | Time:00:02.58 | Mem:0.00M, Peak:0.00M | Scene, ViewLayer | Synchronizing object | G3_glazing_compression_gasket.060
Fra:451 Mem:701.46M (Peak 852.49M) | Time:00:02.58 | Mem:0.00M, Peak:0.00M | Scene, ViewLayer | Synchronizing object | G3_glazing_compression_gasket.061
Fra:451 Mem:701.46M (Peak 852.49M) | Time:00:02.58 | Mem:0.00M, Peak:0.00M | Scene, ViewLayer | Synchronizing object | G3_glazing_compression_gasket.062
Fra:451 Mem:701.46M (Peak 852.49M) | Time:00:02.58 | Mem:0.00M, Peak:0.00M | Scene, ViewLayer | Synchronizing object | G3_glazing_compression_gasket.063
Fra:451 Mem:701.46M (Peak 852.49M) | Time:00:02.58 | Mem:0.00M, Peak:0.00M | Scene, ViewLayer | Synchronizing object | G3_glazing_compression_gasket.064
Fra:451 Mem:701.47M (Peak 852.49M) | Time:00:02.58 | Mem:0.00M, Peak:0.00M | Scene, ViewLayer | Synchronizing object | G3_glazing_compression_gasket.065
Fra:451 Mem:701.47M (Peak 852.49M) | Time:00:02.58 | Mem:0.00M, Peak:0.00M | Scene, ViewLayer | Synchronizing object | G3_glazing_compression_gasket.066
Fra:451 Mem:701.47M (Peak 852.49M) | Time:00:02.58 | Mem:0.00M, Peak:0.00M | Scene, ViewLayer | Synchronizing object | G3_glazing_compression_gasket.067
Fra:451 Mem:701.47M (Peak 852.49M) | Time:00:02.58 | Mem:0.00M, Peak:0.00M | Scene, ViewLayer | Synchronizing object | G3_glazing_compression_gasket.068
Fra:451 Mem:701.48M (Peak 852.49M) | Time:00:02.58 | Mem:0.00M, Peak:0.00M | Scene, ViewLayer | Synchronizing object | G3_glazing_compression_gasket.069
Fra:451 Mem:701.48M (Peak 852.49M) | Time:00:02.58 | Mem:0.00M, Peak:0.00M | Scene, ViewLayer | Synchronizing object | G3_glazing_compression_gasket.070
Fra:451 Mem:701.48M (Peak 852.49M) | Time:00:02.58 | Mem:0.00M, Peak:0.00M | Scene, ViewLayer | Synchronizing object | G3_glazing_compression_gasket.071
Fra:451 Mem:701.48M (Peak 852.49M) | Time:00:02.58 | Mem:0.00M, Peak:0.00M | Scene, ViewLayer | Synchronizing object | G3_glazing_compression_gasket.072
Fra:451 Mem:701.48M (Peak 852.49M) | Time:00:02.58 | Mem:0.00M, Peak:0.00M | Scene, ViewLayer | Synchronizing object | G3_glazing_compression_gasket.073
Fra:451 Mem:701.49M (Peak 852.49M) | Time:00:02.58 | Mem:0.00M, Peak:0.00M | Scene, ViewLayer | Synchronizing object | G3_glazing_compression_gasket.074
Fra:451 Mem:701.49M (Peak 852.49M) | Time:00:02.58 | Mem:0.00M, Peak:0.00M | Scene, ViewLayer | Synchronizing object | G3_glazing_compression_gasket.075
Fra:451 Mem:701.49M (Peak 852.49M) | Time:00:02.58 | Mem:0.00M, Peak:0.00M | Scene, ViewLayer | Synchronizing object | G3_glazing_compression_gasket.076
Fra:451 Mem:701.49M (Peak 852.49M) | Time:00:02.58 | Mem:0.00M, Peak:0.00M | Scene, ViewLayer | Synchronizing object | G3_glazing_compression_gasket.077
Fra:451 Mem:701.49M (Peak 852.49M) | Time:00:02.58 | Mem:0.00M, Peak:0.00M | Scene, ViewLayer | Synchronizing object | G3_glazing_compression_gasket.078
Fra:451 Mem:701.50M (Peak 852.49M) | Time:00:02.58 | Mem:0.00M, Peak:0.00M | Scene, ViewLayer | Synchronizing object | G3_glazing_compression_gasket.079
Fra:451 Mem:701.50M (Peak 852.49M) | Time:00:02.58 | Mem:0.00M, Peak:0.00M | Scene, ViewLayer | Synchronizing object | G3_glazing_compression_gasket.080
Fra:451 Mem:701.50M (Peak 852.49M) | Time:00:02.58 | Mem:0.00M, Peak:0.00M | Scene, ViewLayer | Synchronizing object | G3_glazing_compression_gasket.081
Fra:451 Mem:701.50M (Peak 852.49M) | Time:00:02.58 | Mem:0.00M, Peak:0.00M | Scene, ViewLayer | Synchronizing object | G3_glazing_compression_gasket.082
Fra:451 Mem:701.50M (Peak 852.49M) | Time:00:02.58 | Mem:0.00M, Peak:0.00M | Scene, ViewLayer | Synchronizing object | G3_glazing_compression_gasket.083
Fra:451 Mem:701.51M (Peak 852.49M) | Time:00:02.58 | Mem:0.00M, Peak:0.00M | Scene, ViewLayer | Synchronizing object | G3_glazing_compression_gasket.084
Fra:451 Mem:701.51M (Peak 852.49M) | Time:00:02.58 | Mem:0.00M, Peak:0.00M | Scene, ViewLayer | Synchronizing object | G3_glazing_compression_gasket.085
Fra:451 Mem:701.51M (Peak 852.49M) | Time:00:02.58 | Mem:0.00M, Peak:0.00M | Scene, ViewLayer | Synchronizing object | G3_glazing_compression_gasket.086
Fra:451 Mem:701.51M (Peak 852.49M) | Time:00:02.58 | Mem:0.00M, Peak:0.00M | Scene, ViewLayer | Synchronizing object | G3_glazing_compression_gasket.087
Fra:451 Mem:701.52M (Peak 852.49M) | Time:00:02.58 | Mem:0.00M, Peak:0.00M | Scene, ViewLayer | Synchronizing object | G3_glazing_compression_gasket.088
Fra:451 Mem:701.52M (Peak 852.49M) | Time:00:02.58 | Mem:0.00M, Peak:0.00M | Scene, ViewLayer | Synchronizing object | G3_glazing_compression_gasket.089
Fra:451 Mem:701.52M (Peak 852.49M) | Time:00:02.58 | Mem:0.00M, Peak:0.00M | Scene, ViewLayer | Synchronizing object | G3_glazing_compression_gasket.090
Fra:451 Mem:701.52M (Peak 852.49M) | Time:00:02.58 | Mem:0.00M, Peak:0.00M | Scene, ViewLayer | Synchronizing object | G3_glazing_compression_gasket.091
Fra:451 Mem:701.52M (Peak 852.49M) | Time:00:02.58 | Mem:0.00M, Peak:0.00M | Scene, ViewLayer | Synchronizing object | G3_glazing_compression_gasket.092
Fra:451 Mem:701.53M (Peak 852.49M) | Time:00:02.58 | Mem:0.00M, Peak:0.00M | Scene, ViewLayer | Synchronizing object | G3_glazing_compression_gasket.093
Fra:451 Mem:701.53M (Peak 852.49M) | Time:00:02.58 | Mem:0.00M, Peak:0.00M | Scene, ViewLayer | Synchronizing object | G3_glazing_compression_gasket.094
Fra:451 Mem:701.53M (Peak 852.49M) | Time:00:02.58 | Mem:0.00M, Peak:0.00M | Scene, ViewLayer | Synchronizing object | G3_glazing_compression_gasket.095
Fra:451 Mem:701.53M (Peak 852.49M) | Time:00:02.58 | Mem:0.00M, Peak:0.00M | Scene, ViewLayer | Synchronizing object | G3_glazing_compression_gasket.096
Fra:451 Mem:701.53M (Peak 852.49M) | Time:00:02.58 | Mem:0.00M, Peak:0.00M | Scene, ViewLayer | Synchronizing object | G3_glazing_compression_gasket.097
Fra:451 Mem:701.54M (Peak 852.49M) | Time:00:02.58 | Mem:0.00M, Peak:0.00M | Scene, ViewLayer | Synchronizing object | G3_glazing_compression_gasket.098
Fra:451 Mem:701.54M (Peak 852.49M) | Time:00:02.58 | Mem:0.00M, Peak:0.00M | Scene, ViewLayer | Synchronizing object | G3_glazing_compression_gasket.099
Fra:451 Mem:701.54M (Peak 852.49M) | Time:00:02.58 | Mem:0.00M, Peak:0.00M | Scene, ViewLayer | Synchronizing object | G3_glazing_compression_gasket.100
Fra:451 Mem:701.54M (Peak 852.49M) | Time:00:02.58 | Mem:0.00M, Peak:0.00M | Scene, ViewLayer | Synchronizing object | G3_glazing_compression_gasket.101
Fra:451 Mem:701.54M (Peak 852.49M) | Time:00:02.58 | Mem:0.00M, Peak:0.00M | Scene, ViewLayer | Synchronizing object | G3_glazing_compression_gasket.102
Fra:451 Mem:701.55M (Peak 852.49M) | Time:00:02.58 | Mem:0.00M, Peak:0.00M | Scene, ViewLayer | Synchronizing object | Viaduct_bedrock_footing.003
Fra:451 Mem:701.58M (Peak 852.49M) | Time:00:02.58 | Mem:0.00M, Peak:0.00M | Scene, ViewLayer | Synchronizing object | G3_glazing_compression_gasket.103
Fra:451 Mem:701.57M (Peak 852.49M) | Time:00:02.58 | Mem:0.00M, Peak:0.00M | Scene, ViewLayer | Synchronizing object | Viaduct_pier
Fra:451 Mem:701.57M (Peak 852.49M) | Time:00:02.58 | Mem:0.00M, Peak:0.00M | Scene, ViewLayer | Synchronizing object | G3_glazing_compression_gasket.104
Fra:451 Mem:701.61M (Peak 852.49M) | Time:00:02.58 | Mem:0.00M, Peak:0.00M | Scene, ViewLayer | Synchronizing object | G3_glazing_compression_gasket.105
Fra:451 Mem:701.60M (Peak 852.49M) | Time:00:02.58 | Mem:0.00M, Peak:0.00M | Scene, ViewLayer | Synchronizing object | G3_glazing_compression_gasket.106
Fra:451 Mem:701.60M (Peak 852.49M) | Time:00:02.58 | Mem:0.00M, Peak:0.00M | Scene, ViewLayer | Synchronizing object | G3_glazing_compression_gasket.107
Fra:451 Mem:701.61M (Peak 852.49M) | Time:00:02.59 | Mem:0.00M, Peak:0.00M | Scene, ViewLayer | Synchronizing object | G3_glazing_compression_gasket.108
Fra:451 Mem:701.60M (Peak 852.49M) | Time:00:02.59 | Mem:0.00M, Peak:0.00M | Scene, ViewLayer | Synchronizing object | G3_glazing_compression_gasket.109
Fra:451 Mem:701.61M (Peak 852.49M) | Time:00:02.59 | Mem:0.00M, Peak:0.00M | Scene, ViewLayer | Synchronizing object | G3_glazing_compression_gasket.110
Fra:451 Mem:701.61M (Peak 852.49M) | Time:00:02.59 | Mem:0.00M, Peak:0.00M | Scene, ViewLayer | Synchronizing object | G3_glazing_compression_gasket.111
Fra:451 Mem:701.61M (Peak 852.49M) | Time:00:02.59 | Mem:0.00M, Peak:0.00M | Scene, ViewLayer | Synchronizing object | G3_glazing_compression_gasket.112
Fra:451 Mem:701.61M (Peak 852.49M) | Time:00:02.59 | Mem:0.00M, Peak:0.00M | Scene, ViewLayer | Synchronizing object | G3_glazing_compression_gasket.113
Fra:451 Mem:701.62M (Peak 852.49M) | Time:00:02.59 | Mem:0.00M, Peak:0.00M | Scene, ViewLayer | Synchronizing object | G3_glazing_compression_gasket.114
Fra:451 Mem:701.62M (Peak 852.49M) | Time:00:02.59 | Mem:0.00M, Peak:0.00M | Scene, ViewLayer | Synchronizing object | G3_glazing_compression_gasket.115
Fra:451 Mem:701.62M (Peak 852.49M) | Time:00:02.59 | Mem:0.00M, Peak:0.00M | Scene, ViewLayer | Synchronizing object | G3_glazing_compression_gasket.116
Fra:451 Mem:701.62M (Peak 852.49M) | Time:00:02.59 | Mem:0.00M, Peak:0.00M | Scene, ViewLayer | Synchronizing object | G3_glazing_compression_gasket.117
Fra:451 Mem:701.62M (Peak 852.49M) | Time:00:02.59 | Mem:0.00M, Peak:0.00M | Scene, ViewLayer | Synchronizing object | G3_glazing_compression_gasket.118
Fra:451 Mem:701.63M (Peak 852.49M) | Time:00:02.59 | Mem:0.00M, Peak:0.00M | Scene, ViewLayer | Synchronizing object | G3_glazing_compression_gasket.119
Fra:451 Mem:701.63M (Peak 852.49M) | Time:00:02.59 | Mem:0.00M, Peak:0.00M | Scene, ViewLayer | Synchronizing object | G3_glazing_compression_gasket.120
Fra:451 Mem:701.63M (Peak 852.49M) | Time:00:02.59 | Mem:0.00M, Peak:0.00M | Scene, ViewLayer | Synchronizing object | G3_glazing_compression_gasket.121
Fra:451 Mem:701.63M (Peak 852.49M) | Time:00:02.59 | Mem:0.00M, Peak:0.00M | Scene, ViewLayer | Synchronizing object | G3_glazing_compression_gasket.122
Fra:451 Mem:701.63M (Peak 852.49M) | Time:00:02.59 | Mem:0.00M, Peak:0.00M | Scene, ViewLayer | Synchronizing object | G3_glazing_compression_gasket.123
Fra:451 Mem:701.64M (Peak 852.49M) | Time:00:02.59 | Mem:0.00M, Peak:0.00M | Scene, ViewLayer | Synchronizing object | G3_glazing_compression_gasket.124
Fra:451 Mem:701.64M (Peak 852.49M) | Time:00:02.59 | Mem:0.00M, Peak:0.00M | Scene, ViewLayer | Synchronizing object | G3_glazing_compression_gasket.125
Fra:451 Mem:701.64M (Peak 852.49M) | Time:00:02.59 | Mem:0.00M, Peak:0.00M | Scene, ViewLayer | Synchronizing object | G3_glazing_compression_gasket.126
Fra:451 Mem:701.64M (Peak 852.49M) | Time:00:02.59 | Mem:0.00M, Peak:0.00M | Scene, ViewLayer | Synchronizing object | G3_glazing_compression_gasket.127
Fra:451 Mem:701.64M (Peak 852.49M) | Time:00:02.59 | Mem:0.00M, Peak:0.00M | Scene, ViewLayer | Synchronizing object | G3_glazing_compression_gasket.128
Fra:451 Mem:701.65M (Peak 852.49M) | Time:00:02.59 | Mem:0.00M, Peak:0.00M | Scene, ViewLayer | Synchronizing object | G3_glazing_compression_gasket.129
Fra:451 Mem:701.65M (Peak 852.49M) | Time:00:02.59 | Mem:0.00M, Peak:0.00M | Scene, ViewLayer | Synchronizing object | G3_glazing_compression_gasket.130
Fra:451 Mem:701.65M (Peak 852.49M) | Time:00:02.59 | Mem:0.00M, Peak:0.00M | Scene, ViewLayer | Synchronizing object | G3_glazing_compression_gasket.131
Fra:451 Mem:701.65M (Peak 852.49M) | Time:00:02.59 | Mem:0.00M, Peak:0.00M | Scene, ViewLayer | Synchronizing object | G3_glazing_compression_gasket.132
Fra:451 Mem:701.66M (Peak 852.49M) | Time:00:02.59 | Mem:0.00M, Peak:0.00M | Scene, ViewLayer | Synchronizing object | G3_glazing_compression_gasket.133
Fra:451 Mem:701.66M (Peak 852.49M) | Time:00:02.59 | Mem:0.00M, Peak:0.00M | Scene, ViewLayer | Synchronizing object | G3_glazing_compression_gasket.134
Fra:451 Mem:701.66M (Peak 852.49M) | Time:00:02.59 | Mem:0.00M, Peak:0.00M | Scene, ViewLayer | Synchronizing object | G3_glazing_compression_gasket.135
Fra:451 Mem:701.66M (Peak 852.49M) | Time:00:02.59 | Mem:0.00M, Peak:0.00M | Scene, ViewLayer | Synchronizing object | G3_glazing_compression_gasket.136
Fra:451 Mem:701.66M (Peak 852.49M) | Time:00:02.59 | Mem:0.00M, Peak:0.00M | Scene, ViewLayer | Synchronizing object | G3_glazing_compression_gasket.137
Fra:451 Mem:701.67M (Peak 852.49M) | Time:00:02.59 | Mem:0.00M, Peak:0.00M | Scene, ViewLayer | Synchronizing object | G3_glazing_compression_gasket.138
Fra:451 Mem:701.67M (Peak 852.49M) | Time:00:02.59 | Mem:0.00M, Peak:0.00M | Scene, ViewLayer | Synchronizing object | G3_glazing_compression_gasket.139
Fra:451 Mem:701.67M (Peak 852.49M) | Time:00:02.59 | Mem:0.00M, Peak:0.00M | Scene, ViewLayer | Synchronizing object | G3_glazing_compression_gasket.140
Fra:451 Mem:701.67M (Peak 852.49M) | Time:00:02.59 | Mem:0.00M, Peak:0.00M | Scene, ViewLayer | Synchronizing object | G3_glazing_compression_gasket.141
Fra:451 Mem:701.67M (Peak 852.49M) | Time:00:02.59 | Mem:0.00M, Peak:0.00M | Scene, ViewLayer | Synchronizing object | G3_glazing_compression_gasket.142
Fra:451 Mem:701.68M (Peak 852.49M) | Time:00:02.59 | Mem:0.00M, Peak:0.00M | Scene, ViewLayer | Synchronizing object | G3_glazing_compression_gasket.143
Fra:451 Mem:701.68M (Peak 852.49M) | Time:00:02.59 | Mem:0.00M, Peak:0.00M | Scene, ViewLayer | Synchronizing object | G3_glazing_compression_gasket.144
Fra:451 Mem:701.68M (Peak 852.49M) | Time:00:02.59 | Mem:0.00M, Peak:0.00M | Scene, ViewLayer | Synchronizing object | G3_glazing_compression_gasket.145
Fra:451 Mem:701.68M (Peak 852.49M) | Time:00:02.59 | Mem:0.00M, Peak:0.00M | Scene, ViewLayer | Synchronizing object | G3_glazing_compression_gasket.146
Fra:451 Mem:701.68M (Peak 852.49M) | Time:00:02.59 | Mem:0.00M, Peak:0.00M | Scene, ViewLayer | Synchronizing object | G3_glazing_compression_gasket.147
Fra:451 Mem:701.69M (Peak 852.49M) | Time:00:02.59 | Mem:0.00M, Peak:0.00M | Scene, ViewLayer | Synchronizing object | G3_glazing_compression_gasket.148
Fra:451 Mem:701.69M (Peak 852.49M) | Time:00:02.59 | Mem:0.00M, Peak:0.00M | Scene, ViewLayer | Synchronizing object | G3_glazing_compression_gasket.149
Fra:451 Mem:701.69M (Peak 852.49M) | Time:00:02.59 | Mem:0.00M, Peak:0.00M | Scene, ViewLayer | Synchronizing object | G3_glazing_compression_gasket.150
Fra:451 Mem:701.69M (Peak 852.49M) | Time:00:02.59 | Mem:0.00M, Peak:0.00M | Scene, ViewLayer | Synchronizing object | G3_glazing_compression_gasket.151
Fra:451 Mem:701.70M (Peak 852.49M) | Time:00:02.59 | Mem:0.00M, Peak:0.00M | Scene, ViewLayer | Synchronizing object | G3_glazing_compression_gasket.152
Fra:451 Mem:701.70M (Peak 852.49M) | Time:00:02.59 | Mem:0.00M, Peak:0.00M | Scene, ViewLayer | Synchronizing object | G3_glazing_compression_gasket.153
Fra:451 Mem:701.70M (Peak 852.49M) | Time:00:02.59 | Mem:0.00M, Peak:0.00M | Scene, ViewLayer | Synchronizing object | G3_glazing_compression_gasket.154
Fra:451 Mem:701.70M (Peak 852.49M) | Time:00:02.59 | Mem:0.00M, Peak:0.00M | Scene, ViewLayer | Synchronizing object | G3_glazing_compression_gasket.155
Fra:451 Mem:701.70M (Peak 852.49M) | Time:00:02.59 | Mem:0.00M, Peak:0.00M | Scene, ViewLayer | Synchronizing object | G3_glazing_compression_gasket.156
Fra:451 Mem:701.71M (Peak 852.49M) | Time:00:02.59 | Mem:0.00M, Peak:0.00M | Scene, ViewLayer | Synchronizing object | G3_glazing_compression_gasket.157
Fra:451 Mem:701.71M (Peak 852.49M) | Time:00:02.59 | Mem:0.00M, Peak:0.00M | Scene, ViewLayer | Synchronizing object | G3_glazing_compression_gasket.158
Fra:451 Mem:701.71M (Peak 852.49M) | Time:00:02.59 | Mem:0.00M, Peak:0.00M | Scene, ViewLayer | Synchronizing object | G3_glazing_compression_gasket.159
Fra:451 Mem:701.71M (Peak 852.49M) | Time:00:02.59 | Mem:0.00M, Peak:0.00M | Scene, ViewLayer | Synchronizing object | G3_glazing_compression_gasket.160
Fra:451 Mem:701.71M (Peak 852.49M) | Time:00:02.59 | Mem:0.00M, Peak:0.00M | Scene, ViewLayer | Synchronizing object | G3_glazing_compression_gasket.161
Fra:451 Mem:701.72M (Peak 852.49M) | Time:00:02.59 | Mem:0.00M, Peak:0.00M | Scene, ViewLayer | Synchronizing object | G3_glazing_compression_gasket.162
Fra:451 Mem:701.72M (Peak 852.49M) | Time:00:02.59 | Mem:0.00M, Peak:0.00M | Scene, ViewLayer | Synchronizing object | G3_glazing_compression_gasket.163
Fra:451 Mem:701.72M (Peak 852.49M) | Time:00:02.59 | Mem:0.00M, Peak:0.00M | Scene, ViewLayer | Synchronizing object | G3_glazing_compression_gasket.164
Fra:451 Mem:701.72M (Peak 852.49M) | Time:00:02.59 | Mem:0.00M, Peak:0.00M | Scene, ViewLayer | Synchronizing object | G3_glazing_compression_gasket.165
Fra:451 Mem:701.72M (Peak 852.49M) | Time:00:02.59 | Mem:0.00M, Peak:0.00M | Scene, ViewLayer | Synchronizing object | G3_glazing_compression_gasket.166
Fra:451 Mem:701.73M (Peak 852.49M) | Time:00:02.59 | Mem:0.00M, Peak:0.00M | Scene, ViewLayer | Synchronizing object | G3_glazing_compression_gasket.167
Fra:451 Mem:701.73M (Peak 852.49M) | Time:00:02.59 | Mem:0.00M, Peak:0.00M | Scene, ViewLayer | Synchronizing object | G3_glazing_compression_gasket.168
Fra:451 Mem:701.73M (Peak 852.49M) | Time:00:02.59 | Mem:0.00M, Peak:0.00M | Scene, ViewLayer | Synchronizing object | G3_glazing_compression_gasket.169
Fra:451 Mem:701.73M (Peak 852.49M) | Time:00:02.59 | Mem:0.00M, Peak:0.00M | Scene, ViewLayer | Synchronizing object | G3_glazing_compression_gasket.170
Fra:451 Mem:701.74M (Peak 852.49M) | Time:00:02.59 | Mem:0.00M, Peak:0.00M | Scene, ViewLayer | Synchronizing object | G3_glazing_compression_gasket.171
Fra:451 Mem:701.74M (Peak 852.49M) | Time:00:02.59 | Mem:0.00M, Peak:0.00M | Scene, ViewLayer | Synchronizing object | G3_glazing_compression_gasket.172
Fra:451 Mem:701.74M (Peak 852.49M) | Time:00:02.59 | Mem:0.00M, Peak:0.00M | Scene, ViewLayer | Synchronizing object | G3_glazing_compression_gasket.173
Fra:451 Mem:701.74M (Peak 852.49M) | Time:00:02.59 | Mem:0.00M, Peak:0.00M | Scene, ViewLayer | Synchronizing object | G3_glazing_compression_gasket.174
Fra:451 Mem:701.74M (Peak 852.49M) | Time:00:02.59 | Mem:0.00M, Peak:0.00M | Scene, ViewLayer | Synchronizing object | G3_glazing_compression_gasket.175
Fra:451 Mem:701.75M (Peak 852.49M) | Time:00:02.59 | Mem:0.00M, Peak:0.00M | Scene, ViewLayer | Synchronizing object | G3_glazing_compression_gasket.176
Fra:451 Mem:701.75M (Peak 852.49M) | Time:00:02.59 | Mem:0.00M, Peak:0.00M | Scene, ViewLayer | Synchronizing object | G3_glazing_compression_gasket.177
Fra:451 Mem:701.75M (Peak 852.49M) | Time:00:02.59 | Mem:0.00M, Peak:0.00M | Scene, ViewLayer | Synchronizing object | G3_glazing_compression_gasket.178
Fra:451 Mem:701.76M (Peak 852.49M) | Time:00:02.59 | Mem:0.00M, Peak:0.00M | Scene, ViewLayer | Synchronizing object | G3_glazing_compression_gasket.179
Fra:451 Mem:701.76M (Peak 852.49M) | Time:00:02.59 | Mem:0.00M, Peak:0.00M | Scene, ViewLayer | Synchronizing object | G3_glazing_compression_gasket.180
Fra:451 Mem:701.76M (Peak 852.49M) | Time:00:02.59 | Mem:0.00M, Peak:0.00M | Scene, ViewLayer | Synchronizing object | G3_glazing_compression_gasket.181
Fra:451 Mem:701.76M (Peak 852.49M) | Time:00:02.59 | Mem:0.00M, Peak:0.00M | Scene, ViewLayer | Synchronizing object | G3_glazing_compression_gasket.182
Fra:451 Mem:701.76M (Peak 852.49M) | Time:00:02.59 | Mem:0.00M, Peak:0.00M | Scene, ViewLayer | Synchronizing object | G3_glazing_compression_gasket.183
Fra:451 Mem:701.77M (Peak 852.49M) | Time:00:02.59 | Mem:0.00M, Peak:0.00M | Scene, ViewLayer | Synchronizing object | G3_glazing_compression_gasket.184
Fra:451 Mem:701.77M (Peak 852.49M) | Time:00:02.59 | Mem:0.00M, Peak:0.00M | Scene, ViewLayer | Synchronizing object | G3_glazing_compression_gasket.185
Fra:451 Mem:701.77M (Peak 852.49M) | Time:00:02.59 | Mem:0.00M, Peak:0.00M | Scene, ViewLayer | Synchronizing object | G3_glazing_compression_gasket.186
Fra:451 Mem:701.77M (Peak 852.49M) | Time:00:02.59 | Mem:0.00M, Peak:0.00M | Scene, ViewLayer | Synchronizing object | G3_glazing_compression_gasket.187
Fra:451 Mem:701.77M (Peak 852.49M) | Time:00:02.59 | Mem:0.00M, Peak:0.00M | Scene, ViewLayer | Synchronizing object | G3_glazing_compression_gasket.188
Fra:451 Mem:701.78M (Peak 852.49M) | Time:00:02.59 | Mem:0.00M, Peak:0.00M | Scene, ViewLayer | Synchronizing object | G3_glazing_compression_gasket.189
Fra:451 Mem:701.78M (Peak 852.49M) | Time:00:02.59 | Mem:0.00M, Peak:0.00M | Scene, ViewLayer | Synchronizing object | G3_glazing_compression_gasket.190
Fra:451 Mem:701.78M (Peak 852.49M) | Time:00:02.59 | Mem:0.00M, Peak:0.00M | Scene, ViewLayer | Synchronizing object | G3_glazing_compression_gasket.191
Fra:451 Mem:701.78M (Peak 852.49M) | Time:00:02.59 | Mem:0.00M, Peak:0.00M | Scene, ViewLayer | Synchronizing object | G3_glazing_compression_gasket.192
Fra:451 Mem:701.78M (Peak 852.49M) | Time:00:02.59 | Mem:0.00M, Peak:0.00M | Scene, ViewLayer | Synchronizing object | G3_glazing_compression_gasket.193
Fra:451 Mem:701.79M (Peak 852.49M) | Time:00:02.59 | Mem:0.00M, Peak:0.00M | Scene, ViewLayer | Synchronizing object | G3_glazing_compression_gasket.194
Fra:451 Mem:701.79M (Peak 852.49M) | Time:00:02.59 | Mem:0.00M, Peak:0.00M | Scene, ViewLayer | Synchronizing object | G3_glazing_compression_gasket.195
Fra:451 Mem:701.79M (Peak 852.49M) | Time:00:02.59 | Mem:0.00M, Peak:0.00M | Scene, ViewLayer | Synchronizing object | G3_glazing_compression_gasket.196
Fra:451 Mem:703.39M (Peak 852.49M) | Time:00:02.59 | Mem:0.00M, Peak:0.00M | Scene, ViewLayer | Synchronizing object | G3_glazing_compression_gasket.197
Fra:451 Mem:703.39M (Peak 852.49M) | Time:00:02.59 | Mem:0.00M, Peak:0.00M | Scene, ViewLayer | Synchronizing object | G3_glazing_compression_gasket.198
Fra:451 Mem:703.39M (Peak 852.49M) | Time:00:02.59 | Mem:0.00M, Peak:0.00M | Scene, ViewLayer | Synchronizing object | G3_glazing_compression_gasket.199
Fra:451 Mem:703.40M (Peak 852.49M) | Time:00:02.59 | Mem:0.00M, Peak:0.00M | Scene, ViewLayer | Synchronizing object | G3_glazing_compression_gasket.200
Fra:451 Mem:703.40M (Peak 852.49M) | Time:00:02.59 | Mem:0.00M, Peak:0.00M | Scene, ViewLayer | Synchronizing object | G3_glazing_compression_gasket.201
Fra:451 Mem:703.40M (Peak 852.49M) | Time:00:02.59 | Mem:0.00M, Peak:0.00M | Scene, ViewLayer | Synchronizing object | G3_glazing_compression_gasket.202
Fra:451 Mem:703.40M (Peak 852.49M) | Time:00:02.59 | Mem:0.00M, Peak:0.00M | Scene, ViewLayer | Synchronizing object | G3_glazing_compression_gasket.203
Fra:451 Mem:703.40M (Peak 852.49M) | Time:00:02.59 | Mem:0.00M, Peak:0.00M | Scene, ViewLayer | Synchronizing object | G3_glazing_compression_gasket.204
Fra:451 Mem:703.41M (Peak 852.49M) | Time:00:02.59 | Mem:0.00M, Peak:0.00M | Scene, ViewLayer | Synchronizing object | G3_glazing_compression_gasket.205
Fra:451 Mem:703.41M (Peak 852.49M) | Time:00:02.59 | Mem:0.00M, Peak:0.00M | Scene, ViewLayer | Synchronizing object | G3_glazing_compression_gasket.206
Fra:451 Mem:703.41M (Peak 852.49M) | Time:00:02.59 | Mem:0.00M, Peak:0.00M | Scene, ViewLayer | Synchronizing object | G3_glazing_compression_gasket.207
Fra:451 Mem:703.41M (Peak 852.49M) | Time:00:02.59 | Mem:0.00M, Peak:0.00M | Scene, ViewLayer | Synchronizing object | G3_glazing_compression_gasket.208
Fra:451 Mem:703.41M (Peak 852.49M) | Time:00:02.59 | Mem:0.00M, Peak:0.00M | Scene, ViewLayer | Synchronizing object | G3_glazing_compression_gasket.209
Fra:451 Mem:703.42M (Peak 852.49M) | Time:00:02.59 | Mem:0.00M, Peak:0.00M | Scene, ViewLayer | Synchronizing object | G3_glazing_compression_gasket.210
Fra:451 Mem:703.42M (Peak 852.49M) | Time:00:02.59 | Mem:0.00M, Peak:0.00M | Scene, ViewLayer | Synchronizing object | G3_glazing_compression_gasket.211
Fra:451 Mem:703.42M (Peak 852.49M) | Time:00:02.59 | Mem:0.00M, Peak:0.00M | Scene, ViewLayer | Synchronizing object | G3_glazing_compression_gasket.212
Fra:451 Mem:703.43M (Peak 852.49M) | Time:00:02.59 | Mem:0.00M, Peak:0.00M | Scene, ViewLayer | Synchronizing object | G3_glazing_compression_gasket.213
Fra:451 Mem:703.43M (Peak 852.49M) | Time:00:02.59 | Mem:0.00M, Peak:0.00M | Scene, ViewLayer | Synchronizing object | G3_glazing_compression_gasket.214
Fra:451 Mem:703.43M (Peak 852.49M) | Time:00:02.59 | Mem:0.00M, Peak:0.00M | Scene, ViewLayer | Synchronizing object | G3_glazing_compression_gasket.215
Fra:451 Mem:703.43M (Peak 852.49M) | Time:00:02.59 | Mem:0.00M, Peak:0.00M | Scene, ViewLayer | Synchronizing object | G3_glazing_compression_gasket.216
Fra:451 Mem:703.43M (Peak 852.49M) | Time:00:02.59 | Mem:0.00M, Peak:0.00M | Scene, ViewLayer | Synchronizing object | G3_glazing_compression_gasket.217
Fra:451 Mem:703.44M (Peak 852.49M) | Time:00:02.59 | Mem:0.00M, Peak:0.00M | Scene, ViewLayer | Synchronizing object | G3_glazing_compression_gasket.218
Fra:451 Mem:703.44M (Peak 852.49M) | Time:00:02.59 | Mem:0.00M, Peak:0.00M | Scene, ViewLayer | Synchronizing object | G3_glazing_compression_gasket.219
Fra:451 Mem:703.44M (Peak 852.49M) | Time:00:02.59 | Mem:0.00M, Peak:0.00M | Scene, ViewLayer | Synchronizing object | G3_glazing_compression_gasket.220
Fra:451 Mem:703.44M (Peak 852.49M) | Time:00:02.59 | Mem:0.00M, Peak:0.00M | Scene, ViewLayer | Synchronizing object | G3_glazing_compression_gasket.221
Fra:451 Mem:703.44M (Peak 852.49M) | Time:00:02.59 | Mem:0.00M, Peak:0.00M | Scene, ViewLayer | Synchronizing object | G3_glazing_compression_gasket.222
Fra:451 Mem:703.45M (Peak 852.49M) | Time:00:02.59 | Mem:0.00M, Peak:0.00M | Scene, ViewLayer | Synchronizing object | G3_glazing_compression_gasket.223
Fra:451 Mem:703.45M (Peak 852.49M) | Time:00:02.59 | Mem:0.00M, Peak:0.00M | Scene, ViewLayer | Synchronizing object | G3_glazing_compression_gasket.224
Fra:451 Mem:703.45M (Peak 852.49M) | Time:00:02.59 | Mem:0.00M, Peak:0.00M | Scene, ViewLayer | Synchronizing object | G3_glazing_compression_gasket.225
Fra:451 Mem:703.46M (Peak 852.49M) | Time:00:02.59 | Mem:0.00M, Peak:0.00M | Scene, ViewLayer | Synchronizing object | G3_glazing_compression_gasket.226
Fra:451 Mem:703.46M (Peak 852.49M) | Time:00:02.59 | Mem:0.00M, Peak:0.00M | Scene, ViewLayer | Synchronizing object | G3_glazing_compression_gasket.227
Fra:451 Mem:703.46M (Peak 852.49M) | Time:00:02.59 | Mem:0.00M, Peak:0.00M | Scene, ViewLayer | Synchronizing object | G3_glazing_compression_gasket.228
Fra:451 Mem:703.46M (Peak 852.49M) | Time:00:02.59 | Mem:0.00M, Peak:0.00M | Scene, ViewLayer | Synchronizing object | G3_glazing_compression_gasket.229
Fra:451 Mem:703.46M (Peak 852.49M) | Time:00:02.59 | Mem:0.00M, Peak:0.00M | Scene, ViewLayer | Synchronizing object | G3_glazing_compression_gasket.230
Fra:451 Mem:703.47M (Peak 852.49M) | Time:00:02.59 | Mem:0.00M, Peak:0.00M | Scene, ViewLayer | Synchronizing object | G3_glazing_compression_gasket.231
Fra:451 Mem:703.47M (Peak 852.49M) | Time:00:02.59 | Mem:0.00M, Peak:0.00M | Scene, ViewLayer | Synchronizing object | G3_glazing_compression_gasket.232
Fra:451 Mem:703.47M (Peak 852.49M) | Time:00:02.59 | Mem:0.00M, Peak:0.00M | Scene, ViewLayer | Synchronizing object | G3_glazing_compression_gasket.233
Fra:451 Mem:703.47M (Peak 852.49M) | Time:00:02.59 | Mem:0.00M, Peak:0.00M | Scene, ViewLayer | Synchronizing object | G3_glazing_compression_gasket.234
Fra:451 Mem:703.48M (Peak 852.49M) | Time:00:02.59 | Mem:0.00M, Peak:0.00M | Scene, ViewLayer | Synchronizing object | G3_glazing_compression_gasket.235
Fra:451 Mem:703.48M (Peak 852.49M) | Time:00:02.59 | Mem:0.00M, Peak:0.00M | Scene, ViewLayer | Synchronizing object | G3_glazing_compression_gasket.236
Fra:451 Mem:703.48M (Peak 852.49M) | Time:00:02.59 | Mem:0.00M, Peak:0.00M | Scene, ViewLayer | Synchronizing object | G3_glazing_compression_gasket.237
Fra:451 Mem:703.48M (Peak 852.49M) | Time:00:02.59 | Mem:0.00M, Peak:0.00M | Scene, ViewLayer | Synchronizing object | G3_glazing_compression_gasket.238
Fra:451 Mem:703.48M (Peak 852.49M) | Time:00:02.59 | Mem:0.00M, Peak:0.00M | Scene, ViewLayer | Synchronizing object | G3_glazing_compression_gasket.239
Fra:451 Mem:703.49M (Peak 852.49M) | Time:00:02.59 | Mem:0.00M, Peak:0.00M | Scene, ViewLayer | Synchronizing object | G3_glazing_compression_gasket.240
Fra:451 Mem:703.49M (Peak 852.49M) | Time:00:02.59 | Mem:0.00M, Peak:0.00M | Scene, ViewLayer | Synchronizing object | G3_glazing_compression_gasket.241
Fra:451 Mem:703.49M (Peak 852.49M) | Time:00:02.59 | Mem:0.00M, Peak:0.00M | Scene, ViewLayer | Synchronizing object | G3_glazing_compression_gasket.242
Fra:451 Mem:703.49M (Peak 852.49M) | Time:00:02.59 | Mem:0.00M, Peak:0.00M | Scene, ViewLayer | Synchronizing object | G3_glazing_compression_gasket.243
Fra:451 Mem:703.49M (Peak 852.49M) | Time:00:02.59 | Mem:0.00M, Peak:0.00M | Scene, ViewLayer | Synchronizing object | G3_glazing_compression_gasket.244
Fra:451 Mem:703.50M (Peak 852.49M) | Time:00:02.59 | Mem:0.00M, Peak:0.00M | Scene, ViewLayer | Synchronizing object | G3_glazing_compression_gasket.245
Fra:451 Mem:703.50M (Peak 852.49M) | Time:00:02.59 | Mem:0.00M, Peak:0.00M | Scene, ViewLayer | Synchronizing object | G3_glazing_compression_gasket.246
Fra:451 Mem:703.50M (Peak 852.49M) | Time:00:02.59 | Mem:0.00M, Peak:0.00M | Scene, ViewLayer | Synchronizing object | G3_glazing_compression_gasket.247
Fra:451 Mem:704.38M (Peak 852.49M) | Time:00:02.59 | Mem:0.00M, Peak:0.00M | Scene, ViewLayer | Synchronizing object | G3_glazing_compression_gasket.248
Fra:451 Mem:704.38M (Peak 852.49M) | Time:00:02.59 | Mem:0.00M, Peak:0.00M | Scene, ViewLayer | Synchronizing object | G3_glazing_compression_gasket.249
Fra:451 Mem:704.38M (Peak 852.49M) | Time:00:02.59 | Mem:0.00M, Peak:0.00M | Scene, ViewLayer | Synchronizing object | G3_glazing_compression_gasket.250
Fra:451 Mem:704.38M (Peak 852.49M) | Time:00:02.59 | Mem:0.00M, Peak:0.00M | Scene, ViewLayer | Synchronizing object | G3_glazing_compression_gasket.251
Fra:451 Mem:704.39M (Peak 852.49M) | Time:00:02.59 | Mem:0.00M, Peak:0.00M | Scene, ViewLayer | Synchronizing object | G3_glazing_compression_gasket.252
Fra:451 Mem:704.39M (Peak 852.49M) | Time:00:02.59 | Mem:0.00M, Peak:0.00M | Scene, ViewLayer | Synchronizing object | G3_glazing_compression_gasket.253
Fra:451 Mem:704.39M (Peak 852.49M) | Time:00:02.59 | Mem:0.00M, Peak:0.00M | Scene, ViewLayer | Synchronizing object | G3_glazing_compression_gasket.254
Fra:451 Mem:704.39M (Peak 852.49M) | Time:00:02.59 | Mem:0.00M, Peak:0.00M | Scene, ViewLayer | Synchronizing object | G3_glazing_compression_gasket.255
Fra:451 Mem:704.39M (Peak 852.49M) | Time:00:02.59 | Mem:0.00M, Peak:0.00M | Scene, ViewLayer | Synchronizing object | G3_glazing_compression_gasket.256
Fra:451 Mem:704.40M (Peak 852.49M) | Time:00:02.59 | Mem:0.00M, Peak:0.00M | Scene, ViewLayer | Synchronizing object | G3_glazing_compression_gasket.257
Fra:451 Mem:704.40M (Peak 852.49M) | Time:00:02.59 | Mem:0.00M, Peak:0.00M | Scene, ViewLayer | Synchronizing object | G3_glazing_compression_gasket.258
Fra:451 Mem:704.40M (Peak 852.49M) | Time:00:02.59 | Mem:0.00M, Peak:0.00M | Scene, ViewLayer | Synchronizing object | G3_glazing_compression_gasket.259
Fra:451 Mem:704.41M (Peak 852.49M) | Time:00:02.59 | Mem:0.00M, Peak:0.00M | Scene, ViewLayer | Synchronizing object | G3_glazing_compression_gasket.260
Fra:451 Mem:704.41M (Peak 852.49M) | Time:00:02.59 | Mem:0.00M, Peak:0.00M | Scene, ViewLayer | Synchronizing object | G3_glazing_compression_gasket.261
Fra:451 Mem:704.41M (Peak 852.49M) | Time:00:02.59 | Mem:0.00M, Peak:0.00M | Scene, ViewLayer | Synchronizing object | G3_glazing_compression_gasket.262
Fra:451 Mem:704.41M (Peak 852.49M) | Time:00:02.59 | Mem:0.00M, Peak:0.00M | Scene, ViewLayer | Synchronizing object | G3_glazing_compression_gasket.263
Fra:451 Mem:704.42M (Peak 852.49M) | Time:00:02.59 | Mem:0.00M, Peak:0.00M | Scene, ViewLayer | Synchronizing object | G3_glazing_compression_gasket.264
Fra:451 Mem:704.42M (Peak 852.49M) | Time:00:02.59 | Mem:0.00M, Peak:0.00M | Scene, ViewLayer | Synchronizing object | G3_glazing_compression_gasket.265
Fra:451 Mem:704.42M (Peak 852.49M) | Time:00:02.59 | Mem:0.00M, Peak:0.00M | Scene, ViewLayer | Synchronizing object | G3_glazing_compression_gasket.266
Fra:451 Mem:704.42M (Peak 852.49M) | Time:00:02.59 | Mem:0.00M, Peak:0.00M | Scene, ViewLayer | Synchronizing object | G3_glazing_compression_gasket.267
Fra:451 Mem:704.43M (Peak 852.49M) | Time:00:02.59 | Mem:0.00M, Peak:0.00M | Scene, ViewLayer | Synchronizing object | G3_glazing_compression_gasket.268
Fra:451 Mem:704.43M (Peak 852.49M) | Time:00:02.59 | Mem:0.00M, Peak:0.00M | Scene, ViewLayer | Synchronizing object | G3_glazing_compression_gasket.269
Fra:451 Mem:704.43M (Peak 852.49M) | Time:00:02.59 | Mem:0.00M, Peak:0.00M | Scene, ViewLayer | Synchronizing object | G3_glazing_compression_gasket.270
Fra:451 Mem:704.44M (Peak 852.49M) | Time:00:02.59 | Mem:0.00M, Peak:0.00M | Scene, ViewLayer | Synchronizing object | G3_glazing_compression_gasket.271
Fra:451 Mem:704.45M (Peak 852.49M) | Time:00:02.59 | Mem:0.00M, Peak:0.00M | Scene, ViewLayer | Synchronizing object | G3_hall_pull_handle
Fra:451 Mem:704.45M (Peak 852.49M) | Time:00:02.59 | Mem:0.00M, Peak:0.00M | Scene, ViewLayer | Synchronizing object | G3_hall_pull_handle.001
Fra:451 Mem:704.47M (Peak 852.49M) | Time:00:02.60 | Mem:0.00M, Peak:0.00M | Scene, ViewLayer | Synchronizing object | G3_carved_pedestal_foot
Fra:451 Mem:704.51M (Peak 852.49M) | Time:00:02.60 | Mem:0.00M, Peak:0.00M | Scene, ViewLayer | Synchronizing object | G3_carved_pedestal_foot.001
Fra:451 Mem:704.51M (Peak 852.49M) | Time:00:02.60 | Mem:0.00M, Peak:0.00M | Scene, ViewLayer | Synchronizing object | G3_carved_pedestal_foot.002
Fra:451 Mem:704.53M (Peak 852.49M) | Time:00:02.60 | Mem:0.00M, Peak:0.00M | Scene, ViewLayer | Synchronizing object | G3_cup_handle
Fra:451 Mem:704.56M (Peak 852.49M) | Time:00:02.60 | Mem:0.00M, Peak:0.00M | Scene, ViewLayer | Synchronizing object | G3_door_jamb_gasket
Fra:451 Mem:704.56M (Peak 852.49M) | Time:00:02.60 | Mem:0.00M, Peak:0.00M | Scene, ViewLayer | Synchronizing object | G3_door_jamb_gasket.001
Fra:451 Mem:704.57M (Peak 852.49M) | Time:00:02.60 | Mem:0.00M, Peak:0.00M | Scene, ViewLayer | Synchronizing object | G3_slide_guide_rail
Fra:451 Mem:704.57M (Peak 852.49M) | Time:00:02.60 | Mem:0.00M, Peak:0.00M | Scene, ViewLayer | Synchronizing object | G3_slide_guide_rail.001
Fra:451 Mem:704.61M (Peak 852.49M) | Time:00:02.60 | Mem:0.00M, Peak:0.00M | Scene, ViewLayer | Synchronizing object | G3R04_sconce_bracket
Fra:451 Mem:704.61M (Peak 852.49M) | Time:00:02.60 | Mem:0.00M, Peak:0.00M | Scene, ViewLayer | Synchronizing object | G3R04_sconce_bracket.001
Fra:451 Mem:704.63M (Peak 852.49M) | Time:00:02.60 | Mem:0.00M, Peak:0.00M | Scene, ViewLayer | Synchronizing object | G4_full_pane_perimeter_seals
Fra:451 Mem:705.22M (Peak 852.49M) | Time:00:02.60 | Mem:0.00M, Peak:0.00M | Scene, ViewLayer | Synchronizing object | Viaduct_pier.011
Fra:451 Mem:706.87M (Peak 852.49M) | Time:00:02.60 | Mem:0.00M, Peak:0.00M | Scene, ViewLayer | Synchronizing object | Viaduct_bedrock_footing.005
Fra:451 Mem:725.26M (Peak 852.49M) | Time:00:02.61 | Mem:0.00M, Peak:0.00M | Scene, ViewLayer | Synchronizing object | G4_sconce_G3R04_sconce_bracket
Fra:451 Mem:725.27M (Peak 852.49M) | Time:00:02.61 | Mem:0.00M, Peak:0.00M | Scene, ViewLayer | Synchronizing object | G4_sconce_G3R04_sconce_bracket.001
Fra:451 Mem:725.28M (Peak 852.49M) | Time:00:02.61 | Mem:0.00M, Peak:0.00M | Scene, ViewLayer | Synchronizing object | G4_sconce_G3R04_sconce_bracket.002
Fra:451 Mem:725.30M (Peak 852.49M) | Time:00:02.61 | Mem:0.00M, Peak:0.00M | Scene, ViewLayer | Synchronizing object | Viaduct_bedrock_footing.011
Fra:451 Mem:725.30M (Peak 852.49M) | Time:00:02.61 | Mem:0.00M, Peak:0.00M | Scene, ViewLayer | Synchronizing object | G4_sconce_G3R04_sconce_bracket.003
Fra:451 Mem:725.33M (Peak 852.49M) | Time:00:02.61 | Mem:0.00M, Peak:0.00M | Scene, ViewLayer | Synchronizing object | G4_sconce_G3R04_sconce_bracket.004
Fra:451 Mem:725.34M (Peak 852.49M) | Time:00:02.61 | Mem:0.00M, Peak:0.00M | Scene, ViewLayer | Synchronizing object | G4_sconce_G3R04_sconce_bracket.005
Fra:451 Mem:725.36M (Peak 852.49M) | Time:00:02.61 | Mem:0.00M, Peak:0.00M | Scene, ViewLayer | Synchronizing object | G4_sconce_G3R04_sconce_bracket.006
Fra:451 Mem:725.37M (Peak 852.49M) | Time:00:02.61 | Mem:0.00M, Peak:0.00M | Scene, ViewLayer | Synchronizing object | G4_sconce_G3R04_sconce_bracket.007
Fra:451 Mem:725.38M (Peak 852.49M) | Time:00:02.61 | Mem:0.00M, Peak:0.00M | Scene, ViewLayer | Synchronizing object | G4_sconce_G3R04_sconce_bracket.008
Fra:451 Mem:725.39M (Peak 852.49M) | Time:00:02.61 | Mem:0.00M, Peak:0.00M | Scene, ViewLayer | Synchronizing object | G4_sconce_G3R04_sconce_bracket.009
Fra:451 Mem:725.40M (Peak 852.49M) | Time:00:02.61 | Mem:0.00M, Peak:0.00M | Scene, ViewLayer | Synchronizing object | Viaduct_bedrock_footing
Fra:451 Mem:725.45M (Peak 852.49M) | Time:00:02.61 | Mem:0.00M, Peak:0.00M | Scene, ViewLayer | Synchronizing object | G4_sconce_G3R04_sconce_bracket.010
Fra:451 Mem:725.44M (Peak 852.49M) | Time:00:02.61 | Mem:0.00M, Peak:0.00M | Scene, ViewLayer | Synchronizing object | G4_sconce_G3R04_sconce_bracket.011
Fra:451 Mem:725.45M (Peak 852.49M) | Time:00:02.61 | Mem:0.00M, Peak:0.00M | Scene, ViewLayer | Synchronizing object | G4_sconce_G3R04_sconce_bracket.012
Fra:451 Mem:725.46M (Peak 852.49M) | Time:00:02.61 | Mem:0.00M, Peak:0.00M | Scene, ViewLayer | Synchronizing object | Viaduct_pier.009
Fra:451 Mem:725.50M (Peak 852.49M) | Time:00:02.61 | Mem:0.00M, Peak:0.00M | Scene, ViewLayer | Synchronizing object | G4_sconce_G3R04_sconce_bracket.013
Fra:451 Mem:725.50M (Peak 852.49M) | Time:00:02.61 | Mem:0.00M, Peak:0.00M | Scene, ViewLayer | Synchronizing object | G4_sconce_G3R04_sconce_bracket.014
Fra:451 Mem:725.51M (Peak 852.49M) | Time:00:02.61 | Mem:0.00M, Peak:0.00M | Scene, ViewLayer | Synchronizing object | G4_sconce_G3R04_sconce_bracket.015
Fra:451 Mem:725.56M (Peak 852.49M) | Time:00:02.62 | Mem:0.00M, Peak:0.00M | Scene, ViewLayer | Synchronizing object | Viaduct_pier.007
Fra:451 Mem:725.59M (Peak 852.49M) | Time:00:02.62 | Mem:0.00M, Peak:0.00M | Scene, ViewLayer | Synchronizing object | G4_cafe_G3_carved_pedestal_foot
Fra:451 Mem:725.59M (Peak 852.49M) | Time:00:02.62 | Mem:0.00M, Peak:0.00M | Scene, ViewLayer | Synchronizing object | G4_cafe_G3_carved_pedestal_foot.001
Fra:451 Mem:725.60M (Peak 852.49M) | Time:00:02.62 | Mem:0.00M, Peak:0.00M | Scene, ViewLayer | Synchronizing object | G4_cafe_G3_carved_pedestal_foot.002
Fra:451 Mem:725.61M (Peak 852.49M) | Time:00:02.62 | Mem:0.00M, Peak:0.00M | Scene, ViewLayer | Synchronizing object | G4_cafe_G3_carved_pedestal_foot.003
Fra:451 Mem:725.61M (Peak 852.49M) | Time:00:02.62 | Mem:0.00M, Peak:0.00M | Scene, ViewLayer | Synchronizing object | G4_cafe_G3_carved_pedestal_foot.004
Fra:451 Mem:725.62M (Peak 852.49M) | Time:00:02.62 | Mem:0.00M, Peak:0.00M | Scene, ViewLayer | Synchronizing object | G4_cafe_G3_carved_pedestal_foot.005
Fra:451 Mem:725.63M (Peak 852.49M) | Time:00:02.62 | Mem:0.00M, Peak:0.00M | Scene, ViewLayer | Synchronizing object | G4_bench_seat_piping
Fra:451 Mem:725.63M (Peak 852.49M) | Time:00:02.62 | Mem:0.00M, Peak:0.00M | Scene, ViewLayer | Synchronizing object | Viaduct_pier.001
Fra:451 Mem:725.69M (Peak 852.49M) | Time:00:02.62 | Mem:0.00M, Peak:0.00M | Scene, ViewLayer | Synchronizing object | G4_bench_seat_piping.001
Fra:451 Mem:725.72M (Peak 852.49M) | Time:00:02.62 | Mem:0.00M, Peak:0.00M | Scene, ViewLayer | Synchronizing object | G4_bench_seat_piping.002
Fra:451 Mem:725.76M (Peak 852.49M) | Time:00:02.62 | Mem:0.00M, Peak:0.00M | Scene, ViewLayer | Synchronizing object | G4_bench_seat_piping.003
Fra:451 Mem:725.79M (Peak 852.49M) | Time:00:02.62 | Mem:0.00M, Peak:0.00M | Scene, ViewLayer | Synchronizing object | G4_bench_seat_piping.004
Fra:451 Mem:725.83M (Peak 852.49M) | Time:00:02.62 | Mem:0.00M, Peak:0.00M | Scene, ViewLayer | Synchronizing object | G4_bench_seat_piping.005
Fra:451 Mem:725.87M (Peak 852.49M) | Time:00:02.62 | Mem:0.00M, Peak:0.00M | Scene, ViewLayer | Synchronizing object | G4_bench_seat_piping.006
Fra:451 Mem:725.90M (Peak 852.49M) | Time:00:02.62 | Mem:0.00M, Peak:0.00M | Scene, ViewLayer | Synchronizing object | G4_bench_seat_piping.007
Fra:451 Mem:725.94M (Peak 852.49M) | Time:00:02.62 | Mem:0.00M, Peak:0.00M | Scene, ViewLayer | Synchronizing object | G4_bench_seat_piping.008
Fra:451 Mem:725.97M (Peak 852.49M) | Time:00:02.62 | Mem:0.00M, Peak:0.00M | Scene, ViewLayer | Synchronizing object | G4_bench_seat_piping.009
Fra:451 Mem:726.01M (Peak 852.49M) | Time:00:02.62 | Mem:0.00M, Peak:0.00M | Scene, ViewLayer | Synchronizing object | G4_bench_seat_piping.010
Fra:451 Mem:726.04M (Peak 852.49M) | Time:00:02.62 | Mem:0.00M, Peak:0.00M | Scene, ViewLayer | Synchronizing object | G4_bench_seat_piping.011
Fra:451 Mem:726.12M (Peak 852.49M) | Time:00:02.62 | Mem:0.00M, Peak:0.00M | Scene, ViewLayer | Synchronizing object | G4_car_vault_rib
Fra:451 Mem:726.17M (Peak 852.49M) | Time:00:02.62 | Mem:0.00M, Peak:0.00M | Scene, ViewLayer | Synchronizing object | G4_car_vault_rib.001
Fra:451 Mem:725.34M (Peak 852.49M) | Time:00:02.62 | Mem:0.00M, Peak:0.00M | Scene, ViewLayer | Synchronizing object | G4_car_vault_rib.002
Fra:451 Mem:725.39M (Peak 852.49M) | Time:00:02.62 | Mem:0.00M, Peak:0.00M | Scene, ViewLayer | Synchronizing object | G4_car_vault_rib.003
Fra:451 Mem:725.44M (Peak 852.49M) | Time:00:02.62 | Mem:0.00M, Peak:0.00M | Scene, ViewLayer | Synchronizing object | G4_car_vault_rib.004
Fra:451 Mem:725.49M (Peak 852.49M) | Time:00:02.62 | Mem:0.00M, Peak:0.00M | Scene, ViewLayer | Synchronizing object | G4_car_vault_rib.005
Fra:451 Mem:725.54M (Peak 852.49M) | Time:00:02.62 | Mem:0.00M, Peak:0.00M | Scene, ViewLayer | Synchronizing object | G4_car_vault_rib.006
Fra:451 Mem:725.59M (Peak 852.49M) | Time:00:02.62 | Mem:0.00M, Peak:0.00M | Scene, ViewLayer | Synchronizing object | G4_car_vault_rib.007
Fra:451 Mem:725.67M (Peak 852.49M) | Time:00:02.62 | Mem:0.00M, Peak:0.00M | Scene, ViewLayer | Synchronizing object | G4_car_seat_piping
Fra:451 Mem:725.70M (Peak 852.49M) | Time:00:02.62 | Mem:0.00M, Peak:0.00M | Scene, ViewLayer | Synchronizing object | G4_car_seat_piping.001
Fra:451 Mem:725.73M (Peak 852.49M) | Time:00:02.62 | Mem:0.00M, Peak:0.00M | Scene, ViewLayer | Synchronizing object | G4_car_seat_piping.002
Fra:451 Mem:725.77M (Peak 852.49M) | Time:00:02.62 | Mem:0.00M, Peak:0.00M | Scene, ViewLayer | Synchronizing object | G4_car_seat_piping.003
Fra:451 Mem:725.80M (Peak 852.49M) | Time:00:02.62 | Mem:0.00M, Peak:0.00M | Scene, ViewLayer | Synchronizing object | G4_car_seat_piping.004
Fra:451 Mem:725.84M (Peak 852.49M) | Time:00:02.62 | Mem:0.00M, Peak:0.00M | Scene, ViewLayer | Synchronizing object | G4_car_seat_piping.005
Fra:451 Mem:725.87M (Peak 852.49M) | Time:00:02.62 | Mem:0.00M, Peak:0.00M | Scene, ViewLayer | Synchronizing object | G4_car_seat_piping.006
Fra:451 Mem:725.90M (Peak 852.49M) | Time:00:02.62 | Mem:0.00M, Peak:0.00M | Scene, ViewLayer | Synchronizing object | G4_car_seat_piping.007
Fra:451 Mem:725.94M (Peak 852.49M) | Time:00:02.62 | Mem:0.00M, Peak:0.00M | Scene, ViewLayer | Synchronizing object | G4_car_seat_piping.008
Fra:451 Mem:725.97M (Peak 852.49M) | Time:00:02.62 | Mem:0.00M, Peak:0.00M | Scene, ViewLayer | Synchronizing object | G4_car_seat_piping.009
Fra:451 Mem:726.01M (Peak 852.49M) | Time:00:02.62 | Mem:0.00M, Peak:0.00M | Scene, ViewLayer | Synchronizing object | G4_seat_back_grab_rail
Fra:451 Mem:726.01M (Peak 852.49M) | Time:00:02.62 | Mem:0.00M, Peak:0.00M | Scene, ViewLayer | Synchronizing object | G4_seat_back_grab_rail.001
Fra:451 Mem:726.01M (Peak 852.49M) | Time:00:02.62 | Mem:0.00M, Peak:0.00M | Scene, ViewLayer | Synchronizing object | G4_seat_back_grab_rail.002
Fra:451 Mem:726.01M (Peak 852.49M) | Time:00:02.62 | Mem:0.00M, Peak:0.00M | Scene, ViewLayer | Synchronizing object | G4_seat_back_grab_rail.003
Fra:451 Mem:726.02M (Peak 852.49M) | Time:00:02.62 | Mem:0.00M, Peak:0.00M | Scene, ViewLayer | Synchronizing object | G4_seat_back_grab_rail.004
Fra:451 Mem:726.02M (Peak 852.49M) | Time:00:02.62 | Mem:0.00M, Peak:0.00M | Scene, ViewLayer | Synchronizing object | G4_seat_back_grab_rail.005
Fra:451 Mem:726.02M (Peak 852.49M) | Time:00:02.62 | Mem:0.00M, Peak:0.00M | Scene, ViewLayer | Synchronizing object | G4_seat_back_grab_rail.006
Fra:451 Mem:726.02M (Peak 852.49M) | Time:00:02.62 | Mem:0.00M, Peak:0.00M | Scene, ViewLayer | Synchronizing object | G4_seat_back_grab_rail.007
Fra:451 Mem:726.02M (Peak 852.49M) | Time:00:02.62 | Mem:0.00M, Peak:0.00M | Scene, ViewLayer | Synchronizing object | G4_seat_back_grab_rail.008
Fra:451 Mem:726.03M (Peak 852.49M) | Time:00:02.62 | Mem:0.00M, Peak:0.00M | Scene, ViewLayer | Synchronizing object | G4_seat_back_grab_rail.009
Fra:451 Mem:726.03M (Peak 852.49M) | Time:00:02.62 | Mem:0.00M, Peak:0.00M | Scene, ViewLayer | Synchronizing object | G4_suspension_helix
Fra:451 Mem:726.14M (Peak 852.49M) | Time:00:02.62 | Mem:0.00M, Peak:0.00M | Scene, ViewLayer | Synchronizing object | Viaduct_bedrock_footing.009
Fra:451 Mem:726.14M (Peak 852.49M) | Time:00:02.62 | Mem:0.00M, Peak:0.00M | Scene, ViewLayer | Synchronizing object | G4_suspension_helix.001
Fra:451 Mem:726.27M (Peak 852.49M) | Time:00:02.62 | Mem:0.00M, Peak:0.00M | Scene, ViewLayer | Synchronizing object | G4_suspension_helix.002
Fra:451 Mem:726.38M (Peak 852.49M) | Time:00:02.62 | Mem:0.00M, Peak:0.00M | Scene, ViewLayer | Synchronizing object | G4_suspension_helix.003
Fra:451 Mem:726.49M (Peak 852.49M) | Time:00:02.62 | Mem:0.00M, Peak:0.00M | Scene, ViewLayer | Synchronizing object | G4_suspension_helix.004
Fra:451 Mem:726.60M (Peak 852.49M) | Time:00:02.63 | Mem:0.00M, Peak:0.00M | Scene, ViewLayer | Synchronizing object | G4_suspension_helix.005
Fra:451 Mem:726.71M (Peak 852.49M) | Time:00:02.63 | Mem:0.00M, Peak:0.00M | Scene, ViewLayer | Synchronizing object | G4_suspension_helix.006
Fra:451 Mem:726.82M (Peak 852.49M) | Time:00:02.63 | Mem:0.00M, Peak:0.00M | Scene, ViewLayer | Synchronizing object | G4_suspension_helix.007
Fra:451 Mem:726.93M (Peak 852.49M) | Time:00:02.63 | Mem:0.00M, Peak:0.00M | Scene, ViewLayer | Synchronizing object | G4_cab_gauge_needle
Fra:451 Mem:726.93M (Peak 852.49M) | Time:00:02.63 | Mem:0.00M, Peak:0.00M | Scene, ViewLayer | Synchronizing object | G4_cab_gauge_needle.001
Fra:451 Mem:726.94M (Peak 852.49M) | Time:00:02.63 | Mem:0.00M, Peak:0.00M | Scene, ViewLayer | Synchronizing object | G4_cab_gauge_needle.002
Fra:451 Mem:726.94M (Peak 852.49M) | Time:00:02.63 | Mem:0.00M, Peak:0.00M | Scene, ViewLayer | Synchronizing object | G4_viaduct_arch_edge_course
Fra:451 Mem:726.97M (Peak 852.49M) | Time:00:02.63 | Mem:0.00M, Peak:0.00M | Scene, ViewLayer | Synchronizing object | G4_viaduct_arch_edge_course.001
Fra:451 Mem:727.00M (Peak 852.49M) | Time:00:02.63 | Mem:0.00M, Peak:0.00M | Scene, ViewLayer | Synchronizing object | G4_viaduct_arch_edge_course.002
Fra:451 Mem:727.03M (Peak 852.49M) | Time:00:02.63 | Mem:0.00M, Peak:0.00M | Scene, ViewLayer | Synchronizing object | G4_viaduct_arch_edge_course.003
Fra:451 Mem:727.06M (Peak 852.49M) | Time:00:02.63 | Mem:0.00M, Peak:0.00M | Scene, ViewLayer | Synchronizing object | G4_viaduct_arch_edge_course.004
Fra:451 Mem:727.09M (Peak 852.49M) | Time:00:02.63 | Mem:0.00M, Peak:0.00M | Scene, ViewLayer | Synchronizing object | G4_viaduct_arch_edge_course.005
Fra:451 Mem:727.12M (Peak 852.49M) | Time:00:02.63 | Mem:0.00M, Peak:0.00M | Scene, ViewLayer | Synchronizing object | G4_viaduct_arch_edge_course.006
Fra:451 Mem:727.15M (Peak 852.49M) | Time:00:02.63 | Mem:0.00M, Peak:0.00M | Scene, ViewLayer | Synchronizing object | G4_viaduct_arch_edge_course.007
Fra:451 Mem:727.18M (Peak 852.49M) | Time:00:02.63 | Mem:0.00M, Peak:0.00M | Scene, ViewLayer | Synchronizing object | G4_viaduct_arch_edge_course.008
Fra:451 Mem:727.21M (Peak 852.49M) | Time:00:02.63 | Mem:0.00M, Peak:0.00M | Scene, ViewLayer | Synchronizing object | G4_viaduct_arch_edge_course.009
Fra:451 Mem:727.24M (Peak 852.49M) | Time:00:02.63 | Mem:0.00M, Peak:0.00M | Scene, ViewLayer | Synchronizing object | G4_viaduct_arch_edge_course.010
Fra:451 Mem:727.27M (Peak 852.49M) | Time:00:02.63 | Mem:0.00M, Peak:0.00M | Scene, ViewLayer | Synchronizing object | G4_viaduct_arch_edge_course.011
Fra:451 Mem:731.30M (Peak 852.49M) | Time:00:02.64 | Mem:0.00M, Peak:0.00M | Scene, ViewLayer | Synchronizing object | Viaduct_bedrock_footing.001
Fra:451 Mem:731.49M (Peak 852.49M) | Time:00:02.64 | Mem:0.00M, Peak:0.00M | Scene, ViewLayer | Synchronizing object | Viaduct_bedrock_footing.007
Fra:451 Mem:731.94M (Peak 852.49M) | Time:00:02.64 | Mem:0.00M, Peak:0.00M | Scene, ViewLayer | Synchronizing object | G4R03_roof_clipped_rain
Fra:451 Mem:746.43M (Peak 852.49M) | Time:00:02.71 | Mem:0.00M, Peak:0.00M | Scene, ViewLayer | Synchronizing object | Viaduct_pier.005
Fra:451 Mem:746.46M (Peak 852.49M) | Time:00:02.71 | Mem:0.00M, Peak:0.00M | Scene, ViewLayer | Synchronizing object | Platform_continuous_slab
Fra:451 Mem:746.50M (Peak 852.49M) | Time:00:02.71 | Mem:0.00M, Peak:0.00M | Scene, ViewLayer | Synchronizing object | Terrace_guard_post.009
Fra:451 Mem:746.51M (Peak 852.49M) | Time:00:02.71 | Mem:0.00M, Peak:0.00M | Scene, ViewLayer | Synchronizing object | Terrace_guard_post.010
Fra:451 Mem:746.51M (Peak 852.49M) | Time:00:02.71 | Mem:0.00M, Peak:0.00M | Scene, ViewLayer | Synchronizing object | Terrace_guard_post.023
Fra:451 Mem:746.52M (Peak 852.49M) | Time:00:02.71 | Mem:0.00M, Peak:0.00M | Scene, ViewLayer | Synchronizing object | Terrace_guard_post.030
Fra:451 Mem:746.53M (Peak 852.49M) | Time:00:02.71 | Mem:0.00M, Peak:0.00M | Scene, ViewLayer | Synchronizing object | Track_sleeper.010
Fra:451 Mem:746.56M (Peak 852.49M) | Time:00:02.71 | Mem:0.00M, Peak:0.00M | Scene, ViewLayer | Synchronizing object | Track_sleeper.088
Fra:451 Mem:746.60M (Peak 852.49M) | Time:00:02.71 | Mem:0.00M, Peak:0.00M | Scene, ViewLayer | Synchronizing object | Track_sleeper.098
Fra:451 Mem:746.63M (Peak 852.49M) | Time:00:02.71 | Mem:0.00M, Peak:0.00M | Scene, ViewLayer | Synchronizing object | Track_sleeper.114
Fra:451 Mem:746.67M (Peak 852.49M) | Time:00:02.71 | Mem:0.00M, Peak:0.00M | Scene, ViewLayer | Synchronizing object | Track_sleeper.045
Fra:451 Mem:746.70M (Peak 852.49M) | Time:00:02.71 | Mem:0.00M, Peak:0.00M | Scene, ViewLayer | Synchronizing object | Bridge_guard_post.059
Fra:451 Mem:746.71M (Peak 852.49M) | Time:00:02.71 | Mem:0.00M, Peak:0.00M | Scene, ViewLayer | Synchronizing object | Track_sleeper.091
Fra:451 Mem:746.74M (Peak 852.49M) | Time:00:02.71 | Mem:0.00M, Peak:0.00M | Scene, ViewLayer | Synchronizing object | Track_sleeper.042
Fra:451 Mem:746.78M (Peak 852.49M) | Time:00:02.71 | Mem:0.00M, Peak:0.00M | Scene, ViewLayer | Synchronizing object | Track_sleeper.072
Fra:451 Mem:746.81M (Peak 852.49M) | Time:00:02.71 | Mem:0.00M, Peak:0.00M | Scene, ViewLayer | Synchronizing object | Track_sleeper.046
Fra:451 Mem:746.85M (Peak 852.49M) | Time:00:02.71 | Mem:0.00M, Peak:0.00M | Scene, ViewLayer | Synchronizing object | Track_sleeper.109
Fra:451 Mem:746.88M (Peak 852.49M) | Time:00:02.71 | Mem:0.00M, Peak:0.00M | Scene, ViewLayer | Synchronizing object | Track_sleeper.037
Fra:451 Mem:746.91M (Peak 852.49M) | Time:00:02.71 | Mem:0.00M, Peak:0.00M | Scene, ViewLayer | Synchronizing object | Running_rail.001
Fra:451 Mem:747.61M (Peak 852.49M) | Time:00:02.71 | Mem:0.00M, Peak:0.00M | Scene, ViewLayer | Synchronizing object | Track_sleeper.030
Fra:451 Mem:747.65M (Peak 852.49M) | Time:00:02.71 | Mem:0.00M, Peak:0.00M | Scene, ViewLayer | Synchronizing object | Track_sleeper.032
Fra:451 Mem:747.68M (Peak 852.49M) | Time:00:02.71 | Mem:0.00M, Peak:0.00M | Scene, ViewLayer | Synchronizing object | Bridge_guard_post.049
Fra:451 Mem:747.69M (Peak 852.49M) | Time:00:02.71 | Mem:0.00M, Peak:0.00M | Scene, ViewLayer | Synchronizing object | Track_sleeper.050
Fra:451 Mem:747.73M (Peak 852.49M) | Time:00:02.71 | Mem:0.00M, Peak:0.00M | Scene, ViewLayer | Synchronizing object | Track_sleeper.134
Fra:451 Mem:747.76M (Peak 852.49M) | Time:00:02.71 | Mem:0.00M, Peak:0.00M | Scene, ViewLayer | Synchronizing object | Bridge_guard_post.036
Fra:451 Mem:747.77M (Peak 852.49M) | Time:00:02.71 | Mem:0.00M, Peak:0.00M | Scene, ViewLayer | Synchronizing object | Bridge_guard_post.008
Fra:451 Mem:747.78M (Peak 852.49M) | Time:00:02.71 | Mem:0.00M, Peak:0.00M | Scene, ViewLayer | Synchronizing object | Track_sleeper.008
Fra:451 Mem:747.81M (Peak 852.49M) | Time:00:02.71 | Mem:0.00M, Peak:0.00M | Scene, ViewLayer | Synchronizing object | Track_sleeper.143
Fra:451 Mem:747.85M (Peak 852.49M) | Time:00:02.71 | Mem:0.00M, Peak:0.00M | Scene, ViewLayer | Synchronizing object | Bridge_guard_post.011
Fra:451 Mem:747.86M (Peak 852.49M) | Time:00:02.71 | Mem:0.00M, Peak:0.00M | Scene, ViewLayer | Synchronizing object | Bridge_guard_post.012
Fra:451 Mem:747.86M (Peak 852.49M) | Time:00:02.71 | Mem:0.00M, Peak:0.00M | Scene, ViewLayer | Synchronizing object | Bridge_guard_post.057
Fra:451 Mem:747.87M (Peak 852.49M) | Time:00:02.71 | Mem:0.00M, Peak:0.00M | Scene, ViewLayer | Synchronizing object | Track_sleeper.024
Fra:451 Mem:747.91M (Peak 852.49M) | Time:00:02.71 | Mem:0.00M, Peak:0.00M | Scene, ViewLayer | Synchronizing object | Track_sleeper.106
Fra:451 Mem:747.94M (Peak 852.49M) | Time:00:02.71 | Mem:0.00M, Peak:0.00M | Scene, ViewLayer | Synchronizing object | Track_sleeper.069
Fra:451 Mem:747.97M (Peak 852.49M) | Time:00:02.71 | Mem:0.00M, Peak:0.00M | Scene, ViewLayer | Synchronizing object | Track_sleeper.122
Fra:451 Mem:748.01M (Peak 852.49M) | Time:00:02.71 | Mem:0.00M, Peak:0.00M | Scene, ViewLayer | Synchronizing object | Bridge_guard_post.035
Fra:451 Mem:748.02M (Peak 852.49M) | Time:00:02.71 | Mem:0.00M, Peak:0.00M | Scene, ViewLayer | Synchronizing object | Bridge_guard_post.038
Fra:451 Mem:748.02M (Peak 852.49M) | Time:00:02.71 | Mem:0.00M, Peak:0.00M | Scene, ViewLayer | Synchronizing object | Track_sleeper.002
Fra:451 Mem:748.06M (Peak 852.49M) | Time:00:02.71 | Mem:0.00M, Peak:0.00M | Scene, ViewLayer | Synchronizing object | Track_sleeper.048
Fra:451 Mem:748.09M (Peak 852.49M) | Time:00:02.71 | Mem:0.00M, Peak:0.00M | Scene, ViewLayer | Synchronizing object | Track_sleeper.060
Fra:451 Mem:748.13M (Peak 852.49M) | Time:00:02.71 | Mem:0.00M, Peak:0.00M | Scene, ViewLayer | Synchronizing object | Track_sleeper.062
Fra:451 Mem:748.16M (Peak 852.49M) | Time:00:02.71 | Mem:0.00M, Peak:0.00M | Scene, ViewLayer | Synchronizing object | Track_sleeper.040
Fra:451 Mem:748.20M (Peak 852.49M) | Time:00:02.72 | Mem:0.00M, Peak:0.00M | Scene, ViewLayer | Synchronizing object | Bridge_guard_post.029
Fra:451 Mem:748.21M (Peak 852.49M) | Time:00:02.72 | Mem:0.00M, Peak:0.00M | Scene, ViewLayer | Synchronizing object | Track_sleeper.124
Fra:451 Mem:748.24M (Peak 852.49M) | Time:00:02.72 | Mem:0.00M, Peak:0.00M | Scene, ViewLayer | Synchronizing object | Track_sleeper.117
Fra:451 Mem:748.28M (Peak 852.49M) | Time:00:02.72 | Mem:0.00M, Peak:0.00M | Scene, ViewLayer | Synchronizing object | Track_sleeper.101
Fra:451 Mem:748.32M (Peak 852.49M) | Time:00:02.72 | Mem:0.00M, Peak:0.00M | Scene, ViewLayer | Synchronizing object | Track_sleeper.076
Fra:451 Mem:748.35M (Peak 852.49M) | Time:00:02.72 | Mem:0.00M, Peak:0.00M | Scene, ViewLayer | Synchronizing object | Track_sleeper.103
Fra:451 Mem:748.39M (Peak 852.49M) | Time:00:02.72 | Mem:0.00M, Peak:0.00M | Scene, ViewLayer | Synchronizing object | Track_sleeper.094
Fra:451 Mem:748.42M (Peak 852.49M) | Time:00:02.72 | Mem:0.00M, Peak:0.00M | Scene, ViewLayer | Synchronizing object | Bridge_guard_post.026
Fra:451 Mem:748.43M (Peak 852.49M) | Time:00:02.72 | Mem:0.00M, Peak:0.00M | Scene, ViewLayer | Synchronizing object | Track_sleeper.119
Fra:451 Mem:748.46M (Peak 852.49M) | Time:00:02.72 | Mem:0.00M, Peak:0.00M | Scene, ViewLayer | Synchronizing object | Viaduct_arch_spandrel.004
Fra:451 Mem:748.49M (Peak 852.49M) | Time:00:02.72 | Mem:0.00M, Peak:0.00M | Scene, ViewLayer | Synchronizing object | Bridge_guard_post.052
Fra:451 Mem:748.50M (Peak 852.49M) | Time:00:02.72 | Mem:0.00M, Peak:0.00M | Scene, ViewLayer | Synchronizing object | Track_sleeper.021
Fra:451 Mem:748.54M (Peak 852.49M) | Time:00:02.72 | Mem:0.00M, Peak:0.00M | Scene, ViewLayer | Synchronizing object | Track_sleeper.081
Fra:451 Mem:748.57M (Peak 852.49M) | Time:00:02.72 | Mem:0.00M, Peak:0.00M | Scene, ViewLayer | Synchronizing object | Track_sleeper.013
Fra:451 Mem:748.61M (Peak 852.49M) | Time:00:02.72 | Mem:0.00M, Peak:0.00M | Scene, ViewLayer | Synchronizing object | Track_sleeper.096
Fra:451 Mem:748.64M (Peak 852.49M) | Time:00:02.72 | Mem:0.00M, Peak:0.00M | Scene, ViewLayer | Synchronizing object | Track_sleeper.128
Fra:451 Mem:748.68M (Peak 852.49M) | Time:00:02.72 | Mem:0.00M, Peak:0.00M | Scene, ViewLayer | Synchronizing object | Viaduct_arch_spandrel
Fra:451 Mem:748.71M (Peak 852.49M) | Time:00:02.72 | Mem:0.00M, Peak:0.00M | Scene, ViewLayer | Synchronizing object | Track_sleeper.089
Fra:451 Mem:748.74M (Peak 852.49M) | Time:00:02.72 | Mem:0.00M, Peak:0.00M | Scene, ViewLayer | Synchronizing object | Bridge_guard_post.004
Fra:451 Mem:748.75M (Peak 852.49M) | Time:00:02.72 | Mem:0.00M, Peak:0.00M | Scene, ViewLayer | Synchronizing object | Viaduct_arch_spandrel.002
Fra:451 Mem:748.78M (Peak 852.49M) | Time:00:02.72 | Mem:0.00M, Peak:0.00M | Scene, ViewLayer | Synchronizing object | Track_sleeper.087
Fra:451 Mem:748.82M (Peak 852.49M) | Time:00:02.72 | Mem:0.00M, Peak:0.00M | Scene, ViewLayer | Synchronizing object | Viaduct_arch_spandrel.001
Fra:451 Mem:748.85M (Peak 852.49M) | Time:00:02.72 | Mem:0.00M, Peak:0.00M | Scene, ViewLayer | Synchronizing object | Buffer_stop_crossbar
Fra:451 Mem:748.88M (Peak 852.49M) | Time:00:02.72 | Mem:0.00M, Peak:0.00M | Scene, ViewLayer | Synchronizing object | Track_sleeper.146
Fra:451 Mem:748.91M (Peak 852.49M) | Time:00:02.72 | Mem:0.00M, Peak:0.00M | Scene, ViewLayer | Synchronizing object | Track_sleeper.047
Fra:451 Mem:748.96M (Peak 852.49M) | Time:00:02.72 | Mem:0.00M, Peak:0.00M | Scene, ViewLayer | Synchronizing object | Track_sleeper.149
Fra:451 Mem:749.00M (Peak 852.49M) | Time:00:02.72 | Mem:0.00M, Peak:0.00M | Scene, ViewLayer | Synchronizing object | Bridge_guard_post.045
Fra:451 Mem:749.01M (Peak 852.49M) | Time:00:02.72 | Mem:0.00M, Peak:0.00M | Scene, ViewLayer | Synchronizing object | Track_sleeper.139
Fra:451 Mem:749.04M (Peak 852.49M) | Time:00:02.72 | Mem:0.00M, Peak:0.00M | Scene, ViewLayer | Synchronizing object | Bridge_guard_post.023
Fra:451 Mem:749.04M (Peak 852.49M) | Time:00:02.72 | Mem:0.00M, Peak:0.00M | Scene, ViewLayer | Synchronizing object | Track_sleeper.025
Fra:451 Mem:749.08M (Peak 852.49M) | Time:00:02.72 | Mem:0.00M, Peak:0.00M | Scene, ViewLayer | Synchronizing object | Track_sleeper.052
Fra:451 Mem:749.11M (Peak 852.49M) | Time:00:02.72 | Mem:0.00M, Peak:0.00M | Scene, ViewLayer | Synchronizing object | Track_sleeper.073
Fra:451 Mem:749.15M (Peak 852.49M) | Time:00:02.72 | Mem:0.00M, Peak:0.00M | Scene, ViewLayer | Synchronizing object | Bridge_guard_post.043
Fra:451 Mem:749.16M (Peak 852.49M) | Time:00:02.72 | Mem:0.00M, Peak:0.00M | Scene, ViewLayer | Synchronizing object | Track_sleeper.011
Fra:451 Mem:749.19M (Peak 852.49M) | Time:00:02.72 | Mem:0.00M, Peak:0.00M | Scene, ViewLayer | Synchronizing object | Track_sleeper.141
Fra:451 Mem:749.23M (Peak 852.49M) | Time:00:02.72 | Mem:0.00M, Peak:0.00M | Scene, ViewLayer | Synchronizing object | Track_sleeper.150
Fra:451 Mem:749.26M (Peak 852.49M) | Time:00:02.72 | Mem:0.00M, Peak:0.00M | Scene, ViewLayer | Synchronizing object | Bridge_guard_post.007
Fra:451 Mem:749.27M (Peak 852.49M) | Time:00:02.72 | Mem:0.00M, Peak:0.00M | Scene, ViewLayer | Synchronizing object | Bridge_guard_post.048
Fra:451 Mem:749.28M (Peak 852.49M) | Time:00:02.72 | Mem:0.00M, Peak:0.00M | Scene, ViewLayer | Synchronizing object | Track_sleeper.084
Fra:451 Mem:749.31M (Peak 852.49M) | Time:00:02.72 | Mem:0.00M, Peak:0.00M | Scene, ViewLayer | Synchronizing object | Track_sleeper.133
Fra:451 Mem:749.35M (Peak 852.49M) | Time:00:02.72 | Mem:0.00M, Peak:0.00M | Scene, ViewLayer | Synchronizing object | Track_sleeper.006
Fra:451 Mem:749.38M (Peak 852.49M) | Time:00:02.72 | Mem:0.00M, Peak:0.00M | Scene, ViewLayer | Synchronizing object | Track_sleeper
Fra:451 Mem:749.42M (Peak 852.49M) | Time:00:02.72 | Mem:0.00M, Peak:0.00M | Scene, ViewLayer | Synchronizing object | Track_sleeper.016
Fra:451 Mem:749.45M (Peak 852.49M) | Time:00:02.72 | Mem:0.00M, Peak:0.00M | Scene, ViewLayer | Synchronizing object | Track_sleeper.085
Fra:451 Mem:749.49M (Peak 852.49M) | Time:00:02.72 | Mem:0.00M, Peak:0.00M | Scene, ViewLayer | Synchronizing object | Track_sleeper.113
Fra:451 Mem:749.52M (Peak 852.49M) | Time:00:02.72 | Mem:0.00M, Peak:0.00M | Scene, ViewLayer | Synchronizing object | Bridge_guard_post
Fra:451 Mem:749.53M (Peak 852.49M) | Time:00:02.72 | Mem:0.00M, Peak:0.00M | Scene, ViewLayer | Synchronizing object | Bridge_guard_post.025
Fra:451 Mem:749.54M (Peak 852.49M) | Time:00:02.72 | Mem:0.00M, Peak:0.00M | Scene, ViewLayer | Synchronizing object | Track_sleeper.099
Fra:451 Mem:749.57M (Peak 852.49M) | Time:00:02.72 | Mem:0.00M, Peak:0.00M | Scene, ViewLayer | Synchronizing object | Track_sleeper.043
Fra:451 Mem:749.61M (Peak 852.49M) | Time:00:02.72 | Mem:0.00M, Peak:0.00M | Scene, ViewLayer | Synchronizing object | Track_sleeper.115
Fra:451 Mem:749.64M (Peak 852.49M) | Time:00:02.72 | Mem:0.00M, Peak:0.00M | Scene, ViewLayer | Synchronizing object | Track_sleeper.092
Fra:451 Mem:749.68M (Peak 852.49M) | Time:00:02.72 | Mem:0.00M, Peak:0.00M | Scene, ViewLayer | Synchronizing object | Bridge_guard_post.030
Fra:451 Mem:749.68M (Peak 852.49M) | Time:00:02.72 | Mem:0.00M, Peak:0.00M | Scene, ViewLayer | Synchronizing object | Track_sleeper.070
Fra:451 Mem:749.72M (Peak 852.49M) | Time:00:02.72 | Mem:0.00M, Peak:0.00M | Scene, ViewLayer | Synchronizing object | Bridge_guard_post.028
Fra:451 Mem:749.73M (Peak 852.49M) | Time:00:02.72 | Mem:0.00M, Peak:0.00M | Scene, ViewLayer | Synchronizing object | Track_sleeper.077
Fra:451 Mem:749.76M (Peak 852.49M) | Time:00:02.72 | Mem:0.00M, Peak:0.00M | Scene, ViewLayer | Synchronizing object | Track_sleeper.110
Fra:451 Mem:749.80M (Peak 852.49M) | Time:00:02.72 | Mem:0.00M, Peak:0.00M | Scene, ViewLayer | Synchronizing object | Bridge_guard_post.019
Fra:451 Mem:749.81M (Peak 852.49M) | Time:00:02.73 | Mem:0.00M, Peak:0.00M | Scene, ViewLayer | Synchronizing object | Bridge_guard_post.020
Fra:451 Mem:749.81M (Peak 852.49M) | Time:00:02.73 | Mem:0.00M, Peak:0.00M | Scene, ViewLayer | Synchronizing object | Track_sleeper.033
Fra:451 Mem:749.85M (Peak 852.49M) | Time:00:02.73 | Mem:0.00M, Peak:0.00M | Scene, ViewLayer | Synchronizing object | Track_sleeper.135
Fra:451 Mem:749.88M (Peak 852.49M) | Time:00:02.73 | Mem:0.00M, Peak:0.00M | Scene, ViewLayer | Synchronizing object | Track_sleeper.014
Fra:451 Mem:749.92M (Peak 852.49M) | Time:00:02.73 | Mem:0.00M, Peak:0.00M | Scene, ViewLayer | Synchronizing object | Track_sleeper.034
Fra:451 Mem:749.95M (Peak 852.49M) | Time:00:02.73 | Mem:0.00M, Peak:0.00M | Scene, ViewLayer | Synchronizing object | Track_sleeper.051
Fra:451 Mem:749.99M (Peak 852.49M) | Time:00:02.73 | Mem:0.00M, Peak:0.00M | Scene, ViewLayer | Synchronizing object | Track_sleeper.064
Fra:451 Mem:750.02M (Peak 852.49M) | Time:00:02.73 | Mem:0.00M, Peak:0.00M | Scene, ViewLayer | Synchronizing object | Bridge_guard_post.037
Fra:451 Mem:750.03M (Peak 852.49M) | Time:00:02.73 | Mem:0.00M, Peak:0.00M | Scene, ViewLayer | Synchronizing object | Track_sleeper.147
Fra:451 Mem:750.06M (Peak 852.49M) | Time:00:02.73 | Mem:0.00M, Peak:0.00M | Scene, ViewLayer | Synchronizing object | Bridge_guard_post.055
Fra:451 Mem:750.07M (Peak 852.49M) | Time:00:02.73 | Mem:0.00M, Peak:0.00M | Scene, ViewLayer | Synchronizing object | Track_sleeper.144
Fra:451 Mem:750.11M (Peak 852.49M) | Time:00:02.73 | Mem:0.00M, Peak:0.00M | Scene, ViewLayer | Synchronizing object | Track_sleeper.066
Fra:451 Mem:750.14M (Peak 852.49M) | Time:00:02.73 | Mem:0.00M, Peak:0.00M | Scene, ViewLayer | Synchronizing object | Track_sleeper.068
Fra:451 Mem:750.18M (Peak 852.49M) | Time:00:02.73 | Mem:0.00M, Peak:0.00M | Scene, ViewLayer | Synchronizing object | Track_sleeper.137
Fra:451 Mem:750.21M (Peak 852.49M) | Time:00:02.73 | Mem:0.00M, Peak:0.00M | Scene, ViewLayer | Synchronizing object | Track_sleeper.038
Fra:451 Mem:750.25M (Peak 852.49M) | Time:00:02.73 | Mem:0.00M, Peak:0.00M | Scene, ViewLayer | Synchronizing object | Bridge_guard_post.016
Fra:451 Mem:750.26M (Peak 852.49M) | Time:00:02.73 | Mem:0.00M, Peak:0.00M | Scene, ViewLayer | Synchronizing object | Track_sleeper.107
Fra:451 Mem:750.29M (Peak 852.49M) | Time:00:02.73 | Mem:0.00M, Peak:0.00M | Scene, ViewLayer | Synchronizing object | Bridge_guard_post.046
Fra:451 Mem:750.30M (Peak 852.49M) | Time:00:02.73 | Mem:0.00M, Peak:0.00M | Scene, ViewLayer | Synchronizing object | Track_sleeper.067
Fra:451 Mem:750.33M (Peak 852.49M) | Time:00:02.73 | Mem:0.00M, Peak:0.00M | Scene, ViewLayer | Synchronizing object | Track_sleeper.123
Fra:451 Mem:750.37M (Peak 852.49M) | Time:00:02.73 | Mem:0.00M, Peak:0.00M | Scene, ViewLayer | Synchronizing object | Bridge_guard_post.039
Fra:451 Mem:750.38M (Peak 852.49M) | Time:00:02.73 | Mem:0.00M, Peak:0.00M | Scene, ViewLayer | Synchronizing object | Track_sleeper.003
Fra:451 Mem:750.42M (Peak 852.49M) | Time:00:02.73 | Mem:0.00M, Peak:0.00M | Scene, ViewLayer | Synchronizing object | Track_sleeper.026
Fra:451 Mem:750.45M (Peak 852.49M) | Time:00:02.73 | Mem:0.00M, Peak:0.00M | Scene, ViewLayer | Synchronizing object | Track_sleeper.053
Fra:451 Mem:750.49M (Peak 852.49M) | Time:00:02.73 | Mem:0.00M, Peak:0.00M | Scene, ViewLayer | Synchronizing object | Track_sleeper.074
Fra:451 Mem:750.52M (Peak 852.49M) | Time:00:02.73 | Mem:0.00M, Peak:0.00M | Scene, ViewLayer | Synchronizing object | Track_sleeper.129
Fra:451 Mem:750.55M (Peak 852.49M) | Time:00:02.73 | Mem:0.00M, Peak:0.00M | Scene, ViewLayer | Synchronizing object | Bridge_guard_post.032
Fra:451 Mem:750.56M (Peak 852.49M) | Time:00:02.73 | Mem:0.00M, Peak:0.00M | Scene, ViewLayer | Synchronizing object | Bridge_guard_post.040
Fra:451 Mem:750.57M (Peak 852.49M) | Time:00:02.73 | Mem:0.00M, Peak:0.00M | Scene, ViewLayer | Synchronizing object | Track_sleeper.063
Fra:451 Mem:750.61M (Peak 852.49M) | Time:00:02.73 | Mem:0.00M, Peak:0.00M | Scene, ViewLayer | Synchronizing object | Track_sleeper.125
Fra:451 Mem:750.64M (Peak 852.49M) | Time:00:02.73 | Mem:0.00M, Peak:0.00M | Scene, ViewLayer | Synchronizing object | Bridge_guard_post.003
Fra:451 Mem:750.65M (Peak 852.49M) | Time:00:02.73 | Mem:0.00M, Peak:0.00M | Scene, ViewLayer | Synchronizing object | Bridge_guard_post.050
Fra:451 Mem:750.66M (Peak 852.49M) | Time:00:02.73 | Mem:0.00M, Peak:0.00M | Scene, ViewLayer | Synchronizing object | Track_sleeper.009
Fra:451 Mem:750.69M (Peak 852.49M) | Time:00:02.73 | Mem:0.00M, Peak:0.00M | Scene, ViewLayer | Synchronizing object | Track_sleeper.131
Fra:451 Mem:750.73M (Peak 852.49M) | Time:00:02.73 | Mem:0.00M, Peak:0.00M | Scene, ViewLayer | Synchronizing object | Track_sleeper.019
Fra:451 Mem:750.76M (Peak 852.49M) | Time:00:02.73 | Mem:0.00M, Peak:0.00M | Scene, ViewLayer | Synchronizing object | Track_sleeper.029
Fra:451 Mem:750.80M (Peak 852.49M) | Time:00:02.73 | Mem:0.00M, Peak:0.00M | Scene, ViewLayer | Synchronizing object | Track_sleeper.036
Fra:451 Mem:750.83M (Peak 852.49M) | Time:00:02.73 | Mem:0.00M, Peak:0.00M | Scene, ViewLayer | Synchronizing object | Track_sleeper.079
Fra:451 Mem:750.86M (Peak 852.49M) | Time:00:02.73 | Mem:0.00M, Peak:0.00M | Scene, ViewLayer | Synchronizing object | Track_sleeper.111
Fra:451 Mem:750.90M (Peak 852.49M) | Time:00:02.73 | Mem:0.00M, Peak:0.00M | Scene, ViewLayer | Synchronizing object | Bridge_guard_post.027
Fra:451 Mem:750.91M (Peak 852.49M) | Time:00:02.73 | Mem:0.00M, Peak:0.00M | Scene, ViewLayer | Synchronizing object | Track_sleeper.017
Fra:451 Mem:750.94M (Peak 852.49M) | Time:00:02.73 | Mem:0.00M, Peak:0.00M | Scene, ViewLayer | Synchronizing object | Track_sleeper.086
Fra:451 Mem:750.98M (Peak 852.49M) | Time:00:02.73 | Mem:0.00M, Peak:0.00M | Scene, ViewLayer | Synchronizing object | Track_sleeper.028
Fra:451 Mem:751.01M (Peak 852.49M) | Time:00:02.73 | Mem:0.00M, Peak:0.00M | Scene, ViewLayer | Synchronizing object | Track_sleeper.120
Fra:451 Mem:751.05M (Peak 852.49M) | Time:00:02.73 | Mem:0.00M, Peak:0.00M | Scene, ViewLayer | Synchronizing object | Bridge_guard_post.053
Fra:451 Mem:751.05M (Peak 852.49M) | Time:00:02.73 | Mem:0.00M, Peak:0.00M | Scene, ViewLayer | Synchronizing object | Bridge_guard_post.054
Fra:451 Mem:751.06M (Peak 852.49M) | Time:00:02.73 | Mem:0.00M, Peak:0.00M | Scene, ViewLayer | Synchronizing object | Bridge_guard_post.014
Fra:451 Mem:751.07M (Peak 852.49M) | Time:00:02.73 | Mem:0.00M, Peak:0.00M | Scene, ViewLayer | Synchronizing object | Track_sleeper.097
Fra:451 Mem:751.11M (Peak 852.49M) | Time:00:02.73 | Mem:0.00M, Peak:0.00M | Scene, ViewLayer | Synchronizing object | Track_sleeper.090
Fra:451 Mem:751.26M (Peak 852.49M) | Time:00:02.73 | Mem:0.00M, Peak:0.00M | Scene, ViewLayer | Synchronizing object | Bridge_guard_post.005
Fra:451 Mem:751.27M (Peak 852.49M) | Time:00:02.73 | Mem:0.00M, Peak:0.00M | Scene, ViewLayer | Synchronizing object | Bridge_guard_post.058
Fra:451 Mem:751.28M (Peak 852.49M) | Time:00:02.73 | Mem:0.00M, Peak:0.00M | Scene, ViewLayer | Synchronizing object | Track_sleeper.044
Fra:451 Mem:751.32M (Peak 852.49M) | Time:00:02.73 | Mem:0.00M, Peak:0.00M | Scene, ViewLayer | Synchronizing object | Track_sleeper.108
Fra:451 Mem:751.35M (Peak 852.49M) | Time:00:02.73 | Mem:0.00M, Peak:0.00M | Scene, ViewLayer | Synchronizing object | Track_sleeper.041
Fra:451 Mem:751.39M (Peak 852.49M) | Time:00:02.73 | Mem:0.00M, Peak:0.00M | Scene, ViewLayer | Synchronizing object | Track_sleeper.071
Fra:451 Mem:751.42M (Peak 852.49M) | Time:00:02.73 | Mem:0.00M, Peak:0.00M | Scene, ViewLayer | Synchronizing object | Bridge_guard_post.021
Fra:451 Mem:751.43M (Peak 852.49M) | Time:00:02.73 | Mem:0.00M, Peak:0.00M | Scene, ViewLayer | Synchronizing object | Bridge_guard_post.018
Fra:451 Mem:751.44M (Peak 852.49M) | Time:00:02.73 | Mem:0.00M, Peak:0.00M | Scene, ViewLayer | Synchronizing object | Track_sleeper.022
Fra:451 Mem:751.47M (Peak 852.49M) | Time:00:02.73 | Mem:0.00M, Peak:0.00M | Scene, ViewLayer | Synchronizing object | Bridge_guard_post.013
Fra:451 Mem:751.48M (Peak 852.49M) | Time:00:02.73 | Mem:0.00M, Peak:0.00M | Scene, ViewLayer | Synchronizing object | Bridge_guard_post.001
Fra:451 Mem:751.49M (Peak 852.49M) | Time:00:02.73 | Mem:0.00M, Peak:0.00M | Scene, ViewLayer | Synchronizing object | Bridge_guard_post.047
Fra:451 Mem:751.49M (Peak 852.49M) | Time:00:02.73 | Mem:0.00M, Peak:0.00M | Scene, ViewLayer | Synchronizing object | Track_sleeper.140
Fra:451 Mem:751.53M (Peak 852.49M) | Time:00:02.73 | Mem:0.00M, Peak:0.00M | Scene, ViewLayer | Synchronizing object | Track_sleeper.035
Fra:451 Mem:751.56M (Peak 852.49M) | Time:00:02.74 | Mem:0.00M, Peak:0.00M | Scene, ViewLayer | Synchronizing object | Track_sleeper.012
Fra:451 Mem:751.59M (Peak 852.49M) | Time:00:02.74 | Mem:0.00M, Peak:0.00M | Scene, ViewLayer | Synchronizing object | Track_sleeper.104
Fra:451 Mem:751.62M (Peak 852.49M) | Time:00:02.74 | Mem:0.00M, Peak:0.00M | Scene, ViewLayer | Synchronizing object | Track_sleeper.142
Fra:451 Mem:751.66M (Peak 852.49M) | Time:00:02.74 | Mem:0.00M, Peak:0.00M | Scene, ViewLayer | Synchronizing object | Track_sleeper.055
Fra:451 Mem:751.69M (Peak 852.49M) | Time:00:02.74 | Mem:0.00M, Peak:0.00M | Scene, ViewLayer | Synchronizing object | Track_sleeper.082
Fra:451 Mem:751.73M (Peak 852.49M) | Time:00:02.74 | Mem:0.00M, Peak:0.00M | Scene, ViewLayer | Synchronizing object | Track_sleeper.121
Fra:451 Mem:751.76M (Peak 852.49M) | Time:00:02.74 | Mem:0.00M, Peak:0.00M | Scene, ViewLayer | Synchronizing object | Track_sleeper.105
Fra:451 Mem:751.79M (Peak 852.49M) | Time:00:02.74 | Mem:0.00M, Peak:0.00M | Scene, ViewLayer | Synchronizing object | Bridge_guard_post.010
Fra:451 Mem:751.80M (Peak 852.49M) | Time:00:02.74 | Mem:0.00M, Peak:0.00M | Scene, ViewLayer | Synchronizing object | Bridge_guard_post.015
Fra:451 Mem:751.81M (Peak 852.49M) | Time:00:02.74 | Mem:0.00M, Peak:0.00M | Scene, ViewLayer | Synchronizing object | Bridge_guard_post.056
Fra:451 Mem:751.82M (Peak 852.49M) | Time:00:02.74 | Mem:0.00M, Peak:0.00M | Scene, ViewLayer | Synchronizing object | Track_sleeper.018
Fra:451 Mem:751.85M (Peak 852.49M) | Time:00:02.74 | Mem:0.00M, Peak:0.00M | Scene, ViewLayer | Synchronizing object | Track_sleeper.059
Fra:451 Mem:751.89M (Peak 852.49M) | Time:00:02.74 | Mem:0.00M, Peak:0.00M | Scene, ViewLayer | Synchronizing object | Bridge_guard_post.022
Fra:451 Mem:751.90M (Peak 852.49M) | Time:00:02.74 | Mem:0.00M, Peak:0.00M | Scene, ViewLayer | Synchronizing object | Track_sleeper.027
Fra:451 Mem:751.93M (Peak 852.49M) | Time:00:02.74 | Mem:0.00M, Peak:0.00M | Scene, ViewLayer | Synchronizing object | Track_sleeper.058
Fra:451 Mem:751.96M (Peak 852.49M) | Time:00:02.74 | Mem:0.00M, Peak:0.00M | Scene, ViewLayer | Synchronizing object | Track_sleeper.065
Fra:451 Mem:752.00M (Peak 852.49M) | Time:00:02.74 | Mem:0.00M, Peak:0.00M | Scene, ViewLayer | Synchronizing object | Track_sleeper.100
Fra:451 Mem:752.03M (Peak 852.49M) | Time:00:02.74 | Mem:0.00M, Peak:0.00M | Scene, ViewLayer | Synchronizing object | Track_sleeper.116
Fra:451 Mem:752.07M (Peak 852.49M) | Time:00:02.74 | Mem:0.00M, Peak:0.00M | Scene, ViewLayer | Synchronizing object | Bridge_guard_post.031
Fra:451 Mem:752.08M (Peak 852.49M) | Time:00:02.74 | Mem:0.00M, Peak:0.00M | Scene, ViewLayer | Synchronizing object | Track_sleeper.004
Fra:451 Mem:752.11M (Peak 852.49M) | Time:00:02.74 | Mem:0.00M, Peak:0.00M | Scene, ViewLayer | Synchronizing object | Track_sleeper.093
Fra:451 Mem:752.15M (Peak 852.49M) | Time:00:02.74 | Mem:0.00M, Peak:0.00M | Scene, ViewLayer | Synchronizing object | Track_sleeper.102
Fra:451 Mem:752.18M (Peak 852.49M) | Time:00:02.74 | Mem:0.00M, Peak:0.00M | Scene, ViewLayer | Synchronizing object | Track_sleeper.080
Fra:451 Mem:752.22M (Peak 852.49M) | Time:00:02.74 | Mem:0.00M, Peak:0.00M | Scene, ViewLayer | Synchronizing object | Buffer_stop_brace
Fra:451 Mem:752.22M (Peak 852.49M) | Time:00:02.74 | Mem:0.00M, Peak:0.00M | Scene, ViewLayer | Synchronizing object | Continuous_bridge_trackbed
Fra:451 Mem:752.46M (Peak 852.49M) | Time:00:02.74 | Mem:0.00M, Peak:0.00M | Scene, ViewLayer | Synchronizing object | Track_sleeper.020
Fra:451 Mem:752.49M (Peak 852.49M) | Time:00:02.74 | Mem:0.00M, Peak:0.00M | Scene, ViewLayer | Synchronizing object | Track_sleeper.031
Fra:451 Mem:752.53M (Peak 852.49M) | Time:00:02.74 | Mem:0.00M, Peak:0.00M | Scene, ViewLayer | Synchronizing object | Track_sleeper.078
Fra:451 Mem:752.57M (Peak 852.49M) | Time:00:02.74 | Mem:0.00M, Peak:0.00M | Scene, ViewLayer | Synchronizing object | Track_sleeper.118
Fra:451 Mem:752.60M (Peak 852.49M) | Time:00:02.74 | Mem:0.00M, Peak:0.00M | Scene, ViewLayer | Synchronizing object | Track_sleeper.057
Fra:451 Mem:752.63M (Peak 852.49M) | Time:00:02.74 | Mem:0.00M, Peak:0.00M | Scene, ViewLayer | Synchronizing object | Track_sleeper.095
Fra:451 Mem:752.67M (Peak 852.49M) | Time:00:02.74 | Mem:0.00M, Peak:0.00M | Scene, ViewLayer | Synchronizing object | Track_sleeper.127
Fra:451 Mem:752.70M (Peak 852.49M) | Time:00:02.74 | Mem:0.00M, Peak:0.00M | Scene, ViewLayer | Synchronizing object | Track_sleeper.136
Fra:451 Mem:752.74M (Peak 852.49M) | Time:00:02.74 | Mem:0.00M, Peak:0.00M | Scene, ViewLayer | Synchronizing object | Bridge_guard_post.034
Fra:451 Mem:752.75M (Peak 852.49M) | Time:00:02.74 | Mem:0.00M, Peak:0.00M | Scene, ViewLayer | Synchronizing object | Track_sleeper.015
Fra:451 Mem:752.78M (Peak 852.49M) | Time:00:02.74 | Mem:0.00M, Peak:0.00M | Scene, ViewLayer | Synchronizing object | Track_sleeper.007
Fra:451 Mem:752.82M (Peak 852.49M) | Time:00:02.74 | Mem:0.00M, Peak:0.00M | Scene, ViewLayer | Synchronizing object | Track_sleeper.148
Fra:451 Mem:752.85M (Peak 852.49M) | Time:00:02.74 | Mem:0.00M, Peak:0.00M | Scene, ViewLayer | Synchronizing object | Track_sleeper.145
Fra:451 Mem:752.88M (Peak 852.49M) | Time:00:02.74 | Mem:0.00M, Peak:0.00M | Scene, ViewLayer | Synchronizing object | Bridge_guard_post.044
Fra:451 Mem:752.90M (Peak 852.49M) | Time:00:02.74 | Mem:0.00M, Peak:0.00M | Scene, ViewLayer | Synchronizing object | Buffer_stop_brace.001
Fra:451 Mem:752.91M (Peak 852.49M) | Time:00:02.74 | Mem:0.00M, Peak:0.00M | Scene, ViewLayer | Synchronizing object | Track_sleeper.138
Fra:451 Mem:752.95M (Peak 852.49M) | Time:00:02.74 | Mem:0.00M, Peak:0.00M | Scene, ViewLayer | Synchronizing object | Track_sleeper.023
Fra:451 Mem:752.98M (Peak 852.49M) | Time:00:02.74 | Mem:0.00M, Peak:0.00M | Scene, ViewLayer | Synchronizing object | Track_sleeper.039
Fra:451 Mem:753.01M (Peak 852.49M) | Time:00:02.74 | Mem:0.00M, Peak:0.00M | Scene, ViewLayer | Synchronizing object | Track_sleeper.061
Fra:451 Mem:753.05M (Peak 852.49M) | Time:00:02.74 | Mem:0.00M, Peak:0.00M | Scene, ViewLayer | Synchronizing object | Bridge_guard_post.017
Fra:451 Mem:753.06M (Peak 852.49M) | Time:00:02.74 | Mem:0.00M, Peak:0.00M | Scene, ViewLayer | Synchronizing object | Track_sleeper.001
Fra:451 Mem:753.09M (Peak 852.49M) | Time:00:02.74 | Mem:0.00M, Peak:0.00M | Scene, ViewLayer | Synchronizing object | Track_sleeper.049
Fra:451 Mem:753.13M (Peak 852.49M) | Time:00:02.74 | Mem:0.00M, Peak:0.00M | Scene, ViewLayer | Synchronizing object | Bridge_guard_post.002
Fra:451 Mem:753.13M (Peak 852.49M) | Time:00:02.74 | Mem:0.00M, Peak:0.00M | Scene, ViewLayer | Synchronizing object | Track_sleeper.054
Fra:451 Mem:753.17M (Peak 852.49M) | Time:00:02.74 | Mem:0.00M, Peak:0.00M | Scene, ViewLayer | Synchronizing object | Track_sleeper.075
Fra:451 Mem:753.20M (Peak 852.49M) | Time:00:02.74 | Mem:0.00M, Peak:0.00M | Scene, ViewLayer | Synchronizing object | Track_sleeper.130
Fra:451 Mem:753.24M (Peak 852.49M) | Time:00:02.74 | Mem:0.00M, Peak:0.00M | Scene, ViewLayer | Synchronizing object | Bridge_guard_post.033
Fra:451 Mem:753.25M (Peak 852.49M) | Time:00:02.74 | Mem:0.00M, Peak:0.00M | Scene, ViewLayer | Synchronizing object | Bridge_guard_post.041
Fra:451 Mem:753.25M (Peak 852.49M) | Time:00:02.74 | Mem:0.00M, Peak:0.00M | Scene, ViewLayer | Synchronizing object | Bridge_guard_post.042
Fra:451 Mem:753.26M (Peak 852.49M) | Time:00:02.74 | Mem:0.00M, Peak:0.00M | Scene, ViewLayer | Synchronizing object | Track_sleeper.056
Fra:451 Mem:753.30M (Peak 852.49M) | Time:00:02.75 | Mem:0.00M, Peak:0.00M | Scene, ViewLayer | Synchronizing object | Track_sleeper.126
Fra:451 Mem:753.34M (Peak 852.49M) | Time:00:02.75 | Mem:0.00M, Peak:0.00M | Scene, ViewLayer | Synchronizing object | Track_sleeper.005
Fra:451 Mem:753.37M (Peak 852.49M) | Time:00:02.75 | Mem:0.00M, Peak:0.00M | Scene, ViewLayer | Synchronizing object | Bridge_guard_post.006
Fra:451 Mem:753.38M (Peak 852.49M) | Time:00:02.75 | Mem:0.00M, Peak:0.00M | Scene, ViewLayer | Synchronizing object | Bridge_guard_post.051
Fra:451 Mem:753.39M (Peak 852.49M) | Time:00:02.75 | Mem:0.00M, Peak:0.00M | Scene, ViewLayer | Synchronizing object | Track_sleeper.083
Fra:451 Mem:753.42M (Peak 852.49M) | Time:00:02.75 | Mem:0.00M, Peak:0.00M | Scene, ViewLayer | Synchronizing object | Track_sleeper.132
Fra:451 Mem:753.46M (Peak 852.49M) | Time:00:02.75 | Mem:0.00M, Peak:0.00M | Scene, ViewLayer | Synchronizing object | Bridge_guard_post.024
Fra:451 Mem:753.47M (Peak 852.49M) | Time:00:02.75 | Mem:0.00M, Peak:0.00M | Scene, ViewLayer | Synchronizing object | Running_rail
Fra:451 Mem:754.16M (Peak 852.49M) | Time:00:02.75 | Mem:0.00M, Peak:0.00M | Scene, ViewLayer | Synchronizing object | Viaduct_arch_spandrel.003
Fra:451 Mem:754.19M (Peak 852.49M) | Time:00:02.75 | Mem:0.00M, Peak:0.00M | Scene, ViewLayer | Synchronizing object | Viaduct_arch_spandrel.005
Fra:451 Mem:754.23M (Peak 852.49M) | Time:00:02.75 | Mem:0.00M, Peak:0.00M | Scene, ViewLayer | Synchronizing object | Track_sleeper.112
Fra:451 Mem:754.26M (Peak 852.49M) | Time:00:02.75 | Mem:0.00M, Peak:0.00M | Scene, ViewLayer | Synchronizing object | Bridge_guard_post.009
Fra:451 Mem:754.27M (Peak 852.49M) | Time:00:02.75 | Mem:0.00M, Peak:0.00M | Scene, ViewLayer | Synchronizing object | Viaduct_bearing_cap_G2R01_00
Fra:451 Mem:754.30M (Peak 852.49M) | Time:00:02.75 | Mem:0.00M, Peak:0.00M | Scene, ViewLayer | Synchronizing object | Viaduct_bearing_cap_G2R01_01
Fra:451 Mem:754.33M (Peak 852.49M) | Time:00:02.75 | Mem:0.00M, Peak:0.00M | Scene, ViewLayer | Synchronizing object | Viaduct_bearing_cap_G2R01_02
Fra:451 Mem:754.36M (Peak 852.49M) | Time:00:02.75 | Mem:0.00M, Peak:0.00M | Scene, ViewLayer | Synchronizing object | Viaduct_bearing_cap_G2R01_03
Fra:451 Mem:754.38M (Peak 852.49M) | Time:00:02.75 | Mem:0.00M, Peak:0.00M | Scene, ViewLayer | Synchronizing object | Viaduct_bearing_cap_G2R01_04
Fra:451 Mem:754.41M (Peak 852.49M) | Time:00:02.75 | Mem:0.00M, Peak:0.00M | Scene, ViewLayer | Synchronizing object | Viaduct_bearing_cap_G2R01_05
Fra:451 Mem:754.44M (Peak 852.49M) | Time:00:02.75 | Mem:0.00M, Peak:0.00M | Scene, ViewLayer | Synchronizing object | Viaduct_bearing_cap_G2R01_06
Fra:451 Mem:754.48M (Peak 852.49M) | Time:00:02.75 | Mem:0.00M, Peak:0.00M | Scene, ViewLayer | Synchronizing object | Curved_roof_glazing.132
Fra:451 Mem:754.48M (Peak 852.49M) | Time:00:02.75 | Mem:0.00M, Peak:0.00M | Scene, ViewLayer | Synchronizing object | Wall_glazing_mullion.010
Fra:451 Mem:754.51M (Peak 852.49M) | Time:00:02.75 | Mem:0.00M, Peak:0.00M | Scene, ViewLayer | Synchronizing object | Ridge_vent_stanchion.008
Fra:451 Mem:754.52M (Peak 852.49M) | Time:00:02.75 | Mem:0.00M, Peak:0.00M | Scene, ViewLayer | Synchronizing object | Wall_stone_sill.040
Fra:451 Mem:754.55M (Peak 852.49M) | Time:00:02.75 | Mem:0.00M, Peak:0.00M | Scene, ViewLayer | Synchronizing object | Wall_transom.133
Fra:451 Mem:754.58M (Peak 852.49M) | Time:00:02.75 | Mem:0.00M, Peak:0.00M | Scene, ViewLayer | Synchronizing object | Column_capital.008
Fra:451 Mem:754.61M (Peak 852.49M) | Time:00:02.75 | Mem:0.00M, Peak:0.00M | Scene, ViewLayer | Synchronizing object | Curved_roof_glazing.273
Fra:451 Mem:754.61M (Peak 852.49M) | Time:00:02.75 | Mem:0.00M, Peak:0.00M | Scene, ViewLayer | Synchronizing object | Wall_transom.019
Fra:451 Mem:754.64M (Peak 852.49M) | Time:00:02.75 | Mem:0.00M, Peak:0.00M | Scene, ViewLayer | Synchronizing object | Curved_roof_glazing.222
Fra:451 Mem:754.65M (Peak 852.49M) | Time:00:02.75 | Mem:0.00M, Peak:0.00M | Scene, ViewLayer | Synchronizing object | Side_wall_glass.057
Fra:451 Mem:754.65M (Peak 852.49M) | Time:00:02.75 | Mem:0.00M, Peak:0.00M | Scene, ViewLayer | Synchronizing object | Wall_transom.033
Fra:451 Mem:754.68M (Peak 852.49M) | Time:00:02.75 | Mem:0.00M, Peak:0.00M | Scene, ViewLayer | Synchronizing object | Curved_roof_glazing.027
Fra:451 Mem:754.69M (Peak 852.49M) | Time:00:02.75 | Mem:0.00M, Peak:0.00M | Scene, ViewLayer | Synchronizing object | Curved_roof_glazing.043
Fra:451 Mem:754.69M (Peak 852.49M) | Time:00:02.75 | Mem:0.00M, Peak:0.00M | Scene, ViewLayer | Synchronizing object | Curved_roof_glazing.107
Fra:451 Mem:754.70M (Peak 852.49M) | Time:00:02.75 | Mem:0.00M, Peak:0.00M | Scene, ViewLayer | Synchronizing object | Wall_transom.063
Fra:451 Mem:754.73M (Peak 852.49M) | Time:00:02.75 | Mem:0.00M, Peak:0.00M | Scene, ViewLayer | Synchronizing object | Column_base_plinth.007
Fra:451 Mem:754.76M (Peak 852.49M) | Time:00:02.75 | Mem:0.00M, Peak:0.00M | Scene, ViewLayer | Synchronizing object | Curved_roof_glazing.008
Fra:451 Mem:754.76M (Peak 852.49M) | Time:00:02.75 | Mem:0.00M, Peak:0.00M | Scene, ViewLayer | Synchronizing object | End_wall_glazing.003
Fra:451 Mem:754.77M (Peak 852.49M) | Time:00:02.75 | Mem:0.00M, Peak:0.00M | Scene, ViewLayer | Synchronizing object | Curved_roof_glazing.200
Fra:451 Mem:754.77M (Peak 852.49M) | Time:00:02.75 | Mem:0.00M, Peak:0.00M | Scene, ViewLayer | Synchronizing object | Side_wall_glass.102
Fra:451 Mem:754.77M (Peak 852.49M) | Time:00:02.75 | Mem:0.00M, Peak:0.00M | Scene, ViewLayer | Synchronizing object | Side_wall_glass.046
Fra:451 Mem:754.77M (Peak 852.49M) | Time:00:02.75 | Mem:0.00M, Peak:0.00M | Scene, ViewLayer | Synchronizing object | Curved_roof_glazing.133
Fra:451 Mem:754.78M (Peak 852.49M) | Time:00:02.75 | Mem:0.00M, Peak:0.00M | Scene, ViewLayer | Synchronizing object | Wall_transom.188
Fra:451 Mem:754.81M (Peak 852.49M) | Time:00:02.75 | Mem:0.00M, Peak:0.00M | Scene, ViewLayer | Synchronizing object | Column_base_plinth.009
Fra:451 Mem:754.84M (Peak 852.49M) | Time:00:02.75 | Mem:0.00M, Peak:0.00M | Scene, ViewLayer | Synchronizing object | Curved_roof_glazing.274
Fra:451 Mem:754.84M (Peak 852.49M) | Time:00:02.75 | Mem:0.00M, Peak:0.00M | Scene, ViewLayer | Synchronizing object | Curved_roof_glazing.223
Fra:451 Mem:754.85M (Peak 852.49M) | Time:00:02.75 | Mem:0.00M, Peak:0.00M | Scene, ViewLayer | Synchronizing object | Secondary_glazing_rib.023
Fra:451 Mem:754.94M (Peak 852.49M) | Time:00:02.75 | Mem:0.00M, Peak:0.00M | Scene, ViewLayer | Synchronizing object | Curved_roof_glazing.044
Fra:451 Mem:754.95M (Peak 852.49M) | Time:00:02.75 | Mem:0.00M, Peak:0.00M | Scene, ViewLayer | Synchronizing object | Curved_roof_glazing.108
Fra:451 Mem:754.95M (Peak 852.49M) | Time:00:02.75 | Mem:0.00M, Peak:0.00M | Scene, ViewLayer | Synchronizing object | Curved_roof_glazing.028
Fra:451 Mem:754.96M (Peak 852.49M) | Time:00:02.75 | Mem:0.00M, Peak:0.00M | Scene, ViewLayer | Synchronizing object | End_wall_mullion.010
Fra:451 Mem:754.99M (Peak 852.49M) | Time:00:02.75 | Mem:0.00M, Peak:0.00M | Scene, ViewLayer | Synchronizing object | Wall_stone_sill.039
Fra:451 Mem:755.02M (Peak 852.49M) | Time:00:02.75 | Mem:0.00M, Peak:0.00M | Scene, ViewLayer | Synchronizing object | Curved_roof_glazing.009
Fra:451 Mem:755.02M (Peak 852.49M) | Time:00:02.75 | Mem:0.00M, Peak:0.00M | Scene, ViewLayer | Synchronizing object | Column_base_plinth.016
Fra:451 Mem:755.05M (Peak 852.49M) | Time:00:02.75 | Mem:0.00M, Peak:0.00M | Scene, ViewLayer | Synchronizing object | Curved_roof_glazing.201
Fra:451 Mem:755.06M (Peak 852.49M) | Time:00:02.75 | Mem:0.00M, Peak:0.00M | Scene, ViewLayer | Synchronizing object | Side_wall_glass.027
Fra:451 Mem:755.06M (Peak 852.49M) | Time:00:02.75 | Mem:0.00M, Peak:0.00M | Scene, ViewLayer | Synchronizing object | Side_wall_glass.047
Fra:451 Mem:755.06M (Peak 852.49M) | Time:00:02.75 | Mem:0.00M, Peak:0.00M | Scene, ViewLayer | Synchronizing object | Curved_roof_glazing.134
Fra:451 Mem:755.07M (Peak 852.49M) | Time:00:02.75 | Mem:0.00M, Peak:0.00M | Scene, ViewLayer | Synchronizing object | Wall_transom.110
Fra:451 Mem:755.10M (Peak 852.49M) | Time:00:02.75 | Mem:0.00M, Peak:0.00M | Scene, ViewLayer | Synchronizing object | Ridge_vent_stanchion.009
Fra:451 Mem:755.10M (Peak 852.49M) | Time:00:02.75 | Mem:0.00M, Peak:0.00M | Scene, ViewLayer | Synchronizing object | Wall_stone_sill.038
Fra:451 Mem:755.13M (Peak 852.49M) | Time:00:02.75 | Mem:0.00M, Peak:0.00M | Scene, ViewLayer | Synchronizing object | Curved_roof_glazing.275
Fra:451 Mem:755.14M (Peak 852.49M) | Time:00:02.75 | Mem:0.00M, Peak:0.00M | Scene, ViewLayer | Synchronizing object | Load_column.009
Fra:451 Mem:755.15M (Peak 852.49M) | Time:00:02.75 | Mem:0.00M, Peak:0.00M | Scene, ViewLayer | Synchronizing object | Wall_stone_sill.023
Fra:451 Mem:755.18M (Peak 852.49M) | Time:00:02.75 | Mem:0.00M, Peak:0.00M | Scene, ViewLayer | Synchronizing object | Wall_transom.014
Fra:451 Mem:755.21M (Peak 852.49M) | Time:00:02.75 | Mem:0.00M, Peak:0.00M | Scene, ViewLayer | Synchronizing object | Wall_transom.090
Fra:451 Mem:755.24M (Peak 852.49M) | Time:00:02.75 | Mem:0.00M, Peak:0.00M | Scene, ViewLayer | Synchronizing object | Curved_roof_glazing.224
Fra:451 Mem:755.24M (Peak 852.49M) | Time:00:02.76 | Mem:0.00M, Peak:0.00M | Scene, ViewLayer | Synchronizing object | Wall_transom.082
Fra:451 Mem:755.27M (Peak 852.49M) | Time:00:02.76 | Mem:0.00M, Peak:0.00M | Scene, ViewLayer | Synchronizing object | Wall_transom.155
Fra:451 Mem:755.30M (Peak 852.49M) | Time:00:02.76 | Mem:0.00M, Peak:0.00M | Scene, ViewLayer | Synchronizing object | Curved_roof_glazing.029
Fra:451 Mem:755.31M (Peak 852.49M) | Time:00:02.76 | Mem:0.00M, Peak:0.00M | Scene, ViewLayer | Synchronizing object | Curved_roof_glazing.045
Fra:451 Mem:755.31M (Peak 852.49M) | Time:00:02.76 | Mem:0.00M, Peak:0.00M | Scene, ViewLayer | Synchronizing object | Curved_roof_glazing.109
Fra:451 Mem:755.32M (Peak 852.49M) | Time:00:02.76 | Mem:0.00M, Peak:0.00M | Scene, ViewLayer | Synchronizing object | Hall_door_stile.002
Fra:451 Mem:755.35M (Peak 852.49M) | Time:00:02.76 | Mem:0.00M, Peak:0.00M | Scene, ViewLayer | Synchronizing object | Side_wall_glass.078
Fra:451 Mem:755.35M (Peak 852.49M) | Time:00:02.76 | Mem:0.00M, Peak:0.00M | Scene, ViewLayer | Synchronizing object | Wall_glazing_mullion.043
Fra:451 Mem:755.38M (Peak 852.49M) | Time:00:02.76 | Mem:0.00M, Peak:0.00M | Scene, ViewLayer | Synchronizing object | Curved_roof_glazing.376
Fra:451 Mem:755.38M (Peak 852.49M) | Time:00:02.76 | Mem:0.00M, Peak:0.00M | Scene, ViewLayer | Synchronizing object | Curved_roof_glazing.010
Fra:451 Mem:755.39M (Peak 852.49M) | Time:00:02.76 | Mem:0.00M, Peak:0.00M | Scene, ViewLayer | Synchronizing object | Hall_door_rail.001
Fra:451 Mem:755.42M (Peak 852.49M) | Time:00:02.76 | Mem:0.00M, Peak:0.00M | Scene, ViewLayer | Synchronizing object | Curved_roof_glazing.202
Fra:451 Mem:755.42M (Peak 852.49M) | Time:00:02.76 | Mem:0.00M, Peak:0.00M | Scene, ViewLayer | Synchronizing object | Curved_roof_glazing.135
Fra:451 Mem:755.43M (Peak 852.49M) | Time:00:02.76 | Mem:0.00M, Peak:0.00M | Scene, ViewLayer | Synchronizing object | End_wall_glazing.008
Fra:451 Mem:755.43M (Peak 852.49M) | Time:00:02.76 | Mem:0.00M, Peak:0.00M | Scene, ViewLayer | Synchronizing object | Side_wall_glass.076
Fra:451 Mem:755.44M (Peak 852.49M) | Time:00:02.76 | Mem:0.00M, Peak:0.00M | Scene, ViewLayer | Synchronizing object | Longitudinal_roof_purlin
Fra:451 Mem:755.47M (Peak 852.49M) | Time:00:02.76 | Mem:0.00M, Peak:0.00M | Scene, ViewLayer | Synchronizing object | Curved_roof_glazing.225
Fra:451 Mem:755.47M (Peak 852.49M) | Time:00:02.76 | Mem:0.00M, Peak:0.00M | Scene, ViewLayer | Synchronizing object | Wall_transom.121
Fra:451 Mem:755.50M (Peak 852.49M) | Time:00:02.76 | Mem:0.00M, Peak:0.00M | Scene, ViewLayer | Synchronizing object | Curved_roof_glazing.030
Fra:451 Mem:755.51M (Peak 852.49M) | Time:00:02.76 | Mem:0.00M, Peak:0.00M | Scene, ViewLayer | Synchronizing object | Curved_roof_glazing.046
Fra:451 Mem:755.51M (Peak 852.49M) | Time:00:02.76 | Mem:0.00M, Peak:0.00M | Scene, ViewLayer | Synchronizing object | Curved_roof_glazing.110
Fra:451 Mem:755.52M (Peak 852.49M) | Time:00:02.76 | Mem:0.00M, Peak:0.00M | Scene, ViewLayer | Synchronizing object | End_wall_mullion.019
Fra:451 Mem:755.55M (Peak 852.49M) | Time:00:02.76 | Mem:0.00M, Peak:0.00M | Scene, ViewLayer | Synchronizing object | Wall_transom.101
Fra:451 Mem:755.58M (Peak 852.49M) | Time:00:02.76 | Mem:0.00M, Peak:0.00M | Scene, ViewLayer | Synchronizing object | Curved_roof_glazing.011
Fra:451 Mem:755.58M (Peak 852.49M) | Time:00:02.76 | Mem:0.00M, Peak:0.00M | Scene, ViewLayer | Synchronizing object | Wall_stone_sill.041
Fra:451 Mem:755.61M (Peak 852.49M) | Time:00:02.76 | Mem:0.00M, Peak:0.00M | Scene, ViewLayer | Synchronizing object | Curved_roof_glazing.203
Fra:451 Mem:755.62M (Peak 852.49M) | Time:00:02.76 | Mem:0.00M, Peak:0.00M | Scene, ViewLayer | Synchronizing object | Side_wall_glass.103
Fra:451 Mem:755.62M (Peak 852.49M) | Time:00:02.76 | Mem:0.00M, Peak:0.00M | Scene, ViewLayer | Synchronizing object | Wall_transom.137
Fra:451 Mem:755.65M (Peak 852.49M) | Time:00:02.76 | Mem:0.00M, Peak:0.00M | Scene, ViewLayer | Synchronizing object | Wall_transom.006
Fra:451 Mem:755.68M (Peak 852.49M) | Time:00:02.76 | Mem:0.00M, Peak:0.00M | Scene, ViewLayer | Synchronizing object | Wall_transom.029
Fra:451 Mem:755.71M (Peak 852.49M) | Time:00:02.76 | Mem:0.00M, Peak:0.00M | Scene, ViewLayer | Synchronizing object | Wall_transom.079
Fra:451 Mem:755.73M (Peak 852.49M) | Time:00:02.76 | Mem:0.00M, Peak:0.00M | Scene, ViewLayer | Synchronizing object | Curved_roof_glazing.136
Fra:451 Mem:755.74M (Peak 852.49M) | Time:00:02.76 | Mem:0.00M, Peak:0.00M | Scene, ViewLayer | Synchronizing object | Wall_glazing_mullion.011
Fra:451 Mem:755.77M (Peak 852.49M) | Time:00:02.76 | Mem:0.00M, Peak:0.00M | Scene, ViewLayer | Synchronizing object | Wall_transom.178
Fra:451 Mem:755.80M (Peak 852.49M) | Time:00:02.76 | Mem:0.00M, Peak:0.00M | Scene, ViewLayer | Synchronizing object | Wall_transom.047
Fra:451 Mem:755.83M (Peak 852.49M) | Time:00:02.76 | Mem:0.00M, Peak:0.00M | Scene, ViewLayer | Synchronizing object | Curved_roof_glazing.226
Fra:451 Mem:755.83M (Peak 852.49M) | Time:00:02.76 | Mem:0.00M, Peak:0.00M | Scene, ViewLayer | Synchronizing object | End_wall_mullion.002
Fra:451 Mem:755.86M (Peak 852.49M) | Time:00:02.76 | Mem:0.00M, Peak:0.00M | Scene, ViewLayer | Synchronizing object | End_wall_sill.007
Fra:451 Mem:755.89M (Peak 852.49M) | Time:00:02.76 | Mem:0.00M, Peak:0.00M | Scene, ViewLayer | Synchronizing object | End_wall_sill
Fra:451 Mem:755.93M (Peak 852.49M) | Time:00:02.76 | Mem:0.00M, Peak:0.00M | Scene, ViewLayer | Synchronizing object | Wall_stone_sill.004
Fra:451 Mem:755.96M (Peak 852.49M) | Time:00:02.76 | Mem:0.00M, Peak:0.00M | Scene, ViewLayer | Synchronizing object | Curved_roof_glazing.031
Fra:451 Mem:755.96M (Peak 852.49M) | Time:00:02.76 | Mem:0.00M, Peak:0.00M | Scene, ViewLayer | Synchronizing object | Curved_roof_glazing.047
Fra:451 Mem:755.97M (Peak 852.49M) | Time:00:02.76 | Mem:0.00M, Peak:0.00M | Scene, ViewLayer | Synchronizing object | Curved_roof_glazing.111
Fra:451 Mem:755.97M (Peak 852.49M) | Time:00:02.76 | Mem:0.00M, Peak:0.00M | Scene, ViewLayer | Synchronizing object | Curved_roof_glazing.012
Fra:451 Mem:755.98M (Peak 852.49M) | Time:00:02.76 | Mem:0.00M, Peak:0.00M | Scene, ViewLayer | Synchronizing object | Side_wall_glass.082
Fra:451 Mem:755.98M (Peak 852.49M) | Time:00:02.76 | Mem:0.00M, Peak:0.00M | Scene, ViewLayer | Synchronizing object | Curved_roof_glazing.204
Fra:451 Mem:755.98M (Peak 852.49M) | Time:00:02.76 | Mem:0.00M, Peak:0.00M | Scene, ViewLayer | Synchronizing object | Side_wall_glass.093
Fra:451 Mem:755.99M (Peak 852.49M) | Time:00:02.76 | Mem:0.00M, Peak:0.00M | Scene, ViewLayer | Synchronizing object | Wall_transom.108
Fra:451 Mem:756.02M (Peak 852.49M) | Time:00:02.76 | Mem:0.00M, Peak:0.00M | Scene, ViewLayer | Synchronizing object | Wall_transom.141
Fra:451 Mem:756.05M (Peak 852.49M) | Time:00:02.76 | Mem:0.00M, Peak:0.00M | Scene, ViewLayer | Synchronizing object | Curved_roof_glazing.137
Fra:451 Mem:756.05M (Peak 852.49M) | Time:00:02.76 | Mem:0.00M, Peak:0.00M | Scene, ViewLayer | Synchronizing object | Curved_roof_glazing.227
Fra:451 Mem:756.06M (Peak 852.49M) | Time:00:02.76 | Mem:0.00M, Peak:0.00M | Scene, ViewLayer | Synchronizing object | Wall_transom.034
Fra:451 Mem:756.09M (Peak 852.49M) | Time:00:02.76 | Mem:0.00M, Peak:0.00M | Scene, ViewLayer | Synchronizing object | Wall_transom.084
Fra:451 Mem:756.12M (Peak 852.49M) | Time:00:02.76 | Mem:0.00M, Peak:0.00M | Scene, ViewLayer | Synchronizing object | End_wall_glazing.001
Fra:451 Mem:756.12M (Peak 852.49M) | Time:00:02.76 | Mem:0.00M, Peak:0.00M | Scene, ViewLayer | Synchronizing object | Curved_roof_glazing.032
Fra:451 Mem:756.13M (Peak 852.49M) | Time:00:02.76 | Mem:0.00M, Peak:0.00M | Scene, ViewLayer | Synchronizing object | Curved_roof_glazing.048
Fra:451 Mem:756.13M (Peak 852.49M) | Time:00:02.76 | Mem:0.00M, Peak:0.00M | Scene, ViewLayer | Synchronizing object | Curved_roof_glazing.112
Fra:451 Mem:756.14M (Peak 852.49M) | Time:00:02.76 | Mem:0.00M, Peak:0.00M | Scene, ViewLayer | Synchronizing object | Side_wall_glass.079
Fra:451 Mem:756.14M (Peak 852.49M) | Time:00:02.76 | Mem:0.00M, Peak:0.00M | Scene, ViewLayer | Synchronizing object | Wall_transom.064
Fra:451 Mem:756.17M (Peak 852.49M) | Time:00:02.76 | Mem:0.00M, Peak:0.00M | Scene, ViewLayer | Synchronizing object | Curved_roof_glazing.013
Fra:451 Mem:756.17M (Peak 852.49M) | Time:00:02.76 | Mem:0.00M, Peak:0.00M | Scene, ViewLayer | Synchronizing object | Curved_roof_glazing.205
Fra:451 Mem:756.18M (Peak 852.49M) | Time:00:02.76 | Mem:0.00M, Peak:0.00M | Scene, ViewLayer | Synchronizing object | Curved_roof_glazing.138
Fra:451 Mem:756.19M (Peak 852.49M) | Time:00:02.76 | Mem:0.00M, Peak:0.00M | Scene, ViewLayer | Synchronizing object | Wall_transom.189
Fra:451 Mem:756.22M (Peak 852.49M) | Time:00:02.76 | Mem:0.00M, Peak:0.00M | Scene, ViewLayer | Synchronizing object | Side_wall_glass.077
Fra:451 Mem:756.22M (Peak 852.49M) | Time:00:02.76 | Mem:0.00M, Peak:0.00M | Scene, ViewLayer | Synchronizing object | Column_base_plinth.015
Fra:451 Mem:756.25M (Peak 852.49M) | Time:00:02.76 | Mem:0.00M, Peak:0.00M | Scene, ViewLayer | Synchronizing object | Curved_roof_glazing.164
Fra:451 Mem:756.25M (Peak 852.49M) | Time:00:02.76 | Mem:0.00M, Peak:0.00M | Scene, ViewLayer | Synchronizing object | Curved_roof_glazing.372
Fra:451 Mem:756.26M (Peak 852.49M) | Time:00:02.76 | Mem:0.00M, Peak:0.00M | Scene, ViewLayer | Synchronizing object | Longitudinal_roof_purlin.007
Fra:451 Mem:756.29M (Peak 852.49M) | Time:00:02.76 | Mem:0.00M, Peak:0.00M | Scene, ViewLayer | Synchronizing object | Side_wall_glass.008
Fra:451 Mem:756.29M (Peak 852.49M) | Time:00:02.76 | Mem:0.00M, Peak:0.00M | Scene, ViewLayer | Synchronizing object | Curved_roof_glazing.033
Fra:451 Mem:756.30M (Peak 852.49M) | Time:00:02.76 | Mem:0.00M, Peak:0.00M | Scene, ViewLayer | Synchronizing object | Curved_roof_glazing.049
Fra:451 Mem:756.30M (Peak 852.49M) | Time:00:02.76 | Mem:0.00M, Peak:0.00M | Scene, ViewLayer | Synchronizing object | Curved_roof_glazing.113
Fra:451 Mem:756.31M (Peak 852.49M) | Time:00:02.76 | Mem:0.00M, Peak:0.00M | Scene, ViewLayer | Synchronizing object | End_wall_sill.010
Fra:451 Mem:756.34M (Peak 852.49M) | Time:00:02.76 | Mem:0.00M, Peak:0.00M | Scene, ViewLayer | Synchronizing object | Curved_roof_glazing.014
Fra:451 Mem:756.34M (Peak 852.49M) | Time:00:02.76 | Mem:0.00M, Peak:0.00M | Scene, ViewLayer | Synchronizing object | End_wall_mullion.003
Fra:451 Mem:756.37M (Peak 852.49M) | Time:00:02.76 | Mem:0.00M, Peak:0.00M | Scene, ViewLayer | Synchronizing object | Curved_roof_glazing.206
Fra:451 Mem:756.38M (Peak 852.49M) | Time:00:02.76 | Mem:0.00M, Peak:0.00M | Scene, ViewLayer | Synchronizing object | Wall_transom.069
Fra:451 Mem:756.41M (Peak 852.49M) | Time:00:02.76 | Mem:0.00M, Peak:0.00M | Scene, ViewLayer | Synchronizing object | Wall_transom.039
Fra:451 Mem:756.44M (Peak 852.49M) | Time:00:02.76 | Mem:0.00M, Peak:0.00M | Scene, ViewLayer | Synchronizing object | Curved_roof_glazing.139
Fra:451 Mem:756.45M (Peak 852.49M) | Time:00:02.76 | Mem:0.00M, Peak:0.00M | Scene, ViewLayer | Synchronizing object | Primary_elliptical_arch.002
Fra:451 Mem:756.59M (Peak 852.49M) | Time:00:02.76 | Mem:0.00M, Peak:0.00M | Scene, ViewLayer | Synchronizing object | Wall_stone_sill.037
Fra:451 Mem:756.62M (Peak 852.49M) | Time:00:02.76 | Mem:0.00M, Peak:0.00M | Scene, ViewLayer | Synchronizing object | Curved_roof_glazing.165
Fra:451 Mem:756.62M (Peak 852.49M) | Time:00:02.76 | Mem:0.00M, Peak:0.00M | Scene, ViewLayer | Synchronizing object | Curved_roof_glazing.373
Fra:451 Mem:756.63M (Peak 852.49M) | Time:00:02.76 | Mem:0.00M, Peak:0.00M | Scene, ViewLayer | Synchronizing object | Load_column.015
Fra:451 Mem:756.64M (Peak 852.49M) | Time:00:02.76 | Mem:0.00M, Peak:0.00M | Scene, ViewLayer | Synchronizing object | Ridge_vent_stanchion.018
Fra:451 Mem:756.64M (Peak 852.49M) | Time:00:02.76 | Mem:0.00M, Peak:0.00M | Scene, ViewLayer | Synchronizing object | Side_wall_glass.064
Fra:451 Mem:756.64M (Peak 852.49M) | Time:00:02.76 | Mem:0.00M, Peak:0.00M | Scene, ViewLayer | Synchronizing object | Wall_transom.156
Fra:451 Mem:756.67M (Peak 852.49M) | Time:00:02.76 | Mem:0.00M, Peak:0.00M | Scene, ViewLayer | Synchronizing object | Curved_roof_glazing.034
Fra:451 Mem:756.68M (Peak 852.49M) | Time:00:02.76 | Mem:0.00M, Peak:0.00M | Scene, ViewLayer | Synchronizing object | Curved_roof_glazing.050
Fra:451 Mem:756.68M (Peak 852.49M) | Time:00:02.76 | Mem:0.00M, Peak:0.00M | Scene, ViewLayer | Synchronizing object | Curved_roof_glazing.114
Fra:451 Mem:756.69M (Peak 852.49M) | Time:00:02.76 | Mem:0.00M, Peak:0.00M | Scene, ViewLayer | Synchronizing object | Hall_door_stile.003
Fra:451 Mem:756.72M (Peak 852.49M) | Time:00:02.77 | Mem:0.00M, Peak:0.00M | Scene, ViewLayer | Synchronizing object | Curved_roof_glazing.015
Fra:451 Mem:756.72M (Peak 852.49M) | Time:00:02.77 | Mem:0.00M, Peak:0.00M | Scene, ViewLayer | Synchronizing object | Hall_door_rail.002
Fra:451 Mem:756.75M (Peak 852.49M) | Time:00:02.77 | Mem:0.00M, Peak:0.00M | Scene, ViewLayer | Synchronizing object | Side_wall_glass.083
Fra:451 Mem:756.75M (Peak 852.49M) | Time:00:02.77 | Mem:0.00M, Peak:0.00M | Scene, ViewLayer | Synchronizing object | Curved_roof_glazing.207
Fra:451 Mem:756.76M (Peak 852.49M) | Time:00:02.77 | Mem:0.00M, Peak:0.00M | Scene, ViewLayer | Synchronizing object | Column_base_plinth.004
Fra:451 Mem:756.79M (Peak 852.49M) | Time:00:02.77 | Mem:0.00M, Peak:0.00M | Scene, ViewLayer | Synchronizing object | Curved_roof_glazing.140
Fra:451 Mem:756.80M (Peak 852.49M) | Time:00:02.77 | Mem:0.00M, Peak:0.00M | Scene, ViewLayer | Synchronizing object | Side_wall_glass.074
Fra:451 Mem:756.81M (Peak 852.49M) | Time:00:02.77 | Mem:0.00M, Peak:0.00M | Scene, ViewLayer | Synchronizing object | Wall_transom.180
Fra:451 Mem:756.84M (Peak 852.49M) | Time:00:02.77 | Mem:0.00M, Peak:0.00M | Scene, ViewLayer | Synchronizing object | End_wall_mullion.008
Fra:451 Mem:756.87M (Peak 852.49M) | Time:00:02.77 | Mem:0.00M, Peak:0.00M | Scene, ViewLayer | Synchronizing object | Wall_transom.016
Fra:451 Mem:756.90M (Peak 852.49M) | Time:00:02.77 | Mem:0.00M, Peak:0.00M | Scene, ViewLayer | Synchronizing object | Curved_roof_glazing.166
Fra:451 Mem:756.90M (Peak 852.49M) | Time:00:02.77 | Mem:0.00M, Peak:0.00M | Scene, ViewLayer | Synchronizing object | Curved_roof_glazing.374
Fra:451 Mem:756.91M (Peak 852.49M) | Time:00:02.77 | Mem:0.00M, Peak:0.00M | Scene, ViewLayer | Synchronizing object | End_wall_mullion.005
Fra:451 Mem:756.94M (Peak 852.49M) | Time:00:02.77 | Mem:0.00M, Peak:0.00M | Scene, ViewLayer | Synchronizing object | Side_wall_glass.009
Fra:451 Mem:756.94M (Peak 852.49M) | Time:00:02.77 | Mem:0.00M, Peak:0.00M | Scene, ViewLayer | Synchronizing object | Wall_stone_sill.034
Fra:451 Mem:756.97M (Peak 852.49M) | Time:00:02.77 | Mem:0.00M, Peak:0.00M | Scene, ViewLayer | Synchronizing object | Curved_roof_glazing.035
Fra:451 Mem:756.97M (Peak 852.49M) | Time:00:02.77 | Mem:0.00M, Peak:0.00M | Scene, ViewLayer | Synchronizing object | Curved_roof_glazing.051
Fra:451 Mem:756.98M (Peak 852.49M) | Time:00:02.77 | Mem:0.00M, Peak:0.00M | Scene, ViewLayer | Synchronizing object | Curved_roof_glazing.115
Fra:451 Mem:756.98M (Peak 852.49M) | Time:00:02.77 | Mem:0.00M, Peak:0.00M | Scene, ViewLayer | Synchronizing object | End_wall_glazing.011
Fra:451 Mem:756.99M (Peak 852.49M) | Time:00:02.77 | Mem:0.00M, Peak:0.00M | Scene, ViewLayer | Synchronizing object | End_wall_sill.017
Fra:451 Mem:757.02M (Peak 852.49M) | Time:00:02.77 | Mem:0.00M, Peak:0.00M | Scene, ViewLayer | Synchronizing object | Hall_door_glass.001
Fra:451 Mem:757.02M (Peak 852.49M) | Time:00:02.77 | Mem:0.00M, Peak:0.00M | Scene, ViewLayer | Synchronizing object | Curved_roof_glazing.016
Fra:451 Mem:757.03M (Peak 852.49M) | Time:00:02.77 | Mem:0.00M, Peak:0.00M | Scene, ViewLayer | Synchronizing object | Column_capital.016
Fra:451 Mem:757.06M (Peak 852.49M) | Time:00:02.77 | Mem:0.00M, Peak:0.00M | Scene, ViewLayer | Synchronizing object | Curved_roof_glazing.208
Fra:451 Mem:757.06M (Peak 852.49M) | Time:00:02.77 | Mem:0.00M, Peak:0.00M | Scene, ViewLayer | Synchronizing object | Wall_transom.151
Fra:451 Mem:757.09M (Peak 852.49M) | Time:00:02.77 | Mem:0.00M, Peak:0.00M | Scene, ViewLayer | Synchronizing object | Wall_transom.007
Fra:451 Mem:757.12M (Peak 852.49M) | Time:00:02.77 | Mem:0.00M, Peak:0.00M | Scene, ViewLayer | Synchronizing object | Wall_transom.080
Fra:451 Mem:757.15M (Peak 852.49M) | Time:00:02.77 | Mem:0.00M, Peak:0.00M | Scene, ViewLayer | Synchronizing object | Curved_roof_glazing.141
Fra:451 Mem:757.15M (Peak 852.49M) | Time:00:02.77 | Mem:0.00M, Peak:0.00M | Scene, ViewLayer | Synchronizing object | Load_column.004
Fra:451 Mem:757.16M (Peak 852.49M) | Time:00:02.77 | Mem:0.00M, Peak:0.00M | Scene, ViewLayer | Synchronizing object | Wall_transom.179
Fra:451 Mem:757.19M (Peak 852.49M) | Time:00:02.77 | Mem:0.00M, Peak:0.00M | Scene, ViewLayer | Synchronizing object | Wall_stone_sill.016
Fra:451 Mem:757.22M (Peak 852.49M) | Time:00:02.77 | Mem:0.00M, Peak:0.00M | Scene, ViewLayer | Synchronizing object | Wall_stone_sill.051
Fra:451 Mem:757.25M (Peak 852.49M) | Time:00:02.77 | Mem:0.00M, Peak:0.00M | Scene, ViewLayer | Synchronizing object | Wall_stone_sill.055
Fra:451 Mem:757.26M (Peak 852.49M) | Time:00:02.77 | Mem:0.00M, Peak:0.00M | Scene, ViewLayer | Synchronizing object | Curved_roof_glazing.167
Fra:451 Mem:757.29M (Peak 852.49M) | Time:00:02.77 | Mem:0.00M, Peak:0.00M | Scene, ViewLayer | Synchronizing object | Curved_roof_glazing.375
Fra:451 Mem:757.32M (Peak 852.49M) | Time:00:02.77 | Mem:0.00M, Peak:0.00M | Scene, ViewLayer | Synchronizing object | Ridge_vent_stanchion.019
Fra:451 Mem:757.29M (Peak 852.49M) | Time:00:02.77 | Mem:0.00M, Peak:0.00M | Scene, ViewLayer | Synchronizing object | Side_wall_glass.065
Fra:451 Mem:757.29M (Peak 852.49M) | Time:00:02.77 | Mem:0.00M, Peak:0.00M | Scene, ViewLayer | Synchronizing object | Column_base_plinth.001
Fra:451 Mem:757.32M (Peak 852.49M) | Time:00:02.77 | Mem:0.00M, Peak:0.00M | Scene, ViewLayer | Synchronizing object | Side_wall_glass.062
Fra:451 Mem:757.33M (Peak 852.49M) | Time:00:02.77 | Mem:0.00M, Peak:0.00M | Scene, ViewLayer | Synchronizing object | Wall_transom.123
Fra:451 Mem:757.36M (Peak 852.49M) | Time:00:02.77 | Mem:0.00M, Peak:0.00M | Scene, ViewLayer | Synchronizing object | Column_capital.007
Fra:451 Mem:757.38M (Peak 852.49M) | Time:00:02.77 | Mem:0.00M, Peak:0.00M | Scene, ViewLayer | Synchronizing object | Curved_roof_glazing.017
Fra:451 Mem:757.39M (Peak 852.49M) | Time:00:02.77 | Mem:0.00M, Peak:0.00M | Scene, ViewLayer | Synchronizing object | Hall_door_glass
Fra:451 Mem:757.39M (Peak 852.49M) | Time:00:02.77 | Mem:0.00M, Peak:0.00M | Scene, ViewLayer | Synchronizing object | Wall_stone_sill.046
Fra:451 Mem:757.43M (Peak 852.49M) | Time:00:02.77 | Mem:0.00M, Peak:0.00M | Scene, ViewLayer | Synchronizing object | Curved_roof_glazing.209
Fra:451 Mem:757.44M (Peak 852.49M) | Time:00:02.77 | Mem:0.00M, Peak:0.00M | Scene, ViewLayer | Synchronizing object | Wall_transom.109
Fra:451 Mem:757.43M (Peak 852.49M) | Time:00:02.77 | Mem:0.00M, Peak:0.00M | Scene, ViewLayer | Synchronizing object | Wall_stone_sill.010
Fra:451 Mem:757.48M (Peak 852.49M) | Time:00:02.77 | Mem:0.00M, Peak:0.00M | Scene, ViewLayer | Synchronizing object | Curved_roof_glazing.142
Fra:451 Mem:757.48M (Peak 852.49M) | Time:00:02.77 | Mem:0.00M, Peak:0.00M | Scene, ViewLayer | Synchronizing object | Wall_stone_sill
Fra:451 Mem:757.49M (Peak 852.49M) | Time:00:02.77 | Mem:0.00M, Peak:0.00M | Scene, ViewLayer | Synchronizing object | Side_wall_glass.106
Fra:451 Mem:757.51M (Peak 852.49M) | Time:00:02.77 | Mem:0.00M, Peak:0.00M | Scene, ViewLayer | Synchronizing object | Side_wall_glass.114
Fra:451 Mem:757.53M (Peak 852.49M) | Time:00:02.77 | Mem:0.00M, Peak:0.00M | Scene, ViewLayer | Synchronizing object | Wall_glazing_mullion.036
Fra:451 Mem:757.54M (Peak 852.49M) | Time:00:02.77 | Mem:0.00M, Peak:0.00M | Scene, ViewLayer | Synchronizing object | Wall_transom.091
Fra:451 Mem:757.58M (Peak 852.49M) | Time:00:02.77 | Mem:0.00M, Peak:0.00M | Scene, ViewLayer | Synchronizing object | Wall_transom.160
Fra:451 Mem:757.60M (Peak 852.49M) | Time:00:02.77 | Mem:0.00M, Peak:0.00M | Scene, ViewLayer | Synchronizing object | Curved_roof_glazing.168
Fra:451 Mem:757.60M (Peak 852.49M) | Time:00:02.77 | Mem:0.00M, Peak:0.00M | Scene, ViewLayer | Synchronizing object | Column_capital
Fra:451 Mem:757.60M (Peak 852.49M) | Time:00:02.77 | Mem:0.00M, Peak:0.00M | Scene, ViewLayer | Synchronizing object | End_wall_mullion.017
Fra:451 Mem:757.65M (Peak 852.49M) | Time:00:02.77 | Mem:0.00M, Peak:0.00M | Scene, ViewLayer | Synchronizing object | Wall_transom.152
Fra:451 Mem:757.65M (Peak 852.49M) | Time:00:02.77 | Mem:0.00M, Peak:0.00M | Scene, ViewLayer | Synchronizing object | Curved_roof_glazing.018
Fra:451 Mem:757.68M (Peak 852.49M) | Time:00:02.77 | Mem:0.00M, Peak:0.00M | Scene, ViewLayer | Synchronizing object | Column_base_plinth.017
Fra:451 Mem:757.71M (Peak 852.49M) | Time:00:02.77 | Mem:0.00M, Peak:0.00M | Scene, ViewLayer | Synchronizing object | Curved_roof_glazing.210
Fra:451 Mem:757.71M (Peak 852.49M) | Time:00:02.77 | Mem:0.00M, Peak:0.00M | Scene, ViewLayer | Synchronizing object | Side_wall_glass.096
Fra:451 Mem:757.71M (Peak 852.49M) | Time:00:02.77 | Mem:0.00M, Peak:0.00M | Scene, ViewLayer | Synchronizing object | Wall_transom.138
Fra:451 Mem:757.72M (Peak 852.49M) | Time:00:02.77 | Mem:0.00M, Peak:0.00M | Scene, ViewLayer | Synchronizing object | Continuous_eaves_gutter.001
Fra:451 Mem:757.77M (Peak 852.49M) | Time:00:02.77 | Mem:0.00M, Peak:0.00M | Scene, ViewLayer | Synchronizing object | Curved_roof_glazing.143
Fra:451 Mem:757.77M (Peak 852.49M) | Time:00:02.77 | Mem:0.00M, Peak:0.00M | Scene, ViewLayer | Synchronizing object | Side_wall_glass.075
Fra:451 Mem:757.77M (Peak 852.49M) | Time:00:02.77 | Mem:0.00M, Peak:0.00M | Scene, ViewLayer | Synchronizing object | Wall_glazing_mullion.037
Fra:451 Mem:757.78M (Peak 852.49M) | Time:00:02.77 | Mem:0.00M, Peak:0.00M | Scene, ViewLayer | Synchronizing object | Curved_roof_glazing.169
Fra:451 Mem:757.81M (Peak 852.49M) | Time:00:02.77 | Mem:0.00M, Peak:0.00M | Scene, ViewLayer | Synchronizing object | Curved_roof_glazing.377
Fra:451 Mem:757.81M (Peak 852.49M) | Time:00:02.77 | Mem:0.00M, Peak:0.00M | Scene, ViewLayer | Synchronizing object | Longitudinal_roof_purlin.008
Fra:451 Mem:757.84M (Peak 852.49M) | Time:00:02.77 | Mem:0.00M, Peak:0.00M | Scene, ViewLayer | Synchronizing object | Ridge_vent_stanchion.020
Fra:451 Mem:757.84M (Peak 852.49M) | Time:00:02.77 | Mem:0.00M, Peak:0.00M | Scene, ViewLayer | Synchronizing object | Side_wall_glass.039
Fra:451 Mem:757.84M (Peak 852.49M) | Time:00:02.77 | Mem:0.00M, Peak:0.00M | Scene, ViewLayer | Synchronizing object | Side_wall_glass.063
Fra:451 Mem:757.84M (Peak 852.49M) | Time:00:02.77 | Mem:0.00M, Peak:0.00M | Scene, ViewLayer | Synchronizing object | Curved_roof_glazing.019
Fra:451 Mem:757.84M (Peak 852.49M) | Time:00:02.77 | Mem:0.00M, Peak:0.00M | Scene, ViewLayer | Synchronizing object | End_wall_sill.003
Fra:451 Mem:757.85M (Peak 852.49M) | Time:00:02.77 | Mem:0.00M, Peak:0.00M | Scene, ViewLayer | Synchronizing object | Wall_glazing_mullion.018
Fra:451 Mem:757.89M (Peak 852.49M) | Time:00:02.77 | Mem:0.00M, Peak:0.00M | Scene, ViewLayer | Synchronizing object | Curved_roof_glazing.003
Fra:451 Mem:757.90M (Peak 852.49M) | Time:00:02.77 | Mem:0.00M, Peak:0.00M | Scene, ViewLayer | Synchronizing object | Curved_roof_glazing.211
Fra:451 Mem:757.90M (Peak 852.49M) | Time:00:02.77 | Mem:0.00M, Peak:0.00M | Scene, ViewLayer | Synchronizing object | Side_wall_glass.020
Fra:451 Mem:757.91M (Peak 852.49M) | Time:00:02.77 | Mem:0.00M, Peak:0.00M | Scene, ViewLayer | Synchronizing object | Wall_transom.040
Fra:451 Mem:757.91M (Peak 852.49M) | Time:00:02.77 | Mem:0.00M, Peak:0.00M | Scene, ViewLayer | Synchronizing object | Wall_transom.070
Fra:451 Mem:757.96M (Peak 852.49M) | Time:00:02.77 | Mem:0.00M, Peak:0.00M | Scene, ViewLayer | Synchronizing object | Column_capital.004
Fra:451 Mem:757.97M (Peak 852.49M) | Time:00:02.77 | Mem:0.00M, Peak:0.00M | Scene, ViewLayer | Synchronizing object | Curved_roof_glazing.144
Fra:451 Mem:757.99M (Peak 852.49M) | Time:00:02.77 | Mem:0.00M, Peak:0.00M | Scene, ViewLayer | Synchronizing object | Side_wall_glass.032
Fra:451 Mem:757.99M (Peak 852.49M) | Time:00:02.77 | Mem:0.00M, Peak:0.00M | Scene, ViewLayer | Synchronizing object | Column_capital.009
Fra:451 Mem:758.01M (Peak 852.49M) | Time:00:02.77 | Mem:0.00M, Peak:0.00M | Scene, ViewLayer | Synchronizing object | Wall_transom.114
Fra:451 Mem:758.05M (Peak 852.49M) | Time:00:02.77 | Mem:0.00M, Peak:0.00M | Scene, ViewLayer | Synchronizing object | Secondary_glazing_rib.020
Fra:451 Mem:758.10M (Peak 852.49M) | Time:00:02.77 | Mem:0.00M, Peak:0.00M | Scene, ViewLayer | Synchronizing object | Curved_roof_glazing.170
Fra:451 Mem:758.12M (Peak 852.49M) | Time:00:02.77 | Mem:0.00M, Peak:0.00M | Scene, ViewLayer | Synchronizing object | Curved_roof_glazing.378
Fra:451 Mem:758.13M (Peak 852.49M) | Time:00:02.77 | Mem:0.00M, Peak:0.00M | Scene, ViewLayer | Synchronizing object | End_elevation_crossbar.002
Fra:451 Mem:758.17M (Peak 852.49M) | Time:00:02.77 | Mem:0.00M, Peak:0.00M | Scene, ViewLayer | Synchronizing object | Hall_door_rail.003
Fra:451 Mem:758.19M (Peak 852.49M) | Time:00:02.77 | Mem:0.00M, Peak:0.00M | Scene, ViewLayer | Synchronizing object | Wall_stone_sill.053
Fra:451 Mem:758.23M (Peak 852.49M) | Time:00:02.77 | Mem:0.00M, Peak:0.00M | Scene, ViewLayer | Synchronizing object | Curved_roof_glazing.052
Fra:451 Mem:758.24M (Peak 852.49M) | Time:00:02.77 | Mem:0.00M, Peak:0.00M | Scene, ViewLayer | Synchronizing object | Curved_roof_glazing.324
Fra:451 Mem:758.23M (Peak 852.49M) | Time:00:02.77 | Mem:0.00M, Peak:0.00M | Scene, ViewLayer | Synchronizing object | Side_wall_glass.050
Fra:451 Mem:758.24M (Peak 852.49M) | Time:00:02.77 | Mem:0.00M, Peak:0.00M | Scene, ViewLayer | Synchronizing object | Curved_roof_glazing.308
Fra:451 Mem:758.24M (Peak 852.49M) | Time:00:02.77 | Mem:0.00M, Peak:0.00M | Scene, ViewLayer | Synchronizing object | Wall_transom.129
Fra:451 Mem:758.25M (Peak 852.49M) | Time:00:02.77 | Mem:0.00M, Peak:0.00M | Scene, ViewLayer | Synchronizing object | Curved_roof_glazing.145
Fra:451 Mem:758.27M (Peak 852.49M) | Time:00:02.77 | Mem:0.00M, Peak:0.00M | Scene, ViewLayer | Synchronizing object | Side_wall_glass.033
Fra:451 Mem:758.28M (Peak 852.49M) | Time:00:02.77 | Mem:0.00M, Peak:0.00M | Scene, ViewLayer | Synchronizing object | End_wall_sill.008
Fra:451 Mem:758.30M (Peak 852.49M) | Time:00:02.77 | Mem:0.00M, Peak:0.00M | Scene, ViewLayer | Synchronizing object | Wall_glazing_mullion.021
Fra:451 Mem:758.33M (Peak 852.49M) | Time:00:02.77 | Mem:0.00M, Peak:0.00M | Scene, ViewLayer | Synchronizing object | Wall_glazing_mullion.034
Fra:451 Mem:758.36M (Peak 852.49M) | Time:00:02.77 | Mem:0.00M, Peak:0.00M | Scene, ViewLayer | Synchronizing object | Side_wall_glass.107
Fra:451 Mem:758.36M (Peak 852.49M) | Time:00:02.77 | Mem:0.00M, Peak:0.00M | Scene, ViewLayer | Synchronizing object | Side_wall_glass.115
Fra:451 Mem:758.36M (Peak 852.49M) | Time:00:02.77 | Mem:0.00M, Peak:0.00M | Scene, ViewLayer | Synchronizing object | Wall_transom.017
Fra:451 Mem:758.39M (Peak 852.49M) | Time:00:02.77 | Mem:0.00M, Peak:0.00M | Scene, ViewLayer | Synchronizing object | Curved_roof_glazing.171
Fra:451 Mem:758.39M (Peak 852.49M) | Time:00:02.77 | Mem:0.00M, Peak:0.00M | Scene, ViewLayer | Synchronizing object | Curved_roof_glazing.379
Fra:451 Mem:758.39M (Peak 852.49M) | Time:00:02.77 | Mem:0.00M, Peak:0.00M | Scene, ViewLayer | Synchronizing object | End_wall_sill.005
Fra:451 Mem:758.40M (Peak 852.49M) | Time:00:02.77 | Mem:0.00M, Peak:0.00M | Scene, ViewLayer | Synchronizing object | Ridge_vent_stanchion.021
Fra:451 Mem:758.43M (Peak 852.49M) | Time:00:02.77 | Mem:0.00M, Peak:0.00M | Scene, ViewLayer | Synchronizing object | Load_column.001
Fra:451 Mem:758.43M (Peak 852.49M) | Time:00:02.77 | Mem:0.00M, Peak:0.00M | Scene, ViewLayer | Synchronizing object | Side_wall_glass.110
Fra:451 Mem:758.43M (Peak 852.49M) | Time:00:02.77 | Mem:0.00M, Peak:0.00M | Scene, ViewLayer | Synchronizing object | Wall_transom.023
Fra:451 Mem:758.46M (Peak 852.49M) | Time:00:02.77 | Mem:0.00M, Peak:0.00M | Scene, ViewLayer | Synchronizing object | Wall_transom.172
Fra:451 Mem:758.48M (Peak 852.49M) | Time:00:02.77 | Mem:0.00M, Peak:0.00M | Scene, ViewLayer | Synchronizing object | Curved_roof_glazing.053
Fra:451 Mem:758.49M (Peak 852.49M) | Time:00:02.77 | Mem:0.00M, Peak:0.00M | Scene, ViewLayer | Synchronizing object | Curved_roof_glazing.325
Fra:451 Mem:758.49M (Peak 852.49M) | Time:00:02.77 | Mem:0.00M, Peak:0.00M | Scene, ViewLayer | Synchronizing object | Wall_transom.077
Fra:451 Mem:758.49M (Peak 852.49M) | Time:00:02.78 | Mem:0.00M, Peak:0.00M | Scene, ViewLayer | Synchronizing object | Curved_roof_glazing.309
Fra:451 Mem:758.51M (Peak 852.49M) | Time:00:02.78 | Mem:0.00M, Peak:0.00M | Scene, ViewLayer | Synchronizing object | Wall_transom.095
Fra:451 Mem:758.56M (Peak 852.49M) | Time:00:02.78 | Mem:0.00M, Peak:0.00M | Scene, ViewLayer | Synchronizing object | Wall_transom.042
Fra:451 Mem:758.56M (Peak 852.49M) | Time:00:02.78 | Mem:0.00M, Peak:0.00M | Scene, ViewLayer | Synchronizing object | Side_wall_glass.021
Fra:451 Mem:758.59M (Peak 852.49M) | Time:00:02.78 | Mem:0.00M, Peak:0.00M | Scene, ViewLayer | Synchronizing object | Wall_transom.008
Fra:451 Mem:758.62M (Peak 852.49M) | Time:00:02.78 | Mem:0.00M, Peak:0.00M | Scene, ViewLayer | Synchronizing object | Wall_stone_sill.027
Fra:451 Mem:758.61M (Peak 852.49M) | Time:00:02.78 | Mem:0.00M, Peak:0.00M | Scene, ViewLayer | Synchronizing object | Curved_roof_glazing.146
Fra:451 Mem:758.65M (Peak 852.49M) | Time:00:02.78 | Mem:0.00M, Peak:0.00M | Scene, ViewLayer | Synchronizing object | Load_column.005
Fra:451 Mem:758.64M (Peak 852.49M) | Time:00:02.78 | Mem:0.00M, Peak:0.00M | Scene, ViewLayer | Synchronizing object | Side_wall_glass.001
Fra:451 Mem:758.64M (Peak 852.49M) | Time:00:02.78 | Mem:0.00M, Peak:0.00M | Scene, ViewLayer | Synchronizing object | Secondary_glazing_rib.012
Fra:451 Mem:758.71M (Peak 852.49M) | Time:00:02.78 | Mem:0.00M, Peak:0.00M | Scene, ViewLayer | Synchronizing object | Column_capital.014
Fra:451 Mem:758.76M (Peak 852.49M) | Time:00:02.78 | Mem:0.00M, Peak:0.00M | Scene, ViewLayer | Synchronizing object | Wall_glazing_mullion.035
Fra:451 Mem:758.78M (Peak 852.49M) | Time:00:02.78 | Mem:0.00M, Peak:0.00M | Scene, ViewLayer | Synchronizing object | Curved_roof_glazing.172
Fra:451 Mem:758.80M (Peak 852.49M) | Time:00:02.78 | Mem:0.00M, Peak:0.00M | Scene, ViewLayer | Synchronizing object | Curved_roof_glazing.380
Fra:451 Mem:758.79M (Peak 852.49M) | Time:00:02.78 | Mem:0.00M, Peak:0.00M | Scene, ViewLayer | Synchronizing object | End_wall_glazing.006
Fra:451 Mem:758.79M (Peak 852.49M) | Time:00:02.78 | Mem:0.00M, Peak:0.00M | Scene, ViewLayer | Synchronizing object | Wall_transom.096
Fra:451 Mem:758.80M (Peak 852.49M) | Time:00:02.78 | Mem:0.00M, Peak:0.00M | Scene, ViewLayer | Synchronizing object | Wall_glazing_mullion
Fra:451 Mem:758.85M (Peak 852.49M) | Time:00:02.78 | Mem:0.00M, Peak:0.00M | Scene, ViewLayer | Synchronizing object | Curved_roof_glazing.054
Fra:451 Mem:758.87M (Peak 852.49M) | Time:00:02.78 | Mem:0.00M, Peak:0.00M | Scene, ViewLayer | Synchronizing object | Curved_roof_glazing.326
Fra:451 Mem:758.89M (Peak 852.49M) | Time:00:02.78 | Mem:0.00M, Peak:0.00M | Scene, ViewLayer | Synchronizing object | Side_wall_glass.051
Fra:451 Mem:758.90M (Peak 852.49M) | Time:00:02.78 | Mem:0.00M, Peak:0.00M | Scene, ViewLayer | Synchronizing object | Curved_roof_glazing.310
Fra:451 Mem:758.89M (Peak 852.49M) | Time:00:02.78 | Mem:0.00M, Peak:0.00M | Scene, ViewLayer | Synchronizing object | Side_wall_glass.059
Fra:451 Mem:758.89M (Peak 852.49M) | Time:00:02.78 | Mem:0.00M, Peak:0.00M | Scene, ViewLayer | Synchronizing object | Side_wall_glass.054
Fra:451 Mem:758.89M (Peak 852.49M) | Time:00:02.78 | Mem:0.00M, Peak:0.00M | Scene, ViewLayer | Synchronizing object | Curved_roof_glazing.147
Fra:451 Mem:758.90M (Peak 852.49M) | Time:00:02.78 | Mem:0.00M, Peak:0.00M | Scene, ViewLayer | Synchronizing object | Column_base_plinth.005
Fra:451 Mem:758.90M (Peak 852.49M) | Time:00:02.78 | Mem:0.00M, Peak:0.00M | Scene, ViewLayer | Synchronizing object | Side_wall_glass
Fra:451 Mem:758.94M (Peak 852.49M) | Time:00:02.78 | Mem:0.00M, Peak:0.00M | Scene, ViewLayer | Synchronizing object | End_wall_glazing.009
Fra:451 Mem:758.93M (Peak 852.49M) | Time:00:02.78 | Mem:0.00M, Peak:0.00M | Scene, ViewLayer | Synchronizing object | Secondary_glazing_rib.019
Fra:451 Mem:759.01M (Peak 852.49M) | Time:00:02.78 | Mem:0.00M, Peak:0.00M | Scene, ViewLayer | Synchronizing object | Wall_transom.092
Fra:451 Mem:759.05M (Peak 852.49M) | Time:00:02.78 | Mem:0.00M, Peak:0.00M | Scene, ViewLayer | Synchronizing object | Wall_transom.161
Fra:451 Mem:759.08M (Peak 852.49M) | Time:00:02.78 | Mem:0.00M, Peak:0.00M | Scene, ViewLayer | Synchronizing object | Column_base_plinth
Fra:451 Mem:759.10M (Peak 852.49M) | Time:00:02.78 | Mem:0.00M, Peak:0.00M | Scene, ViewLayer | Synchronizing object | Curved_roof_glazing.173
Fra:451 Mem:759.11M (Peak 852.49M) | Time:00:02.78 | Mem:0.00M, Peak:0.00M | Scene, ViewLayer | Synchronizing object | Curved_roof_glazing.381
Fra:451 Mem:759.11M (Peak 852.49M) | Time:00:02.78 | Mem:0.00M, Peak:0.00M | Scene, ViewLayer | Synchronizing object | Ridge_vent_stanchion.022
Fra:451 Mem:759.12M (Peak 852.49M) | Time:00:02.78 | Mem:0.00M, Peak:0.00M | Scene, ViewLayer | Synchronizing object | Longitudinal_roof_purlin.001
Fra:451 Mem:759.11M (Peak 852.49M) | Time:00:02.78 | Mem:0.00M, Peak:0.00M | Scene, ViewLayer | Synchronizing object | End_wall_sill.015
Fra:451 Mem:759.16M (Peak 852.49M) | Time:00:02.78 | Mem:0.00M, Peak:0.00M | Scene, ViewLayer | Synchronizing object | Wall_transom.153
Fra:451 Mem:759.16M (Peak 852.49M) | Time:00:02.78 | Mem:0.00M, Peak:0.00M | Scene, ViewLayer | Synchronizing object | Curved_roof_glazing.055
Fra:451 Mem:759.20M (Peak 852.49M) | Time:00:02.78 | Mem:0.00M, Peak:0.00M | Scene, ViewLayer | Synchronizing object | Curved_roof_glazing.327
Fra:451 Mem:759.20M (Peak 852.49M) | Time:00:02.78 | Mem:0.00M, Peak:0.00M | Scene, ViewLayer | Synchronizing object | Curved_roof_glazing.311
Fra:451 Mem:759.20M (Peak 852.49M) | Time:00:02.78 | Mem:0.00M, Peak:0.00M | Scene, ViewLayer | Synchronizing object | Load_column.013
Fra:451 Mem:759.21M (Peak 852.49M) | Time:00:02.78 | Mem:0.00M, Peak:0.00M | Scene, ViewLayer | Synchronizing object | Secondary_glazing_rib.009
Fra:451 Mem:759.28M (Peak 852.49M) | Time:00:02.78 | Mem:0.00M, Peak:0.00M | Scene, ViewLayer | Synchronizing object | Curved_roof_glazing.174
Fra:451 Mem:759.28M (Peak 852.49M) | Time:00:02.78 | Mem:0.00M, Peak:0.00M | Scene, ViewLayer | Synchronizing object | Curved_roof_glazing.382
Fra:451 Mem:759.29M (Peak 852.49M) | Time:00:02.78 | Mem:0.00M, Peak:0.00M | Scene, ViewLayer | Synchronizing object | Longitudinal_roof_purlin.009
Fra:451 Mem:759.32M (Peak 852.49M) | Time:00:02.78 | Mem:0.00M, Peak:0.00M | Scene, ViewLayer | Synchronizing object | Wall_transom.057
Fra:451 Mem:759.36M (Peak 852.49M) | Time:00:02.78 | Mem:0.00M, Peak:0.00M | Scene, ViewLayer | Synchronizing object | Wall_transom.093
Fra:451 Mem:759.38M (Peak 852.49M) | Time:00:02.78 | Mem:0.00M, Peak:0.00M | Scene, ViewLayer | Synchronizing object | Side_wall_glass.111
Fra:451 Mem:759.38M (Peak 852.49M) | Time:00:02.78 | Mem:0.00M, Peak:0.00M | Scene, ViewLayer | Synchronizing object | Curved_roof_glazing.056
Fra:451 Mem:759.39M (Peak 852.49M) | Time:00:02.78 | Mem:0.00M, Peak:0.00M | Scene, ViewLayer | Synchronizing object | Curved_roof_glazing.328
Fra:451 Mem:759.40M (Peak 852.49M) | Time:00:02.78 | Mem:0.00M, Peak:0.00M | Scene, ViewLayer | Synchronizing object | Wall_transom.148
Fra:451 Mem:759.41M (Peak 852.49M) | Time:00:02.78 | Mem:0.00M, Peak:0.00M | Scene, ViewLayer | Synchronizing object | Curved_roof_glazing.312
Fra:451 Mem:759.43M (Peak 852.49M) | Time:00:02.78 | Mem:0.00M, Peak:0.00M | Scene, ViewLayer | Synchronizing object | Wall_transom.142
Fra:451 Mem:759.45M (Peak 852.49M) | Time:00:02.78 | Mem:0.00M, Peak:0.00M | Scene, ViewLayer | Synchronizing object | Wall_stone_sill.009
Fra:451 Mem:759.48M (Peak 852.49M) | Time:00:02.78 | Mem:0.00M, Peak:0.00M | Scene, ViewLayer | Synchronizing object | Wall_transom.071
Fra:451 Mem:759.51M (Peak 852.49M) | Time:00:02.78 | Mem:0.00M, Peak:0.00M | Scene, ViewLayer | Synchronizing object | Longitudinal_roof_purlin.004
Fra:451 Mem:759.55M (Peak 852.49M) | Time:00:02.78 | Mem:0.00M, Peak:0.00M | Scene, ViewLayer | Synchronizing object | Ridge_vent_stanchion.010
Fra:451 Mem:759.54M (Peak 852.49M) | Time:00:02.78 | Mem:0.00M, Peak:0.00M | Scene, ViewLayer | Synchronizing object | Wall_transom.158
Fra:451 Mem:759.53M (Peak 852.49M) | Time:00:02.78 | Mem:0.00M, Peak:0.00M | Scene, ViewLayer | Synchronizing object | Wall_transom.115
Fra:451 Mem:759.58M (Peak 852.49M) | Time:00:02.78 | Mem:0.00M, Peak:0.00M | Scene, ViewLayer | Synchronizing object | Column_capital.015
Fra:451 Mem:759.58M (Peak 852.49M) | Time:00:02.78 | Mem:0.00M, Peak:0.00M | Scene, ViewLayer | Synchronizing object | Curved_roof_glazing.175
Fra:451 Mem:759.62M (Peak 852.49M) | Time:00:02.78 | Mem:0.00M, Peak:0.00M | Scene, ViewLayer | Synchronizing object | Curved_roof_glazing.383
Fra:451 Mem:759.61M (Peak 852.49M) | Time:00:02.78 | Mem:0.00M, Peak:0.00M | Scene, ViewLayer | Synchronizing object | Load_column
Fra:451 Mem:759.62M (Peak 852.49M) | Time:00:02.78 | Mem:0.00M, Peak:0.00M | Scene, ViewLayer | Synchronizing object | Ridge_vent_stanchion.023
Fra:451 Mem:759.62M (Peak 852.49M) | Time:00:02.78 | Mem:0.00M, Peak:0.00M | Scene, ViewLayer | Synchronizing object | Column_capital.001
Fra:451 Mem:759.64M (Peak 852.49M) | Time:00:02.78 | Mem:0.00M, Peak:0.00M | Scene, ViewLayer | Synchronizing object | End_wall_glazing.018
Fra:451 Mem:759.64M (Peak 852.49M) | Time:00:02.78 | Mem:0.00M, Peak:0.00M | Scene, ViewLayer | Synchronizing object | End_elevation_crossbar.003
Fra:451 Mem:759.67M (Peak 852.49M) | Time:00:02.78 | Mem:0.00M, Peak:0.00M | Scene, ViewLayer | Synchronizing object | Curved_roof_glazing.057
Fra:451 Mem:759.69M (Peak 852.49M) | Time:00:02.78 | Mem:0.00M, Peak:0.00M | Scene, ViewLayer | Synchronizing object | Curved_roof_glazing.329
Fra:451 Mem:759.68M (Peak 852.49M) | Time:00:02.78 | Mem:0.00M, Peak:0.00M | Scene, ViewLayer | Synchronizing object | Curved_roof_glazing.313
Fra:451 Mem:759.68M (Peak 852.49M) | Time:00:02.78 | Mem:0.00M, Peak:0.00M | Scene, ViewLayer | Synchronizing object | Wall_transom.130
Fra:451 Mem:759.68M (Peak 852.49M) | Time:00:02.78 | Mem:0.00M, Peak:0.00M | Scene, ViewLayer | Synchronizing object | Side_wall_glass.018
Fra:451 Mem:759.71M (Peak 852.49M) | Time:00:02.78 | Mem:0.00M, Peak:0.00M | Scene, ViewLayer | Synchronizing object | Load_column.002
Fra:451 Mem:759.71M (Peak 852.49M) | Time:00:02.78 | Mem:0.00M, Peak:0.00M | Scene, ViewLayer | Synchronizing object | Wall_transom.048
Fra:451 Mem:759.75M (Peak 852.49M) | Time:00:02.78 | Mem:0.00M, Peak:0.00M | Scene, ViewLayer | Synchronizing object | Wall_stone_sill.006
Fra:451 Mem:759.77M (Peak 852.49M) | Time:00:02.78 | Mem:0.00M, Peak:0.00M | Scene, ViewLayer | Synchronizing object | Wall_transom.157
Fra:451 Mem:759.80M (Peak 852.49M) | Time:00:02.78 | Mem:0.00M, Peak:0.00M | Scene, ViewLayer | Synchronizing object | Wall_transom.169
Fra:451 Mem:759.80M (Peak 852.49M) | Time:00:02.78 | Mem:0.00M, Peak:0.00M | Scene, ViewLayer | Synchronizing object | Curved_roof_glazing.176
Fra:451 Mem:759.83M (Peak 852.49M) | Time:00:02.78 | Mem:0.00M, Peak:0.00M | Scene, ViewLayer | Synchronizing object | Primary_elliptical_arch
Fra:451 Mem:759.94M (Peak 852.49M) | Time:00:02.78 | Mem:0.00M, Peak:0.00M | Scene, ViewLayer | Synchronizing object | Hall_door_rail.004
Fra:451 Mem:760.00M (Peak 852.49M) | Time:00:02.78 | Mem:0.00M, Peak:0.00M | Scene, ViewLayer | Synchronizing object | Wall_stone_sill.008
Fra:451 Mem:759.99M (Peak 852.49M) | Time:00:02.78 | Mem:0.00M, Peak:0.00M | Scene, ViewLayer | Synchronizing object | Wall_transom.173
Fra:451 Mem:760.04M (Peak 852.49M) | Time:00:02.78 | Mem:0.00M, Peak:0.00M | Scene, ViewLayer | Synchronizing object | Curved_roof_glazing.058
Fra:451 Mem:760.05M (Peak 852.49M) | Time:00:02.78 | Mem:0.00M, Peak:0.00M | Scene, ViewLayer | Synchronizing object | Curved_roof_glazing.330
Fra:451 Mem:760.05M (Peak 852.49M) | Time:00:02.78 | Mem:0.00M, Peak:0.00M | Scene, ViewLayer | Synchronizing object | Curved_roof_glazing.314
Fra:451 Mem:760.06M (Peak 852.49M) | Time:00:02.78 | Mem:0.00M, Peak:0.00M | Scene, ViewLayer | Synchronizing object | Wall_stone_sill.003
Fra:451 Mem:760.06M (Peak 852.49M) | Time:00:02.78 | Mem:0.00M, Peak:0.00M | Scene, ViewLayer | Synchronizing object | Ridge_vent_stanchion.011
Fra:451 Mem:760.08M (Peak 852.49M) | Time:00:02.78 | Mem:0.00M, Peak:0.00M | Scene, ViewLayer | Synchronizing object | Wall_stone_sill.007
Fra:451 Mem:760.13M (Peak 852.49M) | Time:00:02.78 | Mem:0.00M, Peak:0.00M | Scene, ViewLayer | Synchronizing object | Curved_roof_glazing.228
Fra:451 Mem:760.11M (Peak 852.49M) | Time:00:02.78 | Mem:0.00M, Peak:0.00M | Scene, ViewLayer | Synchronizing object | End_wall_glazing.004
Fra:451 Mem:760.11M (Peak 852.49M) | Time:00:02.78 | Mem:0.00M, Peak:0.00M | Scene, ViewLayer | Synchronizing object | Secondary_glazing_rib.001
Fra:451 Mem:760.13M (Peak 852.49M) | Time:00:02.78 | Mem:0.00M, Peak:0.00M | Scene, ViewLayer | Synchronizing object | Side_wall_glass.084
Fra:451 Mem:760.18M (Peak 852.49M) | Time:00:02.78 | Mem:0.00M, Peak:0.00M | Scene, ViewLayer | Synchronizing object | Wall_transom.105
Fra:451 Mem:760.24M (Peak 852.49M) | Time:00:02.78 | Mem:0.00M, Peak:0.00M | Scene, ViewLayer | Synchronizing object | Curved_roof_glazing.177
Fra:451 Mem:760.24M (Peak 852.49M) | Time:00:02.78 | Mem:0.00M, Peak:0.00M | Scene, ViewLayer | Synchronizing object | Secondary_glazing_rib.021
Fra:451 Mem:760.24M (Peak 852.49M) | Time:00:02.78 | Mem:0.00M, Peak:0.00M | Scene, ViewLayer | Synchronizing object | Wall_transom.097
Fra:451 Mem:760.36M (Peak 852.49M) | Time:00:02.78 | Mem:0.00M, Peak:0.00M | Scene, ViewLayer | Synchronizing object | Secondary_glazing_rib
Fra:451 Mem:760.36M (Peak 852.49M) | Time:00:02.78 | Mem:0.00M, Peak:0.00M | Scene, ViewLayer | Synchronizing object | Wall_transom.125
Fra:451 Mem:760.48M (Peak 852.49M) | Time:00:02.78 | Mem:0.00M, Peak:0.00M | Scene, ViewLayer | Synchronizing object | Wall_transom.075
Fra:451 Mem:760.48M (Peak 852.49M) | Time:00:02.78 | Mem:0.00M, Peak:0.00M | Scene, ViewLayer | Synchronizing object | Curved_roof_glazing.059
Fra:451 Mem:760.52M (Peak 852.49M) | Time:00:02.78 | Mem:0.00M, Peak:0.00M | Scene, ViewLayer | Synchronizing object | Curved_roof_glazing.331
Fra:451 Mem:760.51M (Peak 852.49M) | Time:00:02.78 | Mem:0.00M, Peak:0.00M | Scene, ViewLayer | Synchronizing object | Curved_roof_glazing.315
Fra:451 Mem:760.52M (Peak 852.49M) | Time:00:02.78 | Mem:0.00M, Peak:0.00M | Scene, ViewLayer | Synchronizing object | Wall_transom.087
Fra:451 Mem:760.54M (Peak 852.49M) | Time:00:02.78 | Mem:0.00M, Peak:0.00M | Scene, ViewLayer | Synchronizing object | Wall_glazing_mullion.030
Fra:451 Mem:760.57M (Peak 852.49M) | Time:00:02.78 | Mem:0.00M, Peak:0.00M | Scene, ViewLayer | Synchronizing object | Wall_transom.061
Fra:451 Mem:760.60M (Peak 852.49M) | Time:00:02.78 | Mem:0.00M, Peak:0.00M | Scene, ViewLayer | Synchronizing object | Wall_transom.166
Fra:451 Mem:760.62M (Peak 852.49M) | Time:00:02.78 | Mem:0.00M, Peak:0.00M | Scene, ViewLayer | Synchronizing object | Wall_transom
Fra:451 Mem:760.65M (Peak 852.49M) | Time:00:02.78 | Mem:0.00M, Peak:0.00M | Scene, ViewLayer | Synchronizing object | Curved_roof_glazing.149
Fra:451 Mem:760.65M (Peak 852.49M) | Time:00:02.78 | Mem:0.00M, Peak:0.00M | Scene, ViewLayer | Synchronizing object | Curved_roof_glazing.229
Fra:451 Mem:760.66M (Peak 852.49M) | Time:00:02.78 | Mem:0.00M, Peak:0.00M | Scene, ViewLayer | Synchronizing object | Wall_glazing_mullion.032
Fra:451 Mem:760.68M (Peak 852.49M) | Time:00:02.78 | Mem:0.00M, Peak:0.00M | Scene, ViewLayer | Synchronizing object | Wall_transom.065
Fra:451 Mem:760.71M (Peak 852.49M) | Time:00:02.78 | Mem:0.00M, Peak:0.00M | Scene, ViewLayer | Synchronizing object | Wall_transom.170
Fra:451 Mem:760.73M (Peak 852.49M) | Time:00:02.78 | Mem:0.00M, Peak:0.00M | Scene, ViewLayer | Synchronizing object | Wall_transom.164
Fra:451 Mem:760.76M (Peak 852.49M) | Time:00:02.78 | Mem:0.00M, Peak:0.00M | Scene, ViewLayer | Synchronizing object | Side_wall_glass.012
Fra:451 Mem:760.76M (Peak 852.49M) | Time:00:02.78 | Mem:0.00M, Peak:0.00M | Scene, ViewLayer | Synchronizing object | Wall_stone_sill.031
Fra:451 Mem:760.78M (Peak 852.49M) | Time:00:02.78 | Mem:0.00M, Peak:0.00M | Scene, ViewLayer | Synchronizing object | Wall_transom.162
Fra:451 Mem:760.81M (Peak 852.49M) | Time:00:02.78 | Mem:0.00M, Peak:0.00M | Scene, ViewLayer | Synchronizing object | Curved_roof_glazing.178
Fra:451 Mem:760.84M (Peak 852.49M) | Time:00:02.78 | Mem:0.00M, Peak:0.00M | Scene, ViewLayer | Synchronizing object | End_wall_mullion.006
Fra:451 Mem:760.82M (Peak 852.49M) | Time:00:02.78 | Mem:0.00M, Peak:0.00M | Scene, ViewLayer | Synchronizing object | Wall_glazing_mullion.039
Fra:451 Mem:760.87M (Peak 852.49M) | Time:00:02.78 | Mem:0.00M, Peak:0.00M | Scene, ViewLayer | Synchronizing object | Wall_glazing_mullion.002
Fra:451 Mem:760.87M (Peak 852.49M) | Time:00:02.78 | Mem:0.00M, Peak:0.00M | Scene, ViewLayer | Synchronizing object | Side_wall_glass.016
Fra:451 Mem:760.90M (Peak 852.49M) | Time:00:02.78 | Mem:0.00M, Peak:0.00M | Scene, ViewLayer | Synchronizing object | Wall_stone_sill.050
Fra:451 Mem:760.92M (Peak 852.49M) | Time:00:02.78 | Mem:0.00M, Peak:0.00M | Scene, ViewLayer | Synchronizing object | Curved_roof_glazing.060
Fra:451 Mem:760.93M (Peak 852.49M) | Time:00:02.78 | Mem:0.00M, Peak:0.00M | Scene, ViewLayer | Synchronizing object | Curved_roof_glazing.332
Fra:451 Mem:760.92M (Peak 852.49M) | Time:00:02.78 | Mem:0.00M, Peak:0.00M | Scene, ViewLayer | Synchronizing object | Wall_stone_sill.026
Fra:451 Mem:760.94M (Peak 852.49M) | Time:00:02.78 | Mem:0.00M, Peak:0.00M | Scene, ViewLayer | Synchronizing object | Continuous_eaves_gutter
Fra:451 Mem:761.01M (Peak 852.49M) | Time:00:02.78 | Mem:0.00M, Peak:0.00M | Scene, ViewLayer | Synchronizing object | Curved_roof_glazing.316
Fra:451 Mem:760.98M (Peak 852.49M) | Time:00:02.78 | Mem:0.00M, Peak:0.00M | Scene, ViewLayer | Synchronizing object | Side_wall_glass.019
Fra:451 Mem:760.99M (Peak 852.49M) | Time:00:02.78 | Mem:0.00M, Peak:0.00M | Scene, ViewLayer | Synchronizing object | Wall_glazing_mullion.031
Fra:451 Mem:760.99M (Peak 852.49M) | Time:00:02.78 | Mem:0.00M, Peak:0.00M | Scene, ViewLayer | Synchronizing object | Column_capital.002
Fra:451 Mem:761.04M (Peak 852.49M) | Time:00:02.78 | Mem:0.00M, Peak:0.00M | Scene, ViewLayer | Synchronizing object | Ridge_vent_stanchion.012
Fra:451 Mem:761.04M (Peak 852.49M) | Time:00:02.78 | Mem:0.00M, Peak:0.00M | Scene, ViewLayer | Synchronizing object | Curved_roof_glazing.230
Fra:451 Mem:761.04M (Peak 852.49M) | Time:00:02.78 | Mem:0.00M, Peak:0.00M | Scene, ViewLayer | Synchronizing object | Wall_transom.030
Fra:451 Mem:761.05M (Peak 852.49M) | Time:00:02.78 | Mem:0.00M, Peak:0.00M | Scene, ViewLayer | Synchronizing object | Wall_transom.020
Fra:451 Mem:761.10M (Peak 852.49M) | Time:00:02.78 | Mem:0.00M, Peak:0.00M | Scene, ViewLayer | Synchronizing object | Side_wall_glass.117
Fra:451 Mem:761.10M (Peak 852.49M) | Time:00:02.78 | Mem:0.00M, Peak:0.00M | Scene, ViewLayer | Synchronizing object | Curved_roof_glazing.179
Fra:451 Mem:761.10M (Peak 852.49M) | Time:00:02.78 | Mem:0.00M, Peak:0.00M | Scene, ViewLayer | Synchronizing object | Longitudinal_roof_purlin.010
Fra:451 Mem:761.11M (Peak 852.49M) | Time:00:02.78 | Mem:0.00M, Peak:0.00M | Scene, ViewLayer | Synchronizing object | Ridge_vent_stanchion.025
Fra:451 Mem:761.13M (Peak 852.49M) | Time:00:02.78 | Mem:0.00M, Peak:0.00M | Scene, ViewLayer | Synchronizing object | Wall_transom.058
Fra:451 Mem:761.18M (Peak 852.49M) | Time:00:02.78 | Mem:0.00M, Peak:0.00M | Scene, ViewLayer | Synchronizing object | Wall_transom.094
Fra:451 Mem:761.16M (Peak 852.49M) | Time:00:02.78 | Mem:0.00M, Peak:0.00M | Scene, ViewLayer | Synchronizing object | Side_wall_glass.104
Fra:451 Mem:761.19M (Peak 852.49M) | Time:00:02.78 | Mem:0.00M, Peak:0.00M | Scene, ViewLayer | Synchronizing object | Wall_transom.163
Fra:451 Mem:761.21M (Peak 852.49M) | Time:00:02.78 | Mem:0.00M, Peak:0.00M | Scene, ViewLayer | Synchronizing object | Curved_roof_glazing.061
Fra:451 Mem:761.21M (Peak 852.49M) | Time:00:02.78 | Mem:0.00M, Peak:0.00M | Scene, ViewLayer | Synchronizing object | Curved_roof_glazing.333
Fra:451 Mem:761.22M (Peak 852.49M) | Time:00:02.78 | Mem:0.00M, Peak:0.00M | Scene, ViewLayer | Synchronizing object | Wall_transom.149
Fra:451 Mem:761.22M (Peak 852.49M) | Time:00:02.78 | Mem:0.00M, Peak:0.00M | Scene, ViewLayer | Synchronizing object | Curved_roof_glazing.317
Fra:451 Mem:761.26M (Peak 852.49M) | Time:00:02.78 | Mem:0.00M, Peak:0.00M | Scene, ViewLayer | Synchronizing object | Wall_transom.143
Fra:451 Mem:761.28M (Peak 852.49M) | Time:00:02.78 | Mem:0.00M, Peak:0.00M | Scene, ViewLayer | Synchronizing object | Secondary_glazing_rib.017
Fra:451 Mem:761.33M (Peak 852.49M) | Time:00:02.78 | Mem:0.00M, Peak:0.00M | Scene, ViewLayer | Synchronizing object | Wall_stone_sill.024
Fra:451 Mem:761.41M (Peak 852.49M) | Time:00:02.78 | Mem:0.00M, Peak:0.00M | Scene, ViewLayer | Synchronizing object | Column_base_plinth.003
Fra:451 Mem:761.42M (Peak 852.49M) | Time:00:02.78 | Mem:0.00M, Peak:0.00M | Scene, ViewLayer | Synchronizing object | Longitudinal_roof_purlin.005
Fra:451 Mem:761.47M (Peak 852.49M) | Time:00:02.78 | Mem:0.00M, Peak:0.00M | Scene, ViewLayer | Synchronizing object | Wall_transom.159
Fra:451 Mem:761.45M (Peak 852.49M) | Time:00:02.78 | Mem:0.00M, Peak:0.00M | Scene, ViewLayer | Synchronizing object | Side_wall_glass.085
Fra:451 Mem:761.48M (Peak 852.49M) | Time:00:02.78 | Mem:0.00M, Peak:0.00M | Scene, ViewLayer | Synchronizing object | Side_wall_glass.014
Fra:451 Mem:761.47M (Peak 852.49M) | Time:00:02.78 | Mem:0.00M, Peak:0.00M | Scene, ViewLayer | Synchronizing object | Curved_roof_glazing.231
Fra:451 Mem:761.48M (Peak 852.49M) | Time:00:02.78 | Mem:0.00M, Peak:0.00M | Scene, ViewLayer | Synchronizing object | End_wall_mullion.011
Fra:451 Mem:761.50M (Peak 852.49M) | Time:00:02.78 | Mem:0.00M, Peak:0.00M | Scene, ViewLayer | Synchronizing object | Curved_roof_glazing.244
Fra:451 Mem:761.51M (Peak 852.49M) | Time:00:02.78 | Mem:0.00M, Peak:0.00M | Scene, ViewLayer | Synchronizing object | Curved_roof_glazing.276
Fra:451 Mem:761.51M (Peak 852.49M) | Time:00:02.78 | Mem:0.00M, Peak:0.00M | Scene, ViewLayer | Synchronizing object | Curved_roof_glazing.068
Fra:451 Mem:761.52M (Peak 852.49M) | Time:00:02.78 | Mem:0.00M, Peak:0.00M | Scene, ViewLayer | Synchronizing object | Curved_roof_glazing.116
Fra:451 Mem:761.51M (Peak 852.49M) | Time:00:02.78 | Mem:0.00M, Peak:0.00M | Scene, ViewLayer | Synchronizing object | Curved_roof_glazing.148
Fra:451 Mem:761.52M (Peak 852.49M) | Time:00:02.78 | Mem:0.00M, Peak:0.00M | Scene, ViewLayer | Synchronizing object | End_wall_mullion.018
Fra:451 Mem:761.52M (Peak 852.49M) | Time:00:02.78 | Mem:0.00M, Peak:0.00M | Scene, ViewLayer | Synchronizing object | Ridge_vent_stanchion
Fra:451 Mem:761.55M (Peak 852.49M) | Time:00:02.78 | Mem:0.00M, Peak:0.00M | Scene, ViewLayer | Synchronizing object | Side_wall_glass.017
Fra:451 Mem:761.54M (Peak 852.49M) | Time:00:02.78 | Mem:0.00M, Peak:0.00M | Scene, ViewLayer | Synchronizing object | Curved_roof_glazing.062
Fra:451 Mem:761.56M (Peak 852.49M) | Time:00:02.78 | Mem:0.00M, Peak:0.00M | Scene, ViewLayer | Synchronizing object | Curved_roof_glazing.334
Fra:451 Mem:761.56M (Peak 852.49M) | Time:00:02.78 | Mem:0.00M, Peak:0.00M | Scene, ViewLayer | Synchronizing object | Side_wall_glass.052
Fra:451 Mem:761.56M (Peak 852.49M) | Time:00:02.78 | Mem:0.00M, Peak:0.00M | Scene, ViewLayer | Synchronizing object | Curved_roof_glazing.318
Fra:451 Mem:761.57M (Peak 852.49M) | Time:00:02.78 | Mem:0.00M, Peak:0.00M | Scene, ViewLayer | Synchronizing object | Wall_transom.131
Fra:451 Mem:761.56M (Peak 852.49M) | Time:00:02.78 | Mem:0.00M, Peak:0.00M | Scene, ViewLayer | Synchronizing object | Side_wall_glass.007
Fra:451 Mem:761.59M (Peak 852.49M) | Time:00:02.78 | Mem:0.00M, Peak:0.00M | Scene, ViewLayer | Synchronizing object | Ridge_vent_stanchion.013
Fra:451 Mem:761.61M (Peak 852.49M) | Time:00:02.78 | Mem:0.00M, Peak:0.00M | Scene, ViewLayer | Synchronizing object | Wall_stone_sill.005
Fra:451 Mem:761.62M (Peak 852.49M) | Time:00:02.79 | Mem:0.00M, Peak:0.00M | Scene, ViewLayer | Synchronizing object | Curved_roof_glazing.232
Fra:451 Mem:761.65M (Peak 852.49M) | Time:00:02.79 | Mem:0.00M, Peak:0.00M | Scene, ViewLayer | Synchronizing object | Primary_elliptical_arch.006
Fra:451 Mem:761.64M (Peak 852.49M) | Time:00:02.79 | Mem:0.00M, Peak:0.00M | Scene, ViewLayer | Synchronizing object | Wall_transom.055
Fra:451 Mem:761.76M (Peak 852.49M) | Time:00:02.79 | Mem:0.00M, Peak:0.00M | Scene, ViewLayer | Synchronizing object | Wall_transom.004
Fra:451 Mem:761.81M (Peak 852.49M) | Time:00:02.79 | Mem:0.00M, Peak:0.00M | Scene, ViewLayer | Synchronizing object | Curved_roof_glazing.245
Fra:451 Mem:761.82M (Peak 852.49M) | Time:00:02.79 | Mem:0.00M, Peak:0.00M | Scene, ViewLayer | Synchronizing object | Curved_roof_glazing.277
Fra:451 Mem:761.82M (Peak 852.49M) | Time:00:02.79 | Mem:0.00M, Peak:0.00M | Scene, ViewLayer | Synchronizing object | Wall_glazing_mullion.038
Fra:451 Mem:761.85M (Peak 852.49M) | Time:00:02.79 | Mem:0.00M, Peak:0.00M | Scene, ViewLayer | Synchronizing object | Curved_roof_glazing.069
Fra:451 Mem:761.85M (Peak 852.49M) | Time:00:02.79 | Mem:0.00M, Peak:0.00M | Scene, ViewLayer | Synchronizing object | Curved_roof_glazing.117
Fra:451 Mem:761.86M (Peak 852.49M) | Time:00:02.79 | Mem:0.00M, Peak:0.00M | Scene, ViewLayer | Synchronizing object | Wall_transom.174
Fra:451 Mem:761.88M (Peak 852.49M) | Time:00:02.79 | Mem:0.00M, Peak:0.00M | Scene, ViewLayer | Synchronizing object | Curved_roof_glazing.063
Fra:451 Mem:761.89M (Peak 852.49M) | Time:00:02.79 | Mem:0.00M, Peak:0.00M | Scene, ViewLayer | Synchronizing object | Curved_roof_glazing.335
Fra:451 Mem:761.89M (Peak 852.49M) | Time:00:02.79 | Mem:0.00M, Peak:0.00M | Scene, ViewLayer | Synchronizing object | Curved_roof_glazing.319
Fra:451 Mem:761.90M (Peak 852.49M) | Time:00:02.79 | Mem:0.00M, Peak:0.00M | Scene, ViewLayer | Synchronizing object | Side_wall_glass.006
Fra:451 Mem:761.89M (Peak 852.49M) | Time:00:02.79 | Mem:0.00M, Peak:0.00M | Scene, ViewLayer | Synchronizing object | Curved_roof_glazing.233
Fra:451 Mem:761.89M (Peak 852.49M) | Time:00:02.79 | Mem:0.00M, Peak:0.00M | Scene, ViewLayer | Synchronizing object | Load_column.012
Fra:451 Mem:761.91M (Peak 852.49M) | Time:00:02.79 | Mem:0.00M, Peak:0.00M | Scene, ViewLayer | Synchronizing object | Side_wall_glass.010
Fra:451 Mem:761.90M (Peak 852.49M) | Time:00:02.79 | Mem:0.00M, Peak:0.00M | Scene, ViewLayer | Synchronizing object | Side_wall_glass.015
Fra:451 Mem:761.90M (Peak 852.49M) | Time:00:02.79 | Mem:0.00M, Peak:0.00M | Scene, ViewLayer | Synchronizing object | Wall_transom.106
Fra:451 Mem:761.91M (Peak 852.49M) | Time:00:02.79 | Mem:0.00M, Peak:0.00M | Scene, ViewLayer | Synchronizing object | Wall_glazing_mullion.007
Fra:451 Mem:761.95M (Peak 852.49M) | Time:00:02.79 | Mem:0.00M, Peak:0.00M | Scene, ViewLayer | Synchronizing object | Wall_glazing_mullion.017
Fra:451 Mem:761.96M (Peak 852.49M) | Time:00:02.79 | Mem:0.00M, Peak:0.00M | Scene, ViewLayer | Synchronizing object | Curved_roof_glazing.246
Fra:451 Mem:761.99M (Peak 852.49M) | Time:00:02.79 | Mem:0.00M, Peak:0.00M | Scene, ViewLayer | Synchronizing object | Curved_roof_glazing.278
Fra:451 Mem:761.99M (Peak 852.49M) | Time:00:02.79 | Mem:0.00M, Peak:0.00M | Scene, ViewLayer | Synchronizing object | Curved_roof_glazing.070
Fra:451 Mem:762.00M (Peak 852.49M) | Time:00:02.79 | Mem:0.00M, Peak:0.00M | Scene, ViewLayer | Synchronizing object | Curved_roof_glazing.118
Fra:451 Mem:762.02M (Peak 852.49M) | Time:00:02.79 | Mem:0.00M, Peak:0.00M | Scene, ViewLayer | Synchronizing object | Curved_roof_glazing.150
Fra:451 Mem:762.00M (Peak 852.49M) | Time:00:02.79 | Mem:0.00M, Peak:0.00M | Scene, ViewLayer | Synchronizing object | Wall_stone_sill.042
Fra:451 Mem:762.00M (Peak 852.49M) | Time:00:02.79 | Mem:0.00M, Peak:0.00M | Scene, ViewLayer | Synchronizing object | Wall_glazing_mullion.001
Fra:451 Mem:762.05M (Peak 852.49M) | Time:00:02.79 | Mem:0.00M, Peak:0.00M | Scene, ViewLayer | Synchronizing object | Wall_stone_sill.032
Fra:451 Mem:762.06M (Peak 852.49M) | Time:00:02.79 | Mem:0.00M, Peak:0.00M | Scene, ViewLayer | Synchronizing object | Hall_door_rail.005
Fra:451 Mem:762.11M (Peak 852.49M) | Time:00:02.79 | Mem:0.00M, Peak:0.00M | Scene, ViewLayer | Synchronizing object | Ridge_vent_stanchion.001
Fra:451 Mem:762.11M (Peak 852.49M) | Time:00:02.79 | Mem:0.00M, Peak:0.00M | Scene, ViewLayer | Synchronizing object | Side_wall_glass.105
Fra:451 Mem:762.11M (Peak 852.49M) | Time:00:02.79 | Mem:0.00M, Peak:0.00M | Scene, ViewLayer | Synchronizing object | Wall_transom.076
Fra:451 Mem:762.11M (Peak 852.49M) | Time:00:02.79 | Mem:0.00M, Peak:0.00M | Scene, ViewLayer | Synchronizing object | Curved_roof_glazing.064
Fra:451 Mem:762.14M (Peak 852.49M) | Time:00:02.79 | Mem:0.00M, Peak:0.00M | Scene, ViewLayer | Synchronizing object | Curved_roof_glazing.336
Fra:451 Mem:762.14M (Peak 852.49M) | Time:00:02.79 | Mem:0.00M, Peak:0.00M | Scene, ViewLayer | Synchronizing object | Side_wall_glass.053
Fra:451 Mem:762.15M (Peak 852.49M) | Time:00:02.79 | Mem:0.00M, Peak:0.00M | Scene, ViewLayer | Synchronizing object | Curved_roof_glazing.320
Fra:451 Mem:762.15M (Peak 852.49M) | Time:00:02.79 | Mem:0.00M, Peak:0.00M | Scene, ViewLayer | Synchronizing object | Wall_transom.088
Fra:451 Mem:762.17M (Peak 852.49M) | Time:00:02.79 | Mem:0.00M, Peak:0.00M | Scene, ViewLayer | Synchronizing object | Wall_transom.062
Fra:451 Mem:762.21M (Peak 852.49M) | Time:00:02.79 | Mem:0.00M, Peak:0.00M | Scene, ViewLayer | Synchronizing object | Side_wall_glass.048
Fra:451 Mem:762.22M (Peak 852.49M) | Time:00:02.79 | Mem:0.00M, Peak:0.00M | Scene, ViewLayer | Synchronizing object | Wall_transom.167
Fra:451 Mem:762.23M (Peak 852.49M) | Time:00:02.79 | Mem:0.00M, Peak:0.00M | Scene, ViewLayer | Synchronizing object | Wall_transom.001
Fra:451 Mem:762.28M (Peak 852.49M) | Time:00:02.79 | Mem:0.00M, Peak:0.00M | Scene, ViewLayer | Synchronizing object | Load_column.003
Fra:451 Mem:762.26M (Peak 852.49M) | Time:00:02.79 | Mem:0.00M, Peak:0.00M | Scene, ViewLayer | Synchronizing object | Ridge_vent_stanchion.014
Fra:451 Mem:762.26M (Peak 852.49M) | Time:00:02.79 | Mem:0.00M, Peak:0.00M | Scene, ViewLayer | Synchronizing object | Wall_stone_sill.022
Fra:451 Mem:762.26M (Peak 852.49M) | Time:00:02.79 | Mem:0.00M, Peak:0.00M | Scene, ViewLayer | Synchronizing object | Curved_roof_glazing.234
Fra:451 Mem:762.29M (Peak 852.49M) | Time:00:02.79 | Mem:0.00M, Peak:0.00M | Scene, ViewLayer | Synchronizing object | End_wall_mullion.004
Fra:451 Mem:762.34M (Peak 852.49M) | Time:00:02.79 | Mem:0.00M, Peak:0.00M | Scene, ViewLayer | Synchronizing object | Wall_transom.165
Fra:451 Mem:762.33M (Peak 852.49M) | Time:00:02.79 | Mem:0.00M, Peak:0.00M | Scene, ViewLayer | Synchronizing object | Wall_glazing_mullion.008
Fra:451 Mem:762.37M (Peak 852.49M) | Time:00:02.79 | Mem:0.00M, Peak:0.00M | Scene, ViewLayer | Synchronizing object | Curved_roof_glazing.247
Fra:451 Mem:762.37M (Peak 852.49M) | Time:00:02.79 | Mem:0.00M, Peak:0.00M | Scene, ViewLayer | Synchronizing object | Curved_roof_glazing.279
Fra:451 Mem:762.37M (Peak 852.49M) | Time:00:02.79 | Mem:0.00M, Peak:0.00M | Scene, ViewLayer | Synchronizing object | Primary_elliptical_arch.007
Fra:451 Mem:762.39M (Peak 852.49M) | Time:00:02.79 | Mem:0.00M, Peak:0.00M | Scene, ViewLayer | Synchronizing object | Curved_roof_glazing.071
Fra:451 Mem:762.47M (Peak 852.49M) | Time:00:02.79 | Mem:0.00M, Peak:0.00M | Scene, ViewLayer | Synchronizing object | Curved_roof_glazing.119
Fra:451 Mem:762.48M (Peak 852.49M) | Time:00:02.79 | Mem:0.00M, Peak:0.00M | Scene, ViewLayer | Synchronizing object | Curved_roof_glazing.151
Fra:451 Mem:762.50M (Peak 852.49M) | Time:00:02.79 | Mem:0.00M, Peak:0.00M | Scene, ViewLayer | Synchronizing object | Curved_roof_glazing.180
Fra:451 Mem:762.50M (Peak 852.49M) | Time:00:02.79 | Mem:0.00M, Peak:0.00M | Scene, ViewLayer | Synchronizing object | Curved_roof_glazing.292
Fra:451 Mem:762.51M (Peak 852.49M) | Time:00:02.79 | Mem:0.00M, Peak:0.00M | Scene, ViewLayer | Synchronizing object | Curved_roof_glazing.084
Fra:451 Mem:762.51M (Peak 852.49M) | Time:00:02.79 | Mem:0.00M, Peak:0.00M | Scene, ViewLayer | Synchronizing object | End_wall_sill.013
Fra:451 Mem:762.56M (Peak 852.49M) | Time:00:02.79 | Mem:0.00M, Peak:0.00M | Scene, ViewLayer | Synchronizing object | Curved_roof_glazing.065
Fra:451 Mem:762.57M (Peak 852.49M) | Time:00:02.79 | Mem:0.00M, Peak:0.00M | Scene, ViewLayer | Synchronizing object | Curved_roof_glazing.337
Fra:451 Mem:762.57M (Peak 852.49M) | Time:00:02.79 | Mem:0.00M, Peak:0.00M | Scene, ViewLayer | Synchronizing object | Curved_roof_glazing.321
Fra:451 Mem:762.58M (Peak 852.49M) | Time:00:02.79 | Mem:0.00M, Peak:0.00M | Scene, ViewLayer | Synchronizing object | Column_capital.013
Fra:451 Mem:762.58M (Peak 852.49M) | Time:00:02.79 | Mem:0.00M, Peak:0.00M | Scene, ViewLayer | Synchronizing object | Portal_transom_mullion
Fra:451 Mem:762.63M (Peak 852.49M) | Time:00:02.79 | Mem:0.00M, Peak:0.00M | Scene, ViewLayer | Synchronizing object | Side_wall_glass.049
Fra:451 Mem:762.63M (Peak 852.49M) | Time:00:02.79 | Mem:0.00M, Peak:0.00M | Scene, ViewLayer | Synchronizing object | Wall_transom.027
Fra:451 Mem:762.64M (Peak 852.49M) | Time:00:02.79 | Mem:0.00M, Peak:0.00M | Scene, ViewLayer | Synchronizing object | Curved_roof_glazing.235
Fra:451 Mem:762.67M (Peak 852.49M) | Time:00:02.79 | Mem:0.00M, Peak:0.00M | Scene, ViewLayer | Synchronizing object | Side_wall_glass.044
Fra:451 Mem:762.66M (Peak 852.49M) | Time:00:02.79 | Mem:0.00M, Peak:0.00M | Scene, ViewLayer | Synchronizing object | Wall_glazing_mullion.003
Fra:451 Mem:762.69M (Peak 852.49M) | Time:00:02.79 | Mem:0.00M, Peak:0.00M | Scene, ViewLayer | Synchronizing object | Wall_transom.031
Fra:451 Mem:762.71M (Peak 852.49M) | Time:00:02.79 | Mem:0.00M, Peak:0.00M | Scene, ViewLayer | Synchronizing object | Curved_roof_glazing.248
Fra:451 Mem:762.72M (Peak 852.49M) | Time:00:02.79 | Mem:0.00M, Peak:0.00M | Scene, ViewLayer | Synchronizing object | Curved_roof_glazing.280
Fra:451 Mem:762.72M (Peak 852.49M) | Time:00:02.79 | Mem:0.00M, Peak:0.00M | Scene, ViewLayer | Synchronizing object | Secondary_glazing_rib.004
Fra:451 Mem:762.78M (Peak 852.49M) | Time:00:02.79 | Mem:0.00M, Peak:0.00M | Scene, ViewLayer | Synchronizing object | Curved_roof_glazing.072
Fra:451 Mem:762.80M (Peak 852.49M) | Time:00:02.79 | Mem:0.00M, Peak:0.00M | Scene, ViewLayer | Synchronizing object | Curved_roof_glazing.120
Fra:451 Mem:762.80M (Peak 852.49M) | Time:00:02.79 | Mem:0.00M, Peak:0.00M | Scene, ViewLayer | Synchronizing object | Curved_roof_glazing.152
Fra:451 Mem:762.81M (Peak 852.49M) | Time:00:02.79 | Mem:0.00M, Peak:0.00M | Scene, ViewLayer | Synchronizing object | Curved_roof_glazing.181
Fra:451 Mem:762.82M (Peak 852.49M) | Time:00:02.79 | Mem:0.00M, Peak:0.00M | Scene, ViewLayer | Synchronizing object | Curved_roof_glazing.293
Fra:451 Mem:762.83M (Peak 852.49M) | Time:00:02.79 | Mem:0.00M, Peak:0.00M | Scene, ViewLayer | Synchronizing object | Side_wall_glass.030
Fra:451 Mem:762.83M (Peak 852.49M) | Time:00:02.79 | Mem:0.00M, Peak:0.00M | Scene, ViewLayer | Synchronizing object | Wall_transom.176
Fra:451 Mem:762.84M (Peak 852.49M) | Time:00:02.79 | Mem:0.00M, Peak:0.00M | Scene, ViewLayer | Synchronizing object | Curved_roof_glazing.085
Fra:451 Mem:762.87M (Peak 852.49M) | Time:00:02.79 | Mem:0.00M, Peak:0.00M | Scene, ViewLayer | Synchronizing object | End_wall_mullion.009
Fra:451 Mem:762.89M (Peak 852.49M) | Time:00:02.79 | Mem:0.00M, Peak:0.00M | Scene, ViewLayer | Synchronizing object | Wall_transom.146
Fra:451 Mem:762.92M (Peak 852.49M) | Time:00:02.79 | Mem:0.00M, Peak:0.00M | Scene, ViewLayer | Synchronizing object | Curved_roof_glazing.066
Fra:451 Mem:762.91M (Peak 852.49M) | Time:00:02.79 | Mem:0.00M, Peak:0.00M | Scene, ViewLayer | Synchronizing object | Curved_roof_glazing.338
Fra:451 Mem:762.93M (Peak 852.49M) | Time:00:02.79 | Mem:0.00M, Peak:0.00M | Scene, ViewLayer | Synchronizing object | Wall_transom.150
Fra:451 Mem:762.95M (Peak 852.49M) | Time:00:02.79 | Mem:0.00M, Peak:0.00M | Scene, ViewLayer | Synchronizing object | Curved_roof_glazing.322
Fra:451 Mem:762.96M (Peak 852.49M) | Time:00:02.79 | Mem:0.00M, Peak:0.00M | Scene, ViewLayer | Synchronizing object | Wall_transom.144
Fra:451 Mem:762.99M (Peak 852.49M) | Time:00:02.79 | Mem:0.00M, Peak:0.00M | Scene, ViewLayer | Synchronizing object | Wall_glazing_mullion.033
Fra:451 Mem:763.01M (Peak 852.49M) | Time:00:02.79 | Mem:0.00M, Peak:0.00M | Scene, ViewLayer | Synchronizing object | Longitudinal_roof_purlin.006
Fra:451 Mem:763.05M (Peak 852.49M) | Time:00:02.79 | Mem:0.00M, Peak:0.00M | Scene, ViewLayer | Synchronizing object | Ridge_vent_stanchion.015
Fra:451 Mem:763.04M (Peak 852.49M) | Time:00:02.79 | Mem:0.00M, Peak:0.00M | Scene, ViewLayer | Synchronizing object | Wall_glazing_mullion.006
Fra:451 Mem:763.06M (Peak 852.49M) | Time:00:02.79 | Mem:0.00M, Peak:0.00M | Scene, ViewLayer | Synchronizing object | Wall_stone_sill.052
Fra:451 Mem:763.09M (Peak 852.49M) | Time:00:02.79 | Mem:0.00M, Peak:0.00M | Scene, ViewLayer | Synchronizing object | Curved_roof_glazing.236
Fra:451 Mem:763.09M (Peak 852.49M) | Time:00:02.79 | Mem:0.00M, Peak:0.00M | Scene, ViewLayer | Synchronizing object | Side_wall_glass.011
Fra:451 Mem:763.10M (Peak 852.49M) | Time:00:02.79 | Mem:0.00M, Peak:0.00M | Scene, ViewLayer | Synchronizing object | Wall_transom.126
Fra:451 Mem:763.14M (Peak 852.49M) | Time:00:02.79 | Mem:0.00M, Peak:0.00M | Scene, ViewLayer | Synchronizing object | Wall_transom.171
Fra:451 Mem:763.15M (Peak 852.49M) | Time:00:02.79 | Mem:0.00M, Peak:0.00M | Scene, ViewLayer | Synchronizing object | End_wall_sill.011
Fra:451 Mem:763.18M (Peak 852.49M) | Time:00:02.79 | Mem:0.00M, Peak:0.00M | Scene, ViewLayer | Synchronizing object | Curved_roof_glazing.249
Fra:451 Mem:763.18M (Peak 852.49M) | Time:00:02.79 | Mem:0.00M, Peak:0.00M | Scene, ViewLayer | Synchronizing object | Curved_roof_glazing.281
Fra:451 Mem:763.18M (Peak 852.49M) | Time:00:02.79 | Mem:0.00M, Peak:0.00M | Scene, ViewLayer | Synchronizing object | Load_column.006
Fra:451 Mem:763.19M (Peak 852.49M) | Time:00:02.79 | Mem:0.00M, Peak:0.00M | Scene, ViewLayer | Synchronizing object | Curved_roof_glazing.073
Fra:451 Mem:763.19M (Peak 852.49M) | Time:00:02.79 | Mem:0.00M, Peak:0.00M | Scene, ViewLayer | Synchronizing object | Curved_roof_glazing.121
Fra:451 Mem:763.19M (Peak 852.49M) | Time:00:02.79 | Mem:0.00M, Peak:0.00M | Scene, ViewLayer | Synchronizing object | Curved_roof_glazing.153
Fra:451 Mem:763.19M (Peak 852.49M) | Time:00:02.79 | Mem:0.00M, Peak:0.00M | Scene, ViewLayer | Synchronizing object | Curved_roof_glazing.182
Fra:451 Mem:763.20M (Peak 852.49M) | Time:00:02.79 | Mem:0.00M, Peak:0.00M | Scene, ViewLayer | Synchronizing object | Curved_roof_glazing.294
Fra:451 Mem:763.20M (Peak 852.49M) | Time:00:02.79 | Mem:0.00M, Peak:0.00M | Scene, ViewLayer | Synchronizing object | Side_wall_glass.031
Fra:451 Mem:763.20M (Peak 852.49M) | Time:00:02.79 | Mem:0.00M, Peak:0.00M | Scene, ViewLayer | Synchronizing object | Wall_transom.104
Fra:451 Mem:763.21M (Peak 852.49M) | Time:00:02.79 | Mem:0.00M, Peak:0.00M | Scene, ViewLayer | Synchronizing object | Curved_roof_glazing.086
Fra:451 Mem:763.24M (Peak 852.49M) | Time:00:02.79 | Mem:0.00M, Peak:0.00M | Scene, ViewLayer | Synchronizing object | End_wall_glazing.014
Fra:451 Mem:763.24M (Peak 852.49M) | Time:00:02.79 | Mem:0.00M, Peak:0.00M | Scene, ViewLayer | Synchronizing object | Curved_roof_glazing.067
Fra:451 Mem:763.25M (Peak 852.49M) | Time:00:02.79 | Mem:0.00M, Peak:0.00M | Scene, ViewLayer | Synchronizing object | Curved_roof_glazing.339
Fra:451 Mem:763.25M (Peak 852.49M) | Time:00:02.79 | Mem:0.00M, Peak:0.00M | Scene, ViewLayer | Synchronizing object | Wall_transom.078
Fra:451 Mem:763.28M (Peak 852.49M) | Time:00:02.79 | Mem:0.00M, Peak:0.00M | Scene, ViewLayer | Synchronizing object | Curved_roof_glazing.323
Fra:451 Mem:763.28M (Peak 852.49M) | Time:00:02.79 | Mem:0.00M, Peak:0.00M | Scene, ViewLayer | Synchronizing object | Wall_stone_sill.044
Fra:451 Mem:763.31M (Peak 852.49M) | Time:00:02.79 | Mem:0.00M, Peak:0.00M | Scene, ViewLayer | Synchronizing object | Secondary_glazing_rib.018
Fra:451 Mem:763.38M (Peak 852.49M) | Time:00:02.79 | Mem:0.00M, Peak:0.00M | Scene, ViewLayer | Synchronizing object | Wall_glazing_mullion.019
Fra:451 Mem:763.42M (Peak 852.49M) | Time:00:02.79 | Mem:0.00M, Peak:0.00M | Scene, ViewLayer | Synchronizing object | Side_wall_glass.108
Fra:451 Mem:763.44M (Peak 852.49M) | Time:00:02.79 | Mem:0.00M, Peak:0.00M | Scene, ViewLayer | Synchronizing object | Wall_glazing_mullion.004
Fra:451 Mem:763.43M (Peak 852.49M) | Time:00:02.79 | Mem:0.00M, Peak:0.00M | Scene, ViewLayer | Synchronizing object | Curved_roof_glazing.237
Fra:451 Mem:763.46M (Peak 852.49M) | Time:00:02.79 | Mem:0.00M, Peak:0.00M | Scene, ViewLayer | Synchronizing object | Wall_transom.056
Fra:451 Mem:763.48M (Peak 852.49M) | Time:00:02.79 | Mem:0.00M, Peak:0.00M | Scene, ViewLayer | Synchronizing object | Curved_roof_glazing.250
Fra:451 Mem:763.48M (Peak 852.49M) | Time:00:02.79 | Mem:0.00M, Peak:0.00M | Scene, ViewLayer | Synchronizing object | Curved_roof_glazing.282
Fra:451 Mem:763.48M (Peak 852.49M) | Time:00:02.79 | Mem:0.00M, Peak:0.00M | Scene, ViewLayer | Synchronizing object | Primary_elliptical_arch.003
Fra:451 Mem:763.50M (Peak 852.49M) | Time:00:02.79 | Mem:0.00M, Peak:0.00M | Scene, ViewLayer | Synchronizing object | Wall_transom.005
Fra:451 Mem:763.62M (Peak 852.49M) | Time:00:02.79 | Mem:0.00M, Peak:0.00M | Scene, ViewLayer | Synchronizing object | Curved_roof_glazing.074
Fra:451 Mem:763.65M (Peak 852.49M) | Time:00:02.79 | Mem:0.00M, Peak:0.00M | Scene, ViewLayer | Synchronizing object | Curved_roof_glazing.122
Fra:451 Mem:763.65M (Peak 852.49M) | Time:00:02.79 | Mem:0.00M, Peak:0.00M | Scene, ViewLayer | Synchronizing object | Curved_roof_glazing.154
Fra:451 Mem:763.65M (Peak 852.49M) | Time:00:02.79 | Mem:0.00M, Peak:0.00M | Scene, ViewLayer | Synchronizing object | Load_column.014
Fra:451 Mem:763.66M (Peak 852.49M) | Time:00:02.79 | Mem:0.00M, Peak:0.00M | Scene, ViewLayer | Synchronizing object | Curved_roof_glazing.183
Fra:451 Mem:763.66M (Peak 852.49M) | Time:00:02.79 | Mem:0.00M, Peak:0.00M | Scene, ViewLayer | Synchronizing object | Curved_roof_glazing.295
Fra:451 Mem:763.67M (Peak 852.49M) | Time:00:02.79 | Mem:0.00M, Peak:0.00M | Scene, ViewLayer | Synchronizing object | Wall_stone_sill.045
Fra:451 Mem:763.67M (Peak 852.49M) | Time:00:02.79 | Mem:0.00M, Peak:0.00M | Scene, ViewLayer | Synchronizing object | Curved_roof_glazing.087
Fra:451 Mem:763.70M (Peak 852.49M) | Time:00:02.79 | Mem:0.00M, Peak:0.00M | Scene, ViewLayer | Synchronizing object | Curved_roof_glazing.356
Fra:451 Mem:763.69M (Peak 852.49M) | Time:00:02.79 | Mem:0.00M, Peak:0.00M | Scene, ViewLayer | Synchronizing object | Load_column.011
Fra:451 Mem:763.71M (Peak 852.49M) | Time:00:02.79 | Mem:0.00M, Peak:0.00M | Scene, ViewLayer | Synchronizing object | Wall_transom.117
Fra:451 Mem:763.72M (Peak 852.49M) | Time:00:02.79 | Mem:0.00M, Peak:0.00M | Scene, ViewLayer | Synchronizing object | Secondary_glazing_rib.007
Fra:451 Mem:763.83M (Peak 852.49M) | Time:00:02.79 | Mem:0.00M, Peak:0.00M | Scene, ViewLayer | Synchronizing object | Secondary_glazing_rib.010
Fra:451 Mem:763.84M (Peak 852.49M) | Time:00:02.79 | Mem:0.00M, Peak:0.00M | Scene, ViewLayer | Synchronizing object | Wall_transom.009
Fra:451 Mem:763.97M (Peak 852.49M) | Time:00:02.79 | Mem:0.00M, Peak:0.00M | Scene, ViewLayer | Synchronizing object | Column_capital.003
Fra:451 Mem:763.95M (Peak 852.49M) | Time:00:02.79 | Mem:0.00M, Peak:0.00M | Scene, ViewLayer | Synchronizing object | Ridge_vent_stanchion.016
Fra:451 Mem:763.98M (Peak 852.49M) | Time:00:02.79 | Mem:0.00M, Peak:0.00M | Scene, ViewLayer | Synchronizing object | Column_base_plinth.012
Fra:451 Mem:764.00M (Peak 852.49M) | Time:00:02.79 | Mem:0.00M, Peak:0.00M | Scene, ViewLayer | Synchronizing object | Curved_roof_glazing.238
Fra:451 Mem:764.01M (Peak 852.49M) | Time:00:02.79 | Mem:0.00M, Peak:0.00M | Scene, ViewLayer | Synchronizing object | Secondary_glazing_rib.002
Fra:451 Mem:764.00M (Peak 852.49M) | Time:00:02.79 | Mem:0.00M, Peak:0.00M | Scene, ViewLayer | Synchronizing object | Side_wall_glass.045
Fra:451 Mem:764.07M (Peak 852.49M) | Time:00:02.79 | Mem:0.00M, Peak:0.00M | Scene, ViewLayer | Synchronizing object | Wall_transom.021
Fra:451 Mem:764.14M (Peak 852.49M) | Time:00:02.79 | Mem:0.00M, Peak:0.00M | Scene, ViewLayer | Synchronizing object | End_wall_glazing.012
Fra:451 Mem:764.12M (Peak 852.49M) | Time:00:02.79 | Mem:0.00M, Peak:0.00M | Scene, ViewLayer | Synchronizing object | Wall_transom.107
Fra:451 Mem:764.13M (Peak 852.49M) | Time:00:02.79 | Mem:0.00M, Peak:0.00M | Scene, ViewLayer | Synchronizing object | Curved_roof_glazing.251
Fra:451 Mem:764.16M (Peak 852.49M) | Time:00:02.79 | Mem:0.00M, Peak:0.00M | Scene, ViewLayer | Synchronizing object | Curved_roof_glazing.283
Fra:451 Mem:764.16M (Peak 852.49M) | Time:00:02.79 | Mem:0.00M, Peak:0.00M | Scene, ViewLayer | Synchronizing object | Curved_roof_glazing.075
Fra:451 Mem:764.17M (Peak 852.49M) | Time:00:02.79 | Mem:0.00M, Peak:0.00M | Scene, ViewLayer | Synchronizing object | Curved_roof_glazing.123
Fra:451 Mem:764.17M (Peak 852.49M) | Time:00:02.79 | Mem:0.00M, Peak:0.00M | Scene, ViewLayer | Synchronizing object | Curved_roof_glazing.155
Fra:451 Mem:764.20M (Peak 852.49M) | Time:00:02.79 | Mem:0.00M, Peak:0.00M | Scene, ViewLayer | Synchronizing object | Longitudinal_roof_purlin.002
Fra:451 Mem:764.18M (Peak 852.49M) | Time:00:02.79 | Mem:0.00M, Peak:0.00M | Scene, ViewLayer | Synchronizing object | Curved_roof_glazing.184
Fra:451 Mem:764.21M (Peak 852.49M) | Time:00:02.79 | Mem:0.00M, Peak:0.00M | Scene, ViewLayer | Synchronizing object | Curved_roof_glazing.296
Fra:451 Mem:764.21M (Peak 852.49M) | Time:00:02.79 | Mem:0.00M, Peak:0.00M | Scene, ViewLayer | Synchronizing object | Side_wall_glass.094
Fra:451 Mem:764.21M (Peak 852.49M) | Time:00:02.79 | Mem:0.00M, Peak:0.00M | Scene, ViewLayer | Synchronizing object | Curved_roof_glazing.088
Fra:451 Mem:764.24M (Peak 852.49M) | Time:00:02.79 | Mem:0.00M, Peak:0.00M | Scene, ViewLayer | Synchronizing object | Wall_transom.184
Fra:451 Mem:764.22M (Peak 852.49M) | Time:00:02.79 | Mem:0.00M, Peak:0.00M | Scene, ViewLayer | Synchronizing object | Column_base_plinth.011
Fra:451 Mem:764.29M (Peak 852.49M) | Time:00:02.79 | Mem:0.00M, Peak:0.00M | Scene, ViewLayer | Synchronizing object | Curved_roof_glazing.357
Fra:451 Mem:764.27M (Peak 852.49M) | Time:00:02.79 | Mem:0.00M, Peak:0.00M | Scene, ViewLayer | Synchronizing object | Wall_stone_sill.021
Fra:451 Mem:764.27M (Peak 852.49M) | Time:00:02.79 | Mem:0.00M, Peak:0.00M | Scene, ViewLayer | Synchronizing object | Wall_transom.168
Fra:451 Mem:764.32M (Peak 852.49M) | Time:00:02.79 | Mem:0.00M, Peak:0.00M | Scene, ViewLayer | Synchronizing object | Wall_transom.002
Fra:451 Mem:764.32M (Peak 852.49M) | Time:00:02.79 | Mem:0.00M, Peak:0.00M | Scene, ViewLayer | Synchronizing object | Column_base_plinth.002
Fra:451 Mem:764.37M (Peak 852.49M) | Time:00:02.79 | Mem:0.00M, Peak:0.00M | Scene, ViewLayer | Synchronizing object | Curved_roof_glazing.239
Fra:451 Mem:764.37M (Peak 852.49M) | Time:00:02.79 | Mem:0.00M, Peak:0.00M | Scene, ViewLayer | Synchronizing object | End_wall_sill.004
Fra:451 Mem:764.39M (Peak 852.49M) | Time:00:02.79 | Mem:0.00M, Peak:0.00M | Scene, ViewLayer | Synchronizing object | Wall_stone_sill.054
Fra:451 Mem:764.43M (Peak 852.49M) | Time:00:02.79 | Mem:0.00M, Peak:0.00M | Scene, ViewLayer | Synchronizing object | Curved_roof_glazing.252
Fra:451 Mem:764.43M (Peak 852.49M) | Time:00:02.79 | Mem:0.00M, Peak:0.00M | Scene, ViewLayer | Synchronizing object | Curved_roof_glazing.284
Fra:451 Mem:764.44M (Peak 852.49M) | Time:00:02.79 | Mem:0.00M, Peak:0.00M | Scene, ViewLayer | Synchronizing object | Curved_roof_glazing.076
Fra:451 Mem:764.44M (Peak 852.49M) | Time:00:02.79 | Mem:0.00M, Peak:0.00M | Scene, ViewLayer | Synchronizing object | Curved_roof_glazing.124
Fra:451 Mem:764.44M (Peak 852.49M) | Time:00:02.79 | Mem:0.00M, Peak:0.00M | Scene, ViewLayer | Synchronizing object | Curved_roof_glazing.156
Fra:451 Mem:764.45M (Peak 852.49M) | Time:00:02.79 | Mem:0.00M, Peak:0.00M | Scene, ViewLayer | Synchronizing object | Curved_roof_glazing.185
Fra:451 Mem:764.45M (Peak 852.49M) | Time:00:02.79 | Mem:0.00M, Peak:0.00M | Scene, ViewLayer | Synchronizing object | Curved_roof_glazing.297
Fra:451 Mem:764.45M (Peak 852.49M) | Time:00:02.79 | Mem:0.00M, Peak:0.00M | Scene, ViewLayer | Synchronizing object | Curved_roof_glazing.089
Fra:451 Mem:764.46M (Peak 852.49M) | Time:00:02.79 | Mem:0.00M, Peak:0.00M | Scene, ViewLayer | Synchronizing object | Curved_roof_glazing.358
Fra:451 Mem:764.46M (Peak 852.49M) | Time:00:02.79 | Mem:0.00M, Peak:0.00M | Scene, ViewLayer | Synchronizing object | Wall_glazing_mullion.014
Fra:451 Mem:764.47M (Peak 852.49M) | Time:00:02.79 | Mem:0.00M, Peak:0.00M | Scene, ViewLayer | Synchronizing object | Wall_transom.098
Fra:451 Mem:764.52M (Peak 852.49M) | Time:00:02.79 | Mem:0.00M, Peak:0.00M | Scene, ViewLayer | Synchronizing object | Wall_transom.134
Fra:451 Mem:764.53M (Peak 852.49M) | Time:00:02.79 | Mem:0.00M, Peak:0.00M | Scene, ViewLayer | Synchronizing object | Wall_transom.028
Fra:451 Mem:764.58M (Peak 852.49M) | Time:00:02.79 | Mem:0.00M, Peak:0.00M | Scene, ViewLayer | Synchronizing object | Wall_transom.072
Fra:451 Mem:764.58M (Peak 852.49M) | Time:00:02.79 | Mem:0.00M, Peak:0.00M | Scene, ViewLayer | Synchronizing object | Ridge_vent_stanchion.017
Fra:451 Mem:764.60M (Peak 852.49M) | Time:00:02.79 | Mem:0.00M, Peak:0.00M | Scene, ViewLayer | Synchronizing object | Secondary_glazing_rib.003
Fra:451 Mem:764.68M (Peak 852.49M) | Time:00:02.79 | Mem:0.00M, Peak:0.00M | Scene, ViewLayer | Synchronizing object | Side_wall_glass.109
Fra:451 Mem:764.70M (Peak 852.49M) | Time:00:02.79 | Mem:0.00M, Peak:0.00M | Scene, ViewLayer | Synchronizing object | Curved_roof_glazing.240
Fra:451 Mem:764.69M (Peak 852.49M) | Time:00:02.79 | Mem:0.00M, Peak:0.00M | Scene, ViewLayer | Synchronizing object | End_wall_glazing.005
Fra:451 Mem:764.70M (Peak 852.49M) | Time:00:02.79 | Mem:0.00M, Peak:0.00M | Scene, ViewLayer | Synchronizing object | Wall_transom.032
Fra:451 Mem:764.70M (Peak 852.49M) | Time:00:02.79 | Mem:0.00M, Peak:0.00M | Scene, ViewLayer | Synchronizing object | Side_wall_glass.112
Fra:451 Mem:764.73M (Peak 852.49M) | Time:00:02.79 | Mem:0.00M, Peak:0.00M | Scene, ViewLayer | Synchronizing object | Curved_roof_glazing.253
Fra:451 Mem:764.72M (Peak 852.49M) | Time:00:02.79 | Mem:0.00M, Peak:0.00M | Scene, ViewLayer | Synchronizing object | Curved_roof_glazing.285
Fra:451 Mem:764.74M (Peak 852.49M) | Time:00:02.79 | Mem:0.00M, Peak:0.00M | Scene, ViewLayer | Synchronizing object | Curved_roof_glazing.077
Fra:451 Mem:764.74M (Peak 852.49M) | Time:00:02.79 | Mem:0.00M, Peak:0.00M | Scene, ViewLayer | Synchronizing object | Curved_roof_glazing.125
Fra:451 Mem:764.76M (Peak 852.49M) | Time:00:02.79 | Mem:0.00M, Peak:0.00M | Scene, ViewLayer | Synchronizing object | Curved_roof_glazing.157
Fra:451 Mem:764.75M (Peak 852.49M) | Time:00:02.79 | Mem:0.00M, Peak:0.00M | Scene, ViewLayer | Synchronizing object | Curved_roof_glazing.186
Fra:451 Mem:764.75M (Peak 852.49M) | Time:00:02.79 | Mem:0.00M, Peak:0.00M | Scene, ViewLayer | Synchronizing object | Curved_roof_glazing.090
Fra:451 Mem:764.76M (Peak 852.49M) | Time:00:02.79 | Mem:0.00M, Peak:0.00M | Scene, ViewLayer | Synchronizing object | End_wall_sill.009
Fra:451 Mem:764.79M (Peak 852.49M) | Time:00:02.79 | Mem:0.00M, Peak:0.00M | Scene, ViewLayer | Synchronizing object | Wall_transom.147
Fra:451 Mem:764.82M (Peak 852.49M) | Time:00:02.79 | Mem:0.00M, Peak:0.00M | Scene, ViewLayer | Synchronizing object | Curved_roof_glazing.359
Fra:451 Mem:764.82M (Peak 852.49M) | Time:00:02.79 | Mem:0.00M, Peak:0.00M | Scene, ViewLayer | Synchronizing object | Side_wall_glass.090
Fra:451 Mem:764.82M (Peak 852.49M) | Time:00:02.79 | Mem:0.00M, Peak:0.00M | Scene, ViewLayer | Synchronizing object | Platform_portal_lintel
Fra:451 Mem:764.85M (Peak 852.49M) | Time:00:02.79 | Mem:0.00M, Peak:0.00M | Scene, ViewLayer | Synchronizing object | Side_wall_glass.068
Fra:451 Mem:764.85M (Peak 852.49M) | Time:00:02.79 | Mem:0.00M, Peak:0.00M | Scene, ViewLayer | Synchronizing object | Curved_roof_glazing.241
Fra:451 Mem:764.86M (Peak 852.49M) | Time:00:02.79 | Mem:0.00M, Peak:0.00M | Scene, ViewLayer | Synchronizing object | Wall_transom.015
Fra:451 Mem:764.89M (Peak 852.49M) | Time:00:02.79 | Mem:0.00M, Peak:0.00M | Scene, ViewLayer | Synchronizing object | Wall_stone_sill.056
Fra:451 Mem:764.91M (Peak 852.49M) | Time:00:02.80 | Mem:0.00M, Peak:0.00M | Scene, ViewLayer | Synchronizing object | Wall_transom.127
Fra:451 Mem:764.94M (Peak 852.49M) | Time:00:02.80 | Mem:0.00M, Peak:0.00M | Scene, ViewLayer | Synchronizing object | Column_base_plinth.006
Fra:451 Mem:764.96M (Peak 852.49M) | Time:00:02.80 | Mem:0.00M, Peak:0.00M | Scene, ViewLayer | Synchronizing object | Curved_roof_glazing.254
Fra:451 Mem:764.97M (Peak 852.49M) | Time:00:02.80 | Mem:0.00M, Peak:0.00M | Scene, ViewLayer | Synchronizing object | Curved_roof_glazing.286
Fra:451 Mem:764.96M (Peak 852.49M) | Time:00:02.80 | Mem:0.00M, Peak:0.00M | Scene, ViewLayer | Synchronizing object | Curved_roof_glazing.078
Fra:451 Mem:764.97M (Peak 852.49M) | Time:00:02.80 | Mem:0.00M, Peak:0.00M | Scene, ViewLayer | Synchronizing object | Curved_roof_glazing.126
Fra:451 Mem:764.97M (Peak 852.49M) | Time:00:02.80 | Mem:0.00M, Peak:0.00M | Scene, ViewLayer | Synchronizing object | Curved_roof_glazing.158
Fra:451 Mem:764.98M (Peak 852.49M) | Time:00:02.80 | Mem:0.00M, Peak:0.00M | Scene, ViewLayer | Synchronizing object | Curved_roof_glazing.187
Fra:451 Mem:764.98M (Peak 852.49M) | Time:00:02.80 | Mem:0.00M, Peak:0.00M | Scene, ViewLayer | Synchronizing object | Curved_roof_glazing.299
Fra:451 Mem:764.98M (Peak 852.49M) | Time:00:02.80 | Mem:0.00M, Peak:0.00M | Scene, ViewLayer | Synchronizing object | Side_wall_glass.095
Fra:451 Mem:764.99M (Peak 852.49M) | Time:00:02.80 | Mem:0.00M, Peak:0.00M | Scene, ViewLayer | Synchronizing object | Wall_stone_sill.035
Fra:451 Mem:764.99M (Peak 852.49M) | Time:00:02.80 | Mem:0.00M, Peak:0.00M | Scene, ViewLayer | Synchronizing object | Wall_transom.045
Fra:451 Mem:765.04M (Peak 852.49M) | Time:00:02.80 | Mem:0.00M, Peak:0.00M | Scene, ViewLayer | Synchronizing object | Curved_roof_glazing.091
Fra:451 Mem:765.04M (Peak 852.49M) | Time:00:02.80 | Mem:0.00M, Peak:0.00M | Scene, ViewLayer | Synchronizing object | End_wall_mullion.014
Fra:451 Mem:765.05M (Peak 852.49M) | Time:00:02.80 | Mem:0.00M, Peak:0.00M | Scene, ViewLayer | Synchronizing object | Wall_glazing_mullion.028
Fra:451 Mem:765.11M (Peak 852.49M) | Time:00:02.80 | Mem:0.00M, Peak:0.00M | Scene, ViewLayer | Synchronizing object | Curved_roof_glazing.360
Fra:451 Mem:765.10M (Peak 852.49M) | Time:00:02.80 | Mem:0.00M, Peak:0.00M | Scene, ViewLayer | Synchronizing object | Wall_transom.049
Fra:451 Mem:765.11M (Peak 852.49M) | Time:00:02.80 | Mem:0.00M, Peak:0.00M | Scene, ViewLayer | Synchronizing object | Wall_transom.037
Fra:451 Mem:765.15M (Peak 852.49M) | Time:00:02.80 | Mem:0.00M, Peak:0.00M | Scene, ViewLayer | Synchronizing object | Wall_transom.053
Fra:451 Mem:765.16M (Peak 852.49M) | Time:00:02.80 | Mem:0.00M, Peak:0.00M | Scene, ViewLayer | Synchronizing object | Wall_transom.182
Fra:451 Mem:765.21M (Peak 852.49M) | Time:00:02.80 | Mem:0.00M, Peak:0.00M | Scene, ViewLayer | Synchronizing object | Wall_transom.041
Fra:451 Mem:765.21M (Peak 852.49M) | Time:00:02.80 | Mem:0.00M, Peak:0.00M | Scene, ViewLayer | Synchronizing object | Column_capital.012
Fra:451 Mem:765.26M (Peak 852.49M) | Time:00:02.80 | Mem:0.00M, Peak:0.00M | Scene, ViewLayer | Synchronizing object | Curved_roof_glazing.242
Fra:451 Mem:765.26M (Peak 852.49M) | Time:00:02.80 | Mem:0.00M, Peak:0.00M | Scene, ViewLayer | Synchronizing object | Primary_elliptical_arch.001
Fra:451 Mem:765.30M (Peak 852.49M) | Time:00:02.80 | Mem:0.00M, Peak:0.00M | Scene, ViewLayer | Synchronizing object | Side_wall_glass.116
Fra:451 Mem:765.36M (Peak 852.49M) | Time:00:02.80 | Mem:0.00M, Peak:0.00M | Scene, ViewLayer | Synchronizing object | Wall_stone_sill.019
Fra:451 Mem:765.43M (Peak 852.49M) | Time:00:02.80 | Mem:0.00M, Peak:0.00M | Scene, ViewLayer | Synchronizing object | Curved_roof_glazing.255
Fra:451 Mem:765.43M (Peak 852.49M) | Time:00:02.80 | Mem:0.00M, Peak:0.00M | Scene, ViewLayer | Synchronizing object | Curved_roof_glazing.287
Fra:451 Mem:765.43M (Peak 852.49M) | Time:00:02.80 | Mem:0.00M, Peak:0.00M | Scene, ViewLayer | Synchronizing object | Wall_stone_sill.002
Fra:451 Mem:765.44M (Peak 852.49M) | Time:00:02.80 | Mem:0.00M, Peak:0.00M | Scene, ViewLayer | Synchronizing object | Column_base_plinth.014
Fra:451 Mem:765.50M (Peak 852.49M) | Time:00:02.80 | Mem:0.00M, Peak:0.00M | Scene, ViewLayer | Synchronizing object | Curved_roof_glazing.079
Fra:451 Mem:765.49M (Peak 852.49M) | Time:00:02.80 | Mem:0.00M, Peak:0.00M | Scene, ViewLayer | Synchronizing object | Curved_roof_glazing.127
Fra:451 Mem:765.49M (Peak 852.49M) | Time:00:02.80 | Mem:0.00M, Peak:0.00M | Scene, ViewLayer | Synchronizing object | Curved_roof_glazing.159
Fra:451 Mem:765.50M (Peak 852.49M) | Time:00:02.80 | Mem:0.00M, Peak:0.00M | Scene, ViewLayer | Synchronizing object | Curved_roof_glazing.188
Fra:451 Mem:765.50M (Peak 852.49M) | Time:00:02.80 | Mem:0.00M, Peak:0.00M | Scene, ViewLayer | Synchronizing object | Curved_roof_glazing.300
Fra:451 Mem:765.51M (Peak 852.49M) | Time:00:02.80 | Mem:0.00M, Peak:0.00M | Scene, ViewLayer | Synchronizing object | Side_wall_glass.070
Fra:451 Mem:765.51M (Peak 852.49M) | Time:00:02.80 | Mem:0.00M, Peak:0.00M | Scene, ViewLayer | Synchronizing object | Wall_transom.177
Fra:451 Mem:765.52M (Peak 852.49M) | Time:00:02.80 | Mem:0.00M, Peak:0.00M | Scene, ViewLayer | Synchronizing object | Wall_glazing_mullion.029
Fra:451 Mem:765.57M (Peak 852.49M) | Time:00:02.80 | Mem:0.00M, Peak:0.00M | Scene, ViewLayer | Synchronizing object | Column_capital.005
Fra:451 Mem:765.56M (Peak 852.49M) | Time:00:02.80 | Mem:0.00M, Peak:0.00M | Scene, ViewLayer | Synchronizing object | Curved_roof_glazing.092
Fra:451 Mem:765.60M (Peak 852.49M) | Time:00:02.80 | Mem:0.00M, Peak:0.00M | Scene, ViewLayer | Synchronizing object | Curved_roof_glazing.361
Fra:451 Mem:765.60M (Peak 852.49M) | Time:00:02.80 | Mem:0.00M, Peak:0.00M | Scene, ViewLayer | Synchronizing object | Hall_door_kickpanel.001
Fra:451 Mem:765.63M (Peak 852.49M) | Time:00:02.80 | Mem:0.00M, Peak:0.00M | Scene, ViewLayer | Synchronizing object | Side_wall_glass.038
Fra:451 Mem:765.63M (Peak 852.49M) | Time:00:02.80 | Mem:0.00M, Peak:0.00M | Scene, ViewLayer | Synchronizing object | Wall_glazing_mullion.005
Fra:451 Mem:765.66M (Peak 852.49M) | Time:00:02.80 | Mem:0.00M, Peak:0.00M | Scene, ViewLayer | Synchronizing object | Wall_transom.066
Fra:451 Mem:765.68M (Peak 852.49M) | Time:00:02.80 | Mem:0.00M, Peak:0.00M | Scene, ViewLayer | Synchronizing object | Column_base_plinth.013
Fra:451 Mem:765.71M (Peak 852.49M) | Time:00:02.80 | Mem:0.00M, Peak:0.00M | Scene, ViewLayer | Synchronizing object | Curved_roof_glazing.243
Fra:451 Mem:765.72M (Peak 852.49M) | Time:00:02.80 | Mem:0.00M, Peak:0.00M | Scene, ViewLayer | Synchronizing object | Wall_transom.022
Fra:451 Mem:765.74M (Peak 852.49M) | Time:00:02.80 | Mem:0.00M, Peak:0.00M | Scene, ViewLayer | Synchronizing object | Side_wall_glass.113
Fra:451 Mem:765.75M (Peak 852.49M) | Time:00:02.80 | Mem:0.00M, Peak:0.00M | Scene, ViewLayer | Synchronizing object | End_wall_mullion.012
Fra:451 Mem:765.77M (Peak 852.49M) | Time:00:02.80 | Mem:0.00M, Peak:0.00M | Scene, ViewLayer | Synchronizing object | Wall_stone_sill.036
Fra:451 Mem:765.79M (Peak 852.49M) | Time:00:02.80 | Mem:0.00M, Peak:0.00M | Scene, ViewLayer | Synchronizing object | Curved_roof_glazing.162
Fra:451 Mem:765.81M (Peak 852.49M) | Time:00:02.80 | Mem:0.00M, Peak:0.00M | Scene, ViewLayer | Synchronizing object | Curved_roof_glazing.256
Fra:451 Mem:765.80M (Peak 852.49M) | Time:00:02.80 | Mem:0.00M, Peak:0.00M | Scene, ViewLayer | Synchronizing object | Curved_roof_glazing.288
Fra:451 Mem:765.81M (Peak 852.49M) | Time:00:02.80 | Mem:0.00M, Peak:0.00M | Scene, ViewLayer | Synchronizing object | Curved_roof_glazing.080
Fra:451 Mem:765.81M (Peak 852.49M) | Time:00:02.80 | Mem:0.00M, Peak:0.00M | Scene, ViewLayer | Synchronizing object | Curved_roof_glazing.128
Fra:451 Mem:765.84M (Peak 852.49M) | Time:00:02.80 | Mem:0.00M, Peak:0.00M | Scene, ViewLayer | Synchronizing object | Curved_roof_glazing.160
Fra:451 Mem:765.82M (Peak 852.49M) | Time:00:02.80 | Mem:0.00M, Peak:0.00M | Scene, ViewLayer | Synchronizing object | Longitudinal_roof_purlin.003
Fra:451 Mem:765.82M (Peak 852.49M) | Time:00:02.80 | Mem:0.00M, Peak:0.00M | Scene, ViewLayer | Synchronizing object | Curved_roof_glazing.189
Fra:451 Mem:765.85M (Peak 852.49M) | Time:00:02.80 | Mem:0.00M, Peak:0.00M | Scene, ViewLayer | Synchronizing object | Curved_roof_glazing.301
Fra:451 Mem:765.87M (Peak 852.49M) | Time:00:02.80 | Mem:0.00M, Peak:0.00M | Scene, ViewLayer | Synchronizing object | Curved_roof_glazing.093
Fra:451 Mem:765.86M (Peak 852.49M) | Time:00:02.80 | Mem:0.00M, Peak:0.00M | Scene, ViewLayer | Synchronizing object | End_wall_glazing.015
Fra:451 Mem:765.86M (Peak 852.49M) | Time:00:02.80 | Mem:0.00M, Peak:0.00M | Scene, ViewLayer | Synchronizing object | Secondary_glazing_rib.006
Fra:451 Mem:765.94M (Peak 852.49M) | Time:00:02.80 | Mem:0.00M, Peak:0.00M | Scene, ViewLayer | Synchronizing object | Secondary_glazing_rib.016
Fra:451 Mem:766.03M (Peak 852.49M) | Time:00:02.80 | Mem:0.00M, Peak:0.00M | Scene, ViewLayer | Synchronizing object | Wall_transom.185
Fra:451 Mem:766.07M (Peak 852.49M) | Time:00:02.80 | Mem:0.00M, Peak:0.00M | Scene, ViewLayer | Synchronizing object | Curved_roof_glazing.362
Fra:451 Mem:766.07M (Peak 852.49M) | Time:00:02.80 | Mem:0.00M, Peak:0.00M | Scene, ViewLayer | Synchronizing object | Wall_transom.118
Fra:451 Mem:766.11M (Peak 852.49M) | Time:00:02.80 | Mem:0.00M, Peak:0.00M | Scene, ViewLayer | Synchronizing object | Wall_glazing_mullion.022
Fra:451 Mem:766.13M (Peak 852.49M) | Time:00:02.80 | Mem:0.00M, Peak:0.00M | Scene, ViewLayer | Synchronizing object | Hall_door_stile
Fra:451 Mem:766.16M (Peak 852.49M) | Time:00:02.80 | Mem:0.00M, Peak:0.00M | Scene, ViewLayer | Synchronizing object | Side_wall_glass.069
Fra:451 Mem:766.16M (Peak 852.49M) | Time:00:02.80 | Mem:0.00M, Peak:0.00M | Scene, ViewLayer | Synchronizing object | Curved_roof_glazing.340
Fra:451 Mem:766.17M (Peak 852.49M) | Time:00:02.80 | Mem:0.00M, Peak:0.00M | Scene, ViewLayer | Synchronizing object | Wall_glazing_mullion.026
Fra:451 Mem:766.19M (Peak 852.49M) | Time:00:02.80 | Mem:0.00M, Peak:0.00M | Scene, ViewLayer | Synchronizing object | Curved_roof_glazing.257
Fra:451 Mem:766.20M (Peak 852.49M) | Time:00:02.80 | Mem:0.00M, Peak:0.00M | Scene, ViewLayer | Synchronizing object | Curved_roof_glazing.289
Fra:451 Mem:766.20M (Peak 852.49M) | Time:00:02.80 | Mem:0.00M, Peak:0.00M | Scene, ViewLayer | Synchronizing object | Wall_glazing_mullion.009
Fra:451 Mem:766.22M (Peak 852.49M) | Time:00:02.80 | Mem:0.00M, Peak:0.00M | Scene, ViewLayer | Synchronizing object | Curved_roof_glazing.081
Fra:451 Mem:766.23M (Peak 852.49M) | Time:00:02.80 | Mem:0.00M, Peak:0.00M | Scene, ViewLayer | Synchronizing object | Curved_roof_glazing.129
Fra:451 Mem:766.25M (Peak 852.49M) | Time:00:02.80 | Mem:0.00M, Peak:0.00M | Scene, ViewLayer | Synchronizing object | Curved_roof_glazing.161
Fra:451 Mem:766.23M (Peak 852.49M) | Time:00:02.80 | Mem:0.00M, Peak:0.00M | Scene, ViewLayer | Synchronizing object | Curved_roof_glazing.190
Fra:451 Mem:766.24M (Peak 852.49M) | Time:00:02.80 | Mem:0.00M, Peak:0.00M | Scene, ViewLayer | Synchronizing object | Curved_roof_glazing.302
Fra:451 Mem:766.24M (Peak 852.49M) | Time:00:02.80 | Mem:0.00M, Peak:0.00M | Scene, ViewLayer | Synchronizing object | Curved_roof_glazing.094
Fra:451 Mem:766.24M (Peak 852.49M) | Time:00:02.80 | Mem:0.00M, Peak:0.00M | Scene, ViewLayer | Synchronizing object | Curved_roof_glazing.363
Fra:451 Mem:766.25M (Peak 852.49M) | Time:00:02.80 | Mem:0.00M, Peak:0.00M | Scene, ViewLayer | Synchronizing object | Wall_glazing_mullion.023
Fra:451 Mem:766.25M (Peak 852.49M) | Time:00:02.80 | Mem:0.00M, Peak:0.00M | Scene, ViewLayer | Synchronizing object | Wall_stone_sill.033
Fra:451 Mem:766.30M (Peak 852.49M) | Time:00:02.80 | Mem:0.00M, Peak:0.00M | Scene, ViewLayer | Synchronizing object | Wall_transom.085
Fra:451 Mem:766.31M (Peak 852.49M) | Time:00:02.80 | Mem:0.00M, Peak:0.00M | Scene, ViewLayer | Synchronizing object | Wall_transom.043
Fra:451 Mem:766.36M (Peak 852.49M) | Time:00:02.80 | Mem:0.00M, Peak:0.00M | Scene, ViewLayer | Synchronizing object | End_wall_sill.012
Fra:451 Mem:766.42M (Peak 852.49M) | Time:00:02.80 | Mem:0.00M, Peak:0.00M | Scene, ViewLayer | Synchronizing object | Curved_roof_glazing.341
Fra:451 Mem:766.41M (Peak 852.49M) | Time:00:02.80 | Mem:0.00M, Peak:0.00M | Scene, ViewLayer | Synchronizing object | Wall_transom.059
Fra:451 Mem:766.42M (Peak 852.49M) | Time:00:02.80 | Mem:0.00M, Peak:0.00M | Scene, ViewLayer | Synchronizing object | Side_wall_glass.005
Fra:451 Mem:766.45M (Peak 852.49M) | Time:00:02.80 | Mem:0.00M, Peak:0.00M | Scene, ViewLayer | Synchronizing object | Curved_roof_glazing.258
Fra:451 Mem:766.45M (Peak 852.49M) | Time:00:02.80 | Mem:0.00M, Peak:0.00M | Scene, ViewLayer | Synchronizing object | Curved_roof_glazing.290
Fra:451 Mem:766.45M (Peak 852.49M) | Time:00:02.80 | Mem:0.00M, Peak:0.00M | Scene, ViewLayer | Synchronizing object | Secondary_glazing_rib.005
Fra:451 Mem:766.53M (Peak 852.49M) | Time:00:02.80 | Mem:0.00M, Peak:0.00M | Scene, ViewLayer | Synchronizing object | Curved_roof_glazing.082
Fra:451 Mem:766.53M (Peak 852.49M) | Time:00:02.80 | Mem:0.00M, Peak:0.00M | Scene, ViewLayer | Synchronizing object | Curved_roof_glazing.130
Fra:451 Mem:766.53M (Peak 852.49M) | Time:00:02.80 | Mem:0.00M, Peak:0.00M | Scene, ViewLayer | Synchronizing object | Curved_roof_glazing.191
Fra:451 Mem:766.54M (Peak 852.49M) | Time:00:02.80 | Mem:0.00M, Peak:0.00M | Scene, ViewLayer | Synchronizing object | Curved_roof_glazing.303
Fra:451 Mem:766.57M (Peak 852.49M) | Time:00:02.80 | Mem:0.00M, Peak:0.00M | Scene, ViewLayer | Synchronizing object | Side_wall_glass.071
Fra:451 Mem:766.56M (Peak 852.49M) | Time:00:02.80 | Mem:0.00M, Peak:0.00M | Scene, ViewLayer | Synchronizing object | Curved_roof_glazing.095
Fra:451 Mem:766.56M (Peak 852.49M) | Time:00:02.80 | Mem:0.00M, Peak:0.00M | Scene, ViewLayer | Synchronizing object | End_elevation_crossbar
Fra:451 Mem:766.57M (Peak 852.49M) | Time:00:02.80 | Mem:0.00M, Peak:0.00M | Scene, ViewLayer | Synchronizing object | Wall_glazing_mullion.012
Fra:451 Mem:766.63M (Peak 852.49M) | Time:00:02.80 | Mem:0.00M, Peak:0.00M | Scene, ViewLayer | Synchronizing object | Wall_stone_sill.048
Fra:451 Mem:766.64M (Peak 852.49M) | Time:00:02.80 | Mem:0.00M, Peak:0.00M | Scene, ViewLayer | Synchronizing object | Curved_roof_glazing.364
Fra:451 Mem:766.65M (Peak 852.49M) | Time:00:02.80 | Mem:0.00M, Peak:0.00M | Scene, ViewLayer | Synchronizing object | Secondary_glazing_rib.013
Fra:451 Mem:766.72M (Peak 852.49M) | Time:00:02.80 | Mem:0.00M, Peak:0.00M | Scene, ViewLayer | Synchronizing object | Wall_glazing_mullion.015
Fra:451 Mem:766.77M (Peak 852.49M) | Time:00:02.80 | Mem:0.00M, Peak:0.00M | Scene, ViewLayer | Synchronizing object | Curved_roof_glazing.342
Fra:451 Mem:766.77M (Peak 852.49M) | Time:00:02.80 | Mem:0.00M, Peak:0.00M | Scene, ViewLayer | Synchronizing object | Wall_transom.128
Fra:451 Mem:766.79M (Peak 852.49M) | Time:00:02.80 | Mem:0.00M, Peak:0.00M | Scene, ViewLayer | Synchronizing object | Wall_transom.024
Fra:451 Mem:766.83M (Peak 852.49M) | Time:00:02.80 | Mem:0.00M, Peak:0.00M | Scene, ViewLayer | Synchronizing object | Side_wall_glass.004
Fra:451 Mem:766.82M (Peak 852.49M) | Time:00:02.80 | Mem:0.00M, Peak:0.00M | Scene, ViewLayer | Synchronizing object | Curved_roof_glazing.259
Fra:451 Mem:766.82M (Peak 852.49M) | Time:00:02.80 | Mem:0.00M, Peak:0.00M | Scene, ViewLayer | Synchronizing object | Curved_roof_glazing.291
Fra:451 Mem:766.83M (Peak 852.49M) | Time:00:02.80 | Mem:0.00M, Peak:0.00M | Scene, ViewLayer | Synchronizing object | Curved_roof_glazing.163
Fra:451 Mem:766.83M (Peak 852.49M) | Time:00:02.80 | Mem:0.00M, Peak:0.00M | Scene, ViewLayer | Synchronizing object | Curved_roof_glazing.083
Fra:451 Mem:766.84M (Peak 852.49M) | Time:00:02.80 | Mem:0.00M, Peak:0.00M | Scene, ViewLayer | Synchronizing object | Curved_roof_glazing.131
Fra:451 Mem:766.84M (Peak 852.49M) | Time:00:02.80 | Mem:0.00M, Peak:0.00M | Scene, ViewLayer | Synchronizing object | Curved_roof_glazing.192
Fra:451 Mem:766.85M (Peak 852.49M) | Time:00:02.80 | Mem:0.00M, Peak:0.00M | Scene, ViewLayer | Synchronizing object | Curved_roof_glazing.304
Fra:451 Mem:766.85M (Peak 852.49M) | Time:00:02.80 | Mem:0.00M, Peak:0.00M | Scene, ViewLayer | Synchronizing object | Wall_transom.046
Fra:451 Mem:766.86M (Peak 852.49M) | Time:00:02.80 | Mem:0.00M, Peak:0.00M | Scene, ViewLayer | Synchronizing object | Wall_transom.139
Fra:451 Mem:766.92M (Peak 852.49M) | Time:00:02.80 | Mem:0.00M, Peak:0.00M | Scene, ViewLayer | Synchronizing object | Curved_roof_glazing.096
Fra:451 Mem:766.91M (Peak 852.49M) | Time:00:02.80 | Mem:0.00M, Peak:0.00M | Scene, ViewLayer | Synchronizing object | Side_wall_glass.100
Fra:451 Mem:766.91M (Peak 852.49M) | Time:00:02.80 | Mem:0.00M, Peak:0.00M | Scene, ViewLayer | Synchronizing object | Curved_roof_glazing.365
Fra:451 Mem:766.92M (Peak 852.49M) | Time:00:02.80 | Mem:0.00M, Peak:0.00M | Scene, ViewLayer | Synchronizing object | Wall_transom.050
Fra:451 Mem:766.93M (Peak 852.49M) | Time:00:02.80 | Mem:0.00M, Peak:0.00M | Scene, ViewLayer | Synchronizing object | Side_wall_glass.066
Fra:451 Mem:766.96M (Peak 852.49M) | Time:00:02.80 | Mem:0.00M, Peak:0.00M | Scene, ViewLayer | Synchronizing object | Wall_transom.038
Fra:451 Mem:766.98M (Peak 852.49M) | Time:00:02.80 | Mem:0.00M, Peak:0.00M | Scene, ViewLayer | Synchronizing object | Wall_transom.135
Fra:451 Mem:767.01M (Peak 852.49M) | Time:00:02.80 | Mem:0.00M, Peak:0.00M | Scene, ViewLayer | Synchronizing object | Wall_stone_sill.018
Fra:451 Mem:767.03M (Peak 852.49M) | Time:00:02.80 | Mem:0.00M, Peak:0.00M | Scene, ViewLayer | Synchronizing object | Wall_transom.183
Fra:451 Mem:767.06M (Peak 852.49M) | Time:00:02.80 | Mem:0.00M, Peak:0.00M | Scene, ViewLayer | Synchronizing object | End_wall_glazing.013
Fra:451 Mem:767.06M (Peak 852.49M) | Time:00:02.80 | Mem:0.00M, Peak:0.00M | Scene, ViewLayer | Synchronizing object | Curved_roof_glazing.343
Fra:451 Mem:767.06M (Peak 852.49M) | Time:00:02.80 | Mem:0.00M, Peak:0.00M | Scene, ViewLayer | Synchronizing object | Portal_transom_mullion.001
Fra:451 Mem:767.09M (Peak 852.49M) | Time:00:02.80 | Mem:0.00M, Peak:0.00M | Scene, ViewLayer | Synchronizing object | Primary_elliptical_arch.005
Fra:451 Mem:767.20M (Peak 852.49M) | Time:00:02.80 | Mem:0.00M, Peak:0.00M | Scene, ViewLayer | Synchronizing object | Wall_stone_sill.057
Fra:451 Mem:767.25M (Peak 852.49M) | Time:00:02.80 | Mem:0.00M, Peak:0.00M | Scene, ViewLayer | Synchronizing object | Wall_stone_sill.061
Fra:451 Mem:767.28M (Peak 852.49M) | Time:00:02.80 | Mem:0.00M, Peak:0.00M | Scene, ViewLayer | Synchronizing object | Curved_roof_glazing.260
Fra:451 Mem:767.28M (Peak 852.49M) | Time:00:02.80 | Mem:0.00M, Peak:0.00M | Scene, ViewLayer | Synchronizing object | Primary_elliptical_arch.004
Fra:451 Mem:767.31M (Peak 852.49M) | Time:00:02.80 | Mem:0.00M, Peak:0.00M | Scene, ViewLayer | Synchronizing object | Side_wall_glass.013
Fra:451 Mem:767.35M (Peak 852.49M) | Time:00:02.80 | Mem:0.00M, Peak:0.00M | Scene, ViewLayer | Synchronizing object | End_wall_glazing.016
Fra:451 Mem:767.38M (Peak 852.49M) | Time:00:02.80 | Mem:0.00M, Peak:0.00M | Scene, ViewLayer | Synchronizing object | Side_wall_glass.088
Fra:451 Mem:767.40M (Peak 852.49M) | Time:00:02.80 | Mem:0.00M, Peak:0.00M | Scene, ViewLayer | Synchronizing object | Wall_transom.111
Fra:451 Mem:767.45M (Peak 852.49M) | Time:00:02.80 | Mem:0.00M, Peak:0.00M | Scene, ViewLayer | Synchronizing object | Curved_roof_glazing.193
Fra:451 Mem:767.45M (Peak 852.49M) | Time:00:02.80 | Mem:0.00M, Peak:0.00M | Scene, ViewLayer | Synchronizing object | Curved_roof_glazing.305
Fra:451 Mem:767.45M (Peak 852.49M) | Time:00:02.80 | Mem:0.00M, Peak:0.00M | Scene, ViewLayer | Synchronizing object | Wall_stone_sill.058
Fra:451 Mem:767.46M (Peak 852.49M) | Time:00:02.80 | Mem:0.00M, Peak:0.00M | Scene, ViewLayer | Synchronizing object | Curved_roof_glazing.097
Fra:451 Mem:767.50M (Peak 852.49M) | Time:00:02.80 | Mem:0.00M, Peak:0.00M | Scene, ViewLayer | Synchronizing object | Curved_roof_glazing.366
Fra:451 Mem:767.49M (Peak 852.49M) | Time:00:02.80 | Mem:0.00M, Peak:0.00M | Scene, ViewLayer | Synchronizing object | Secondary_glazing_rib.008
Fra:451 Mem:767.56M (Peak 852.49M) | Time:00:02.80 | Mem:0.00M, Peak:0.00M | Scene, ViewLayer | Synchronizing object | Curved_roof_glazing.344
Fra:451 Mem:767.57M (Peak 852.49M) | Time:00:02.80 | Mem:0.00M, Peak:0.00M | Scene, ViewLayer | Synchronizing object | Wall_glazing_mullion.020
Fra:451 Mem:767.61M (Peak 852.49M) | Time:00:02.80 | Mem:0.00M, Peak:0.00M | Scene, ViewLayer | Synchronizing object | Load_column.010
Fra:451 Mem:767.61M (Peak 852.49M) | Time:00:02.80 | Mem:0.00M, Peak:0.00M | Scene, ViewLayer | Synchronizing object | Side_wall_glass.118
Fra:451 Mem:767.64M (Peak 852.49M) | Time:00:02.80 | Mem:0.00M, Peak:0.00M | Scene, ViewLayer | Synchronizing object | Side_wall_glass.126
Fra:451 Mem:767.61M (Peak 852.49M) | Time:00:02.80 | Mem:0.00M, Peak:0.00M | Scene, ViewLayer | Synchronizing object | Wall_transom.035
Fra:451 Mem:767.62M (Peak 852.49M) | Time:00:02.80 | Mem:0.00M, Peak:0.00M | Scene, ViewLayer | Synchronizing object | Curved_roof_glazing.261
Fra:451 Mem:767.65M (Peak 852.49M) | Time:00:02.80 | Mem:0.00M, Peak:0.00M | Scene, ViewLayer | Synchronizing object | Ridge_vent_cap
Fra:451 Mem:767.67M (Peak 852.49M) | Time:00:02.80 | Mem:0.00M, Peak:0.00M | Scene, ViewLayer | Synchronizing object | Wall_transom.089
Fra:451 Mem:767.70M (Peak 852.49M) | Time:00:02.80 | Mem:0.00M, Peak:0.00M | Scene, ViewLayer | Synchronizing object | Ridge_vent_stanchion.002
Fra:451 Mem:767.70M (Peak 852.49M) | Time:00:02.80 | Mem:0.00M, Peak:0.00M | Scene, ViewLayer | Synchronizing object | Side_wall_glass.034
Fra:451 Mem:767.70M (Peak 852.49M) | Time:00:02.80 | Mem:0.00M, Peak:0.00M | Scene, ViewLayer | Synchronizing object | Curved_roof_glazing.194
Fra:451 Mem:767.72M (Peak 852.49M) | Time:00:02.80 | Mem:0.00M, Peak:0.00M | Scene, ViewLayer | Synchronizing object | Curved_roof_glazing.306
Fra:451 Mem:767.71M (Peak 852.49M) | Time:00:02.80 | Mem:0.00M, Peak:0.00M | Scene, ViewLayer | Synchronizing object | Side_wall_glass.120
Fra:451 Mem:767.71M (Peak 852.49M) | Time:00:02.80 | Mem:0.00M, Peak:0.00M | Scene, ViewLayer | Synchronizing object | Curved_roof_glazing.098
Fra:451 Mem:767.71M (Peak 852.49M) | Time:00:02.80 | Mem:0.00M, Peak:0.00M | Scene, ViewLayer | Synchronizing object | End_wall_mullion.015
Fra:451 Mem:767.72M (Peak 852.49M) | Time:00:02.80 | Mem:0.00M, Peak:0.00M | Scene, ViewLayer | Synchronizing object | Wall_glazing_mullion.013
Fra:451 Mem:767.79M (Peak 852.49M) | Time:00:02.80 | Mem:0.00M, Peak:0.00M | Scene, ViewLayer | Synchronizing object | Wall_transom.186
Fra:451 Mem:767.78M (Peak 852.49M) | Time:00:02.80 | Mem:0.00M, Peak:0.00M | Scene, ViewLayer | Synchronizing object | Column_capital.011
Fra:451 Mem:767.85M (Peak 852.49M) | Time:00:02.80 | Mem:0.00M, Peak:0.00M | Scene, ViewLayer | Synchronizing object | Curved_roof_glazing.367
Fra:451 Mem:767.83M (Peak 852.49M) | Time:00:02.80 | Mem:0.00M, Peak:0.00M | Scene, ViewLayer | Synchronizing object | Wall_transom.119
Fra:451 Mem:767.83M (Peak 852.49M) | Time:00:02.80 | Mem:0.00M, Peak:0.00M | Scene, ViewLayer | Synchronizing object | Side_wall_glass.067
Fra:451 Mem:767.85M (Peak 852.49M) | Time:00:02.80 | Mem:0.00M, Peak:0.00M | Scene, ViewLayer | Synchronizing object | Side_wall_glass.091
Fra:451 Mem:767.87M (Peak 852.49M) | Time:00:02.80 | Mem:0.00M, Peak:0.00M | Scene, ViewLayer | Synchronizing object | Wall_glazing_mullion.016
Fra:451 Mem:767.88M (Peak 852.49M) | Time:00:02.80 | Mem:0.00M, Peak:0.00M | Scene, ViewLayer | Synchronizing object | Wall_transom.102
Fra:451 Mem:767.91M (Peak 852.49M) | Time:00:02.80 | Mem:0.00M, Peak:0.00M | Scene, ViewLayer | Synchronizing object | Wall_stone_sill.014
Fra:451 Mem:767.96M (Peak 852.49M) | Time:00:02.80 | Mem:0.00M, Peak:0.00M | Scene, ViewLayer | Synchronizing object | Curved_roof_glazing.345
Fra:451 Mem:767.94M (Peak 852.49M) | Time:00:02.80 | Mem:0.00M, Peak:0.00M | Scene, ViewLayer | Synchronizing object | Secondary_glazing_rib.011
Fra:451 Mem:767.95M (Peak 852.49M) | Time:00:02.80 | Mem:0.00M, Peak:0.00M | Scene, ViewLayer | Synchronizing object | Longitudinal_roof_purlin.011
Fra:451 Mem:768.04M (Peak 852.49M) | Time:00:02.80 | Mem:0.00M, Peak:0.00M | Scene, ViewLayer | Synchronizing object | Curved_roof_glazing.262
Fra:451 Mem:768.05M (Peak 852.49M) | Time:00:02.80 | Mem:0.00M, Peak:0.00M | Scene, ViewLayer | Synchronizing object | Load_column.008
Fra:451 Mem:768.07M (Peak 852.49M) | Time:00:02.81 | Mem:0.00M, Peak:0.00M | Scene, ViewLayer | Synchronizing object | Side_wall_glass.035
Fra:451 Mem:768.07M (Peak 852.49M) | Time:00:02.81 | Mem:0.00M, Peak:0.00M | Scene, ViewLayer | Synchronizing object | Curved_roof_glazing.195
Fra:451 Mem:768.07M (Peak 852.49M) | Time:00:02.81 | Mem:0.00M, Peak:0.00M | Scene, ViewLayer | Synchronizing object | Curved_roof_glazing.307
Fra:451 Mem:793.93M (Peak 852.49M) | Time:00:02.81 | Mem:0.00M, Peak:0.00M | Scene, ViewLayer | Synchronizing object | Curved_roof_glazing.099
Fra:451 Mem:793.93M (Peak 852.49M) | Time:00:02.81 | Mem:0.00M, Peak:0.00M | Scene, ViewLayer | Synchronizing object | Side_wall_glass.101
Fra:451 Mem:793.93M (Peak 852.49M) | Time:00:02.81 | Mem:0.00M, Peak:0.00M | Scene, ViewLayer | Synchronizing object | Curved_roof_glazing.368
Fra:451 Mem:793.93M (Peak 852.49M) | Time:00:02.81 | Mem:0.00M, Peak:0.00M | Scene, ViewLayer | Synchronizing object | Wall_glazing_mullion.027
Fra:451 Mem:793.94M (Peak 852.49M) | Time:00:02.81 | Mem:0.00M, Peak:0.00M | Scene, ViewLayer | Synchronizing object | Side_wall_glass.036
Fra:451 Mem:793.97M (Peak 852.49M) | Time:00:02.81 | Mem:0.00M, Peak:0.00M | Scene, ViewLayer | Synchronizing object | Wall_transom.086
Fra:451 Mem:793.99M (Peak 852.49M) | Time:00:02.81 | Mem:0.00M, Peak:0.00M | Scene, ViewLayer | Synchronizing object | Wall_transom.074
Fra:451 Mem:794.02M (Peak 852.49M) | Time:00:02.81 | Mem:0.00M, Peak:0.00M | Scene, ViewLayer | Synchronizing object | Wall_glazing_mullion.040
Fra:451 Mem:794.03M (Peak 852.49M) | Time:00:02.81 | Mem:0.00M, Peak:0.00M | Scene, ViewLayer | Synchronizing object | Wall_transom.044
Fra:451 Mem:794.07M (Peak 852.49M) | Time:00:02.81 | Mem:0.00M, Peak:0.00M | Scene, ViewLayer | Synchronizing object | Curved_roof_glazing.346
Fra:451 Mem:794.06M (Peak 852.49M) | Time:00:02.81 | Mem:0.00M, Peak:0.00M | Scene, ViewLayer | Synchronizing object | Wall_stone_sill.020
Fra:451 Mem:794.08M (Peak 852.49M) | Time:00:02.81 | Mem:0.00M, Peak:0.00M | Scene, ViewLayer | Synchronizing object | Curved_roof_glazing.263
Fra:451 Mem:794.11M (Peak 852.49M) | Time:00:02.81 | Mem:0.00M, Peak:0.00M | Scene, ViewLayer | Synchronizing object | Ridge_vent_stanchion.003
Fra:451 Mem:794.09M (Peak 852.49M) | Time:00:02.81 | Mem:0.00M, Peak:0.00M | Scene, ViewLayer | Synchronizing object | Side_wall_glass.089
Fra:451 Mem:794.08M (Peak 852.49M) | Time:00:02.81 | Mem:0.00M, Peak:0.00M | Scene, ViewLayer | Synchronizing object | Wall_stone_sill.001
Fra:451 Mem:794.09M (Peak 852.49M) | Time:00:02.81 | Mem:0.00M, Peak:0.00M | Scene, ViewLayer | Synchronizing object | Wall_stone_sill.047
Fra:451 Mem:794.14M (Peak 852.49M) | Time:00:02.81 | Mem:0.00M, Peak:0.00M | Scene, ViewLayer | Synchronizing object | Wall_stone_sill.059
Fra:451 Mem:794.13M (Peak 852.49M) | Time:00:02.81 | Mem:0.00M, Peak:0.00M | Scene, ViewLayer | Synchronizing object | Curved_roof_glazing.212
Fra:451 Mem:794.17M (Peak 852.49M) | Time:00:02.81 | Mem:0.00M, Peak:0.00M | Scene, ViewLayer | Synchronizing object | Load_column.017
Fra:451 Mem:794.16M (Peak 852.49M) | Time:00:02.81 | Mem:0.00M, Peak:0.00M | Scene, ViewLayer | Synchronizing object | Curved_roof_glazing.369
Fra:451 Mem:794.17M (Peak 852.49M) | Time:00:02.81 | Mem:0.00M, Peak:0.00M | Scene, ViewLayer | Synchronizing object | Secondary_glazing_rib.015
Fra:451 Mem:794.23M (Peak 852.49M) | Time:00:02.81 | Mem:0.00M, Peak:0.00M | Scene, ViewLayer | Synchronizing object | Side_wall_glass.037
Fra:451 Mem:794.24M (Peak 852.49M) | Time:00:02.81 | Mem:0.00M, Peak:0.00M | Scene, ViewLayer | Synchronizing object | Curved_roof_glazing.347
Fra:451 Mem:794.24M (Peak 852.49M) | Time:00:02.81 | Mem:0.00M, Peak:0.00M | Scene, ViewLayer | Synchronizing object | Wall_stone_sill.043
Fra:451 Mem:794.28M (Peak 852.49M) | Time:00:02.81 | Mem:0.00M, Peak:0.00M | Scene, ViewLayer | Synchronizing object | Side_wall_glass.119
Fra:451 Mem:794.28M (Peak 852.49M) | Time:00:02.81 | Mem:0.00M, Peak:0.00M | Scene, ViewLayer | Synchronizing object | Side_wall_glass.127
Fra:451 Mem:794.31M (Peak 852.49M) | Time:00:02.81 | Mem:0.00M, Peak:0.00M | Scene, ViewLayer | Synchronizing object | Wall_transom.025
Fra:451 Mem:794.29M (Peak 852.49M) | Time:00:02.81 | Mem:0.00M, Peak:0.00M | Scene, ViewLayer | Synchronizing object | Curved_roof_glazing.264
Fra:451 Mem:794.32M (Peak 852.49M) | Time:00:02.81 | Mem:0.00M, Peak:0.00M | Scene, ViewLayer | Synchronizing object | Wall_transom.067
Fra:451 Mem:794.34M (Peak 852.49M) | Time:00:02.81 | Mem:0.00M, Peak:0.00M | Scene, ViewLayer | Synchronizing object | Side_wall_glass.098
Fra:451 Mem:794.33M (Peak 852.49M) | Time:00:02.81 | Mem:0.00M, Peak:0.00M | Scene, ViewLayer | Synchronizing object | Side_wall_glass.122
Fra:451 Mem:794.33M (Peak 852.49M) | Time:00:02.81 | Mem:0.00M, Peak:0.00M | Scene, ViewLayer | Synchronizing object | Curved_roof_glazing.213
Fra:451 Mem:794.33M (Peak 852.49M) | Time:00:02.81 | Mem:0.00M, Peak:0.00M | Scene, ViewLayer | Synchronizing object | Side_wall_glass.080
Fra:451 Mem:794.34M (Peak 852.49M) | Time:00:02.81 | Mem:0.00M, Peak:0.00M | Scene, ViewLayer | Synchronizing object | Wall_stone_sill.011
Fra:451 Mem:794.34M (Peak 852.49M) | Time:00:02.81 | Mem:0.00M, Peak:0.00M | Scene, ViewLayer | Synchronizing object | Wall_transom.083
Fra:451 Mem:794.39M (Peak 852.49M) | Time:00:02.81 | Mem:0.00M, Peak:0.00M | Scene, ViewLayer | Synchronizing object | Curved_roof_glazing.370
Fra:451 Mem:794.39M (Peak 852.49M) | Time:00:02.81 | Mem:0.00M, Peak:0.00M | Scene, ViewLayer | Synchronizing object | Wall_stone_sill.017
Fra:451 Mem:794.39M (Peak 852.49M) | Time:00:02.81 | Mem:0.00M, Peak:0.00M | Scene, ViewLayer | Synchronizing object | Wall_stone_sill.013
Fra:451 Mem:794.44M (Peak 852.49M) | Time:00:02.81 | Mem:0.00M, Peak:0.00M | Scene, ViewLayer | Synchronizing object | Wall_stone_sill.060
Fra:451 Mem:794.46M (Peak 852.49M) | Time:00:02.81 | Mem:0.00M, Peak:0.00M | Scene, ViewLayer | Synchronizing object | Secondary_glazing_rib.022
Fra:451 Mem:794.54M (Peak 852.49M) | Time:00:02.81 | Mem:0.00M, Peak:0.00M | Scene, ViewLayer | Synchronizing object | Side_wall_glass.028
Fra:451 Mem:794.55M (Peak 852.49M) | Time:00:02.81 | Mem:0.00M, Peak:0.00M | Scene, ViewLayer | Synchronizing object | Curved_roof_glazing.348
Fra:451 Mem:794.55M (Peak 852.49M) | Time:00:02.81 | Mem:0.00M, Peak:0.00M | Scene, ViewLayer | Synchronizing object | Curved_roof_glazing.265
Fra:451 Mem:794.55M (Peak 852.49M) | Time:00:02.81 | Mem:0.00M, Peak:0.00M | Scene, ViewLayer | Synchronizing object | Wall_transom.012
Fra:451 Mem:794.59M (Peak 852.49M) | Time:00:02.81 | Mem:0.00M, Peak:0.00M | Scene, ViewLayer | Synchronizing object | End_wall_mullion.016
Fra:451 Mem:794.64M (Peak 852.49M) | Time:00:02.81 | Mem:0.00M, Peak:0.00M | Scene, ViewLayer | Synchronizing object | Ridge_vent_stanchion.004
Fra:451 Mem:794.64M (Peak 852.49M) | Time:00:02.81 | Mem:0.00M, Peak:0.00M | Scene, ViewLayer | Synchronizing object | Wall_transom.112
Fra:451 Mem:794.65M (Peak 852.49M) | Time:00:02.81 | Mem:0.00M, Peak:0.00M | Scene, ViewLayer | Synchronizing object | Curved_roof_glazing.214
Fra:451 Mem:794.68M (Peak 852.49M) | Time:00:02.81 | Mem:0.00M, Peak:0.00M | Scene, ViewLayer | Synchronizing object | End_wall_mullion.001
Fra:451 Mem:794.70M (Peak 852.49M) | Time:00:02.81 | Mem:0.00M, Peak:0.00M | Scene, ViewLayer | Synchronizing object | Side_wall_glass.055
Fra:451 Mem:794.70M (Peak 852.49M) | Time:00:02.81 | Mem:0.00M, Peak:0.00M | Scene, ViewLayer | Synchronizing object | Curved_roof_glazing.371
Fra:451 Mem:794.71M (Peak 852.49M) | Time:00:02.81 | Mem:0.00M, Peak:0.00M | Scene, ViewLayer | Synchronizing object | Side_wall_glass.026
Fra:451 Mem:794.71M (Peak 852.49M) | Time:00:02.81 | Mem:0.00M, Peak:0.00M | Scene, ViewLayer | Synchronizing object | Hall_door_stile.001
Fra:451 Mem:794.71M (Peak 852.49M) | Time:00:02.81 | Mem:0.00M, Peak:0.00M | Scene, ViewLayer | Synchronizing object | Side_wall_glass.124
Fra:451 Mem:794.74M (Peak 852.49M) | Time:00:02.81 | Mem:0.00M, Peak:0.00M | Scene, ViewLayer | Synchronizing object | Side_wall_glass.029
Fra:451 Mem:794.75M (Peak 852.49M) | Time:00:02.81 | Mem:0.00M, Peak:0.00M | Scene, ViewLayer | Synchronizing object | Wall_glazing_mullion.041
Fra:451 Mem:794.77M (Peak 852.49M) | Time:00:02.81 | Mem:0.00M, Peak:0.00M | Scene, ViewLayer | Synchronizing object | Curved_roof_glazing.349
Fra:451 Mem:794.77M (Peak 852.49M) | Time:00:02.81 | Mem:0.00M, Peak:0.00M | Scene, ViewLayer | Synchronizing object | Side_wall_glass.086
Fra:451 Mem:794.77M (Peak 852.49M) | Time:00:02.81 | Mem:0.00M, Peak:0.00M | Scene, ViewLayer | Synchronizing object | Column_base_plinth.010
Fra:451 Mem:794.78M (Peak 852.49M) | Time:00:02.81 | Mem:0.00M, Peak:0.00M | Scene, ViewLayer | Synchronizing object | Side_wall_glass.040
Fra:451 Mem:794.81M (Peak 852.49M) | Time:00:02.81 | Mem:0.00M, Peak:0.00M | Scene, ViewLayer | Synchronizing object | Curved_roof_glazing.266
Fra:451 Mem:794.81M (Peak 852.49M) | Time:00:02.81 | Mem:0.00M, Peak:0.00M | Scene, ViewLayer | Synchronizing object | Platform_portal_jamb
Fra:451 Mem:794.83M (Peak 852.49M) | Time:00:02.81 | Mem:0.00M, Peak:0.00M | Scene, ViewLayer | Synchronizing object | Wall_stone_sill.030
Fra:451 Mem:794.86M (Peak 852.49M) | Time:00:02.81 | Mem:0.00M, Peak:0.00M | Scene, ViewLayer | Synchronizing object | Side_wall_glass.003
Fra:451 Mem:794.86M (Peak 852.49M) | Time:00:02.81 | Mem:0.00M, Peak:0.00M | Scene, ViewLayer | Synchronizing object | Curved_roof_glazing.215
Fra:451 Mem:794.86M (Peak 852.49M) | Time:00:02.81 | Mem:0.00M, Peak:0.00M | Scene, ViewLayer | Synchronizing object | End_wall_sill.006
Fra:451 Mem:794.90M (Peak 852.49M) | Time:00:02.81 | Mem:0.00M, Peak:0.00M | Scene, ViewLayer | Synchronizing object | Side_wall_glass.022
Fra:451 Mem:794.89M (Peak 852.49M) | Time:00:02.81 | Mem:0.00M, Peak:0.00M | Scene, ViewLayer | Synchronizing object | Side_wall_glass.081
Fra:451 Mem:794.89M (Peak 852.49M) | Time:00:02.81 | Mem:0.00M, Peak:0.00M | Scene, ViewLayer | Synchronizing object | Curved_roof_glazing.020
Fra:451 Mem:794.90M (Peak 852.49M) | Time:00:02.81 | Mem:0.00M, Peak:0.00M | Scene, ViewLayer | Synchronizing object | Curved_roof_glazing.036
Fra:451 Mem:794.92M (Peak 852.49M) | Time:00:02.81 | Mem:0.00M, Peak:0.00M | Scene, ViewLayer | Synchronizing object | Curved_roof_glazing.100
Fra:451 Mem:794.91M (Peak 852.49M) | Time:00:02.81 | Mem:0.00M, Peak:0.00M | Scene, ViewLayer | Synchronizing object | End_elevation_crossbar.001
Fra:451 Mem:794.90M (Peak 852.49M) | Time:00:02.81 | Mem:0.00M, Peak:0.00M | Scene, ViewLayer | Synchronizing object | Wall_transom.099
Fra:451 Mem:794.96M (Peak 852.49M) | Time:00:02.81 | Mem:0.00M, Peak:0.00M | Scene, ViewLayer | Synchronizing object | End_wall_glazing
Fra:451 Mem:794.97M (Peak 852.49M) | Time:00:02.81 | Mem:0.00M, Peak:0.00M | Scene, ViewLayer | Synchronizing object | Wall_transom.103
Fra:451 Mem:801.35M (Peak 852.49M) | Time:00:02.81 | Mem:0.00M, Peak:0.00M | Scene, ViewLayer | Synchronizing object | Wall_glazing_mullion.044
Fra:451 Mem:801.40M (Peak 852.49M) | Time:00:02.81 | Mem:0.00M, Peak:0.00M | Scene, ViewLayer | Synchronizing object | Longitudinal_roof_purlin.012
Fra:451 Mem:801.40M (Peak 852.49M) | Time:00:02.81 | Mem:0.00M, Peak:0.00M | Scene, ViewLayer | Synchronizing object | Side_wall_glass.041
Fra:451 Mem:801.41M (Peak 852.49M) | Time:00:02.81 | Mem:0.00M, Peak:0.00M | Scene, ViewLayer | Synchronizing object | Wall_stone_sill.012
Fra:451 Mem:801.46M (Peak 852.49M) | Time:00:02.81 | Mem:0.00M, Peak:0.00M | Scene, ViewLayer | Synchronizing object | Curved_roof_glazing.267
Fra:451 Mem:801.46M (Peak 852.49M) | Time:00:02.81 | Mem:0.00M, Peak:0.00M | Scene, ViewLayer | Synchronizing object | Side_wall_glass.060
Fra:451 Mem:801.46M (Peak 852.49M) | Time:00:02.81 | Mem:0.00M, Peak:0.00M | Scene, ViewLayer | Synchronizing object | Ridge_vent_stanchion.005
Fra:451 Mem:801.46M (Peak 852.49M) | Time:00:02.81 | Mem:0.00M, Peak:0.00M | Scene, ViewLayer | Synchronizing object | Side_wall_glass.002
Fra:451 Mem:801.46M (Peak 852.49M) | Time:00:02.81 | Mem:0.00M, Peak:0.00M | Scene, ViewLayer | Synchronizing object | Side_wall_glass.099
Fra:451 Mem:801.47M (Peak 852.49M) | Time:00:02.81 | Mem:0.00M, Peak:0.00M | Scene, ViewLayer | Synchronizing object | Side_wall_glass.123
Fra:451 Mem:801.47M (Peak 852.49M) | Time:00:02.81 | Mem:0.00M, Peak:0.00M | Scene, ViewLayer | Synchronizing object | Wall_transom.051
Fra:451 Mem:801.48M (Peak 852.49M) | Time:00:02.81 | Mem:0.00M, Peak:0.00M | Scene, ViewLayer | Synchronizing object | Curved_roof_glazing.216
Fra:451 Mem:801.51M (Peak 852.49M) | Time:00:02.81 | Mem:0.00M, Peak:0.00M | Scene, ViewLayer | Synchronizing object | End_wall_glazing.007
Fra:451 Mem:801.51M (Peak 852.49M) | Time:00:02.81 | Mem:0.00M, Peak:0.00M | Scene, ViewLayer | Synchronizing object | Curved_roof_glazing.021
Fra:451 Mem:801.51M (Peak 852.49M) | Time:00:02.81 | Mem:0.00M, Peak:0.00M | Scene, ViewLayer | Synchronizing object | Curved_roof_glazing.037
Fra:451 Mem:801.51M (Peak 852.49M) | Time:00:02.81 | Mem:0.00M, Peak:0.00M | Scene, ViewLayer | Synchronizing object | Curved_roof_glazing.101
Fra:451 Mem:801.52M (Peak 852.49M) | Time:00:02.81 | Mem:0.00M, Peak:0.00M | Scene, ViewLayer | Synchronizing object | Side_wall_glass.042
Fra:451 Mem:801.52M (Peak 852.49M) | Time:00:02.81 | Mem:0.00M, Peak:0.00M | Scene, ViewLayer | Synchronizing object | Wall_transom.010
Fra:451 Mem:801.52M (Peak 852.49M) | Time:00:02.81 | Mem:0.00M, Peak:0.00M | Scene, ViewLayer | Synchronizing object | Wall_stone_sill.029
Fra:451 Mem:801.59M (Peak 852.49M) | Time:00:02.81 | Mem:0.00M, Peak:0.00M | Scene, ViewLayer | Synchronizing object | Wall_stone_sill.015
Fra:451 Mem:801.60M (Peak 852.49M) | Time:00:02.81 | Mem:0.00M, Peak:0.00M | Scene, ViewLayer | Synchronizing object | Wall_stone_sill.025
Fra:451 Mem:801.62M (Peak 852.49M) | Time:00:02.81 | Mem:0.00M, Peak:0.00M | Scene, ViewLayer | Synchronizing object | Curved_roof_glazing.351
Fra:451 Mem:801.63M (Peak 852.49M) | Time:00:02.81 | Mem:0.00M, Peak:0.00M | Scene, ViewLayer | Synchronizing object | Side_wall_glass.087
Fra:451 Mem:801.62M (Peak 852.49M) | Time:00:02.81 | Mem:0.00M, Peak:0.00M | Scene, ViewLayer | Synchronizing object | Column_base_plinth.008
Fra:451 Mem:801.63M (Peak 852.49M) | Time:00:02.81 | Mem:0.00M, Peak:0.00M | Scene, ViewLayer | Synchronizing object | Curved_roof_glazing.268
Fra:451 Mem:801.65M (Peak 852.49M) | Time:00:02.81 | Mem:0.00M, Peak:0.00M | Scene, ViewLayer | Synchronizing object | Wall_transom.018
Fra:451 Mem:801.68M (Peak 852.49M) | Time:00:02.81 | Mem:0.00M, Peak:0.00M | Scene, ViewLayer | Synchronizing object | Wall_transom.132
Fra:451 Mem:801.67M (Peak 852.49M) | Time:00:02.81 | Mem:0.00M, Peak:0.00M | Scene, ViewLayer | Synchronizing object | Curved_roof_glazing.217
Fra:451 Mem:801.69M (Peak 852.49M) | Time:00:02.81 | Mem:0.00M, Peak:0.00M | Scene, ViewLayer | Synchronizing object | Side_wall_glass.023
Fra:451 Mem:801.69M (Peak 852.49M) | Time:00:02.81 | Mem:0.00M, Peak:0.00M | Scene, ViewLayer | Synchronizing object | Curved_roof_glazing.022
Fra:451 Mem:801.69M (Peak 852.49M) | Time:00:02.82 | Mem:0.00M, Peak:0.00M | Scene, ViewLayer | Synchronizing object | Curved_roof_glazing.038
Fra:451 Mem:801.69M (Peak 852.49M) | Time:00:02.82 | Mem:0.00M, Peak:0.00M | Scene, ViewLayer | Synchronizing object | Curved_roof_glazing.102
Fra:451 Mem:801.72M (Peak 852.49M) | Time:00:02.82 | Mem:0.00M, Peak:0.00M | Scene, ViewLayer | Synchronizing object | End_wall_sill.016
Fra:451 Mem:801.76M (Peak 852.49M) | Time:00:02.82 | Mem:0.00M, Peak:0.00M | Scene, ViewLayer | Synchronizing object | Hall_door_kickpanel
Fra:451 Mem:801.74M (Peak 852.49M) | Time:00:02.82 | Mem:0.00M, Peak:0.00M | Scene, ViewLayer | Synchronizing object | Side_wall_glass.043
Fra:451 Mem:801.77M (Peak 852.49M) | Time:00:02.82 | Mem:0.00M, Peak:0.00M | Scene, ViewLayer | Synchronizing object | Wall_transom.054
Fra:451 Mem:801.81M (Peak 852.49M) | Time:00:02.82 | Mem:0.00M, Peak:0.00M | Scene, ViewLayer | Synchronizing object | Side_wall_glass.058
Fra:451 Mem:801.79M (Peak 852.49M) | Time:00:02.82 | Mem:0.00M, Peak:0.00M | Scene, ViewLayer | Synchronizing object | Side_wall_glass.125
Fra:451 Mem:801.79M (Peak 852.49M) | Time:00:02.82 | Mem:0.00M, Peak:0.00M | Scene, ViewLayer | Synchronizing object | Curved_roof_glazing.352
Fra:451 Mem:801.79M (Peak 852.49M) | Time:00:02.82 | Mem:0.00M, Peak:0.00M | Scene, ViewLayer | Synchronizing object | Curved_roof_glazing.001
Fra:451 Mem:801.79M (Peak 852.49M) | Time:00:02.82 | Mem:0.00M, Peak:0.00M | Scene, ViewLayer | Synchronizing object | Wall_transom.026
Fra:451 Mem:801.80M (Peak 852.49M) | Time:00:02.82 | Mem:0.00M, Peak:0.00M | Scene, ViewLayer | Synchronizing object | Wall_transom.036
Fra:451 Mem:801.85M (Peak 852.49M) | Time:00:02.82 | Mem:0.00M, Peak:0.00M | Scene, ViewLayer | Synchronizing object | Wall_transom.175
Fra:451 Mem:801.86M (Peak 852.49M) | Time:00:02.82 | Mem:0.00M, Peak:0.00M | Scene, ViewLayer | Synchronizing object | Wall_transom.187
Fra:451 Mem:801.89M (Peak 852.49M) | Time:00:02.82 | Mem:0.00M, Peak:0.00M | Scene, ViewLayer | Synchronizing object | Curved_roof_glazing.269
Fra:451 Mem:801.89M (Peak 852.49M) | Time:00:02.82 | Mem:0.00M, Peak:0.00M | Scene, ViewLayer | Synchronizing object | Ridge_vent_stanchion.006
Fra:451 Mem:801.90M (Peak 852.49M) | Time:00:02.82 | Mem:0.00M, Peak:0.00M | Scene, ViewLayer | Synchronizing object | Curved_roof_glazing.218
Fra:451 Mem:801.90M (Peak 852.49M) | Time:00:02.82 | Mem:0.00M, Peak:0.00M | Scene, ViewLayer | Synchronizing object | Wall_stone_sill.028
Fra:451 Mem:801.94M (Peak 852.49M) | Time:00:02.82 | Mem:0.00M, Peak:0.00M | Scene, ViewLayer | Synchronizing object | Curved_roof_glazing.023
Fra:451 Mem:801.93M (Peak 852.49M) | Time:00:02.82 | Mem:0.00M, Peak:0.00M | Scene, ViewLayer | Synchronizing object | Curved_roof_glazing.039
Fra:451 Mem:801.95M (Peak 852.49M) | Time:00:02.82 | Mem:0.00M, Peak:0.00M | Scene, ViewLayer | Synchronizing object | Curved_roof_glazing.103
Fra:451 Mem:801.93M (Peak 852.49M) | Time:00:02.82 | Mem:0.00M, Peak:0.00M | Scene, ViewLayer | Synchronizing object | End_wall_glazing.010
Fra:451 Mem:801.93M (Peak 852.49M) | Time:00:02.82 | Mem:0.00M, Peak:0.00M | Scene, ViewLayer | Synchronizing object | Wall_transom.116
Fra:451 Mem:801.94M (Peak 852.49M) | Time:00:02.82 | Mem:0.00M, Peak:0.00M | Scene, ViewLayer | Synchronizing object | Wall_glazing_mullion.024
Fra:451 Mem:801.98M (Peak 852.49M) | Time:00:02.82 | Mem:0.00M, Peak:0.00M | Scene, ViewLayer | Synchronizing object | Curved_roof_glazing.196
Fra:451 Mem:801.98M (Peak 852.49M) | Time:00:02.82 | Mem:0.00M, Peak:0.00M | Scene, ViewLayer | Synchronizing object | Primary_elliptical_arch.008
Fra:451 Mem:802.00M (Peak 852.49M) | Time:00:02.82 | Mem:0.00M, Peak:0.00M | Scene, ViewLayer | Synchronizing object | Side_wall_glass.072
Fra:451 Mem:802.04M (Peak 852.49M) | Time:00:02.82 | Mem:0.00M, Peak:0.00M | Scene, ViewLayer | Synchronizing object | Wall_transom.136
Fra:451 Mem:802.12M (Peak 852.49M) | Time:00:02.82 | Mem:0.00M, Peak:0.00M | Scene, ViewLayer | Synchronizing object | Curved_roof_glazing.004
Fra:451 Mem:802.15M (Peak 852.49M) | Time:00:02.82 | Mem:0.00M, Peak:0.00M | Scene, ViewLayer | Synchronizing object | Curved_roof_glazing.353
Fra:451 Mem:802.14M (Peak 852.49M) | Time:00:02.82 | Mem:0.00M, Peak:0.00M | Scene, ViewLayer | Synchronizing object | Curved_roof_glazing
Fra:451 Mem:802.15M (Peak 852.49M) | Time:00:02.82 | Mem:0.00M, Peak:0.00M | Scene, ViewLayer | Synchronizing object | Side_wall_glass.024
Fra:451 Mem:802.15M (Peak 852.49M) | Time:00:02.82 | Mem:0.00M, Peak:0.00M | Scene, ViewLayer | Synchronizing object | Curved_roof_glazing.270
Fra:451 Mem:802.15M (Peak 852.49M) | Time:00:02.82 | Mem:0.00M, Peak:0.00M | Scene, ViewLayer | Synchronizing object | Side_wall_glass.061
Fra:451 Mem:802.15M (Peak 852.49M) | Time:00:02.82 | Mem:0.00M, Peak:0.00M | Scene, ViewLayer | Synchronizing object | Wall_transom.013
Fra:451 Mem:802.16M (Peak 852.49M) | Time:00:02.82 | Mem:0.00M, Peak:0.00M | Scene, ViewLayer | Synchronizing object | Wall_transom.068
Fra:451 Mem:802.20M (Peak 852.49M) | Time:00:02.82 | Mem:0.00M, Peak:0.00M | Scene, ViewLayer | Synchronizing object | End_wall_sill.014
Fra:451 Mem:802.21M (Peak 852.49M) | Time:00:02.82 | Mem:0.00M, Peak:0.00M | Scene, ViewLayer | Synchronizing object | Wall_transom.113
Fra:451 Mem:802.26M (Peak 852.49M) | Time:00:02.82 | Mem:0.00M, Peak:0.00M | Scene, ViewLayer | Synchronizing object | Wall_transom.081
Fra:451 Mem:802.25M (Peak 852.49M) | Time:00:02.82 | Mem:0.00M, Peak:0.00M | Scene, ViewLayer | Synchronizing object | Curved_roof_glazing.219
Fra:451 Mem:802.28M (Peak 852.49M) | Time:00:02.82 | Mem:0.00M, Peak:0.00M | Scene, ViewLayer | Synchronizing object | End_wall_sill.001
Fra:451 Mem:802.30M (Peak 852.49M) | Time:00:02.82 | Mem:0.00M, Peak:0.00M | Scene, ViewLayer | Synchronizing object | Side_wall_glass.056
Fra:451 Mem:802.30M (Peak 852.49M) | Time:00:02.82 | Mem:0.00M, Peak:0.00M | Scene, ViewLayer | Synchronizing object | Curved_roof_glazing.024
Fra:451 Mem:802.30M (Peak 852.49M) | Time:00:02.82 | Mem:0.00M, Peak:0.00M | Scene, ViewLayer | Synchronizing object | Curved_roof_glazing.040
Fra:451 Mem:802.30M (Peak 852.49M) | Time:00:02.82 | Mem:0.00M, Peak:0.00M | Scene, ViewLayer | Synchronizing object | Curved_roof_glazing.104
Fra:451 Mem:802.31M (Peak 852.49M) | Time:00:02.82 | Mem:0.00M, Peak:0.00M | Scene, ViewLayer | Synchronizing object | Wall_glazing_mullion.025
Fra:451 Mem:802.31M (Peak 852.49M) | Time:00:02.82 | Mem:0.00M, Peak:0.00M | Scene, ViewLayer | Synchronizing object | Wall_transom.154
Fra:451 Mem:802.36M (Peak 852.49M) | Time:00:02.82 | Mem:0.00M, Peak:0.00M | Scene, ViewLayer | Synchronizing object | Curved_roof_glazing.197
Fra:451 Mem:802.36M (Peak 852.49M) | Time:00:02.82 | Mem:0.00M, Peak:0.00M | Scene, ViewLayer | Synchronizing object | Side_wall_glass.092
Fra:451 Mem:802.36M (Peak 852.49M) | Time:00:02.82 | Mem:0.00M, Peak:0.00M | Scene, ViewLayer | Synchronizing object | Wall_transom.140
Fra:451 Mem:802.37M (Peak 852.49M) | Time:00:02.82 | Mem:0.00M, Peak:0.00M | Scene, ViewLayer | Synchronizing object | Column_capital.006
Fra:451 Mem:802.42M (Peak 852.49M) | Time:00:02.82 | Mem:0.00M, Peak:0.00M | Scene, ViewLayer | Synchronizing object | Curved_roof_glazing.005
Fra:451 Mem:802.42M (Peak 852.49M) | Time:00:02.82 | Mem:0.00M, Peak:0.00M | Scene, ViewLayer | Synchronizing object | Hall_door_rail
Fra:451 Mem:802.43M (Peak 852.49M) | Time:00:02.82 | Mem:0.00M, Peak:0.00M | Scene, ViewLayer | Synchronizing object | Curved_roof_glazing.354
Fra:451 Mem:802.46M (Peak 852.49M) | Time:00:02.82 | Mem:0.00M, Peak:0.00M | Scene, ViewLayer | Synchronizing object | Column_capital.010
Fra:451 Mem:802.48M (Peak 852.49M) | Time:00:02.82 | Mem:0.00M, Peak:0.00M | Scene, ViewLayer | Synchronizing object | Side_wall_glass.025
Fra:451 Mem:802.49M (Peak 852.49M) | Time:00:02.82 | Mem:0.00M, Peak:0.00M | Scene, ViewLayer | Synchronizing object | Curved_roof_glazing.271
Fra:451 Mem:802.48M (Peak 852.49M) | Time:00:02.82 | Mem:0.00M, Peak:0.00M | Scene, ViewLayer | Synchronizing object | Platform_portal_jamb.001
Fra:451 Mem:802.49M (Peak 852.49M) | Time:00:02.82 | Mem:0.00M, Peak:0.00M | Scene, ViewLayer | Synchronizing object | Ridge_vent_stanchion.007
Fra:451 Mem:802.52M (Peak 852.49M) | Time:00:02.82 | Mem:0.00M, Peak:0.00M | Scene, ViewLayer | Synchronizing object | Curved_roof_glazing.220
Fra:451 Mem:802.52M (Peak 852.49M) | Time:00:02.82 | Mem:0.00M, Peak:0.00M | Scene, ViewLayer | Synchronizing object | End_wall_glazing.002
Fra:451 Mem:802.52M (Peak 852.49M) | Time:00:02.82 | Mem:0.00M, Peak:0.00M | Scene, ViewLayer | Synchronizing object | Wall_transom.120
Fra:451 Mem:802.56M (Peak 852.49M) | Time:00:02.82 | Mem:0.00M, Peak:0.00M | Scene, ViewLayer | Synchronizing object | Column_capital.017
Fra:451 Mem:802.58M (Peak 852.49M) | Time:00:02.82 | Mem:0.00M, Peak:0.00M | Scene, ViewLayer | Synchronizing object | Curved_roof_glazing.025
Fra:451 Mem:802.58M (Peak 852.49M) | Time:00:02.82 | Mem:0.00M, Peak:0.00M | Scene, ViewLayer | Synchronizing object | Curved_roof_glazing.041
Fra:451 Mem:802.58M (Peak 852.49M) | Time:00:02.82 | Mem:0.00M, Peak:0.00M | Scene, ViewLayer | Synchronizing object | Curved_roof_glazing.105
Fra:451 Mem:802.58M (Peak 852.49M) | Time:00:02.82 | Mem:0.00M, Peak:0.00M | Scene, ViewLayer | Synchronizing object | End_wall_glazing.019
Fra:451 Mem:802.59M (Peak 852.49M) | Time:00:02.82 | Mem:0.00M, Peak:0.00M | Scene, ViewLayer | Synchronizing object | Wall_transom.100
Fra:451 Mem:802.59M (Peak 852.49M) | Time:00:02.82 | Mem:0.00M, Peak:0.00M | Scene, ViewLayer | Synchronizing object | Secondary_glazing_rib.014
Fra:451 Mem:802.70M (Peak 852.49M) | Time:00:02.82 | Mem:0.00M, Peak:0.00M | Scene, ViewLayer | Synchronizing object | Curved_roof_glazing.198
Fra:451 Mem:802.71M (Peak 852.49M) | Time:00:02.82 | Mem:0.00M, Peak:0.00M | Scene, ViewLayer | Synchronizing object | Curved_roof_glazing.006
Fra:451 Mem:802.71M (Peak 852.49M) | Time:00:02.82 | Mem:0.00M, Peak:0.00M | Scene, ViewLayer | Synchronizing object | Wall_transom.122
Fra:451 Mem:802.72M (Peak 852.49M) | Time:00:02.82 | Mem:0.00M, Peak:0.00M | Scene, ViewLayer | Synchronizing object | Curved_roof_glazing.355
Fra:451 Mem:802.75M (Peak 852.49M) | Time:00:02.82 | Mem:0.00M, Peak:0.00M | Scene, ViewLayer | Synchronizing object | Portal_transom_mullion.002
Fra:451 Mem:802.77M (Peak 852.49M) | Time:00:02.82 | Mem:0.00M, Peak:0.00M | Scene, ViewLayer | Synchronizing object | Wall_transom.060
Fra:451 Mem:802.81M (Peak 852.49M) | Time:00:02.82 | Mem:0.00M, Peak:0.00M | Scene, ViewLayer | Synchronizing object | Curved_roof_glazing.002
Fra:451 Mem:802.80M (Peak 852.49M) | Time:00:02.82 | Mem:0.00M, Peak:0.00M | Scene, ViewLayer | Synchronizing object | Side_wall_glass.121
Fra:451 Mem:802.80M (Peak 852.49M) | Time:00:02.82 | Mem:0.00M, Peak:0.00M | Scene, ViewLayer | Synchronizing object | Curved_roof_glazing.272
Fra:451 Mem:802.83M (Peak 852.49M) | Time:00:02.82 | Mem:0.00M, Peak:0.00M | Scene, ViewLayer | Synchronizing object | Wall_transom.003
Fra:451 Mem:802.81M (Peak 852.49M) | Time:00:02.82 | Mem:0.00M, Peak:0.00M | Scene, ViewLayer | Synchronizing object | Wall_transom.052
Fra:451 Mem:802.86M (Peak 852.49M) | Time:00:02.82 | Mem:0.00M, Peak:0.00M | Scene, ViewLayer | Synchronizing object | End_wall_glazing.017
Fra:451 Mem:802.86M (Peak 852.49M) | Time:00:02.82 | Mem:0.00M, Peak:0.00M | Scene, ViewLayer | Synchronizing object | Wall_transom.145
Fra:451 Mem:802.86M (Peak 852.49M) | Time:00:02.82 | Mem:0.00M, Peak:0.00M | Scene, ViewLayer | Synchronizing object | Wall_transom.181
Fra:451 Mem:802.92M (Peak 852.49M) | Time:00:02.82 | Mem:0.00M, Peak:0.00M | Scene, ViewLayer | Synchronizing object | Curved_roof_glazing.221
Fra:451 Mem:802.92M (Peak 852.49M) | Time:00:02.82 | Mem:0.00M, Peak:0.00M | Scene, ViewLayer | Synchronizing object | End_wall_mullion.007
Fra:451 Mem:802.92M (Peak 852.49M) | Time:00:02.82 | Mem:0.00M, Peak:0.00M | Scene, ViewLayer | Synchronizing object | Curved_roof_glazing.026
Fra:451 Mem:802.96M (Peak 852.49M) | Time:00:02.82 | Mem:0.00M, Peak:0.00M | Scene, ViewLayer | Synchronizing object | Curved_roof_glazing.042
Fra:451 Mem:802.96M (Peak 852.49M) | Time:00:02.82 | Mem:0.00M, Peak:0.00M | Scene, ViewLayer | Synchronizing object | Curved_roof_glazing.106
Fra:451 Mem:802.96M (Peak 852.49M) | Time:00:02.82 | Mem:0.00M, Peak:0.00M | Scene, ViewLayer | Synchronizing object | Wall_glazing_mullion.042
Fra:451 Mem:802.98M (Peak 852.49M) | Time:00:02.82 | Mem:0.00M, Peak:0.00M | Scene, ViewLayer | Synchronizing object | Wall_transom.011
Fra:451 Mem:803.01M (Peak 852.49M) | Time:00:02.82 | Mem:0.00M, Peak:0.00M | Scene, ViewLayer | Synchronizing object | End_wall_mullion
Fra:451 Mem:803.04M (Peak 852.49M) | Time:00:02.82 | Mem:0.00M, Peak:0.00M | Scene, ViewLayer | Synchronizing object | Side_wall_glass.073
Fra:451 Mem:803.04M (Peak 852.49M) | Time:00:02.82 | Mem:0.00M, Peak:0.00M | Scene, ViewLayer | Synchronizing object | Wall_stone_sill.049
Fra:451 Mem:803.06M (Peak 852.49M) | Time:00:02.82 | Mem:0.00M, Peak:0.00M | Scene, ViewLayer | Synchronizing object | Load_column.016
Fra:451 Mem:803.07M (Peak 852.49M) | Time:00:02.82 | Mem:0.00M, Peak:0.00M | Scene, ViewLayer | Synchronizing object | Curved_roof_glazing.199
Fra:451 Mem:803.07M (Peak 852.49M) | Time:00:02.82 | Mem:0.00M, Peak:0.00M | Scene, ViewLayer | Synchronizing object | Load_column.007
Fra:451 Mem:803.08M (Peak 852.49M) | Time:00:02.82 | Mem:0.00M, Peak:0.00M | Scene, ViewLayer | Synchronizing object | Curved_roof_glazing.007
Fra:451 Mem:803.07M (Peak 852.49M) | Time:00:02.82 | Mem:0.00M, Peak:0.00M | Scene, ViewLayer | Synchronizing object | End_wall_sill.002
Fra:451 Mem:803.08M (Peak 852.49M) | Time:00:02.82 | Mem:0.00M, Peak:0.00M | Scene, ViewLayer | Synchronizing object | Platform_canopy_beam.003
Fra:451 Mem:803.13M (Peak 852.49M) | Time:00:02.82 | Mem:0.00M, Peak:0.00M | Scene, ViewLayer | Synchronizing object | Platform_canopy_beam.002
Fra:451 Mem:803.18M (Peak 852.49M) | Time:00:02.82 | Mem:0.00M, Peak:0.00M | Scene, ViewLayer | Synchronizing object | Canopy_edge_fascia
Fra:451 Mem:803.20M (Peak 852.49M) | Time:00:02.82 | Mem:0.00M, Peak:0.00M | Scene, ViewLayer | Synchronizing object | Platform_canopy_beam.008
Fra:451 Mem:803.23M (Peak 852.49M) | Time:00:02.82 | Mem:0.00M, Peak:0.00M | Scene, ViewLayer | Synchronizing object | Platform_canopy_beam.006
Fra:451 Mem:803.24M (Peak 852.49M) | Time:00:02.82 | Mem:0.00M, Peak:0.00M | Scene, ViewLayer | Synchronizing object | Platform_canopy_beam.004
Fra:451 Mem:803.27M (Peak 852.49M) | Time:00:02.82 | Mem:0.00M, Peak:0.00M | Scene, ViewLayer | Synchronizing object | Platform_canopy_beam.005
Fra:451 Mem:803.29M (Peak 852.49M) | Time:00:02.82 | Mem:0.00M, Peak:0.00M | Scene, ViewLayer | Synchronizing object | Platform_canopy_beam.007
Fra:451 Mem:803.32M (Peak 852.49M) | Time:00:02.82 | Mem:0.00M, Peak:0.00M | Scene, ViewLayer | Synchronizing object | Platform_canopy_glass.001
Fra:451 Mem:803.33M (Peak 852.49M) | Time:00:02.82 | Mem:0.00M, Peak:0.00M | Scene, ViewLayer | Synchronizing object | Platform_canopy_beam
Fra:451 Mem:803.32M (Peak 852.49M) | Time:00:02.82 | Mem:0.00M, Peak:0.00M | Scene, ViewLayer | Synchronizing object | Canopy_tension_brace.007
Fra:451 Mem:803.34M (Peak 852.49M) | Time:00:02.82 | Mem:0.00M, Peak:0.00M | Scene, ViewLayer | Synchronizing object | Canopy_tension_brace.005
Fra:451 Mem:803.35M (Peak 852.49M) | Time:00:02.82 | Mem:0.00M, Peak:0.00M | Scene, ViewLayer | Synchronizing object | Canopy_tension_brace.003
Fra:451 Mem:803.36M (Peak 852.49M) | Time:00:02.82 | Mem:0.00M, Peak:0.00M | Scene, ViewLayer | Synchronizing object | Canopy_tension_brace.004
Fra:451 Mem:803.37M (Peak 852.49M) | Time:00:02.82 | Mem:0.00M, Peak:0.00M | Scene, ViewLayer | Synchronizing object | Canopy_tension_brace.006
Fra:451 Mem:803.36M (Peak 852.49M) | Time:00:02.82 | Mem:0.00M, Peak:0.00M | Scene, ViewLayer | Synchronizing object | Canopy_tension_brace.001
Fra:451 Mem:803.38M (Peak 852.49M) | Time:00:02.82 | Mem:0.00M, Peak:0.00M | Scene, ViewLayer | Synchronizing object | Canopy_tension_brace.002
Fra:451 Mem:803.38M (Peak 852.49M) | Time:00:02.82 | Mem:0.00M, Peak:0.00M | Scene, ViewLayer | Synchronizing object | Platform_canopy_glass.003
Fra:451 Mem:803.38M (Peak 852.49M) | Time:00:02.82 | Mem:0.00M, Peak:0.00M | Scene, ViewLayer | Synchronizing object | Canopy_tension_brace.008
Fra:451 Mem:803.39M (Peak 852.49M) | Time:00:02.82 | Mem:0.00M, Peak:0.00M | Scene, ViewLayer | Synchronizing object | Canopy_tension_brace
Fra:451 Mem:803.40M (Peak 852.49M) | Time:00:02.82 | Mem:0.00M, Peak:0.00M | Scene, ViewLayer | Synchronizing object | Platform_canopy_glass.002
Fra:451 Mem:803.40M (Peak 852.49M) | Time:00:02.82 | Mem:0.00M, Peak:0.00M | Scene, ViewLayer | Synchronizing object | Platform_canopy_glass
Fra:451 Mem:803.40M (Peak 852.49M) | Time:00:02.82 | Mem:0.00M, Peak:0.00M | Scene, ViewLayer | Synchronizing object | Waiting_bench_support.001
Fra:451 Mem:803.40M (Peak 852.49M) | Time:00:02.82 | Mem:0.00M, Peak:0.00M | Scene, ViewLayer | Synchronizing object | Waiting_bench_support.002
Fra:451 Mem:803.45M (Peak 852.49M) | Time:00:02.82 | Mem:0.00M, Peak:0.00M | Scene, ViewLayer | Synchronizing object | Waiting_bench_support.006
Fra:451 Mem:803.45M (Peak 852.49M) | Time:00:02.82 | Mem:0.00M, Peak:0.00M | Scene, ViewLayer | Synchronizing object | Waiting_bench_support.003
Fra:451 Mem:803.49M (Peak 852.49M) | Time:00:02.82 | Mem:0.00M, Peak:0.00M | Scene, ViewLayer | Synchronizing object | Waiting_bench_support.004
Fra:451 Mem:803.49M (Peak 852.49M) | Time:00:02.82 | Mem:0.00M, Peak:0.00M | Scene, ViewLayer | Synchronizing object | Waiting_bench_support.005
Fra:451 Mem:803.54M (Peak 852.49M) | Time:00:02.82 | Mem:0.00M, Peak:0.00M | Scene, ViewLayer | Synchronizing object | Waiting_bench_support.007
Fra:451 Mem:803.54M (Peak 852.49M) | Time:00:02.82 | Mem:0.00M, Peak:0.00M | Scene, ViewLayer | Synchronizing object | Waiting_bench_support
Fra:451 Mem:803.59M (Peak 852.49M) | Time:00:02.82 | Mem:0.00M, Peak:0.00M | Scene, ViewLayer | Synchronizing object | Plant_stem_proxy.028
Fra:451 Mem:803.58M (Peak 852.49M) | Time:00:02.82 | Mem:0.00M, Peak:0.00M | Scene, ViewLayer | Synchronizing object | Botanical_blade_proxy.026
Fra:451 Mem:803.61M (Peak 852.49M) | Time:00:02.82 | Mem:0.00M, Peak:0.00M | Scene, ViewLayer | Synchronizing object | Plant_stem_proxy.045
Fra:451 Mem:803.62M (Peak 852.49M) | Time:00:02.82 | Mem:0.00M, Peak:0.00M | Scene, ViewLayer | Synchronizing object | Botanical_blade_proxy.025
Fra:451 Mem:803.67M (Peak 852.49M) | Time:00:02.82 | Mem:0.00M, Peak:0.00M | Scene, ViewLayer | Synchronizing object | Botanical_blade_proxy.049
Fra:451 Mem:803.73M (Peak 852.49M) | Time:00:02.82 | Mem:0.00M, Peak:0.00M | Scene, ViewLayer | Synchronizing object | Plant_stem_proxy.025
Fra:451 Mem:803.75M (Peak 852.49M) | Time:00:02.82 | Mem:0.00M, Peak:0.00M | Scene, ViewLayer | Synchronizing object | Botanical_blade_proxy.004
Fra:451 Mem:803.78M (Peak 852.49M) | Time:00:02.82 | Mem:0.00M, Peak:0.00M | Scene, ViewLayer | Synchronizing object | Plant_stem_proxy.003
Fra:451 Mem:803.78M (Peak 852.49M) | Time:00:02.82 | Mem:0.00M, Peak:0.00M | Scene, ViewLayer | Synchronizing object | Botanical_blade_proxy.003
Fra:451 Mem:803.84M (Peak 852.49M) | Time:00:02.82 | Mem:0.00M, Peak:0.00M | Scene, ViewLayer | Synchronizing object | Plant_stem_proxy.002
Fra:451 Mem:803.86M (Peak 852.49M) | Time:00:02.82 | Mem:0.00M, Peak:0.00M | Scene, ViewLayer | Synchronizing object | Botanical_blade_proxy.028
Fra:451 Mem:803.89M (Peak 852.49M) | Time:00:02.82 | Mem:0.00M, Peak:0.00M | Scene, ViewLayer | Synchronizing object | Plant_stem_proxy.049
Fra:451 Mem:803.89M (Peak 852.49M) | Time:00:02.82 | Mem:0.00M, Peak:0.00M | Scene, ViewLayer | Synchronizing object | Plant_stem_proxy.046
Fra:451 Mem:803.90M (Peak 852.49M) | Time:00:02.82 | Mem:0.00M, Peak:0.00M | Scene, ViewLayer | Synchronizing object | Botanical_blade_proxy.027
Fra:451 Mem:803.94M (Peak 852.49M) | Time:00:02.82 | Mem:0.00M, Peak:0.00M | Scene, ViewLayer | Synchronizing object | Botanical_blade_proxy.029
Fra:451 Mem:804.01M (Peak 852.49M) | Time:00:02.82 | Mem:0.00M, Peak:0.00M | Scene, ViewLayer | Synchronizing object | Plant_stem_proxy.048
Fra:451 Mem:804.03M (Peak 852.49M) | Time:00:02.82 | Mem:0.00M, Peak:0.00M | Scene, ViewLayer | Synchronizing object | Plant_stem_proxy.004
Fra:451 Mem:804.02M (Peak 852.49M) | Time:00:02.82 | Mem:0.00M, Peak:0.00M | Scene, ViewLayer | Synchronizing object | Plant_stem_proxy.047
Fra:451 Mem:804.03M (Peak 852.49M) | Time:00:02.82 | Mem:0.00M, Peak:0.00M | Scene, ViewLayer | Synchronizing object | Plant_stem_proxy.027
Fra:451 Mem:804.03M (Peak 852.49M) | Time:00:02.82 | Mem:0.00M, Peak:0.00M | Scene, ViewLayer | Synchronizing object | Plant_stem_proxy.026
Fra:451 Mem:804.03M (Peak 852.49M) | Time:00:02.82 | Mem:0.00M, Peak:0.00M | Scene, ViewLayer | Synchronizing object | Plant_stem_proxy
Fra:451 Mem:804.03M (Peak 852.49M) | Time:00:02.82 | Mem:0.00M, Peak:0.00M | Scene, ViewLayer | Synchronizing object | Botanical_blade_proxy.048
Fra:451 Mem:804.06M (Peak 852.49M) | Time:00:02.82 | Mem:0.00M, Peak:0.00M | Scene, ViewLayer | Synchronizing object | Botanical_blade_proxy.047
Fra:451 Mem:804.15M (Peak 852.49M) | Time:00:02.82 | Mem:0.00M, Peak:0.00M | Scene, ViewLayer | Synchronizing object | Botanical_blade_proxy.046
Fra:451 Mem:804.14M (Peak 852.49M) | Time:00:02.82 | Mem:0.00M, Peak:0.00M | Scene, ViewLayer | Synchronizing object | Plant_stem_proxy.001
Fra:451 Mem:804.19M (Peak 852.49M) | Time:00:02.82 | Mem:0.00M, Peak:0.00M | Scene, ViewLayer | Synchronizing object | Botanical_blade_proxy.002
Fra:451 Mem:804.23M (Peak 852.49M) | Time:00:02.82 | Mem:0.00M, Peak:0.00M | Scene, ViewLayer | Synchronizing object | Botanical_blade_proxy.045
Fra:451 Mem:804.28M (Peak 852.49M) | Time:00:02.82 | Mem:0.00M, Peak:0.00M | Scene, ViewLayer | Synchronizing object | Botanical_blade_proxy.001
Fra:451 Mem:804.33M (Peak 852.49M) | Time:00:02.82 | Mem:0.00M, Peak:0.00M | Scene, ViewLayer | Synchronizing object | Plant_stem_proxy.029
Fra:451 Mem:804.34M (Peak 852.49M) | Time:00:02.82 | Mem:0.00M, Peak:0.00M | Scene, ViewLayer | Synchronizing object | Botanical_blade_proxy
Fra:451 Mem:804.39M (Peak 852.49M) | Time:00:02.82 | Mem:0.00M, Peak:0.00M | Scene, ViewLayer | Synchronizing object | Car_window_horizontal_frame.004
Fra:451 Mem:804.43M (Peak 852.49M) | Time:00:02.82 | Mem:0.00M, Peak:0.00M | Scene, ViewLayer | Synchronizing object | Car_window_pillar
Fra:451 Mem:804.46M (Peak 852.49M) | Time:00:02.82 | Mem:0.00M, Peak:0.00M | Scene, ViewLayer | Synchronizing object | Primary_suspension.007
Fra:451 Mem:804.49M (Peak 852.49M) | Time:00:02.82 | Mem:0.00M, Peak:0.00M | Scene, ViewLayer | Synchronizing object | Primary_suspension.004
Fra:451 Mem:804.47M (Peak 852.49M) | Time:00:02.82 | Mem:0.00M, Peak:0.00M | Scene, ViewLayer | Synchronizing object | Cab_upper_cheek.002
Fra:451 Mem:804.47M (Peak 852.49M) | Time:00:02.82 | Mem:0.00M, Peak:0.00M | Scene, ViewLayer | Synchronizing object | Car_window_horizontal_frame.033
Fra:451 Mem:804.47M (Peak 852.49M) | Time:00:02.82 | Mem:0.00M, Peak:0.00M | Scene, ViewLayer | Synchronizing object | Wheel_flange.001
Fra:451 Mem:804.52M (Peak 852.49M) | Time:00:02.82 | Mem:0.00M, Peak:0.00M | Scene, ViewLayer | Synchronizing object | Cab_cheek.002
Fra:451 Mem:804.51M (Peak 852.49M) | Time:00:02.82 | Mem:0.00M, Peak:0.00M | Scene, ViewLayer | Synchronizing object | Train_headlamp_housing.003
Fra:451 Mem:804.52M (Peak 852.49M) | Time:00:02.82 | Mem:0.00M, Peak:0.00M | Scene, ViewLayer | Synchronizing object | Car_side_window.006
Fra:451 Mem:804.52M (Peak 852.49M) | Time:00:02.82 | Mem:0.00M, Peak:0.00M | Scene, ViewLayer | Synchronizing object | Car_window_horizontal_frame.020
Fra:451 Mem:804.55M (Peak 852.49M) | Time:00:02.82 | Mem:0.00M, Peak:0.00M | Scene, ViewLayer | Synchronizing object | Car_curved_lower_shell.011
Fra:451 Mem:804.54M (Peak 852.49M) | Time:00:02.82 | Mem:0.00M, Peak:0.00M | Scene, ViewLayer | Synchronizing object | Car_window_horizontal_frame.015
Fra:451 Mem:804.58M (Peak 852.49M) | Time:00:02.82 | Mem:0.00M, Peak:0.00M | Scene, ViewLayer | Synchronizing object | Car_curved_lower_shell.013
Fra:451 Mem:804.58M (Peak 852.49M) | Time:00:02.82 | Mem:0.00M, Peak:0.00M | Scene, ViewLayer | Synchronizing object | Car_window_pillar.027
Fra:451 Mem:804.60M (Peak 852.49M) | Time:00:02.82 | Mem:0.00M, Peak:0.00M | Scene, ViewLayer | Synchronizing object | Primary_suspension.001
Fra:451 Mem:804.61M (Peak 852.49M) | Time:00:02.82 | Mem:0.00M, Peak:0.00M | Scene, ViewLayer | Synchronizing object | Door_lower_panel.001
Fra:451 Mem:804.64M (Peak 852.49M) | Time:00:02.82 | Mem:0.00M, Peak:0.00M | Scene, ViewLayer | Synchronizing object | Car_ceiling_light.002
Fra:451 Mem:804.66M (Peak 852.49M) | Time:00:02.82 | Mem:0.00M, Peak:0.00M | Scene, ViewLayer | Synchronizing object | Primary_suspension.003
Fra:451 Mem:804.66M (Peak 852.49M) | Time:00:02.82 | Mem:0.00M, Peak:0.00M | Scene, ViewLayer | Synchronizing object | Car_window_pillar.010
Fra:451 Mem:804.69M (Peak 852.49M) | Time:00:02.82 | Mem:0.00M, Peak:0.00M | Scene, ViewLayer | Synchronizing object | Car_window_pillar.014
Fra:451 Mem:804.72M (Peak 852.49M) | Time:00:02.82 | Mem:0.00M, Peak:0.00M | Scene, ViewLayer | Synchronizing object | Cab_windscreen_mullion.001
Fra:451 Mem:804.74M (Peak 852.49M) | Time:00:02.82 | Mem:0.00M, Peak:0.00M | Scene, ViewLayer | Synchronizing object | Cab_floor_extension
Fra:451 Mem:804.77M (Peak 852.49M) | Time:00:02.83 | Mem:0.00M, Peak:0.00M | Scene, ViewLayer | Synchronizing object | Cab_upper_cheek.001
Fra:451 Mem:804.77M (Peak 852.49M) | Time:00:02.83 | Mem:0.00M, Peak:0.00M | Scene, ViewLayer | Synchronizing object | Car_curved_lower_shell.001
Fra:451 Mem:804.78M (Peak 852.49M) | Time:00:02.83 | Mem:0.00M, Peak:0.00M | Scene, ViewLayer | Synchronizing object | Car_window_pillar.005
Fra:451 Mem:804.81M (Peak 852.49M) | Time:00:02.83 | Mem:0.00M, Peak:0.00M | Scene, ViewLayer | Synchronizing object | Car_side_window.012
Fra:451 Mem:804.81M (Peak 852.49M) | Time:00:02.83 | Mem:0.00M, Peak:0.00M | Scene, ViewLayer | Synchronizing object | Car_window_pillar.019
Fra:451 Mem:804.83M (Peak 852.49M) | Time:00:02.83 | Mem:0.00M, Peak:0.00M | Scene, ViewLayer | Synchronizing object | Car_window_pillar.009
Fra:451 Mem:804.86M (Peak 852.49M) | Time:00:02.83 | Mem:0.00M, Peak:0.00M | Scene, ViewLayer | Synchronizing object | Car_seat_base.002
Fra:451 Mem:804.88M (Peak 852.49M) | Time:00:02.83 | Mem:0.00M, Peak:0.00M | Scene, ViewLayer | Synchronizing object | Cab_complete_roof_loft.001
Fra:451 Mem:804.92M (Peak 852.49M) | Time:00:02.83 | Mem:0.00M, Peak:0.00M | Scene, ViewLayer | Synchronizing object | Primary_suspension.005
Fra:451 Mem:804.90M (Peak 852.49M) | Time:00:02.83 | Mem:0.00M, Peak:0.00M | Scene, ViewLayer | Synchronizing object | Car_window_horizontal_frame.030
Fra:451 Mem:804.90M (Peak 852.49M) | Time:00:02.83 | Mem:0.00M, Peak:0.00M | Scene, ViewLayer | Synchronizing object | Door_vertical_frame.003
Fra:451 Mem:804.95M (Peak 852.49M) | Time:00:02.83 | Mem:0.00M, Peak:0.00M | Scene, ViewLayer | Synchronizing object | Primary_suspension.002
Fra:451 Mem:804.97M (Peak 852.49M) | Time:00:02.83 | Mem:0.00M, Peak:0.00M | Scene, ViewLayer | Synchronizing object | Car_curved_lower_shell.016
Fra:451 Mem:804.97M (Peak 852.49M) | Time:00:02.83 | Mem:0.00M, Peak:0.00M | Scene, ViewLayer | Synchronizing object | Car_window_horizontal_frame.026
Fra:451 Mem:805.00M (Peak 852.49M) | Time:00:02.83 | Mem:0.00M, Peak:0.00M | Scene, ViewLayer | Synchronizing object | Car_window_horizontal_frame.022
Fra:451 Mem:805.02M (Peak 852.49M) | Time:00:02.83 | Mem:0.00M, Peak:0.00M | Scene, ViewLayer | Synchronizing object | Car_seat_base.004
Fra:451 Mem:805.06M (Peak 852.49M) | Time:00:02.83 | Mem:0.00M, Peak:0.00M | Scene, ViewLayer | Synchronizing object | Wheel_tread
Fra:451 Mem:805.06M (Peak 852.49M) | Time:00:02.83 | Mem:0.00M, Peak:0.00M | Scene, ViewLayer | Synchronizing object | Wheel_hub.002
Fra:451 Mem:805.07M (Peak 852.49M) | Time:00:02.83 | Mem:0.00M, Peak:0.00M | Scene, ViewLayer | Synchronizing object | Wheel_hub.003
Fra:451 Mem:805.08M (Peak 852.49M) | Time:00:02.83 | Mem:0.00M, Peak:0.00M | Scene, ViewLayer | Synchronizing object | Car_curved_lower_shell.003
Fra:451 Mem:805.08M (Peak 852.49M) | Time:00:02.83 | Mem:0.00M, Peak:0.00M | Scene, ViewLayer | Synchronizing object | Car_window_horizontal_frame.021
Fra:451 Mem:805.08M (Peak 852.49M) | Time:00:02.83 | Mem:0.00M, Peak:0.00M | Scene, ViewLayer | Synchronizing object | Car_curved_lower_shell.007
Fra:451 Mem:805.11M (Peak 852.49M) | Time:00:02.83 | Mem:0.00M, Peak:0.00M | Scene, ViewLayer | Synchronizing object | Cab_cheek.003
Fra:451 Mem:805.10M (Peak 852.49M) | Time:00:02.83 | Mem:0.00M, Peak:0.00M | Scene, ViewLayer | Synchronizing object | Car_window_horizontal_frame.025
Fra:451 Mem:805.14M (Peak 852.49M) | Time:00:02.83 | Mem:0.00M, Peak:0.00M | Scene, ViewLayer | Synchronizing object | Car_window_horizontal_frame.002
Fra:451 Mem:805.14M (Peak 852.49M) | Time:00:02.83 | Mem:0.00M, Peak:0.00M | Scene, ViewLayer | Synchronizing object | Car_seat_back.001
Fra:451 Mem:805.21M (Peak 852.49M) | Time:00:02.83 | Mem:0.00M, Peak:0.00M | Scene, ViewLayer | Synchronizing object | Primary_suspension.006
Fra:451 Mem:805.19M (Peak 852.49M) | Time:00:02.83 | Mem:0.00M, Peak:0.00M | Scene, ViewLayer | Synchronizing object | Car_waist_trim.002
Fra:451 Mem:805.19M (Peak 852.49M) | Time:00:02.83 | Mem:0.00M, Peak:0.00M | Scene, ViewLayer | Synchronizing object | Door_cross_frame
Fra:451 Mem:805.24M (Peak 852.49M) | Time:00:02.83 | Mem:0.00M, Peak:0.00M | Scene, ViewLayer | Synchronizing object | Rear_luggage_bench
Fra:451 Mem:805.31M (Peak 852.49M) | Time:00:02.83 | Mem:0.00M, Peak:0.00M | Scene, ViewLayer | Synchronizing object | Cab_front_fairing
Fra:451 Mem:805.30M (Peak 852.49M) | Time:00:02.83 | Mem:0.00M, Peak:0.00M | Scene, ViewLayer | Synchronizing object | Car_seat_back
Fra:451 Mem:805.31M (Peak 852.49M) | Time:00:02.83 | Mem:0.00M, Peak:0.00M | Scene, ViewLayer | Synchronizing object | Car_window_pillar.031
Fra:451 Mem:805.35M (Peak 852.49M) | Time:00:02.83 | Mem:0.00M, Peak:0.00M | Scene, ViewLayer | Synchronizing object | Wheel_tread.002
Fra:451 Mem:805.35M (Peak 852.49M) | Time:00:02.83 | Mem:0.00M, Peak:0.00M | Scene, ViewLayer | Synchronizing object | Train_headlamp_housing.001
Fra:451 Mem:805.37M (Peak 852.49M) | Time:00:02.83 | Mem:0.00M, Peak:0.00M | Scene, ViewLayer | Synchronizing object | Car_side_window.010
Fra:451 Mem:805.37M (Peak 852.49M) | Time:00:02.83 | Mem:0.00M, Peak:0.00M | Scene, ViewLayer | Synchronizing object | Car_window_horizontal_frame.014
Fra:451 Mem:805.38M (Peak 852.49M) | Time:00:02.83 | Mem:0.00M, Peak:0.00M | Scene, ViewLayer | Synchronizing object | Door_glazing
Fra:451 Mem:805.41M (Peak 852.49M) | Time:00:02.83 | Mem:0.00M, Peak:0.00M | Scene, ViewLayer | Synchronizing object | Car_curved_lower_shell.005
Fra:451 Mem:805.40M (Peak 852.49M) | Time:00:02.83 | Mem:0.00M, Peak:0.00M | Scene, ViewLayer | Synchronizing object | Car_ceiling_light.001
Fra:451 Mem:805.43M (Peak 852.49M) | Time:00:02.83 | Mem:0.00M, Peak:0.00M | Scene, ViewLayer | Synchronizing object | Wheel_flange.006
Fra:451 Mem:805.44M (Peak 852.49M) | Time:00:02.83 | Mem:0.00M, Peak:0.00M | Scene, ViewLayer | Synchronizing object | Car_window_horizontal_frame.009
Fra:451 Mem:805.44M (Peak 852.49M) | Time:00:02.83 | Mem:0.00M, Peak:0.00M | Scene, ViewLayer | Synchronizing object | Car_window_horizontal_frame.013
Fra:451 Mem:805.48M (Peak 852.49M) | Time:00:02.83 | Mem:0.00M, Peak:0.00M | Scene, ViewLayer | Synchronizing object | Cab_cheek
Fra:451 Mem:805.48M (Peak 852.49M) | Time:00:02.83 | Mem:0.00M, Peak:0.00M | Scene, ViewLayer | Synchronizing object | Car_window_pillar.018
Fra:451 Mem:805.55M (Peak 852.49M) | Time:00:02.83 | Mem:0.00M, Peak:0.00M | Scene, ViewLayer | Synchronizing object | Wheel_hub.004
Fra:451 Mem:805.53M (Peak 852.49M) | Time:00:02.83 | Mem:0.00M, Peak:0.00M | Scene, ViewLayer | Synchronizing object | Car_curved_lower_shell.014
Fra:451 Mem:805.53M (Peak 852.49M) | Time:00:02.83 | Mem:0.00M, Peak:0.00M | Scene, ViewLayer | Synchronizing object | Car_inner_wainscot.002
Fra:451 Mem:805.54M (Peak 852.49M) | Time:00:02.83 | Mem:0.00M, Peak:0.00M | Scene, ViewLayer | Synchronizing object | Car_seat_back.008
Fra:451 Mem:805.60M (Peak 852.49M) | Time:00:02.83 | Mem:0.00M, Peak:0.00M | Scene, ViewLayer | Synchronizing object | Car_waist_trim.001
Fra:451 Mem:805.59M (Peak 852.49M) | Time:00:02.83 | Mem:0.00M, Peak:0.00M | Scene, ViewLayer | Synchronizing object | Car_window_pillar.004
Fra:451 Mem:805.63M (Peak 852.49M) | Time:00:02.83 | Mem:0.00M, Peak:0.00M | Scene, ViewLayer | Synchronizing object | Car_window_pillar.012
Fra:451 Mem:805.64M (Peak 852.49M) | Time:00:02.83 | Mem:0.00M, Peak:0.00M | Scene, ViewLayer | Synchronizing object | Car_window_pillar.008
Fra:451 Mem:805.68M (Peak 852.49M) | Time:00:02.83 | Mem:0.00M, Peak:0.00M | Scene, ViewLayer | Synchronizing object | Cab_side_glass.003
Fra:451 Mem:805.68M (Peak 852.49M) | Time:00:02.83 | Mem:0.00M, Peak:0.00M | Scene, ViewLayer | Synchronizing object | Cab_side_glass.002
Fra:451 Mem:805.68M (Peak 852.49M) | Time:00:02.83 | Mem:0.00M, Peak:0.00M | Scene, ViewLayer | Synchronizing object | Car_window_pillar.007
Fra:451 Mem:805.71M (Peak 852.49M) | Time:00:02.83 | Mem:0.00M, Peak:0.00M | Scene, ViewLayer | Synchronizing object | Car_window_pillar.020
Fra:451 Mem:805.73M (Peak 852.49M) | Time:00:02.83 | Mem:0.00M, Peak:0.00M | Scene, ViewLayer | Synchronizing object | Train_headlamp_lens.003
Fra:451 Mem:805.74M (Peak 852.49M) | Time:00:02.83 | Mem:0.00M, Peak:0.00M | Scene, ViewLayer | Synchronizing object | Car_seat_back.007
Fra:451 Mem:805.76M (Peak 852.49M) | Time:00:02.83 | Mem:0.00M, Peak:0.00M | Scene, ViewLayer | Synchronizing object | Door_cross_frame.001
Fra:451 Mem:808.84M (Peak 852.49M) | Time:00:02.83 | Mem:0.00M, Peak:0.00M | Scene, ViewLayer | Synchronizing object | Car_window_horizontal_frame.007
Fra:451 Mem:808.88M (Peak 852.49M) | Time:00:02.83 | Mem:0.00M, Peak:0.00M | Scene, ViewLayer | Synchronizing object | Car_side_window.011
Fra:451 Mem:808.87M (Peak 852.49M) | Time:00:02.83 | Mem:0.00M, Peak:0.00M | Scene, ViewLayer | Synchronizing object | Car_seat_back.009
Fra:451 Mem:808.89M (Peak 852.49M) | Time:00:02.83 | Mem:0.00M, Peak:0.00M | Scene, ViewLayer | Synchronizing object | Car_side_window.013
Fra:451 Mem:808.91M (Peak 852.49M) | Time:00:02.83 | Mem:0.00M, Peak:0.00M | Scene, ViewLayer | Synchronizing object | Bogie_side_frame.001
Fra:451 Mem:808.95M (Peak 852.49M) | Time:00:02.83 | Mem:0.00M, Peak:0.00M | Scene, ViewLayer | Synchronizing object | Wheel_flange.007
Fra:451 Mem:808.95M (Peak 852.49M) | Time:00:02.83 | Mem:0.00M, Peak:0.00M | Scene, ViewLayer | Synchronizing object | Car_seat_back.006
Fra:451 Mem:827.28M (Peak 852.49M) | Time:00:02.83 | Mem:0.00M, Peak:0.00M | Scene, ViewLayer | Synchronizing object | Cab_front_glass
Fra:451 Mem:827.30M (Peak 852.49M) | Time:00:02.83 | Mem:0.00M, Peak:0.00M | Scene, ViewLayer | Synchronizing object | Car_curved_lower_shell.009
Fra:451 Mem:827.31M (Peak 852.49M) | Time:00:02.83 | Mem:0.00M, Peak:0.00M | Scene, ViewLayer | Synchronizing object | Wheel_hub.005
Fra:451 Mem:827.31M (Peak 852.49M) | Time:00:02.83 | Mem:0.00M, Peak:0.00M | Scene, ViewLayer | Synchronizing object | Car_window_horizontal_frame.028
Fra:451 Mem:827.34M (Peak 852.49M) | Time:00:02.83 | Mem:0.00M, Peak:0.00M | Scene, ViewLayer | Synchronizing object | Car_side_window.001
Fra:451 Mem:827.34M (Peak 852.49M) | Time:00:02.83 | Mem:0.00M, Peak:0.00M | Scene, ViewLayer | Synchronizing object | Train_headlamp_housing.002
Fra:451 Mem:827.35M (Peak 852.49M) | Time:00:02.83 | Mem:0.00M, Peak:0.00M | Scene, ViewLayer | Synchronizing object | Car_seat_cushion.001
Fra:451 Mem:827.38M (Peak 852.49M) | Time:00:02.83 | Mem:0.00M, Peak:0.00M | Scene, ViewLayer | Synchronizing object | Car_curved_lower_shell.002
Fra:451 Mem:827.38M (Peak 852.49M) | Time:00:02.83 | Mem:0.00M, Peak:0.00M | Scene, ViewLayer | Synchronizing object | Car_window_pillar.013
Fra:451 Mem:827.41M (Peak 852.49M) | Time:00:02.83 | Mem:0.00M, Peak:0.00M | Scene, ViewLayer | Synchronizing object | Car_seat_back.005
Fra:451 Mem:827.43M (Peak 852.49M) | Time:00:02.83 | Mem:0.00M, Peak:0.00M | Scene, ViewLayer | Synchronizing object | Car_curved_lower_shell.004
Fra:451 Mem:827.43M (Peak 852.49M) | Time:00:02.83 | Mem:0.00M, Peak:0.00M | Scene, ViewLayer | Synchronizing object | Door_vertical_frame
Fra:451 Mem:827.47M (Peak 852.49M) | Time:00:02.83 | Mem:0.00M, Peak:0.00M | Scene, ViewLayer | Synchronizing object | Car_inner_wainscot
Fra:451 Mem:827.49M (Peak 852.49M) | Time:00:02.83 | Mem:0.00M, Peak:0.00M | Scene, ViewLayer | Synchronizing object | Car_side_window.016
Fra:451 Mem:827.49M (Peak 852.49M) | Time:00:02.83 | Mem:0.00M, Peak:0.00M | Scene, ViewLayer | Synchronizing object | Cab_driver_seat
Fra:451 Mem:827.51M (Peak 852.49M) | Time:00:02.83 | Mem:0.00M, Peak:0.00M | Scene, ViewLayer | Synchronizing object | Car_seat_back.004
Fra:451 Mem:827.55M (Peak 852.49M) | Time:00:02.83 | Mem:0.00M, Peak:0.00M | Scene, ViewLayer | Synchronizing object | Cab_side_glass
Fra:451 Mem:827.57M (Peak 852.49M) | Time:00:02.83 | Mem:0.00M, Peak:0.00M | Scene, ViewLayer | Synchronizing object | Car_seat_cushion
Fra:451 Mem:827.58M (Peak 852.49M) | Time:00:02.83 | Mem:0.00M, Peak:0.00M | Scene, ViewLayer | Synchronizing object | Car_window_pillar.030
Fra:451 Mem:827.61M (Peak 852.49M) | Time:00:02.83 | Mem:0.00M, Peak:0.00M | Scene, ViewLayer | Synchronizing object | Wheel_flange
Fra:451 Mem:827.63M (Peak 852.49M) | Time:00:02.83 | Mem:0.00M, Peak:0.00M | Scene, ViewLayer | Synchronizing object | Car_inner_wainscot.001
Fra:451 Mem:827.65M (Peak 852.49M) | Time:00:02.83 | Mem:0.00M, Peak:0.00M | Scene, ViewLayer | Synchronizing object | Car_window_horizontal_frame.018
Fra:451 Mem:827.68M (Peak 852.49M) | Time:00:02.83 | Mem:0.00M, Peak:0.00M | Scene, ViewLayer | Synchronizing object | Car_side_window.003
Fra:451 Mem:827.69M (Peak 852.49M) | Time:00:02.83 | Mem:0.00M, Peak:0.00M | Scene, ViewLayer | Synchronizing object | Car_window_pillar.025
Fra:451 Mem:827.72M (Peak 852.49M) | Time:00:02.83 | Mem:0.00M, Peak:0.00M | Scene, ViewLayer | Synchronizing object | Car_window_pillar.021
Fra:451 Mem:827.74M (Peak 852.49M) | Time:00:02.83 | Mem:0.00M, Peak:0.00M | Scene, ViewLayer | Synchronizing object | Car_side_window.007
Fra:451 Mem:827.75M (Peak 852.49M) | Time:00:02.83 | Mem:0.00M, Peak:0.00M | Scene, ViewLayer | Synchronizing object | Car_seat_back.003
Fra:451 Mem:827.75M (Peak 852.49M) | Time:00:02.83 | Mem:0.00M, Peak:0.00M | Scene, ViewLayer | Synchronizing object | Cab_upper_cheek.003
Fra:451 Mem:827.77M (Peak 852.49M) | Time:00:02.83 | Mem:0.00M, Peak:0.00M | Scene, ViewLayer | Synchronizing object | Bogie_side_frame.003
Fra:451 Mem:827.80M (Peak 852.49M) | Time:00:02.83 | Mem:0.00M, Peak:0.00M | Scene, ViewLayer | Synchronizing object | Car_ceiling_light
Fra:451 Mem:827.80M (Peak 852.49M) | Time:00:02.83 | Mem:0.00M, Peak:0.00M | Scene, ViewLayer | Synchronizing object | Door_glazing.001
Fra:451 Mem:827.83M (Peak 852.49M) | Time:00:02.83 | Mem:0.00M, Peak:0.00M | Scene, ViewLayer | Synchronizing object | Car_window_horizontal_frame.008
Fra:451 Mem:827.86M (Peak 852.49M) | Time:00:02.83 | Mem:0.00M, Peak:0.00M | Scene, ViewLayer | Synchronizing object | Car_window_horizontal_frame.012
Fra:451 Mem:827.87M (Peak 852.49M) | Time:00:02.83 | Mem:0.00M, Peak:0.00M | Scene, ViewLayer | Synchronizing object | Car_window_horizontal_frame.017
Fra:451 Mem:827.92M (Peak 852.49M) | Time:00:02.83 | Mem:0.00M, Peak:0.00M | Scene, ViewLayer | Synchronizing object | Car_seat_cushion.009
Fra:451 Mem:827.90M (Peak 852.49M) | Time:00:02.83 | Mem:0.00M, Peak:0.00M | Scene, ViewLayer | Synchronizing object | Car_window_horizontal_frame.011
Fra:451 Mem:827.94M (Peak 852.49M) | Time:00:02.83 | Mem:0.00M, Peak:0.00M | Scene, ViewLayer | Synchronizing object | Car_floor
Fra:451 Mem:827.95M (Peak 852.49M) | Time:00:02.83 | Mem:0.00M, Peak:0.00M | Scene, ViewLayer | Synchronizing object | Car_seat_cushion.008
Fra:451 Mem:828.02M (Peak 852.49M) | Time:00:02.83 | Mem:0.00M, Peak:0.00M | Scene, ViewLayer | Synchronizing object | Car_window_horizontal_frame.023
Fra:451 Mem:828.00M (Peak 852.49M) | Time:00:02.83 | Mem:0.00M, Peak:0.00M | Scene, ViewLayer | Synchronizing object | Cab_front_fairing.001
Fra:451 Mem:828.04M (Peak 852.49M) | Time:00:02.83 | Mem:0.00M, Peak:0.00M | Scene, ViewLayer | Synchronizing object | Car_curved_lower_shell.015
Fra:451 Mem:828.04M (Peak 852.49M) | Time:00:02.83 | Mem:0.00M, Peak:0.00M | Scene, ViewLayer | Synchronizing object | Car_waist_trim
Fra:451 Mem:828.06M (Peak 852.49M) | Time:00:02.83 | Mem:0.00M, Peak:0.00M | Scene, ViewLayer | Synchronizing object | Car_underframe
Fra:451 Mem:828.09M (Peak 852.49M) | Time:00:02.83 | Mem:0.00M, Peak:0.00M | Scene, ViewLayer | Synchronizing object | Car_window_pillar.003
Fra:451 Mem:828.11M (Peak 852.49M) | Time:00:02.83 | Mem:0.00M, Peak:0.00M | Scene, ViewLayer | Synchronizing object | Car_window_horizontal_frame.019
Fra:451 Mem:828.13M (Peak 852.49M) | Time:00:02.83 | Mem:0.00M, Peak:0.00M | Scene, ViewLayer | Synchronizing object | Car_window_pillar.006
Fra:451 Mem:828.15M (Peak 852.49M) | Time:00:02.83 | Mem:0.00M, Peak:0.00M | Scene, ViewLayer | Synchronizing object | Car_seat_cushion.007
Fra:451 Mem:828.18M (Peak 852.49M) | Time:00:02.83 | Mem:0.00M, Peak:0.00M | Scene, ViewLayer | Synchronizing object | Car_window_horizontal_frame.006
Fra:451 Mem:828.21M (Peak 852.49M) | Time:00:02.83 | Mem:0.00M, Peak:0.00M | Scene, ViewLayer | Synchronizing object | Car_window_pillar.035
Fra:451 Mem:828.23M (Peak 852.49M) | Time:00:02.83 | Mem:0.00M, Peak:0.00M | Scene, ViewLayer | Synchronizing object | Door_vertical_frame.001
Fra:451 Mem:828.25M (Peak 852.49M) | Time:00:02.83 | Mem:0.00M, Peak:0.00M | Scene, ViewLayer | Synchronizing object | Wheel_flange.002
Fra:451 Mem:828.26M (Peak 852.49M) | Time:00:02.83 | Mem:0.00M, Peak:0.00M | Scene, ViewLayer | Synchronizing object | Wheel_hub.001
Fra:451 Mem:828.27M (Peak 852.49M) | Time:00:02.83 | Mem:0.00M, Peak:0.00M | Scene, ViewLayer | Synchronizing object | Wheel_hub.006
Fra:451 Mem:828.27M (Peak 852.49M) | Time:00:02.83 | Mem:0.00M, Peak:0.00M | Scene, ViewLayer | Synchronizing object | Car_seat_cushion.006
Fra:451 Mem:828.28M (Peak 852.49M) | Time:00:02.83 | Mem:0.00M, Peak:0.00M | Scene, ViewLayer | Synchronizing object | Cab_upper_cheek
Fra:451 Mem:828.31M (Peak 852.49M) | Time:00:02.83 | Mem:0.00M, Peak:0.00M | Scene, ViewLayer | Synchronizing object | Wheel_tread.005
Fra:451 Mem:828.31M (Peak 852.49M) | Time:00:02.83 | Mem:0.00M, Peak:0.00M | Scene, ViewLayer | Synchronizing object | Wheel_tread.003
Fra:451 Mem:828.32M (Peak 852.49M) | Time:00:02.83 | Mem:0.00M, Peak:0.00M | Scene, ViewLayer | Synchronizing object | Car_side_window.014
Fra:451 Mem:828.34M (Peak 852.49M) | Time:00:02.83 | Mem:0.00M, Peak:0.00M | Scene, ViewLayer | Synchronizing object | Train_headlamp_housing
Fra:451 Mem:828.33M (Peak 852.49M) | Time:00:02.83 | Mem:0.00M, Peak:0.00M | Scene, ViewLayer | Synchronizing object | Cab_control_console
Fra:451 Mem:828.33M (Peak 852.49M) | Time:00:02.83 | Mem:0.00M, Peak:0.00M | Scene, ViewLayer | Synchronizing object | Cab_buffer_beam.001
Fra:451 Mem:828.38M (Peak 852.49M) | Time:00:02.83 | Mem:0.00M, Peak:0.00M | Scene, ViewLayer | Synchronizing object | Car_seat_base.001
Fra:451 Mem:828.38M (Peak 852.49M) | Time:00:02.83 | Mem:0.00M, Peak:0.00M | Scene, ViewLayer | Synchronizing object | Car_curved_lower_shell.008
Fra:451 Mem:828.41M (Peak 852.49M) | Time:00:02.83 | Mem:0.00M, Peak:0.00M | Scene, ViewLayer | Synchronizing object | Car_door_threshold
Fra:451 Mem:828.45M (Peak 852.49M) | Time:00:02.83 | Mem:0.00M, Peak:0.00M | Scene, ViewLayer | Synchronizing object | Car_seat_cushion.005
Fra:451 Mem:828.44M (Peak 852.49M) | Time:00:02.83 | Mem:0.00M, Peak:0.00M | Scene, ViewLayer | Synchronizing object | Wheel_flange.005
Fra:451 Mem:828.46M (Peak 852.49M) | Time:00:02.83 | Mem:0.00M, Peak:0.00M | Scene, ViewLayer | Synchronizing object | Cab_front_fairing.002
Fra:451 Mem:828.48M (Peak 852.49M) | Time:00:02.83 | Mem:0.00M, Peak:0.00M | Scene, ViewLayer | Synchronizing object | Axle.003
Fra:451 Mem:828.50M (Peak 852.49M) | Time:00:02.83 | Mem:0.00M, Peak:0.00M | Scene, ViewLayer | Synchronizing object | Car_seat_cushion.004
Fra:451 Mem:828.52M (Peak 852.49M) | Time:00:02.84 | Mem:0.00M, Peak:0.00M | Scene, ViewLayer | Synchronizing object | Car_seat_base
Fra:451 Mem:828.54M (Peak 852.49M) | Time:00:02.84 | Mem:0.00M, Peak:0.00M | Scene, ViewLayer | Synchronizing object | Car_window_horizontal_frame.029
Fra:451 Mem:828.57M (Peak 852.49M) | Time:00:02.84 | Mem:0.00M, Peak:0.00M | Scene, ViewLayer | Synchronizing object | Car_seat_back.002
Fra:451 Mem:828.58M (Peak 852.49M) | Time:00:02.84 | Mem:0.00M, Peak:0.00M | Scene, ViewLayer | Synchronizing object | Car_side_window
Fra:451 Mem:828.59M (Peak 852.49M) | Time:00:02.84 | Mem:0.00M, Peak:0.00M | Scene, ViewLayer | Synchronizing object | Wheel_tread.004
Fra:451 Mem:828.61M (Peak 852.49M) | Time:00:02.84 | Mem:0.00M, Peak:0.00M | Scene, ViewLayer | Synchronizing object | Wheel_tread.001
Fra:451 Mem:828.62M (Peak 852.49M) | Time:00:02.84 | Mem:0.00M, Peak:0.00M | Scene, ViewLayer | Synchronizing object | Bogie_side_frame
Fra:451 Mem:828.62M (Peak 852.49M) | Time:00:02.84 | Mem:0.00M, Peak:0.00M | Scene, ViewLayer | Synchronizing object | Car_window_pillar.032
Fra:451 Mem:828.66M (Peak 852.49M) | Time:00:02.84 | Mem:0.00M, Peak:0.00M | Scene, ViewLayer | Synchronizing object | Door_cross_frame.003
Fra:451 Mem:828.67M (Peak 852.49M) | Time:00:02.84 | Mem:0.00M, Peak:0.00M | Scene, ViewLayer | Synchronizing object | Wheel_hub.007
Fra:451 Mem:828.71M (Peak 852.49M) | Time:00:02.84 | Mem:0.00M, Peak:0.00M | Scene, ViewLayer | Synchronizing object | Car_window_pillar.028
Fra:451 Mem:828.73M (Peak 852.49M) | Time:00:02.84 | Mem:0.00M, Peak:0.00M | Scene, ViewLayer | Synchronizing object | Cab_complete_roof_loft
Fra:451 Mem:828.74M (Peak 852.49M) | Time:00:02.84 | Mem:0.00M, Peak:0.00M | Scene, ViewLayer | Synchronizing object | Car_seat_cushion.003
Fra:451 Mem:828.74M (Peak 852.49M) | Time:00:02.84 | Mem:0.00M, Peak:0.00M | Scene, ViewLayer | Synchronizing object | Car_side_window.009
Fra:451 Mem:828.77M (Peak 852.49M) | Time:00:02.84 | Mem:0.00M, Peak:0.00M | Scene, ViewLayer | Synchronizing object | Car_window_horizontal_frame.001
Fra:451 Mem:828.80M (Peak 852.49M) | Time:00:02.84 | Mem:0.00M, Peak:0.00M | Scene, ViewLayer | Synchronizing object | Car_seat_base.009
Fra:451 Mem:828.80M (Peak 852.49M) | Time:00:02.84 | Mem:0.00M, Peak:0.00M | Scene, ViewLayer | Synchronizing object | Bogie_side_frame.002
Fra:451 Mem:828.86M (Peak 852.49M) | Time:00:02.84 | Mem:0.00M, Peak:0.00M | Scene, ViewLayer | Synchronizing object | Train_headlamp_lens.002
Fra:451 Mem:828.85M (Peak 852.49M) | Time:00:02.84 | Mem:0.00M, Peak:0.00M | Scene, ViewLayer | Synchronizing object | Car_curved_lower_shell.006
Fra:451 Mem:828.87M (Peak 852.49M) | Time:00:02.84 | Mem:0.00M, Peak:0.00M | Scene, ViewLayer | Synchronizing object | Car_side_window.002
Fra:451 Mem:828.87M (Peak 852.49M) | Time:00:02.84 | Mem:0.00M, Peak:0.00M | Scene, ViewLayer | Synchronizing object | Car_window_horizontal_frame.016
Fra:451 Mem:828.87M (Peak 852.49M) | Time:00:02.84 | Mem:0.00M, Peak:0.00M | Scene, ViewLayer | Synchronizing object | Car_window_pillar.023
Fra:451 Mem:828.92M (Peak 852.49M) | Time:00:02.84 | Mem:0.00M, Peak:0.00M | Scene, ViewLayer | Synchronizing object | Car_side_window.004
Fra:451 Mem:828.92M (Peak 852.49M) | Time:00:02.84 | Mem:0.00M, Peak:0.00M | Scene, ViewLayer | Synchronizing object | Car_window_horizontal_frame.010
Fra:451 Mem:828.93M (Peak 852.49M) | Time:00:02.84 | Mem:0.00M, Peak:0.00M | Scene, ViewLayer | Synchronizing object | Car_seat_base.008
Fra:451 Mem:828.98M (Peak 852.49M) | Time:00:02.84 | Mem:0.00M, Peak:0.00M | Scene, ViewLayer | Synchronizing object | Cab_cheek.001
Fra:451 Mem:828.98M (Peak 852.49M) | Time:00:02.84 | Mem:0.00M, Peak:0.00M | Scene, ViewLayer | Synchronizing object | Car_window_pillar.017
Fra:451 Mem:828.98M (Peak 852.49M) | Time:00:02.84 | Mem:0.00M, Peak:0.00M | Scene, ViewLayer | Synchronizing object | Car_window_pillar.002
Fra:451 Mem:829.03M (Peak 852.49M) | Time:00:02.84 | Mem:0.00M, Peak:0.00M | Scene, ViewLayer | Synchronizing object | Wheel_hub
Fra:451 Mem:829.04M (Peak 852.49M) | Time:00:02.84 | Mem:0.00M, Peak:0.00M | Scene, ViewLayer | Synchronizing object | Car_window_horizontal_frame.005
Fra:451 Mem:829.08M (Peak 852.49M) | Time:00:02.84 | Mem:0.00M, Peak:0.00M | Scene, ViewLayer | Synchronizing object | Car_window_pillar.001
Fra:451 Mem:829.09M (Peak 852.49M) | Time:00:02.84 | Mem:0.00M, Peak:0.00M | Scene, ViewLayer | Synchronizing object | Car_seat_base.007
Fra:451 Mem:829.13M (Peak 852.49M) | Time:00:02.84 | Mem:0.00M, Peak:0.00M | Scene, ViewLayer | Synchronizing object | Door_lower_panel
Fra:451 Mem:829.16M (Peak 852.49M) | Time:00:02.84 | Mem:0.00M, Peak:0.00M | Scene, ViewLayer | Synchronizing object | Car_curved_lower_shell.012
Fra:451 Mem:829.15M (Peak 852.49M) | Time:00:02.84 | Mem:0.00M, Peak:0.00M | Scene, ViewLayer | Synchronizing object | Cab_front_glass.001
Fra:451 Mem:829.17M (Peak 852.49M) | Time:00:02.84 | Mem:0.00M, Peak:0.00M | Scene, ViewLayer | Synchronizing object | Wheel_flange.003
Fra:451 Mem:829.21M (Peak 852.49M) | Time:00:02.84 | Mem:0.00M, Peak:0.00M | Scene, ViewLayer | Synchronizing object | Car_seat_base.006
Fra:451 Mem:829.23M (Peak 852.49M) | Time:00:02.84 | Mem:0.00M, Peak:0.00M | Scene, ViewLayer | Synchronizing object | Car_window_pillar.033
Fra:451 Mem:829.28M (Peak 852.49M) | Time:00:02.84 | Mem:0.00M, Peak:0.00M | Scene, ViewLayer | Synchronizing object | Car_complete_barrel_roof
Fra:451 Mem:829.30M (Peak 852.49M) | Time:00:02.84 | Mem:0.00M, Peak:0.00M | Scene, ViewLayer | Synchronizing object | Car_window_pillar.016
Fra:451 Mem:829.33M (Peak 852.49M) | Time:00:02.84 | Mem:0.00M, Peak:0.00M | Scene, ViewLayer | Synchronizing object | Axle
Fra:451 Mem:829.33M (Peak 852.49M) | Time:00:02.84 | Mem:0.00M, Peak:0.00M | Scene, ViewLayer | Synchronizing object | Door_vertical_frame.002
Fra:451 Mem:829.35M (Peak 852.49M) | Time:00:02.84 | Mem:0.00M, Peak:0.00M | Scene, ViewLayer | Synchronizing object | Car_ceiling_light.003
Fra:451 Mem:829.38M (Peak 852.49M) | Time:00:02.84 | Mem:0.00M, Peak:0.00M | Scene, ViewLayer | Synchronizing object | Car_curved_lower_shell
Fra:451 Mem:829.38M (Peak 852.49M) | Time:00:02.84 | Mem:0.00M, Peak:0.00M | Scene, ViewLayer | Synchronizing object | Car_window_pillar.011
Fra:451 Mem:829.41M (Peak 852.49M) | Time:00:02.84 | Mem:0.00M, Peak:0.00M | Scene, ViewLayer | Synchronizing object | Car_window_pillar.015
Fra:451 Mem:829.43M (Peak 852.49M) | Time:00:02.84 | Mem:0.00M, Peak:0.00M | Scene, ViewLayer | Synchronizing object | Cab_floor_extension.001
Fra:451 Mem:829.46M (Peak 852.49M) | Time:00:02.84 | Mem:0.00M, Peak:0.00M | Scene, ViewLayer | Synchronizing object | Car_seat_base.005
Fra:451 Mem:829.49M (Peak 852.49M) | Time:00:02.84 | Mem:0.00M, Peak:0.00M | Scene, ViewLayer | Synchronizing object | Car_window_pillar.024
Fra:451 Mem:829.52M (Peak 852.49M) | Time:00:02.84 | Mem:0.00M, Peak:0.00M | Scene, ViewLayer | Synchronizing object | Car_side_window.015
Fra:451 Mem:829.52M (Peak 852.49M) | Time:00:02.84 | Mem:0.00M, Peak:0.00M | Scene, ViewLayer | Synchronizing object | Train_headlamp_lens.001
Fra:451 Mem:829.54M (Peak 852.49M) | Time:00:02.84 | Mem:0.00M, Peak:0.00M | Scene, ViewLayer | Synchronizing object | Axle.002
Fra:451 Mem:829.53M (Peak 852.49M) | Time:00:02.84 | Mem:0.00M, Peak:0.00M | Scene, ViewLayer | Synchronizing object | Car_window_horizontal_frame.024
Fra:451 Mem:829.57M (Peak 852.49M) | Time:00:02.84 | Mem:0.00M, Peak:0.00M | Scene, ViewLayer | Synchronizing object | Car_seat_cushion.002
Fra:451 Mem:829.58M (Peak 852.49M) | Time:00:02.84 | Mem:0.00M, Peak:0.00M | Scene, ViewLayer | Synchronizing object | Bogie_cross_frame
Fra:451 Mem:829.62M (Peak 852.49M) | Time:00:02.84 | Mem:0.00M, Peak:0.00M | Scene, ViewLayer | Synchronizing object | Car_window_horizontal_frame.031
Fra:451 Mem:829.63M (Peak 852.49M) | Time:00:02.84 | Mem:0.00M, Peak:0.00M | Scene, ViewLayer | Synchronizing object | Door_cross_frame.002
Fra:451 Mem:829.66M (Peak 852.49M) | Time:00:02.84 | Mem:0.00M, Peak:0.00M | Scene, ViewLayer | Synchronizing object | Wheel_tread.007
Fra:451 Mem:829.67M (Peak 852.49M) | Time:00:02.84 | Mem:0.00M, Peak:0.00M | Scene, ViewLayer | Synchronizing object | Car_window_horizontal_frame.027
Fra:451 Mem:829.69M (Peak 852.49M) | Time:00:02.84 | Mem:0.00M, Peak:0.00M | Scene, ViewLayer | Synchronizing object | Cab_side_glass.001
Fra:451 Mem:829.69M (Peak 852.49M) | Time:00:02.84 | Mem:0.00M, Peak:0.00M | Scene, ViewLayer | Synchronizing object | Car_seat_base.003
Fra:451 Mem:829.70M (Peak 852.49M) | Time:00:02.84 | Mem:0.00M, Peak:0.00M | Scene, ViewLayer | Synchronizing object | Car_window_horizontal_frame
Fra:451 Mem:829.74M (Peak 852.49M) | Time:00:02.84 | Mem:0.00M, Peak:0.00M | Scene, ViewLayer | Synchronizing object | Axle.001
Fra:451 Mem:829.77M (Peak 852.49M) | Time:00:02.84 | Mem:0.00M, Peak:0.00M | Scene, ViewLayer | Synchronizing object | Train_headlamp_lens
Fra:451 Mem:829.75M (Peak 852.49M) | Time:00:02.84 | Mem:0.00M, Peak:0.00M | Scene, ViewLayer | Synchronizing object | Bogie_cross_frame.001
Fra:451 Mem:829.75M (Peak 852.49M) | Time:00:02.84 | Mem:0.00M, Peak:0.00M | Scene, ViewLayer | Synchronizing object | Car_side_window.008
Fra:451 Mem:829.78M (Peak 852.49M) | Time:00:02.84 | Mem:0.00M, Peak:0.00M | Scene, ViewLayer | Synchronizing object | Car_curved_lower_shell.010
Fra:451 Mem:829.78M (Peak 852.49M) | Time:00:02.84 | Mem:0.00M, Peak:0.00M | Scene, ViewLayer | Synchronizing object | Car_window_pillar.022
Fra:451 Mem:829.80M (Peak 852.49M) | Time:00:02.84 | Mem:0.00M, Peak:0.00M | Scene, ViewLayer | Synchronizing object | Cab_front_fairing.003
Fra:451 Mem:829.84M (Peak 852.49M) | Time:00:02.84 | Mem:0.00M, Peak:0.00M | Scene, ViewLayer | Synchronizing object | Car_window_pillar.026
Fra:451 Mem:829.82M (Peak 852.49M) | Time:00:02.84 | Mem:0.00M, Peak:0.00M | Scene, ViewLayer | Synchronizing object | Cab_buffer_beam
Fra:451 Mem:829.88M (Peak 852.49M) | Time:00:02.84 | Mem:0.00M, Peak:0.00M | Scene, ViewLayer | Synchronizing object | Wheel_tread.006
Fra:451 Mem:829.87M (Peak 852.49M) | Time:00:02.84 | Mem:0.00M, Peak:0.00M | Scene, ViewLayer | Synchronizing object | Car_window_horizontal_frame.003
Fra:451 Mem:829.88M (Peak 852.49M) | Time:00:02.84 | Mem:0.00M, Peak:0.00M | Scene, ViewLayer | Synchronizing object | Wheel_flange.004
Fra:451 Mem:829.91M (Peak 852.49M) | Time:00:02.84 | Mem:0.00M, Peak:0.00M | Scene, ViewLayer | Synchronizing object | Car_window_pillar.029
Fra:451 Mem:829.93M (Peak 852.49M) | Time:00:02.84 | Mem:0.00M, Peak:0.00M | Scene, ViewLayer | Synchronizing object | Primary_suspension
Fra:451 Mem:829.95M (Peak 852.49M) | Time:00:02.84 | Mem:0.00M, Peak:0.00M | Scene, ViewLayer | Synchronizing object | Car_side_window.005
Fra:451 Mem:829.94M (Peak 852.49M) | Time:00:02.84 | Mem:0.00M, Peak:0.00M | Scene, ViewLayer | Synchronizing object | G3_glass_retaining_clip
Fra:451 Mem:829.93M (Peak 852.49M) | Time:00:02.84 | Mem:0.00M, Peak:0.00M | Scene, ViewLayer | Synchronizing object | G3_clip_slotted_fastener
Fra:451 Mem:829.96M (Peak 852.49M) | Time:00:02.84 | Mem:0.00M, Peak:0.00M | Scene, ViewLayer | Synchronizing object | G3_glass_retaining_clip.001
Fra:451 Mem:829.99M (Peak 852.49M) | Time:00:02.84 | Mem:0.00M, Peak:0.00M | Scene, ViewLayer | Synchronizing object | G3_clip_slotted_fastener.001
Fra:451 Mem:829.99M (Peak 852.49M) | Time:00:02.84 | Mem:0.00M, Peak:0.00M | Scene, ViewLayer | Synchronizing object | G3_glass_retaining_clip.002
Fra:451 Mem:830.01M (Peak 852.49M) | Time:00:02.84 | Mem:0.00M, Peak:0.00M | Scene, ViewLayer | Synchronizing object | G3_clip_slotted_fastener.002
Fra:451 Mem:830.01M (Peak 852.49M) | Time:00:02.84 | Mem:0.00M, Peak:0.00M | Scene, ViewLayer | Synchronizing object | G3_glass_retaining_clip.003
Fra:451 Mem:830.04M (Peak 852.49M) | Time:00:02.84 | Mem:0.00M, Peak:0.00M | Scene, ViewLayer | Synchronizing object | G3_clip_slotted_fastener.003
Fra:451 Mem:830.04M (Peak 852.49M) | Time:00:02.84 | Mem:0.00M, Peak:0.00M | Scene, ViewLayer | Synchronizing object | G3_glass_retaining_clip.004
Fra:451 Mem:830.07M (Peak 852.49M) | Time:00:02.84 | Mem:0.00M, Peak:0.00M | Scene, ViewLayer | Synchronizing object | G3_clip_slotted_fastener.004
Fra:451 Mem:830.07M (Peak 852.49M) | Time:00:02.84 | Mem:0.00M, Peak:0.00M | Scene, ViewLayer | Synchronizing object | G3_glass_retaining_clip.005
Fra:451 Mem:830.09M (Peak 852.49M) | Time:00:02.84 | Mem:0.00M, Peak:0.00M | Scene, ViewLayer | Synchronizing object | G3_clip_slotted_fastener.005
Fra:451 Mem:830.09M (Peak 852.49M) | Time:00:02.84 | Mem:0.00M, Peak:0.00M | Scene, ViewLayer | Synchronizing object | G3_glass_retaining_clip.006
Fra:451 Mem:830.10M (Peak 852.49M) | Time:00:02.84 | Mem:0.00M, Peak:0.00M | Scene, ViewLayer | Synchronizing object | G3_clip_slotted_fastener.006
Fra:451 Mem:830.10M (Peak 852.49M) | Time:00:02.84 | Mem:0.00M, Peak:0.00M | Scene, ViewLayer | Synchronizing object | G3_glass_retaining_clip.007
Fra:451 Mem:830.16M (Peak 852.49M) | Time:00:02.84 | Mem:0.00M, Peak:0.00M | Scene, ViewLayer | Synchronizing object | G3_clip_slotted_fastener.007
Fra:451 Mem:830.14M (Peak 852.49M) | Time:00:02.84 | Mem:0.00M, Peak:0.00M | Scene, ViewLayer | Synchronizing object | G3_glass_retaining_clip.008
Fra:451 Mem:830.14M (Peak 852.49M) | Time:00:02.84 | Mem:0.00M, Peak:0.00M | Scene, ViewLayer | Synchronizing object | G3_clip_slotted_fastener.008
Fra:451 Mem:830.17M (Peak 852.49M) | Time:00:02.84 | Mem:0.00M, Peak:0.00M | Scene, ViewLayer | Synchronizing object | G3_glass_retaining_clip.009
Fra:451 Mem:830.21M (Peak 852.49M) | Time:00:02.84 | Mem:0.00M, Peak:0.00M | Scene, ViewLayer | Synchronizing object | G3_clip_slotted_fastener.009
Fra:451 Mem:830.19M (Peak 852.49M) | Time:00:02.84 | Mem:0.00M, Peak:0.00M | Scene, ViewLayer | Synchronizing object | G3_glass_retaining_clip.010
Fra:451 Mem:830.19M (Peak 852.49M) | Time:00:02.84 | Mem:0.00M, Peak:0.00M | Scene, ViewLayer | Synchronizing object | G3_clip_slotted_fastener.010
Fra:451 Mem:830.22M (Peak 852.49M) | Time:00:02.84 | Mem:0.00M, Peak:0.00M | Scene, ViewLayer | Synchronizing object | G3_glass_retaining_clip.011
Fra:451 Mem:830.27M (Peak 852.49M) | Time:00:02.84 | Mem:0.00M, Peak:0.00M | Scene, ViewLayer | Synchronizing object | G3_clip_slotted_fastener.011
Fra:451 Mem:830.25M (Peak 852.49M) | Time:00:02.84 | Mem:0.00M, Peak:0.00M | Scene, ViewLayer | Synchronizing object | G3_glass_retaining_clip.012
Fra:451 Mem:830.25M (Peak 852.49M) | Time:00:02.84 | Mem:0.00M, Peak:0.00M | Scene, ViewLayer | Synchronizing object | G3_clip_slotted_fastener.012
Fra:451 Mem:830.28M (Peak 852.49M) | Time:00:02.84 | Mem:0.00M, Peak:0.00M | Scene, ViewLayer | Synchronizing object | G3_glass_retaining_clip.013
Fra:451 Mem:830.32M (Peak 852.49M) | Time:00:02.84 | Mem:0.00M, Peak:0.00M | Scene, ViewLayer | Synchronizing object | G3_clip_slotted_fastener.013
Fra:451 Mem:830.31M (Peak 852.49M) | Time:00:02.84 | Mem:0.00M, Peak:0.00M | Scene, ViewLayer | Synchronizing object | G3_glass_retaining_clip.014
Fra:451 Mem:830.34M (Peak 852.49M) | Time:00:02.84 | Mem:0.00M, Peak:0.00M | Scene, ViewLayer | Synchronizing object | G3_clip_slotted_fastener.014
Fra:451 Mem:830.34M (Peak 852.49M) | Time:00:02.84 | Mem:0.00M, Peak:0.00M | Scene, ViewLayer | Synchronizing object | G3_glass_retaining_clip.015
Fra:451 Mem:830.37M (Peak 852.49M) | Time:00:02.84 | Mem:0.00M, Peak:0.00M | Scene, ViewLayer | Synchronizing object | G3_clip_slotted_fastener.015
Fra:451 Mem:830.37M (Peak 852.49M) | Time:00:02.84 | Mem:0.00M, Peak:0.00M | Scene, ViewLayer | Synchronizing object | G3_glass_retaining_clip.016
Fra:451 Mem:830.40M (Peak 852.49M) | Time:00:02.84 | Mem:0.00M, Peak:0.00M | Scene, ViewLayer | Synchronizing object | G3_clip_slotted_fastener.016
Fra:451 Mem:830.40M (Peak 852.49M) | Time:00:02.84 | Mem:0.00M, Peak:0.00M | Scene, ViewLayer | Synchronizing object | G3_glass_retaining_clip.017
Fra:451 Mem:830.42M (Peak 852.49M) | Time:00:02.84 | Mem:0.00M, Peak:0.00M | Scene, ViewLayer | Synchronizing object | G3_clip_slotted_fastener.017
Fra:451 Mem:830.43M (Peak 852.49M) | Time:00:02.84 | Mem:0.00M, Peak:0.00M | Scene, ViewLayer | Synchronizing object | G3_glass_retaining_clip.018
Fra:451 Mem:830.46M (Peak 852.49M) | Time:00:02.84 | Mem:0.00M, Peak:0.00M | Scene, ViewLayer | Synchronizing object | G3_clip_slotted_fastener.018
Fra:451 Mem:830.46M (Peak 852.49M) | Time:00:02.84 | Mem:0.00M, Peak:0.00M | Scene, ViewLayer | Synchronizing object | G3_glass_retaining_clip.019
Fra:451 Mem:830.48M (Peak 852.49M) | Time:00:02.84 | Mem:0.00M, Peak:0.00M | Scene, ViewLayer | Synchronizing object | G3_clip_slotted_fastener.019
Fra:451 Mem:830.49M (Peak 852.49M) | Time:00:02.84 | Mem:0.00M, Peak:0.00M | Scene, ViewLayer | Synchronizing object | G3_glass_retaining_clip.020
Fra:451 Mem:830.52M (Peak 852.49M) | Time:00:02.84 | Mem:0.00M, Peak:0.00M | Scene, ViewLayer | Synchronizing object | G3_clip_slotted_fastener.020
Fra:451 Mem:830.52M (Peak 852.49M) | Time:00:02.84 | Mem:0.00M, Peak:0.00M | Scene, ViewLayer | Synchronizing object | G3_glass_retaining_clip.021
Fra:451 Mem:830.54M (Peak 852.49M) | Time:00:02.84 | Mem:0.00M, Peak:0.00M | Scene, ViewLayer | Synchronizing object | G3_clip_slotted_fastener.021
Fra:451 Mem:830.55M (Peak 852.49M) | Time:00:02.84 | Mem:0.00M, Peak:0.00M | Scene, ViewLayer | Synchronizing object | G3_glass_retaining_clip.022
Fra:451 Mem:830.57M (Peak 852.49M) | Time:00:02.84 | Mem:0.00M, Peak:0.00M | Scene, ViewLayer | Synchronizing object | G3_clip_slotted_fastener.022
Fra:451 Mem:830.58M (Peak 852.49M) | Time:00:02.84 | Mem:0.00M, Peak:0.00M | Scene, ViewLayer | Synchronizing object | G3_glass_retaining_clip.023
Fra:451 Mem:830.60M (Peak 852.49M) | Time:00:02.84 | Mem:0.00M, Peak:0.00M | Scene, ViewLayer | Synchronizing object | G3_clip_slotted_fastener.023
Fra:451 Mem:830.61M (Peak 852.49M) | Time:00:02.84 | Mem:0.00M, Peak:0.00M | Scene, ViewLayer | Synchronizing object | G3_glass_retaining_clip.024
Fra:451 Mem:830.63M (Peak 852.49M) | Time:00:02.84 | Mem:0.00M, Peak:0.00M | Scene, ViewLayer | Synchronizing object | G3_clip_slotted_fastener.024
Fra:451 Mem:830.64M (Peak 852.49M) | Time:00:02.84 | Mem:0.00M, Peak:0.00M | Scene, ViewLayer | Synchronizing object | G3_glass_retaining_clip.025
Fra:451 Mem:830.66M (Peak 852.49M) | Time:00:02.84 | Mem:0.00M, Peak:0.00M | Scene, ViewLayer | Synchronizing object | G3_clip_slotted_fastener.025
Fra:451 Mem:830.66M (Peak 852.49M) | Time:00:02.84 | Mem:0.00M, Peak:0.00M | Scene, ViewLayer | Synchronizing object | G3_glass_retaining_clip.026
Fra:451 Mem:830.69M (Peak 852.49M) | Time:00:02.84 | Mem:0.00M, Peak:0.00M | Scene, ViewLayer | Synchronizing object | G3_clip_slotted_fastener.026
Fra:451 Mem:830.69M (Peak 852.49M) | Time:00:02.84 | Mem:0.00M, Peak:0.00M | Scene, ViewLayer | Synchronizing object | G3_glass_retaining_clip.027
Fra:451 Mem:830.72M (Peak 852.49M) | Time:00:02.84 | Mem:0.00M, Peak:0.00M | Scene, ViewLayer | Synchronizing object | G3_clip_slotted_fastener.027
Fra:451 Mem:830.72M (Peak 852.49M) | Time:00:02.84 | Mem:0.00M, Peak:0.00M | Scene, ViewLayer | Synchronizing object | G3_glass_retaining_clip.028
Fra:451 Mem:830.75M (Peak 852.49M) | Time:00:02.84 | Mem:0.00M, Peak:0.00M | Scene, ViewLayer | Synchronizing object | G3_clip_slotted_fastener.028
Fra:451 Mem:830.75M (Peak 852.49M) | Time:00:02.84 | Mem:0.00M, Peak:0.00M | Scene, ViewLayer | Synchronizing object | G3_glass_retaining_clip.029
Fra:451 Mem:830.77M (Peak 852.49M) | Time:00:02.84 | Mem:0.00M, Peak:0.00M | Scene, ViewLayer | Synchronizing object | G3_clip_slotted_fastener.029
Fra:451 Mem:830.78M (Peak 852.49M) | Time:00:02.84 | Mem:0.00M, Peak:0.00M | Scene, ViewLayer | Synchronizing object | G3_glass_retaining_clip.030
Fra:451 Mem:830.80M (Peak 852.49M) | Time:00:02.84 | Mem:0.00M, Peak:0.00M | Scene, ViewLayer | Synchronizing object | G3_clip_slotted_fastener.030
Fra:451 Mem:830.81M (Peak 852.49M) | Time:00:02.84 | Mem:0.00M, Peak:0.00M | Scene, ViewLayer | Synchronizing object | G3_glass_retaining_clip.031
Fra:451 Mem:830.84M (Peak 852.49M) | Time:00:02.84 | Mem:0.00M, Peak:0.00M | Scene, ViewLayer | Synchronizing object | G3_clip_slotted_fastener.031
Fra:451 Mem:830.84M (Peak 852.49M) | Time:00:02.84 | Mem:0.00M, Peak:0.00M | Scene, ViewLayer | Synchronizing object | G3_column_anchor_bolt
Fra:451 Mem:830.84M (Peak 852.49M) | Time:00:02.84 | Mem:0.00M, Peak:0.00M | Scene, ViewLayer | Synchronizing object | G3_column_anchor_bolt.001
Fra:451 Mem:830.85M (Peak 852.49M) | Time:00:02.84 | Mem:0.00M, Peak:0.00M | Scene, ViewLayer | Synchronizing object | G3_column_anchor_bolt.002
Fra:451 Mem:830.86M (Peak 852.49M) | Time:00:02.84 | Mem:0.00M, Peak:0.00M | Scene, ViewLayer | Synchronizing object | G3_column_anchor_bolt.003
Fra:451 Mem:830.84M (Peak 852.49M) | Time:00:02.84 | Mem:0.00M, Peak:0.00M | Scene, ViewLayer | Synchronizing object | G3_column_cap_plate
Fra:451 Mem:830.85M (Peak 852.49M) | Time:00:02.84 | Mem:0.00M, Peak:0.00M | Scene, ViewLayer | Synchronizing object | G3_cap_rivet
Fra:451 Mem:830.88M (Peak 852.49M) | Time:00:02.84 | Mem:0.00M, Peak:0.00M | Scene, ViewLayer | Synchronizing object | G3_cap_rivet.001
Fra:451 Mem:830.88M (Peak 852.49M) | Time:00:02.84 | Mem:0.00M, Peak:0.00M | Scene, ViewLayer | Synchronizing object | G3_column_anchor_bolt.004
Fra:451 Mem:830.89M (Peak 852.49M) | Time:00:02.84 | Mem:0.00M, Peak:0.00M | Scene, ViewLayer | Synchronizing object | G3_column_anchor_bolt.005
Fra:451 Mem:830.89M (Peak 852.49M) | Time:00:02.84 | Mem:0.00M, Peak:0.00M | Scene, ViewLayer | Synchronizing object | G3_column_anchor_bolt.006
Fra:451 Mem:830.89M (Peak 852.49M) | Time:00:02.84 | Mem:0.00M, Peak:0.00M | Scene, ViewLayer | Synchronizing object | G3_column_anchor_bolt.007
Fra:451 Mem:830.90M (Peak 852.49M) | Time:00:02.84 | Mem:0.00M, Peak:0.00M | Scene, ViewLayer | Synchronizing object | G3_column_cap_plate.001
Fra:451 Mem:830.89M (Peak 852.49M) | Time:00:02.84 | Mem:0.00M, Peak:0.00M | Scene, ViewLayer | Synchronizing object | G3_cap_rivet.002
Fra:451 Mem:830.92M (Peak 852.49M) | Time:00:02.84 | Mem:0.00M, Peak:0.00M | Scene, ViewLayer | Synchronizing object | G3_cap_rivet.003
Fra:451 Mem:830.93M (Peak 852.49M) | Time:00:02.84 | Mem:0.00M, Peak:0.00M | Scene, ViewLayer | Synchronizing object | G3_hall_hinge_barrel
Fra:451 Mem:830.94M (Peak 852.49M) | Time:00:02.84 | Mem:0.00M, Peak:0.00M | Scene, ViewLayer | Synchronizing object | G3_hall_hinge_barrel.001
Fra:451 Mem:830.94M (Peak 852.49M) | Time:00:02.84 | Mem:0.00M, Peak:0.00M | Scene, ViewLayer | Synchronizing object | G3_hall_hinge_barrel.002
Fra:451 Mem:830.95M (Peak 852.49M) | Time:00:02.84 | Mem:0.00M, Peak:0.00M | Scene, ViewLayer | Synchronizing object | G3_hall_hinge_barrel.003
Fra:451 Mem:830.95M (Peak 852.49M) | Time:00:02.84 | Mem:0.00M, Peak:0.00M | Scene, ViewLayer | Synchronizing object | G3_hall_hinge_barrel.004
Fra:451 Mem:830.96M (Peak 852.49M) | Time:00:02.84 | Mem:0.00M, Peak:0.00M | Scene, ViewLayer | Synchronizing object | G3_hall_hinge_barrel.005
Fra:451 Mem:830.96M (Peak 852.49M) | Time:00:02.84 | Mem:0.00M, Peak:0.00M | Scene, ViewLayer | Synchronizing object | G3_drain_grate
Fra:451 Mem:830.98M (Peak 852.49M) | Time:00:02.84 | Mem:0.00M, Peak:0.00M | Scene, ViewLayer | Synchronizing object | G3_drain_grate.001
Fra:451 Mem:831.04M (Peak 852.49M) | Time:00:02.84 | Mem:0.00M, Peak:0.00M | Scene, ViewLayer | Synchronizing object | G3_drain_grate.002
Fra:451 Mem:831.03M (Peak 852.49M) | Time:00:02.84 | Mem:0.00M, Peak:0.00M | Scene, ViewLayer | Synchronizing object | G3_drain_grate.003
Fra:451 Mem:831.07M (Peak 852.49M) | Time:00:02.84 | Mem:0.00M, Peak:0.00M | Scene, ViewLayer | Synchronizing object | G3_drain_grate.004
Fra:451 Mem:831.11M (Peak 852.49M) | Time:00:02.84 | Mem:0.00M, Peak:0.00M | Scene, ViewLayer | Synchronizing object | G3_drain_grate.005
Fra:451 Mem:831.12M (Peak 852.49M) | Time:00:02.84 | Mem:0.00M, Peak:0.00M | Scene, ViewLayer | Synchronizing object | G3_drain_grate.006
Fra:451 Mem:831.15M (Peak 852.49M) | Time:00:02.84 | Mem:0.00M, Peak:0.00M | Scene, ViewLayer | Synchronizing object | G3_drain_grate.007
Fra:451 Mem:831.16M (Peak 852.49M) | Time:00:02.85 | Mem:0.00M, Peak:0.00M | Scene, ViewLayer | Synchronizing object | G3_drain_grate.008
Fra:451 Mem:831.19M (Peak 852.49M) | Time:00:02.85 | Mem:0.00M, Peak:0.00M | Scene, ViewLayer | Synchronizing object | G3_drain_grate.009
Fra:451 Mem:831.21M (Peak 852.49M) | Time:00:02.85 | Mem:0.00M, Peak:0.00M | Scene, ViewLayer | Synchronizing object | G3_drain_grate.010
Fra:451 Mem:831.23M (Peak 852.49M) | Time:00:02.85 | Mem:0.00M, Peak:0.00M | Scene, ViewLayer | Synchronizing object | G3_drain_grate.011
Fra:451 Mem:831.26M (Peak 852.49M) | Time:00:02.85 | Mem:0.00M, Peak:0.00M | Scene, ViewLayer | Synchronizing object | G3_drain_grate.012
Fra:451 Mem:831.28M (Peak 852.49M) | Time:00:02.85 | Mem:0.00M, Peak:0.00M | Scene, ViewLayer | Synchronizing object | G3_drain_grate.013
Fra:451 Mem:831.30M (Peak 852.49M) | Time:00:02.85 | Mem:0.00M, Peak:0.00M | Scene, ViewLayer | Synchronizing object | G3_drain_grate.014
Fra:451 Mem:831.32M (Peak 852.49M) | Time:00:02.85 | Mem:0.00M, Peak:0.00M | Scene, ViewLayer | Synchronizing object | G3_drain_grate.015
Fra:451 Mem:831.34M (Peak 852.49M) | Time:00:02.85 | Mem:0.00M, Peak:0.00M | Scene, ViewLayer | Synchronizing object | G3_drain_grate.016
Fra:451 Mem:831.39M (Peak 852.49M) | Time:00:02.85 | Mem:0.00M, Peak:0.00M | Scene, ViewLayer | Synchronizing object | G3_drain_grate.017
Fra:451 Mem:831.37M (Peak 852.49M) | Time:00:02.85 | Mem:0.00M, Peak:0.00M | Scene, ViewLayer | Synchronizing object | G3_drain_grate.018
Fra:451 Mem:831.41M (Peak 852.49M) | Time:00:02.85 | Mem:0.00M, Peak:0.00M | Scene, ViewLayer | Synchronizing object | G3_drain_grate.019
Fra:451 Mem:831.46M (Peak 852.49M) | Time:00:02.85 | Mem:0.00M, Peak:0.00M | Scene, ViewLayer | Synchronizing object | G3_table_edge_inlay
Fra:451 Mem:831.64M (Peak 852.49M) | Time:00:02.85 | Mem:0.00M, Peak:0.00M | Scene, ViewLayer | Synchronizing object | G3_turned_pedestal
Fra:451 Mem:831.90M (Peak 852.49M) | Time:00:02.85 | Mem:0.00M, Peak:0.00M | Scene, ViewLayer | Synchronizing object | G3_foot_felt_contact
Fra:451 Mem:831.87M (Peak 852.49M) | Time:00:02.85 | Mem:0.00M, Peak:0.00M | Scene, ViewLayer | Synchronizing object | G3_foot_felt_contact.001
Fra:451 Mem:831.87M (Peak 852.49M) | Time:00:02.85 | Mem:0.00M, Peak:0.00M | Scene, ViewLayer | Synchronizing object | G3_foot_felt_contact.002
Fra:451 Mem:831.88M (Peak 852.49M) | Time:00:02.85 | Mem:0.00M, Peak:0.00M | Scene, ViewLayer | Synchronizing object | G3_sideboard_carcass
Fra:451 Mem:831.88M (Peak 852.49M) | Time:00:02.85 | Mem:0.00M, Peak:0.00M | Scene, ViewLayer | Synchronizing object | G3_sideboard_top
Fra:451 Mem:831.94M (Peak 852.49M) | Time:00:02.85 | Mem:0.00M, Peak:0.00M | Scene, ViewLayer | Synchronizing object | G3_cabinet_stile
Fra:451 Mem:831.96M (Peak 852.49M) | Time:00:02.85 | Mem:0.00M, Peak:0.00M | Scene, ViewLayer | Synchronizing object | G3_cabinet_stile.001
Fra:451 Mem:831.99M (Peak 852.49M) | Time:00:02.85 | Mem:0.00M, Peak:0.00M | Scene, ViewLayer | Synchronizing object | G3_cabinet_rail
Fra:451 Mem:832.02M (Peak 852.49M) | Time:00:02.85 | Mem:0.00M, Peak:0.00M | Scene, ViewLayer | Synchronizing object | G3_cabinet_rail.001
Fra:451 Mem:832.04M (Peak 852.49M) | Time:00:02.85 | Mem:0.00M, Peak:0.00M | Scene, ViewLayer | Synchronizing object | G3_cabinet_recessed_panel
Fra:451 Mem:832.08M (Peak 852.49M) | Time:00:02.85 | Mem:0.00M, Peak:0.00M | Scene, ViewLayer | Synchronizing object | G3_panel_border
Fra:451 Mem:832.11M (Peak 852.49M) | Time:00:02.85 | Mem:0.00M, Peak:0.00M | Scene, ViewLayer | Synchronizing object | G3_panel_border.001
Fra:451 Mem:832.13M (Peak 852.49M) | Time:00:02.85 | Mem:0.00M, Peak:0.00M | Scene, ViewLayer | Synchronizing object | G3_cabinet_pull_mount
Fra:451 Mem:838.52M (Peak 852.49M) | Time:00:02.85 | Mem:0.00M, Peak:0.00M | Scene, ViewLayer | Synchronizing object | G3_cabinet_pull
Fra:451 Mem:838.52M (Peak 852.49M) | Time:00:02.85 | Mem:0.00M, Peak:0.00M | Scene, ViewLayer | Synchronizing object | G3_cabinet_recessed_panel.001
Fra:451 Mem:838.53M (Peak 852.49M) | Time:00:02.85 | Mem:0.00M, Peak:0.00M | Scene, ViewLayer | Synchronizing object | G3_panel_border.002
Fra:451 Mem:838.58M (Peak 852.49M) | Time:00:02.85 | Mem:0.00M, Peak:0.00M | Scene, ViewLayer | Synchronizing object | G3_panel_border.003
Fra:451 Mem:838.59M (Peak 852.49M) | Time:00:02.85 | Mem:0.00M, Peak:0.00M | Scene, ViewLayer | Synchronizing object | G3_cabinet_pull_mount.001
Fra:451 Mem:838.62M (Peak 852.49M) | Time:00:02.85 | Mem:0.00M, Peak:0.00M | Scene, ViewLayer | Synchronizing object | G3_cabinet_pull.001
Fra:451 Mem:838.64M (Peak 852.49M) | Time:00:02.85 | Mem:0.00M, Peak:0.00M | Scene, ViewLayer | Synchronizing object | G3_cabinet_foot
Fra:451 Mem:838.62M (Peak 852.49M) | Time:00:02.85 | Mem:0.00M, Peak:0.00M | Scene, ViewLayer | Synchronizing object | G3_cabinet_foot.001
Fra:451 Mem:838.64M (Peak 852.49M) | Time:00:02.85 | Mem:0.00M, Peak:0.00M | Scene, ViewLayer | Synchronizing object | G3_cabinet_foot.002
Fra:451 Mem:838.64M (Peak 852.49M) | Time:00:02.85 | Mem:0.00M, Peak:0.00M | Scene, ViewLayer | Synchronizing object | G3_cabinet_foot.003
Fra:451 Mem:838.67M (Peak 852.49M) | Time:00:02.85 | Mem:0.00M, Peak:0.00M | Scene, ViewLayer | Synchronizing object | G3_porcelain_saucer
Fra:451 Mem:838.68M (Peak 852.49M) | Time:00:02.85 | Mem:0.00M, Peak:0.00M | Scene, ViewLayer | Synchronizing object | G3_porcelain_cup
Fra:451 Mem:838.87M (Peak 852.49M) | Time:00:02.85 | Mem:0.00M, Peak:0.00M | Scene, ViewLayer | Synchronizing object | G3_coffee_meniscus
Fra:451 Mem:838.92M (Peak 852.49M) | Time:00:02.85 | Mem:0.00M, Peak:0.00M | Scene, ViewLayer | Synchronizing object | G3_lamp_base
Fra:451 Mem:838.95M (Peak 852.49M) | Time:00:02.85 | Mem:0.00M, Peak:0.00M | Scene, ViewLayer | Synchronizing object | G3_lamp_stem
Fra:451 Mem:838.97M (Peak 852.49M) | Time:00:02.85 | Mem:0.00M, Peak:0.00M | Scene, ViewLayer | Synchronizing object | G3_lamp_shade
Fra:451 Mem:838.97M (Peak 852.49M) | Time:00:02.85 | Mem:0.00M, Peak:0.00M | Scene, ViewLayer | Synchronizing object | G3_lamp_diffuser
Fra:451 Mem:839.04M (Peak 852.49M) | Time:00:02.85 | Mem:0.00M, Peak:0.00M | Scene, ViewLayer | Synchronizing object | GreenChair_01
Fra:451 Mem:839.30M (Peak 852.49M) | Time:00:02.85 | Mem:0.00M, Peak:0.00M | Scene, ViewLayer | Synchronizing object | GreenChair_01.001
Fra:451 Mem:840.33M (Peak 852.49M) | Time:00:02.85 | Mem:0.00M, Peak:0.00M | Scene, ViewLayer | Synchronizing object | potted_plant_01_stem
Fra:451 Mem:840.33M (Peak 852.49M) | Time:00:02.85 | Mem:0.00M, Peak:0.00M | Scene, ViewLayer | Synchronizing object | potted_plant_01_leaves
Fra:451 Mem:847.48M (Peak 852.49M) | Time:00:02.85 | Mem:0.00M, Peak:0.00M | Scene, ViewLayer | Synchronizing object | potted_plant_01_pebbles
Fra:451 Mem:862.96M (Peak 869.10M) | Time:00:02.87 | Mem:0.00M, Peak:0.00M | Scene, ViewLayer | Synchronizing object | G4R03_eave_drips
Fra:451 Mem:863.00M (Peak 869.10M) | Time:00:02.87 | Mem:0.00M, Peak:0.00M | Scene, ViewLayer | Synchronizing object | G4R03_adherent_rivulet
Fra:451 Mem:844.72M (Peak 869.10M) | Time:00:02.87 | Mem:0.00M, Peak:0.00M | Scene, ViewLayer | Synchronizing object | G4R03_adherent_rivulet.001
Fra:451 Mem:844.74M (Peak 869.10M) | Time:00:02.87 | Mem:0.00M, Peak:0.00M | Scene, ViewLayer | Synchronizing object | G4R03_adherent_rivulet.002
Fra:451 Mem:844.76M (Peak 869.10M) | Time:00:02.87 | Mem:0.00M, Peak:0.00M | Scene, ViewLayer | Synchronizing object | G4R03_adherent_rivulet.003
Fra:451 Mem:844.78M (Peak 869.10M) | Time:00:02.87 | Mem:0.00M, Peak:0.00M | Scene, ViewLayer | Synchronizing object | G4R03_adherent_rivulet.004
Fra:451 Mem:844.80M (Peak 869.10M) | Time:00:02.87 | Mem:0.00M, Peak:0.00M | Scene, ViewLayer | Synchronizing object | G4R03_adherent_rivulet.005
Fra:451 Mem:844.82M (Peak 869.10M) | Time:00:02.87 | Mem:0.00M, Peak:0.00M | Scene, ViewLayer | Synchronizing object | G4R03_adherent_rivulet.006
Fra:451 Mem:844.84M (Peak 869.10M) | Time:00:02.87 | Mem:0.00M, Peak:0.00M | Scene, ViewLayer | Synchronizing object | G4R03_adherent_rivulet.007
Fra:451 Mem:844.86M (Peak 869.10M) | Time:00:02.88 | Mem:0.00M, Peak:0.00M | Scene, ViewLayer | Synchronizing object | G4R03_adherent_rivulet.008
Fra:451 Mem:844.88M (Peak 869.10M) | Time:00:02.88 | Mem:0.00M, Peak:0.00M | Scene, ViewLayer | Synchronizing object | G4R03_adherent_rivulet.009
Fra:451 Mem:844.90M (Peak 869.10M) | Time:00:02.88 | Mem:0.00M, Peak:0.00M | Scene, ViewLayer | Synchronizing object | G4R03_adherent_rivulet.010
Fra:451 Mem:844.92M (Peak 869.10M) | Time:00:02.88 | Mem:0.00M, Peak:0.00M | Scene, ViewLayer | Synchronizing object | G4R03_adherent_rivulet.011
Fra:451 Mem:844.94M (Peak 869.10M) | Time:00:02.88 | Mem:0.00M, Peak:0.00M | Scene, ViewLayer | Synchronizing object | G4R03_adherent_rivulet.012
Fra:451 Mem:844.96M (Peak 869.10M) | Time:00:02.88 | Mem:0.00M, Peak:0.00M | Scene, ViewLayer | Synchronizing object | G4R03_adherent_rivulet.013
Fra:451 Mem:844.98M (Peak 869.10M) | Time:00:02.88 | Mem:0.00M, Peak:0.00M | Scene, ViewLayer | Synchronizing object | G4R03_adherent_rivulet.014
Fra:451 Mem:845.00M (Peak 869.10M) | Time:00:02.88 | Mem:0.00M, Peak:0.00M | Scene, ViewLayer | Synchronizing object | G4R03_adherent_rivulet.015
Fra:451 Mem:845.02M (Peak 869.10M) | Time:00:02.88 | Mem:0.00M, Peak:0.00M | Scene, ViewLayer | Synchronizing object | G4R03_adherent_rivulet.016
Fra:451 Mem:845.04M (Peak 869.10M) | Time:00:02.88 | Mem:0.00M, Peak:0.00M | Scene, ViewLayer | Synchronizing object | G4R03_adherent_rivulet.017
Fra:451 Mem:845.06M (Peak 869.10M) | Time:00:02.88 | Mem:0.00M, Peak:0.00M | Scene, ViewLayer | Synchronizing object | G4R03_adherent_rivulet.018
Fra:451 Mem:845.08M (Peak 869.10M) | Time:00:02.88 | Mem:0.00M, Peak:0.00M | Scene, ViewLayer | Synchronizing object | G4R03_adherent_rivulet.019
Fra:451 Mem:845.10M (Peak 869.10M) | Time:00:02.88 | Mem:0.00M, Peak:0.00M | Scene, ViewLayer | Synchronizing object | G4R03_adherent_rivulet.020
Fra:451 Mem:845.12M (Peak 869.10M) | Time:00:02.88 | Mem:0.00M, Peak:0.00M | Scene, ViewLayer | Synchronizing object | G4R03_adherent_rivulet.021
Fra:451 Mem:845.14M (Peak 869.10M) | Time:00:02.88 | Mem:0.00M, Peak:0.00M | Scene, ViewLayer | Synchronizing object | G4R03_adherent_rivulet.022
Fra:451 Mem:845.16M (Peak 869.10M) | Time:00:02.88 | Mem:0.00M, Peak:0.00M | Scene, ViewLayer | Synchronizing object | G4R03_adherent_rivulet.023
Fra:451 Mem:845.18M (Peak 869.10M) | Time:00:02.88 | Mem:0.00M, Peak:0.00M | Scene, ViewLayer | Synchronizing object | G4R03_adherent_rivulet.024
Fra:451 Mem:845.20M (Peak 869.10M) | Time:00:02.88 | Mem:0.00M, Peak:0.00M | Scene, ViewLayer | Synchronizing object | G4R03_adherent_rivulet.025
Fra:451 Mem:845.22M (Peak 869.10M) | Time:00:02.88 | Mem:0.00M, Peak:0.00M | Scene, ViewLayer | Synchronizing object | G4R03_adherent_rivulet.026
Fra:451 Mem:845.24M (Peak 869.10M) | Time:00:02.88 | Mem:0.00M, Peak:0.00M | Scene, ViewLayer | Synchronizing object | G4R03_adherent_rivulet.027
Fra:451 Mem:845.26M (Peak 869.10M) | Time:00:02.88 | Mem:0.00M, Peak:0.00M | Scene, ViewLayer | Synchronizing object | G4R03_adherent_rivulet.028
Fra:451 Mem:845.28M (Peak 869.10M) | Time:00:02.88 | Mem:0.00M, Peak:0.00M | Scene, ViewLayer | Synchronizing object | G4R03_adherent_rivulet.029
Fra:451 Mem:845.30M (Peak 869.10M) | Time:00:02.88 | Mem:0.00M, Peak:0.00M | Scene, ViewLayer | Synchronizing object | G4R03_adherent_rivulet.030
Fra:451 Mem:845.32M (Peak 869.10M) | Time:00:02.88 | Mem:0.00M, Peak:0.00M | Scene, ViewLayer | Synchronizing object | G4R03_adherent_rivulet.031
Fra:451 Mem:845.34M (Peak 869.10M) | Time:00:02.88 | Mem:0.00M, Peak:0.00M | Scene, ViewLayer | Synchronizing object | G4R03_adherent_rivulet.032
Fra:451 Mem:845.36M (Peak 869.10M) | Time:00:02.88 | Mem:0.00M, Peak:0.00M | Scene, ViewLayer | Synchronizing object | G4R03_adherent_rivulet.033
Fra:451 Mem:845.38M (Peak 869.10M) | Time:00:02.88 | Mem:0.00M, Peak:0.00M | Scene, ViewLayer | Synchronizing object | G4R03_adherent_rivulet.034
Fra:451 Mem:845.40M (Peak 869.10M) | Time:00:02.88 | Mem:0.00M, Peak:0.00M | Scene, ViewLayer | Synchronizing object | G4R03_adherent_rivulet.035
Fra:451 Mem:845.42M (Peak 869.10M) | Time:00:02.88 | Mem:0.00M, Peak:0.00M | Scene, ViewLayer | Synchronizing object | G4R03_adherent_rivulet.036
Fra:451 Mem:845.44M (Peak 869.10M) | Time:00:02.88 | Mem:0.00M, Peak:0.00M | Scene, ViewLayer | Synchronizing object | G4R03_adherent_rivulet.037
Fra:451 Mem:845.46M (Peak 869.10M) | Time:00:02.88 | Mem:0.00M, Peak:0.00M | Scene, ViewLayer | Synchronizing object | G4R03_adherent_rivulet.038
Fra:451 Mem:845.48M (Peak 869.10M) | Time:00:02.88 | Mem:0.00M, Peak:0.00M | Scene, ViewLayer | Synchronizing object | G4R03_adherent_rivulet.039
Fra:451 Mem:845.50M (Peak 869.10M) | Time:00:02.88 | Mem:0.00M, Peak:0.00M | Scene, ViewLayer | Synchronizing object | G4R03_adherent_rivulet.040
Fra:451 Mem:845.52M (Peak 869.10M) | Time:00:02.88 | Mem:0.00M, Peak:0.00M | Scene, ViewLayer | Synchronizing object | G4R03_adherent_rivulet.041
Fra:451 Mem:845.54M (Peak 869.10M) | Time:00:02.88 | Mem:0.00M, Peak:0.00M | Scene, ViewLayer | Synchronizing object | G4R03_adherent_rivulet.042
Fra:451 Mem:845.56M (Peak 869.10M) | Time:00:02.88 | Mem:0.00M, Peak:0.00M | Scene, ViewLayer | Synchronizing object | G4R03_adherent_rivulet.043
Fra:451 Mem:845.58M (Peak 869.10M) | Time:00:02.88 | Mem:0.00M, Peak:0.00M | Scene, ViewLayer | Synchronizing object | G4R03_adherent_rivulet.044
Fra:451 Mem:845.60M (Peak 869.10M) | Time:00:02.88 | Mem:0.00M, Peak:0.00M | Scene, ViewLayer | Synchronizing object | G4R03_adherent_rivulet.045
Fra:451 Mem:845.62M (Peak 869.10M) | Time:00:02.88 | Mem:0.00M, Peak:0.00M | Scene, ViewLayer | Synchronizing object | G4R03_adherent_rivulet.046
Fra:451 Mem:845.64M (Peak 869.10M) | Time:00:02.88 | Mem:0.00M, Peak:0.00M | Scene, ViewLayer | Synchronizing object | G4R03_adherent_rivulet.047
Fra:451 Mem:845.66M (Peak 869.10M) | Time:00:02.88 | Mem:0.00M, Peak:0.00M | Scene, ViewLayer | Synchronizing object | G4R03_adherent_rivulet.048
Fra:451 Mem:845.68M (Peak 869.10M) | Time:00:02.88 | Mem:0.00M, Peak:0.00M | Scene, ViewLayer | Synchronizing object | G4R03_adherent_rivulet.049
Fra:451 Mem:845.70M (Peak 869.10M) | Time:00:02.88 | Mem:0.00M, Peak:0.00M | Scene, ViewLayer | Synchronizing object | G4R03_adherent_rivulet.050
Fra:451 Mem:845.72M (Peak 869.10M) | Time:00:02.88 | Mem:0.00M, Peak:0.00M | Scene, ViewLayer | Synchronizing object | G4R03_adherent_rivulet.051
Fra:451 Mem:845.74M (Peak 869.10M) | Time:00:02.88 | Mem:0.00M, Peak:0.00M | Scene, ViewLayer | Synchronizing object | G4R03_adherent_rivulet.052
Fra:451 Mem:845.76M (Peak 869.10M) | Time:00:02.88 | Mem:0.00M, Peak:0.00M | Scene, ViewLayer | Synchronizing object | G4R03_adherent_rivulet.053
Fra:451 Mem:845.78M (Peak 869.10M) | Time:00:02.88 | Mem:0.00M, Peak:0.00M | Scene, ViewLayer | Synchronizing object | G4R03_adherent_rivulet.054
Fra:451 Mem:845.80M (Peak 869.10M) | Time:00:02.88 | Mem:0.00M, Peak:0.00M | Scene, ViewLayer | Synchronizing object | G4R03_adherent_rivulet.055
Fra:451 Mem:845.82M (Peak 869.10M) | Time:00:02.88 | Mem:0.00M, Peak:0.00M | Scene, ViewLayer | Synchronizing object | G4R03_adherent_rivulet.056
Fra:451 Mem:845.84M (Peak 869.10M) | Time:00:02.88 | Mem:0.00M, Peak:0.00M | Scene, ViewLayer | Synchronizing object | G4R03_adherent_rivulet.057
Fra:451 Mem:845.86M (Peak 869.10M) | Time:00:02.88 | Mem:0.00M, Peak:0.00M | Scene, ViewLayer | Synchronizing object | G4R03_adherent_rivulet.058
Fra:451 Mem:845.88M (Peak 869.10M) | Time:00:02.88 | Mem:0.00M, Peak:0.00M | Scene, ViewLayer | Synchronizing object | G4R03_adherent_rivulet.059
Fra:451 Mem:845.90M (Peak 869.10M) | Time:00:02.88 | Mem:0.00M, Peak:0.00M | Scene, ViewLayer | Synchronizing object | G4R03_adherent_rivulet.060
Fra:451 Mem:845.92M (Peak 869.10M) | Time:00:02.88 | Mem:0.00M, Peak:0.00M | Scene, ViewLayer | Synchronizing object | G4R03_adherent_rivulet.061
Fra:451 Mem:847.43M (Peak 869.10M) | Time:00:02.88 | Mem:0.00M, Peak:0.00M | Scene, ViewLayer | Synchronizing object | G4R03_adherent_rivulet.062
Fra:451 Mem:848.01M (Peak 869.10M) | Time:00:02.88 | Mem:0.00M, Peak:0.00M | Scene, ViewLayer | Synchronizing object | G4R03_adherent_rivulet.063
Fra:451 Mem:848.03M (Peak 869.10M) | Time:00:02.88 | Mem:0.00M, Peak:0.00M | Scene, ViewLayer | Synchronizing object | G4R03_adherent_rivulet.064
Fra:451 Mem:848.05M (Peak 869.10M) | Time:00:02.88 | Mem:0.00M, Peak:0.00M | Scene, ViewLayer | Synchronizing object | G4R03_adherent_rivulet.065
Fra:451 Mem:848.07M (Peak 869.10M) | Time:00:02.88 | Mem:0.00M, Peak:0.00M | Scene, ViewLayer | Synchronizing object | G4R03_adherent_rivulet.066
Fra:451 Mem:848.09M (Peak 869.10M) | Time:00:02.88 | Mem:0.00M, Peak:0.00M | Scene, ViewLayer | Synchronizing object | G4R03_adherent_rivulet.067
Fra:451 Mem:848.68M (Peak 869.10M) | Time:00:02.88 | Mem:0.00M, Peak:0.00M | Scene, ViewLayer | Synchronizing object | G4R03_adherent_rivulet.068
Fra:451 Mem:848.70M (Peak 869.10M) | Time:00:02.88 | Mem:0.00M, Peak:0.00M | Scene, ViewLayer | Synchronizing object | G4R03_adherent_rivulet.069
Fra:451 Mem:844.93M (Peak 869.10M) | Time:00:02.89 | Mem:0.00M, Peak:0.00M | Scene, ViewLayer | Synchronizing object | G4R03_adherent_rivulet.070
Fra:451 Mem:844.95M (Peak 869.10M) | Time:00:02.89 | Mem:0.00M, Peak:0.00M | Scene, ViewLayer | Synchronizing object | G4R03_adherent_rivulet.071
Fra:451 Mem:844.97M (Peak 869.10M) | Time:00:02.89 | Mem:0.00M, Peak:0.00M | Scene, ViewLayer | Synchronizing object | G4R03_puddle_impact_wave
Fra:451 Mem:845.05M (Peak 869.10M) | Time:00:02.89 | Mem:0.00M, Peak:0.00M | Scene, ViewLayer | Synchronizing object | G4R03_puddle_impact_wave.001
Fra:451 Mem:843.82M (Peak 869.10M) | Time:00:02.89 | Mem:0.00M, Peak:0.00M | Scene, ViewLayer | Synchronizing object | G4R03_puddle_impact_wave.002
Fra:451 Mem:843.82M (Peak 869.10M) | Time:00:02.89 | Mem:0.00M, Peak:0.00M | Scene, ViewLayer | Synchronizing object | potted_plant_01_pot
Fra:451 Mem:844.22M (Peak 869.10M) | Time:00:02.89 | Mem:0.00M, Peak:0.00M | Scene, ViewLayer | Synchronizing object | G4R03_puddle_impact_wave.003
Fra:451 Mem:844.38M (Peak 869.10M) | Time:00:02.89 | Mem:0.00M, Peak:0.00M | Scene, ViewLayer | Synchronizing object | G4R03_puddle_impact_wave.004
Fra:451 Mem:844.45M (Peak 869.10M) | Time:00:02.89 | Mem:0.00M, Peak:0.00M | Scene, ViewLayer | Synchronizing object | G4R03_puddle_impact_wave.005
Fra:451 Mem:844.53M (Peak 869.10M) | Time:00:02.89 | Mem:0.00M, Peak:0.00M | Scene, ViewLayer | Synchronizing object | G4R03_puddle_impact_wave.006
Fra:451 Mem:844.60M (Peak 869.10M) | Time:00:02.89 | Mem:0.00M, Peak:0.00M | Scene, ViewLayer | Synchronizing object | G4R03_puddle_impact_wave.007
Fra:451 Mem:844.68M (Peak 869.10M) | Time:00:02.89 | Mem:0.00M, Peak:0.00M | Scene, ViewLayer | Synchronizing object | G4R03_puddle_impact_wave.008
Fra:451 Mem:844.76M (Peak 869.10M) | Time:00:02.89 | Mem:0.00M, Peak:0.00M | Scene, ViewLayer | Synchronizing object | G4R03_puddle_impact_wave.009
Fra:451 Mem:844.84M (Peak 869.10M) | Time:00:02.89 | Mem:0.00M, Peak:0.00M | Scene, ViewLayer | Synchronizing object | G4R03_puddle_impact_wave.010
Fra:451 Mem:844.92M (Peak 869.10M) | Time:00:02.89 | Mem:0.00M, Peak:0.00M | Scene, ViewLayer | Synchronizing object | G4R03_puddle_impact_wave.011
Fra:451 Mem:844.99M (Peak 869.10M) | Time:00:02.89 | Mem:0.00M, Peak:0.00M | Scene, ViewLayer | Synchronizing object | G4R03_puddle_impact_wave.012
Fra:451 Mem:845.33M (Peak 869.10M) | Time:00:02.89 | Mem:0.00M, Peak:0.00M | Scene, ViewLayer | Synchronizing object | G4R03_puddle_impact_wave.013
Fra:451 Mem:845.51M (Peak 869.10M) | Time:00:02.89 | Mem:0.00M, Peak:0.00M | Scene, ViewLayer | Synchronizing object | G3_door_jamb_cover
Fra:451 Mem:845.55M (Peak 869.10M) | Time:00:02.89 | Mem:0.00M, Peak:0.00M | Scene, ViewLayer | Synchronizing object | G3_door_jamb_cover.001
Fra:451 Mem:848.36M (Peak 869.10M) | Time:00:02.89 | Mem:0.00M, Peak:0.00M | Scene, ViewLayer | Synchronizing object | G3_door_track_housing
Fra:451 Mem:848.39M (Peak 869.10M) | Time:00:02.89 | Mem:0.00M, Peak:0.00M | Scene, ViewLayer | Synchronizing object | G3_door_roller_bracket
Fra:451 Mem:849.48M (Peak 869.10M) | Time:00:02.89 | Mem:0.00M, Peak:0.00M | Scene, ViewLayer | Synchronizing object | G3_door_carriage_roller
Fra:451 Mem:849.47M (Peak 869.10M) | Time:00:02.89 | Mem:0.00M, Peak:0.00M | Scene, ViewLayer | Synchronizing object | G3_door_roller_bracket.001
Fra:451 Mem:849.48M (Peak 869.10M) | Time:00:02.89 | Mem:0.00M, Peak:0.00M | Scene, ViewLayer | Synchronizing object | G3_door_carriage_roller.001
Fra:451 Mem:849.51M (Peak 869.10M) | Time:00:02.89 | Mem:0.00M, Peak:0.00M | Scene, ViewLayer | Synchronizing object | G3_door_lower_kickplate
Fra:451 Mem:849.53M (Peak 869.10M) | Time:00:02.89 | Mem:0.00M, Peak:0.00M | Scene, ViewLayer | Synchronizing object | G3_kickplate_fastener
Fra:451 Mem:849.54M (Peak 869.10M) | Time:00:02.89 | Mem:0.00M, Peak:0.00M | Scene, ViewLayer | Synchronizing object | G3_kickplate_fastener.001
Fra:451 Mem:849.56M (Peak 869.10M) | Time:00:02.89 | Mem:0.00M, Peak:0.00M | Scene, ViewLayer | Synchronizing object | G3_kickplate_fastener.002
Fra:451 Mem:849.54M (Peak 869.10M) | Time:00:02.89 | Mem:0.00M, Peak:0.00M | Scene, ViewLayer | Synchronizing object | G3_kickplate_fastener.003
Fra:451 Mem:849.54M (Peak 869.10M) | Time:00:02.89 | Mem:0.00M, Peak:0.00M | Scene, ViewLayer | Synchronizing object | G3_door_roller_bracket.002
Fra:451 Mem:849.54M (Peak 869.10M) | Time:00:02.89 | Mem:0.00M, Peak:0.00M | Scene, ViewLayer | Synchronizing object | G3_door_carriage_roller.002
Fra:451 Mem:849.58M (Peak 869.10M) | Time:00:02.89 | Mem:0.00M, Peak:0.00M | Scene, ViewLayer | Synchronizing object | G3_door_roller_bracket.003
Fra:451 Mem:849.60M (Peak 869.10M) | Time:00:02.89 | Mem:0.00M, Peak:0.00M | Scene, ViewLayer | Synchronizing object | G3_door_carriage_roller.003
Fra:451 Mem:849.61M (Peak 869.10M) | Time:00:02.89 | Mem:0.00M, Peak:0.00M | Scene, ViewLayer | Synchronizing object | G3_door_lower_kickplate.001
Fra:451 Mem:850.68M (Peak 869.10M) | Time:00:02.89 | Mem:0.00M, Peak:0.00M | Scene, ViewLayer | Synchronizing object | G3_kickplate_fastener.004
Fra:451 Mem:850.69M (Peak 869.10M) | Time:00:02.89 | Mem:0.00M, Peak:0.00M | Scene, ViewLayer | Synchronizing object | G3_kickplate_fastener.005
Fra:451 Mem:850.71M (Peak 869.10M) | Time:00:02.89 | Mem:0.00M, Peak:0.00M | Scene, ViewLayer | Synchronizing object | G3_kickplate_fastener.006
Fra:451 Mem:850.72M (Peak 869.10M) | Time:00:02.89 | Mem:0.00M, Peak:0.00M | Scene, ViewLayer | Synchronizing object | G3_kickplate_fastener.007
Fra:451 Mem:850.71M (Peak 869.10M) | Time:00:02.89 | Mem:0.00M, Peak:0.00M | Scene, ViewLayer | Synchronizing object | G3_threshold_traction_groove
Fra:451 Mem:850.72M (Peak 869.10M) | Time:00:02.89 | Mem:0.00M, Peak:0.00M | Scene, ViewLayer | Synchronizing object | G3_threshold_traction_groove.001
Fra:451 Mem:850.77M (Peak 869.10M) | Time:00:02.89 | Mem:0.00M, Peak:0.00M | Scene, ViewLayer | Synchronizing object | G4R03_puddle_impact_wave.014
Fra:451 Mem:850.77M (Peak 869.10M) | Time:00:02.89 | Mem:0.00M, Peak:0.00M | Scene, ViewLayer | Synchronizing object | G3_threshold_traction_groove.003
Fra:451 Mem:851.23M (Peak 869.10M) | Time:00:02.89 | Mem:0.00M, Peak:0.00M | Scene, ViewLayer | Synchronizing object | G3_threshold_traction_groove.004
Fra:451 Mem:851.22M (Peak 869.10M) | Time:00:02.89 | Mem:0.00M, Peak:0.00M | Scene, ViewLayer | Synchronizing object | G3_threshold_traction_groove.005
Fra:451 Mem:851.27M (Peak 869.10M) | Time:00:02.89 | Mem:0.00M, Peak:0.00M | Scene, ViewLayer | Synchronizing object | G3_threshold_traction_groove.006
Fra:451 Mem:851.27M (Peak 869.10M) | Time:00:02.89 | Mem:0.00M, Peak:0.00M | Scene, ViewLayer | Synchronizing object | G3_night_sky
Fra:451 Mem:851.29M (Peak 869.10M) | Time:00:02.89 | Mem:0.00M, Peak:0.00M | Scene, ViewLayer | Synchronizing object | G3_interior_softbox
Fra:451 Mem:851.29M (Peak 869.10M) | Time:00:02.89 | Mem:0.00M, Peak:0.00M | Scene, ViewLayer | Synchronizing object | G3_window_rim
Fra:451 Mem:851.30M (Peak 869.10M) | Time:00:02.89 | Mem:0.00M, Peak:0.00M | Scene, ViewLayer | Synchronizing object | G3_cafe_practical
Fra:451 Mem:851.30M (Peak 869.10M) | Time:00:02.89 | Mem:0.00M, Peak:0.00M | Scene, ViewLayer | Synchronizing object | G3_door_practical
Fra:451 Mem:851.30M (Peak 869.10M) | Time:00:02.89 | Mem:0.00M, Peak:0.00M | Scene, ViewLayer | Synchronizing object | G3_pendant_drop
Fra:451 Mem:851.30M (Peak 869.10M) | Time:00:02.89 | Mem:0.00M, Peak:0.00M | Scene, ViewLayer | Synchronizing object | G3_pendant_shade
Fra:451 Mem:851.34M (Peak 869.10M) | Time:00:02.89 | Mem:0.00M, Peak:0.00M | Scene, ViewLayer | Synchronizing object | G3_pendant_diffuser
Fra:451 Mem:851.36M (Peak 869.10M) | Time:00:02.89 | Mem:0.00M, Peak:0.00M | Scene, ViewLayer | Synchronizing object | G3_pendant_light
Fra:451 Mem:851.36M (Peak 869.10M) | Time:00:02.89 | Mem:0.00M, Peak:0.00M | Scene, ViewLayer | Synchronizing object | G3R03_wood_recess_panel
Fra:451 Mem:851.39M (Peak 869.10M) | Time:00:02.89 | Mem:0.00M, Peak:0.00M | Scene, ViewLayer | Synchronizing object | G3R03_panel_horizontal_bead
Fra:451 Mem:851.44M (Peak 869.10M) | Time:00:02.89 | Mem:0.00M, Peak:0.00M | Scene, ViewLayer | Synchronizing object | G3R03_panel_horizontal_bead.001
Fra:451 Mem:851.42M (Peak 869.10M) | Time:00:02.89 | Mem:0.00M, Peak:0.00M | Scene, ViewLayer | Synchronizing object | G3R03_wood_recess_panel.001
Fra:451 Mem:851.48M (Peak 869.10M) | Time:00:02.89 | Mem:0.00M, Peak:0.00M | Scene, ViewLayer | Synchronizing object | G3R03_panel_horizontal_bead.002
Fra:451 Mem:851.47M (Peak 869.10M) | Time:00:02.89 | Mem:0.00M, Peak:0.00M | Scene, ViewLayer | Synchronizing object | G3R03_panel_horizontal_bead.003
Fra:451 Mem:853.97M (Peak 869.10M) | Time:00:02.89 | Mem:0.00M, Peak:0.00M | Scene, ViewLayer | Synchronizing object | G3R03_wood_recess_panel.002
Fra:451 Mem:853.98M (Peak 869.10M) | Time:00:02.89 | Mem:0.00M, Peak:0.00M | Scene, ViewLayer | Synchronizing object | G3R03_panel_horizontal_bead.004
Fra:451 Mem:854.03M (Peak 869.10M) | Time:00:02.89 | Mem:0.00M, Peak:0.00M | Scene, ViewLayer | Synchronizing object | G3R03_panel_horizontal_bead.005
Fra:451 Mem:854.01M (Peak 869.10M) | Time:00:02.89 | Mem:0.00M, Peak:0.00M | Scene, ViewLayer | Synchronizing object | G3R03_wood_recess_panel.003
Fra:451 Mem:854.07M (Peak 869.10M) | Time:00:02.89 | Mem:0.00M, Peak:0.00M | Scene, ViewLayer | Synchronizing object | G3R03_panel_horizontal_bead.006
Fra:451 Mem:854.08M (Peak 869.10M) | Time:00:02.89 | Mem:0.00M, Peak:0.00M | Scene, ViewLayer | Synchronizing object | G3R03_panel_horizontal_bead.007
Fra:451 Mem:854.11M (Peak 869.10M) | Time:00:02.89 | Mem:0.00M, Peak:0.00M | Scene, ViewLayer | Synchronizing object | G3R03_panel_vertical_stile
Fra:451 Mem:854.14M (Peak 869.10M) | Time:00:02.89 | Mem:0.00M, Peak:0.00M | Scene, ViewLayer | Synchronizing object | G3R03_panel_vertical_stile.001
Fra:451 Mem:854.16M (Peak 869.10M) | Time:00:02.89 | Mem:0.00M, Peak:0.00M | Scene, ViewLayer | Synchronizing object | G3R03_panel_vertical_stile.002
Fra:451 Mem:854.19M (Peak 869.10M) | Time:00:02.89 | Mem:0.00M, Peak:0.00M | Scene, ViewLayer | Synchronizing object | G3R03_panel_vertical_stile.003
Fra:451 Mem:854.21M (Peak 869.10M) | Time:00:02.89 | Mem:0.00M, Peak:0.00M | Scene, ViewLayer | Synchronizing object | G3R03_panel_vertical_stile.004
Fra:451 Mem:854.25M (Peak 869.10M) | Time:00:02.89 | Mem:0.00M, Peak:0.00M | Scene, ViewLayer | Synchronizing object | G3R03_door_light_rim
Fra:451 Mem:854.26M (Peak 869.10M) | Time:00:02.89 | Mem:0.00M, Peak:0.00M | Scene, ViewLayer | Synchronizing object | G3R03_door_light_diffuser
Fra:451 Mem:854.30M (Peak 869.10M) | Time:00:02.89 | Mem:0.00M, Peak:0.00M | Scene, ViewLayer | Synchronizing object | G3R03_threshold_countersink
Fra:451 Mem:854.29M (Peak 869.10M) | Time:00:02.89 | Mem:0.00M, Peak:0.00M | Scene, ViewLayer | Synchronizing object | G3R03_threshold_countersink.001
Fra:451 Mem:854.30M (Peak 869.10M) | Time:00:02.89 | Mem:0.00M, Peak:0.00M | Scene, ViewLayer | Synchronizing object | G3R04_eave_splice_plate
Fra:451 Mem:854.33M (Peak 869.10M) | Time:00:02.89 | Mem:0.00M, Peak:0.00M | Scene, ViewLayer | Synchronizing object | G3R04_splice_washer
Fra:451 Mem:854.33M (Peak 869.10M) | Time:00:02.89 | Mem:0.00M, Peak:0.00M | Scene, ViewLayer | Synchronizing object | G3R04_splice_hexbolt
Fra:451 Mem:854.35M (Peak 869.10M) | Time:00:02.89 | Mem:0.00M, Peak:0.00M | Scene, ViewLayer | Synchronizing object | G3R04_splice_washer.001
Fra:451 Mem:854.41M (Peak 869.10M) | Time:00:02.89 | Mem:0.00M, Peak:0.00M | Scene, ViewLayer | Synchronizing object | G3R04_splice_hexbolt.001
Fra:451 Mem:854.41M (Peak 869.10M) | Time:00:02.89 | Mem:0.00M, Peak:0.00M | Scene, ViewLayer | Synchronizing object | G3R04_splice_washer.002
Fra:451 Mem:854.42M (Peak 869.10M) | Time:00:02.89 | Mem:0.00M, Peak:0.00M | Scene, ViewLayer | Synchronizing object | G3R04_splice_hexbolt.002
Fra:451 Mem:854.43M (Peak 869.10M) | Time:00:02.89 | Mem:0.00M, Peak:0.00M | Scene, ViewLayer | Synchronizing object | G3R04_splice_washer.003
Fra:451 Mem:854.44M (Peak 869.10M) | Time:00:02.89 | Mem:0.00M, Peak:0.00M | Scene, ViewLayer | Synchronizing object | G3R04_splice_hexbolt.003
Fra:451 Mem:854.44M (Peak 869.10M) | Time:00:02.89 | Mem:0.00M, Peak:0.00M | Scene, ViewLayer | Synchronizing object | G3R04_eave_splice_plate.001
Fra:451 Mem:854.62M (Peak 869.10M) | Time:00:02.89 | Mem:0.00M, Peak:0.00M | Scene, ViewLayer | Synchronizing object | G3R04_splice_washer.004
Fra:451 Mem:854.67M (Peak 869.10M) | Time:00:02.89 | Mem:0.00M, Peak:0.00M | Scene, ViewLayer | Synchronizing object | G3R04_splice_hexbolt.004
Fra:451 Mem:854.70M (Peak 869.10M) | Time:00:02.89 | Mem:0.00M, Peak:0.00M | Scene, ViewLayer | Synchronizing object | G3R04_splice_washer.005
Fra:451 Mem:854.74M (Peak 869.10M) | Time:00:02.89 | Mem:0.00M, Peak:0.00M | Scene, ViewLayer | Synchronizing object | G3R04_splice_hexbolt.005
Fra:451 Mem:854.77M (Peak 869.10M) | Time:00:02.89 | Mem:0.00M, Peak:0.00M | Scene, ViewLayer | Synchronizing object | G3R04_splice_washer.006
Fra:451 Mem:854.81M (Peak 869.10M) | Time:00:02.89 | Mem:0.00M, Peak:0.00M | Scene, ViewLayer | Synchronizing object | G3R04_splice_hexbolt.006
Fra:451 Mem:855.90M (Peak 869.10M) | Time:00:02.89 | Mem:0.00M, Peak:0.00M | Scene, ViewLayer | Synchronizing object | G3R04_splice_washer.007
Fra:451 Mem:855.94M (Peak 869.10M) | Time:00:02.89 | Mem:0.00M, Peak:0.00M | Scene, ViewLayer | Synchronizing object | G3R04_splice_hexbolt.007
Fra:451 Mem:855.96M (Peak 869.10M) | Time:00:02.89 | Mem:0.00M, Peak:0.00M | Scene, ViewLayer | Synchronizing object | G3R04_eave_splice_plate.002
Fra:451 Mem:856.13M (Peak 869.10M) | Time:00:02.89 | Mem:0.00M, Peak:0.00M | Scene, ViewLayer | Synchronizing object | G3R04_splice_washer.008
Fra:451 Mem:856.18M (Peak 869.10M) | Time:00:02.89 | Mem:0.00M, Peak:0.00M | Scene, ViewLayer | Synchronizing object | G3R04_splice_hexbolt.008
Fra:451 Mem:856.20M (Peak 869.10M) | Time:00:02.89 | Mem:0.00M, Peak:0.00M | Scene, ViewLayer | Synchronizing object | G3R04_splice_washer.009
Fra:451 Mem:856.24M (Peak 869.10M) | Time:00:02.89 | Mem:0.00M, Peak:0.00M | Scene, ViewLayer | Synchronizing object | G3R04_splice_hexbolt.009
Fra:451 Mem:856.27M (Peak 869.10M) | Time:00:02.89 | Mem:0.00M, Peak:0.00M | Scene, ViewLayer | Synchronizing object | G3R04_splice_washer.010
Fra:451 Mem:856.32M (Peak 869.10M) | Time:00:02.89 | Mem:0.00M, Peak:0.00M | Scene, ViewLayer | Synchronizing object | G3R04_splice_hexbolt.010
Fra:451 Mem:856.35M (Peak 869.10M) | Time:00:02.89 | Mem:0.00M, Peak:0.00M | Scene, ViewLayer | Synchronizing object | G3R04_splice_washer.011
Fra:451 Mem:856.39M (Peak 869.10M) | Time:00:02.89 | Mem:0.00M, Peak:0.00M | Scene, ViewLayer | Synchronizing object | G3R04_splice_hexbolt.011
Fra:451 Mem:856.42M (Peak 869.10M) | Time:00:02.89 | Mem:0.00M, Peak:0.00M | Scene, ViewLayer | Synchronizing object | G3R04_eave_splice_plate.003
Fra:451 Mem:856.60M (Peak 869.10M) | Time:00:02.89 | Mem:0.00M, Peak:0.00M | Scene, ViewLayer | Synchronizing object | G3R04_splice_washer.012
Fra:451 Mem:856.65M (Peak 869.10M) | Time:00:02.89 | Mem:0.00M, Peak:0.00M | Scene, ViewLayer | Synchronizing object | G3R04_splice_hexbolt.012
Fra:451 Mem:856.67M (Peak 869.10M) | Time:00:02.89 | Mem:0.00M, Peak:0.00M | Scene, ViewLayer | Synchronizing object | G3R04_splice_washer.013
Fra:451 Mem:856.71M (Peak 869.10M) | Time:00:02.90 | Mem:0.00M, Peak:0.00M | Scene, ViewLayer | Synchronizing object | G3R04_splice_hexbolt.013
Fra:451 Mem:856.73M (Peak 869.10M) | Time:00:02.90 | Mem:0.00M, Peak:0.00M | Scene, ViewLayer | Synchronizing object | G3R04_splice_washer.014
Fra:451 Mem:856.77M (Peak 869.10M) | Time:00:02.90 | Mem:0.00M, Peak:0.00M | Scene, ViewLayer | Synchronizing object | G3R04_splice_hexbolt.014
Fra:451 Mem:856.79M (Peak 869.10M) | Time:00:02.90 | Mem:0.00M, Peak:0.00M | Scene, ViewLayer | Synchronizing object | G3R04_splice_washer.015
Fra:451 Mem:856.83M (Peak 869.10M) | Time:00:02.90 | Mem:0.00M, Peak:0.00M | Scene, ViewLayer | Synchronizing object | G3R04_splice_hexbolt.015
Fra:451 Mem:856.85M (Peak 869.10M) | Time:00:02.90 | Mem:0.00M, Peak:0.00M | Scene, ViewLayer | Synchronizing object | G3R04_sconce_mount
Fra:451 Mem:857.13M (Peak 869.10M) | Time:00:02.90 | Mem:0.00M, Peak:0.00M | Scene, ViewLayer | Synchronizing object | G3R04_opal_diffuser
Fra:451 Mem:857.31M (Peak 869.10M) | Time:00:02.90 | Mem:0.00M, Peak:0.00M | Scene, ViewLayer | Synchronizing object | G3R04_sconce_cap
Fra:451 Mem:857.35M (Peak 869.10M) | Time:00:02.90 | Mem:0.00M, Peak:0.00M | Scene, ViewLayer | Synchronizing object | G4COAST_R06_exterior_round_rain
Fra:451 Mem:858.78M (Peak 869.10M) | Time:00:02.90 | Mem:0.00M, Peak:0.00M | Scene, ViewLayer | Synchronizing object | G3R04_sconce_cap.001
Fra:451 Mem:858.81M (Peak 869.10M) | Time:00:02.90 | Mem:0.00M, Peak:0.00M | Scene, ViewLayer | Synchronizing object | G3R04_sconce_cage
Fra:451 Mem:858.81M (Peak 869.10M) | Time:00:02.90 | Mem:0.00M, Peak:0.00M | Scene, ViewLayer | Synchronizing object | G3R04_sconce_cage.001
Fra:451 Mem:858.82M (Peak 869.10M) | Time:00:02.90 | Mem:0.00M, Peak:0.00M | Scene, ViewLayer | Synchronizing object | G3R04_sconce_mount.001
Fra:451 Mem:858.84M (Peak 869.10M) | Time:00:02.90 | Mem:0.00M, Peak:0.00M | Scene, ViewLayer | Synchronizing object | G3R04_opal_diffuser.001
Fra:451 Mem:858.87M (Peak 869.10M) | Time:00:02.90 | Mem:0.00M, Peak:0.00M | Scene, ViewLayer | Synchronizing object | G3R04_sconce_cap.002
Fra:451 Mem:858.90M (Peak 869.10M) | Time:00:02.90 | Mem:0.00M, Peak:0.00M | Scene, ViewLayer | Synchronizing object | G3R04_sconce_cap.003
Fra:451 Mem:858.89M (Peak 869.10M) | Time:00:02.90 | Mem:0.00M, Peak:0.00M | Scene, ViewLayer | Synchronizing object | G3R04_sconce_cage.002
Fra:451 Mem:858.93M (Peak 869.10M) | Time:00:02.90 | Mem:0.00M, Peak:0.00M | Scene, ViewLayer | Synchronizing object | G3R04_sconce_cage.003
Fra:451 Mem:858.93M (Peak 869.10M) | Time:00:02.90 | Mem:0.00M, Peak:0.00M | Scene, ViewLayer | Synchronizing object | G3R04_right_wall_sconce
Fra:451 Mem:858.93M (Peak 869.10M) | Time:00:02.90 | Mem:0.00M, Peak:0.00M | Scene, ViewLayer | Synchronizing object | G3R05_uplight_foot
Fra:451 Mem:858.95M (Peak 869.10M) | Time:00:02.90 | Mem:0.00M, Peak:0.00M | Scene, ViewLayer | Synchronizing object | G3R05_uplight_body
Fra:451 Mem:858.96M (Peak 869.10M) | Time:00:02.90 | Mem:0.00M, Peak:0.00M | Scene, ViewLayer | Synchronizing object | G3R05_uplight_bezel
Fra:451 Mem:858.97M (Peak 869.10M) | Time:00:02.90 | Mem:0.00M, Peak:0.00M | Scene, ViewLayer | Synchronizing object | G3R05_uplight_lens
Fra:451 Mem:858.97M (Peak 869.10M) | Time:00:02.90 | Mem:0.00M, Peak:0.00M | Scene, ViewLayer | Synchronizing object | G3R05_arch_wash
Fra:451 Mem:858.98M (Peak 869.10M) | Time:00:02.90 | Mem:0.00M, Peak:0.00M | Scene, ViewLayer | Synchronizing object | G3R05_uplight_foot.001
Fra:451 Mem:859.01M (Peak 869.10M) | Time:00:02.90 | Mem:0.00M, Peak:0.00M | Scene, ViewLayer | Synchronizing object | G3R05_uplight_body.001
Fra:451 Mem:859.03M (Peak 869.10M) | Time:00:02.90 | Mem:0.00M, Peak:0.00M | Scene, ViewLayer | Synchronizing object | G3R05_uplight_bezel.001
Fra:451 Mem:859.04M (Peak 869.10M) | Time:00:02.90 | Mem:0.00M, Peak:0.00M | Scene, ViewLayer | Synchronizing object | G3R05_uplight_lens.001
Fra:451 Mem:859.05M (Peak 869.10M) | Time:00:02.90 | Mem:0.00M, Peak:0.00M | Scene, ViewLayer | Synchronizing object | G3R05_arch_wash.001
Fra:451 Mem:859.05M (Peak 869.10M) | Time:00:02.90 | Mem:0.00M, Peak:0.00M | Scene, ViewLayer | Synchronizing object | G3R06_projector_stem
Fra:451 Mem:859.06M (Peak 869.10M) | Time:00:02.90 | Mem:0.00M, Peak:0.00M | Scene, ViewLayer | Synchronizing object | G3R06_clamp_fastener
Fra:451 Mem:859.06M (Peak 869.10M) | Time:00:02.90 | Mem:0.00M, Peak:0.00M | Scene, ViewLayer | Synchronizing object | G3R06_clamp_fastener.001
Fra:451 Mem:859.07M (Peak 869.10M) | Time:00:02.90 | Mem:0.00M, Peak:0.00M | Scene, ViewLayer | Synchronizing object | G3R06_projector_housing
Fra:451 Mem:859.08M (Peak 869.10M) | Time:00:02.90 | Mem:0.00M, Peak:0.00M | Scene, ViewLayer | Synchronizing object | G3R06_projector_bezel
Fra:451 Mem:859.09M (Peak 869.10M) | Time:00:02.90 | Mem:0.00M, Peak:0.00M | Scene, ViewLayer | Synchronizing object | G3R06_projector_optic
Fra:451 Mem:859.11M (Peak 869.10M) | Time:00:02.90 | Mem:0.00M, Peak:0.00M | Scene, ViewLayer | Synchronizing object | G3R06_upper_node_wash
Fra:451 Mem:859.11M (Peak 869.10M) | Time:00:02.90 | Mem:0.00M, Peak:0.00M | Scene, ViewLayer | Synchronizing object | G3R06_purlin_clamp.001
Fra:451 Mem:856.69M (Peak 869.10M) | Time:00:02.90 | Mem:0.00M, Peak:0.00M | Scene, ViewLayer | Synchronizing object | G3R06_projector_stem.001
Fra:451 Mem:856.70M (Peak 869.10M) | Time:00:02.90 | Mem:0.00M, Peak:0.00M | Scene, ViewLayer | Synchronizing object | G3R06_clamp_fastener.002
Fra:451 Mem:856.73M (Peak 869.10M) | Time:00:02.90 | Mem:0.00M, Peak:0.00M | Scene, ViewLayer | Synchronizing object | G3R06_clamp_fastener.003
Fra:451 Mem:856.73M (Peak 869.10M) | Time:00:02.90 | Mem:0.00M, Peak:0.00M | Scene, ViewLayer | Synchronizing object | G3R06_projector_housing.001
Fra:451 Mem:856.74M (Peak 869.10M) | Time:00:02.90 | Mem:0.00M, Peak:0.00M | Scene, ViewLayer | Synchronizing object | G3R06_projector_bezel.001
Fra:451 Mem:856.76M (Peak 869.10M) | Time:00:02.90 | Mem:0.00M, Peak:0.00M | Scene, ViewLayer | Synchronizing object | G3R06_projector_optic.001
Fra:451 Mem:856.75M (Peak 869.10M) | Time:00:02.90 | Mem:0.00M, Peak:0.00M | Scene, ViewLayer | Synchronizing object | G3R06_upper_node_wash.001
Fra:451 Mem:856.76M (Peak 869.10M) | Time:00:02.90 | Mem:0.00M, Peak:0.00M | Scene, ViewLayer | Synchronizing object | G4_joint_G3_column_anchor_bolt
Fra:451 Mem:856.77M (Peak 869.10M) | Time:00:02.90 | Mem:0.00M, Peak:0.00M | Scene, ViewLayer | Synchronizing object | G4_joint_G3_column_anchor_bolt.001
Fra:451 Mem:856.77M (Peak 869.10M) | Time:00:02.90 | Mem:0.00M, Peak:0.00M | Scene, ViewLayer | Synchronizing object | G4_joint_G3_column_anchor_bolt.002
Fra:451 Mem:856.77M (Peak 869.10M) | Time:00:02.90 | Mem:0.00M, Peak:0.00M | Scene, ViewLayer | Synchronizing object | G4_joint_G3_column_anchor_bolt.003
Fra:451 Mem:856.77M (Peak 869.10M) | Time:00:02.90 | Mem:0.00M, Peak:0.00M | Scene, ViewLayer | Synchronizing object | G4_joint_G3_column_cap_plate
Fra:451 Mem:856.78M (Peak 869.10M) | Time:00:02.90 | Mem:0.00M, Peak:0.00M | Scene, ViewLayer | Synchronizing object | G4_joint_G3_cap_rivet
Fra:451 Mem:856.81M (Peak 869.10M) | Time:00:02.90 | Mem:0.00M, Peak:0.00M | Scene, ViewLayer | Synchronizing object | G4_joint_G3_cap_rivet.001
Fra:451 Mem:856.80M (Peak 869.10M) | Time:00:02.90 | Mem:0.00M, Peak:0.00M | Scene, ViewLayer | Synchronizing object | G4_joint_G3R04_eave_splice_plate
Fra:451 Mem:856.83M (Peak 869.10M) | Time:00:02.90 | Mem:0.00M, Peak:0.00M | Scene, ViewLayer | Synchronizing object | G4_joint_G3R04_splice_washer
Fra:451 Mem:856.87M (Peak 869.10M) | Time:00:02.90 | Mem:0.00M, Peak:0.00M | Scene, ViewLayer | Synchronizing object | G4_joint_G3R04_splice_hexbolt
Fra:451 Mem:856.84M (Peak 869.10M) | Time:00:02.90 | Mem:0.00M, Peak:0.00M | Scene, ViewLayer | Synchronizing object | G4_joint_G3R04_splice_washer.001
Fra:451 Mem:856.84M (Peak 869.10M) | Time:00:02.90 | Mem:0.00M, Peak:0.00M | Scene, ViewLayer | Synchronizing object | G4_joint_G3R04_splice_hexbolt.001
Fra:451 Mem:856.85M (Peak 869.10M) | Time:00:02.90 | Mem:0.00M, Peak:0.00M | Scene, ViewLayer | Synchronizing object | G4_joint_G3R04_splice_washer.002
Fra:451 Mem:856.85M (Peak 869.10M) | Time:00:02.90 | Mem:0.00M, Peak:0.00M | Scene, ViewLayer | Synchronizing object | G4_joint_G3R04_splice_hexbolt.002
Fra:451 Mem:856.86M (Peak 869.10M) | Time:00:02.90 | Mem:0.00M, Peak:0.00M | Scene, ViewLayer | Synchronizing object | G4_joint_G3R04_splice_washer.003
Fra:451 Mem:856.86M (Peak 869.10M) | Time:00:02.90 | Mem:0.00M, Peak:0.00M | Scene, ViewLayer | Synchronizing object | G4_joint_G3R04_splice_hexbolt.003
Fra:451 Mem:856.88M (Peak 869.10M) | Time:00:02.90 | Mem:0.00M, Peak:0.00M | Scene, ViewLayer | Synchronizing object | G4_joint_G3R04_eave_splice_plate.001
Fra:451 Mem:856.88M (Peak 869.10M) | Time:00:02.90 | Mem:0.00M, Peak:0.00M | Scene, ViewLayer | Synchronizing object | G4_joint_G3R04_splice_washer.004
Fra:451 Mem:856.92M (Peak 869.10M) | Time:00:02.90 | Mem:0.00M, Peak:0.00M | Scene, ViewLayer | Synchronizing object | G4_joint_G3R04_splice_hexbolt.004
Fra:451 Mem:856.91M (Peak 869.10M) | Time:00:02.90 | Mem:0.00M, Peak:0.00M | Scene, ViewLayer | Synchronizing object | G4_joint_G3R04_splice_washer.005
Fra:451 Mem:856.92M (Peak 869.10M) | Time:00:02.90 | Mem:0.00M, Peak:0.00M | Scene, ViewLayer | Synchronizing object | G4_joint_G3R04_splice_hexbolt.005
Fra:451 Mem:856.93M (Peak 869.10M) | Time:00:02.90 | Mem:0.00M, Peak:0.00M | Scene, ViewLayer | Synchronizing object | G4_joint_G3R04_splice_washer.006
Fra:451 Mem:856.94M (Peak 869.10M) | Time:00:02.90 | Mem:0.00M, Peak:0.00M | Scene, ViewLayer | Synchronizing object | G4_joint_G3R04_splice_hexbolt.006
Fra:451 Mem:856.93M (Peak 869.10M) | Time:00:02.90 | Mem:0.00M, Peak:0.00M | Scene, ViewLayer | Synchronizing object | G4_joint_G3R04_splice_washer.007
Fra:451 Mem:856.95M (Peak 869.10M) | Time:00:02.90 | Mem:0.00M, Peak:0.00M | Scene, ViewLayer | Synchronizing object | G4_joint_G3R04_splice_hexbolt.007
Fra:451 Mem:856.94M (Peak 869.10M) | Time:00:02.90 | Mem:0.00M, Peak:0.00M | Scene, ViewLayer | Synchronizing object | G4_sconce_G3R04_sconce_mount
Fra:451 Mem:856.98M (Peak 869.10M) | Time:00:02.90 | Mem:0.00M, Peak:0.00M | Scene, ViewLayer | Synchronizing object | G4_sconce_G3R04_sconce_cap
Fra:451 Mem:857.01M (Peak 869.10M) | Time:00:02.90 | Mem:0.00M, Peak:0.00M | Scene, ViewLayer | Synchronizing object | G4_sconce_G3R04_sconce_cap.001
Fra:451 Mem:857.03M (Peak 869.10M) | Time:00:02.90 | Mem:0.00M, Peak:0.00M | Scene, ViewLayer | Synchronizing object | G4_sconce_G3R04_sconce_cage
Fra:451 Mem:857.03M (Peak 869.10M) | Time:00:02.90 | Mem:0.00M, Peak:0.00M | Scene, ViewLayer | Synchronizing object | G4_sconce_G3R04_sconce_cage.001
Fra:451 Mem:857.04M (Peak 869.10M) | Time:00:02.90 | Mem:0.00M, Peak:0.00M | Scene, ViewLayer | Synchronizing object | G4_column_sconce
Fra:451 Mem:857.04M (Peak 869.10M) | Time:00:02.90 | Mem:0.00M, Peak:0.00M | Scene, ViewLayer | Synchronizing object | G4_joint_G3_column_anchor_bolt.004
Fra:451 Mem:857.04M (Peak 869.10M) | Time:00:02.90 | Mem:0.00M, Peak:0.00M | Scene, ViewLayer | Synchronizing object | G4_joint_G3_column_anchor_bolt.005
Fra:451 Mem:857.07M (Peak 869.10M) | Time:00:02.90 | Mem:0.00M, Peak:0.00M | Scene, ViewLayer | Synchronizing object | G4_joint_G3_column_anchor_bolt.006
Fra:451 Mem:857.04M (Peak 869.10M) | Time:00:02.90 | Mem:0.00M, Peak:0.00M | Scene, ViewLayer | Synchronizing object | G4_joint_G3_column_anchor_bolt.007
Fra:451 Mem:857.04M (Peak 869.10M) | Time:00:02.90 | Mem:0.00M, Peak:0.00M | Scene, ViewLayer | Synchronizing object | G4_joint_G3_column_cap_plate.001
Fra:451 Mem:857.05M (Peak 869.10M) | Time:00:02.90 | Mem:0.00M, Peak:0.00M | Scene, ViewLayer | Synchronizing object | G4_joint_G3_cap_rivet.002
Fra:451 Mem:857.09M (Peak 869.10M) | Time:00:02.90 | Mem:0.00M, Peak:0.00M | Scene, ViewLayer | Synchronizing object | G4_joint_G3_cap_rivet.003
Fra:451 Mem:857.08M (Peak 869.10M) | Time:00:02.90 | Mem:0.00M, Peak:0.00M | Scene, ViewLayer | Synchronizing object | G4_joint_G3R04_eave_splice_plate.002
Fra:451 Mem:857.11M (Peak 869.10M) | Time:00:02.90 | Mem:0.00M, Peak:0.00M | Scene, ViewLayer | Synchronizing object | G4_joint_G3R04_splice_washer.008
Fra:451 Mem:857.12M (Peak 869.10M) | Time:00:02.90 | Mem:0.00M, Peak:0.00M | Scene, ViewLayer | Synchronizing object | G4_joint_G3R04_splice_hexbolt.008
Fra:451 Mem:857.12M (Peak 869.10M) | Time:00:02.90 | Mem:0.00M, Peak:0.00M | Scene, ViewLayer | Synchronizing object | G4_joint_G3R04_splice_washer.009
Fra:451 Mem:857.12M (Peak 869.10M) | Time:00:02.90 | Mem:0.00M, Peak:0.00M | Scene, ViewLayer | Synchronizing object | G4_joint_G3R04_splice_hexbolt.009
Fra:451 Mem:857.13M (Peak 869.10M) | Time:00:02.90 | Mem:0.00M, Peak:0.00M | Scene, ViewLayer | Synchronizing object | G4_joint_G3R04_splice_washer.010
Fra:451 Mem:857.13M (Peak 869.10M) | Time:00:02.90 | Mem:0.00M, Peak:0.00M | Scene, ViewLayer | Synchronizing object | G4_joint_G3R04_splice_hexbolt.010
Fra:451 Mem:857.16M (Peak 869.10M) | Time:00:02.90 | Mem:0.00M, Peak:0.00M | Scene, ViewLayer | Synchronizing object | G4_joint_G3R04_splice_washer.011
Fra:451 Mem:857.18M (Peak 869.10M) | Time:00:02.90 | Mem:0.00M, Peak:0.00M | Scene, ViewLayer | Synchronizing object | G4_joint_G3R04_splice_hexbolt.011
Fra:451 Mem:857.18M (Peak 869.10M) | Time:00:02.90 | Mem:0.00M, Peak:0.00M | Scene, ViewLayer | Synchronizing object | G4_joint_G3R04_eave_splice_plate.003
Fra:451 Mem:857.20M (Peak 869.10M) | Time:00:02.90 | Mem:0.00M, Peak:0.00M | Scene, ViewLayer | Synchronizing object | G4_joint_G3R04_splice_washer.012
Fra:451 Mem:857.21M (Peak 869.10M) | Time:00:02.90 | Mem:0.00M, Peak:0.00M | Scene, ViewLayer | Synchronizing object | G4_joint_G3R04_splice_hexbolt.012
Fra:451 Mem:857.23M (Peak 869.10M) | Time:00:02.90 | Mem:0.00M, Peak:0.00M | Scene, ViewLayer | Synchronizing object | G4_joint_G3R04_splice_washer.013
Fra:451 Mem:857.22M (Peak 869.10M) | Time:00:02.90 | Mem:0.00M, Peak:0.00M | Scene, ViewLayer | Synchronizing object | G4_joint_G3R04_splice_hexbolt.013
Fra:451 Mem:857.22M (Peak 869.10M) | Time:00:02.90 | Mem:0.00M, Peak:0.00M | Scene, ViewLayer | Synchronizing object | G4_joint_G3R04_splice_washer.014
Fra:451 Mem:857.23M (Peak 869.10M) | Time:00:02.90 | Mem:0.00M, Peak:0.00M | Scene, ViewLayer | Synchronizing object | G4_joint_G3R04_splice_hexbolt.014
Fra:451 Mem:857.23M (Peak 869.10M) | Time:00:02.90 | Mem:0.00M, Peak:0.00M | Scene, ViewLayer | Synchronizing object | G4_joint_G3R04_splice_washer.015
Fra:451 Mem:857.25M (Peak 869.10M) | Time:00:02.90 | Mem:0.00M, Peak:0.00M | Scene, ViewLayer | Synchronizing object | G4_joint_G3R04_splice_hexbolt.015
Fra:451 Mem:857.24M (Peak 869.10M) | Time:00:02.90 | Mem:0.00M, Peak:0.00M | Scene, ViewLayer | Synchronizing object | G4_sconce_G3R04_sconce_mount.001
Fra:451 Mem:857.24M (Peak 869.10M) | Time:00:02.90 | Mem:0.00M, Peak:0.00M | Scene, ViewLayer | Synchronizing object | G4_sconce_G3R04_opal_diffuser.001
Fra:451 Mem:857.27M (Peak 869.10M) | Time:00:02.90 | Mem:0.00M, Peak:0.00M | Scene, ViewLayer | Synchronizing object | G4_sconce_G3R04_sconce_cap.002
Fra:451 Mem:857.31M (Peak 869.10M) | Time:00:02.90 | Mem:0.00M, Peak:0.00M | Scene, ViewLayer | Synchronizing object | G4_sconce_G3R04_sconce_cap.003
Fra:451 Mem:857.32M (Peak 869.10M) | Time:00:02.90 | Mem:0.00M, Peak:0.00M | Scene, ViewLayer | Synchronizing object | G4_sconce_G3R04_sconce_cage.002
Fra:451 Mem:857.34M (Peak 869.10M) | Time:00:02.90 | Mem:0.00M, Peak:0.00M | Scene, ViewLayer | Synchronizing object | G4_sconce_G3R04_sconce_cage.003
Fra:451 Mem:857.33M (Peak 869.10M) | Time:00:02.90 | Mem:0.00M, Peak:0.00M | Scene, ViewLayer | Synchronizing object | G4_column_sconce.001
Fra:451 Mem:857.33M (Peak 869.10M) | Time:00:02.90 | Mem:0.00M, Peak:0.00M | Scene, ViewLayer | Synchronizing object | G4_joint_G3_column_anchor_bolt.008
Fra:451 Mem:857.33M (Peak 869.10M) | Time:00:02.90 | Mem:0.00M, Peak:0.00M | Scene, ViewLayer | Synchronizing object | G4_joint_G3_column_anchor_bolt.009
Fra:451 Mem:857.34M (Peak 869.10M) | Time:00:02.90 | Mem:0.00M, Peak:0.00M | Scene, ViewLayer | Synchronizing object | G4_joint_G3_column_anchor_bolt.010
Fra:451 Mem:857.34M (Peak 869.10M) | Time:00:02.90 | Mem:0.00M, Peak:0.00M | Scene, ViewLayer | Synchronizing object | G4_joint_G3_column_anchor_bolt.011
Fra:451 Mem:857.33M (Peak 869.10M) | Time:00:02.90 | Mem:0.00M, Peak:0.00M | Scene, ViewLayer | Synchronizing object | G4_joint_G3_column_cap_plate.002
Fra:451 Mem:857.34M (Peak 869.10M) | Time:00:02.90 | Mem:0.00M, Peak:0.00M | Scene, ViewLayer | Synchronizing object | G4_joint_G3_cap_rivet.004
Fra:451 Mem:857.38M (Peak 869.10M) | Time:00:02.90 | Mem:0.00M, Peak:0.00M | Scene, ViewLayer | Synchronizing object | G4_joint_G3_cap_rivet.005
Fra:451 Mem:857.37M (Peak 869.10M) | Time:00:02.90 | Mem:0.00M, Peak:0.00M | Scene, ViewLayer | Synchronizing object | G4_joint_G3R04_eave_splice_plate.004
Fra:451 Mem:857.40M (Peak 869.10M) | Time:00:02.90 | Mem:0.00M, Peak:0.00M | Scene, ViewLayer | Synchronizing object | G4_joint_G3R04_splice_washer.016
Fra:451 Mem:857.42M (Peak 869.10M) | Time:00:02.90 | Mem:0.00M, Peak:0.00M | Scene, ViewLayer | Synchronizing object | G4_joint_G3R04_splice_hexbolt.016
Fra:451 Mem:857.41M (Peak 869.10M) | Time:00:02.90 | Mem:0.00M, Peak:0.00M | Scene, ViewLayer | Synchronizing object | G4_joint_G3R04_splice_washer.017
Fra:451 Mem:857.41M (Peak 869.10M) | Time:00:02.90 | Mem:0.00M, Peak:0.00M | Scene, ViewLayer | Synchronizing object | G4_joint_G3R04_splice_hexbolt.017
Fra:451 Mem:857.44M (Peak 869.10M) | Time:00:02.90 | Mem:0.00M, Peak:0.00M | Scene, ViewLayer | Synchronizing object | G4_joint_G3R04_splice_washer.018
Fra:451 Mem:857.45M (Peak 869.10M) | Time:00:02.90 | Mem:0.00M, Peak:0.00M | Scene, ViewLayer | Synchronizing object | G4_joint_G3R04_splice_hexbolt.018
Fra:451 Mem:857.45M (Peak 869.10M) | Time:00:02.90 | Mem:0.00M, Peak:0.00M | Scene, ViewLayer | Synchronizing object | G4_joint_G3R04_splice_washer.019
Fra:451 Mem:857.46M (Peak 869.10M) | Time:00:02.90 | Mem:0.00M, Peak:0.00M | Scene, ViewLayer | Synchronizing object | G4_joint_G3R04_splice_hexbolt.019
Fra:451 Mem:857.49M (Peak 869.10M) | Time:00:02.90 | Mem:0.00M, Peak:0.00M | Scene, ViewLayer | Synchronizing object | G4_joint_G3R04_eave_splice_plate.005
Fra:451 Mem:857.47M (Peak 869.10M) | Time:00:02.90 | Mem:0.00M, Peak:0.00M | Scene, ViewLayer | Synchronizing object | G4_joint_G3R04_splice_washer.020
Fra:451 Mem:857.51M (Peak 869.10M) | Time:00:02.90 | Mem:0.00M, Peak:0.00M | Scene, ViewLayer | Synchronizing object | G4_joint_G3R04_splice_hexbolt.020
Fra:451 Mem:857.50M (Peak 869.10M) | Time:00:02.90 | Mem:0.00M, Peak:0.00M | Scene, ViewLayer | Synchronizing object | G4_joint_G3R04_splice_washer.021
Fra:451 Mem:857.51M (Peak 869.10M) | Time:00:02.90 | Mem:0.00M, Peak:0.00M | Scene, ViewLayer | Synchronizing object | G4_joint_G3R04_splice_hexbolt.021
Fra:451 Mem:857.51M (Peak 869.10M) | Time:00:02.90 | Mem:0.00M, Peak:0.00M | Scene, ViewLayer | Synchronizing object | G4_joint_G3R04_splice_washer.022
Fra:451 Mem:857.52M (Peak 869.10M) | Time:00:02.90 | Mem:0.00M, Peak:0.00M | Scene, ViewLayer | Synchronizing object | G4_joint_G3R04_splice_hexbolt.022
Fra:451 Mem:857.52M (Peak 869.10M) | Time:00:02.90 | Mem:0.00M, Peak:0.00M | Scene, ViewLayer | Synchronizing object | G4_joint_G3R04_splice_washer.023
Fra:451 Mem:857.53M (Peak 869.10M) | Time:00:02.90 | Mem:0.00M, Peak:0.00M | Scene, ViewLayer | Synchronizing object | G4_joint_G3R04_splice_hexbolt.023
Fra:451 Mem:857.53M (Peak 869.10M) | Time:00:02.90 | Mem:0.00M, Peak:0.00M | Scene, ViewLayer | Synchronizing object | G4_sconce_G3R04_sconce_mount.002
Fra:451 Mem:857.54M (Peak 869.10M) | Time:00:02.90 | Mem:0.00M, Peak:0.00M | Scene, ViewLayer | Synchronizing object | G4_sconce_G3R04_opal_diffuser.002
Fra:451 Mem:857.59M (Peak 869.10M) | Time:00:02.90 | Mem:0.00M, Peak:0.00M | Scene, ViewLayer | Synchronizing object | G4_sconce_G3R04_sconce_cap.004
Fra:451 Mem:857.58M (Peak 869.10M) | Time:00:02.90 | Mem:0.00M, Peak:0.00M | Scene, ViewLayer | Synchronizing object | G4_sconce_G3R04_sconce_cap.005
Fra:451 Mem:857.63M (Peak 869.10M) | Time:00:02.90 | Mem:0.00M, Peak:0.00M | Scene, ViewLayer | Synchronizing object | G4_sconce_G3R04_sconce_cage.004
Fra:451 Mem:857.64M (Peak 869.10M) | Time:00:02.90 | Mem:0.00M, Peak:0.00M | Scene, ViewLayer | Synchronizing object | G4_column_sconce.002
Fra:451 Mem:857.64M (Peak 869.10M) | Time:00:02.90 | Mem:0.00M, Peak:0.00M | Scene, ViewLayer | Synchronizing object | G4_joint_G3_column_anchor_bolt.012
Fra:451 Mem:857.64M (Peak 869.10M) | Time:00:02.90 | Mem:0.00M, Peak:0.00M | Scene, ViewLayer | Synchronizing object | G4_joint_G3_column_anchor_bolt.013
Fra:451 Mem:857.64M (Peak 869.10M) | Time:00:02.90 | Mem:0.00M, Peak:0.00M | Scene, ViewLayer | Synchronizing object | G4_joint_G3_column_anchor_bolt.014
Fra:451 Mem:857.64M (Peak 869.10M) | Time:00:02.90 | Mem:0.00M, Peak:0.00M | Scene, ViewLayer | Synchronizing object | G4_joint_G3_column_anchor_bolt.015
Fra:451 Mem:857.65M (Peak 869.10M) | Time:00:02.90 | Mem:0.00M, Peak:0.00M | Scene, ViewLayer | Synchronizing object | G4_joint_G3_column_cap_plate.003
Fra:451 Mem:857.65M (Peak 869.10M) | Time:00:02.90 | Mem:0.00M, Peak:0.00M | Scene, ViewLayer | Synchronizing object | G4_joint_G3_cap_rivet.006
Fra:451 Mem:857.68M (Peak 869.10M) | Time:00:02.90 | Mem:0.00M, Peak:0.00M | Scene, ViewLayer | Synchronizing object | G4_joint_G3_cap_rivet.007
Fra:451 Mem:857.68M (Peak 869.10M) | Time:00:02.90 | Mem:0.00M, Peak:0.00M | Scene, ViewLayer | Synchronizing object | G4_joint_G3R04_eave_splice_plate.006
Fra:451 Mem:857.71M (Peak 869.10M) | Time:00:02.90 | Mem:0.00M, Peak:0.00M | Scene, ViewLayer | Synchronizing object | G4_joint_G3R04_splice_washer.024
Fra:451 Mem:857.73M (Peak 869.10M) | Time:00:02.90 | Mem:0.00M, Peak:0.00M | Scene, ViewLayer | Synchronizing object | G4_joint_G3R04_splice_hexbolt.024
Fra:451 Mem:857.72M (Peak 869.10M) | Time:00:02.90 | Mem:0.00M, Peak:0.00M | Scene, ViewLayer | Synchronizing object | G4_joint_G3R04_splice_washer.025
Fra:451 Mem:857.72M (Peak 869.10M) | Time:00:02.90 | Mem:0.00M, Peak:0.00M | Scene, ViewLayer | Synchronizing object | G4_joint_G3R04_splice_hexbolt.025
Fra:451 Mem:857.73M (Peak 869.10M) | Time:00:02.90 | Mem:0.00M, Peak:0.00M | Scene, ViewLayer | Synchronizing object | G4_joint_G3R04_splice_washer.026
Fra:451 Mem:857.73M (Peak 869.10M) | Time:00:02.90 | Mem:0.00M, Peak:0.00M | Scene, ViewLayer | Synchronizing object | G4_joint_G3R04_splice_hexbolt.026
Fra:451 Mem:857.74M (Peak 869.10M) | Time:00:02.90 | Mem:0.00M, Peak:0.00M | Scene, ViewLayer | Synchronizing object | G4_joint_G3R04_splice_washer.027
Fra:451 Mem:857.74M (Peak 869.10M) | Time:00:02.90 | Mem:0.00M, Peak:0.00M | Scene, ViewLayer | Synchronizing object | G4_joint_G3R04_splice_hexbolt.027
Fra:451 Mem:857.75M (Peak 869.10M) | Time:00:02.90 | Mem:0.00M, Peak:0.00M | Scene, ViewLayer | Synchronizing object | G4_joint_G3R04_eave_splice_plate.007
Fra:451 Mem:857.75M (Peak 869.10M) | Time:00:02.90 | Mem:0.00M, Peak:0.00M | Scene, ViewLayer | Synchronizing object | G4_joint_G3R04_splice_washer.028
Fra:451 Mem:857.80M (Peak 869.10M) | Time:00:02.90 | Mem:0.00M, Peak:0.00M | Scene, ViewLayer | Synchronizing object | G4_joint_G3R04_splice_hexbolt.028
Fra:451 Mem:857.79M (Peak 869.10M) | Time:00:02.90 | Mem:0.00M, Peak:0.00M | Scene, ViewLayer | Synchronizing object | G4_joint_G3R04_splice_washer.029
Fra:451 Mem:857.80M (Peak 869.10M) | Time:00:02.90 | Mem:0.00M, Peak:0.00M | Scene, ViewLayer | Synchronizing object | G4_joint_G3R04_splice_hexbolt.029
Fra:451 Mem:857.80M (Peak 869.10M) | Time:00:02.90 | Mem:0.00M, Peak:0.00M | Scene, ViewLayer | Synchronizing object | G4_joint_G3R04_splice_washer.030
Fra:451 Mem:857.81M (Peak 869.10M) | Time:00:02.90 | Mem:0.00M, Peak:0.00M | Scene, ViewLayer | Synchronizing object | G4_joint_G3R04_splice_hexbolt.030
Fra:451 Mem:857.81M (Peak 869.10M) | Time:00:02.90 | Mem:0.00M, Peak:0.00M | Scene, ViewLayer | Synchronizing object | G4_joint_G3R04_splice_washer.031
Fra:451 Mem:857.82M (Peak 869.10M) | Time:00:02.90 | Mem:0.00M, Peak:0.00M | Scene, ViewLayer | Synchronizing object | G4_joint_G3R04_splice_hexbolt.031
Fra:451 Mem:857.82M (Peak 869.10M) | Time:00:02.90 | Mem:0.00M, Peak:0.00M | Scene, ViewLayer | Synchronizing object | G4_sconce_G3R04_sconce_mount.003
Fra:451 Mem:857.82M (Peak 869.10M) | Time:00:02.90 | Mem:0.00M, Peak:0.00M | Scene, ViewLayer | Synchronizing object | G4_sconce_G3R04_opal_diffuser.003
Fra:451 Mem:857.87M (Peak 869.10M) | Time:00:02.90 | Mem:0.00M, Peak:0.00M | Scene, ViewLayer | Synchronizing object | G4_sconce_G3R04_sconce_cap.006
Fra:451 Mem:857.88M (Peak 869.10M) | Time:00:02.90 | Mem:0.00M, Peak:0.00M | Scene, ViewLayer | Synchronizing object | G4_sconce_G3R04_sconce_cap.007
Fra:451 Mem:857.92M (Peak 869.10M) | Time:00:02.90 | Mem:0.00M, Peak:0.00M | Scene, ViewLayer | Synchronizing object | G4_sconce_G3R04_sconce_cage.006
Fra:451 Mem:857.94M (Peak 869.10M) | Time:00:02.90 | Mem:0.00M, Peak:0.00M | Scene, ViewLayer | Synchronizing object | G4_sconce_G3R04_sconce_cage.007
Fra:451 Mem:857.93M (Peak 869.10M) | Time:00:02.90 | Mem:0.00M, Peak:0.00M | Scene, ViewLayer | Synchronizing object | G4_column_sconce.003
Fra:451 Mem:857.93M (Peak 869.10M) | Time:00:02.90 | Mem:0.00M, Peak:0.00M | Scene, ViewLayer | Synchronizing object | G4_joint_G3_column_anchor_bolt.016
Fra:451 Mem:857.93M (Peak 869.10M) | Time:00:02.90 | Mem:0.00M, Peak:0.00M | Scene, ViewLayer | Synchronizing object | G4_joint_G3_column_anchor_bolt.017
Fra:451 Mem:857.93M (Peak 869.10M) | Time:00:02.90 | Mem:0.00M, Peak:0.00M | Scene, ViewLayer | Synchronizing object | G4_joint_G3_column_anchor_bolt.018
Fra:451 Mem:857.93M (Peak 869.10M) | Time:00:02.90 | Mem:0.00M, Peak:0.00M | Scene, ViewLayer | Synchronizing object | G4_joint_G3_column_anchor_bolt.019
Fra:451 Mem:857.94M (Peak 869.10M) | Time:00:02.90 | Mem:0.00M, Peak:0.00M | Scene, ViewLayer | Synchronizing object | G4_joint_G3_column_cap_plate.004
Fra:451 Mem:857.94M (Peak 869.10M) | Time:00:02.90 | Mem:0.00M, Peak:0.00M | Scene, ViewLayer | Synchronizing object | G4_joint_G3_cap_rivet.008
Fra:451 Mem:857.98M (Peak 869.10M) | Time:00:02.90 | Mem:0.00M, Peak:0.00M | Scene, ViewLayer | Synchronizing object | G4_joint_G3_cap_rivet.009
Fra:451 Mem:857.98M (Peak 869.10M) | Time:00:02.90 | Mem:0.00M, Peak:0.00M | Scene, ViewLayer | Synchronizing object | G4_joint_G3R04_eave_splice_plate.008
Fra:451 Mem:858.00M (Peak 869.10M) | Time:00:02.90 | Mem:0.00M, Peak:0.00M | Scene, ViewLayer | Synchronizing object | G4_joint_G3R04_splice_washer.032
Fra:451 Mem:858.01M (Peak 869.10M) | Time:00:02.90 | Mem:0.00M, Peak:0.00M | Scene, ViewLayer | Synchronizing object | G4_joint_G3R04_splice_hexbolt.032
Fra:451 Mem:858.01M (Peak 869.10M) | Time:00:02.90 | Mem:0.00M, Peak:0.00M | Scene, ViewLayer | Synchronizing object | G4_joint_G3R04_splice_washer.033
Fra:451 Mem:858.01M (Peak 869.10M) | Time:00:02.90 | Mem:0.00M, Peak:0.00M | Scene, ViewLayer | Synchronizing object | G4_joint_G3R04_splice_hexbolt.033
Fra:451 Mem:858.02M (Peak 869.10M) | Time:00:02.90 | Mem:0.00M, Peak:0.00M | Scene, ViewLayer | Synchronizing object | G4_joint_G3R04_splice_washer.034
Fra:451 Mem:858.02M (Peak 869.10M) | Time:00:02.90 | Mem:0.00M, Peak:0.00M | Scene, ViewLayer | Synchronizing object | G4_joint_G3R04_splice_hexbolt.034
Fra:451 Mem:858.03M (Peak 869.10M) | Time:00:02.90 | Mem:0.00M, Peak:0.00M | Scene, ViewLayer | Synchronizing object | G4_joint_G3R04_splice_washer.035
Fra:451 Mem:858.03M (Peak 869.10M) | Time:00:02.90 | Mem:0.00M, Peak:0.00M | Scene, ViewLayer | Synchronizing object | G4_joint_G3R04_splice_hexbolt.035
Fra:451 Mem:858.04M (Peak 869.10M) | Time:00:02.90 | Mem:0.00M, Peak:0.00M | Scene, ViewLayer | Synchronizing object | G4_joint_G3R04_eave_splice_plate.009
Fra:451 Mem:858.04M (Peak 869.10M) | Time:00:02.90 | Mem:0.00M, Peak:0.00M | Scene, ViewLayer | Synchronizing object | G4_joint_G3R04_splice_washer.036
Fra:451 Mem:858.09M (Peak 869.10M) | Time:00:02.90 | Mem:0.00M, Peak:0.00M | Scene, ViewLayer | Synchronizing object | G4_joint_G3R04_splice_hexbolt.036
Fra:451 Mem:858.08M (Peak 869.10M) | Time:00:02.90 | Mem:0.00M, Peak:0.00M | Scene, ViewLayer | Synchronizing object | G4_joint_G3R04_splice_washer.037
Fra:451 Mem:858.09M (Peak 869.10M) | Time:00:02.90 | Mem:0.00M, Peak:0.00M | Scene, ViewLayer | Synchronizing object | G4_joint_G3R04_splice_hexbolt.037
Fra:451 Mem:858.09M (Peak 869.10M) | Time:00:02.90 | Mem:0.00M, Peak:0.00M | Scene, ViewLayer | Synchronizing object | G4_joint_G3R04_splice_washer.038
Fra:451 Mem:858.10M (Peak 869.10M) | Time:00:02.90 | Mem:0.00M, Peak:0.00M | Scene, ViewLayer | Synchronizing object | G4_joint_G3R04_splice_hexbolt.038
Fra:451 Mem:858.10M (Peak 869.10M) | Time:00:02.90 | Mem:0.00M, Peak:0.00M | Scene, ViewLayer | Synchronizing object | G4_joint_G3R04_splice_washer.039
Fra:451 Mem:858.12M (Peak 869.10M) | Time:00:02.90 | Mem:0.00M, Peak:0.00M | Scene, ViewLayer | Synchronizing object | G4_joint_G3R04_splice_hexbolt.039
Fra:451 Mem:858.11M (Peak 869.10M) | Time:00:02.90 | Mem:0.00M, Peak:0.00M | Scene, ViewLayer | Synchronizing object | G4_sconce_G3R04_sconce_mount.004
Fra:451 Mem:858.12M (Peak 869.10M) | Time:00:02.90 | Mem:0.00M, Peak:0.00M | Scene, ViewLayer | Synchronizing object | G4_sconce_G3R04_opal_diffuser.004
Fra:451 Mem:858.19M (Peak 869.10M) | Time:00:02.90 | Mem:0.00M, Peak:0.00M | Scene, ViewLayer | Synchronizing object | G4_sconce_G3R04_sconce_cap.008
Fra:451 Mem:858.17M (Peak 869.10M) | Time:00:02.90 | Mem:0.00M, Peak:0.00M | Scene, ViewLayer | Synchronizing object | G4_sconce_G3R04_sconce_cap.009
Fra:451 Mem:858.21M (Peak 869.10M) | Time:00:02.90 | Mem:0.00M, Peak:0.00M | Scene, ViewLayer | Synchronizing object | G4_sconce_G3R04_sconce_cage.008
Fra:451 Mem:858.22M (Peak 869.10M) | Time:00:02.90 | Mem:0.00M, Peak:0.00M | Scene, ViewLayer | Synchronizing object | G4_column_sconce.004
Fra:451 Mem:858.22M (Peak 869.10M) | Time:00:02.90 | Mem:0.00M, Peak:0.00M | Scene, ViewLayer | Synchronizing object | G4_joint_G3_column_anchor_bolt.020
Fra:451 Mem:858.22M (Peak 869.10M) | Time:00:02.90 | Mem:0.00M, Peak:0.00M | Scene, ViewLayer | Synchronizing object | G4_joint_G3_column_anchor_bolt.021
Fra:451 Mem:858.22M (Peak 869.10M) | Time:00:02.90 | Mem:0.00M, Peak:0.00M | Scene, ViewLayer | Synchronizing object | G4_joint_G3_column_anchor_bolt.022
Fra:451 Mem:858.22M (Peak 869.10M) | Time:00:02.90 | Mem:0.00M, Peak:0.00M | Scene, ViewLayer | Synchronizing object | G4_joint_G3_column_anchor_bolt.023
Fra:451 Mem:858.23M (Peak 869.10M) | Time:00:02.90 | Mem:0.00M, Peak:0.00M | Scene, ViewLayer | Synchronizing object | G4_joint_G3_column_cap_plate.005
Fra:451 Mem:858.23M (Peak 869.10M) | Time:00:02.90 | Mem:0.00M, Peak:0.00M | Scene, ViewLayer | Synchronizing object | G4_joint_G3_cap_rivet.010
Fra:451 Mem:858.26M (Peak 869.10M) | Time:00:02.90 | Mem:0.00M, Peak:0.00M | Scene, ViewLayer | Synchronizing object | G4_joint_G3_cap_rivet.011
Fra:451 Mem:858.26M (Peak 869.10M) | Time:00:02.90 | Mem:0.00M, Peak:0.00M | Scene, ViewLayer | Synchronizing object | G4_joint_G3R04_eave_splice_plate.010
Fra:451 Mem:858.29M (Peak 869.10M) | Time:00:02.90 | Mem:0.00M, Peak:0.00M | Scene, ViewLayer | Synchronizing object | G4_joint_G3R04_splice_washer.040
Fra:451 Mem:858.32M (Peak 869.10M) | Time:00:02.90 | Mem:0.00M, Peak:0.00M | Scene, ViewLayer | Synchronizing object | G4_joint_G3R04_splice_hexbolt.040
Fra:451 Mem:858.30M (Peak 869.10M) | Time:00:02.90 | Mem:0.00M, Peak:0.00M | Scene, ViewLayer | Synchronizing object | G4_joint_G3R04_splice_washer.041
Fra:451 Mem:858.30M (Peak 869.10M) | Time:00:02.90 | Mem:0.00M, Peak:0.00M | Scene, ViewLayer | Synchronizing object | G4_joint_G3R04_splice_hexbolt.041
Fra:451 Mem:858.31M (Peak 869.10M) | Time:00:02.90 | Mem:0.00M, Peak:0.00M | Scene, ViewLayer | Synchronizing object | G4_joint_G3R04_splice_washer.042
Fra:451 Mem:858.32M (Peak 869.10M) | Time:00:02.90 | Mem:0.00M, Peak:0.00M | Scene, ViewLayer | Synchronizing object | G4_joint_G3R04_splice_hexbolt.042
Fra:451 Mem:858.32M (Peak 869.10M) | Time:00:02.90 | Mem:0.00M, Peak:0.00M | Scene, ViewLayer | Synchronizing object | G4_joint_G3R04_splice_washer.043
Fra:451 Mem:858.32M (Peak 869.10M) | Time:00:02.90 | Mem:0.00M, Peak:0.00M | Scene, ViewLayer | Synchronizing object | G4_joint_G3R04_splice_hexbolt.043
Fra:451 Mem:858.33M (Peak 869.10M) | Time:00:02.90 | Mem:0.00M, Peak:0.00M | Scene, ViewLayer | Synchronizing object | G4_joint_G3R04_eave_splice_plate.011
Fra:451 Mem:858.33M (Peak 869.10M) | Time:00:02.90 | Mem:0.00M, Peak:0.00M | Scene, ViewLayer | Synchronizing object | G4_joint_G3R04_splice_washer.044
Fra:451 Mem:858.38M (Peak 869.10M) | Time:00:02.90 | Mem:0.00M, Peak:0.00M | Scene, ViewLayer | Synchronizing object | G4_joint_G3R04_splice_hexbolt.044
Fra:451 Mem:858.36M (Peak 869.10M) | Time:00:02.90 | Mem:0.00M, Peak:0.00M | Scene, ViewLayer | Synchronizing object | G4_joint_G3R04_splice_washer.045
Fra:451 Mem:858.38M (Peak 869.10M) | Time:00:02.90 | Mem:0.00M, Peak:0.00M | Scene, ViewLayer | Synchronizing object | G4_joint_G3R04_splice_hexbolt.045
Fra:451 Mem:858.38M (Peak 869.10M) | Time:00:02.90 | Mem:0.00M, Peak:0.00M | Scene, ViewLayer | Synchronizing object | G4_joint_G3R04_splice_washer.046
Fra:451 Mem:858.41M (Peak 869.10M) | Time:00:02.90 | Mem:0.00M, Peak:0.00M | Scene, ViewLayer | Synchronizing object | G4_joint_G3R04_splice_hexbolt.046
Fra:451 Mem:858.39M (Peak 869.10M) | Time:00:02.90 | Mem:0.00M, Peak:0.00M | Scene, ViewLayer | Synchronizing object | G4_joint_G3R04_splice_washer.047
Fra:451 Mem:858.39M (Peak 869.10M) | Time:00:02.90 | Mem:0.00M, Peak:0.00M | Scene, ViewLayer | Synchronizing object | G4_joint_G3R04_splice_hexbolt.047
Fra:451 Mem:858.40M (Peak 869.10M) | Time:00:02.90 | Mem:0.00M, Peak:0.00M | Scene, ViewLayer | Synchronizing object | G4_sconce_G3R04_sconce_mount.005
Fra:451 Mem:858.40M (Peak 869.10M) | Time:00:02.90 | Mem:0.00M, Peak:0.00M | Scene, ViewLayer | Synchronizing object | G4_sconce_G3R04_opal_diffuser.005
Fra:451 Mem:858.45M (Peak 869.10M) | Time:00:02.90 | Mem:0.00M, Peak:0.00M | Scene, ViewLayer | Synchronizing object | G4_sconce_G3R04_sconce_cap.010
Fra:451 Mem:858.48M (Peak 869.10M) | Time:00:02.90 | Mem:0.00M, Peak:0.00M | Scene, ViewLayer | Synchronizing object | G4_sconce_G3R04_sconce_cage.010
Fra:451 Mem:858.50M (Peak 869.10M) | Time:00:02.90 | Mem:0.00M, Peak:0.00M | Scene, ViewLayer | Synchronizing object | G4_sconce_G3R04_sconce_cage.011
Fra:451 Mem:858.49M (Peak 869.10M) | Time:00:02.90 | Mem:0.00M, Peak:0.00M | Scene, ViewLayer | Synchronizing object | G4_column_sconce.005
Fra:451 Mem:858.49M (Peak 869.10M) | Time:00:02.90 | Mem:0.00M, Peak:0.00M | Scene, ViewLayer | Synchronizing object | G4_joint_G3_column_anchor_bolt.024
Fra:451 Mem:858.50M (Peak 869.10M) | Time:00:02.90 | Mem:0.00M, Peak:0.00M | Scene, ViewLayer | Synchronizing object | G4_joint_G3_column_anchor_bolt.025
Fra:451 Mem:858.50M (Peak 869.10M) | Time:00:02.90 | Mem:0.00M, Peak:0.00M | Scene, ViewLayer | Synchronizing object | G4_joint_G3_column_anchor_bolt.026
Fra:451 Mem:858.50M (Peak 869.10M) | Time:00:02.90 | Mem:0.00M, Peak:0.00M | Scene, ViewLayer | Synchronizing object | G4_joint_G3_column_anchor_bolt.027
Fra:451 Mem:858.50M (Peak 869.10M) | Time:00:02.90 | Mem:0.00M, Peak:0.00M | Scene, ViewLayer | Synchronizing object | G4_joint_G3_column_cap_plate.006
Fra:451 Mem:858.50M (Peak 869.10M) | Time:00:02.90 | Mem:0.00M, Peak:0.00M | Scene, ViewLayer | Synchronizing object | G4_joint_G3_cap_rivet.012
Fra:451 Mem:858.54M (Peak 869.10M) | Time:00:02.90 | Mem:0.00M, Peak:0.00M | Scene, ViewLayer | Synchronizing object | G4_joint_G3_cap_rivet.013
Fra:451 Mem:858.54M (Peak 869.10M) | Time:00:02.90 | Mem:0.00M, Peak:0.00M | Scene, ViewLayer | Synchronizing object | G4_joint_G3R04_eave_splice_plate.012
Fra:451 Mem:858.56M (Peak 869.10M) | Time:00:02.90 | Mem:0.00M, Peak:0.00M | Scene, ViewLayer | Synchronizing object | G4_joint_G3R04_splice_washer.048
Fra:451 Mem:858.58M (Peak 869.10M) | Time:00:02.90 | Mem:0.00M, Peak:0.00M | Scene, ViewLayer | Synchronizing object | G4_joint_G3R04_splice_hexbolt.048
Fra:451 Mem:858.57M (Peak 869.10M) | Time:00:02.90 | Mem:0.00M, Peak:0.00M | Scene, ViewLayer | Synchronizing object | G4_joint_G3R04_splice_washer.049
Fra:451 Mem:858.57M (Peak 869.10M) | Time:00:02.90 | Mem:0.00M, Peak:0.00M | Scene, ViewLayer | Synchronizing object | G4_joint_G3R04_splice_hexbolt.049
Fra:451 Mem:858.58M (Peak 869.10M) | Time:00:02.90 | Mem:0.00M, Peak:0.00M | Scene, ViewLayer | Synchronizing object | G4_joint_G3R04_splice_washer.050
Fra:451 Mem:858.58M (Peak 869.10M) | Time:00:02.90 | Mem:0.00M, Peak:0.00M | Scene, ViewLayer | Synchronizing object | G4_joint_G3R04_splice_hexbolt.050
Fra:451 Mem:858.59M (Peak 869.10M) | Time:00:02.90 | Mem:0.00M, Peak:0.00M | Scene, ViewLayer | Synchronizing object | G4_joint_G3R04_splice_washer.051
Fra:451 Mem:858.59M (Peak 869.10M) | Time:00:02.90 | Mem:0.00M, Peak:0.00M | Scene, ViewLayer | Synchronizing object | G4_joint_G3R04_splice_hexbolt.051
Fra:451 Mem:858.60M (Peak 869.10M) | Time:00:02.90 | Mem:0.00M, Peak:0.00M | Scene, ViewLayer | Synchronizing object | G4_joint_G3R04_eave_splice_plate.013
Fra:451 Mem:858.60M (Peak 869.10M) | Time:00:02.90 | Mem:0.00M, Peak:0.00M | Scene, ViewLayer | Synchronizing object | G4_joint_G3R04_splice_washer.052
Fra:451 Mem:858.65M (Peak 869.10M) | Time:00:02.90 | Mem:0.00M, Peak:0.00M | Scene, ViewLayer | Synchronizing object | G4_joint_G3R04_splice_hexbolt.052
Fra:451 Mem:858.64M (Peak 869.10M) | Time:00:02.90 | Mem:0.00M, Peak:0.00M | Scene, ViewLayer | Synchronizing object | G4_joint_G3R04_splice_washer.053
Fra:451 Mem:858.65M (Peak 869.10M) | Time:00:02.90 | Mem:0.00M, Peak:0.00M | Scene, ViewLayer | Synchronizing object | G4_joint_G3R04_splice_hexbolt.053
Fra:451 Mem:858.65M (Peak 869.10M) | Time:00:02.90 | Mem:0.00M, Peak:0.00M | Scene, ViewLayer | Synchronizing object | G4_joint_G3R04_splice_washer.054
Fra:451 Mem:858.66M (Peak 869.10M) | Time:00:02.90 | Mem:0.00M, Peak:0.00M | Scene, ViewLayer | Synchronizing object | G4_joint_G3R04_splice_hexbolt.054
Fra:451 Mem:858.66M (Peak 869.10M) | Time:00:02.90 | Mem:0.00M, Peak:0.00M | Scene, ViewLayer | Synchronizing object | G4_joint_G3R04_splice_washer.055
Fra:451 Mem:858.66M (Peak 869.10M) | Time:00:02.90 | Mem:0.00M, Peak:0.00M | Scene, ViewLayer | Synchronizing object | G4_joint_G3R04_splice_hexbolt.055
Fra:451 Mem:858.67M (Peak 869.10M) | Time:00:02.90 | Mem:0.00M, Peak:0.00M | Scene, ViewLayer | Synchronizing object | G4_sconce_G3R04_sconce_mount.006
Fra:451 Mem:858.67M (Peak 869.10M) | Time:00:02.90 | Mem:0.00M, Peak:0.00M | Scene, ViewLayer | Synchronizing object | G4_sconce_G3R04_opal_diffuser.006
Fra:451 Mem:858.72M (Peak 869.10M) | Time:00:02.91 | Mem:0.00M, Peak:0.00M | Scene, ViewLayer | Synchronizing object | G4_sconce_G3R04_sconce_cap.013
Fra:451 Mem:859.02M (Peak 869.10M) | Time:00:02.91 | Mem:0.00M, Peak:0.00M | Scene, ViewLayer | Synchronizing object | G4_sconce_G3R04_sconce_cage.012
Fra:451 Mem:859.02M (Peak 869.10M) | Time:00:02.91 | Mem:0.00M, Peak:0.00M | Scene, ViewLayer | Synchronizing object | G4_sconce_G3R04_sconce_cage.013
Fra:451 Mem:859.03M (Peak 869.10M) | Time:00:02.91 | Mem:0.00M, Peak:0.00M | Scene, ViewLayer | Synchronizing object | G4_column_sconce.006
Fra:451 Mem:859.03M (Peak 869.10M) | Time:00:02.91 | Mem:0.00M, Peak:0.00M | Scene, ViewLayer | Synchronizing object | G4_joint_G3_column_anchor_bolt.028
Fra:451 Mem:859.03M (Peak 869.10M) | Time:00:02.91 | Mem:0.00M, Peak:0.00M | Scene, ViewLayer | Synchronizing object | G4_joint_G3_column_anchor_bolt.029
Fra:451 Mem:859.03M (Peak 869.10M) | Time:00:02.91 | Mem:0.00M, Peak:0.00M | Scene, ViewLayer | Synchronizing object | G4_joint_G3_column_anchor_bolt.030
Fra:451 Mem:859.03M (Peak 869.10M) | Time:00:02.91 | Mem:0.00M, Peak:0.00M | Scene, ViewLayer | Synchronizing object | G4_joint_G3_column_anchor_bolt.031
Fra:451 Mem:859.04M (Peak 869.10M) | Time:00:02.91 | Mem:0.00M, Peak:0.00M | Scene, ViewLayer | Synchronizing object | G4_joint_G3_column_cap_plate.007
Fra:451 Mem:859.04M (Peak 869.10M) | Time:00:02.91 | Mem:0.00M, Peak:0.00M | Scene, ViewLayer | Synchronizing object | G4_joint_G3_cap_rivet.014
Fra:451 Mem:859.07M (Peak 869.10M) | Time:00:02.91 | Mem:0.00M, Peak:0.00M | Scene, ViewLayer | Synchronizing object | G4_joint_G3_cap_rivet.015
Fra:451 Mem:859.07M (Peak 869.10M) | Time:00:02.91 | Mem:0.00M, Peak:0.00M | Scene, ViewLayer | Synchronizing object | G4_joint_G3R04_eave_splice_plate.014
Fra:451 Mem:859.10M (Peak 869.10M) | Time:00:02.91 | Mem:0.00M, Peak:0.00M | Scene, ViewLayer | Synchronizing object | G4_joint_G3R04_splice_washer.056
Fra:451 Mem:859.12M (Peak 869.10M) | Time:00:02.91 | Mem:0.00M, Peak:0.00M | Scene, ViewLayer | Synchronizing object | G4_joint_G3R04_splice_hexbolt.056
Fra:451 Mem:859.11M (Peak 869.10M) | Time:00:02.91 | Mem:0.00M, Peak:0.00M | Scene, ViewLayer | Synchronizing object | G4_joint_G3R04_splice_washer.057
Fra:451 Mem:859.11M (Peak 869.10M) | Time:00:02.91 | Mem:0.00M, Peak:0.00M | Scene, ViewLayer | Synchronizing object | G4_joint_G3R04_splice_hexbolt.057
Fra:451 Mem:859.12M (Peak 869.10M) | Time:00:02.91 | Mem:0.00M, Peak:0.00M | Scene, ViewLayer | Synchronizing object | G4_joint_G3R04_splice_washer.058
Fra:451 Mem:859.12M (Peak 869.10M) | Time:00:02.91 | Mem:0.00M, Peak:0.00M | Scene, ViewLayer | Synchronizing object | G4_joint_G3R04_splice_hexbolt.058
Fra:451 Mem:859.13M (Peak 869.10M) | Time:00:02.91 | Mem:0.00M, Peak:0.00M | Scene, ViewLayer | Synchronizing object | G4_joint_G3R04_splice_washer.059
Fra:451 Mem:859.13M (Peak 869.10M) | Time:00:02.91 | Mem:0.00M, Peak:0.00M | Scene, ViewLayer | Synchronizing object | G4_joint_G3R04_splice_hexbolt.059
Fra:451 Mem:859.17M (Peak 869.10M) | Time:00:02.91 | Mem:0.00M, Peak:0.00M | Scene, ViewLayer | Synchronizing object | G4_joint_G3R04_eave_splice_plate.015
Fra:451 Mem:859.21M (Peak 869.10M) | Time:00:02.91 | Mem:0.00M, Peak:0.00M | Scene, ViewLayer | Synchronizing object | G4_joint_G3R04_splice_washer.060
Fra:451 Mem:859.19M (Peak 869.10M) | Time:00:02.91 | Mem:0.00M, Peak:0.00M | Scene, ViewLayer | Synchronizing object | G4_joint_G3R04_splice_hexbolt.060
Fra:451 Mem:859.20M (Peak 869.10M) | Time:00:02.91 | Mem:0.00M, Peak:0.00M | Scene, ViewLayer | Synchronizing object | G4_joint_G3R04_splice_washer.061
Fra:451 Mem:859.20M (Peak 869.10M) | Time:00:02.91 | Mem:0.00M, Peak:0.00M | Scene, ViewLayer | Synchronizing object | G4_joint_G3R04_splice_hexbolt.061
Fra:451 Mem:859.21M (Peak 869.10M) | Time:00:02.91 | Mem:0.00M, Peak:0.00M | Scene, ViewLayer | Synchronizing object | G4_joint_G3R04_splice_washer.062
Fra:451 Mem:859.21M (Peak 869.10M) | Time:00:02.91 | Mem:0.00M, Peak:0.00M | Scene, ViewLayer | Synchronizing object | G4_joint_G3R04_splice_hexbolt.062
Fra:451 Mem:859.22M (Peak 869.10M) | Time:00:02.91 | Mem:0.00M, Peak:0.00M | Scene, ViewLayer | Synchronizing object | G4_joint_G3R04_splice_washer.063
Fra:451 Mem:859.23M (Peak 869.10M) | Time:00:02.91 | Mem:0.00M, Peak:0.00M | Scene, ViewLayer | Synchronizing object | G4_joint_G3R04_splice_hexbolt.063
Fra:451 Mem:859.23M (Peak 869.10M) | Time:00:02.91 | Mem:0.00M, Peak:0.00M | Scene, ViewLayer | Synchronizing object | G4_sconce_G3R04_sconce_mount.007
Fra:451 Mem:859.24M (Peak 869.10M) | Time:00:02.91 | Mem:0.00M, Peak:0.00M | Scene, ViewLayer | Synchronizing object | G4_sconce_G3R04_opal_diffuser.007
Fra:451 Mem:859.28M (Peak 869.10M) | Time:00:02.91 | Mem:0.00M, Peak:0.00M | Scene, ViewLayer | Synchronizing object | G4_sconce_G3R04_sconce_cap.014
Fra:451 Mem:859.29M (Peak 869.10M) | Time:00:02.91 | Mem:0.00M, Peak:0.00M | Scene, ViewLayer | Synchronizing object | G4_sconce_G3R04_sconce_cap.015
Fra:451 Mem:859.34M (Peak 869.10M) | Time:00:02.91 | Mem:0.00M, Peak:0.00M | Scene, ViewLayer | Synchronizing object | G4_sconce_G3R04_sconce_cage.014
Fra:451 Mem:859.33M (Peak 869.10M) | Time:00:02.91 | Mem:0.00M, Peak:0.00M | Scene, ViewLayer | Synchronizing object | G4_sconce_G3R04_sconce_cage.015
Fra:451 Mem:859.34M (Peak 869.10M) | Time:00:02.91 | Mem:0.00M, Peak:0.00M | Scene, ViewLayer | Synchronizing object | G4_column_sconce.007
Fra:451 Mem:859.34M (Peak 869.10M) | Time:00:02.91 | Mem:0.00M, Peak:0.00M | Scene, ViewLayer | Synchronizing object | G4_joint_G3_column_anchor_bolt.032
Fra:451 Mem:859.35M (Peak 869.10M) | Time:00:02.91 | Mem:0.00M, Peak:0.00M | Scene, ViewLayer | Synchronizing object | G4_joint_G3_column_anchor_bolt.034
Fra:451 Mem:859.35M (Peak 869.10M) | Time:00:02.91 | Mem:0.00M, Peak:0.00M | Scene, ViewLayer | Synchronizing object | G4_joint_G3_column_anchor_bolt.035
Fra:451 Mem:859.35M (Peak 869.10M) | Time:00:02.91 | Mem:0.00M, Peak:0.00M | Scene, ViewLayer | Synchronizing object | G4_joint_G3_column_cap_plate.008
Fra:451 Mem:859.36M (Peak 869.10M) | Time:00:02.91 | Mem:0.00M, Peak:0.00M | Scene, ViewLayer | Synchronizing object | G4_joint_G3_cap_rivet.016
Fra:451 Mem:859.39M (Peak 869.10M) | Time:00:02.91 | Mem:0.00M, Peak:0.00M | Scene, ViewLayer | Synchronizing object | G4_joint_G3_cap_rivet.017
Fra:451 Mem:859.39M (Peak 869.10M) | Time:00:02.91 | Mem:0.00M, Peak:0.00M | Scene, ViewLayer | Synchronizing object | G4_joint_G3R04_eave_splice_plate.016
Fra:451 Mem:859.41M (Peak 869.10M) | Time:00:02.91 | Mem:0.00M, Peak:0.00M | Scene, ViewLayer | Synchronizing object | G4_joint_G3R04_splice_washer.064
Fra:451 Mem:859.44M (Peak 869.10M) | Time:00:02.91 | Mem:0.00M, Peak:0.00M | Scene, ViewLayer | Synchronizing object | G4_joint_G3R04_splice_hexbolt.064
Fra:451 Mem:859.42M (Peak 869.10M) | Time:00:02.91 | Mem:0.00M, Peak:0.00M | Scene, ViewLayer | Synchronizing object | G4_joint_G3R04_splice_washer.065
Fra:451 Mem:859.43M (Peak 869.10M) | Time:00:02.91 | Mem:0.00M, Peak:0.00M | Scene, ViewLayer | Synchronizing object | G4_joint_G3R04_splice_hexbolt.065
Fra:451 Mem:859.43M (Peak 869.10M) | Time:00:02.91 | Mem:0.00M, Peak:0.00M | Scene, ViewLayer | Synchronizing object | G4_joint_G3R04_splice_washer.066
Fra:451 Mem:859.44M (Peak 869.10M) | Time:00:02.91 | Mem:0.00M, Peak:0.00M | Scene, ViewLayer | Synchronizing object | G4_joint_G3R04_splice_hexbolt.066
Fra:451 Mem:859.45M (Peak 869.10M) | Time:00:02.91 | Mem:0.00M, Peak:0.00M | Scene, ViewLayer | Synchronizing object | G4_joint_G3R04_splice_washer.067
Fra:451 Mem:859.45M (Peak 869.10M) | Time:00:02.91 | Mem:0.00M, Peak:0.00M | Scene, ViewLayer | Synchronizing object | G4_joint_G3R04_splice_hexbolt.067
Fra:451 Mem:859.46M (Peak 869.10M) | Time:00:02.91 | Mem:0.00M, Peak:0.00M | Scene, ViewLayer | Synchronizing object | G4_joint_G3R04_eave_splice_plate.017
Fra:451 Mem:859.46M (Peak 869.10M) | Time:00:02.91 | Mem:0.00M, Peak:0.00M | Scene, ViewLayer | Synchronizing object | G4_joint_G3R04_splice_washer.068
Fra:451 Mem:859.50M (Peak 869.10M) | Time:00:02.91 | Mem:0.00M, Peak:0.00M | Scene, ViewLayer | Synchronizing object | G4_joint_G3R04_splice_hexbolt.068
Fra:451 Mem:859.49M (Peak 869.10M) | Time:00:02.91 | Mem:0.00M, Peak:0.00M | Scene, ViewLayer | Synchronizing object | G4_joint_G3R04_splice_washer.069
Fra:451 Mem:859.51M (Peak 869.10M) | Time:00:02.91 | Mem:0.00M, Peak:0.00M | Scene, ViewLayer | Synchronizing object | G4_joint_G3R04_splice_hexbolt.069
Fra:451 Mem:859.51M (Peak 869.10M) | Time:00:02.91 | Mem:0.00M, Peak:0.00M | Scene, ViewLayer | Synchronizing object | G4_joint_G3R04_splice_washer.070
Fra:451 Mem:859.54M (Peak 869.10M) | Time:00:02.91 | Mem:0.00M, Peak:0.00M | Scene, ViewLayer | Synchronizing object | G4_joint_G3R04_splice_hexbolt.070
Fra:451 Mem:859.52M (Peak 869.10M) | Time:00:02.91 | Mem:0.00M, Peak:0.00M | Scene, ViewLayer | Synchronizing object | G4_joint_G3R04_splice_washer.071
Fra:451 Mem:859.52M (Peak 869.10M) | Time:00:02.91 | Mem:0.00M, Peak:0.00M | Scene, ViewLayer | Synchronizing object | G4_joint_G3R04_splice_hexbolt.071
Fra:451 Mem:859.53M (Peak 869.10M) | Time:00:02.91 | Mem:0.00M, Peak:0.00M | Scene, ViewLayer | Synchronizing object | G4_sconce_G3R04_sconce_mount.008
Fra:451 Mem:859.53M (Peak 869.10M) | Time:00:02.91 | Mem:0.00M, Peak:0.00M | Scene, ViewLayer | Synchronizing object | G4_sconce_G3R04_opal_diffuser.008
Fra:451 Mem:859.58M (Peak 869.10M) | Time:00:02.91 | Mem:0.00M, Peak:0.00M | Scene, ViewLayer | Synchronizing object | G4_sconce_G3R04_sconce_cap.016
Fra:451 Mem:859.58M (Peak 869.10M) | Time:00:02.91 | Mem:0.00M, Peak:0.00M | Scene, ViewLayer | Synchronizing object | G4_sconce_G3R04_sconce_cap.017
Fra:451 Mem:859.63M (Peak 869.10M) | Time:00:02.91 | Mem:0.00M, Peak:0.00M | Scene, ViewLayer | Synchronizing object | G4_sconce_G3R04_sconce_cage.016
Fra:451 Mem:859.68M (Peak 869.10M) | Time:00:02.91 | Mem:0.00M, Peak:0.00M | Scene, ViewLayer | Synchronizing object | G4_sconce_G3R04_sconce_cage.017
Fra:451 Mem:859.63M (Peak 869.10M) | Time:00:02.91 | Mem:0.00M, Peak:0.00M | Scene, ViewLayer | Synchronizing object | G4_joint_G3_column_anchor_bolt.036
Fra:451 Mem:859.63M (Peak 869.10M) | Time:00:02.91 | Mem:0.00M, Peak:0.00M | Scene, ViewLayer | Synchronizing object | G4_joint_G3_column_anchor_bolt.037
Fra:451 Mem:859.63M (Peak 869.10M) | Time:00:02.91 | Mem:0.00M, Peak:0.00M | Scene, ViewLayer | Synchronizing object | G4_joint_G3_column_anchor_bolt.038
Fra:451 Mem:859.64M (Peak 869.10M) | Time:00:02.91 | Mem:0.00M, Peak:0.00M | Scene, ViewLayer | Synchronizing object | G4_joint_G3_column_cap_plate.009
Fra:451 Mem:859.64M (Peak 869.10M) | Time:00:02.91 | Mem:0.00M, Peak:0.00M | Scene, ViewLayer | Synchronizing object | G4_joint_G3_cap_rivet.018
Fra:451 Mem:859.67M (Peak 869.10M) | Time:00:02.91 | Mem:0.00M, Peak:0.00M | Scene, ViewLayer | Synchronizing object | G4_joint_G3_cap_rivet.019
Fra:451 Mem:859.68M (Peak 869.10M) | Time:00:02.91 | Mem:0.00M, Peak:0.00M | Scene, ViewLayer | Synchronizing object | G4_joint_G3R04_eave_splice_plate.018
Fra:451 Mem:859.70M (Peak 869.10M) | Time:00:02.91 | Mem:0.00M, Peak:0.00M | Scene, ViewLayer | Synchronizing object | G4_joint_G3R04_splice_washer.072
Fra:451 Mem:859.73M (Peak 869.10M) | Time:00:02.91 | Mem:0.00M, Peak:0.00M | Scene, ViewLayer | Synchronizing object | G4_joint_G3R04_splice_hexbolt.072
Fra:451 Mem:859.71M (Peak 869.10M) | Time:00:02.91 | Mem:0.00M, Peak:0.00M | Scene, ViewLayer | Synchronizing object | G4_joint_G3R04_splice_washer.073
Fra:451 Mem:859.74M (Peak 869.10M) | Time:00:02.91 | Mem:0.00M, Peak:0.00M | Scene, ViewLayer | Synchronizing object | G4_joint_G3R04_splice_hexbolt.073
Fra:451 Mem:859.73M (Peak 869.10M) | Time:00:02.91 | Mem:0.00M, Peak:0.00M | Scene, ViewLayer | Synchronizing object | G4_joint_G3R04_splice_washer.074
Fra:451 Mem:859.74M (Peak 869.10M) | Time:00:02.91 | Mem:0.00M, Peak:0.00M | Scene, ViewLayer | Synchronizing object | G4_joint_G3R04_splice_hexbolt.074
Fra:451 Mem:859.73M (Peak 869.10M) | Time:00:02.91 | Mem:0.00M, Peak:0.00M | Scene, ViewLayer | Synchronizing object | G4_joint_G3R04_splice_washer.075
Fra:451 Mem:859.73M (Peak 869.10M) | Time:00:02.91 | Mem:0.00M, Peak:0.00M | Scene, ViewLayer | Synchronizing object | G4_joint_G3R04_splice_hexbolt.075
Fra:451 Mem:859.73M (Peak 869.10M) | Time:00:02.91 | Mem:0.00M, Peak:0.00M | Scene, ViewLayer | Synchronizing object | G4_joint_G3R04_eave_splice_plate.019
Fra:451 Mem:859.74M (Peak 869.10M) | Time:00:02.91 | Mem:0.00M, Peak:0.00M | Scene, ViewLayer | Synchronizing object | G4_joint_G3R04_splice_washer.076
Fra:451 Mem:859.74M (Peak 869.10M) | Time:00:02.91 | Mem:0.00M, Peak:0.00M | Scene, ViewLayer | Synchronizing object | G4_joint_G3R04_splice_hexbolt.076
Fra:451 Mem:859.78M (Peak 869.10M) | Time:00:02.91 | Mem:0.00M, Peak:0.00M | Scene, ViewLayer | Synchronizing object | G4_joint_G3R04_splice_washer.077
Fra:451 Mem:859.78M (Peak 869.10M) | Time:00:02.91 | Mem:0.00M, Peak:0.00M | Scene, ViewLayer | Synchronizing object | G4_joint_G3R04_splice_washer.078
Fra:451 Mem:859.79M (Peak 869.10M) | Time:00:02.91 | Mem:0.00M, Peak:0.00M | Scene, ViewLayer | Synchronizing object | G4_joint_G3R04_splice_hexbolt.078
Fra:451 Mem:859.82M (Peak 869.10M) | Time:00:02.91 | Mem:0.00M, Peak:0.00M | Scene, ViewLayer | Synchronizing object | G4_joint_G3R04_splice_washer.079
Fra:451 Mem:859.80M (Peak 869.10M) | Time:00:02.91 | Mem:0.00M, Peak:0.00M | Scene, ViewLayer | Synchronizing object | G4_joint_G3R04_splice_hexbolt.079
Fra:451 Mem:859.82M (Peak 869.10M) | Time:00:02.91 | Mem:0.00M, Peak:0.00M | Scene, ViewLayer | Synchronizing object | G4_sconce_G3R04_sconce_mount.009
Fra:451 Mem:859.81M (Peak 869.10M) | Time:00:02.91 | Mem:0.00M, Peak:0.00M | Scene, ViewLayer | Synchronizing object | G4_sconce_G3R04_opal_diffuser.009
Fra:451 Mem:859.85M (Peak 869.10M) | Time:00:02.91 | Mem:0.00M, Peak:0.00M | Scene, ViewLayer | Synchronizing object | G4_sconce_G3R04_sconce_cap.018
Fra:451 Mem:859.86M (Peak 869.10M) | Time:00:02.91 | Mem:0.00M, Peak:0.00M | Scene, ViewLayer | Synchronizing object | G4_sconce_G3R04_sconce_cap.019
Fra:451 Mem:859.90M (Peak 869.10M) | Time:00:02.91 | Mem:0.00M, Peak:0.00M | Scene, ViewLayer | Synchronizing object | G4_sconce_G3R04_sconce_cage.018
Fra:451 Mem:859.90M (Peak 869.10M) | Time:00:02.91 | Mem:0.00M, Peak:0.00M | Scene, ViewLayer | Synchronizing object | G4_sconce_G3R04_sconce_cage.019
Fra:451 Mem:859.91M (Peak 869.10M) | Time:00:02.91 | Mem:0.00M, Peak:0.00M | Scene, ViewLayer | Synchronizing object | G4_column_sconce.009
Fra:451 Mem:859.91M (Peak 869.10M) | Time:00:02.91 | Mem:0.00M, Peak:0.00M | Scene, ViewLayer | Synchronizing object | G4_joint_G3_column_anchor_bolt.040
Fra:451 Mem:859.92M (Peak 869.10M) | Time:00:02.91 | Mem:0.00M, Peak:0.00M | Scene, ViewLayer | Synchronizing object | G4_joint_G3_column_anchor_bolt.042
Fra:451 Mem:859.92M (Peak 869.10M) | Time:00:02.91 | Mem:0.00M, Peak:0.00M | Scene, ViewLayer | Synchronizing object | G4_joint_G3_column_anchor_bolt.043
Fra:451 Mem:859.93M (Peak 869.10M) | Time:00:02.91 | Mem:0.00M, Peak:0.00M | Scene, ViewLayer | Synchronizing object | G4_joint_G3_column_cap_plate.010
Fra:451 Mem:859.92M (Peak 869.10M) | Time:00:02.91 | Mem:0.00M, Peak:0.00M | Scene, ViewLayer | Synchronizing object | G4_joint_G3_cap_rivet.020
Fra:451 Mem:859.92M (Peak 869.10M) | Time:00:02.91 | Mem:0.00M, Peak:0.00M | Scene, ViewLayer | Synchronizing object | G4_joint_G3_cap_rivet.021
Fra:451 Mem:859.96M (Peak 869.10M) | Time:00:02.91 | Mem:0.00M, Peak:0.00M | Scene, ViewLayer | Synchronizing object | G4_joint_G3R04_eave_splice_plate.020
Fra:451 Mem:859.96M (Peak 869.10M) | Time:00:02.91 | Mem:0.00M, Peak:0.00M | Scene, ViewLayer | Synchronizing object | G4_joint_G3R04_splice_washer.080
Fra:451 Mem:859.99M (Peak 869.10M) | Time:00:02.91 | Mem:0.00M, Peak:0.00M | Scene, ViewLayer | Synchronizing object | G4_joint_G3R04_splice_hexbolt.080
Fra:451 Mem:859.98M (Peak 869.10M) | Time:00:02.91 | Mem:0.00M, Peak:0.00M | Scene, ViewLayer | Synchronizing object | G4_joint_G3R04_splice_washer.081
Fra:451 Mem:860.00M (Peak 869.10M) | Time:00:02.91 | Mem:0.00M, Peak:0.00M | Scene, ViewLayer | Synchronizing object | G4_joint_G3R04_splice_hexbolt.081
Fra:451 Mem:860.01M (Peak 869.10M) | Time:00:02.91 | Mem:0.00M, Peak:0.00M | Scene, ViewLayer | Synchronizing object | G4_joint_G3R04_splice_washer.082
Fra:451 Mem:860.01M (Peak 869.10M) | Time:00:02.91 | Mem:0.00M, Peak:0.00M | Scene, ViewLayer | Synchronizing object | G4_joint_G3R04_splice_hexbolt.082
Fra:451 Mem:860.03M (Peak 869.10M) | Time:00:02.91 | Mem:0.00M, Peak:0.00M | Scene, ViewLayer | Synchronizing object | G4_joint_G3R04_splice_washer.083
Fra:451 Mem:860.02M (Peak 869.10M) | Time:00:02.91 | Mem:0.00M, Peak:0.00M | Scene, ViewLayer | Synchronizing object | G4_joint_G3R04_splice_hexbolt.083
Fra:451 Mem:860.01M (Peak 869.10M) | Time:00:02.91 | Mem:0.00M, Peak:0.00M | Scene, ViewLayer | Synchronizing object | G4_joint_G3R04_eave_splice_plate.021
Fra:451 Mem:860.02M (Peak 869.10M) | Time:00:02.91 | Mem:0.00M, Peak:0.00M | Scene, ViewLayer | Synchronizing object | G4_joint_G3R04_splice_washer.084
Fra:451 Mem:860.06M (Peak 869.10M) | Time:00:02.91 | Mem:0.00M, Peak:0.00M | Scene, ViewLayer | Synchronizing object | G4_joint_G3R04_splice_hexbolt.084
Fra:451 Mem:860.04M (Peak 869.10M) | Time:00:02.91 | Mem:0.00M, Peak:0.00M | Scene, ViewLayer | Synchronizing object | G4_joint_G3R04_splice_washer.085
Fra:451 Mem:860.06M (Peak 869.10M) | Time:00:02.91 | Mem:0.00M, Peak:0.00M | Scene, ViewLayer | Synchronizing object | G4_joint_G3R04_splice_hexbolt.085
Fra:451 Mem:860.06M (Peak 869.10M) | Time:00:02.91 | Mem:0.00M, Peak:0.00M | Scene, ViewLayer | Synchronizing object | G4_joint_G3R04_splice_washer.086
Fra:451 Mem:860.06M (Peak 869.10M) | Time:00:02.91 | Mem:0.00M, Peak:0.00M | Scene, ViewLayer | Synchronizing object | G4_joint_G3R04_splice_hexbolt.086
Fra:451 Mem:860.08M (Peak 869.10M) | Time:00:02.91 | Mem:0.00M, Peak:0.00M | Scene, ViewLayer | Synchronizing object | G4_joint_G3R04_splice_washer.087
Fra:451 Mem:860.08M (Peak 869.10M) | Time:00:02.91 | Mem:0.00M, Peak:0.00M | Scene, ViewLayer | Synchronizing object | G4_joint_G3R04_splice_hexbolt.087
Fra:451 Mem:860.10M (Peak 869.10M) | Time:00:02.91 | Mem:0.00M, Peak:0.00M | Scene, ViewLayer | Synchronizing object | G4_sconce_G3R04_sconce_mount.010
Fra:451 Mem:860.08M (Peak 869.10M) | Time:00:02.91 | Mem:0.00M, Peak:0.00M | Scene, ViewLayer | Synchronizing object | G4_sconce_G3R04_opal_diffuser.010
Fra:451 Mem:860.11M (Peak 869.10M) | Time:00:02.91 | Mem:0.00M, Peak:0.00M | Scene, ViewLayer | Synchronizing object | G4_sconce_G3R04_sconce_cap.020
Fra:451 Mem:860.20M (Peak 869.10M) | Time:00:02.91 | Mem:0.00M, Peak:0.00M | Scene, ViewLayer | Synchronizing object | G4_sconce_G3R04_sconce_cap.021
Fra:451 Mem:860.16M (Peak 869.10M) | Time:00:02.91 | Mem:0.00M, Peak:0.00M | Scene, ViewLayer | Synchronizing object | G4_sconce_G3R04_sconce_cage.020
Fra:451 Mem:860.19M (Peak 869.10M) | Time:00:02.91 | Mem:0.00M, Peak:0.00M | Scene, ViewLayer | Synchronizing object | G4_sconce_G3R04_sconce_cage.021
Fra:451 Mem:860.17M (Peak 869.10M) | Time:00:02.91 | Mem:0.00M, Peak:0.00M | Scene, ViewLayer | Synchronizing object | G4_column_sconce.010
Fra:451 Mem:860.19M (Peak 869.10M) | Time:00:02.91 | Mem:0.00M, Peak:0.00M | Scene, ViewLayer | Synchronizing object | G4_joint_G3_column_anchor_bolt.044
Fra:451 Mem:860.19M (Peak 869.10M) | Time:00:02.91 | Mem:0.00M, Peak:0.00M | Scene, ViewLayer | Synchronizing object | G4_joint_G3_column_anchor_bolt.045
Fra:451 Mem:860.19M (Peak 869.10M) | Time:00:02.91 | Mem:0.00M, Peak:0.00M | Scene, ViewLayer | Synchronizing object | G4_joint_G3_column_anchor_bolt.046
Fra:451 Mem:860.19M (Peak 869.10M) | Time:00:02.91 | Mem:0.00M, Peak:0.00M | Scene, ViewLayer | Synchronizing object | G4_joint_G3_column_anchor_bolt.047
Fra:451 Mem:860.19M (Peak 869.10M) | Time:00:02.91 | Mem:0.00M, Peak:0.00M | Scene, ViewLayer | Synchronizing object | G4_joint_G3_column_cap_plate.011
Fra:451 Mem:860.19M (Peak 869.10M) | Time:00:02.91 | Mem:0.00M, Peak:0.00M | Scene, ViewLayer | Synchronizing object | G4_joint_G3_cap_rivet.022
Fra:451 Mem:860.24M (Peak 869.10M) | Time:00:02.91 | Mem:0.00M, Peak:0.00M | Scene, ViewLayer | Synchronizing object | G4_joint_G3_cap_rivet.023
Fra:451 Mem:860.24M (Peak 869.10M) | Time:00:02.91 | Mem:0.00M, Peak:0.00M | Scene, ViewLayer | Synchronizing object | G4_joint_G3R04_eave_splice_plate.022
Fra:451 Mem:860.25M (Peak 869.10M) | Time:00:02.91 | Mem:0.00M, Peak:0.00M | Scene, ViewLayer | Synchronizing object | G4_joint_G3R04_splice_washer.088
Fra:451 Mem:860.25M (Peak 869.10M) | Time:00:02.91 | Mem:0.00M, Peak:0.00M | Scene, ViewLayer | Synchronizing object | G4_joint_G3R04_splice_hexbolt.088
Fra:451 Mem:860.26M (Peak 869.10M) | Time:00:02.91 | Mem:0.00M, Peak:0.00M | Scene, ViewLayer | Synchronizing object | G4_joint_G3R04_splice_washer.089
Fra:451 Mem:860.27M (Peak 869.10M) | Time:00:02.91 | Mem:0.00M, Peak:0.00M | Scene, ViewLayer | Synchronizing object | G4_joint_G3R04_splice_hexbolt.089
Fra:451 Mem:860.27M (Peak 869.10M) | Time:00:02.91 | Mem:0.00M, Peak:0.00M | Scene, ViewLayer | Synchronizing object | G4_joint_G3R04_splice_washer.090
Fra:451 Mem:860.27M (Peak 869.10M) | Time:00:02.91 | Mem:0.00M, Peak:0.00M | Scene, ViewLayer | Synchronizing object | G4_joint_G3R04_splice_hexbolt.090
Fra:451 Mem:860.30M (Peak 869.10M) | Time:00:02.91 | Mem:0.00M, Peak:0.00M | Scene, ViewLayer | Synchronizing object | G4_joint_G3R04_splice_washer.091
Fra:451 Mem:860.29M (Peak 869.10M) | Time:00:02.91 | Mem:0.00M, Peak:0.00M | Scene, ViewLayer | Synchronizing object | G4_joint_G3R04_splice_hexbolt.091
Fra:451 Mem:860.28M (Peak 869.10M) | Time:00:02.91 | Mem:0.00M, Peak:0.00M | Scene, ViewLayer | Synchronizing object | G4_joint_G3R04_eave_splice_plate.023
Fra:451 Mem:860.29M (Peak 869.10M) | Time:00:02.91 | Mem:0.00M, Peak:0.00M | Scene, ViewLayer | Synchronizing object | G4_joint_G3R04_splice_hexbolt.092
Fra:451 Mem:860.32M (Peak 869.10M) | Time:00:02.91 | Mem:0.00M, Peak:0.00M | Scene, ViewLayer | Synchronizing object | G4_joint_G3R04_splice_washer.093
Fra:451 Mem:860.32M (Peak 869.10M) | Time:00:02.91 | Mem:0.00M, Peak:0.00M | Scene, ViewLayer | Synchronizing object | G4_joint_G3R04_splice_hexbolt.093
Fra:451 Mem:860.33M (Peak 869.10M) | Time:00:02.91 | Mem:0.00M, Peak:0.00M | Scene, ViewLayer | Synchronizing object | G4_joint_G3R04_splice_washer.094
Fra:451 Mem:860.36M (Peak 869.10M) | Time:00:02.91 | Mem:0.00M, Peak:0.00M | Scene, ViewLayer | Synchronizing object | G4_joint_G3R04_splice_hexbolt.094
Fra:451 Mem:860.34M (Peak 869.10M) | Time:00:02.91 | Mem:0.00M, Peak:0.00M | Scene, ViewLayer | Synchronizing object | G4_joint_G3R04_splice_washer.095
Fra:451 Mem:860.35M (Peak 869.10M) | Time:00:02.91 | Mem:0.00M, Peak:0.00M | Scene, ViewLayer | Synchronizing object | G4_joint_G3R04_splice_hexbolt.095
Fra:451 Mem:860.36M (Peak 869.10M) | Time:00:02.91 | Mem:0.00M, Peak:0.00M | Scene, ViewLayer | Synchronizing object | G4_sconce_G3R04_opal_diffuser.011
Fra:451 Mem:860.35M (Peak 869.10M) | Time:00:02.91 | Mem:0.00M, Peak:0.00M | Scene, ViewLayer | Synchronizing object | G4_sconce_G3R04_sconce_cap.022
Fra:451 Mem:860.42M (Peak 869.10M) | Time:00:02.91 | Mem:0.00M, Peak:0.00M | Scene, ViewLayer | Synchronizing object | G4_sconce_G3R04_sconce_cap.023
Fra:451 Mem:860.44M (Peak 869.10M) | Time:00:02.91 | Mem:0.00M, Peak:0.00M | Scene, ViewLayer | Synchronizing object | G4_column_sconce.011
Fra:451 Mem:860.44M (Peak 869.10M) | Time:00:02.91 | Mem:0.00M, Peak:0.00M | Scene, ViewLayer | Synchronizing object | G4_joint_G3_column_anchor_bolt.048
Fra:451 Mem:860.45M (Peak 869.10M) | Time:00:02.91 | Mem:0.00M, Peak:0.00M | Scene, ViewLayer | Synchronizing object | G4_joint_G3_column_anchor_bolt.049
Fra:451 Mem:860.45M (Peak 869.10M) | Time:00:02.91 | Mem:0.00M, Peak:0.00M | Scene, ViewLayer | Synchronizing object | G4_joint_G3_column_anchor_bolt.050
Fra:451 Mem:860.45M (Peak 869.10M) | Time:00:02.91 | Mem:0.00M, Peak:0.00M | Scene, ViewLayer | Synchronizing object | G4_joint_G3_column_anchor_bolt.051
Fra:451 Mem:860.45M (Peak 869.10M) | Time:00:02.91 | Mem:0.00M, Peak:0.00M | Scene, ViewLayer | Synchronizing object | G4_joint_G3_column_cap_plate.012
Fra:451 Mem:860.48M (Peak 869.10M) | Time:00:02.91 | Mem:0.00M, Peak:0.00M | Scene, ViewLayer | Synchronizing object | G4_joint_G3_cap_rivet.024
Fra:451 Mem:860.48M (Peak 869.10M) | Time:00:02.91 | Mem:0.00M, Peak:0.00M | Scene, ViewLayer | Synchronizing object | G4_joint_G3_cap_rivet.025
Fra:451 Mem:860.49M (Peak 869.10M) | Time:00:02.91 | Mem:0.00M, Peak:0.00M | Scene, ViewLayer | Synchronizing object | G4_joint_G3R04_eave_splice_plate.024
Fra:451 Mem:860.51M (Peak 869.10M) | Time:00:02.91 | Mem:0.00M, Peak:0.00M | Scene, ViewLayer | Synchronizing object | G4_joint_G3R04_splice_washer.096
Fra:451 Mem:860.52M (Peak 869.10M) | Time:00:02.91 | Mem:0.00M, Peak:0.00M | Scene, ViewLayer | Synchronizing object | G4_joint_G3R04_splice_hexbolt.096
Fra:451 Mem:860.53M (Peak 869.10M) | Time:00:02.91 | Mem:0.00M, Peak:0.00M | Scene, ViewLayer | Synchronizing object | G4_joint_G3R04_splice_washer.097
Fra:451 Mem:860.53M (Peak 869.10M) | Time:00:02.91 | Mem:0.00M, Peak:0.00M | Scene, ViewLayer | Synchronizing object | G4_joint_G3R04_splice_hexbolt.097
Fra:451 Mem:860.54M (Peak 869.10M) | Time:00:02.91 | Mem:0.00M, Peak:0.00M | Scene, ViewLayer | Synchronizing object | G4_joint_G3R04_splice_washer.098
Fra:451 Mem:860.55M (Peak 869.10M) | Time:00:02.91 | Mem:0.00M, Peak:0.00M | Scene, ViewLayer | Synchronizing object | G4_joint_G3R04_splice_hexbolt.098
Fra:451 Mem:860.55M (Peak 869.10M) | Time:00:02.91 | Mem:0.00M, Peak:0.00M | Scene, ViewLayer | Synchronizing object | G4_joint_G3R04_splice_washer.099
Fra:451 Mem:860.56M (Peak 869.10M) | Time:00:02.91 | Mem:0.00M, Peak:0.00M | Scene, ViewLayer | Synchronizing object | G4_joint_G3R04_splice_hexbolt.099
Fra:451 Mem:860.56M (Peak 869.10M) | Time:00:02.91 | Mem:0.00M, Peak:0.00M | Scene, ViewLayer | Synchronizing object | G4_joint_G3R04_eave_splice_plate.025
Fra:451 Mem:860.59M (Peak 869.10M) | Time:00:02.91 | Mem:0.00M, Peak:0.00M | Scene, ViewLayer | Synchronizing object | G4_joint_G3R04_splice_washer.100
Fra:451 Mem:860.59M (Peak 869.10M) | Time:00:02.91 | Mem:0.00M, Peak:0.00M | Scene, ViewLayer | Synchronizing object | G4_joint_G3R04_splice_hexbolt.100
Fra:451 Mem:860.60M (Peak 869.10M) | Time:00:02.91 | Mem:0.00M, Peak:0.00M | Scene, ViewLayer | Synchronizing object | G4_joint_G3R04_splice_washer.101
Fra:451 Mem:860.61M (Peak 869.10M) | Time:00:02.91 | Mem:0.00M, Peak:0.00M | Scene, ViewLayer | Synchronizing object | G4_joint_G3R04_splice_hexbolt.101
Fra:451 Mem:860.61M (Peak 869.10M) | Time:00:02.91 | Mem:0.00M, Peak:0.00M | Scene, ViewLayer | Synchronizing object | G4_joint_G3R04_splice_washer.102
Fra:451 Mem:860.62M (Peak 869.10M) | Time:00:02.91 | Mem:0.00M, Peak:0.00M | Scene, ViewLayer | Synchronizing object | G4_joint_G3R04_splice_hexbolt.102
Fra:451 Mem:860.62M (Peak 869.10M) | Time:00:02.91 | Mem:0.00M, Peak:0.00M | Scene, ViewLayer | Synchronizing object | G4_joint_G3R04_splice_washer.103
Fra:451 Mem:860.63M (Peak 869.10M) | Time:00:02.91 | Mem:0.00M, Peak:0.00M | Scene, ViewLayer | Synchronizing object | G4_joint_G3R04_splice_hexbolt.103
Fra:451 Mem:860.63M (Peak 869.10M) | Time:00:02.91 | Mem:0.00M, Peak:0.00M | Scene, ViewLayer | Synchronizing object | G4_sconce_G3R04_sconce_mount.012
Fra:451 Mem:860.66M (Peak 869.10M) | Time:00:02.91 | Mem:0.00M, Peak:0.00M | Scene, ViewLayer | Synchronizing object | G4_sconce_G3R04_opal_diffuser.012
Fra:451 Mem:860.68M (Peak 869.10M) | Time:00:02.91 | Mem:0.00M, Peak:0.00M | Scene, ViewLayer | Synchronizing object | G4_sconce_G3R04_sconce_cap.024
Fra:451 Mem:860.71M (Peak 869.10M) | Time:00:02.91 | Mem:0.00M, Peak:0.00M | Scene, ViewLayer | Synchronizing object | G4_sconce_G3R04_sconce_cap.025
Fra:451 Mem:860.73M (Peak 869.10M) | Time:00:02.91 | Mem:0.00M, Peak:0.00M | Scene, ViewLayer | Synchronizing object | G4_sconce_G3R04_sconce_cage.024
Fra:451 Mem:860.74M (Peak 869.10M) | Time:00:02.91 | Mem:0.00M, Peak:0.00M | Scene, ViewLayer | Synchronizing object | G4_sconce_G3R04_sconce_cage.025
Fra:451 Mem:860.74M (Peak 869.10M) | Time:00:02.91 | Mem:0.00M, Peak:0.00M | Scene, ViewLayer | Synchronizing object | G4_column_sconce.012
Fra:451 Mem:860.74M (Peak 869.10M) | Time:00:02.91 | Mem:0.00M, Peak:0.00M | Scene, ViewLayer | Synchronizing object | G4_joint_G3_column_anchor_bolt.052
Fra:451 Mem:860.75M (Peak 869.10M) | Time:00:02.91 | Mem:0.00M, Peak:0.00M | Scene, ViewLayer | Synchronizing object | G4_joint_G3_column_anchor_bolt.053
Fra:451 Mem:860.75M (Peak 869.10M) | Time:00:02.91 | Mem:0.00M, Peak:0.00M | Scene, ViewLayer | Synchronizing object | G4_joint_G3_column_anchor_bolt.054
Fra:451 Mem:860.75M (Peak 869.10M) | Time:00:02.91 | Mem:0.00M, Peak:0.00M | Scene, ViewLayer | Synchronizing object | G4_joint_G3_column_anchor_bolt.055
Fra:451 Mem:860.75M (Peak 869.10M) | Time:00:02.91 | Mem:0.00M, Peak:0.00M | Scene, ViewLayer | Synchronizing object | G4_joint_G3_column_cap_plate.013
Fra:451 Mem:860.78M (Peak 869.10M) | Time:00:02.91 | Mem:0.00M, Peak:0.00M | Scene, ViewLayer | Synchronizing object | G4_joint_G3_cap_rivet.026
Fra:451 Mem:860.78M (Peak 869.10M) | Time:00:02.91 | Mem:0.00M, Peak:0.00M | Scene, ViewLayer | Synchronizing object | G4_joint_G3_cap_rivet.027
Fra:451 Mem:860.79M (Peak 869.10M) | Time:00:02.91 | Mem:0.00M, Peak:0.00M | Scene, ViewLayer | Synchronizing object | G4_joint_G3R04_eave_splice_plate.026
Fra:451 Mem:860.81M (Peak 869.10M) | Time:00:02.91 | Mem:0.00M, Peak:0.00M | Scene, ViewLayer | Synchronizing object | G4_joint_G3R04_splice_washer.104
Fra:451 Mem:860.82M (Peak 869.10M) | Time:00:02.91 | Mem:0.00M, Peak:0.00M | Scene, ViewLayer | Synchronizing object | G4_joint_G3R04_splice_hexbolt.104
Fra:451 Mem:860.82M (Peak 869.10M) | Time:00:02.91 | Mem:0.00M, Peak:0.00M | Scene, ViewLayer | Synchronizing object | G4_joint_G3R04_splice_washer.105
Fra:451 Mem:860.83M (Peak 869.10M) | Time:00:02.91 | Mem:0.00M, Peak:0.00M | Scene, ViewLayer | Synchronizing object | G4_joint_G3R04_splice_hexbolt.105
Fra:451 Mem:860.84M (Peak 869.10M) | Time:00:02.91 | Mem:0.00M, Peak:0.00M | Scene, ViewLayer | Synchronizing object | G4_joint_G3R04_splice_washer.106
Fra:451 Mem:860.85M (Peak 869.10M) | Time:00:02.91 | Mem:0.00M, Peak:0.00M | Scene, ViewLayer | Synchronizing object | G4_joint_G3R04_splice_hexbolt.106
Fra:451 Mem:860.85M (Peak 869.10M) | Time:00:02.91 | Mem:0.00M, Peak:0.00M | Scene, ViewLayer | Synchronizing object | G4_joint_G3R04_splice_washer.107
Fra:451 Mem:860.86M (Peak 869.10M) | Time:00:02.91 | Mem:0.00M, Peak:0.00M | Scene, ViewLayer | Synchronizing object | G4_joint_G3R04_splice_hexbolt.107
Fra:451 Mem:860.86M (Peak 869.10M) | Time:00:02.91 | Mem:0.00M, Peak:0.00M | Scene, ViewLayer | Synchronizing object | G4_joint_G3R04_eave_splice_plate.027
Fra:451 Mem:860.88M (Peak 869.10M) | Time:00:02.91 | Mem:0.00M, Peak:0.00M | Scene, ViewLayer | Synchronizing object | G4_joint_G3R04_splice_washer.108
Fra:451 Mem:860.90M (Peak 869.10M) | Time:00:02.91 | Mem:0.00M, Peak:0.00M | Scene, ViewLayer | Synchronizing object | G4_joint_G3R04_splice_hexbolt.108
Fra:451 Mem:860.90M (Peak 869.10M) | Time:00:02.91 | Mem:0.00M, Peak:0.00M | Scene, ViewLayer | Synchronizing object | G4_joint_G3R04_splice_washer.109
Fra:451 Mem:860.91M (Peak 869.10M) | Time:00:02.91 | Mem:0.00M, Peak:0.00M | Scene, ViewLayer | Synchronizing object | G4_joint_G3R04_splice_hexbolt.109
Fra:451 Mem:860.91M (Peak 869.10M) | Time:00:02.91 | Mem:0.00M, Peak:0.00M | Scene, ViewLayer | Synchronizing object | G4_joint_G3R04_splice_washer.110
Fra:451 Mem:860.92M (Peak 869.10M) | Time:00:02.91 | Mem:0.00M, Peak:0.00M | Scene, ViewLayer | Synchronizing object | G4_joint_G3R04_splice_hexbolt.110
Fra:451 Mem:860.92M (Peak 869.10M) | Time:00:02.91 | Mem:0.00M, Peak:0.00M | Scene, ViewLayer | Synchronizing object | G4_joint_G3R04_splice_washer.111
Fra:451 Mem:860.93M (Peak 869.10M) | Time:00:02.91 | Mem:0.00M, Peak:0.00M | Scene, ViewLayer | Synchronizing object | G4_sconce_G3R04_sconce_mount.013
Fra:451 Mem:860.93M (Peak 869.10M) | Time:00:02.91 | Mem:0.00M, Peak:0.00M | Scene, ViewLayer | Synchronizing object | G4_sconce_G3R04_opal_diffuser.013
Fra:451 Mem:860.94M (Peak 869.10M) | Time:00:02.91 | Mem:0.00M, Peak:0.00M | Scene, ViewLayer | Synchronizing object | G4_sconce_G3R04_sconce_cap.026
Fra:451 Mem:861.04M (Peak 869.10M) | Time:00:02.91 | Mem:0.00M, Peak:0.00M | Scene, ViewLayer | Synchronizing object | G4_sconce_G3R04_sconce_cap.027
Fra:451 Mem:861.02M (Peak 869.10M) | Time:00:02.91 | Mem:0.00M, Peak:0.00M | Scene, ViewLayer | Synchronizing object | G4_sconce_G3R04_sconce_cage.026
Fra:451 Mem:861.03M (Peak 869.10M) | Time:00:02.91 | Mem:0.00M, Peak:0.00M | Scene, ViewLayer | Synchronizing object | G4_sconce_G3R04_sconce_cage.027
Fra:451 Mem:861.03M (Peak 869.10M) | Time:00:02.91 | Mem:0.00M, Peak:0.00M | Scene, ViewLayer | Synchronizing object | G4_column_sconce.013
Fra:451 Mem:861.04M (Peak 869.10M) | Time:00:02.91 | Mem:0.00M, Peak:0.00M | Scene, ViewLayer | Synchronizing object | G4_joint_G3_column_anchor_bolt.056
Fra:451 Mem:861.04M (Peak 869.10M) | Time:00:02.91 | Mem:0.00M, Peak:0.00M | Scene, ViewLayer | Synchronizing object | G4_joint_G3_column_anchor_bolt.057
Fra:451 Mem:861.04M (Peak 869.10M) | Time:00:02.91 | Mem:0.00M, Peak:0.00M | Scene, ViewLayer | Synchronizing object | G4_joint_G3_column_anchor_bolt.058
Fra:451 Mem:861.04M (Peak 869.10M) | Time:00:02.91 | Mem:0.00M, Peak:0.00M | Scene, ViewLayer | Synchronizing object | G4_joint_G3_column_anchor_bolt.059
Fra:451 Mem:861.07M (Peak 869.10M) | Time:00:02.91 | Mem:0.00M, Peak:0.00M | Scene, ViewLayer | Synchronizing object | G4_joint_G3_column_cap_plate.014
Fra:451 Mem:861.07M (Peak 869.10M) | Time:00:02.91 | Mem:0.00M, Peak:0.00M | Scene, ViewLayer | Synchronizing object | G4_joint_G3_cap_rivet.028
Fra:451 Mem:861.05M (Peak 869.10M) | Time:00:02.91 | Mem:0.00M, Peak:0.00M | Scene, ViewLayer | Synchronizing object | G4_joint_G3_cap_rivet.029
Fra:451 Mem:861.07M (Peak 869.10M) | Time:00:02.91 | Mem:0.00M, Peak:0.00M | Scene, ViewLayer | Synchronizing object | G4_joint_G3R04_eave_splice_plate.028
Fra:451 Mem:861.09M (Peak 869.10M) | Time:00:02.91 | Mem:0.00M, Peak:0.00M | Scene, ViewLayer | Synchronizing object | G4_joint_G3R04_splice_washer.112
Fra:451 Mem:861.10M (Peak 869.10M) | Time:00:02.91 | Mem:0.00M, Peak:0.00M | Scene, ViewLayer | Synchronizing object | G4_joint_G3R04_splice_hexbolt.112
Fra:451 Mem:861.12M (Peak 869.10M) | Time:00:02.91 | Mem:0.00M, Peak:0.00M | Scene, ViewLayer | Synchronizing object | G4_joint_G3R04_splice_washer.113
Fra:451 Mem:861.14M (Peak 869.10M) | Time:00:02.91 | Mem:0.00M, Peak:0.00M | Scene, ViewLayer | Synchronizing object | G4_joint_G3R04_splice_hexbolt.113
Fra:451 Mem:861.12M (Peak 869.10M) | Time:00:02.91 | Mem:0.00M, Peak:0.00M | Scene, ViewLayer | Synchronizing object | G4_joint_G3R04_splice_washer.114
Fra:451 Mem:861.13M (Peak 869.10M) | Time:00:02.91 | Mem:0.00M, Peak:0.00M | Scene, ViewLayer | Synchronizing object | G4_joint_G3R04_splice_hexbolt.114
Fra:451 Mem:861.13M (Peak 869.10M) | Time:00:02.91 | Mem:0.00M, Peak:0.00M | Scene, ViewLayer | Synchronizing object | G4_joint_G3R04_splice_washer.115
Fra:451 Mem:861.13M (Peak 869.10M) | Time:00:02.91 | Mem:0.00M, Peak:0.00M | Scene, ViewLayer | Synchronizing object | G4_joint_G3R04_splice_hexbolt.115
Fra:451 Mem:861.13M (Peak 869.10M) | Time:00:02.91 | Mem:0.00M, Peak:0.00M | Scene, ViewLayer | Synchronizing object | G4_joint_G3R04_eave_splice_plate.029
Fra:451 Mem:861.14M (Peak 869.10M) | Time:00:02.91 | Mem:0.00M, Peak:0.00M | Scene, ViewLayer | Synchronizing object | G4_joint_G3R04_splice_washer.116
Fra:451 Mem:861.14M (Peak 869.10M) | Time:00:02.91 | Mem:0.00M, Peak:0.00M | Scene, ViewLayer | Synchronizing object | G4_joint_G3R04_splice_hexbolt.116
Fra:451 Mem:861.18M (Peak 869.10M) | Time:00:02.91 | Mem:0.00M, Peak:0.00M | Scene, ViewLayer | Synchronizing object | G4_joint_G3R04_splice_washer.117
Fra:451 Mem:861.19M (Peak 869.10M) | Time:00:02.91 | Mem:0.00M, Peak:0.00M | Scene, ViewLayer | Synchronizing object | G4_joint_G3R04_splice_hexbolt.117
Fra:451 Mem:861.19M (Peak 869.10M) | Time:00:02.91 | Mem:0.00M, Peak:0.00M | Scene, ViewLayer | Synchronizing object | G4_joint_G3R04_splice_washer.118
Fra:451 Mem:861.19M (Peak 869.10M) | Time:00:02.91 | Mem:0.00M, Peak:0.00M | Scene, ViewLayer | Synchronizing object | G4_joint_G3R04_splice_hexbolt.118
Fra:451 Mem:861.20M (Peak 869.10M) | Time:00:02.91 | Mem:0.00M, Peak:0.00M | Scene, ViewLayer | Synchronizing object | G4_joint_G3R04_splice_washer.119
Fra:451 Mem:861.21M (Peak 869.10M) | Time:00:02.91 | Mem:0.00M, Peak:0.00M | Scene, ViewLayer | Synchronizing object | G4_joint_G3R04_splice_hexbolt.119
Fra:451 Mem:861.23M (Peak 869.10M) | Time:00:02.91 | Mem:0.00M, Peak:0.00M | Scene, ViewLayer | Synchronizing object | G4_sconce_G3R04_sconce_mount.014
Fra:451 Mem:861.21M (Peak 869.10M) | Time:00:02.91 | Mem:0.00M, Peak:0.00M | Scene, ViewLayer | Synchronizing object | G4_sconce_G3R04_opal_diffuser.014
Fra:451 Mem:861.21M (Peak 869.10M) | Time:00:02.91 | Mem:0.00M, Peak:0.00M | Scene, ViewLayer | Synchronizing object | G4_sconce_G3R04_sconce_cap.028
Fra:451 Mem:861.30M (Peak 869.10M) | Time:00:02.91 | Mem:0.00M, Peak:0.00M | Scene, ViewLayer | Synchronizing object | G4_sconce_G3R04_sconce_cap.029
Fra:451 Mem:861.28M (Peak 869.10M) | Time:00:02.91 | Mem:0.00M, Peak:0.00M | Scene, ViewLayer | Synchronizing object | G4_sconce_G3R04_sconce_cage.028
Fra:451 Mem:861.28M (Peak 869.10M) | Time:00:02.91 | Mem:0.00M, Peak:0.00M | Scene, ViewLayer | Synchronizing object | G4_sconce_G3R04_sconce_cage.029
Fra:451 Mem:861.31M (Peak 869.10M) | Time:00:02.91 | Mem:0.00M, Peak:0.00M | Scene, ViewLayer | Synchronizing object | G4_column_sconce.014
Fra:451 Mem:861.32M (Peak 869.10M) | Time:00:02.91 | Mem:0.00M, Peak:0.00M | Scene, ViewLayer | Synchronizing object | G4_joint_G3_column_anchor_bolt.060
Fra:451 Mem:861.32M (Peak 869.10M) | Time:00:02.91 | Mem:0.00M, Peak:0.00M | Scene, ViewLayer | Synchronizing object | G4_joint_G3_column_anchor_bolt.061
Fra:451 Mem:861.31M (Peak 869.10M) | Time:00:02.91 | Mem:0.00M, Peak:0.00M | Scene, ViewLayer | Synchronizing object | G4_joint_G3_column_anchor_bolt.062
Fra:451 Mem:861.31M (Peak 869.10M) | Time:00:02.91 | Mem:0.00M, Peak:0.00M | Scene, ViewLayer | Synchronizing object | G4_joint_G3_column_anchor_bolt.063
Fra:451 Mem:861.31M (Peak 869.10M) | Time:00:02.91 | Mem:0.00M, Peak:0.00M | Scene, ViewLayer | Synchronizing object | G4_joint_G3_column_cap_plate.015
Fra:451 Mem:861.31M (Peak 869.10M) | Time:00:02.91 | Mem:0.00M, Peak:0.00M | Scene, ViewLayer | Synchronizing object | G4_joint_G3_cap_rivet.030
Fra:451 Mem:861.35M (Peak 869.10M) | Time:00:02.91 | Mem:0.00M, Peak:0.00M | Scene, ViewLayer | Synchronizing object | G4_joint_G3_cap_rivet.031
Fra:451 Mem:861.37M (Peak 869.10M) | Time:00:02.91 | Mem:0.00M, Peak:0.00M | Scene, ViewLayer | Synchronizing object | G4_joint_G3R04_eave_splice_plate.030
Fra:451 Mem:861.34M (Peak 869.10M) | Time:00:02.91 | Mem:0.00M, Peak:0.00M | Scene, ViewLayer | Synchronizing object | G4_joint_G3R04_splice_washer.120
Fra:451 Mem:861.40M (Peak 869.10M) | Time:00:02.91 | Mem:0.00M, Peak:0.00M | Scene, ViewLayer | Synchronizing object | G4_joint_G3R04_splice_hexbolt.120
Fra:451 Mem:861.38M (Peak 869.10M) | Time:00:02.91 | Mem:0.00M, Peak:0.00M | Scene, ViewLayer | Synchronizing object | G4_joint_G3R04_splice_washer.121
Fra:451 Mem:861.40M (Peak 869.10M) | Time:00:02.91 | Mem:0.00M, Peak:0.00M | Scene, ViewLayer | Synchronizing object | G4_joint_G3R04_splice_hexbolt.121
Fra:451 Mem:861.39M (Peak 869.10M) | Time:00:02.91 | Mem:0.00M, Peak:0.00M | Scene, ViewLayer | Synchronizing object | G4_joint_G3R04_splice_washer.122
Fra:451 Mem:861.40M (Peak 869.10M) | Time:00:02.91 | Mem:0.00M, Peak:0.00M | Scene, ViewLayer | Synchronizing object | G4_joint_G3R04_splice_washer.123
Fra:451 Mem:861.40M (Peak 869.10M) | Time:00:02.91 | Mem:0.00M, Peak:0.00M | Scene, ViewLayer | Synchronizing object | G4_joint_G3R04_splice_hexbolt.123
Fra:451 Mem:861.41M (Peak 869.10M) | Time:00:02.91 | Mem:0.00M, Peak:0.00M | Scene, ViewLayer | Synchronizing object | G4_joint_G3R04_eave_splice_plate.031
Fra:451 Mem:861.41M (Peak 869.10M) | Time:00:02.91 | Mem:0.00M, Peak:0.00M | Scene, ViewLayer | Synchronizing object | G4_joint_G3R04_splice_washer.124
Fra:451 Mem:861.45M (Peak 869.10M) | Time:00:02.91 | Mem:0.00M, Peak:0.00M | Scene, ViewLayer | Synchronizing object | G4_joint_G3R04_splice_hexbolt.124
Fra:451 Mem:861.45M (Peak 869.10M) | Time:00:02.91 | Mem:0.00M, Peak:0.00M | Scene, ViewLayer | Synchronizing object | G4_joint_G3R04_splice_washer.125
Fra:451 Mem:861.46M (Peak 869.10M) | Time:00:02.91 | Mem:0.00M, Peak:0.00M | Scene, ViewLayer | Synchronizing object | G4_joint_G3R04_splice_hexbolt.125
Fra:451 Mem:861.46M (Peak 869.10M) | Time:00:02.91 | Mem:0.00M, Peak:0.00M | Scene, ViewLayer | Synchronizing object | G4_joint_G3R04_splice_washer.126
Fra:451 Mem:861.47M (Peak 869.10M) | Time:00:02.91 | Mem:0.00M, Peak:0.00M | Scene, ViewLayer | Synchronizing object | G4_joint_G3R04_splice_hexbolt.126
Fra:451 Mem:861.46M (Peak 869.10M) | Time:00:02.91 | Mem:0.00M, Peak:0.00M | Scene, ViewLayer | Synchronizing object | G4_joint_G3R04_splice_washer.127
Fra:451 Mem:861.46M (Peak 869.10M) | Time:00:02.91 | Mem:0.00M, Peak:0.00M | Scene, ViewLayer | Synchronizing object | G4_joint_G3R04_splice_hexbolt.127
Fra:451 Mem:861.48M (Peak 869.10M) | Time:00:02.91 | Mem:0.00M, Peak:0.00M | Scene, ViewLayer | Synchronizing object | G4_sconce_G3R04_sconce_mount.015
Fra:451 Mem:861.48M (Peak 869.10M) | Time:00:02.91 | Mem:0.00M, Peak:0.00M | Scene, ViewLayer | Synchronizing object | G4_sconce_G3R04_opal_diffuser.015
Fra:451 Mem:861.53M (Peak 869.10M) | Time:00:02.91 | Mem:0.00M, Peak:0.00M | Scene, ViewLayer | Synchronizing object | G4_sconce_G3R04_sconce_cap.030
Fra:451 Mem:861.56M (Peak 869.10M) | Time:00:02.91 | Mem:0.00M, Peak:0.00M | Scene, ViewLayer | Synchronizing object | G4_sconce_G3R04_sconce_cap.031
Fra:451 Mem:861.58M (Peak 869.10M) | Time:00:02.91 | Mem:0.00M, Peak:0.00M | Scene, ViewLayer | Synchronizing object | G4_sconce_G3R04_sconce_cage.030
Fra:451 Mem:861.61M (Peak 869.10M) | Time:00:02.91 | Mem:0.00M, Peak:0.00M | Scene, ViewLayer | Synchronizing object | G4_sconce_G3R04_sconce_cage.031
Fra:451 Mem:861.59M (Peak 869.10M) | Time:00:02.91 | Mem:0.00M, Peak:0.00M | Scene, ViewLayer | Synchronizing object | G4_column_sconce.015
Fra:451 Mem:861.59M (Peak 869.10M) | Time:00:02.91 | Mem:0.00M, Peak:0.00M | Scene, ViewLayer | Synchronizing object | G4_platform_edge_inlay
Fra:451 Mem:861.59M (Peak 869.10M) | Time:00:02.91 | Mem:0.00M, Peak:0.00M | Scene, ViewLayer | Synchronizing object | G4_drain_grate_bar
Fra:451 Mem:861.64M (Peak 869.10M) | Time:00:02.92 | Mem:0.00M, Peak:0.00M | Scene, ViewLayer | Synchronizing object | G4_drain_grate_bar.001
Fra:451 Mem:861.64M (Peak 869.10M) | Time:00:02.92 | Mem:0.00M, Peak:0.00M | Scene, ViewLayer | Synchronizing object | G4_drain_grate_bar.002
Fra:451 Mem:861.71M (Peak 869.10M) | Time:00:02.92 | Mem:0.00M, Peak:0.00M | Scene, ViewLayer | Synchronizing object | G4_drain_grate_bar.003
Fra:451 Mem:861.70M (Peak 869.10M) | Time:00:02.92 | Mem:0.00M, Peak:0.00M | Scene, ViewLayer | Synchronizing object | G4_drain_grate_bar.004
Fra:451 Mem:861.75M (Peak 869.10M) | Time:00:02.92 | Mem:0.00M, Peak:0.00M | Scene, ViewLayer | Synchronizing object | G4_drain_grate_bar.005
Fra:451 Mem:861.77M (Peak 869.10M) | Time:00:02.92 | Mem:0.00M, Peak:0.00M | Scene, ViewLayer | Synchronizing object | G4_drain_grate_bar.006
Fra:451 Mem:861.79M (Peak 869.10M) | Time:00:02.92 | Mem:0.00M, Peak:0.00M | Scene, ViewLayer | Synchronizing object | G4_drain_grate_bar.007
Fra:451 Mem:861.82M (Peak 869.10M) | Time:00:02.92 | Mem:0.00M, Peak:0.00M | Scene, ViewLayer | Synchronizing object | G4_drain_grate_bar.008
Fra:451 Mem:861.84M (Peak 869.10M) | Time:00:02.92 | Mem:0.00M, Peak:0.00M | Scene, ViewLayer | Synchronizing object | G4_drain_grate_bar.009
Fra:451 Mem:861.86M (Peak 869.10M) | Time:00:02.92 | Mem:0.00M, Peak:0.00M | Scene, ViewLayer | Synchronizing object | G4_drain_grate_bar.010
Fra:451 Mem:861.89M (Peak 869.10M) | Time:00:02.92 | Mem:0.00M, Peak:0.00M | Scene, ViewLayer | Synchronizing object | G4_drain_grate_bar.011
Fra:451 Mem:861.91M (Peak 869.10M) | Time:00:02.92 | Mem:0.00M, Peak:0.00M | Scene, ViewLayer | Synchronizing object | G4_drain_grate_bar.012
Fra:451 Mem:861.94M (Peak 869.10M) | Time:00:02.92 | Mem:0.00M, Peak:0.00M | Scene, ViewLayer | Synchronizing object | G4_drain_grate_bar.013
Fra:451 Mem:861.96M (Peak 869.10M) | Time:00:02.92 | Mem:0.00M, Peak:0.00M | Scene, ViewLayer | Synchronizing object | G4_drain_grate_bar.014
Fra:451 Mem:861.98M (Peak 869.10M) | Time:00:02.92 | Mem:0.00M, Peak:0.00M | Scene, ViewLayer | Synchronizing object | G4_drain_grate_bar.015
Fra:451 Mem:862.01M (Peak 869.10M) | Time:00:02.92 | Mem:0.00M, Peak:0.00M | Scene, ViewLayer | Synchronizing object | G4_drain_grate_bar.016
Fra:451 Mem:862.01M (Peak 869.10M) | Time:00:02.92 | Mem:0.00M, Peak:0.00M | Scene, ViewLayer | Synchronizing object | G4_drain_grate_bar.017
Fra:451 Mem:862.07M (Peak 869.10M) | Time:00:02.92 | Mem:0.00M, Peak:0.00M | Scene, ViewLayer | Synchronizing object | G4_drain_grate_bar.018
Fra:451 Mem:862.11M (Peak 869.10M) | Time:00:02.92 | Mem:0.00M, Peak:0.00M | Scene, ViewLayer | Synchronizing object | G4_drain_grate_bar.019
Fra:451 Mem:862.09M (Peak 869.10M) | Time:00:02.92 | Mem:0.00M, Peak:0.00M | Scene, ViewLayer | Synchronizing object | G4_drain_grate_bar.020
Fra:451 Mem:862.11M (Peak 869.10M) | Time:00:02.92 | Mem:0.00M, Peak:0.00M | Scene, ViewLayer | Synchronizing object | G4_drain_grate_bar.021
Fra:451 Mem:862.18M (Peak 869.10M) | Time:00:02.92 | Mem:0.00M, Peak:0.00M | Scene, ViewLayer | Synchronizing object | G4_drain_grate_bar.022
Fra:451 Mem:862.16M (Peak 869.10M) | Time:00:02.92 | Mem:0.00M, Peak:0.00M | Scene, ViewLayer | Synchronizing object | G4_drain_grate_bar.023
Fra:451 Mem:862.17M (Peak 869.10M) | Time:00:02.92 | Mem:0.00M, Peak:0.00M | Scene, ViewLayer | Synchronizing object | G4_drain_grate_bar.024
Fra:451 Mem:862.25M (Peak 869.10M) | Time:00:02.92 | Mem:0.00M, Peak:0.00M | Scene, ViewLayer | Synchronizing object | G4_drain_grate_bar.025
Fra:451 Mem:862.25M (Peak 869.10M) | Time:00:02.92 | Mem:0.00M, Peak:0.00M | Scene, ViewLayer | Synchronizing object | G4_drain_grate_bar.026
Fra:451 Mem:862.25M (Peak 869.10M) | Time:00:02.92 | Mem:0.00M, Peak:0.00M | Scene, ViewLayer | Synchronizing object | G4_drain_grate_bar.027
Fra:451 Mem:862.29M (Peak 869.10M) | Time:00:02.92 | Mem:0.00M, Peak:0.00M | Scene, ViewLayer | Synchronizing object | G4_drain_grate_bar.028
Fra:451 Mem:862.32M (Peak 869.10M) | Time:00:02.92 | Mem:0.00M, Peak:0.00M | Scene, ViewLayer | Synchronizing object | G4_drain_grate_bar.029
Fra:451 Mem:862.32M (Peak 869.10M) | Time:00:02.92 | Mem:0.00M, Peak:0.00M | Scene, ViewLayer | Synchronizing object | G4_drain_grate_bar.030
Fra:451 Mem:862.36M (Peak 869.10M) | Time:00:02.92 | Mem:0.00M, Peak:0.00M | Scene, ViewLayer | Synchronizing object | G4_drain_grate_bar.031
Fra:451 Mem:862.38M (Peak 869.10M) | Time:00:02.92 | Mem:0.00M, Peak:0.00M | Scene, ViewLayer | Synchronizing object | G4_drain_grate_bar.032
Fra:451 Mem:862.39M (Peak 869.10M) | Time:00:02.92 | Mem:0.00M, Peak:0.00M | Scene, ViewLayer | Synchronizing object | G4_drain_grate_bar.033
Fra:451 Mem:862.43M (Peak 869.10M) | Time:00:02.92 | Mem:0.00M, Peak:0.00M | Scene, ViewLayer | Synchronizing object | G4_drain_grate_bar.034
Fra:451 Mem:862.45M (Peak 869.10M) | Time:00:02.92 | Mem:0.00M, Peak:0.00M | Scene, ViewLayer | Synchronizing object | G4_drain_grate_bar.035
Fra:451 Mem:862.47M (Peak 869.10M) | Time:00:02.92 | Mem:0.00M, Peak:0.00M | Scene, ViewLayer | Synchronizing object | G4_drain_grate_bar.036
Fra:451 Mem:862.50M (Peak 869.10M) | Time:00:02.92 | Mem:0.00M, Peak:0.00M | Scene, ViewLayer | Synchronizing object | G4_drain_grate_bar.037
Fra:451 Mem:862.53M (Peak 869.10M) | Time:00:02.92 | Mem:0.00M, Peak:0.00M | Scene, ViewLayer | Synchronizing object | G4_drain_grate_bar.038
Fra:451 Mem:862.51M (Peak 869.10M) | Time:00:02.92 | Mem:0.00M, Peak:0.00M | Scene, ViewLayer | Synchronizing object | G4_drain_grate_bar.039
Fra:451 Mem:862.57M (Peak 869.10M) | Time:00:02.92 | Mem:0.00M, Peak:0.00M | Scene, ViewLayer | Synchronizing object | G4_drain_grate_bar.040
Fra:451 Mem:862.62M (Peak 869.10M) | Time:00:02.92 | Mem:0.00M, Peak:0.00M | Scene, ViewLayer | Synchronizing object | G4_drain_grate_bar.041
Fra:451 Mem:862.59M (Peak 869.10M) | Time:00:02.92 | Mem:0.00M, Peak:0.00M | Scene, ViewLayer | Synchronizing object | G4_drain_grate_bar.042
Fra:451 Mem:862.63M (Peak 869.10M) | Time:00:02.92 | Mem:0.00M, Peak:0.00M | Scene, ViewLayer | Synchronizing object | G4_drain_grate_bar.043
Fra:451 Mem:862.66M (Peak 869.10M) | Time:00:02.92 | Mem:0.00M, Peak:0.00M | Scene, ViewLayer | Synchronizing object | G4_drain_grate_bar.044
Fra:451 Mem:862.66M (Peak 869.10M) | Time:00:02.92 | Mem:0.00M, Peak:0.00M | Scene, ViewLayer | Synchronizing object | G4_drain_grate_bar.045
Fra:451 Mem:862.71M (Peak 869.10M) | Time:00:02.92 | Mem:0.00M, Peak:0.00M | Scene, ViewLayer | Synchronizing object | G4_drain_grate_bar.046
Fra:451 Mem:862.74M (Peak 869.10M) | Time:00:02.92 | Mem:0.00M, Peak:0.00M | Scene, ViewLayer | Synchronizing object | G4_drain_grate_bar.047
Fra:451 Mem:862.72M (Peak 869.10M) | Time:00:02.92 | Mem:0.00M, Peak:0.00M | Scene, ViewLayer | Synchronizing object | G4_drain_grate_bar.048
Fra:451 Mem:862.77M (Peak 869.10M) | Time:00:02.92 | Mem:0.00M, Peak:0.00M | Scene, ViewLayer | Synchronizing object | G4_drain_grate_bar.049
Fra:451 Mem:862.78M (Peak 869.10M) | Time:00:02.92 | Mem:0.00M, Peak:0.00M | Scene, ViewLayer | Synchronizing object | G4_drain_grate_bar.050
Fra:451 Mem:862.81M (Peak 869.10M) | Time:00:02.92 | Mem:0.00M, Peak:0.00M | Scene, ViewLayer | Synchronizing object | G4_drain_grate_bar.051
Fra:451 Mem:862.85M (Peak 869.10M) | Time:00:02.92 | Mem:0.00M, Peak:0.00M | Scene, ViewLayer | Synchronizing object | G4_drain_grate_bar.052
Fra:451 Mem:862.84M (Peak 869.10M) | Time:00:02.92 | Mem:0.00M, Peak:0.00M | Scene, ViewLayer | Synchronizing object | G4_drain_grate_bar.053
Fra:451 Mem:862.89M (Peak 869.10M) | Time:00:02.92 | Mem:0.00M, Peak:0.00M | Scene, ViewLayer | Synchronizing object | G4_drain_grate_bar.054
Fra:451 Mem:862.92M (Peak 869.10M) | Time:00:02.92 | Mem:0.00M, Peak:0.00M | Scene, ViewLayer | Synchronizing object | G4_drain_grate_bar.055
Fra:451 Mem:862.93M (Peak 869.10M) | Time:00:02.92 | Mem:0.00M, Peak:0.00M | Scene, ViewLayer | Synchronizing object | G4_drain_grate_bar.056
Fra:451 Mem:862.96M (Peak 869.10M) | Time:00:02.92 | Mem:0.00M, Peak:0.00M | Scene, ViewLayer | Synchronizing object | G4_drain_grate_bar.057
Fra:451 Mem:862.99M (Peak 869.10M) | Time:00:02.92 | Mem:0.00M, Peak:0.00M | Scene, ViewLayer | Synchronizing object | G4_drain_grate_bar.058
Fra:451 Mem:863.00M (Peak 869.10M) | Time:00:02.92 | Mem:0.00M, Peak:0.00M | Scene, ViewLayer | Synchronizing object | G4_drain_grate_bar.059
Fra:451 Mem:863.03M (Peak 869.10M) | Time:00:02.92 | Mem:0.00M, Peak:0.00M | Scene, ViewLayer | Synchronizing object | G4_drain_grate_bar.060
Fra:451 Mem:863.04M (Peak 869.10M) | Time:00:02.92 | Mem:0.00M, Peak:0.00M | Scene, ViewLayer | Synchronizing object | G4_drain_grate_bar.061
Fra:451 Mem:863.08M (Peak 869.10M) | Time:00:02.92 | Mem:0.00M, Peak:0.00M | Scene, ViewLayer | Synchronizing object | G4_drain_grate_bar.062
Fra:451 Mem:863.09M (Peak 869.10M) | Time:00:02.92 | Mem:0.00M, Peak:0.00M | Scene, ViewLayer | Synchronizing object | G4_drain_grate_bar.063
Fra:451 Mem:863.13M (Peak 869.10M) | Time:00:02.92 | Mem:0.00M, Peak:0.00M | Scene, ViewLayer | Synchronizing object | G4_drain_grate_bar.064
Fra:451 Mem:863.14M (Peak 869.10M) | Time:00:02.92 | Mem:0.00M, Peak:0.00M | Scene, ViewLayer | Synchronizing object | G4_drain_grate_bar.065
Fra:451 Mem:863.16M (Peak 869.10M) | Time:00:02.92 | Mem:0.00M, Peak:0.00M | Scene, ViewLayer | Synchronizing object | G4_drain_grate_bar.066
Fra:451 Mem:863.19M (Peak 869.10M) | Time:00:02.92 | Mem:0.00M, Peak:0.00M | Scene, ViewLayer | Synchronizing object | G4_drain_grate_bar.067
Fra:451 Mem:863.22M (Peak 869.10M) | Time:00:02.92 | Mem:0.00M, Peak:0.00M | Scene, ViewLayer | Synchronizing object | G4_drain_grate_bar.068
Fra:451 Mem:863.24M (Peak 869.10M) | Time:00:02.92 | Mem:0.00M, Peak:0.00M | Scene, ViewLayer | Synchronizing object | G4_drain_grate_bar.069
Fra:451 Mem:863.27M (Peak 869.10M) | Time:00:02.92 | Mem:0.00M, Peak:0.00M | Scene, ViewLayer | Synchronizing object | G4_drain_grate_bar.070
Fra:451 Mem:863.30M (Peak 869.10M) | Time:00:02.92 | Mem:0.00M, Peak:0.00M | Scene, ViewLayer | Synchronizing object | G4_drain_grate_bar.071
Fra:451 Mem:863.34M (Peak 869.10M) | Time:00:02.92 | Mem:0.00M, Peak:0.00M | Scene, ViewLayer | Synchronizing object | G4_drain_grate_bar.072
Fra:451 Mem:863.32M (Peak 869.10M) | Time:00:02.92 | Mem:0.00M, Peak:0.00M | Scene, ViewLayer | Synchronizing object | G4_drain_grate_bar.073
Fra:451 Mem:863.37M (Peak 869.10M) | Time:00:02.92 | Mem:0.00M, Peak:0.00M | Scene, ViewLayer | Synchronizing object | G4_drain_grate_bar.074
Fra:451 Mem:863.36M (Peak 869.10M) | Time:00:02.92 | Mem:0.00M, Peak:0.00M | Scene, ViewLayer | Synchronizing object | G4_drain_grate_bar.075
Fra:451 Mem:863.42M (Peak 869.10M) | Time:00:02.92 | Mem:0.00M, Peak:0.00M | Scene, ViewLayer | Synchronizing object | G4_drain_grate_bar.076
Fra:451 Mem:863.41M (Peak 869.10M) | Time:00:02.92 | Mem:0.00M, Peak:0.00M | Scene, ViewLayer | Synchronizing object | G4_drain_grate_bar.077
Fra:451 Mem:863.46M (Peak 869.10M) | Time:00:02.92 | Mem:0.00M, Peak:0.00M | Scene, ViewLayer | Synchronizing object | G4_drain_grate_bar.078
Fra:451 Mem:863.47M (Peak 869.10M) | Time:00:02.92 | Mem:0.00M, Peak:0.00M | Scene, ViewLayer | Synchronizing object | G4_drain_grate_bar.079
Fra:451 Mem:863.53M (Peak 869.10M) | Time:00:02.92 | Mem:0.00M, Peak:0.00M | Scene, ViewLayer | Synchronizing object | G4_drain_grate_bar.080
Fra:451 Mem:863.52M (Peak 869.10M) | Time:00:02.92 | Mem:0.00M, Peak:0.00M | Scene, ViewLayer | Synchronizing object | G4_drain_grate_bar.081
Fra:451 Mem:863.58M (Peak 869.10M) | Time:00:02.92 | Mem:0.00M, Peak:0.00M | Scene, ViewLayer | Synchronizing object | G4_drain_grate_bar.082
Fra:451 Mem:863.57M (Peak 869.10M) | Time:00:02.92 | Mem:0.00M, Peak:0.00M | Scene, ViewLayer | Synchronizing object | G4_drain_grate_bar.083
Fra:451 Mem:863.63M (Peak 869.10M) | Time:00:02.92 | Mem:0.00M, Peak:0.00M | Scene, ViewLayer | Synchronizing object | G4_drain_grate_bar.084
Fra:451 Mem:863.64M (Peak 869.10M) | Time:00:02.92 | Mem:0.00M, Peak:0.00M | Scene, ViewLayer | Synchronizing object | G4_drain_grate_bar.085
Fra:451 Mem:863.66M (Peak 869.10M) | Time:00:02.92 | Mem:0.00M, Peak:0.00M | Scene, ViewLayer | Synchronizing object | G4_drain_grate_bar.086
Fra:451 Mem:863.70M (Peak 869.10M) | Time:00:02.92 | Mem:0.00M, Peak:0.00M | Scene, ViewLayer | Synchronizing object | G4_drain_grate_bar.087
Fra:451 Mem:863.71M (Peak 869.10M) | Time:00:02.92 | Mem:0.00M, Peak:0.00M | Scene, ViewLayer | Synchronizing object | G4_drain_grate_bar.088
Fra:451 Mem:863.75M (Peak 869.10M) | Time:00:02.92 | Mem:0.00M, Peak:0.00M | Scene, ViewLayer | Synchronizing object | G4_drain_grate_bar.089
Fra:451 Mem:863.76M (Peak 869.10M) | Time:00:02.92 | Mem:0.00M, Peak:0.00M | Scene, ViewLayer | Synchronizing object | G4_drain_grate_bar.090
Fra:451 Mem:863.80M (Peak 869.10M) | Time:00:02.92 | Mem:0.00M, Peak:0.00M | Scene, ViewLayer | Synchronizing object | G4_drain_grate_bar.091
Fra:451 Mem:863.81M (Peak 869.10M) | Time:00:02.92 | Mem:0.00M, Peak:0.00M | Scene, ViewLayer | Synchronizing object | G4_drain_grate_bar.092
Fra:451 Mem:863.82M (Peak 869.10M) | Time:00:02.92 | Mem:0.00M, Peak:0.00M | Scene, ViewLayer | Synchronizing object | G4_drain_grate_bar.093
Fra:451 Mem:863.87M (Peak 869.10M) | Time:00:02.92 | Mem:0.00M, Peak:0.00M | Scene, ViewLayer | Synchronizing object | G4_drain_grate_bar.094
Fra:451 Mem:863.89M (Peak 869.10M) | Time:00:02.92 | Mem:0.00M, Peak:0.00M | Scene, ViewLayer | Synchronizing object | G4_drain_grate_bar.095
Fra:451 Mem:863.90M (Peak 869.10M) | Time:00:02.92 | Mem:0.00M, Peak:0.00M | Scene, ViewLayer | Synchronizing object | G4_drain_grate_bar.096
Fra:451 Mem:863.94M (Peak 869.10M) | Time:00:02.92 | Mem:0.00M, Peak:0.00M | Scene, ViewLayer | Synchronizing object | G4_drain_grate_bar.097
Fra:451 Mem:863.96M (Peak 869.10M) | Time:00:02.92 | Mem:0.00M, Peak:0.00M | Scene, ViewLayer | Synchronizing object | G4_drain_grate_bar.098
Fra:451 Mem:863.97M (Peak 869.10M) | Time:00:02.92 | Mem:0.00M, Peak:0.00M | Scene, ViewLayer | Synchronizing object | G4_drain_grate_bar.099
Fra:451 Mem:864.00M (Peak 869.10M) | Time:00:02.92 | Mem:0.00M, Peak:0.00M | Scene, ViewLayer | Synchronizing object | G4_drain_grate_bar.100
Fra:451 Mem:864.02M (Peak 869.10M) | Time:00:02.92 | Mem:0.00M, Peak:0.00M | Scene, ViewLayer | Synchronizing object | G4_drain_grate_bar.101
Fra:451 Mem:864.04M (Peak 869.10M) | Time:00:02.92 | Mem:0.00M, Peak:0.00M | Scene, ViewLayer | Synchronizing object | G4_drain_grate_bar.102
Fra:451 Mem:864.08M (Peak 869.10M) | Time:00:02.92 | Mem:0.00M, Peak:0.00M | Scene, ViewLayer | Synchronizing object | G4_drain_grate_bar.103
Fra:451 Mem:864.07M (Peak 869.10M) | Time:00:02.92 | Mem:0.00M, Peak:0.00M | Scene, ViewLayer | Synchronizing object | G4_drain_grate_bar.104
Fra:451 Mem:864.11M (Peak 869.10M) | Time:00:02.92 | Mem:0.00M, Peak:0.00M | Scene, ViewLayer | Synchronizing object | G4_drain_grate_bar.105
Fra:451 Mem:864.13M (Peak 869.10M) | Time:00:02.92 | Mem:0.00M, Peak:0.00M | Scene, ViewLayer | Synchronizing object | G4_drain_grate_bar.106
Fra:451 Mem:864.13M (Peak 869.10M) | Time:00:02.92 | Mem:0.00M, Peak:0.00M | Scene, ViewLayer | Synchronizing object | G4_drain_grate_bar.107
Fra:451 Mem:864.18M (Peak 869.10M) | Time:00:02.92 | Mem:0.00M, Peak:0.00M | Scene, ViewLayer | Synchronizing object | G4_drain_grate_bar.108
Fra:451 Mem:864.20M (Peak 869.10M) | Time:00:02.92 | Mem:0.00M, Peak:0.00M | Scene, ViewLayer | Synchronizing object | G4_drain_grate_bar.109
Fra:451 Mem:864.20M (Peak 869.10M) | Time:00:02.92 | Mem:0.00M, Peak:0.00M | Scene, ViewLayer | Synchronizing object | G4_drain_grate_bar.110
Fra:451 Mem:864.23M (Peak 869.10M) | Time:00:02.92 | Mem:0.00M, Peak:0.00M | Scene, ViewLayer | Synchronizing object | G4_drain_grate_bar.111
Fra:451 Mem:864.28M (Peak 869.10M) | Time:00:02.92 | Mem:0.00M, Peak:0.00M | Scene, ViewLayer | Synchronizing object | G4_drain_grate_bar.112
Fra:451 Mem:864.27M (Peak 869.10M) | Time:00:02.92 | Mem:0.00M, Peak:0.00M | Scene, ViewLayer | Synchronizing object | G4_drain_grate_bar.113
Fra:451 Mem:864.32M (Peak 869.10M) | Time:00:02.92 | Mem:0.00M, Peak:0.00M | Scene, ViewLayer | Synchronizing object | G4_drain_grate_bar.114
Fra:451 Mem:864.36M (Peak 869.10M) | Time:00:02.92 | Mem:0.00M, Peak:0.00M | Scene, ViewLayer | Synchronizing object | G4_drain_grate_bar.115
Fra:451 Mem:864.34M (Peak 869.10M) | Time:00:02.92 | Mem:0.00M, Peak:0.00M | Scene, ViewLayer | Synchronizing object | G4_drain_grate_bar.116
Fra:451 Mem:864.39M (Peak 869.10M) | Time:00:02.92 | Mem:0.00M, Peak:0.00M | Scene, ViewLayer | Synchronizing object | G4_drain_grate_bar.117
Fra:451 Mem:864.43M (Peak 869.10M) | Time:00:02.92 | Mem:0.00M, Peak:0.00M | Scene, ViewLayer | Synchronizing object | G4_drain_grate_bar.118
Fra:451 Mem:864.41M (Peak 869.10M) | Time:00:02.92 | Mem:0.00M, Peak:0.00M | Scene, ViewLayer | Synchronizing object | G4_drain_grate_bar.119
Fra:451 Mem:864.45M (Peak 869.10M) | Time:00:02.92 | Mem:0.00M, Peak:0.00M | Scene, ViewLayer | Synchronizing object | G4_drain_grate_bar.120
Fra:451 Mem:864.49M (Peak 869.10M) | Time:00:02.92 | Mem:0.00M, Peak:0.00M | Scene, ViewLayer | Synchronizing object | G4_drain_grate_bar.121
Fra:451 Mem:864.48M (Peak 869.10M) | Time:00:02.92 | Mem:0.00M, Peak:0.00M | Scene, ViewLayer | Synchronizing object | G4_cafe_G3_walnut_cafe_top
Fra:451 Mem:864.56M (Peak 869.10M) | Time:00:02.92 | Mem:0.00M, Peak:0.00M | Scene, ViewLayer | Synchronizing object | G4_cafe_G3_table_edge_inlay
Fra:451 Mem:864.67M (Peak 869.10M) | Time:00:02.92 | Mem:0.00M, Peak:0.00M | Scene, ViewLayer | Synchronizing object | G4_cafe_G3_turned_pedestal
Fra:451 Mem:864.69M (Peak 869.10M) | Time:00:02.92 | Mem:0.00M, Peak:0.00M | Scene, ViewLayer | Synchronizing object | G4_cafe_G3_walnut_cafe_top.001
Fra:451 Mem:865.06M (Peak 869.10M) | Time:00:02.92 | Mem:0.00M, Peak:0.00M | Scene, ViewLayer | Synchronizing object | G4_cafe_G3_table_edge_inlay.001
Fra:451 Mem:865.02M (Peak 869.10M) | Time:00:02.92 | Mem:0.00M, Peak:0.00M | Scene, ViewLayer | Synchronizing object | G4_cafe_G3_turned_pedestal.001
Fra:451 Mem:865.18M (Peak 869.10M) | Time:00:02.92 | Mem:0.00M, Peak:0.00M | Scene, ViewLayer | Synchronizing object | G4_waiting_bench_wood_frame
Fra:451 Mem:865.34M (Peak 869.10M) | Time:00:02.93 | Mem:0.00M, Peak:0.00M | Scene, ViewLayer | Synchronizing object | G4_bench_back_upright
Fra:451 Mem:865.38M (Peak 869.10M) | Time:00:02.93 | Mem:0.00M, Peak:0.00M | Scene, ViewLayer | Synchronizing object | G4_bench_arm_support
Fra:451 Mem:865.36M (Peak 869.10M) | Time:00:02.93 | Mem:0.00M, Peak:0.00M | Scene, ViewLayer | Synchronizing object | G4_bench_wood_arm
Fra:451 Mem:865.39M (Peak 869.10M) | Time:00:02.93 | Mem:0.00M, Peak:0.00M | Scene, ViewLayer | Synchronizing object | G4_bench_back_upright.001
Fra:451 Mem:865.43M (Peak 869.10M) | Time:00:02.93 | Mem:0.00M, Peak:0.00M | Scene, ViewLayer | Synchronizing object | G4_bench_arm_support.001
Fra:451 Mem:865.44M (Peak 869.10M) | Time:00:02.93 | Mem:0.00M, Peak:0.00M | Scene, ViewLayer | Synchronizing object | G4_bench_wood_arm.001
Fra:451 Mem:865.43M (Peak 869.10M) | Time:00:02.93 | Mem:0.00M, Peak:0.00M | Scene, ViewLayer | Synchronizing object | G4_bench_top_rail
Fra:451 Mem:865.50M (Peak 869.10M) | Time:00:02.93 | Mem:0.00M, Peak:0.00M | Scene, ViewLayer | Synchronizing object | G4_bench_back_cushion
Fra:451 Mem:865.49M (Peak 869.10M) | Time:00:02.93 | Mem:0.00M, Peak:0.00M | Scene, ViewLayer | Synchronizing object | G4_bench_seat_cushion.001
Fra:451 Mem:865.54M (Peak 869.10M) | Time:00:02.93 | Mem:0.00M, Peak:0.00M | Scene, ViewLayer | Synchronizing object | G4_bench_back_cushion.001
Fra:451 Mem:865.54M (Peak 869.10M) | Time:00:02.93 | Mem:0.00M, Peak:0.00M | Scene, ViewLayer | Synchronizing object | G4_bench_seat_cushion.002
Fra:451 Mem:865.60M (Peak 869.10M) | Time:00:02.93 | Mem:0.00M, Peak:0.00M | Scene, ViewLayer | Synchronizing object | G4_bench_back_cushion.002
Fra:451 Mem:865.60M (Peak 869.10M) | Time:00:02.93 | Mem:0.00M, Peak:0.00M | Scene, ViewLayer | Synchronizing object | G4_waiting_bench_wood_frame.001
Fra:451 Mem:865.65M (Peak 869.10M) | Time:00:02.93 | Mem:0.00M, Peak:0.00M | Scene, ViewLayer | Synchronizing object | G4_bench_back_upright.002
Fra:451 Mem:865.66M (Peak 869.10M) | Time:00:02.93 | Mem:0.00M, Peak:0.00M | Scene, ViewLayer | Synchronizing object | G4_bench_arm_support.002
Fra:451 Mem:865.68M (Peak 869.10M) | Time:00:02.93 | Mem:0.00M, Peak:0.00M | Scene, ViewLayer | Synchronizing object | G4_bench_wood_arm.002
Fra:451 Mem:865.72M (Peak 869.10M) | Time:00:02.93 | Mem:0.00M, Peak:0.00M | Scene, ViewLayer | Synchronizing object | G4_bench_back_upright.003
Fra:451 Mem:865.76M (Peak 869.10M) | Time:00:02.93 | Mem:0.00M, Peak:0.00M | Scene, ViewLayer | Synchronizing object | G4_bench_arm_support.003
Fra:451 Mem:865.75M (Peak 869.10M) | Time:00:02.93 | Mem:0.00M, Peak:0.00M | Scene, ViewLayer | Synchronizing object | G4_bench_wood_arm.003
Fra:451 Mem:865.78M (Peak 869.10M) | Time:00:02.93 | Mem:0.00M, Peak:0.00M | Scene, ViewLayer | Synchronizing object | G4_bench_top_rail.001
Fra:451 Mem:865.81M (Peak 869.10M) | Time:00:02.93 | Mem:0.00M, Peak:0.00M | Scene, ViewLayer | Synchronizing object | G4_bench_seat_cushion.003
Fra:451 Mem:865.84M (Peak 869.10M) | Time:00:02.93 | Mem:0.00M, Peak:0.00M | Scene, ViewLayer | Synchronizing object | G4_bench_back_cushion.003
Fra:451 Mem:865.87M (Peak 869.10M) | Time:00:02.93 | Mem:0.00M, Peak:0.00M | Scene, ViewLayer | Synchronizing object | G4_bench_seat_cushion.004
Fra:451 Mem:865.90M (Peak 869.10M) | Time:00:02.93 | Mem:0.00M, Peak:0.00M | Scene, ViewLayer | Synchronizing object | G4_bench_back_cushion.004
Fra:451 Mem:865.93M (Peak 869.10M) | Time:00:02.93 | Mem:0.00M, Peak:0.00M | Scene, ViewLayer | Synchronizing object | G4_bench_seat_cushion.005
Fra:451 Mem:865.96M (Peak 869.10M) | Time:00:02.93 | Mem:0.00M, Peak:0.00M | Scene, ViewLayer | Synchronizing object | G4_bench_back_cushion.005
Fra:451 Mem:865.99M (Peak 869.10M) | Time:00:02.93 | Mem:0.00M, Peak:0.00M | Scene, ViewLayer | Synchronizing object | G4_waiting_bench_wood_frame.002
Fra:451 Mem:866.02M (Peak 869.10M) | Time:00:02.93 | Mem:0.00M, Peak:0.00M | Scene, ViewLayer | Synchronizing object | G4_bench_back_upright.004
Fra:451 Mem:866.05M (Peak 869.10M) | Time:00:02.93 | Mem:0.00M, Peak:0.00M | Scene, ViewLayer | Synchronizing object | G4_bench_arm_support.004
Fra:451 Mem:866.05M (Peak 869.10M) | Time:00:02.93 | Mem:0.00M, Peak:0.00M | Scene, ViewLayer | Synchronizing object | G4_bench_wood_arm.004
Fra:451 Mem:866.10M (Peak 869.10M) | Time:00:02.93 | Mem:0.00M, Peak:0.00M | Scene, ViewLayer | Synchronizing object | G4_bench_back_upright.005
Fra:451 Mem:866.15M (Peak 869.10M) | Time:00:02.93 | Mem:0.00M, Peak:0.00M | Scene, ViewLayer | Synchronizing object | G4_bench_arm_support.005
Fra:451 Mem:866.15M (Peak 869.10M) | Time:00:02.93 | Mem:0.00M, Peak:0.00M | Scene, ViewLayer | Synchronizing object | G4_bench_wood_arm.005
Fra:451 Mem:866.15M (Peak 869.10M) | Time:00:02.93 | Mem:0.00M, Peak:0.00M | Scene, ViewLayer | Synchronizing object | G4_bench_seat_cushion.006
Fra:451 Mem:866.26M (Peak 869.10M) | Time:00:02.93 | Mem:0.00M, Peak:0.00M | Scene, ViewLayer | Synchronizing object | G4_bench_back_cushion.006
Fra:451 Mem:866.23M (Peak 869.10M) | Time:00:02.93 | Mem:0.00M, Peak:0.00M | Scene, ViewLayer | Synchronizing object | G4_bench_seat_cushion.007
Fra:451 Mem:866.26M (Peak 869.10M) | Time:00:02.93 | Mem:0.00M, Peak:0.00M | Scene, ViewLayer | Synchronizing object | G4_bench_back_cushion.007
Fra:451 Mem:866.32M (Peak 869.10M) | Time:00:02.93 | Mem:0.00M, Peak:0.00M | Scene, ViewLayer | Synchronizing object | G4_bench_seat_cushion.008
Fra:451 Mem:866.34M (Peak 869.10M) | Time:00:02.93 | Mem:0.00M, Peak:0.00M | Scene, ViewLayer | Synchronizing object | G4_bench_back_cushion.008
Fra:451 Mem:866.34M (Peak 869.10M) | Time:00:02.93 | Mem:0.00M, Peak:0.00M | Scene, ViewLayer | Synchronizing object | G4_waiting_bench_wood_frame.003
Fra:451 Mem:866.41M (Peak 869.10M) | Time:00:02.93 | Mem:0.00M, Peak:0.00M | Scene, ViewLayer | Synchronizing object | G4_bench_back_upright.006
Fra:451 Mem:866.41M (Peak 869.10M) | Time:00:02.93 | Mem:0.00M, Peak:0.00M | Scene, ViewLayer | Synchronizing object | G4_bench_arm_support.006
Fra:451 Mem:866.43M (Peak 869.10M) | Time:00:02.93 | Mem:0.00M, Peak:0.00M | Scene, ViewLayer | Synchronizing object | G4_bench_wood_arm.006
Fra:451 Mem:866.42M (Peak 869.10M) | Time:00:02.93 | Mem:0.00M, Peak:0.00M | Scene, ViewLayer | Synchronizing object | G4_bench_back_upright.007
Fra:451 Mem:866.47M (Peak 869.10M) | Time:00:02.93 | Mem:0.00M, Peak:0.00M | Scene, ViewLayer | Synchronizing object | G4_bench_arm_support.007
Fra:451 Mem:866.53M (Peak 869.10M) | Time:00:02.93 | Mem:0.00M, Peak:0.00M | Scene, ViewLayer | Synchronizing object | G4_bench_wood_arm.007
Fra:451 Mem:866.49M (Peak 869.10M) | Time:00:02.93 | Mem:0.00M, Peak:0.00M | Scene, ViewLayer | Synchronizing object | G4_bench_top_rail.003
Fra:451 Mem:866.52M (Peak 869.10M) | Time:00:02.93 | Mem:0.00M, Peak:0.00M | Scene, ViewLayer | Synchronizing object | G4_bench_seat_cushion.009
Fra:451 Mem:866.59M (Peak 869.10M) | Time:00:02.93 | Mem:0.00M, Peak:0.00M | Scene, ViewLayer | Synchronizing object | G4_bench_back_cushion.009
Fra:451 Mem:866.59M (Peak 869.10M) | Time:00:02.93 | Mem:0.00M, Peak:0.00M | Scene, ViewLayer | Synchronizing object | G4_bench_seat_cushion.010
Fra:451 Mem:866.59M (Peak 869.10M) | Time:00:02.93 | Mem:0.00M, Peak:0.00M | Scene, ViewLayer | Synchronizing object | G4_bench_back_cushion.010
Fra:451 Mem:866.69M (Peak 869.10M) | Time:00:02.93 | Mem:0.00M, Peak:0.00M | Scene, ViewLayer | Synchronizing object | G4_bench_seat_cushion.011
Fra:451 Mem:866.65M (Peak 869.10M) | Time:00:02.93 | Mem:0.00M, Peak:0.00M | Scene, ViewLayer | Synchronizing object | G4_bench_back_cushion.011
Fra:451 Mem:866.69M (Peak 869.10M) | Time:00:02.93 | Mem:0.00M, Peak:0.00M | Scene, ViewLayer | Synchronizing object | G4_broadleaf_clay_planter
Fra:451 Mem:866.79M (Peak 869.10M) | Time:00:02.93 | Mem:0.00M, Peak:0.00M | Scene, ViewLayer | Synchronizing object | G4_planter_soil
Fra:451 Mem:866.80M (Peak 869.10M) | Time:00:02.93 | Mem:0.00M, Peak:0.00M | Scene, ViewLayer | Synchronizing object | G4_broadleaf_clay_planter.001
Fra:451 Mem:866.81M (Peak 869.10M) | Time:00:02.93 | Mem:0.00M, Peak:0.00M | Scene, ViewLayer | Synchronizing object | G4_planter_soil.001
Fra:451 Mem:866.89M (Peak 869.10M) | Time:00:02.93 | Mem:0.00M, Peak:0.00M | Scene, ViewLayer | Synchronizing object | G4_planter_soil.002
Fra:451 Mem:866.91M (Peak 869.10M) | Time:00:02.93 | Mem:0.00M, Peak:0.00M | Scene, ViewLayer | Synchronizing object | G4_hall_G3_pendant_drop
Fra:451 Mem:866.92M (Peak 869.10M) | Time:00:02.93 | Mem:0.00M, Peak:0.00M | Scene, ViewLayer | Synchronizing object | G4_hall_G3_pendant_shade
Fra:451 Mem:866.97M (Peak 869.10M) | Time:00:02.93 | Mem:0.00M, Peak:0.00M | Scene, ViewLayer | Synchronizing object | G4_hall_G3_pendant_light
Fra:451 Mem:866.97M (Peak 869.10M) | Time:00:02.93 | Mem:0.00M, Peak:0.00M | Scene, ViewLayer | Synchronizing object | G4_hall_G3_pendant_drop.001
Fra:451 Mem:866.99M (Peak 869.10M) | Time:00:02.93 | Mem:0.00M, Peak:0.00M | Scene, ViewLayer | Synchronizing object | G4_hall_G3_pendant_shade.001
Fra:451 Mem:866.99M (Peak 869.10M) | Time:00:02.93 | Mem:0.00M, Peak:0.00M | Scene, ViewLayer | Synchronizing object | G4_hall_G3_pendant_light.001
Fra:451 Mem:867.02M (Peak 869.10M) | Time:00:02.93 | Mem:0.00M, Peak:0.00M | Scene, ViewLayer | Synchronizing object | G4_hall_G3_pendant_drop.002
Fra:451 Mem:867.03M (Peak 869.10M) | Time:00:02.93 | Mem:0.00M, Peak:0.00M | Scene, ViewLayer | Synchronizing object | G4_hall_G3_pendant_shade.002
Fra:451 Mem:867.08M (Peak 869.10M) | Time:00:02.93 | Mem:0.00M, Peak:0.00M | Scene, ViewLayer | Synchronizing object | G4_hall_G3_pendant_light.002
Fra:451 Mem:867.09M (Peak 869.10M) | Time:00:02.93 | Mem:0.00M, Peak:0.00M | Scene, ViewLayer | Synchronizing object | G4_hall_G3_pendant_drop.003
Fra:451 Mem:867.10M (Peak 869.10M) | Time:00:02.93 | Mem:0.00M, Peak:0.00M | Scene, ViewLayer | Synchronizing object | G4_hall_G3_pendant_shade.003
Fra:451 Mem:867.12M (Peak 869.10M) | Time:00:02.93 | Mem:0.00M, Peak:0.00M | Scene, ViewLayer | Synchronizing object | G4_hall_G3_pendant_light.003
Fra:451 Mem:867.14M (Peak 869.10M) | Time:00:02.93 | Mem:0.00M, Peak:0.00M | Scene, ViewLayer | Synchronizing object | G4_hall_G3_pendant_drop.004
Fra:451 Mem:867.15M (Peak 869.10M) | Time:00:02.93 | Mem:0.00M, Peak:0.00M | Scene, ViewLayer | Synchronizing object | G4_hall_G3_pendant_shade.004
Fra:451 Mem:867.20M (Peak 869.10M) | Time:00:02.93 | Mem:0.00M, Peak:0.00M | Scene, ViewLayer | Synchronizing object | G4_hall_G3_pendant_light.004
Fra:451 Mem:867.20M (Peak 869.10M) | Time:00:02.93 | Mem:0.00M, Peak:0.00M | Scene, ViewLayer | Synchronizing object | G4_hall_G3_pendant_drop.005
Fra:451 Mem:867.22M (Peak 869.10M) | Time:00:02.93 | Mem:0.00M, Peak:0.00M | Scene, ViewLayer | Synchronizing object | G4_hall_G3_pendant_shade.005
Fra:451 Mem:867.22M (Peak 869.10M) | Time:00:02.93 | Mem:0.00M, Peak:0.00M | Scene, ViewLayer | Synchronizing object | G4_hall_G3_pendant_light.005
Fra:451 Mem:867.24M (Peak 869.10M) | Time:00:02.93 | Mem:0.00M, Peak:0.00M | Scene, ViewLayer | Synchronizing object | G4_hall_G3_pendant_drop.006
Fra:451 Mem:867.27M (Peak 869.10M) | Time:00:02.93 | Mem:0.00M, Peak:0.00M | Scene, ViewLayer | Synchronizing object | G4_hall_G3_pendant_shade.006
Fra:451 Mem:867.32M (Peak 869.10M) | Time:00:02.93 | Mem:0.00M, Peak:0.00M | Scene, ViewLayer | Synchronizing object | G4_hall_G3_pendant_light.006
Fra:451 Mem:867.32M (Peak 869.10M) | Time:00:02.93 | Mem:0.00M, Peak:0.00M | Scene, ViewLayer | Synchronizing object | G4_hall_G3_pendant_drop.007
Fra:451 Mem:867.33M (Peak 869.10M) | Time:00:02.93 | Mem:0.00M, Peak:0.00M | Scene, ViewLayer | Synchronizing object | G4_hall_G3_pendant_shade.007
Fra:451 Mem:867.36M (Peak 869.10M) | Time:00:02.93 | Mem:0.00M, Peak:0.00M | Scene, ViewLayer | Synchronizing object | G4_hall_G3_pendant_light.007
Fra:451 Mem:867.37M (Peak 869.10M) | Time:00:02.93 | Mem:0.00M, Peak:0.00M | Scene, ViewLayer | Synchronizing object | G4_hall_G3_pendant_drop.008
Fra:451 Mem:867.38M (Peak 869.10M) | Time:00:02.93 | Mem:0.00M, Peak:0.00M | Scene, ViewLayer | Synchronizing object | G4_hall_G3_pendant_shade.008
Fra:451 Mem:867.43M (Peak 869.10M) | Time:00:02.93 | Mem:0.00M, Peak:0.00M | Scene, ViewLayer | Synchronizing object | G4_hall_G3_pendant_light.008
Fra:451 Mem:867.43M (Peak 869.10M) | Time:00:02.93 | Mem:0.00M, Peak:0.00M | Scene, ViewLayer | Synchronizing object | G4_hall_G3_pendant_drop.009
Fra:451 Mem:867.45M (Peak 869.10M) | Time:00:02.93 | Mem:0.00M, Peak:0.00M | Scene, ViewLayer | Synchronizing object | G4_hall_G3_pendant_shade.009
Fra:451 Mem:867.48M (Peak 869.10M) | Time:00:02.93 | Mem:0.00M, Peak:0.00M | Scene, ViewLayer | Synchronizing object | G4_hall_G3_pendant_light.009
Fra:451 Mem:867.48M (Peak 869.10M) | Time:00:02.93 | Mem:0.00M, Peak:0.00M | Scene, ViewLayer | Synchronizing object | G4_hall_G3_pendant_drop.010
Fra:451 Mem:867.50M (Peak 869.10M) | Time:00:02.93 | Mem:0.00M, Peak:0.00M | Scene, ViewLayer | Synchronizing object | G4_hall_G3_pendant_shade.010
Fra:451 Mem:867.55M (Peak 869.10M) | Time:00:02.93 | Mem:0.00M, Peak:0.00M | Scene, ViewLayer | Synchronizing object | G4_hall_G3_pendant_light.010
Fra:451 Mem:867.55M (Peak 869.10M) | Time:00:02.93 | Mem:0.00M, Peak:0.00M | Scene, ViewLayer | Synchronizing object | G4_hall_G3_pendant_drop.011
Fra:451 Mem:867.56M (Peak 869.10M) | Time:00:02.93 | Mem:0.00M, Peak:0.00M | Scene, ViewLayer | Synchronizing object | G4_hall_G3_pendant_shade.011
Fra:451 Mem:867.59M (Peak 869.10M) | Time:00:02.93 | Mem:0.00M, Peak:0.00M | Scene, ViewLayer | Synchronizing object | G4_hall_G3_pendant_light.011
Fra:451 Mem:867.60M (Peak 869.10M) | Time:00:02.93 | Mem:0.00M, Peak:0.00M | Scene, ViewLayer | Synchronizing object | G4_hall_G3_pendant_drop.012
Fra:451 Mem:867.61M (Peak 869.10M) | Time:00:02.93 | Mem:0.00M, Peak:0.00M | Scene, ViewLayer | Synchronizing object | G4_hall_G3_pendant_shade.012
Fra:451 Mem:867.66M (Peak 869.10M) | Time:00:02.93 | Mem:0.00M, Peak:0.00M | Scene, ViewLayer | Synchronizing object | G4_hall_G3_pendant_light.012
Fra:451 Mem:867.66M (Peak 869.10M) | Time:00:02.93 | Mem:0.00M, Peak:0.00M | Scene, ViewLayer | Synchronizing object | G4_hall_G3_pendant_drop.013
Fra:451 Mem:867.68M (Peak 869.10M) | Time:00:02.93 | Mem:0.00M, Peak:0.00M | Scene, ViewLayer | Synchronizing object | G4_hall_G3_pendant_shade.013
Fra:451 Mem:867.71M (Peak 869.10M) | Time:00:02.93 | Mem:0.00M, Peak:0.00M | Scene, ViewLayer | Synchronizing object | G4_hall_G3_pendant_light.013
Fra:451 Mem:867.72M (Peak 869.10M) | Time:00:02.93 | Mem:0.00M, Peak:0.00M | Scene, ViewLayer | Synchronizing object | G4_canopy_lamp_mount
Fra:451 Mem:867.75M (Peak 869.10M) | Time:00:02.93 | Mem:0.00M, Peak:0.00M | Scene, ViewLayer | Synchronizing object | G4_canopy_lamp_housing
Fra:451 Mem:867.78M (Peak 869.10M) | Time:00:02.93 | Mem:0.00M, Peak:0.00M | Scene, ViewLayer | Synchronizing object | G4_canopy_lamp_opal
Fra:451 Mem:867.81M (Peak 869.10M) | Time:00:02.93 | Mem:0.00M, Peak:0.00M | Scene, ViewLayer | Synchronizing object | G4_canopy_practical
Fra:451 Mem:867.80M (Peak 869.10M) | Time:00:02.93 | Mem:0.00M, Peak:0.00M | Scene, ViewLayer | Synchronizing object | G4_canopy_lamp_mount.001
Fra:451 Mem:867.83M (Peak 869.10M) | Time:00:02.93 | Mem:0.00M, Peak:0.00M | Scene, ViewLayer | Synchronizing object | G4_canopy_lamp_housing.001
Fra:451 Mem:867.85M (Peak 869.10M) | Time:00:02.93 | Mem:0.00M, Peak:0.00M | Scene, ViewLayer | Synchronizing object | G4_canopy_lamp_opal.001
Fra:451 Mem:867.88M (Peak 869.10M) | Time:00:02.93 | Mem:0.00M, Peak:0.00M | Scene, ViewLayer | Synchronizing object | G4_canopy_practical.001
Fra:451 Mem:867.88M (Peak 869.10M) | Time:00:02.93 | Mem:0.00M, Peak:0.00M | Scene, ViewLayer | Synchronizing object | G4_canopy_lamp_mount.002
Fra:451 Mem:867.91M (Peak 869.10M) | Time:00:02.93 | Mem:0.00M, Peak:0.00M | Scene, ViewLayer | Synchronizing object | G4_canopy_lamp_housing.002
Fra:451 Mem:867.93M (Peak 869.10M) | Time:00:02.93 | Mem:0.00M, Peak:0.00M | Scene, ViewLayer | Synchronizing object | G4_canopy_lamp_opal.002
Fra:451 Mem:867.95M (Peak 869.10M) | Time:00:02.93 | Mem:0.00M, Peak:0.00M | Scene, ViewLayer | Synchronizing object | G4_canopy_practical.002
Fra:451 Mem:867.95M (Peak 869.10M) | Time:00:02.93 | Mem:0.00M, Peak:0.00M | Scene, ViewLayer | Synchronizing object | G4_canopy_lamp_mount.003
Fra:451 Mem:867.98M (Peak 869.10M) | Time:00:02.93 | Mem:0.00M, Peak:0.00M | Scene, ViewLayer | Synchronizing object | G4_canopy_lamp_housing.003
Fra:451 Mem:868.07M (Peak 869.10M) | Time:00:02.93 | Mem:0.00M, Peak:0.00M | Scene, ViewLayer | Synchronizing object | G4_canopy_lamp_opal.003
Fra:451 Mem:868.11M (Peak 869.10M) | Time:00:02.93 | Mem:0.00M, Peak:0.00M | Scene, ViewLayer | Synchronizing object | G4_canopy_practical.003
Fra:451 Mem:868.12M (Peak 869.10M) | Time:00:02.93 | Mem:0.00M, Peak:0.00M | Scene, ViewLayer | Synchronizing object | G4_canopy_lamp_mount.004
Fra:451 Mem:868.13M (Peak 869.10M) | Time:00:02.93 | Mem:0.00M, Peak:0.00M | Scene, ViewLayer | Synchronizing object | G4_canopy_lamp_housing.004
Fra:451 Mem:868.16M (Peak 869.10M) | Time:00:02.93 | Mem:0.00M, Peak:0.00M | Scene, ViewLayer | Synchronizing object | G4_canopy_lamp_opal.004
Fra:451 Mem:868.19M (Peak 869.10M) | Time:00:02.93 | Mem:0.00M, Peak:0.00M | Scene, ViewLayer | Synchronizing object | G4_canopy_practical.004
Fra:451 Mem:868.20M (Peak 869.10M) | Time:00:02.93 | Mem:0.00M, Peak:0.00M | Scene, ViewLayer | Synchronizing object | G4_canopy_lamp_mount.005
Fra:451 Mem:868.21M (Peak 869.10M) | Time:00:02.93 | Mem:0.00M, Peak:0.00M | Scene, ViewLayer | Synchronizing object | G4_canopy_lamp_housing.005
Fra:451 Mem:868.21M (Peak 869.10M) | Time:00:02.93 | Mem:0.00M, Peak:0.00M | Scene, ViewLayer | Synchronizing object | G4_canopy_lamp_opal.005
Fra:451 Mem:868.26M (Peak 869.10M) | Time:00:02.93 | Mem:0.00M, Peak:0.00M | Scene, ViewLayer | Synchronizing object | G4_canopy_practical.005
Fra:451 Mem:868.30M (Peak 869.10M) | Time:00:02.93 | Mem:0.00M, Peak:0.00M | Scene, ViewLayer | Synchronizing object | G4_canopy_lamp_mount.006
Fra:451 Mem:868.26M (Peak 869.10M) | Time:00:02.93 | Mem:0.00M, Peak:0.00M | Scene, ViewLayer | Synchronizing object | G4_canopy_lamp_housing.006
Fra:451 Mem:868.29M (Peak 869.10M) | Time:00:02.93 | Mem:0.00M, Peak:0.00M | Scene, ViewLayer | Synchronizing object | G4_canopy_lamp_opal.006
Fra:451 Mem:868.34M (Peak 869.10M) | Time:00:02.93 | Mem:0.00M, Peak:0.00M | Scene, ViewLayer | Synchronizing object | G4_canopy_practical.006
Fra:451 Mem:868.32M (Peak 869.10M) | Time:00:02.93 | Mem:0.00M, Peak:0.00M | Scene, ViewLayer | Synchronizing object | G4_canopy_lamp_mount.007
Fra:451 Mem:868.35M (Peak 869.10M) | Time:00:02.93 | Mem:0.00M, Peak:0.00M | Scene, ViewLayer | Synchronizing object | G4_canopy_lamp_housing.007
Fra:451 Mem:868.38M (Peak 869.10M) | Time:00:02.93 | Mem:0.00M, Peak:0.00M | Scene, ViewLayer | Synchronizing object | G4_canopy_lamp_opal.007
Fra:451 Mem:868.40M (Peak 869.10M) | Time:00:02.93 | Mem:0.00M, Peak:0.00M | Scene, ViewLayer | Synchronizing object | G4_canopy_practical.007
Fra:451 Mem:868.39M (Peak 869.10M) | Time:00:02.93 | Mem:0.00M, Peak:0.00M | Scene, ViewLayer | Synchronizing object | G4_train_curved_inner_vault
Fra:451 Mem:868.39M (Peak 869.10M) | Time:00:02.93 | Mem:0.00M, Peak:0.00M | Scene, ViewLayer | Synchronizing object | G4_car_lamp_stem
Fra:451 Mem:868.40M (Peak 869.10M) | Time:00:02.93 | Mem:0.00M, Peak:0.00M | Scene, ViewLayer | Synchronizing object | G4_car_ceiling_practical
Fra:451 Mem:868.42M (Peak 869.10M) | Time:00:02.93 | Mem:0.00M, Peak:0.00M | Scene, ViewLayer | Synchronizing object | G4_car_lamp_stem.001
Fra:451 Mem:868.42M (Peak 869.10M) | Time:00:02.93 | Mem:0.00M, Peak:0.00M | Scene, ViewLayer | Synchronizing object | G4_car_ceiling_practical.001
Fra:451 Mem:868.42M (Peak 869.10M) | Time:00:02.93 | Mem:0.00M, Peak:0.00M | Scene, ViewLayer | Synchronizing object | G4_car_lamp_stem.002
Fra:451 Mem:868.43M (Peak 869.10M) | Time:00:02.93 | Mem:0.00M, Peak:0.00M | Scene, ViewLayer | Synchronizing object | G4_car_ceiling_practical.002
Fra:451 Mem:868.44M (Peak 869.10M) | Time:00:02.93 | Mem:0.00M, Peak:0.00M | Scene, ViewLayer | Synchronizing object | G4_car_lamp_stem.003
Fra:451 Mem:868.45M (Peak 869.10M) | Time:00:02.93 | Mem:0.00M, Peak:0.00M | Scene, ViewLayer | Synchronizing object | G4_car_ceiling_practical.003
Fra:451 Mem:868.44M (Peak 869.10M) | Time:00:02.93 | Mem:0.00M, Peak:0.00M | Scene, ViewLayer | Synchronizing object | G4_car_recessed_walnut_panel
Fra:451 Mem:868.45M (Peak 869.10M) | Time:00:02.93 | Mem:0.00M, Peak:0.00M | Scene, ViewLayer | Synchronizing object | G4_car_panel_bead
Fra:451 Mem:868.50M (Peak 869.10M) | Time:00:02.93 | Mem:0.00M, Peak:0.00M | Scene, ViewLayer | Synchronizing object | G4_car_panel_bead.001
Fra:451 Mem:868.50M (Peak 869.10M) | Time:00:02.93 | Mem:0.00M, Peak:0.00M | Scene, ViewLayer | Synchronizing object | G4_car_panel_stile
Fra:451 Mem:868.56M (Peak 869.10M) | Time:00:02.93 | Mem:0.00M, Peak:0.00M | Scene, ViewLayer | Synchronizing object | G4_car_panel_stile.001
Fra:451 Mem:868.55M (Peak 869.10M) | Time:00:02.93 | Mem:0.00M, Peak:0.00M | Scene, ViewLayer | Synchronizing object | G4_car_recessed_walnut_panel.001
Fra:451 Mem:868.61M (Peak 869.10M) | Time:00:02.93 | Mem:0.00M, Peak:0.00M | Scene, ViewLayer | Synchronizing object | G4_car_panel_bead.002
Fra:451 Mem:868.61M (Peak 869.10M) | Time:00:02.93 | Mem:0.00M, Peak:0.00M | Scene, ViewLayer | Synchronizing object | G4_car_panel_bead.003
Fra:451 Mem:868.66M (Peak 869.10M) | Time:00:02.93 | Mem:0.00M, Peak:0.00M | Scene, ViewLayer | Synchronizing object | G4_car_panel_stile.002
Fra:451 Mem:868.67M (Peak 869.10M) | Time:00:02.93 | Mem:0.00M, Peak:0.00M | Scene, ViewLayer | Synchronizing object | G4_car_panel_stile.003
Fra:451 Mem:868.72M (Peak 869.10M) | Time:00:02.93 | Mem:0.00M, Peak:0.00M | Scene, ViewLayer | Synchronizing object | G4_car_recessed_walnut_panel.002
Fra:451 Mem:868.72M (Peak 869.10M) | Time:00:02.93 | Mem:0.00M, Peak:0.00M | Scene, ViewLayer | Synchronizing object | G4_car_panel_bead.004
Fra:451 Mem:868.77M (Peak 869.10M) | Time:00:02.93 | Mem:0.00M, Peak:0.00M | Scene, ViewLayer | Synchronizing object | G4_car_panel_bead.005
Fra:451 Mem:868.78M (Peak 869.10M) | Time:00:02.93 | Mem:0.00M, Peak:0.00M | Scene, ViewLayer | Synchronizing object | G4_car_panel_stile.004
Fra:451 Mem:868.83M (Peak 869.10M) | Time:00:02.93 | Mem:0.00M, Peak:0.00M | Scene, ViewLayer | Synchronizing object | G4_car_panel_stile.005
Fra:451 Mem:868.83M (Peak 869.10M) | Time:00:02.93 | Mem:0.00M, Peak:0.00M | Scene, ViewLayer | Synchronizing object | G4_car_recessed_walnut_panel.003
Fra:451 Mem:868.88M (Peak 869.10M) | Time:00:02.93 | Mem:0.00M, Peak:0.00M | Scene, ViewLayer | Synchronizing object | G4_car_panel_bead.006
Fra:451 Mem:868.89M (Peak 869.10M) | Time:00:02.93 | Mem:0.00M, Peak:0.00M | Scene, ViewLayer | Synchronizing object | G4_car_panel_bead.007
Fra:451 Mem:868.94M (Peak 869.10M) | Time:00:02.93 | Mem:0.00M, Peak:0.00M | Scene, ViewLayer | Synchronizing object | G4_car_panel_stile.006
Fra:451 Mem:868.94M (Peak 869.10M) | Time:00:02.93 | Mem:0.00M, Peak:0.00M | Scene, ViewLayer | Synchronizing object | G4_car_panel_stile.007
Fra:451 Mem:868.99M (Peak 869.10M) | Time:00:02.93 | Mem:0.00M, Peak:0.00M | Scene, ViewLayer | Synchronizing object | G4_car_panel_bead.008
Fra:451 Mem:869.05M (Peak 869.10M) | Time:00:02.93 | Mem:0.00M, Peak:0.00M | Scene, ViewLayer | Synchronizing object | G4_car_panel_bead.009
Fra:451 Mem:869.06M (Peak 869.10M) | Time:00:02.93 | Mem:0.00M, Peak:0.00M | Scene, ViewLayer | Synchronizing object | G4_car_panel_stile.008
Fra:451 Mem:869.12M (Peak 869.12M) | Time:00:02.94 | Mem:0.00M, Peak:0.00M | Scene, ViewLayer | Synchronizing object | G4_car_panel_stile.009
Fra:451 Mem:869.11M (Peak 869.12M) | Time:00:02.94 | Mem:0.00M, Peak:0.00M | Scene, ViewLayer | Synchronizing object | G4_car_recessed_walnut_panel.005
Fra:451 Mem:869.16M (Peak 869.16M) | Time:00:02.94 | Mem:0.00M, Peak:0.00M | Scene, ViewLayer | Synchronizing object | G4_car_panel_bead.010
Fra:451 Mem:869.16M (Peak 869.16M) | Time:00:02.94 | Mem:0.00M, Peak:0.00M | Scene, ViewLayer | Synchronizing object | G4_car_panel_bead.011
Fra:451 Mem:869.21M (Peak 869.21M) | Time:00:02.94 | Mem:0.00M, Peak:0.00M | Scene, ViewLayer | Synchronizing object | G4_car_panel_stile.010
Fra:451 Mem:869.21M (Peak 869.21M) | Time:00:02.94 | Mem:0.00M, Peak:0.00M | Scene, ViewLayer | Synchronizing object | G4_car_panel_stile.011
Fra:451 Mem:869.27M (Peak 869.26M) | Time:00:02.94 | Mem:0.00M, Peak:0.00M | Scene, ViewLayer | Synchronizing object | G4_car_recessed_walnut_panel.006
Fra:451 Mem:869.29M (Peak 869.29M) | Time:00:02.94 | Mem:0.00M, Peak:0.00M | Scene, ViewLayer | Synchronizing object | G4_car_panel_bead.012
Fra:451 Mem:869.30M (Peak 869.30M) | Time:00:02.94 | Mem:0.00M, Peak:0.00M | Scene, ViewLayer | Synchronizing object | G4_car_panel_bead.013
Fra:451 Mem:869.35M (Peak 869.35M) | Time:00:02.94 | Mem:0.00M, Peak:0.00M | Scene, ViewLayer | Synchronizing object | G4_car_panel_stile.012
Fra:451 Mem:869.37M (Peak 869.37M) | Time:00:02.94 | Mem:0.00M, Peak:0.00M | Scene, ViewLayer | Synchronizing object | G4_car_panel_stile.013
Fra:451 Mem:869.37M (Peak 869.37M) | Time:00:02.94 | Mem:0.00M, Peak:0.00M | Scene, ViewLayer | Synchronizing object | G4_car_recessed_walnut_panel.007
Fra:451 Mem:869.40M (Peak 869.40M) | Time:00:02.94 | Mem:0.00M, Peak:0.00M | Scene, ViewLayer | Synchronizing object | G4_car_panel_bead.014
Fra:451 Mem:869.45M (Peak 869.45M) | Time:00:02.94 | Mem:0.00M, Peak:0.00M | Scene, ViewLayer | Synchronizing object | G4_car_panel_bead.015
Fra:451 Mem:869.47M (Peak 869.47M) | Time:00:02.94 | Mem:0.00M, Peak:0.00M | Scene, ViewLayer | Synchronizing object | G4_car_panel_stile.014
Fra:451 Mem:869.47M (Peak 869.47M) | Time:00:02.94 | Mem:0.00M, Peak:0.00M | Scene, ViewLayer | Synchronizing object | G4_car_panel_stile.015
Fra:451 Mem:869.52M (Peak 869.52M) | Time:00:02.94 | Mem:0.00M, Peak:0.00M | Scene, ViewLayer | Synchronizing object | G4_car_recessed_walnut_panel.008
Fra:451 Mem:869.55M (Peak 869.55M) | Time:00:02.94 | Mem:0.00M, Peak:0.00M | Scene, ViewLayer | Synchronizing object | G4_car_panel_bead.016
Fra:451 Mem:869.55M (Peak 869.55M) | Time:00:02.94 | Mem:0.00M, Peak:0.00M | Scene, ViewLayer | Synchronizing object | G4_car_panel_bead.017
Fra:451 Mem:869.60M (Peak 869.60M) | Time:00:02.94 | Mem:0.00M, Peak:0.00M | Scene, ViewLayer | Synchronizing object | G4_car_panel_stile.016
Fra:451 Mem:869.62M (Peak 869.62M) | Time:00:02.94 | Mem:0.00M, Peak:0.00M | Scene, ViewLayer | Synchronizing object | G4_car_panel_stile.017
Fra:451 Mem:869.62M (Peak 869.62M) | Time:00:02.94 | Mem:0.00M, Peak:0.00M | Scene, ViewLayer | Synchronizing object | G4_car_recessed_walnut_panel.009
Fra:451 Mem:869.66M (Peak 869.66M) | Time:00:02.94 | Mem:0.00M, Peak:0.00M | Scene, ViewLayer | Synchronizing object | G4_car_panel_bead.018
Fra:451 Mem:869.73M (Peak 869.73M) | Time:00:02.94 | Mem:0.00M, Peak:0.00M | Scene, ViewLayer | Synchronizing object | G4_car_panel_bead.019
Fra:451 Mem:869.70M (Peak 869.73M) | Time:00:02.94 | Mem:0.00M, Peak:0.00M | Scene, ViewLayer | Synchronizing object | G4_car_panel_stile.018
Fra:451 Mem:869.75M (Peak 869.75M) | Time:00:02.94 | Mem:0.00M, Peak:0.00M | Scene, ViewLayer | Synchronizing object | G4_car_panel_stile.019
Fra:451 Mem:869.78M (Peak 869.78M) | Time:00:02.94 | Mem:0.00M, Peak:0.00M | Scene, ViewLayer | Synchronizing object | G4_car_recessed_walnut_panel.010
Fra:451 Mem:869.78M (Peak 869.78M) | Time:00:02.94 | Mem:0.00M, Peak:0.00M | Scene, ViewLayer | Synchronizing object | G4_car_panel_bead.020
Fra:451 Mem:869.82M (Peak 869.82M) | Time:00:02.94 | Mem:0.00M, Peak:0.00M | Scene, ViewLayer | Synchronizing object | G4_car_panel_bead.021
Fra:451 Mem:869.85M (Peak 869.85M) | Time:00:02.94 | Mem:0.00M, Peak:0.00M | Scene, ViewLayer | Synchronizing object | G4_car_panel_stile.020
Fra:451 Mem:869.87M (Peak 869.87M) | Time:00:02.94 | Mem:0.00M, Peak:0.00M | Scene, ViewLayer | Synchronizing object | G4_car_panel_stile.021
Fra:451 Mem:869.88M (Peak 869.88M) | Time:00:02.94 | Mem:0.00M, Peak:0.00M | Scene, ViewLayer | Synchronizing object | G4_car_recessed_walnut_panel.011
Fra:451 Mem:869.95M (Peak 869.95M) | Time:00:02.94 | Mem:0.00M, Peak:0.00M | Scene, ViewLayer | Synchronizing object | G4_car_panel_bead.022
Fra:451 Mem:869.96M (Peak 869.96M) | Time:00:02.94 | Mem:0.00M, Peak:0.00M | Scene, ViewLayer | Synchronizing object | G4_car_panel_bead.023
Fra:451 Mem:869.96M (Peak 869.96M) | Time:00:02.94 | Mem:0.00M, Peak:0.00M | Scene, ViewLayer | Synchronizing object | G4_car_panel_stile.022
Fra:451 Mem:870.03M (Peak 870.03M) | Time:00:02.94 | Mem:0.00M, Peak:0.00M | Scene, ViewLayer | Synchronizing object | G4_car_panel_stile.023
Fra:451 Mem:870.01M (Peak 870.03M) | Time:00:02.94 | Mem:0.00M, Peak:0.00M | Scene, ViewLayer | Synchronizing object | G4_car_recessed_walnut_panel.012
Fra:451 Mem:870.01M (Peak 870.03M) | Time:00:02.94 | Mem:0.00M, Peak:0.00M | Scene, ViewLayer | Synchronizing object | G4_car_panel_bead.024
Fra:451 Mem:870.08M (Peak 870.08M) | Time:00:02.94 | Mem:0.00M, Peak:0.00M | Scene, ViewLayer | Synchronizing object | G4_car_panel_bead.025
Fra:451 Mem:870.10M (Peak 870.10M) | Time:00:02.94 | Mem:0.00M, Peak:0.00M | Scene, ViewLayer | Synchronizing object | G4_car_recessed_walnut_panel.013
Fra:451 Mem:870.13M (Peak 870.13M) | Time:00:02.94 | Mem:0.00M, Peak:0.00M | Scene, ViewLayer | Synchronizing object | G4_car_panel_bead.026
Fra:451 Mem:870.16M (Peak 870.16M) | Time:00:02.94 | Mem:0.00M, Peak:0.00M | Scene, ViewLayer | Synchronizing object | G4_car_panel_bead.027
Fra:451 Mem:870.18M (Peak 870.18M) | Time:00:02.94 | Mem:0.00M, Peak:0.00M | Scene, ViewLayer | Synchronizing object | G4_car_panel_stile.026
Fra:451 Mem:870.21M (Peak 870.21M) | Time:00:02.94 | Mem:0.00M, Peak:0.00M | Scene, ViewLayer | Synchronizing object | G4_car_panel_stile.027
Fra:451 Mem:870.24M (Peak 870.24M) | Time:00:02.94 | Mem:0.00M, Peak:0.00M | Scene, ViewLayer | Synchronizing object | G4_wheelset_brake_disc
Fra:451 Mem:870.26M (Peak 870.26M) | Time:00:02.94 | Mem:0.00M, Peak:0.00M | Scene, ViewLayer | Synchronizing object | G4_wheelset_brake_disc.001
Fra:451 Mem:870.27M (Peak 870.27M) | Time:00:02.94 | Mem:0.00M, Peak:0.00M | Scene, ViewLayer | Synchronizing object | G4_wheelset_brake_disc.002
Fra:451 Mem:870.29M (Peak 870.29M) | Time:00:02.94 | Mem:0.00M, Peak:0.00M | Scene, ViewLayer | Synchronizing object | G4_wheelset_brake_disc.003
Fra:451 Mem:870.30M (Peak 870.30M) | Time:00:02.94 | Mem:0.00M, Peak:0.00M | Scene, ViewLayer | Synchronizing object | G4_wheelset_brake_disc.004
Fra:451 Mem:870.32M (Peak 870.32M) | Time:00:02.94 | Mem:0.00M, Peak:0.00M | Scene, ViewLayer | Synchronizing object | G4_wheelset_brake_disc.005
Fra:451 Mem:870.33M (Peak 870.33M) | Time:00:02.94 | Mem:0.00M, Peak:0.00M | Scene, ViewLayer | Synchronizing object | G4_wheelset_brake_disc.006
Fra:451 Mem:870.35M (Peak 870.35M) | Time:00:02.94 | Mem:0.00M, Peak:0.00M | Scene, ViewLayer | Synchronizing object | G4_wheelset_brake_disc.007
Fra:451 Mem:870.36M (Peak 870.36M) | Time:00:02.94 | Mem:0.00M, Peak:0.00M | Scene, ViewLayer | Synchronizing object | G4_train_headlight
Fra:451 Mem:870.36M (Peak 870.36M) | Time:00:02.94 | Mem:0.00M, Peak:0.00M | Scene, ViewLayer | Synchronizing object | G4_train_headlight.001
Fra:451 Mem:870.36M (Peak 870.36M) | Time:00:02.94 | Mem:0.00M, Peak:0.00M | Scene, ViewLayer | Synchronizing object | G4_cab_gauge_bezel
Fra:451 Mem:870.38M (Peak 870.38M) | Time:00:02.94 | Mem:0.00M, Peak:0.00M | Scene, ViewLayer | Synchronizing object | G4_cab_gauge_face
Fra:451 Mem:870.39M (Peak 870.39M) | Time:00:02.94 | Mem:0.00M, Peak:0.00M | Scene, ViewLayer | Synchronizing object | G4_cab_gauge_bezel.001
Fra:451 Mem:870.40M (Peak 870.40M) | Time:00:02.94 | Mem:0.00M, Peak:0.00M | Scene, ViewLayer | Synchronizing object | G4_cab_gauge_face.001
Fra:451 Mem:870.42M (Peak 870.42M) | Time:00:02.94 | Mem:0.00M, Peak:0.00M | Scene, ViewLayer | Synchronizing object | G4_cab_gauge_bezel.002
Fra:451 Mem:870.43M (Peak 870.43M) | Time:00:02.94 | Mem:0.00M, Peak:0.00M | Scene, ViewLayer | Synchronizing object | G4_cab_gauge_face.002
Fra:451 Mem:870.45M (Peak 870.45M) | Time:00:02.94 | Mem:0.00M, Peak:0.00M | Scene, ViewLayer | Synchronizing object | G4_overcast_environment
Fra:451 Mem:870.45M (Peak 870.45M) | Time:00:02.94 | Mem:0.00M, Peak:0.00M | Scene, ViewLayer | Synchronizing object | G4R03_roof_clipped_rain
Fra:451 Mem:870.45M (Peak 870.45M) | Time:00:02.94 | Mem:0.00M, Peak:0.00M | Scene, ViewLayer | Synchronizing object | G4R03_eave_drips
Fra:451 Mem:870.45M (Peak 870.45M) | Time:00:02.94 | Mem:0.00M, Peak:0.00M | Scene, ViewLayer | Synchronizing object | G4R03_convex_glass_water_beads
Fra:451 Mem:875.84M (Peak 875.84M) | Time:00:02.94 | Mem:0.00M, Peak:0.00M | Scene, ViewLayer | Synchronizing object | G4R03_shallow_rain_puddle
Fra:451 Mem:875.86M (Peak 875.86M) | Time:00:02.94 | Mem:0.00M, Peak:0.00M | Scene, ViewLayer | Synchronizing object | G4R03_shallow_rain_puddle.001
Fra:451 Mem:876.13M (Peak 876.13M) | Time:00:02.94 | Mem:0.00M, Peak:0.00M | Scene, ViewLayer | Synchronizing object | G4R03_shallow_rain_puddle.002
Fra:451 Mem:876.09M (Peak 876.13M) | Time:00:02.94 | Mem:0.00M, Peak:0.00M | Scene, ViewLayer | Synchronizing object | G4R03_shallow_rain_puddle.003
Fra:451 Mem:887.43M (Peak 887.43M) | Time:00:02.94 | Mem:0.00M, Peak:0.00M | Scene, ViewLayer | Synchronizing object | G4R03_shallow_rain_puddle.004
Fra:451 Mem:887.58M (Peak 887.58M) | Time:00:02.94 | Mem:0.00M, Peak:0.00M | Scene, ViewLayer | Synchronizing object | G4COAST_R06_roof_and_leeward_water_caps
Fra:451 Mem:890.01M (Peak 890.01M) | Time:00:02.94 | Mem:0.00M, Peak:0.00M | Scene, ViewLayer | Synchronizing object | G4COAST_R06_exterior_round_rain
Fra:451 Mem:925.83M (Peak 927.25M) | Time:00:02.98 | Mem:0.00M, Peak:0.00M | Scene, ViewLayer | Synchronizing object | G4COAST_R07_surface_runoff
Fra:451 Mem:924.19M (Peak 927.25M) | Time:00:02.98 | Mem:0.00M, Peak:0.00M | Scene, ViewLayer | Synchronizing object | G4COAST_R07_plinth_fixture_back
Fra:451 Mem:924.22M (Peak 927.25M) | Time:00:02.98 | Mem:0.00M, Peak:0.00M | Scene, ViewLayer | Synchronizing object | G4COAST_R07_walkway_wash.003
Fra:451 Mem:924.22M (Peak 927.25M) | Time:00:02.98 | Mem:0.00M, Peak:0.00M | Scene, ViewLayer | Synchronizing object | G4COAST_R07_step_light_bezel.003
Fra:451 Mem:924.29M (Peak 927.25M) | Time:00:02.98 | Mem:0.00M, Peak:0.00M | Scene, ViewLayer | Synchronizing object | G4COAST_R07_step_light_bezel
Fra:451 Mem:920.66M (Peak 927.25M) | Time:00:02.98 | Mem:0.00M, Peak:0.00M | Scene, ViewLayer | Synchronizing object | G4COAST_R07_shielded_step_light.003
Fra:451 Mem:920.69M (Peak 927.25M) | Time:00:02.98 | Mem:0.00M, Peak:0.00M | Scene, ViewLayer | Synchronizing object | G4COAST_R07_walkway_wash
Fra:451 Mem:920.72M (Peak 927.25M) | Time:00:02.98 | Mem:0.00M, Peak:0.00M | Scene, ViewLayer | Synchronizing object | G4COAST_R07_plinth_fixture_back.001
Fra:451 Mem:920.75M (Peak 927.25M) | Time:00:02.98 | Mem:0.00M, Peak:0.00M | Scene, ViewLayer | Synchronizing object | G4COAST_R07_shielded_step_light.001
Fra:451 Mem:920.73M (Peak 927.25M) | Time:00:02.98 | Mem:0.00M, Peak:0.00M | Scene, ViewLayer | Synchronizing object | G4COAST_R07_plinth_fixture_back.003
Fra:451 Mem:920.77M (Peak 927.25M) | Time:00:02.98 | Mem:0.00M, Peak:0.00M | Scene, ViewLayer | Synchronizing object | G4COAST_R07_step_light_bezel.001
Fra:451 Mem:920.81M (Peak 927.25M) | Time:00:02.98 | Mem:0.00M, Peak:0.00M | Scene, ViewLayer | Synchronizing object | G4COAST_R07_walkway_wash.001
Fra:451 Mem:920.82M (Peak 927.25M) | Time:00:02.98 | Mem:0.00M, Peak:0.00M | Scene, ViewLayer | Synchronizing object | G4COAST_R07_plinth_fixture_back.002
Fra:451 Mem:920.81M (Peak 927.25M) | Time:00:02.98 | Mem:0.00M, Peak:0.00M | Scene, ViewLayer | Synchronizing object | G4COAST_R07_walkway_wash.002
Fra:451 Mem:920.84M (Peak 927.25M) | Time:00:02.98 | Mem:0.00M, Peak:0.00M | Scene, ViewLayer | Synchronizing object | G4COAST_R07_step_light_bezel.002
Fra:451 Mem:920.83M (Peak 927.25M) | Time:00:02.98 | Mem:0.00M, Peak:0.00M | Scene, ViewLayer | Synchronizing object | G4COAST_R07_shielded_step_light.002
Fra:451 Mem:920.86M (Peak 927.25M) | Time:00:02.98 | Mem:0.00M, Peak:0.00M | Scene, ViewLayer | Initializing
Fra:451 Mem:836.54M (Peak 1149.92M) | Time:00:13.65 | Mem:0.00M, Peak:0.00M | Scene, ViewLayer | Updating Images | Loading potted_plant_01_leaves_nor_gl.png
Fra:451 Mem:836.54M (Peak 1149.92M) | Time:00:13.65 | Mem:0.00M, Peak:0.00M | Scene, ViewLayer | Updating Images | Loading slate_floor_rough_2k.jpg
Fra:451 Mem:916.55M (Peak 1149.92M) | Time:00:13.68 | Mem:16.00M, Peak:16.00M | Scene, ViewLayer | Updating Images | Loading potted_plant_01_leaves_rough.png
Fra:451 Mem:964.57M (Peak 1149.92M) | Time:00:13.70 | Mem:32.00M, Peak:32.00M | Scene, ViewLayer | Updating Images | Loading potted_plant_01_leaves_diff.png
Fra:451 Mem:964.56M (Peak 1149.92M) | Time:00:13.70 | Mem:48.00M, Peak:48.00M | Scene, ViewLayer | Updating Images | Loading slate_floor_nor_gl_2k.jpg
Fra:451 Mem:964.55M (Peak 1149.92M) | Time:00:13.71 | Mem:64.00M, Peak:64.00M | Scene, ViewLayer | Updating Images | Loading seaside_rock_diff_4k.jpg
Fra:451 Mem:1068.55M (Peak 1149.92M) | Time:00:13.73 | Mem:80.00M, Peak:80.00M | Scene, ViewLayer | Updating Images | Loading potted_plant_01_pot_nor_gl
Fra:451 Mem:1084.55M (Peak 1149.92M) | Time:00:13.76 | Mem:96.00M, Peak:96.00M | Scene, ViewLayer | Updating Images | Loading potted_plant_01_pot_rough
Fra:451 Mem:1100.55M (Peak 1149.92M) | Time:00:13.77 | Mem:112.00M, Peak:112.00M | Scene, ViewLayer | Updating Images | Loading seaside_rock_disp_2k.png
Fra:451 Mem:1132.55M (Peak 1164.56M) | Time:00:13.79 | Mem:128.00M, Peak:128.00M | Scene, ViewLayer | Updating Images | Loading potted_plant_01_pot_diff
Fra:451 Mem:1140.55M (Peak 1172.56M) | Time:00:13.81 | Mem:160.00M, Peak:160.00M | Scene, ViewLayer | Updating Images | Loading seaside_rock_rough_4k.jpg
Fra:451 Mem:1204.55M (Peak 1220.56M) | Time:00:13.82 | Mem:176.00M, Peak:176.00M | Scene, ViewLayer | Updating Images | Loading GreenChair_01_nor_gl
Fra:451 Mem:1220.55M (Peak 1236.56M) | Time:00:13.85 | Mem:192.00M, Peak:192.00M | Scene, ViewLayer | Updating Images | Loading GreenChair_01_metallic-GreenChair_01_roughness
Fra:451 Mem:1236.55M (Peak 1252.56M) | Time:00:13.88 | Mem:208.00M, Peak:208.00M | Scene, ViewLayer | Updating Images | Loading GreenChair_01_diff
Fra:451 Mem:1252.55M (Peak 1268.56M) | Time:00:13.91 | Mem:224.00M, Peak:224.00M | Scene, ViewLayer | Updating Images | Loading poly_wool_herringbone_rough_4k.jpg
Fra:451 Mem:1445.90M (Peak 1509.91M) | Time:00:13.94 | Mem:288.00M, Peak:288.00M | Scene, ViewLayer | Updating Images | Loading coastal_cliff_04_diff
Fra:451 Mem:1397.89M (Peak 1509.91M) | Time:00:13.96 | Mem:352.00M, Peak:352.00M | Scene, ViewLayer | Updating Images | Loading coastal_cliff_04_rough
Fra:451 Mem:1349.88M (Peak 1509.91M) | Time:00:13.97 | Mem:416.00M, Peak:416.00M | Scene, ViewLayer | Updating Images | Loading coastal_cliff_04_nor_gl
Fra:451 Mem:1365.88M (Peak 1509.91M) | Time:00:13.99 | Mem:432.00M, Peak:432.00M | Scene, ViewLayer | Updating Images | Loading american_walnut_veneer_finished_diff_2k.jpg
Fra:451 Mem:1381.88M (Peak 1509.91M) | Time:00:14.01 | Mem:448.00M, Peak:448.00M | Scene, ViewLayer | Updating Images | Loading american_walnut_veneer_rough_2k.jpg
Fra:451 Mem:1413.89M (Peak 1509.91M) | Time:00:14.04 | Mem:464.00M, Peak:464.00M | Scene, ViewLayer | Updating Images | Loading american_walnut_veneer_nor_gl_2k.jpg
Fra:451 Mem:1413.88M (Peak 1509.91M) | Time:00:14.04 | Mem:480.00M, Peak:480.00M | Scene, ViewLayer | Updating Images | Loading poly_wool_herringbone_diff_4k.jpg
Fra:451 Mem:1479.21M (Peak 1509.91M) | Time:00:14.06 | Mem:496.00M, Peak:496.00M | Scene, ViewLayer | Updating Images | Loading poly_wool_herringbone_nor_gl_4k.jpg
Fra:451 Mem:1442.36M (Peak 1675.21M) | Time:00:14.30 | Mem:707.98M, Peak:707.98M | Scene, ViewLayer | Waiting for render to start
Fra:451 Mem:1442.36M (Peak 1675.21M) | Time:00:14.30 | Mem:707.98M, Peak:707.98M | Scene, ViewLayer | Updating Scene
Fra:451 Mem:1442.36M (Peak 1675.21M) | Time:00:14.30 | Mem:707.98M, Peak:707.98M | Scene, ViewLayer | Updating Shaders
Fra:451 Mem:1442.36M (Peak 1675.21M) | Time:00:14.30 | Mem:707.98M, Peak:707.98M | Scene, ViewLayer | Loading render kernels (may take a few minutes the first time)
Fra:451 Mem:1442.53M (Peak 1675.21M) | Time:00:14.30 | Mem:708.07M, Peak:708.07M | Scene, ViewLayer | Updating Procedurals
Fra:451 Mem:1442.53M (Peak 1675.21M) | Time:00:14.30 | Mem:708.07M, Peak:708.07M | Scene, ViewLayer | Updating Background
Fra:451 Mem:1442.53M (Peak 1675.21M) | Time:00:14.30 | Mem:708.07M, Peak:708.07M | Scene, ViewLayer | Updating Camera
Fra:451 Mem:1442.53M (Peak 1675.21M) | Time:00:14.30 | Mem:708.07M, Peak:708.07M | Scene, ViewLayer | Updating Meshes Flags
Fra:451 Mem:1442.53M (Peak 1675.21M) | Time:00:14.30 | Mem:708.07M, Peak:708.07M | Scene, ViewLayer | Updating Objects
Fra:451 Mem:1442.53M (Peak 1675.21M) | Time:00:14.30 | Mem:708.07M, Peak:708.07M | Scene, ViewLayer | Updating Objects | Copying Transformations to device
Fra:451 Mem:1461.43M (Peak 1675.21M) | Time:00:14.31 | Mem:727.13M, Peak:727.13M | Scene, ViewLayer | Updating Particle Systems
Fra:451 Mem:1461.43M (Peak 1675.21M) | Time:00:14.31 | Mem:727.13M, Peak:727.13M | Scene, ViewLayer | Updating Particle Systems | Copying Particles to device
Fra:451 Mem:1461.43M (Peak 1675.21M) | Time:00:14.31 | Mem:727.13M, Peak:727.13M | Scene, ViewLayer | Updating Meshes
Fra:451 Mem:1521.85M (Peak 1675.21M) | Time:00:14.88 | Mem:727.13M, Peak:727.13M | Scene, ViewLayer | Updating Objects | Applying Static Transformations
Fra:451 Mem:1521.85M (Peak 1675.21M) | Time:00:14.89 | Mem:727.13M, Peak:727.13M | Scene, ViewLayer | Updating Mesh | Computing attributes
Fra:451 Mem:1637.54M (Peak 1675.21M) | Time:00:14.93 | Mem:727.98M, Peak:727.98M | Scene, ViewLayer | Updating Mesh | Copying Attributes to device
Fra:451 Mem:1633.88M (Peak 1675.21M) | Time:00:14.93 | Mem:839.17M, Peak:839.17M | Scene, ViewLayer | Updating Geometry BVH G4COAST_R07_runoff_source_cap_mesh 30/29 | Building BVH
Fra:451 Mem:1633.88M (Peak 1675.21M) | Time:00:14.93 | Mem:839.18M, Peak:839.18M | Scene, ViewLayer | Updating Geometry BVH G4COAST_R07_runoff_source_cap_mesh 30/29 | Building BVH 0%
Fra:451 Mem:1633.88M (Peak 1675.21M) | Time:00:14.93 | Mem:839.20M, Peak:839.22M | Scene, ViewLayer | Updating Geometry BVH Mesh 29/29 | Building BVH
Fra:451 Mem:1633.88M (Peak 1675.21M) | Time:00:14.93 | Mem:839.24M, Peak:839.26M | Scene, ViewLayer | Updating Geometry BVH G4R03_puddle_impact_wave_curve.014 28/29 | Building BVH
Fra:451 Mem:1633.88M (Peak 1675.21M) | Time:00:14.93 | Mem:839.30M, Peak:839.33M | Scene, ViewLayer | Updating Geometry BVH G4R03_puddle_impact_wave_curve.013 27/29 | Building BVH
Fra:451 Mem:1633.88M (Peak 1675.21M) | Time:00:14.93 | Mem:839.36M, Peak:839.39M | Scene, ViewLayer | Updating Geometry BVH G4R03_puddle_impact_wave_curve.012 26/29 | Building BVH
Fra:451 Mem:1633.88M (Peak 1675.21M) | Time:00:14.93 | Mem:839.41M, Peak:839.45M | Scene, ViewLayer | Updating Geometry BVH G4R03_puddle_impact_wave_curve.011 25/29 | Building BVH
Fra:451 Mem:1633.88M (Peak 1675.21M) | Time:00:14.93 | Mem:839.50M, Peak:839.50M | Scene, ViewLayer | Updating Geometry BVH Cylinder.311 3/29 | Building BVH
Fra:451 Mem:1633.88M (Peak 1675.21M) | Time:00:14.93 | Mem:839.47M, Peak:839.50M | Scene, ViewLayer | Updating Geometry BVH G4R03_puddle_impact_wave_curve.010 24/29 | Building BVH
Fra:451 Mem:1633.88M (Peak 1675.21M) | Time:00:14.93 | Mem:839.51M, Peak:839.51M | Scene, ViewLayer | Updating Geometry BVH Cylinder.312 4/29 | Building BVH
Fra:451 Mem:1633.88M (Peak 1675.21M) | Time:00:14.93 | Mem:839.55M, Peak:839.55M | Scene, ViewLayer | Updating Geometry BVH classic-chair.003 5/29 | Building BVH
Fra:451 Mem:1633.88M (Peak 1675.21M) | Time:00:14.93 | Mem:839.67M, Peak:839.70M | Scene, ViewLayer | Updating Geometry BVH G4R03_puddle_impact_wave_curve.009 23/29 | Building BVH
Fra:451 Mem:1633.88M (Peak 1675.21M) | Time:00:14.93 | Mem:839.71M, Peak:839.71M | Scene, ViewLayer | Updating Geometry BVH classic-chair.001 6/29 | Building BVH
Fra:451 Mem:1633.88M (Peak 1675.21M) | Time:00:14.93 | Mem:839.86M, Peak:839.89M | Scene, ViewLayer | Updating Geometry BVH G4R03_puddle_impact_wave_curve.008 22/29 | Building BVH
Fra:451 Mem:1633.88M (Peak 1675.21M) | Time:00:14.93 | Mem:839.95M, Peak:839.98M | Scene, ViewLayer | Updating Geometry BVH G4R03_puddle_impact_wave_curve.007 21/29 | Building BVH
Fra:451 Mem:1633.88M (Peak 1675.21M) | Time:00:14.93 | Mem:840.10M, Peak:840.13M | Scene, ViewLayer | Updating Geometry BVH G4R03_puddle_impact_wave_curve.006 20/29 | Building BVH
Fra:451 Mem:1633.88M (Peak 1675.21M) | Time:00:14.93 | Mem:840.23M, Peak:840.26M | Scene, ViewLayer | Updating Geometry BVH G4R03_puddle_impact_wave_curve.005 19/29 | Building BVH
Fra:451 Mem:1633.88M (Peak 1675.21M) | Time:00:14.93 | Mem:840.38M, Peak:840.40M | Scene, ViewLayer | Updating Geometry BVH G4R03_puddle_impact_wave_curve.004 18/29 | Building BVH
Fra:451 Mem:1633.88M (Peak 1675.21M) | Time:00:14.93 | Mem:840.52M, Peak:840.55M | Scene, ViewLayer | Updating Geometry BVH G4R03_puddle_impact_wave_curve.003 17/29 | Building BVH
Fra:451 Mem:1633.88M (Peak 1675.21M) | Time:00:14.93 | Mem:840.69M, Peak:840.72M | Scene, ViewLayer | Updating Geometry BVH G4R03_puddle_impact_wave_curve.002 16/29 | Building BVH
Fra:451 Mem:1633.88M (Peak 1675.21M) | Time:00:14.93 | Mem:840.66M, Peak:840.78M | Scene, ViewLayer | Updating Geometry BVH potted_plant_01_base_low 7/29 | Building BVH
Fra:451 Mem:1633.88M (Peak 1675.21M) | Time:00:14.93 | Mem:840.90M, Peak:840.93M | Scene, ViewLayer | Updating Geometry BVH G4R03_puddle_impact_wave_curve.001 15/29 | Building BVH
Fra:451 Mem:1633.88M (Peak 1675.21M) | Time:00:14.93 | Mem:840.85M, Peak:840.97M | Scene, ViewLayer | Updating Geometry BVH G4R03_puddle_impact_wave_curve 14/29 | Building BVH
Fra:451 Mem:1633.88M (Peak 1675.21M) | Time:00:14.93 | Mem:840.92M, Peak:840.97M | Scene, ViewLayer | Updating Geometry BVH Plane.070 8/29 | Building BVH
Fra:451 Mem:1633.88M (Peak 1675.21M) | Time:00:14.93 | Mem:844.32M, Peak:844.32M | Scene, ViewLayer | Updating Geometry BVH Circle.008 9/29 | Building BVH
Fra:451 Mem:1633.88M (Peak 1675.21M) | Time:00:14.94 | Mem:846.13M, Peak:846.35M | Scene, ViewLayer | Updating Geometry BVH Circle.002 10/29 | Building BVH
Fra:451 Mem:1633.88M (Peak 1675.21M) | Time:00:14.94 | Mem:846.46M, Peak:846.63M | Scene, ViewLayer | Updating Geometry BVH Mesh 13/29 | Building BVH
Fra:451 Mem:1633.88M (Peak 1675.21M) | Time:00:14.94 | Mem:846.50M, Peak:846.63M | Scene, ViewLayer | Updating Geometry BVH Mesh 12/29 | Building BVH
Fra:451 Mem:1633.88M (Peak 1675.21M) | Time:00:14.94 | Mem:846.88M, Peak:846.88M | Scene, ViewLayer | Updating Geometry BVH Cylinder.337 11/29 | Building BVH
Fra:451 Mem:1633.88M (Peak 1675.21M) | Time:00:15.28 | Mem:852.01M, Peak:856.66M | Scene, ViewLayer | Updating Scene BVH | Building
Fra:451 Mem:1634.21M (Peak 1675.21M) | Time:00:15.28 | Mem:852.01M, Peak:856.66M | Scene, ViewLayer | Updating Scene BVH | Building BVH
Fra:451 Mem:1634.21M (Peak 1675.21M) | Time:00:15.32 | Mem:966.60M, Peak:966.60M | Scene, ViewLayer | Updating Scene BVH | Building BVH 0%
Fra:451 Mem:1634.21M (Peak 1675.21M) | Time:00:15.57 | Mem:1042.35M, Peak:1042.35M | Scene, ViewLayer | Updating Scene BVH | Building BVH 21%
Fra:451 Mem:1634.21M (Peak 1675.21M) | Time:00:15.82 | Mem:1122.33M, Peak:1122.33M | Scene, ViewLayer | Updating Scene BVH | Building BVH 70%
Fra:451 Mem:1634.21M (Peak 1675.21M) | Time:00:16.07 | Mem:1105.50M, Peak:1165.63M | Scene, ViewLayer | Updating Scene BVH | Building BVH 100%
Fra:451 Mem:1634.21M (Peak 1675.21M) | Time:00:16.43 | Mem:1057.31M, Peak:1165.63M | Scene, ViewLayer | Updating Scene BVH | Building BVH 116%
Fra:451 Mem:1634.21M (Peak 1675.21M) | Time:00:16.94 | Mem:1059.37M, Peak:1165.63M | Scene, ViewLayer | Updating Scene BVH | Building BVH 117%
Fra:451 Mem:1634.21M (Peak 1675.21M) | Time:00:17.98 | Mem:1065.15M, Peak:1165.63M | Scene, ViewLayer | Updating Scene BVH | Building BVH 118%
Fra:451 Mem:1634.21M (Peak 1675.21M) | Time:00:18.74 | Mem:1069.94M, Peak:1165.63M | Scene, ViewLayer | Updating Scene BVH | Building BVH 119%
Fra:451 Mem:1634.21M (Peak 1675.21M) | Time:00:18.88 | Mem:1067.06M, Peak:1165.63M | Scene, ViewLayer | Updating Scene BVH | Copying BVH to device
Fra:451 Mem:1634.21M (Peak 1675.21M) | Time:00:18.88 | Mem:1067.06M, Peak:1165.63M | Scene, ViewLayer | Updating Mesh | Computing normals
Fra:451 Mem:1717.89M (Peak 1717.89M) | Time:00:18.90 | Mem:1067.06M, Peak:1165.63M | Scene, ViewLayer | Updating Mesh | Copying Mesh to device
Fra:451 Mem:1717.89M (Peak 1717.89M) | Time:00:18.90 | Mem:1150.73M, Peak:1165.63M | Scene, ViewLayer | Updating Objects Flags
Fra:451 Mem:1717.89M (Peak 1717.89M) | Time:00:18.90 | Mem:1151.03M, Peak:1165.63M | Scene, ViewLayer | Updating Primitive Offsets
Fra:451 Mem:1718.04M (Peak 1718.04M) | Time:00:18.90 | Mem:1151.18M, Peak:1165.63M | Scene, ViewLayer | Updating Images
Fra:451 Mem:1702.04M (Peak 1718.04M) | Time:00:18.90 | Mem:1135.18M, Peak:1165.63M | Scene, ViewLayer | Updating Camera Volume
Fra:451 Mem:1702.04M (Peak 1718.04M) | Time:00:18.90 | Mem:1135.18M, Peak:1165.63M | Scene, ViewLayer | Updating Lookup Tables
Fra:451 Mem:1702.04M (Peak 1718.04M) | Time:00:18.90 | Mem:1135.27M, Peak:1165.63M | Scene, ViewLayer | Updating Lights
Fra:451 Mem:1702.04M (Peak 1718.04M) | Time:00:18.91 | Mem:1135.27M, Peak:1165.63M | Scene, ViewLayer | Updating Lights | Importance map
Fra:451 Mem:1766.08M (Peak 2054.04M) | Time:00:19.54 | Mem:1199.32M, Peak:1359.29M | Scene, ViewLayer | Updating Lights | Computing tree
Fra:451 Mem:1767.54M (Peak 2054.04M) | Time:00:19.56 | Mem:1200.78M, Peak:1359.29M | Scene, ViewLayer | Updating Integrator
Fra:451 Mem:1767.54M (Peak 2054.04M) | Time:00:19.56 | Mem:1200.78M, Peak:1359.29M | Scene, ViewLayer | Updating Film
Fra:451 Mem:1767.54M (Peak 2054.04M) | Time:00:19.56 | Mem:1200.70M, Peak:1359.29M | Scene, ViewLayer | Updating Lookup Tables
Fra:451 Mem:1767.54M (Peak 2054.04M) | Time:00:19.56 | Mem:1200.79M, Peak:1359.29M | Scene, ViewLayer | Updating Baking
Fra:451 Mem:1767.54M (Peak 2054.04M) | Time:00:19.56 | Mem:1200.79M, Peak:1359.29M | Scene, ViewLayer | Updating Device | Writing constant memory
Fra:451 Mem:1768.15M (Peak 2054.04M) | Time:00:19.56 | Mem:1200.79M, Peak:1359.29M | Scene, ViewLayer | Loading denoising kernels (may take a few minutes the first time)
Fra:451 Mem:1768.15M (Peak 2054.04M) | Time:00:19.56 | Mem:1200.79M, Peak:1359.29M | Scene, ViewLayer | Sample 0/64
Fra:451 Mem:1884.16M (Peak 2054.04M) | Time:00:33.83 | Remaining:14:58.98 | Mem:1316.75M, Peak:1359.29M | Scene, ViewLayer | Sample 1/64
Fra:451 Mem:1884.16M (Peak 2054.04M) | Time:00:33.83 | Remaining:14:58.98 | Mem:1316.75M, Peak:1359.29M | Scene, ViewLayer | Updating Scene
Fra:451 Mem:1884.16M (Peak 2054.04M) | Time:00:33.83 | Remaining:14:58.98 | Mem:1316.75M, Peak:1359.29M | Scene, ViewLayer | Updating Shaders
Fra:451 Mem:1884.16M (Peak 2054.04M) | Time:00:33.83 | Remaining:14:59.07 | Mem:1316.75M, Peak:1359.29M | Scene, ViewLayer | Updating Background
Fra:451 Mem:1884.16M (Peak 2054.04M) | Time:00:33.83 | Remaining:14:59.07 | Mem:1316.75M, Peak:1359.29M | Scene, ViewLayer | Updating Camera
Fra:451 Mem:1884.16M (Peak 2054.04M) | Time:00:33.83 | Remaining:14:59.07 | Mem:1316.75M, Peak:1359.29M | Scene, ViewLayer | Updating Objects
Fra:451 Mem:1884.16M (Peak 2054.04M) | Time:00:33.83 | Remaining:14:59.07 | Mem:1316.75M, Peak:1359.29M | Scene, ViewLayer | Updating Particle Systems
Fra:451 Mem:1884.16M (Peak 2054.04M) | Time:00:33.83 | Remaining:14:59.07 | Mem:1316.75M, Peak:1359.29M | Scene, ViewLayer | Updating Meshes
Fra:451 Mem:1884.16M (Peak 2054.04M) | Time:00:33.83 | Remaining:14:59.07 | Mem:1316.75M, Peak:1359.29M | Scene, ViewLayer | Updating Objects Flags
Fra:451 Mem:1884.16M (Peak 2054.04M) | Time:00:33.83 | Remaining:14:59.07 | Mem:1316.75M, Peak:1359.29M | Scene, ViewLayer | Updating Primitive Offsets
Fra:451 Mem:1884.16M (Peak 2054.04M) | Time:00:33.83 | Remaining:14:59.11 | Mem:1316.75M, Peak:1359.29M | Scene, ViewLayer | Updating Images
Fra:451 Mem:1884.16M (Peak 2054.04M) | Time:00:33.83 | Remaining:14:59.11 | Mem:1316.75M, Peak:1359.29M | Scene, ViewLayer | Updating Camera Volume
Fra:451 Mem:1884.16M (Peak 2054.04M) | Time:00:33.83 | Remaining:14:59.12 | Mem:1316.75M, Peak:1359.29M | Scene, ViewLayer | Updating Lookup Tables
Fra:451 Mem:1884.16M (Peak 2054.04M) | Time:00:33.83 | Remaining:14:59.12 | Mem:1316.75M, Peak:1359.29M | Scene, ViewLayer | Updating Lights
Fra:451 Mem:1884.16M (Peak 2054.04M) | Time:00:33.83 | Remaining:14:59.12 | Mem:1316.75M, Peak:1359.29M | Scene, ViewLayer | Updating Integrator
Fra:451 Mem:1884.16M (Peak 2054.04M) | Time:00:33.83 | Remaining:14:59.12 | Mem:1316.75M, Peak:1359.29M | Scene, ViewLayer | Updating Film
Fra:451 Mem:1884.16M (Peak 2054.04M) | Time:00:33.83 | Remaining:14:59.12 | Mem:1316.75M, Peak:1359.29M | Scene, ViewLayer | Updating Lookup Tables
Fra:451 Mem:1884.16M (Peak 2054.04M) | Time:00:33.83 | Remaining:14:59.12 | Mem:1316.75M, Peak:1359.29M | Scene, ViewLayer | Updating Baking
Fra:451 Mem:1884.16M (Peak 2054.04M) | Time:00:33.83 | Remaining:14:59.13 | Mem:1316.75M, Peak:1359.29M | Scene, ViewLayer | Updating Device | Writing constant memory
Fra:451 Mem:1884.16M (Peak 2054.04M) | Time:00:33.83 | Remaining:14:59.14 | Mem:1316.75M, Peak:1359.29M | Scene, ViewLayer | Sample 1/64
Fra:451 Mem:1884.16M (Peak 2054.04M) | Time:01:02.33 | Remaining:14:29.73 | Mem:1316.75M, Peak:1359.29M | Scene, ViewLayer | Sample 3/64
Fra:451 Mem:1884.16M (Peak 2054.04M) | Time:01:30.81 | Remaining:14:00.80 | Mem:1316.75M, Peak:1359.29M | Scene, ViewLayer | Sample 5/64
Fra:451 Mem:1884.16M (Peak 2054.04M) | Time:01:59.15 | Remaining:13:31.00 | Mem:1316.75M, Peak:1359.29M | Scene, ViewLayer | Sample 7/64
Fra:451 Mem:1884.16M (Peak 2054.04M) | Time:02:27.73 | Remaining:13:03.28 | Mem:1316.75M, Peak:1359.29M | Scene, ViewLayer | Sample 9/64
Fra:451 Mem:1884.16M (Peak 2054.04M) | Time:02:56.33 | Remaining:12:35.34 | Mem:1316.75M, Peak:1359.29M | Scene, ViewLayer | Sample 11/64
Fra:451 Mem:1884.16M (Peak 2054.04M) | Time:03:24.87 | Remaining:12:07.01 | Mem:1316.75M, Peak:1359.29M | Scene, ViewLayer | Sample 13/64
Fra:451 Mem:1884.16M (Peak 2054.04M) | Time:03:53.48 | Remaining:11:38.80 | Mem:1316.75M, Peak:1359.29M | Scene, ViewLayer | Sample 15/64
Fra:451 Mem:1884.16M (Peak 2054.04M) | Time:04:22.02 | Remaining:11:10.33 | Mem:1316.75M, Peak:1359.29M | Scene, ViewLayer | Sample 17/64
Fra:451 Mem:1884.16M (Peak 2054.04M) | Time:04:50.55 | Remaining:10:41.82 | Mem:1316.75M, Peak:1359.29M | Scene, ViewLayer | Sample 19/64
Fra:451 Mem:1884.16M (Peak 2054.04M) | Time:05:18.90 | Remaining:10:12.94 | Mem:1316.75M, Peak:1359.29M | Scene, ViewLayer | Sample 21/64
Fra:451 Mem:1884.16M (Peak 2054.04M) | Time:05:47.39 | Remaining:09:44.39 | Mem:1316.75M, Peak:1359.29M | Scene, ViewLayer | Sample 23/64
Fra:451 Mem:1884.16M (Peak 2054.04M) | Time:06:15.81 | Remaining:09:15.74 | Mem:1316.75M, Peak:1359.29M | Scene, ViewLayer | Sample 25/64
Fra:451 Mem:1884.16M (Peak 2054.04M) | Time:06:44.31 | Remaining:08:47.26 | Mem:1316.75M, Peak:1359.29M | Scene, ViewLayer | Sample 27/64
Fra:451 Mem:1884.16M (Peak 2054.04M) | Time:07:12.68 | Remaining:08:18.59 | Mem:1316.75M, Peak:1359.29M | Scene, ViewLayer | Sample 29/64
Fra:451 Mem:1884.16M (Peak 2054.04M) | Time:07:41.16 | Remaining:07:50.09 | Mem:1316.75M, Peak:1359.29M | Scene, ViewLayer | Sample 31/64
Fra:451 Mem:1884.16M (Peak 2054.04M) | Time:07:55.46 | Remaining:07:35.90 | Mem:1316.75M, Peak:1359.29M | Scene, ViewLayer | Sample 32/64
Fra:451 Mem:1884.16M (Peak 2054.04M) | Time:08:13.51 | Remaining:06:58.18 | Mem:1316.75M, Peak:1359.29M | Scene, ViewLayer | Sample 34/64
Fra:451 Mem:1884.16M (Peak 2054.04M) | Time:08:31.68 | Remaining:06:22.75 | Mem:1316.75M, Peak:1359.29M | Scene, ViewLayer | Sample 36/64
Fra:451 Mem:1884.16M (Peak 2054.04M) | Time:08:49.71 | Remaining:05:49.04 | Mem:1316.75M, Peak:1359.29M | Scene, ViewLayer | Sample 38/64
Fra:451 Mem:1884.16M (Peak 2054.04M) | Time:09:07.91 | Remaining:05:17.01 | Mem:1316.75M, Peak:1359.29M | Scene, ViewLayer | Sample 40/64
Fra:451 Mem:1884.16M (Peak 2054.04M) | Time:09:26.07 | Remaining:04:46.26 | Mem:1316.75M, Peak:1359.29M | Scene, ViewLayer | Sample 42/64
Fra:451 Mem:1884.16M (Peak 2054.04M) | Time:09:44.26 | Remaining:04:16.68 | Mem:1316.75M, Peak:1359.29M | Scene, ViewLayer | Sample 44/64
Fra:451 Mem:1884.16M (Peak 2054.04M) | Time:10:02.48 | Remaining:03:48.10 | Mem:1316.75M, Peak:1359.29M | Scene, ViewLayer | Sample 46/64
Fra:451 Mem:1884.16M (Peak 2054.04M) | Time:10:20.66 | Remaining:03:20.36 | Mem:1316.75M, Peak:1359.29M | Scene, ViewLayer | Sample 48/64
Fra:451 Mem:1884.16M (Peak 2054.04M) | Time:10:35.83 | Remaining:02:52.55 | Mem:1316.75M, Peak:1359.29M | Scene, ViewLayer | Sample 50/64
Fra:451 Mem:1884.16M (Peak 2054.04M) | Time:10:51.00 | Remaining:02:25.71 | Mem:1316.75M, Peak:1359.29M | Scene, ViewLayer | Sample 52/64
Fra:451 Mem:1884.16M (Peak 2054.04M) | Time:11:06.20 | Remaining:01:59.74 | Mem:1316.75M, Peak:1359.29M | Scene, ViewLayer | Sample 54/64
Fra:451 Mem:1884.16M (Peak 2054.04M) | Time:11:21.42 | Remaining:01:34.55 | Mem:1316.75M, Peak:1359.29M | Scene, ViewLayer | Sample 56/64
Fra:451 Mem:1884.16M (Peak 2054.04M) | Time:11:36.75 | Remaining:01:10.05 | Mem:1316.75M, Peak:1359.29M | Scene, ViewLayer | Sample 58/64
Fra:451 Mem:1884.16M (Peak 2054.04M) | Time:11:52.01 | Remaining:00:46.16 | Mem:1316.75M, Peak:1359.29M | Scene, ViewLayer | Sample 60/64
Fra:451 Mem:1884.16M (Peak 2054.04M) | Time:12:07.13 | Remaining:00:22.82 | Mem:1316.75M, Peak:1359.29M | Scene, ViewLayer | Sample 62/64
Fra:451 Mem:1932.99M (Peak 2054.04M) | Time:12:38.24 | Mem:1316.75M, Peak:1359.29M | Scene, ViewLayer | Sample 64/64
Fra:451 Mem:1932.99M (Peak 2054.04M) | Time:12:38.24 | Mem:1316.75M, Peak:1359.29M | Scene, ViewLayer | Finished
Saved: '/home/runner/work/future/future/workspaces/glasshouse-terminus/output/g4-coast-r07/M01-moving-surface-rain.png'
Time: 12:38.55 (Saving: 00:00.28)

R07_NATIVE_VIEW M01-moving-surface-rain.png

Blender quit
