Blender 4.5.13 LTS (hash daeeeca98fb0 built 2026-08-25 01:31:19)
Read blend: "/home/runner/work/future/future/workspaces/glasshouse-terminus/output/g3-r07/g3-bay-candidate.blend"
Fra:451 Mem:280.13M (Peak 281.43M) | Time:00:00.32 | Mem:0.00M, Peak:0.00M | Scene, ViewLayer | Synchronizing object | QA_sky_key
Fra:451 Mem:280.13M (Peak 281.43M) | Time:00:00.32 | Mem:0.00M, Peak:0.00M | Scene, ViewLayer | Synchronizing object | QA_front_fill
Fra:451 Mem:280.13M (Peak 281.43M) | Time:00:00.32 | Mem:0.00M, Peak:0.00M | Scene, ViewLayer | Synchronizing object | QA_interior_fill
Fra:451 Mem:280.13M (Peak 281.43M) | Time:00:00.32 | Mem:0.00M, Peak:0.00M | Scene, ViewLayer | Synchronizing object | QA_interior_fill.001
Fra:451 Mem:280.13M (Peak 281.43M) | Time:00:00.32 | Mem:0.00M, Peak:0.00M | Scene, ViewLayer | Synchronizing object | QA_interior_fill.002
Fra:451 Mem:280.13M (Peak 281.43M) | Time:00:00.32 | Mem:0.00M, Peak:0.00M | Scene, ViewLayer | Synchronizing object | Platform_coping_edge
Fra:451 Mem:280.13M (Peak 281.43M) | Time:00:00.32 | Mem:0.00M, Peak:0.00M | Scene, ViewLayer | Synchronizing object | Terrace_guard_post.008
Fra:451 Mem:281.14M (Peak 281.43M) | Time:00:00.32 | Mem:0.00M, Peak:0.00M | Scene, ViewLayer | Synchronizing object | Terrace_guard_rail
Fra:451 Mem:281.14M (Peak 281.43M) | Time:00:00.32 | Mem:0.00M, Peak:0.00M | Scene, ViewLayer | Synchronizing object | Terrace_guard_post.017
Fra:451 Mem:281.15M (Peak 281.43M) | Time:00:00.32 | Mem:0.00M, Peak:0.00M | Scene, ViewLayer | Synchronizing object | Terrace_guard_post.022
Fra:451 Mem:282.16M (Peak 282.16M) | Time:00:00.32 | Mem:0.00M, Peak:0.00M | Scene, ViewLayer | Synchronizing object | Terrace_guard_post.029
Fra:451 Mem:282.16M (Peak 282.16M) | Time:00:00.32 | Mem:0.00M, Peak:0.00M | Scene, ViewLayer | Synchronizing object | Hall_continuous_floor
Fra:451 Mem:282.16M (Peak 282.16M) | Time:00:00.32 | Mem:0.00M, Peak:0.00M | Scene, ViewLayer | Synchronizing object | Terrace_guard_rail.003
Fra:451 Mem:282.17M (Peak 282.17M) | Time:00:00.32 | Mem:0.00M, Peak:0.00M | Scene, ViewLayer | Synchronizing object | Terrace_guard_post.001
Fra:451 Mem:282.17M (Peak 282.17M) | Time:00:00.32 | Mem:0.00M, Peak:0.00M | Scene, ViewLayer | Synchronizing object | Terrace_guard_rail.005
Fra:451 Mem:282.18M (Peak 282.18M) | Time:00:00.32 | Mem:0.00M, Peak:0.00M | Scene, ViewLayer | Synchronizing object | Terrace_guard_post.007
Fra:451 Mem:282.24M (Peak 282.24M) | Time:00:00.32 | Mem:0.00M, Peak:0.00M | Scene, ViewLayer | Synchronizing object | Terrace_guard_post.016
Fra:451 Mem:282.25M (Peak 282.25M) | Time:00:00.32 | Mem:0.00M, Peak:0.00M | Scene, ViewLayer | Synchronizing object | Terrace_guard_rail.002
Fra:451 Mem:282.25M (Peak 282.25M) | Time:00:00.32 | Mem:0.00M, Peak:0.00M | Scene, ViewLayer | Synchronizing object | Terrace_guard_post.021
Fra:451 Mem:282.25M (Peak 282.25M) | Time:00:00.32 | Mem:0.00M, Peak:0.00M | Scene, ViewLayer | Synchronizing object | Terrace_guard_post.028
Fra:451 Mem:282.28M (Peak 282.28M) | Time:00:00.32 | Mem:0.00M, Peak:0.00M | Scene, ViewLayer | Synchronizing object | Hall_entry_step.002
Fra:451 Mem:282.26M (Peak 282.28M) | Time:00:00.32 | Mem:0.00M, Peak:0.00M | Scene, ViewLayer | Synchronizing object | Hall_entry_step.001
Fra:451 Mem:282.34M (Peak 282.34M) | Time:00:00.32 | Mem:0.00M, Peak:0.00M | Scene, ViewLayer | Synchronizing object | Terrace_guard_rail.004
Fra:451 Mem:282.31M (Peak 282.34M) | Time:00:00.32 | Mem:0.00M, Peak:0.00M | Scene, ViewLayer | Synchronizing object | Platform_drain_channel
Fra:451 Mem:282.31M (Peak 282.34M) | Time:00:00.32 | Mem:0.00M, Peak:0.00M | Scene, ViewLayer | Synchronizing object | Terrace_guard_post.003
Fra:451 Mem:282.34M (Peak 282.34M) | Time:00:00.32 | Mem:0.00M, Peak:0.00M | Scene, ViewLayer | Synchronizing object | Terrace_guard_post.006
Fra:451 Mem:282.32M (Peak 282.34M) | Time:00:00.32 | Mem:0.00M, Peak:0.00M | Scene, ViewLayer | Synchronizing object | Terrace_guard_rail.001
Fra:451 Mem:282.32M (Peak 282.34M) | Time:00:00.32 | Mem:0.00M, Peak:0.00M | Scene, ViewLayer | Synchronizing object | Terrace_guard_post.020
Fra:451 Mem:282.32M (Peak 282.34M) | Time:00:00.32 | Mem:0.00M, Peak:0.00M | Scene, ViewLayer | Synchronizing object | Terrace_guard_post.027
Fra:451 Mem:282.33M (Peak 282.34M) | Time:00:00.32 | Mem:0.00M, Peak:0.00M | Scene, ViewLayer | Synchronizing object | Hall_entry_step.003
Fra:451 Mem:282.34M (Peak 282.34M) | Time:00:00.32 | Mem:0.00M, Peak:0.00M | Scene, ViewLayer | Synchronizing object | Bridge_continuous_guard.002
Fra:451 Mem:282.38M (Peak 282.38M) | Time:00:00.32 | Mem:0.00M, Peak:0.00M | Scene, ViewLayer | Synchronizing object | Terrace_guard_post.014
Fra:451 Mem:282.47M (Peak 282.47M) | Time:00:00.32 | Mem:0.00M, Peak:0.00M | Scene, ViewLayer | Synchronizing object | Terrace_guard_post.019
Fra:451 Mem:282.49M (Peak 282.49M) | Time:00:00.32 | Mem:0.00M, Peak:0.00M | Scene, ViewLayer | Synchronizing object | Terrace_guard_post.034
Fra:451 Mem:282.49M (Peak 282.49M) | Time:00:00.32 | Mem:0.00M, Peak:0.00M | Scene, ViewLayer | Synchronizing object | Hall_entry_step
Fra:451 Mem:282.50M (Peak 282.50M) | Time:00:00.32 | Mem:0.00M, Peak:0.00M | Scene, ViewLayer | Synchronizing object | Hall_entry_step.004
Fra:451 Mem:282.56M (Peak 282.56M) | Time:00:00.32 | Mem:0.00M, Peak:0.00M | Scene, ViewLayer | Synchronizing object | Terrace_guard_post.005
Fra:451 Mem:282.57M (Peak 282.57M) | Time:00:00.32 | Mem:0.00M, Peak:0.00M | Scene, ViewLayer | Synchronizing object | Terrace_guard_post.013
Fra:451 Mem:282.57M (Peak 282.57M) | Time:00:00.32 | Mem:0.00M, Peak:0.00M | Scene, ViewLayer | Synchronizing object | Terrace_guard_post.018
Fra:451 Mem:282.57M (Peak 282.57M) | Time:00:00.32 | Mem:0.00M, Peak:0.00M | Scene, ViewLayer | Synchronizing object | Terrace_guard_post.033
Fra:451 Mem:282.59M (Peak 282.59M) | Time:00:00.32 | Mem:0.00M, Peak:0.00M | Scene, ViewLayer | Synchronizing object | Hall_entry_step.005
Fra:451 Mem:282.59M (Peak 282.59M) | Time:00:00.32 | Mem:0.00M, Peak:0.00M | Scene, ViewLayer | Synchronizing object | Terrace_guard_post
Fra:451 Mem:282.61M (Peak 282.61M) | Time:00:00.32 | Mem:0.00M, Peak:0.00M | Scene, ViewLayer | Synchronizing object | Bridge_continuous_guard.003
Fra:451 Mem:282.65M (Peak 282.65M) | Time:00:00.32 | Mem:0.00M, Peak:0.00M | Scene, ViewLayer | Synchronizing object | Terrace_guard_post.002
Fra:451 Mem:282.72M (Peak 282.72M) | Time:00:00.32 | Mem:0.00M, Peak:0.00M | Scene, ViewLayer | Synchronizing object | Terrace_guard_post.012
Fra:451 Mem:282.75M (Peak 282.75M) | Time:00:00.32 | Mem:0.00M, Peak:0.00M | Scene, ViewLayer | Synchronizing object | Terrace_guard_post.025
Fra:451 Mem:282.75M (Peak 282.75M) | Time:00:00.32 | Mem:0.00M, Peak:0.00M | Scene, ViewLayer | Synchronizing object | Terrace_guard_post.032
Fra:451 Mem:282.76M (Peak 282.76M) | Time:00:00.32 | Mem:0.00M, Peak:0.00M | Scene, ViewLayer | Synchronizing object | Complete_cliff_mass
Fra:451 Mem:282.75M (Peak 282.76M) | Time:00:00.32 | Mem:0.00M, Peak:0.00M | Scene, ViewLayer | Synchronizing object | Hall_entry_step.006
Fra:451 Mem:282.84M (Peak 282.84M) | Time:00:00.32 | Mem:0.00M, Peak:0.00M | Scene, ViewLayer | Synchronizing object | Terrace_guard_post.004
Fra:451 Mem:282.83M (Peak 282.84M) | Time:00:00.32 | Mem:0.00M, Peak:0.00M | Scene, ViewLayer | Synchronizing object | Terrace_guard_post.011
Fra:451 Mem:282.84M (Peak 282.84M) | Time:00:00.32 | Mem:0.00M, Peak:0.00M | Scene, ViewLayer | Synchronizing object | Terrace_guard_post.024
Fra:451 Mem:282.84M (Peak 282.84M) | Time:00:00.32 | Mem:0.00M, Peak:0.00M | Scene, ViewLayer | Synchronizing object | Terrace_guard_post.026
Fra:451 Mem:282.85M (Peak 282.85M) | Time:00:00.32 | Mem:0.00M, Peak:0.00M | Scene, ViewLayer | Synchronizing object | Hall_plinth
Fra:451 Mem:282.87M (Peak 282.87M) | Time:00:00.32 | Mem:0.00M, Peak:0.00M | Scene, ViewLayer | Synchronizing object | Load_bearing_masonry_terrace
Fra:451 Mem:282.91M (Peak 282.91M) | Time:00:00.32 | Mem:0.00M, Peak:0.00M | Scene, ViewLayer | Synchronizing object | Ocean_extent
Fra:451 Mem:282.91M (Peak 282.91M) | Time:00:00.32 | Mem:0.00M, Peak:0.00M | Scene, ViewLayer | Synchronizing object | Platform_continuous_slab
Fra:451 Mem:282.94M (Peak 282.94M) | Time:00:00.32 | Mem:0.00M, Peak:0.00M | Scene, ViewLayer | Synchronizing object | Terrace_guard_post.009
Fra:451 Mem:282.94M (Peak 282.94M) | Time:00:00.32 | Mem:0.00M, Peak:0.00M | Scene, ViewLayer | Synchronizing object | Terrace_guard_post.010
Fra:451 Mem:282.95M (Peak 282.95M) | Time:00:00.32 | Mem:0.00M, Peak:0.00M | Scene, ViewLayer | Synchronizing object | Terrace_guard_post.023
Fra:451 Mem:282.97M (Peak 282.97M) | Time:00:00.32 | Mem:0.00M, Peak:0.00M | Scene, ViewLayer | Synchronizing object | Terrace_guard_post.030
Fra:451 Mem:282.96M (Peak 282.97M) | Time:00:00.32 | Mem:0.00M, Peak:0.00M | Scene, ViewLayer | Synchronizing object | Track_sleeper.010
Fra:451 Mem:282.99M (Peak 282.99M) | Time:00:00.32 | Mem:0.00M, Peak:0.00M | Scene, ViewLayer | Synchronizing object | Track_sleeper.088
Fra:451 Mem:283.01M (Peak 283.01M) | Time:00:00.32 | Mem:0.00M, Peak:0.00M | Scene, ViewLayer | Synchronizing object | Track_sleeper.098
Fra:451 Mem:283.04M (Peak 283.04M) | Time:00:00.32 | Mem:0.00M, Peak:0.00M | Scene, ViewLayer | Synchronizing object | Track_sleeper.114
Fra:451 Mem:283.06M (Peak 283.06M) | Time:00:00.32 | Mem:0.00M, Peak:0.00M | Scene, ViewLayer | Synchronizing object | Track_sleeper.045
Fra:451 Mem:283.10M (Peak 283.10M) | Time:00:00.32 | Mem:0.00M, Peak:0.00M | Scene, ViewLayer | Synchronizing object | Bridge_guard_post.059
Fra:451 Mem:283.09M (Peak 283.10M) | Time:00:00.32 | Mem:0.00M, Peak:0.00M | Scene, ViewLayer | Synchronizing object | Track_sleeper.091
Fra:451 Mem:283.12M (Peak 283.12M) | Time:00:00.32 | Mem:0.00M, Peak:0.00M | Scene, ViewLayer | Synchronizing object | Track_sleeper.042
Fra:451 Mem:283.14M (Peak 283.14M) | Time:00:00.32 | Mem:0.00M, Peak:0.00M | Scene, ViewLayer | Synchronizing object | Track_sleeper.072
Fra:451 Mem:283.16M (Peak 283.16M) | Time:00:00.32 | Mem:0.00M, Peak:0.00M | Scene, ViewLayer | Synchronizing object | Track_sleeper.046
Fra:451 Mem:283.19M (Peak 283.19M) | Time:00:00.32 | Mem:0.00M, Peak:0.00M | Scene, ViewLayer | Synchronizing object | Track_sleeper.109
Fra:451 Mem:283.24M (Peak 283.24M) | Time:00:00.32 | Mem:0.00M, Peak:0.00M | Scene, ViewLayer | Synchronizing object | Track_sleeper.037
Fra:451 Mem:283.24M (Peak 283.24M) | Time:00:00.32 | Mem:0.00M, Peak:0.00M | Scene, ViewLayer | Synchronizing object | Running_rail.001
Fra:451 Mem:283.36M (Peak 283.36M) | Time:00:00.32 | Mem:0.00M, Peak:0.00M | Scene, ViewLayer | Synchronizing object | Track_sleeper.030
Fra:451 Mem:283.55M (Peak 283.55M) | Time:00:00.32 | Mem:0.00M, Peak:0.00M | Scene, ViewLayer | Synchronizing object | Bridge_continuous_guard
Fra:451 Mem:283.86M (Peak 283.86M) | Time:00:00.32 | Mem:0.00M, Peak:0.00M | Scene, ViewLayer | Synchronizing object | Track_sleeper.032
Fra:451 Mem:283.96M (Peak 283.96M) | Time:00:00.32 | Mem:0.00M, Peak:0.00M | Scene, ViewLayer | Synchronizing object | Bridge_guard_post.049
Fra:451 Mem:283.99M (Peak 283.99M) | Time:00:00.32 | Mem:0.00M, Peak:0.00M | Scene, ViewLayer | Synchronizing object | Track_sleeper.050
Fra:451 Mem:284.02M (Peak 284.02M) | Time:00:00.32 | Mem:0.00M, Peak:0.00M | Scene, ViewLayer | Synchronizing object | Track_sleeper.134
Fra:451 Mem:284.04M (Peak 284.04M) | Time:00:00.32 | Mem:0.00M, Peak:0.00M | Scene, ViewLayer | Synchronizing object | Bridge_guard_post.036
Fra:451 Mem:284.05M (Peak 284.05M) | Time:00:00.32 | Mem:0.00M, Peak:0.00M | Scene, ViewLayer | Synchronizing object | Bridge_guard_post.008
Fra:451 Mem:284.05M (Peak 284.05M) | Time:00:00.32 | Mem:0.00M, Peak:0.00M | Scene, ViewLayer | Synchronizing object | Track_sleeper.008
Fra:451 Mem:284.06M (Peak 284.06M) | Time:00:00.32 | Mem:0.00M, Peak:0.00M | Scene, ViewLayer | Synchronizing object | Track_sleeper.143
Fra:451 Mem:284.12M (Peak 284.12M) | Time:00:00.32 | Mem:0.00M, Peak:0.00M | Scene, ViewLayer | Synchronizing object | Bridge_guard_post.011
Fra:451 Mem:284.11M (Peak 284.12M) | Time:00:00.32 | Mem:0.00M, Peak:0.00M | Scene, ViewLayer | Synchronizing object | Bridge_guard_post.012
Fra:451 Mem:284.12M (Peak 284.12M) | Time:00:00.32 | Mem:0.00M, Peak:0.00M | Scene, ViewLayer | Synchronizing object | Bridge_guard_post.057
Fra:451 Mem:284.13M (Peak 284.13M) | Time:00:00.32 | Mem:0.00M, Peak:0.00M | Scene, ViewLayer | Synchronizing object | Track_sleeper.024
Fra:451 Mem:284.15M (Peak 284.15M) | Time:00:00.32 | Mem:0.00M, Peak:0.00M | Scene, ViewLayer | Synchronizing object | Track_sleeper.106
Fra:451 Mem:284.19M (Peak 284.19M) | Time:00:00.32 | Mem:0.00M, Peak:0.00M | Scene, ViewLayer | Synchronizing object | Bridge_continuous_guard.001
Fra:451 Mem:284.29M (Peak 284.29M) | Time:00:00.32 | Mem:0.00M, Peak:0.00M | Scene, ViewLayer | Synchronizing object | Track_sleeper.069
Fra:451 Mem:284.31M (Peak 284.31M) | Time:00:00.32 | Mem:0.00M, Peak:0.00M | Scene, ViewLayer | Synchronizing object | Track_sleeper.122
Fra:451 Mem:284.35M (Peak 284.35M) | Time:00:00.32 | Mem:0.00M, Peak:0.00M | Scene, ViewLayer | Synchronizing object | Bridge_guard_post.035
Fra:451 Mem:284.36M (Peak 284.36M) | Time:00:00.32 | Mem:0.00M, Peak:0.00M | Scene, ViewLayer | Synchronizing object | Bridge_guard_post.038
Fra:451 Mem:284.35M (Peak 284.36M) | Time:00:00.32 | Mem:0.00M, Peak:0.00M | Scene, ViewLayer | Synchronizing object | Track_sleeper.002
Fra:451 Mem:284.38M (Peak 284.38M) | Time:00:00.32 | Mem:0.00M, Peak:0.00M | Scene, ViewLayer | Synchronizing object | Track_sleeper.048
Fra:451 Mem:284.42M (Peak 284.42M) | Time:00:00.32 | Mem:0.00M, Peak:0.00M | Scene, ViewLayer | Synchronizing object | Track_sleeper.060
Fra:451 Mem:284.43M (Peak 284.43M) | Time:00:00.32 | Mem:0.00M, Peak:0.00M | Scene, ViewLayer | Synchronizing object | Track_sleeper.062
Fra:451 Mem:284.46M (Peak 284.46M) | Time:00:00.32 | Mem:0.00M, Peak:0.00M | Scene, ViewLayer | Synchronizing object | Track_sleeper.040
Fra:451 Mem:284.49M (Peak 284.49M) | Time:00:00.32 | Mem:0.00M, Peak:0.00M | Scene, ViewLayer | Synchronizing object | Bridge_guard_post.029
Fra:451 Mem:284.49M (Peak 284.49M) | Time:00:00.32 | Mem:0.00M, Peak:0.00M | Scene, ViewLayer | Synchronizing object | Track_sleeper.124
Fra:451 Mem:284.51M (Peak 284.51M) | Time:00:00.32 | Mem:0.00M, Peak:0.00M | Scene, ViewLayer | Synchronizing object | Track_sleeper.117
Fra:451 Mem:284.54M (Peak 284.54M) | Time:00:00.32 | Mem:0.00M, Peak:0.00M | Scene, ViewLayer | Synchronizing object | Track_sleeper.101
Fra:451 Mem:284.57M (Peak 284.57M) | Time:00:00.33 | Mem:0.00M, Peak:0.00M | Scene, ViewLayer | Synchronizing object | Track_sleeper.076
Fra:451 Mem:284.60M (Peak 284.60M) | Time:00:00.33 | Mem:0.00M, Peak:0.00M | Scene, ViewLayer | Synchronizing object | Track_sleeper.103
Fra:451 Mem:284.61M (Peak 284.61M) | Time:00:00.33 | Mem:0.00M, Peak:0.00M | Scene, ViewLayer | Synchronizing object | Track_sleeper.094
Fra:451 Mem:284.63M (Peak 284.63M) | Time:00:00.33 | Mem:0.00M, Peak:0.00M | Scene, ViewLayer | Synchronizing object | Viaduct_pier.003
Fra:451 Mem:284.67M (Peak 284.67M) | Time:00:00.33 | Mem:0.00M, Peak:0.00M | Scene, ViewLayer | Synchronizing object | Bridge_guard_post.026
Fra:451 Mem:284.66M (Peak 284.67M) | Time:00:00.33 | Mem:0.00M, Peak:0.00M | Scene, ViewLayer | Synchronizing object | Track_sleeper.119
Fra:451 Mem:284.68M (Peak 284.68M) | Time:00:00.33 | Mem:0.00M, Peak:0.00M | Scene, ViewLayer | Synchronizing object | Viaduct_arch_spandrel.004
Fra:451 Mem:284.70M (Peak 284.70M) | Time:00:00.33 | Mem:0.00M, Peak:0.00M | Scene, ViewLayer | Synchronizing object | Bridge_guard_post.052
Fra:451 Mem:284.70M (Peak 284.70M) | Time:00:00.33 | Mem:0.00M, Peak:0.00M | Scene, ViewLayer | Synchronizing object | Track_sleeper.021
Fra:451 Mem:284.72M (Peak 284.72M) | Time:00:00.33 | Mem:0.00M, Peak:0.00M | Scene, ViewLayer | Synchronizing object | Track_sleeper.081
Fra:451 Mem:284.75M (Peak 284.75M) | Time:00:00.33 | Mem:0.00M, Peak:0.00M | Scene, ViewLayer | Synchronizing object | Track_sleeper.013
Fra:451 Mem:284.78M (Peak 284.78M) | Time:00:00.33 | Mem:0.00M, Peak:0.00M | Scene, ViewLayer | Synchronizing object | Track_sleeper.096
Fra:451 Mem:284.81M (Peak 284.81M) | Time:00:00.33 | Mem:0.00M, Peak:0.00M | Scene, ViewLayer | Synchronizing object | Track_sleeper.128
Fra:451 Mem:284.83M (Peak 284.83M) | Time:00:00.33 | Mem:0.00M, Peak:0.00M | Scene, ViewLayer | Synchronizing object | Downpipe.002
Fra:451 Mem:284.83M (Peak 284.83M) | Time:00:00.33 | Mem:0.00M, Peak:0.00M | Scene, ViewLayer | Synchronizing object | Viaduct_arch_spandrel
Fra:451 Mem:284.84M (Peak 284.84M) | Time:00:00.33 | Mem:0.00M, Peak:0.00M | Scene, ViewLayer | Synchronizing object | Track_sleeper.089
Fra:451 Mem:284.87M (Peak 284.87M) | Time:00:00.33 | Mem:0.00M, Peak:0.00M | Scene, ViewLayer | Synchronizing object | Bridge_guard_post.004
Fra:451 Mem:284.87M (Peak 284.87M) | Time:00:00.33 | Mem:0.00M, Peak:0.00M | Scene, ViewLayer | Synchronizing object | Viaduct_arch_spandrel.002
Fra:451 Mem:284.88M (Peak 284.88M) | Time:00:00.33 | Mem:0.00M, Peak:0.00M | Scene, ViewLayer | Synchronizing object | Track_sleeper.087
Fra:451 Mem:284.91M (Peak 284.91M) | Time:00:00.33 | Mem:0.00M, Peak:0.00M | Scene, ViewLayer | Synchronizing object | Viaduct_arch_spandrel.001
Fra:451 Mem:284.91M (Peak 284.91M) | Time:00:00.33 | Mem:0.00M, Peak:0.00M | Scene, ViewLayer | Synchronizing object | Buffer_stop_crossbar
Fra:451 Mem:284.95M (Peak 284.95M) | Time:00:00.33 | Mem:0.00M, Peak:0.00M | Scene, ViewLayer | Synchronizing object | Downpipe.003
Fra:451 Mem:284.94M (Peak 284.95M) | Time:00:00.33 | Mem:0.00M, Peak:0.00M | Scene, ViewLayer | Synchronizing object | Track_sleeper.146
Fra:451 Mem:284.97M (Peak 284.97M) | Time:00:00.33 | Mem:0.00M, Peak:0.00M | Scene, ViewLayer | Synchronizing object | Track_sleeper.047
Fra:451 Mem:284.99M (Peak 284.99M) | Time:00:00.33 | Mem:0.00M, Peak:0.00M | Scene, ViewLayer | Synchronizing object | Track_sleeper.149
Fra:451 Mem:285.02M (Peak 285.02M) | Time:00:00.33 | Mem:0.00M, Peak:0.00M | Scene, ViewLayer | Synchronizing object | Bridge_guard_post.045
Fra:451 Mem:285.02M (Peak 285.02M) | Time:00:00.33 | Mem:0.00M, Peak:0.00M | Scene, ViewLayer | Synchronizing object | Track_sleeper.139
Fra:451 Mem:285.05M (Peak 285.05M) | Time:00:00.33 | Mem:0.00M, Peak:0.00M | Scene, ViewLayer | Synchronizing object | Bridge_guard_post.023
Fra:451 Mem:285.11M (Peak 285.11M) | Time:00:00.33 | Mem:0.00M, Peak:0.00M | Scene, ViewLayer | Synchronizing object | Track_sleeper.025
Fra:451 Mem:285.15M (Peak 285.15M) | Time:00:00.33 | Mem:0.00M, Peak:0.00M | Scene, ViewLayer | Synchronizing object | Track_sleeper.052
Fra:451 Mem:285.20M (Peak 285.20M) | Time:00:00.33 | Mem:0.00M, Peak:0.00M | Scene, ViewLayer | Synchronizing object | Track_sleeper.073
Fra:451 Mem:285.23M (Peak 285.23M) | Time:00:00.33 | Mem:0.00M, Peak:0.00M | Scene, ViewLayer | Synchronizing object | Bridge_guard_post.043
Fra:451 Mem:285.21M (Peak 285.23M) | Time:00:00.33 | Mem:0.00M, Peak:0.00M | Scene, ViewLayer | Synchronizing object | Track_sleeper.011
Fra:451 Mem:285.24M (Peak 285.24M) | Time:00:00.33 | Mem:0.00M, Peak:0.00M | Scene, ViewLayer | Synchronizing object | Track_sleeper.141
Fra:451 Mem:285.28M (Peak 285.28M) | Time:00:00.33 | Mem:0.00M, Peak:0.00M | Scene, ViewLayer | Synchronizing object | Track_sleeper.150
Fra:451 Mem:285.31M (Peak 285.31M) | Time:00:00.33 | Mem:0.00M, Peak:0.00M | Scene, ViewLayer | Synchronizing object | Bridge_guard_post.007
Fra:451 Mem:285.31M (Peak 285.31M) | Time:00:00.33 | Mem:0.00M, Peak:0.00M | Scene, ViewLayer | Synchronizing object | Bridge_guard_post.048
Fra:451 Mem:285.32M (Peak 285.32M) | Time:00:00.33 | Mem:0.00M, Peak:0.00M | Scene, ViewLayer | Synchronizing object | Track_sleeper.084
Fra:451 Mem:285.34M (Peak 285.34M) | Time:00:00.33 | Mem:0.00M, Peak:0.00M | Scene, ViewLayer | Synchronizing object | Track_sleeper.133
Fra:451 Mem:285.32M (Peak 285.34M) | Time:00:00.33 | Mem:0.00M, Peak:0.00M | Scene, ViewLayer | Synchronizing object | Track_sleeper.006
Fra:451 Mem:285.39M (Peak 285.39M) | Time:00:00.33 | Mem:0.00M, Peak:0.00M | Scene, ViewLayer | Synchronizing object | Viaduct_bedrock_footing.003
Fra:451 Mem:285.41M (Peak 285.41M) | Time:00:00.33 | Mem:0.00M, Peak:0.00M | Scene, ViewLayer | Synchronizing object | Track_sleeper.085
Fra:451 Mem:285.43M (Peak 285.43M) | Time:00:00.33 | Mem:0.00M, Peak:0.00M | Scene, ViewLayer | Synchronizing object | Track_sleeper.113
Fra:451 Mem:285.46M (Peak 285.46M) | Time:00:00.33 | Mem:0.00M, Peak:0.00M | Scene, ViewLayer | Synchronizing object | Bridge_guard_post
Fra:451 Mem:285.46M (Peak 285.46M) | Time:00:00.33 | Mem:0.00M, Peak:0.00M | Scene, ViewLayer | Synchronizing object | Bridge_guard_post.025
Fra:451 Mem:285.47M (Peak 285.47M) | Time:00:00.33 | Mem:0.00M, Peak:0.00M | Scene, ViewLayer | Synchronizing object | Downpipe.001
Fra:451 Mem:285.47M (Peak 285.47M) | Time:00:00.33 | Mem:0.00M, Peak:0.00M | Scene, ViewLayer | Synchronizing object | Viaduct_pier
Fra:451 Mem:285.52M (Peak 285.52M) | Time:00:00.33 | Mem:0.00M, Peak:0.00M | Scene, ViewLayer | Synchronizing object | Track_sleeper.099
Fra:451 Mem:285.52M (Peak 285.52M) | Time:00:00.33 | Mem:0.00M, Peak:0.00M | Scene, ViewLayer | Synchronizing object | Track_sleeper.043
Fra:451 Mem:285.57M (Peak 285.57M) | Time:00:00.33 | Mem:0.00M, Peak:0.00M | Scene, ViewLayer | Synchronizing object | Track_sleeper.092
Fra:451 Mem:285.62M (Peak 285.62M) | Time:00:00.33 | Mem:0.00M, Peak:0.00M | Scene, ViewLayer | Synchronizing object | Bridge_guard_post.030
Fra:451 Mem:285.63M (Peak 285.63M) | Time:00:00.33 | Mem:0.00M, Peak:0.00M | Scene, ViewLayer | Synchronizing object | Track_sleeper.070
Fra:451 Mem:285.66M (Peak 285.66M) | Time:00:00.33 | Mem:0.00M, Peak:0.00M | Scene, ViewLayer | Synchronizing object | Bridge_guard_post.028
Fra:451 Mem:285.66M (Peak 285.66M) | Time:00:00.33 | Mem:0.00M, Peak:0.00M | Scene, ViewLayer | Synchronizing object | Track_sleeper.077
Fra:451 Mem:285.73M (Peak 285.73M) | Time:00:00.33 | Mem:0.00M, Peak:0.00M | Scene, ViewLayer | Synchronizing object | Track_sleeper.110
Fra:451 Mem:285.72M (Peak 285.73M) | Time:00:00.33 | Mem:0.00M, Peak:0.00M | Scene, ViewLayer | Synchronizing object | Bridge_guard_post.019
Fra:451 Mem:285.74M (Peak 285.74M) | Time:00:00.33 | Mem:0.00M, Peak:0.00M | Scene, ViewLayer | Synchronizing object | Bridge_guard_post.020
Fra:451 Mem:285.75M (Peak 285.75M) | Time:00:00.33 | Mem:0.00M, Peak:0.00M | Scene, ViewLayer | Synchronizing object | Track_sleeper.033
Fra:451 Mem:285.79M (Peak 285.79M) | Time:00:00.33 | Mem:0.00M, Peak:0.00M | Scene, ViewLayer | Synchronizing object | Viaduct_pier.011
Fra:451 Mem:285.80M (Peak 285.80M) | Time:00:00.33 | Mem:0.00M, Peak:0.00M | Scene, ViewLayer | Synchronizing object | Track_sleeper.135
Fra:451 Mem:285.83M (Peak 285.83M) | Time:00:00.33 | Mem:0.00M, Peak:0.00M | Scene, ViewLayer | Synchronizing object | Track_sleeper.014
Fra:451 Mem:285.85M (Peak 285.85M) | Time:00:00.33 | Mem:0.00M, Peak:0.00M | Scene, ViewLayer | Synchronizing object | Track_sleeper.034
Fra:451 Mem:285.86M (Peak 285.86M) | Time:00:00.33 | Mem:0.00M, Peak:0.00M | Scene, ViewLayer | Synchronizing object | Track_sleeper.051
Fra:451 Mem:285.90M (Peak 285.90M) | Time:00:00.33 | Mem:0.00M, Peak:0.00M | Scene, ViewLayer | Synchronizing object | Track_sleeper.064
Fra:451 Mem:285.91M (Peak 285.91M) | Time:00:00.33 | Mem:0.00M, Peak:0.00M | Scene, ViewLayer | Synchronizing object | Bridge_guard_post.037
Fra:451 Mem:285.93M (Peak 285.93M) | Time:00:00.33 | Mem:0.00M, Peak:0.00M | Scene, ViewLayer | Synchronizing object | Track_sleeper.147
Fra:451 Mem:285.96M (Peak 285.96M) | Time:00:00.33 | Mem:0.00M, Peak:0.00M | Scene, ViewLayer | Synchronizing object | Bridge_guard_post.055
Fra:451 Mem:285.97M (Peak 285.97M) | Time:00:00.33 | Mem:0.00M, Peak:0.00M | Scene, ViewLayer | Synchronizing object | Track_sleeper.144
Fra:451 Mem:285.96M (Peak 285.97M) | Time:00:00.33 | Mem:0.00M, Peak:0.00M | Scene, ViewLayer | Synchronizing object | Track_sleeper.066
Fra:451 Mem:286.01M (Peak 286.01M) | Time:00:00.33 | Mem:0.00M, Peak:0.00M | Scene, ViewLayer | Synchronizing object | Track_sleeper.068
Fra:451 Mem:286.05M (Peak 286.05M) | Time:00:00.33 | Mem:0.00M, Peak:0.00M | Scene, ViewLayer | Synchronizing object | Track_sleeper.137
Fra:451 Mem:286.04M (Peak 286.05M) | Time:00:00.33 | Mem:0.00M, Peak:0.00M | Scene, ViewLayer | Synchronizing object | Track_sleeper.038
Fra:451 Mem:286.09M (Peak 286.09M) | Time:00:00.33 | Mem:0.00M, Peak:0.00M | Scene, ViewLayer | Synchronizing object | Bridge_guard_post.016
Fra:451 Mem:286.10M (Peak 286.10M) | Time:00:00.33 | Mem:0.00M, Peak:0.00M | Scene, ViewLayer | Synchronizing object | Track_sleeper.107
Fra:451 Mem:286.15M (Peak 286.15M) | Time:00:00.33 | Mem:0.00M, Peak:0.00M | Scene, ViewLayer | Synchronizing object | Bridge_guard_post.046
Fra:451 Mem:286.13M (Peak 286.15M) | Time:00:00.33 | Mem:0.00M, Peak:0.00M | Scene, ViewLayer | Synchronizing object | Track_sleeper.067
Fra:451 Mem:286.13M (Peak 286.15M) | Time:00:00.33 | Mem:0.00M, Peak:0.00M | Scene, ViewLayer | Synchronizing object | Track_sleeper.123
Fra:451 Mem:286.18M (Peak 286.18M) | Time:00:00.33 | Mem:0.00M, Peak:0.00M | Scene, ViewLayer | Synchronizing object | Bridge_guard_post.039
Fra:451 Mem:286.19M (Peak 286.19M) | Time:00:00.33 | Mem:0.00M, Peak:0.00M | Scene, ViewLayer | Synchronizing object | Track_sleeper.003
Fra:451 Mem:286.23M (Peak 286.23M) | Time:00:00.33 | Mem:0.00M, Peak:0.00M | Scene, ViewLayer | Synchronizing object | Track_sleeper.026
Fra:451 Mem:286.22M (Peak 286.23M) | Time:00:00.33 | Mem:0.00M, Peak:0.00M | Scene, ViewLayer | Synchronizing object | Track_sleeper.053
Fra:451 Mem:286.26M (Peak 286.26M) | Time:00:00.33 | Mem:0.00M, Peak:0.00M | Scene, ViewLayer | Synchronizing object | Track_sleeper.074
Fra:451 Mem:286.32M (Peak 286.32M) | Time:00:00.33 | Mem:0.00M, Peak:0.00M | Scene, ViewLayer | Synchronizing object | Track_sleeper.129
Fra:451 Mem:286.28M (Peak 286.32M) | Time:00:00.33 | Mem:0.00M, Peak:0.00M | Scene, ViewLayer | Synchronizing object | Bridge_guard_post.032
Fra:451 Mem:286.32M (Peak 286.32M) | Time:00:00.33 | Mem:0.00M, Peak:0.00M | Scene, ViewLayer | Synchronizing object | Bridge_guard_post.040
Fra:451 Mem:286.32M (Peak 286.32M) | Time:00:00.33 | Mem:0.00M, Peak:0.00M | Scene, ViewLayer | Synchronizing object | Track_sleeper.063
Fra:451 Mem:286.34M (Peak 286.34M) | Time:00:00.33 | Mem:0.00M, Peak:0.00M | Scene, ViewLayer | Synchronizing object | Track_sleeper.125
Fra:451 Mem:286.35M (Peak 286.35M) | Time:00:00.33 | Mem:0.00M, Peak:0.00M | Scene, ViewLayer | Synchronizing object | Bridge_guard_post.003
Fra:451 Mem:286.36M (Peak 286.36M) | Time:00:00.33 | Mem:0.00M, Peak:0.00M | Scene, ViewLayer | Synchronizing object | Bridge_guard_post.050
Fra:451 Mem:286.36M (Peak 286.36M) | Time:00:00.33 | Mem:0.00M, Peak:0.00M | Scene, ViewLayer | Synchronizing object | Track_sleeper.009
Fra:451 Mem:286.41M (Peak 286.41M) | Time:00:00.33 | Mem:0.00M, Peak:0.00M | Scene, ViewLayer | Synchronizing object | Track_sleeper.131
Fra:451 Mem:286.43M (Peak 286.43M) | Time:00:00.33 | Mem:0.00M, Peak:0.00M | Scene, ViewLayer | Synchronizing object | Track_sleeper.019
Fra:451 Mem:286.44M (Peak 286.44M) | Time:00:00.33 | Mem:0.00M, Peak:0.00M | Scene, ViewLayer | Synchronizing object | Track_sleeper.029
Fra:451 Mem:286.48M (Peak 286.48M) | Time:00:00.33 | Mem:0.00M, Peak:0.00M | Scene, ViewLayer | Synchronizing object | Track_sleeper.036
Fra:451 Mem:286.51M (Peak 286.51M) | Time:00:00.33 | Mem:0.00M, Peak:0.00M | Scene, ViewLayer | Synchronizing object | Track_sleeper.079
Fra:451 Mem:286.53M (Peak 286.53M) | Time:00:00.33 | Mem:0.00M, Peak:0.00M | Scene, ViewLayer | Synchronizing object | Viaduct_bedrock_footing.005
Fra:451 Mem:286.55M (Peak 286.55M) | Time:00:00.33 | Mem:0.00M, Peak:0.00M | Scene, ViewLayer | Synchronizing object | Track_sleeper.111
Fra:451 Mem:286.59M (Peak 286.59M) | Time:00:00.33 | Mem:0.00M, Peak:0.00M | Scene, ViewLayer | Synchronizing object | Bridge_guard_post.027
Fra:451 Mem:286.57M (Peak 286.59M) | Time:00:00.33 | Mem:0.00M, Peak:0.00M | Scene, ViewLayer | Synchronizing object | Track_sleeper.017
Fra:451 Mem:286.59M (Peak 286.59M) | Time:00:00.33 | Mem:0.00M, Peak:0.00M | Scene, ViewLayer | Synchronizing object | Track_sleeper.086
Fra:451 Mem:286.63M (Peak 286.63M) | Time:00:00.33 | Mem:0.00M, Peak:0.00M | Scene, ViewLayer | Synchronizing object | Track_sleeper.028
Fra:451 Mem:286.66M (Peak 286.66M) | Time:00:00.34 | Mem:0.00M, Peak:0.00M | Scene, ViewLayer | Synchronizing object | Track_sleeper.120
Fra:451 Mem:286.68M (Peak 286.68M) | Time:00:00.34 | Mem:0.00M, Peak:0.00M | Scene, ViewLayer | Synchronizing object | Viaduct_bedrock_footing.011
Fra:451 Mem:286.69M (Peak 286.69M) | Time:00:00.34 | Mem:0.00M, Peak:0.00M | Scene, ViewLayer | Synchronizing object | Bridge_guard_post.053
Fra:451 Mem:286.71M (Peak 286.71M) | Time:00:00.34 | Mem:0.00M, Peak:0.00M | Scene, ViewLayer | Synchronizing object | Bridge_guard_post.054
Fra:451 Mem:286.71M (Peak 286.71M) | Time:00:00.34 | Mem:0.00M, Peak:0.00M | Scene, ViewLayer | Synchronizing object | Bridge_guard_post.014
Fra:451 Mem:286.72M (Peak 286.72M) | Time:00:00.34 | Mem:0.00M, Peak:0.00M | Scene, ViewLayer | Synchronizing object | Track_sleeper.097
Fra:451 Mem:286.72M (Peak 286.72M) | Time:00:00.34 | Mem:0.00M, Peak:0.00M | Scene, ViewLayer | Synchronizing object | Viaduct_bedrock_footing
Fra:451 Mem:286.78M (Peak 286.78M) | Time:00:00.34 | Mem:0.00M, Peak:0.00M | Scene, ViewLayer | Synchronizing object | Track_sleeper.090
Fra:451 Mem:286.79M (Peak 286.79M) | Time:00:00.34 | Mem:0.00M, Peak:0.00M | Scene, ViewLayer | Synchronizing object | Bridge_guard_post.005
Fra:451 Mem:286.80M (Peak 286.80M) | Time:00:00.34 | Mem:0.00M, Peak:0.00M | Scene, ViewLayer | Synchronizing object | Bridge_guard_post.058
Fra:451 Mem:286.81M (Peak 286.81M) | Time:00:00.34 | Mem:0.00M, Peak:0.00M | Scene, ViewLayer | Synchronizing object | Track_sleeper.044
Fra:451 Mem:286.83M (Peak 286.83M) | Time:00:00.34 | Mem:0.00M, Peak:0.00M | Scene, ViewLayer | Synchronizing object | Track_sleeper.108
Fra:451 Mem:286.85M (Peak 286.85M) | Time:00:00.34 | Mem:0.00M, Peak:0.00M | Scene, ViewLayer | Synchronizing object | Track_sleeper.041
Fra:451 Mem:286.88M (Peak 286.88M) | Time:00:00.34 | Mem:0.00M, Peak:0.00M | Scene, ViewLayer | Synchronizing object | Track_sleeper.071
Fra:451 Mem:286.92M (Peak 286.92M) | Time:00:00.34 | Mem:0.00M, Peak:0.00M | Scene, ViewLayer | Synchronizing object | Bridge_guard_post.021
Fra:451 Mem:286.91M (Peak 286.92M) | Time:00:00.34 | Mem:0.00M, Peak:0.00M | Scene, ViewLayer | Synchronizing object | Viaduct_pier.009
Fra:451 Mem:286.93M (Peak 286.93M) | Time:00:00.34 | Mem:0.00M, Peak:0.00M | Scene, ViewLayer | Synchronizing object | Bridge_guard_post.018
Fra:451 Mem:286.94M (Peak 286.94M) | Time:00:00.34 | Mem:0.00M, Peak:0.00M | Scene, ViewLayer | Synchronizing object | Track_sleeper.022
Fra:451 Mem:286.97M (Peak 286.97M) | Time:00:00.34 | Mem:0.00M, Peak:0.00M | Scene, ViewLayer | Synchronizing object | Bridge_guard_post.013
Fra:451 Mem:286.97M (Peak 286.97M) | Time:00:00.34 | Mem:0.00M, Peak:0.00M | Scene, ViewLayer | Synchronizing object | Bridge_guard_post.001
Fra:451 Mem:286.98M (Peak 286.98M) | Time:00:00.34 | Mem:0.00M, Peak:0.00M | Scene, ViewLayer | Synchronizing object | Bridge_guard_post.047
Fra:451 Mem:287.01M (Peak 287.01M) | Time:00:00.34 | Mem:0.00M, Peak:0.00M | Scene, ViewLayer | Synchronizing object | Track_sleeper.140
Fra:451 Mem:286.99M (Peak 287.01M) | Time:00:00.34 | Mem:0.00M, Peak:0.00M | Scene, ViewLayer | Synchronizing object | Viaduct_pier.007
Fra:451 Mem:287.04M (Peak 287.04M) | Time:00:00.34 | Mem:0.00M, Peak:0.00M | Scene, ViewLayer | Synchronizing object | Track_sleeper.035
Fra:451 Mem:287.06M (Peak 287.06M) | Time:00:00.34 | Mem:0.00M, Peak:0.00M | Scene, ViewLayer | Synchronizing object | Track_sleeper.012
Fra:451 Mem:287.09M (Peak 287.09M) | Time:00:00.34 | Mem:0.00M, Peak:0.00M | Scene, ViewLayer | Synchronizing object | Track_sleeper.104
Fra:451 Mem:287.11M (Peak 287.11M) | Time:00:00.34 | Mem:0.00M, Peak:0.00M | Scene, ViewLayer | Synchronizing object | Track_sleeper.142
Fra:451 Mem:287.13M (Peak 287.13M) | Time:00:00.34 | Mem:0.00M, Peak:0.00M | Scene, ViewLayer | Synchronizing object | Track_sleeper.055
Fra:451 Mem:287.15M (Peak 287.15M) | Time:00:00.34 | Mem:0.00M, Peak:0.00M | Scene, ViewLayer | Synchronizing object | Track_sleeper.082
Fra:451 Mem:287.20M (Peak 287.20M) | Time:00:00.34 | Mem:0.00M, Peak:0.00M | Scene, ViewLayer | Synchronizing object | Track_sleeper.121
Fra:451 Mem:287.18M (Peak 287.20M) | Time:00:00.34 | Mem:0.00M, Peak:0.00M | Scene, ViewLayer | Synchronizing object | Track_sleeper.105
Fra:451 Mem:287.25M (Peak 287.25M) | Time:00:00.34 | Mem:0.00M, Peak:0.00M | Scene, ViewLayer | Synchronizing object | Bridge_guard_post.010
Fra:451 Mem:287.23M (Peak 287.25M) | Time:00:00.34 | Mem:0.00M, Peak:0.00M | Scene, ViewLayer | Synchronizing object | Bridge_guard_post.015
Fra:451 Mem:287.26M (Peak 287.26M) | Time:00:00.34 | Mem:0.00M, Peak:0.00M | Scene, ViewLayer | Synchronizing object | Bridge_guard_post.056
Fra:451 Mem:287.26M (Peak 287.26M) | Time:00:00.34 | Mem:0.00M, Peak:0.00M | Scene, ViewLayer | Synchronizing object | Track_sleeper.018
Fra:451 Mem:287.26M (Peak 287.26M) | Time:00:00.34 | Mem:0.00M, Peak:0.00M | Scene, ViewLayer | Synchronizing object | Track_sleeper.059
Fra:451 Mem:287.30M (Peak 287.30M) | Time:00:00.34 | Mem:0.00M, Peak:0.00M | Scene, ViewLayer | Synchronizing object | Bridge_guard_post.022
Fra:451 Mem:287.30M (Peak 287.30M) | Time:00:00.34 | Mem:0.00M, Peak:0.00M | Scene, ViewLayer | Synchronizing object | Track_sleeper.027
Fra:451 Mem:287.32M (Peak 287.32M) | Time:00:00.34 | Mem:0.00M, Peak:0.00M | Scene, ViewLayer | Synchronizing object | Track_sleeper.058
Fra:451 Mem:287.32M (Peak 287.32M) | Time:00:00.34 | Mem:0.00M, Peak:0.00M | Scene, ViewLayer | Synchronizing object | Track_sleeper.065
Fra:451 Mem:287.37M (Peak 287.37M) | Time:00:00.34 | Mem:0.00M, Peak:0.00M | Scene, ViewLayer | Synchronizing object | Viaduct_pier.001
Fra:451 Mem:287.41M (Peak 287.41M) | Time:00:00.34 | Mem:0.00M, Peak:0.00M | Scene, ViewLayer | Synchronizing object | Track_sleeper.100
Fra:451 Mem:287.40M (Peak 287.41M) | Time:00:00.34 | Mem:0.00M, Peak:0.00M | Scene, ViewLayer | Synchronizing object | Track_sleeper.116
Fra:451 Mem:287.44M (Peak 287.44M) | Time:00:00.34 | Mem:0.00M, Peak:0.00M | Scene, ViewLayer | Synchronizing object | Bridge_guard_post.031
Fra:451 Mem:287.44M (Peak 287.44M) | Time:00:00.34 | Mem:0.00M, Peak:0.00M | Scene, ViewLayer | Synchronizing object | Track_sleeper.004
Fra:451 Mem:287.44M (Peak 287.44M) | Time:00:00.34 | Mem:0.00M, Peak:0.00M | Scene, ViewLayer | Synchronizing object | Track_sleeper.093
Fra:451 Mem:287.49M (Peak 287.49M) | Time:00:00.34 | Mem:0.00M, Peak:0.00M | Scene, ViewLayer | Synchronizing object | Viaduct_bedrock_footing.009
Fra:451 Mem:287.49M (Peak 287.49M) | Time:00:00.34 | Mem:0.00M, Peak:0.00M | Scene, ViewLayer | Synchronizing object | Track_sleeper.080
Fra:451 Mem:287.55M (Peak 287.55M) | Time:00:00.34 | Mem:0.00M, Peak:0.00M | Scene, ViewLayer | Synchronizing object | Buffer_stop_brace
Fra:451 Mem:287.54M (Peak 287.55M) | Time:00:00.34 | Mem:0.00M, Peak:0.00M | Scene, ViewLayer | Synchronizing object | Continuous_bridge_trackbed
Fra:451 Mem:287.58M (Peak 287.58M) | Time:00:00.34 | Mem:0.00M, Peak:0.00M | Scene, ViewLayer | Synchronizing object | Track_sleeper.020
Fra:451 Mem:287.74M (Peak 287.74M) | Time:00:00.34 | Mem:0.00M, Peak:0.00M | Scene, ViewLayer | Synchronizing object | Car_armrest.013
Fra:451 Mem:287.76M (Peak 287.76M) | Time:00:00.34 | Mem:0.00M, Peak:0.00M | Scene, ViewLayer | Synchronizing object | Cab_windscreen_surround.001
Fra:451 Mem:287.81M (Peak 287.81M) | Time:00:00.34 | Mem:0.00M, Peak:0.00M | Scene, ViewLayer | Synchronizing object | Car_armrest.002
Fra:451 Mem:287.81M (Peak 287.81M) | Time:00:00.34 | Mem:0.00M, Peak:0.00M | Scene, ViewLayer | Synchronizing object | Track_sleeper.031
Fra:451 Mem:287.84M (Peak 287.84M) | Time:00:00.34 | Mem:0.00M, Peak:0.00M | Scene, ViewLayer | Synchronizing object | Car_armrest.011
Fra:451 Mem:287.89M (Peak 287.89M) | Time:00:00.34 | Mem:0.00M, Peak:0.00M | Scene, ViewLayer | Synchronizing object | Track_sleeper.118
Fra:451 Mem:287.87M (Peak 287.89M) | Time:00:00.34 | Mem:0.00M, Peak:0.00M | Scene, ViewLayer | Synchronizing object | Car_armrest.009
Fra:451 Mem:287.92M (Peak 287.92M) | Time:00:00.34 | Mem:0.00M, Peak:0.00M | Scene, ViewLayer | Synchronizing object | Track_sleeper.095
Fra:451 Mem:287.94M (Peak 287.94M) | Time:00:00.34 | Mem:0.00M, Peak:0.00M | Scene, ViewLayer | Synchronizing object | Track_sleeper.127
Fra:451 Mem:287.97M (Peak 287.97M) | Time:00:00.34 | Mem:0.00M, Peak:0.00M | Scene, ViewLayer | Synchronizing object | Track_sleeper.136
Fra:451 Mem:288.00M (Peak 288.00M) | Time:00:00.34 | Mem:0.00M, Peak:0.00M | Scene, ViewLayer | Synchronizing object | Bridge_guard_post.034
Fra:451 Mem:288.00M (Peak 288.00M) | Time:00:00.34 | Mem:0.00M, Peak:0.00M | Scene, ViewLayer | Synchronizing object | Track_sleeper.015
Fra:451 Mem:288.01M (Peak 288.01M) | Time:00:00.34 | Mem:0.00M, Peak:0.00M | Scene, ViewLayer | Synchronizing object | Track_sleeper.007
Fra:451 Mem:288.05M (Peak 288.05M) | Time:00:00.34 | Mem:0.00M, Peak:0.00M | Scene, ViewLayer | Synchronizing object | Track_sleeper.148
Fra:451 Mem:288.05M (Peak 288.05M) | Time:00:00.34 | Mem:0.00M, Peak:0.00M | Scene, ViewLayer | Synchronizing object | Cab_windscreen_surround.002
Fra:451 Mem:288.09M (Peak 288.09M) | Time:00:00.34 | Mem:0.00M, Peak:0.00M | Scene, ViewLayer | Synchronizing object | Track_sleeper.145
Fra:451 Mem:288.12M (Peak 288.12M) | Time:00:00.34 | Mem:0.00M, Peak:0.00M | Scene, ViewLayer | Synchronizing object | Bridge_guard_post.044
Fra:451 Mem:288.13M (Peak 288.13M) | Time:00:00.34 | Mem:0.00M, Peak:0.00M | Scene, ViewLayer | Synchronizing object | Car_armrest.005
Fra:451 Mem:288.15M (Peak 288.15M) | Time:00:00.34 | Mem:0.00M, Peak:0.00M | Scene, ViewLayer | Synchronizing object | Buffer_stop_brace.001
Fra:451 Mem:288.13M (Peak 288.15M) | Time:00:00.34 | Mem:0.00M, Peak:0.00M | Scene, ViewLayer | Synchronizing object | Track_sleeper.138
Fra:451 Mem:288.14M (Peak 288.15M) | Time:00:00.34 | Mem:0.00M, Peak:0.00M | Scene, ViewLayer | Synchronizing object | Track_sleeper.023
Fra:451 Mem:288.17M (Peak 288.17M) | Time:00:00.34 | Mem:0.00M, Peak:0.00M | Scene, ViewLayer | Synchronizing object | Car_armrest.003
Fra:451 Mem:288.19M (Peak 288.19M) | Time:00:00.34 | Mem:0.00M, Peak:0.00M | Scene, ViewLayer | Synchronizing object | Track_sleeper.039
Fra:451 Mem:288.22M (Peak 288.22M) | Time:00:00.34 | Mem:0.00M, Peak:0.00M | Scene, ViewLayer | Synchronizing object | Track_sleeper.061
Fra:451 Mem:288.23M (Peak 288.23M) | Time:00:00.34 | Mem:0.00M, Peak:0.00M | Scene, ViewLayer | Synchronizing object | Bridge_guard_post.017
Fra:451 Mem:288.24M (Peak 288.24M) | Time:00:00.34 | Mem:0.00M, Peak:0.00M | Scene, ViewLayer | Synchronizing object | Car_armrest.006
Fra:451 Mem:288.24M (Peak 288.24M) | Time:00:00.34 | Mem:0.00M, Peak:0.00M | Scene, ViewLayer | Synchronizing object | Track_sleeper.001
Fra:451 Mem:288.26M (Peak 288.26M) | Time:00:00.34 | Mem:0.00M, Peak:0.00M | Scene, ViewLayer | Synchronizing object | Track_sleeper.049
Fra:451 Mem:288.29M (Peak 288.29M) | Time:00:00.34 | Mem:0.00M, Peak:0.00M | Scene, ViewLayer | Synchronizing object | Bridge_guard_post.002
Fra:451 Mem:288.30M (Peak 288.30M) | Time:00:00.34 | Mem:0.00M, Peak:0.00M | Scene, ViewLayer | Synchronizing object | Track_sleeper.054
Fra:451 Mem:288.33M (Peak 288.33M) | Time:00:00.34 | Mem:0.00M, Peak:0.00M | Scene, ViewLayer | Synchronizing object | Cab_windscreen_surround.003
Fra:451 Mem:288.32M (Peak 288.33M) | Time:00:00.34 | Mem:0.00M, Peak:0.00M | Scene, ViewLayer | Synchronizing object | Track_sleeper.075
Fra:451 Mem:288.37M (Peak 288.37M) | Time:00:00.34 | Mem:0.00M, Peak:0.00M | Scene, ViewLayer | Synchronizing object | Track_sleeper.130
Fra:451 Mem:288.41M (Peak 288.41M) | Time:00:00.34 | Mem:0.00M, Peak:0.00M | Scene, ViewLayer | Synchronizing object | Viaduct_bedrock_footing.001
Fra:451 Mem:288.41M (Peak 288.41M) | Time:00:00.34 | Mem:0.00M, Peak:0.00M | Scene, ViewLayer | Synchronizing object | Car_armrest
Fra:451 Mem:288.42M (Peak 288.42M) | Time:00:00.34 | Mem:0.00M, Peak:0.00M | Scene, ViewLayer | Synchronizing object | Bridge_guard_post.033
Fra:451 Mem:288.44M (Peak 288.44M) | Time:00:00.34 | Mem:0.00M, Peak:0.00M | Scene, ViewLayer | Synchronizing object | Bridge_guard_post.041
Fra:451 Mem:288.43M (Peak 288.44M) | Time:00:00.34 | Mem:0.00M, Peak:0.00M | Scene, ViewLayer | Synchronizing object | Bridge_guard_post.042
Fra:451 Mem:288.43M (Peak 288.44M) | Time:00:00.34 | Mem:0.00M, Peak:0.00M | Scene, ViewLayer | Synchronizing object | Viaduct_bedrock_footing.007
Fra:451 Mem:288.47M (Peak 288.47M) | Time:00:00.34 | Mem:0.00M, Peak:0.00M | Scene, ViewLayer | Synchronizing object | Viaduct_pier.005
Fra:451 Mem:288.49M (Peak 288.49M) | Time:00:00.34 | Mem:0.00M, Peak:0.00M | Scene, ViewLayer | Synchronizing object | Track_sleeper.056
Fra:451 Mem:288.52M (Peak 288.52M) | Time:00:00.34 | Mem:0.00M, Peak:0.00M | Scene, ViewLayer | Synchronizing object | Car_armrest.018
Fra:451 Mem:288.52M (Peak 288.52M) | Time:00:00.34 | Mem:0.00M, Peak:0.00M | Scene, ViewLayer | Synchronizing object | Track_sleeper.126
Fra:451 Mem:288.54M (Peak 288.54M) | Time:00:00.34 | Mem:0.00M, Peak:0.00M | Scene, ViewLayer | Synchronizing object | Car_armrest.016
Fra:451 Mem:288.57M (Peak 288.57M) | Time:00:00.34 | Mem:0.00M, Peak:0.00M | Scene, ViewLayer | Synchronizing object | Track_sleeper.005
Fra:451 Mem:288.59M (Peak 288.59M) | Time:00:00.34 | Mem:0.00M, Peak:0.00M | Scene, ViewLayer | Synchronizing object | Bridge_guard_post.006
Fra:451 Mem:288.59M (Peak 288.59M) | Time:00:00.34 | Mem:0.00M, Peak:0.00M | Scene, ViewLayer | Synchronizing object | Bridge_guard_post.051
Fra:451 Mem:288.60M (Peak 288.60M) | Time:00:00.34 | Mem:0.00M, Peak:0.00M | Scene, ViewLayer | Synchronizing object | Track_sleeper.083
Fra:451 Mem:288.60M (Peak 288.60M) | Time:00:00.34 | Mem:0.00M, Peak:0.00M | Scene, ViewLayer | Synchronizing object | Track_sleeper.132
Fra:451 Mem:288.63M (Peak 288.63M) | Time:00:00.34 | Mem:0.00M, Peak:0.00M | Scene, ViewLayer | Synchronizing object | Bridge_guard_post.024
Fra:451 Mem:288.67M (Peak 288.67M) | Time:00:00.34 | Mem:0.00M, Peak:0.00M | Scene, ViewLayer | Synchronizing object | Running_rail
Fra:451 Mem:288.65M (Peak 288.67M) | Time:00:00.34 | Mem:0.00M, Peak:0.00M | Scene, ViewLayer | Synchronizing object | Viaduct_arch_spandrel.003
Fra:451 Mem:288.77M (Peak 288.77M) | Time:00:00.34 | Mem:0.00M, Peak:0.00M | Scene, ViewLayer | Synchronizing object | Viaduct_arch_spandrel.005
Fra:451 Mem:288.77M (Peak 288.77M) | Time:00:00.34 | Mem:0.00M, Peak:0.00M | Scene, ViewLayer | Synchronizing object | Track_sleeper.112
Fra:451 Mem:288.88M (Peak 288.88M) | Time:00:00.34 | Mem:0.00M, Peak:0.00M | Scene, ViewLayer | Synchronizing object | Bridge_guard_post.009
Fra:451 Mem:289.08M (Peak 289.08M) | Time:00:00.34 | Mem:0.00M, Peak:0.00M | Scene, ViewLayer | Synchronizing object | Viaduct_bearing_cap_G2R01_00
Fra:451 Mem:289.23M (Peak 289.23M) | Time:00:00.34 | Mem:0.00M, Peak:0.00M | Scene, ViewLayer | Synchronizing object | Car_armrest.010
Fra:451 Mem:289.20M (Peak 289.23M) | Time:00:00.34 | Mem:0.00M, Peak:0.00M | Scene, ViewLayer | Synchronizing object | Viaduct_bearing_cap_G2R01_01
Fra:451 Mem:289.23M (Peak 289.23M) | Time:00:00.34 | Mem:0.00M, Peak:0.00M | Scene, ViewLayer | Synchronizing object | Car_armrest.007
Fra:451 Mem:289.24M (Peak 289.24M) | Time:00:00.34 | Mem:0.00M, Peak:0.00M | Scene, ViewLayer | Synchronizing object | Car_armrest.008
Fra:451 Mem:289.24M (Peak 289.24M) | Time:00:00.34 | Mem:0.00M, Peak:0.00M | Scene, ViewLayer | Synchronizing object | Viaduct_bearing_cap_G2R01_02
Fra:451 Mem:289.35M (Peak 289.35M) | Time:00:00.34 | Mem:0.00M, Peak:0.00M | Scene, ViewLayer | Synchronizing object | Car_luggage_rail
Fra:451 Mem:289.35M (Peak 289.35M) | Time:00:00.34 | Mem:0.00M, Peak:0.00M | Scene, ViewLayer | Synchronizing object | Viaduct_bearing_cap_G2R01_03
Fra:451 Mem:289.36M (Peak 289.36M) | Time:00:00.34 | Mem:0.00M, Peak:0.00M | Scene, ViewLayer | Synchronizing object | Door_handle.001
Fra:451 Mem:289.36M (Peak 289.36M) | Time:00:00.34 | Mem:0.00M, Peak:0.00M | Scene, ViewLayer | Synchronizing object | Viaduct_bearing_cap_G2R01_04
Fra:451 Mem:289.36M (Peak 289.36M) | Time:00:00.34 | Mem:0.00M, Peak:0.00M | Scene, ViewLayer | Synchronizing object | Viaduct_bearing_cap_G2R01_05
Fra:451 Mem:289.37M (Peak 289.37M) | Time:00:00.34 | Mem:0.00M, Peak:0.00M | Scene, ViewLayer | Synchronizing object | Car_armrest.001
Fra:451 Mem:289.48M (Peak 289.48M) | Time:00:00.34 | Mem:0.00M, Peak:0.00M | Scene, ViewLayer | Synchronizing object | Car_luggage_rail.001
Fra:451 Mem:289.60M (Peak 289.60M) | Time:00:00.34 | Mem:0.00M, Peak:0.00M | Scene, ViewLayer | Synchronizing object | Viaduct_bearing_cap_G2R01_06
Fra:451 Mem:289.58M (Peak 289.60M) | Time:00:00.34 | Mem:0.00M, Peak:0.00M | Scene, ViewLayer | Synchronizing object | Curved_roof_glazing.132
Fra:451 Mem:289.59M (Peak 289.60M) | Time:00:00.34 | Mem:0.00M, Peak:0.00M | Scene, ViewLayer | Synchronizing object | Wall_glazing_mullion.010
Fra:451 Mem:289.52M (Peak 289.60M) | Time:00:00.34 | Mem:0.00M, Peak:0.00M | Scene, ViewLayer | Synchronizing object | Ridge_vent_stanchion.008
Fra:451 Mem:289.55M (Peak 289.60M) | Time:00:00.34 | Mem:0.00M, Peak:0.00M | Scene, ViewLayer | Synchronizing object | Car_armrest.019
Fra:451 Mem:289.55M (Peak 289.60M) | Time:00:00.34 | Mem:0.00M, Peak:0.00M | Scene, ViewLayer | Synchronizing object | Wall_stone_sill.040
Fra:451 Mem:289.58M (Peak 289.60M) | Time:00:00.34 | Mem:0.00M, Peak:0.00M | Scene, ViewLayer | Synchronizing object | Car_armrest.017
Fra:451 Mem:289.59M (Peak 289.60M) | Time:00:00.34 | Mem:0.00M, Peak:0.00M | Scene, ViewLayer | Synchronizing object | Wall_transom.133
Fra:451 Mem:289.62M (Peak 289.62M) | Time:00:00.34 | Mem:0.00M, Peak:0.00M | Scene, ViewLayer | Synchronizing object | Cab_windscreen_surround
Fra:451 Mem:289.64M (Peak 289.64M) | Time:00:00.34 | Mem:0.00M, Peak:0.00M | Scene, ViewLayer | Synchronizing object | Column_capital.008
Fra:451 Mem:289.65M (Peak 289.65M) | Time:00:00.34 | Mem:0.00M, Peak:0.00M | Scene, ViewLayer | Synchronizing object | Curved_roof_glazing.273
Fra:451 Mem:289.67M (Peak 289.67M) | Time:00:00.34 | Mem:0.00M, Peak:0.00M | Scene, ViewLayer | Synchronizing object | Wall_transom.019
Fra:451 Mem:289.69M (Peak 289.69M) | Time:00:00.34 | Mem:0.00M, Peak:0.00M | Scene, ViewLayer | Synchronizing object | Car_armrest.015
Fra:451 Mem:289.73M (Peak 289.73M) | Time:00:00.34 | Mem:0.00M, Peak:0.00M | Scene, ViewLayer | Synchronizing object | Car_armrest.004
Fra:451 Mem:289.70M (Peak 289.73M) | Time:00:00.34 | Mem:0.00M, Peak:0.00M | Scene, ViewLayer | Synchronizing object | Curved_roof_glazing.222
Fra:451 Mem:289.72M (Peak 289.73M) | Time:00:00.34 | Mem:0.00M, Peak:0.00M | Scene, ViewLayer | Synchronizing object | Side_wall_glass.057
Fra:451 Mem:289.70M (Peak 289.73M) | Time:00:00.34 | Mem:0.00M, Peak:0.00M | Scene, ViewLayer | Synchronizing object | Door_handle
Fra:451 Mem:289.72M (Peak 289.73M) | Time:00:00.34 | Mem:0.00M, Peak:0.00M | Scene, ViewLayer | Synchronizing object | Curved_roof_glazing.027
Fra:451 Mem:289.70M (Peak 289.73M) | Time:00:00.34 | Mem:0.00M, Peak:0.00M | Scene, ViewLayer | Synchronizing object | Curved_roof_glazing.043
Fra:451 Mem:289.70M (Peak 289.73M) | Time:00:00.34 | Mem:0.00M, Peak:0.00M | Scene, ViewLayer | Synchronizing object | Curved_roof_glazing.107
Fra:451 Mem:289.70M (Peak 289.73M) | Time:00:00.34 | Mem:0.00M, Peak:0.00M | Scene, ViewLayer | Synchronizing object | G3_glazing_compression_gasket
Fra:451 Mem:289.71M (Peak 289.73M) | Time:00:00.34 | Mem:0.00M, Peak:0.00M | Scene, ViewLayer | Synchronizing object | Wall_transom.063
Fra:451 Mem:289.71M (Peak 289.73M) | Time:00:00.34 | Mem:0.00M, Peak:0.00M | Scene, ViewLayer | Synchronizing object | Column_base_plinth.007
Fra:451 Mem:289.73M (Peak 289.73M) | Time:00:00.34 | Mem:0.00M, Peak:0.00M | Scene, ViewLayer | Synchronizing object | G3_glazing_compression_gasket.001
Fra:451 Mem:289.77M (Peak 289.77M) | Time:00:00.34 | Mem:0.00M, Peak:0.00M | Scene, ViewLayer | Synchronizing object | G3_glazing_compression_gasket.002
Fra:451 Mem:289.77M (Peak 289.77M) | Time:00:00.34 | Mem:0.00M, Peak:0.00M | Scene, ViewLayer | Synchronizing object | G3_glazing_compression_gasket.003
Fra:451 Mem:289.78M (Peak 289.78M) | Time:00:00.34 | Mem:0.00M, Peak:0.00M | Scene, ViewLayer | Synchronizing object | Curved_roof_glazing.008
Fra:451 Mem:289.77M (Peak 289.78M) | Time:00:00.34 | Mem:0.00M, Peak:0.00M | Scene, ViewLayer | Synchronizing object | End_wall_glazing.003
Fra:451 Mem:289.77M (Peak 289.78M) | Time:00:00.34 | Mem:0.00M, Peak:0.00M | Scene, ViewLayer | Synchronizing object | Curved_roof_glazing.200
Fra:451 Mem:289.77M (Peak 289.78M) | Time:00:00.34 | Mem:0.00M, Peak:0.00M | Scene, ViewLayer | Synchronizing object | G3_glazing_compression_gasket.004
Fra:451 Mem:289.77M (Peak 289.78M) | Time:00:00.34 | Mem:0.00M, Peak:0.00M | Scene, ViewLayer | Synchronizing object | Side_wall_glass.102
Fra:451 Mem:289.78M (Peak 289.78M) | Time:00:00.34 | Mem:0.00M, Peak:0.00M | Scene, ViewLayer | Synchronizing object | Side_wall_glass.046
Fra:451 Mem:289.78M (Peak 289.78M) | Time:00:00.34 | Mem:0.00M, Peak:0.00M | Scene, ViewLayer | Synchronizing object | G3_glazing_compression_gasket.005
Fra:451 Mem:289.81M (Peak 289.81M) | Time:00:00.34 | Mem:0.00M, Peak:0.00M | Scene, ViewLayer | Synchronizing object | Wall_transom.188
Fra:451 Mem:289.81M (Peak 289.81M) | Time:00:00.34 | Mem:0.00M, Peak:0.00M | Scene, ViewLayer | Synchronizing object | Column_base_plinth.009
Fra:451 Mem:289.85M (Peak 289.85M) | Time:00:00.34 | Mem:0.00M, Peak:0.00M | Scene, ViewLayer | Synchronizing object | G3_glazing_compression_gasket.006
Fra:451 Mem:289.87M (Peak 289.87M) | Time:00:00.34 | Mem:0.00M, Peak:0.00M | Scene, ViewLayer | Synchronizing object | G3_glazing_compression_gasket.007
Fra:451 Mem:289.86M (Peak 289.87M) | Time:00:00.34 | Mem:0.00M, Peak:0.00M | Scene, ViewLayer | Synchronizing object | G3_glazing_compression_gasket.008
Fra:451 Mem:289.86M (Peak 289.87M) | Time:00:00.34 | Mem:0.00M, Peak:0.00M | Scene, ViewLayer | Synchronizing object | Curved_roof_glazing.274
Fra:451 Mem:289.89M (Peak 289.89M) | Time:00:00.34 | Mem:0.00M, Peak:0.00M | Scene, ViewLayer | Synchronizing object | G3_glazing_compression_gasket.009
Fra:451 Mem:289.89M (Peak 289.89M) | Time:00:00.34 | Mem:0.00M, Peak:0.00M | Scene, ViewLayer | Synchronizing object | Curved_roof_glazing.223
Fra:451 Mem:289.87M (Peak 289.89M) | Time:00:00.34 | Mem:0.00M, Peak:0.00M | Scene, ViewLayer | Synchronizing object | G3_glazing_compression_gasket.010
Fra:451 Mem:289.87M (Peak 289.89M) | Time:00:00.34 | Mem:0.00M, Peak:0.00M | Scene, ViewLayer | Synchronizing object | Curved_roof_glazing.108
Fra:451 Mem:289.87M (Peak 289.89M) | Time:00:00.34 | Mem:0.00M, Peak:0.00M | Scene, ViewLayer | Synchronizing object | G3_glazing_compression_gasket.011
Fra:451 Mem:289.88M (Peak 289.89M) | Time:00:00.34 | Mem:0.00M, Peak:0.00M | Scene, ViewLayer | Synchronizing object | Curved_roof_glazing.028
Fra:451 Mem:289.88M (Peak 289.89M) | Time:00:00.34 | Mem:0.00M, Peak:0.00M | Scene, ViewLayer | Synchronizing object | G3_glazing_compression_gasket.012
Fra:451 Mem:289.89M (Peak 289.89M) | Time:00:00.34 | Mem:0.00M, Peak:0.00M | Scene, ViewLayer | Synchronizing object | End_wall_mullion.010
Fra:451 Mem:289.96M (Peak 289.96M) | Time:00:00.34 | Mem:0.00M, Peak:0.00M | Scene, ViewLayer | Synchronizing object | G3_glazing_compression_gasket.013
Fra:451 Mem:289.96M (Peak 289.96M) | Time:00:00.34 | Mem:0.00M, Peak:0.00M | Scene, ViewLayer | Synchronizing object | G3_glazing_compression_gasket.014
Fra:451 Mem:289.97M (Peak 289.97M) | Time:00:00.34 | Mem:0.00M, Peak:0.00M | Scene, ViewLayer | Synchronizing object | G3_glazing_compression_gasket.015
Fra:451 Mem:289.97M (Peak 289.97M) | Time:00:00.34 | Mem:0.00M, Peak:0.00M | Scene, ViewLayer | Synchronizing object | Wall_stone_sill.039
Fra:451 Mem:289.98M (Peak 289.98M) | Time:00:00.34 | Mem:0.00M, Peak:0.00M | Scene, ViewLayer | Synchronizing object | G3_glazing_compression_gasket.016
Fra:451 Mem:290.01M (Peak 290.01M) | Time:00:00.34 | Mem:0.00M, Peak:0.00M | Scene, ViewLayer | Synchronizing object | G3_glazing_compression_gasket.017
Fra:451 Mem:290.01M (Peak 290.01M) | Time:00:00.34 | Mem:0.00M, Peak:0.00M | Scene, ViewLayer | Synchronizing object | G3_glazing_compression_gasket.018
Fra:451 Mem:290.01M (Peak 290.01M) | Time:00:00.34 | Mem:0.00M, Peak:0.00M | Scene, ViewLayer | Synchronizing object | G3_glazing_compression_gasket.019
Fra:451 Mem:290.00M (Peak 290.01M) | Time:00:00.34 | Mem:0.00M, Peak:0.00M | Scene, ViewLayer | Synchronizing object | G3_glazing_compression_gasket.020
Fra:451 Mem:290.01M (Peak 290.01M) | Time:00:00.34 | Mem:0.00M, Peak:0.00M | Scene, ViewLayer | Synchronizing object | Curved_roof_glazing.009
Fra:451 Mem:290.01M (Peak 290.01M) | Time:00:00.34 | Mem:0.00M, Peak:0.00M | Scene, ViewLayer | Synchronizing object | G3_glazing_compression_gasket.021
Fra:451 Mem:290.01M (Peak 290.01M) | Time:00:00.34 | Mem:0.00M, Peak:0.00M | Scene, ViewLayer | Synchronizing object | Column_base_plinth.016
Fra:451 Mem:290.01M (Peak 290.01M) | Time:00:00.34 | Mem:0.00M, Peak:0.00M | Scene, ViewLayer | Synchronizing object | G3_glazing_compression_gasket.022
Fra:451 Mem:290.05M (Peak 290.05M) | Time:00:00.34 | Mem:0.00M, Peak:0.00M | Scene, ViewLayer | Synchronizing object | G3_glazing_compression_gasket.023
Fra:451 Mem:290.04M (Peak 290.05M) | Time:00:00.34 | Mem:0.00M, Peak:0.00M | Scene, ViewLayer | Synchronizing object | Curved_roof_glazing.201
Fra:451 Mem:290.05M (Peak 290.05M) | Time:00:00.34 | Mem:0.00M, Peak:0.00M | Scene, ViewLayer | Synchronizing object | G3_glazing_compression_gasket.024
Fra:451 Mem:290.05M (Peak 290.05M) | Time:00:00.34 | Mem:0.00M, Peak:0.00M | Scene, ViewLayer | Synchronizing object | Side_wall_glass.027
Fra:451 Mem:290.05M (Peak 290.05M) | Time:00:00.35 | Mem:0.00M, Peak:0.00M | Scene, ViewLayer | Synchronizing object | G3_glazing_compression_gasket.025
Fra:451 Mem:290.07M (Peak 290.07M) | Time:00:00.35 | Mem:0.00M, Peak:0.00M | Scene, ViewLayer | Synchronizing object | Side_wall_glass.047
Fra:451 Mem:290.05M (Peak 290.07M) | Time:00:00.35 | Mem:0.00M, Peak:0.00M | Scene, ViewLayer | Synchronizing object | G3_glazing_compression_gasket.026
Fra:451 Mem:290.05M (Peak 290.07M) | Time:00:00.35 | Mem:0.00M, Peak:0.00M | Scene, ViewLayer | Synchronizing object | Wall_transom.110
Fra:451 Mem:290.05M (Peak 290.07M) | Time:00:00.35 | Mem:0.00M, Peak:0.00M | Scene, ViewLayer | Synchronizing object | G3_glazing_compression_gasket.027
Fra:451 Mem:290.06M (Peak 290.07M) | Time:00:00.35 | Mem:0.00M, Peak:0.00M | Scene, ViewLayer | Synchronizing object | Ridge_vent_stanchion.009
Fra:451 Mem:290.06M (Peak 290.07M) | Time:00:00.35 | Mem:0.00M, Peak:0.00M | Scene, ViewLayer | Synchronizing object | Wall_stone_sill.038
Fra:451 Mem:290.06M (Peak 290.07M) | Time:00:00.35 | Mem:0.00M, Peak:0.00M | Scene, ViewLayer | Synchronizing object | G3_glazing_compression_gasket.028
Fra:451 Mem:290.12M (Peak 290.12M) | Time:00:00.35 | Mem:0.00M, Peak:0.00M | Scene, ViewLayer | Synchronizing object | Curved_roof_glazing.275
Fra:451 Mem:290.11M (Peak 290.12M) | Time:00:00.35 | Mem:0.00M, Peak:0.00M | Scene, ViewLayer | Synchronizing object | Load_column.009
Fra:451 Mem:290.12M (Peak 290.12M) | Time:00:00.35 | Mem:0.00M, Peak:0.00M | Scene, ViewLayer | Synchronizing object | Wall_stone_sill.023
Fra:451 Mem:290.11M (Peak 290.12M) | Time:00:00.35 | Mem:0.00M, Peak:0.00M | Scene, ViewLayer | Synchronizing object | Wall_transom.014
Fra:451 Mem:290.16M (Peak 290.16M) | Time:00:00.35 | Mem:0.00M, Peak:0.00M | Scene, ViewLayer | Synchronizing object | Wall_transom.090
Fra:451 Mem:290.16M (Peak 290.16M) | Time:00:00.35 | Mem:0.00M, Peak:0.00M | Scene, ViewLayer | Synchronizing object | Curved_roof_glazing.224
Fra:451 Mem:290.19M (Peak 290.19M) | Time:00:00.35 | Mem:0.00M, Peak:0.00M | Scene, ViewLayer | Synchronizing object | G3_glazing_compression_gasket.029
Fra:451 Mem:290.19M (Peak 290.19M) | Time:00:00.35 | Mem:0.00M, Peak:0.00M | Scene, ViewLayer | Synchronizing object | G3_glazing_compression_gasket.030
Fra:451 Mem:290.19M (Peak 290.19M) | Time:00:00.35 | Mem:0.00M, Peak:0.00M | Scene, ViewLayer | Synchronizing object | G3_glazing_compression_gasket.031
Fra:451 Mem:290.19M (Peak 290.19M) | Time:00:00.35 | Mem:0.00M, Peak:0.00M | Scene, ViewLayer | Synchronizing object | Wall_transom.082
Fra:451 Mem:290.19M (Peak 290.19M) | Time:00:00.35 | Mem:0.00M, Peak:0.00M | Scene, ViewLayer | Synchronizing object | G3_glazing_compression_gasket.032
Fra:451 Mem:290.23M (Peak 290.23M) | Time:00:00.35 | Mem:0.00M, Peak:0.00M | Scene, ViewLayer | Synchronizing object | G3_glazing_compression_gasket.033
Fra:451 Mem:290.22M (Peak 290.23M) | Time:00:00.35 | Mem:0.00M, Peak:0.00M | Scene, ViewLayer | Synchronizing object | G3_glazing_compression_gasket.034
Fra:451 Mem:290.22M (Peak 290.23M) | Time:00:00.35 | Mem:0.00M, Peak:0.00M | Scene, ViewLayer | Synchronizing object | G3_glazing_compression_gasket.035
Fra:451 Mem:290.22M (Peak 290.23M) | Time:00:00.35 | Mem:0.00M, Peak:0.00M | Scene, ViewLayer | Synchronizing object | G3_glazing_compression_gasket.036
Fra:451 Mem:290.22M (Peak 290.23M) | Time:00:00.35 | Mem:0.00M, Peak:0.00M | Scene, ViewLayer | Synchronizing object | Wall_transom.155
Fra:451 Mem:290.22M (Peak 290.23M) | Time:00:00.35 | Mem:0.00M, Peak:0.00M | Scene, ViewLayer | Synchronizing object | G3_glazing_compression_gasket.037
Fra:451 Mem:290.26M (Peak 290.26M) | Time:00:00.35 | Mem:0.00M, Peak:0.00M | Scene, ViewLayer | Synchronizing object | G3_glazing_compression_gasket.038
Fra:451 Mem:290.25M (Peak 290.26M) | Time:00:00.35 | Mem:0.00M, Peak:0.00M | Scene, ViewLayer | Synchronizing object | G3_glazing_compression_gasket.039
Fra:451 Mem:290.25M (Peak 290.26M) | Time:00:00.35 | Mem:0.00M, Peak:0.00M | Scene, ViewLayer | Synchronizing object | G3_glazing_compression_gasket.040
Fra:451 Mem:290.26M (Peak 290.26M) | Time:00:00.35 | Mem:0.00M, Peak:0.00M | Scene, ViewLayer | Synchronizing object | G3_glazing_compression_gasket.041
Fra:451 Mem:290.25M (Peak 290.26M) | Time:00:00.35 | Mem:0.00M, Peak:0.00M | Scene, ViewLayer | Synchronizing object | Curved_roof_glazing.029
Fra:451 Mem:290.26M (Peak 290.26M) | Time:00:00.35 | Mem:0.00M, Peak:0.00M | Scene, ViewLayer | Synchronizing object | G3_glazing_compression_gasket.042
Fra:451 Mem:290.26M (Peak 290.26M) | Time:00:00.35 | Mem:0.00M, Peak:0.00M | Scene, ViewLayer | Synchronizing object | Curved_roof_glazing.045
Fra:451 Mem:290.26M (Peak 290.26M) | Time:00:00.35 | Mem:0.00M, Peak:0.00M | Scene, ViewLayer | Synchronizing object | G3_glazing_compression_gasket.043
Fra:451 Mem:290.26M (Peak 290.26M) | Time:00:00.35 | Mem:0.00M, Peak:0.00M | Scene, ViewLayer | Synchronizing object | Curved_roof_glazing.109
Fra:451 Mem:290.27M (Peak 290.27M) | Time:00:00.35 | Mem:0.00M, Peak:0.00M | Scene, ViewLayer | Synchronizing object | G3_glazing_compression_gasket.044
Fra:451 Mem:290.27M (Peak 290.27M) | Time:00:00.35 | Mem:0.00M, Peak:0.00M | Scene, ViewLayer | Synchronizing object | Hall_door_stile.002
Fra:451 Mem:290.27M (Peak 290.27M) | Time:00:00.35 | Mem:0.00M, Peak:0.00M | Scene, ViewLayer | Synchronizing object | G3_glazing_compression_gasket.045
Fra:451 Mem:290.30M (Peak 290.30M) | Time:00:00.35 | Mem:0.00M, Peak:0.00M | Scene, ViewLayer | Synchronizing object | G3_glazing_compression_gasket.046
Fra:451 Mem:290.30M (Peak 290.30M) | Time:00:00.35 | Mem:0.00M, Peak:0.00M | Scene, ViewLayer | Synchronizing object | G3_glazing_compression_gasket.047
Fra:451 Mem:290.30M (Peak 290.30M) | Time:00:00.35 | Mem:0.00M, Peak:0.00M | Scene, ViewLayer | Synchronizing object | G3_glazing_compression_gasket.048
Fra:451 Mem:290.31M (Peak 290.31M) | Time:00:00.35 | Mem:0.00M, Peak:0.00M | Scene, ViewLayer | Synchronizing object | G3_glazing_compression_gasket.049
Fra:451 Mem:290.30M (Peak 290.31M) | Time:00:00.35 | Mem:0.00M, Peak:0.00M | Scene, ViewLayer | Synchronizing object | Side_wall_glass.078
Fra:451 Mem:290.30M (Peak 290.31M) | Time:00:00.35 | Mem:0.00M, Peak:0.00M | Scene, ViewLayer | Synchronizing object | Wall_glazing_mullion.043
Fra:451 Mem:290.30M (Peak 290.31M) | Time:00:00.35 | Mem:0.00M, Peak:0.00M | Scene, ViewLayer | Synchronizing object | G3_glazing_compression_gasket.050
Fra:451 Mem:290.34M (Peak 290.34M) | Time:00:00.35 | Mem:0.00M, Peak:0.00M | Scene, ViewLayer | Synchronizing object | G3_glazing_compression_gasket.051
Fra:451 Mem:290.33M (Peak 290.34M) | Time:00:00.35 | Mem:0.00M, Peak:0.00M | Scene, ViewLayer | Synchronizing object | G3_glazing_compression_gasket.052
Fra:451 Mem:290.34M (Peak 290.34M) | Time:00:00.35 | Mem:0.00M, Peak:0.00M | Scene, ViewLayer | Synchronizing object | G3_glazing_compression_gasket.053
Fra:451 Mem:290.36M (Peak 290.36M) | Time:00:00.35 | Mem:0.00M, Peak:0.00M | Scene, ViewLayer | Synchronizing object | G3_glazing_compression_gasket.054
Fra:451 Mem:290.33M (Peak 290.36M) | Time:00:00.35 | Mem:0.00M, Peak:0.00M | Scene, ViewLayer | Synchronizing object | Curved_roof_glazing.376
Fra:451 Mem:290.34M (Peak 290.36M) | Time:00:00.35 | Mem:0.00M, Peak:0.00M | Scene, ViewLayer | Synchronizing object | G3_glazing_compression_gasket.055
Fra:451 Mem:290.34M (Peak 290.36M) | Time:00:00.35 | Mem:0.00M, Peak:0.00M | Scene, ViewLayer | Synchronizing object | Curved_roof_glazing.010
Fra:451 Mem:290.34M (Peak 290.36M) | Time:00:00.35 | Mem:0.00M, Peak:0.00M | Scene, ViewLayer | Synchronizing object | G3_glazing_compression_gasket.056
Fra:451 Mem:290.35M (Peak 290.36M) | Time:00:00.35 | Mem:0.00M, Peak:0.00M | Scene, ViewLayer | Synchronizing object | G3_glazing_compression_gasket.057
Fra:451 Mem:290.37M (Peak 290.37M) | Time:00:00.35 | Mem:0.00M, Peak:0.00M | Scene, ViewLayer | Synchronizing object | G3_glazing_compression_gasket.058
Fra:451 Mem:290.39M (Peak 290.39M) | Time:00:00.35 | Mem:0.00M, Peak:0.00M | Scene, ViewLayer | Synchronizing object | G3_glazing_compression_gasket.059
Fra:451 Mem:290.42M (Peak 290.42M) | Time:00:00.35 | Mem:0.00M, Peak:0.00M | Scene, ViewLayer | Synchronizing object | G3_glazing_compression_gasket.060
Fra:451 Mem:290.40M (Peak 290.42M) | Time:00:00.35 | Mem:0.00M, Peak:0.00M | Scene, ViewLayer | Synchronizing object | G3_glazing_compression_gasket.061
Fra:451 Mem:290.40M (Peak 290.42M) | Time:00:00.35 | Mem:0.00M, Peak:0.00M | Scene, ViewLayer | Synchronizing object | Curved_roof_glazing.202
Fra:451 Mem:290.40M (Peak 290.42M) | Time:00:00.35 | Mem:0.00M, Peak:0.00M | Scene, ViewLayer | Synchronizing object | End_wall_glazing.008
Fra:451 Mem:290.41M (Peak 290.42M) | Time:00:00.35 | Mem:0.00M, Peak:0.00M | Scene, ViewLayer | Synchronizing object | Side_wall_glass.076
Fra:451 Mem:290.41M (Peak 290.42M) | Time:00:00.35 | Mem:0.00M, Peak:0.00M | Scene, ViewLayer | Synchronizing object | Longitudinal_roof_purlin
Fra:451 Mem:290.42M (Peak 290.42M) | Time:00:00.35 | Mem:0.00M, Peak:0.00M | Scene, ViewLayer | Synchronizing object | Curved_roof_glazing.225
Fra:451 Mem:290.44M (Peak 290.44M) | Time:00:00.35 | Mem:0.00M, Peak:0.00M | Scene, ViewLayer | Synchronizing object | G3_glazing_compression_gasket.063
Fra:451 Mem:290.45M (Peak 290.45M) | Time:00:00.35 | Mem:0.00M, Peak:0.00M | Scene, ViewLayer | Synchronizing object | Wall_transom.121
Fra:451 Mem:290.45M (Peak 290.45M) | Time:00:00.35 | Mem:0.00M, Peak:0.00M | Scene, ViewLayer | Synchronizing object | G3_glazing_compression_gasket.064
Fra:451 Mem:290.49M (Peak 290.49M) | Time:00:00.35 | Mem:0.00M, Peak:0.00M | Scene, ViewLayer | Synchronizing object | G3_glazing_compression_gasket.065
Fra:451 Mem:290.49M (Peak 290.49M) | Time:00:00.35 | Mem:0.00M, Peak:0.00M | Scene, ViewLayer | Synchronizing object | G3_glazing_compression_gasket.066
Fra:451 Mem:290.47M (Peak 290.49M) | Time:00:00.35 | Mem:0.00M, Peak:0.00M | Scene, ViewLayer | Synchronizing object | Curved_roof_glazing.030
Fra:451 Mem:290.47M (Peak 290.49M) | Time:00:00.35 | Mem:0.00M, Peak:0.00M | Scene, ViewLayer | Synchronizing object | G3_glazing_compression_gasket.067
Fra:451 Mem:290.49M (Peak 290.49M) | Time:00:00.35 | Mem:0.00M, Peak:0.00M | Scene, ViewLayer | Synchronizing object | Curved_roof_glazing.046
Fra:451 Mem:290.50M (Peak 290.50M) | Time:00:00.35 | Mem:0.00M, Peak:0.00M | Scene, ViewLayer | Synchronizing object | G3_glazing_compression_gasket.068
Fra:451 Mem:290.48M (Peak 290.50M) | Time:00:00.35 | Mem:0.00M, Peak:0.00M | Scene, ViewLayer | Synchronizing object | Curved_roof_glazing.110
Fra:451 Mem:290.48M (Peak 290.50M) | Time:00:00.35 | Mem:0.00M, Peak:0.00M | Scene, ViewLayer | Synchronizing object | End_wall_mullion.019
Fra:451 Mem:290.48M (Peak 290.50M) | Time:00:00.35 | Mem:0.00M, Peak:0.00M | Scene, ViewLayer | Synchronizing object | Wall_transom.101
Fra:451 Mem:290.49M (Peak 290.50M) | Time:00:00.35 | Mem:0.00M, Peak:0.00M | Scene, ViewLayer | Synchronizing object | Curved_roof_glazing.011
Fra:451 Mem:290.54M (Peak 290.54M) | Time:00:00.35 | Mem:0.00M, Peak:0.00M | Scene, ViewLayer | Synchronizing object | G3_glazing_compression_gasket.070
Fra:451 Mem:290.54M (Peak 290.54M) | Time:00:00.35 | Mem:0.00M, Peak:0.00M | Scene, ViewLayer | Synchronizing object | G3_glazing_compression_gasket.071
Fra:451 Mem:290.54M (Peak 290.54M) | Time:00:00.35 | Mem:0.00M, Peak:0.00M | Scene, ViewLayer | Synchronizing object | G3_glazing_compression_gasket.072
Fra:451 Mem:290.56M (Peak 290.56M) | Time:00:00.35 | Mem:0.00M, Peak:0.00M | Scene, ViewLayer | Synchronizing object | G3_glazing_compression_gasket.073
Fra:451 Mem:290.54M (Peak 290.56M) | Time:00:00.35 | Mem:0.00M, Peak:0.00M | Scene, ViewLayer | Synchronizing object | Curved_roof_glazing.203
Fra:451 Mem:290.54M (Peak 290.56M) | Time:00:00.35 | Mem:0.00M, Peak:0.00M | Scene, ViewLayer | Synchronizing object | G3_glazing_compression_gasket.074
Fra:451 Mem:290.54M (Peak 290.56M) | Time:00:00.35 | Mem:0.00M, Peak:0.00M | Scene, ViewLayer | Synchronizing object | Side_wall_glass.103
Fra:451 Mem:290.54M (Peak 290.56M) | Time:00:00.35 | Mem:0.00M, Peak:0.00M | Scene, ViewLayer | Synchronizing object | Wall_transom.137
Fra:451 Mem:290.54M (Peak 290.56M) | Time:00:00.35 | Mem:0.00M, Peak:0.00M | Scene, ViewLayer | Synchronizing object | G3_glazing_compression_gasket.075
Fra:451 Mem:290.57M (Peak 290.57M) | Time:00:00.35 | Mem:0.00M, Peak:0.00M | Scene, ViewLayer | Synchronizing object | Wall_transom.006
Fra:451 Mem:290.61M (Peak 290.61M) | Time:00:00.35 | Mem:0.00M, Peak:0.00M | Scene, ViewLayer | Synchronizing object | Wall_transom.029
Fra:451 Mem:290.60M (Peak 290.61M) | Time:00:00.35 | Mem:0.00M, Peak:0.00M | Scene, ViewLayer | Synchronizing object | Wall_transom.079
Fra:451 Mem:290.68M (Peak 290.68M) | Time:00:00.35 | Mem:0.00M, Peak:0.00M | Scene, ViewLayer | Synchronizing object | Curved_roof_glazing.136
Fra:451 Mem:290.65M (Peak 290.68M) | Time:00:00.35 | Mem:0.00M, Peak:0.00M | Scene, ViewLayer | Synchronizing object | Wall_glazing_mullion.011
Fra:451 Mem:290.67M (Peak 290.68M) | Time:00:00.35 | Mem:0.00M, Peak:0.00M | Scene, ViewLayer | Synchronizing object | Wall_transom.178
Fra:451 Mem:290.73M (Peak 290.73M) | Time:00:00.35 | Mem:0.00M, Peak:0.00M | Scene, ViewLayer | Synchronizing object | Wall_transom.047
Fra:451 Mem:290.71M (Peak 290.73M) | Time:00:00.35 | Mem:0.00M, Peak:0.00M | Scene, ViewLayer | Synchronizing object | Curved_roof_glazing.226
Fra:451 Mem:290.71M (Peak 290.73M) | Time:00:00.35 | Mem:0.00M, Peak:0.00M | Scene, ViewLayer | Synchronizing object | End_wall_mullion.002
Fra:451 Mem:290.71M (Peak 290.73M) | Time:00:00.35 | Mem:0.00M, Peak:0.00M | Scene, ViewLayer | Synchronizing object | End_wall_sill.007
Fra:451 Mem:290.79M (Peak 290.79M) | Time:00:00.35 | Mem:0.00M, Peak:0.00M | Scene, ViewLayer | Synchronizing object | End_wall_sill
Fra:451 Mem:290.78M (Peak 290.79M) | Time:00:00.35 | Mem:0.00M, Peak:0.00M | Scene, ViewLayer | Synchronizing object | Wall_stone_sill.004
Fra:451 Mem:290.83M (Peak 290.83M) | Time:00:00.35 | Mem:0.00M, Peak:0.00M | Scene, ViewLayer | Synchronizing object | Curved_roof_glazing.031
Fra:451 Mem:290.83M (Peak 290.83M) | Time:00:00.35 | Mem:0.00M, Peak:0.00M | Scene, ViewLayer | Synchronizing object | Curved_roof_glazing.047
Fra:451 Mem:290.83M (Peak 290.83M) | Time:00:00.35 | Mem:0.00M, Peak:0.00M | Scene, ViewLayer | Synchronizing object | Curved_roof_glazing.111
Fra:451 Mem:290.84M (Peak 290.84M) | Time:00:00.35 | Mem:0.00M, Peak:0.00M | Scene, ViewLayer | Synchronizing object | Curved_roof_glazing.012
Fra:451 Mem:290.84M (Peak 290.84M) | Time:00:00.35 | Mem:0.00M, Peak:0.00M | Scene, ViewLayer | Synchronizing object | G3_glazing_compression_gasket.076
Fra:451 Mem:290.84M (Peak 290.84M) | Time:00:00.35 | Mem:0.00M, Peak:0.00M | Scene, ViewLayer | Synchronizing object | Side_wall_glass.082
Fra:451 Mem:290.84M (Peak 290.84M) | Time:00:00.35 | Mem:0.00M, Peak:0.00M | Scene, ViewLayer | Synchronizing object | Curved_roof_glazing.204
Fra:451 Mem:290.84M (Peak 290.84M) | Time:00:00.35 | Mem:0.00M, Peak:0.00M | Scene, ViewLayer | Synchronizing object | G3_glazing_compression_gasket.077
Fra:451 Mem:290.85M (Peak 290.85M) | Time:00:00.35 | Mem:0.00M, Peak:0.00M | Scene, ViewLayer | Synchronizing object | Side_wall_glass.093
Fra:451 Mem:290.85M (Peak 290.85M) | Time:00:00.35 | Mem:0.00M, Peak:0.00M | Scene, ViewLayer | Synchronizing object | Wall_transom.108
Fra:451 Mem:290.85M (Peak 290.85M) | Time:00:00.35 | Mem:0.00M, Peak:0.00M | Scene, ViewLayer | Synchronizing object | G3_glazing_compression_gasket.078
Fra:451 Mem:290.88M (Peak 290.88M) | Time:00:00.35 | Mem:0.00M, Peak:0.00M | Scene, ViewLayer | Synchronizing object | G3_glazing_compression_gasket.079
Fra:451 Mem:290.88M (Peak 290.88M) | Time:00:00.35 | Mem:0.00M, Peak:0.00M | Scene, ViewLayer | Synchronizing object | G3_glazing_compression_gasket.080
Fra:451 Mem:290.88M (Peak 290.88M) | Time:00:00.35 | Mem:0.00M, Peak:0.00M | Scene, ViewLayer | Synchronizing object | G3_glazing_compression_gasket.081
Fra:451 Mem:290.90M (Peak 290.90M) | Time:00:00.35 | Mem:0.00M, Peak:0.00M | Scene, ViewLayer | Synchronizing object | G3_glazing_compression_gasket.082
Fra:451 Mem:290.88M (Peak 290.90M) | Time:00:00.35 | Mem:0.00M, Peak:0.00M | Scene, ViewLayer | Synchronizing object | Wall_transom.141
Fra:451 Mem:290.88M (Peak 290.90M) | Time:00:00.35 | Mem:0.00M, Peak:0.00M | Scene, ViewLayer | Synchronizing object | G3_glazing_compression_gasket.083
Fra:451 Mem:290.92M (Peak 290.92M) | Time:00:00.35 | Mem:0.00M, Peak:0.00M | Scene, ViewLayer | Synchronizing object | G3_glazing_compression_gasket.084
Fra:451 Mem:290.91M (Peak 290.92M) | Time:00:00.35 | Mem:0.00M, Peak:0.00M | Scene, ViewLayer | Synchronizing object | G3_glazing_compression_gasket.085
Fra:451 Mem:290.91M (Peak 290.92M) | Time:00:00.35 | Mem:0.00M, Peak:0.00M | Scene, ViewLayer | Synchronizing object | G3_glazing_compression_gasket.086
Fra:451 Mem:290.93M (Peak 290.93M) | Time:00:00.35 | Mem:0.00M, Peak:0.00M | Scene, ViewLayer | Synchronizing object | G3_glazing_compression_gasket.087
Fra:451 Mem:290.91M (Peak 290.93M) | Time:00:00.35 | Mem:0.00M, Peak:0.00M | Scene, ViewLayer | Synchronizing object | Curved_roof_glazing.137
Fra:451 Mem:290.91M (Peak 290.93M) | Time:00:00.35 | Mem:0.00M, Peak:0.00M | Scene, ViewLayer | Synchronizing object | G3_glazing_compression_gasket.088
Fra:451 Mem:290.92M (Peak 290.93M) | Time:00:00.35 | Mem:0.00M, Peak:0.00M | Scene, ViewLayer | Synchronizing object | Curved_roof_glazing.227
Fra:451 Mem:290.92M (Peak 290.93M) | Time:00:00.35 | Mem:0.00M, Peak:0.00M | Scene, ViewLayer | Synchronizing object | G3_glazing_compression_gasket.089
Fra:451 Mem:290.92M (Peak 290.93M) | Time:00:00.35 | Mem:0.00M, Peak:0.00M | Scene, ViewLayer | Synchronizing object | Wall_transom.034
Fra:451 Mem:290.95M (Peak 290.95M) | Time:00:00.35 | Mem:0.00M, Peak:0.00M | Scene, ViewLayer | Synchronizing object | G3_glazing_compression_gasket.090
Fra:451 Mem:290.95M (Peak 290.95M) | Time:00:00.35 | Mem:0.00M, Peak:0.00M | Scene, ViewLayer | Synchronizing object | G3_glazing_compression_gasket.091
Fra:451 Mem:290.95M (Peak 290.95M) | Time:00:00.35 | Mem:0.00M, Peak:0.00M | Scene, ViewLayer | Synchronizing object | G3_glazing_compression_gasket.092
Fra:451 Mem:290.97M (Peak 290.97M) | Time:00:00.35 | Mem:0.00M, Peak:0.00M | Scene, ViewLayer | Synchronizing object | G3_glazing_compression_gasket.093
Fra:451 Mem:290.95M (Peak 290.97M) | Time:00:00.35 | Mem:0.00M, Peak:0.00M | Scene, ViewLayer | Synchronizing object | Wall_transom.084
Fra:451 Mem:290.96M (Peak 290.97M) | Time:00:00.35 | Mem:0.00M, Peak:0.00M | Scene, ViewLayer | Synchronizing object | End_wall_glazing.001
Fra:451 Mem:291.00M (Peak 291.00M) | Time:00:00.35 | Mem:0.00M, Peak:0.00M | Scene, ViewLayer | Synchronizing object | Curved_roof_glazing.032
Fra:451 Mem:290.99M (Peak 291.00M) | Time:00:00.35 | Mem:0.00M, Peak:0.00M | Scene, ViewLayer | Synchronizing object | Curved_roof_glazing.048
Fra:451 Mem:290.99M (Peak 291.00M) | Time:00:00.35 | Mem:0.00M, Peak:0.00M | Scene, ViewLayer | Synchronizing object | Curved_roof_glazing.112
Fra:451 Mem:290.99M (Peak 291.00M) | Time:00:00.35 | Mem:0.00M, Peak:0.00M | Scene, ViewLayer | Synchronizing object | Side_wall_glass.079
Fra:451 Mem:291.02M (Peak 291.02M) | Time:00:00.35 | Mem:0.00M, Peak:0.00M | Scene, ViewLayer | Synchronizing object | Wall_transom.064
Fra:451 Mem:291.00M (Peak 291.02M) | Time:00:00.35 | Mem:0.00M, Peak:0.00M | Scene, ViewLayer | Synchronizing object | Curved_roof_glazing.013
Fra:451 Mem:291.03M (Peak 291.03M) | Time:00:00.35 | Mem:0.00M, Peak:0.00M | Scene, ViewLayer | Synchronizing object | Curved_roof_glazing.205
Fra:451 Mem:291.03M (Peak 291.03M) | Time:00:00.35 | Mem:0.00M, Peak:0.00M | Scene, ViewLayer | Synchronizing object | Curved_roof_glazing.138
Fra:451 Mem:291.03M (Peak 291.03M) | Time:00:00.35 | Mem:0.00M, Peak:0.00M | Scene, ViewLayer | Synchronizing object | Wall_transom.189
Fra:451 Mem:291.05M (Peak 291.05M) | Time:00:00.35 | Mem:0.00M, Peak:0.00M | Scene, ViewLayer | Synchronizing object | Side_wall_glass.077
Fra:451 Mem:291.05M (Peak 291.05M) | Time:00:00.35 | Mem:0.00M, Peak:0.00M | Scene, ViewLayer | Synchronizing object | Column_base_plinth.015
Fra:451 Mem:291.07M (Peak 291.07M) | Time:00:00.35 | Mem:0.00M, Peak:0.00M | Scene, ViewLayer | Synchronizing object | Curved_roof_glazing.164
Fra:451 Mem:291.08M (Peak 291.08M) | Time:00:00.35 | Mem:0.00M, Peak:0.00M | Scene, ViewLayer | Synchronizing object | Curved_roof_glazing.372
Fra:451 Mem:291.08M (Peak 291.08M) | Time:00:00.35 | Mem:0.00M, Peak:0.00M | Scene, ViewLayer | Synchronizing object | Longitudinal_roof_purlin.007
Fra:451 Mem:291.11M (Peak 291.11M) | Time:00:00.35 | Mem:0.00M, Peak:0.00M | Scene, ViewLayer | Synchronizing object | Side_wall_glass.008
Fra:451 Mem:291.10M (Peak 291.11M) | Time:00:00.35 | Mem:0.00M, Peak:0.00M | Scene, ViewLayer | Synchronizing object | Curved_roof_glazing.033
Fra:451 Mem:291.11M (Peak 291.11M) | Time:00:00.35 | Mem:0.00M, Peak:0.00M | Scene, ViewLayer | Synchronizing object | Curved_roof_glazing.049
Fra:451 Mem:291.11M (Peak 291.11M) | Time:00:00.35 | Mem:0.00M, Peak:0.00M | Scene, ViewLayer | Synchronizing object | Curved_roof_glazing.113
Fra:451 Mem:291.13M (Peak 291.13M) | Time:00:00.35 | Mem:0.00M, Peak:0.00M | Scene, ViewLayer | Synchronizing object | End_wall_sill.010
Fra:451 Mem:291.12M (Peak 291.13M) | Time:00:00.35 | Mem:0.00M, Peak:0.00M | Scene, ViewLayer | Synchronizing object | Curved_roof_glazing.014
Fra:451 Mem:291.15M (Peak 291.15M) | Time:00:00.35 | Mem:0.00M, Peak:0.00M | Scene, ViewLayer | Synchronizing object | End_wall_mullion.003
Fra:451 Mem:291.16M (Peak 291.16M) | Time:00:00.35 | Mem:0.00M, Peak:0.00M | Scene, ViewLayer | Synchronizing object | Curved_roof_glazing.206
Fra:451 Mem:291.16M (Peak 291.16M) | Time:00:00.35 | Mem:0.00M, Peak:0.00M | Scene, ViewLayer | Synchronizing object | Wall_transom.069
Fra:451 Mem:291.16M (Peak 291.16M) | Time:00:00.35 | Mem:0.00M, Peak:0.00M | Scene, ViewLayer | Synchronizing object | Wall_transom.039
Fra:451 Mem:291.20M (Peak 291.20M) | Time:00:00.35 | Mem:0.00M, Peak:0.00M | Scene, ViewLayer | Synchronizing object | Curved_roof_glazing.139
Fra:451 Mem:291.20M (Peak 291.20M) | Time:00:00.35 | Mem:0.00M, Peak:0.00M | Scene, ViewLayer | Synchronizing object | Primary_elliptical_arch.002
Fra:451 Mem:291.21M (Peak 291.21M) | Time:00:00.35 | Mem:0.00M, Peak:0.00M | Scene, ViewLayer | Synchronizing object | Wall_stone_sill.037
Fra:451 Mem:291.22M (Peak 291.22M) | Time:00:00.35 | Mem:0.00M, Peak:0.00M | Scene, ViewLayer | Synchronizing object | G3_glazing_compression_gasket.095
Fra:451 Mem:291.23M (Peak 291.23M) | Time:00:00.35 | Mem:0.00M, Peak:0.00M | Scene, ViewLayer | Synchronizing object | G3_glazing_compression_gasket.096
Fra:451 Mem:291.24M (Peak 291.24M) | Time:00:00.35 | Mem:0.00M, Peak:0.00M | Scene, ViewLayer | Synchronizing object | G3_glazing_compression_gasket.097
Fra:451 Mem:291.24M (Peak 291.24M) | Time:00:00.35 | Mem:0.00M, Peak:0.00M | Scene, ViewLayer | Synchronizing object | G3_glazing_compression_gasket.098
Fra:451 Mem:291.25M (Peak 291.25M) | Time:00:00.35 | Mem:0.00M, Peak:0.00M | Scene, ViewLayer | Synchronizing object | G3_glazing_compression_gasket.099
Fra:451 Mem:291.24M (Peak 291.25M) | Time:00:00.35 | Mem:0.00M, Peak:0.00M | Scene, ViewLayer | Synchronizing object | Curved_roof_glazing.165
Fra:451 Mem:291.24M (Peak 291.25M) | Time:00:00.35 | Mem:0.00M, Peak:0.00M | Scene, ViewLayer | Synchronizing object | G3_glazing_compression_gasket.100
Fra:451 Mem:291.25M (Peak 291.25M) | Time:00:00.35 | Mem:0.00M, Peak:0.00M | Scene, ViewLayer | Synchronizing object | Curved_roof_glazing.373
Fra:451 Mem:291.25M (Peak 291.25M) | Time:00:00.35 | Mem:0.00M, Peak:0.00M | Scene, ViewLayer | Synchronizing object | G3_glazing_compression_gasket.101
Fra:451 Mem:291.25M (Peak 291.25M) | Time:00:00.35 | Mem:0.00M, Peak:0.00M | Scene, ViewLayer | Synchronizing object | Load_column.015
Fra:451 Mem:291.25M (Peak 291.25M) | Time:00:00.35 | Mem:0.00M, Peak:0.00M | Scene, ViewLayer | Synchronizing object | G3_glazing_compression_gasket.102
Fra:451 Mem:291.26M (Peak 291.26M) | Time:00:00.35 | Mem:0.00M, Peak:0.00M | Scene, ViewLayer | Synchronizing object | Ridge_vent_stanchion.018
Fra:451 Mem:291.26M (Peak 291.26M) | Time:00:00.35 | Mem:0.00M, Peak:0.00M | Scene, ViewLayer | Synchronizing object | G3_glazing_compression_gasket.103
Fra:451 Mem:291.26M (Peak 291.26M) | Time:00:00.35 | Mem:0.00M, Peak:0.00M | Scene, ViewLayer | Synchronizing object | Side_wall_glass.064
Fra:451 Mem:291.26M (Peak 291.26M) | Time:00:00.35 | Mem:0.00M, Peak:0.00M | Scene, ViewLayer | Synchronizing object | Wall_transom.156
Fra:451 Mem:291.26M (Peak 291.26M) | Time:00:00.35 | Mem:0.00M, Peak:0.00M | Scene, ViewLayer | Synchronizing object | G3_glazing_compression_gasket.104
Fra:451 Mem:291.29M (Peak 291.29M) | Time:00:00.35 | Mem:0.00M, Peak:0.00M | Scene, ViewLayer | Synchronizing object | G3_glazing_compression_gasket.105
Fra:451 Mem:291.29M (Peak 291.29M) | Time:00:00.35 | Mem:0.00M, Peak:0.00M | Scene, ViewLayer | Synchronizing object | G3_glazing_compression_gasket.106
Fra:451 Mem:291.29M (Peak 291.29M) | Time:00:00.35 | Mem:0.00M, Peak:0.00M | Scene, ViewLayer | Synchronizing object | G3_glazing_compression_gasket.107
Fra:451 Mem:291.30M (Peak 291.30M) | Time:00:00.35 | Mem:0.00M, Peak:0.00M | Scene, ViewLayer | Synchronizing object | G3_glazing_compression_gasket.108
Fra:451 Mem:291.29M (Peak 291.30M) | Time:00:00.35 | Mem:0.00M, Peak:0.00M | Scene, ViewLayer | Synchronizing object | G3_glazing_compression_gasket.109
Fra:451 Mem:291.29M (Peak 291.30M) | Time:00:00.35 | Mem:0.00M, Peak:0.00M | Scene, ViewLayer | Synchronizing object | Curved_roof_glazing.034
Fra:451 Mem:291.30M (Peak 291.30M) | Time:00:00.35 | Mem:0.00M, Peak:0.00M | Scene, ViewLayer | Synchronizing object | Curved_roof_glazing.050
Fra:451 Mem:291.30M (Peak 291.30M) | Time:00:00.35 | Mem:0.00M, Peak:0.00M | Scene, ViewLayer | Synchronizing object | G3_glazing_compression_gasket.110
Fra:451 Mem:291.30M (Peak 291.30M) | Time:00:00.35 | Mem:0.00M, Peak:0.00M | Scene, ViewLayer | Synchronizing object | Curved_roof_glazing.114
Fra:451 Mem:291.30M (Peak 291.30M) | Time:00:00.35 | Mem:0.00M, Peak:0.00M | Scene, ViewLayer | Synchronizing object | G3_glazing_compression_gasket.111
Fra:451 Mem:291.31M (Peak 291.31M) | Time:00:00.35 | Mem:0.00M, Peak:0.00M | Scene, ViewLayer | Synchronizing object | Hall_door_stile.003
Fra:451 Mem:291.31M (Peak 291.31M) | Time:00:00.35 | Mem:0.00M, Peak:0.00M | Scene, ViewLayer | Synchronizing object | G3_glazing_compression_gasket.112
Fra:451 Mem:291.35M (Peak 291.35M) | Time:00:00.35 | Mem:0.00M, Peak:0.00M | Scene, ViewLayer | Synchronizing object | G3_glazing_compression_gasket.113
Fra:451 Mem:291.35M (Peak 291.35M) | Time:00:00.35 | Mem:0.00M, Peak:0.00M | Scene, ViewLayer | Synchronizing object | Curved_roof_glazing.015
Fra:451 Mem:291.34M (Peak 291.35M) | Time:00:00.35 | Mem:0.00M, Peak:0.00M | Scene, ViewLayer | Synchronizing object | G3_glazing_compression_gasket.114
Fra:451 Mem:291.34M (Peak 291.35M) | Time:00:00.35 | Mem:0.00M, Peak:0.00M | Scene, ViewLayer | Synchronizing object | Hall_door_rail.002
Fra:451 Mem:291.34M (Peak 291.35M) | Time:00:00.35 | Mem:0.00M, Peak:0.00M | Scene, ViewLayer | Synchronizing object | G3_glazing_compression_gasket.115
Fra:451 Mem:291.39M (Peak 291.39M) | Time:00:00.35 | Mem:0.00M, Peak:0.00M | Scene, ViewLayer | Synchronizing object | G3_glazing_compression_gasket.116
Fra:451 Mem:291.37M (Peak 291.39M) | Time:00:00.35 | Mem:0.00M, Peak:0.00M | Scene, ViewLayer | Synchronizing object | Side_wall_glass.083
Fra:451 Mem:291.37M (Peak 291.39M) | Time:00:00.35 | Mem:0.00M, Peak:0.00M | Scene, ViewLayer | Synchronizing object | G3_glazing_compression_gasket.117
Fra:451 Mem:291.37M (Peak 291.39M) | Time:00:00.35 | Mem:0.00M, Peak:0.00M | Scene, ViewLayer | Synchronizing object | Curved_roof_glazing.207
Fra:451 Mem:291.38M (Peak 291.39M) | Time:00:00.35 | Mem:0.00M, Peak:0.00M | Scene, ViewLayer | Synchronizing object | Column_base_plinth.004
Fra:451 Mem:291.39M (Peak 291.39M) | Time:00:00.35 | Mem:0.00M, Peak:0.00M | Scene, ViewLayer | Synchronizing object | G3_glazing_compression_gasket.118
Fra:451 Mem:291.38M (Peak 291.39M) | Time:00:00.35 | Mem:0.00M, Peak:0.00M | Scene, ViewLayer | Synchronizing object | Curved_roof_glazing.140
Fra:451 Mem:291.41M (Peak 291.41M) | Time:00:00.35 | Mem:0.00M, Peak:0.00M | Scene, ViewLayer | Synchronizing object | G3_glazing_compression_gasket.119
Fra:451 Mem:291.41M (Peak 291.41M) | Time:00:00.35 | Mem:0.00M, Peak:0.00M | Scene, ViewLayer | Synchronizing object | Side_wall_glass.074
Fra:451 Mem:291.40M (Peak 291.41M) | Time:00:00.35 | Mem:0.00M, Peak:0.00M | Scene, ViewLayer | Synchronizing object | Wall_transom.180
Fra:451 Mem:291.40M (Peak 291.41M) | Time:00:00.35 | Mem:0.00M, Peak:0.00M | Scene, ViewLayer | Synchronizing object | G3_glazing_compression_gasket.120
Fra:451 Mem:291.43M (Peak 291.43M) | Time:00:00.35 | Mem:0.00M, Peak:0.00M | Scene, ViewLayer | Synchronizing object | G3_glazing_compression_gasket.121
Fra:451 Mem:291.46M (Peak 291.46M) | Time:00:00.35 | Mem:0.00M, Peak:0.00M | Scene, ViewLayer | Synchronizing object | G3_glazing_compression_gasket.122
Fra:451 Mem:291.43M (Peak 291.46M) | Time:00:00.35 | Mem:0.00M, Peak:0.00M | Scene, ViewLayer | Synchronizing object | End_wall_mullion.008
Fra:451 Mem:291.43M (Peak 291.46M) | Time:00:00.35 | Mem:0.00M, Peak:0.00M | Scene, ViewLayer | Synchronizing object | G3_glazing_compression_gasket.123
Fra:451 Mem:291.48M (Peak 291.48M) | Time:00:00.35 | Mem:0.00M, Peak:0.00M | Scene, ViewLayer | Synchronizing object | G3_glazing_compression_gasket.124
Fra:451 Mem:291.46M (Peak 291.48M) | Time:00:00.35 | Mem:0.00M, Peak:0.00M | Scene, ViewLayer | Synchronizing object | Wall_transom.016
Fra:451 Mem:291.60M (Peak 291.60M) | Time:00:00.35 | Mem:0.00M, Peak:0.00M | Scene, ViewLayer | Synchronizing object | Curved_roof_glazing.166
Fra:451 Mem:291.59M (Peak 291.60M) | Time:00:00.35 | Mem:0.00M, Peak:0.00M | Scene, ViewLayer | Synchronizing object | Curved_roof_glazing.374
Fra:451 Mem:291.60M (Peak 291.60M) | Time:00:00.35 | Mem:0.00M, Peak:0.00M | Scene, ViewLayer | Synchronizing object | End_wall_mullion.005
Fra:451 Mem:291.62M (Peak 291.62M) | Time:00:00.35 | Mem:0.00M, Peak:0.00M | Scene, ViewLayer | Synchronizing object | Side_wall_glass.009
Fra:451 Mem:291.64M (Peak 291.64M) | Time:00:00.35 | Mem:0.00M, Peak:0.00M | Scene, ViewLayer | Synchronizing object | Wall_stone_sill.034
Fra:451 Mem:291.67M (Peak 291.67M) | Time:00:00.35 | Mem:0.00M, Peak:0.00M | Scene, ViewLayer | Synchronizing object | Curved_roof_glazing.035
Fra:451 Mem:291.66M (Peak 291.67M) | Time:00:00.35 | Mem:0.00M, Peak:0.00M | Scene, ViewLayer | Synchronizing object | Curved_roof_glazing.051
Fra:451 Mem:291.68M (Peak 291.68M) | Time:00:00.35 | Mem:0.00M, Peak:0.00M | Scene, ViewLayer | Synchronizing object | Curved_roof_glazing.115
Fra:451 Mem:291.67M (Peak 291.68M) | Time:00:00.35 | Mem:0.00M, Peak:0.00M | Scene, ViewLayer | Synchronizing object | End_wall_glazing.011
Fra:451 Mem:291.68M (Peak 291.68M) | Time:00:00.35 | Mem:0.00M, Peak:0.00M | Scene, ViewLayer | Synchronizing object | End_wall_sill.017
Fra:451 Mem:291.68M (Peak 291.68M) | Time:00:00.35 | Mem:0.00M, Peak:0.00M | Scene, ViewLayer | Synchronizing object | Hall_door_glass.001
Fra:451 Mem:291.71M (Peak 291.71M) | Time:00:00.35 | Mem:0.00M, Peak:0.00M | Scene, ViewLayer | Synchronizing object | Curved_roof_glazing.016
Fra:451 Mem:291.72M (Peak 291.72M) | Time:00:00.35 | Mem:0.00M, Peak:0.00M | Scene, ViewLayer | Synchronizing object | Column_capital.016
Fra:451 Mem:291.71M (Peak 291.72M) | Time:00:00.35 | Mem:0.00M, Peak:0.00M | Scene, ViewLayer | Synchronizing object | Curved_roof_glazing.208
Fra:451 Mem:291.74M (Peak 291.74M) | Time:00:00.35 | Mem:0.00M, Peak:0.00M | Scene, ViewLayer | Synchronizing object | Wall_transom.151
Fra:451 Mem:291.76M (Peak 291.76M) | Time:00:00.35 | Mem:0.00M, Peak:0.00M | Scene, ViewLayer | Synchronizing object | Wall_transom.007
Fra:451 Mem:291.79M (Peak 291.79M) | Time:00:00.35 | Mem:0.00M, Peak:0.00M | Scene, ViewLayer | Synchronizing object | Wall_transom.080
Fra:451 Mem:291.81M (Peak 291.81M) | Time:00:00.35 | Mem:0.00M, Peak:0.00M | Scene, ViewLayer | Synchronizing object | Curved_roof_glazing.141
Fra:451 Mem:291.80M (Peak 291.81M) | Time:00:00.35 | Mem:0.00M, Peak:0.00M | Scene, ViewLayer | Synchronizing object | Load_column.004
Fra:451 Mem:291.81M (Peak 291.81M) | Time:00:00.35 | Mem:0.00M, Peak:0.00M | Scene, ViewLayer | Synchronizing object | Wall_transom.179
Fra:451 Mem:291.80M (Peak 291.81M) | Time:00:00.35 | Mem:0.00M, Peak:0.00M | Scene, ViewLayer | Synchronizing object | Wall_stone_sill.016
Fra:451 Mem:291.87M (Peak 291.87M) | Time:00:00.35 | Mem:0.00M, Peak:0.00M | Scene, ViewLayer | Synchronizing object | Wall_stone_sill.051
Fra:451 Mem:291.87M (Peak 291.87M) | Time:00:00.35 | Mem:0.00M, Peak:0.00M | Scene, ViewLayer | Synchronizing object | Wall_stone_sill.055
Fra:451 Mem:291.89M (Peak 291.89M) | Time:00:00.35 | Mem:0.00M, Peak:0.00M | Scene, ViewLayer | Synchronizing object | Curved_roof_glazing.375
Fra:451 Mem:291.89M (Peak 291.89M) | Time:00:00.35 | Mem:0.00M, Peak:0.00M | Scene, ViewLayer | Synchronizing object | Ridge_vent_stanchion.019
Fra:451 Mem:291.90M (Peak 291.90M) | Time:00:00.35 | Mem:0.00M, Peak:0.00M | Scene, ViewLayer | Synchronizing object | Side_wall_glass.065
Fra:451 Mem:291.90M (Peak 291.90M) | Time:00:00.35 | Mem:0.00M, Peak:0.00M | Scene, ViewLayer | Synchronizing object | Column_base_plinth.001
Fra:451 Mem:291.92M (Peak 291.92M) | Time:00:00.35 | Mem:0.00M, Peak:0.00M | Scene, ViewLayer | Synchronizing object | Side_wall_glass.062
Fra:451 Mem:291.92M (Peak 291.92M) | Time:00:00.35 | Mem:0.00M, Peak:0.00M | Scene, ViewLayer | Synchronizing object | Wall_transom.123
Fra:451 Mem:291.95M (Peak 291.95M) | Time:00:00.35 | Mem:0.00M, Peak:0.00M | Scene, ViewLayer | Synchronizing object | Column_capital.007
Fra:451 Mem:291.98M (Peak 291.98M) | Time:00:00.35 | Mem:0.00M, Peak:0.00M | Scene, ViewLayer | Synchronizing object | Curved_roof_glazing.017
Fra:451 Mem:291.97M (Peak 291.98M) | Time:00:00.35 | Mem:0.00M, Peak:0.00M | Scene, ViewLayer | Synchronizing object | Hall_door_glass
Fra:451 Mem:291.98M (Peak 291.98M) | Time:00:00.35 | Mem:0.00M, Peak:0.00M | Scene, ViewLayer | Synchronizing object | Wall_stone_sill.046
Fra:451 Mem:291.98M (Peak 291.98M) | Time:00:00.35 | Mem:0.00M, Peak:0.00M | Scene, ViewLayer | Synchronizing object | Curved_roof_glazing.209
Fra:451 Mem:292.00M (Peak 292.00M) | Time:00:00.35 | Mem:0.00M, Peak:0.00M | Scene, ViewLayer | Synchronizing object | Wall_transom.109
Fra:451 Mem:292.02M (Peak 292.02M) | Time:00:00.35 | Mem:0.00M, Peak:0.00M | Scene, ViewLayer | Synchronizing object | Wall_stone_sill.010
Fra:451 Mem:292.06M (Peak 292.06M) | Time:00:00.35 | Mem:0.00M, Peak:0.00M | Scene, ViewLayer | Synchronizing object | Curved_roof_glazing.142
Fra:451 Mem:292.07M (Peak 292.07M) | Time:00:00.35 | Mem:0.00M, Peak:0.00M | Scene, ViewLayer | Synchronizing object | Wall_stone_sill
Fra:451 Mem:292.05M (Peak 292.07M) | Time:00:00.35 | Mem:0.00M, Peak:0.00M | Scene, ViewLayer | Synchronizing object | Side_wall_glass.106
Fra:451 Mem:292.05M (Peak 292.07M) | Time:00:00.35 | Mem:0.00M, Peak:0.00M | Scene, ViewLayer | Synchronizing object | Side_wall_glass.114
Fra:451 Mem:292.05M (Peak 292.07M) | Time:00:00.35 | Mem:0.00M, Peak:0.00M | Scene, ViewLayer | Synchronizing object | G3_glazing_compression_gasket.126
Fra:451 Mem:292.05M (Peak 292.07M) | Time:00:00.35 | Mem:0.00M, Peak:0.00M | Scene, ViewLayer | Synchronizing object | Wall_transom.091
Fra:451 Mem:292.06M (Peak 292.07M) | Time:00:00.35 | Mem:0.00M, Peak:0.00M | Scene, ViewLayer | Synchronizing object | G3_glazing_compression_gasket.127
Fra:451 Mem:292.11M (Peak 292.11M) | Time:00:00.35 | Mem:0.00M, Peak:0.00M | Scene, ViewLayer | Synchronizing object | G3_glazing_compression_gasket.128
Fra:451 Mem:292.11M (Peak 292.11M) | Time:00:00.35 | Mem:0.00M, Peak:0.00M | Scene, ViewLayer | Synchronizing object | G3_glazing_compression_gasket.129
Fra:451 Mem:292.11M (Peak 292.11M) | Time:00:00.35 | Mem:0.00M, Peak:0.00M | Scene, ViewLayer | Synchronizing object | G3_glazing_compression_gasket.130
Fra:451 Mem:292.11M (Peak 292.11M) | Time:00:00.35 | Mem:0.00M, Peak:0.00M | Scene, ViewLayer | Synchronizing object | G3_glazing_compression_gasket.131
Fra:451 Mem:292.12M (Peak 292.12M) | Time:00:00.35 | Mem:0.00M, Peak:0.00M | Scene, ViewLayer | Synchronizing object | Wall_transom.160
Fra:451 Mem:292.14M (Peak 292.14M) | Time:00:00.35 | Mem:0.00M, Peak:0.00M | Scene, ViewLayer | Synchronizing object | G3_glazing_compression_gasket.132
Fra:451 Mem:292.13M (Peak 292.14M) | Time:00:00.35 | Mem:0.00M, Peak:0.00M | Scene, ViewLayer | Synchronizing object | Curved_roof_glazing.168
Fra:451 Mem:292.13M (Peak 292.14M) | Time:00:00.35 | Mem:0.00M, Peak:0.00M | Scene, ViewLayer | Synchronizing object | Column_capital
Fra:451 Mem:292.14M (Peak 292.14M) | Time:00:00.35 | Mem:0.00M, Peak:0.00M | Scene, ViewLayer | Synchronizing object | G3_glazing_compression_gasket.133
Fra:451 Mem:292.18M (Peak 292.18M) | Time:00:00.35 | Mem:0.00M, Peak:0.00M | Scene, ViewLayer | Synchronizing object | G3_glazing_compression_gasket.134
Fra:451 Mem:292.17M (Peak 292.18M) | Time:00:00.35 | Mem:0.00M, Peak:0.00M | Scene, ViewLayer | Synchronizing object | G3_glazing_compression_gasket.135
Fra:451 Mem:292.17M (Peak 292.18M) | Time:00:00.35 | Mem:0.00M, Peak:0.00M | Scene, ViewLayer | Synchronizing object | End_wall_mullion.017
Fra:451 Mem:292.18M (Peak 292.18M) | Time:00:00.35 | Mem:0.00M, Peak:0.00M | Scene, ViewLayer | Synchronizing object | G3_glazing_compression_gasket.136
Fra:451 Mem:292.19M (Peak 292.19M) | Time:00:00.35 | Mem:0.00M, Peak:0.00M | Scene, ViewLayer | Synchronizing object | G3_glazing_compression_gasket.137
Fra:451 Mem:292.19M (Peak 292.19M) | Time:00:00.35 | Mem:0.00M, Peak:0.00M | Scene, ViewLayer | Synchronizing object | Wall_transom.152
Fra:451 Mem:292.22M (Peak 292.22M) | Time:00:00.35 | Mem:0.00M, Peak:0.00M | Scene, ViewLayer | Synchronizing object | G3_glazing_compression_gasket.138
Fra:451 Mem:292.22M (Peak 292.22M) | Time:00:00.35 | Mem:0.00M, Peak:0.00M | Scene, ViewLayer | Synchronizing object | G3_glazing_compression_gasket.139
Fra:451 Mem:292.23M (Peak 292.23M) | Time:00:00.35 | Mem:0.00M, Peak:0.00M | Scene, ViewLayer | Synchronizing object | G3_glazing_compression_gasket.140
Fra:451 Mem:292.22M (Peak 292.23M) | Time:00:00.35 | Mem:0.00M, Peak:0.00M | Scene, ViewLayer | Synchronizing object | Curved_roof_glazing.018
Fra:451 Mem:292.23M (Peak 292.23M) | Time:00:00.35 | Mem:0.00M, Peak:0.00M | Scene, ViewLayer | Synchronizing object | G3_glazing_compression_gasket.141
Fra:451 Mem:292.23M (Peak 292.23M) | Time:00:00.35 | Mem:0.00M, Peak:0.00M | Scene, ViewLayer | Synchronizing object | Column_base_plinth.017
Fra:451 Mem:292.24M (Peak 292.24M) | Time:00:00.35 | Mem:0.00M, Peak:0.00M | Scene, ViewLayer | Synchronizing object | G3_glazing_compression_gasket.142
Fra:451 Mem:292.25M (Peak 292.25M) | Time:00:00.35 | Mem:0.00M, Peak:0.00M | Scene, ViewLayer | Synchronizing object | Curved_roof_glazing.210
Fra:451 Mem:292.27M (Peak 292.27M) | Time:00:00.35 | Mem:0.00M, Peak:0.00M | Scene, ViewLayer | Synchronizing object | G3_glazing_compression_gasket.143
Fra:451 Mem:292.26M (Peak 292.27M) | Time:00:00.35 | Mem:0.00M, Peak:0.00M | Scene, ViewLayer | Synchronizing object | Side_wall_glass.096
Fra:451 Mem:292.26M (Peak 292.27M) | Time:00:00.35 | Mem:0.00M, Peak:0.00M | Scene, ViewLayer | Synchronizing object | G3_glazing_compression_gasket.144
Fra:451 Mem:292.26M (Peak 292.27M) | Time:00:00.35 | Mem:0.00M, Peak:0.00M | Scene, ViewLayer | Synchronizing object | Wall_transom.138
Fra:451 Mem:292.30M (Peak 292.30M) | Time:00:00.35 | Mem:0.00M, Peak:0.00M | Scene, ViewLayer | Synchronizing object | G3_glazing_compression_gasket.145
Fra:451 Mem:292.29M (Peak 292.30M) | Time:00:00.35 | Mem:0.00M, Peak:0.00M | Scene, ViewLayer | Synchronizing object | Continuous_eaves_gutter.001
Fra:451 Mem:292.29M (Peak 292.30M) | Time:00:00.35 | Mem:0.00M, Peak:0.00M | Scene, ViewLayer | Synchronizing object | G3_glazing_compression_gasket.146
Fra:451 Mem:292.33M (Peak 292.33M) | Time:00:00.35 | Mem:0.00M, Peak:0.00M | Scene, ViewLayer | Synchronizing object | G3_glazing_compression_gasket.147
Fra:451 Mem:292.33M (Peak 292.33M) | Time:00:00.35 | Mem:0.00M, Peak:0.00M | Scene, ViewLayer | Synchronizing object | G3_glazing_compression_gasket.148
Fra:451 Mem:292.31M (Peak 292.33M) | Time:00:00.35 | Mem:0.00M, Peak:0.00M | Scene, ViewLayer | Synchronizing object | Curved_roof_glazing.143
Fra:451 Mem:292.31M (Peak 292.33M) | Time:00:00.35 | Mem:0.00M, Peak:0.00M | Scene, ViewLayer | Synchronizing object | G3_glazing_compression_gasket.149
Fra:451 Mem:292.33M (Peak 292.33M) | Time:00:00.35 | Mem:0.00M, Peak:0.00M | Scene, ViewLayer | Synchronizing object | Side_wall_glass.075
Fra:451 Mem:292.34M (Peak 292.34M) | Time:00:00.35 | Mem:0.00M, Peak:0.00M | Scene, ViewLayer | Synchronizing object | G3_glazing_compression_gasket.150
Fra:451 Mem:292.32M (Peak 292.34M) | Time:00:00.35 | Mem:0.00M, Peak:0.00M | Scene, ViewLayer | Synchronizing object | Wall_glazing_mullion.037
Fra:451 Mem:292.32M (Peak 292.34M) | Time:00:00.35 | Mem:0.00M, Peak:0.00M | Scene, ViewLayer | Synchronizing object | G3_glazing_compression_gasket.151
Fra:451 Mem:292.36M (Peak 292.36M) | Time:00:00.35 | Mem:0.00M, Peak:0.00M | Scene, ViewLayer | Synchronizing object | Curved_roof_glazing.377
Fra:451 Mem:292.36M (Peak 292.36M) | Time:00:00.35 | Mem:0.00M, Peak:0.00M | Scene, ViewLayer | Synchronizing object | G3_glazing_compression_gasket.152
Fra:451 Mem:292.35M (Peak 292.36M) | Time:00:00.35 | Mem:0.00M, Peak:0.00M | Scene, ViewLayer | Synchronizing object | Longitudinal_roof_purlin.008
Fra:451 Mem:292.36M (Peak 292.36M) | Time:00:00.36 | Mem:0.00M, Peak:0.00M | Scene, ViewLayer | Synchronizing object | G3_glazing_compression_gasket.153
Fra:451 Mem:292.39M (Peak 292.39M) | Time:00:00.36 | Mem:0.00M, Peak:0.00M | Scene, ViewLayer | Synchronizing object | G3_glazing_compression_gasket.154
Fra:451 Mem:292.39M (Peak 292.39M) | Time:00:00.36 | Mem:0.00M, Peak:0.00M | Scene, ViewLayer | Synchronizing object | G3_glazing_compression_gasket.155
Fra:451 Mem:292.38M (Peak 292.39M) | Time:00:00.36 | Mem:0.00M, Peak:0.00M | Scene, ViewLayer | Synchronizing object | Ridge_vent_stanchion.020
Fra:451 Mem:292.38M (Peak 292.39M) | Time:00:00.36 | Mem:0.00M, Peak:0.00M | Scene, ViewLayer | Synchronizing object | Side_wall_glass.039
Fra:451 Mem:292.41M (Peak 292.41M) | Time:00:00.36 | Mem:0.00M, Peak:0.00M | Scene, ViewLayer | Synchronizing object | Side_wall_glass.063
Fra:451 Mem:292.42M (Peak 292.42M) | Time:00:00.36 | Mem:0.00M, Peak:0.00M | Scene, ViewLayer | Synchronizing object | Curved_roof_glazing.019
Fra:451 Mem:292.43M (Peak 292.43M) | Time:00:00.36 | Mem:0.00M, Peak:0.00M | Scene, ViewLayer | Synchronizing object | End_wall_sill.003
Fra:451 Mem:292.41M (Peak 292.43M) | Time:00:00.36 | Mem:0.00M, Peak:0.00M | Scene, ViewLayer | Synchronizing object | Wall_glazing_mullion.018
Fra:451 Mem:292.46M (Peak 292.46M) | Time:00:00.36 | Mem:0.00M, Peak:0.00M | Scene, ViewLayer | Synchronizing object | Curved_roof_glazing.003
Fra:451 Mem:292.48M (Peak 292.48M) | Time:00:00.36 | Mem:0.00M, Peak:0.00M | Scene, ViewLayer | Synchronizing object | Curved_roof_glazing.211
Fra:451 Mem:292.48M (Peak 292.48M) | Time:00:00.36 | Mem:0.00M, Peak:0.00M | Scene, ViewLayer | Synchronizing object | Side_wall_glass.020
Fra:451 Mem:292.48M (Peak 292.48M) | Time:00:00.36 | Mem:0.00M, Peak:0.00M | Scene, ViewLayer | Synchronizing object | Wall_transom.040
Fra:451 Mem:292.46M (Peak 292.48M) | Time:00:00.36 | Mem:0.00M, Peak:0.00M | Scene, ViewLayer | Synchronizing object | Wall_transom.070
Fra:451 Mem:292.53M (Peak 292.53M) | Time:00:00.36 | Mem:0.00M, Peak:0.00M | Scene, ViewLayer | Synchronizing object | Curved_roof_glazing.144
Fra:451 Mem:292.51M (Peak 292.53M) | Time:00:00.36 | Mem:0.00M, Peak:0.00M | Scene, ViewLayer | Synchronizing object | Side_wall_glass.032
Fra:451 Mem:292.51M (Peak 292.53M) | Time:00:00.36 | Mem:0.00M, Peak:0.00M | Scene, ViewLayer | Synchronizing object | Column_capital.009
Fra:451 Mem:292.51M (Peak 292.53M) | Time:00:00.36 | Mem:0.00M, Peak:0.00M | Scene, ViewLayer | Synchronizing object | Wall_transom.114
Fra:451 Mem:292.55M (Peak 292.55M) | Time:00:00.36 | Mem:0.00M, Peak:0.00M | Scene, ViewLayer | Synchronizing object | Secondary_glazing_rib.020
Fra:451 Mem:292.60M (Peak 292.60M) | Time:00:00.36 | Mem:0.00M, Peak:0.00M | Scene, ViewLayer | Synchronizing object | Curved_roof_glazing.170
Fra:451 Mem:292.63M (Peak 292.63M) | Time:00:00.36 | Mem:0.00M, Peak:0.00M | Scene, ViewLayer | Synchronizing object | Curved_roof_glazing.378
Fra:451 Mem:292.63M (Peak 292.63M) | Time:00:00.36 | Mem:0.00M, Peak:0.00M | Scene, ViewLayer | Synchronizing object | End_elevation_crossbar.002
Fra:451 Mem:292.67M (Peak 292.67M) | Time:00:00.36 | Mem:0.00M, Peak:0.00M | Scene, ViewLayer | Synchronizing object | Hall_door_rail.003
Fra:451 Mem:292.70M (Peak 292.70M) | Time:00:00.36 | Mem:0.00M, Peak:0.00M | Scene, ViewLayer | Synchronizing object | Wall_stone_sill.053
Fra:451 Mem:292.72M (Peak 292.72M) | Time:00:00.36 | Mem:0.00M, Peak:0.00M | Scene, ViewLayer | Synchronizing object | Curved_roof_glazing.052
Fra:451 Mem:292.72M (Peak 292.72M) | Time:00:00.36 | Mem:0.00M, Peak:0.00M | Scene, ViewLayer | Synchronizing object | Curved_roof_glazing.324
Fra:451 Mem:292.74M (Peak 292.74M) | Time:00:00.36 | Mem:0.00M, Peak:0.00M | Scene, ViewLayer | Synchronizing object | Side_wall_glass.050
Fra:451 Mem:292.74M (Peak 292.74M) | Time:00:00.36 | Mem:0.00M, Peak:0.00M | Scene, ViewLayer | Synchronizing object | Curved_roof_glazing.308
Fra:451 Mem:292.74M (Peak 292.74M) | Time:00:00.36 | Mem:0.00M, Peak:0.00M | Scene, ViewLayer | Synchronizing object | Wall_transom.129
Fra:451 Mem:292.75M (Peak 292.75M) | Time:00:00.36 | Mem:0.00M, Peak:0.00M | Scene, ViewLayer | Synchronizing object | Curved_roof_glazing.145
Fra:451 Mem:292.76M (Peak 292.76M) | Time:00:00.36 | Mem:0.00M, Peak:0.00M | Scene, ViewLayer | Synchronizing object | Side_wall_glass.033
Fra:451 Mem:292.76M (Peak 292.76M) | Time:00:00.36 | Mem:0.00M, Peak:0.00M | Scene, ViewLayer | Synchronizing object | End_wall_sill.008
Fra:451 Mem:292.79M (Peak 292.79M) | Time:00:00.36 | Mem:0.00M, Peak:0.00M | Scene, ViewLayer | Synchronizing object | Wall_glazing_mullion.021
Fra:451 Mem:292.81M (Peak 292.81M) | Time:00:00.36 | Mem:0.00M, Peak:0.00M | Scene, ViewLayer | Synchronizing object | G3_glazing_compression_gasket.157
Fra:451 Mem:292.81M (Peak 292.81M) | Time:00:00.36 | Mem:0.00M, Peak:0.00M | Scene, ViewLayer | Synchronizing object | Wall_glazing_mullion.034
Fra:451 Mem:292.82M (Peak 292.82M) | Time:00:00.36 | Mem:0.00M, Peak:0.00M | Scene, ViewLayer | Synchronizing object | G3_glazing_compression_gasket.158
Fra:451 Mem:292.84M (Peak 292.84M) | Time:00:00.36 | Mem:0.00M, Peak:0.00M | Scene, ViewLayer | Synchronizing object | G3_glazing_compression_gasket.159
Fra:451 Mem:292.84M (Peak 292.84M) | Time:00:00.36 | Mem:0.00M, Peak:0.00M | Scene, ViewLayer | Synchronizing object | G3_glazing_compression_gasket.160
Fra:451 Mem:292.86M (Peak 292.86M) | Time:00:00.36 | Mem:0.00M, Peak:0.00M | Scene, ViewLayer | Synchronizing object | G3_glazing_compression_gasket.161
Fra:451 Mem:292.84M (Peak 292.86M) | Time:00:00.36 | Mem:0.00M, Peak:0.00M | Scene, ViewLayer | Synchronizing object | Side_wall_glass.107
Fra:451 Mem:292.84M (Peak 292.86M) | Time:00:00.36 | Mem:0.00M, Peak:0.00M | Scene, ViewLayer | Synchronizing object | G3_glazing_compression_gasket.162
Fra:451 Mem:292.84M (Peak 292.86M) | Time:00:00.36 | Mem:0.00M, Peak:0.00M | Scene, ViewLayer | Synchronizing object | Side_wall_glass.115
Fra:451 Mem:292.84M (Peak 292.86M) | Time:00:00.36 | Mem:0.00M, Peak:0.00M | Scene, ViewLayer | Synchronizing object | Wall_transom.017
Fra:451 Mem:292.84M (Peak 292.86M) | Time:00:00.36 | Mem:0.00M, Peak:0.00M | Scene, ViewLayer | Synchronizing object | G3_glazing_compression_gasket.163
Fra:451 Mem:292.88M (Peak 292.88M) | Time:00:00.36 | Mem:0.00M, Peak:0.00M | Scene, ViewLayer | Synchronizing object | G3_glazing_compression_gasket.164
Fra:451 Mem:292.87M (Peak 292.88M) | Time:00:00.36 | Mem:0.00M, Peak:0.00M | Scene, ViewLayer | Synchronizing object | G3_glazing_compression_gasket.165
Fra:451 Mem:292.87M (Peak 292.88M) | Time:00:00.36 | Mem:0.00M, Peak:0.00M | Scene, ViewLayer | Synchronizing object | G3_glazing_compression_gasket.166
Fra:451 Mem:292.90M (Peak 292.90M) | Time:00:00.36 | Mem:0.00M, Peak:0.00M | Scene, ViewLayer | Synchronizing object | G3_glazing_compression_gasket.167
Fra:451 Mem:292.87M (Peak 292.90M) | Time:00:00.36 | Mem:0.00M, Peak:0.00M | Scene, ViewLayer | Synchronizing object | Curved_roof_glazing.171
Fra:451 Mem:292.87M (Peak 292.90M) | Time:00:00.36 | Mem:0.00M, Peak:0.00M | Scene, ViewLayer | Synchronizing object | G3_glazing_compression_gasket.168
Fra:451 Mem:292.88M (Peak 292.90M) | Time:00:00.36 | Mem:0.00M, Peak:0.00M | Scene, ViewLayer | Synchronizing object | Curved_roof_glazing.379
Fra:451 Mem:292.88M (Peak 292.90M) | Time:00:00.36 | Mem:0.00M, Peak:0.00M | Scene, ViewLayer | Synchronizing object | G3_glazing_compression_gasket.169
Fra:451 Mem:292.88M (Peak 292.90M) | Time:00:00.36 | Mem:0.00M, Peak:0.00M | Scene, ViewLayer | Synchronizing object | End_wall_sill.005
Fra:451 Mem:292.89M (Peak 292.90M) | Time:00:00.36 | Mem:0.00M, Peak:0.00M | Scene, ViewLayer | Synchronizing object | G3_glazing_compression_gasket.170
Fra:451 Mem:292.90M (Peak 292.90M) | Time:00:00.36 | Mem:0.00M, Peak:0.00M | Scene, ViewLayer | Synchronizing object | G3_glazing_compression_gasket.171
Fra:451 Mem:292.91M (Peak 292.91M) | Time:00:00.36 | Mem:0.00M, Peak:0.00M | Scene, ViewLayer | Synchronizing object | G3_glazing_compression_gasket.172
Fra:451 Mem:292.92M (Peak 292.92M) | Time:00:00.36 | Mem:0.00M, Peak:0.00M | Scene, ViewLayer | Synchronizing object | G3_glazing_compression_gasket.173
Fra:451 Mem:292.92M (Peak 292.92M) | Time:00:00.36 | Mem:0.00M, Peak:0.00M | Scene, ViewLayer | Synchronizing object | G3_glazing_compression_gasket.174
Fra:451 Mem:292.92M (Peak 292.92M) | Time:00:00.36 | Mem:0.00M, Peak:0.00M | Scene, ViewLayer | Synchronizing object | Ridge_vent_stanchion.021
Fra:451 Mem:292.92M (Peak 292.92M) | Time:00:00.36 | Mem:0.00M, Peak:0.00M | Scene, ViewLayer | Synchronizing object | G3_glazing_compression_gasket.175
Fra:451 Mem:292.92M (Peak 292.92M) | Time:00:00.36 | Mem:0.00M, Peak:0.00M | Scene, ViewLayer | Synchronizing object | Load_column.001
Fra:451 Mem:292.92M (Peak 292.92M) | Time:00:00.36 | Mem:0.00M, Peak:0.00M | Scene, ViewLayer | Synchronizing object | G3_glazing_compression_gasket.176
Fra:451 Mem:292.92M (Peak 292.92M) | Time:00:00.36 | Mem:0.00M, Peak:0.00M | Scene, ViewLayer | Synchronizing object | Side_wall_glass.110
Fra:451 Mem:292.93M (Peak 292.93M) | Time:00:00.36 | Mem:0.00M, Peak:0.00M | Scene, ViewLayer | Synchronizing object | Wall_transom.023
Fra:451 Mem:292.93M (Peak 292.93M) | Time:00:00.36 | Mem:0.00M, Peak:0.00M | Scene, ViewLayer | Synchronizing object | G3_glazing_compression_gasket.177
Fra:451 Mem:293.00M (Peak 293.00M) | Time:00:00.36 | Mem:0.00M, Peak:0.00M | Scene, ViewLayer | Synchronizing object | G3_glazing_compression_gasket.178
Fra:451 Mem:293.00M (Peak 293.00M) | Time:00:00.36 | Mem:0.00M, Peak:0.00M | Scene, ViewLayer | Synchronizing object | Wall_transom.172
Fra:451 Mem:292.98M (Peak 293.00M) | Time:00:00.36 | Mem:0.00M, Peak:0.00M | Scene, ViewLayer | Synchronizing object | G3_glazing_compression_gasket.179
Fra:451 Mem:293.02M (Peak 293.02M) | Time:00:00.36 | Mem:0.00M, Peak:0.00M | Scene, ViewLayer | Synchronizing object | G3_glazing_compression_gasket.180
Fra:451 Mem:293.01M (Peak 293.02M) | Time:00:00.36 | Mem:0.00M, Peak:0.00M | Scene, ViewLayer | Synchronizing object | G3_glazing_compression_gasket.181
Fra:451 Mem:293.02M (Peak 293.02M) | Time:00:00.36 | Mem:0.00M, Peak:0.00M | Scene, ViewLayer | Synchronizing object | G3_glazing_compression_gasket.182
Fra:451 Mem:293.01M (Peak 293.02M) | Time:00:00.36 | Mem:0.00M, Peak:0.00M | Scene, ViewLayer | Synchronizing object | Curved_roof_glazing.053
Fra:451 Mem:293.04M (Peak 293.04M) | Time:00:00.36 | Mem:0.00M, Peak:0.00M | Scene, ViewLayer | Synchronizing object | G3_glazing_compression_gasket.183
Fra:451 Mem:293.02M (Peak 293.04M) | Time:00:00.36 | Mem:0.00M, Peak:0.00M | Scene, ViewLayer | Synchronizing object | Curved_roof_glazing.325
Fra:451 Mem:293.01M (Peak 293.04M) | Time:00:00.36 | Mem:0.00M, Peak:0.00M | Scene, ViewLayer | Synchronizing object | Wall_transom.077
Fra:451 Mem:293.02M (Peak 293.04M) | Time:00:00.36 | Mem:0.00M, Peak:0.00M | Scene, ViewLayer | Synchronizing object | G3_glazing_compression_gasket.184
Fra:451 Mem:293.02M (Peak 293.04M) | Time:00:00.36 | Mem:0.00M, Peak:0.00M | Scene, ViewLayer | Synchronizing object | Curved_roof_glazing.309
Fra:451 Mem:293.05M (Peak 293.05M) | Time:00:00.36 | Mem:0.00M, Peak:0.00M | Scene, ViewLayer | Synchronizing object | Wall_transom.095
Fra:451 Mem:293.06M (Peak 293.06M) | Time:00:00.36 | Mem:0.00M, Peak:0.00M | Scene, ViewLayer | Synchronizing object | G3_glazing_compression_gasket.185
Fra:451 Mem:293.08M (Peak 293.08M) | Time:00:00.36 | Mem:0.00M, Peak:0.00M | Scene, ViewLayer | Synchronizing object | G3_glazing_compression_gasket.186
Fra:451 Mem:293.08M (Peak 293.08M) | Time:00:00.36 | Mem:0.00M, Peak:0.00M | Scene, ViewLayer | Synchronizing object | G3_glazing_compression_gasket.187
Fra:451 Mem:293.10M (Peak 293.10M) | Time:00:00.36 | Mem:0.00M, Peak:0.00M | Scene, ViewLayer | Synchronizing object | G3_glazing_compression_gasket.188
Fra:451 Mem:293.08M (Peak 293.10M) | Time:00:00.36 | Mem:0.00M, Peak:0.00M | Scene, ViewLayer | Synchronizing object | Wall_transom.042
Fra:451 Mem:293.08M (Peak 293.10M) | Time:00:00.36 | Mem:0.00M, Peak:0.00M | Scene, ViewLayer | Synchronizing object | G3_glazing_compression_gasket.189
Fra:451 Mem:293.11M (Peak 293.11M) | Time:00:00.36 | Mem:0.00M, Peak:0.00M | Scene, ViewLayer | Synchronizing object | G3_glazing_compression_gasket.190
Fra:451 Mem:293.10M (Peak 293.11M) | Time:00:00.36 | Mem:0.00M, Peak:0.00M | Scene, ViewLayer | Synchronizing object | Side_wall_glass.021
Fra:451 Mem:293.11M (Peak 293.11M) | Time:00:00.36 | Mem:0.00M, Peak:0.00M | Scene, ViewLayer | Synchronizing object | G3_glazing_compression_gasket.191
Fra:451 Mem:293.11M (Peak 293.11M) | Time:00:00.36 | Mem:0.00M, Peak:0.00M | Scene, ViewLayer | Synchronizing object | Wall_transom.008
Fra:451 Mem:293.12M (Peak 293.12M) | Time:00:00.36 | Mem:0.00M, Peak:0.00M | Scene, ViewLayer | Synchronizing object | G3_glazing_compression_gasket.192
Fra:451 Mem:293.15M (Peak 293.15M) | Time:00:00.36 | Mem:0.00M, Peak:0.00M | Scene, ViewLayer | Synchronizing object | G3_glazing_compression_gasket.193
Fra:451 Mem:293.13M (Peak 293.15M) | Time:00:00.36 | Mem:0.00M, Peak:0.00M | Scene, ViewLayer | Synchronizing object | Wall_stone_sill.027
Fra:451 Mem:293.14M (Peak 293.15M) | Time:00:00.36 | Mem:0.00M, Peak:0.00M | Scene, ViewLayer | Synchronizing object | G3_glazing_compression_gasket.194
Fra:451 Mem:293.17M (Peak 293.17M) | Time:00:00.36 | Mem:0.00M, Peak:0.00M | Scene, ViewLayer | Synchronizing object | G3_glazing_compression_gasket.195
Fra:451 Mem:293.16M (Peak 293.17M) | Time:00:00.36 | Mem:0.00M, Peak:0.00M | Scene, ViewLayer | Synchronizing object | Curved_roof_glazing.146
Fra:451 Mem:293.16M (Peak 293.17M) | Time:00:00.36 | Mem:0.00M, Peak:0.00M | Scene, ViewLayer | Synchronizing object | G3_glazing_compression_gasket.196
Fra:451 Mem:293.17M (Peak 293.17M) | Time:00:00.36 | Mem:0.00M, Peak:0.00M | Scene, ViewLayer | Synchronizing object | Load_column.005
Fra:451 Mem:293.17M (Peak 293.17M) | Time:00:00.36 | Mem:0.00M, Peak:0.00M | Scene, ViewLayer | Synchronizing object | G3_glazing_compression_gasket.197
Fra:451 Mem:293.19M (Peak 293.19M) | Time:00:00.36 | Mem:0.00M, Peak:0.00M | Scene, ViewLayer | Synchronizing object | Side_wall_glass.001
Fra:451 Mem:293.17M (Peak 293.19M) | Time:00:00.36 | Mem:0.00M, Peak:0.00M | Scene, ViewLayer | Synchronizing object | G3_glazing_compression_gasket.198
Fra:451 Mem:293.17M (Peak 293.19M) | Time:00:00.36 | Mem:0.00M, Peak:0.00M | Scene, ViewLayer | Synchronizing object | Column_capital.014
Fra:451 Mem:293.25M (Peak 293.25M) | Time:00:00.36 | Mem:0.00M, Peak:0.00M | Scene, ViewLayer | Synchronizing object | G3_glazing_compression_gasket.199
Fra:451 Mem:293.28M (Peak 293.28M) | Time:00:00.36 | Mem:0.00M, Peak:0.00M | Scene, ViewLayer | Synchronizing object | G3_glazing_compression_gasket.200
Fra:451 Mem:293.28M (Peak 293.28M) | Time:00:00.36 | Mem:0.00M, Peak:0.00M | Scene, ViewLayer | Synchronizing object | G3_glazing_compression_gasket.201
Fra:451 Mem:293.30M (Peak 293.30M) | Time:00:00.36 | Mem:0.00M, Peak:0.00M | Scene, ViewLayer | Synchronizing object | G3_glazing_compression_gasket.202
Fra:451 Mem:293.29M (Peak 293.30M) | Time:00:00.36 | Mem:0.00M, Peak:0.00M | Scene, ViewLayer | Synchronizing object | G3_glazing_compression_gasket.203
Fra:451 Mem:293.29M (Peak 293.30M) | Time:00:00.36 | Mem:0.00M, Peak:0.00M | Scene, ViewLayer | Synchronizing object | Curved_roof_glazing.172
Fra:451 Mem:293.29M (Peak 293.30M) | Time:00:00.36 | Mem:0.00M, Peak:0.00M | Scene, ViewLayer | Synchronizing object | G3_glazing_compression_gasket.204
Fra:451 Mem:293.33M (Peak 293.33M) | Time:00:00.36 | Mem:0.00M, Peak:0.00M | Scene, ViewLayer | Synchronizing object | Curved_roof_glazing.380
Fra:451 Mem:293.33M (Peak 293.33M) | Time:00:00.36 | Mem:0.00M, Peak:0.00M | Scene, ViewLayer | Synchronizing object | End_wall_glazing.006
Fra:451 Mem:293.33M (Peak 293.33M) | Time:00:00.36 | Mem:0.00M, Peak:0.00M | Scene, ViewLayer | Synchronizing object | Wall_transom.096
Fra:451 Mem:293.38M (Peak 293.38M) | Time:00:00.36 | Mem:0.00M, Peak:0.00M | Scene, ViewLayer | Synchronizing object | Wall_glazing_mullion
Fra:451 Mem:293.35M (Peak 293.38M) | Time:00:00.36 | Mem:0.00M, Peak:0.00M | Scene, ViewLayer | Synchronizing object | Wall_transom.124
Fra:451 Mem:293.40M (Peak 293.40M) | Time:00:00.36 | Mem:0.00M, Peak:0.00M | Scene, ViewLayer | Synchronizing object | Curved_roof_glazing.054
Fra:451 Mem:293.43M (Peak 293.43M) | Time:00:00.36 | Mem:0.00M, Peak:0.00M | Scene, ViewLayer | Synchronizing object | Curved_roof_glazing.326
Fra:451 Mem:293.39M (Peak 293.43M) | Time:00:00.36 | Mem:0.00M, Peak:0.00M | Scene, ViewLayer | Synchronizing object | Side_wall_glass.051
Fra:451 Mem:293.39M (Peak 293.43M) | Time:00:00.36 | Mem:0.00M, Peak:0.00M | Scene, ViewLayer | Synchronizing object | Side_wall_glass.054
Fra:451 Mem:293.40M (Peak 293.43M) | Time:00:00.36 | Mem:0.00M, Peak:0.00M | Scene, ViewLayer | Synchronizing object | Curved_roof_glazing.147
Fra:451 Mem:293.40M (Peak 293.43M) | Time:00:00.36 | Mem:0.00M, Peak:0.00M | Scene, ViewLayer | Synchronizing object | Column_base_plinth.005
Fra:451 Mem:293.42M (Peak 293.43M) | Time:00:00.36 | Mem:0.00M, Peak:0.00M | Scene, ViewLayer | Synchronizing object | Side_wall_glass
Fra:451 Mem:293.42M (Peak 293.43M) | Time:00:00.36 | Mem:0.00M, Peak:0.00M | Scene, ViewLayer | Synchronizing object | End_wall_glazing.009
Fra:451 Mem:293.43M (Peak 293.43M) | Time:00:00.36 | Mem:0.00M, Peak:0.00M | Scene, ViewLayer | Synchronizing object | Secondary_glazing_rib.019
Fra:451 Mem:293.51M (Peak 293.51M) | Time:00:00.36 | Mem:0.00M, Peak:0.00M | Scene, ViewLayer | Synchronizing object | Wall_transom.092
Fra:451 Mem:293.54M (Peak 293.54M) | Time:00:00.36 | Mem:0.00M, Peak:0.00M | Scene, ViewLayer | Synchronizing object | G3_glazing_compression_gasket.206
Fra:451 Mem:293.55M (Peak 293.55M) | Time:00:00.36 | Mem:0.00M, Peak:0.00M | Scene, ViewLayer | Synchronizing object | G3_glazing_compression_gasket.207
Fra:451 Mem:293.55M (Peak 293.55M) | Time:00:00.36 | Mem:0.00M, Peak:0.00M | Scene, ViewLayer | Synchronizing object | G3_glazing_compression_gasket.208
Fra:451 Mem:293.55M (Peak 293.55M) | Time:00:00.36 | Mem:0.00M, Peak:0.00M | Scene, ViewLayer | Synchronizing object | G3_glazing_compression_gasket.209
Fra:451 Mem:293.55M (Peak 293.55M) | Time:00:00.36 | Mem:0.00M, Peak:0.00M | Scene, ViewLayer | Synchronizing object | G3_glazing_compression_gasket.210
Fra:451 Mem:293.55M (Peak 293.55M) | Time:00:00.36 | Mem:0.00M, Peak:0.00M | Scene, ViewLayer | Synchronizing object | Wall_transom.161
Fra:451 Mem:293.57M (Peak 293.57M) | Time:00:00.36 | Mem:0.00M, Peak:0.00M | Scene, ViewLayer | Synchronizing object | G3_glazing_compression_gasket.211
Fra:451 Mem:293.57M (Peak 293.57M) | Time:00:00.36 | Mem:0.00M, Peak:0.00M | Scene, ViewLayer | Synchronizing object | G3_glazing_compression_gasket.212
Fra:451 Mem:293.58M (Peak 293.58M) | Time:00:00.36 | Mem:0.00M, Peak:0.00M | Scene, ViewLayer | Synchronizing object | Column_base_plinth
Fra:451 Mem:293.59M (Peak 293.59M) | Time:00:00.36 | Mem:0.00M, Peak:0.00M | Scene, ViewLayer | Synchronizing object | G3_glazing_compression_gasket.213
Fra:451 Mem:293.60M (Peak 293.60M) | Time:00:00.36 | Mem:0.00M, Peak:0.00M | Scene, ViewLayer | Synchronizing object | G3_glazing_compression_gasket.214
Fra:451 Mem:293.61M (Peak 293.61M) | Time:00:00.36 | Mem:0.00M, Peak:0.00M | Scene, ViewLayer | Synchronizing object | G3_glazing_compression_gasket.215
Fra:451 Mem:293.61M (Peak 293.61M) | Time:00:00.36 | Mem:0.00M, Peak:0.00M | Scene, ViewLayer | Synchronizing object | G3_glazing_compression_gasket.216
Fra:451 Mem:293.61M (Peak 293.61M) | Time:00:00.36 | Mem:0.00M, Peak:0.00M | Scene, ViewLayer | Synchronizing object | G3_glazing_compression_gasket.217
Fra:451 Mem:293.61M (Peak 293.61M) | Time:00:00.36 | Mem:0.00M, Peak:0.00M | Scene, ViewLayer | Synchronizing object | Curved_roof_glazing.173
Fra:451 Mem:293.61M (Peak 293.61M) | Time:00:00.36 | Mem:0.00M, Peak:0.00M | Scene, ViewLayer | Synchronizing object | Curved_roof_glazing.381
Fra:451 Mem:293.61M (Peak 293.61M) | Time:00:00.36 | Mem:0.00M, Peak:0.00M | Scene, ViewLayer | Synchronizing object | G3_glazing_compression_gasket.218
Fra:451 Mem:293.62M (Peak 293.62M) | Time:00:00.36 | Mem:0.00M, Peak:0.00M | Scene, ViewLayer | Synchronizing object | Ridge_vent_stanchion.022
Fra:451 Mem:293.62M (Peak 293.62M) | Time:00:00.36 | Mem:0.00M, Peak:0.00M | Scene, ViewLayer | Synchronizing object | Longitudinal_roof_purlin.001
Fra:451 Mem:293.62M (Peak 293.62M) | Time:00:00.36 | Mem:0.00M, Peak:0.00M | Scene, ViewLayer | Synchronizing object | End_wall_sill.015
Fra:451 Mem:293.67M (Peak 293.67M) | Time:00:00.36 | Mem:0.00M, Peak:0.00M | Scene, ViewLayer | Synchronizing object | Wall_transom.153
Fra:451 Mem:293.67M (Peak 293.67M) | Time:00:00.36 | Mem:0.00M, Peak:0.00M | Scene, ViewLayer | Synchronizing object | Curved_roof_glazing.055
Fra:451 Mem:293.70M (Peak 293.70M) | Time:00:00.36 | Mem:0.00M, Peak:0.00M | Scene, ViewLayer | Synchronizing object | Curved_roof_glazing.327
Fra:451 Mem:293.69M (Peak 293.70M) | Time:00:00.36 | Mem:0.00M, Peak:0.00M | Scene, ViewLayer | Synchronizing object | Curved_roof_glazing.311
Fra:451 Mem:293.70M (Peak 293.70M) | Time:00:00.36 | Mem:0.00M, Peak:0.00M | Scene, ViewLayer | Synchronizing object | Load_column.013
Fra:451 Mem:293.70M (Peak 293.70M) | Time:00:00.36 | Mem:0.00M, Peak:0.00M | Scene, ViewLayer | Synchronizing object | Secondary_glazing_rib.009
Fra:451 Mem:293.76M (Peak 293.76M) | Time:00:00.36 | Mem:0.00M, Peak:0.00M | Scene, ViewLayer | Synchronizing object | Curved_roof_glazing.174
Fra:451 Mem:293.78M (Peak 293.78M) | Time:00:00.36 | Mem:0.00M, Peak:0.00M | Scene, ViewLayer | Synchronizing object | Curved_roof_glazing.382
Fra:451 Mem:293.78M (Peak 293.78M) | Time:00:00.36 | Mem:0.00M, Peak:0.00M | Scene, ViewLayer | Synchronizing object | Longitudinal_roof_purlin.009
Fra:451 Mem:293.82M (Peak 293.82M) | Time:00:00.36 | Mem:0.00M, Peak:0.00M | Scene, ViewLayer | Synchronizing object | Wall_transom.057
Fra:451 Mem:293.84M (Peak 293.84M) | Time:00:00.36 | Mem:0.00M, Peak:0.00M | Scene, ViewLayer | Synchronizing object | Wall_transom.093
Fra:451 Mem:293.87M (Peak 293.87M) | Time:00:00.36 | Mem:0.00M, Peak:0.00M | Scene, ViewLayer | Synchronizing object | Side_wall_glass.111
Fra:451 Mem:293.87M (Peak 293.87M) | Time:00:00.36 | Mem:0.00M, Peak:0.00M | Scene, ViewLayer | Synchronizing object | Curved_roof_glazing.056
Fra:451 Mem:293.87M (Peak 293.87M) | Time:00:00.36 | Mem:0.00M, Peak:0.00M | Scene, ViewLayer | Synchronizing object | Curved_roof_glazing.328
Fra:451 Mem:293.89M (Peak 293.89M) | Time:00:00.36 | Mem:0.00M, Peak:0.00M | Scene, ViewLayer | Synchronizing object | Wall_transom.148
Fra:451 Mem:293.87M (Peak 293.89M) | Time:00:00.36 | Mem:0.00M, Peak:0.00M | Scene, ViewLayer | Synchronizing object | Curved_roof_glazing.312
Fra:451 Mem:293.90M (Peak 293.90M) | Time:00:00.36 | Mem:0.00M, Peak:0.00M | Scene, ViewLayer | Synchronizing object | Wall_transom.142
Fra:451 Mem:293.92M (Peak 293.92M) | Time:00:00.36 | Mem:0.00M, Peak:0.00M | Scene, ViewLayer | Synchronizing object | Wall_stone_sill.009
Fra:451 Mem:293.94M (Peak 293.94M) | Time:00:00.36 | Mem:0.00M, Peak:0.00M | Scene, ViewLayer | Synchronizing object | Wall_transom.071
Fra:451 Mem:293.97M (Peak 293.97M) | Time:00:00.36 | Mem:0.00M, Peak:0.00M | Scene, ViewLayer | Synchronizing object | Longitudinal_roof_purlin.004
Fra:451 Mem:293.99M (Peak 293.99M) | Time:00:00.36 | Mem:0.00M, Peak:0.00M | Scene, ViewLayer | Synchronizing object | Ridge_vent_stanchion.010
Fra:451 Mem:294.00M (Peak 294.00M) | Time:00:00.36 | Mem:0.00M, Peak:0.00M | Scene, ViewLayer | Synchronizing object | Wall_transom.158
Fra:451 Mem:294.03M (Peak 294.03M) | Time:00:00.36 | Mem:0.00M, Peak:0.00M | Scene, ViewLayer | Synchronizing object | Wall_transom.115
Fra:451 Mem:294.02M (Peak 294.03M) | Time:00:00.36 | Mem:0.00M, Peak:0.00M | Scene, ViewLayer | Synchronizing object | Column_capital.015
Fra:451 Mem:294.06M (Peak 294.06M) | Time:00:00.36 | Mem:0.00M, Peak:0.00M | Scene, ViewLayer | Synchronizing object | Curved_roof_glazing.175
Fra:451 Mem:294.07M (Peak 294.07M) | Time:00:00.36 | Mem:0.00M, Peak:0.00M | Scene, ViewLayer | Synchronizing object | Curved_roof_glazing.383
Fra:451 Mem:294.07M (Peak 294.07M) | Time:00:00.36 | Mem:0.00M, Peak:0.00M | Scene, ViewLayer | Synchronizing object | Load_column
Fra:451 Mem:294.07M (Peak 294.07M) | Time:00:00.36 | Mem:0.00M, Peak:0.00M | Scene, ViewLayer | Synchronizing object | Ridge_vent_stanchion.023
Fra:451 Mem:294.11M (Peak 294.11M) | Time:00:00.36 | Mem:0.00M, Peak:0.00M | Scene, ViewLayer | Synchronizing object | Column_capital.001
Fra:451 Mem:294.08M (Peak 294.11M) | Time:00:00.36 | Mem:0.00M, Peak:0.00M | Scene, ViewLayer | Synchronizing object | End_wall_glazing.018
Fra:451 Mem:294.07M (Peak 294.11M) | Time:00:00.36 | Mem:0.00M, Peak:0.00M | Scene, ViewLayer | Synchronizing object | End_elevation_crossbar.003
Fra:451 Mem:294.11M (Peak 294.11M) | Time:00:00.36 | Mem:0.00M, Peak:0.00M | Scene, ViewLayer | Synchronizing object | Curved_roof_glazing.057
Fra:451 Mem:294.14M (Peak 294.14M) | Time:00:00.36 | Mem:0.00M, Peak:0.00M | Scene, ViewLayer | Synchronizing object | Curved_roof_glazing.329
Fra:451 Mem:294.13M (Peak 294.14M) | Time:00:00.36 | Mem:0.00M, Peak:0.00M | Scene, ViewLayer | Synchronizing object | Curved_roof_glazing.313
Fra:451 Mem:294.13M (Peak 294.14M) | Time:00:00.36 | Mem:0.00M, Peak:0.00M | Scene, ViewLayer | Synchronizing object | Wall_transom.130
Fra:451 Mem:294.18M (Peak 294.18M) | Time:00:00.36 | Mem:0.00M, Peak:0.00M | Scene, ViewLayer | Synchronizing object | Side_wall_glass.018
Fra:451 Mem:294.16M (Peak 294.18M) | Time:00:00.36 | Mem:0.00M, Peak:0.00M | Scene, ViewLayer | Synchronizing object | Load_column.002
Fra:451 Mem:294.17M (Peak 294.18M) | Time:00:00.36 | Mem:0.00M, Peak:0.00M | Scene, ViewLayer | Synchronizing object | Wall_transom.048
Fra:451 Mem:294.16M (Peak 294.18M) | Time:00:00.36 | Mem:0.00M, Peak:0.00M | Scene, ViewLayer | Synchronizing object | Wall_stone_sill.006
Fra:451 Mem:294.20M (Peak 294.20M) | Time:00:00.36 | Mem:0.00M, Peak:0.00M | Scene, ViewLayer | Synchronizing object | Wall_transom.157
Fra:451 Mem:294.22M (Peak 294.22M) | Time:00:00.36 | Mem:0.00M, Peak:0.00M | Scene, ViewLayer | Synchronizing object | Wall_transom.169
Fra:451 Mem:294.22M (Peak 294.22M) | Time:00:00.36 | Mem:0.00M, Peak:0.00M | Scene, ViewLayer | Synchronizing object | Curved_roof_glazing.176
Fra:451 Mem:294.25M (Peak 294.25M) | Time:00:00.36 | Mem:0.00M, Peak:0.00M | Scene, ViewLayer | Synchronizing object | Primary_elliptical_arch
Fra:451 Mem:294.36M (Peak 294.36M) | Time:00:00.36 | Mem:0.00M, Peak:0.00M | Scene, ViewLayer | Synchronizing object | Hall_door_rail.004
Fra:451 Mem:294.39M (Peak 294.39M) | Time:00:00.36 | Mem:0.00M, Peak:0.00M | Scene, ViewLayer | Synchronizing object | Wall_stone_sill.008
Fra:451 Mem:294.43M (Peak 294.43M) | Time:00:00.36 | Mem:0.00M, Peak:0.00M | Scene, ViewLayer | Synchronizing object | Wall_transom.173
Fra:451 Mem:294.44M (Peak 294.44M) | Time:00:00.36 | Mem:0.00M, Peak:0.00M | Scene, ViewLayer | Synchronizing object | Curved_roof_glazing.058
Fra:451 Mem:294.46M (Peak 294.46M) | Time:00:00.36 | Mem:0.00M, Peak:0.00M | Scene, ViewLayer | Synchronizing object | Curved_roof_glazing.330
Fra:451 Mem:294.44M (Peak 294.46M) | Time:00:00.36 | Mem:0.00M, Peak:0.00M | Scene, ViewLayer | Synchronizing object | Curved_roof_glazing.314
Fra:451 Mem:294.46M (Peak 294.46M) | Time:00:00.36 | Mem:0.00M, Peak:0.00M | Scene, ViewLayer | Synchronizing object | Wall_stone_sill.003
Fra:451 Mem:294.46M (Peak 294.46M) | Time:00:00.36 | Mem:0.00M, Peak:0.00M | Scene, ViewLayer | Synchronizing object | Ridge_vent_stanchion.011
Fra:451 Mem:294.48M (Peak 294.48M) | Time:00:00.36 | Mem:0.00M, Peak:0.00M | Scene, ViewLayer | Synchronizing object | Wall_stone_sill.007
Fra:451 Mem:294.52M (Peak 294.52M) | Time:00:00.36 | Mem:0.00M, Peak:0.00M | Scene, ViewLayer | Synchronizing object | Curved_roof_glazing.228
Fra:451 Mem:294.51M (Peak 294.52M) | Time:00:00.36 | Mem:0.00M, Peak:0.00M | Scene, ViewLayer | Synchronizing object | End_wall_glazing.004
Fra:451 Mem:294.51M (Peak 294.52M) | Time:00:00.36 | Mem:0.00M, Peak:0.00M | Scene, ViewLayer | Synchronizing object | Secondary_glazing_rib.001
Fra:451 Mem:294.57M (Peak 294.57M) | Time:00:00.36 | Mem:0.00M, Peak:0.00M | Scene, ViewLayer | Synchronizing object | Side_wall_glass.084
Fra:451 Mem:294.61M (Peak 294.61M) | Time:00:00.36 | Mem:0.00M, Peak:0.00M | Scene, ViewLayer | Synchronizing object | Wall_transom.105
Fra:451 Mem:294.59M (Peak 294.61M) | Time:00:00.36 | Mem:0.00M, Peak:0.00M | Scene, ViewLayer | Synchronizing object | Curved_roof_glazing.177
Fra:451 Mem:294.62M (Peak 294.62M) | Time:00:00.36 | Mem:0.00M, Peak:0.00M | Scene, ViewLayer | Synchronizing object | Ridge_vent_stanchion.024
Fra:451 Mem:294.61M (Peak 294.62M) | Time:00:00.36 | Mem:0.00M, Peak:0.00M | Scene, ViewLayer | Synchronizing object | Secondary_glazing_rib.021
Fra:451 Mem:294.69M (Peak 294.69M) | Time:00:00.36 | Mem:0.00M, Peak:0.00M | Scene, ViewLayer | Synchronizing object | Wall_transom.097
Fra:451 Mem:294.73M (Peak 294.73M) | Time:00:00.36 | Mem:0.00M, Peak:0.00M | Scene, ViewLayer | Synchronizing object | Secondary_glazing_rib
Fra:451 Mem:294.81M (Peak 294.81M) | Time:00:00.36 | Mem:0.00M, Peak:0.00M | Scene, ViewLayer | Synchronizing object | Wall_transom.125
Fra:451 Mem:294.83M (Peak 294.83M) | Time:00:00.36 | Mem:0.00M, Peak:0.00M | Scene, ViewLayer | Synchronizing object | Wall_transom.075
Fra:451 Mem:294.86M (Peak 294.86M) | Time:00:00.36 | Mem:0.00M, Peak:0.00M | Scene, ViewLayer | Synchronizing object | Curved_roof_glazing.059
Fra:451 Mem:294.88M (Peak 294.88M) | Time:00:00.36 | Mem:0.00M, Peak:0.00M | Scene, ViewLayer | Synchronizing object | Curved_roof_glazing.331
Fra:451 Mem:294.89M (Peak 294.89M) | Time:00:00.36 | Mem:0.00M, Peak:0.00M | Scene, ViewLayer | Synchronizing object | Curved_roof_glazing.315
Fra:451 Mem:294.88M (Peak 294.89M) | Time:00:00.36 | Mem:0.00M, Peak:0.00M | Scene, ViewLayer | Synchronizing object | Wall_transom.087
Fra:451 Mem:294.90M (Peak 294.90M) | Time:00:00.36 | Mem:0.00M, Peak:0.00M | Scene, ViewLayer | Synchronizing object | Wall_glazing_mullion.030
Fra:451 Mem:294.91M (Peak 294.91M) | Time:00:00.36 | Mem:0.00M, Peak:0.00M | Scene, ViewLayer | Synchronizing object | Wall_transom.061
Fra:451 Mem:294.97M (Peak 294.97M) | Time:00:00.36 | Mem:0.00M, Peak:0.00M | Scene, ViewLayer | Synchronizing object | Wall_transom.166
Fra:451 Mem:294.95M (Peak 294.97M) | Time:00:00.36 | Mem:0.00M, Peak:0.00M | Scene, ViewLayer | Synchronizing object | Wall_transom
Fra:451 Mem:294.95M (Peak 294.97M) | Time:00:00.36 | Mem:0.00M, Peak:0.00M | Scene, ViewLayer | Synchronizing object | Curved_roof_glazing.149
Fra:451 Mem:295.01M (Peak 295.01M) | Time:00:00.36 | Mem:0.00M, Peak:0.00M | Scene, ViewLayer | Synchronizing object | Curved_roof_glazing.229
Fra:451 Mem:294.99M (Peak 295.01M) | Time:00:00.36 | Mem:0.00M, Peak:0.00M | Scene, ViewLayer | Synchronizing object | Wall_glazing_mullion.032
Fra:451 Mem:295.04M (Peak 295.04M) | Time:00:00.36 | Mem:0.00M, Peak:0.00M | Scene, ViewLayer | Synchronizing object | Wall_transom.065
Fra:451 Mem:295.02M (Peak 295.04M) | Time:00:00.36 | Mem:0.00M, Peak:0.00M | Scene, ViewLayer | Synchronizing object | Wall_transom.170
Fra:451 Mem:295.08M (Peak 295.08M) | Time:00:00.36 | Mem:0.00M, Peak:0.00M | Scene, ViewLayer | Synchronizing object | Wall_transom.164
Fra:451 Mem:295.11M (Peak 295.11M) | Time:00:00.36 | Mem:0.00M, Peak:0.00M | Scene, ViewLayer | Synchronizing object | Side_wall_glass.012
Fra:451 Mem:295.09M (Peak 295.11M) | Time:00:00.36 | Mem:0.00M, Peak:0.00M | Scene, ViewLayer | Synchronizing object | Wall_stone_sill.031
Fra:451 Mem:295.09M (Peak 295.11M) | Time:00:00.36 | Mem:0.00M, Peak:0.00M | Scene, ViewLayer | Synchronizing object | Wall_transom.162
Fra:451 Mem:295.15M (Peak 295.15M) | Time:00:00.36 | Mem:0.00M, Peak:0.00M | Scene, ViewLayer | Synchronizing object | Curved_roof_glazing.178
Fra:451 Mem:295.14M (Peak 295.15M) | Time:00:00.36 | Mem:0.00M, Peak:0.00M | Scene, ViewLayer | Synchronizing object | End_wall_mullion.006
Fra:451 Mem:295.16M (Peak 295.16M) | Time:00:00.36 | Mem:0.00M, Peak:0.00M | Scene, ViewLayer | Synchronizing object | Wall_glazing_mullion.039
Fra:451 Mem:295.16M (Peak 295.16M) | Time:00:00.36 | Mem:0.00M, Peak:0.00M | Scene, ViewLayer | Synchronizing object | Wall_glazing_mullion.002
Fra:451 Mem:295.22M (Peak 295.22M) | Time:00:00.36 | Mem:0.00M, Peak:0.00M | Scene, ViewLayer | Synchronizing object | Side_wall_glass.016
Fra:451 Mem:295.23M (Peak 295.23M) | Time:00:00.36 | Mem:0.00M, Peak:0.00M | Scene, ViewLayer | Synchronizing object | Wall_stone_sill.050
Fra:451 Mem:295.25M (Peak 295.25M) | Time:00:00.36 | Mem:0.00M, Peak:0.00M | Scene, ViewLayer | Synchronizing object | Curved_roof_glazing.060
Fra:451 Mem:295.23M (Peak 295.25M) | Time:00:00.36 | Mem:0.00M, Peak:0.00M | Scene, ViewLayer | Synchronizing object | Curved_roof_glazing.332
Fra:451 Mem:295.23M (Peak 295.25M) | Time:00:00.36 | Mem:0.00M, Peak:0.00M | Scene, ViewLayer | Synchronizing object | Wall_stone_sill.026
Fra:451 Mem:295.25M (Peak 295.25M) | Time:00:00.36 | Mem:0.00M, Peak:0.00M | Scene, ViewLayer | Synchronizing object | Continuous_eaves_gutter
Fra:451 Mem:295.27M (Peak 295.27M) | Time:00:00.36 | Mem:0.00M, Peak:0.00M | Scene, ViewLayer | Synchronizing object | Curved_roof_glazing.316
Fra:451 Mem:295.29M (Peak 295.29M) | Time:00:00.36 | Mem:0.00M, Peak:0.00M | Scene, ViewLayer | Synchronizing object | Side_wall_glass.019
Fra:451 Mem:295.29M (Peak 295.29M) | Time:00:00.36 | Mem:0.00M, Peak:0.00M | Scene, ViewLayer | Synchronizing object | Wall_glazing_mullion.031
Fra:451 Mem:295.32M (Peak 295.32M) | Time:00:00.36 | Mem:0.00M, Peak:0.00M | Scene, ViewLayer | Synchronizing object | Column_capital.002
Fra:451 Mem:295.31M (Peak 295.32M) | Time:00:00.36 | Mem:0.00M, Peak:0.00M | Scene, ViewLayer | Synchronizing object | Ridge_vent_stanchion.012
Fra:451 Mem:295.34M (Peak 295.34M) | Time:00:00.36 | Mem:0.00M, Peak:0.00M | Scene, ViewLayer | Synchronizing object | Curved_roof_glazing.230
Fra:451 Mem:295.35M (Peak 295.35M) | Time:00:00.36 | Mem:0.00M, Peak:0.00M | Scene, ViewLayer | Synchronizing object | Wall_transom.030
Fra:451 Mem:295.34M (Peak 295.35M) | Time:00:00.36 | Mem:0.00M, Peak:0.00M | Scene, ViewLayer | Synchronizing object | Wall_transom.020
Fra:451 Mem:295.38M (Peak 295.38M) | Time:00:00.36 | Mem:0.00M, Peak:0.00M | Scene, ViewLayer | Synchronizing object | Side_wall_glass.117
Fra:451 Mem:295.40M (Peak 295.40M) | Time:00:00.36 | Mem:0.00M, Peak:0.00M | Scene, ViewLayer | Synchronizing object | Curved_roof_glazing.179
Fra:451 Mem:295.40M (Peak 295.40M) | Time:00:00.36 | Mem:0.00M, Peak:0.00M | Scene, ViewLayer | Synchronizing object | Longitudinal_roof_purlin.010
Fra:451 Mem:295.39M (Peak 295.40M) | Time:00:00.36 | Mem:0.00M, Peak:0.00M | Scene, ViewLayer | Synchronizing object | Ridge_vent_stanchion.025
Fra:451 Mem:295.39M (Peak 295.40M) | Time:00:00.36 | Mem:0.00M, Peak:0.00M | Scene, ViewLayer | Synchronizing object | Wall_transom.058
Fra:451 Mem:295.41M (Peak 295.41M) | Time:00:00.36 | Mem:0.00M, Peak:0.00M | Scene, ViewLayer | Synchronizing object | Wall_transom.094
Fra:451 Mem:295.46M (Peak 295.46M) | Time:00:00.36 | Mem:0.00M, Peak:0.00M | Scene, ViewLayer | Synchronizing object | Side_wall_glass.104
Fra:451 Mem:295.45M (Peak 295.46M) | Time:00:00.36 | Mem:0.00M, Peak:0.00M | Scene, ViewLayer | Synchronizing object | Wall_transom.163
Fra:451 Mem:295.45M (Peak 295.46M) | Time:00:00.37 | Mem:0.00M, Peak:0.00M | Scene, ViewLayer | Synchronizing object | Curved_roof_glazing.333
Fra:451 Mem:295.49M (Peak 295.49M) | Time:00:00.37 | Mem:0.00M, Peak:0.00M | Scene, ViewLayer | Synchronizing object | Wall_transom.149
Fra:451 Mem:295.52M (Peak 295.52M) | Time:00:00.37 | Mem:0.00M, Peak:0.00M | Scene, ViewLayer | Synchronizing object | Curved_roof_glazing.317
Fra:451 Mem:295.51M (Peak 295.52M) | Time:00:00.37 | Mem:0.00M, Peak:0.00M | Scene, ViewLayer | Synchronizing object | Wall_transom.143
Fra:451 Mem:295.53M (Peak 295.53M) | Time:00:00.37 | Mem:0.00M, Peak:0.00M | Scene, ViewLayer | Synchronizing object | Secondary_glazing_rib.017
Fra:451 Mem:295.59M (Peak 295.59M) | Time:00:00.37 | Mem:0.00M, Peak:0.00M | Scene, ViewLayer | Synchronizing object | Wall_stone_sill.024
Fra:451 Mem:295.64M (Peak 295.64M) | Time:00:00.37 | Mem:0.00M, Peak:0.00M | Scene, ViewLayer | Synchronizing object | Column_base_plinth.003
Fra:451 Mem:295.67M (Peak 295.67M) | Time:00:00.37 | Mem:0.00M, Peak:0.00M | Scene, ViewLayer | Synchronizing object | Longitudinal_roof_purlin.005
Fra:451 Mem:295.70M (Peak 295.70M) | Time:00:00.37 | Mem:0.00M, Peak:0.00M | Scene, ViewLayer | Synchronizing object | Wall_transom.159
Fra:451 Mem:295.72M (Peak 295.72M) | Time:00:00.37 | Mem:0.00M, Peak:0.00M | Scene, ViewLayer | Synchronizing object | Side_wall_glass.085
Fra:451 Mem:295.72M (Peak 295.72M) | Time:00:00.37 | Mem:0.00M, Peak:0.00M | Scene, ViewLayer | Synchronizing object | Side_wall_glass.014
Fra:451 Mem:295.73M (Peak 295.73M) | Time:00:00.37 | Mem:0.00M, Peak:0.00M | Scene, ViewLayer | Synchronizing object | Curved_roof_glazing.231
Fra:451 Mem:295.71M (Peak 295.73M) | Time:00:00.37 | Mem:0.00M, Peak:0.00M | Scene, ViewLayer | Synchronizing object | End_wall_mullion.011
Fra:451 Mem:295.73M (Peak 295.73M) | Time:00:00.37 | Mem:0.00M, Peak:0.00M | Scene, ViewLayer | Synchronizing object | Curved_roof_glazing.244
Fra:451 Mem:295.75M (Peak 295.75M) | Time:00:00.37 | Mem:0.00M, Peak:0.00M | Scene, ViewLayer | Synchronizing object | Curved_roof_glazing.276
Fra:451 Mem:295.74M (Peak 295.75M) | Time:00:00.37 | Mem:0.00M, Peak:0.00M | Scene, ViewLayer | Synchronizing object | Curved_roof_glazing.116
Fra:451 Mem:295.75M (Peak 295.75M) | Time:00:00.37 | Mem:0.00M, Peak:0.00M | Scene, ViewLayer | Synchronizing object | Curved_roof_glazing.148
Fra:451 Mem:295.75M (Peak 295.75M) | Time:00:00.37 | Mem:0.00M, Peak:0.00M | Scene, ViewLayer | Synchronizing object | End_wall_mullion.018
Fra:451 Mem:295.78M (Peak 295.78M) | Time:00:00.37 | Mem:0.00M, Peak:0.00M | Scene, ViewLayer | Synchronizing object | Ridge_vent_stanchion
Fra:451 Mem:295.77M (Peak 295.78M) | Time:00:00.37 | Mem:0.00M, Peak:0.00M | Scene, ViewLayer | Synchronizing object | Side_wall_glass.017
Fra:451 Mem:295.77M (Peak 295.78M) | Time:00:00.37 | Mem:0.00M, Peak:0.00M | Scene, ViewLayer | Synchronizing object | Curved_roof_glazing.062
Fra:451 Mem:295.78M (Peak 295.78M) | Time:00:00.37 | Mem:0.00M, Peak:0.00M | Scene, ViewLayer | Synchronizing object | Curved_roof_glazing.334
Fra:451 Mem:295.79M (Peak 295.79M) | Time:00:00.37 | Mem:0.00M, Peak:0.00M | Scene, ViewLayer | Synchronizing object | Side_wall_glass.052
Fra:451 Mem:295.78M (Peak 295.79M) | Time:00:00.37 | Mem:0.00M, Peak:0.00M | Scene, ViewLayer | Synchronizing object | Curved_roof_glazing.318
Fra:451 Mem:295.78M (Peak 295.79M) | Time:00:00.37 | Mem:0.00M, Peak:0.00M | Scene, ViewLayer | Synchronizing object | Wall_transom.131
Fra:451 Mem:295.78M (Peak 295.79M) | Time:00:00.37 | Mem:0.00M, Peak:0.00M | Scene, ViewLayer | Synchronizing object | Side_wall_glass.007
Fra:451 Mem:295.81M (Peak 295.81M) | Time:00:00.37 | Mem:0.00M, Peak:0.00M | Scene, ViewLayer | Synchronizing object | Ridge_vent_stanchion.013
Fra:451 Mem:295.82M (Peak 295.82M) | Time:00:00.37 | Mem:0.00M, Peak:0.00M | Scene, ViewLayer | Synchronizing object | Wall_stone_sill.005
Fra:451 Mem:295.83M (Peak 295.83M) | Time:00:00.37 | Mem:0.00M, Peak:0.00M | Scene, ViewLayer | Synchronizing object | Curved_roof_glazing.232
Fra:451 Mem:295.85M (Peak 295.85M) | Time:00:00.37 | Mem:0.00M, Peak:0.00M | Scene, ViewLayer | Synchronizing object | Primary_elliptical_arch.006
Fra:451 Mem:295.87M (Peak 295.87M) | Time:00:00.37 | Mem:0.00M, Peak:0.00M | Scene, ViewLayer | Synchronizing object | Wall_transom.055
Fra:451 Mem:295.96M (Peak 295.96M) | Time:00:00.37 | Mem:0.00M, Peak:0.00M | Scene, ViewLayer | Synchronizing object | Wall_transom.004
Fra:451 Mem:296.00M (Peak 296.00M) | Time:00:00.37 | Mem:0.00M, Peak:0.00M | Scene, ViewLayer | Synchronizing object | Curved_roof_glazing.245
Fra:451 Mem:296.01M (Peak 296.01M) | Time:00:00.37 | Mem:0.00M, Peak:0.00M | Scene, ViewLayer | Synchronizing object | Curved_roof_glazing.277
Fra:451 Mem:296.02M (Peak 296.02M) | Time:00:00.37 | Mem:0.00M, Peak:0.00M | Scene, ViewLayer | Synchronizing object | Wall_glazing_mullion.038
Fra:451 Mem:296.04M (Peak 296.04M) | Time:00:00.37 | Mem:0.00M, Peak:0.00M | Scene, ViewLayer | Synchronizing object | Curved_roof_glazing.069
Fra:451 Mem:296.04M (Peak 296.04M) | Time:00:00.37 | Mem:0.00M, Peak:0.00M | Scene, ViewLayer | Synchronizing object | Curved_roof_glazing.117
Fra:451 Mem:296.05M (Peak 296.05M) | Time:00:00.37 | Mem:0.00M, Peak:0.00M | Scene, ViewLayer | Synchronizing object | Wall_transom.174
Fra:451 Mem:296.08M (Peak 296.08M) | Time:00:00.37 | Mem:0.00M, Peak:0.00M | Scene, ViewLayer | Synchronizing object | Curved_roof_glazing.063
Fra:451 Mem:296.07M (Peak 296.08M) | Time:00:00.37 | Mem:0.00M, Peak:0.00M | Scene, ViewLayer | Synchronizing object | Curved_roof_glazing.335
Fra:451 Mem:296.07M (Peak 296.08M) | Time:00:00.37 | Mem:0.00M, Peak:0.00M | Scene, ViewLayer | Synchronizing object | Curved_roof_glazing.319
Fra:451 Mem:296.08M (Peak 296.08M) | Time:00:00.37 | Mem:0.00M, Peak:0.00M | Scene, ViewLayer | Synchronizing object | Side_wall_glass.006
Fra:451 Mem:296.10M (Peak 296.10M) | Time:00:00.37 | Mem:0.00M, Peak:0.00M | Scene, ViewLayer | Synchronizing object | Curved_roof_glazing.233
Fra:451 Mem:296.08M (Peak 296.10M) | Time:00:00.37 | Mem:0.00M, Peak:0.00M | Scene, ViewLayer | Synchronizing object | Load_column.012
Fra:451 Mem:296.08M (Peak 296.10M) | Time:00:00.37 | Mem:0.00M, Peak:0.00M | Scene, ViewLayer | Synchronizing object | Side_wall_glass.010
Fra:451 Mem:296.08M (Peak 296.10M) | Time:00:00.37 | Mem:0.00M, Peak:0.00M | Scene, ViewLayer | Synchronizing object | Side_wall_glass.015
Fra:451 Mem:296.08M (Peak 296.10M) | Time:00:00.37 | Mem:0.00M, Peak:0.00M | Scene, ViewLayer | Synchronizing object | Wall_transom.106
Fra:451 Mem:296.11M (Peak 296.11M) | Time:00:00.37 | Mem:0.00M, Peak:0.00M | Scene, ViewLayer | Synchronizing object | G3_glazing_compression_gasket.219
Fra:451 Mem:296.11M (Peak 296.11M) | Time:00:00.37 | Mem:0.00M, Peak:0.00M | Scene, ViewLayer | Synchronizing object | G3_glazing_compression_gasket.220
Fra:451 Mem:296.13M (Peak 296.13M) | Time:00:00.37 | Mem:0.00M, Peak:0.00M | Scene, ViewLayer | Synchronizing object | G3_glazing_compression_gasket.221
Fra:451 Mem:296.11M (Peak 296.13M) | Time:00:00.37 | Mem:0.00M, Peak:0.00M | Scene, ViewLayer | Synchronizing object | Wall_glazing_mullion.007
Fra:451 Mem:296.12M (Peak 296.13M) | Time:00:00.37 | Mem:0.00M, Peak:0.00M | Scene, ViewLayer | Synchronizing object | G3_glazing_compression_gasket.222
Fra:451 Mem:296.13M (Peak 296.13M) | Time:00:00.37 | Mem:0.00M, Peak:0.00M | Scene, ViewLayer | Synchronizing object | G3_glazing_compression_gasket.223
Fra:451 Mem:296.14M (Peak 296.14M) | Time:00:00.37 | Mem:0.00M, Peak:0.00M | Scene, ViewLayer | Synchronizing object | G3_glazing_compression_gasket.224
Fra:451 Mem:296.14M (Peak 296.14M) | Time:00:00.37 | Mem:0.00M, Peak:0.00M | Scene, ViewLayer | Synchronizing object | G3_glazing_compression_gasket.225
Fra:451 Mem:296.14M (Peak 296.14M) | Time:00:00.37 | Mem:0.00M, Peak:0.00M | Scene, ViewLayer | Synchronizing object | Wall_glazing_mullion.017
Fra:451 Mem:296.17M (Peak 296.17M) | Time:00:00.37 | Mem:0.00M, Peak:0.00M | Scene, ViewLayer | Synchronizing object | G3_glazing_compression_gasket.226
Fra:451 Mem:296.19M (Peak 296.19M) | Time:00:00.37 | Mem:0.00M, Peak:0.00M | Scene, ViewLayer | Synchronizing object | G3_glazing_compression_gasket.227
Fra:451 Mem:296.17M (Peak 296.19M) | Time:00:00.37 | Mem:0.00M, Peak:0.00M | Scene, ViewLayer | Synchronizing object | Curved_roof_glazing.246
Fra:451 Mem:296.17M (Peak 296.19M) | Time:00:00.37 | Mem:0.00M, Peak:0.00M | Scene, ViewLayer | Synchronizing object | G3_glazing_compression_gasket.228
Fra:451 Mem:296.18M (Peak 296.19M) | Time:00:00.37 | Mem:0.00M, Peak:0.00M | Scene, ViewLayer | Synchronizing object | Curved_roof_glazing.278
Fra:451 Mem:296.18M (Peak 296.19M) | Time:00:00.37 | Mem:0.00M, Peak:0.00M | Scene, ViewLayer | Synchronizing object | G3_glazing_compression_gasket.229
Fra:451 Mem:296.18M (Peak 296.19M) | Time:00:00.37 | Mem:0.00M, Peak:0.00M | Scene, ViewLayer | Synchronizing object | Curved_roof_glazing.070
Fra:451 Mem:296.18M (Peak 296.19M) | Time:00:00.37 | Mem:0.00M, Peak:0.00M | Scene, ViewLayer | Synchronizing object | Curved_roof_glazing.118
Fra:451 Mem:296.18M (Peak 296.19M) | Time:00:00.37 | Mem:0.00M, Peak:0.00M | Scene, ViewLayer | Synchronizing object | G3_glazing_compression_gasket.230
Fra:451 Mem:296.19M (Peak 296.19M) | Time:00:00.37 | Mem:0.00M, Peak:0.00M | Scene, ViewLayer | Synchronizing object | Curved_roof_glazing.150
Fra:451 Mem:296.19M (Peak 296.19M) | Time:00:00.37 | Mem:0.00M, Peak:0.00M | Scene, ViewLayer | Synchronizing object | G3_glazing_compression_gasket.231
Fra:451 Mem:296.19M (Peak 296.19M) | Time:00:00.37 | Mem:0.00M, Peak:0.00M | Scene, ViewLayer | Synchronizing object | Wall_stone_sill.042
Fra:451 Mem:296.22M (Peak 296.22M) | Time:00:00.37 | Mem:0.00M, Peak:0.00M | Scene, ViewLayer | Synchronizing object | G3_glazing_compression_gasket.232
Fra:451 Mem:296.22M (Peak 296.22M) | Time:00:00.37 | Mem:0.00M, Peak:0.00M | Scene, ViewLayer | Synchronizing object | G3_glazing_compression_gasket.233
Fra:451 Mem:296.22M (Peak 296.22M) | Time:00:00.37 | Mem:0.00M, Peak:0.00M | Scene, ViewLayer | Synchronizing object | G3_glazing_compression_gasket.234
Fra:451 Mem:296.24M (Peak 296.24M) | Time:00:00.37 | Mem:0.00M, Peak:0.00M | Scene, ViewLayer | Synchronizing object | G3_glazing_compression_gasket.235
Fra:451 Mem:296.22M (Peak 296.24M) | Time:00:00.37 | Mem:0.00M, Peak:0.00M | Scene, ViewLayer | Synchronizing object | Wall_glazing_mullion.001
Fra:451 Mem:296.22M (Peak 296.24M) | Time:00:00.37 | Mem:0.00M, Peak:0.00M | Scene, ViewLayer | Synchronizing object | G3_glazing_compression_gasket.236
Fra:451 Mem:296.26M (Peak 296.26M) | Time:00:00.37 | Mem:0.00M, Peak:0.00M | Scene, ViewLayer | Synchronizing object | G3_glazing_compression_gasket.237
Fra:451 Mem:296.25M (Peak 296.26M) | Time:00:00.37 | Mem:0.00M, Peak:0.00M | Scene, ViewLayer | Synchronizing object | G3_glazing_compression_gasket.238
Fra:451 Mem:296.26M (Peak 296.26M) | Time:00:00.37 | Mem:0.00M, Peak:0.00M | Scene, ViewLayer | Synchronizing object | G3_glazing_compression_gasket.239
Fra:451 Mem:296.25M (Peak 296.26M) | Time:00:00.37 | Mem:0.00M, Peak:0.00M | Scene, ViewLayer | Synchronizing object | G3_glazing_compression_gasket.240
Fra:451 Mem:296.25M (Peak 296.26M) | Time:00:00.37 | Mem:0.00M, Peak:0.00M | Scene, ViewLayer | Synchronizing object | Wall_stone_sill.032
Fra:451 Mem:296.26M (Peak 296.26M) | Time:00:00.37 | Mem:0.00M, Peak:0.00M | Scene, ViewLayer | Synchronizing object | G3_glazing_compression_gasket.241
Fra:451 Mem:296.30M (Peak 296.30M) | Time:00:00.37 | Mem:0.00M, Peak:0.00M | Scene, ViewLayer | Synchronizing object | G3_glazing_compression_gasket.242
Fra:451 Mem:296.29M (Peak 296.30M) | Time:00:00.37 | Mem:0.00M, Peak:0.00M | Scene, ViewLayer | Synchronizing object | G3_glazing_compression_gasket.243
Fra:451 Mem:296.29M (Peak 296.30M) | Time:00:00.37 | Mem:0.00M, Peak:0.00M | Scene, ViewLayer | Synchronizing object | G3_glazing_compression_gasket.244
Fra:451 Mem:296.31M (Peak 296.31M) | Time:00:00.37 | Mem:0.00M, Peak:0.00M | Scene, ViewLayer | Synchronizing object | G3_glazing_compression_gasket.245
Fra:451 Mem:296.29M (Peak 296.31M) | Time:00:00.37 | Mem:0.00M, Peak:0.00M | Scene, ViewLayer | Synchronizing object | Hall_door_rail.005
Fra:451 Mem:296.33M (Peak 296.33M) | Time:00:00.37 | Mem:0.00M, Peak:0.00M | Scene, ViewLayer | Synchronizing object | G3_glazing_compression_gasket.246
Fra:451 Mem:296.34M (Peak 296.34M) | Time:00:00.37 | Mem:0.00M, Peak:0.00M | Scene, ViewLayer | Synchronizing object | G3_glazing_compression_gasket.247
Fra:451 Mem:296.35M (Peak 296.35M) | Time:00:00.37 | Mem:0.00M, Peak:0.00M | Scene, ViewLayer | Synchronizing object | G3_glazing_compression_gasket.248
Fra:451 Mem:296.35M (Peak 296.35M) | Time:00:00.37 | Mem:0.00M, Peak:0.00M | Scene, ViewLayer | Synchronizing object | G3_glazing_compression_gasket.249
Fra:451 Mem:296.35M (Peak 296.35M) | Time:00:00.37 | Mem:0.00M, Peak:0.00M | Scene, ViewLayer | Synchronizing object | G3_glazing_compression_gasket.250
Fra:451 Mem:296.35M (Peak 296.35M) | Time:00:00.37 | Mem:0.00M, Peak:0.00M | Scene, ViewLayer | Synchronizing object | Ridge_vent_stanchion.001
Fra:451 Mem:296.35M (Peak 296.35M) | Time:00:00.37 | Mem:0.00M, Peak:0.00M | Scene, ViewLayer | Synchronizing object | Side_wall_glass.105
Fra:451 Mem:296.35M (Peak 296.35M) | Time:00:00.37 | Mem:0.00M, Peak:0.00M | Scene, ViewLayer | Synchronizing object | G3_glazing_compression_gasket.251
Fra:451 Mem:296.35M (Peak 296.35M) | Time:00:00.37 | Mem:0.00M, Peak:0.00M | Scene, ViewLayer | Synchronizing object | Wall_transom.076
Fra:451 Mem:296.36M (Peak 296.36M) | Time:00:00.37 | Mem:0.00M, Peak:0.00M | Scene, ViewLayer | Synchronizing object | Curved_roof_glazing.064
Fra:451 Mem:296.36M (Peak 296.36M) | Time:00:00.37 | Mem:0.00M, Peak:0.00M | Scene, ViewLayer | Synchronizing object | G3_glazing_compression_gasket.253
Fra:451 Mem:296.36M (Peak 296.36M) | Time:00:00.37 | Mem:0.00M, Peak:0.00M | Scene, ViewLayer | Synchronizing object | G3_glazing_compression_gasket.254
Fra:451 Mem:296.36M (Peak 296.36M) | Time:00:00.37 | Mem:0.00M, Peak:0.00M | Scene, ViewLayer | Synchronizing object | G3_glazing_compression_gasket.255
Fra:451 Mem:296.37M (Peak 296.37M) | Time:00:00.37 | Mem:0.00M, Peak:0.00M | Scene, ViewLayer | Synchronizing object | G3_glazing_compression_gasket.256
Fra:451 Mem:296.37M (Peak 296.37M) | Time:00:00.37 | Mem:0.00M, Peak:0.00M | Scene, ViewLayer | Synchronizing object | G3_glazing_compression_gasket.257
Fra:451 Mem:296.37M (Peak 296.37M) | Time:00:00.37 | Mem:0.00M, Peak:0.00M | Scene, ViewLayer | Synchronizing object | G3_glazing_compression_gasket.258
Fra:451 Mem:296.37M (Peak 296.37M) | Time:00:00.37 | Mem:0.00M, Peak:0.00M | Scene, ViewLayer | Synchronizing object | G3_glazing_compression_gasket.259
Fra:451 Mem:296.38M (Peak 296.38M) | Time:00:00.37 | Mem:0.00M, Peak:0.00M | Scene, ViewLayer | Synchronizing object | Curved_roof_glazing.336
Fra:451 Mem:296.38M (Peak 296.38M) | Time:00:00.37 | Mem:0.00M, Peak:0.00M | Scene, ViewLayer | Synchronizing object | Side_wall_glass.053
Fra:451 Mem:296.38M (Peak 296.38M) | Time:00:00.37 | Mem:0.00M, Peak:0.00M | Scene, ViewLayer | Synchronizing object | Curved_roof_glazing.320
Fra:451 Mem:296.39M (Peak 296.39M) | Time:00:00.37 | Mem:0.00M, Peak:0.00M | Scene, ViewLayer | Synchronizing object | G3_glazing_compression_gasket.260
Fra:451 Mem:296.39M (Peak 296.39M) | Time:00:00.37 | Mem:0.00M, Peak:0.00M | Scene, ViewLayer | Synchronizing object | Wall_transom.088
Fra:451 Mem:296.42M (Peak 296.42M) | Time:00:00.37 | Mem:0.00M, Peak:0.00M | Scene, ViewLayer | Synchronizing object | G3_glazing_compression_gasket.261
Fra:451 Mem:296.45M (Peak 296.45M) | Time:00:00.37 | Mem:0.00M, Peak:0.00M | Scene, ViewLayer | Synchronizing object | G3_glazing_compression_gasket.262
Fra:451 Mem:296.44M (Peak 296.45M) | Time:00:00.37 | Mem:0.00M, Peak:0.00M | Scene, ViewLayer | Synchronizing object | G3_glazing_compression_gasket.263
Fra:451 Mem:296.44M (Peak 296.45M) | Time:00:00.37 | Mem:0.00M, Peak:0.00M | Scene, ViewLayer | Synchronizing object | Wall_transom.062
Fra:451 Mem:296.48M (Peak 296.48M) | Time:00:00.37 | Mem:0.00M, Peak:0.00M | Scene, ViewLayer | Synchronizing object | G3_glazing_compression_gasket.264
Fra:451 Mem:296.47M (Peak 296.48M) | Time:00:00.37 | Mem:0.00M, Peak:0.00M | Scene, ViewLayer | Synchronizing object | G3_glazing_compression_gasket.265
Fra:451 Mem:296.48M (Peak 296.48M) | Time:00:00.37 | Mem:0.00M, Peak:0.00M | Scene, ViewLayer | Synchronizing object | G3_glazing_compression_gasket.266
Fra:451 Mem:296.50M (Peak 296.50M) | Time:00:00.37 | Mem:0.00M, Peak:0.00M | Scene, ViewLayer | Synchronizing object | G3_glazing_compression_gasket.267
Fra:451 Mem:296.48M (Peak 296.50M) | Time:00:00.37 | Mem:0.00M, Peak:0.00M | Scene, ViewLayer | Synchronizing object | Side_wall_glass.048
Fra:451 Mem:296.48M (Peak 296.50M) | Time:00:00.37 | Mem:0.00M, Peak:0.00M | Scene, ViewLayer | Synchronizing object | Wall_transom.167
Fra:451 Mem:296.51M (Peak 296.51M) | Time:00:00.37 | Mem:0.00M, Peak:0.00M | Scene, ViewLayer | Synchronizing object | G3_glazing_compression_gasket.268
Fra:451 Mem:296.51M (Peak 296.51M) | Time:00:00.37 | Mem:0.00M, Peak:0.00M | Scene, ViewLayer | Synchronizing object | G3_glazing_compression_gasket.269
Fra:451 Mem:296.51M (Peak 296.51M) | Time:00:00.37 | Mem:0.00M, Peak:0.00M | Scene, ViewLayer | Synchronizing object | G3_glazing_compression_gasket.270
Fra:451 Mem:296.51M (Peak 296.51M) | Time:00:00.37 | Mem:0.00M, Peak:0.00M | Scene, ViewLayer | Synchronizing object | Wall_transom.001
Fra:451 Mem:296.51M (Peak 296.51M) | Time:00:00.37 | Mem:0.00M, Peak:0.00M | Scene, ViewLayer | Synchronizing object | G3_glazing_compression_gasket.271
Fra:451 Mem:296.53M (Peak 296.53M) | Time:00:00.37 | Mem:0.00M, Peak:0.00M | Scene, ViewLayer | Synchronizing object | Load_column.003
Fra:451 Mem:296.54M (Peak 296.54M) | Time:00:00.37 | Mem:0.00M, Peak:0.00M | Scene, ViewLayer | Synchronizing object | Ridge_vent_stanchion.014
Fra:451 Mem:296.54M (Peak 296.54M) | Time:00:00.37 | Mem:0.00M, Peak:0.00M | Scene, ViewLayer | Synchronizing object | Wall_stone_sill.022
Fra:451 Mem:296.57M (Peak 296.57M) | Time:00:00.37 | Mem:0.00M, Peak:0.00M | Scene, ViewLayer | Synchronizing object | G3_hall_pull_handle
Fra:451 Mem:296.57M (Peak 296.57M) | Time:00:00.37 | Mem:0.00M, Peak:0.00M | Scene, ViewLayer | Synchronizing object | Curved_roof_glazing.234
Fra:451 Mem:296.57M (Peak 296.57M) | Time:00:00.37 | Mem:0.00M, Peak:0.00M | Scene, ViewLayer | Synchronizing object | G3_hall_pull_handle.001
Fra:451 Mem:296.58M (Peak 296.58M) | Time:00:00.37 | Mem:0.00M, Peak:0.00M | Scene, ViewLayer | Synchronizing object | End_wall_mullion.004
Fra:451 Mem:296.61M (Peak 296.61M) | Time:00:00.37 | Mem:0.00M, Peak:0.00M | Scene, ViewLayer | Synchronizing object | Wall_transom.165
Fra:451 Mem:296.64M (Peak 296.64M) | Time:00:00.37 | Mem:0.00M, Peak:0.00M | Scene, ViewLayer | Synchronizing object | Wall_glazing_mullion.008
Fra:451 Mem:296.66M (Peak 296.66M) | Time:00:00.37 | Mem:0.00M, Peak:0.00M | Scene, ViewLayer | Synchronizing object | G3_carved_pedestal_foot
Fra:451 Mem:296.66M (Peak 296.66M) | Time:00:00.37 | Mem:0.00M, Peak:0.00M | Scene, ViewLayer | Synchronizing object | Curved_roof_glazing.247
Fra:451 Mem:296.69M (Peak 296.69M) | Time:00:00.37 | Mem:0.00M, Peak:0.00M | Scene, ViewLayer | Synchronizing object | Curved_roof_glazing.279
Fra:451 Mem:296.67M (Peak 296.69M) | Time:00:00.37 | Mem:0.00M, Peak:0.00M | Scene, ViewLayer | Synchronizing object | G3_carved_pedestal_foot.001
Fra:451 Mem:296.67M (Peak 296.69M) | Time:00:00.37 | Mem:0.00M, Peak:0.00M | Scene, ViewLayer | Synchronizing object | Curved_roof_glazing.071
Fra:451 Mem:296.68M (Peak 296.69M) | Time:00:00.37 | Mem:0.00M, Peak:0.00M | Scene, ViewLayer | Synchronizing object | Curved_roof_glazing.119
Fra:451 Mem:296.68M (Peak 296.69M) | Time:00:00.37 | Mem:0.00M, Peak:0.00M | Scene, ViewLayer | Synchronizing object | Curved_roof_glazing.151
Fra:451 Mem:296.68M (Peak 296.69M) | Time:00:00.37 | Mem:0.00M, Peak:0.00M | Scene, ViewLayer | Synchronizing object | G3_carved_pedestal_foot.002
Fra:451 Mem:296.68M (Peak 296.69M) | Time:00:00.37 | Mem:0.00M, Peak:0.00M | Scene, ViewLayer | Synchronizing object | Curved_roof_glazing.180
Fra:451 Mem:296.69M (Peak 296.69M) | Time:00:00.37 | Mem:0.00M, Peak:0.00M | Scene, ViewLayer | Synchronizing object | Curved_roof_glazing.292
Fra:451 Mem:296.69M (Peak 296.69M) | Time:00:00.37 | Mem:0.00M, Peak:0.00M | Scene, ViewLayer | Synchronizing object | Curved_roof_glazing.084
Fra:451 Mem:296.70M (Peak 296.70M) | Time:00:00.37 | Mem:0.00M, Peak:0.00M | Scene, ViewLayer | Synchronizing object | End_wall_sill.013
Fra:451 Mem:296.84M (Peak 296.84M) | Time:00:00.37 | Mem:0.00M, Peak:0.00M | Scene, ViewLayer | Synchronizing object | Curved_roof_glazing.065
Fra:451 Mem:296.84M (Peak 296.84M) | Time:00:00.37 | Mem:0.00M, Peak:0.00M | Scene, ViewLayer | Synchronizing object | Curved_roof_glazing.337
Fra:451 Mem:296.84M (Peak 296.84M) | Time:00:00.37 | Mem:0.00M, Peak:0.00M | Scene, ViewLayer | Synchronizing object | G3_cup_handle
Fra:451 Mem:296.84M (Peak 296.84M) | Time:00:00.37 | Mem:0.00M, Peak:0.00M | Scene, ViewLayer | Synchronizing object | Curved_roof_glazing.321
Fra:451 Mem:296.87M (Peak 296.87M) | Time:00:00.37 | Mem:0.00M, Peak:0.00M | Scene, ViewLayer | Synchronizing object | Column_capital.013
Fra:451 Mem:296.91M (Peak 296.91M) | Time:00:00.37 | Mem:0.00M, Peak:0.00M | Scene, ViewLayer | Synchronizing object | Portal_transom_mullion
Fra:451 Mem:296.95M (Peak 296.95M) | Time:00:00.37 | Mem:0.00M, Peak:0.00M | Scene, ViewLayer | Synchronizing object | Side_wall_glass.049
Fra:451 Mem:296.95M (Peak 296.95M) | Time:00:00.37 | Mem:0.00M, Peak:0.00M | Scene, ViewLayer | Synchronizing object | G3_door_jamb_gasket
Fra:451 Mem:296.95M (Peak 296.95M) | Time:00:00.37 | Mem:0.00M, Peak:0.00M | Scene, ViewLayer | Synchronizing object | Wall_transom.027
Fra:451 Mem:297.00M (Peak 297.00M) | Time:00:00.37 | Mem:0.00M, Peak:0.00M | Scene, ViewLayer | Synchronizing object | G3_door_jamb_gasket.001
Fra:451 Mem:296.97M (Peak 297.00M) | Time:00:00.37 | Mem:0.00M, Peak:0.00M | Scene, ViewLayer | Synchronizing object | Curved_roof_glazing.235
Fra:451 Mem:296.98M (Peak 297.00M) | Time:00:00.37 | Mem:0.00M, Peak:0.00M | Scene, ViewLayer | Synchronizing object | G3_slide_guide_rail
Fra:451 Mem:296.98M (Peak 297.00M) | Time:00:00.37 | Mem:0.00M, Peak:0.00M | Scene, ViewLayer | Synchronizing object | Side_wall_glass.044
Fra:451 Mem:296.98M (Peak 297.00M) | Time:00:00.37 | Mem:0.00M, Peak:0.00M | Scene, ViewLayer | Synchronizing object | Wall_glazing_mullion.003
Fra:451 Mem:297.01M (Peak 297.01M) | Time:00:00.37 | Mem:0.00M, Peak:0.00M | Scene, ViewLayer | Synchronizing object | G3_slide_guide_rail.001
Fra:451 Mem:297.01M (Peak 297.01M) | Time:00:00.37 | Mem:0.00M, Peak:0.00M | Scene, ViewLayer | Synchronizing object | Wall_transom.031
Fra:451 Mem:297.03M (Peak 297.03M) | Time:00:00.37 | Mem:0.00M, Peak:0.00M | Scene, ViewLayer | Synchronizing object | Curved_roof_glazing.248
Fra:451 Mem:297.05M (Peak 297.05M) | Time:00:00.37 | Mem:0.00M, Peak:0.00M | Scene, ViewLayer | Synchronizing object | Curved_roof_glazing.280
Fra:451 Mem:297.03M (Peak 297.05M) | Time:00:00.37 | Mem:0.00M, Peak:0.00M | Scene, ViewLayer | Synchronizing object | Secondary_glazing_rib.004
Fra:451 Mem:297.05M (Peak 297.05M) | Time:00:00.37 | Mem:0.00M, Peak:0.00M | Scene, ViewLayer | Synchronizing object | Curved_roof_glazing.072
Fra:451 Mem:297.12M (Peak 297.12M) | Time:00:00.37 | Mem:0.00M, Peak:0.00M | Scene, ViewLayer | Synchronizing object | Curved_roof_glazing.120
Fra:451 Mem:297.12M (Peak 297.12M) | Time:00:00.37 | Mem:0.00M, Peak:0.00M | Scene, ViewLayer | Synchronizing object | Curved_roof_glazing.152
Fra:451 Mem:297.13M (Peak 297.13M) | Time:00:00.37 | Mem:0.00M, Peak:0.00M | Scene, ViewLayer | Synchronizing object | Curved_roof_glazing.181
Fra:451 Mem:297.14M (Peak 297.14M) | Time:00:00.37 | Mem:0.00M, Peak:0.00M | Scene, ViewLayer | Synchronizing object | Curved_roof_glazing.293
Fra:451 Mem:297.14M (Peak 297.14M) | Time:00:00.37 | Mem:0.00M, Peak:0.00M | Scene, ViewLayer | Synchronizing object | Side_wall_glass.030
Fra:451 Mem:297.14M (Peak 297.14M) | Time:00:00.37 | Mem:0.00M, Peak:0.00M | Scene, ViewLayer | Synchronizing object | Wall_transom.176
Fra:451 Mem:297.15M (Peak 297.15M) | Time:00:00.37 | Mem:0.00M, Peak:0.00M | Scene, ViewLayer | Synchronizing object | Curved_roof_glazing.085
Fra:451 Mem:297.17M (Peak 297.17M) | Time:00:00.37 | Mem:0.00M, Peak:0.00M | Scene, ViewLayer | Synchronizing object | End_wall_mullion.009
Fra:451 Mem:297.20M (Peak 297.20M) | Time:00:00.37 | Mem:0.00M, Peak:0.00M | Scene, ViewLayer | Synchronizing object | Wall_transom.146
Fra:451 Mem:297.23M (Peak 297.23M) | Time:00:00.37 | Mem:0.00M, Peak:0.00M | Scene, ViewLayer | Synchronizing object | Curved_roof_glazing.066
Fra:451 Mem:297.22M (Peak 297.23M) | Time:00:00.37 | Mem:0.00M, Peak:0.00M | Scene, ViewLayer | Synchronizing object | Curved_roof_glazing.338
Fra:451 Mem:297.23M (Peak 297.23M) | Time:00:00.37 | Mem:0.00M, Peak:0.00M | Scene, ViewLayer | Synchronizing object | Wall_transom.150
Fra:451 Mem:297.25M (Peak 297.25M) | Time:00:00.37 | Mem:0.00M, Peak:0.00M | Scene, ViewLayer | Synchronizing object | Curved_roof_glazing.322
Fra:451 Mem:297.26M (Peak 297.26M) | Time:00:00.37 | Mem:0.00M, Peak:0.00M | Scene, ViewLayer | Synchronizing object | Wall_transom.144
Fra:451 Mem:297.28M (Peak 297.28M) | Time:00:00.37 | Mem:0.00M, Peak:0.00M | Scene, ViewLayer | Synchronizing object | Wall_glazing_mullion.033
Fra:451 Mem:297.28M (Peak 297.28M) | Time:00:00.37 | Mem:0.00M, Peak:0.00M | Scene, ViewLayer | Synchronizing object | Longitudinal_roof_purlin.006
Fra:451 Mem:297.31M (Peak 297.31M) | Time:00:00.37 | Mem:0.00M, Peak:0.00M | Scene, ViewLayer | Synchronizing object | Ridge_vent_stanchion.015
Fra:451 Mem:297.31M (Peak 297.31M) | Time:00:00.37 | Mem:0.00M, Peak:0.00M | Scene, ViewLayer | Synchronizing object | Wall_glazing_mullion.006
Fra:451 Mem:297.38M (Peak 297.38M) | Time:00:00.37 | Mem:0.00M, Peak:0.00M | Scene, ViewLayer | Synchronizing object | Wall_stone_sill.052
Fra:451 Mem:297.37M (Peak 297.38M) | Time:00:00.37 | Mem:0.00M, Peak:0.00M | Scene, ViewLayer | Synchronizing object | Curved_roof_glazing.236
Fra:451 Mem:297.37M (Peak 297.38M) | Time:00:00.37 | Mem:0.00M, Peak:0.00M | Scene, ViewLayer | Synchronizing object | Side_wall_glass.011
Fra:451 Mem:297.37M (Peak 297.38M) | Time:00:00.37 | Mem:0.00M, Peak:0.00M | Scene, ViewLayer | Synchronizing object | Wall_transom.126
Fra:451 Mem:297.37M (Peak 297.38M) | Time:00:00.37 | Mem:0.00M, Peak:0.00M | Scene, ViewLayer | Synchronizing object | Wall_transom.171
Fra:451 Mem:297.44M (Peak 297.44M) | Time:00:00.37 | Mem:0.00M, Peak:0.00M | Scene, ViewLayer | Synchronizing object | End_wall_sill.011
Fra:451 Mem:297.42M (Peak 297.44M) | Time:00:00.37 | Mem:0.00M, Peak:0.00M | Scene, ViewLayer | Synchronizing object | Curved_roof_glazing.249
Fra:451 Mem:297.45M (Peak 297.45M) | Time:00:00.37 | Mem:0.00M, Peak:0.00M | Scene, ViewLayer | Synchronizing object | Curved_roof_glazing.281
Fra:451 Mem:297.44M (Peak 297.45M) | Time:00:00.37 | Mem:0.00M, Peak:0.00M | Scene, ViewLayer | Synchronizing object | Load_column.006
Fra:451 Mem:297.45M (Peak 297.45M) | Time:00:00.37 | Mem:0.00M, Peak:0.00M | Scene, ViewLayer | Synchronizing object | Curved_roof_glazing.073
Fra:451 Mem:297.45M (Peak 297.45M) | Time:00:00.37 | Mem:0.00M, Peak:0.00M | Scene, ViewLayer | Synchronizing object | Curved_roof_glazing.121
Fra:451 Mem:297.47M (Peak 297.47M) | Time:00:00.37 | Mem:0.00M, Peak:0.00M | Scene, ViewLayer | Synchronizing object | Curved_roof_glazing.153
Fra:451 Mem:297.46M (Peak 297.47M) | Time:00:00.37 | Mem:0.00M, Peak:0.00M | Scene, ViewLayer | Synchronizing object | Curved_roof_glazing.182
Fra:451 Mem:297.45M (Peak 297.47M) | Time:00:00.37 | Mem:0.00M, Peak:0.00M | Scene, ViewLayer | Synchronizing object | Curved_roof_glazing.294
Fra:451 Mem:297.46M (Peak 297.47M) | Time:00:00.37 | Mem:0.00M, Peak:0.00M | Scene, ViewLayer | Synchronizing object | Side_wall_glass.031
Fra:451 Mem:297.46M (Peak 297.47M) | Time:00:00.37 | Mem:0.00M, Peak:0.00M | Scene, ViewLayer | Synchronizing object | Wall_transom.104
Fra:451 Mem:297.47M (Peak 297.47M) | Time:00:00.37 | Mem:0.00M, Peak:0.00M | Scene, ViewLayer | Synchronizing object | Curved_roof_glazing.086
Fra:451 Mem:297.50M (Peak 297.50M) | Time:00:00.37 | Mem:0.00M, Peak:0.00M | Scene, ViewLayer | Synchronizing object | End_wall_glazing.014
Fra:451 Mem:297.50M (Peak 297.50M) | Time:00:00.37 | Mem:0.00M, Peak:0.00M | Scene, ViewLayer | Synchronizing object | Curved_roof_glazing.067
Fra:451 Mem:297.50M (Peak 297.50M) | Time:00:00.37 | Mem:0.00M, Peak:0.00M | Scene, ViewLayer | Synchronizing object | Curved_roof_glazing.339
Fra:451 Mem:297.50M (Peak 297.50M) | Time:00:00.37 | Mem:0.00M, Peak:0.00M | Scene, ViewLayer | Synchronizing object | Wall_transom.078
Fra:451 Mem:297.54M (Peak 297.54M) | Time:00:00.37 | Mem:0.00M, Peak:0.00M | Scene, ViewLayer | Synchronizing object | Curved_roof_glazing.323
Fra:451 Mem:297.52M (Peak 297.54M) | Time:00:00.37 | Mem:0.00M, Peak:0.00M | Scene, ViewLayer | Synchronizing object | Wall_stone_sill.044
Fra:451 Mem:297.55M (Peak 297.55M) | Time:00:00.37 | Mem:0.00M, Peak:0.00M | Scene, ViewLayer | Synchronizing object | Secondary_glazing_rib.018
Fra:451 Mem:297.62M (Peak 297.62M) | Time:00:00.37 | Mem:0.00M, Peak:0.00M | Scene, ViewLayer | Synchronizing object | Wall_glazing_mullion.019
Fra:451 Mem:297.66M (Peak 297.66M) | Time:00:00.38 | Mem:0.00M, Peak:0.00M | Scene, ViewLayer | Synchronizing object | Side_wall_glass.108
Fra:451 Mem:297.66M (Peak 297.66M) | Time:00:00.38 | Mem:0.00M, Peak:0.00M | Scene, ViewLayer | Synchronizing object | Wall_glazing_mullion.004
Fra:451 Mem:297.70M (Peak 297.70M) | Time:00:00.38 | Mem:0.00M, Peak:0.00M | Scene, ViewLayer | Synchronizing object | Curved_roof_glazing.237
Fra:451 Mem:297.69M (Peak 297.70M) | Time:00:00.38 | Mem:0.00M, Peak:0.00M | Scene, ViewLayer | Synchronizing object | Wall_transom.056
Fra:451 Mem:297.71M (Peak 297.71M) | Time:00:00.38 | Mem:0.00M, Peak:0.00M | Scene, ViewLayer | Synchronizing object | Curved_roof_glazing.250
Fra:451 Mem:297.71M (Peak 297.71M) | Time:00:00.38 | Mem:0.00M, Peak:0.00M | Scene, ViewLayer | Synchronizing object | Curved_roof_glazing.282
Fra:451 Mem:297.73M (Peak 297.73M) | Time:00:00.38 | Mem:0.00M, Peak:0.00M | Scene, ViewLayer | Synchronizing object | Primary_elliptical_arch.003
Fra:451 Mem:297.75M (Peak 297.75M) | Time:00:00.38 | Mem:0.00M, Peak:0.00M | Scene, ViewLayer | Synchronizing object | Wall_transom.005
Fra:451 Mem:297.85M (Peak 297.85M) | Time:00:00.38 | Mem:0.00M, Peak:0.00M | Scene, ViewLayer | Synchronizing object | Curved_roof_glazing.074
Fra:451 Mem:297.86M (Peak 297.86M) | Time:00:00.38 | Mem:0.00M, Peak:0.00M | Scene, ViewLayer | Synchronizing object | Curved_roof_glazing.122
Fra:451 Mem:297.89M (Peak 297.89M) | Time:00:00.38 | Mem:0.00M, Peak:0.00M | Scene, ViewLayer | Synchronizing object | Curved_roof_glazing.154
Fra:451 Mem:297.88M (Peak 297.89M) | Time:00:00.38 | Mem:0.00M, Peak:0.00M | Scene, ViewLayer | Synchronizing object | Load_column.014
Fra:451 Mem:297.88M (Peak 297.89M) | Time:00:00.38 | Mem:0.00M, Peak:0.00M | Scene, ViewLayer | Synchronizing object | Curved_roof_glazing.183
Fra:451 Mem:297.89M (Peak 297.89M) | Time:00:00.38 | Mem:0.00M, Peak:0.00M | Scene, ViewLayer | Synchronizing object | Wall_stone_sill.045
Fra:451 Mem:297.92M (Peak 297.92M) | Time:00:00.38 | Mem:0.00M, Peak:0.00M | Scene, ViewLayer | Synchronizing object | G3R04_sconce_bracket
Fra:451 Mem:297.92M (Peak 297.92M) | Time:00:00.38 | Mem:0.00M, Peak:0.00M | Scene, ViewLayer | Synchronizing object | G3R04_sconce_bracket.001
Fra:451 Mem:297.93M (Peak 297.93M) | Time:00:00.38 | Mem:0.00M, Peak:0.00M | Scene, ViewLayer | Synchronizing object | Curved_roof_glazing.087
Fra:451 Mem:297.93M (Peak 297.93M) | Time:00:00.38 | Mem:0.00M, Peak:0.00M | Scene, ViewLayer | Synchronizing object | Curved_roof_glazing.356
Fra:451 Mem:297.93M (Peak 297.93M) | Time:00:00.38 | Mem:0.00M, Peak:0.00M | Scene, ViewLayer | Synchronizing object | Load_column.011
Fra:451 Mem:297.94M (Peak 297.94M) | Time:00:00.38 | Mem:0.00M, Peak:0.00M | Scene, ViewLayer | Synchronizing object | Wall_transom.117
Fra:451 Mem:297.96M (Peak 297.96M) | Time:00:00.38 | Mem:0.00M, Peak:0.00M | Scene, ViewLayer | Synchronizing object | Secondary_glazing_rib.007
Fra:451 Mem:298.03M (Peak 298.03M) | Time:00:00.38 | Mem:0.00M, Peak:0.00M | Scene, ViewLayer | Synchronizing object | G3R06_upper_node_wash.001
Fra:451 Mem:298.04M (Peak 298.04M) | Time:00:00.38 | Mem:0.00M, Peak:0.00M | Scene, ViewLayer | Synchronizing object | G3R06_projector_optic.001
Fra:451 Mem:298.05M (Peak 298.05M) | Time:00:00.38 | Mem:0.00M, Peak:0.00M | Scene, ViewLayer | Synchronizing object | G3R06_projector_bezel.001
Fra:451 Mem:298.09M (Peak 298.09M) | Time:00:00.38 | Mem:0.00M, Peak:0.00M | Scene, ViewLayer | Synchronizing object | G3R06_projector_housing.001
Fra:451 Mem:298.09M (Peak 298.09M) | Time:00:00.38 | Mem:0.00M, Peak:0.00M | Scene, ViewLayer | Synchronizing object | Secondary_glazing_rib.010
Fra:451 Mem:298.14M (Peak 298.14M) | Time:00:00.38 | Mem:0.00M, Peak:0.00M | Scene, ViewLayer | Synchronizing object | G3R06_clamp_fastener.003
Fra:451 Mem:298.16M (Peak 298.16M) | Time:00:00.38 | Mem:0.00M, Peak:0.00M | Scene, ViewLayer | Synchronizing object | G3R06_clamp_fastener.002
Fra:451 Mem:298.17M (Peak 298.17M) | Time:00:00.38 | Mem:0.00M, Peak:0.00M | Scene, ViewLayer | Synchronizing object | G3R06_projector_stem.001
Fra:451 Mem:298.18M (Peak 298.18M) | Time:00:00.38 | Mem:0.00M, Peak:0.00M | Scene, ViewLayer | Synchronizing object | G3R06_purlin_clamp.001
Fra:451 Mem:298.23M (Peak 298.23M) | Time:00:00.38 | Mem:0.00M, Peak:0.00M | Scene, ViewLayer | Synchronizing object | Wall_transom.009
Fra:451 Mem:298.25M (Peak 298.25M) | Time:00:00.38 | Mem:0.00M, Peak:0.00M | Scene, ViewLayer | Synchronizing object | G3R06_upper_node_wash
Fra:451 Mem:298.27M (Peak 298.27M) | Time:00:00.38 | Mem:0.00M, Peak:0.00M | Scene, ViewLayer | Synchronizing object | G3R06_projector_optic
Fra:451 Mem:298.25M (Peak 298.27M) | Time:00:00.38 | Mem:0.00M, Peak:0.00M | Scene, ViewLayer | Synchronizing object | Column_capital.003
Fra:451 Mem:298.26M (Peak 298.27M) | Time:00:00.38 | Mem:0.00M, Peak:0.00M | Scene, ViewLayer | Synchronizing object | G3R06_projector_bezel
Fra:451 Mem:298.29M (Peak 298.29M) | Time:00:00.38 | Mem:0.00M, Peak:0.00M | Scene, ViewLayer | Synchronizing object | G3R06_projector_housing
Fra:451 Mem:298.31M (Peak 298.31M) | Time:00:00.38 | Mem:0.00M, Peak:0.00M | Scene, ViewLayer | Synchronizing object | G3R06_clamp_fastener.001
Fra:451 Mem:298.31M (Peak 298.31M) | Time:00:00.38 | Mem:0.00M, Peak:0.00M | Scene, ViewLayer | Synchronizing object | G3R06_clamp_fastener
Fra:451 Mem:298.31M (Peak 298.31M) | Time:00:00.38 | Mem:0.00M, Peak:0.00M | Scene, ViewLayer | Synchronizing object | G3R06_projector_stem
Fra:451 Mem:298.33M (Peak 298.33M) | Time:00:00.38 | Mem:0.00M, Peak:0.00M | Scene, ViewLayer | Synchronizing object | Ridge_vent_stanchion.016
Fra:451 Mem:298.32M (Peak 298.33M) | Time:00:00.38 | Mem:0.00M, Peak:0.00M | Scene, ViewLayer | Synchronizing object | Column_base_plinth.012
Fra:451 Mem:298.32M (Peak 298.33M) | Time:00:00.38 | Mem:0.00M, Peak:0.00M | Scene, ViewLayer | Synchronizing object | G3R06_purlin_clamp
Fra:451 Mem:298.35M (Peak 298.35M) | Time:00:00.38 | Mem:0.00M, Peak:0.00M | Scene, ViewLayer | Synchronizing object | Curved_roof_glazing.238
Fra:451 Mem:298.37M (Peak 298.37M) | Time:00:00.38 | Mem:0.00M, Peak:0.00M | Scene, ViewLayer | Synchronizing object | Secondary_glazing_rib.002
Fra:451 Mem:298.43M (Peak 298.43M) | Time:00:00.38 | Mem:0.00M, Peak:0.00M | Scene, ViewLayer | Synchronizing object | Side_wall_glass.045
Fra:451 Mem:298.43M (Peak 298.43M) | Time:00:00.38 | Mem:0.00M, Peak:0.00M | Scene, ViewLayer | Synchronizing object | Wall_transom.021
Fra:451 Mem:298.47M (Peak 298.47M) | Time:00:00.38 | Mem:0.00M, Peak:0.00M | Scene, ViewLayer | Synchronizing object | End_wall_glazing.012
Fra:451 Mem:298.47M (Peak 298.47M) | Time:00:00.38 | Mem:0.00M, Peak:0.00M | Scene, ViewLayer | Synchronizing object | Wall_transom.107
Fra:451 Mem:298.49M (Peak 298.49M) | Time:00:00.38 | Mem:0.00M, Peak:0.00M | Scene, ViewLayer | Synchronizing object | Curved_roof_glazing.251
Fra:451 Mem:298.50M (Peak 298.50M) | Time:00:00.38 | Mem:0.00M, Peak:0.00M | Scene, ViewLayer | Synchronizing object | Curved_roof_glazing.283
Fra:451 Mem:298.51M (Peak 298.51M) | Time:00:00.38 | Mem:0.00M, Peak:0.00M | Scene, ViewLayer | Synchronizing object | Curved_roof_glazing.075
Fra:451 Mem:298.50M (Peak 298.51M) | Time:00:00.38 | Mem:0.00M, Peak:0.00M | Scene, ViewLayer | Synchronizing object | Curved_roof_glazing.123
Fra:451 Mem:298.50M (Peak 298.51M) | Time:00:00.38 | Mem:0.00M, Peak:0.00M | Scene, ViewLayer | Synchronizing object | Curved_roof_glazing.155
Fra:451 Mem:298.51M (Peak 298.51M) | Time:00:00.38 | Mem:0.00M, Peak:0.00M | Scene, ViewLayer | Synchronizing object | Longitudinal_roof_purlin.002
Fra:451 Mem:298.52M (Peak 298.52M) | Time:00:00.38 | Mem:0.00M, Peak:0.00M | Scene, ViewLayer | Synchronizing object | Curved_roof_glazing.184
Fra:451 Mem:298.53M (Peak 298.53M) | Time:00:00.38 | Mem:0.00M, Peak:0.00M | Scene, ViewLayer | Synchronizing object | Curved_roof_glazing.296
Fra:451 Mem:298.54M (Peak 298.54M) | Time:00:00.38 | Mem:0.00M, Peak:0.00M | Scene, ViewLayer | Synchronizing object | Side_wall_glass.094
Fra:451 Mem:298.54M (Peak 298.54M) | Time:00:00.38 | Mem:0.00M, Peak:0.00M | Scene, ViewLayer | Synchronizing object | Curved_roof_glazing.088
Fra:451 Mem:298.56M (Peak 298.56M) | Time:00:00.38 | Mem:0.00M, Peak:0.00M | Scene, ViewLayer | Synchronizing object | Wall_transom.184
Fra:451 Mem:298.54M (Peak 298.56M) | Time:00:00.38 | Mem:0.00M, Peak:0.00M | Scene, ViewLayer | Synchronizing object | Column_base_plinth.011
Fra:451 Mem:298.59M (Peak 298.59M) | Time:00:00.38 | Mem:0.00M, Peak:0.00M | Scene, ViewLayer | Synchronizing object | Curved_roof_glazing.357
Fra:451 Mem:298.58M (Peak 298.59M) | Time:00:00.38 | Mem:0.00M, Peak:0.00M | Scene, ViewLayer | Synchronizing object | Wall_stone_sill.021
Fra:451 Mem:298.59M (Peak 298.59M) | Time:00:00.38 | Mem:0.00M, Peak:0.00M | Scene, ViewLayer | Synchronizing object | Wall_transom.168
Fra:451 Mem:298.64M (Peak 298.64M) | Time:00:00.38 | Mem:0.00M, Peak:0.00M | Scene, ViewLayer | Synchronizing object | Wall_transom.002
Fra:451 Mem:298.63M (Peak 298.64M) | Time:00:00.38 | Mem:0.00M, Peak:0.00M | Scene, ViewLayer | Synchronizing object | Column_base_plinth.002
Fra:451 Mem:298.67M (Peak 298.67M) | Time:00:00.38 | Mem:0.00M, Peak:0.00M | Scene, ViewLayer | Synchronizing object | Curved_roof_glazing.239
Fra:451 Mem:298.67M (Peak 298.67M) | Time:00:00.38 | Mem:0.00M, Peak:0.00M | Scene, ViewLayer | Synchronizing object | End_wall_sill.004
Fra:451 Mem:298.68M (Peak 298.68M) | Time:00:00.38 | Mem:0.00M, Peak:0.00M | Scene, ViewLayer | Synchronizing object | Wall_stone_sill.054
Fra:451 Mem:298.73M (Peak 298.73M) | Time:00:00.38 | Mem:0.00M, Peak:0.00M | Scene, ViewLayer | Synchronizing object | Curved_roof_glazing.252
Fra:451 Mem:298.72M (Peak 298.73M) | Time:00:00.38 | Mem:0.00M, Peak:0.00M | Scene, ViewLayer | Synchronizing object | Curved_roof_glazing.284
Fra:451 Mem:298.73M (Peak 298.73M) | Time:00:00.38 | Mem:0.00M, Peak:0.00M | Scene, ViewLayer | Synchronizing object | Curved_roof_glazing.076
Fra:451 Mem:298.73M (Peak 298.73M) | Time:00:00.38 | Mem:0.00M, Peak:0.00M | Scene, ViewLayer | Synchronizing object | Curved_roof_glazing.124
Fra:451 Mem:298.73M (Peak 298.73M) | Time:00:00.38 | Mem:0.00M, Peak:0.00M | Scene, ViewLayer | Synchronizing object | Curved_roof_glazing.156
Fra:451 Mem:298.73M (Peak 298.73M) | Time:00:00.38 | Mem:0.00M, Peak:0.00M | Scene, ViewLayer | Synchronizing object | Curved_roof_glazing.185
Fra:451 Mem:298.74M (Peak 298.74M) | Time:00:00.38 | Mem:0.00M, Peak:0.00M | Scene, ViewLayer | Synchronizing object | Curved_roof_glazing.297
Fra:451 Mem:298.74M (Peak 298.74M) | Time:00:00.38 | Mem:0.00M, Peak:0.00M | Scene, ViewLayer | Synchronizing object | Curved_roof_glazing.358
Fra:451 Mem:298.75M (Peak 298.75M) | Time:00:00.38 | Mem:0.00M, Peak:0.00M | Scene, ViewLayer | Synchronizing object | Wall_glazing_mullion.014
Fra:451 Mem:298.77M (Peak 298.77M) | Time:00:00.38 | Mem:0.00M, Peak:0.00M | Scene, ViewLayer | Synchronizing object | Wall_transom.098
Fra:451 Mem:298.80M (Peak 298.80M) | Time:00:00.38 | Mem:0.00M, Peak:0.00M | Scene, ViewLayer | Synchronizing object | Wall_transom.134
Fra:451 Mem:298.82M (Peak 298.82M) | Time:00:00.38 | Mem:0.00M, Peak:0.00M | Scene, ViewLayer | Synchronizing object | Wall_transom.028
Fra:451 Mem:298.84M (Peak 298.84M) | Time:00:00.38 | Mem:0.00M, Peak:0.00M | Scene, ViewLayer | Synchronizing object | Wall_transom.072
Fra:451 Mem:298.86M (Peak 298.86M) | Time:00:00.38 | Mem:0.00M, Peak:0.00M | Scene, ViewLayer | Synchronizing object | Ridge_vent_stanchion.017
Fra:451 Mem:298.87M (Peak 298.87M) | Time:00:00.38 | Mem:0.00M, Peak:0.00M | Scene, ViewLayer | Synchronizing object | Secondary_glazing_rib.003
Fra:451 Mem:298.94M (Peak 298.94M) | Time:00:00.38 | Mem:0.00M, Peak:0.00M | Scene, ViewLayer | Synchronizing object | Side_wall_glass.109
Fra:451 Mem:298.94M (Peak 298.94M) | Time:00:00.38 | Mem:0.00M, Peak:0.00M | Scene, ViewLayer | Synchronizing object | Curved_roof_glazing.240
Fra:451 Mem:298.94M (Peak 298.94M) | Time:00:00.38 | Mem:0.00M, Peak:0.00M | Scene, ViewLayer | Synchronizing object | End_wall_glazing.005
Fra:451 Mem:298.96M (Peak 298.96M) | Time:00:00.38 | Mem:0.00M, Peak:0.00M | Scene, ViewLayer | Synchronizing object | Wall_transom.032
Fra:451 Mem:298.96M (Peak 298.96M) | Time:00:00.38 | Mem:0.00M, Peak:0.00M | Scene, ViewLayer | Synchronizing object | Side_wall_glass.112
Fra:451 Mem:298.99M (Peak 298.99M) | Time:00:00.38 | Mem:0.00M, Peak:0.00M | Scene, ViewLayer | Synchronizing object | Curved_roof_glazing.253
Fra:451 Mem:298.98M (Peak 298.99M) | Time:00:00.38 | Mem:0.00M, Peak:0.00M | Scene, ViewLayer | Synchronizing object | Curved_roof_glazing.285
Fra:451 Mem:298.99M (Peak 298.99M) | Time:00:00.38 | Mem:0.00M, Peak:0.00M | Scene, ViewLayer | Synchronizing object | Curved_roof_glazing.077
Fra:451 Mem:299.00M (Peak 299.00M) | Time:00:00.38 | Mem:0.00M, Peak:0.00M | Scene, ViewLayer | Synchronizing object | Curved_roof_glazing.125
Fra:451 Mem:299.00M (Peak 299.00M) | Time:00:00.38 | Mem:0.00M, Peak:0.00M | Scene, ViewLayer | Synchronizing object | Curved_roof_glazing.157
Fra:451 Mem:299.01M (Peak 299.01M) | Time:00:00.38 | Mem:0.00M, Peak:0.00M | Scene, ViewLayer | Synchronizing object | Curved_roof_glazing.186
Fra:451 Mem:299.00M (Peak 299.01M) | Time:00:00.38 | Mem:0.00M, Peak:0.00M | Scene, ViewLayer | Synchronizing object | Curved_roof_glazing.298
Fra:451 Mem:299.00M (Peak 299.01M) | Time:00:00.38 | Mem:0.00M, Peak:0.00M | Scene, ViewLayer | Synchronizing object | Curved_roof_glazing.090
Fra:451 Mem:299.01M (Peak 299.01M) | Time:00:00.38 | Mem:0.00M, Peak:0.00M | Scene, ViewLayer | Synchronizing object | End_wall_sill.009
Fra:451 Mem:299.01M (Peak 299.01M) | Time:00:00.38 | Mem:0.00M, Peak:0.00M | Scene, ViewLayer | Synchronizing object | Wall_transom.147
Fra:451 Mem:299.05M (Peak 299.05M) | Time:00:00.38 | Mem:0.00M, Peak:0.00M | Scene, ViewLayer | Synchronizing object | Curved_roof_glazing.359
Fra:451 Mem:299.05M (Peak 299.05M) | Time:00:00.38 | Mem:0.00M, Peak:0.00M | Scene, ViewLayer | Synchronizing object | Platform_portal_lintel
Fra:451 Mem:299.09M (Peak 299.09M) | Time:00:00.38 | Mem:0.00M, Peak:0.00M | Scene, ViewLayer | Synchronizing object | Side_wall_glass.068
Fra:451 Mem:299.08M (Peak 299.09M) | Time:00:00.38 | Mem:0.00M, Peak:0.00M | Scene, ViewLayer | Synchronizing object | Curved_roof_glazing.241
Fra:451 Mem:299.09M (Peak 299.09M) | Time:00:00.38 | Mem:0.00M, Peak:0.00M | Scene, ViewLayer | Synchronizing object | Wall_transom.015
Fra:451 Mem:299.11M (Peak 299.11M) | Time:00:00.38 | Mem:0.00M, Peak:0.00M | Scene, ViewLayer | Synchronizing object | Wall_stone_sill.056
Fra:451 Mem:299.13M (Peak 299.13M) | Time:00:00.38 | Mem:0.00M, Peak:0.00M | Scene, ViewLayer | Synchronizing object | Wall_transom.127
Fra:451 Mem:299.15M (Peak 299.15M) | Time:00:00.38 | Mem:0.00M, Peak:0.00M | Scene, ViewLayer | Synchronizing object | Column_base_plinth.006
Fra:451 Mem:299.18M (Peak 299.18M) | Time:00:00.38 | Mem:0.00M, Peak:0.00M | Scene, ViewLayer | Synchronizing object | Curved_roof_glazing.254
Fra:451 Mem:299.18M (Peak 299.18M) | Time:00:00.38 | Mem:0.00M, Peak:0.00M | Scene, ViewLayer | Synchronizing object | Curved_roof_glazing.286
Fra:451 Mem:299.19M (Peak 299.19M) | Time:00:00.38 | Mem:0.00M, Peak:0.00M | Scene, ViewLayer | Synchronizing object | Curved_roof_glazing.078
Fra:451 Mem:299.18M (Peak 299.19M) | Time:00:00.38 | Mem:0.00M, Peak:0.00M | Scene, ViewLayer | Synchronizing object | Curved_roof_glazing.126
Fra:451 Mem:299.18M (Peak 299.19M) | Time:00:00.38 | Mem:0.00M, Peak:0.00M | Scene, ViewLayer | Synchronizing object | Curved_roof_glazing.158
Fra:451 Mem:299.19M (Peak 299.19M) | Time:00:00.38 | Mem:0.00M, Peak:0.00M | Scene, ViewLayer | Synchronizing object | Curved_roof_glazing.187
Fra:451 Mem:299.19M (Peak 299.19M) | Time:00:00.38 | Mem:0.00M, Peak:0.00M | Scene, ViewLayer | Synchronizing object | Curved_roof_glazing.299
Fra:451 Mem:299.19M (Peak 299.19M) | Time:00:00.38 | Mem:0.00M, Peak:0.00M | Scene, ViewLayer | Synchronizing object | Side_wall_glass.095
Fra:451 Mem:299.19M (Peak 299.19M) | Time:00:00.38 | Mem:0.00M, Peak:0.00M | Scene, ViewLayer | Synchronizing object | Wall_stone_sill.035
Fra:451 Mem:299.20M (Peak 299.20M) | Time:00:00.38 | Mem:0.00M, Peak:0.00M | Scene, ViewLayer | Synchronizing object | Wall_transom.045
Fra:451 Mem:299.24M (Peak 299.24M) | Time:00:00.38 | Mem:0.00M, Peak:0.00M | Scene, ViewLayer | Synchronizing object | Curved_roof_glazing.091
Fra:451 Mem:299.25M (Peak 299.25M) | Time:00:00.38 | Mem:0.00M, Peak:0.00M | Scene, ViewLayer | Synchronizing object | Wall_glazing_mullion.028
Fra:451 Mem:299.29M (Peak 299.29M) | Time:00:00.38 | Mem:0.00M, Peak:0.00M | Scene, ViewLayer | Synchronizing object | G3R05_arch_wash.001
Fra:451 Mem:299.29M (Peak 299.29M) | Time:00:00.38 | Mem:0.00M, Peak:0.00M | Scene, ViewLayer | Synchronizing object | Curved_roof_glazing.360
Fra:451 Mem:299.29M (Peak 299.29M) | Time:00:00.38 | Mem:0.00M, Peak:0.00M | Scene, ViewLayer | Synchronizing object | G3R05_uplight_lens.001
Fra:451 Mem:299.30M (Peak 299.30M) | Time:00:00.38 | Mem:0.00M, Peak:0.00M | Scene, ViewLayer | Synchronizing object | Wall_transom.049
Fra:451 Mem:299.33M (Peak 299.33M) | Time:00:00.38 | Mem:0.00M, Peak:0.00M | Scene, ViewLayer | Synchronizing object | G3R05_uplight_bezel.001
Fra:451 Mem:299.35M (Peak 299.35M) | Time:00:00.38 | Mem:0.00M, Peak:0.00M | Scene, ViewLayer | Synchronizing object | G3R05_uplight_body.001
Fra:451 Mem:299.36M (Peak 299.36M) | Time:00:00.38 | Mem:0.00M, Peak:0.00M | Scene, ViewLayer | Synchronizing object | G3R05_uplight_foot.001
Fra:451 Mem:299.39M (Peak 299.39M) | Time:00:00.38 | Mem:0.00M, Peak:0.00M | Scene, ViewLayer | Synchronizing object | Wall_transom.037
Fra:451 Mem:299.40M (Peak 299.40M) | Time:00:00.38 | Mem:0.00M, Peak:0.00M | Scene, ViewLayer | Synchronizing object | G3R05_arch_wash
Fra:451 Mem:299.40M (Peak 299.40M) | Time:00:00.38 | Mem:0.00M, Peak:0.00M | Scene, ViewLayer | Synchronizing object | G3R05_uplight_lens
Fra:451 Mem:299.41M (Peak 299.41M) | Time:00:00.38 | Mem:0.00M, Peak:0.00M | Scene, ViewLayer | Synchronizing object | Wall_transom.053
Fra:451 Mem:299.41M (Peak 299.41M) | Time:00:00.38 | Mem:0.00M, Peak:0.00M | Scene, ViewLayer | Synchronizing object | G3R05_uplight_bezel
Fra:451 Mem:299.46M (Peak 299.46M) | Time:00:00.38 | Mem:0.00M, Peak:0.00M | Scene, ViewLayer | Synchronizing object | G3R05_uplight_body
Fra:451 Mem:299.47M (Peak 299.47M) | Time:00:00.38 | Mem:0.00M, Peak:0.00M | Scene, ViewLayer | Synchronizing object | G3R05_uplight_foot
Fra:451 Mem:299.48M (Peak 299.48M) | Time:00:00.38 | Mem:0.00M, Peak:0.00M | Scene, ViewLayer | Synchronizing object | Wall_transom.182
Fra:451 Mem:299.51M (Peak 299.51M) | Time:00:00.38 | Mem:0.00M, Peak:0.00M | Scene, ViewLayer | Synchronizing object | G3R04_right_wall_sconce
Fra:451 Mem:299.51M (Peak 299.51M) | Time:00:00.38 | Mem:0.00M, Peak:0.00M | Scene, ViewLayer | Synchronizing object | G3R04_sconce_cage.003
Fra:451 Mem:299.54M (Peak 299.54M) | Time:00:00.38 | Mem:0.00M, Peak:0.00M | Scene, ViewLayer | Synchronizing object | G3R04_sconce_cage.002
Fra:451 Mem:299.52M (Peak 299.54M) | Time:00:00.38 | Mem:0.00M, Peak:0.00M | Scene, ViewLayer | Synchronizing object | Wall_transom.041
Fra:451 Mem:299.52M (Peak 299.54M) | Time:00:00.38 | Mem:0.00M, Peak:0.00M | Scene, ViewLayer | Synchronizing object | G3R04_sconce_cap.003
Fra:451 Mem:299.56M (Peak 299.56M) | Time:00:00.38 | Mem:0.00M, Peak:0.00M | Scene, ViewLayer | Synchronizing object | Column_capital.012
Fra:451 Mem:299.57M (Peak 299.57M) | Time:00:00.38 | Mem:0.00M, Peak:0.00M | Scene, ViewLayer | Synchronizing object | G3R04_sconce_cap.002
Fra:451 Mem:299.61M (Peak 299.61M) | Time:00:00.38 | Mem:0.00M, Peak:0.00M | Scene, ViewLayer | Synchronizing object | Curved_roof_glazing.242
Fra:451 Mem:299.62M (Peak 299.62M) | Time:00:00.38 | Mem:0.00M, Peak:0.00M | Scene, ViewLayer | Synchronizing object | Primary_elliptical_arch.001
Fra:451 Mem:299.71M (Peak 299.71M) | Time:00:00.38 | Mem:0.00M, Peak:0.00M | Scene, ViewLayer | Synchronizing object | G3R04_opal_diffuser.001
Fra:451 Mem:299.78M (Peak 299.78M) | Time:00:00.38 | Mem:0.00M, Peak:0.00M | Scene, ViewLayer | Synchronizing object | G3R04_sconce_mount.001
Fra:451 Mem:299.77M (Peak 299.78M) | Time:00:00.38 | Mem:0.00M, Peak:0.00M | Scene, ViewLayer | Synchronizing object | Side_wall_glass.116
Fra:451 Mem:299.79M (Peak 299.79M) | Time:00:00.38 | Mem:0.00M, Peak:0.00M | Scene, ViewLayer | Synchronizing object | Wall_stone_sill.019
Fra:451 Mem:299.82M (Peak 299.82M) | Time:00:00.38 | Mem:0.00M, Peak:0.00M | Scene, ViewLayer | Synchronizing object | Curved_roof_glazing.255
Fra:451 Mem:299.83M (Peak 299.83M) | Time:00:00.38 | Mem:0.00M, Peak:0.00M | Scene, ViewLayer | Synchronizing object | Curved_roof_glazing.287
Fra:451 Mem:299.82M (Peak 299.83M) | Time:00:00.38 | Mem:0.00M, Peak:0.00M | Scene, ViewLayer | Synchronizing object | G3R04_sconce_cage.001
Fra:451 Mem:299.83M (Peak 299.83M) | Time:00:00.38 | Mem:0.00M, Peak:0.00M | Scene, ViewLayer | Synchronizing object | Wall_stone_sill.002
Fra:451 Mem:299.85M (Peak 299.85M) | Time:00:00.38 | Mem:0.00M, Peak:0.00M | Scene, ViewLayer | Synchronizing object | G3R04_sconce_cage
Fra:451 Mem:299.85M (Peak 299.85M) | Time:00:00.38 | Mem:0.00M, Peak:0.00M | Scene, ViewLayer | Synchronizing object | G3R04_sconce_cap.001
Fra:451 Mem:299.87M (Peak 299.87M) | Time:00:00.38 | Mem:0.00M, Peak:0.00M | Scene, ViewLayer | Synchronizing object | Column_base_plinth.014
Fra:451 Mem:299.91M (Peak 299.91M) | Time:00:00.38 | Mem:0.00M, Peak:0.00M | Scene, ViewLayer | Synchronizing object | Curved_roof_glazing.079
Fra:451 Mem:299.92M (Peak 299.92M) | Time:00:00.38 | Mem:0.00M, Peak:0.00M | Scene, ViewLayer | Synchronizing object | G3R04_sconce_cap
Fra:451 Mem:299.90M (Peak 299.92M) | Time:00:00.38 | Mem:0.00M, Peak:0.00M | Scene, ViewLayer | Synchronizing object | Curved_roof_glazing.159
Fra:451 Mem:299.91M (Peak 299.92M) | Time:00:00.38 | Mem:0.00M, Peak:0.00M | Scene, ViewLayer | Synchronizing object | Curved_roof_glazing.188
Fra:451 Mem:299.94M (Peak 299.94M) | Time:00:00.38 | Mem:0.00M, Peak:0.00M | Scene, ViewLayer | Synchronizing object | Curved_roof_glazing.300
Fra:451 Mem:299.94M (Peak 299.94M) | Time:00:00.38 | Mem:0.00M, Peak:0.00M | Scene, ViewLayer | Synchronizing object | Wall_transom.177
Fra:451 Mem:299.96M (Peak 299.96M) | Time:00:00.38 | Mem:0.00M, Peak:0.00M | Scene, ViewLayer | Synchronizing object | G3R04_opal_diffuser
Fra:451 Mem:299.98M (Peak 299.98M) | Time:00:00.38 | Mem:0.00M, Peak:0.00M | Scene, ViewLayer | Synchronizing object | Wall_glazing_mullion.029
Fra:451 Mem:300.01M (Peak 300.01M) | Time:00:00.38 | Mem:0.00M, Peak:0.00M | Scene, ViewLayer | Synchronizing object | G3R04_sconce_mount
Fra:451 Mem:300.02M (Peak 300.02M) | Time:00:00.38 | Mem:0.00M, Peak:0.00M | Scene, ViewLayer | Synchronizing object | Column_capital.005
Fra:451 Mem:300.05M (Peak 300.05M) | Time:00:00.38 | Mem:0.00M, Peak:0.00M | Scene, ViewLayer | Synchronizing object | G3R04_splice_hexbolt.015
Fra:451 Mem:300.05M (Peak 300.05M) | Time:00:00.38 | Mem:0.00M, Peak:0.00M | Scene, ViewLayer | Synchronizing object | G3R04_splice_washer.015
Fra:451 Mem:300.06M (Peak 300.06M) | Time:00:00.38 | Mem:0.00M, Peak:0.00M | Scene, ViewLayer | Synchronizing object | Curved_roof_glazing.092
Fra:451 Mem:300.09M (Peak 300.09M) | Time:00:00.38 | Mem:0.00M, Peak:0.00M | Scene, ViewLayer | Synchronizing object | Curved_roof_glazing.361
Fra:451 Mem:300.08M (Peak 300.09M) | Time:00:00.38 | Mem:0.00M, Peak:0.00M | Scene, ViewLayer | Synchronizing object | Hall_door_kickpanel.001
Fra:451 Mem:300.11M (Peak 300.11M) | Time:00:00.38 | Mem:0.00M, Peak:0.00M | Scene, ViewLayer | Synchronizing object | Side_wall_glass.038
Fra:451 Mem:300.11M (Peak 300.11M) | Time:00:00.38 | Mem:0.00M, Peak:0.00M | Scene, ViewLayer | Synchronizing object | Wall_glazing_mullion.005
Fra:451 Mem:300.14M (Peak 300.14M) | Time:00:00.38 | Mem:0.00M, Peak:0.00M | Scene, ViewLayer | Synchronizing object | Wall_transom.066
Fra:451 Mem:300.14M (Peak 300.14M) | Time:00:00.38 | Mem:0.00M, Peak:0.00M | Scene, ViewLayer | Synchronizing object | Column_base_plinth.013
Fra:451 Mem:300.17M (Peak 300.17M) | Time:00:00.38 | Mem:0.00M, Peak:0.00M | Scene, ViewLayer | Synchronizing object | Curved_roof_glazing.243
Fra:451 Mem:300.17M (Peak 300.17M) | Time:00:00.38 | Mem:0.00M, Peak:0.00M | Scene, ViewLayer | Synchronizing object | Wall_transom.022
Fra:451 Mem:300.19M (Peak 300.19M) | Time:00:00.38 | Mem:0.00M, Peak:0.00M | Scene, ViewLayer | Synchronizing object | Side_wall_glass.113
Fra:451 Mem:300.19M (Peak 300.19M) | Time:00:00.38 | Mem:0.00M, Peak:0.00M | Scene, ViewLayer | Synchronizing object | End_wall_mullion.012
Fra:451 Mem:300.22M (Peak 300.22M) | Time:00:00.38 | Mem:0.00M, Peak:0.00M | Scene, ViewLayer | Synchronizing object | Wall_stone_sill.036
Fra:451 Mem:300.24M (Peak 300.24M) | Time:00:00.38 | Mem:0.00M, Peak:0.00M | Scene, ViewLayer | Synchronizing object | Curved_roof_glazing.162
Fra:451 Mem:300.25M (Peak 300.25M) | Time:00:00.38 | Mem:0.00M, Peak:0.00M | Scene, ViewLayer | Synchronizing object | Curved_roof_glazing.256
Fra:451 Mem:300.24M (Peak 300.25M) | Time:00:00.38 | Mem:0.00M, Peak:0.00M | Scene, ViewLayer | Synchronizing object | Curved_roof_glazing.288
Fra:451 Mem:300.24M (Peak 300.25M) | Time:00:00.38 | Mem:0.00M, Peak:0.00M | Scene, ViewLayer | Synchronizing object | Curved_roof_glazing.080
Fra:451 Mem:300.24M (Peak 300.25M) | Time:00:00.38 | Mem:0.00M, Peak:0.00M | Scene, ViewLayer | Synchronizing object | Curved_roof_glazing.128
Fra:451 Mem:300.24M (Peak 300.25M) | Time:00:00.38 | Mem:0.00M, Peak:0.00M | Scene, ViewLayer | Synchronizing object | Curved_roof_glazing.160
Fra:451 Mem:300.25M (Peak 300.25M) | Time:00:00.38 | Mem:0.00M, Peak:0.00M | Scene, ViewLayer | Synchronizing object | Longitudinal_roof_purlin.003
Fra:451 Mem:300.25M (Peak 300.25M) | Time:00:00.38 | Mem:0.00M, Peak:0.00M | Scene, ViewLayer | Synchronizing object | Curved_roof_glazing.189
Fra:451 Mem:300.28M (Peak 300.28M) | Time:00:00.38 | Mem:0.00M, Peak:0.00M | Scene, ViewLayer | Synchronizing object | Curved_roof_glazing.301
Fra:451 Mem:300.30M (Peak 300.30M) | Time:00:00.38 | Mem:0.00M, Peak:0.00M | Scene, ViewLayer | Synchronizing object | Curved_roof_glazing.093
Fra:451 Mem:300.29M (Peak 300.30M) | Time:00:00.38 | Mem:0.00M, Peak:0.00M | Scene, ViewLayer | Synchronizing object | End_wall_glazing.015
Fra:451 Mem:300.29M (Peak 300.30M) | Time:00:00.38 | Mem:0.00M, Peak:0.00M | Scene, ViewLayer | Synchronizing object | Secondary_glazing_rib.006
Fra:451 Mem:300.35M (Peak 300.35M) | Time:00:00.38 | Mem:0.00M, Peak:0.00M | Scene, ViewLayer | Synchronizing object | Secondary_glazing_rib.016
Fra:451 Mem:300.45M (Peak 300.45M) | Time:00:00.39 | Mem:0.00M, Peak:0.00M | Scene, ViewLayer | Synchronizing object | Wall_transom.185
Fra:451 Mem:300.49M (Peak 300.49M) | Time:00:00.39 | Mem:0.00M, Peak:0.00M | Scene, ViewLayer | Synchronizing object | Curved_roof_glazing.362
Fra:451 Mem:300.49M (Peak 300.49M) | Time:00:00.39 | Mem:0.00M, Peak:0.00M | Scene, ViewLayer | Synchronizing object | Wall_transom.118
Fra:451 Mem:300.51M (Peak 300.51M) | Time:00:00.39 | Mem:0.00M, Peak:0.00M | Scene, ViewLayer | Synchronizing object | Wall_glazing_mullion.022
Fra:451 Mem:300.53M (Peak 300.53M) | Time:00:00.39 | Mem:0.00M, Peak:0.00M | Scene, ViewLayer | Synchronizing object | Hall_door_stile
Fra:451 Mem:300.56M (Peak 300.56M) | Time:00:00.39 | Mem:0.00M, Peak:0.00M | Scene, ViewLayer | Synchronizing object | Side_wall_glass.069
Fra:451 Mem:300.56M (Peak 300.56M) | Time:00:00.39 | Mem:0.00M, Peak:0.00M | Scene, ViewLayer | Synchronizing object | Curved_roof_glazing.340
Fra:451 Mem:300.56M (Peak 300.56M) | Time:00:00.39 | Mem:0.00M, Peak:0.00M | Scene, ViewLayer | Synchronizing object | Wall_glazing_mullion.026
Fra:451 Mem:300.56M (Peak 300.56M) | Time:00:00.39 | Mem:0.00M, Peak:0.00M | Scene, ViewLayer | Synchronizing object | Curved_roof_glazing.257
Fra:451 Mem:300.59M (Peak 300.59M) | Time:00:00.39 | Mem:0.00M, Peak:0.00M | Scene, ViewLayer | Synchronizing object | Curved_roof_glazing.289
Fra:451 Mem:300.58M (Peak 300.59M) | Time:00:00.39 | Mem:0.00M, Peak:0.00M | Scene, ViewLayer | Synchronizing object | Wall_glazing_mullion.009
Fra:451 Mem:300.66M (Peak 300.66M) | Time:00:00.39 | Mem:0.00M, Peak:0.00M | Scene, ViewLayer | Synchronizing object | G3R04_splice_washer.014
Fra:451 Mem:300.64M (Peak 300.66M) | Time:00:00.39 | Mem:0.00M, Peak:0.00M | Scene, ViewLayer | Synchronizing object | Curved_roof_glazing.081
Fra:451 Mem:300.65M (Peak 300.66M) | Time:00:00.39 | Mem:0.00M, Peak:0.00M | Scene, ViewLayer | Synchronizing object | Curved_roof_glazing.129
Fra:451 Mem:300.63M (Peak 300.66M) | Time:00:00.39 | Mem:0.00M, Peak:0.00M | Scene, ViewLayer | Synchronizing object | G3R04_splice_hexbolt.013
Fra:451 Mem:300.63M (Peak 300.66M) | Time:00:00.39 | Mem:0.00M, Peak:0.00M | Scene, ViewLayer | Synchronizing object | Curved_roof_glazing.161
Fra:451 Mem:300.63M (Peak 300.66M) | Time:00:00.39 | Mem:0.00M, Peak:0.00M | Scene, ViewLayer | Synchronizing object | G3R04_splice_washer.013
Fra:451 Mem:300.65M (Peak 300.66M) | Time:00:00.39 | Mem:0.00M, Peak:0.00M | Scene, ViewLayer | Synchronizing object | Curved_roof_glazing.190
Fra:451 Mem:300.65M (Peak 300.66M) | Time:00:00.39 | Mem:0.00M, Peak:0.00M | Scene, ViewLayer | Synchronizing object | Curved_roof_glazing.302
Fra:451 Mem:300.65M (Peak 300.66M) | Time:00:00.39 | Mem:0.00M, Peak:0.00M | Scene, ViewLayer | Synchronizing object | G3R04_splice_hexbolt.012
Fra:451 Mem:300.65M (Peak 300.66M) | Time:00:00.39 | Mem:0.00M, Peak:0.00M | Scene, ViewLayer | Synchronizing object | Curved_roof_glazing.094
Fra:451 Mem:300.65M (Peak 300.66M) | Time:00:00.39 | Mem:0.00M, Peak:0.00M | Scene, ViewLayer | Synchronizing object | G3R04_splice_washer.012
Fra:451 Mem:300.67M (Peak 300.67M) | Time:00:00.39 | Mem:0.00M, Peak:0.00M | Scene, ViewLayer | Synchronizing object | G3R04_eave_splice_plate.003
Fra:451 Mem:300.73M (Peak 300.73M) | Time:00:00.39 | Mem:0.00M, Peak:0.00M | Scene, ViewLayer | Synchronizing object | Curved_roof_glazing.363
Fra:451 Mem:300.71M (Peak 300.73M) | Time:00:00.39 | Mem:0.00M, Peak:0.00M | Scene, ViewLayer | Synchronizing object | G3R04_splice_hexbolt.011
Fra:451 Mem:300.71M (Peak 300.73M) | Time:00:00.39 | Mem:0.00M, Peak:0.00M | Scene, ViewLayer | Synchronizing object | G3R04_splice_washer.011
Fra:451 Mem:300.72M (Peak 300.73M) | Time:00:00.39 | Mem:0.00M, Peak:0.00M | Scene, ViewLayer | Synchronizing object | G3R04_splice_hexbolt.010
Fra:451 Mem:300.72M (Peak 300.73M) | Time:00:00.39 | Mem:0.00M, Peak:0.00M | Scene, ViewLayer | Synchronizing object | G3R04_splice_washer.010
Fra:451 Mem:300.73M (Peak 300.73M) | Time:00:00.39 | Mem:0.00M, Peak:0.00M | Scene, ViewLayer | Synchronizing object | G3R04_splice_hexbolt.009
Fra:451 Mem:300.73M (Peak 300.73M) | Time:00:00.39 | Mem:0.00M, Peak:0.00M | Scene, ViewLayer | Synchronizing object | G3R04_splice_washer.009
Fra:451 Mem:300.74M (Peak 300.74M) | Time:00:00.39 | Mem:0.00M, Peak:0.00M | Scene, ViewLayer | Synchronizing object | G3R04_splice_hexbolt.008
Fra:451 Mem:300.75M (Peak 300.75M) | Time:00:00.39 | Mem:0.00M, Peak:0.00M | Scene, ViewLayer | Synchronizing object | G3R04_splice_washer.008
Fra:451 Mem:300.75M (Peak 300.75M) | Time:00:00.39 | Mem:0.00M, Peak:0.00M | Scene, ViewLayer | Synchronizing object | G3R04_eave_splice_plate.002
Fra:451 Mem:300.78M (Peak 300.78M) | Time:00:00.39 | Mem:0.00M, Peak:0.00M | Scene, ViewLayer | Synchronizing object | G3R04_splice_hexbolt.007
Fra:451 Mem:300.78M (Peak 300.78M) | Time:00:00.39 | Mem:0.00M, Peak:0.00M | Scene, ViewLayer | Synchronizing object | G3R04_splice_washer.007
Fra:451 Mem:300.79M (Peak 300.79M) | Time:00:00.39 | Mem:0.00M, Peak:0.00M | Scene, ViewLayer | Synchronizing object | G3R04_splice_hexbolt.006
Fra:451 Mem:300.79M (Peak 300.79M) | Time:00:00.39 | Mem:0.00M, Peak:0.00M | Scene, ViewLayer | Synchronizing object | G3R04_splice_washer.006
Fra:451 Mem:300.80M (Peak 300.80M) | Time:00:00.39 | Mem:0.00M, Peak:0.00M | Scene, ViewLayer | Synchronizing object | G3R04_splice_hexbolt.005
Fra:451 Mem:300.80M (Peak 300.80M) | Time:00:00.39 | Mem:0.00M, Peak:0.00M | Scene, ViewLayer | Synchronizing object | G3R04_splice_washer.005
Fra:451 Mem:300.81M (Peak 300.81M) | Time:00:00.39 | Mem:0.00M, Peak:0.00M | Scene, ViewLayer | Synchronizing object | G3R04_splice_hexbolt.004
Fra:451 Mem:300.81M (Peak 300.81M) | Time:00:00.39 | Mem:0.00M, Peak:0.00M | Scene, ViewLayer | Synchronizing object | G3R04_splice_washer.004
Fra:451 Mem:300.82M (Peak 300.82M) | Time:00:00.39 | Mem:0.00M, Peak:0.00M | Scene, ViewLayer | Synchronizing object | G3R04_eave_splice_plate.001
Fra:451 Mem:300.84M (Peak 300.84M) | Time:00:00.39 | Mem:0.00M, Peak:0.00M | Scene, ViewLayer | Synchronizing object | G3R04_splice_hexbolt.003
Fra:451 Mem:300.84M (Peak 300.84M) | Time:00:00.39 | Mem:0.00M, Peak:0.00M | Scene, ViewLayer | Synchronizing object | G3R04_splice_washer.003
Fra:451 Mem:300.85M (Peak 300.85M) | Time:00:00.39 | Mem:0.00M, Peak:0.00M | Scene, ViewLayer | Synchronizing object | G3R04_splice_hexbolt.002
Fra:451 Mem:300.85M (Peak 300.85M) | Time:00:00.39 | Mem:0.00M, Peak:0.00M | Scene, ViewLayer | Synchronizing object | G3R04_splice_washer.002
Fra:451 Mem:300.86M (Peak 300.86M) | Time:00:00.39 | Mem:0.00M, Peak:0.00M | Scene, ViewLayer | Synchronizing object | G3R04_splice_hexbolt.001
Fra:451 Mem:300.86M (Peak 300.86M) | Time:00:00.39 | Mem:0.00M, Peak:0.00M | Scene, ViewLayer | Synchronizing object | G3R04_splice_washer.001
Fra:451 Mem:300.87M (Peak 300.87M) | Time:00:00.39 | Mem:0.00M, Peak:0.00M | Scene, ViewLayer | Synchronizing object | G3R04_splice_hexbolt
Fra:451 Mem:300.88M (Peak 300.88M) | Time:00:00.39 | Mem:0.00M, Peak:0.00M | Scene, ViewLayer | Synchronizing object | G3R04_splice_washer
Fra:451 Mem:300.88M (Peak 300.88M) | Time:00:00.39 | Mem:0.00M, Peak:0.00M | Scene, ViewLayer | Synchronizing object | G3R04_eave_splice_plate
Fra:451 Mem:300.91M (Peak 300.91M) | Time:00:00.39 | Mem:0.00M, Peak:0.00M | Scene, ViewLayer | Synchronizing object | G3R03_threshold_countersink.001
Fra:451 Mem:300.91M (Peak 300.91M) | Time:00:00.39 | Mem:0.00M, Peak:0.00M | Scene, ViewLayer | Synchronizing object | G3R03_threshold_countersink
Fra:451 Mem:300.92M (Peak 300.92M) | Time:00:00.39 | Mem:0.00M, Peak:0.00M | Scene, ViewLayer | Synchronizing object | G3R03_door_light_diffuser
Fra:451 Mem:300.94M (Peak 300.94M) | Time:00:00.39 | Mem:0.00M, Peak:0.00M | Scene, ViewLayer | Synchronizing object | G3R03_door_light_rim
Fra:451 Mem:300.97M (Peak 300.97M) | Time:00:00.39 | Mem:0.00M, Peak:0.00M | Scene, ViewLayer | Synchronizing object | G3R03_ceiling_cornice.001
Fra:451 Mem:300.99M (Peak 300.99M) | Time:00:00.39 | Mem:0.00M, Peak:0.00M | Scene, ViewLayer | Synchronizing object | G3R03_ceiling_cornice
Fra:451 Mem:301.02M (Peak 301.02M) | Time:00:00.39 | Mem:0.00M, Peak:0.00M | Scene, ViewLayer | Synchronizing object | Wall_stone_sill.033
Fra:451 Mem:301.07M (Peak 301.07M) | Time:00:00.39 | Mem:0.00M, Peak:0.00M | Scene, ViewLayer | Synchronizing object | Wall_transom.085
Fra:451 Mem:301.06M (Peak 301.07M) | Time:00:00.39 | Mem:0.00M, Peak:0.00M | Scene, ViewLayer | Synchronizing object | Wall_transom.043
Fra:451 Mem:301.12M (Peak 301.12M) | Time:00:00.39 | Mem:0.00M, Peak:0.00M | Scene, ViewLayer | Synchronizing object | Wall_transom.073
Fra:451 Mem:301.11M (Peak 301.12M) | Time:00:00.39 | Mem:0.00M, Peak:0.00M | Scene, ViewLayer | Synchronizing object | End_wall_sill.012
Fra:451 Mem:301.16M (Peak 301.16M) | Time:00:00.39 | Mem:0.00M, Peak:0.00M | Scene, ViewLayer | Synchronizing object | Curved_roof_glazing.341
Fra:451 Mem:301.15M (Peak 301.16M) | Time:00:00.39 | Mem:0.00M, Peak:0.00M | Scene, ViewLayer | Synchronizing object | Wall_transom.059
Fra:451 Mem:301.16M (Peak 301.16M) | Time:00:00.39 | Mem:0.00M, Peak:0.00M | Scene, ViewLayer | Synchronizing object | Side_wall_glass.005
Fra:451 Mem:301.19M (Peak 301.19M) | Time:00:00.39 | Mem:0.00M, Peak:0.00M | Scene, ViewLayer | Synchronizing object | Curved_roof_glazing.258
Fra:451 Mem:301.18M (Peak 301.19M) | Time:00:00.39 | Mem:0.00M, Peak:0.00M | Scene, ViewLayer | Synchronizing object | Curved_roof_glazing.290
Fra:451 Mem:301.19M (Peak 301.19M) | Time:00:00.39 | Mem:0.00M, Peak:0.00M | Scene, ViewLayer | Synchronizing object | Secondary_glazing_rib.005
Fra:451 Mem:301.26M (Peak 301.26M) | Time:00:00.39 | Mem:0.00M, Peak:0.00M | Scene, ViewLayer | Synchronizing object | Curved_roof_glazing.082
Fra:451 Mem:301.26M (Peak 301.26M) | Time:00:00.39 | Mem:0.00M, Peak:0.00M | Scene, ViewLayer | Synchronizing object | Curved_roof_glazing.130
Fra:451 Mem:301.26M (Peak 301.26M) | Time:00:00.39 | Mem:0.00M, Peak:0.00M | Scene, ViewLayer | Synchronizing object | Curved_roof_glazing.191
Fra:451 Mem:301.29M (Peak 301.29M) | Time:00:00.39 | Mem:0.00M, Peak:0.00M | Scene, ViewLayer | Synchronizing object | Curved_roof_glazing.303
Fra:451 Mem:301.28M (Peak 301.29M) | Time:00:00.39 | Mem:0.00M, Peak:0.00M | Scene, ViewLayer | Synchronizing object | Side_wall_glass.071
Fra:451 Mem:301.28M (Peak 301.29M) | Time:00:00.39 | Mem:0.00M, Peak:0.00M | Scene, ViewLayer | Synchronizing object | Curved_roof_glazing.095
Fra:451 Mem:301.28M (Peak 301.29M) | Time:00:00.39 | Mem:0.00M, Peak:0.00M | Scene, ViewLayer | Synchronizing object | Wall_glazing_mullion.012
Fra:451 Mem:301.29M (Peak 301.29M) | Time:00:00.39 | Mem:0.00M, Peak:0.00M | Scene, ViewLayer | Synchronizing object | Wall_stone_sill.048
Fra:451 Mem:301.34M (Peak 301.34M) | Time:00:00.39 | Mem:0.00M, Peak:0.00M | Scene, ViewLayer | Synchronizing object | Curved_roof_glazing.364
Fra:451 Mem:301.33M (Peak 301.34M) | Time:00:00.39 | Mem:0.00M, Peak:0.00M | Scene, ViewLayer | Synchronizing object | Secondary_glazing_rib.013
Fra:451 Mem:301.33M (Peak 301.34M) | Time:00:00.39 | Mem:0.00M, Peak:0.00M | Scene, ViewLayer | Synchronizing object | Wall_glazing_mullion.015
Fra:451 Mem:301.45M (Peak 301.45M) | Time:00:00.39 | Mem:0.00M, Peak:0.00M | Scene, ViewLayer | Synchronizing object | Curved_roof_glazing.342
Fra:451 Mem:301.45M (Peak 301.45M) | Time:00:00.39 | Mem:0.00M, Peak:0.00M | Scene, ViewLayer | Synchronizing object | Wall_transom.128
Fra:451 Mem:301.45M (Peak 301.45M) | Time:00:00.39 | Mem:0.00M, Peak:0.00M | Scene, ViewLayer | Synchronizing object | Wall_transom.024
Fra:451 Mem:301.49M (Peak 301.49M) | Time:00:00.39 | Mem:0.00M, Peak:0.00M | Scene, ViewLayer | Synchronizing object | Side_wall_glass.004
Fra:451 Mem:301.49M (Peak 301.49M) | Time:00:00.39 | Mem:0.00M, Peak:0.00M | Scene, ViewLayer | Synchronizing object | Curved_roof_glazing.259
Fra:451 Mem:301.50M (Peak 301.50M) | Time:00:00.39 | Mem:0.00M, Peak:0.00M | Scene, ViewLayer | Synchronizing object | Curved_roof_glazing.291
Fra:451 Mem:301.53M (Peak 301.53M) | Time:00:00.39 | Mem:0.00M, Peak:0.00M | Scene, ViewLayer | Synchronizing object | Curved_roof_glazing.163
Fra:451 Mem:301.52M (Peak 301.53M) | Time:00:00.39 | Mem:0.00M, Peak:0.00M | Scene, ViewLayer | Synchronizing object | Curved_roof_glazing.083
Fra:451 Mem:301.53M (Peak 301.53M) | Time:00:00.39 | Mem:0.00M, Peak:0.00M | Scene, ViewLayer | Synchronizing object | Curved_roof_glazing.131
Fra:451 Mem:301.54M (Peak 301.54M) | Time:00:00.39 | Mem:0.00M, Peak:0.00M | Scene, ViewLayer | Synchronizing object | Curved_roof_glazing.192
Fra:451 Mem:301.55M (Peak 301.55M) | Time:00:00.39 | Mem:0.00M, Peak:0.00M | Scene, ViewLayer | Synchronizing object | Curved_roof_glazing.304
Fra:451 Mem:301.54M (Peak 301.55M) | Time:00:00.39 | Mem:0.00M, Peak:0.00M | Scene, ViewLayer | Synchronizing object | Wall_transom.046
Fra:451 Mem:301.54M (Peak 301.55M) | Time:00:00.39 | Mem:0.00M, Peak:0.00M | Scene, ViewLayer | Synchronizing object | Wall_transom.139
Fra:451 Mem:301.61M (Peak 301.61M) | Time:00:00.39 | Mem:0.00M, Peak:0.00M | Scene, ViewLayer | Synchronizing object | Curved_roof_glazing.096
Fra:451 Mem:301.59M (Peak 301.61M) | Time:00:00.39 | Mem:0.00M, Peak:0.00M | Scene, ViewLayer | Synchronizing object | Side_wall_glass.100
Fra:451 Mem:301.59M (Peak 301.61M) | Time:00:00.39 | Mem:0.00M, Peak:0.00M | Scene, ViewLayer | Synchronizing object | Curved_roof_glazing.365
Fra:451 Mem:301.59M (Peak 301.61M) | Time:00:00.39 | Mem:0.00M, Peak:0.00M | Scene, ViewLayer | Synchronizing object | Wall_transom.050
Fra:451 Mem:301.59M (Peak 301.61M) | Time:00:00.39 | Mem:0.00M, Peak:0.00M | Scene, ViewLayer | Synchronizing object | Side_wall_glass.066
Fra:451 Mem:301.62M (Peak 301.62M) | Time:00:00.39 | Mem:0.00M, Peak:0.00M | Scene, ViewLayer | Synchronizing object | Wall_transom.038
Fra:451 Mem:301.65M (Peak 301.65M) | Time:00:00.39 | Mem:0.00M, Peak:0.00M | Scene, ViewLayer | Synchronizing object | Wall_transom.135
Fra:451 Mem:301.66M (Peak 301.66M) | Time:00:00.39 | Mem:0.00M, Peak:0.00M | Scene, ViewLayer | Synchronizing object | Wall_stone_sill.018
Fra:451 Mem:301.69M (Peak 301.69M) | Time:00:00.39 | Mem:0.00M, Peak:0.00M | Scene, ViewLayer | Synchronizing object | Wall_transom.183
Fra:451 Mem:301.72M (Peak 301.72M) | Time:00:00.39 | Mem:0.00M, Peak:0.00M | Scene, ViewLayer | Synchronizing object | End_wall_glazing.013
Fra:451 Mem:301.71M (Peak 301.72M) | Time:00:00.39 | Mem:0.00M, Peak:0.00M | Scene, ViewLayer | Synchronizing object | Curved_roof_glazing.343
Fra:451 Mem:301.71M (Peak 301.72M) | Time:00:00.39 | Mem:0.00M, Peak:0.00M | Scene, ViewLayer | Synchronizing object | Portal_transom_mullion.001
Fra:451 Mem:301.74M (Peak 301.74M) | Time:00:00.39 | Mem:0.00M, Peak:0.00M | Scene, ViewLayer | Synchronizing object | Primary_elliptical_arch.005
Fra:451 Mem:301.85M (Peak 301.85M) | Time:00:00.39 | Mem:0.00M, Peak:0.00M | Scene, ViewLayer | Synchronizing object | Wall_stone_sill.057
Fra:451 Mem:301.91M (Peak 301.91M) | Time:00:00.39 | Mem:0.00M, Peak:0.00M | Scene, ViewLayer | Synchronizing object | Wall_stone_sill.061
Fra:451 Mem:301.92M (Peak 301.92M) | Time:00:00.39 | Mem:0.00M, Peak:0.00M | Scene, ViewLayer | Synchronizing object | G3R03_vestibule_cream_ceiling
Fra:451 Mem:301.94M (Peak 301.94M) | Time:00:00.39 | Mem:0.00M, Peak:0.00M | Scene, ViewLayer | Synchronizing object | Primary_elliptical_arch.004
Fra:451 Mem:302.05M (Peak 302.05M) | Time:00:00.39 | Mem:0.00M, Peak:0.00M | Scene, ViewLayer | Synchronizing object | G3R03_panel_vertical_stile.004
Fra:451 Mem:302.09M (Peak 302.09M) | Time:00:00.39 | Mem:0.00M, Peak:0.00M | Scene, ViewLayer | Synchronizing object | Side_wall_glass.013
Fra:451 Mem:302.11M (Peak 302.11M) | Time:00:00.39 | Mem:0.00M, Peak:0.00M | Scene, ViewLayer | Synchronizing object | End_wall_glazing.016
Fra:451 Mem:302.10M (Peak 302.11M) | Time:00:00.39 | Mem:0.00M, Peak:0.00M | Scene, ViewLayer | Synchronizing object | Side_wall_glass.088
Fra:451 Mem:302.10M (Peak 302.11M) | Time:00:00.39 | Mem:0.00M, Peak:0.00M | Scene, ViewLayer | Synchronizing object | Curved_roof_glazing.260
Fra:451 Mem:302.12M (Peak 302.12M) | Time:00:00.39 | Mem:0.00M, Peak:0.00M | Scene, ViewLayer | Synchronizing object | G3R03_panel_vertical_stile.002
Fra:451 Mem:302.15M (Peak 302.15M) | Time:00:00.39 | Mem:0.00M, Peak:0.00M | Scene, ViewLayer | Synchronizing object | G3R03_panel_vertical_stile.001
Fra:451 Mem:302.18M (Peak 302.18M) | Time:00:00.39 | Mem:0.00M, Peak:0.00M | Scene, ViewLayer | Synchronizing object | G3R03_panel_vertical_stile
Fra:451 Mem:302.21M (Peak 302.21M) | Time:00:00.39 | Mem:0.00M, Peak:0.00M | Scene, ViewLayer | Synchronizing object | G3R03_panel_horizontal_bead.007
Fra:451 Mem:302.23M (Peak 302.23M) | Time:00:00.39 | Mem:0.00M, Peak:0.00M | Scene, ViewLayer | Synchronizing object | G3R03_panel_horizontal_bead.006
Fra:451 Mem:302.25M (Peak 302.25M) | Time:00:00.39 | Mem:0.00M, Peak:0.00M | Scene, ViewLayer | Synchronizing object | G3R03_wood_recess_panel.003
Fra:451 Mem:302.28M (Peak 302.28M) | Time:00:00.39 | Mem:0.00M, Peak:0.00M | Scene, ViewLayer | Synchronizing object | G3R03_panel_horizontal_bead.005
Fra:451 Mem:302.31M (Peak 302.31M) | Time:00:00.39 | Mem:0.00M, Peak:0.00M | Scene, ViewLayer | Synchronizing object | Curved_roof_glazing.193
Fra:451 Mem:302.31M (Peak 302.31M) | Time:00:00.39 | Mem:0.00M, Peak:0.00M | Scene, ViewLayer | Synchronizing object | Curved_roof_glazing.305
Fra:451 Mem:302.31M (Peak 302.31M) | Time:00:00.39 | Mem:0.00M, Peak:0.00M | Scene, ViewLayer | Synchronizing object | Wall_stone_sill.058
Fra:451 Mem:302.34M (Peak 302.34M) | Time:00:00.39 | Mem:0.00M, Peak:0.00M | Scene, ViewLayer | Synchronizing object | G3R03_panel_horizontal_bead.004
Fra:451 Mem:302.38M (Peak 302.38M) | Time:00:00.39 | Mem:0.00M, Peak:0.00M | Scene, ViewLayer | Synchronizing object | Curved_roof_glazing.097
Fra:451 Mem:302.36M (Peak 302.38M) | Time:00:00.39 | Mem:0.00M, Peak:0.00M | Scene, ViewLayer | Synchronizing object | G3R03_wood_recess_panel.002
Fra:451 Mem:302.36M (Peak 302.38M) | Time:00:00.39 | Mem:0.00M, Peak:0.00M | Scene, ViewLayer | Synchronizing object | Curved_roof_glazing.366
Fra:451 Mem:302.39M (Peak 302.39M) | Time:00:00.39 | Mem:0.00M, Peak:0.00M | Scene, ViewLayer | Synchronizing object | Secondary_glazing_rib.008
Fra:451 Mem:302.46M (Peak 302.46M) | Time:00:00.39 | Mem:0.00M, Peak:0.00M | Scene, ViewLayer | Synchronizing object | G3R03_panel_horizontal_bead.003
Fra:451 Mem:302.50M (Peak 302.50M) | Time:00:00.39 | Mem:0.00M, Peak:0.00M | Scene, ViewLayer | Synchronizing object | Curved_roof_glazing.344
Fra:451 Mem:302.50M (Peak 302.50M) | Time:00:00.39 | Mem:0.00M, Peak:0.00M | Scene, ViewLayer | Synchronizing object | Wall_glazing_mullion.020
Fra:451 Mem:302.53M (Peak 302.53M) | Time:00:00.39 | Mem:0.00M, Peak:0.00M | Scene, ViewLayer | Synchronizing object | G3R03_panel_horizontal_bead.002
Fra:451 Mem:302.55M (Peak 302.55M) | Time:00:00.39 | Mem:0.00M, Peak:0.00M | Scene, ViewLayer | Synchronizing object | Load_column.010
Fra:451 Mem:302.56M (Peak 302.56M) | Time:00:00.39 | Mem:0.00M, Peak:0.00M | Scene, ViewLayer | Synchronizing object | Side_wall_glass.118
Fra:451 Mem:302.56M (Peak 302.56M) | Time:00:00.39 | Mem:0.00M, Peak:0.00M | Scene, ViewLayer | Synchronizing object | Side_wall_glass.126
Fra:451 Mem:302.57M (Peak 302.57M) | Time:00:00.39 | Mem:0.00M, Peak:0.00M | Scene, ViewLayer | Synchronizing object | Wall_transom.035
Fra:451 Mem:302.58M (Peak 302.58M) | Time:00:00.39 | Mem:0.00M, Peak:0.00M | Scene, ViewLayer | Synchronizing object | G3R03_wood_recess_panel.001
Fra:451 Mem:302.66M (Peak 302.66M) | Time:00:00.39 | Mem:0.00M, Peak:0.00M | Scene, ViewLayer | Synchronizing object | Curved_roof_glazing.261
Fra:451 Mem:302.62M (Peak 302.66M) | Time:00:00.39 | Mem:0.00M, Peak:0.00M | Scene, ViewLayer | Synchronizing object | G3R03_panel_horizontal_bead.001
Fra:451 Mem:302.64M (Peak 302.66M) | Time:00:00.39 | Mem:0.00M, Peak:0.00M | Scene, ViewLayer | Synchronizing object | Ridge_vent_cap
Fra:451 Mem:302.68M (Peak 302.68M) | Time:00:00.39 | Mem:0.00M, Peak:0.00M | Scene, ViewLayer | Synchronizing object | Wall_transom.089
Fra:451 Mem:302.71M (Peak 302.71M) | Time:00:00.39 | Mem:0.00M, Peak:0.00M | Scene, ViewLayer | Synchronizing object | G3R03_panel_horizontal_bead
Fra:451 Mem:302.73M (Peak 302.73M) | Time:00:00.39 | Mem:0.00M, Peak:0.00M | Scene, ViewLayer | Synchronizing object | Ridge_vent_stanchion.002
Fra:451 Mem:302.74M (Peak 302.74M) | Time:00:00.40 | Mem:0.00M, Peak:0.00M | Scene, ViewLayer | Synchronizing object | Side_wall_glass.034
Fra:451 Mem:302.73M (Peak 302.74M) | Time:00:00.40 | Mem:0.00M, Peak:0.00M | Scene, ViewLayer | Synchronizing object | Curved_roof_glazing.194
Fra:451 Mem:302.75M (Peak 302.75M) | Time:00:00.40 | Mem:0.00M, Peak:0.00M | Scene, ViewLayer | Synchronizing object | Curved_roof_glazing.306
Fra:451 Mem:302.73M (Peak 302.75M) | Time:00:00.40 | Mem:0.00M, Peak:0.00M | Scene, ViewLayer | Synchronizing object | G3R03_wood_recess_panel
Fra:451 Mem:302.73M (Peak 302.75M) | Time:00:00.40 | Mem:0.00M, Peak:0.00M | Scene, ViewLayer | Synchronizing object | Curved_roof_glazing.098
Fra:451 Mem:302.76M (Peak 302.76M) | Time:00:00.40 | Mem:0.00M, Peak:0.00M | Scene, ViewLayer | Synchronizing object | End_wall_mullion.015
Fra:451 Mem:302.81M (Peak 302.81M) | Time:00:00.40 | Mem:0.00M, Peak:0.00M | Scene, ViewLayer | Synchronizing object | G3_pendant_light
Fra:451 Mem:302.79M (Peak 302.81M) | Time:00:00.40 | Mem:0.00M, Peak:0.00M | Scene, ViewLayer | Synchronizing object | G3_pendant_diffuser
Fra:451 Mem:302.78M (Peak 302.81M) | Time:00:00.40 | Mem:0.00M, Peak:0.00M | Scene, ViewLayer | Synchronizing object | Wall_glazing_mullion.013
Fra:451 Mem:302.82M (Peak 302.82M) | Time:00:00.40 | Mem:0.00M, Peak:0.00M | Scene, ViewLayer | Synchronizing object | G3_pendant_shade
Fra:451 Mem:302.87M (Peak 302.87M) | Time:00:00.40 | Mem:0.00M, Peak:0.00M | Scene, ViewLayer | Synchronizing object | G3_pendant_drop
Fra:451 Mem:302.88M (Peak 302.88M) | Time:00:00.40 | Mem:0.00M, Peak:0.00M | Scene, ViewLayer | Synchronizing object | G3_door_practical
Fra:451 Mem:302.88M (Peak 302.88M) | Time:00:00.40 | Mem:0.00M, Peak:0.00M | Scene, ViewLayer | Synchronizing object | G3_cafe_practical
Fra:451 Mem:302.88M (Peak 302.88M) | Time:00:00.40 | Mem:0.00M, Peak:0.00M | Scene, ViewLayer | Synchronizing object | G3_window_rim
Fra:451 Mem:302.88M (Peak 302.88M) | Time:00:00.40 | Mem:0.00M, Peak:0.00M | Scene, ViewLayer | Synchronizing object | G3_interior_softbox
Fra:451 Mem:302.88M (Peak 302.88M) | Time:00:00.40 | Mem:0.00M, Peak:0.00M | Scene, ViewLayer | Synchronizing object | G3_night_sky
Fra:451 Mem:302.88M (Peak 302.88M) | Time:00:00.40 | Mem:0.00M, Peak:0.00M | Scene, ViewLayer | Synchronizing object | G3_threshold_traction_groove.006
Fra:451 Mem:302.94M (Peak 302.94M) | Time:00:00.40 | Mem:0.00M, Peak:0.00M | Scene, ViewLayer | Synchronizing object | Column_capital.011
Fra:451 Mem:302.93M (Peak 302.94M) | Time:00:00.40 | Mem:0.00M, Peak:0.00M | Scene, ViewLayer | Synchronizing object | G3_threshold_traction_groove.005
Fra:451 Mem:302.97M (Peak 302.97M) | Time:00:00.40 | Mem:0.00M, Peak:0.00M | Scene, ViewLayer | Synchronizing object | Curved_roof_glazing.367
Fra:451 Mem:302.97M (Peak 302.97M) | Time:00:00.40 | Mem:0.00M, Peak:0.00M | Scene, ViewLayer | Synchronizing object | G3_threshold_traction_groove.004
Fra:451 Mem:302.98M (Peak 302.98M) | Time:00:00.40 | Mem:0.00M, Peak:0.00M | Scene, ViewLayer | Synchronizing object | Wall_transom.119
Fra:451 Mem:303.04M (Peak 303.04M) | Time:00:00.40 | Mem:0.00M, Peak:0.00M | Scene, ViewLayer | Synchronizing object | G3_threshold_traction_groove.003
Fra:451 Mem:303.03M (Peak 303.04M) | Time:00:00.40 | Mem:0.00M, Peak:0.00M | Scene, ViewLayer | Synchronizing object | Side_wall_glass.067
Fra:451 Mem:303.04M (Peak 303.04M) | Time:00:00.40 | Mem:0.00M, Peak:0.00M | Scene, ViewLayer | Synchronizing object | Side_wall_glass.091
Fra:451 Mem:303.05M (Peak 303.05M) | Time:00:00.40 | Mem:0.00M, Peak:0.00M | Scene, ViewLayer | Synchronizing object | Wall_glazing_mullion.016
Fra:451 Mem:303.07M (Peak 303.07M) | Time:00:00.40 | Mem:0.00M, Peak:0.00M | Scene, ViewLayer | Synchronizing object | G3_threshold_traction_groove.002
Fra:451 Mem:303.09M (Peak 303.09M) | Time:00:00.40 | Mem:0.00M, Peak:0.00M | Scene, ViewLayer | Synchronizing object | Wall_transom.102
Fra:451 Mem:303.09M (Peak 303.09M) | Time:00:00.40 | Mem:0.00M, Peak:0.00M | Scene, ViewLayer | Synchronizing object | G3_threshold_traction_groove.001
Fra:451 Mem:303.13M (Peak 303.13M) | Time:00:00.40 | Mem:0.00M, Peak:0.00M | Scene, ViewLayer | Synchronizing object | G3_threshold_traction_groove
Fra:451 Mem:303.16M (Peak 303.16M) | Time:00:00.40 | Mem:0.00M, Peak:0.00M | Scene, ViewLayer | Synchronizing object | Wall_stone_sill.014
Fra:451 Mem:303.18M (Peak 303.18M) | Time:00:00.40 | Mem:0.00M, Peak:0.00M | Scene, ViewLayer | Synchronizing object | G3_kickplate_fastener.007
Fra:451 Mem:303.19M (Peak 303.19M) | Time:00:00.40 | Mem:0.00M, Peak:0.00M | Scene, ViewLayer | Synchronizing object | G3_kickplate_fastener.006
Fra:451 Mem:303.18M (Peak 303.19M) | Time:00:00.40 | Mem:0.00M, Peak:0.00M | Scene, ViewLayer | Synchronizing object | Curved_roof_glazing.345
Fra:451 Mem:303.19M (Peak 303.19M) | Time:00:00.40 | Mem:0.00M, Peak:0.00M | Scene, ViewLayer | Synchronizing object | G3_kickplate_fastener.005
Fra:451 Mem:303.19M (Peak 303.19M) | Time:00:00.40 | Mem:0.00M, Peak:0.00M | Scene, ViewLayer | Synchronizing object | Secondary_glazing_rib.011
Fra:451 Mem:303.21M (Peak 303.21M) | Time:00:00.40 | Mem:0.00M, Peak:0.00M | Scene, ViewLayer | Synchronizing object | G3_kickplate_fastener.004
Fra:451 Mem:303.26M (Peak 303.26M) | Time:00:00.40 | Mem:0.00M, Peak:0.00M | Scene, ViewLayer | Synchronizing object | G3_door_lower_kickplate.001
Fra:451 Mem:303.31M (Peak 303.31M) | Time:00:00.40 | Mem:0.00M, Peak:0.00M | Scene, ViewLayer | Synchronizing object | Longitudinal_roof_purlin.011
Fra:451 Mem:303.33M (Peak 303.33M) | Time:00:00.40 | Mem:0.00M, Peak:0.00M | Scene, ViewLayer | Synchronizing object | G3_door_carriage_roller.003
Fra:451 Mem:303.34M (Peak 303.34M) | Time:00:00.40 | Mem:0.00M, Peak:0.00M | Scene, ViewLayer | Synchronizing object | G3_door_roller_bracket.003
Fra:451 Mem:303.37M (Peak 303.37M) | Time:00:00.40 | Mem:0.00M, Peak:0.00M | Scene, ViewLayer | Synchronizing object | Curved_roof_glazing.262
Fra:451 Mem:303.37M (Peak 303.37M) | Time:00:00.40 | Mem:0.00M, Peak:0.00M | Scene, ViewLayer | Synchronizing object | Load_column.008
Fra:451 Mem:303.36M (Peak 303.37M) | Time:00:00.40 | Mem:0.00M, Peak:0.00M | Scene, ViewLayer | Synchronizing object | G3_door_carriage_roller.002
Fra:451 Mem:303.36M (Peak 303.37M) | Time:00:00.40 | Mem:0.00M, Peak:0.00M | Scene, ViewLayer | Synchronizing object | Side_wall_glass.035
Fra:451 Mem:303.37M (Peak 303.37M) | Time:00:00.40 | Mem:0.00M, Peak:0.00M | Scene, ViewLayer | Synchronizing object | Curved_roof_glazing.195
Fra:451 Mem:303.37M (Peak 303.37M) | Time:00:00.40 | Mem:0.00M, Peak:0.00M | Scene, ViewLayer | Synchronizing object | Curved_roof_glazing.307
Fra:451 Mem:303.38M (Peak 303.38M) | Time:00:00.40 | Mem:0.00M, Peak:0.00M | Scene, ViewLayer | Synchronizing object | Side_wall_glass.097
Fra:451 Mem:303.38M (Peak 303.38M) | Time:00:00.40 | Mem:0.00M, Peak:0.00M | Scene, ViewLayer | Synchronizing object | Curved_roof_glazing.099
Fra:451 Mem:303.39M (Peak 303.39M) | Time:00:00.40 | Mem:0.00M, Peak:0.00M | Scene, ViewLayer | Synchronizing object | Side_wall_glass.101
Fra:451 Mem:303.39M (Peak 303.39M) | Time:00:00.40 | Mem:0.00M, Peak:0.00M | Scene, ViewLayer | Synchronizing object | Curved_roof_glazing.368
Fra:451 Mem:303.39M (Peak 303.39M) | Time:00:00.40 | Mem:0.00M, Peak:0.00M | Scene, ViewLayer | Synchronizing object | Wall_glazing_mullion.027
Fra:451 Mem:303.39M (Peak 303.39M) | Time:00:00.40 | Mem:0.00M, Peak:0.00M | Scene, ViewLayer | Synchronizing object | Side_wall_glass.036
Fra:451 Mem:303.42M (Peak 303.42M) | Time:00:00.40 | Mem:0.00M, Peak:0.00M | Scene, ViewLayer | Synchronizing object | Wall_transom.086
Fra:451 Mem:303.44M (Peak 303.44M) | Time:00:00.40 | Mem:0.00M, Peak:0.00M | Scene, ViewLayer | Synchronizing object | Wall_transom.074
Fra:451 Mem:303.47M (Peak 303.47M) | Time:00:00.40 | Mem:0.00M, Peak:0.00M | Scene, ViewLayer | Synchronizing object | Wall_glazing_mullion.040
Fra:451 Mem:303.46M (Peak 303.47M) | Time:00:00.40 | Mem:0.00M, Peak:0.00M | Scene, ViewLayer | Synchronizing object | Wall_transom.044
Fra:451 Mem:303.51M (Peak 303.51M) | Time:00:00.40 | Mem:0.00M, Peak:0.00M | Scene, ViewLayer | Synchronizing object | Curved_roof_glazing.346
Fra:451 Mem:303.51M (Peak 303.51M) | Time:00:00.40 | Mem:0.00M, Peak:0.00M | Scene, ViewLayer | Synchronizing object | Wall_stone_sill.020
Fra:451 Mem:303.51M (Peak 303.51M) | Time:00:00.40 | Mem:0.00M, Peak:0.00M | Scene, ViewLayer | Synchronizing object | Curved_roof_glazing.263
Fra:451 Mem:303.55M (Peak 303.55M) | Time:00:00.40 | Mem:0.00M, Peak:0.00M | Scene, ViewLayer | Synchronizing object | Ridge_vent_stanchion.003
Fra:451 Mem:303.54M (Peak 303.55M) | Time:00:00.40 | Mem:0.00M, Peak:0.00M | Scene, ViewLayer | Synchronizing object | Side_wall_glass.089
Fra:451 Mem:303.54M (Peak 303.55M) | Time:00:00.40 | Mem:0.00M, Peak:0.00M | Scene, ViewLayer | Synchronizing object | Wall_stone_sill.001
Fra:451 Mem:303.56M (Peak 303.56M) | Time:00:00.40 | Mem:0.00M, Peak:0.00M | Scene, ViewLayer | Synchronizing object | Wall_stone_sill.047
Fra:451 Mem:303.59M (Peak 303.59M) | Time:00:00.40 | Mem:0.00M, Peak:0.00M | Scene, ViewLayer | Synchronizing object | Wall_stone_sill.059
Fra:451 Mem:303.61M (Peak 303.61M) | Time:00:00.40 | Mem:0.00M, Peak:0.00M | Scene, ViewLayer | Synchronizing object | Curved_roof_glazing.212
Fra:451 Mem:303.61M (Peak 303.61M) | Time:00:00.40 | Mem:0.00M, Peak:0.00M | Scene, ViewLayer | Synchronizing object | Load_column.017
Fra:451 Mem:303.61M (Peak 303.61M) | Time:00:00.40 | Mem:0.00M, Peak:0.00M | Scene, ViewLayer | Synchronizing object | Curved_roof_glazing.369
Fra:451 Mem:303.62M (Peak 303.62M) | Time:00:00.40 | Mem:0.00M, Peak:0.00M | Scene, ViewLayer | Synchronizing object | Secondary_glazing_rib.015
Fra:451 Mem:303.61M (Peak 303.62M) | Time:00:00.40 | Mem:0.00M, Peak:0.00M | Scene, ViewLayer | Synchronizing object | Side_wall_glass.037
Fra:451 Mem:303.66M (Peak 303.66M) | Time:00:00.40 | Mem:0.00M, Peak:0.00M | Scene, ViewLayer | Synchronizing object | Curved_roof_glazing.347
Fra:451 Mem:303.68M (Peak 303.68M) | Time:00:00.40 | Mem:0.00M, Peak:0.00M | Scene, ViewLayer | Synchronizing object | Wall_stone_sill.043
Fra:451 Mem:303.73M (Peak 303.73M) | Time:00:00.40 | Mem:0.00M, Peak:0.00M | Scene, ViewLayer | Synchronizing object | Side_wall_glass.119
Fra:451 Mem:303.74M (Peak 303.74M) | Time:00:00.40 | Mem:0.00M, Peak:0.00M | Scene, ViewLayer | Synchronizing object | Side_wall_glass.127
Fra:451 Mem:303.73M (Peak 303.74M) | Time:00:00.40 | Mem:0.00M, Peak:0.00M | Scene, ViewLayer | Synchronizing object | Wall_transom.025
Fra:451 Mem:303.73M (Peak 303.74M) | Time:00:00.40 | Mem:0.00M, Peak:0.00M | Scene, ViewLayer | Synchronizing object | Curved_roof_glazing.264
Fra:451 Mem:303.77M (Peak 303.77M) | Time:00:00.40 | Mem:0.00M, Peak:0.00M | Scene, ViewLayer | Synchronizing object | G3_door_roller_bracket.002
Fra:451 Mem:303.78M (Peak 303.78M) | Time:00:00.40 | Mem:0.00M, Peak:0.00M | Scene, ViewLayer | Synchronizing object | Wall_transom.067
Fra:451 Mem:303.81M (Peak 303.81M) | Time:00:00.40 | Mem:0.00M, Peak:0.00M | Scene, ViewLayer | Synchronizing object | G3_kickplate_fastener.003
Fra:451 Mem:303.81M (Peak 303.81M) | Time:00:00.40 | Mem:0.00M, Peak:0.00M | Scene, ViewLayer | Synchronizing object | G3_kickplate_fastener.002
Fra:451 Mem:303.81M (Peak 303.81M) | Time:00:00.40 | Mem:0.00M, Peak:0.00M | Scene, ViewLayer | Synchronizing object | G3_kickplate_fastener.001
Fra:451 Mem:303.82M (Peak 303.82M) | Time:00:00.40 | Mem:0.00M, Peak:0.00M | Scene, ViewLayer | Synchronizing object | G3_kickplate_fastener
Fra:451 Mem:303.84M (Peak 303.84M) | Time:00:00.40 | Mem:0.00M, Peak:0.00M | Scene, ViewLayer | Synchronizing object | G3_door_lower_kickplate
Fra:451 Mem:303.82M (Peak 303.84M) | Time:00:00.40 | Mem:0.00M, Peak:0.00M | Scene, ViewLayer | Synchronizing object | Side_wall_glass.098
Fra:451 Mem:303.85M (Peak 303.85M) | Time:00:00.40 | Mem:0.00M, Peak:0.00M | Scene, ViewLayer | Synchronizing object | Side_wall_glass.122
Fra:451 Mem:303.84M (Peak 303.85M) | Time:00:00.40 | Mem:0.00M, Peak:0.00M | Scene, ViewLayer | Synchronizing object | Curved_roof_glazing.213
Fra:451 Mem:303.85M (Peak 303.85M) | Time:00:00.40 | Mem:0.00M, Peak:0.00M | Scene, ViewLayer | Synchronizing object | Side_wall_glass.080
Fra:451 Mem:303.85M (Peak 303.85M) | Time:00:00.40 | Mem:0.00M, Peak:0.00M | Scene, ViewLayer | Synchronizing object | Wall_stone_sill.011
Fra:451 Mem:303.86M (Peak 303.86M) | Time:00:00.40 | Mem:0.00M, Peak:0.00M | Scene, ViewLayer | Synchronizing object | G3_door_carriage_roller.001
Fra:451 Mem:303.88M (Peak 303.88M) | Time:00:00.40 | Mem:0.00M, Peak:0.00M | Scene, ViewLayer | Synchronizing object | G3_door_roller_bracket.001
Fra:451 Mem:303.90M (Peak 303.90M) | Time:00:00.40 | Mem:0.00M, Peak:0.00M | Scene, ViewLayer | Synchronizing object | Wall_transom.083
Fra:451 Mem:303.93M (Peak 303.93M) | Time:00:00.40 | Mem:0.00M, Peak:0.00M | Scene, ViewLayer | Synchronizing object | G3_door_carriage_roller
Fra:451 Mem:303.95M (Peak 303.95M) | Time:00:00.40 | Mem:0.00M, Peak:0.00M | Scene, ViewLayer | Synchronizing object | G3_door_roller_bracket
Fra:451 Mem:303.94M (Peak 303.95M) | Time:00:00.40 | Mem:0.00M, Peak:0.00M | Scene, ViewLayer | Synchronizing object | Curved_roof_glazing.370
Fra:451 Mem:303.98M (Peak 303.98M) | Time:00:00.40 | Mem:0.00M, Peak:0.00M | Scene, ViewLayer | Synchronizing object | Wall_stone_sill.017
Fra:451 Mem:303.98M (Peak 303.98M) | Time:00:00.40 | Mem:0.00M, Peak:0.00M | Scene, ViewLayer | Synchronizing object | G3_door_track_housing
Fra:451 Mem:304.02M (Peak 304.02M) | Time:00:00.40 | Mem:0.00M, Peak:0.00M | Scene, ViewLayer | Synchronizing object | Wall_stone_sill.013
Fra:451 Mem:304.03M (Peak 304.03M) | Time:00:00.40 | Mem:0.00M, Peak:0.00M | Scene, ViewLayer | Synchronizing object | G3_door_jamb_cover.001
Fra:451 Mem:304.06M (Peak 304.06M) | Time:00:00.40 | Mem:0.00M, Peak:0.00M | Scene, ViewLayer | Synchronizing object | Wall_stone_sill.060
Fra:451 Mem:304.07M (Peak 304.07M) | Time:00:00.40 | Mem:0.00M, Peak:0.00M | Scene, ViewLayer | Synchronizing object | G3_door_jamb_cover
Fra:451 Mem:304.10M (Peak 304.10M) | Time:00:00.40 | Mem:0.00M, Peak:0.00M | Scene, ViewLayer | Synchronizing object | End_wall_mullion.013
Fra:451 Mem:304.12M (Peak 304.12M) | Time:00:00.40 | Mem:0.00M, Peak:0.00M | Scene, ViewLayer | Synchronizing object | potted_plant_01_pot
Fra:451 Mem:304.37M (Peak 304.37M) | Time:00:00.40 | Mem:0.00M, Peak:0.00M | Scene, ViewLayer | Synchronizing object | Secondary_glazing_rib.022
Fra:451 Mem:304.52M (Peak 304.52M) | Time:00:00.40 | Mem:0.00M, Peak:0.00M | Scene, ViewLayer | Synchronizing object | Side_wall_glass.028
Fra:451 Mem:304.53M (Peak 304.53M) | Time:00:00.40 | Mem:0.00M, Peak:0.00M | Scene, ViewLayer | Synchronizing object | Curved_roof_glazing.348
Fra:451 Mem:304.61M (Peak 304.61M) | Time:00:00.40 | Mem:0.00M, Peak:0.00M | Scene, ViewLayer | Synchronizing object | Curved_roof_glazing.265
Fra:451 Mem:304.61M (Peak 304.61M) | Time:00:00.40 | Mem:0.00M, Peak:0.00M | Scene, ViewLayer | Synchronizing object | Wall_transom.012
Fra:451 Mem:304.62M (Peak 304.62M) | Time:00:00.40 | Mem:0.00M, Peak:0.00M | Scene, ViewLayer | Synchronizing object | End_wall_mullion.016
Fra:451 Mem:304.65M (Peak 304.65M) | Time:00:00.40 | Mem:0.00M, Peak:0.00M | Scene, ViewLayer | Synchronizing object | Ridge_vent_stanchion.004
Fra:451 Mem:304.65M (Peak 304.65M) | Time:00:00.40 | Mem:0.00M, Peak:0.00M | Scene, ViewLayer | Synchronizing object | Wall_transom.112
Fra:451 Mem:304.67M (Peak 304.67M) | Time:00:00.40 | Mem:0.00M, Peak:0.00M | Scene, ViewLayer | Synchronizing object | Curved_roof_glazing.214
Fra:451 Mem:304.67M (Peak 304.67M) | Time:00:00.40 | Mem:0.00M, Peak:0.00M | Scene, ViewLayer | Synchronizing object | End_wall_mullion.001
Fra:451 Mem:304.70M (Peak 304.70M) | Time:00:00.40 | Mem:0.00M, Peak:0.00M | Scene, ViewLayer | Synchronizing object | Side_wall_glass.055
Fra:451 Mem:304.70M (Peak 304.70M) | Time:00:00.40 | Mem:0.00M, Peak:0.00M | Scene, ViewLayer | Synchronizing object | Curved_roof_glazing.371
Fra:451 Mem:304.70M (Peak 304.70M) | Time:00:00.40 | Mem:0.00M, Peak:0.00M | Scene, ViewLayer | Synchronizing object | Side_wall_glass.026
Fra:451 Mem:304.70M (Peak 304.70M) | Time:00:00.40 | Mem:0.00M, Peak:0.00M | Scene, ViewLayer | Synchronizing object | Hall_door_stile.001
Fra:451 Mem:304.73M (Peak 304.73M) | Time:00:00.40 | Mem:0.00M, Peak:0.00M | Scene, ViewLayer | Synchronizing object | Side_wall_glass.124
Fra:451 Mem:304.73M (Peak 304.73M) | Time:00:00.40 | Mem:0.00M, Peak:0.00M | Scene, ViewLayer | Synchronizing object | Side_wall_glass.029
Fra:451 Mem:304.73M (Peak 304.73M) | Time:00:00.40 | Mem:0.00M, Peak:0.00M | Scene, ViewLayer | Synchronizing object | Wall_glazing_mullion.041
Fra:451 Mem:304.75M (Peak 304.75M) | Time:00:00.40 | Mem:0.00M, Peak:0.00M | Scene, ViewLayer | Synchronizing object | Curved_roof_glazing.349
Fra:451 Mem:304.94M (Peak 304.94M) | Time:00:00.40 | Mem:0.00M, Peak:0.00M | Scene, ViewLayer | Synchronizing object | Side_wall_glass.086
Fra:451 Mem:304.99M (Peak 304.99M) | Time:00:00.40 | Mem:0.00M, Peak:0.00M | Scene, ViewLayer | Synchronizing object | Column_base_plinth.010
Fra:451 Mem:305.15M (Peak 305.15M) | Time:00:00.40 | Mem:0.00M, Peak:0.00M | Scene, ViewLayer | Synchronizing object | Side_wall_glass.040
Fra:451 Mem:305.20M (Peak 305.20M) | Time:00:00.40 | Mem:0.00M, Peak:0.00M | Scene, ViewLayer | Synchronizing object | Curved_roof_glazing.266
Fra:451 Mem:305.28M (Peak 305.28M) | Time:00:00.40 | Mem:0.00M, Peak:0.00M | Scene, ViewLayer | Synchronizing object | Platform_portal_jamb
Fra:451 Mem:305.19M (Peak 305.28M) | Time:00:00.40 | Mem:0.00M, Peak:0.00M | Scene, ViewLayer | Synchronizing object | potted_plant_01_pebbles
Fra:451 Mem:305.27M (Peak 305.28M) | Time:00:00.40 | Mem:0.00M, Peak:0.00M | Scene, ViewLayer | Synchronizing object | Wall_stone_sill.030
Fra:451 Mem:305.32M (Peak 305.32M) | Time:00:00.40 | Mem:0.00M, Peak:0.00M | Scene, ViewLayer | Synchronizing object | Side_wall_glass.003
Fra:451 Mem:305.32M (Peak 305.32M) | Time:00:00.40 | Mem:0.00M, Peak:0.00M | Scene, ViewLayer | Synchronizing object | Curved_roof_glazing.215
Fra:451 Mem:305.32M (Peak 305.32M) | Time:00:00.40 | Mem:0.00M, Peak:0.00M | Scene, ViewLayer | Synchronizing object | End_wall_sill.006
Fra:451 Mem:305.33M (Peak 305.33M) | Time:00:00.40 | Mem:0.00M, Peak:0.00M | Scene, ViewLayer | Synchronizing object | Side_wall_glass.022
Fra:451 Mem:305.47M (Peak 305.47M) | Time:00:00.40 | Mem:0.00M, Peak:0.00M | Scene, ViewLayer | Synchronizing object | Side_wall_glass.081
Fra:451 Mem:305.47M (Peak 305.47M) | Time:00:00.40 | Mem:0.00M, Peak:0.00M | Scene, ViewLayer | Synchronizing object | Curved_roof_glazing.020
Fra:451 Mem:305.48M (Peak 305.48M) | Time:00:00.40 | Mem:0.00M, Peak:0.00M | Scene, ViewLayer | Synchronizing object | Curved_roof_glazing.036
Fra:451 Mem:305.48M (Peak 305.48M) | Time:00:00.40 | Mem:0.00M, Peak:0.00M | Scene, ViewLayer | Synchronizing object | Curved_roof_glazing.100
Fra:451 Mem:305.48M (Peak 305.48M) | Time:00:00.40 | Mem:0.00M, Peak:0.00M | Scene, ViewLayer | Synchronizing object | End_elevation_crossbar.001
Fra:451 Mem:305.50M (Peak 305.50M) | Time:00:00.40 | Mem:0.00M, Peak:0.00M | Scene, ViewLayer | Synchronizing object | Wall_transom.099
Fra:451 Mem:306.32M (Peak 306.32M) | Time:00:00.40 | Mem:0.00M, Peak:0.00M | Scene, ViewLayer | Synchronizing object | End_wall_glazing
Fra:451 Mem:306.32M (Peak 306.32M) | Time:00:00.40 | Mem:0.00M, Peak:0.00M | Scene, ViewLayer | Synchronizing object | Wall_transom.103
Fra:451 Mem:306.34M (Peak 306.34M) | Time:00:00.41 | Mem:0.00M, Peak:0.00M | Scene, ViewLayer | Synchronizing object | Wall_glazing_mullion.044
Fra:451 Mem:306.38M (Peak 306.38M) | Time:00:00.41 | Mem:0.00M, Peak:0.00M | Scene, ViewLayer | Synchronizing object | Curved_roof_glazing.350
Fra:451 Mem:306.37M (Peak 306.38M) | Time:00:00.41 | Mem:0.00M, Peak:0.00M | Scene, ViewLayer | Synchronizing object | Longitudinal_roof_purlin.012
Fra:451 Mem:306.37M (Peak 306.38M) | Time:00:00.41 | Mem:0.00M, Peak:0.00M | Scene, ViewLayer | Synchronizing object | Side_wall_glass.041
Fra:451 Mem:306.37M (Peak 306.38M) | Time:00:00.41 | Mem:0.00M, Peak:0.00M | Scene, ViewLayer | Synchronizing object | Wall_stone_sill.012
Fra:451 Mem:306.40M (Peak 306.40M) | Time:00:00.41 | Mem:0.00M, Peak:0.00M | Scene, ViewLayer | Synchronizing object | Curved_roof_glazing.267
Fra:451 Mem:306.40M (Peak 306.40M) | Time:00:00.41 | Mem:0.00M, Peak:0.00M | Scene, ViewLayer | Synchronizing object | Side_wall_glass.060
Fra:451 Mem:306.40M (Peak 306.40M) | Time:00:00.41 | Mem:0.00M, Peak:0.00M | Scene, ViewLayer | Synchronizing object | Ridge_vent_stanchion.005
Fra:451 Mem:306.40M (Peak 306.40M) | Time:00:00.41 | Mem:0.00M, Peak:0.00M | Scene, ViewLayer | Synchronizing object | Side_wall_glass.002
Fra:451 Mem:306.40M (Peak 306.40M) | Time:00:00.41 | Mem:0.00M, Peak:0.00M | Scene, ViewLayer | Synchronizing object | Side_wall_glass.099
Fra:451 Mem:306.40M (Peak 306.40M) | Time:00:00.41 | Mem:0.00M, Peak:0.00M | Scene, ViewLayer | Synchronizing object | Side_wall_glass.123
Fra:451 Mem:306.40M (Peak 306.40M) | Time:00:00.41 | Mem:0.00M, Peak:0.00M | Scene, ViewLayer | Synchronizing object | Wall_transom.051
Fra:451 Mem:306.43M (Peak 306.43M) | Time:00:00.41 | Mem:0.00M, Peak:0.00M | Scene, ViewLayer | Synchronizing object | Curved_roof_glazing.216
Fra:451 Mem:306.43M (Peak 306.43M) | Time:00:00.41 | Mem:0.00M, Peak:0.00M | Scene, ViewLayer | Synchronizing object | End_wall_glazing.007
Fra:451 Mem:306.43M (Peak 306.43M) | Time:00:00.41 | Mem:0.00M, Peak:0.00M | Scene, ViewLayer | Synchronizing object | Curved_roof_glazing.021
Fra:451 Mem:306.44M (Peak 306.44M) | Time:00:00.41 | Mem:0.00M, Peak:0.00M | Scene, ViewLayer | Synchronizing object | Curved_roof_glazing.037
Fra:451 Mem:306.44M (Peak 306.44M) | Time:00:00.41 | Mem:0.00M, Peak:0.00M | Scene, ViewLayer | Synchronizing object | Curved_roof_glazing.101
Fra:451 Mem:306.44M (Peak 306.44M) | Time:00:00.41 | Mem:0.00M, Peak:0.00M | Scene, ViewLayer | Synchronizing object | Side_wall_glass.042
Fra:451 Mem:306.44M (Peak 306.44M) | Time:00:00.41 | Mem:0.00M, Peak:0.00M | Scene, ViewLayer | Synchronizing object | Wall_transom.010
Fra:451 Mem:306.46M (Peak 306.46M) | Time:00:00.41 | Mem:0.00M, Peak:0.00M | Scene, ViewLayer | Synchronizing object | Wall_stone_sill.029
Fra:451 Mem:306.49M (Peak 306.49M) | Time:00:00.41 | Mem:0.00M, Peak:0.00M | Scene, ViewLayer | Synchronizing object | Wall_stone_sill.015
Fra:451 Mem:306.37M (Peak 306.49M) | Time:00:00.41 | Mem:0.00M, Peak:0.00M | Scene, ViewLayer | Synchronizing object | Wall_stone_sill.025
Fra:451 Mem:306.75M (Peak 306.75M) | Time:00:00.41 | Mem:0.00M, Peak:0.00M | Scene, ViewLayer | Synchronizing object | Curved_roof_glazing.351
Fra:451 Mem:306.75M (Peak 306.75M) | Time:00:00.41 | Mem:0.00M, Peak:0.00M | Scene, ViewLayer | Synchronizing object | Side_wall_glass.087
Fra:451 Mem:306.75M (Peak 306.75M) | Time:00:00.41 | Mem:0.00M, Peak:0.00M | Scene, ViewLayer | Synchronizing object | Column_base_plinth.008
Fra:451 Mem:306.77M (Peak 306.77M) | Time:00:00.41 | Mem:0.00M, Peak:0.00M | Scene, ViewLayer | Synchronizing object | Curved_roof_glazing.268
Fra:451 Mem:306.78M (Peak 306.78M) | Time:00:00.41 | Mem:0.00M, Peak:0.00M | Scene, ViewLayer | Synchronizing object | Wall_transom.018
Fra:451 Mem:307.81M (Peak 307.81M) | Time:00:00.41 | Mem:0.00M, Peak:0.00M | Scene, ViewLayer | Synchronizing object | Wall_transom.132
Fra:451 Mem:307.83M (Peak 307.83M) | Time:00:00.41 | Mem:0.00M, Peak:0.00M | Scene, ViewLayer | Synchronizing object | Curved_roof_glazing.217
Fra:451 Mem:307.83M (Peak 307.83M) | Time:00:00.41 | Mem:0.00M, Peak:0.00M | Scene, ViewLayer | Synchronizing object | Side_wall_glass.023
Fra:451 Mem:307.83M (Peak 307.83M) | Time:00:00.41 | Mem:0.00M, Peak:0.00M | Scene, ViewLayer | Synchronizing object | Curved_roof_glazing.022
Fra:451 Mem:307.83M (Peak 307.83M) | Time:00:00.41 | Mem:0.00M, Peak:0.00M | Scene, ViewLayer | Synchronizing object | Curved_roof_glazing.038
Fra:451 Mem:307.84M (Peak 307.84M) | Time:00:00.41 | Mem:0.00M, Peak:0.00M | Scene, ViewLayer | Synchronizing object | Curved_roof_glazing.102
Fra:451 Mem:307.84M (Peak 307.84M) | Time:00:00.41 | Mem:0.00M, Peak:0.00M | Scene, ViewLayer | Synchronizing object | End_wall_sill.016
Fra:451 Mem:307.86M (Peak 307.86M) | Time:00:00.41 | Mem:0.00M, Peak:0.00M | Scene, ViewLayer | Synchronizing object | Hall_door_kickpanel
Fra:451 Mem:307.89M (Peak 307.89M) | Time:00:00.41 | Mem:0.00M, Peak:0.00M | Scene, ViewLayer | Synchronizing object | Side_wall_glass.043
Fra:451 Mem:307.89M (Peak 307.89M) | Time:00:00.41 | Mem:0.00M, Peak:0.00M | Scene, ViewLayer | Synchronizing object | Wall_transom.054
Fra:451 Mem:307.92M (Peak 307.92M) | Time:00:00.41 | Mem:0.00M, Peak:0.00M | Scene, ViewLayer | Synchronizing object | Side_wall_glass.058
Fra:451 Mem:307.93M (Peak 307.93M) | Time:00:00.41 | Mem:0.00M, Peak:0.00M | Scene, ViewLayer | Synchronizing object | Side_wall_glass.125
Fra:451 Mem:307.94M (Peak 307.94M) | Time:00:00.41 | Mem:0.00M, Peak:0.00M | Scene, ViewLayer | Synchronizing object | Curved_roof_glazing.352
Fra:451 Mem:307.94M (Peak 307.94M) | Time:00:00.41 | Mem:0.00M, Peak:0.00M | Scene, ViewLayer | Synchronizing object | Curved_roof_glazing.001
Fra:451 Mem:307.95M (Peak 307.95M) | Time:00:00.41 | Mem:0.00M, Peak:0.00M | Scene, ViewLayer | Synchronizing object | Wall_transom.026
Fra:451 Mem:307.97M (Peak 307.97M) | Time:00:00.41 | Mem:0.00M, Peak:0.00M | Scene, ViewLayer | Synchronizing object | Wall_transom.175
Fra:451 Mem:307.99M (Peak 307.99M) | Time:00:00.41 | Mem:0.00M, Peak:0.00M | Scene, ViewLayer | Synchronizing object | Wall_transom.187
Fra:451 Mem:308.31M (Peak 308.31M) | Time:00:00.41 | Mem:0.00M, Peak:0.00M | Scene, ViewLayer | Synchronizing object | Curved_roof_glazing.269
Fra:451 Mem:308.31M (Peak 308.31M) | Time:00:00.41 | Mem:0.00M, Peak:0.00M | Scene, ViewLayer | Synchronizing object | Ridge_vent_stanchion.006
Fra:451 Mem:308.31M (Peak 308.31M) | Time:00:00.41 | Mem:0.00M, Peak:0.00M | Scene, ViewLayer | Synchronizing object | Curved_roof_glazing.218
Fra:451 Mem:308.32M (Peak 308.32M) | Time:00:00.41 | Mem:0.00M, Peak:0.00M | Scene, ViewLayer | Synchronizing object | Wall_stone_sill.028
Fra:451 Mem:310.32M (Peak 310.32M) | Time:00:00.41 | Mem:0.00M, Peak:0.00M | Scene, ViewLayer | Synchronizing object | Curved_roof_glazing.023
Fra:451 Mem:310.32M (Peak 310.32M) | Time:00:00.41 | Mem:0.00M, Peak:0.00M | Scene, ViewLayer | Synchronizing object | Curved_roof_glazing.039
Fra:451 Mem:311.04M (Peak 311.04M) | Time:00:00.41 | Mem:0.00M, Peak:0.00M | Scene, ViewLayer | Synchronizing object | Curved_roof_glazing.103
Fra:451 Mem:311.04M (Peak 311.04M) | Time:00:00.41 | Mem:0.00M, Peak:0.00M | Scene, ViewLayer | Synchronizing object | End_wall_glazing.010
Fra:451 Mem:311.04M (Peak 311.04M) | Time:00:00.41 | Mem:0.00M, Peak:0.00M | Scene, ViewLayer | Synchronizing object | Wall_transom.116
Fra:451 Mem:311.07M (Peak 311.07M) | Time:00:00.41 | Mem:0.00M, Peak:0.00M | Scene, ViewLayer | Synchronizing object | Wall_glazing_mullion.024
Fra:451 Mem:311.09M (Peak 311.09M) | Time:00:00.41 | Mem:0.00M, Peak:0.00M | Scene, ViewLayer | Synchronizing object | Curved_roof_glazing.196
Fra:451 Mem:311.09M (Peak 311.09M) | Time:00:00.41 | Mem:0.00M, Peak:0.00M | Scene, ViewLayer | Synchronizing object | Primary_elliptical_arch.008
Fra:451 Mem:310.63M (Peak 311.09M) | Time:00:00.41 | Mem:0.00M, Peak:0.00M | Scene, ViewLayer | Synchronizing object | Side_wall_glass.072
Fra:451 Mem:310.63M (Peak 311.09M) | Time:00:00.41 | Mem:0.00M, Peak:0.00M | Scene, ViewLayer | Synchronizing object | Wall_transom.136
Fra:451 Mem:310.66M (Peak 311.09M) | Time:00:00.41 | Mem:0.00M, Peak:0.00M | Scene, ViewLayer | Synchronizing object | Curved_roof_glazing.004
Fra:451 Mem:310.66M (Peak 311.09M) | Time:00:00.41 | Mem:0.00M, Peak:0.00M | Scene, ViewLayer | Synchronizing object | Curved_roof_glazing.353
Fra:451 Mem:313.27M (Peak 313.27M) | Time:00:00.41 | Mem:0.00M, Peak:0.00M | Scene, ViewLayer | Synchronizing object | Curved_roof_glazing
Fra:451 Mem:313.27M (Peak 313.27M) | Time:00:00.41 | Mem:0.00M, Peak:0.00M | Scene, ViewLayer | Synchronizing object | Side_wall_glass.024
Fra:451 Mem:313.27M (Peak 313.27M) | Time:00:00.41 | Mem:0.00M, Peak:0.00M | Scene, ViewLayer | Synchronizing object | Curved_roof_glazing.270
Fra:451 Mem:313.28M (Peak 313.28M) | Time:00:00.41 | Mem:0.00M, Peak:0.00M | Scene, ViewLayer | Synchronizing object | Side_wall_glass.061
Fra:451 Mem:313.31M (Peak 313.31M) | Time:00:00.41 | Mem:0.00M, Peak:0.00M | Scene, ViewLayer | Synchronizing object | Wall_transom.013
Fra:451 Mem:313.32M (Peak 313.32M) | Time:00:00.41 | Mem:0.00M, Peak:0.00M | Scene, ViewLayer | Synchronizing object | Wall_transom.068
Fra:451 Mem:313.34M (Peak 313.34M) | Time:00:00.41 | Mem:0.00M, Peak:0.00M | Scene, ViewLayer | Synchronizing object | End_wall_sill.014
Fra:451 Mem:313.37M (Peak 313.37M) | Time:00:00.41 | Mem:0.00M, Peak:0.00M | Scene, ViewLayer | Synchronizing object | Wall_transom.113
Fra:451 Mem:313.39M (Peak 313.39M) | Time:00:00.41 | Mem:0.00M, Peak:0.00M | Scene, ViewLayer | Synchronizing object | Wall_transom.081
Fra:451 Mem:313.43M (Peak 313.43M) | Time:00:00.41 | Mem:0.00M, Peak:0.00M | Scene, ViewLayer | Synchronizing object | Curved_roof_glazing.219
Fra:451 Mem:313.42M (Peak 313.43M) | Time:00:00.41 | Mem:0.00M, Peak:0.00M | Scene, ViewLayer | Synchronizing object | End_wall_sill.001
Fra:451 Mem:313.44M (Peak 313.44M) | Time:00:00.41 | Mem:0.00M, Peak:0.00M | Scene, ViewLayer | Synchronizing object | Side_wall_glass.056
Fra:451 Mem:313.46M (Peak 313.46M) | Time:00:00.41 | Mem:0.00M, Peak:0.00M | Scene, ViewLayer | Synchronizing object | Curved_roof_glazing.024
Fra:451 Mem:313.44M (Peak 313.46M) | Time:00:00.41 | Mem:0.00M, Peak:0.00M | Scene, ViewLayer | Synchronizing object | Curved_roof_glazing.040
Fra:451 Mem:313.44M (Peak 313.46M) | Time:00:00.41 | Mem:0.00M, Peak:0.00M | Scene, ViewLayer | Synchronizing object | Curved_roof_glazing.104
Fra:451 Mem:313.45M (Peak 313.46M) | Time:00:00.41 | Mem:0.00M, Peak:0.00M | Scene, ViewLayer | Synchronizing object | Wall_glazing_mullion.025
Fra:451 Mem:313.45M (Peak 313.46M) | Time:00:00.41 | Mem:0.00M, Peak:0.00M | Scene, ViewLayer | Synchronizing object | Wall_transom.154
Fra:451 Mem:313.50M (Peak 313.50M) | Time:00:00.41 | Mem:0.00M, Peak:0.00M | Scene, ViewLayer | Synchronizing object | Curved_roof_glazing.197
Fra:451 Mem:313.49M (Peak 313.50M) | Time:00:00.41 | Mem:0.00M, Peak:0.00M | Scene, ViewLayer | Synchronizing object | Side_wall_glass.092
Fra:451 Mem:313.50M (Peak 313.50M) | Time:00:00.41 | Mem:0.00M, Peak:0.00M | Scene, ViewLayer | Synchronizing object | Wall_transom.140
Fra:451 Mem:313.50M (Peak 313.50M) | Time:00:00.41 | Mem:0.00M, Peak:0.00M | Scene, ViewLayer | Synchronizing object | Column_capital.006
Fra:451 Mem:313.69M (Peak 313.69M) | Time:00:00.41 | Mem:0.00M, Peak:0.00M | Scene, ViewLayer | Synchronizing object | Curved_roof_glazing.005
Fra:451 Mem:313.69M (Peak 313.69M) | Time:00:00.41 | Mem:0.00M, Peak:0.00M | Scene, ViewLayer | Synchronizing object | Hall_door_rail
Fra:451 Mem:313.71M (Peak 313.71M) | Time:00:00.41 | Mem:0.00M, Peak:0.00M | Scene, ViewLayer | Synchronizing object | Curved_roof_glazing.354
Fra:451 Mem:313.72M (Peak 313.72M) | Time:00:00.41 | Mem:0.00M, Peak:0.00M | Scene, ViewLayer | Synchronizing object | Column_capital.010
Fra:451 Mem:313.74M (Peak 313.74M) | Time:00:00.41 | Mem:0.00M, Peak:0.00M | Scene, ViewLayer | Synchronizing object | Side_wall_glass.025
Fra:451 Mem:313.74M (Peak 313.74M) | Time:00:00.41 | Mem:0.00M, Peak:0.00M | Scene, ViewLayer | Synchronizing object | Curved_roof_glazing.271
Fra:451 Mem:313.74M (Peak 313.74M) | Time:00:00.41 | Mem:0.00M, Peak:0.00M | Scene, ViewLayer | Synchronizing object | Platform_portal_jamb.001
Fra:451 Mem:313.77M (Peak 313.77M) | Time:00:00.41 | Mem:0.00M, Peak:0.00M | Scene, ViewLayer | Synchronizing object | Ridge_vent_stanchion.007
Fra:451 Mem:313.76M (Peak 313.77M) | Time:00:00.41 | Mem:0.00M, Peak:0.00M | Scene, ViewLayer | Synchronizing object | Curved_roof_glazing.220
Fra:451 Mem:313.77M (Peak 313.77M) | Time:00:00.41 | Mem:0.00M, Peak:0.00M | Scene, ViewLayer | Synchronizing object | End_wall_glazing.002
Fra:451 Mem:313.77M (Peak 313.77M) | Time:00:00.41 | Mem:0.00M, Peak:0.00M | Scene, ViewLayer | Synchronizing object | Wall_transom.120
Fra:451 Mem:313.79M (Peak 313.79M) | Time:00:00.41 | Mem:0.00M, Peak:0.00M | Scene, ViewLayer | Synchronizing object | Column_capital.017
Fra:451 Mem:314.61M (Peak 314.61M) | Time:00:00.41 | Mem:0.00M, Peak:0.00M | Scene, ViewLayer | Synchronizing object | Curved_roof_glazing.025
Fra:451 Mem:314.61M (Peak 314.61M) | Time:00:00.41 | Mem:0.00M, Peak:0.00M | Scene, ViewLayer | Synchronizing object | Curved_roof_glazing.041
Fra:451 Mem:314.64M (Peak 314.64M) | Time:00:00.41 | Mem:0.00M, Peak:0.00M | Scene, ViewLayer | Synchronizing object | Curved_roof_glazing.105
Fra:451 Mem:314.61M (Peak 314.64M) | Time:00:00.41 | Mem:0.00M, Peak:0.00M | Scene, ViewLayer | Synchronizing object | End_wall_glazing.019
Fra:451 Mem:314.62M (Peak 314.64M) | Time:00:00.41 | Mem:0.00M, Peak:0.00M | Scene, ViewLayer | Synchronizing object | Secondary_glazing_rib.014
Fra:451 Mem:314.73M (Peak 314.73M) | Time:00:00.41 | Mem:0.00M, Peak:0.00M | Scene, ViewLayer | Synchronizing object | Curved_roof_glazing.198
Fra:451 Mem:314.73M (Peak 314.73M) | Time:00:00.41 | Mem:0.00M, Peak:0.00M | Scene, ViewLayer | Synchronizing object | Curved_roof_glazing.006
Fra:451 Mem:314.74M (Peak 314.74M) | Time:00:00.41 | Mem:0.00M, Peak:0.00M | Scene, ViewLayer | Synchronizing object | Wall_transom.122
Fra:451 Mem:314.77M (Peak 314.77M) | Time:00:00.41 | Mem:0.00M, Peak:0.00M | Scene, ViewLayer | Synchronizing object | Curved_roof_glazing.355
Fra:451 Mem:314.76M (Peak 314.77M) | Time:00:00.41 | Mem:0.00M, Peak:0.00M | Scene, ViewLayer | Synchronizing object | Portal_transom_mullion.002
Fra:451 Mem:314.78M (Peak 314.78M) | Time:00:00.41 | Mem:0.00M, Peak:0.00M | Scene, ViewLayer | Synchronizing object | Wall_transom.060
Fra:451 Mem:314.81M (Peak 314.81M) | Time:00:00.41 | Mem:0.00M, Peak:0.00M | Scene, ViewLayer | Synchronizing object | Curved_roof_glazing.002
Fra:451 Mem:314.81M (Peak 314.81M) | Time:00:00.41 | Mem:0.00M, Peak:0.00M | Scene, ViewLayer | Synchronizing object | Side_wall_glass.121
Fra:451 Mem:314.81M (Peak 314.81M) | Time:00:00.41 | Mem:0.00M, Peak:0.00M | Scene, ViewLayer | Synchronizing object | Curved_roof_glazing.272
Fra:451 Mem:314.81M (Peak 314.81M) | Time:00:00.41 | Mem:0.00M, Peak:0.00M | Scene, ViewLayer | Synchronizing object | Wall_transom.003
Fra:451 Mem:314.84M (Peak 314.84M) | Time:00:00.41 | Mem:0.00M, Peak:0.00M | Scene, ViewLayer | Synchronizing object | Wall_transom.052
Fra:451 Mem:314.86M (Peak 314.86M) | Time:00:00.41 | Mem:0.00M, Peak:0.00M | Scene, ViewLayer | Synchronizing object | End_wall_glazing.017
Fra:451 Mem:314.86M (Peak 314.86M) | Time:00:00.41 | Mem:0.00M, Peak:0.00M | Scene, ViewLayer | Synchronizing object | Wall_transom.145
Fra:451 Mem:314.89M (Peak 314.89M) | Time:00:00.41 | Mem:0.00M, Peak:0.00M | Scene, ViewLayer | Synchronizing object | Wall_transom.181
Fra:451 Mem:314.92M (Peak 314.92M) | Time:00:00.41 | Mem:0.00M, Peak:0.00M | Scene, ViewLayer | Synchronizing object | Curved_roof_glazing.221
Fra:451 Mem:314.93M (Peak 314.93M) | Time:00:00.41 | Mem:0.00M, Peak:0.00M | Scene, ViewLayer | Synchronizing object | End_wall_mullion.007
Fra:451 Mem:314.93M (Peak 314.93M) | Time:00:00.42 | Mem:0.00M, Peak:0.00M | Scene, ViewLayer | Synchronizing object | Curved_roof_glazing.026
Fra:451 Mem:314.93M (Peak 314.93M) | Time:00:00.42 | Mem:0.00M, Peak:0.00M | Scene, ViewLayer | Synchronizing object | Curved_roof_glazing.042
Fra:451 Mem:314.94M (Peak 314.94M) | Time:00:00.42 | Mem:0.00M, Peak:0.00M | Scene, ViewLayer | Synchronizing object | Curved_roof_glazing.106
Fra:451 Mem:314.94M (Peak 314.94M) | Time:00:00.42 | Mem:0.00M, Peak:0.00M | Scene, ViewLayer | Synchronizing object | Wall_glazing_mullion.042
Fra:451 Mem:314.94M (Peak 314.94M) | Time:00:00.42 | Mem:0.00M, Peak:0.00M | Scene, ViewLayer | Synchronizing object | Wall_transom.011
Fra:451 Mem:314.84M (Peak 314.94M) | Time:00:00.42 | Mem:0.00M, Peak:0.00M | Scene, ViewLayer | Synchronizing object | End_wall_mullion
Fra:451 Mem:314.85M (Peak 314.94M) | Time:00:00.42 | Mem:0.00M, Peak:0.00M | Scene, ViewLayer | Synchronizing object | Side_wall_glass.073
Fra:451 Mem:314.87M (Peak 314.94M) | Time:00:00.42 | Mem:0.00M, Peak:0.00M | Scene, ViewLayer | Synchronizing object | Wall_stone_sill.049
Fra:451 Mem:314.89M (Peak 314.94M) | Time:00:00.42 | Mem:0.00M, Peak:0.00M | Scene, ViewLayer | Synchronizing object | Load_column.016
Fra:451 Mem:314.89M (Peak 314.94M) | Time:00:00.42 | Mem:0.00M, Peak:0.00M | Scene, ViewLayer | Synchronizing object | Curved_roof_glazing.199
Fra:451 Mem:314.90M (Peak 314.94M) | Time:00:00.42 | Mem:0.00M, Peak:0.00M | Scene, ViewLayer | Synchronizing object | Load_column.007
Fra:451 Mem:314.90M (Peak 314.94M) | Time:00:00.42 | Mem:0.00M, Peak:0.00M | Scene, ViewLayer | Synchronizing object | Curved_roof_glazing.007
Fra:451 Mem:314.90M (Peak 314.94M) | Time:00:00.42 | Mem:0.00M, Peak:0.00M | Scene, ViewLayer | Synchronizing object | End_wall_sill.002
Fra:451 Mem:314.93M (Peak 314.94M) | Time:00:00.42 | Mem:0.00M, Peak:0.00M | Scene, ViewLayer | Synchronizing object | Platform_canopy_beam.003
Fra:451 Mem:314.93M (Peak 314.94M) | Time:00:00.42 | Mem:0.00M, Peak:0.00M | Scene, ViewLayer | Synchronizing object | Platform_canopy_beam.001
Fra:451 Mem:314.98M (Peak 314.98M) | Time:00:00.42 | Mem:0.00M, Peak:0.00M | Scene, ViewLayer | Synchronizing object | Platform_canopy_beam.002
Fra:451 Mem:314.97M (Peak 314.98M) | Time:00:00.42 | Mem:0.00M, Peak:0.00M | Scene, ViewLayer | Synchronizing object | Canopy_edge_fascia
Fra:451 Mem:315.02M (Peak 315.02M) | Time:00:00.42 | Mem:0.00M, Peak:0.00M | Scene, ViewLayer | Synchronizing object | Platform_canopy_beam.008
Fra:451 Mem:315.02M (Peak 315.02M) | Time:00:00.42 | Mem:0.00M, Peak:0.00M | Scene, ViewLayer | Synchronizing object | Platform_canopy_beam.006
Fra:451 Mem:315.06M (Peak 315.06M) | Time:00:00.42 | Mem:0.00M, Peak:0.00M | Scene, ViewLayer | Synchronizing object | Platform_canopy_beam.004
Fra:451 Mem:315.10M (Peak 315.10M) | Time:00:00.42 | Mem:0.00M, Peak:0.00M | Scene, ViewLayer | Synchronizing object | Platform_canopy_beam.005
Fra:451 Mem:315.11M (Peak 315.11M) | Time:00:00.42 | Mem:0.00M, Peak:0.00M | Scene, ViewLayer | Synchronizing object | Platform_canopy_beam.007
Fra:451 Mem:315.13M (Peak 315.13M) | Time:00:00.42 | Mem:0.00M, Peak:0.00M | Scene, ViewLayer | Synchronizing object | Platform_canopy_glass.001
Fra:451 Mem:315.13M (Peak 315.13M) | Time:00:00.42 | Mem:0.00M, Peak:0.00M | Scene, ViewLayer | Synchronizing object | Platform_canopy_beam
Fra:451 Mem:315.16M (Peak 315.16M) | Time:00:00.42 | Mem:0.00M, Peak:0.00M | Scene, ViewLayer | Synchronizing object | Canopy_tension_brace.007
Fra:451 Mem:315.18M (Peak 315.18M) | Time:00:00.42 | Mem:0.00M, Peak:0.00M | Scene, ViewLayer | Synchronizing object | Canopy_tension_brace.005
Fra:451 Mem:315.17M (Peak 315.18M) | Time:00:00.42 | Mem:0.00M, Peak:0.00M | Scene, ViewLayer | Synchronizing object | Canopy_tension_brace.003
Fra:451 Mem:315.17M (Peak 315.18M) | Time:00:00.42 | Mem:0.00M, Peak:0.00M | Scene, ViewLayer | Synchronizing object | Canopy_tension_brace.004
Fra:451 Mem:315.18M (Peak 315.18M) | Time:00:00.42 | Mem:0.00M, Peak:0.00M | Scene, ViewLayer | Synchronizing object | Canopy_tension_brace.006
Fra:451 Mem:315.18M (Peak 315.18M) | Time:00:00.42 | Mem:0.00M, Peak:0.00M | Scene, ViewLayer | Synchronizing object | Canopy_tension_brace.001
Fra:451 Mem:315.20M (Peak 315.20M) | Time:00:00.42 | Mem:0.00M, Peak:0.00M | Scene, ViewLayer | Synchronizing object | Canopy_tension_brace.002
Fra:451 Mem:315.20M (Peak 315.20M) | Time:00:00.42 | Mem:0.00M, Peak:0.00M | Scene, ViewLayer | Synchronizing object | Platform_canopy_glass.003
Fra:451 Mem:315.20M (Peak 315.20M) | Time:00:00.42 | Mem:0.00M, Peak:0.00M | Scene, ViewLayer | Synchronizing object | Canopy_tension_brace.008
Fra:451 Mem:315.21M (Peak 315.21M) | Time:00:00.42 | Mem:0.00M, Peak:0.00M | Scene, ViewLayer | Synchronizing object | Canopy_tension_brace
Fra:451 Mem:315.21M (Peak 315.21M) | Time:00:00.42 | Mem:0.00M, Peak:0.00M | Scene, ViewLayer | Synchronizing object | Platform_canopy_glass.002
Fra:451 Mem:315.22M (Peak 315.22M) | Time:00:00.42 | Mem:0.00M, Peak:0.00M | Scene, ViewLayer | Synchronizing object | Platform_canopy_glass
Fra:451 Mem:315.22M (Peak 315.22M) | Time:00:00.42 | Mem:0.00M, Peak:0.00M | Scene, ViewLayer | Synchronizing object | Chair_leg_proxy.020
Fra:451 Mem:315.22M (Peak 315.22M) | Time:00:00.42 | Mem:0.00M, Peak:0.00M | Scene, ViewLayer | Synchronizing object | Waiting_bench_support.001
Fra:451 Mem:315.26M (Peak 315.26M) | Time:00:00.42 | Mem:0.00M, Peak:0.00M | Scene, ViewLayer | Synchronizing object | Waiting_bench_support.002
Fra:451 Mem:315.28M (Peak 315.28M) | Time:00:00.42 | Mem:0.00M, Peak:0.00M | Scene, ViewLayer | Synchronizing object | Cafe_chair_seat_proxy.002
Fra:451 Mem:315.30M (Peak 315.30M) | Time:00:00.42 | Mem:0.00M, Peak:0.00M | Scene, ViewLayer | Synchronizing object | Waiting_bench_support.006
Fra:451 Mem:315.33M (Peak 315.33M) | Time:00:00.42 | Mem:0.00M, Peak:0.00M | Scene, ViewLayer | Synchronizing object | Cafe_table_top.001
Fra:451 Mem:315.34M (Peak 315.34M) | Time:00:00.42 | Mem:0.00M, Peak:0.00M | Scene, ViewLayer | Synchronizing object | Chair_leg_proxy.014
Fra:451 Mem:315.35M (Peak 315.35M) | Time:00:00.42 | Mem:0.00M, Peak:0.00M | Scene, ViewLayer | Synchronizing object | Cafe_table_pedestal.002
Fra:451 Mem:315.37M (Peak 315.37M) | Time:00:00.42 | Mem:0.00M, Peak:0.00M | Scene, ViewLayer | Synchronizing object | Cafe_table_foot.001
Fra:451 Mem:315.36M (Peak 315.37M) | Time:00:00.42 | Mem:0.00M, Peak:0.00M | Scene, ViewLayer | Synchronizing object | Waiting_bench_cushion_proxy.001
Fra:451 Mem:315.38M (Peak 315.38M) | Time:00:00.42 | Mem:0.00M, Peak:0.00M | Scene, ViewLayer | Synchronizing object | Waiting_bench_support.003
Fra:451 Mem:315.40M (Peak 315.40M) | Time:00:00.42 | Mem:0.00M, Peak:0.00M | Scene, ViewLayer | Synchronizing object | Chair_leg_proxy.016
Fra:451 Mem:315.41M (Peak 315.41M) | Time:00:00.42 | Mem:0.00M, Peak:0.00M | Scene, ViewLayer | Synchronizing object | Chair_leg_proxy.013
Fra:451 Mem:315.41M (Peak 315.41M) | Time:00:00.42 | Mem:0.00M, Peak:0.00M | Scene, ViewLayer | Synchronizing object | Cafe_chair_seat_proxy.004
Fra:451 Mem:315.45M (Peak 315.45M) | Time:00:00.42 | Mem:0.00M, Peak:0.00M | Scene, ViewLayer | Synchronizing object | Chair_leg_proxy.011
Fra:451 Mem:315.45M (Peak 315.45M) | Time:00:00.42 | Mem:0.00M, Peak:0.00M | Scene, ViewLayer | Synchronizing object | Waiting_bench_cushion_proxy.002
Fra:451 Mem:315.48M (Peak 315.48M) | Time:00:00.42 | Mem:0.00M, Peak:0.00M | Scene, ViewLayer | Synchronizing object | Chair_leg_proxy.023
Fra:451 Mem:315.48M (Peak 315.48M) | Time:00:00.42 | Mem:0.00M, Peak:0.00M | Scene, ViewLayer | Synchronizing object | Cafe_table_pedestal.001
Fra:451 Mem:315.49M (Peak 315.49M) | Time:00:00.42 | Mem:0.00M, Peak:0.00M | Scene, ViewLayer | Synchronizing object | Cafe_table_foot.002
Fra:451 Mem:315.50M (Peak 315.50M) | Time:00:00.42 | Mem:0.00M, Peak:0.00M | Scene, ViewLayer | Synchronizing object | Waiting_bench_back_proxy.002
Fra:451 Mem:315.53M (Peak 315.53M) | Time:00:00.42 | Mem:0.00M, Peak:0.00M | Scene, ViewLayer | Synchronizing object | Chair_leg_proxy.010
Fra:451 Mem:315.53M (Peak 315.53M) | Time:00:00.42 | Mem:0.00M, Peak:0.00M | Scene, ViewLayer | Synchronizing object | Chair_leg_proxy.022
Fra:451 Mem:315.55M (Peak 315.55M) | Time:00:00.42 | Mem:0.00M, Peak:0.00M | Scene, ViewLayer | Synchronizing object | Cafe_chair_seat_proxy.005
Fra:451 Mem:315.53M (Peak 315.55M) | Time:00:00.42 | Mem:0.00M, Peak:0.00M | Scene, ViewLayer | Synchronizing object | Cafe_chair_back_proxy.004
Fra:451 Mem:315.57M (Peak 315.57M) | Time:00:00.42 | Mem:0.00M, Peak:0.00M | Scene, ViewLayer | Synchronizing object | Cafe_chair_back_proxy.003
Fra:451 Mem:315.61M (Peak 315.61M) | Time:00:00.42 | Mem:0.00M, Peak:0.00M | Scene, ViewLayer | Synchronizing object | Waiting_bench_support.004
Fra:451 Mem:315.62M (Peak 315.62M) | Time:00:00.42 | Mem:0.00M, Peak:0.00M | Scene, ViewLayer | Synchronizing object | Chair_leg_proxy.009
Fra:451 Mem:315.63M (Peak 315.63M) | Time:00:00.42 | Mem:0.00M, Peak:0.00M | Scene, ViewLayer | Synchronizing object | Chair_leg_proxy.021
Fra:451 Mem:315.63M (Peak 315.63M) | Time:00:00.42 | Mem:0.00M, Peak:0.00M | Scene, ViewLayer | Synchronizing object | Chair_leg_proxy.012
Fra:451 Mem:315.64M (Peak 315.64M) | Time:00:00.42 | Mem:0.00M, Peak:0.00M | Scene, ViewLayer | Synchronizing object | Chair_leg_proxy.019
Fra:451 Mem:315.64M (Peak 315.64M) | Time:00:00.42 | Mem:0.00M, Peak:0.00M | Scene, ViewLayer | Synchronizing object | Waiting_bench_support.005
Fra:451 Mem:315.65M (Peak 315.65M) | Time:00:00.42 | Mem:0.00M, Peak:0.00M | Scene, ViewLayer | Synchronizing object | Waiting_bench_cushion_proxy
Fra:451 Mem:315.70M (Peak 315.70M) | Time:00:00.42 | Mem:0.00M, Peak:0.00M | Scene, ViewLayer | Synchronizing object | Chair_leg_proxy.018
Fra:451 Mem:315.70M (Peak 315.70M) | Time:00:00.42 | Mem:0.00M, Peak:0.00M | Scene, ViewLayer | Synchronizing object | Waiting_bench_cushion_proxy.003
Fra:451 Mem:315.70M (Peak 315.70M) | Time:00:00.42 | Mem:0.00M, Peak:0.00M | Scene, ViewLayer | Synchronizing object | Cafe_chair_back_proxy.002
Fra:451 Mem:315.76M (Peak 315.76M) | Time:00:00.42 | Mem:0.00M, Peak:0.00M | Scene, ViewLayer | Synchronizing object | Waiting_bench_back_proxy
Fra:451 Mem:315.75M (Peak 315.76M) | Time:00:00.42 | Mem:0.00M, Peak:0.00M | Scene, ViewLayer | Synchronizing object | Waiting_bench_support.007
Fra:451 Mem:315.81M (Peak 315.81M) | Time:00:00.42 | Mem:0.00M, Peak:0.00M | Scene, ViewLayer | Synchronizing object | Cafe_chair_back_proxy.005
Fra:451 Mem:315.80M (Peak 315.81M) | Time:00:00.42 | Mem:0.00M, Peak:0.00M | Scene, ViewLayer | Synchronizing object | Chair_leg_proxy.017
Fra:451 Mem:315.81M (Peak 315.81M) | Time:00:00.42 | Mem:0.00M, Peak:0.00M | Scene, ViewLayer | Synchronizing object | Cafe_table_top.002
Fra:451 Mem:315.84M (Peak 315.84M) | Time:00:00.42 | Mem:0.00M, Peak:0.00M | Scene, ViewLayer | Synchronizing object | Waiting_bench_support
Fra:451 Mem:315.86M (Peak 315.86M) | Time:00:00.42 | Mem:0.00M, Peak:0.00M | Scene, ViewLayer | Synchronizing object | Waiting_bench_back_proxy.003
Fra:451 Mem:315.88M (Peak 315.88M) | Time:00:00.42 | Mem:0.00M, Peak:0.00M | Scene, ViewLayer | Synchronizing object | Waiting_bench_back_proxy.001
Fra:451 Mem:315.91M (Peak 315.91M) | Time:00:00.42 | Mem:0.00M, Peak:0.00M | Scene, ViewLayer | Synchronizing object | Chair_leg_proxy.008
Fra:451 Mem:315.95M (Peak 315.95M) | Time:00:00.42 | Mem:0.00M, Peak:0.00M | Scene, ViewLayer | Synchronizing object | Botanical_blade_proxy.007
Fra:451 Mem:315.97M (Peak 315.97M) | Time:00:00.42 | Mem:0.00M, Peak:0.00M | Scene, ViewLayer | Synchronizing object | Botanical_blade_proxy.017
Fra:451 Mem:316.02M (Peak 316.02M) | Time:00:00.42 | Mem:0.00M, Peak:0.00M | Scene, ViewLayer | Synchronizing object | Plant_stem_proxy.028
Fra:451 Mem:316.01M (Peak 316.02M) | Time:00:00.42 | Mem:0.00M, Peak:0.00M | Scene, ViewLayer | Synchronizing object | Plant_stem_proxy.043
Fra:451 Mem:316.01M (Peak 316.02M) | Time:00:00.42 | Mem:0.00M, Peak:0.00M | Scene, ViewLayer | Synchronizing object | Botanical_blade_proxy.026
Fra:451 Mem:316.03M (Peak 316.03M) | Time:00:00.42 | Mem:0.00M, Peak:0.00M | Scene, ViewLayer | Synchronizing object | Botanical_blade_proxy.038
Fra:451 Mem:316.08M (Peak 316.08M) | Time:00:00.42 | Mem:0.00M, Peak:0.00M | Scene, ViewLayer | Synchronizing object | Plant_stem_proxy.042
Fra:451 Mem:316.09M (Peak 316.09M) | Time:00:00.42 | Mem:0.00M, Peak:0.00M | Scene, ViewLayer | Synchronizing object | Botanical_blade_proxy.006
Fra:451 Mem:316.13M (Peak 316.13M) | Time:00:00.42 | Mem:0.00M, Peak:0.00M | Scene, ViewLayer | Synchronizing object | Botanical_blade_proxy.016
Fra:451 Mem:316.13M (Peak 316.13M) | Time:00:00.42 | Mem:0.00M, Peak:0.00M | Scene, ViewLayer | Synchronizing object | Plant_container_proxy.007
Fra:451 Mem:316.17M (Peak 316.17M) | Time:00:00.42 | Mem:0.00M, Peak:0.00M | Scene, ViewLayer | Synchronizing object | Botanical_blade_proxy.037
Fra:451 Mem:316.22M (Peak 316.22M) | Time:00:00.42 | Mem:0.00M, Peak:0.00M | Scene, ViewLayer | Synchronizing object | Plant_stem_proxy.045
Fra:451 Mem:316.22M (Peak 316.22M) | Time:00:00.42 | Mem:0.00M, Peak:0.00M | Scene, ViewLayer | Synchronizing object | Botanical_blade_proxy.025
Fra:451 Mem:316.22M (Peak 316.22M) | Time:00:00.42 | Mem:0.00M, Peak:0.00M | Scene, ViewLayer | Synchronizing object | Botanical_blade_proxy.049
Fra:451 Mem:316.29M (Peak 316.29M) | Time:00:00.42 | Mem:0.00M, Peak:0.00M | Scene, ViewLayer | Synchronizing object | Plant_stem_proxy.012
Fra:451 Mem:316.30M (Peak 316.30M) | Time:00:00.42 | Mem:0.00M, Peak:0.00M | Scene, ViewLayer | Synchronizing object | Botanical_blade_proxy.005
Fra:451 Mem:316.34M (Peak 316.34M) | Time:00:00.42 | Mem:0.00M, Peak:0.00M | Scene, ViewLayer | Synchronizing object | Botanical_blade_proxy.015
Fra:451 Mem:316.35M (Peak 316.35M) | Time:00:00.42 | Mem:0.00M, Peak:0.00M | Scene, ViewLayer | Synchronizing object | Botanical_blade_proxy.036
Fra:451 Mem:316.42M (Peak 316.42M) | Time:00:00.42 | Mem:0.00M, Peak:0.00M | Scene, ViewLayer | Synchronizing object | Plant_stem_proxy.025
Fra:451 Mem:316.43M (Peak 316.43M) | Time:00:00.42 | Mem:0.00M, Peak:0.00M | Scene, ViewLayer | Synchronizing object | Plant_stem_proxy.015
Fra:451 Mem:316.43M (Peak 316.43M) | Time:00:00.42 | Mem:0.00M, Peak:0.00M | Scene, ViewLayer | Synchronizing object | Botanical_blade_proxy.043
Fra:451 Mem:316.46M (Peak 316.46M) | Time:00:00.42 | Mem:0.00M, Peak:0.00M | Scene, ViewLayer | Synchronizing object | Plant_container_proxy.009
Fra:451 Mem:316.48M (Peak 316.48M) | Time:00:00.42 | Mem:0.00M, Peak:0.00M | Scene, ViewLayer | Synchronizing object | Botanical_blade_proxy.004
Fra:451 Mem:316.52M (Peak 316.52M) | Time:00:00.42 | Mem:0.00M, Peak:0.00M | Scene, ViewLayer | Synchronizing object | Botanical_blade_proxy.011
Fra:451 Mem:316.56M (Peak 316.56M) | Time:00:00.42 | Mem:0.00M, Peak:0.00M | Scene, ViewLayer | Synchronizing object | Plant_container_proxy.005
Fra:451 Mem:316.57M (Peak 316.57M) | Time:00:00.42 | Mem:0.00M, Peak:0.00M | Scene, ViewLayer | Synchronizing object | Plant_stem_proxy.003
Fra:451 Mem:316.57M (Peak 316.57M) | Time:00:00.42 | Mem:0.00M, Peak:0.00M | Scene, ViewLayer | Synchronizing object | Botanical_blade_proxy.009
Fra:451 Mem:316.58M (Peak 316.58M) | Time:00:00.42 | Mem:0.00M, Peak:0.00M | Scene, ViewLayer | Synchronizing object | Botanical_blade_proxy.035
Fra:451 Mem:316.65M (Peak 316.65M) | Time:00:00.42 | Mem:0.00M, Peak:0.00M | Scene, ViewLayer | Synchronizing object | Botanical_blade_proxy.042
Fra:451 Mem:316.66M (Peak 316.66M) | Time:00:00.42 | Mem:0.00M, Peak:0.00M | Scene, ViewLayer | Synchronizing object | Plant_stem_proxy.022
Fra:451 Mem:316.69M (Peak 316.69M) | Time:00:00.42 | Mem:0.00M, Peak:0.00M | Scene, ViewLayer | Synchronizing object | Botanical_blade_proxy.003
Fra:451 Mem:316.73M (Peak 316.73M) | Time:00:00.42 | Mem:0.00M, Peak:0.00M | Scene, ViewLayer | Synchronizing object | Botanical_blade_proxy.010
Fra:451 Mem:316.77M (Peak 316.77M) | Time:00:00.42 | Mem:0.00M, Peak:0.00M | Scene, ViewLayer | Synchronizing object | Plant_stem_proxy.024
Fra:451 Mem:316.77M (Peak 316.77M) | Time:00:00.42 | Mem:0.00M, Peak:0.00M | Scene, ViewLayer | Synchronizing object | Plant_stem_proxy.002
Fra:451 Mem:316.77M (Peak 316.77M) | Time:00:00.42 | Mem:0.00M, Peak:0.00M | Scene, ViewLayer | Synchronizing object | Plant_stem_proxy.008
Fra:451 Mem:316.78M (Peak 316.78M) | Time:00:00.42 | Mem:0.00M, Peak:0.00M | Scene, ViewLayer | Synchronizing object | Botanical_blade_proxy.041
Fra:451 Mem:316.81M (Peak 316.81M) | Time:00:00.42 | Mem:0.00M, Peak:0.00M | Scene, ViewLayer | Synchronizing object | Plant_stem_proxy.021
Fra:451 Mem:316.82M (Peak 316.82M) | Time:00:00.42 | Mem:0.00M, Peak:0.00M | Scene, ViewLayer | Synchronizing object | Plant_stem_proxy.020
Fra:451 Mem:316.82M (Peak 316.82M) | Time:00:00.42 | Mem:0.00M, Peak:0.00M | Scene, ViewLayer | Synchronizing object | Botanical_blade_proxy.040
Fra:451 Mem:316.86M (Peak 316.86M) | Time:00:00.42 | Mem:0.00M, Peak:0.00M | Scene, ViewLayer | Synchronizing object | Plant_container_proxy.002
Fra:451 Mem:316.87M (Peak 316.87M) | Time:00:00.42 | Mem:0.00M, Peak:0.00M | Scene, ViewLayer | Synchronizing object | Plant_container_proxy.004
Fra:451 Mem:316.87M (Peak 316.87M) | Time:00:00.42 | Mem:0.00M, Peak:0.00M | Scene, ViewLayer | Synchronizing object | Botanical_blade_proxy.028
Fra:451 Mem:316.91M (Peak 316.91M) | Time:00:00.42 | Mem:0.00M, Peak:0.00M | Scene, ViewLayer | Synchronizing object | Plant_stem_proxy.049
Fra:451 Mem:316.92M (Peak 316.92M) | Time:00:00.42 | Mem:0.00M, Peak:0.00M | Scene, ViewLayer | Synchronizing object | Plant_stem_proxy.035
Fra:451 Mem:316.92M (Peak 316.92M) | Time:00:00.42 | Mem:0.00M, Peak:0.00M | Scene, ViewLayer | Synchronizing object | Plant_stem_proxy.019
Fra:451 Mem:316.92M (Peak 316.92M) | Time:00:00.42 | Mem:0.00M, Peak:0.00M | Scene, ViewLayer | Synchronizing object | Plant_stem_proxy.046
Fra:451 Mem:316.92M (Peak 316.92M) | Time:00:00.42 | Mem:0.00M, Peak:0.00M | Scene, ViewLayer | Synchronizing object | Botanical_blade_proxy.027
Fra:451 Mem:316.96M (Peak 316.96M) | Time:00:00.42 | Mem:0.00M, Peak:0.00M | Scene, ViewLayer | Synchronizing object | Plant_stem_proxy.011
Fra:451 Mem:316.97M (Peak 316.97M) | Time:00:00.42 | Mem:0.00M, Peak:0.00M | Scene, ViewLayer | Synchronizing object | Botanical_blade_proxy.029
Fra:451 Mem:317.01M (Peak 317.01M) | Time:00:00.42 | Mem:0.00M, Peak:0.00M | Scene, ViewLayer | Synchronizing object | Plant_stem_proxy.023
Fra:451 Mem:317.01M (Peak 317.01M) | Time:00:00.42 | Mem:0.00M, Peak:0.00M | Scene, ViewLayer | Synchronizing object | Plant_stem_proxy.048
Fra:451 Mem:317.01M (Peak 317.01M) | Time:00:00.42 | Mem:0.00M, Peak:0.00M | Scene, ViewLayer | Synchronizing object | Plant_stem_proxy.005
Fra:451 Mem:317.02M (Peak 317.02M) | Time:00:00.42 | Mem:0.00M, Peak:0.00M | Scene, ViewLayer | Synchronizing object | Plant_stem_proxy.004
Fra:451 Mem:317.02M (Peak 317.02M) | Time:00:00.42 | Mem:0.00M, Peak:0.00M | Scene, ViewLayer | Synchronizing object | Plant_stem_proxy.018
Fra:451 Mem:317.02M (Peak 317.02M) | Time:00:00.42 | Mem:0.00M, Peak:0.00M | Scene, ViewLayer | Synchronizing object | Botanical_blade_proxy.008
Fra:451 Mem:317.06M (Peak 317.06M) | Time:00:00.42 | Mem:0.00M, Peak:0.00M | Scene, ViewLayer | Synchronizing object | Plant_stem_proxy.047
Fra:451 Mem:317.06M (Peak 317.06M) | Time:00:00.42 | Mem:0.00M, Peak:0.00M | Scene, ViewLayer | Synchronizing object | Plant_stem_proxy.027
Fra:451 Mem:317.07M (Peak 317.07M) | Time:00:00.42 | Mem:0.00M, Peak:0.00M | Scene, ViewLayer | Synchronizing object | Plant_stem_proxy.040
Fra:451 Mem:317.07M (Peak 317.07M) | Time:00:00.42 | Mem:0.00M, Peak:0.00M | Scene, ViewLayer | Synchronizing object | Plant_stem_proxy.007
Fra:451 Mem:317.07M (Peak 317.07M) | Time:00:00.42 | Mem:0.00M, Peak:0.00M | Scene, ViewLayer | Synchronizing object | Plant_stem_proxy.017
Fra:451 Mem:317.07M (Peak 317.07M) | Time:00:00.42 | Mem:0.00M, Peak:0.00M | Scene, ViewLayer | Synchronizing object | Botanical_blade_proxy.044
Fra:451 Mem:317.11M (Peak 317.11M) | Time:00:00.42 | Mem:0.00M, Peak:0.00M | Scene, ViewLayer | Synchronizing object | Plant_container_proxy.003
Fra:451 Mem:317.12M (Peak 317.12M) | Time:00:00.42 | Mem:0.00M, Peak:0.00M | Scene, ViewLayer | Synchronizing object | Plant_stem_proxy.026
Fra:451 Mem:317.12M (Peak 317.12M) | Time:00:00.42 | Mem:0.00M, Peak:0.00M | Scene, ViewLayer | Synchronizing object | Botanical_blade_proxy.022
Fra:451 Mem:317.16M (Peak 317.16M) | Time:00:00.42 | Mem:0.00M, Peak:0.00M | Scene, ViewLayer | Synchronizing object | Plant_stem_proxy.016
Fra:451 Mem:317.17M (Peak 317.17M) | Time:00:00.42 | Mem:0.00M, Peak:0.00M | Scene, ViewLayer | Synchronizing object | Plant_stem_proxy.036
Fra:451 Mem:317.17M (Peak 317.17M) | Time:00:00.42 | Mem:0.00M, Peak:0.00M | Scene, ViewLayer | Synchronizing object | Plant_stem_proxy
Fra:451 Mem:317.17M (Peak 317.17M) | Time:00:00.42 | Mem:0.00M, Peak:0.00M | Scene, ViewLayer | Synchronizing object | Plant_stem_proxy.014
Fra:451 Mem:317.17M (Peak 317.17M) | Time:00:00.42 | Mem:0.00M, Peak:0.00M | Scene, ViewLayer | Synchronizing object | Botanical_blade_proxy.024
Fra:451 Mem:317.21M (Peak 317.21M) | Time:00:00.42 | Mem:0.00M, Peak:0.00M | Scene, ViewLayer | Synchronizing object | Botanical_blade_proxy.048
Fra:451 Mem:317.25M (Peak 317.25M) | Time:00:00.42 | Mem:0.00M, Peak:0.00M | Scene, ViewLayer | Synchronizing object | Botanical_blade_proxy.014
Fra:451 Mem:317.29M (Peak 317.29M) | Time:00:00.42 | Mem:0.00M, Peak:0.00M | Scene, ViewLayer | Synchronizing object | Plant_container_proxy.008
Fra:451 Mem:317.31M (Peak 317.31M) | Time:00:00.42 | Mem:0.00M, Peak:0.00M | Scene, ViewLayer | Synchronizing object | Botanical_blade_proxy.021
Fra:451 Mem:317.34M (Peak 317.34M) | Time:00:00.42 | Mem:0.00M, Peak:0.00M | Scene, ViewLayer | Synchronizing object | Botanical_blade_proxy.023
Fra:451 Mem:317.38M (Peak 317.38M) | Time:00:00.42 | Mem:0.00M, Peak:0.00M | Scene, ViewLayer | Synchronizing object | Plant_container_proxy
Fra:451 Mem:317.40M (Peak 317.40M) | Time:00:00.42 | Mem:0.00M, Peak:0.00M | Scene, ViewLayer | Synchronizing object | Botanical_blade_proxy.047
Fra:451 Mem:317.39M (Peak 317.40M) | Time:00:00.42 | Mem:0.00M, Peak:0.00M | Scene, ViewLayer | Synchronizing object | Plant_stem_proxy.039
Fra:451 Mem:317.43M (Peak 317.43M) | Time:00:00.42 | Mem:0.00M, Peak:0.00M | Scene, ViewLayer | Synchronizing object | Plant_stem_proxy.009
Fra:451 Mem:317.43M (Peak 317.43M) | Time:00:00.42 | Mem:0.00M, Peak:0.00M | Scene, ViewLayer | Synchronizing object | Botanical_blade_proxy.013
Fra:451 Mem:317.47M (Peak 317.47M) | Time:00:00.42 | Mem:0.00M, Peak:0.00M | Scene, ViewLayer | Synchronizing object | Botanical_blade_proxy.020
Fra:451 Mem:317.51M (Peak 317.51M) | Time:00:00.42 | Mem:0.00M, Peak:0.00M | Scene, ViewLayer | Synchronizing object | Plant_stem_proxy.041
Fra:451 Mem:317.52M (Peak 317.52M) | Time:00:00.43 | Mem:0.00M, Peak:0.00M | Scene, ViewLayer | Synchronizing object | Botanical_blade_proxy.046
Fra:451 Mem:317.53M (Peak 317.53M) | Time:00:00.43 | Mem:0.00M, Peak:0.00M | Scene, ViewLayer | Synchronizing object | Plant_stem_proxy.001
Fra:451 Mem:317.56M (Peak 317.56M) | Time:00:00.43 | Mem:0.00M, Peak:0.00M | Scene, ViewLayer | Synchronizing object | Botanical_blade_proxy.012
Fra:451 Mem:317.60M (Peak 317.60M) | Time:00:00.43 | Mem:0.00M, Peak:0.00M | Scene, ViewLayer | Synchronizing object | Botanical_blade_proxy.002
Fra:451 Mem:317.64M (Peak 317.64M) | Time:00:00.43 | Mem:0.00M, Peak:0.00M | Scene, ViewLayer | Synchronizing object | Plant_stem_proxy.010
Fra:451 Mem:317.64M (Peak 317.64M) | Time:00:00.43 | Mem:0.00M, Peak:0.00M | Scene, ViewLayer | Synchronizing object | Plant_stem_proxy.038
Fra:451 Mem:317.65M (Peak 317.65M) | Time:00:00.43 | Mem:0.00M, Peak:0.00M | Scene, ViewLayer | Synchronizing object | Botanical_blade_proxy.019
Fra:451 Mem:317.68M (Peak 317.68M) | Time:00:00.43 | Mem:0.00M, Peak:0.00M | Scene, ViewLayer | Synchronizing object | Botanical_blade_proxy.045
Fra:451 Mem:317.72M (Peak 317.72M) | Time:00:00.43 | Mem:0.00M, Peak:0.00M | Scene, ViewLayer | Synchronizing object | Plant_stem_proxy.006
Fra:451 Mem:317.73M (Peak 317.73M) | Time:00:00.43 | Mem:0.00M, Peak:0.00M | Scene, ViewLayer | Synchronizing object | Plant_stem_proxy.013
Fra:451 Mem:317.73M (Peak 317.73M) | Time:00:00.43 | Mem:0.00M, Peak:0.00M | Scene, ViewLayer | Synchronizing object | Botanical_blade_proxy.001
Fra:451 Mem:317.77M (Peak 317.77M) | Time:00:00.43 | Mem:0.00M, Peak:0.00M | Scene, ViewLayer | Synchronizing object | Plant_stem_proxy.037
Fra:451 Mem:317.78M (Peak 317.78M) | Time:00:00.43 | Mem:0.00M, Peak:0.00M | Scene, ViewLayer | Synchronizing object | Botanical_blade_proxy.018
Fra:451 Mem:317.81M (Peak 317.81M) | Time:00:00.43 | Mem:0.00M, Peak:0.00M | Scene, ViewLayer | Synchronizing object | Plant_stem_proxy.029
Fra:451 Mem:317.81M (Peak 317.81M) | Time:00:00.43 | Mem:0.00M, Peak:0.00M | Scene, ViewLayer | Synchronizing object | Plant_stem_proxy.044
Fra:451 Mem:317.82M (Peak 317.82M) | Time:00:00.43 | Mem:0.00M, Peak:0.00M | Scene, ViewLayer | Synchronizing object | Botanical_blade_proxy.039
Fra:451 Mem:317.82M (Peak 317.82M) | Time:00:00.43 | Mem:0.00M, Peak:0.00M | Scene, ViewLayer | Synchronizing object | Botanical_blade_proxy
Fra:451 Mem:317.91M (Peak 317.91M) | Time:00:00.43 | Mem:0.00M, Peak:0.00M | Scene, ViewLayer | Synchronizing object | Plant_container_proxy.001
Fra:451 Mem:317.92M (Peak 317.92M) | Time:00:00.43 | Mem:0.00M, Peak:0.00M | Scene, ViewLayer | Synchronizing object | Car_window_horizontal_frame.004
Fra:451 Mem:317.91M (Peak 317.92M) | Time:00:00.43 | Mem:0.00M, Peak:0.00M | Scene, ViewLayer | Synchronizing object | Car_window_pillar
Fra:451 Mem:317.98M (Peak 317.98M) | Time:00:00.43 | Mem:0.00M, Peak:0.00M | Scene, ViewLayer | Synchronizing object | Primary_suspension.007
Fra:451 Mem:317.96M (Peak 317.98M) | Time:00:00.43 | Mem:0.00M, Peak:0.00M | Scene, ViewLayer | Synchronizing object | Primary_suspension.004
Fra:451 Mem:317.96M (Peak 317.98M) | Time:00:00.43 | Mem:0.00M, Peak:0.00M | Scene, ViewLayer | Synchronizing object | Cab_upper_cheek.002
Fra:451 Mem:317.96M (Peak 317.98M) | Time:00:00.43 | Mem:0.00M, Peak:0.00M | Scene, ViewLayer | Synchronizing object | Car_window_horizontal_frame.033
Fra:451 Mem:317.99M (Peak 317.99M) | Time:00:00.43 | Mem:0.00M, Peak:0.00M | Scene, ViewLayer | Synchronizing object | Wheel_flange.001
Fra:451 Mem:318.00M (Peak 318.00M) | Time:00:00.43 | Mem:0.00M, Peak:0.00M | Scene, ViewLayer | Synchronizing object | Cab_cheek.002
Fra:451 Mem:318.02M (Peak 318.02M) | Time:00:00.43 | Mem:0.00M, Peak:0.00M | Scene, ViewLayer | Synchronizing object | Train_headlamp_housing.003
Fra:451 Mem:318.00M (Peak 318.02M) | Time:00:00.43 | Mem:0.00M, Peak:0.00M | Scene, ViewLayer | Synchronizing object | Car_side_window.006
Fra:451 Mem:318.01M (Peak 318.02M) | Time:00:00.43 | Mem:0.00M, Peak:0.00M | Scene, ViewLayer | Synchronizing object | Car_window_horizontal_frame.020
Fra:451 Mem:318.04M (Peak 318.04M) | Time:00:00.43 | Mem:0.00M, Peak:0.00M | Scene, ViewLayer | Synchronizing object | Car_curved_lower_shell.011
Fra:451 Mem:318.04M (Peak 318.04M) | Time:00:00.43 | Mem:0.00M, Peak:0.00M | Scene, ViewLayer | Synchronizing object | Car_window_horizontal_frame.015
Fra:451 Mem:318.06M (Peak 318.06M) | Time:00:00.43 | Mem:0.00M, Peak:0.00M | Scene, ViewLayer | Synchronizing object | Car_curved_lower_shell.013
Fra:451 Mem:318.06M (Peak 318.06M) | Time:00:00.43 | Mem:0.00M, Peak:0.00M | Scene, ViewLayer | Synchronizing object | Car_window_pillar.027
Fra:451 Mem:318.09M (Peak 318.09M) | Time:00:00.43 | Mem:0.00M, Peak:0.00M | Scene, ViewLayer | Synchronizing object | Primary_suspension.001
Fra:451 Mem:318.08M (Peak 318.09M) | Time:00:00.43 | Mem:0.00M, Peak:0.00M | Scene, ViewLayer | Synchronizing object | Door_lower_panel.001
Fra:451 Mem:318.12M (Peak 318.12M) | Time:00:00.43 | Mem:0.00M, Peak:0.00M | Scene, ViewLayer | Synchronizing object | Car_ceiling_light.002
Fra:451 Mem:318.12M (Peak 318.12M) | Time:00:00.43 | Mem:0.00M, Peak:0.00M | Scene, ViewLayer | Synchronizing object | Primary_suspension.003
Fra:451 Mem:318.12M (Peak 318.12M) | Time:00:00.43 | Mem:0.00M, Peak:0.00M | Scene, ViewLayer | Synchronizing object | Car_window_pillar.010
Fra:451 Mem:318.18M (Peak 318.18M) | Time:00:00.43 | Mem:0.00M, Peak:0.00M | Scene, ViewLayer | Synchronizing object | Car_window_pillar.014
Fra:451 Mem:318.20M (Peak 318.20M) | Time:00:00.43 | Mem:0.00M, Peak:0.00M | Scene, ViewLayer | Synchronizing object | Cab_windscreen_mullion.001
Fra:451 Mem:318.21M (Peak 318.21M) | Time:00:00.43 | Mem:0.00M, Peak:0.00M | Scene, ViewLayer | Synchronizing object | Cab_floor_extension
Fra:451 Mem:318.23M (Peak 318.23M) | Time:00:00.43 | Mem:0.00M, Peak:0.00M | Scene, ViewLayer | Synchronizing object | Cab_upper_cheek.001
Fra:451 Mem:318.23M (Peak 318.23M) | Time:00:00.43 | Mem:0.00M, Peak:0.00M | Scene, ViewLayer | Synchronizing object | Car_curved_lower_shell.001
Fra:451 Mem:318.23M (Peak 318.23M) | Time:00:00.43 | Mem:0.00M, Peak:0.00M | Scene, ViewLayer | Synchronizing object | Car_side_window.012
Fra:451 Mem:318.23M (Peak 318.23M) | Time:00:00.43 | Mem:0.00M, Peak:0.00M | Scene, ViewLayer | Synchronizing object | Car_window_pillar.019
Fra:451 Mem:318.25M (Peak 318.25M) | Time:00:00.43 | Mem:0.00M, Peak:0.00M | Scene, ViewLayer | Synchronizing object | Car_window_pillar.009
Fra:451 Mem:318.28M (Peak 318.28M) | Time:00:00.43 | Mem:0.00M, Peak:0.00M | Scene, ViewLayer | Synchronizing object | Car_seat_base.002
Fra:451 Mem:318.30M (Peak 318.30M) | Time:00:00.43 | Mem:0.00M, Peak:0.00M | Scene, ViewLayer | Synchronizing object | Cab_complete_roof_loft.001
Fra:451 Mem:318.32M (Peak 318.32M) | Time:00:00.43 | Mem:0.00M, Peak:0.00M | Scene, ViewLayer | Synchronizing object | Primary_suspension.005
Fra:451 Mem:318.32M (Peak 318.32M) | Time:00:00.43 | Mem:0.00M, Peak:0.00M | Scene, ViewLayer | Synchronizing object | Car_window_horizontal_frame.030
Fra:451 Mem:318.34M (Peak 318.34M) | Time:00:00.43 | Mem:0.00M, Peak:0.00M | Scene, ViewLayer | Synchronizing object | Door_vertical_frame.003
Fra:451 Mem:318.37M (Peak 318.37M) | Time:00:00.43 | Mem:0.00M, Peak:0.00M | Scene, ViewLayer | Synchronizing object | Primary_suspension.002
Fra:451 Mem:318.37M (Peak 318.37M) | Time:00:00.43 | Mem:0.00M, Peak:0.00M | Scene, ViewLayer | Synchronizing object | Car_curved_lower_shell.016
Fra:451 Mem:318.37M (Peak 318.37M) | Time:00:00.43 | Mem:0.00M, Peak:0.00M | Scene, ViewLayer | Synchronizing object | Car_window_horizontal_frame.026
Fra:451 Mem:318.39M (Peak 318.39M) | Time:00:00.43 | Mem:0.00M, Peak:0.00M | Scene, ViewLayer | Synchronizing object | Car_window_horizontal_frame.022
Fra:451 Mem:318.42M (Peak 318.42M) | Time:00:00.43 | Mem:0.00M, Peak:0.00M | Scene, ViewLayer | Synchronizing object | Car_seat_base.004
Fra:451 Mem:318.47M (Peak 318.47M) | Time:00:00.43 | Mem:0.00M, Peak:0.00M | Scene, ViewLayer | Synchronizing object | Wheel_tread
Fra:451 Mem:318.47M (Peak 318.47M) | Time:00:00.43 | Mem:0.00M, Peak:0.00M | Scene, ViewLayer | Synchronizing object | Wheel_hub.002
Fra:451 Mem:318.48M (Peak 318.48M) | Time:00:00.43 | Mem:0.00M, Peak:0.00M | Scene, ViewLayer | Synchronizing object | Wheel_hub.003
Fra:451 Mem:318.49M (Peak 318.49M) | Time:00:00.43 | Mem:0.00M, Peak:0.00M | Scene, ViewLayer | Synchronizing object | Car_curved_lower_shell.003
Fra:451 Mem:318.49M (Peak 318.49M) | Time:00:00.43 | Mem:0.00M, Peak:0.00M | Scene, ViewLayer | Synchronizing object | Car_window_horizontal_frame.021
Fra:451 Mem:318.50M (Peak 318.50M) | Time:00:00.43 | Mem:0.00M, Peak:0.00M | Scene, ViewLayer | Synchronizing object | Car_curved_lower_shell.007
Fra:451 Mem:318.53M (Peak 318.53M) | Time:00:00.43 | Mem:0.00M, Peak:0.00M | Scene, ViewLayer | Synchronizing object | Cab_cheek.003
Fra:451 Mem:318.52M (Peak 318.53M) | Time:00:00.43 | Mem:0.00M, Peak:0.00M | Scene, ViewLayer | Synchronizing object | Car_window_horizontal_frame.025
Fra:451 Mem:318.54M (Peak 318.54M) | Time:00:00.43 | Mem:0.00M, Peak:0.00M | Scene, ViewLayer | Synchronizing object | Car_window_horizontal_frame.002
Fra:451 Mem:318.57M (Peak 318.57M) | Time:00:00.43 | Mem:0.00M, Peak:0.00M | Scene, ViewLayer | Synchronizing object | Car_seat_back.001
Fra:451 Mem:318.59M (Peak 318.59M) | Time:00:00.43 | Mem:0.00M, Peak:0.00M | Scene, ViewLayer | Synchronizing object | Primary_suspension.006
Fra:451 Mem:318.59M (Peak 318.59M) | Time:00:00.43 | Mem:0.00M, Peak:0.00M | Scene, ViewLayer | Synchronizing object | Car_waist_trim.002
Fra:451 Mem:318.61M (Peak 318.61M) | Time:00:00.43 | Mem:0.00M, Peak:0.00M | Scene, ViewLayer | Synchronizing object | Door_cross_frame
Fra:451 Mem:318.64M (Peak 318.64M) | Time:00:00.43 | Mem:0.00M, Peak:0.00M | Scene, ViewLayer | Synchronizing object | Car_window_horizontal_frame.032
Fra:451 Mem:318.67M (Peak 318.67M) | Time:00:00.43 | Mem:0.00M, Peak:0.00M | Scene, ViewLayer | Synchronizing object | Rear_luggage_bench
Fra:451 Mem:318.70M (Peak 318.70M) | Time:00:00.43 | Mem:0.00M, Peak:0.00M | Scene, ViewLayer | Synchronizing object | Cab_front_fairing
Fra:451 Mem:318.71M (Peak 318.71M) | Time:00:00.43 | Mem:0.00M, Peak:0.00M | Scene, ViewLayer | Synchronizing object | Car_seat_back
Fra:451 Mem:318.73M (Peak 318.73M) | Time:00:00.43 | Mem:0.00M, Peak:0.00M | Scene, ViewLayer | Synchronizing object | Car_window_pillar.031
Fra:451 Mem:318.76M (Peak 318.76M) | Time:00:00.43 | Mem:0.00M, Peak:0.00M | Scene, ViewLayer | Synchronizing object | Wheel_tread.002
Fra:451 Mem:318.76M (Peak 318.76M) | Time:00:00.43 | Mem:0.00M, Peak:0.00M | Scene, ViewLayer | Synchronizing object | Train_headlamp_housing.001
Fra:451 Mem:318.77M (Peak 318.77M) | Time:00:00.43 | Mem:0.00M, Peak:0.00M | Scene, ViewLayer | Synchronizing object | Car_window_horizontal_frame.014
Fra:451 Mem:318.80M (Peak 318.80M) | Time:00:00.43 | Mem:0.00M, Peak:0.00M | Scene, ViewLayer | Synchronizing object | Door_glazing
Fra:451 Mem:318.79M (Peak 318.80M) | Time:00:00.43 | Mem:0.00M, Peak:0.00M | Scene, ViewLayer | Synchronizing object | Car_curved_lower_shell.005
Fra:451 Mem:318.81M (Peak 318.81M) | Time:00:00.43 | Mem:0.00M, Peak:0.00M | Scene, ViewLayer | Synchronizing object | Car_ceiling_light.001
Fra:451 Mem:318.83M (Peak 318.83M) | Time:00:00.43 | Mem:0.00M, Peak:0.00M | Scene, ViewLayer | Synchronizing object | Wheel_flange.006
Fra:451 Mem:318.85M (Peak 318.85M) | Time:00:00.43 | Mem:0.00M, Peak:0.00M | Scene, ViewLayer | Synchronizing object | Car_window_horizontal_frame.009
Fra:451 Mem:318.86M (Peak 318.86M) | Time:00:00.43 | Mem:0.00M, Peak:0.00M | Scene, ViewLayer | Synchronizing object | Car_window_horizontal_frame.013
Fra:451 Mem:318.91M (Peak 318.91M) | Time:00:00.43 | Mem:0.00M, Peak:0.00M | Scene, ViewLayer | Synchronizing object | Cab_cheek
Fra:451 Mem:318.88M (Peak 318.91M) | Time:00:00.43 | Mem:0.00M, Peak:0.00M | Scene, ViewLayer | Synchronizing object | Cab_windscreen_mullion
Fra:451 Mem:318.90M (Peak 318.91M) | Time:00:00.43 | Mem:0.00M, Peak:0.00M | Scene, ViewLayer | Synchronizing object | Wheel_hub.004
Fra:451 Mem:318.91M (Peak 318.91M) | Time:00:00.43 | Mem:0.00M, Peak:0.00M | Scene, ViewLayer | Synchronizing object | Car_curved_lower_shell.014
Fra:451 Mem:318.91M (Peak 318.91M) | Time:00:00.43 | Mem:0.00M, Peak:0.00M | Scene, ViewLayer | Synchronizing object | Car_inner_wainscot.002
Fra:451 Mem:318.94M (Peak 318.94M) | Time:00:00.43 | Mem:0.00M, Peak:0.00M | Scene, ViewLayer | Synchronizing object | Car_seat_back.008
Fra:451 Mem:318.96M (Peak 318.96M) | Time:00:00.43 | Mem:0.00M, Peak:0.00M | Scene, ViewLayer | Synchronizing object | Car_waist_trim.001
Fra:451 Mem:318.99M (Peak 318.99M) | Time:00:00.43 | Mem:0.00M, Peak:0.00M | Scene, ViewLayer | Synchronizing object | Car_window_pillar.004
Fra:451 Mem:319.01M (Peak 319.01M) | Time:00:00.43 | Mem:0.00M, Peak:0.00M | Scene, ViewLayer | Synchronizing object | Car_window_pillar.012
Fra:451 Mem:319.06M (Peak 319.06M) | Time:00:00.43 | Mem:0.00M, Peak:0.00M | Scene, ViewLayer | Synchronizing object | Car_window_pillar.008
Fra:451 Mem:319.06M (Peak 319.06M) | Time:00:00.43 | Mem:0.00M, Peak:0.00M | Scene, ViewLayer | Synchronizing object | Cab_side_glass.003
Fra:451 Mem:319.08M (Peak 319.08M) | Time:00:00.43 | Mem:0.00M, Peak:0.00M | Scene, ViewLayer | Synchronizing object | Cab_side_glass.002
Fra:451 Mem:319.09M (Peak 319.09M) | Time:00:00.43 | Mem:0.00M, Peak:0.00M | Scene, ViewLayer | Synchronizing object | Car_window_pillar.007
Fra:451 Mem:319.13M (Peak 319.13M) | Time:00:00.43 | Mem:0.00M, Peak:0.00M | Scene, ViewLayer | Synchronizing object | Car_window_pillar.020
Fra:451 Mem:319.10M (Peak 319.13M) | Time:00:00.43 | Mem:0.00M, Peak:0.00M | Scene, ViewLayer | Synchronizing object | Train_headlamp_lens.003
Fra:451 Mem:319.15M (Peak 319.15M) | Time:00:00.43 | Mem:0.00M, Peak:0.00M | Scene, ViewLayer | Synchronizing object | Car_seat_back.007
Fra:451 Mem:319.16M (Peak 319.16M) | Time:00:00.43 | Mem:0.00M, Peak:0.00M | Scene, ViewLayer | Synchronizing object | Door_cross_frame.001
Fra:451 Mem:319.20M (Peak 319.20M) | Time:00:00.43 | Mem:0.00M, Peak:0.00M | Scene, ViewLayer | Synchronizing object | Car_window_horizontal_frame.007
Fra:451 Mem:319.21M (Peak 319.21M) | Time:00:00.43 | Mem:0.00M, Peak:0.00M | Scene, ViewLayer | Synchronizing object | Car_side_window.011
Fra:451 Mem:319.22M (Peak 319.22M) | Time:00:00.43 | Mem:0.00M, Peak:0.00M | Scene, ViewLayer | Synchronizing object | Car_seat_back.009
Fra:451 Mem:319.23M (Peak 319.23M) | Time:00:00.43 | Mem:0.00M, Peak:0.00M | Scene, ViewLayer | Synchronizing object | Car_side_window.013
Fra:451 Mem:319.24M (Peak 319.24M) | Time:00:00.43 | Mem:0.00M, Peak:0.00M | Scene, ViewLayer | Synchronizing object | Bogie_side_frame.001
Fra:451 Mem:319.27M (Peak 319.27M) | Time:00:00.43 | Mem:0.00M, Peak:0.00M | Scene, ViewLayer | Synchronizing object | Wheel_flange.007
Fra:451 Mem:319.26M (Peak 319.27M) | Time:00:00.43 | Mem:0.00M, Peak:0.00M | Scene, ViewLayer | Synchronizing object | Car_seat_back.006
Fra:451 Mem:319.26M (Peak 319.27M) | Time:00:00.43 | Mem:0.00M, Peak:0.00M | Scene, ViewLayer | Synchronizing object | Cab_front_glass
Fra:451 Mem:319.27M (Peak 319.27M) | Time:00:00.43 | Mem:0.00M, Peak:0.00M | Scene, ViewLayer | Synchronizing object | Car_curved_lower_shell.009
Fra:451 Mem:319.31M (Peak 319.31M) | Time:00:00.43 | Mem:0.00M, Peak:0.00M | Scene, ViewLayer | Synchronizing object | Wheel_hub.005
Fra:451 Mem:319.31M (Peak 319.31M) | Time:00:00.43 | Mem:0.00M, Peak:0.00M | Scene, ViewLayer | Synchronizing object | Car_window_horizontal_frame.028
Fra:451 Mem:319.32M (Peak 319.32M) | Time:00:00.43 | Mem:0.00M, Peak:0.00M | Scene, ViewLayer | Synchronizing object | Car_side_window.001
Fra:451 Mem:319.34M (Peak 319.34M) | Time:00:00.43 | Mem:0.00M, Peak:0.00M | Scene, ViewLayer | Synchronizing object | Train_headlamp_housing.002
Fra:451 Mem:319.34M (Peak 319.34M) | Time:00:00.43 | Mem:0.00M, Peak:0.00M | Scene, ViewLayer | Synchronizing object | Car_seat_cushion.001
Fra:451 Mem:319.37M (Peak 319.37M) | Time:00:00.43 | Mem:0.00M, Peak:0.00M | Scene, ViewLayer | Synchronizing object | Car_curved_lower_shell.002
Fra:451 Mem:319.38M (Peak 319.38M) | Time:00:00.43 | Mem:0.00M, Peak:0.00M | Scene, ViewLayer | Synchronizing object | Car_window_pillar.013
Fra:451 Mem:319.37M (Peak 319.38M) | Time:00:00.43 | Mem:0.00M, Peak:0.00M | Scene, ViewLayer | Synchronizing object | Car_seat_back.005
Fra:451 Mem:319.42M (Peak 319.42M) | Time:00:00.43 | Mem:0.00M, Peak:0.00M | Scene, ViewLayer | Synchronizing object | Car_curved_lower_shell.004
Fra:451 Mem:319.43M (Peak 319.43M) | Time:00:00.43 | Mem:0.00M, Peak:0.00M | Scene, ViewLayer | Synchronizing object | Door_vertical_frame
Fra:451 Mem:319.44M (Peak 319.44M) | Time:00:00.43 | Mem:0.00M, Peak:0.00M | Scene, ViewLayer | Synchronizing object | Car_inner_wainscot
Fra:451 Mem:319.45M (Peak 319.45M) | Time:00:00.43 | Mem:0.00M, Peak:0.00M | Scene, ViewLayer | Synchronizing object | Car_side_window.016
Fra:451 Mem:319.46M (Peak 319.46M) | Time:00:00.43 | Mem:0.00M, Peak:0.00M | Scene, ViewLayer | Synchronizing object | Cab_driver_seat
Fra:451 Mem:319.51M (Peak 319.51M) | Time:00:00.43 | Mem:0.00M, Peak:0.00M | Scene, ViewLayer | Synchronizing object | Car_seat_back.004
Fra:451 Mem:319.53M (Peak 319.53M) | Time:00:00.43 | Mem:0.00M, Peak:0.00M | Scene, ViewLayer | Synchronizing object | Cab_side_glass
Fra:451 Mem:319.52M (Peak 319.53M) | Time:00:00.43 | Mem:0.00M, Peak:0.00M | Scene, ViewLayer | Synchronizing object | Car_seat_cushion
Fra:451 Mem:319.53M (Peak 319.53M) | Time:00:00.43 | Mem:0.00M, Peak:0.00M | Scene, ViewLayer | Synchronizing object | Car_window_pillar.030
Fra:451 Mem:319.56M (Peak 319.56M) | Time:00:00.43 | Mem:0.00M, Peak:0.00M | Scene, ViewLayer | Synchronizing object | Wheel_flange
Fra:451 Mem:319.56M (Peak 319.56M) | Time:00:00.43 | Mem:0.00M, Peak:0.00M | Scene, ViewLayer | Synchronizing object | Car_inner_wainscot.001
Fra:451 Mem:319.57M (Peak 319.57M) | Time:00:00.43 | Mem:0.00M, Peak:0.00M | Scene, ViewLayer | Synchronizing object | Car_side_window.003
Fra:451 Mem:319.61M (Peak 319.61M) | Time:00:00.43 | Mem:0.00M, Peak:0.00M | Scene, ViewLayer | Synchronizing object | Car_window_pillar.025
Fra:451 Mem:319.62M (Peak 319.62M) | Time:00:00.43 | Mem:0.00M, Peak:0.00M | Scene, ViewLayer | Synchronizing object | Car_window_pillar.021
Fra:451 Mem:319.67M (Peak 319.67M) | Time:00:00.44 | Mem:0.00M, Peak:0.00M | Scene, ViewLayer | Synchronizing object | Car_side_window.007
Fra:451 Mem:319.67M (Peak 319.67M) | Time:00:00.44 | Mem:0.00M, Peak:0.00M | Scene, ViewLayer | Synchronizing object | Car_seat_back.003
Fra:451 Mem:319.69M (Peak 319.69M) | Time:00:00.44 | Mem:0.00M, Peak:0.00M | Scene, ViewLayer | Synchronizing object | Cab_upper_cheek.003
Fra:451 Mem:319.69M (Peak 319.69M) | Time:00:00.44 | Mem:0.00M, Peak:0.00M | Scene, ViewLayer | Synchronizing object | Bogie_side_frame.003
Fra:451 Mem:319.71M (Peak 319.71M) | Time:00:00.44 | Mem:0.00M, Peak:0.00M | Scene, ViewLayer | Synchronizing object | Car_ceiling_light
Fra:451 Mem:319.73M (Peak 319.73M) | Time:00:00.44 | Mem:0.00M, Peak:0.00M | Scene, ViewLayer | Synchronizing object | Door_glazing.001
Fra:451 Mem:319.74M (Peak 319.74M) | Time:00:00.44 | Mem:0.00M, Peak:0.00M | Scene, ViewLayer | Synchronizing object | Car_window_horizontal_frame.008
Fra:451 Mem:319.76M (Peak 319.76M) | Time:00:00.44 | Mem:0.00M, Peak:0.00M | Scene, ViewLayer | Synchronizing object | Car_window_horizontal_frame.012
Fra:451 Mem:319.78M (Peak 319.78M) | Time:00:00.44 | Mem:0.00M, Peak:0.00M | Scene, ViewLayer | Synchronizing object | Car_window_horizontal_frame.017
Fra:451 Mem:319.80M (Peak 319.80M) | Time:00:00.44 | Mem:0.00M, Peak:0.00M | Scene, ViewLayer | Synchronizing object | Car_seat_cushion.009
Fra:451 Mem:319.83M (Peak 319.83M) | Time:00:00.44 | Mem:0.00M, Peak:0.00M | Scene, ViewLayer | Synchronizing object | Car_window_horizontal_frame.011
Fra:451 Mem:319.86M (Peak 319.86M) | Time:00:00.44 | Mem:0.00M, Peak:0.00M | Scene, ViewLayer | Synchronizing object | Car_floor
Fra:451 Mem:319.87M (Peak 319.87M) | Time:00:00.44 | Mem:0.00M, Peak:0.00M | Scene, ViewLayer | Synchronizing object | Car_seat_cushion.008
Fra:451 Mem:319.91M (Peak 319.91M) | Time:00:00.44 | Mem:0.00M, Peak:0.00M | Scene, ViewLayer | Synchronizing object | Car_window_horizontal_frame.023
Fra:451 Mem:319.92M (Peak 319.92M) | Time:00:00.44 | Mem:0.00M, Peak:0.00M | Scene, ViewLayer | Synchronizing object | Cab_front_fairing.001
Fra:451 Mem:319.93M (Peak 319.93M) | Time:00:00.44 | Mem:0.00M, Peak:0.00M | Scene, ViewLayer | Synchronizing object | Car_curved_lower_shell.015
Fra:451 Mem:319.93M (Peak 319.93M) | Time:00:00.44 | Mem:0.00M, Peak:0.00M | Scene, ViewLayer | Synchronizing object | Car_waist_trim
Fra:451 Mem:319.94M (Peak 319.94M) | Time:00:00.44 | Mem:0.00M, Peak:0.00M | Scene, ViewLayer | Synchronizing object | Car_underframe
Fra:451 Mem:320.01M (Peak 320.01M) | Time:00:00.44 | Mem:0.00M, Peak:0.00M | Scene, ViewLayer | Synchronizing object | Car_window_pillar.003
Fra:451 Mem:319.99M (Peak 320.01M) | Time:00:00.44 | Mem:0.00M, Peak:0.00M | Scene, ViewLayer | Synchronizing object | Car_window_horizontal_frame.019
Fra:451 Mem:320.05M (Peak 320.05M) | Time:00:00.44 | Mem:0.00M, Peak:0.00M | Scene, ViewLayer | Synchronizing object | Car_window_pillar.006
Fra:451 Mem:320.04M (Peak 320.05M) | Time:00:00.44 | Mem:0.00M, Peak:0.00M | Scene, ViewLayer | Synchronizing object | Car_seat_cushion.007
Fra:451 Mem:320.06M (Peak 320.06M) | Time:00:00.44 | Mem:0.00M, Peak:0.00M | Scene, ViewLayer | Synchronizing object | Car_window_horizontal_frame.006
Fra:451 Mem:320.12M (Peak 320.12M) | Time:00:00.44 | Mem:0.00M, Peak:0.00M | Scene, ViewLayer | Synchronizing object | Car_window_pillar.035
Fra:451 Mem:320.13M (Peak 320.13M) | Time:00:00.44 | Mem:0.00M, Peak:0.00M | Scene, ViewLayer | Synchronizing object | Door_vertical_frame.001
Fra:451 Mem:320.12M (Peak 320.13M) | Time:00:00.44 | Mem:0.00M, Peak:0.00M | Scene, ViewLayer | Synchronizing object | Wheel_flange.002
Fra:451 Mem:320.18M (Peak 320.18M) | Time:00:00.44 | Mem:0.00M, Peak:0.00M | Scene, ViewLayer | Synchronizing object | Wheel_hub.001
Fra:451 Mem:320.17M (Peak 320.18M) | Time:00:00.44 | Mem:0.00M, Peak:0.00M | Scene, ViewLayer | Synchronizing object | Wheel_hub.006
Fra:451 Mem:320.19M (Peak 320.19M) | Time:00:00.44 | Mem:0.00M, Peak:0.00M | Scene, ViewLayer | Synchronizing object | Car_seat_cushion.006
Fra:451 Mem:320.19M (Peak 320.19M) | Time:00:00.44 | Mem:0.00M, Peak:0.00M | Scene, ViewLayer | Synchronizing object | Cab_upper_cheek
Fra:451 Mem:320.18M (Peak 320.19M) | Time:00:00.44 | Mem:0.00M, Peak:0.00M | Scene, ViewLayer | Synchronizing object | Wheel_tread.003
Fra:451 Mem:320.19M (Peak 320.19M) | Time:00:00.44 | Mem:0.00M, Peak:0.00M | Scene, ViewLayer | Synchronizing object | Car_side_window.014
Fra:451 Mem:320.19M (Peak 320.19M) | Time:00:00.44 | Mem:0.00M, Peak:0.00M | Scene, ViewLayer | Synchronizing object | Train_headlamp_housing
Fra:451 Mem:320.23M (Peak 320.23M) | Time:00:00.44 | Mem:0.00M, Peak:0.00M | Scene, ViewLayer | Synchronizing object | Cab_control_console
Fra:451 Mem:320.24M (Peak 320.24M) | Time:00:00.44 | Mem:0.00M, Peak:0.00M | Scene, ViewLayer | Synchronizing object | Cab_buffer_beam.001
Fra:451 Mem:320.27M (Peak 320.27M) | Time:00:00.44 | Mem:0.00M, Peak:0.00M | Scene, ViewLayer | Synchronizing object | Car_seat_base.001
Fra:451 Mem:320.28M (Peak 320.28M) | Time:00:00.44 | Mem:0.00M, Peak:0.00M | Scene, ViewLayer | Synchronizing object | Car_curved_lower_shell.008
Fra:451 Mem:320.29M (Peak 320.29M) | Time:00:00.44 | Mem:0.00M, Peak:0.00M | Scene, ViewLayer | Synchronizing object | Car_door_threshold
Fra:451 Mem:320.28M (Peak 320.29M) | Time:00:00.44 | Mem:0.00M, Peak:0.00M | Scene, ViewLayer | Synchronizing object | Car_seat_cushion.005
Fra:451 Mem:320.33M (Peak 320.33M) | Time:00:00.44 | Mem:0.00M, Peak:0.00M | Scene, ViewLayer | Synchronizing object | Wheel_flange.005
Fra:451 Mem:320.34M (Peak 320.34M) | Time:00:00.44 | Mem:0.00M, Peak:0.00M | Scene, ViewLayer | Synchronizing object | Cab_front_fairing.002
Fra:451 Mem:320.34M (Peak 320.34M) | Time:00:00.44 | Mem:0.00M, Peak:0.00M | Scene, ViewLayer | Synchronizing object | Axle.003
Fra:451 Mem:320.36M (Peak 320.36M) | Time:00:00.44 | Mem:0.00M, Peak:0.00M | Scene, ViewLayer | Synchronizing object | Car_seat_cushion.004
Fra:451 Mem:320.38M (Peak 320.38M) | Time:00:00.44 | Mem:0.00M, Peak:0.00M | Scene, ViewLayer | Synchronizing object | Car_window_horizontal_frame.029
Fra:451 Mem:320.40M (Peak 320.40M) | Time:00:00.44 | Mem:0.00M, Peak:0.00M | Scene, ViewLayer | Synchronizing object | Car_seat_back.002
Fra:451 Mem:320.43M (Peak 320.43M) | Time:00:00.44 | Mem:0.00M, Peak:0.00M | Scene, ViewLayer | Synchronizing object | Car_side_window
Fra:451 Mem:320.43M (Peak 320.43M) | Time:00:00.44 | Mem:0.00M, Peak:0.00M | Scene, ViewLayer | Synchronizing object | Wheel_tread.004
Fra:451 Mem:320.44M (Peak 320.44M) | Time:00:00.44 | Mem:0.00M, Peak:0.00M | Scene, ViewLayer | Synchronizing object | Wheel_tread.001
Fra:451 Mem:320.45M (Peak 320.45M) | Time:00:00.44 | Mem:0.00M, Peak:0.00M | Scene, ViewLayer | Synchronizing object | Bogie_side_frame
Fra:451 Mem:320.47M (Peak 320.47M) | Time:00:00.44 | Mem:0.00M, Peak:0.00M | Scene, ViewLayer | Synchronizing object | Car_window_pillar.032
Fra:451 Mem:320.50M (Peak 320.50M) | Time:00:00.44 | Mem:0.00M, Peak:0.00M | Scene, ViewLayer | Synchronizing object | Door_cross_frame.003
Fra:451 Mem:320.52M (Peak 320.52M) | Time:00:00.44 | Mem:0.00M, Peak:0.00M | Scene, ViewLayer | Synchronizing object | Wheel_hub.007
Fra:451 Mem:320.53M (Peak 320.53M) | Time:00:00.44 | Mem:0.00M, Peak:0.00M | Scene, ViewLayer | Synchronizing object | Car_window_pillar.028
Fra:451 Mem:320.55M (Peak 320.55M) | Time:00:00.44 | Mem:0.00M, Peak:0.00M | Scene, ViewLayer | Synchronizing object | Cab_complete_roof_loft
Fra:451 Mem:320.56M (Peak 320.56M) | Time:00:00.44 | Mem:0.00M, Peak:0.00M | Scene, ViewLayer | Synchronizing object | Car_seat_cushion.003
Fra:451 Mem:320.59M (Peak 320.59M) | Time:00:00.44 | Mem:0.00M, Peak:0.00M | Scene, ViewLayer | Synchronizing object | Car_side_window.009
Fra:451 Mem:320.59M (Peak 320.59M) | Time:00:00.44 | Mem:0.00M, Peak:0.00M | Scene, ViewLayer | Synchronizing object | Car_window_horizontal_frame.001
Fra:451 Mem:320.63M (Peak 320.63M) | Time:00:00.44 | Mem:0.00M, Peak:0.00M | Scene, ViewLayer | Synchronizing object | Car_seat_base.009
Fra:451 Mem:320.66M (Peak 320.66M) | Time:00:00.44 | Mem:0.00M, Peak:0.00M | Scene, ViewLayer | Synchronizing object | Bogie_side_frame.002
Fra:451 Mem:320.67M (Peak 320.67M) | Time:00:00.44 | Mem:0.00M, Peak:0.00M | Scene, ViewLayer | Synchronizing object | Train_headlamp_lens.002
Fra:451 Mem:320.68M (Peak 320.68M) | Time:00:00.44 | Mem:0.00M, Peak:0.00M | Scene, ViewLayer | Synchronizing object | Car_curved_lower_shell.006
Fra:451 Mem:320.68M (Peak 320.68M) | Time:00:00.44 | Mem:0.00M, Peak:0.00M | Scene, ViewLayer | Synchronizing object | Car_side_window.002
Fra:451 Mem:320.68M (Peak 320.68M) | Time:00:00.44 | Mem:0.00M, Peak:0.00M | Scene, ViewLayer | Synchronizing object | Car_window_horizontal_frame.016
Fra:451 Mem:320.68M (Peak 320.68M) | Time:00:00.44 | Mem:0.00M, Peak:0.00M | Scene, ViewLayer | Synchronizing object | Car_window_pillar.023
Fra:451 Mem:320.73M (Peak 320.73M) | Time:00:00.44 | Mem:0.00M, Peak:0.00M | Scene, ViewLayer | Synchronizing object | Car_side_window.004
Fra:451 Mem:320.72M (Peak 320.73M) | Time:00:00.44 | Mem:0.00M, Peak:0.00M | Scene, ViewLayer | Synchronizing object | Car_window_horizontal_frame.010
Fra:451 Mem:320.73M (Peak 320.73M) | Time:00:00.44 | Mem:0.00M, Peak:0.00M | Scene, ViewLayer | Synchronizing object | Car_seat_base.008
Fra:451 Mem:320.80M (Peak 320.80M) | Time:00:00.44 | Mem:0.00M, Peak:0.00M | Scene, ViewLayer | Synchronizing object | Cab_cheek.001
Fra:451 Mem:320.77M (Peak 320.80M) | Time:00:00.44 | Mem:0.00M, Peak:0.00M | Scene, ViewLayer | Synchronizing object | Car_window_pillar.017
Fra:451 Mem:320.77M (Peak 320.80M) | Time:00:00.44 | Mem:0.00M, Peak:0.00M | Scene, ViewLayer | Synchronizing object | Car_window_pillar.002
Fra:451 Mem:320.82M (Peak 320.82M) | Time:00:00.44 | Mem:0.00M, Peak:0.00M | Scene, ViewLayer | Synchronizing object | Wheel_hub
Fra:451 Mem:320.82M (Peak 320.82M) | Time:00:00.44 | Mem:0.00M, Peak:0.00M | Scene, ViewLayer | Synchronizing object | Car_window_pillar.001
Fra:451 Mem:320.90M (Peak 320.90M) | Time:00:00.44 | Mem:0.00M, Peak:0.00M | Scene, ViewLayer | Synchronizing object | Car_seat_base.007
Fra:451 Mem:320.91M (Peak 320.91M) | Time:00:00.44 | Mem:0.00M, Peak:0.00M | Scene, ViewLayer | Synchronizing object | Door_lower_panel
Fra:451 Mem:320.93M (Peak 320.93M) | Time:00:00.44 | Mem:0.00M, Peak:0.00M | Scene, ViewLayer | Synchronizing object | Car_curved_lower_shell.012
Fra:451 Mem:320.96M (Peak 320.96M) | Time:00:00.44 | Mem:0.00M, Peak:0.00M | Scene, ViewLayer | Synchronizing object | Cab_front_glass.001
Fra:451 Mem:320.96M (Peak 320.96M) | Time:00:00.44 | Mem:0.00M, Peak:0.00M | Scene, ViewLayer | Synchronizing object | Car_window_pillar.034
Fra:451 Mem:320.96M (Peak 320.96M) | Time:00:00.44 | Mem:0.00M, Peak:0.00M | Scene, ViewLayer | Synchronizing object | Wheel_flange.003
Fra:451 Mem:320.99M (Peak 320.99M) | Time:00:00.44 | Mem:0.00M, Peak:0.00M | Scene, ViewLayer | Synchronizing object | Car_seat_base.006
Fra:451 Mem:320.99M (Peak 320.99M) | Time:00:00.44 | Mem:0.00M, Peak:0.00M | Scene, ViewLayer | Synchronizing object | Car_window_pillar.033
Fra:451 Mem:321.04M (Peak 321.04M) | Time:00:00.44 | Mem:0.00M, Peak:0.00M | Scene, ViewLayer | Synchronizing object | Car_complete_barrel_roof
Fra:451 Mem:321.06M (Peak 321.06M) | Time:00:00.44 | Mem:0.00M, Peak:0.00M | Scene, ViewLayer | Synchronizing object | Car_window_pillar.016
Fra:451 Mem:321.07M (Peak 321.07M) | Time:00:00.44 | Mem:0.00M, Peak:0.00M | Scene, ViewLayer | Synchronizing object | Door_vertical_frame.002
Fra:451 Mem:321.13M (Peak 321.13M) | Time:00:00.44 | Mem:0.00M, Peak:0.00M | Scene, ViewLayer | Synchronizing object | Car_ceiling_light.003
Fra:451 Mem:321.15M (Peak 321.15M) | Time:00:00.44 | Mem:0.00M, Peak:0.00M | Scene, ViewLayer | Synchronizing object | Car_curved_lower_shell
Fra:451 Mem:321.14M (Peak 321.15M) | Time:00:00.44 | Mem:0.00M, Peak:0.00M | Scene, ViewLayer | Synchronizing object | Car_window_pillar.011
Fra:451 Mem:321.17M (Peak 321.17M) | Time:00:00.44 | Mem:0.00M, Peak:0.00M | Scene, ViewLayer | Synchronizing object | Car_window_pillar.015
Fra:451 Mem:321.18M (Peak 321.18M) | Time:00:00.44 | Mem:0.00M, Peak:0.00M | Scene, ViewLayer | Synchronizing object | Cab_floor_extension.001
Fra:451 Mem:321.23M (Peak 321.23M) | Time:00:00.44 | Mem:0.00M, Peak:0.00M | Scene, ViewLayer | Synchronizing object | Car_seat_base.005
Fra:451 Mem:321.22M (Peak 321.23M) | Time:00:00.44 | Mem:0.00M, Peak:0.00M | Scene, ViewLayer | Synchronizing object | Car_window_pillar.024
Fra:451 Mem:321.22M (Peak 321.23M) | Time:00:00.44 | Mem:0.00M, Peak:0.00M | Scene, ViewLayer | Synchronizing object | Car_side_window.015
Fra:451 Mem:321.27M (Peak 321.27M) | Time:00:00.44 | Mem:0.00M, Peak:0.00M | Scene, ViewLayer | Synchronizing object | Train_headlamp_lens.001
Fra:451 Mem:321.27M (Peak 321.27M) | Time:00:00.44 | Mem:0.00M, Peak:0.00M | Scene, ViewLayer | Synchronizing object | Axle.002
Fra:451 Mem:321.28M (Peak 321.28M) | Time:00:00.44 | Mem:0.00M, Peak:0.00M | Scene, ViewLayer | Synchronizing object | Car_window_horizontal_frame.024
Fra:451 Mem:321.32M (Peak 321.32M) | Time:00:00.44 | Mem:0.00M, Peak:0.00M | Scene, ViewLayer | Synchronizing object | Car_seat_cushion.002
Fra:451 Mem:321.30M (Peak 321.32M) | Time:00:00.44 | Mem:0.00M, Peak:0.00M | Scene, ViewLayer | Synchronizing object | Bogie_cross_frame
Fra:451 Mem:321.35M (Peak 321.35M) | Time:00:00.44 | Mem:0.00M, Peak:0.00M | Scene, ViewLayer | Synchronizing object | Car_window_horizontal_frame.031
Fra:451 Mem:321.36M (Peak 321.36M) | Time:00:00.44 | Mem:0.00M, Peak:0.00M | Scene, ViewLayer | Synchronizing object | Door_cross_frame.002
Fra:451 Mem:321.39M (Peak 321.39M) | Time:00:00.44 | Mem:0.00M, Peak:0.00M | Scene, ViewLayer | Synchronizing object | Car_window_horizontal_frame.027
Fra:451 Mem:321.41M (Peak 321.41M) | Time:00:00.44 | Mem:0.00M, Peak:0.00M | Scene, ViewLayer | Synchronizing object | Cab_side_glass.001
Fra:451 Mem:321.41M (Peak 321.41M) | Time:00:00.44 | Mem:0.00M, Peak:0.00M | Scene, ViewLayer | Synchronizing object | Car_seat_base.003
Fra:451 Mem:321.44M (Peak 321.44M) | Time:00:00.44 | Mem:0.00M, Peak:0.00M | Scene, ViewLayer | Synchronizing object | Car_window_horizontal_frame
Fra:451 Mem:321.48M (Peak 321.48M) | Time:00:00.44 | Mem:0.00M, Peak:0.00M | Scene, ViewLayer | Synchronizing object | Axle.001
Fra:451 Mem:321.46M (Peak 321.48M) | Time:00:00.44 | Mem:0.00M, Peak:0.00M | Scene, ViewLayer | Synchronizing object | Train_headlamp_lens
Fra:451 Mem:321.48M (Peak 321.48M) | Time:00:00.44 | Mem:0.00M, Peak:0.00M | Scene, ViewLayer | Synchronizing object | Bogie_cross_frame.001
Fra:451 Mem:321.49M (Peak 321.49M) | Time:00:00.44 | Mem:0.00M, Peak:0.00M | Scene, ViewLayer | Synchronizing object | Car_side_window.008
Fra:451 Mem:321.51M (Peak 321.51M) | Time:00:00.44 | Mem:0.00M, Peak:0.00M | Scene, ViewLayer | Synchronizing object | Car_curved_lower_shell.010
Fra:451 Mem:321.50M (Peak 321.51M) | Time:00:00.44 | Mem:0.00M, Peak:0.00M | Scene, ViewLayer | Synchronizing object | Car_window_pillar.022
Fra:451 Mem:321.52M (Peak 321.52M) | Time:00:00.44 | Mem:0.00M, Peak:0.00M | Scene, ViewLayer | Synchronizing object | Cab_front_fairing.003
Fra:451 Mem:321.54M (Peak 321.54M) | Time:00:00.44 | Mem:0.00M, Peak:0.00M | Scene, ViewLayer | Synchronizing object | Car_window_pillar.026
Fra:451 Mem:321.56M (Peak 321.56M) | Time:00:00.44 | Mem:0.00M, Peak:0.00M | Scene, ViewLayer | Synchronizing object | Cab_buffer_beam
Fra:451 Mem:321.60M (Peak 321.60M) | Time:00:00.44 | Mem:0.00M, Peak:0.00M | Scene, ViewLayer | Synchronizing object | Wheel_tread.006
Fra:451 Mem:321.59M (Peak 321.60M) | Time:00:00.44 | Mem:0.00M, Peak:0.00M | Scene, ViewLayer | Synchronizing object | Car_window_horizontal_frame.003
Fra:451 Mem:321.60M (Peak 321.60M) | Time:00:00.44 | Mem:0.00M, Peak:0.00M | Scene, ViewLayer | Synchronizing object | Wheel_flange.004
Fra:451 Mem:321.62M (Peak 321.62M) | Time:00:00.44 | Mem:0.00M, Peak:0.00M | Scene, ViewLayer | Synchronizing object | Car_window_pillar.029
Fra:451 Mem:321.65M (Peak 321.65M) | Time:00:00.44 | Mem:0.00M, Peak:0.00M | Scene, ViewLayer | Synchronizing object | Primary_suspension
Fra:451 Mem:321.67M (Peak 321.67M) | Time:00:00.44 | Mem:0.00M, Peak:0.00M | Scene, ViewLayer | Synchronizing object | Car_side_window.005
Fra:451 Mem:321.66M (Peak 321.67M) | Time:00:00.44 | Mem:0.00M, Peak:0.00M | Scene, ViewLayer | Synchronizing object | G3_glass_retaining_clip
Fra:451 Mem:321.65M (Peak 321.67M) | Time:00:00.44 | Mem:0.00M, Peak:0.00M | Scene, ViewLayer | Synchronizing object | G3_clip_slotted_fastener
Fra:451 Mem:321.68M (Peak 321.68M) | Time:00:00.44 | Mem:0.00M, Peak:0.00M | Scene, ViewLayer | Synchronizing object | G3_glass_retaining_clip.001
Fra:451 Mem:321.72M (Peak 321.72M) | Time:00:00.44 | Mem:0.00M, Peak:0.00M | Scene, ViewLayer | Synchronizing object | G3_clip_slotted_fastener.001
Fra:451 Mem:321.70M (Peak 321.72M) | Time:00:00.44 | Mem:0.00M, Peak:0.00M | Scene, ViewLayer | Synchronizing object | G3_glass_retaining_clip.002
Fra:451 Mem:321.73M (Peak 321.73M) | Time:00:00.44 | Mem:0.00M, Peak:0.00M | Scene, ViewLayer | Synchronizing object | G3_clip_slotted_fastener.002
Fra:451 Mem:321.73M (Peak 321.73M) | Time:00:00.44 | Mem:0.00M, Peak:0.00M | Scene, ViewLayer | Synchronizing object | G3_glass_retaining_clip.003
Fra:451 Mem:321.76M (Peak 321.76M) | Time:00:00.44 | Mem:0.00M, Peak:0.00M | Scene, ViewLayer | Synchronizing object | G3_clip_slotted_fastener.003
Fra:451 Mem:321.76M (Peak 321.76M) | Time:00:00.44 | Mem:0.00M, Peak:0.00M | Scene, ViewLayer | Synchronizing object | G3_glass_retaining_clip.004
Fra:451 Mem:321.78M (Peak 321.78M) | Time:00:00.44 | Mem:0.00M, Peak:0.00M | Scene, ViewLayer | Synchronizing object | G3_clip_slotted_fastener.004
Fra:451 Mem:321.79M (Peak 321.79M) | Time:00:00.44 | Mem:0.00M, Peak:0.00M | Scene, ViewLayer | Synchronizing object | G3_glass_retaining_clip.005
Fra:451 Mem:321.81M (Peak 321.81M) | Time:00:00.44 | Mem:0.00M, Peak:0.00M | Scene, ViewLayer | Synchronizing object | G3_clip_slotted_fastener.005
Fra:451 Mem:321.81M (Peak 321.81M) | Time:00:00.44 | Mem:0.00M, Peak:0.00M | Scene, ViewLayer | Synchronizing object | G3_glass_retaining_clip.006
Fra:451 Mem:321.84M (Peak 321.84M) | Time:00:00.44 | Mem:0.00M, Peak:0.00M | Scene, ViewLayer | Synchronizing object | G3_clip_slotted_fastener.006
Fra:451 Mem:321.84M (Peak 321.84M) | Time:00:00.44 | Mem:0.00M, Peak:0.00M | Scene, ViewLayer | Synchronizing object | G3_glass_retaining_clip.007
Fra:451 Mem:321.87M (Peak 321.87M) | Time:00:00.44 | Mem:0.00M, Peak:0.00M | Scene, ViewLayer | Synchronizing object | G3_clip_slotted_fastener.007
Fra:451 Mem:321.87M (Peak 321.87M) | Time:00:00.44 | Mem:0.00M, Peak:0.00M | Scene, ViewLayer | Synchronizing object | G3_glass_retaining_clip.008
Fra:451 Mem:321.88M (Peak 321.88M) | Time:00:00.44 | Mem:0.00M, Peak:0.00M | Scene, ViewLayer | Synchronizing object | G3_clip_slotted_fastener.008
Fra:451 Mem:321.91M (Peak 321.91M) | Time:00:00.44 | Mem:0.00M, Peak:0.00M | Scene, ViewLayer | Synchronizing object | G3_glass_retaining_clip.009
Fra:451 Mem:321.93M (Peak 321.93M) | Time:00:00.44 | Mem:0.00M, Peak:0.00M | Scene, ViewLayer | Synchronizing object | G3_clip_slotted_fastener.009
Fra:451 Mem:321.95M (Peak 321.95M) | Time:00:00.44 | Mem:0.00M, Peak:0.00M | Scene, ViewLayer | Synchronizing object | G3_glass_retaining_clip.010
Fra:451 Mem:321.95M (Peak 321.95M) | Time:00:00.44 | Mem:0.00M, Peak:0.00M | Scene, ViewLayer | Synchronizing object | G3_clip_slotted_fastener.010
Fra:451 Mem:321.95M (Peak 321.95M) | Time:00:00.44 | Mem:0.00M, Peak:0.00M | Scene, ViewLayer | Synchronizing object | G3_glass_retaining_clip.011
Fra:451 Mem:321.98M (Peak 321.98M) | Time:00:00.45 | Mem:0.00M, Peak:0.00M | Scene, ViewLayer | Synchronizing object | G3_clip_slotted_fastener.011
Fra:451 Mem:321.98M (Peak 321.98M) | Time:00:00.45 | Mem:0.00M, Peak:0.00M | Scene, ViewLayer | Synchronizing object | G3_glass_retaining_clip.012
Fra:451 Mem:322.01M (Peak 322.01M) | Time:00:00.45 | Mem:0.00M, Peak:0.00M | Scene, ViewLayer | Synchronizing object | G3_clip_slotted_fastener.012
Fra:451 Mem:322.01M (Peak 322.01M) | Time:00:00.45 | Mem:0.00M, Peak:0.00M | Scene, ViewLayer | Synchronizing object | G3_glass_retaining_clip.013
Fra:451 Mem:322.03M (Peak 322.03M) | Time:00:00.45 | Mem:0.00M, Peak:0.00M | Scene, ViewLayer | Synchronizing object | G3_clip_slotted_fastener.013
Fra:451 Mem:322.04M (Peak 322.04M) | Time:00:00.45 | Mem:0.00M, Peak:0.00M | Scene, ViewLayer | Synchronizing object | G3_glass_retaining_clip.014
Fra:451 Mem:322.07M (Peak 322.07M) | Time:00:00.45 | Mem:0.00M, Peak:0.00M | Scene, ViewLayer | Synchronizing object | G3_clip_slotted_fastener.014
Fra:451 Mem:322.06M (Peak 322.07M) | Time:00:00.45 | Mem:0.00M, Peak:0.00M | Scene, ViewLayer | Synchronizing object | G3_glass_retaining_clip.015
Fra:451 Mem:322.09M (Peak 322.09M) | Time:00:00.45 | Mem:0.00M, Peak:0.00M | Scene, ViewLayer | Synchronizing object | G3_clip_slotted_fastener.015
Fra:451 Mem:322.09M (Peak 322.09M) | Time:00:00.45 | Mem:0.00M, Peak:0.00M | Scene, ViewLayer | Synchronizing object | G3_glass_retaining_clip.016
Fra:451 Mem:322.11M (Peak 322.11M) | Time:00:00.45 | Mem:0.00M, Peak:0.00M | Scene, ViewLayer | Synchronizing object | G3_clip_slotted_fastener.016
Fra:451 Mem:322.11M (Peak 322.11M) | Time:00:00.45 | Mem:0.00M, Peak:0.00M | Scene, ViewLayer | Synchronizing object | G3_glass_retaining_clip.017
Fra:451 Mem:322.13M (Peak 322.13M) | Time:00:00.45 | Mem:0.00M, Peak:0.00M | Scene, ViewLayer | Synchronizing object | G3_clip_slotted_fastener.017
Fra:451 Mem:322.14M (Peak 322.14M) | Time:00:00.45 | Mem:0.00M, Peak:0.00M | Scene, ViewLayer | Synchronizing object | G3_glass_retaining_clip.018
Fra:451 Mem:322.16M (Peak 322.16M) | Time:00:00.45 | Mem:0.00M, Peak:0.00M | Scene, ViewLayer | Synchronizing object | G3_clip_slotted_fastener.018
Fra:451 Mem:322.17M (Peak 322.17M) | Time:00:00.45 | Mem:0.00M, Peak:0.00M | Scene, ViewLayer | Synchronizing object | G3_glass_retaining_clip.019
Fra:451 Mem:322.20M (Peak 322.20M) | Time:00:00.45 | Mem:0.00M, Peak:0.00M | Scene, ViewLayer | Synchronizing object | G3_clip_slotted_fastener.019
Fra:451 Mem:322.19M (Peak 322.20M) | Time:00:00.45 | Mem:0.00M, Peak:0.00M | Scene, ViewLayer | Synchronizing object | G3_glass_retaining_clip.020
Fra:451 Mem:322.22M (Peak 322.22M) | Time:00:00.45 | Mem:0.00M, Peak:0.00M | Scene, ViewLayer | Synchronizing object | G3_clip_slotted_fastener.020
Fra:451 Mem:322.22M (Peak 322.22M) | Time:00:00.45 | Mem:0.00M, Peak:0.00M | Scene, ViewLayer | Synchronizing object | G3_glass_retaining_clip.021
Fra:451 Mem:322.25M (Peak 322.25M) | Time:00:00.45 | Mem:0.00M, Peak:0.00M | Scene, ViewLayer | Synchronizing object | G3_clip_slotted_fastener.021
Fra:451 Mem:322.24M (Peak 322.25M) | Time:00:00.45 | Mem:0.00M, Peak:0.00M | Scene, ViewLayer | Synchronizing object | G3_glass_retaining_clip.022
Fra:451 Mem:322.27M (Peak 322.27M) | Time:00:00.45 | Mem:0.00M, Peak:0.00M | Scene, ViewLayer | Synchronizing object | G3_clip_slotted_fastener.022
Fra:451 Mem:322.27M (Peak 322.27M) | Time:00:00.45 | Mem:0.00M, Peak:0.00M | Scene, ViewLayer | Synchronizing object | G3_glass_retaining_clip.023
Fra:451 Mem:322.29M (Peak 322.29M) | Time:00:00.45 | Mem:0.00M, Peak:0.00M | Scene, ViewLayer | Synchronizing object | G3_clip_slotted_fastener.023
Fra:451 Mem:322.29M (Peak 322.29M) | Time:00:00.45 | Mem:0.00M, Peak:0.00M | Scene, ViewLayer | Synchronizing object | G3_glass_retaining_clip.024
Fra:451 Mem:322.32M (Peak 322.32M) | Time:00:00.45 | Mem:0.00M, Peak:0.00M | Scene, ViewLayer | Synchronizing object | G3_clip_slotted_fastener.024
Fra:451 Mem:322.34M (Peak 322.34M) | Time:00:00.45 | Mem:0.00M, Peak:0.00M | Scene, ViewLayer | Synchronizing object | G3_glass_retaining_clip.025
Fra:451 Mem:322.33M (Peak 322.34M) | Time:00:00.45 | Mem:0.00M, Peak:0.00M | Scene, ViewLayer | Synchronizing object | G3_clip_slotted_fastener.025
Fra:451 Mem:322.36M (Peak 322.36M) | Time:00:00.45 | Mem:0.00M, Peak:0.00M | Scene, ViewLayer | Synchronizing object | G3_glass_retaining_clip.026
Fra:451 Mem:323.89M (Peak 323.89M) | Time:00:00.45 | Mem:0.00M, Peak:0.00M | Scene, ViewLayer | Synchronizing object | G3_clip_slotted_fastener.026
Fra:451 Mem:323.86M (Peak 323.89M) | Time:00:00.45 | Mem:0.00M, Peak:0.00M | Scene, ViewLayer | Synchronizing object | G3_glass_retaining_clip.027
Fra:451 Mem:323.88M (Peak 323.89M) | Time:00:00.45 | Mem:0.00M, Peak:0.00M | Scene, ViewLayer | Synchronizing object | G3_glass_retaining_clip.028
Fra:451 Mem:323.90M (Peak 323.90M) | Time:00:00.45 | Mem:0.00M, Peak:0.00M | Scene, ViewLayer | Synchronizing object | G3_clip_slotted_fastener.028
Fra:451 Mem:323.91M (Peak 323.91M) | Time:00:00.45 | Mem:0.00M, Peak:0.00M | Scene, ViewLayer | Synchronizing object | G3_glass_retaining_clip.029
Fra:451 Mem:323.94M (Peak 323.94M) | Time:00:00.45 | Mem:0.00M, Peak:0.00M | Scene, ViewLayer | Synchronizing object | G3_clip_slotted_fastener.029
Fra:451 Mem:323.93M (Peak 323.94M) | Time:00:00.45 | Mem:0.00M, Peak:0.00M | Scene, ViewLayer | Synchronizing object | G3_glass_retaining_clip.030
Fra:451 Mem:323.95M (Peak 323.95M) | Time:00:00.45 | Mem:0.00M, Peak:0.00M | Scene, ViewLayer | Synchronizing object | G3_clip_slotted_fastener.030
Fra:451 Mem:323.96M (Peak 323.96M) | Time:00:00.45 | Mem:0.00M, Peak:0.00M | Scene, ViewLayer | Synchronizing object | G3_glass_retaining_clip.031
Fra:451 Mem:323.98M (Peak 323.98M) | Time:00:00.45 | Mem:0.00M, Peak:0.00M | Scene, ViewLayer | Synchronizing object | G3_clip_slotted_fastener.031
Fra:451 Mem:323.98M (Peak 323.98M) | Time:00:00.45 | Mem:0.00M, Peak:0.00M | Scene, ViewLayer | Synchronizing object | G3_column_anchor_bolt
Fra:451 Mem:323.98M (Peak 323.98M) | Time:00:00.45 | Mem:0.00M, Peak:0.00M | Scene, ViewLayer | Synchronizing object | G3_column_anchor_bolt.001
Fra:451 Mem:323.98M (Peak 323.98M) | Time:00:00.45 | Mem:0.00M, Peak:0.00M | Scene, ViewLayer | Synchronizing object | G3_column_anchor_bolt.002
Fra:451 Mem:323.98M (Peak 323.98M) | Time:00:00.45 | Mem:0.00M, Peak:0.00M | Scene, ViewLayer | Synchronizing object | G3_column_anchor_bolt.003
Fra:451 Mem:323.98M (Peak 323.98M) | Time:00:00.45 | Mem:0.00M, Peak:0.00M | Scene, ViewLayer | Synchronizing object | G3_column_cap_plate
Fra:451 Mem:323.99M (Peak 323.99M) | Time:00:00.45 | Mem:0.00M, Peak:0.00M | Scene, ViewLayer | Synchronizing object | G3_cap_rivet
Fra:451 Mem:324.02M (Peak 324.02M) | Time:00:00.45 | Mem:0.00M, Peak:0.00M | Scene, ViewLayer | Synchronizing object | G3_cap_rivet.001
Fra:451 Mem:324.02M (Peak 324.02M) | Time:00:00.45 | Mem:0.00M, Peak:0.00M | Scene, ViewLayer | Synchronizing object | G3_column_anchor_bolt.004
Fra:451 Mem:324.02M (Peak 324.02M) | Time:00:00.45 | Mem:0.00M, Peak:0.00M | Scene, ViewLayer | Synchronizing object | G3_column_anchor_bolt.005
Fra:451 Mem:324.02M (Peak 324.02M) | Time:00:00.45 | Mem:0.00M, Peak:0.00M | Scene, ViewLayer | Synchronizing object | G3_column_anchor_bolt.006
Fra:451 Mem:324.03M (Peak 324.03M) | Time:00:00.45 | Mem:0.00M, Peak:0.00M | Scene, ViewLayer | Synchronizing object | G3_column_anchor_bolt.007
Fra:451 Mem:324.03M (Peak 324.03M) | Time:00:00.45 | Mem:0.00M, Peak:0.00M | Scene, ViewLayer | Synchronizing object | G3_column_cap_plate.001
Fra:451 Mem:324.03M (Peak 324.03M) | Time:00:00.45 | Mem:0.00M, Peak:0.00M | Scene, ViewLayer | Synchronizing object | G3_cap_rivet.002
Fra:451 Mem:324.06M (Peak 324.06M) | Time:00:00.45 | Mem:0.00M, Peak:0.00M | Scene, ViewLayer | Synchronizing object | G3_cap_rivet.003
Fra:451 Mem:324.06M (Peak 324.06M) | Time:00:00.45 | Mem:0.00M, Peak:0.00M | Scene, ViewLayer | Synchronizing object | G3_hall_hinge_barrel
Fra:451 Mem:324.07M (Peak 324.07M) | Time:00:00.45 | Mem:0.00M, Peak:0.00M | Scene, ViewLayer | Synchronizing object | G3_hall_hinge_barrel.001
Fra:451 Mem:324.07M (Peak 324.07M) | Time:00:00.45 | Mem:0.00M, Peak:0.00M | Scene, ViewLayer | Synchronizing object | G3_hall_hinge_barrel.002
Fra:451 Mem:324.08M (Peak 324.08M) | Time:00:00.45 | Mem:0.00M, Peak:0.00M | Scene, ViewLayer | Synchronizing object | G3_hall_hinge_barrel.003
Fra:451 Mem:324.08M (Peak 324.08M) | Time:00:00.45 | Mem:0.00M, Peak:0.00M | Scene, ViewLayer | Synchronizing object | G3_hall_hinge_barrel.004
Fra:451 Mem:324.09M (Peak 324.09M) | Time:00:00.45 | Mem:0.00M, Peak:0.00M | Scene, ViewLayer | Synchronizing object | G3_hall_hinge_barrel.005
Fra:451 Mem:324.11M (Peak 324.11M) | Time:00:00.45 | Mem:0.00M, Peak:0.00M | Scene, ViewLayer | Synchronizing object | G3_drain_grate
Fra:451 Mem:324.10M (Peak 324.11M) | Time:00:00.45 | Mem:0.00M, Peak:0.00M | Scene, ViewLayer | Synchronizing object | G3_drain_grate.001
Fra:451 Mem:324.17M (Peak 324.17M) | Time:00:00.45 | Mem:0.00M, Peak:0.00M | Scene, ViewLayer | Synchronizing object | G3_drain_grate.002
Fra:451 Mem:324.15M (Peak 324.17M) | Time:00:00.45 | Mem:0.00M, Peak:0.00M | Scene, ViewLayer | Synchronizing object | G3_drain_grate.003
Fra:451 Mem:324.19M (Peak 324.19M) | Time:00:00.45 | Mem:0.00M, Peak:0.00M | Scene, ViewLayer | Synchronizing object | G3_drain_grate.004
Fra:451 Mem:324.19M (Peak 324.19M) | Time:00:00.45 | Mem:0.00M, Peak:0.00M | Scene, ViewLayer | Synchronizing object | G3_drain_grate.005
Fra:451 Mem:324.23M (Peak 324.23M) | Time:00:00.45 | Mem:0.00M, Peak:0.00M | Scene, ViewLayer | Synchronizing object | G3_drain_grate.006
Fra:451 Mem:324.23M (Peak 324.23M) | Time:00:00.45 | Mem:0.00M, Peak:0.00M | Scene, ViewLayer | Synchronizing object | G3_drain_grate.007
Fra:451 Mem:324.28M (Peak 324.28M) | Time:00:00.45 | Mem:0.00M, Peak:0.00M | Scene, ViewLayer | Synchronizing object | G3_drain_grate.008
Fra:451 Mem:324.30M (Peak 324.30M) | Time:00:00.45 | Mem:0.00M, Peak:0.00M | Scene, ViewLayer | Synchronizing object | G3_drain_grate.009
Fra:451 Mem:324.33M (Peak 324.33M) | Time:00:00.45 | Mem:0.00M, Peak:0.00M | Scene, ViewLayer | Synchronizing object | G3_drain_grate.010
Fra:451 Mem:324.35M (Peak 324.35M) | Time:00:00.45 | Mem:0.00M, Peak:0.00M | Scene, ViewLayer | Synchronizing object | G3_drain_grate.011
Fra:451 Mem:324.37M (Peak 324.37M) | Time:00:00.45 | Mem:0.00M, Peak:0.00M | Scene, ViewLayer | Synchronizing object | G3_drain_grate.012
Fra:451 Mem:324.40M (Peak 324.40M) | Time:00:00.45 | Mem:0.00M, Peak:0.00M | Scene, ViewLayer | Synchronizing object | G3_drain_grate.013
Fra:451 Mem:324.42M (Peak 324.42M) | Time:00:00.45 | Mem:0.00M, Peak:0.00M | Scene, ViewLayer | Synchronizing object | G3_drain_grate.014
Fra:451 Mem:324.44M (Peak 324.44M) | Time:00:00.45 | Mem:0.00M, Peak:0.00M | Scene, ViewLayer | Synchronizing object | G3_drain_grate.015
Fra:451 Mem:324.46M (Peak 324.46M) | Time:00:00.45 | Mem:0.00M, Peak:0.00M | Scene, ViewLayer | Synchronizing object | G3_drain_grate.016
Fra:451 Mem:324.49M (Peak 324.49M) | Time:00:00.45 | Mem:0.00M, Peak:0.00M | Scene, ViewLayer | Synchronizing object | G3_drain_grate.017
Fra:451 Mem:324.51M (Peak 324.51M) | Time:00:00.45 | Mem:0.00M, Peak:0.00M | Scene, ViewLayer | Synchronizing object | G3_drain_grate.018
Fra:451 Mem:324.55M (Peak 324.56M) | Time:00:00.45 | Mem:0.00M, Peak:0.00M | Scene, ViewLayer | Synchronizing object | G3_drain_grate.019
Fra:451 Mem:324.55M (Peak 324.56M) | Time:00:00.45 | Mem:0.00M, Peak:0.00M | Scene, ViewLayer | Synchronizing object | G3_drain_grate.020
Fra:451 Mem:324.59M (Peak 324.59M) | Time:00:00.45 | Mem:0.00M, Peak:0.00M | Scene, ViewLayer | Synchronizing object | G3_walnut_cafe_top
Fra:451 Mem:324.68M (Peak 324.68M) | Time:00:00.45 | Mem:0.00M, Peak:0.00M | Scene, ViewLayer | Synchronizing object | G3_table_edge_inlay
Fra:451 Mem:324.71M (Peak 324.71M) | Time:00:00.45 | Mem:0.00M, Peak:0.00M | Scene, ViewLayer | Synchronizing object | G3_turned_pedestal
Fra:451 Mem:324.84M (Peak 324.84M) | Time:00:00.45 | Mem:0.00M, Peak:0.00M | Scene, ViewLayer | Synchronizing object | G3_foot_felt_contact
Fra:451 Mem:324.92M (Peak 324.92M) | Time:00:00.45 | Mem:0.00M, Peak:0.00M | Scene, ViewLayer | Synchronizing object | G3_foot_felt_contact.001
Fra:451 Mem:324.98M (Peak 324.98M) | Time:00:00.45 | Mem:0.00M, Peak:0.00M | Scene, ViewLayer | Synchronizing object | G3_foot_felt_contact.002
Fra:451 Mem:325.00M (Peak 325.00M) | Time:00:00.45 | Mem:0.00M, Peak:0.00M | Scene, ViewLayer | Synchronizing object | G3_sideboard_carcass
Fra:451 Mem:324.96M (Peak 325.00M) | Time:00:00.45 | Mem:0.00M, Peak:0.00M | Scene, ViewLayer | Synchronizing object | G3_sideboard_top
Fra:451 Mem:325.59M (Peak 325.59M) | Time:00:00.45 | Mem:0.00M, Peak:0.00M | Scene, ViewLayer | Synchronizing object | G3_cabinet_stile.001
Fra:451 Mem:325.58M (Peak 325.59M) | Time:00:00.45 | Mem:0.00M, Peak:0.00M | Scene, ViewLayer | Synchronizing object | G3_cabinet_rail
Fra:451 Mem:325.64M (Peak 325.64M) | Time:00:00.45 | Mem:0.00M, Peak:0.00M | Scene, ViewLayer | Synchronizing object | G3_cabinet_rail.001
Fra:451 Mem:325.64M (Peak 325.64M) | Time:00:00.45 | Mem:0.00M, Peak:0.00M | Scene, ViewLayer | Synchronizing object | G3_cabinet_recessed_panel
Fra:451 Mem:326.27M (Peak 326.27M) | Time:00:00.45 | Mem:0.00M, Peak:0.00M | Scene, ViewLayer | Synchronizing object | G3_panel_border
Fra:451 Mem:326.26M (Peak 326.27M) | Time:00:00.45 | Mem:0.00M, Peak:0.00M | Scene, ViewLayer | Synchronizing object | G3_panel_border.001
Fra:451 Mem:326.32M (Peak 326.32M) | Time:00:00.45 | Mem:0.00M, Peak:0.00M | Scene, ViewLayer | Synchronizing object | G3_cabinet_pull_mount
Fra:451 Mem:326.31M (Peak 326.32M) | Time:00:00.45 | Mem:0.00M, Peak:0.00M | Scene, ViewLayer | Synchronizing object | G3_cabinet_pull
Fra:451 Mem:326.31M (Peak 326.32M) | Time:00:00.45 | Mem:0.00M, Peak:0.00M | Scene, ViewLayer | Synchronizing object | G3_cabinet_recessed_panel.001
Fra:451 Mem:326.31M (Peak 326.32M) | Time:00:00.45 | Mem:0.00M, Peak:0.00M | Scene, ViewLayer | Synchronizing object | G3_panel_border.002
Fra:451 Mem:326.36M (Peak 326.36M) | Time:00:00.45 | Mem:0.00M, Peak:0.00M | Scene, ViewLayer | Synchronizing object | G3_panel_border.003
Fra:451 Mem:326.36M (Peak 326.36M) | Time:00:00.45 | Mem:0.00M, Peak:0.00M | Scene, ViewLayer | Synchronizing object | G3_cabinet_pull_mount.001
Fra:451 Mem:326.40M (Peak 326.40M) | Time:00:00.45 | Mem:0.00M, Peak:0.00M | Scene, ViewLayer | Synchronizing object | G3_cabinet_pull.001
Fra:451 Mem:326.40M (Peak 326.40M) | Time:00:00.45 | Mem:0.00M, Peak:0.00M | Scene, ViewLayer | Synchronizing object | G3_cabinet_foot
Fra:451 Mem:326.41M (Peak 326.41M) | Time:00:00.45 | Mem:0.00M, Peak:0.00M | Scene, ViewLayer | Synchronizing object | G3_cabinet_foot.001
Fra:451 Mem:326.47M (Peak 326.47M) | Time:00:00.45 | Mem:0.00M, Peak:0.00M | Scene, ViewLayer | Synchronizing object | G3_cabinet_foot.002
Fra:451 Mem:326.45M (Peak 326.47M) | Time:00:00.45 | Mem:0.00M, Peak:0.00M | Scene, ViewLayer | Synchronizing object | G3_cabinet_foot.003
Fra:451 Mem:326.45M (Peak 326.47M) | Time:00:00.45 | Mem:0.00M, Peak:0.00M | Scene, ViewLayer | Synchronizing object | G3_porcelain_saucer
Fra:451 Mem:326.51M (Peak 326.51M) | Time:00:00.45 | Mem:0.00M, Peak:0.00M | Scene, ViewLayer | Synchronizing object | G3_porcelain_cup
Fra:451 Mem:326.64M (Peak 326.64M) | Time:00:00.45 | Mem:0.00M, Peak:0.00M | Scene, ViewLayer | Synchronizing object | G3_coffee_meniscus
Fra:451 Mem:326.69M (Peak 326.69M) | Time:00:00.45 | Mem:0.00M, Peak:0.00M | Scene, ViewLayer | Synchronizing object | G3_lamp_base
Fra:451 Mem:326.69M (Peak 326.69M) | Time:00:00.45 | Mem:0.00M, Peak:0.00M | Scene, ViewLayer | Synchronizing object | G3_lamp_stem
Fra:451 Mem:326.74M (Peak 326.74M) | Time:00:00.45 | Mem:0.00M, Peak:0.00M | Scene, ViewLayer | Synchronizing object | G3_lamp_shade
Fra:451 Mem:326.79M (Peak 326.79M) | Time:00:00.45 | Mem:0.00M, Peak:0.00M | Scene, ViewLayer | Synchronizing object | G3_lamp_diffuser
Fra:451 Mem:326.83M (Peak 326.83M) | Time:00:00.45 | Mem:0.00M, Peak:0.00M | Scene, ViewLayer | Synchronizing object | GreenChair_01
Fra:451 Mem:327.05M (Peak 327.05M) | Time:00:00.45 | Mem:0.00M, Peak:0.00M | Scene, ViewLayer | Synchronizing object | GreenChair_01.001
Fra:451 Mem:323.22M (Peak 328.96M) | Time:00:00.45 | Mem:0.00M, Peak:0.00M | Scene, ViewLayer | Synchronizing object | potted_plant_01_stem
Fra:451 Mem:323.16M (Peak 328.96M) | Time:00:00.46 | Mem:0.00M, Peak:0.00M | Scene, ViewLayer | Synchronizing object | potted_plant_01_leaves
Fra:451 Mem:339.36M (Peak 341.81M) | Time:00:00.48 | Mem:0.00M, Peak:0.00M | Scene, ViewLayer | Initializing
Fra:451 Mem:297.51M (Peak 341.81M) | Time:00:00.50 | Mem:0.00M, Peak:0.00M | Scene, ViewLayer | Updating Images | Loading potted_plant_01_leaves_nor_gl.png
Fra:451 Mem:313.52M (Peak 341.81M) | Time:00:00.50 | Mem:0.00M, Peak:0.00M | Scene, ViewLayer | Updating Images | Loading slate_floor_nor_gl_2k.jpg
Fra:451 Mem:361.53M (Peak 377.53M) | Time:00:00.55 | Mem:16.00M, Peak:16.00M | Scene, ViewLayer | Updating Images | Loading american_walnut_veneer_finished_diff_2k.jpg
Fra:451 Mem:377.54M (Peak 393.54M) | Time:00:00.56 | Mem:32.00M, Peak:32.00M | Scene, ViewLayer | Updating Images | Loading american_walnut_veneer_rough_2k.jpg
Fra:451 Mem:393.53M (Peak 409.54M) | Time:00:00.57 | Mem:48.00M, Peak:48.00M | Scene, ViewLayer | Updating Images | Loading potted_plant_01_leaves_rough.png
Fra:451 Mem:441.55M (Peak 457.56M) | Time:00:00.60 | Mem:64.00M, Peak:64.00M | Scene, ViewLayer | Updating Images | Loading american_walnut_veneer_nor_gl_2k.jpg
Fra:451 Mem:441.54M (Peak 457.56M) | Time:00:00.60 | Mem:80.00M, Peak:80.00M | Scene, ViewLayer | Updating Images | Loading potted_plant_01_leaves_diff.png
Fra:451 Mem:457.54M (Peak 473.55M) | Time:00:00.61 | Mem:96.00M, Peak:96.00M | Scene, ViewLayer | Updating Images | Loading GreenChair_01_diff
Fra:451 Mem:457.53M (Peak 473.55M) | Time:00:00.61 | Mem:112.00M, Peak:112.00M | Scene, ViewLayer | Updating Images | Loading GreenChair_01_metallic-GreenChair_01_roughness
Fra:451 Mem:473.54M (Peak 505.55M) | Time:00:00.64 | Mem:128.00M, Peak:128.00M | Scene, ViewLayer | Updating Images | Loading GreenChair_01_nor_gl
Fra:451 Mem:489.53M (Peak 505.55M) | Time:00:00.64 | Mem:144.00M, Peak:144.00M | Scene, ViewLayer | Updating Images | Loading potted_plant_01_pot_diff
Fra:451 Mem:505.53M (Peak 521.54M) | Time:00:00.64 | Mem:160.00M, Peak:160.00M | Scene, ViewLayer | Updating Images | Loading potted_plant_01_pot_nor_gl
Fra:451 Mem:521.53M (Peak 537.54M) | Time:00:00.65 | Mem:176.00M, Peak:176.00M | Scene, ViewLayer | Updating Images | Loading potted_plant_01_pot_rough
Fra:451 Mem:470.26M (Peak 569.55M) | Time:00:00.70 | Mem:240.00M, Peak:240.00M | Scene, ViewLayer | Waiting for render to start
Fra:451 Mem:470.26M (Peak 569.55M) | Time:00:00.70 | Mem:240.00M, Peak:240.00M | Scene, ViewLayer | Updating Scene
Fra:451 Mem:470.26M (Peak 569.55M) | Time:00:00.70 | Mem:240.00M, Peak:240.00M | Scene, ViewLayer | Updating Shaders
Fra:451 Mem:470.26M (Peak 569.55M) | Time:00:00.70 | Mem:240.00M, Peak:240.00M | Scene, ViewLayer | Loading render kernels (may take a few minutes the first time)
Fra:451 Mem:470.41M (Peak 569.55M) | Time:00:00.70 | Mem:240.07M, Peak:240.07M | Scene, ViewLayer | Updating Procedurals
Fra:451 Mem:470.41M (Peak 569.55M) | Time:00:00.70 | Mem:240.07M, Peak:240.07M | Scene, ViewLayer | Updating Background
Fra:451 Mem:470.41M (Peak 569.55M) | Time:00:00.70 | Mem:240.07M, Peak:240.07M | Scene, ViewLayer | Updating Camera
Fra:451 Mem:470.41M (Peak 569.55M) | Time:00:00.70 | Mem:240.07M, Peak:240.07M | Scene, ViewLayer | Updating Meshes Flags
Fra:451 Mem:470.41M (Peak 569.55M) | Time:00:00.70 | Mem:240.07M, Peak:240.07M | Scene, ViewLayer | Updating Objects
Fra:451 Mem:470.41M (Peak 569.55M) | Time:00:00.70 | Mem:240.07M, Peak:240.07M | Scene, ViewLayer | Updating Objects | Copying Transformations to device
Fra:451 Mem:470.97M (Peak 569.55M) | Time:00:00.70 | Mem:240.61M, Peak:240.61M | Scene, ViewLayer | Updating Particle Systems
Fra:451 Mem:470.97M (Peak 569.55M) | Time:00:00.70 | Mem:240.61M, Peak:240.61M | Scene, ViewLayer | Updating Particle Systems | Copying Particles to device
Fra:451 Mem:470.97M (Peak 569.55M) | Time:00:00.70 | Mem:240.61M, Peak:240.61M | Scene, ViewLayer | Updating Meshes
Fra:451 Mem:482.08M (Peak 569.55M) | Time:00:00.79 | Mem:240.61M, Peak:240.61M | Scene, ViewLayer | Updating Objects | Applying Static Transformations
Fra:451 Mem:482.08M (Peak 569.55M) | Time:00:00.80 | Mem:240.61M, Peak:240.61M | Scene, ViewLayer | Updating Mesh | Computing attributes
Fra:451 Mem:501.90M (Peak 569.55M) | Time:00:00.80 | Mem:240.75M, Peak:240.75M | Scene, ViewLayer | Updating Mesh | Copying Attributes to device
Fra:451 Mem:501.61M (Peak 569.55M) | Time:00:00.80 | Mem:260.13M, Peak:260.13M | Scene, ViewLayer | Updating Scene BVH | Building
Fra:451 Mem:501.64M (Peak 569.55M) | Time:00:00.80 | Mem:260.13M, Peak:260.13M | Scene, ViewLayer | Updating Scene BVH | Building BVH
Fra:451 Mem:501.64M (Peak 569.55M) | Time:00:00.81 | Mem:275.78M, Peak:275.78M | Scene, ViewLayer | Updating Scene BVH | Building BVH 0%
Fra:451 Mem:501.64M (Peak 569.55M) | Time:00:00.87 | Mem:292.80M, Peak:308.44M | Scene, ViewLayer | Updating Scene BVH | Copying BVH to device
Fra:451 Mem:501.64M (Peak 569.55M) | Time:00:00.87 | Mem:292.80M, Peak:308.44M | Scene, ViewLayer | Updating Mesh | Computing normals
Fra:451 Mem:521.98M (Peak 569.55M) | Time:00:00.88 | Mem:292.80M, Peak:308.44M | Scene, ViewLayer | Updating Mesh | Copying Mesh to device
Fra:451 Mem:521.98M (Peak 569.55M) | Time:00:00.88 | Mem:313.14M, Peak:313.14M | Scene, ViewLayer | Updating Objects Flags
Fra:451 Mem:521.98M (Peak 569.55M) | Time:00:00.88 | Mem:313.15M, Peak:313.15M | Scene, ViewLayer | Updating Primitive Offsets
Fra:451 Mem:521.99M (Peak 569.55M) | Time:00:00.88 | Mem:313.16M, Peak:313.16M | Scene, ViewLayer | Updating Images
Fra:451 Mem:521.99M (Peak 569.55M) | Time:00:00.88 | Mem:313.16M, Peak:313.16M | Scene, ViewLayer | Updating Camera Volume
Fra:451 Mem:521.99M (Peak 569.55M) | Time:00:00.88 | Mem:313.16M, Peak:313.16M | Scene, ViewLayer | Updating Lookup Tables
Fra:451 Mem:521.99M (Peak 569.55M) | Time:00:00.88 | Mem:313.24M, Peak:313.24M | Scene, ViewLayer | Updating Lights
Fra:451 Mem:521.99M (Peak 569.55M) | Time:00:00.88 | Mem:313.25M, Peak:313.25M | Scene, ViewLayer | Updating Lights | Computing tree
Fra:451 Mem:522.35M (Peak 569.55M) | Time:00:00.88 | Mem:313.60M, Peak:313.60M | Scene, ViewLayer | Updating Integrator
Fra:451 Mem:522.35M (Peak 569.55M) | Time:00:00.88 | Mem:313.60M, Peak:313.60M | Scene, ViewLayer | Updating Film
Fra:451 Mem:522.35M (Peak 569.55M) | Time:00:00.88 | Mem:313.52M, Peak:313.60M | Scene, ViewLayer | Updating Lookup Tables
Fra:451 Mem:522.35M (Peak 569.55M) | Time:00:00.88 | Mem:313.60M, Peak:313.60M | Scene, ViewLayer | Updating Baking
Fra:451 Mem:522.35M (Peak 569.55M) | Time:00:00.88 | Mem:313.60M, Peak:313.60M | Scene, ViewLayer | Updating Device | Writing constant memory
Fra:451 Mem:522.39M (Peak 569.55M) | Time:00:00.88 | Mem:313.60M, Peak:313.60M | Scene, ViewLayer | Loading denoising kernels (may take a few minutes the first time)
Fra:451 Mem:522.39M (Peak 569.55M) | Time:00:00.88 | Mem:313.60M, Peak:313.60M | Scene, ViewLayer | Sample 0/64
Fra:451 Mem:596.65M (Peak 596.65M) | Time:00:04.67 | Remaining:03:58.50 | Mem:387.83M, Peak:387.83M | Scene, ViewLayer | Sample 1/64
Fra:451 Mem:596.65M (Peak 596.65M) | Time:00:36.17 | Remaining:03:35.62 | Mem:387.83M, Peak:387.83M | Scene, ViewLayer | Sample 9/64
Fra:451 Mem:596.65M (Peak 596.65M) | Time:01:05.86 | Remaining:02:59.64 | Mem:387.83M, Peak:387.83M | Scene, ViewLayer | Sample 17/64
Fra:451 Mem:596.65M (Peak 596.65M) | Time:01:35.53 | Remaining:02:27.64 | Mem:387.83M, Peak:387.83M | Scene, ViewLayer | Sample 25/64
Fra:451 Mem:596.65M (Peak 596.65M) | Time:02:01.55 | Remaining:02:00.66 | Mem:387.83M, Peak:387.83M | Scene, ViewLayer | Sample 32/64
Fra:451 Mem:596.65M (Peak 596.65M) | Time:02:14.86 | Remaining:01:20.38 | Mem:387.83M, Peak:387.83M | Scene, ViewLayer | Sample 40/64
Fra:451 Mem:596.65M (Peak 596.65M) | Time:02:28.20 | Remaining:00:49.10 | Mem:387.83M, Peak:387.83M | Scene, ViewLayer | Sample 48/64
Fra:451 Mem:596.65M (Peak 596.65M) | Time:02:39.59 | Remaining:00:22.67 | Mem:387.83M, Peak:387.83M | Scene, ViewLayer | Sample 56/64
Fra:451 Mem:627.90M (Peak 674.78M) | Time:03:01.17 | Mem:387.83M, Peak:387.83M | Scene, ViewLayer | Sample 64/64
Fra:451 Mem:627.90M (Peak 674.78M) | Time:03:01.17 | Mem:387.83M, Peak:387.83M | Scene, ViewLayer | Finished
Saved: '/home/runner/work/future/future/workspaces/glasshouse-terminus/output/g3-r07/D01-roof-node.png'
Time: 03:01.39 (Saving: 00:00.21)

R07_VIEW_SAVED D01-roof-node.png

Blender quit
