ISO-10303-21;
HEADER;
FILE_DESCRIPTION(('Open CASCADE Model'),'2;1');
FILE_NAME('Open CASCADE Shape Model','2026-09-11T18:12:05',('Author'),(
    'Open CASCADE'),'Open CASCADE STEP processor 7.9','Open CASCADE 7.9'
  ,'Unknown');
FILE_SCHEMA(('AUTOMOTIVE_DESIGN { 1 0 10303 214 1 1 1 1 }'));
ENDSEC;
DATA;
#1 = APPLICATION_PROTOCOL_DEFINITION('international standard',
  'automotive_design',2000,#2);
#2 = APPLICATION_CONTEXT(
  'core data for automotive mechanical design processes');
#3 = SHAPE_DEFINITION_REPRESENTATION(#4,#10);
#4 = PRODUCT_DEFINITION_SHAPE('','',#5);
#5 = PRODUCT_DEFINITION('design','',#6,#9);
#6 = PRODUCT_DEFINITION_FORMATION('','',#7);
#7 = PRODUCT('Open CASCADE STEP translator 7.9 2',
  'Open CASCADE STEP translator 7.9 2','',(#8));
#8 = PRODUCT_CONTEXT('',#2,'mechanical');
#9 = PRODUCT_DEFINITION_CONTEXT('part definition',#2,'design');
#10 = ADVANCED_BREP_SHAPE_REPRESENTATION('',(#11,#15),#3080);
#11 = AXIS2_PLACEMENT_3D('',#12,#13,#14);
#12 = CARTESIAN_POINT('',(0.,0.,0.));
#13 = DIRECTION('',(0.,0.,1.));
#14 = DIRECTION('',(1.,0.,-0.));
#15 = MANIFOLD_SOLID_BREP('',#16);
#16 = CLOSED_SHELL('',(#17,#135,#571,#623,#671,#1017,#1179,#1205,#1231,
    #1257,#1419,#1668,#1694,#1754,#1780,#2264,#2271,#2441,#2493,#2532,
    #2584,#2636,#2697,#2790,#2883,#2947,#2972,#2997,#3022,#3047,#3054,
    #3061,#3068,#3072,#3076));
#17 = ADVANCED_FACE('',(#18),#32,.F.);
#18 = FACE_BOUND('',#19,.F.);
#19 = EDGE_LOOP('',(#20,#55,#82,#110));
#20 = ORIENTED_EDGE('',*,*,#21,.F.);
#21 = EDGE_CURVE('',#22,#24,#26,.T.);
#22 = VERTEX_POINT('',#23);
#23 = CARTESIAN_POINT('',(1.42535428362,9.,6.44227950078));
#24 = VERTEX_POINT('',#25);
#25 = CARTESIAN_POINT('',(1.010924110039,9.,5.538635419155));
#26 = SURFACE_CURVE('',#27,(#31,#43),.PCURVE_S1.);
#27 = LINE('',#28,#29);
#28 = CARTESIAN_POINT('',(1.475378779912,9.,6.551355390741));
#29 = VECTOR('',#30,1.);
#30 = DIRECTION('',(-0.416870802429,0.,-0.908965749675));
#31 = PCURVE('',#32,#37);
#32 = PLANE('',#33);
#33 = AXIS2_PLACEMENT_3D('',#34,#35,#36);
#34 = CARTESIAN_POINT('',(1.475378779912,0.,6.551355390741));
#35 = DIRECTION('',(0.908965749675,0.,-0.416870802429));
#36 = DIRECTION('',(-0.416870802429,0.,-0.908965749675));
#37 = DEFINITIONAL_REPRESENTATION('',(#38),#42);
#38 = LINE('',#39,#40);
#39 = CARTESIAN_POINT('',(0.,9.));
#40 = VECTOR('',#41,1.);
#41 = DIRECTION('',(1.,0.));
#42 = ( GEOMETRIC_REPRESENTATION_CONTEXT(2) 
PARAMETRIC_REPRESENTATION_CONTEXT() REPRESENTATION_CONTEXT('2D SPACE',''
  ) );
#43 = PCURVE('',#44,#49);
#44 = PLANE('',#45);
#45 = AXIS2_PLACEMENT_3D('',#46,#47,#48);
#46 = CARTESIAN_POINT('',(2.974872390118,9.,3.426245212584));
#47 = DIRECTION('',(-0.,-1.,-0.));
#48 = DIRECTION('',(0.,0.,-1.));
#49 = DEFINITIONAL_REPRESENTATION('',(#50),#54);
#50 = LINE('',#51,#52);
#51 = CARTESIAN_POINT('',(-3.125110178157,-1.499493610206));
#52 = VECTOR('',#53,1.);
#53 = DIRECTION('',(0.908965749675,-0.416870802429));
#54 = ( GEOMETRIC_REPRESENTATION_CONTEXT(2) 
PARAMETRIC_REPRESENTATION_CONTEXT() REPRESENTATION_CONTEXT('2D SPACE',''
  ) );
#55 = ORIENTED_EDGE('',*,*,#56,.F.);
#56 = EDGE_CURVE('',#57,#22,#59,.T.);
#57 = VERTEX_POINT('',#58);
#58 = CARTESIAN_POINT('',(1.42535428362,-9.,6.44227950078));
#59 = SURFACE_CURVE('',#60,(#64,#71),.PCURVE_S1.);
#60 = LINE('',#61,#62);
#61 = CARTESIAN_POINT('',(1.42535428362,-9.,6.44227950078));
#62 = VECTOR('',#63,1.);
#63 = DIRECTION('',(0.,1.,0.));
#64 = PCURVE('',#32,#65);
#65 = DEFINITIONAL_REPRESENTATION('',(#66),#70);
#66 = LINE('',#67,#68);
#67 = CARTESIAN_POINT('',(0.12,-9.));
#68 = VECTOR('',#69,1.);
#69 = DIRECTION('',(0.,1.));
#70 = ( GEOMETRIC_REPRESENTATION_CONTEXT(2) 
PARAMETRIC_REPRESENTATION_CONTEXT() REPRESENTATION_CONTEXT('2D SPACE',''
  ) );
#71 = PCURVE('',#72,#77);
#72 = CYLINDRICAL_SURFACE('',#73,0.12);
#73 = AXIS2_PLACEMENT_3D('',#74,#75,#76);
#74 = CARTESIAN_POINT('',(1.534430173581,-9.,6.392255004488));
#75 = DIRECTION('',(0.,1.,0.));
#76 = DIRECTION('',(-0.908965749675,0.,0.416870802429));
#77 = DEFINITIONAL_REPRESENTATION('',(#78),#81);
#78 = B_SPLINE_CURVE_WITH_KNOTS('',1,(#79,#80),.UNSPECIFIED.,.F.,.F.,(2,
    2),(0.,18.),.PIECEWISE_BEZIER_KNOTS.);
#79 = CARTESIAN_POINT('',(0.,0.));
#80 = CARTESIAN_POINT('',(0.,18.));
#81 = ( GEOMETRIC_REPRESENTATION_CONTEXT(2) 
PARAMETRIC_REPRESENTATION_CONTEXT() REPRESENTATION_CONTEXT('2D SPACE',''
  ) );
#82 = ORIENTED_EDGE('',*,*,#83,.T.);
#83 = EDGE_CURVE('',#57,#84,#86,.T.);
#84 = VERTEX_POINT('',#85);
#85 = CARTESIAN_POINT('',(1.010924110039,-9.,5.538635419155));
#86 = SURFACE_CURVE('',#87,(#91,#98),.PCURVE_S1.);
#87 = LINE('',#88,#89);
#88 = CARTESIAN_POINT('',(1.475378779912,-9.,6.551355390741));
#89 = VECTOR('',#90,1.);
#90 = DIRECTION('',(-0.416870802429,0.,-0.908965749675));
#91 = PCURVE('',#32,#92);
#92 = DEFINITIONAL_REPRESENTATION('',(#93),#97);
#93 = LINE('',#94,#95);
#94 = CARTESIAN_POINT('',(-0.,-9.));
#95 = VECTOR('',#96,1.);
#96 = DIRECTION('',(1.,0.));
#97 = ( GEOMETRIC_REPRESENTATION_CONTEXT(2) 
PARAMETRIC_REPRESENTATION_CONTEXT() REPRESENTATION_CONTEXT('2D SPACE',''
  ) );
#98 = PCURVE('',#99,#104);
#99 = PLANE('',#100);
#100 = AXIS2_PLACEMENT_3D('',#101,#102,#103);
#101 = CARTESIAN_POINT('',(2.974872390118,-9.,3.426245212584));
#102 = DIRECTION('',(-0.,-1.,-0.));
#103 = DIRECTION('',(0.,0.,-1.));
#104 = DEFINITIONAL_REPRESENTATION('',(#105),#109);
#105 = LINE('',#106,#107);
#106 = CARTESIAN_POINT('',(-3.125110178157,-1.499493610206));
#107 = VECTOR('',#108,1.);
#108 = DIRECTION('',(0.908965749675,-0.416870802429));
#109 = ( GEOMETRIC_REPRESENTATION_CONTEXT(2) 
PARAMETRIC_REPRESENTATION_CONTEXT() REPRESENTATION_CONTEXT('2D SPACE',''
  ) );
#110 = ORIENTED_EDGE('',*,*,#111,.F.);
#111 = EDGE_CURVE('',#24,#84,#112,.T.);
#112 = SURFACE_CURVE('',#113,(#117,#124),.PCURVE_S1.);
#113 = LINE('',#114,#115);
#114 = CARTESIAN_POINT('',(1.010924110039,9.,5.538635419155));
#115 = VECTOR('',#116,1.);
#116 = DIRECTION('',(0.,-1.,0.));
#117 = PCURVE('',#32,#118);
#118 = DEFINITIONAL_REPRESENTATION('',(#119),#123);
#119 = LINE('',#120,#121);
#120 = CARTESIAN_POINT('',(1.114145359105,9.));
#121 = VECTOR('',#122,1.);
#122 = DIRECTION('',(-0.,-1.));
#123 = ( GEOMETRIC_REPRESENTATION_CONTEXT(2) 
PARAMETRIC_REPRESENTATION_CONTEXT() REPRESENTATION_CONTEXT('2D SPACE',''
  ) );
#124 = PCURVE('',#125,#130);
#125 = CYLINDRICAL_SURFACE('',#126,0.12);
#126 = AXIS2_PLACEMENT_3D('',#127,#128,#129);
#127 = CARTESIAN_POINT('',(1.12,9.,5.488610922864));
#128 = DIRECTION('',(0.,-1.,0.));
#129 = DIRECTION('',(-0.908965749675,0.,0.416870802429));
#130 = DEFINITIONAL_REPRESENTATION('',(#131),#134);
#131 = B_SPLINE_CURVE_WITH_KNOTS('',1,(#132,#133),.UNSPECIFIED.,.F.,.F.,
  (2,2),(0.,18.),.PIECEWISE_BEZIER_KNOTS.);
#132 = CARTESIAN_POINT('',(0.,0.));
#133 = CARTESIAN_POINT('',(0.,18.));
#134 = ( GEOMETRIC_REPRESENTATION_CONTEXT(2) 
PARAMETRIC_REPRESENTATION_CONTEXT() REPRESENTATION_CONTEXT('2D SPACE',''
  ) );
#135 = ADVANCED_FACE('',(#136,#511,#541),#44,.F.);
#136 = FACE_BOUND('',#137,.F.);
#137 = EDGE_LOOP('',(#138,#168,#193,#194,#217,#245,#273,#301,#333,#361,
    #393,#421,#453,#481));
#138 = ORIENTED_EDGE('',*,*,#139,.T.);
#139 = EDGE_CURVE('',#140,#142,#144,.T.);
#140 = VERTEX_POINT('',#141);
#141 = CARTESIAN_POINT('',(3.986654179239,9.,5.399631696847));
#142 = VERTEX_POINT('',#143);
#143 = CARTESIAN_POINT('',(1.584454669873,9.,6.501330894449));
#144 = SURFACE_CURVE('',#145,(#149,#156),.PCURVE_S1.);
#145 = LINE('',#146,#147);
#146 = CARTESIAN_POINT('',(4.002303564008,9.,5.392454559987));
#147 = VECTOR('',#148,1.);
#148 = DIRECTION('',(-0.908965749675,0.,0.416870802429));
#149 = PCURVE('',#44,#150);
#150 = DEFINITIONAL_REPRESENTATION('',(#151),#155);
#151 = LINE('',#152,#153);
#152 = CARTESIAN_POINT('',(-1.966209347404,1.02743117389));
#153 = VECTOR('',#154,1.);
#154 = DIRECTION('',(-0.416870802429,-0.908965749675));
#155 = ( GEOMETRIC_REPRESENTATION_CONTEXT(2) 
PARAMETRIC_REPRESENTATION_CONTEXT() REPRESENTATION_CONTEXT('2D SPACE',''
  ) );
#156 = PCURVE('',#157,#162);
#157 = PLANE('',#158);
#158 = AXIS2_PLACEMENT_3D('',#159,#160,#161);
#159 = CARTESIAN_POINT('',(4.002303564008,0.,5.392454559987));
#160 = DIRECTION('',(-0.416870802429,-0.,-0.908965749675));
#161 = DIRECTION('',(-0.908965749675,0.,0.416870802429));
#162 = DEFINITIONAL_REPRESENTATION('',(#163),#167);
#163 = LINE('',#164,#165);
#164 = CARTESIAN_POINT('',(0.,9.));
#165 = VECTOR('',#166,1.);
#166 = DIRECTION('',(1.,0.));
#167 = ( GEOMETRIC_REPRESENTATION_CONTEXT(2) 
PARAMETRIC_REPRESENTATION_CONTEXT() REPRESENTATION_CONTEXT('2D SPACE',''
  ) );
#168 = ORIENTED_EDGE('',*,*,#169,.F.);
#169 = EDGE_CURVE('',#22,#142,#170,.T.);
#170 = SURFACE_CURVE('',#171,(#176,#187),.PCURVE_S1.);
#171 = CIRCLE('',#172,0.12);
#172 = AXIS2_PLACEMENT_3D('',#173,#174,#175);
#173 = CARTESIAN_POINT('',(1.534430173581,9.,6.392255004488));
#174 = DIRECTION('',(0.,1.,0.));
#175 = DIRECTION('',(0.,-0.,1.));
#176 = PCURVE('',#44,#177);
#177 = DEFINITIONAL_REPRESENTATION('',(#178),#186);
#178 = ( BOUNDED_CURVE() B_SPLINE_CURVE(2,(#179,#180,#181,#182,#183,#184
,#185),.UNSPECIFIED.,.T.,.F.) B_SPLINE_CURVE_WITH_KNOTS((1,2,2,2,2,1),(
    -2.094395102393,0.,2.094395102393,4.188790204786,6.28318530718,
8.377580409573),.UNSPECIFIED.) CURVE() GEOMETRIC_REPRESENTATION_ITEM() 
RATIONAL_B_SPLINE_CURVE((1.,0.5,1.,0.5,1.,0.5,1.)) REPRESENTATION_ITEM(
  '') );
#179 = CARTESIAN_POINT('',(-3.086009791905,-1.440442216537));
#180 = CARTESIAN_POINT('',(-3.086009791905,-1.232596119628));
#181 = CARTESIAN_POINT('',(-2.906009791905,-1.336519168083));
#182 = CARTESIAN_POINT('',(-2.726009791905,-1.440442216537));
#183 = CARTESIAN_POINT('',(-2.906009791905,-1.544365264991));
#184 = CARTESIAN_POINT('',(-3.086009791905,-1.648288313445));
#185 = CARTESIAN_POINT('',(-3.086009791905,-1.440442216537));
#186 = ( GEOMETRIC_REPRESENTATION_CONTEXT(2) 
PARAMETRIC_REPRESENTATION_CONTEXT() REPRESENTATION_CONTEXT('2D SPACE',''
  ) );
#187 = PCURVE('',#72,#188);
#188 = DEFINITIONAL_REPRESENTATION('',(#189),#192);
#189 = B_SPLINE_CURVE_WITH_KNOTS('',1,(#190,#191),.UNSPECIFIED.,.F.,.F.,
  (2,2),(5.142388980385,6.71318530718),.PIECEWISE_BEZIER_KNOTS.);
#190 = CARTESIAN_POINT('',(9.769962616701E-15,18.));
#191 = CARTESIAN_POINT('',(1.570796326795,18.));
#192 = ( GEOMETRIC_REPRESENTATION_CONTEXT(2) 
PARAMETRIC_REPRESENTATION_CONTEXT() REPRESENTATION_CONTEXT('2D SPACE',''
  ) );
#193 = ORIENTED_EDGE('',*,*,#21,.T.);
#194 = ORIENTED_EDGE('',*,*,#195,.T.);
#195 = EDGE_CURVE('',#24,#196,#198,.T.);
#196 = VERTEX_POINT('',#197);
#197 = CARTESIAN_POINT('',(1.,9.,5.488610922864));
#198 = SURFACE_CURVE('',#199,(#204,#211),.PCURVE_S1.);
#199 = CIRCLE('',#200,0.12);
#200 = AXIS2_PLACEMENT_3D('',#201,#202,#203);
#201 = CARTESIAN_POINT('',(1.12,9.,5.488610922864));
#202 = DIRECTION('',(0.,-1.,0.));
#203 = DIRECTION('',(0.,-0.,-1.));
#204 = PCURVE('',#44,#205);
#205 = DEFINITIONAL_REPRESENTATION('',(#206),#210);
#206 = CIRCLE('',#207,0.12);
#207 = AXIS2_PLACEMENT_2D('',#208,#209);
#208 = CARTESIAN_POINT('',(-2.06236571028,-1.854872390118));
#209 = DIRECTION('',(1.,0.));
#210 = ( GEOMETRIC_REPRESENTATION_CONTEXT(2) 
PARAMETRIC_REPRESENTATION_CONTEXT() REPRESENTATION_CONTEXT('2D SPACE',''
  ) );
#211 = PCURVE('',#125,#212);
#212 = DEFINITIONAL_REPRESENTATION('',(#213),#216);
#213 = B_SPLINE_CURVE_WITH_KNOTS('',1,(#214,#215),.UNSPECIFIED.,.F.,.F.,
  (2,2),(4.282388980385,4.712388980385),.PIECEWISE_BEZIER_KNOTS.);
#214 = CARTESIAN_POINT('',(6.217248937901E-15,0.));
#215 = CARTESIAN_POINT('',(0.43,0.));
#216 = ( GEOMETRIC_REPRESENTATION_CONTEXT(2) 
PARAMETRIC_REPRESENTATION_CONTEXT() REPRESENTATION_CONTEXT('2D SPACE',''
  ) );
#217 = ORIENTED_EDGE('',*,*,#218,.F.);
#218 = EDGE_CURVE('',#219,#196,#221,.T.);
#219 = VERTEX_POINT('',#220);
#220 = CARTESIAN_POINT('',(1.,9.,2.35456806083));
#221 = SURFACE_CURVE('',#222,(#226,#233),.PCURVE_S1.);
#222 = LINE('',#223,#224);
#223 = CARTESIAN_POINT('',(1.,9.,-0.286877393708));
#224 = VECTOR('',#225,1.);
#225 = DIRECTION('',(0.,0.,1.));
#226 = PCURVE('',#44,#227);
#227 = DEFINITIONAL_REPRESENTATION('',(#228),#232);
#228 = LINE('',#229,#230);
#229 = CARTESIAN_POINT('',(3.713122606292,-1.974872390118));
#230 = VECTOR('',#231,1.);
#231 = DIRECTION('',(-1.,0.));
#232 = ( GEOMETRIC_REPRESENTATION_CONTEXT(2) 
PARAMETRIC_REPRESENTATION_CONTEXT() REPRESENTATION_CONTEXT('2D SPACE',''
  ) );
#233 = PCURVE('',#234,#239);
#234 = PLANE('',#235);
#235 = AXIS2_PLACEMENT_3D('',#236,#237,#238);
#236 = CARTESIAN_POINT('',(1.,-10.5,-4.));
#237 = DIRECTION('',(1.,0.,0.));
#238 = DIRECTION('',(0.,0.,1.));
#239 = DEFINITIONAL_REPRESENTATION('',(#240),#244);
#240 = LINE('',#241,#242);
#241 = CARTESIAN_POINT('',(3.713122606292,-19.5));
#242 = VECTOR('',#243,1.);
#243 = DIRECTION('',(1.,0.));
#244 = ( GEOMETRIC_REPRESENTATION_CONTEXT(2) 
PARAMETRIC_REPRESENTATION_CONTEXT() REPRESENTATION_CONTEXT('2D SPACE',''
  ) );
#245 = ORIENTED_EDGE('',*,*,#246,.T.);
#246 = EDGE_CURVE('',#219,#247,#249,.T.);
#247 = VERTEX_POINT('',#248);
#248 = CARTESIAN_POINT('',(1.041325909996,9.,2.263956871884));
#249 = SURFACE_CURVE('',#250,(#255,#262),.PCURVE_S1.);
#250 = CIRCLE('',#251,0.12);
#251 = AXIS2_PLACEMENT_3D('',#252,#253,#254);
#252 = CARTESIAN_POINT('',(1.12,9.,2.35456806083));
#253 = DIRECTION('',(-0.,-1.,0.));
#254 = DIRECTION('',(0.,-0.,1.));
#255 = PCURVE('',#44,#256);
#256 = DEFINITIONAL_REPRESENTATION('',(#257),#261);
#257 = CIRCLE('',#258,0.12);
#258 = AXIS2_PLACEMENT_2D('',#259,#260);
#259 = CARTESIAN_POINT('',(1.071677151754,-1.854872390118));
#260 = DIRECTION('',(-1.,0.));
#261 = ( GEOMETRIC_REPRESENTATION_CONTEXT(2) 
PARAMETRIC_REPRESENTATION_CONTEXT() REPRESENTATION_CONTEXT('2D SPACE',''
  ) );
#262 = PCURVE('',#263,#268);
#263 = CYLINDRICAL_SURFACE('',#264,0.12);
#264 = AXIS2_PLACEMENT_3D('',#265,#266,#267);
#265 = CARTESIAN_POINT('',(1.12,-9.,2.35456806083));
#266 = DIRECTION('',(0.,1.,0.));
#267 = DIRECTION('',(-1.,0.,0.));
#268 = DEFINITIONAL_REPRESENTATION('',(#269),#272);
#269 = B_SPLINE_CURVE_WITH_KNOTS('',1,(#270,#271),.UNSPECIFIED.,.F.,.F.,
  (2,2),(1.570796326795,2.42659265359),.PIECEWISE_BEZIER_KNOTS.);
#270 = CARTESIAN_POINT('',(0.,18.));
#271 = CARTESIAN_POINT('',(-0.855796326795,18.));
#272 = ( GEOMETRIC_REPRESENTATION_CONTEXT(2) 
PARAMETRIC_REPRESENTATION_CONTEXT() REPRESENTATION_CONTEXT('2D SPACE',''
  ) );
#273 = ORIENTED_EDGE('',*,*,#274,.T.);
#274 = EDGE_CURVE('',#247,#275,#277,.T.);
#275 = VERTEX_POINT('',#276);
#276 = CARTESIAN_POINT('',(3.123412995814,9.,0.456163500099));
#277 = SURFACE_CURVE('',#278,(#282,#289),.PCURVE_S1.);
#278 = LINE('',#279,#280);
#279 = CARTESIAN_POINT('',(-5.453706500338E-02,9.,3.215451089434));
#280 = VECTOR('',#281,1.);
#281 = DIRECTION('',(0.755093241212,0.,-0.655617416697));
#282 = PCURVE('',#44,#283);
#283 = DEFINITIONAL_REPRESENTATION('',(#284),#288);
#284 = LINE('',#285,#286);
#285 = CARTESIAN_POINT('',(0.21079412315,-3.029409455121));
#286 = VECTOR('',#287,1.);
#287 = DIRECTION('',(0.655617416697,0.755093241212));
#288 = ( GEOMETRIC_REPRESENTATION_CONTEXT(2) 
PARAMETRIC_REPRESENTATION_CONTEXT() REPRESENTATION_CONTEXT('2D SPACE',''
  ) );
#289 = PCURVE('',#290,#295);
#290 = PLANE('',#291);
#291 = AXIS2_PLACEMENT_3D('',#292,#293,#294);
#292 = CARTESIAN_POINT('',(-5.453706500338E-02,0.,3.215451089434));
#293 = DIRECTION('',(0.655617416697,0.,0.755093241212));
#294 = DIRECTION('',(0.755093241212,0.,-0.655617416697));
#295 = DEFINITIONAL_REPRESENTATION('',(#296),#300);
#296 = LINE('',#297,#298);
#297 = CARTESIAN_POINT('',(0.,9.));
#298 = VECTOR('',#299,1.);
#299 = DIRECTION('',(1.,0.));
#300 = ( GEOMETRIC_REPRESENTATION_CONTEXT(2) 
PARAMETRIC_REPRESENTATION_CONTEXT() REPRESENTATION_CONTEXT('2D SPACE',''
  ) );
#301 = ORIENTED_EDGE('',*,*,#302,.F.);
#302 = EDGE_CURVE('',#303,#275,#305,.T.);
#303 = VERTEX_POINT('',#304);
#304 = CARTESIAN_POINT('',(3.266923362522,9.,0.445798170867));
#305 = SURFACE_CURVE('',#306,(#311,#322),.PCURVE_S1.);
#306 = CIRCLE('',#307,0.12);
#307 = AXIS2_PLACEMENT_3D('',#308,#309,#310);
#308 = CARTESIAN_POINT('',(3.202087085818,9.,0.546774689044));
#309 = DIRECTION('',(-0.,1.,0.));
#310 = DIRECTION('',(0.,0.,-1.));
#311 = PCURVE('',#44,#312);
#312 = DEFINITIONAL_REPRESENTATION('',(#313),#321);
#313 = ( BOUNDED_CURVE() B_SPLINE_CURVE(2,(#314,#315,#316,#317,#318,#319
,#320),.UNSPECIFIED.,.T.,.F.) B_SPLINE_CURVE_WITH_KNOTS((1,2,2,2,2,1),(
    -2.094395102393,0.,2.094395102393,4.188790204786,6.28318530718,
8.377580409573),.UNSPECIFIED.) CURVE() GEOMETRIC_REPRESENTATION_ITEM() 
RATIONAL_B_SPLINE_CURVE((1.,0.5,1.,0.5,1.,0.5,1.)) REPRESENTATION_ITEM(
  '') );
#314 = CARTESIAN_POINT('',(2.999470523539,0.2272146957));
#315 = CARTESIAN_POINT('',(2.999470523539,1.936859879165E-02));
#316 = CARTESIAN_POINT('',(2.819470523539,0.123291647246));
#317 = CARTESIAN_POINT('',(2.639470523539,0.2272146957));
#318 = CARTESIAN_POINT('',(2.819470523539,0.331137744154));
#319 = CARTESIAN_POINT('',(2.999470523539,0.435060792608));
#320 = CARTESIAN_POINT('',(2.999470523539,0.2272146957));
#321 = ( GEOMETRIC_REPRESENTATION_CONTEXT(2) 
PARAMETRIC_REPRESENTATION_CONTEXT() REPRESENTATION_CONTEXT('2D SPACE',''
  ) );
#322 = PCURVE('',#323,#328);
#323 = CYLINDRICAL_SURFACE('',#324,0.12);
#324 = AXIS2_PLACEMENT_3D('',#325,#326,#327);
#325 = CARTESIAN_POINT('',(3.202087085818,9.,0.546774689044));
#326 = DIRECTION('',(0.,-1.,0.));
#327 = DIRECTION('',(0.540302305868,0.,-0.841470984808));
#328 = DEFINITIONAL_REPRESENTATION('',(#329),#332);
#329 = B_SPLINE_CURVE_WITH_KNOTS('',1,(#330,#331),.UNSPECIFIED.,.F.,.F.,
  (2,2),(5.712388980385,6.99818530718),.PIECEWISE_BEZIER_KNOTS.);
#330 = CARTESIAN_POINT('',(0.,0.));
#331 = CARTESIAN_POINT('',(-1.285796326795,0.));
#332 = ( GEOMETRIC_REPRESENTATION_CONTEXT(2) 
PARAMETRIC_REPRESENTATION_CONTEXT() REPRESENTATION_CONTEXT('2D SPACE',''
  ) );
#333 = ORIENTED_EDGE('',*,*,#334,.T.);
#334 = EDGE_CURVE('',#303,#335,#337,.T.);
#335 = VERTEX_POINT('',#336);
#336 = CARTESIAN_POINT('',(6.178508057168,9.,2.315305203967));
#337 = SURFACE_CURVE('',#338,(#342,#349),.PCURVE_S1.);
#338 = LINE('',#339,#340);
#339 = CARTESIAN_POINT('',(3.1912860611,9.,0.397232018135));
#340 = VECTOR('',#341,1.);
#341 = DIRECTION('',(0.841470984808,0.,0.540302305868));
#342 = PCURVE('',#44,#343);
#343 = DEFINITIONAL_REPRESENTATION('',(#344),#348);
#344 = LINE('',#345,#346);
#345 = CARTESIAN_POINT('',(3.029013194449,0.216413670982));
#346 = VECTOR('',#347,1.);
#347 = DIRECTION('',(-0.540302305868,0.841470984808));
#348 = ( GEOMETRIC_REPRESENTATION_CONTEXT(2) 
PARAMETRIC_REPRESENTATION_CONTEXT() REPRESENTATION_CONTEXT('2D SPACE',''
  ) );
#349 = PCURVE('',#350,#355);
#350 = PLANE('',#351);
#351 = AXIS2_PLACEMENT_3D('',#352,#353,#354);
#352 = CARTESIAN_POINT('',(3.1912860611,0.,0.397232018135));
#353 = DIRECTION('',(-0.540302305868,0.,0.841470984808));
#354 = DIRECTION('',(0.841470984808,0.,0.540302305868));
#355 = DEFINITIONAL_REPRESENTATION('',(#356),#360);
#356 = LINE('',#357,#358);
#357 = CARTESIAN_POINT('',(0.,9.));
#358 = VECTOR('',#359,1.);
#359 = DIRECTION('',(1.,0.));
#360 = ( GEOMETRIC_REPRESENTATION_CONTEXT(2) 
PARAMETRIC_REPRESENTATION_CONTEXT() REPRESENTATION_CONTEXT('2D SPACE',''
  ) );
#361 = ORIENTED_EDGE('',*,*,#362,.F.);
#362 = EDGE_CURVE('',#363,#335,#365,.T.);
#363 = VERTEX_POINT('',#364);
#364 = CARTESIAN_POINT('',(6.21464829864,9.,2.481117998848));
#365 = SURFACE_CURVE('',#366,(#371,#382),.PCURVE_S1.);
#366 = CIRCLE('',#367,0.12);
#367 = AXIS2_PLACEMENT_3D('',#368,#369,#370);
#368 = CARTESIAN_POINT('',(6.113671780463,9.,2.416281722143));
#369 = DIRECTION('',(-0.,1.,0.));
#370 = DIRECTION('',(0.,0.,-1.));
#371 = PCURVE('',#44,#372);
#372 = DEFINITIONAL_REPRESENTATION('',(#373),#381);
#373 = ( BOUNDED_CURVE() B_SPLINE_CURVE(2,(#374,#375,#376,#377,#378,#379
,#380),.UNSPECIFIED.,.T.,.F.) B_SPLINE_CURVE_WITH_KNOTS((1,2,2,2,2,1),(
    -2.094395102393,0.,2.094395102393,4.188790204786,6.28318530718,
8.377580409573),.UNSPECIFIED.) CURVE() GEOMETRIC_REPRESENTATION_ITEM() 
RATIONAL_B_SPLINE_CURVE((1.,0.5,1.,0.5,1.,0.5,1.)) REPRESENTATION_ITEM(
  '') );
#374 = CARTESIAN_POINT('',(1.12996349044,3.138799390345));
#375 = CARTESIAN_POINT('',(1.12996349044,2.930953293437));
#376 = CARTESIAN_POINT('',(0.94996349044,3.034876341891));
#377 = CARTESIAN_POINT('',(0.76996349044,3.138799390345));
#378 = CARTESIAN_POINT('',(0.94996349044,3.2427224388));
#379 = CARTESIAN_POINT('',(1.12996349044,3.346645487254));
#380 = CARTESIAN_POINT('',(1.12996349044,3.138799390345));
#381 = ( GEOMETRIC_REPRESENTATION_CONTEXT(2) 
PARAMETRIC_REPRESENTATION_CONTEXT() REPRESENTATION_CONTEXT('2D SPACE',''
  ) );
#382 = PCURVE('',#383,#388);
#383 = CYLINDRICAL_SURFACE('',#384,0.12);
#384 = AXIS2_PLACEMENT_3D('',#385,#386,#387);
#385 = CARTESIAN_POINT('',(6.113671780463,9.,2.416281722143));
#386 = DIRECTION('',(0.,-1.,0.));
#387 = DIRECTION('',(0.841470984808,0.,0.540302305868));
#388 = DEFINITIONAL_REPRESENTATION('',(#389),#392);
#389 = B_SPLINE_CURVE_WITH_KNOTS('',1,(#390,#391),.UNSPECIFIED.,.F.,.F.,
  (2,2),(4.14159265359,5.712388980385),.PIECEWISE_BEZIER_KNOTS.);
#390 = CARTESIAN_POINT('',(0.,0.));
#391 = CARTESIAN_POINT('',(-1.570796326795,0.));
#392 = ( GEOMETRIC_REPRESENTATION_CONTEXT(2) 
PARAMETRIC_REPRESENTATION_CONTEXT() REPRESENTATION_CONTEXT('2D SPACE',''
  ) );
#393 = ORIENTED_EDGE('',*,*,#394,.T.);
#394 = EDGE_CURVE('',#363,#395,#397,.T.);
#395 = VERTEX_POINT('',#396);
#396 = CARTESIAN_POINT('',(4.786746384261,9.,4.704943470351));
#397 = SURFACE_CURVE('',#398,(#402,#409),.PCURVE_S1.);
#398 = LINE('',#399,#400);
#399 = CARTESIAN_POINT('',(6.279484575345,9.,2.380141480671));
#400 = VECTOR('',#401,1.);
#401 = DIRECTION('',(-0.540302305868,0.,0.841470984808));
#402 = PCURVE('',#44,#403);
#403 = DEFINITIONAL_REPRESENTATION('',(#404),#408);
#404 = LINE('',#405,#406);
#405 = CARTESIAN_POINT('',(1.046103731913,3.304612185227));
#406 = VECTOR('',#407,1.);
#407 = DIRECTION('',(-0.841470984808,-0.540302305868));
#408 = ( GEOMETRIC_REPRESENTATION_CONTEXT(2) 
PARAMETRIC_REPRESENTATION_CONTEXT() REPRESENTATION_CONTEXT('2D SPACE',''
  ) );
#409 = PCURVE('',#410,#415);
#410 = PLANE('',#411);
#411 = AXIS2_PLACEMENT_3D('',#412,#413,#414);
#412 = CARTESIAN_POINT('',(6.279484575345,0.,2.380141480671));
#413 = DIRECTION('',(-0.841470984808,-0.,-0.540302305868));
#414 = DIRECTION('',(-0.540302305868,0.,0.841470984808));
#415 = DEFINITIONAL_REPRESENTATION('',(#416),#420);
#416 = LINE('',#417,#418);
#417 = CARTESIAN_POINT('',(0.,9.));
#418 = VECTOR('',#419,1.);
#419 = DIRECTION('',(1.,0.));
#420 = ( GEOMETRIC_REPRESENTATION_CONTEXT(2) 
PARAMETRIC_REPRESENTATION_CONTEXT() REPRESENTATION_CONTEXT('2D SPACE',''
  ) );
#421 = ORIENTED_EDGE('',*,*,#422,.F.);
#422 = EDGE_CURVE('',#423,#395,#425,.T.);
#423 = VERTEX_POINT('',#424);
#424 = CARTESIAN_POINT('',(4.764443956088,9.,4.730718382593));
#425 = SURFACE_CURVE('',#426,(#431,#442),.PCURVE_S1.);
#426 = CIRCLE('',#427,0.12);
#427 = AXIS2_PLACEMENT_3D('',#428,#429,#430);
#428 = CARTESIAN_POINT('',(4.685769866084,9.,4.640107193647));
#429 = DIRECTION('',(0.,1.,0.));
#430 = DIRECTION('',(0.,-0.,1.));
#431 = PCURVE('',#44,#432);
#432 = DEFINITIONAL_REPRESENTATION('',(#433),#441);
#433 = ( BOUNDED_CURVE() B_SPLINE_CURVE(2,(#434,#435,#436,#437,#438,#439
,#440),.UNSPECIFIED.,.T.,.F.) B_SPLINE_CURVE_WITH_KNOTS((1,2,2,2,2,1),(
    -2.094395102393,0.,2.094395102393,4.188790204786,6.28318530718,
8.377580409573),.UNSPECIFIED.) CURVE() GEOMETRIC_REPRESENTATION_ITEM() 
RATIONAL_B_SPLINE_CURVE((1.,0.5,1.,0.5,1.,0.5,1.)) REPRESENTATION_ITEM(
  '') );
#434 = CARTESIAN_POINT('',(-1.333861981064,1.710897475966));
#435 = CARTESIAN_POINT('',(-1.333861981064,1.918743572874));
#436 = CARTESIAN_POINT('',(-1.153861981064,1.81482052442));
#437 = CARTESIAN_POINT('',(-0.973861981064,1.710897475966));
#438 = CARTESIAN_POINT('',(-1.153861981064,1.606974427512));
#439 = CARTESIAN_POINT('',(-1.333861981064,1.503051379058));
#440 = CARTESIAN_POINT('',(-1.333861981064,1.710897475966));
#441 = ( GEOMETRIC_REPRESENTATION_CONTEXT(2) 
PARAMETRIC_REPRESENTATION_CONTEXT() REPRESENTATION_CONTEXT('2D SPACE',''
  ) );
#442 = PCURVE('',#443,#448);
#443 = CYLINDRICAL_SURFACE('',#444,0.12);
#444 = AXIS2_PLACEMENT_3D('',#445,#446,#447);
#445 = CARTESIAN_POINT('',(4.685769866084,-9.,4.640107193647));
#446 = DIRECTION('',(0.,1.,0.));
#447 = DIRECTION('',(0.655617416697,-0.,0.755093241212));
#448 = DEFINITIONAL_REPRESENTATION('',(#449),#452);
#449 = B_SPLINE_CURVE_WITH_KNOTS('',1,(#450,#451),.UNSPECIFIED.,.F.,.F.,
  (2,2),(0.715,1.),.PIECEWISE_BEZIER_KNOTS.);
#450 = CARTESIAN_POINT('',(3.885780586188E-15,18.));
#451 = CARTESIAN_POINT('',(0.285,18.));
#452 = ( GEOMETRIC_REPRESENTATION_CONTEXT(2) 
PARAMETRIC_REPRESENTATION_CONTEXT() REPRESENTATION_CONTEXT('2D SPACE',''
  ) );
#453 = ORIENTED_EDGE('',*,*,#454,.T.);
#454 = EDGE_CURVE('',#423,#455,#457,.T.);
#455 = VERTEX_POINT('',#456);
#456 = CARTESIAN_POINT('',(4.015303772951,9.,5.381166995831));
#457 = SURFACE_CURVE('',#458,(#462,#469),.PCURVE_S1.);
#458 = LINE('',#459,#460);
#459 = CARTESIAN_POINT('',(4.777444165031,9.,4.719430818437));
#460 = VECTOR('',#461,1.);
#461 = DIRECTION('',(-0.755093241212,0.,0.655617416697));
#462 = PCURVE('',#44,#463);
#463 = DEFINITIONAL_REPRESENTATION('',(#464),#468);
#464 = LINE('',#465,#466);
#465 = CARTESIAN_POINT('',(-1.293185605853,1.802571774913));
#466 = VECTOR('',#467,1.);
#467 = DIRECTION('',(-0.655617416697,-0.755093241212));
#468 = ( GEOMETRIC_REPRESENTATION_CONTEXT(2) 
PARAMETRIC_REPRESENTATION_CONTEXT() REPRESENTATION_CONTEXT('2D SPACE',''
  ) );
#469 = PCURVE('',#470,#475);
#470 = PLANE('',#471);
#471 = AXIS2_PLACEMENT_3D('',#472,#473,#474);
#472 = CARTESIAN_POINT('',(4.777444165031,0.,4.719430818437));
#473 = DIRECTION('',(-0.655617416697,-0.,-0.755093241212));
#474 = DIRECTION('',(-0.755093241212,0.,0.655617416697));
#475 = DEFINITIONAL_REPRESENTATION('',(#476),#480);
#476 = LINE('',#477,#478);
#477 = CARTESIAN_POINT('',(0.,9.));
#478 = VECTOR('',#479,1.);
#479 = DIRECTION('',(1.,0.));
#480 = ( GEOMETRIC_REPRESENTATION_CONTEXT(2) 
PARAMETRIC_REPRESENTATION_CONTEXT() REPRESENTATION_CONTEXT('2D SPACE',''
  ) );
#481 = ORIENTED_EDGE('',*,*,#482,.F.);
#482 = EDGE_CURVE('',#140,#455,#483,.T.);
#483 = SURFACE_CURVE('',#484,(#489,#500),.PCURVE_S1.);
#484 = CIRCLE('',#485,0.12);
#485 = AXIS2_PLACEMENT_3D('',#486,#487,#488);
#486 = CARTESIAN_POINT('',(3.936629682948,9.,5.290555806886));
#487 = DIRECTION('',(0.,1.,0.));
#488 = DIRECTION('',(0.,-0.,1.));
#489 = PCURVE('',#44,#490);
#490 = DEFINITIONAL_REPRESENTATION('',(#491),#499);
#491 = ( BOUNDED_CURVE() B_SPLINE_CURVE(2,(#492,#493,#494,#495,#496,#497
,#498),.UNSPECIFIED.,.T.,.F.) B_SPLINE_CURVE_WITH_KNOTS((1,2,2,2,2,1),(
    -2.094395102393,0.,2.094395102393,4.188790204786,6.28318530718,
8.377580409573),.UNSPECIFIED.) CURVE() GEOMETRIC_REPRESENTATION_ITEM() 
RATIONAL_B_SPLINE_CURVE((1.,0.5,1.,0.5,1.,0.5,1.)) REPRESENTATION_ITEM(
  '') );
#492 = CARTESIAN_POINT('',(-1.984310594302,0.96175729283));
#493 = CARTESIAN_POINT('',(-1.984310594302,1.169603389738));
#494 = CARTESIAN_POINT('',(-1.804310594302,1.065680341284));
#495 = CARTESIAN_POINT('',(-1.624310594302,0.96175729283));
#496 = CARTESIAN_POINT('',(-1.804310594302,0.857834244376));
#497 = CARTESIAN_POINT('',(-1.984310594302,0.753911195921));
#498 = CARTESIAN_POINT('',(-1.984310594302,0.96175729283));
#499 = ( GEOMETRIC_REPRESENTATION_CONTEXT(2) 
PARAMETRIC_REPRESENTATION_CONTEXT() REPRESENTATION_CONTEXT('2D SPACE',''
  ) );
#500 = PCURVE('',#501,#506);
#501 = CYLINDRICAL_SURFACE('',#502,0.12);
#502 = AXIS2_PLACEMENT_3D('',#503,#504,#505);
#503 = CARTESIAN_POINT('',(3.936629682948,-9.,5.290555806886));
#504 = DIRECTION('',(0.,1.,0.));
#505 = DIRECTION('',(0.416870802429,-0.,0.908965749675));
#506 = DEFINITIONAL_REPRESENTATION('',(#507),#510);
#507 = B_SPLINE_CURVE_WITH_KNOTS('',1,(#508,#509),.UNSPECIFIED.,.F.,.F.,
  (2,2),(0.43,0.715),.PIECEWISE_BEZIER_KNOTS.);
#508 = CARTESIAN_POINT('',(3.330669073875E-16,18.));
#509 = CARTESIAN_POINT('',(0.285,18.));
#510 = ( GEOMETRIC_REPRESENTATION_CONTEXT(2) 
PARAMETRIC_REPRESENTATION_CONTEXT() REPRESENTATION_CONTEXT('2D SPACE',''
  ) );
#511 = FACE_BOUND('',#512,.F.);
#512 = EDGE_LOOP('',(#513));
#513 = ORIENTED_EDGE('',*,*,#514,.F.);
#514 = EDGE_CURVE('',#515,#515,#517,.T.);
#515 = VERTEX_POINT('',#516);
#516 = CARTESIAN_POINT('',(2.584598975061,9.,5.365587647984));
#517 = SURFACE_CURVE('',#518,(#523,#530),.PCURVE_S1.);
#518 = CIRCLE('',#519,0.27);
#519 = AXIS2_PLACEMENT_3D('',#520,#521,#522);
#520 = CARTESIAN_POINT('',(2.584598975061,9.,5.635587647984));
#521 = DIRECTION('',(0.,-1.,0.));
#522 = DIRECTION('',(0.,-0.,-1.));
#523 = PCURVE('',#44,#524);
#524 = DEFINITIONAL_REPRESENTATION('',(#525),#529);
#525 = CIRCLE('',#526,0.27);
#526 = AXIS2_PLACEMENT_2D('',#527,#528);
#527 = CARTESIAN_POINT('',(-2.209342435401,-0.390273415057));
#528 = DIRECTION('',(1.,0.));
#529 = ( GEOMETRIC_REPRESENTATION_CONTEXT(2) 
PARAMETRIC_REPRESENTATION_CONTEXT() REPRESENTATION_CONTEXT('2D SPACE',''
  ) );
#530 = PCURVE('',#531,#536);
#531 = CYLINDRICAL_SURFACE('',#532,0.27);
#532 = AXIS2_PLACEMENT_3D('',#533,#534,#535);
#533 = CARTESIAN_POINT('',(2.584598975061,9.4,5.635587647984));
#534 = DIRECTION('',(0.,-1.,0.));
#535 = DIRECTION('',(0.,-0.,-1.));
#536 = DEFINITIONAL_REPRESENTATION('',(#537),#540);
#537 = B_SPLINE_CURVE_WITH_KNOTS('',1,(#538,#539),.UNSPECIFIED.,.F.,.F.,
  (2,2),(0.,6.28318530718),.PIECEWISE_BEZIER_KNOTS.);
#538 = CARTESIAN_POINT('',(0.,0.4));
#539 = CARTESIAN_POINT('',(6.28318530718,0.4));
#540 = ( GEOMETRIC_REPRESENTATION_CONTEXT(2) 
PARAMETRIC_REPRESENTATION_CONTEXT() REPRESENTATION_CONTEXT('2D SPACE',''
  ) );
#541 = FACE_BOUND('',#542,.F.);
#542 = EDGE_LOOP('',(#543));
#543 = ORIENTED_EDGE('',*,*,#544,.F.);
#544 = EDGE_CURVE('',#545,#545,#547,.T.);
#545 = VERTEX_POINT('',#546);
#546 = CARTESIAN_POINT('',(5.217120105809,9.,3.079874296382));
#547 = SURFACE_CURVE('',#548,(#553,#560),.PCURVE_S1.);
#548 = CIRCLE('',#549,0.27);
#549 = AXIS2_PLACEMENT_3D('',#550,#551,#552);
#550 = CARTESIAN_POINT('',(5.217120105809,9.,3.349874296382));
#551 = DIRECTION('',(0.,-1.,0.));
#552 = DIRECTION('',(0.,-0.,-1.));
#553 = PCURVE('',#44,#554);
#554 = DEFINITIONAL_REPRESENTATION('',(#555),#559);
#555 = CIRCLE('',#556,0.27);
#556 = AXIS2_PLACEMENT_2D('',#557,#558);
#557 = CARTESIAN_POINT('',(7.637091620107E-02,2.242247715691));
#558 = DIRECTION('',(1.,0.));
#559 = ( GEOMETRIC_REPRESENTATION_CONTEXT(2) 
PARAMETRIC_REPRESENTATION_CONTEXT() REPRESENTATION_CONTEXT('2D SPACE',''
  ) );
#560 = PCURVE('',#561,#566);
#561 = CYLINDRICAL_SURFACE('',#562,0.27);
#562 = AXIS2_PLACEMENT_3D('',#563,#564,#565);
#563 = CARTESIAN_POINT('',(5.217120105809,9.4,3.349874296382));
#564 = DIRECTION('',(0.,-1.,0.));
#565 = DIRECTION('',(0.,-0.,-1.));
#566 = DEFINITIONAL_REPRESENTATION('',(#567),#570);
#567 = B_SPLINE_CURVE_WITH_KNOTS('',1,(#568,#569),.UNSPECIFIED.,.F.,.F.,
  (2,2),(0.,6.28318530718),.PIECEWISE_BEZIER_KNOTS.);
#568 = CARTESIAN_POINT('',(0.,0.4));
#569 = CARTESIAN_POINT('',(6.28318530718,0.4));
#570 = ( GEOMETRIC_REPRESENTATION_CONTEXT(2) 
PARAMETRIC_REPRESENTATION_CONTEXT() REPRESENTATION_CONTEXT('2D SPACE',''
  ) );
#571 = ADVANCED_FACE('',(#572),#72,.T.);
#572 = FACE_BOUND('',#573,.T.);
#573 = EDGE_LOOP('',(#574,#601,#621,#622));
#574 = ORIENTED_EDGE('',*,*,#575,.T.);
#575 = EDGE_CURVE('',#57,#576,#578,.T.);
#576 = VERTEX_POINT('',#577);
#577 = CARTESIAN_POINT('',(1.584454669873,-9.,6.501330894449));
#578 = SURFACE_CURVE('',#579,(#584,#590),.PCURVE_S1.);
#579 = CIRCLE('',#580,0.12);
#580 = AXIS2_PLACEMENT_3D('',#581,#582,#583);
#581 = CARTESIAN_POINT('',(1.534430173581,-9.,6.392255004488));
#582 = DIRECTION('',(0.,1.,0.));
#583 = DIRECTION('',(0.,-0.,1.));
#584 = PCURVE('',#72,#585);
#585 = DEFINITIONAL_REPRESENTATION('',(#586),#589);
#586 = B_SPLINE_CURVE_WITH_KNOTS('',1,(#587,#588),.UNSPECIFIED.,.F.,.F.,
  (2,2),(5.142388980385,6.71318530718),.PIECEWISE_BEZIER_KNOTS.);
#587 = CARTESIAN_POINT('',(9.769962616701E-15,0.));
#588 = CARTESIAN_POINT('',(1.570796326795,0.));
#589 = ( GEOMETRIC_REPRESENTATION_CONTEXT(2) 
PARAMETRIC_REPRESENTATION_CONTEXT() REPRESENTATION_CONTEXT('2D SPACE',''
  ) );
#590 = PCURVE('',#99,#591);
#591 = DEFINITIONAL_REPRESENTATION('',(#592),#600);
#592 = ( BOUNDED_CURVE() B_SPLINE_CURVE(2,(#593,#594,#595,#596,#597,#598
,#599),.UNSPECIFIED.,.T.,.F.) B_SPLINE_CURVE_WITH_KNOTS((1,2,2,2,2,1),(
    -2.094395102393,0.,2.094395102393,4.188790204786,6.28318530718,
8.377580409573),.UNSPECIFIED.) CURVE() GEOMETRIC_REPRESENTATION_ITEM() 
RATIONAL_B_SPLINE_CURVE((1.,0.5,1.,0.5,1.,0.5,1.)) REPRESENTATION_ITEM(
  '') );
#593 = CARTESIAN_POINT('',(-3.086009791905,-1.440442216537));
#594 = CARTESIAN_POINT('',(-3.086009791905,-1.232596119628));
#595 = CARTESIAN_POINT('',(-2.906009791905,-1.336519168083));
#596 = CARTESIAN_POINT('',(-2.726009791905,-1.440442216537));
#597 = CARTESIAN_POINT('',(-2.906009791905,-1.544365264991));
#598 = CARTESIAN_POINT('',(-3.086009791905,-1.648288313445));
#599 = CARTESIAN_POINT('',(-3.086009791905,-1.440442216537));
#600 = ( GEOMETRIC_REPRESENTATION_CONTEXT(2) 
PARAMETRIC_REPRESENTATION_CONTEXT() REPRESENTATION_CONTEXT('2D SPACE',''
  ) );
#601 = ORIENTED_EDGE('',*,*,#602,.T.);
#602 = EDGE_CURVE('',#576,#142,#603,.T.);
#603 = SURFACE_CURVE('',#604,(#608,#614),.PCURVE_S1.);
#604 = LINE('',#605,#606);
#605 = CARTESIAN_POINT('',(1.584454669873,-9.,6.501330894449));
#606 = VECTOR('',#607,1.);
#607 = DIRECTION('',(0.,1.,0.));
#608 = PCURVE('',#72,#609);
#609 = DEFINITIONAL_REPRESENTATION('',(#610),#613);
#610 = B_SPLINE_CURVE_WITH_KNOTS('',1,(#611,#612),.UNSPECIFIED.,.F.,.F.,
  (2,2),(0.,18.),.PIECEWISE_BEZIER_KNOTS.);
#611 = CARTESIAN_POINT('',(1.570796326795,0.));
#612 = CARTESIAN_POINT('',(1.570796326795,18.));
#613 = ( GEOMETRIC_REPRESENTATION_CONTEXT(2) 
PARAMETRIC_REPRESENTATION_CONTEXT() REPRESENTATION_CONTEXT('2D SPACE',''
  ) );
#614 = PCURVE('',#157,#615);
#615 = DEFINITIONAL_REPRESENTATION('',(#616),#620);
#616 = LINE('',#617,#618);
#617 = CARTESIAN_POINT('',(2.66,-9.));
#618 = VECTOR('',#619,1.);
#619 = DIRECTION('',(0.,1.));
#620 = ( GEOMETRIC_REPRESENTATION_CONTEXT(2) 
PARAMETRIC_REPRESENTATION_CONTEXT() REPRESENTATION_CONTEXT('2D SPACE',''
  ) );
#621 = ORIENTED_EDGE('',*,*,#169,.F.);
#622 = ORIENTED_EDGE('',*,*,#56,.F.);
#623 = ADVANCED_FACE('',(#624),#125,.T.);
#624 = FACE_BOUND('',#625,.T.);
#625 = EDGE_LOOP('',(#626,#627,#649,#670));
#626 = ORIENTED_EDGE('',*,*,#195,.T.);
#627 = ORIENTED_EDGE('',*,*,#628,.T.);
#628 = EDGE_CURVE('',#196,#629,#631,.T.);
#629 = VERTEX_POINT('',#630);
#630 = CARTESIAN_POINT('',(1.,-9.,5.488610922864));
#631 = SURFACE_CURVE('',#632,(#636,#642),.PCURVE_S1.);
#632 = LINE('',#633,#634);
#633 = CARTESIAN_POINT('',(1.,9.,5.488610922864));
#634 = VECTOR('',#635,1.);
#635 = DIRECTION('',(0.,-1.,0.));
#636 = PCURVE('',#125,#637);
#637 = DEFINITIONAL_REPRESENTATION('',(#638),#641);
#638 = B_SPLINE_CURVE_WITH_KNOTS('',1,(#639,#640),.UNSPECIFIED.,.F.,.F.,
  (2,2),(0.,18.),.PIECEWISE_BEZIER_KNOTS.);
#639 = CARTESIAN_POINT('',(0.43,0.));
#640 = CARTESIAN_POINT('',(0.43,18.));
#641 = ( GEOMETRIC_REPRESENTATION_CONTEXT(2) 
PARAMETRIC_REPRESENTATION_CONTEXT() REPRESENTATION_CONTEXT('2D SPACE',''
  ) );
#642 = PCURVE('',#234,#643);
#643 = DEFINITIONAL_REPRESENTATION('',(#644),#648);
#644 = LINE('',#645,#646);
#645 = CARTESIAN_POINT('',(9.488610922864,-19.5));
#646 = VECTOR('',#647,1.);
#647 = DIRECTION('',(0.,1.));
#648 = ( GEOMETRIC_REPRESENTATION_CONTEXT(2) 
PARAMETRIC_REPRESENTATION_CONTEXT() REPRESENTATION_CONTEXT('2D SPACE',''
  ) );
#649 = ORIENTED_EDGE('',*,*,#650,.F.);
#650 = EDGE_CURVE('',#84,#629,#651,.T.);
#651 = SURFACE_CURVE('',#652,(#657,#663),.PCURVE_S1.);
#652 = CIRCLE('',#653,0.12);
#653 = AXIS2_PLACEMENT_3D('',#654,#655,#656);
#654 = CARTESIAN_POINT('',(1.12,-9.,5.488610922864));
#655 = DIRECTION('',(0.,-1.,0.));
#656 = DIRECTION('',(0.,-0.,-1.));
#657 = PCURVE('',#125,#658);
#658 = DEFINITIONAL_REPRESENTATION('',(#659),#662);
#659 = B_SPLINE_CURVE_WITH_KNOTS('',1,(#660,#661),.UNSPECIFIED.,.F.,.F.,
  (2,2),(4.282388980385,4.712388980385),.PIECEWISE_BEZIER_KNOTS.);
#660 = CARTESIAN_POINT('',(6.217248937901E-15,18.));
#661 = CARTESIAN_POINT('',(0.43,18.));
#662 = ( GEOMETRIC_REPRESENTATION_CONTEXT(2) 
PARAMETRIC_REPRESENTATION_CONTEXT() REPRESENTATION_CONTEXT('2D SPACE',''
  ) );
#663 = PCURVE('',#99,#664);
#664 = DEFINITIONAL_REPRESENTATION('',(#665),#669);
#665 = CIRCLE('',#666,0.12);
#666 = AXIS2_PLACEMENT_2D('',#667,#668);
#667 = CARTESIAN_POINT('',(-2.06236571028,-1.854872390118));
#668 = DIRECTION('',(1.,0.));
#669 = ( GEOMETRIC_REPRESENTATION_CONTEXT(2) 
PARAMETRIC_REPRESENTATION_CONTEXT() REPRESENTATION_CONTEXT('2D SPACE',''
  ) );
#670 = ORIENTED_EDGE('',*,*,#111,.F.);
#671 = ADVANCED_FACE('',(#672,#949,#983),#99,.T.);
#672 = FACE_BOUND('',#673,.T.);
#673 = EDGE_LOOP('',(#674,#697,#698,#699,#700,#723,#751,#774,#801,#824,
    #851,#874,#901,#924));
#674 = ORIENTED_EDGE('',*,*,#675,.T.);
#675 = EDGE_CURVE('',#676,#576,#678,.T.);
#676 = VERTEX_POINT('',#677);
#677 = CARTESIAN_POINT('',(3.986654179239,-9.,5.399631696847));
#678 = SURFACE_CURVE('',#679,(#683,#690),.PCURVE_S1.);
#679 = LINE('',#680,#681);
#680 = CARTESIAN_POINT('',(4.002303564008,-9.,5.392454559987));
#681 = VECTOR('',#682,1.);
#682 = DIRECTION('',(-0.908965749675,0.,0.416870802429));
#683 = PCURVE('',#99,#684);
#684 = DEFINITIONAL_REPRESENTATION('',(#685),#689);
#685 = LINE('',#686,#687);
#686 = CARTESIAN_POINT('',(-1.966209347404,1.02743117389));
#687 = VECTOR('',#688,1.);
#688 = DIRECTION('',(-0.416870802429,-0.908965749675));
#689 = ( GEOMETRIC_REPRESENTATION_CONTEXT(2) 
PARAMETRIC_REPRESENTATION_CONTEXT() REPRESENTATION_CONTEXT('2D SPACE',''
  ) );
#690 = PCURVE('',#157,#691);
#691 = DEFINITIONAL_REPRESENTATION('',(#692),#696);
#692 = LINE('',#693,#694);
#693 = CARTESIAN_POINT('',(0.,-9.));
#694 = VECTOR('',#695,1.);
#695 = DIRECTION('',(1.,0.));
#696 = ( GEOMETRIC_REPRESENTATION_CONTEXT(2) 
PARAMETRIC_REPRESENTATION_CONTEXT() REPRESENTATION_CONTEXT('2D SPACE',''
  ) );
#697 = ORIENTED_EDGE('',*,*,#575,.F.);
#698 = ORIENTED_EDGE('',*,*,#83,.T.);
#699 = ORIENTED_EDGE('',*,*,#650,.T.);
#700 = ORIENTED_EDGE('',*,*,#701,.F.);
#701 = EDGE_CURVE('',#702,#629,#704,.T.);
#702 = VERTEX_POINT('',#703);
#703 = CARTESIAN_POINT('',(1.,-9.,2.35456806083));
#704 = SURFACE_CURVE('',#705,(#709,#716),.PCURVE_S1.);
#705 = LINE('',#706,#707);
#706 = CARTESIAN_POINT('',(1.,-9.,-0.286877393708));
#707 = VECTOR('',#708,1.);
#708 = DIRECTION('',(0.,0.,1.));
#709 = PCURVE('',#99,#710);
#710 = DEFINITIONAL_REPRESENTATION('',(#711),#715);
#711 = LINE('',#712,#713);
#712 = CARTESIAN_POINT('',(3.713122606292,-1.974872390118));
#713 = VECTOR('',#714,1.);
#714 = DIRECTION('',(-1.,0.));
#715 = ( GEOMETRIC_REPRESENTATION_CONTEXT(2) 
PARAMETRIC_REPRESENTATION_CONTEXT() REPRESENTATION_CONTEXT('2D SPACE',''
  ) );
#716 = PCURVE('',#234,#717);
#717 = DEFINITIONAL_REPRESENTATION('',(#718),#722);
#718 = LINE('',#719,#720);
#719 = CARTESIAN_POINT('',(3.713122606292,-1.5));
#720 = VECTOR('',#721,1.);
#721 = DIRECTION('',(1.,0.));
#722 = ( GEOMETRIC_REPRESENTATION_CONTEXT(2) 
PARAMETRIC_REPRESENTATION_CONTEXT() REPRESENTATION_CONTEXT('2D SPACE',''
  ) );
#723 = ORIENTED_EDGE('',*,*,#724,.T.);
#724 = EDGE_CURVE('',#702,#725,#727,.T.);
#725 = VERTEX_POINT('',#726);
#726 = CARTESIAN_POINT('',(1.041325909996,-9.,2.263956871884));
#727 = SURFACE_CURVE('',#728,(#733,#740),.PCURVE_S1.);
#728 = CIRCLE('',#729,0.12);
#729 = AXIS2_PLACEMENT_3D('',#730,#731,#732);
#730 = CARTESIAN_POINT('',(1.12,-9.,2.35456806083));
#731 = DIRECTION('',(-0.,-1.,0.));
#732 = DIRECTION('',(0.,-0.,1.));
#733 = PCURVE('',#99,#734);
#734 = DEFINITIONAL_REPRESENTATION('',(#735),#739);
#735 = CIRCLE('',#736,0.12);
#736 = AXIS2_PLACEMENT_2D('',#737,#738);
#737 = CARTESIAN_POINT('',(1.071677151754,-1.854872390118));
#738 = DIRECTION('',(-1.,0.));
#739 = ( GEOMETRIC_REPRESENTATION_CONTEXT(2) 
PARAMETRIC_REPRESENTATION_CONTEXT() REPRESENTATION_CONTEXT('2D SPACE',''
  ) );
#740 = PCURVE('',#741,#746);
#741 = CYLINDRICAL_SURFACE('',#742,0.12);
#742 = AXIS2_PLACEMENT_3D('',#743,#744,#745);
#743 = CARTESIAN_POINT('',(1.12,-9.,2.35456806083));
#744 = DIRECTION('',(0.,1.,0.));
#745 = DIRECTION('',(-1.,0.,0.));
#746 = DEFINITIONAL_REPRESENTATION('',(#747),#750);
#747 = B_SPLINE_CURVE_WITH_KNOTS('',1,(#748,#749),.UNSPECIFIED.,.F.,.F.,
  (2,2),(1.570796326795,2.42659265359),.PIECEWISE_BEZIER_KNOTS.);
#748 = CARTESIAN_POINT('',(-2.6645352591E-15,0.));
#749 = CARTESIAN_POINT('',(-0.855796326795,0.));
#750 = ( GEOMETRIC_REPRESENTATION_CONTEXT(2) 
PARAMETRIC_REPRESENTATION_CONTEXT() REPRESENTATION_CONTEXT('2D SPACE',''
  ) );
#751 = ORIENTED_EDGE('',*,*,#752,.T.);
#752 = EDGE_CURVE('',#725,#753,#755,.T.);
#753 = VERTEX_POINT('',#754);
#754 = CARTESIAN_POINT('',(3.123412995814,-9.,0.456163500099));
#755 = SURFACE_CURVE('',#756,(#760,#767),.PCURVE_S1.);
#756 = LINE('',#757,#758);
#757 = CARTESIAN_POINT('',(-5.453706500338E-02,-9.,3.215451089434));
#758 = VECTOR('',#759,1.);
#759 = DIRECTION('',(0.755093241212,0.,-0.655617416697));
#760 = PCURVE('',#99,#761);
#761 = DEFINITIONAL_REPRESENTATION('',(#762),#766);
#762 = LINE('',#763,#764);
#763 = CARTESIAN_POINT('',(0.21079412315,-3.029409455121));
#764 = VECTOR('',#765,1.);
#765 = DIRECTION('',(0.655617416697,0.755093241212));
#766 = ( GEOMETRIC_REPRESENTATION_CONTEXT(2) 
PARAMETRIC_REPRESENTATION_CONTEXT() REPRESENTATION_CONTEXT('2D SPACE',''
  ) );
#767 = PCURVE('',#290,#768);
#768 = DEFINITIONAL_REPRESENTATION('',(#769),#773);
#769 = LINE('',#770,#771);
#770 = CARTESIAN_POINT('',(0.,-9.));
#771 = VECTOR('',#772,1.);
#772 = DIRECTION('',(1.,0.));
#773 = ( GEOMETRIC_REPRESENTATION_CONTEXT(2) 
PARAMETRIC_REPRESENTATION_CONTEXT() REPRESENTATION_CONTEXT('2D SPACE',''
  ) );
#774 = ORIENTED_EDGE('',*,*,#775,.F.);
#775 = EDGE_CURVE('',#776,#753,#778,.T.);
#776 = VERTEX_POINT('',#777);
#777 = CARTESIAN_POINT('',(3.266923362522,-9.,0.445798170867));
#778 = SURFACE_CURVE('',#779,(#784,#795),.PCURVE_S1.);
#779 = CIRCLE('',#780,0.12);
#780 = AXIS2_PLACEMENT_3D('',#781,#782,#783);
#781 = CARTESIAN_POINT('',(3.202087085818,-9.,0.546774689044));
#782 = DIRECTION('',(-0.,1.,0.));
#783 = DIRECTION('',(0.,0.,-1.));
#784 = PCURVE('',#99,#785);
#785 = DEFINITIONAL_REPRESENTATION('',(#786),#794);
#786 = ( BOUNDED_CURVE() B_SPLINE_CURVE(2,(#787,#788,#789,#790,#791,#792
,#793),.UNSPECIFIED.,.T.,.F.) B_SPLINE_CURVE_WITH_KNOTS((1,2,2,2,2,1),(
    -2.094395102393,0.,2.094395102393,4.188790204786,6.28318530718,
8.377580409573),.UNSPECIFIED.) CURVE() GEOMETRIC_REPRESENTATION_ITEM() 
RATIONAL_B_SPLINE_CURVE((1.,0.5,1.,0.5,1.,0.5,1.)) REPRESENTATION_ITEM(
  '') );
#787 = CARTESIAN_POINT('',(2.999470523539,0.2272146957));
#788 = CARTESIAN_POINT('',(2.999470523539,1.936859879165E-02));
#789 = CARTESIAN_POINT('',(2.819470523539,0.123291647246));
#790 = CARTESIAN_POINT('',(2.639470523539,0.2272146957));
#791 = CARTESIAN_POINT('',(2.819470523539,0.331137744154));
#792 = CARTESIAN_POINT('',(2.999470523539,0.435060792608));
#793 = CARTESIAN_POINT('',(2.999470523539,0.2272146957));
#794 = ( GEOMETRIC_REPRESENTATION_CONTEXT(2) 
PARAMETRIC_REPRESENTATION_CONTEXT() REPRESENTATION_CONTEXT('2D SPACE',''
  ) );
#795 = PCURVE('',#323,#796);
#796 = DEFINITIONAL_REPRESENTATION('',(#797),#800);
#797 = B_SPLINE_CURVE_WITH_KNOTS('',1,(#798,#799),.UNSPECIFIED.,.F.,.F.,
  (2,2),(5.712388980385,6.99818530718),.PIECEWISE_BEZIER_KNOTS.);
#798 = CARTESIAN_POINT('',(0.,18.));
#799 = CARTESIAN_POINT('',(-1.285796326795,18.));
#800 = ( GEOMETRIC_REPRESENTATION_CONTEXT(2) 
PARAMETRIC_REPRESENTATION_CONTEXT() REPRESENTATION_CONTEXT('2D SPACE',''
  ) );
#801 = ORIENTED_EDGE('',*,*,#802,.T.);
#802 = EDGE_CURVE('',#776,#803,#805,.T.);
#803 = VERTEX_POINT('',#804);
#804 = CARTESIAN_POINT('',(6.178508057168,-9.,2.315305203967));
#805 = SURFACE_CURVE('',#806,(#810,#817),.PCURVE_S1.);
#806 = LINE('',#807,#808);
#807 = CARTESIAN_POINT('',(3.1912860611,-9.,0.397232018135));
#808 = VECTOR('',#809,1.);
#809 = DIRECTION('',(0.841470984808,0.,0.540302305868));
#810 = PCURVE('',#99,#811);
#811 = DEFINITIONAL_REPRESENTATION('',(#812),#816);
#812 = LINE('',#813,#814);
#813 = CARTESIAN_POINT('',(3.029013194449,0.216413670982));
#814 = VECTOR('',#815,1.);
#815 = DIRECTION('',(-0.540302305868,0.841470984808));
#816 = ( GEOMETRIC_REPRESENTATION_CONTEXT(2) 
PARAMETRIC_REPRESENTATION_CONTEXT() REPRESENTATION_CONTEXT('2D SPACE',''
  ) );
#817 = PCURVE('',#350,#818);
#818 = DEFINITIONAL_REPRESENTATION('',(#819),#823);
#819 = LINE('',#820,#821);
#820 = CARTESIAN_POINT('',(0.,-9.));
#821 = VECTOR('',#822,1.);
#822 = DIRECTION('',(1.,0.));
#823 = ( GEOMETRIC_REPRESENTATION_CONTEXT(2) 
PARAMETRIC_REPRESENTATION_CONTEXT() REPRESENTATION_CONTEXT('2D SPACE',''
  ) );
#824 = ORIENTED_EDGE('',*,*,#825,.F.);
#825 = EDGE_CURVE('',#826,#803,#828,.T.);
#826 = VERTEX_POINT('',#827);
#827 = CARTESIAN_POINT('',(6.21464829864,-9.,2.481117998848));
#828 = SURFACE_CURVE('',#829,(#834,#845),.PCURVE_S1.);
#829 = CIRCLE('',#830,0.12);
#830 = AXIS2_PLACEMENT_3D('',#831,#832,#833);
#831 = CARTESIAN_POINT('',(6.113671780463,-9.,2.416281722143));
#832 = DIRECTION('',(-0.,1.,0.));
#833 = DIRECTION('',(0.,0.,-1.));
#834 = PCURVE('',#99,#835);
#835 = DEFINITIONAL_REPRESENTATION('',(#836),#844);
#836 = ( BOUNDED_CURVE() B_SPLINE_CURVE(2,(#837,#838,#839,#840,#841,#842
,#843),.UNSPECIFIED.,.T.,.F.) B_SPLINE_CURVE_WITH_KNOTS((1,2,2,2,2,1),(
    -2.094395102393,0.,2.094395102393,4.188790204786,6.28318530718,
8.377580409573),.UNSPECIFIED.) CURVE() GEOMETRIC_REPRESENTATION_ITEM() 
RATIONAL_B_SPLINE_CURVE((1.,0.5,1.,0.5,1.,0.5,1.)) REPRESENTATION_ITEM(
  '') );
#837 = CARTESIAN_POINT('',(1.12996349044,3.138799390345));
#838 = CARTESIAN_POINT('',(1.12996349044,2.930953293437));
#839 = CARTESIAN_POINT('',(0.94996349044,3.034876341891));
#840 = CARTESIAN_POINT('',(0.76996349044,3.138799390345));
#841 = CARTESIAN_POINT('',(0.94996349044,3.2427224388));
#842 = CARTESIAN_POINT('',(1.12996349044,3.346645487254));
#843 = CARTESIAN_POINT('',(1.12996349044,3.138799390345));
#844 = ( GEOMETRIC_REPRESENTATION_CONTEXT(2) 
PARAMETRIC_REPRESENTATION_CONTEXT() REPRESENTATION_CONTEXT('2D SPACE',''
  ) );
#845 = PCURVE('',#383,#846);
#846 = DEFINITIONAL_REPRESENTATION('',(#847),#850);
#847 = B_SPLINE_CURVE_WITH_KNOTS('',1,(#848,#849),.UNSPECIFIED.,.F.,.F.,
  (2,2),(4.14159265359,5.712388980385),.PIECEWISE_BEZIER_KNOTS.);
#848 = CARTESIAN_POINT('',(0.,18.));
#849 = CARTESIAN_POINT('',(-1.570796326795,18.));
#850 = ( GEOMETRIC_REPRESENTATION_CONTEXT(2) 
PARAMETRIC_REPRESENTATION_CONTEXT() REPRESENTATION_CONTEXT('2D SPACE',''
  ) );
#851 = ORIENTED_EDGE('',*,*,#852,.T.);
#852 = EDGE_CURVE('',#826,#853,#855,.T.);
#853 = VERTEX_POINT('',#854);
#854 = CARTESIAN_POINT('',(4.786746384261,-9.,4.704943470351));
#855 = SURFACE_CURVE('',#856,(#860,#867),.PCURVE_S1.);
#856 = LINE('',#857,#858);
#857 = CARTESIAN_POINT('',(6.279484575345,-9.,2.380141480671));
#858 = VECTOR('',#859,1.);
#859 = DIRECTION('',(-0.540302305868,0.,0.841470984808));
#860 = PCURVE('',#99,#861);
#861 = DEFINITIONAL_REPRESENTATION('',(#862),#866);
#862 = LINE('',#863,#864);
#863 = CARTESIAN_POINT('',(1.046103731913,3.304612185227));
#864 = VECTOR('',#865,1.);
#865 = DIRECTION('',(-0.841470984808,-0.540302305868));
#866 = ( GEOMETRIC_REPRESENTATION_CONTEXT(2) 
PARAMETRIC_REPRESENTATION_CONTEXT() REPRESENTATION_CONTEXT('2D SPACE',''
  ) );
#867 = PCURVE('',#410,#868);
#868 = DEFINITIONAL_REPRESENTATION('',(#869),#873);
#869 = LINE('',#870,#871);
#870 = CARTESIAN_POINT('',(0.,-9.));
#871 = VECTOR('',#872,1.);
#872 = DIRECTION('',(1.,0.));
#873 = ( GEOMETRIC_REPRESENTATION_CONTEXT(2) 
PARAMETRIC_REPRESENTATION_CONTEXT() REPRESENTATION_CONTEXT('2D SPACE',''
  ) );
#874 = ORIENTED_EDGE('',*,*,#875,.F.);
#875 = EDGE_CURVE('',#876,#853,#878,.T.);
#876 = VERTEX_POINT('',#877);
#877 = CARTESIAN_POINT('',(4.764443956088,-9.,4.730718382593));
#878 = SURFACE_CURVE('',#879,(#884,#895),.PCURVE_S1.);
#879 = CIRCLE('',#880,0.12);
#880 = AXIS2_PLACEMENT_3D('',#881,#882,#883);
#881 = CARTESIAN_POINT('',(4.685769866084,-9.,4.640107193647));
#882 = DIRECTION('',(0.,1.,0.));
#883 = DIRECTION('',(0.,-0.,1.));
#884 = PCURVE('',#99,#885);
#885 = DEFINITIONAL_REPRESENTATION('',(#886),#894);
#886 = ( BOUNDED_CURVE() B_SPLINE_CURVE(2,(#887,#888,#889,#890,#891,#892
,#893),.UNSPECIFIED.,.T.,.F.) B_SPLINE_CURVE_WITH_KNOTS((1,2,2,2,2,1),(
    -2.094395102393,0.,2.094395102393,4.188790204786,6.28318530718,
8.377580409573),.UNSPECIFIED.) CURVE() GEOMETRIC_REPRESENTATION_ITEM() 
RATIONAL_B_SPLINE_CURVE((1.,0.5,1.,0.5,1.,0.5,1.)) REPRESENTATION_ITEM(
  '') );
#887 = CARTESIAN_POINT('',(-1.333861981064,1.710897475966));
#888 = CARTESIAN_POINT('',(-1.333861981064,1.918743572874));
#889 = CARTESIAN_POINT('',(-1.153861981064,1.81482052442));
#890 = CARTESIAN_POINT('',(-0.973861981064,1.710897475966));
#891 = CARTESIAN_POINT('',(-1.153861981064,1.606974427512));
#892 = CARTESIAN_POINT('',(-1.333861981064,1.503051379058));
#893 = CARTESIAN_POINT('',(-1.333861981064,1.710897475966));
#894 = ( GEOMETRIC_REPRESENTATION_CONTEXT(2) 
PARAMETRIC_REPRESENTATION_CONTEXT() REPRESENTATION_CONTEXT('2D SPACE',''
  ) );
#895 = PCURVE('',#443,#896);
#896 = DEFINITIONAL_REPRESENTATION('',(#897),#900);
#897 = B_SPLINE_CURVE_WITH_KNOTS('',1,(#898,#899),.UNSPECIFIED.,.F.,.F.,
  (2,2),(0.715,1.),.PIECEWISE_BEZIER_KNOTS.);
#898 = CARTESIAN_POINT('',(3.885780586188E-15,0.));
#899 = CARTESIAN_POINT('',(0.285,0.));
#900 = ( GEOMETRIC_REPRESENTATION_CONTEXT(2) 
PARAMETRIC_REPRESENTATION_CONTEXT() REPRESENTATION_CONTEXT('2D SPACE',''
  ) );
#901 = ORIENTED_EDGE('',*,*,#902,.T.);
#902 = EDGE_CURVE('',#876,#903,#905,.T.);
#903 = VERTEX_POINT('',#904);
#904 = CARTESIAN_POINT('',(4.015303772951,-9.,5.381166995831));
#905 = SURFACE_CURVE('',#906,(#910,#917),.PCURVE_S1.);
#906 = LINE('',#907,#908);
#907 = CARTESIAN_POINT('',(4.777444165031,-9.,4.719430818437));
#908 = VECTOR('',#909,1.);
#909 = DIRECTION('',(-0.755093241212,0.,0.655617416697));
#910 = PCURVE('',#99,#911);
#911 = DEFINITIONAL_REPRESENTATION('',(#912),#916);
#912 = LINE('',#913,#914);
#913 = CARTESIAN_POINT('',(-1.293185605853,1.802571774913));
#914 = VECTOR('',#915,1.);
#915 = DIRECTION('',(-0.655617416697,-0.755093241212));
#916 = ( GEOMETRIC_REPRESENTATION_CONTEXT(2) 
PARAMETRIC_REPRESENTATION_CONTEXT() REPRESENTATION_CONTEXT('2D SPACE',''
  ) );
#917 = PCURVE('',#470,#918);
#918 = DEFINITIONAL_REPRESENTATION('',(#919),#923);
#919 = LINE('',#920,#921);
#920 = CARTESIAN_POINT('',(0.,-9.));
#921 = VECTOR('',#922,1.);
#922 = DIRECTION('',(1.,0.));
#923 = ( GEOMETRIC_REPRESENTATION_CONTEXT(2) 
PARAMETRIC_REPRESENTATION_CONTEXT() REPRESENTATION_CONTEXT('2D SPACE',''
  ) );
#924 = ORIENTED_EDGE('',*,*,#925,.F.);
#925 = EDGE_CURVE('',#676,#903,#926,.T.);
#926 = SURFACE_CURVE('',#927,(#932,#943),.PCURVE_S1.);
#927 = CIRCLE('',#928,0.12);
#928 = AXIS2_PLACEMENT_3D('',#929,#930,#931);
#929 = CARTESIAN_POINT('',(3.936629682948,-9.,5.290555806886));
#930 = DIRECTION('',(0.,1.,0.));
#931 = DIRECTION('',(0.,-0.,1.));
#932 = PCURVE('',#99,#933);
#933 = DEFINITIONAL_REPRESENTATION('',(#934),#942);
#934 = ( BOUNDED_CURVE() B_SPLINE_CURVE(2,(#935,#936,#937,#938,#939,#940
,#941),.UNSPECIFIED.,.T.,.F.) B_SPLINE_CURVE_WITH_KNOTS((1,2,2,2,2,1),(
    -2.094395102393,0.,2.094395102393,4.188790204786,6.28318530718,
8.377580409573),.UNSPECIFIED.) CURVE() GEOMETRIC_REPRESENTATION_ITEM() 
RATIONAL_B_SPLINE_CURVE((1.,0.5,1.,0.5,1.,0.5,1.)) REPRESENTATION_ITEM(
  '') );
#935 = CARTESIAN_POINT('',(-1.984310594302,0.96175729283));
#936 = CARTESIAN_POINT('',(-1.984310594302,1.169603389738));
#937 = CARTESIAN_POINT('',(-1.804310594302,1.065680341284));
#938 = CARTESIAN_POINT('',(-1.624310594302,0.96175729283));
#939 = CARTESIAN_POINT('',(-1.804310594302,0.857834244376));
#940 = CARTESIAN_POINT('',(-1.984310594302,0.753911195921));
#941 = CARTESIAN_POINT('',(-1.984310594302,0.96175729283));
#942 = ( GEOMETRIC_REPRESENTATION_CONTEXT(2) 
PARAMETRIC_REPRESENTATION_CONTEXT() REPRESENTATION_CONTEXT('2D SPACE',''
  ) );
#943 = PCURVE('',#501,#944);
#944 = DEFINITIONAL_REPRESENTATION('',(#945),#948);
#945 = B_SPLINE_CURVE_WITH_KNOTS('',1,(#946,#947),.UNSPECIFIED.,.F.,.F.,
  (2,2),(0.43,0.715),.PIECEWISE_BEZIER_KNOTS.);
#946 = CARTESIAN_POINT('',(3.330669073875E-16,0.));
#947 = CARTESIAN_POINT('',(0.285,0.));
#948 = ( GEOMETRIC_REPRESENTATION_CONTEXT(2) 
PARAMETRIC_REPRESENTATION_CONTEXT() REPRESENTATION_CONTEXT('2D SPACE',''
  ) );
#949 = FACE_BOUND('',#950,.T.);
#950 = EDGE_LOOP('',(#951));
#951 = ORIENTED_EDGE('',*,*,#952,.T.);
#952 = EDGE_CURVE('',#953,#953,#955,.T.);
#953 = VERTEX_POINT('',#954);
#954 = CARTESIAN_POINT('',(2.584598975061,-9.,5.905587647984));
#955 = SURFACE_CURVE('',#956,(#961,#972),.PCURVE_S1.);
#956 = CIRCLE('',#957,0.27);
#957 = AXIS2_PLACEMENT_3D('',#958,#959,#960);
#958 = CARTESIAN_POINT('',(2.584598975061,-9.,5.635587647984));
#959 = DIRECTION('',(0.,1.,0.));
#960 = DIRECTION('',(0.,-0.,1.));
#961 = PCURVE('',#99,#962);
#962 = DEFINITIONAL_REPRESENTATION('',(#963),#971);
#963 = ( BOUNDED_CURVE() B_SPLINE_CURVE(2,(#964,#965,#966,#967,#968,#969
,#970),.UNSPECIFIED.,.T.,.F.) B_SPLINE_CURVE_WITH_KNOTS((1,2,2,2,2,1),(
    -2.094395102393,0.,2.094395102393,4.188790204786,6.28318530718,
8.377580409573),.UNSPECIFIED.) CURVE() GEOMETRIC_REPRESENTATION_ITEM() 
RATIONAL_B_SPLINE_CURVE((1.,0.5,1.,0.5,1.,0.5,1.)) REPRESENTATION_ITEM(
  '') );
#964 = CARTESIAN_POINT('',(-2.479342435401,-0.390273415057));
#965 = CARTESIAN_POINT('',(-2.479342435401,7.73803029867E-02));
#966 = CARTESIAN_POINT('',(-2.074342435401,-0.156446556035));
#967 = CARTESIAN_POINT('',(-1.669342435401,-0.390273415057));
#968 = CARTESIAN_POINT('',(-2.074342435401,-0.624100274079));
#969 = CARTESIAN_POINT('',(-2.479342435401,-0.8579271331));
#970 = CARTESIAN_POINT('',(-2.479342435401,-0.390273415057));
#971 = ( GEOMETRIC_REPRESENTATION_CONTEXT(2) 
PARAMETRIC_REPRESENTATION_CONTEXT() REPRESENTATION_CONTEXT('2D SPACE',''
  ) );
#972 = PCURVE('',#973,#978);
#973 = CYLINDRICAL_SURFACE('',#974,0.27);
#974 = AXIS2_PLACEMENT_3D('',#975,#976,#977);
#975 = CARTESIAN_POINT('',(2.584598975061,-9.4,5.635587647984));
#976 = DIRECTION('',(0.,1.,0.));
#977 = DIRECTION('',(0.,-0.,1.));
#978 = DEFINITIONAL_REPRESENTATION('',(#979),#982);
#979 = B_SPLINE_CURVE_WITH_KNOTS('',1,(#980,#981),.UNSPECIFIED.,.F.,.F.,
  (2,2),(0.,6.28318530718),.PIECEWISE_BEZIER_KNOTS.);
#980 = CARTESIAN_POINT('',(0.,0.4));
#981 = CARTESIAN_POINT('',(6.28318530718,0.4));
#982 = ( GEOMETRIC_REPRESENTATION_CONTEXT(2) 
PARAMETRIC_REPRESENTATION_CONTEXT() REPRESENTATION_CONTEXT('2D SPACE',''
  ) );
#983 = FACE_BOUND('',#984,.T.);
#984 = EDGE_LOOP('',(#985));
#985 = ORIENTED_EDGE('',*,*,#986,.T.);
#986 = EDGE_CURVE('',#987,#987,#989,.T.);
#987 = VERTEX_POINT('',#988);
#988 = CARTESIAN_POINT('',(5.217120105809,-9.,3.619874296382));
#989 = SURFACE_CURVE('',#990,(#995,#1006),.PCURVE_S1.);
#990 = CIRCLE('',#991,0.27);
#991 = AXIS2_PLACEMENT_3D('',#992,#993,#994);
#992 = CARTESIAN_POINT('',(5.217120105809,-9.,3.349874296382));
#993 = DIRECTION('',(0.,1.,0.));
#994 = DIRECTION('',(0.,-0.,1.));
#995 = PCURVE('',#99,#996);
#996 = DEFINITIONAL_REPRESENTATION('',(#997),#1005);
#997 = ( BOUNDED_CURVE() B_SPLINE_CURVE(2,(#998,#999,#1000,#1001,#1002,
#1003,#1004),.UNSPECIFIED.,.T.,.F.) B_SPLINE_CURVE_WITH_KNOTS((1,2,2,2,2
    ,1),(-2.094395102393,0.,2.094395102393,4.188790204786,6.28318530718,
8.377580409573),.UNSPECIFIED.) CURVE() GEOMETRIC_REPRESENTATION_ITEM() 
RATIONAL_B_SPLINE_CURVE((1.,0.5,1.,0.5,1.,0.5,1.)) REPRESENTATION_ITEM(
  '') );
#998 = CARTESIAN_POINT('',(-0.193629083799,2.242247715691));
#999 = CARTESIAN_POINT('',(-0.193629083799,2.709901433735));
#1000 = CARTESIAN_POINT('',(0.211370916201,2.476074574713));
#1001 = CARTESIAN_POINT('',(0.616370916201,2.242247715691));
#1002 = CARTESIAN_POINT('',(0.211370916201,2.008420856669));
#1003 = CARTESIAN_POINT('',(-0.193629083799,1.774593997647));
#1004 = CARTESIAN_POINT('',(-0.193629083799,2.242247715691));
#1005 = ( GEOMETRIC_REPRESENTATION_CONTEXT(2) 
PARAMETRIC_REPRESENTATION_CONTEXT() REPRESENTATION_CONTEXT('2D SPACE',''
  ) );
#1006 = PCURVE('',#1007,#1012);
#1007 = CYLINDRICAL_SURFACE('',#1008,0.27);
#1008 = AXIS2_PLACEMENT_3D('',#1009,#1010,#1011);
#1009 = CARTESIAN_POINT('',(5.217120105809,-9.4,3.349874296382));
#1010 = DIRECTION('',(0.,1.,0.));
#1011 = DIRECTION('',(0.,-0.,1.));
#1012 = DEFINITIONAL_REPRESENTATION('',(#1013),#1016);
#1013 = B_SPLINE_CURVE_WITH_KNOTS('',1,(#1014,#1015),.UNSPECIFIED.,.F.,
  .F.,(2,2),(0.,6.28318530718),.PIECEWISE_BEZIER_KNOTS.);
#1014 = CARTESIAN_POINT('',(0.,0.4));
#1015 = CARTESIAN_POINT('',(6.28318530718,0.4));
#1016 = ( GEOMETRIC_REPRESENTATION_CONTEXT(2) 
PARAMETRIC_REPRESENTATION_CONTEXT() REPRESENTATION_CONTEXT('2D SPACE',''
  ) );
#1017 = ADVANCED_FACE('',(#1018,#1043,#1077,#1111,#1145),#157,.F.);
#1018 = FACE_BOUND('',#1019,.F.);
#1019 = EDGE_LOOP('',(#1020,#1021,#1022,#1023));
#1020 = ORIENTED_EDGE('',*,*,#675,.T.);
#1021 = ORIENTED_EDGE('',*,*,#602,.T.);
#1022 = ORIENTED_EDGE('',*,*,#139,.F.);
#1023 = ORIENTED_EDGE('',*,*,#1024,.F.);
#1024 = EDGE_CURVE('',#676,#140,#1025,.T.);
#1025 = SURFACE_CURVE('',#1026,(#1030,#1037),.PCURVE_S1.);
#1026 = LINE('',#1027,#1028);
#1027 = CARTESIAN_POINT('',(3.986654179239,-9.,5.399631696847));
#1028 = VECTOR('',#1029,1.);
#1029 = DIRECTION('',(0.,1.,0.));
#1030 = PCURVE('',#157,#1031);
#1031 = DEFINITIONAL_REPRESENTATION('',(#1032),#1036);
#1032 = LINE('',#1033,#1034);
#1033 = CARTESIAN_POINT('',(1.721669356018E-02,-9.));
#1034 = VECTOR('',#1035,1.);
#1035 = DIRECTION('',(0.,1.));
#1036 = ( GEOMETRIC_REPRESENTATION_CONTEXT(2) 
PARAMETRIC_REPRESENTATION_CONTEXT() REPRESENTATION_CONTEXT('2D SPACE',''
  ) );
#1037 = PCURVE('',#501,#1038);
#1038 = DEFINITIONAL_REPRESENTATION('',(#1039),#1042);
#1039 = B_SPLINE_CURVE_WITH_KNOTS('',1,(#1040,#1041),.UNSPECIFIED.,.F.,
  .F.,(2,2),(0.,18.),.PIECEWISE_BEZIER_KNOTS.);
#1040 = CARTESIAN_POINT('',(0.,0.));
#1041 = CARTESIAN_POINT('',(0.,18.));
#1042 = ( GEOMETRIC_REPRESENTATION_CONTEXT(2) 
PARAMETRIC_REPRESENTATION_CONTEXT() REPRESENTATION_CONTEXT('2D SPACE',''
  ) );
#1043 = FACE_BOUND('',#1044,.F.);
#1044 = EDGE_LOOP('',(#1045));
#1045 = ORIENTED_EDGE('',*,*,#1046,.T.);
#1046 = EDGE_CURVE('',#1047,#1047,#1049,.T.);
#1047 = VERTEX_POINT('',#1048);
#1048 = CARTESIAN_POINT('',(3.547820689171,-4.845,5.600889961202));
#1049 = SURFACE_CURVE('',#1050,(#1055,#1066),.PCURVE_S1.);
#1050 = CIRCLE('',#1051,0.89);
#1051 = AXIS2_PLACEMENT_3D('',#1052,#1053,#1054);
#1052 = CARTESIAN_POINT('',(2.73884117196,-4.845,5.971904975364));
#1053 = DIRECTION('',(0.416870802429,0.,0.908965749675));
#1054 = DIRECTION('',(0.908965749675,0.,-0.416870802429));
#1055 = PCURVE('',#157,#1056);
#1056 = DEFINITIONAL_REPRESENTATION('',(#1057),#1065);
#1057 = ( BOUNDED_CURVE() B_SPLINE_CURVE(2,(#1058,#1059,#1060,#1061,
#1062,#1063,#1064),.UNSPECIFIED.,.T.,.F.) B_SPLINE_CURVE_WITH_KNOTS((1,2
    ,2,2,2,1),(-2.094395102393,0.,2.094395102393,4.188790204786,
6.28318530718,8.377580409573),.UNSPECIFIED.) CURVE() 
GEOMETRIC_REPRESENTATION_ITEM() RATIONAL_B_SPLINE_CURVE((1.,0.5,1.,0.5,
1.,0.5,1.)) REPRESENTATION_ITEM('') );
#1058 = CARTESIAN_POINT('',(0.5,-4.845));
#1059 = CARTESIAN_POINT('',(0.5,-3.303474781264));
#1060 = CARTESIAN_POINT('',(1.835,-4.074237390632));
#1061 = CARTESIAN_POINT('',(3.17,-4.845));
#1062 = CARTESIAN_POINT('',(1.835,-5.615762609368));
#1063 = CARTESIAN_POINT('',(0.5,-6.386525218736));
#1064 = CARTESIAN_POINT('',(0.5,-4.845));
#1065 = ( GEOMETRIC_REPRESENTATION_CONTEXT(2) 
PARAMETRIC_REPRESENTATION_CONTEXT() REPRESENTATION_CONTEXT('2D SPACE',''
  ) );
#1066 = PCURVE('',#1067,#1072);
#1067 = CYLINDRICAL_SURFACE('',#1068,0.89);
#1068 = AXIS2_PLACEMENT_3D('',#1069,#1070,#1071);
#1069 = CARTESIAN_POINT('',(0.500244962915,-4.845,1.09075889961));
#1070 = DIRECTION('',(0.416870802429,0.,0.908965749675));
#1071 = DIRECTION('',(0.908965749675,0.,-0.416870802429));
#1072 = DEFINITIONAL_REPRESENTATION('',(#1073),#1076);
#1073 = B_SPLINE_CURVE_WITH_KNOTS('',1,(#1074,#1075),.UNSPECIFIED.,.F.,
  .F.,(2,2),(0.,6.28318530718),.PIECEWISE_BEZIER_KNOTS.);
#1074 = CARTESIAN_POINT('',(0.,5.37));
#1075 = CARTESIAN_POINT('',(6.28318530718,5.37));
#1076 = ( GEOMETRIC_REPRESENTATION_CONTEXT(2) 
PARAMETRIC_REPRESENTATION_CONTEXT() REPRESENTATION_CONTEXT('2D SPACE',''
  ) );
#1077 = FACE_BOUND('',#1078,.F.);
#1078 = EDGE_LOOP('',(#1079));
#1079 = ORIENTED_EDGE('',*,*,#1080,.T.);
#1080 = EDGE_CURVE('',#1081,#1081,#1083,.T.);
#1081 = VERTEX_POINT('',#1082);
#1082 = CARTESIAN_POINT('',(3.547820689171,-0.745,5.600889961202));
#1083 = SURFACE_CURVE('',#1084,(#1089,#1100),.PCURVE_S1.);
#1084 = CIRCLE('',#1085,0.89);
#1085 = AXIS2_PLACEMENT_3D('',#1086,#1087,#1088);
#1086 = CARTESIAN_POINT('',(2.73884117196,-0.745,5.971904975364));
#1087 = DIRECTION('',(0.416870802429,0.,0.908965749675));
#1088 = DIRECTION('',(0.908965749675,0.,-0.416870802429));
#1089 = PCURVE('',#157,#1090);
#1090 = DEFINITIONAL_REPRESENTATION('',(#1091),#1099);
#1091 = ( BOUNDED_CURVE() B_SPLINE_CURVE(2,(#1092,#1093,#1094,#1095,
#1096,#1097,#1098),.UNSPECIFIED.,.T.,.F.) B_SPLINE_CURVE_WITH_KNOTS((1,2
    ,2,2,2,1),(-2.094395102393,0.,2.094395102393,4.188790204786,
6.28318530718,8.377580409573),.UNSPECIFIED.) CURVE() 
GEOMETRIC_REPRESENTATION_ITEM() RATIONAL_B_SPLINE_CURVE((1.,0.5,1.,0.5,
1.,0.5,1.)) REPRESENTATION_ITEM('') );
#1092 = CARTESIAN_POINT('',(0.5,-0.745));
#1093 = CARTESIAN_POINT('',(0.5,0.796525218736));
#1094 = CARTESIAN_POINT('',(1.835,2.576260936815E-02));
#1095 = CARTESIAN_POINT('',(3.17,-0.745));
#1096 = CARTESIAN_POINT('',(1.835,-1.515762609368));
#1097 = CARTESIAN_POINT('',(0.5,-2.286525218736));
#1098 = CARTESIAN_POINT('',(0.5,-0.745));
#1099 = ( GEOMETRIC_REPRESENTATION_CONTEXT(2) 
PARAMETRIC_REPRESENTATION_CONTEXT() REPRESENTATION_CONTEXT('2D SPACE',''
  ) );
#1100 = PCURVE('',#1101,#1106);
#1101 = CYLINDRICAL_SURFACE('',#1102,0.89);
#1102 = AXIS2_PLACEMENT_3D('',#1103,#1104,#1105);
#1103 = CARTESIAN_POINT('',(0.500244962915,-0.745,1.09075889961));
#1104 = DIRECTION('',(0.416870802429,0.,0.908965749675));
#1105 = DIRECTION('',(0.908965749675,0.,-0.416870802429));
#1106 = DEFINITIONAL_REPRESENTATION('',(#1107),#1110);
#1107 = B_SPLINE_CURVE_WITH_KNOTS('',1,(#1108,#1109),.UNSPECIFIED.,.F.,
  .F.,(2,2),(0.,6.28318530718),.PIECEWISE_BEZIER_KNOTS.);
#1108 = CARTESIAN_POINT('',(0.,5.37));
#1109 = CARTESIAN_POINT('',(6.28318530718,5.37));
#1110 = ( GEOMETRIC_REPRESENTATION_CONTEXT(2) 
PARAMETRIC_REPRESENTATION_CONTEXT() REPRESENTATION_CONTEXT('2D SPACE',''
  ) );
#1111 = FACE_BOUND('',#1112,.F.);
#1112 = EDGE_LOOP('',(#1113));
#1113 = ORIENTED_EDGE('',*,*,#1114,.T.);
#1114 = EDGE_CURVE('',#1115,#1115,#1117,.T.);
#1115 = VERTEX_POINT('',#1116);
#1116 = CARTESIAN_POINT('',(3.547820689171,3.355,5.600889961202));
#1117 = SURFACE_CURVE('',#1118,(#1123,#1134),.PCURVE_S1.);
#1118 = CIRCLE('',#1119,0.89);
#1119 = AXIS2_PLACEMENT_3D('',#1120,#1121,#1122);
#1120 = CARTESIAN_POINT('',(2.73884117196,3.355,5.971904975364));
#1121 = DIRECTION('',(0.416870802429,0.,0.908965749675));
#1122 = DIRECTION('',(0.908965749675,0.,-0.416870802429));
#1123 = PCURVE('',#157,#1124);
#1124 = DEFINITIONAL_REPRESENTATION('',(#1125),#1133);
#1125 = ( BOUNDED_CURVE() B_SPLINE_CURVE(2,(#1126,#1127,#1128,#1129,
#1130,#1131,#1132),.UNSPECIFIED.,.T.,.F.) B_SPLINE_CURVE_WITH_KNOTS((1,2
    ,2,2,2,1),(-2.094395102393,0.,2.094395102393,4.188790204786,
6.28318530718,8.377580409573),.UNSPECIFIED.) CURVE() 
GEOMETRIC_REPRESENTATION_ITEM() RATIONAL_B_SPLINE_CURVE((1.,0.5,1.,0.5,
1.,0.5,1.)) REPRESENTATION_ITEM('') );
#1126 = CARTESIAN_POINT('',(0.5,3.355));
#1127 = CARTESIAN_POINT('',(0.5,4.896525218736));
#1128 = CARTESIAN_POINT('',(1.835,4.125762609368));
#1129 = CARTESIAN_POINT('',(3.17,3.355));
#1130 = CARTESIAN_POINT('',(1.835,2.584237390632));
#1131 = CARTESIAN_POINT('',(0.5,1.813474781264));
#1132 = CARTESIAN_POINT('',(0.5,3.355));
#1133 = ( GEOMETRIC_REPRESENTATION_CONTEXT(2) 
PARAMETRIC_REPRESENTATION_CONTEXT() REPRESENTATION_CONTEXT('2D SPACE',''
  ) );
#1134 = PCURVE('',#1135,#1140);
#1135 = CYLINDRICAL_SURFACE('',#1136,0.89);
#1136 = AXIS2_PLACEMENT_3D('',#1137,#1138,#1139);
#1137 = CARTESIAN_POINT('',(0.500244962915,3.355,1.09075889961));
#1138 = DIRECTION('',(0.416870802429,0.,0.908965749675));
#1139 = DIRECTION('',(0.908965749675,0.,-0.416870802429));
#1140 = DEFINITIONAL_REPRESENTATION('',(#1141),#1144);
#1141 = B_SPLINE_CURVE_WITH_KNOTS('',1,(#1142,#1143),.UNSPECIFIED.,.F.,
  .F.,(2,2),(0.,6.28318530718),.PIECEWISE_BEZIER_KNOTS.);
#1142 = CARTESIAN_POINT('',(0.,5.37));
#1143 = CARTESIAN_POINT('',(6.28318530718,5.37));
#1144 = ( GEOMETRIC_REPRESENTATION_CONTEXT(2) 
PARAMETRIC_REPRESENTATION_CONTEXT() REPRESENTATION_CONTEXT('2D SPACE',''
  ) );
#1145 = FACE_BOUND('',#1146,.F.);
#1146 = EDGE_LOOP('',(#1147));
#1147 = ORIENTED_EDGE('',*,*,#1148,.T.);
#1148 = EDGE_CURVE('',#1149,#1149,#1151,.T.);
#1149 = VERTEX_POINT('',#1150);
#1150 = CARTESIAN_POINT('',(3.547820689171,7.455,5.600889961202));
#1151 = SURFACE_CURVE('',#1152,(#1157,#1168),.PCURVE_S1.);
#1152 = CIRCLE('',#1153,0.89);
#1153 = AXIS2_PLACEMENT_3D('',#1154,#1155,#1156);
#1154 = CARTESIAN_POINT('',(2.73884117196,7.455,5.971904975364));
#1155 = DIRECTION('',(0.416870802429,0.,0.908965749675));
#1156 = DIRECTION('',(0.908965749675,0.,-0.416870802429));
#1157 = PCURVE('',#157,#1158);
#1158 = DEFINITIONAL_REPRESENTATION('',(#1159),#1167);
#1159 = ( BOUNDED_CURVE() B_SPLINE_CURVE(2,(#1160,#1161,#1162,#1163,
#1164,#1165,#1166),.UNSPECIFIED.,.T.,.F.) B_SPLINE_CURVE_WITH_KNOTS((1,2
    ,2,2,2,1),(-2.094395102393,0.,2.094395102393,4.188790204786,
6.28318530718,8.377580409573),.UNSPECIFIED.) CURVE() 
GEOMETRIC_REPRESENTATION_ITEM() RATIONAL_B_SPLINE_CURVE((1.,0.5,1.,0.5,
1.,0.5,1.)) REPRESENTATION_ITEM('') );
#1160 = CARTESIAN_POINT('',(0.5,7.455));
#1161 = CARTESIAN_POINT('',(0.5,8.996525218736));
#1162 = CARTESIAN_POINT('',(1.835,8.225762609368));
#1163 = CARTESIAN_POINT('',(3.17,7.455));
#1164 = CARTESIAN_POINT('',(1.835,6.684237390632));
#1165 = CARTESIAN_POINT('',(0.5,5.913474781264));
#1166 = CARTESIAN_POINT('',(0.5,7.455));
#1167 = ( GEOMETRIC_REPRESENTATION_CONTEXT(2) 
PARAMETRIC_REPRESENTATION_CONTEXT() REPRESENTATION_CONTEXT('2D SPACE',''
  ) );
#1168 = PCURVE('',#1169,#1174);
#1169 = CYLINDRICAL_SURFACE('',#1170,0.89);
#1170 = AXIS2_PLACEMENT_3D('',#1171,#1172,#1173);
#1171 = CARTESIAN_POINT('',(0.500244962915,7.455,1.09075889961));
#1172 = DIRECTION('',(0.416870802429,0.,0.908965749675));
#1173 = DIRECTION('',(0.908965749675,0.,-0.416870802429));
#1174 = DEFINITIONAL_REPRESENTATION('',(#1175),#1178);
#1175 = B_SPLINE_CURVE_WITH_KNOTS('',1,(#1176,#1177),.UNSPECIFIED.,.F.,
  .F.,(2,2),(0.,6.28318530718),.PIECEWISE_BEZIER_KNOTS.);
#1176 = CARTESIAN_POINT('',(0.,5.37));
#1177 = CARTESIAN_POINT('',(6.28318530718,5.37));
#1178 = ( GEOMETRIC_REPRESENTATION_CONTEXT(2) 
PARAMETRIC_REPRESENTATION_CONTEXT() REPRESENTATION_CONTEXT('2D SPACE',''
  ) );
#1179 = ADVANCED_FACE('',(#1180),#501,.T.);
#1180 = FACE_BOUND('',#1181,.T.);
#1181 = EDGE_LOOP('',(#1182,#1183,#1203,#1204));
#1182 = ORIENTED_EDGE('',*,*,#925,.T.);
#1183 = ORIENTED_EDGE('',*,*,#1184,.T.);
#1184 = EDGE_CURVE('',#903,#455,#1185,.T.);
#1185 = SURFACE_CURVE('',#1186,(#1190,#1196),.PCURVE_S1.);
#1186 = LINE('',#1187,#1188);
#1187 = CARTESIAN_POINT('',(4.015303772951,-9.,5.381166995831));
#1188 = VECTOR('',#1189,1.);
#1189 = DIRECTION('',(0.,1.,0.));
#1190 = PCURVE('',#501,#1191);
#1191 = DEFINITIONAL_REPRESENTATION('',(#1192),#1195);
#1192 = B_SPLINE_CURVE_WITH_KNOTS('',1,(#1193,#1194),.UNSPECIFIED.,.F.,
  .F.,(2,2),(0.,18.),.PIECEWISE_BEZIER_KNOTS.);
#1193 = CARTESIAN_POINT('',(0.285,0.));
#1194 = CARTESIAN_POINT('',(0.285,18.));
#1195 = ( GEOMETRIC_REPRESENTATION_CONTEXT(2) 
PARAMETRIC_REPRESENTATION_CONTEXT() REPRESENTATION_CONTEXT('2D SPACE',''
  ) );
#1196 = PCURVE('',#470,#1197);
#1197 = DEFINITIONAL_REPRESENTATION('',(#1198),#1202);
#1198 = LINE('',#1199,#1200);
#1199 = CARTESIAN_POINT('',(1.009332822072,-9.));
#1200 = VECTOR('',#1201,1.);
#1201 = DIRECTION('',(0.,1.));
#1202 = ( GEOMETRIC_REPRESENTATION_CONTEXT(2) 
PARAMETRIC_REPRESENTATION_CONTEXT() REPRESENTATION_CONTEXT('2D SPACE',''
  ) );
#1203 = ORIENTED_EDGE('',*,*,#482,.F.);
#1204 = ORIENTED_EDGE('',*,*,#1024,.F.);
#1205 = ADVANCED_FACE('',(#1206),#470,.F.);
#1206 = FACE_BOUND('',#1207,.F.);
#1207 = EDGE_LOOP('',(#1208,#1209,#1210,#1211));
#1208 = ORIENTED_EDGE('',*,*,#902,.T.);
#1209 = ORIENTED_EDGE('',*,*,#1184,.T.);
#1210 = ORIENTED_EDGE('',*,*,#454,.F.);
#1211 = ORIENTED_EDGE('',*,*,#1212,.F.);
#1212 = EDGE_CURVE('',#876,#423,#1213,.T.);
#1213 = SURFACE_CURVE('',#1214,(#1218,#1225),.PCURVE_S1.);
#1214 = LINE('',#1215,#1216);
#1215 = CARTESIAN_POINT('',(4.764443956088,-9.,4.730718382593));
#1216 = VECTOR('',#1217,1.);
#1217 = DIRECTION('',(0.,1.,0.));
#1218 = PCURVE('',#470,#1219);
#1219 = DEFINITIONAL_REPRESENTATION('',(#1220),#1224);
#1220 = LINE('',#1221,#1222);
#1221 = CARTESIAN_POINT('',(1.721669356018E-02,-9.));
#1222 = VECTOR('',#1223,1.);
#1223 = DIRECTION('',(0.,1.));
#1224 = ( GEOMETRIC_REPRESENTATION_CONTEXT(2) 
PARAMETRIC_REPRESENTATION_CONTEXT() REPRESENTATION_CONTEXT('2D SPACE',''
  ) );
#1225 = PCURVE('',#443,#1226);
#1226 = DEFINITIONAL_REPRESENTATION('',(#1227),#1230);
#1227 = B_SPLINE_CURVE_WITH_KNOTS('',1,(#1228,#1229),.UNSPECIFIED.,.F.,
  .F.,(2,2),(0.,18.),.PIECEWISE_BEZIER_KNOTS.);
#1228 = CARTESIAN_POINT('',(0.,0.));
#1229 = CARTESIAN_POINT('',(0.,18.));
#1230 = ( GEOMETRIC_REPRESENTATION_CONTEXT(2) 
PARAMETRIC_REPRESENTATION_CONTEXT() REPRESENTATION_CONTEXT('2D SPACE',''
  ) );
#1231 = ADVANCED_FACE('',(#1232),#443,.T.);
#1232 = FACE_BOUND('',#1233,.T.);
#1233 = EDGE_LOOP('',(#1234,#1235,#1255,#1256));
#1234 = ORIENTED_EDGE('',*,*,#875,.T.);
#1235 = ORIENTED_EDGE('',*,*,#1236,.T.);
#1236 = EDGE_CURVE('',#853,#395,#1237,.T.);
#1237 = SURFACE_CURVE('',#1238,(#1242,#1248),.PCURVE_S1.);
#1238 = LINE('',#1239,#1240);
#1239 = CARTESIAN_POINT('',(4.786746384261,-9.,4.704943470351));
#1240 = VECTOR('',#1241,1.);
#1241 = DIRECTION('',(0.,1.,0.));
#1242 = PCURVE('',#443,#1243);
#1243 = DEFINITIONAL_REPRESENTATION('',(#1244),#1247);
#1244 = B_SPLINE_CURVE_WITH_KNOTS('',1,(#1245,#1246),.UNSPECIFIED.,.F.,
  .F.,(2,2),(0.,18.),.PIECEWISE_BEZIER_KNOTS.);
#1245 = CARTESIAN_POINT('',(0.285,0.));
#1246 = CARTESIAN_POINT('',(0.285,18.));
#1247 = ( GEOMETRIC_REPRESENTATION_CONTEXT(2) 
PARAMETRIC_REPRESENTATION_CONTEXT() REPRESENTATION_CONTEXT('2D SPACE',''
  ) );
#1248 = PCURVE('',#410,#1249);
#1249 = DEFINITIONAL_REPRESENTATION('',(#1250),#1254);
#1250 = LINE('',#1251,#1252);
#1251 = CARTESIAN_POINT('',(2.76278330644,-9.));
#1252 = VECTOR('',#1253,1.);
#1253 = DIRECTION('',(0.,1.));
#1254 = ( GEOMETRIC_REPRESENTATION_CONTEXT(2) 
PARAMETRIC_REPRESENTATION_CONTEXT() REPRESENTATION_CONTEXT('2D SPACE',''
  ) );
#1255 = ORIENTED_EDGE('',*,*,#422,.F.);
#1256 = ORIENTED_EDGE('',*,*,#1212,.F.);
#1257 = ADVANCED_FACE('',(#1258,#1283,#1317,#1351,#1385),#410,.F.);
#1258 = FACE_BOUND('',#1259,.F.);
#1259 = EDGE_LOOP('',(#1260,#1261,#1262,#1263));
#1260 = ORIENTED_EDGE('',*,*,#852,.T.);
#1261 = ORIENTED_EDGE('',*,*,#1236,.T.);
#1262 = ORIENTED_EDGE('',*,*,#394,.F.);
#1263 = ORIENTED_EDGE('',*,*,#1264,.T.);
#1264 = EDGE_CURVE('',#363,#826,#1265,.T.);
#1265 = SURFACE_CURVE('',#1266,(#1270,#1277),.PCURVE_S1.);
#1266 = LINE('',#1267,#1268);
#1267 = CARTESIAN_POINT('',(6.21464829864,9.,2.481117998848));
#1268 = VECTOR('',#1269,1.);
#1269 = DIRECTION('',(0.,-1.,0.));
#1270 = PCURVE('',#410,#1271);
#1271 = DEFINITIONAL_REPRESENTATION('',(#1272),#1276);
#1272 = LINE('',#1273,#1274);
#1273 = CARTESIAN_POINT('',(0.12,9.));
#1274 = VECTOR('',#1275,1.);
#1275 = DIRECTION('',(0.,-1.));
#1276 = ( GEOMETRIC_REPRESENTATION_CONTEXT(2) 
PARAMETRIC_REPRESENTATION_CONTEXT() REPRESENTATION_CONTEXT('2D SPACE',''
  ) );
#1277 = PCURVE('',#383,#1278);
#1278 = DEFINITIONAL_REPRESENTATION('',(#1279),#1282);
#1279 = B_SPLINE_CURVE_WITH_KNOTS('',1,(#1280,#1281),.UNSPECIFIED.,.F.,
  .F.,(2,2),(0.,18.),.PIECEWISE_BEZIER_KNOTS.);
#1280 = CARTESIAN_POINT('',(0.,0.));
#1281 = CARTESIAN_POINT('',(0.,18.));
#1282 = ( GEOMETRIC_REPRESENTATION_CONTEXT(2) 
PARAMETRIC_REPRESENTATION_CONTEXT() REPRESENTATION_CONTEXT('2D SPACE',''
  ) );
#1283 = FACE_BOUND('',#1284,.F.);
#1284 = EDGE_LOOP('',(#1285));
#1285 = ORIENTED_EDGE('',*,*,#1286,.T.);
#1286 = EDGE_CURVE('',#1287,#1287,#1289,.T.);
#1287 = VERTEX_POINT('',#1288);
#1288 = CARTESIAN_POINT('',(5.047595317965,-6.895,4.298695326033));
#1289 = SURFACE_CURVE('',#1290,(#1295,#1306),.PCURVE_S1.);
#1290 = CIRCLE('',#1291,0.89);
#1291 = AXIS2_PLACEMENT_3D('',#1292,#1293,#1294);
#1292 = CARTESIAN_POINT('',(5.528464370188,-6.895,3.549786149554));
#1293 = DIRECTION('',(0.841470984808,0.,0.540302305868));
#1294 = DIRECTION('',(-0.540302305868,0.,0.841470984808));
#1295 = PCURVE('',#410,#1296);
#1296 = DEFINITIONAL_REPRESENTATION('',(#1297),#1305);
#1297 = ( BOUNDED_CURVE() B_SPLINE_CURVE(2,(#1298,#1299,#1300,#1301,
#1302,#1303,#1304),.UNSPECIFIED.,.T.,.F.) B_SPLINE_CURVE_WITH_KNOTS((1,2
    ,2,2,2,1),(-2.094395102393,0.,2.094395102393,4.188790204786,
6.28318530718,8.377580409573),.UNSPECIFIED.) CURVE() 
GEOMETRIC_REPRESENTATION_ITEM() RATIONAL_B_SPLINE_CURVE((1.,0.5,1.,0.5,
1.,0.5,1.)) REPRESENTATION_ITEM('') );
#1298 = CARTESIAN_POINT('',(2.28,-6.895));
#1299 = CARTESIAN_POINT('',(2.28,-8.436525218736));
#1300 = CARTESIAN_POINT('',(0.945,-7.665762609368));
#1301 = CARTESIAN_POINT('',(-0.39,-6.895));
#1302 = CARTESIAN_POINT('',(0.945,-6.124237390632));
#1303 = CARTESIAN_POINT('',(2.28,-5.353474781264));
#1304 = CARTESIAN_POINT('',(2.28,-6.895));
#1305 = ( GEOMETRIC_REPRESENTATION_CONTEXT(2) 
PARAMETRIC_REPRESENTATION_CONTEXT() REPRESENTATION_CONTEXT('2D SPACE',''
  ) );
#1306 = PCURVE('',#1307,#1312);
#1307 = CYLINDRICAL_SURFACE('',#1308,0.89);
#1308 = AXIS2_PLACEMENT_3D('',#1309,#1310,#1311);
#1309 = CARTESIAN_POINT('',(1.009765181769,-6.895,0.648362767042));
#1310 = DIRECTION('',(0.841470984808,0.,0.540302305868));
#1311 = DIRECTION('',(-0.540302305868,0.,0.841470984808));
#1312 = DEFINITIONAL_REPRESENTATION('',(#1313),#1316);
#1313 = B_SPLINE_CURVE_WITH_KNOTS('',1,(#1314,#1315),.UNSPECIFIED.,.F.,
  .F.,(2,2),(0.,6.28318530718),.PIECEWISE_BEZIER_KNOTS.);
#1314 = CARTESIAN_POINT('',(0.,5.37));
#1315 = CARTESIAN_POINT('',(6.28318530718,5.37));
#1316 = ( GEOMETRIC_REPRESENTATION_CONTEXT(2) 
PARAMETRIC_REPRESENTATION_CONTEXT() REPRESENTATION_CONTEXT('2D SPACE',''
  ) );
#1317 = FACE_BOUND('',#1318,.F.);
#1318 = EDGE_LOOP('',(#1319));
#1319 = ORIENTED_EDGE('',*,*,#1320,.T.);
#1320 = EDGE_CURVE('',#1321,#1321,#1323,.T.);
#1321 = VERTEX_POINT('',#1322);
#1322 = CARTESIAN_POINT('',(5.047595317965,-2.795,4.298695326033));
#1323 = SURFACE_CURVE('',#1324,(#1329,#1340),.PCURVE_S1.);
#1324 = CIRCLE('',#1325,0.89);
#1325 = AXIS2_PLACEMENT_3D('',#1326,#1327,#1328);
#1326 = CARTESIAN_POINT('',(5.528464370188,-2.795,3.549786149554));
#1327 = DIRECTION('',(0.841470984808,0.,0.540302305868));
#1328 = DIRECTION('',(-0.540302305868,0.,0.841470984808));
#1329 = PCURVE('',#410,#1330);
#1330 = DEFINITIONAL_REPRESENTATION('',(#1331),#1339);
#1331 = ( BOUNDED_CURVE() B_SPLINE_CURVE(2,(#1332,#1333,#1334,#1335,
#1336,#1337,#1338),.UNSPECIFIED.,.T.,.F.) B_SPLINE_CURVE_WITH_KNOTS((1,2
    ,2,2,2,1),(-2.094395102393,0.,2.094395102393,4.188790204786,
6.28318530718,8.377580409573),.UNSPECIFIED.) CURVE() 
GEOMETRIC_REPRESENTATION_ITEM() RATIONAL_B_SPLINE_CURVE((1.,0.5,1.,0.5,
1.,0.5,1.)) REPRESENTATION_ITEM('') );
#1332 = CARTESIAN_POINT('',(2.28,-2.795));
#1333 = CARTESIAN_POINT('',(2.28,-4.336525218736));
#1334 = CARTESIAN_POINT('',(0.945,-3.565762609368));
#1335 = CARTESIAN_POINT('',(-0.39,-2.795));
#1336 = CARTESIAN_POINT('',(0.945,-2.024237390632));
#1337 = CARTESIAN_POINT('',(2.28,-1.253474781264));
#1338 = CARTESIAN_POINT('',(2.28,-2.795));
#1339 = ( GEOMETRIC_REPRESENTATION_CONTEXT(2) 
PARAMETRIC_REPRESENTATION_CONTEXT() REPRESENTATION_CONTEXT('2D SPACE',''
  ) );
#1340 = PCURVE('',#1341,#1346);
#1341 = CYLINDRICAL_SURFACE('',#1342,0.89);
#1342 = AXIS2_PLACEMENT_3D('',#1343,#1344,#1345);
#1343 = CARTESIAN_POINT('',(1.009765181769,-2.795,0.648362767042));
#1344 = DIRECTION('',(0.841470984808,0.,0.540302305868));
#1345 = DIRECTION('',(-0.540302305868,0.,0.841470984808));
#1346 = DEFINITIONAL_REPRESENTATION('',(#1347),#1350);
#1347 = B_SPLINE_CURVE_WITH_KNOTS('',1,(#1348,#1349),.UNSPECIFIED.,.F.,
  .F.,(2,2),(0.,6.28318530718),.PIECEWISE_BEZIER_KNOTS.);
#1348 = CARTESIAN_POINT('',(0.,5.37));
#1349 = CARTESIAN_POINT('',(6.28318530718,5.37));
#1350 = ( GEOMETRIC_REPRESENTATION_CONTEXT(2) 
PARAMETRIC_REPRESENTATION_CONTEXT() REPRESENTATION_CONTEXT('2D SPACE',''
  ) );
#1351 = FACE_BOUND('',#1352,.F.);
#1352 = EDGE_LOOP('',(#1353));
#1353 = ORIENTED_EDGE('',*,*,#1354,.T.);
#1354 = EDGE_CURVE('',#1355,#1355,#1357,.T.);
#1355 = VERTEX_POINT('',#1356);
#1356 = CARTESIAN_POINT('',(5.047595317965,1.305,4.298695326033));
#1357 = SURFACE_CURVE('',#1358,(#1363,#1374),.PCURVE_S1.);
#1358 = CIRCLE('',#1359,0.89);
#1359 = AXIS2_PLACEMENT_3D('',#1360,#1361,#1362);
#1360 = CARTESIAN_POINT('',(5.528464370188,1.305,3.549786149554));
#1361 = DIRECTION('',(0.841470984808,0.,0.540302305868));
#1362 = DIRECTION('',(-0.540302305868,0.,0.841470984808));
#1363 = PCURVE('',#410,#1364);
#1364 = DEFINITIONAL_REPRESENTATION('',(#1365),#1373);
#1365 = ( BOUNDED_CURVE() B_SPLINE_CURVE(2,(#1366,#1367,#1368,#1369,
#1370,#1371,#1372),.UNSPECIFIED.,.T.,.F.) B_SPLINE_CURVE_WITH_KNOTS((1,2
    ,2,2,2,1),(-2.094395102393,0.,2.094395102393,4.188790204786,
6.28318530718,8.377580409573),.UNSPECIFIED.) CURVE() 
GEOMETRIC_REPRESENTATION_ITEM() RATIONAL_B_SPLINE_CURVE((1.,0.5,1.,0.5,
1.,0.5,1.)) REPRESENTATION_ITEM('') );
#1366 = CARTESIAN_POINT('',(2.28,1.305));
#1367 = CARTESIAN_POINT('',(2.28,-0.236525218736));
#1368 = CARTESIAN_POINT('',(0.945,0.534237390632));
#1369 = CARTESIAN_POINT('',(-0.39,1.305));
#1370 = CARTESIAN_POINT('',(0.945,2.075762609368));
#1371 = CARTESIAN_POINT('',(2.28,2.846525218736));
#1372 = CARTESIAN_POINT('',(2.28,1.305));
#1373 = ( GEOMETRIC_REPRESENTATION_CONTEXT(2) 
PARAMETRIC_REPRESENTATION_CONTEXT() REPRESENTATION_CONTEXT('2D SPACE',''
  ) );
#1374 = PCURVE('',#1375,#1380);
#1375 = CYLINDRICAL_SURFACE('',#1376,0.89);
#1376 = AXIS2_PLACEMENT_3D('',#1377,#1378,#1379);
#1377 = CARTESIAN_POINT('',(1.009765181769,1.305,0.648362767042));
#1378 = DIRECTION('',(0.841470984808,0.,0.540302305868));
#1379 = DIRECTION('',(-0.540302305868,0.,0.841470984808));
#1380 = DEFINITIONAL_REPRESENTATION('',(#1381),#1384);
#1381 = B_SPLINE_CURVE_WITH_KNOTS('',1,(#1382,#1383),.UNSPECIFIED.,.F.,
  .F.,(2,2),(0.,6.28318530718),.PIECEWISE_BEZIER_KNOTS.);
#1382 = CARTESIAN_POINT('',(0.,5.37));
#1383 = CARTESIAN_POINT('',(6.28318530718,5.37));
#1384 = ( GEOMETRIC_REPRESENTATION_CONTEXT(2) 
PARAMETRIC_REPRESENTATION_CONTEXT() REPRESENTATION_CONTEXT('2D SPACE',''
  ) );
#1385 = FACE_BOUND('',#1386,.F.);
#1386 = EDGE_LOOP('',(#1387));
#1387 = ORIENTED_EDGE('',*,*,#1388,.T.);
#1388 = EDGE_CURVE('',#1389,#1389,#1391,.T.);
#1389 = VERTEX_POINT('',#1390);
#1390 = CARTESIAN_POINT('',(5.047595317965,5.405,4.298695326033));
#1391 = SURFACE_CURVE('',#1392,(#1397,#1408),.PCURVE_S1.);
#1392 = CIRCLE('',#1393,0.89);
#1393 = AXIS2_PLACEMENT_3D('',#1394,#1395,#1396);
#1394 = CARTESIAN_POINT('',(5.528464370188,5.405,3.549786149554));
#1395 = DIRECTION('',(0.841470984808,0.,0.540302305868));
#1396 = DIRECTION('',(-0.540302305868,0.,0.841470984808));
#1397 = PCURVE('',#410,#1398);
#1398 = DEFINITIONAL_REPRESENTATION('',(#1399),#1407);
#1399 = ( BOUNDED_CURVE() B_SPLINE_CURVE(2,(#1400,#1401,#1402,#1403,
#1404,#1405,#1406),.UNSPECIFIED.,.T.,.F.) B_SPLINE_CURVE_WITH_KNOTS((1,2
    ,2,2,2,1),(-2.094395102393,0.,2.094395102393,4.188790204786,
6.28318530718,8.377580409573),.UNSPECIFIED.) CURVE() 
GEOMETRIC_REPRESENTATION_ITEM() RATIONAL_B_SPLINE_CURVE((1.,0.5,1.,0.5,
1.,0.5,1.)) REPRESENTATION_ITEM('') );
#1400 = CARTESIAN_POINT('',(2.28,5.405));
#1401 = CARTESIAN_POINT('',(2.28,3.863474781264));
#1402 = CARTESIAN_POINT('',(0.945,4.634237390632));
#1403 = CARTESIAN_POINT('',(-0.39,5.405));
#1404 = CARTESIAN_POINT('',(0.945,6.175762609368));
#1405 = CARTESIAN_POINT('',(2.28,6.946525218736));
#1406 = CARTESIAN_POINT('',(2.28,5.405));
#1407 = ( GEOMETRIC_REPRESENTATION_CONTEXT(2) 
PARAMETRIC_REPRESENTATION_CONTEXT() REPRESENTATION_CONTEXT('2D SPACE',''
  ) );
#1408 = PCURVE('',#1409,#1414);
#1409 = CYLINDRICAL_SURFACE('',#1410,0.89);
#1410 = AXIS2_PLACEMENT_3D('',#1411,#1412,#1413);
#1411 = CARTESIAN_POINT('',(1.009765181769,5.405,0.648362767042));
#1412 = DIRECTION('',(0.841470984808,0.,0.540302305868));
#1413 = DIRECTION('',(-0.540302305868,0.,0.841470984808));
#1414 = DEFINITIONAL_REPRESENTATION('',(#1415),#1418);
#1415 = B_SPLINE_CURVE_WITH_KNOTS('',1,(#1416,#1417),.UNSPECIFIED.,.F.,
  .F.,(2,2),(0.,6.28318530718),.PIECEWISE_BEZIER_KNOTS.);
#1416 = CARTESIAN_POINT('',(0.,5.37));
#1417 = CARTESIAN_POINT('',(6.28318530718,5.37));
#1418 = ( GEOMETRIC_REPRESENTATION_CONTEXT(2) 
PARAMETRIC_REPRESENTATION_CONTEXT() REPRESENTATION_CONTEXT('2D SPACE',''
  ) );
#1419 = ADVANCED_FACE('',(#1420),#234,.F.);
#1420 = FACE_BOUND('',#1421,.F.);
#1421 = EDGE_LOOP('',(#1422,#1454,#1481,#1511,#1538,#1568,#1595,#1625,
    #1645,#1646,#1647,#1648));
#1422 = ORIENTED_EDGE('',*,*,#1423,.F.);
#1423 = EDGE_CURVE('',#1424,#1426,#1428,.T.);
#1424 = VERTEX_POINT('',#1425);
#1425 = CARTESIAN_POINT('',(1.,-3.957964809976,2.35456806083));
#1426 = VERTEX_POINT('',#1427);
#1427 = CARTESIAN_POINT('',(1.,-5.732035190024,2.35456806083));
#1428 = SURFACE_CURVE('',#1429,(#1434,#1441),.PCURVE_S1.);
#1429 = ELLIPSE('',#1430,2.134954030874,0.89);
#1430 = AXIS2_PLACEMENT_3D('',#1431,#1432,#1433);
#1431 = CARTESIAN_POINT('',(1.,-4.845,2.180449540669));
#1432 = DIRECTION('',(1.,0.,0.));
#1433 = DIRECTION('',(-0.,0.,1.));
#1434 = PCURVE('',#234,#1435);
#1435 = DEFINITIONAL_REPRESENTATION('',(#1436),#1440);
#1436 = ELLIPSE('',#1437,2.134954030874,0.89);
#1437 = AXIS2_PLACEMENT_2D('',#1438,#1439);
#1438 = CARTESIAN_POINT('',(6.180449540669,-5.655));
#1439 = DIRECTION('',(1.,0.));
#1440 = ( GEOMETRIC_REPRESENTATION_CONTEXT(2) 
PARAMETRIC_REPRESENTATION_CONTEXT() REPRESENTATION_CONTEXT('2D SPACE',''
  ) );
#1441 = PCURVE('',#1067,#1442);
#1442 = DEFINITIONAL_REPRESENTATION('',(#1443),#1453);
#1443 = B_SPLINE_CURVE_WITH_KNOTS('',8,(#1444,#1445,#1446,#1447,#1448,
    #1449,#1450,#1451,#1452),.UNSPECIFIED.,.F.,.F.,(9,9),(4.7940357604,
    7.772334853959),.PIECEWISE_BEZIER_KNOTS.);
#1444 = CARTESIAN_POINT('',(1.65244310681,1.357092669812));
#1445 = CARTESIAN_POINT('',(2.024730493505,2.077147066792));
#1446 = CARTESIAN_POINT('',(2.397017880199,2.772129292371));
#1447 = CARTESIAN_POINT('',(2.769305266899,3.289961516141));
#1448 = CARTESIAN_POINT('',(3.141592653575,3.486131108434));
#1449 = CARTESIAN_POINT('',(3.513880040286,3.28996151614));
#1450 = CARTESIAN_POINT('',(3.886167426976,2.772129292371));
#1451 = CARTESIAN_POINT('',(4.258454813673,2.077147066792));
#1452 = CARTESIAN_POINT('',(4.630742200369,1.357092669812));
#1453 = ( GEOMETRIC_REPRESENTATION_CONTEXT(2) 
PARAMETRIC_REPRESENTATION_CONTEXT() REPRESENTATION_CONTEXT('2D SPACE',''
  ) );
#1454 = ORIENTED_EDGE('',*,*,#1455,.T.);
#1455 = EDGE_CURVE('',#1424,#1456,#1458,.T.);
#1456 = VERTEX_POINT('',#1457);
#1457 = CARTESIAN_POINT('',(1.,-1.632035190024,2.35456806083));
#1458 = SURFACE_CURVE('',#1459,(#1463,#1470),.PCURVE_S1.);
#1459 = LINE('',#1460,#1461);
#1460 = CARTESIAN_POINT('',(1.,-9.,2.35456806083));
#1461 = VECTOR('',#1462,1.);
#1462 = DIRECTION('',(0.,1.,0.));
#1463 = PCURVE('',#234,#1464);
#1464 = DEFINITIONAL_REPRESENTATION('',(#1465),#1469);
#1465 = LINE('',#1466,#1467);
#1466 = CARTESIAN_POINT('',(6.35456806083,-1.5));
#1467 = VECTOR('',#1468,1.);
#1468 = DIRECTION('',(0.,-1.));
#1469 = ( GEOMETRIC_REPRESENTATION_CONTEXT(2) 
PARAMETRIC_REPRESENTATION_CONTEXT() REPRESENTATION_CONTEXT('2D SPACE',''
  ) );
#1470 = PCURVE('',#1471,#1476);
#1471 = CYLINDRICAL_SURFACE('',#1472,0.12);
#1472 = AXIS2_PLACEMENT_3D('',#1473,#1474,#1475);
#1473 = CARTESIAN_POINT('',(1.12,-9.,2.35456806083));
#1474 = DIRECTION('',(0.,1.,0.));
#1475 = DIRECTION('',(-1.,0.,0.));
#1476 = DEFINITIONAL_REPRESENTATION('',(#1477),#1480);
#1477 = B_SPLINE_CURVE_WITH_KNOTS('',1,(#1478,#1479),.UNSPECIFIED.,.F.,
  .F.,(2,2),(5.042035190024,7.367964809976),.PIECEWISE_BEZIER_KNOTS.);
#1478 = CARTESIAN_POINT('',(0.,5.042035190024));
#1479 = CARTESIAN_POINT('',(0.,7.367964809976));
#1480 = ( GEOMETRIC_REPRESENTATION_CONTEXT(2) 
PARAMETRIC_REPRESENTATION_CONTEXT() REPRESENTATION_CONTEXT('2D SPACE',''
  ) );
#1481 = ORIENTED_EDGE('',*,*,#1482,.F.);
#1482 = EDGE_CURVE('',#1483,#1456,#1485,.T.);
#1483 = VERTEX_POINT('',#1484);
#1484 = CARTESIAN_POINT('',(1.,0.142035190024,2.35456806083));
#1485 = SURFACE_CURVE('',#1486,(#1491,#1498),.PCURVE_S1.);
#1486 = ELLIPSE('',#1487,2.134954030874,0.89);
#1487 = AXIS2_PLACEMENT_3D('',#1488,#1489,#1490);
#1488 = CARTESIAN_POINT('',(1.,-0.745,2.180449540669));
#1489 = DIRECTION('',(1.,0.,0.));
#1490 = DIRECTION('',(-0.,0.,1.));
#1491 = PCURVE('',#234,#1492);
#1492 = DEFINITIONAL_REPRESENTATION('',(#1493),#1497);
#1493 = ELLIPSE('',#1494,2.134954030874,0.89);
#1494 = AXIS2_PLACEMENT_2D('',#1495,#1496);
#1495 = CARTESIAN_POINT('',(6.180449540669,-9.755));
#1496 = DIRECTION('',(1.,0.));
#1497 = ( GEOMETRIC_REPRESENTATION_CONTEXT(2) 
PARAMETRIC_REPRESENTATION_CONTEXT() REPRESENTATION_CONTEXT('2D SPACE',''
  ) );
#1498 = PCURVE('',#1101,#1499);
#1499 = DEFINITIONAL_REPRESENTATION('',(#1500),#1510);
#1500 = B_SPLINE_CURVE_WITH_KNOTS('',8,(#1501,#1502,#1503,#1504,#1505,
    #1506,#1507,#1508,#1509),.UNSPECIFIED.,.F.,.F.,(9,9),(4.7940357604,
    7.772334853959),.PIECEWISE_BEZIER_KNOTS.);
#1501 = CARTESIAN_POINT('',(1.652443106811,1.357092669813));
#1502 = CARTESIAN_POINT('',(2.024730493505,2.077147066793));
#1503 = CARTESIAN_POINT('',(2.397017880198,2.772129292372));
#1504 = CARTESIAN_POINT('',(2.76930526689,3.289961516129));
#1505 = CARTESIAN_POINT('',(3.141592653584,3.486131108438));
#1506 = CARTESIAN_POINT('',(3.513880040282,3.289961516134));
#1507 = CARTESIAN_POINT('',(3.886167426977,2.772129292373));
#1508 = CARTESIAN_POINT('',(4.258454813674,2.077147066793));
#1509 = CARTESIAN_POINT('',(4.630742200369,1.357092669813));
#1510 = ( GEOMETRIC_REPRESENTATION_CONTEXT(2) 
PARAMETRIC_REPRESENTATION_CONTEXT() REPRESENTATION_CONTEXT('2D SPACE',''
  ) );
#1511 = ORIENTED_EDGE('',*,*,#1512,.T.);
#1512 = EDGE_CURVE('',#1483,#1513,#1515,.T.);
#1513 = VERTEX_POINT('',#1514);
#1514 = CARTESIAN_POINT('',(1.,2.467964809976,2.35456806083));
#1515 = SURFACE_CURVE('',#1516,(#1520,#1527),.PCURVE_S1.);
#1516 = LINE('',#1517,#1518);
#1517 = CARTESIAN_POINT('',(1.,-9.,2.35456806083));
#1518 = VECTOR('',#1519,1.);
#1519 = DIRECTION('',(0.,1.,0.));
#1520 = PCURVE('',#234,#1521);
#1521 = DEFINITIONAL_REPRESENTATION('',(#1522),#1526);
#1522 = LINE('',#1523,#1524);
#1523 = CARTESIAN_POINT('',(6.35456806083,-1.5));
#1524 = VECTOR('',#1525,1.);
#1525 = DIRECTION('',(0.,-1.));
#1526 = ( GEOMETRIC_REPRESENTATION_CONTEXT(2) 
PARAMETRIC_REPRESENTATION_CONTEXT() REPRESENTATION_CONTEXT('2D SPACE',''
  ) );
#1527 = PCURVE('',#1528,#1533);
#1528 = CYLINDRICAL_SURFACE('',#1529,0.12);
#1529 = AXIS2_PLACEMENT_3D('',#1530,#1531,#1532);
#1530 = CARTESIAN_POINT('',(1.12,-9.,2.35456806083));
#1531 = DIRECTION('',(0.,1.,0.));
#1532 = DIRECTION('',(-1.,0.,0.));
#1533 = DEFINITIONAL_REPRESENTATION('',(#1534),#1537);
#1534 = B_SPLINE_CURVE_WITH_KNOTS('',1,(#1535,#1536),.UNSPECIFIED.,.F.,
  .F.,(2,2),(9.142035190024,11.467964809976),.PIECEWISE_BEZIER_KNOTS.);
#1535 = CARTESIAN_POINT('',(0.,9.142035190024));
#1536 = CARTESIAN_POINT('',(0.,11.467964809976));
#1537 = ( GEOMETRIC_REPRESENTATION_CONTEXT(2) 
PARAMETRIC_REPRESENTATION_CONTEXT() REPRESENTATION_CONTEXT('2D SPACE',''
  ) );
#1538 = ORIENTED_EDGE('',*,*,#1539,.F.);
#1539 = EDGE_CURVE('',#1540,#1513,#1542,.T.);
#1540 = VERTEX_POINT('',#1541);
#1541 = CARTESIAN_POINT('',(1.,4.242035190024,2.35456806083));
#1542 = SURFACE_CURVE('',#1543,(#1548,#1555),.PCURVE_S1.);
#1543 = ELLIPSE('',#1544,2.134954030874,0.89);
#1544 = AXIS2_PLACEMENT_3D('',#1545,#1546,#1547);
#1545 = CARTESIAN_POINT('',(1.,3.355,2.180449540669));
#1546 = DIRECTION('',(1.,0.,0.));
#1547 = DIRECTION('',(-0.,0.,1.));
#1548 = PCURVE('',#234,#1549);
#1549 = DEFINITIONAL_REPRESENTATION('',(#1550),#1554);
#1550 = ELLIPSE('',#1551,2.134954030874,0.89);
#1551 = AXIS2_PLACEMENT_2D('',#1552,#1553);
#1552 = CARTESIAN_POINT('',(6.180449540669,-13.855));
#1553 = DIRECTION('',(1.,0.));
#1554 = ( GEOMETRIC_REPRESENTATION_CONTEXT(2) 
PARAMETRIC_REPRESENTATION_CONTEXT() REPRESENTATION_CONTEXT('2D SPACE',''
  ) );
#1555 = PCURVE('',#1135,#1556);
#1556 = DEFINITIONAL_REPRESENTATION('',(#1557),#1567);
#1557 = B_SPLINE_CURVE_WITH_KNOTS('',8,(#1558,#1559,#1560,#1561,#1562,
    #1563,#1564,#1565,#1566),.UNSPECIFIED.,.F.,.F.,(9,9),(4.7940357604,
    7.772334853959),.PIECEWISE_BEZIER_KNOTS.);
#1558 = CARTESIAN_POINT('',(1.652443106811,1.357092669812));
#1559 = CARTESIAN_POINT('',(2.024730493505,2.077147066793));
#1560 = CARTESIAN_POINT('',(2.397017880198,2.772129292371));
#1561 = CARTESIAN_POINT('',(2.769305266888,3.289961516131));
#1562 = CARTESIAN_POINT('',(3.141592653586,3.486131108443));
#1563 = CARTESIAN_POINT('',(3.513880040276,3.289961516133));
#1564 = CARTESIAN_POINT('',(3.886167426976,2.772129292372));
#1565 = CARTESIAN_POINT('',(4.258454813674,2.077147066793));
#1566 = CARTESIAN_POINT('',(4.630742200369,1.357092669812));
#1567 = ( GEOMETRIC_REPRESENTATION_CONTEXT(2) 
PARAMETRIC_REPRESENTATION_CONTEXT() REPRESENTATION_CONTEXT('2D SPACE',''
  ) );
#1568 = ORIENTED_EDGE('',*,*,#1569,.T.);
#1569 = EDGE_CURVE('',#1540,#1570,#1572,.T.);
#1570 = VERTEX_POINT('',#1571);
#1571 = CARTESIAN_POINT('',(1.,6.567964809976,2.35456806083));
#1572 = SURFACE_CURVE('',#1573,(#1577,#1584),.PCURVE_S1.);
#1573 = LINE('',#1574,#1575);
#1574 = CARTESIAN_POINT('',(1.,-9.,2.35456806083));
#1575 = VECTOR('',#1576,1.);
#1576 = DIRECTION('',(0.,1.,0.));
#1577 = PCURVE('',#234,#1578);
#1578 = DEFINITIONAL_REPRESENTATION('',(#1579),#1583);
#1579 = LINE('',#1580,#1581);
#1580 = CARTESIAN_POINT('',(6.35456806083,-1.5));
#1581 = VECTOR('',#1582,1.);
#1582 = DIRECTION('',(0.,-1.));
#1583 = ( GEOMETRIC_REPRESENTATION_CONTEXT(2) 
PARAMETRIC_REPRESENTATION_CONTEXT() REPRESENTATION_CONTEXT('2D SPACE',''
  ) );
#1584 = PCURVE('',#1585,#1590);
#1585 = CYLINDRICAL_SURFACE('',#1586,0.12);
#1586 = AXIS2_PLACEMENT_3D('',#1587,#1588,#1589);
#1587 = CARTESIAN_POINT('',(1.12,-9.,2.35456806083));
#1588 = DIRECTION('',(0.,1.,0.));
#1589 = DIRECTION('',(-1.,0.,0.));
#1590 = DEFINITIONAL_REPRESENTATION('',(#1591),#1594);
#1591 = B_SPLINE_CURVE_WITH_KNOTS('',1,(#1592,#1593),.UNSPECIFIED.,.F.,
  .F.,(2,2),(13.242035190024,15.567964809976),.PIECEWISE_BEZIER_KNOTS.);
#1592 = CARTESIAN_POINT('',(0.,13.242035190024));
#1593 = CARTESIAN_POINT('',(0.,15.567964809976));
#1594 = ( GEOMETRIC_REPRESENTATION_CONTEXT(2) 
PARAMETRIC_REPRESENTATION_CONTEXT() REPRESENTATION_CONTEXT('2D SPACE',''
  ) );
#1595 = ORIENTED_EDGE('',*,*,#1596,.F.);
#1596 = EDGE_CURVE('',#1597,#1570,#1599,.T.);
#1597 = VERTEX_POINT('',#1598);
#1598 = CARTESIAN_POINT('',(1.,8.342035190024,2.35456806083));
#1599 = SURFACE_CURVE('',#1600,(#1605,#1612),.PCURVE_S1.);
#1600 = ELLIPSE('',#1601,2.134954030874,0.89);
#1601 = AXIS2_PLACEMENT_3D('',#1602,#1603,#1604);
#1602 = CARTESIAN_POINT('',(1.,7.455,2.180449540669));
#1603 = DIRECTION('',(1.,0.,0.));
#1604 = DIRECTION('',(-0.,0.,1.));
#1605 = PCURVE('',#234,#1606);
#1606 = DEFINITIONAL_REPRESENTATION('',(#1607),#1611);
#1607 = ELLIPSE('',#1608,2.134954030874,0.89);
#1608 = AXIS2_PLACEMENT_2D('',#1609,#1610);
#1609 = CARTESIAN_POINT('',(6.180449540669,-17.955));
#1610 = DIRECTION('',(1.,0.));
#1611 = ( GEOMETRIC_REPRESENTATION_CONTEXT(2) 
PARAMETRIC_REPRESENTATION_CONTEXT() REPRESENTATION_CONTEXT('2D SPACE',''
  ) );
#1612 = PCURVE('',#1169,#1613);
#1613 = DEFINITIONAL_REPRESENTATION('',(#1614),#1624);
#1614 = B_SPLINE_CURVE_WITH_KNOTS('',8,(#1615,#1616,#1617,#1618,#1619,
    #1620,#1621,#1622,#1623),.UNSPECIFIED.,.F.,.F.,(9,9),(4.7940357604,
    7.772334853959),.PIECEWISE_BEZIER_KNOTS.);
#1615 = CARTESIAN_POINT('',(1.65244310681,1.357092669812));
#1616 = CARTESIAN_POINT('',(2.024730493505,2.077147066792));
#1617 = CARTESIAN_POINT('',(2.397017880199,2.772129292371));
#1618 = CARTESIAN_POINT('',(2.769305266899,3.289961516141));
#1619 = CARTESIAN_POINT('',(3.141592653575,3.486131108434));
#1620 = CARTESIAN_POINT('',(3.513880040286,3.28996151614));
#1621 = CARTESIAN_POINT('',(3.886167426976,2.772129292371));
#1622 = CARTESIAN_POINT('',(4.258454813673,2.077147066792));
#1623 = CARTESIAN_POINT('',(4.630742200369,1.357092669812));
#1624 = ( GEOMETRIC_REPRESENTATION_CONTEXT(2) 
PARAMETRIC_REPRESENTATION_CONTEXT() REPRESENTATION_CONTEXT('2D SPACE',''
  ) );
#1625 = ORIENTED_EDGE('',*,*,#1626,.T.);
#1626 = EDGE_CURVE('',#1597,#219,#1627,.T.);
#1627 = SURFACE_CURVE('',#1628,(#1632,#1639),.PCURVE_S1.);
#1628 = LINE('',#1629,#1630);
#1629 = CARTESIAN_POINT('',(1.,-9.,2.35456806083));
#1630 = VECTOR('',#1631,1.);
#1631 = DIRECTION('',(0.,1.,0.));
#1632 = PCURVE('',#234,#1633);
#1633 = DEFINITIONAL_REPRESENTATION('',(#1634),#1638);
#1634 = LINE('',#1635,#1636);
#1635 = CARTESIAN_POINT('',(6.35456806083,-1.5));
#1636 = VECTOR('',#1637,1.);
#1637 = DIRECTION('',(0.,-1.));
#1638 = ( GEOMETRIC_REPRESENTATION_CONTEXT(2) 
PARAMETRIC_REPRESENTATION_CONTEXT() REPRESENTATION_CONTEXT('2D SPACE',''
  ) );
#1639 = PCURVE('',#263,#1640);
#1640 = DEFINITIONAL_REPRESENTATION('',(#1641),#1644);
#1641 = B_SPLINE_CURVE_WITH_KNOTS('',1,(#1642,#1643),.UNSPECIFIED.,.F.,
  .F.,(2,2),(17.342035190024,18.),.PIECEWISE_BEZIER_KNOTS.);
#1642 = CARTESIAN_POINT('',(0.,17.342035190024));
#1643 = CARTESIAN_POINT('',(0.,18.));
#1644 = ( GEOMETRIC_REPRESENTATION_CONTEXT(2) 
PARAMETRIC_REPRESENTATION_CONTEXT() REPRESENTATION_CONTEXT('2D SPACE',''
  ) );
#1645 = ORIENTED_EDGE('',*,*,#218,.T.);
#1646 = ORIENTED_EDGE('',*,*,#628,.T.);
#1647 = ORIENTED_EDGE('',*,*,#701,.F.);
#1648 = ORIENTED_EDGE('',*,*,#1649,.T.);
#1649 = EDGE_CURVE('',#702,#1426,#1650,.T.);
#1650 = SURFACE_CURVE('',#1651,(#1655,#1662),.PCURVE_S1.);
#1651 = LINE('',#1652,#1653);
#1652 = CARTESIAN_POINT('',(1.,-9.,2.35456806083));
#1653 = VECTOR('',#1654,1.);
#1654 = DIRECTION('',(0.,1.,0.));
#1655 = PCURVE('',#234,#1656);
#1656 = DEFINITIONAL_REPRESENTATION('',(#1657),#1661);
#1657 = LINE('',#1658,#1659);
#1658 = CARTESIAN_POINT('',(6.35456806083,-1.5));
#1659 = VECTOR('',#1660,1.);
#1660 = DIRECTION('',(0.,-1.));
#1661 = ( GEOMETRIC_REPRESENTATION_CONTEXT(2) 
PARAMETRIC_REPRESENTATION_CONTEXT() REPRESENTATION_CONTEXT('2D SPACE',''
  ) );
#1662 = PCURVE('',#741,#1663);
#1663 = DEFINITIONAL_REPRESENTATION('',(#1664),#1667);
#1664 = B_SPLINE_CURVE_WITH_KNOTS('',1,(#1665,#1666),.UNSPECIFIED.,.F.,
  .F.,(2,2),(0.,3.267964809976),.PIECEWISE_BEZIER_KNOTS.);
#1665 = CARTESIAN_POINT('',(0.,0.));
#1666 = CARTESIAN_POINT('',(0.,3.267964809976));
#1667 = ( GEOMETRIC_REPRESENTATION_CONTEXT(2) 
PARAMETRIC_REPRESENTATION_CONTEXT() REPRESENTATION_CONTEXT('2D SPACE',''
  ) );
#1668 = ADVANCED_FACE('',(#1669),#383,.T.);
#1669 = FACE_BOUND('',#1670,.F.);
#1670 = EDGE_LOOP('',(#1671,#1672,#1692,#1693));
#1671 = ORIENTED_EDGE('',*,*,#362,.T.);
#1672 = ORIENTED_EDGE('',*,*,#1673,.T.);
#1673 = EDGE_CURVE('',#335,#803,#1674,.T.);
#1674 = SURFACE_CURVE('',#1675,(#1679,#1685),.PCURVE_S1.);
#1675 = LINE('',#1676,#1677);
#1676 = CARTESIAN_POINT('',(6.178508057168,9.,2.315305203967));
#1677 = VECTOR('',#1678,1.);
#1678 = DIRECTION('',(0.,-1.,0.));
#1679 = PCURVE('',#383,#1680);
#1680 = DEFINITIONAL_REPRESENTATION('',(#1681),#1684);
#1681 = B_SPLINE_CURVE_WITH_KNOTS('',1,(#1682,#1683),.UNSPECIFIED.,.F.,
  .F.,(2,2),(0.,18.),.PIECEWISE_BEZIER_KNOTS.);
#1682 = CARTESIAN_POINT('',(-1.570796326795,0.));
#1683 = CARTESIAN_POINT('',(-1.570796326795,18.));
#1684 = ( GEOMETRIC_REPRESENTATION_CONTEXT(2) 
PARAMETRIC_REPRESENTATION_CONTEXT() REPRESENTATION_CONTEXT('2D SPACE',''
  ) );
#1685 = PCURVE('',#350,#1686);
#1686 = DEFINITIONAL_REPRESENTATION('',(#1687),#1691);
#1687 = LINE('',#1688,#1689);
#1688 = CARTESIAN_POINT('',(3.55,9.));
#1689 = VECTOR('',#1690,1.);
#1690 = DIRECTION('',(0.,-1.));
#1691 = ( GEOMETRIC_REPRESENTATION_CONTEXT(2) 
PARAMETRIC_REPRESENTATION_CONTEXT() REPRESENTATION_CONTEXT('2D SPACE',''
  ) );
#1692 = ORIENTED_EDGE('',*,*,#825,.F.);
#1693 = ORIENTED_EDGE('',*,*,#1264,.F.);
#1694 = ADVANCED_FACE('',(#1695),#263,.T.);
#1695 = FACE_BOUND('',#1696,.F.);
#1696 = EDGE_LOOP('',(#1697,#1698,#1733,#1753));
#1697 = ORIENTED_EDGE('',*,*,#1626,.F.);
#1698 = ORIENTED_EDGE('',*,*,#1699,.T.);
#1699 = EDGE_CURVE('',#1597,#1700,#1702,.T.);
#1700 = VERTEX_POINT('',#1701);
#1701 = CARTESIAN_POINT('',(1.041325909996,8.344995745,2.263956871884));
#1702 = SURFACE_CURVE('',#1703,(#1711,#1722),.PCURVE_S1.);
#1703 = B_SPLINE_CURVE_WITH_KNOTS('',6,(#1704,#1705,#1706,#1707,#1708,
    #1709,#1710),.UNSPECIFIED.,.F.,.F.,(7,7),(0.,1.),
  .PIECEWISE_BEZIER_KNOTS.);
#1704 = CARTESIAN_POINT('',(1.,8.342035190024,2.35456806083));
#1705 = CARTESIAN_POINT('',(1.,8.34262189393,2.337368715968));
#1706 = CARTESIAN_POINT('',(1.002958783316,8.343356324155,2.320234889094
    ));
#1707 = CARTESIAN_POINT('',(1.008829722975,8.344117690475,2.303773565895
    ));
#1708 = CARTESIAN_POINT('',(1.017438628743,8.344734447816,2.288538943853
    ));
#1709 = CARTESIAN_POINT('',(1.028464841876,8.345046288571,2.2751236256)
  );
#1710 = CARTESIAN_POINT('',(1.041325909996,8.344995745,2.263956871884));
#1711 = PCURVE('',#263,#1712);
#1712 = DEFINITIONAL_REPRESENTATION('',(#1713),#1721);
#1713 = B_SPLINE_CURVE_WITH_KNOTS('',6,(#1714,#1715,#1716,#1717,#1718,
    #1719,#1720),.UNSPECIFIED.,.F.,.F.,(7,7),(0.,1.),
  .PIECEWISE_BEZIER_KNOTS.);
#1714 = CARTESIAN_POINT('',(0.,17.342035190024));
#1715 = CARTESIAN_POINT('',(-0.143327873853,17.34262189393));
#1716 = CARTESIAN_POINT('',(-0.286105417592,17.343356324155));
#1717 = CARTESIAN_POINT('',(-0.428605395015,17.344117690475));
#1718 = CARTESIAN_POINT('',(-0.571190043157,17.344734447816));
#1719 = CARTESIAN_POINT('',(-0.713859461496,17.345046288571));
#1720 = CARTESIAN_POINT('',(-0.855796326795,17.344995745));
#1721 = ( GEOMETRIC_REPRESENTATION_CONTEXT(2) 
PARAMETRIC_REPRESENTATION_CONTEXT() REPRESENTATION_CONTEXT('2D SPACE',''
  ) );
#1722 = PCURVE('',#1169,#1723);
#1723 = DEFINITIONAL_REPRESENTATION('',(#1724),#1732);
#1724 = B_SPLINE_CURVE_WITH_KNOTS('',6,(#1725,#1726,#1727,#1728,#1729,
    #1730,#1731),.UNSPECIFIED.,.F.,.F.,(7,7),(0.,1.),
  .PIECEWISE_BEZIER_KNOTS.);
#1725 = CARTESIAN_POINT('',(1.652443106811,1.357092525002));
#1726 = CARTESIAN_POINT('',(1.644360107653,1.341458909605));
#1727 = CARTESIAN_POINT('',(1.633282435457,1.327118278192));
#1728 = CARTESIAN_POINT('',(1.619550703167,1.314602922536));
#1729 = CARTESIAN_POINT('',(1.603613399726,1.304343974346));
#1730 = CARTESIAN_POINT('',(1.586069775311,1.29674641585));
#1731 = CARTESIAN_POINT('',(1.56770410997,1.291957622975));
#1732 = ( GEOMETRIC_REPRESENTATION_CONTEXT(2) 
PARAMETRIC_REPRESENTATION_CONTEXT() REPRESENTATION_CONTEXT('2D SPACE',''
  ) );
#1733 = ORIENTED_EDGE('',*,*,#1734,.T.);
#1734 = EDGE_CURVE('',#1700,#247,#1735,.T.);
#1735 = SURFACE_CURVE('',#1736,(#1740,#1746),.PCURVE_S1.);
#1736 = LINE('',#1737,#1738);
#1737 = CARTESIAN_POINT('',(1.041325909996,-9.,2.263956871884));
#1738 = VECTOR('',#1739,1.);
#1739 = DIRECTION('',(0.,1.,0.));
#1740 = PCURVE('',#263,#1741);
#1741 = DEFINITIONAL_REPRESENTATION('',(#1742),#1745);
#1742 = B_SPLINE_CURVE_WITH_KNOTS('',1,(#1743,#1744),.UNSPECIFIED.,.F.,
  .F.,(2,2),(17.344995745,18.),.PIECEWISE_BEZIER_KNOTS.);
#1743 = CARTESIAN_POINT('',(-0.855796326795,17.344995745));
#1744 = CARTESIAN_POINT('',(-0.855796326795,18.));
#1745 = ( GEOMETRIC_REPRESENTATION_CONTEXT(2) 
PARAMETRIC_REPRESENTATION_CONTEXT() REPRESENTATION_CONTEXT('2D SPACE',''
  ) );
#1746 = PCURVE('',#290,#1747);
#1747 = DEFINITIONAL_REPRESENTATION('',(#1748),#1752);
#1748 = LINE('',#1749,#1750);
#1749 = CARTESIAN_POINT('',(1.451294906628,-9.));
#1750 = VECTOR('',#1751,1.);
#1751 = DIRECTION('',(0.,1.));
#1752 = ( GEOMETRIC_REPRESENTATION_CONTEXT(2) 
PARAMETRIC_REPRESENTATION_CONTEXT() REPRESENTATION_CONTEXT('2D SPACE',''
  ) );
#1753 = ORIENTED_EDGE('',*,*,#246,.F.);
#1754 = ADVANCED_FACE('',(#1755),#350,.F.);
#1755 = FACE_BOUND('',#1756,.F.);
#1756 = EDGE_LOOP('',(#1757,#1758,#1759,#1760));
#1757 = ORIENTED_EDGE('',*,*,#802,.T.);
#1758 = ORIENTED_EDGE('',*,*,#1673,.F.);
#1759 = ORIENTED_EDGE('',*,*,#334,.F.);
#1760 = ORIENTED_EDGE('',*,*,#1761,.T.);
#1761 = EDGE_CURVE('',#303,#776,#1762,.T.);
#1762 = SURFACE_CURVE('',#1763,(#1767,#1774),.PCURVE_S1.);
#1763 = LINE('',#1764,#1765);
#1764 = CARTESIAN_POINT('',(3.266923362522,9.,0.445798170867));
#1765 = VECTOR('',#1766,1.);
#1766 = DIRECTION('',(0.,-1.,0.));
#1767 = PCURVE('',#350,#1768);
#1768 = DEFINITIONAL_REPRESENTATION('',(#1769),#1773);
#1769 = LINE('',#1770,#1771);
#1770 = CARTESIAN_POINT('',(8.988699882474E-02,9.));
#1771 = VECTOR('',#1772,1.);
#1772 = DIRECTION('',(0.,-1.));
#1773 = ( GEOMETRIC_REPRESENTATION_CONTEXT(2) 
PARAMETRIC_REPRESENTATION_CONTEXT() REPRESENTATION_CONTEXT('2D SPACE',''
  ) );
#1774 = PCURVE('',#323,#1775);
#1775 = DEFINITIONAL_REPRESENTATION('',(#1776),#1779);
#1776 = B_SPLINE_CURVE_WITH_KNOTS('',1,(#1777,#1778),.UNSPECIFIED.,.F.,
  .F.,(2,2),(0.,18.),.PIECEWISE_BEZIER_KNOTS.);
#1777 = CARTESIAN_POINT('',(0.,0.));
#1778 = CARTESIAN_POINT('',(0.,18.));
#1779 = ( GEOMETRIC_REPRESENTATION_CONTEXT(2) 
PARAMETRIC_REPRESENTATION_CONTEXT() REPRESENTATION_CONTEXT('2D SPACE',''
  ) );
#1780 = ADVANCED_FACE('',(#1781,#2116,#2153,#2190,#2227),#290,.F.);
#1781 = FACE_BOUND('',#1782,.F.);
#1782 = EDGE_LOOP('',(#1783,#1784,#1785,#1813,#1841,#1863,#1891,#1919,
    #1941,#1969,#1997,#2019,#2047,#2075,#2095,#2096));
#1783 = ORIENTED_EDGE('',*,*,#274,.F.);
#1784 = ORIENTED_EDGE('',*,*,#1734,.F.);
#1785 = ORIENTED_EDGE('',*,*,#1786,.F.);
#1786 = EDGE_CURVE('',#1787,#1700,#1789,.T.);
#1787 = VERTEX_POINT('',#1788);
#1788 = CARTESIAN_POINT('',(1.739441661973,7.455,1.657810741994));
#1789 = SURFACE_CURVE('',#1790,(#1795,#1802),.PCURVE_S1.);
#1790 = ELLIPSE('',#1791,0.927410194557,0.89);
#1791 = AXIS2_PLACEMENT_3D('',#1792,#1793,#1794);
#1792 = CARTESIAN_POINT('',(1.039160492232,7.455,2.265837017969));
#1793 = DIRECTION('',(0.655617416697,0.,0.755093241212));
#1794 = DIRECTION('',(-0.755093241212,0.,0.655617416697));
#1795 = PCURVE('',#290,#1796);
#1796 = DEFINITIONAL_REPRESENTATION('',(#1797),#1801);
#1797 = ELLIPSE('',#1798,0.927410194557,0.89);
#1798 = AXIS2_PLACEMENT_2D('',#1799,#1800);
#1799 = CARTESIAN_POINT('',(1.448427157791,7.455));
#1800 = DIRECTION('',(-1.,0.));
#1801 = ( GEOMETRIC_REPRESENTATION_CONTEXT(2) 
PARAMETRIC_REPRESENTATION_CONTEXT() REPRESENTATION_CONTEXT('2D SPACE',''
  ) );
#1802 = PCURVE('',#1169,#1803);
#1803 = DEFINITIONAL_REPRESENTATION('',(#1804),#1812);
#1804 = B_SPLINE_CURVE_WITH_KNOTS('',6,(#1805,#1806,#1807,#1808,#1809,
    #1810,#1811),.UNSPECIFIED.,.F.,.F.,(7,7),(3.14159265359,
    4.70929676356),.PIECEWISE_BEZIER_KNOTS.);
#1805 = CARTESIAN_POINT('',(0.,1.032015625322));
#1806 = CARTESIAN_POINT('',(0.261284018328,1.032015625322));
#1807 = CARTESIAN_POINT('',(0.522568036657,1.053364771222));
#1808 = CARTESIAN_POINT('',(0.783852054985,1.096135378052));
#1809 = CARTESIAN_POINT('',(1.045136073314,1.155759644116));
#1810 = CARTESIAN_POINT('',(1.306420091642,1.223828137365));
#1811 = CARTESIAN_POINT('',(1.56770410997,1.291958391762));
#1812 = ( GEOMETRIC_REPRESENTATION_CONTEXT(2) 
PARAMETRIC_REPRESENTATION_CONTEXT() REPRESENTATION_CONTEXT('2D SPACE',''
  ) );
#1813 = ORIENTED_EDGE('',*,*,#1814,.F.);
#1814 = EDGE_CURVE('',#1815,#1787,#1817,.T.);
#1815 = VERTEX_POINT('',#1816);
#1816 = CARTESIAN_POINT('',(1.041325909996,6.565004255,2.263956871884));
#1817 = SURFACE_CURVE('',#1818,(#1823,#1830),.PCURVE_S1.);
#1818 = ELLIPSE('',#1819,0.927410194557,0.89);
#1819 = AXIS2_PLACEMENT_3D('',#1820,#1821,#1822);
#1820 = CARTESIAN_POINT('',(1.039160492232,7.455,2.265837017969));
#1821 = DIRECTION('',(0.655617416697,0.,0.755093241212));
#1822 = DIRECTION('',(-0.755093241212,0.,0.655617416697));
#1823 = PCURVE('',#290,#1824);
#1824 = DEFINITIONAL_REPRESENTATION('',(#1825),#1829);
#1825 = ELLIPSE('',#1826,0.927410194557,0.89);
#1826 = AXIS2_PLACEMENT_2D('',#1827,#1828);
#1827 = CARTESIAN_POINT('',(1.448427157791,7.455));
#1828 = DIRECTION('',(-1.,0.));
#1829 = ( GEOMETRIC_REPRESENTATION_CONTEXT(2) 
PARAMETRIC_REPRESENTATION_CONTEXT() REPRESENTATION_CONTEXT('2D SPACE',''
  ) );
#1830 = PCURVE('',#1169,#1831);
#1831 = DEFINITIONAL_REPRESENTATION('',(#1832),#1840);
#1832 = B_SPLINE_CURVE_WITH_KNOTS('',6,(#1833,#1834,#1835,#1836,#1837,
    #1838,#1839),.UNSPECIFIED.,.F.,.F.,(7,7),(1.57388854362,
    3.14159265359),.PIECEWISE_BEZIER_KNOTS.);
#1833 = CARTESIAN_POINT('',(4.715481197209,1.291958391762));
#1834 = CARTESIAN_POINT('',(4.976765215538,1.223828137365));
#1835 = CARTESIAN_POINT('',(5.238049233866,1.155759644116));
#1836 = CARTESIAN_POINT('',(5.499333252194,1.096135378052));
#1837 = CARTESIAN_POINT('',(5.760617270523,1.053364771222));
#1838 = CARTESIAN_POINT('',(6.021901288851,1.032015625322));
#1839 = CARTESIAN_POINT('',(6.28318530718,1.032015625322));
#1840 = ( GEOMETRIC_REPRESENTATION_CONTEXT(2) 
PARAMETRIC_REPRESENTATION_CONTEXT() REPRESENTATION_CONTEXT('2D SPACE',''
  ) );
#1841 = ORIENTED_EDGE('',*,*,#1842,.F.);
#1842 = EDGE_CURVE('',#1843,#1815,#1845,.T.);
#1843 = VERTEX_POINT('',#1844);
#1844 = CARTESIAN_POINT('',(1.041325909996,4.244995745,2.263956871884));
#1845 = SURFACE_CURVE('',#1846,(#1850,#1857),.PCURVE_S1.);
#1846 = LINE('',#1847,#1848);
#1847 = CARTESIAN_POINT('',(1.041325909996,-9.,2.263956871884));
#1848 = VECTOR('',#1849,1.);
#1849 = DIRECTION('',(0.,1.,0.));
#1850 = PCURVE('',#290,#1851);
#1851 = DEFINITIONAL_REPRESENTATION('',(#1852),#1856);
#1852 = LINE('',#1853,#1854);
#1853 = CARTESIAN_POINT('',(1.451294906628,-9.));
#1854 = VECTOR('',#1855,1.);
#1855 = DIRECTION('',(0.,1.));
#1856 = ( GEOMETRIC_REPRESENTATION_CONTEXT(2) 
PARAMETRIC_REPRESENTATION_CONTEXT() REPRESENTATION_CONTEXT('2D SPACE',''
  ) );
#1857 = PCURVE('',#1585,#1858);
#1858 = DEFINITIONAL_REPRESENTATION('',(#1859),#1862);
#1859 = B_SPLINE_CURVE_WITH_KNOTS('',1,(#1860,#1861),.UNSPECIFIED.,.F.,
  .F.,(2,2),(13.244995745,15.565004255),.PIECEWISE_BEZIER_KNOTS.);
#1860 = CARTESIAN_POINT('',(-0.855796326795,13.244995745));
#1861 = CARTESIAN_POINT('',(-0.855796326795,15.565004255));
#1862 = ( GEOMETRIC_REPRESENTATION_CONTEXT(2) 
PARAMETRIC_REPRESENTATION_CONTEXT() REPRESENTATION_CONTEXT('2D SPACE',''
  ) );
#1863 = ORIENTED_EDGE('',*,*,#1864,.F.);
#1864 = EDGE_CURVE('',#1865,#1843,#1867,.T.);
#1865 = VERTEX_POINT('',#1866);
#1866 = CARTESIAN_POINT('',(1.739441661973,3.355,1.657810741994));
#1867 = SURFACE_CURVE('',#1868,(#1873,#1880),.PCURVE_S1.);
#1868 = ELLIPSE('',#1869,0.927410194557,0.89);
#1869 = AXIS2_PLACEMENT_3D('',#1870,#1871,#1872);
#1870 = CARTESIAN_POINT('',(1.039160492232,3.355,2.265837017969));
#1871 = DIRECTION('',(0.655617416697,0.,0.755093241212));
#1872 = DIRECTION('',(-0.755093241212,0.,0.655617416697));
#1873 = PCURVE('',#290,#1874);
#1874 = DEFINITIONAL_REPRESENTATION('',(#1875),#1879);
#1875 = ELLIPSE('',#1876,0.927410194557,0.89);
#1876 = AXIS2_PLACEMENT_2D('',#1877,#1878);
#1877 = CARTESIAN_POINT('',(1.448427157791,3.355));
#1878 = DIRECTION('',(-1.,0.));
#1879 = ( GEOMETRIC_REPRESENTATION_CONTEXT(2) 
PARAMETRIC_REPRESENTATION_CONTEXT() REPRESENTATION_CONTEXT('2D SPACE',''
  ) );
#1880 = PCURVE('',#1135,#1881);
#1881 = DEFINITIONAL_REPRESENTATION('',(#1882),#1890);
#1882 = B_SPLINE_CURVE_WITH_KNOTS('',6,(#1883,#1884,#1885,#1886,#1887,
    #1888,#1889),.UNSPECIFIED.,.F.,.F.,(7,7),(3.14159265359,
    4.70929676356),.PIECEWISE_BEZIER_KNOTS.);
#1883 = CARTESIAN_POINT('',(0.,1.032015625322));
#1884 = CARTESIAN_POINT('',(0.261284018328,1.032015625322));
#1885 = CARTESIAN_POINT('',(0.522568036657,1.053364771222));
#1886 = CARTESIAN_POINT('',(0.783852054985,1.096135378052));
#1887 = CARTESIAN_POINT('',(1.045136073314,1.155759644116));
#1888 = CARTESIAN_POINT('',(1.306420091642,1.223828137365));
#1889 = CARTESIAN_POINT('',(1.56770410997,1.291958391762));
#1890 = ( GEOMETRIC_REPRESENTATION_CONTEXT(2) 
PARAMETRIC_REPRESENTATION_CONTEXT() REPRESENTATION_CONTEXT('2D SPACE',''
  ) );
#1891 = ORIENTED_EDGE('',*,*,#1892,.F.);
#1892 = EDGE_CURVE('',#1893,#1865,#1895,.T.);
#1893 = VERTEX_POINT('',#1894);
#1894 = CARTESIAN_POINT('',(1.041325909996,2.465004255,2.263956871884));
#1895 = SURFACE_CURVE('',#1896,(#1901,#1908),.PCURVE_S1.);
#1896 = ELLIPSE('',#1897,0.927410194557,0.89);
#1897 = AXIS2_PLACEMENT_3D('',#1898,#1899,#1900);
#1898 = CARTESIAN_POINT('',(1.039160492232,3.355,2.265837017969));
#1899 = DIRECTION('',(0.655617416697,0.,0.755093241212));
#1900 = DIRECTION('',(-0.755093241212,0.,0.655617416697));
#1901 = PCURVE('',#290,#1902);
#1902 = DEFINITIONAL_REPRESENTATION('',(#1903),#1907);
#1903 = ELLIPSE('',#1904,0.927410194557,0.89);
#1904 = AXIS2_PLACEMENT_2D('',#1905,#1906);
#1905 = CARTESIAN_POINT('',(1.448427157791,3.355));
#1906 = DIRECTION('',(-1.,0.));
#1907 = ( GEOMETRIC_REPRESENTATION_CONTEXT(2) 
PARAMETRIC_REPRESENTATION_CONTEXT() REPRESENTATION_CONTEXT('2D SPACE',''
  ) );
#1908 = PCURVE('',#1135,#1909);
#1909 = DEFINITIONAL_REPRESENTATION('',(#1910),#1918);
#1910 = B_SPLINE_CURVE_WITH_KNOTS('',6,(#1911,#1912,#1913,#1914,#1915,
    #1916,#1917),.UNSPECIFIED.,.F.,.F.,(7,7),(1.57388854362,
    3.14159265359),.PIECEWISE_BEZIER_KNOTS.);
#1911 = CARTESIAN_POINT('',(4.715481197209,1.291958391762));
#1912 = CARTESIAN_POINT('',(4.976765215538,1.223828137365));
#1913 = CARTESIAN_POINT('',(5.238049233866,1.155759644116));
#1914 = CARTESIAN_POINT('',(5.499333252194,1.096135378052));
#1915 = CARTESIAN_POINT('',(5.760617270523,1.053364771222));
#1916 = CARTESIAN_POINT('',(6.021901288851,1.032015625322));
#1917 = CARTESIAN_POINT('',(6.28318530718,1.032015625322));
#1918 = ( GEOMETRIC_REPRESENTATION_CONTEXT(2) 
PARAMETRIC_REPRESENTATION_CONTEXT() REPRESENTATION_CONTEXT('2D SPACE',''
  ) );
#1919 = ORIENTED_EDGE('',*,*,#1920,.F.);
#1920 = EDGE_CURVE('',#1921,#1893,#1923,.T.);
#1921 = VERTEX_POINT('',#1922);
#1922 = CARTESIAN_POINT('',(1.041325909996,0.144995745,2.263956871884));
#1923 = SURFACE_CURVE('',#1924,(#1928,#1935),.PCURVE_S1.);
#1924 = LINE('',#1925,#1926);
#1925 = CARTESIAN_POINT('',(1.041325909996,-9.,2.263956871884));
#1926 = VECTOR('',#1927,1.);
#1927 = DIRECTION('',(0.,1.,0.));
#1928 = PCURVE('',#290,#1929);
#1929 = DEFINITIONAL_REPRESENTATION('',(#1930),#1934);
#1930 = LINE('',#1931,#1932);
#1931 = CARTESIAN_POINT('',(1.451294906628,-9.));
#1932 = VECTOR('',#1933,1.);
#1933 = DIRECTION('',(0.,1.));
#1934 = ( GEOMETRIC_REPRESENTATION_CONTEXT(2) 
PARAMETRIC_REPRESENTATION_CONTEXT() REPRESENTATION_CONTEXT('2D SPACE',''
  ) );
#1935 = PCURVE('',#1528,#1936);
#1936 = DEFINITIONAL_REPRESENTATION('',(#1937),#1940);
#1937 = B_SPLINE_CURVE_WITH_KNOTS('',1,(#1938,#1939),.UNSPECIFIED.,.F.,
  .F.,(2,2),(9.144995745,11.465004255),.PIECEWISE_BEZIER_KNOTS.);
#1938 = CARTESIAN_POINT('',(-0.855796326795,9.144995745));
#1939 = CARTESIAN_POINT('',(-0.855796326795,11.465004255));
#1940 = ( GEOMETRIC_REPRESENTATION_CONTEXT(2) 
PARAMETRIC_REPRESENTATION_CONTEXT() REPRESENTATION_CONTEXT('2D SPACE',''
  ) );
#1941 = ORIENTED_EDGE('',*,*,#1942,.F.);
#1942 = EDGE_CURVE('',#1943,#1921,#1945,.T.);
#1943 = VERTEX_POINT('',#1944);
#1944 = CARTESIAN_POINT('',(1.739441661973,-0.745,1.657810741994));
#1945 = SURFACE_CURVE('',#1946,(#1951,#1958),.PCURVE_S1.);
#1946 = ELLIPSE('',#1947,0.927410194557,0.89);
#1947 = AXIS2_PLACEMENT_3D('',#1948,#1949,#1950);
#1948 = CARTESIAN_POINT('',(1.039160492232,-0.745,2.265837017969));
#1949 = DIRECTION('',(0.655617416697,0.,0.755093241212));
#1950 = DIRECTION('',(-0.755093241212,0.,0.655617416697));
#1951 = PCURVE('',#290,#1952);
#1952 = DEFINITIONAL_REPRESENTATION('',(#1953),#1957);
#1953 = ELLIPSE('',#1954,0.927410194557,0.89);
#1954 = AXIS2_PLACEMENT_2D('',#1955,#1956);
#1955 = CARTESIAN_POINT('',(1.448427157791,-0.745));
#1956 = DIRECTION('',(-1.,0.));
#1957 = ( GEOMETRIC_REPRESENTATION_CONTEXT(2) 
PARAMETRIC_REPRESENTATION_CONTEXT() REPRESENTATION_CONTEXT('2D SPACE',''
  ) );
#1958 = PCURVE('',#1101,#1959);
#1959 = DEFINITIONAL_REPRESENTATION('',(#1960),#1968);
#1960 = B_SPLINE_CURVE_WITH_KNOTS('',6,(#1961,#1962,#1963,#1964,#1965,
    #1966,#1967),.UNSPECIFIED.,.F.,.F.,(7,7),(3.14159265359,
    4.70929676356),.PIECEWISE_BEZIER_KNOTS.);
#1961 = CARTESIAN_POINT('',(-8.881784197001E-16,1.032015625322));
#1962 = CARTESIAN_POINT('',(0.261284018328,1.032015625322));
#1963 = CARTESIAN_POINT('',(0.522568036657,1.053364771222));
#1964 = CARTESIAN_POINT('',(0.783852054985,1.096135378052));
#1965 = CARTESIAN_POINT('',(1.045136073314,1.155759644116));
#1966 = CARTESIAN_POINT('',(1.306420091642,1.223828137365));
#1967 = CARTESIAN_POINT('',(1.56770410997,1.291958391762));
#1968 = ( GEOMETRIC_REPRESENTATION_CONTEXT(2) 
PARAMETRIC_REPRESENTATION_CONTEXT() REPRESENTATION_CONTEXT('2D SPACE',''
  ) );
#1969 = ORIENTED_EDGE('',*,*,#1970,.F.);
#1970 = EDGE_CURVE('',#1971,#1943,#1973,.T.);
#1971 = VERTEX_POINT('',#1972);
#1972 = CARTESIAN_POINT('',(1.041325909996,-1.634995745,2.263956871884)
  );
#1973 = SURFACE_CURVE('',#1974,(#1979,#1986),.PCURVE_S1.);
#1974 = ELLIPSE('',#1975,0.927410194557,0.89);
#1975 = AXIS2_PLACEMENT_3D('',#1976,#1977,#1978);
#1976 = CARTESIAN_POINT('',(1.039160492232,-0.745,2.265837017969));
#1977 = DIRECTION('',(0.655617416697,0.,0.755093241212));
#1978 = DIRECTION('',(-0.755093241212,0.,0.655617416697));
#1979 = PCURVE('',#290,#1980);
#1980 = DEFINITIONAL_REPRESENTATION('',(#1981),#1985);
#1981 = ELLIPSE('',#1982,0.927410194557,0.89);
#1982 = AXIS2_PLACEMENT_2D('',#1983,#1984);
#1983 = CARTESIAN_POINT('',(1.448427157791,-0.745));
#1984 = DIRECTION('',(-1.,0.));
#1985 = ( GEOMETRIC_REPRESENTATION_CONTEXT(2) 
PARAMETRIC_REPRESENTATION_CONTEXT() REPRESENTATION_CONTEXT('2D SPACE',''
  ) );
#1986 = PCURVE('',#1101,#1987);
#1987 = DEFINITIONAL_REPRESENTATION('',(#1988),#1996);
#1988 = B_SPLINE_CURVE_WITH_KNOTS('',6,(#1989,#1990,#1991,#1992,#1993,
    #1994,#1995),.UNSPECIFIED.,.F.,.F.,(7,7),(1.57388854362,
    3.14159265359),.PIECEWISE_BEZIER_KNOTS.);
#1989 = CARTESIAN_POINT('',(4.715481197209,1.291958391762));
#1990 = CARTESIAN_POINT('',(4.976765215538,1.223828137365));
#1991 = CARTESIAN_POINT('',(5.238049233866,1.155759644116));
#1992 = CARTESIAN_POINT('',(5.499333252194,1.096135378052));
#1993 = CARTESIAN_POINT('',(5.760617270523,1.053364771222));
#1994 = CARTESIAN_POINT('',(6.021901288851,1.032015625322));
#1995 = CARTESIAN_POINT('',(6.28318530718,1.032015625322));
#1996 = ( GEOMETRIC_REPRESENTATION_CONTEXT(2) 
PARAMETRIC_REPRESENTATION_CONTEXT() REPRESENTATION_CONTEXT('2D SPACE',''
  ) );
#1997 = ORIENTED_EDGE('',*,*,#1998,.F.);
#1998 = EDGE_CURVE('',#1999,#1971,#2001,.T.);
#1999 = VERTEX_POINT('',#2000);
#2000 = CARTESIAN_POINT('',(1.041325909996,-3.955004255,2.263956871884)
  );
#2001 = SURFACE_CURVE('',#2002,(#2006,#2013),.PCURVE_S1.);
#2002 = LINE('',#2003,#2004);
#2003 = CARTESIAN_POINT('',(1.041325909996,-9.,2.263956871884));
#2004 = VECTOR('',#2005,1.);
#2005 = DIRECTION('',(0.,1.,0.));
#2006 = PCURVE('',#290,#2007);
#2007 = DEFINITIONAL_REPRESENTATION('',(#2008),#2012);
#2008 = LINE('',#2009,#2010);
#2009 = CARTESIAN_POINT('',(1.451294906628,-9.));
#2010 = VECTOR('',#2011,1.);
#2011 = DIRECTION('',(0.,1.));
#2012 = ( GEOMETRIC_REPRESENTATION_CONTEXT(2) 
PARAMETRIC_REPRESENTATION_CONTEXT() REPRESENTATION_CONTEXT('2D SPACE',''
  ) );
#2013 = PCURVE('',#1471,#2014);
#2014 = DEFINITIONAL_REPRESENTATION('',(#2015),#2018);
#2015 = B_SPLINE_CURVE_WITH_KNOTS('',1,(#2016,#2017),.UNSPECIFIED.,.F.,
  .F.,(2,2),(5.044995745,7.365004255),.PIECEWISE_BEZIER_KNOTS.);
#2016 = CARTESIAN_POINT('',(-0.855796326795,5.044995745));
#2017 = CARTESIAN_POINT('',(-0.855796326795,7.365004255));
#2018 = ( GEOMETRIC_REPRESENTATION_CONTEXT(2) 
PARAMETRIC_REPRESENTATION_CONTEXT() REPRESENTATION_CONTEXT('2D SPACE',''
  ) );
#2019 = ORIENTED_EDGE('',*,*,#2020,.F.);
#2020 = EDGE_CURVE('',#2021,#1999,#2023,.T.);
#2021 = VERTEX_POINT('',#2022);
#2022 = CARTESIAN_POINT('',(1.739441661973,-4.845,1.657810741994));
#2023 = SURFACE_CURVE('',#2024,(#2029,#2036),.PCURVE_S1.);
#2024 = ELLIPSE('',#2025,0.927410194557,0.89);
#2025 = AXIS2_PLACEMENT_3D('',#2026,#2027,#2028);
#2026 = CARTESIAN_POINT('',(1.039160492232,-4.845,2.265837017969));
#2027 = DIRECTION('',(0.655617416697,0.,0.755093241212));
#2028 = DIRECTION('',(-0.755093241212,0.,0.655617416697));
#2029 = PCURVE('',#290,#2030);
#2030 = DEFINITIONAL_REPRESENTATION('',(#2031),#2035);
#2031 = ELLIPSE('',#2032,0.927410194557,0.89);
#2032 = AXIS2_PLACEMENT_2D('',#2033,#2034);
#2033 = CARTESIAN_POINT('',(1.448427157791,-4.845));
#2034 = DIRECTION('',(-1.,0.));
#2035 = ( GEOMETRIC_REPRESENTATION_CONTEXT(2) 
PARAMETRIC_REPRESENTATION_CONTEXT() REPRESENTATION_CONTEXT('2D SPACE',''
  ) );
#2036 = PCURVE('',#1067,#2037);
#2037 = DEFINITIONAL_REPRESENTATION('',(#2038),#2046);
#2038 = B_SPLINE_CURVE_WITH_KNOTS('',6,(#2039,#2040,#2041,#2042,#2043,
    #2044,#2045),.UNSPECIFIED.,.F.,.F.,(7,7),(3.14159265359,
    4.70929676356),.PIECEWISE_BEZIER_KNOTS.);
#2039 = CARTESIAN_POINT('',(0.,1.032015625322));
#2040 = CARTESIAN_POINT('',(0.261284018328,1.032015625322));
#2041 = CARTESIAN_POINT('',(0.522568036657,1.053364771222));
#2042 = CARTESIAN_POINT('',(0.783852054985,1.096135378052));
#2043 = CARTESIAN_POINT('',(1.045136073314,1.155759644116));
#2044 = CARTESIAN_POINT('',(1.306420091642,1.223828137365));
#2045 = CARTESIAN_POINT('',(1.56770410997,1.291958391762));
#2046 = ( GEOMETRIC_REPRESENTATION_CONTEXT(2) 
PARAMETRIC_REPRESENTATION_CONTEXT() REPRESENTATION_CONTEXT('2D SPACE',''
  ) );
#2047 = ORIENTED_EDGE('',*,*,#2048,.F.);
#2048 = EDGE_CURVE('',#2049,#2021,#2051,.T.);
#2049 = VERTEX_POINT('',#2050);
#2050 = CARTESIAN_POINT('',(1.041325909996,-5.734995745,2.263956871884)
  );
#2051 = SURFACE_CURVE('',#2052,(#2057,#2064),.PCURVE_S1.);
#2052 = ELLIPSE('',#2053,0.927410194557,0.89);
#2053 = AXIS2_PLACEMENT_3D('',#2054,#2055,#2056);
#2054 = CARTESIAN_POINT('',(1.039160492232,-4.845,2.265837017969));
#2055 = DIRECTION('',(0.655617416697,0.,0.755093241212));
#2056 = DIRECTION('',(-0.755093241212,0.,0.655617416697));
#2057 = PCURVE('',#290,#2058);
#2058 = DEFINITIONAL_REPRESENTATION('',(#2059),#2063);
#2059 = ELLIPSE('',#2060,0.927410194557,0.89);
#2060 = AXIS2_PLACEMENT_2D('',#2061,#2062);
#2061 = CARTESIAN_POINT('',(1.448427157791,-4.845));
#2062 = DIRECTION('',(-1.,0.));
#2063 = ( GEOMETRIC_REPRESENTATION_CONTEXT(2) 
PARAMETRIC_REPRESENTATION_CONTEXT() REPRESENTATION_CONTEXT('2D SPACE',''
  ) );
#2064 = PCURVE('',#1067,#2065);
#2065 = DEFINITIONAL_REPRESENTATION('',(#2066),#2074);
#2066 = B_SPLINE_CURVE_WITH_KNOTS('',6,(#2067,#2068,#2069,#2070,#2071,
    #2072,#2073),.UNSPECIFIED.,.F.,.F.,(7,7),(1.57388854362,
    3.14159265359),.PIECEWISE_BEZIER_KNOTS.);
#2067 = CARTESIAN_POINT('',(4.715481197209,1.291958391762));
#2068 = CARTESIAN_POINT('',(4.976765215538,1.223828137365));
#2069 = CARTESIAN_POINT('',(5.238049233866,1.155759644116));
#2070 = CARTESIAN_POINT('',(5.499333252194,1.096135378052));
#2071 = CARTESIAN_POINT('',(5.760617270523,1.053364771222));
#2072 = CARTESIAN_POINT('',(6.021901288851,1.032015625322));
#2073 = CARTESIAN_POINT('',(6.28318530718,1.032015625322));
#2074 = ( GEOMETRIC_REPRESENTATION_CONTEXT(2) 
PARAMETRIC_REPRESENTATION_CONTEXT() REPRESENTATION_CONTEXT('2D SPACE',''
  ) );
#2075 = ORIENTED_EDGE('',*,*,#2076,.F.);
#2076 = EDGE_CURVE('',#725,#2049,#2077,.T.);
#2077 = SURFACE_CURVE('',#2078,(#2082,#2089),.PCURVE_S1.);
#2078 = LINE('',#2079,#2080);
#2079 = CARTESIAN_POINT('',(1.041325909996,-9.,2.263956871884));
#2080 = VECTOR('',#2081,1.);
#2081 = DIRECTION('',(0.,1.,0.));
#2082 = PCURVE('',#290,#2083);
#2083 = DEFINITIONAL_REPRESENTATION('',(#2084),#2088);
#2084 = LINE('',#2085,#2086);
#2085 = CARTESIAN_POINT('',(1.451294906628,-9.));
#2086 = VECTOR('',#2087,1.);
#2087 = DIRECTION('',(0.,1.));
#2088 = ( GEOMETRIC_REPRESENTATION_CONTEXT(2) 
PARAMETRIC_REPRESENTATION_CONTEXT() REPRESENTATION_CONTEXT('2D SPACE',''
  ) );
#2089 = PCURVE('',#741,#2090);
#2090 = DEFINITIONAL_REPRESENTATION('',(#2091),#2094);
#2091 = B_SPLINE_CURVE_WITH_KNOTS('',1,(#2092,#2093),.UNSPECIFIED.,.F.,
  .F.,(2,2),(0.,3.265004255),.PIECEWISE_BEZIER_KNOTS.);
#2092 = CARTESIAN_POINT('',(-0.855796326795,0.));
#2093 = CARTESIAN_POINT('',(-0.855796326795,3.265004255));
#2094 = ( GEOMETRIC_REPRESENTATION_CONTEXT(2) 
PARAMETRIC_REPRESENTATION_CONTEXT() REPRESENTATION_CONTEXT('2D SPACE',''
  ) );
#2095 = ORIENTED_EDGE('',*,*,#752,.T.);
#2096 = ORIENTED_EDGE('',*,*,#2097,.F.);
#2097 = EDGE_CURVE('',#275,#753,#2098,.T.);
#2098 = SURFACE_CURVE('',#2099,(#2103,#2110),.PCURVE_S1.);
#2099 = LINE('',#2100,#2101);
#2100 = CARTESIAN_POINT('',(3.123412995814,9.,0.456163500099));
#2101 = VECTOR('',#2102,1.);
#2102 = DIRECTION('',(0.,-1.,0.));
#2103 = PCURVE('',#290,#2104);
#2104 = DEFINITIONAL_REPRESENTATION('',(#2105),#2109);
#2105 = LINE('',#2106,#2107);
#2106 = CARTESIAN_POINT('',(4.208685613076,9.));
#2107 = VECTOR('',#2108,1.);
#2108 = DIRECTION('',(0.,-1.));
#2109 = ( GEOMETRIC_REPRESENTATION_CONTEXT(2) 
PARAMETRIC_REPRESENTATION_CONTEXT() REPRESENTATION_CONTEXT('2D SPACE',''
  ) );
#2110 = PCURVE('',#323,#2111);
#2111 = DEFINITIONAL_REPRESENTATION('',(#2112),#2115);
#2112 = B_SPLINE_CURVE_WITH_KNOTS('',1,(#2113,#2114),.UNSPECIFIED.,.F.,
  .F.,(2,2),(0.,18.),.PIECEWISE_BEZIER_KNOTS.);
#2113 = CARTESIAN_POINT('',(-1.285796326795,0.));
#2114 = CARTESIAN_POINT('',(-1.285796326795,18.));
#2115 = ( GEOMETRIC_REPRESENTATION_CONTEXT(2) 
PARAMETRIC_REPRESENTATION_CONTEXT() REPRESENTATION_CONTEXT('2D SPACE',''
  ) );
#2116 = FACE_BOUND('',#2117,.F.);
#2117 = EDGE_LOOP('',(#2118));
#2118 = ORIENTED_EDGE('',*,*,#2119,.F.);
#2119 = EDGE_CURVE('',#2120,#2120,#2122,.T.);
#2120 = VERTEX_POINT('',#2121);
#2121 = CARTESIAN_POINT('',(1.397307334123,-6.895,1.954872365574));
#2122 = SURFACE_CURVE('',#2123,(#2128,#2135),.PCURVE_S1.);
#2123 = ELLIPSE('',#2124,0.927410194557,0.89);
#2124 = AXIS2_PLACEMENT_3D('',#2125,#2126,#2127);
#2125 = CARTESIAN_POINT('',(2.097588503864,-6.895,1.3468460896));
#2126 = DIRECTION('',(0.655617416697,0.,0.755093241212));
#2127 = DIRECTION('',(0.755093241212,0.,-0.655617416697));
#2128 = PCURVE('',#290,#2129);
#2129 = DEFINITIONAL_REPRESENTATION('',(#2130),#2134);
#2130 = ELLIPSE('',#2131,0.927410194557,0.89);
#2131 = AXIS2_PLACEMENT_2D('',#2132,#2133);
#2132 = CARTESIAN_POINT('',(2.850145454109,-6.895));
#2133 = DIRECTION('',(1.,0.));
#2134 = ( GEOMETRIC_REPRESENTATION_CONTEXT(2) 
PARAMETRIC_REPRESENTATION_CONTEXT() REPRESENTATION_CONTEXT('2D SPACE',''
  ) );
#2135 = PCURVE('',#1307,#2136);
#2136 = DEFINITIONAL_REPRESENTATION('',(#2137),#2152);
#2137 = B_SPLINE_CURVE_WITH_KNOTS('',7,(#2138,#2139,#2140,#2141,#2142,
    #2143,#2144,#2145,#2146,#2147,#2148,#2149,#2150,#2151),
  .UNSPECIFIED.,.F.,.F.,(8,6,8),(3.14159265359,6.28318530718,
    9.424777960769),.UNSPECIFIED.);
#2138 = CARTESIAN_POINT('',(0.,1.032015625322));
#2139 = CARTESIAN_POINT('',(0.448798950513,1.032015625322));
#2140 = CARTESIAN_POINT('',(0.897597901026,1.093299326839));
#2141 = CARTESIAN_POINT('',(1.346396851537,1.215754367897));
#2142 = CARTESIAN_POINT('',(1.795195802053,1.36977345596));
#2143 = CARTESIAN_POINT('',(2.243994752563,1.492228497017));
#2144 = CARTESIAN_POINT('',(2.692793703077,1.553512198535));
#2145 = CARTESIAN_POINT('',(3.590391604103,1.553512198535));
#2146 = CARTESIAN_POINT('',(4.039190554616,1.492228497018));
#2147 = CARTESIAN_POINT('',(4.487989505128,1.369773455959));
#2148 = CARTESIAN_POINT('',(4.936788455642,1.215754367898));
#2149 = CARTESIAN_POINT('',(5.385587406154,1.093299326839));
#2150 = CARTESIAN_POINT('',(5.834386356667,1.032015625322));
#2151 = CARTESIAN_POINT('',(6.28318530718,1.032015625322));
#2152 = ( GEOMETRIC_REPRESENTATION_CONTEXT(2) 
PARAMETRIC_REPRESENTATION_CONTEXT() REPRESENTATION_CONTEXT('2D SPACE',''
  ) );
#2153 = FACE_BOUND('',#2154,.F.);
#2154 = EDGE_LOOP('',(#2155));
#2155 = ORIENTED_EDGE('',*,*,#2156,.F.);
#2156 = EDGE_CURVE('',#2157,#2157,#2159,.T.);
#2157 = VERTEX_POINT('',#2158);
#2158 = CARTESIAN_POINT('',(1.397307334123,-2.795,1.954872365574));
#2159 = SURFACE_CURVE('',#2160,(#2165,#2172),.PCURVE_S1.);
#2160 = ELLIPSE('',#2161,0.927410194557,0.89);
#2161 = AXIS2_PLACEMENT_3D('',#2162,#2163,#2164);
#2162 = CARTESIAN_POINT('',(2.097588503864,-2.795,1.3468460896));
#2163 = DIRECTION('',(0.655617416697,0.,0.755093241212));
#2164 = DIRECTION('',(0.755093241212,0.,-0.655617416697));
#2165 = PCURVE('',#290,#2166);
#2166 = DEFINITIONAL_REPRESENTATION('',(#2167),#2171);
#2167 = ELLIPSE('',#2168,0.927410194557,0.89);
#2168 = AXIS2_PLACEMENT_2D('',#2169,#2170);
#2169 = CARTESIAN_POINT('',(2.850145454109,-2.795));
#2170 = DIRECTION('',(1.,0.));
#2171 = ( GEOMETRIC_REPRESENTATION_CONTEXT(2) 
PARAMETRIC_REPRESENTATION_CONTEXT() REPRESENTATION_CONTEXT('2D SPACE',''
  ) );
#2172 = PCURVE('',#1341,#2173);
#2173 = DEFINITIONAL_REPRESENTATION('',(#2174),#2189);
#2174 = B_SPLINE_CURVE_WITH_KNOTS('',7,(#2175,#2176,#2177,#2178,#2179,
    #2180,#2181,#2182,#2183,#2184,#2185,#2186,#2187,#2188),
  .UNSPECIFIED.,.F.,.F.,(8,6,8),(3.14159265359,6.28318530718,
    9.424777960769),.UNSPECIFIED.);
#2175 = CARTESIAN_POINT('',(0.,1.032015625322));
#2176 = CARTESIAN_POINT('',(0.448798950513,1.032015625322));
#2177 = CARTESIAN_POINT('',(0.897597901026,1.093299326839));
#2178 = CARTESIAN_POINT('',(1.346396851537,1.215754367897));
#2179 = CARTESIAN_POINT('',(1.795195802053,1.36977345596));
#2180 = CARTESIAN_POINT('',(2.243994752563,1.492228497017));
#2181 = CARTESIAN_POINT('',(2.692793703077,1.553512198535));
#2182 = CARTESIAN_POINT('',(3.590391604103,1.553512198535));
#2183 = CARTESIAN_POINT('',(4.039190554615,1.492228497018));
#2184 = CARTESIAN_POINT('',(4.487989505128,1.369773455959));
#2185 = CARTESIAN_POINT('',(4.936788455641,1.215754367898));
#2186 = CARTESIAN_POINT('',(5.385587406154,1.093299326839));
#2187 = CARTESIAN_POINT('',(5.834386356667,1.032015625322));
#2188 = CARTESIAN_POINT('',(6.28318530718,1.032015625322));
#2189 = ( GEOMETRIC_REPRESENTATION_CONTEXT(2) 
PARAMETRIC_REPRESENTATION_CONTEXT() REPRESENTATION_CONTEXT('2D SPACE',''
  ) );
#2190 = FACE_BOUND('',#2191,.F.);
#2191 = EDGE_LOOP('',(#2192));
#2192 = ORIENTED_EDGE('',*,*,#2193,.F.);
#2193 = EDGE_CURVE('',#2194,#2194,#2196,.T.);
#2194 = VERTEX_POINT('',#2195);
#2195 = CARTESIAN_POINT('',(1.397307334123,1.305,1.954872365574));
#2196 = SURFACE_CURVE('',#2197,(#2202,#2209),.PCURVE_S1.);
#2197 = ELLIPSE('',#2198,0.927410194557,0.89);
#2198 = AXIS2_PLACEMENT_3D('',#2199,#2200,#2201);
#2199 = CARTESIAN_POINT('',(2.097588503864,1.305,1.3468460896));
#2200 = DIRECTION('',(0.655617416697,0.,0.755093241212));
#2201 = DIRECTION('',(0.755093241212,0.,-0.655617416697));
#2202 = PCURVE('',#290,#2203);
#2203 = DEFINITIONAL_REPRESENTATION('',(#2204),#2208);
#2204 = ELLIPSE('',#2205,0.927410194557,0.89);
#2205 = AXIS2_PLACEMENT_2D('',#2206,#2207);
#2206 = CARTESIAN_POINT('',(2.850145454109,1.305));
#2207 = DIRECTION('',(1.,0.));
#2208 = ( GEOMETRIC_REPRESENTATION_CONTEXT(2) 
PARAMETRIC_REPRESENTATION_CONTEXT() REPRESENTATION_CONTEXT('2D SPACE',''
  ) );
#2209 = PCURVE('',#1375,#2210);
#2210 = DEFINITIONAL_REPRESENTATION('',(#2211),#2226);
#2211 = B_SPLINE_CURVE_WITH_KNOTS('',7,(#2212,#2213,#2214,#2215,#2216,
    #2217,#2218,#2219,#2220,#2221,#2222,#2223,#2224,#2225),
  .UNSPECIFIED.,.F.,.F.,(8,6,8),(3.14159265359,6.28318530718,
    9.424777960769),.UNSPECIFIED.);
#2212 = CARTESIAN_POINT('',(-8.881784197001E-16,1.032015625322));
#2213 = CARTESIAN_POINT('',(0.448798950513,1.032015625322));
#2214 = CARTESIAN_POINT('',(0.897597901026,1.093299326839));
#2215 = CARTESIAN_POINT('',(1.346396851539,1.215754367897));
#2216 = CARTESIAN_POINT('',(1.795195802051,1.36977345596));
#2217 = CARTESIAN_POINT('',(2.243994752564,1.492228497017));
#2218 = CARTESIAN_POINT('',(2.692793703077,1.553512198535));
#2219 = CARTESIAN_POINT('',(3.590391604103,1.553512198535));
#2220 = CARTESIAN_POINT('',(4.039190554614,1.492228497018));
#2221 = CARTESIAN_POINT('',(4.487989505137,1.369773455959));
#2222 = CARTESIAN_POINT('',(4.936788455637,1.215754367898));
#2223 = CARTESIAN_POINT('',(5.385587406156,1.093299326839));
#2224 = CARTESIAN_POINT('',(5.834386356667,1.032015625322));
#2225 = CARTESIAN_POINT('',(6.28318530718,1.032015625322));
#2226 = ( GEOMETRIC_REPRESENTATION_CONTEXT(2) 
PARAMETRIC_REPRESENTATION_CONTEXT() REPRESENTATION_CONTEXT('2D SPACE',''
  ) );
#2227 = FACE_BOUND('',#2228,.F.);
#2228 = EDGE_LOOP('',(#2229));
#2229 = ORIENTED_EDGE('',*,*,#2230,.F.);
#2230 = EDGE_CURVE('',#2231,#2231,#2233,.T.);
#2231 = VERTEX_POINT('',#2232);
#2232 = CARTESIAN_POINT('',(1.397307334123,5.405,1.954872365574));
#2233 = SURFACE_CURVE('',#2234,(#2239,#2246),.PCURVE_S1.);
#2234 = ELLIPSE('',#2235,0.927410194557,0.89);
#2235 = AXIS2_PLACEMENT_3D('',#2236,#2237,#2238);
#2236 = CARTESIAN_POINT('',(2.097588503864,5.405,1.3468460896));
#2237 = DIRECTION('',(0.655617416697,0.,0.755093241212));
#2238 = DIRECTION('',(0.755093241212,0.,-0.655617416697));
#2239 = PCURVE('',#290,#2240);
#2240 = DEFINITIONAL_REPRESENTATION('',(#2241),#2245);
#2241 = ELLIPSE('',#2242,0.927410194557,0.89);
#2242 = AXIS2_PLACEMENT_2D('',#2243,#2244);
#2243 = CARTESIAN_POINT('',(2.850145454109,5.405));
#2244 = DIRECTION('',(1.,0.));
#2245 = ( GEOMETRIC_REPRESENTATION_CONTEXT(2) 
PARAMETRIC_REPRESENTATION_CONTEXT() REPRESENTATION_CONTEXT('2D SPACE',''
  ) );
#2246 = PCURVE('',#1409,#2247);
#2247 = DEFINITIONAL_REPRESENTATION('',(#2248),#2263);
#2248 = B_SPLINE_CURVE_WITH_KNOTS('',7,(#2249,#2250,#2251,#2252,#2253,
    #2254,#2255,#2256,#2257,#2258,#2259,#2260,#2261,#2262),
  .UNSPECIFIED.,.F.,.F.,(8,6,8),(3.14159265359,6.28318530718,
    9.424777960769),.UNSPECIFIED.);
#2249 = CARTESIAN_POINT('',(0.,1.032015625322));
#2250 = CARTESIAN_POINT('',(0.448798950513,1.032015625322));
#2251 = CARTESIAN_POINT('',(0.897597901026,1.093299326839));
#2252 = CARTESIAN_POINT('',(1.346396851537,1.215754367897));
#2253 = CARTESIAN_POINT('',(1.795195802053,1.36977345596));
#2254 = CARTESIAN_POINT('',(2.243994752563,1.492228497017));
#2255 = CARTESIAN_POINT('',(2.692793703077,1.553512198535));
#2256 = CARTESIAN_POINT('',(3.590391604103,1.553512198535));
#2257 = CARTESIAN_POINT('',(4.039190554616,1.492228497018));
#2258 = CARTESIAN_POINT('',(4.487989505128,1.369773455959));
#2259 = CARTESIAN_POINT('',(4.936788455642,1.215754367898));
#2260 = CARTESIAN_POINT('',(5.385587406154,1.093299326839));
#2261 = CARTESIAN_POINT('',(5.834386356667,1.032015625322));
#2262 = CARTESIAN_POINT('',(6.28318530718,1.032015625322));
#2263 = ( GEOMETRIC_REPRESENTATION_CONTEXT(2) 
PARAMETRIC_REPRESENTATION_CONTEXT() REPRESENTATION_CONTEXT('2D SPACE',''
  ) );
#2264 = ADVANCED_FACE('',(#2265),#323,.T.);
#2265 = FACE_BOUND('',#2266,.F.);
#2266 = EDGE_LOOP('',(#2267,#2268,#2269,#2270));
#2267 = ORIENTED_EDGE('',*,*,#302,.T.);
#2268 = ORIENTED_EDGE('',*,*,#2097,.T.);
#2269 = ORIENTED_EDGE('',*,*,#775,.F.);
#2270 = ORIENTED_EDGE('',*,*,#1761,.F.);
#2271 = ADVANCED_FACE('',(#2272),#531,.F.);
#2272 = FACE_BOUND('',#2273,.F.);
#2273 = EDGE_LOOP('',(#2274,#2420,#2439,#2440));
#2274 = ORIENTED_EDGE('',*,*,#2275,.F.);
#2275 = EDGE_CURVE('',#2276,#2276,#2278,.T.);
#2276 = VERTEX_POINT('',#2277);
#2277 = CARTESIAN_POINT('',(2.584598975061,8.337854090841,5.365587647984
    ));
#2278 = SURFACE_CURVE('',#2279,(#2324,#2372),.PCURVE_S1.);
#2279 = B_SPLINE_CURVE_WITH_KNOTS('',8,(#2280,#2281,#2282,#2283,#2284,
    #2285,#2286,#2287,#2288,#2289,#2290,#2291,#2292,#2293,#2294,#2295,
    #2296,#2297,#2298,#2299,#2300,#2301,#2302,#2303,#2304,#2305,#2306,
    #2307,#2308,#2309,#2310,#2311,#2312,#2313,#2314,#2315,#2316,#2317,
    #2318,#2319,#2320,#2321,#2322,#2323),.UNSPECIFIED.,.T.,.F.,(9,7,7,7,
    7,7,9),(0.,0.177809845451,0.430919032917,0.68261021643,
    0.794812093113,0.895139901411,1.),.UNSPECIFIED.);
#2280 = CARTESIAN_POINT('',(2.584598975061,8.337854090841,5.365587647984
    ));
#2281 = CARTESIAN_POINT('',(2.621616046734,8.333564401047,5.365587647984
    ));
#2282 = CARTESIAN_POINT('',(2.659425941898,8.328002050731,5.371388133394
    ));
#2283 = CARTESIAN_POINT('',(2.696442524997,8.3216058487,5.383421405083)
  );
#2284 = CARTESIAN_POINT('',(2.731256791531,8.315147044198,5.401447458633
    ));
#2285 = CARTESIAN_POINT('',(2.762740106919,8.30948869762,5.424905257842)
  );
#2286 = CARTESIAN_POINT('',(2.789999645841,8.305357397472,5.453107455247
    ));
#2287 = CARTESIAN_POINT('',(2.812279669621,8.30318283513,5.485302395729)
  );
#2288 = CARTESIAN_POINT('',(2.852564271622,8.302886961479,5.570911532694
    ));
#2289 = CARTESIAN_POINT('',(2.863757436711,8.306879343117,5.6253968115)
  );
#2290 = CARTESIAN_POINT('',(2.862397163651,8.31468577516,5.681017557415)
  );
#2291 = CARTESIAN_POINT('',(2.848789197785,8.324682762245,5.735164951075
    ));
#2292 = CARTESIAN_POINT('',(2.823223018029,8.334450846693,5.78495264878)
  );
#2293 = CARTESIAN_POINT('',(2.787402642708,8.341623881001,5.827371891652
    ));
#2294 = CARTESIAN_POINT('',(2.74375546708,8.345,5.859636029932));
#2295 = CARTESIAN_POINT('',(2.650813793145,8.345,5.902261035556));
#2296 = CARTESIAN_POINT('',(2.59825289905,8.341661604055,5.914256938974)
  );
#2297 = CARTESIAN_POINT('',(2.543125330073,8.334580036189,5.913878831274
    ));
#2298 = CARTESIAN_POINT('',(2.489038698946,8.324924237369,5.901089689046
    ));
#2299 = CARTESIAN_POINT('',(2.439321252237,8.314994196099,5.876523693024
    ));
#2300 = CARTESIAN_POINT('',(2.396323827258,8.307165479448,5.841793779358
    ));
#2301 = CARTESIAN_POINT('',(2.362195925489,8.303056601885,5.798331704226
    ));
#2302 = CARTESIAN_POINT('',(2.328917118467,8.303056601885,5.725768944741
    ));
#2303 = CARTESIAN_POINT('',(2.321012888008,8.303873092252,5.702381453185
    ));
#2304 = CARTESIAN_POINT('',(2.315570803492,8.305498948054,5.678266956478
    ));
#2305 = CARTESIAN_POINT('',(2.312659546478,8.30786636341,5.653720680007)
  );
#2306 = CARTESIAN_POINT('',(2.312308598148,8.310848754408,5.629056482749
    ));
#2307 = CARTESIAN_POINT('',(2.314498576396,8.314272355236,5.604607317792
    ));
#2308 = CARTESIAN_POINT('',(2.319144519703,8.317937507535,5.580716078646
    ));
#2309 = CARTESIAN_POINT('',(2.332266584033,8.324968931564,5.537151541902
    ));
#2310 = CARTESIAN_POINT('',(2.340299359559,8.328333634471,5.517253066982
    ));
#2311 = CARTESIAN_POINT('',(2.350084251519,8.331615616798,5.498189354663
    ));
#2312 = CARTESIAN_POINT('',(2.361520367929,8.334693030878,5.480121334605
    ));
#2313 = CARTESIAN_POINT('',(2.3744916338,8.337455831451,5.463200265099)
  );
#2314 = CARTESIAN_POINT('',(2.388866307257,8.339811290862,5.4475650801)
  );
#2315 = CARTESIAN_POINT('',(2.404496495643,8.341689514255,5.433339736261
    ));
#2316 = CARTESIAN_POINT('',(2.438694223683,8.344469807754,5.407347248958
    ));
#2317 = CARTESIAN_POINT('',(2.457349340898,8.345322368463,5.395730057621
    ));
#2318 = CARTESIAN_POINT('',(2.477043593242,8.345563607691,5.385856884727
    ));
#2319 = CARTESIAN_POINT('',(2.497612421528,8.345169739866,5.377827935803
    ));
#2320 = CARTESIAN_POINT('',(2.518864295933,8.344147068371,5.371734645022
    ));
#2321 = CARTESIAN_POINT('',(2.540587421232,8.342535892974,5.36764248264)
  );
#2322 = CARTESIAN_POINT('',(2.562564988753,8.34040747937,5.365587647984)
  );
#2323 = CARTESIAN_POINT('',(2.584598975061,8.337854090841,5.365587647984
    ));
#2324 = PCURVE('',#531,#2325);
#2325 = DEFINITIONAL_REPRESENTATION('',(#2326),#2371);
#2326 = B_SPLINE_CURVE_WITH_KNOTS('',8,(#2327,#2328,#2329,#2330,#2331,
    #2332,#2333,#2334,#2335,#2336,#2337,#2338,#2339,#2340,#2341,#2342,
    #2343,#2344,#2345,#2346,#2347,#2348,#2349,#2350,#2351,#2352,#2353,
    #2354,#2355,#2356,#2357,#2358,#2359,#2360,#2361,#2362,#2363,#2364,
    #2365,#2366,#2367,#2368,#2369,#2370),.UNSPECIFIED.,.F.,.F.,(9,7,7,7,
    7,7,9),(0.,0.177809845451,0.430919032917,0.68261021643,
    0.794812093113,0.895139901411,1.),.UNSPECIFIED.);
#2327 = CARTESIAN_POINT('',(0.,1.062145909159));
#2328 = CARTESIAN_POINT('',(0.137100265457,1.066435598953));
#2329 = CARTESIAN_POINT('',(0.277135511907,1.071997949269));
#2330 = CARTESIAN_POINT('',(0.41816740903,1.0783941513));
#2331 = CARTESIAN_POINT('',(0.559581726467,1.084852955802));
#2332 = CARTESIAN_POINT('',(0.701251851459,1.09051130238));
#2333 = CARTESIAN_POINT('',(0.843350904405,1.094642602528));
#2334 = CARTESIAN_POINT('',(0.986379144203,1.09681716487));
#2335 = CARTESIAN_POINT('',(1.336800671481,1.097113038521));
#2336 = CARTESIAN_POINT('',(1.537023523887,1.093120656883));
#2337 = CARTESIAN_POINT('',(1.734674941001,1.08531422484));
#2338 = CARTESIAN_POINT('',(1.931201340516,1.075317237755));
#2339 = CARTESIAN_POINT('',(2.128393858229,1.065549153307));
#2340 = CARTESIAN_POINT('',(2.324960589731,1.058376118999));
#2341 = CARTESIAN_POINT('',(2.521709056114,1.055));
#2342 = CARTESIAN_POINT('',(2.900412458421,1.055));
#2343 = CARTESIAN_POINT('',(3.095875998769,1.058338395945));
#2344 = CARTESIAN_POINT('',(3.291187764185,1.065419963811));
#2345 = CARTESIAN_POINT('',(3.487126109951,1.075075762631));
#2346 = CARTESIAN_POINT('',(3.682450928866,1.085005803901));
#2347 = CARTESIAN_POINT('',(3.878897505676,1.092834520552));
#2348 = CARTESIAN_POINT('',(4.077887367981,1.096943398115));
#2349 = CARTESIAN_POINT('',(4.373554131171,1.096943398115));
#2350 = CARTESIAN_POINT('',(4.464492113436,1.096126907748));
#2351 = CARTESIAN_POINT('',(4.555233742858,1.094501051946));
#2352 = CARTESIAN_POINT('',(4.645802253542,1.09213363659));
#2353 = CARTESIAN_POINT('',(4.736185038911,1.089151245592));
#2354 = CARTESIAN_POINT('',(4.826305155635,1.085727644764));
#2355 = CARTESIAN_POINT('',(4.915992590565,1.082062492465));
#2356 = CARTESIAN_POINT('',(5.084503271455,1.075031068436));
#2357 = CARTESIAN_POINT('',(5.16365153436,1.071666365529));
#2358 = CARTESIAN_POINT('',(5.242475052973,1.068384383202));
#2359 = CARTESIAN_POINT('',(5.321033501289,1.065306969122));
#2360 = CARTESIAN_POINT('',(5.399371240081,1.062544168549));
#2361 = CARTESIAN_POINT('',(5.477517303216,1.060188709138));
#2362 = CARTESIAN_POINT('',(5.555485383986,1.058310485745));
#2363 = CARTESIAN_POINT('',(5.714576337228,1.055530192246));
#2364 = CARTESIAN_POINT('',(5.79562185249,1.054677631537));
#2365 = CARTESIAN_POINT('',(5.876634936808,1.054436392309));
#2366 = CARTESIAN_POINT('',(5.957717704176,1.054830260134));
#2367 = CARTESIAN_POINT('',(6.03889819837,1.055852931629));
#2368 = CARTESIAN_POINT('',(6.120177842179,1.057464107026));
#2369 = CARTESIAN_POINT('',(6.201577950483,1.05959252063));
#2370 = CARTESIAN_POINT('',(6.28318530718,1.062145909159));
#2371 = ( GEOMETRIC_REPRESENTATION_CONTEXT(2) 
PARAMETRIC_REPRESENTATION_CONTEXT() REPRESENTATION_CONTEXT('2D SPACE',''
  ) );
#2372 = PCURVE('',#1169,#2373);
#2373 = DEFINITIONAL_REPRESENTATION('',(#2374),#2419);
#2374 = B_SPLINE_CURVE_WITH_KNOTS('',8,(#2375,#2376,#2377,#2378,#2379,
    #2380,#2381,#2382,#2383,#2384,#2385,#2386,#2387,#2388,#2389,#2390,
    #2391,#2392,#2393,#2394,#2395,#2396,#2397,#2398,#2399,#2400,#2401,
    #2402,#2403,#2404,#2405,#2406,#2407,#2408,#2409,#2410,#2411,#2412,
    #2413,#2414,#2415,#2416,#2417,#2418),.UNSPECIFIED.,.F.,.F.,(9,7,7,7,
    7,7,9),(0.,0.177809845451,0.430919032917,0.68261021643,
    0.794812093113,0.895139901411,1.),.UNSPECIFIED.);
#2375 = CARTESIAN_POINT('',(1.443990341783,4.754579247588));
#2376 = CARTESIAN_POINT('',(1.405878437842,4.77001058396));
#2377 = CARTESIAN_POINT('',(1.369477364468,4.791044867866));
#2378 = CARTESIAN_POINT('',(1.336574347377,4.817413832387));
#2379 = CARTESIAN_POINT('',(1.308537684673,4.848311948892));
#2380 = CARTESIAN_POINT('',(1.286439694466,4.882758759884));
#2381 = CARTESIAN_POINT('',(1.271090054368,4.919757297255));
#2382 = CARTESIAN_POINT('',(1.263035708231,4.958309286858));
#2383 = CARTESIAN_POINT('',(1.261939827025,5.05291853458));
#2384 = CARTESIAN_POINT('',(1.276725984031,5.107109890588));
#2385 = CARTESIAN_POINT('',(1.305532985386,5.157100185474));
#2386 = CARTESIAN_POINT('',(1.346359068931,5.200645548095));
#2387 = CARTESIAN_POINT('',(1.396759832146,5.235243066194));
#2388 = CARTESIAN_POINT('',(1.4535010869,5.258868236489));
#2389 = CARTESIAN_POINT('',(1.513191190482,5.27));
#2390 = CARTESIAN_POINT('',(1.628078739496,5.27));
#2391 = CARTESIAN_POINT('',(1.687378938614,5.258992763245));
#2392 = CARTESIAN_POINT('',(1.743788215216,5.235668002381));
#2393 = CARTESIAN_POINT('',(1.793987281796,5.201495972809));
#2394 = CARTESIAN_POINT('',(1.834799107179,5.158440571915));
#2395 = CARTESIAN_POINT('',(1.863809067617,5.108947898849));
#2396 = CARTESIAN_POINT('',(1.879024498083,5.055215435349));
#2397 = CARTESIAN_POINT('',(1.879024498083,4.975385409288));
#2398 = CARTESIAN_POINT('',(1.876000273588,4.950831937598));
#2399 = CARTESIAN_POINT('',(1.869978989252,4.926644039883));
#2400 = CARTESIAN_POINT('',(1.861049890573,4.903118697241));
#2401 = CARTESIAN_POINT('',(1.849367123858,4.880553486579));
#2402 = CARTESIAN_POINT('',(1.835152497474,4.859242971014));
#2403 = CARTESIAN_POINT('',(1.818698184352,4.839463411027));
#2404 = CARTESIAN_POINT('',(1.783980244207,4.805334944713));
#2405 = CARTESIAN_POINT('',(1.766055060896,4.79059654212));
#2406 = CARTESIAN_POINT('',(1.746783371548,4.777347316323));
#2407 = CARTESIAN_POINT('',(1.726357119099,4.76569148795));
#2408 = CARTESIAN_POINT('',(1.704970528792,4.755718157333));
#2409 = CARTESIAN_POINT('',(1.682820003249,4.747498691338));
#2410 = CARTESIAN_POINT('',(1.660104017551,4.741084110186));
#2411 = CARTESIAN_POINT('',(1.612899331009,4.731713863807));
#2412 = CARTESIAN_POINT('',(1.588395456936,4.728931008457));
#2413 = CARTESIAN_POINT('',(1.563672132846,4.728166591234));
#2414 = CARTESIAN_POINT('',(1.538920715201,4.729443095609));
#2415 = CARTESIAN_POINT('',(1.514354736856,4.732763788923));
#2416 = CARTESIAN_POINT('',(1.490198973299,4.73809989015));
#2417 = CARTESIAN_POINT('',(1.46667601441,4.745393922035));
#2418 = CARTESIAN_POINT('',(1.443990341783,4.754579247588));
#2419 = ( GEOMETRIC_REPRESENTATION_CONTEXT(2) 
PARAMETRIC_REPRESENTATION_CONTEXT() REPRESENTATION_CONTEXT('2D SPACE',''
  ) );
#2420 = ORIENTED_EDGE('',*,*,#2421,.F.);
#2421 = EDGE_CURVE('',#515,#2276,#2422,.T.);
#2422 = SEAM_CURVE('',#2423,(#2427,#2433),.PCURVE_S1.);
#2423 = LINE('',#2424,#2425);
#2424 = CARTESIAN_POINT('',(2.584598975061,9.4,5.365587647984));
#2425 = VECTOR('',#2426,1.);
#2426 = DIRECTION('',(0.,-1.,0.));
#2427 = PCURVE('',#531,#2428);
#2428 = DEFINITIONAL_REPRESENTATION('',(#2429),#2432);
#2429 = B_SPLINE_CURVE_WITH_KNOTS('',1,(#2430,#2431),.UNSPECIFIED.,.F.,
  .F.,(2,2),(0.4,1.062145909159),.PIECEWISE_BEZIER_KNOTS.);
#2430 = CARTESIAN_POINT('',(6.28318530718,0.4));
#2431 = CARTESIAN_POINT('',(6.28318530718,1.062145909159));
#2432 = ( GEOMETRIC_REPRESENTATION_CONTEXT(2) 
PARAMETRIC_REPRESENTATION_CONTEXT() REPRESENTATION_CONTEXT('2D SPACE',''
  ) );
#2433 = PCURVE('',#531,#2434);
#2434 = DEFINITIONAL_REPRESENTATION('',(#2435),#2438);
#2435 = B_SPLINE_CURVE_WITH_KNOTS('',1,(#2436,#2437),.UNSPECIFIED.,.F.,
  .F.,(2,2),(0.4,1.062145909159),.PIECEWISE_BEZIER_KNOTS.);
#2436 = CARTESIAN_POINT('',(0.,0.4));
#2437 = CARTESIAN_POINT('',(0.,1.062145909159));
#2438 = ( GEOMETRIC_REPRESENTATION_CONTEXT(2) 
PARAMETRIC_REPRESENTATION_CONTEXT() REPRESENTATION_CONTEXT('2D SPACE',''
  ) );
#2439 = ORIENTED_EDGE('',*,*,#514,.T.);
#2440 = ORIENTED_EDGE('',*,*,#2421,.T.);
#2441 = ADVANCED_FACE('',(#2442),#561,.F.);
#2442 = FACE_BOUND('',#2443,.F.);
#2443 = EDGE_LOOP('',(#2444,#2465,#2491,#2492));
#2444 = ORIENTED_EDGE('',*,*,#2445,.T.);
#2445 = EDGE_CURVE('',#545,#2446,#2448,.T.);
#2446 = VERTEX_POINT('',#2447);
#2447 = CARTESIAN_POINT('',(5.217120105809,8.2,3.079874296382));
#2448 = SEAM_CURVE('',#2449,(#2453,#2459),.PCURVE_S1.);
#2449 = LINE('',#2450,#2451);
#2450 = CARTESIAN_POINT('',(5.217120105809,9.4,3.079874296382));
#2451 = VECTOR('',#2452,1.);
#2452 = DIRECTION('',(0.,-1.,0.));
#2453 = PCURVE('',#561,#2454);
#2454 = DEFINITIONAL_REPRESENTATION('',(#2455),#2458);
#2455 = B_SPLINE_CURVE_WITH_KNOTS('',1,(#2456,#2457),.UNSPECIFIED.,.F.,
  .F.,(2,2),(0.4,1.2),.PIECEWISE_BEZIER_KNOTS.);
#2456 = CARTESIAN_POINT('',(6.28318530718,0.4));
#2457 = CARTESIAN_POINT('',(6.28318530718,1.2));
#2458 = ( GEOMETRIC_REPRESENTATION_CONTEXT(2) 
PARAMETRIC_REPRESENTATION_CONTEXT() REPRESENTATION_CONTEXT('2D SPACE',''
  ) );
#2459 = PCURVE('',#561,#2460);
#2460 = DEFINITIONAL_REPRESENTATION('',(#2461),#2464);
#2461 = B_SPLINE_CURVE_WITH_KNOTS('',1,(#2462,#2463),.UNSPECIFIED.,.F.,
  .F.,(2,2),(0.4,1.2),.PIECEWISE_BEZIER_KNOTS.);
#2462 = CARTESIAN_POINT('',(0.,0.4));
#2463 = CARTESIAN_POINT('',(0.,1.2));
#2464 = ( GEOMETRIC_REPRESENTATION_CONTEXT(2) 
PARAMETRIC_REPRESENTATION_CONTEXT() REPRESENTATION_CONTEXT('2D SPACE',''
  ) );
#2465 = ORIENTED_EDGE('',*,*,#2466,.F.);
#2466 = EDGE_CURVE('',#2446,#2446,#2467,.T.);
#2467 = SURFACE_CURVE('',#2468,(#2473,#2479),.PCURVE_S1.);
#2468 = CIRCLE('',#2469,0.27);
#2469 = AXIS2_PLACEMENT_3D('',#2470,#2471,#2472);
#2470 = CARTESIAN_POINT('',(5.217120105809,8.2,3.349874296382));
#2471 = DIRECTION('',(0.,-1.,0.));
#2472 = DIRECTION('',(0.,-0.,-1.));
#2473 = PCURVE('',#561,#2474);
#2474 = DEFINITIONAL_REPRESENTATION('',(#2475),#2478);
#2475 = B_SPLINE_CURVE_WITH_KNOTS('',1,(#2476,#2477),.UNSPECIFIED.,.F.,
  .F.,(2,2),(0.,6.28318530718),.PIECEWISE_BEZIER_KNOTS.);
#2476 = CARTESIAN_POINT('',(0.,1.2));
#2477 = CARTESIAN_POINT('',(6.28318530718,1.2));
#2478 = ( GEOMETRIC_REPRESENTATION_CONTEXT(2) 
PARAMETRIC_REPRESENTATION_CONTEXT() REPRESENTATION_CONTEXT('2D SPACE',''
  ) );
#2479 = PCURVE('',#2480,#2485);
#2480 = PLANE('',#2481);
#2481 = AXIS2_PLACEMENT_3D('',#2482,#2483,#2484);
#2482 = CARTESIAN_POINT('',(5.217120105809,8.2,3.349874296382));
#2483 = DIRECTION('',(0.,-1.,0.));
#2484 = DIRECTION('',(0.,-0.,-1.));
#2485 = DEFINITIONAL_REPRESENTATION('',(#2486),#2490);
#2486 = CIRCLE('',#2487,0.27);
#2487 = AXIS2_PLACEMENT_2D('',#2488,#2489);
#2488 = CARTESIAN_POINT('',(0.,0.));
#2489 = DIRECTION('',(1.,0.));
#2490 = ( GEOMETRIC_REPRESENTATION_CONTEXT(2) 
PARAMETRIC_REPRESENTATION_CONTEXT() REPRESENTATION_CONTEXT('2D SPACE',''
  ) );
#2491 = ORIENTED_EDGE('',*,*,#2445,.F.);
#2492 = ORIENTED_EDGE('',*,*,#544,.T.);
#2493 = ADVANCED_FACE('',(#2494),#741,.T.);
#2494 = FACE_BOUND('',#2495,.F.);
#2495 = EDGE_LOOP('',(#2496,#2497,#2498,#2499));
#2496 = ORIENTED_EDGE('',*,*,#1649,.F.);
#2497 = ORIENTED_EDGE('',*,*,#724,.T.);
#2498 = ORIENTED_EDGE('',*,*,#2076,.T.);
#2499 = ORIENTED_EDGE('',*,*,#2500,.F.);
#2500 = EDGE_CURVE('',#1426,#2049,#2501,.T.);
#2501 = SURFACE_CURVE('',#2502,(#2510,#2521),.PCURVE_S1.);
#2502 = B_SPLINE_CURVE_WITH_KNOTS('',6,(#2503,#2504,#2505,#2506,#2507,
    #2508,#2509),.UNSPECIFIED.,.F.,.F.,(7,7),(0.,1.),
  .PIECEWISE_BEZIER_KNOTS.);
#2503 = CARTESIAN_POINT('',(1.,-5.732035190024,2.35456806083));
#2504 = CARTESIAN_POINT('',(1.,-5.73262189393,2.337368715967));
#2505 = CARTESIAN_POINT('',(1.002958783316,-5.733356324155,
    2.320234889094));
#2506 = CARTESIAN_POINT('',(1.008829722975,-5.734117690475,
    2.303773565895));
#2507 = CARTESIAN_POINT('',(1.017438628743,-5.734734447816,
    2.288538943853));
#2508 = CARTESIAN_POINT('',(1.028464841876,-5.735046288571,2.2751236256)
  );
#2509 = CARTESIAN_POINT('',(1.041325909996,-5.734995745,2.263956871884)
  );
#2510 = PCURVE('',#741,#2511);
#2511 = DEFINITIONAL_REPRESENTATION('',(#2512),#2520);
#2512 = B_SPLINE_CURVE_WITH_KNOTS('',6,(#2513,#2514,#2515,#2516,#2517,
    #2518,#2519),.UNSPECIFIED.,.F.,.F.,(7,7),(0.,1.),
  .PIECEWISE_BEZIER_KNOTS.);
#2513 = CARTESIAN_POINT('',(0.,3.267964809976));
#2514 = CARTESIAN_POINT('',(-0.143327873853,3.26737810607));
#2515 = CARTESIAN_POINT('',(-0.286105417592,3.266643675845));
#2516 = CARTESIAN_POINT('',(-0.428605395014,3.265882309525));
#2517 = CARTESIAN_POINT('',(-0.571190043156,3.265265552184));
#2518 = CARTESIAN_POINT('',(-0.713859461497,3.264953711429));
#2519 = CARTESIAN_POINT('',(-0.855796326795,3.265004255));
#2520 = ( GEOMETRIC_REPRESENTATION_CONTEXT(2) 
PARAMETRIC_REPRESENTATION_CONTEXT() REPRESENTATION_CONTEXT('2D SPACE',''
  ) );
#2521 = PCURVE('',#1067,#2522);
#2522 = DEFINITIONAL_REPRESENTATION('',(#2523),#2531);
#2523 = B_SPLINE_CURVE_WITH_KNOTS('',6,(#2524,#2525,#2526,#2527,#2528,
    #2529,#2530),.UNSPECIFIED.,.F.,.F.,(7,7),(0.,1.),
  .PIECEWISE_BEZIER_KNOTS.);
#2524 = CARTESIAN_POINT('',(4.630742200369,1.357092525002));
#2525 = CARTESIAN_POINT('',(4.638825199527,1.341458909605));
#2526 = CARTESIAN_POINT('',(4.649902871723,1.327118278192));
#2527 = CARTESIAN_POINT('',(4.663634604012,1.314602922536));
#2528 = CARTESIAN_POINT('',(4.679571907453,1.304343974346));
#2529 = CARTESIAN_POINT('',(4.697115531869,1.29674641585));
#2530 = CARTESIAN_POINT('',(4.715481197209,1.291957622975));
#2531 = ( GEOMETRIC_REPRESENTATION_CONTEXT(2) 
PARAMETRIC_REPRESENTATION_CONTEXT() REPRESENTATION_CONTEXT('2D SPACE',''
  ) );
#2532 = ADVANCED_FACE('',(#2533),#973,.F.);
#2533 = FACE_BOUND('',#2534,.F.);
#2534 = EDGE_LOOP('',(#2535,#2556,#2582,#2583));
#2535 = ORIENTED_EDGE('',*,*,#2536,.T.);
#2536 = EDGE_CURVE('',#953,#2537,#2539,.T.);
#2537 = VERTEX_POINT('',#2538);
#2538 = CARTESIAN_POINT('',(2.584598975061,-8.2,5.905587647984));
#2539 = SEAM_CURVE('',#2540,(#2544,#2550),.PCURVE_S1.);
#2540 = LINE('',#2541,#2542);
#2541 = CARTESIAN_POINT('',(2.584598975061,-9.4,5.905587647984));
#2542 = VECTOR('',#2543,1.);
#2543 = DIRECTION('',(0.,1.,0.));
#2544 = PCURVE('',#973,#2545);
#2545 = DEFINITIONAL_REPRESENTATION('',(#2546),#2549);
#2546 = B_SPLINE_CURVE_WITH_KNOTS('',1,(#2547,#2548),.UNSPECIFIED.,.F.,
  .F.,(2,2),(0.4,1.2),.PIECEWISE_BEZIER_KNOTS.);
#2547 = CARTESIAN_POINT('',(6.28318530718,0.4));
#2548 = CARTESIAN_POINT('',(6.28318530718,1.2));
#2549 = ( GEOMETRIC_REPRESENTATION_CONTEXT(2) 
PARAMETRIC_REPRESENTATION_CONTEXT() REPRESENTATION_CONTEXT('2D SPACE',''
  ) );
#2550 = PCURVE('',#973,#2551);
#2551 = DEFINITIONAL_REPRESENTATION('',(#2552),#2555);
#2552 = B_SPLINE_CURVE_WITH_KNOTS('',1,(#2553,#2554),.UNSPECIFIED.,.F.,
  .F.,(2,2),(0.4,1.2),.PIECEWISE_BEZIER_KNOTS.);
#2553 = CARTESIAN_POINT('',(0.,0.4));
#2554 = CARTESIAN_POINT('',(0.,1.2));
#2555 = ( GEOMETRIC_REPRESENTATION_CONTEXT(2) 
PARAMETRIC_REPRESENTATION_CONTEXT() REPRESENTATION_CONTEXT('2D SPACE',''
  ) );
#2556 = ORIENTED_EDGE('',*,*,#2557,.F.);
#2557 = EDGE_CURVE('',#2537,#2537,#2558,.T.);
#2558 = SURFACE_CURVE('',#2559,(#2564,#2570),.PCURVE_S1.);
#2559 = CIRCLE('',#2560,0.27);
#2560 = AXIS2_PLACEMENT_3D('',#2561,#2562,#2563);
#2561 = CARTESIAN_POINT('',(2.584598975061,-8.2,5.635587647984));
#2562 = DIRECTION('',(0.,1.,0.));
#2563 = DIRECTION('',(0.,-0.,1.));
#2564 = PCURVE('',#973,#2565);
#2565 = DEFINITIONAL_REPRESENTATION('',(#2566),#2569);
#2566 = B_SPLINE_CURVE_WITH_KNOTS('',1,(#2567,#2568),.UNSPECIFIED.,.F.,
  .F.,(2,2),(0.,6.28318530718),.PIECEWISE_BEZIER_KNOTS.);
#2567 = CARTESIAN_POINT('',(0.,1.2));
#2568 = CARTESIAN_POINT('',(6.28318530718,1.2));
#2569 = ( GEOMETRIC_REPRESENTATION_CONTEXT(2) 
PARAMETRIC_REPRESENTATION_CONTEXT() REPRESENTATION_CONTEXT('2D SPACE',''
  ) );
#2570 = PCURVE('',#2571,#2576);
#2571 = PLANE('',#2572);
#2572 = AXIS2_PLACEMENT_3D('',#2573,#2574,#2575);
#2573 = CARTESIAN_POINT('',(2.584598975061,-8.2,5.635587647984));
#2574 = DIRECTION('',(0.,1.,0.));
#2575 = DIRECTION('',(0.,-0.,1.));
#2576 = DEFINITIONAL_REPRESENTATION('',(#2577),#2581);
#2577 = CIRCLE('',#2578,0.27);
#2578 = AXIS2_PLACEMENT_2D('',#2579,#2580);
#2579 = CARTESIAN_POINT('',(0.,0.));
#2580 = DIRECTION('',(1.,0.));
#2581 = ( GEOMETRIC_REPRESENTATION_CONTEXT(2) 
PARAMETRIC_REPRESENTATION_CONTEXT() REPRESENTATION_CONTEXT('2D SPACE',''
  ) );
#2582 = ORIENTED_EDGE('',*,*,#2536,.F.);
#2583 = ORIENTED_EDGE('',*,*,#952,.T.);
#2584 = ADVANCED_FACE('',(#2585),#1007,.F.);
#2585 = FACE_BOUND('',#2586,.F.);
#2586 = EDGE_LOOP('',(#2587,#2608,#2634,#2635));
#2587 = ORIENTED_EDGE('',*,*,#2588,.T.);
#2588 = EDGE_CURVE('',#987,#2589,#2591,.T.);
#2589 = VERTEX_POINT('',#2590);
#2590 = CARTESIAN_POINT('',(5.217120105809,-8.2,3.619874296382));
#2591 = SEAM_CURVE('',#2592,(#2596,#2602),.PCURVE_S1.);
#2592 = LINE('',#2593,#2594);
#2593 = CARTESIAN_POINT('',(5.217120105809,-9.4,3.619874296382));
#2594 = VECTOR('',#2595,1.);
#2595 = DIRECTION('',(0.,1.,0.));
#2596 = PCURVE('',#1007,#2597);
#2597 = DEFINITIONAL_REPRESENTATION('',(#2598),#2601);
#2598 = B_SPLINE_CURVE_WITH_KNOTS('',1,(#2599,#2600),.UNSPECIFIED.,.F.,
  .F.,(2,2),(0.4,1.2),.PIECEWISE_BEZIER_KNOTS.);
#2599 = CARTESIAN_POINT('',(6.28318530718,0.4));
#2600 = CARTESIAN_POINT('',(6.28318530718,1.2));
#2601 = ( GEOMETRIC_REPRESENTATION_CONTEXT(2) 
PARAMETRIC_REPRESENTATION_CONTEXT() REPRESENTATION_CONTEXT('2D SPACE',''
  ) );
#2602 = PCURVE('',#1007,#2603);
#2603 = DEFINITIONAL_REPRESENTATION('',(#2604),#2607);
#2604 = B_SPLINE_CURVE_WITH_KNOTS('',1,(#2605,#2606),.UNSPECIFIED.,.F.,
  .F.,(2,2),(0.4,1.2),.PIECEWISE_BEZIER_KNOTS.);
#2605 = CARTESIAN_POINT('',(0.,0.4));
#2606 = CARTESIAN_POINT('',(0.,1.2));
#2607 = ( GEOMETRIC_REPRESENTATION_CONTEXT(2) 
PARAMETRIC_REPRESENTATION_CONTEXT() REPRESENTATION_CONTEXT('2D SPACE',''
  ) );
#2608 = ORIENTED_EDGE('',*,*,#2609,.F.);
#2609 = EDGE_CURVE('',#2589,#2589,#2610,.T.);
#2610 = SURFACE_CURVE('',#2611,(#2616,#2622),.PCURVE_S1.);
#2611 = CIRCLE('',#2612,0.27);
#2612 = AXIS2_PLACEMENT_3D('',#2613,#2614,#2615);
#2613 = CARTESIAN_POINT('',(5.217120105809,-8.2,3.349874296382));
#2614 = DIRECTION('',(0.,1.,0.));
#2615 = DIRECTION('',(0.,-0.,1.));
#2616 = PCURVE('',#1007,#2617);
#2617 = DEFINITIONAL_REPRESENTATION('',(#2618),#2621);
#2618 = B_SPLINE_CURVE_WITH_KNOTS('',1,(#2619,#2620),.UNSPECIFIED.,.F.,
  .F.,(2,2),(0.,6.28318530718),.PIECEWISE_BEZIER_KNOTS.);
#2619 = CARTESIAN_POINT('',(0.,1.2));
#2620 = CARTESIAN_POINT('',(6.28318530718,1.2));
#2621 = ( GEOMETRIC_REPRESENTATION_CONTEXT(2) 
PARAMETRIC_REPRESENTATION_CONTEXT() REPRESENTATION_CONTEXT('2D SPACE',''
  ) );
#2622 = PCURVE('',#2623,#2628);
#2623 = PLANE('',#2624);
#2624 = AXIS2_PLACEMENT_3D('',#2625,#2626,#2627);
#2625 = CARTESIAN_POINT('',(5.217120105809,-8.2,3.349874296382));
#2626 = DIRECTION('',(0.,1.,0.));
#2627 = DIRECTION('',(0.,-0.,1.));
#2628 = DEFINITIONAL_REPRESENTATION('',(#2629),#2633);
#2629 = CIRCLE('',#2630,0.27);
#2630 = AXIS2_PLACEMENT_2D('',#2631,#2632);
#2631 = CARTESIAN_POINT('',(0.,0.));
#2632 = DIRECTION('',(1.,0.));
#2633 = ( GEOMETRIC_REPRESENTATION_CONTEXT(2) 
PARAMETRIC_REPRESENTATION_CONTEXT() REPRESENTATION_CONTEXT('2D SPACE',''
  ) );
#2634 = ORIENTED_EDGE('',*,*,#2588,.F.);
#2635 = ORIENTED_EDGE('',*,*,#986,.T.);
#2636 = ADVANCED_FACE('',(#2637),#1067,.F.);
#2637 = FACE_BOUND('',#2638,.F.);
#2638 = EDGE_LOOP('',(#2639,#2640,#2659,#2660,#2693,#2694,#2695,#2696));
#2639 = ORIENTED_EDGE('',*,*,#1046,.F.);
#2640 = ORIENTED_EDGE('',*,*,#2641,.F.);
#2641 = EDGE_CURVE('',#2021,#1047,#2642,.T.);
#2642 = SEAM_CURVE('',#2643,(#2647,#2653),.PCURVE_S1.);
#2643 = LINE('',#2644,#2645);
#2644 = CARTESIAN_POINT('',(1.309224480126,-4.845,0.719743885448));
#2645 = VECTOR('',#2646,1.);
#2646 = DIRECTION('',(0.416870802429,1.232595164408E-32,0.908965749675)
  );
#2647 = PCURVE('',#1067,#2648);
#2648 = DEFINITIONAL_REPRESENTATION('',(#2649),#2652);
#2649 = B_SPLINE_CURVE_WITH_KNOTS('',1,(#2650,#2651),.UNSPECIFIED.,.F.,
  .F.,(2,2),(1.032015625322,5.37),.PIECEWISE_BEZIER_KNOTS.);
#2650 = CARTESIAN_POINT('',(6.28318530718,1.032015625322));
#2651 = CARTESIAN_POINT('',(6.28318530718,5.37));
#2652 = ( GEOMETRIC_REPRESENTATION_CONTEXT(2) 
PARAMETRIC_REPRESENTATION_CONTEXT() REPRESENTATION_CONTEXT('2D SPACE',''
  ) );
#2653 = PCURVE('',#1067,#2654);
#2654 = DEFINITIONAL_REPRESENTATION('',(#2655),#2658);
#2655 = B_SPLINE_CURVE_WITH_KNOTS('',1,(#2656,#2657),.UNSPECIFIED.,.F.,
  .F.,(2,2),(1.032015625322,5.37),.PIECEWISE_BEZIER_KNOTS.);
#2656 = CARTESIAN_POINT('',(0.,1.032015625322));
#2657 = CARTESIAN_POINT('',(0.,5.37));
#2658 = ( GEOMETRIC_REPRESENTATION_CONTEXT(2) 
PARAMETRIC_REPRESENTATION_CONTEXT() REPRESENTATION_CONTEXT('2D SPACE',''
  ) );
#2659 = ORIENTED_EDGE('',*,*,#2020,.T.);
#2660 = ORIENTED_EDGE('',*,*,#2661,.F.);
#2661 = EDGE_CURVE('',#1424,#1999,#2662,.T.);
#2662 = SURFACE_CURVE('',#2663,(#2671,#2682),.PCURVE_S1.);
#2663 = B_SPLINE_CURVE_WITH_KNOTS('',6,(#2664,#2665,#2666,#2667,#2668,
    #2669,#2670),.UNSPECIFIED.,.F.,.F.,(7,7),(0.,1.),
  .PIECEWISE_BEZIER_KNOTS.);
#2664 = CARTESIAN_POINT('',(1.,-3.957964809976,2.35456806083));
#2665 = CARTESIAN_POINT('',(1.,-3.95737810607,2.337368715968));
#2666 = CARTESIAN_POINT('',(1.002958783316,-3.956643675845,
    2.320234889094));
#2667 = CARTESIAN_POINT('',(1.008829722975,-3.955882309525,
    2.303773565895));
#2668 = CARTESIAN_POINT('',(1.017438628743,-3.955265552184,
    2.288538943853));
#2669 = CARTESIAN_POINT('',(1.028464841876,-3.954953711429,2.2751236256)
  );
#2670 = CARTESIAN_POINT('',(1.041325909996,-3.955004255,2.263956871884)
  );
#2671 = PCURVE('',#1067,#2672);
#2672 = DEFINITIONAL_REPRESENTATION('',(#2673),#2681);
#2673 = B_SPLINE_CURVE_WITH_KNOTS('',6,(#2674,#2675,#2676,#2677,#2678,
    #2679,#2680),.UNSPECIFIED.,.F.,.F.,(7,7),(0.,1.),
  .PIECEWISE_BEZIER_KNOTS.);
#2674 = CARTESIAN_POINT('',(1.652443106811,1.357092525002));
#2675 = CARTESIAN_POINT('',(1.644360107653,1.341458909605));
#2676 = CARTESIAN_POINT('',(1.633282435457,1.327118278192));
#2677 = CARTESIAN_POINT('',(1.619550703167,1.314602922536));
#2678 = CARTESIAN_POINT('',(1.603613399726,1.304343974346));
#2679 = CARTESIAN_POINT('',(1.586069775311,1.29674641585));
#2680 = CARTESIAN_POINT('',(1.56770410997,1.291957622975));
#2681 = ( GEOMETRIC_REPRESENTATION_CONTEXT(2) 
PARAMETRIC_REPRESENTATION_CONTEXT() REPRESENTATION_CONTEXT('2D SPACE',''
  ) );
#2682 = PCURVE('',#1471,#2683);
#2683 = DEFINITIONAL_REPRESENTATION('',(#2684),#2692);
#2684 = B_SPLINE_CURVE_WITH_KNOTS('',6,(#2685,#2686,#2687,#2688,#2689,
    #2690,#2691),.UNSPECIFIED.,.F.,.F.,(7,7),(0.,1.),
  .PIECEWISE_BEZIER_KNOTS.);
#2685 = CARTESIAN_POINT('',(0.,5.042035190024));
#2686 = CARTESIAN_POINT('',(-0.143327873853,5.04262189393));
#2687 = CARTESIAN_POINT('',(-0.286105417591,5.043356324155));
#2688 = CARTESIAN_POINT('',(-0.428605395015,5.044117690475));
#2689 = CARTESIAN_POINT('',(-0.571190043156,5.044734447816));
#2690 = CARTESIAN_POINT('',(-0.713859461496,5.045046288571));
#2691 = CARTESIAN_POINT('',(-0.855796326795,5.044995745));
#2692 = ( GEOMETRIC_REPRESENTATION_CONTEXT(2) 
PARAMETRIC_REPRESENTATION_CONTEXT() REPRESENTATION_CONTEXT('2D SPACE',''
  ) );
#2693 = ORIENTED_EDGE('',*,*,#1423,.T.);
#2694 = ORIENTED_EDGE('',*,*,#2500,.T.);
#2695 = ORIENTED_EDGE('',*,*,#2048,.T.);
#2696 = ORIENTED_EDGE('',*,*,#2641,.T.);
#2697 = ADVANCED_FACE('',(#2698),#1101,.F.);
#2698 = FACE_BOUND('',#2699,.F.);
#2699 = EDGE_LOOP('',(#2700,#2701,#2720,#2721,#2754,#2755,#2788,#2789));
#2700 = ORIENTED_EDGE('',*,*,#1080,.F.);
#2701 = ORIENTED_EDGE('',*,*,#2702,.F.);
#2702 = EDGE_CURVE('',#1943,#1081,#2703,.T.);
#2703 = SEAM_CURVE('',#2704,(#2708,#2714),.PCURVE_S1.);
#2704 = LINE('',#2705,#2706);
#2705 = CARTESIAN_POINT('',(1.309224480126,-0.745,0.719743885448));
#2706 = VECTOR('',#2707,1.);
#2707 = DIRECTION('',(0.416870802429,1.232595164408E-32,0.908965749675)
  );
#2708 = PCURVE('',#1101,#2709);
#2709 = DEFINITIONAL_REPRESENTATION('',(#2710),#2713);
#2710 = B_SPLINE_CURVE_WITH_KNOTS('',1,(#2711,#2712),.UNSPECIFIED.,.F.,
  .F.,(2,2),(1.032015625322,5.37),.PIECEWISE_BEZIER_KNOTS.);
#2711 = CARTESIAN_POINT('',(6.28318530718,1.032015625322));
#2712 = CARTESIAN_POINT('',(6.28318530718,5.37));
#2713 = ( GEOMETRIC_REPRESENTATION_CONTEXT(2) 
PARAMETRIC_REPRESENTATION_CONTEXT() REPRESENTATION_CONTEXT('2D SPACE',''
  ) );
#2714 = PCURVE('',#1101,#2715);
#2715 = DEFINITIONAL_REPRESENTATION('',(#2716),#2719);
#2716 = B_SPLINE_CURVE_WITH_KNOTS('',1,(#2717,#2718),.UNSPECIFIED.,.F.,
  .F.,(2,2),(1.032015625322,5.37),.PIECEWISE_BEZIER_KNOTS.);
#2717 = CARTESIAN_POINT('',(0.,1.032015625322));
#2718 = CARTESIAN_POINT('',(0.,5.37));
#2719 = ( GEOMETRIC_REPRESENTATION_CONTEXT(2) 
PARAMETRIC_REPRESENTATION_CONTEXT() REPRESENTATION_CONTEXT('2D SPACE',''
  ) );
#2720 = ORIENTED_EDGE('',*,*,#1942,.T.);
#2721 = ORIENTED_EDGE('',*,*,#2722,.F.);
#2722 = EDGE_CURVE('',#1483,#1921,#2723,.T.);
#2723 = SURFACE_CURVE('',#2724,(#2732,#2743),.PCURVE_S1.);
#2724 = B_SPLINE_CURVE_WITH_KNOTS('',6,(#2725,#2726,#2727,#2728,#2729,
    #2730,#2731),.UNSPECIFIED.,.F.,.F.,(7,7),(0.,1.),
  .PIECEWISE_BEZIER_KNOTS.);
#2725 = CARTESIAN_POINT('',(1.,0.142035190024,2.35456806083));
#2726 = CARTESIAN_POINT('',(1.,0.14262189393,2.337368715967));
#2727 = CARTESIAN_POINT('',(1.002958783316,0.143356324155,2.320234889094
    ));
#2728 = CARTESIAN_POINT('',(1.008829722975,0.144117690475,2.303773565895
    ));
#2729 = CARTESIAN_POINT('',(1.017438628743,0.144734447816,2.288538943853
    ));
#2730 = CARTESIAN_POINT('',(1.028464841876,0.145046288571,2.2751236256)
  );
#2731 = CARTESIAN_POINT('',(1.041325909996,0.144995745,2.263956871884));
#2732 = PCURVE('',#1101,#2733);
#2733 = DEFINITIONAL_REPRESENTATION('',(#2734),#2742);
#2734 = B_SPLINE_CURVE_WITH_KNOTS('',6,(#2735,#2736,#2737,#2738,#2739,
    #2740,#2741),.UNSPECIFIED.,.F.,.F.,(7,7),(0.,1.),
  .PIECEWISE_BEZIER_KNOTS.);
#2735 = CARTESIAN_POINT('',(1.652443106811,1.357092525002));
#2736 = CARTESIAN_POINT('',(1.644360107653,1.341458909605));
#2737 = CARTESIAN_POINT('',(1.633282435457,1.327118278192));
#2738 = CARTESIAN_POINT('',(1.619550703167,1.314602922536));
#2739 = CARTESIAN_POINT('',(1.603613399726,1.304343974346));
#2740 = CARTESIAN_POINT('',(1.586069775311,1.29674641585));
#2741 = CARTESIAN_POINT('',(1.56770410997,1.291957622975));
#2742 = ( GEOMETRIC_REPRESENTATION_CONTEXT(2) 
PARAMETRIC_REPRESENTATION_CONTEXT() REPRESENTATION_CONTEXT('2D SPACE',''
  ) );
#2743 = PCURVE('',#1528,#2744);
#2744 = DEFINITIONAL_REPRESENTATION('',(#2745),#2753);
#2745 = B_SPLINE_CURVE_WITH_KNOTS('',6,(#2746,#2747,#2748,#2749,#2750,
    #2751,#2752),.UNSPECIFIED.,.F.,.F.,(7,7),(0.,1.),
  .PIECEWISE_BEZIER_KNOTS.);
#2746 = CARTESIAN_POINT('',(0.,9.142035190024));
#2747 = CARTESIAN_POINT('',(-0.143327873853,9.14262189393));
#2748 = CARTESIAN_POINT('',(-0.286105417592,9.143356324155));
#2749 = CARTESIAN_POINT('',(-0.428605395015,9.144117690475));
#2750 = CARTESIAN_POINT('',(-0.571190043156,9.144734447816));
#2751 = CARTESIAN_POINT('',(-0.713859461496,9.145046288571));
#2752 = CARTESIAN_POINT('',(-0.855796326795,9.144995745));
#2753 = ( GEOMETRIC_REPRESENTATION_CONTEXT(2) 
PARAMETRIC_REPRESENTATION_CONTEXT() REPRESENTATION_CONTEXT('2D SPACE',''
  ) );
#2754 = ORIENTED_EDGE('',*,*,#1482,.T.);
#2755 = ORIENTED_EDGE('',*,*,#2756,.T.);
#2756 = EDGE_CURVE('',#1456,#1971,#2757,.T.);
#2757 = SURFACE_CURVE('',#2758,(#2766,#2777),.PCURVE_S1.);
#2758 = B_SPLINE_CURVE_WITH_KNOTS('',6,(#2759,#2760,#2761,#2762,#2763,
    #2764,#2765),.UNSPECIFIED.,.F.,.F.,(7,7),(0.,1.),
  .PIECEWISE_BEZIER_KNOTS.);
#2759 = CARTESIAN_POINT('',(1.,-1.632035190024,2.35456806083));
#2760 = CARTESIAN_POINT('',(1.,-1.63262189393,2.337368715967));
#2761 = CARTESIAN_POINT('',(1.002958783316,-1.633356324155,
    2.320234889094));
#2762 = CARTESIAN_POINT('',(1.008829722975,-1.634117690475,
    2.303773565895));
#2763 = CARTESIAN_POINT('',(1.017438628743,-1.634734447816,
    2.288538943853));
#2764 = CARTESIAN_POINT('',(1.028464841876,-1.635046288571,2.2751236256)
  );
#2765 = CARTESIAN_POINT('',(1.041325909996,-1.634995745,2.263956871884)
  );
#2766 = PCURVE('',#1101,#2767);
#2767 = DEFINITIONAL_REPRESENTATION('',(#2768),#2776);
#2768 = B_SPLINE_CURVE_WITH_KNOTS('',6,(#2769,#2770,#2771,#2772,#2773,
    #2774,#2775),.UNSPECIFIED.,.F.,.F.,(7,7),(0.,1.),
  .PIECEWISE_BEZIER_KNOTS.);
#2769 = CARTESIAN_POINT('',(4.630742200369,1.357092525002));
#2770 = CARTESIAN_POINT('',(4.638825199527,1.341458909605));
#2771 = CARTESIAN_POINT('',(4.649902871723,1.327118278192));
#2772 = CARTESIAN_POINT('',(4.663634604012,1.314602922536));
#2773 = CARTESIAN_POINT('',(4.679571907453,1.304343974346));
#2774 = CARTESIAN_POINT('',(4.697115531869,1.29674641585));
#2775 = CARTESIAN_POINT('',(4.715481197209,1.291957622975));
#2776 = ( GEOMETRIC_REPRESENTATION_CONTEXT(2) 
PARAMETRIC_REPRESENTATION_CONTEXT() REPRESENTATION_CONTEXT('2D SPACE',''
  ) );
#2777 = PCURVE('',#1471,#2778);
#2778 = DEFINITIONAL_REPRESENTATION('',(#2779),#2787);
#2779 = B_SPLINE_CURVE_WITH_KNOTS('',6,(#2780,#2781,#2782,#2783,#2784,
    #2785,#2786),.UNSPECIFIED.,.F.,.F.,(7,7),(0.,1.),
  .PIECEWISE_BEZIER_KNOTS.);
#2780 = CARTESIAN_POINT('',(0.,7.367964809976));
#2781 = CARTESIAN_POINT('',(-0.143327873853,7.36737810607));
#2782 = CARTESIAN_POINT('',(-0.286105417592,7.366643675845));
#2783 = CARTESIAN_POINT('',(-0.428605395015,7.365882309525));
#2784 = CARTESIAN_POINT('',(-0.571190043156,7.365265552184));
#2785 = CARTESIAN_POINT('',(-0.713859461496,7.364953711429));
#2786 = CARTESIAN_POINT('',(-0.855796326795,7.365004255));
#2787 = ( GEOMETRIC_REPRESENTATION_CONTEXT(2) 
PARAMETRIC_REPRESENTATION_CONTEXT() REPRESENTATION_CONTEXT('2D SPACE',''
  ) );
#2788 = ORIENTED_EDGE('',*,*,#1970,.T.);
#2789 = ORIENTED_EDGE('',*,*,#2702,.T.);
#2790 = ADVANCED_FACE('',(#2791),#1135,.F.);
#2791 = FACE_BOUND('',#2792,.F.);
#2792 = EDGE_LOOP('',(#2793,#2794,#2813,#2814,#2847,#2848,#2881,#2882));
#2793 = ORIENTED_EDGE('',*,*,#1114,.F.);
#2794 = ORIENTED_EDGE('',*,*,#2795,.F.);
#2795 = EDGE_CURVE('',#1865,#1115,#2796,.T.);
#2796 = SEAM_CURVE('',#2797,(#2801,#2807),.PCURVE_S1.);
#2797 = LINE('',#2798,#2799);
#2798 = CARTESIAN_POINT('',(1.309224480126,3.355,0.719743885448));
#2799 = VECTOR('',#2800,1.);
#2800 = DIRECTION('',(0.416870802429,1.232595164408E-32,0.908965749675)
  );
#2801 = PCURVE('',#1135,#2802);
#2802 = DEFINITIONAL_REPRESENTATION('',(#2803),#2806);
#2803 = B_SPLINE_CURVE_WITH_KNOTS('',1,(#2804,#2805),.UNSPECIFIED.,.F.,
  .F.,(2,2),(1.032015625322,5.37),.PIECEWISE_BEZIER_KNOTS.);
#2804 = CARTESIAN_POINT('',(6.28318530718,1.032015625322));
#2805 = CARTESIAN_POINT('',(6.28318530718,5.37));
#2806 = ( GEOMETRIC_REPRESENTATION_CONTEXT(2) 
PARAMETRIC_REPRESENTATION_CONTEXT() REPRESENTATION_CONTEXT('2D SPACE',''
  ) );
#2807 = PCURVE('',#1135,#2808);
#2808 = DEFINITIONAL_REPRESENTATION('',(#2809),#2812);
#2809 = B_SPLINE_CURVE_WITH_KNOTS('',1,(#2810,#2811),.UNSPECIFIED.,.F.,
  .F.,(2,2),(1.032015625322,5.37),.PIECEWISE_BEZIER_KNOTS.);
#2810 = CARTESIAN_POINT('',(0.,1.032015625322));
#2811 = CARTESIAN_POINT('',(0.,5.37));
#2812 = ( GEOMETRIC_REPRESENTATION_CONTEXT(2) 
PARAMETRIC_REPRESENTATION_CONTEXT() REPRESENTATION_CONTEXT('2D SPACE',''
  ) );
#2813 = ORIENTED_EDGE('',*,*,#1864,.T.);
#2814 = ORIENTED_EDGE('',*,*,#2815,.F.);
#2815 = EDGE_CURVE('',#1540,#1843,#2816,.T.);
#2816 = SURFACE_CURVE('',#2817,(#2825,#2836),.PCURVE_S1.);
#2817 = B_SPLINE_CURVE_WITH_KNOTS('',6,(#2818,#2819,#2820,#2821,#2822,
    #2823,#2824),.UNSPECIFIED.,.F.,.F.,(7,7),(0.,1.),
  .PIECEWISE_BEZIER_KNOTS.);
#2818 = CARTESIAN_POINT('',(1.,4.242035190024,2.35456806083));
#2819 = CARTESIAN_POINT('',(1.,4.24262189393,2.337368715968));
#2820 = CARTESIAN_POINT('',(1.002958783316,4.243356324155,2.320234889094
    ));
#2821 = CARTESIAN_POINT('',(1.008829722975,4.244117690475,2.303773565895
    ));
#2822 = CARTESIAN_POINT('',(1.017438628743,4.244734447816,2.288538943853
    ));
#2823 = CARTESIAN_POINT('',(1.028464841876,4.245046288571,2.2751236256)
  );
#2824 = CARTESIAN_POINT('',(1.041325909996,4.244995745,2.263956871884));
#2825 = PCURVE('',#1135,#2826);
#2826 = DEFINITIONAL_REPRESENTATION('',(#2827),#2835);
#2827 = B_SPLINE_CURVE_WITH_KNOTS('',6,(#2828,#2829,#2830,#2831,#2832,
    #2833,#2834),.UNSPECIFIED.,.F.,.F.,(7,7),(0.,1.),
  .PIECEWISE_BEZIER_KNOTS.);
#2828 = CARTESIAN_POINT('',(1.652443106811,1.357092525002));
#2829 = CARTESIAN_POINT('',(1.644360107653,1.341458909605));
#2830 = CARTESIAN_POINT('',(1.633282435457,1.327118278192));
#2831 = CARTESIAN_POINT('',(1.619550703167,1.314602922536));
#2832 = CARTESIAN_POINT('',(1.603613399726,1.304343974346));
#2833 = CARTESIAN_POINT('',(1.586069775311,1.29674641585));
#2834 = CARTESIAN_POINT('',(1.56770410997,1.291957622975));
#2835 = ( GEOMETRIC_REPRESENTATION_CONTEXT(2) 
PARAMETRIC_REPRESENTATION_CONTEXT() REPRESENTATION_CONTEXT('2D SPACE',''
  ) );
#2836 = PCURVE('',#1585,#2837);
#2837 = DEFINITIONAL_REPRESENTATION('',(#2838),#2846);
#2838 = B_SPLINE_CURVE_WITH_KNOTS('',6,(#2839,#2840,#2841,#2842,#2843,
    #2844,#2845),.UNSPECIFIED.,.F.,.F.,(7,7),(0.,1.),
  .PIECEWISE_BEZIER_KNOTS.);
#2839 = CARTESIAN_POINT('',(0.,13.242035190024));
#2840 = CARTESIAN_POINT('',(-0.143327873853,13.24262189393));
#2841 = CARTESIAN_POINT('',(-0.286105417592,13.243356324155));
#2842 = CARTESIAN_POINT('',(-0.428605395015,13.244117690475));
#2843 = CARTESIAN_POINT('',(-0.571190043156,13.244734447816));
#2844 = CARTESIAN_POINT('',(-0.713859461496,13.245046288571));
#2845 = CARTESIAN_POINT('',(-0.855796326795,13.244995745));
#2846 = ( GEOMETRIC_REPRESENTATION_CONTEXT(2) 
PARAMETRIC_REPRESENTATION_CONTEXT() REPRESENTATION_CONTEXT('2D SPACE',''
  ) );
#2847 = ORIENTED_EDGE('',*,*,#1539,.T.);
#2848 = ORIENTED_EDGE('',*,*,#2849,.T.);
#2849 = EDGE_CURVE('',#1513,#1893,#2850,.T.);
#2850 = SURFACE_CURVE('',#2851,(#2859,#2870),.PCURVE_S1.);
#2851 = B_SPLINE_CURVE_WITH_KNOTS('',6,(#2852,#2853,#2854,#2855,#2856,
    #2857,#2858),.UNSPECIFIED.,.F.,.F.,(7,7),(0.,1.),
  .PIECEWISE_BEZIER_KNOTS.);
#2852 = CARTESIAN_POINT('',(1.,2.467964809976,2.35456806083));
#2853 = CARTESIAN_POINT('',(1.,2.46737810607,2.337368715967));
#2854 = CARTESIAN_POINT('',(1.002958783316,2.466643675845,2.320234889094
    ));
#2855 = CARTESIAN_POINT('',(1.008829722975,2.465882309525,2.303773565895
    ));
#2856 = CARTESIAN_POINT('',(1.017438628743,2.465265552184,2.288538943853
    ));
#2857 = CARTESIAN_POINT('',(1.028464841876,2.464953711429,2.2751236256)
  );
#2858 = CARTESIAN_POINT('',(1.041325909996,2.465004255,2.263956871884));
#2859 = PCURVE('',#1135,#2860);
#2860 = DEFINITIONAL_REPRESENTATION('',(#2861),#2869);
#2861 = B_SPLINE_CURVE_WITH_KNOTS('',6,(#2862,#2863,#2864,#2865,#2866,
    #2867,#2868),.UNSPECIFIED.,.F.,.F.,(7,7),(0.,1.),
  .PIECEWISE_BEZIER_KNOTS.);
#2862 = CARTESIAN_POINT('',(4.630742200369,1.357092525002));
#2863 = CARTESIAN_POINT('',(4.638825199527,1.341458909605));
#2864 = CARTESIAN_POINT('',(4.649902871723,1.327118278192));
#2865 = CARTESIAN_POINT('',(4.663634604012,1.314602922536));
#2866 = CARTESIAN_POINT('',(4.679571907453,1.304343974346));
#2867 = CARTESIAN_POINT('',(4.697115531869,1.29674641585));
#2868 = CARTESIAN_POINT('',(4.715481197209,1.291957622975));
#2869 = ( GEOMETRIC_REPRESENTATION_CONTEXT(2) 
PARAMETRIC_REPRESENTATION_CONTEXT() REPRESENTATION_CONTEXT('2D SPACE',''
  ) );
#2870 = PCURVE('',#1528,#2871);
#2871 = DEFINITIONAL_REPRESENTATION('',(#2872),#2880);
#2872 = B_SPLINE_CURVE_WITH_KNOTS('',6,(#2873,#2874,#2875,#2876,#2877,
    #2878,#2879),.UNSPECIFIED.,.F.,.F.,(7,7),(0.,1.),
  .PIECEWISE_BEZIER_KNOTS.);
#2873 = CARTESIAN_POINT('',(0.,11.467964809976));
#2874 = CARTESIAN_POINT('',(-0.143327873853,11.46737810607));
#2875 = CARTESIAN_POINT('',(-0.286105417592,11.466643675845));
#2876 = CARTESIAN_POINT('',(-0.428605395014,11.465882309525));
#2877 = CARTESIAN_POINT('',(-0.571190043156,11.465265552184));
#2878 = CARTESIAN_POINT('',(-0.713859461497,11.464953711429));
#2879 = CARTESIAN_POINT('',(-0.855796326795,11.465004255));
#2880 = ( GEOMETRIC_REPRESENTATION_CONTEXT(2) 
PARAMETRIC_REPRESENTATION_CONTEXT() REPRESENTATION_CONTEXT('2D SPACE',''
  ) );
#2881 = ORIENTED_EDGE('',*,*,#1892,.T.);
#2882 = ORIENTED_EDGE('',*,*,#2795,.T.);
#2883 = ADVANCED_FACE('',(#2884,#2944),#1169,.F.);
#2884 = FACE_BOUND('',#2885,.F.);
#2885 = EDGE_LOOP('',(#2886,#2905,#2906,#2907,#2908,#2909,#2910,#2943));
#2886 = ORIENTED_EDGE('',*,*,#2887,.T.);
#2887 = EDGE_CURVE('',#1787,#1149,#2888,.T.);
#2888 = SEAM_CURVE('',#2889,(#2893,#2899),.PCURVE_S1.);
#2889 = LINE('',#2890,#2891);
#2890 = CARTESIAN_POINT('',(1.309224480126,7.455,0.719743885448));
#2891 = VECTOR('',#2892,1.);
#2892 = DIRECTION('',(0.416870802429,1.232595164408E-32,0.908965749675)
  );
#2893 = PCURVE('',#1169,#2894);
#2894 = DEFINITIONAL_REPRESENTATION('',(#2895),#2898);
#2895 = B_SPLINE_CURVE_WITH_KNOTS('',1,(#2896,#2897),.UNSPECIFIED.,.F.,
  .F.,(2,2),(1.032015625322,5.37),.PIECEWISE_BEZIER_KNOTS.);
#2896 = CARTESIAN_POINT('',(6.28318530718,1.032015625322));
#2897 = CARTESIAN_POINT('',(6.28318530718,5.37));
#2898 = ( GEOMETRIC_REPRESENTATION_CONTEXT(2) 
PARAMETRIC_REPRESENTATION_CONTEXT() REPRESENTATION_CONTEXT('2D SPACE',''
  ) );
#2899 = PCURVE('',#1169,#2900);
#2900 = DEFINITIONAL_REPRESENTATION('',(#2901),#2904);
#2901 = B_SPLINE_CURVE_WITH_KNOTS('',1,(#2902,#2903),.UNSPECIFIED.,.F.,
  .F.,(2,2),(1.032015625322,5.37),.PIECEWISE_BEZIER_KNOTS.);
#2902 = CARTESIAN_POINT('',(0.,1.032015625322));
#2903 = CARTESIAN_POINT('',(0.,5.37));
#2904 = ( GEOMETRIC_REPRESENTATION_CONTEXT(2) 
PARAMETRIC_REPRESENTATION_CONTEXT() REPRESENTATION_CONTEXT('2D SPACE',''
  ) );
#2905 = ORIENTED_EDGE('',*,*,#1148,.F.);
#2906 = ORIENTED_EDGE('',*,*,#2887,.F.);
#2907 = ORIENTED_EDGE('',*,*,#1786,.T.);
#2908 = ORIENTED_EDGE('',*,*,#1699,.F.);
#2909 = ORIENTED_EDGE('',*,*,#1596,.T.);
#2910 = ORIENTED_EDGE('',*,*,#2911,.T.);
#2911 = EDGE_CURVE('',#1570,#1815,#2912,.T.);
#2912 = SURFACE_CURVE('',#2913,(#2921,#2932),.PCURVE_S1.);
#2913 = B_SPLINE_CURVE_WITH_KNOTS('',6,(#2914,#2915,#2916,#2917,#2918,
    #2919,#2920),.UNSPECIFIED.,.F.,.F.,(7,7),(0.,1.),
  .PIECEWISE_BEZIER_KNOTS.);
#2914 = CARTESIAN_POINT('',(1.,6.567964809976,2.35456806083));
#2915 = CARTESIAN_POINT('',(1.,6.56737810607,2.337368715967));
#2916 = CARTESIAN_POINT('',(1.002958783316,6.566643675845,2.320234889094
    ));
#2917 = CARTESIAN_POINT('',(1.008829722975,6.565882309525,2.303773565895
    ));
#2918 = CARTESIAN_POINT('',(1.017438628743,6.565265552184,2.288538943853
    ));
#2919 = CARTESIAN_POINT('',(1.028464841877,6.564953711429,2.2751236256)
  );
#2920 = CARTESIAN_POINT('',(1.041325909996,6.565004255,2.263956871884));
#2921 = PCURVE('',#1169,#2922);
#2922 = DEFINITIONAL_REPRESENTATION('',(#2923),#2931);
#2923 = B_SPLINE_CURVE_WITH_KNOTS('',6,(#2924,#2925,#2926,#2927,#2928,
    #2929,#2930),.UNSPECIFIED.,.F.,.F.,(7,7),(0.,1.),
  .PIECEWISE_BEZIER_KNOTS.);
#2924 = CARTESIAN_POINT('',(4.630742200369,1.357092525002));
#2925 = CARTESIAN_POINT('',(4.638825199527,1.341458909605));
#2926 = CARTESIAN_POINT('',(4.649902871723,1.327118278192));
#2927 = CARTESIAN_POINT('',(4.663634604012,1.314602922536));
#2928 = CARTESIAN_POINT('',(4.679571907453,1.304343974346));
#2929 = CARTESIAN_POINT('',(4.697115531869,1.29674641585));
#2930 = CARTESIAN_POINT('',(4.715481197209,1.291957622975));
#2931 = ( GEOMETRIC_REPRESENTATION_CONTEXT(2) 
PARAMETRIC_REPRESENTATION_CONTEXT() REPRESENTATION_CONTEXT('2D SPACE',''
  ) );
#2932 = PCURVE('',#1585,#2933);
#2933 = DEFINITIONAL_REPRESENTATION('',(#2934),#2942);
#2934 = B_SPLINE_CURVE_WITH_KNOTS('',6,(#2935,#2936,#2937,#2938,#2939,
    #2940,#2941),.UNSPECIFIED.,.F.,.F.,(7,7),(0.,1.),
  .PIECEWISE_BEZIER_KNOTS.);
#2935 = CARTESIAN_POINT('',(0.,15.567964809976));
#2936 = CARTESIAN_POINT('',(-0.143327873854,15.56737810607));
#2937 = CARTESIAN_POINT('',(-0.286105417592,15.566643675845));
#2938 = CARTESIAN_POINT('',(-0.428605395014,15.565882309525));
#2939 = CARTESIAN_POINT('',(-0.571190043156,15.565265552184));
#2940 = CARTESIAN_POINT('',(-0.713859461497,15.564953711429));
#2941 = CARTESIAN_POINT('',(-0.855796326795,15.565004255));
#2942 = ( GEOMETRIC_REPRESENTATION_CONTEXT(2) 
PARAMETRIC_REPRESENTATION_CONTEXT() REPRESENTATION_CONTEXT('2D SPACE',''
  ) );
#2943 = ORIENTED_EDGE('',*,*,#1814,.T.);
#2944 = FACE_BOUND('',#2945,.F.);
#2945 = EDGE_LOOP('',(#2946));
#2946 = ORIENTED_EDGE('',*,*,#2275,.T.);
#2947 = ADVANCED_FACE('',(#2948),#1307,.F.);
#2948 = FACE_BOUND('',#2949,.F.);
#2949 = EDGE_LOOP('',(#2950,#2951,#2970,#2971));
#2950 = ORIENTED_EDGE('',*,*,#1286,.F.);
#2951 = ORIENTED_EDGE('',*,*,#2952,.F.);
#2952 = EDGE_CURVE('',#2120,#1287,#2953,.T.);
#2953 = SEAM_CURVE('',#2954,(#2958,#2964),.PCURVE_S1.);
#2954 = LINE('',#2955,#2956);
#2955 = CARTESIAN_POINT('',(0.528896129547,-6.895,1.397271943521));
#2956 = VECTOR('',#2957,1.);
#2957 = DIRECTION('',(0.841470984808,0.,0.540302305868));
#2958 = PCURVE('',#1307,#2959);
#2959 = DEFINITIONAL_REPRESENTATION('',(#2960),#2963);
#2960 = B_SPLINE_CURVE_WITH_KNOTS('',1,(#2961,#2962),.UNSPECIFIED.,.F.,
  .F.,(2,2),(1.032015625322,5.37),.PIECEWISE_BEZIER_KNOTS.);
#2961 = CARTESIAN_POINT('',(6.28318530718,1.032015625322));
#2962 = CARTESIAN_POINT('',(6.28318530718,5.37));
#2963 = ( GEOMETRIC_REPRESENTATION_CONTEXT(2) 
PARAMETRIC_REPRESENTATION_CONTEXT() REPRESENTATION_CONTEXT('2D SPACE',''
  ) );
#2964 = PCURVE('',#1307,#2965);
#2965 = DEFINITIONAL_REPRESENTATION('',(#2966),#2969);
#2966 = B_SPLINE_CURVE_WITH_KNOTS('',1,(#2967,#2968),.UNSPECIFIED.,.F.,
  .F.,(2,2),(1.032015625322,5.37),.PIECEWISE_BEZIER_KNOTS.);
#2967 = CARTESIAN_POINT('',(0.,1.032015625322));
#2968 = CARTESIAN_POINT('',(0.,5.37));
#2969 = ( GEOMETRIC_REPRESENTATION_CONTEXT(2) 
PARAMETRIC_REPRESENTATION_CONTEXT() REPRESENTATION_CONTEXT('2D SPACE',''
  ) );
#2970 = ORIENTED_EDGE('',*,*,#2119,.T.);
#2971 = ORIENTED_EDGE('',*,*,#2952,.T.);
#2972 = ADVANCED_FACE('',(#2973),#1341,.F.);
#2973 = FACE_BOUND('',#2974,.F.);
#2974 = EDGE_LOOP('',(#2975,#2976,#2995,#2996));
#2975 = ORIENTED_EDGE('',*,*,#1320,.F.);
#2976 = ORIENTED_EDGE('',*,*,#2977,.F.);
#2977 = EDGE_CURVE('',#2157,#1321,#2978,.T.);
#2978 = SEAM_CURVE('',#2979,(#2983,#2989),.PCURVE_S1.);
#2979 = LINE('',#2980,#2981);
#2980 = CARTESIAN_POINT('',(0.528896129547,-2.795,1.397271943521));
#2981 = VECTOR('',#2982,1.);
#2982 = DIRECTION('',(0.841470984808,0.,0.540302305868));
#2983 = PCURVE('',#1341,#2984);
#2984 = DEFINITIONAL_REPRESENTATION('',(#2985),#2988);
#2985 = B_SPLINE_CURVE_WITH_KNOTS('',1,(#2986,#2987),.UNSPECIFIED.,.F.,
  .F.,(2,2),(1.032015625322,5.37),.PIECEWISE_BEZIER_KNOTS.);
#2986 = CARTESIAN_POINT('',(6.28318530718,1.032015625322));
#2987 = CARTESIAN_POINT('',(6.28318530718,5.37));
#2988 = ( GEOMETRIC_REPRESENTATION_CONTEXT(2) 
PARAMETRIC_REPRESENTATION_CONTEXT() REPRESENTATION_CONTEXT('2D SPACE',''
  ) );
#2989 = PCURVE('',#1341,#2990);
#2990 = DEFINITIONAL_REPRESENTATION('',(#2991),#2994);
#2991 = B_SPLINE_CURVE_WITH_KNOTS('',1,(#2992,#2993),.UNSPECIFIED.,.F.,
  .F.,(2,2),(1.032015625322,5.37),.PIECEWISE_BEZIER_KNOTS.);
#2992 = CARTESIAN_POINT('',(0.,1.032015625322));
#2993 = CARTESIAN_POINT('',(0.,5.37));
#2994 = ( GEOMETRIC_REPRESENTATION_CONTEXT(2) 
PARAMETRIC_REPRESENTATION_CONTEXT() REPRESENTATION_CONTEXT('2D SPACE',''
  ) );
#2995 = ORIENTED_EDGE('',*,*,#2156,.T.);
#2996 = ORIENTED_EDGE('',*,*,#2977,.T.);
#2997 = ADVANCED_FACE('',(#2998),#1375,.F.);
#2998 = FACE_BOUND('',#2999,.F.);
#2999 = EDGE_LOOP('',(#3000,#3001,#3020,#3021));
#3000 = ORIENTED_EDGE('',*,*,#1354,.F.);
#3001 = ORIENTED_EDGE('',*,*,#3002,.F.);
#3002 = EDGE_CURVE('',#2194,#1355,#3003,.T.);
#3003 = SEAM_CURVE('',#3004,(#3008,#3014),.PCURVE_S1.);
#3004 = LINE('',#3005,#3006);
#3005 = CARTESIAN_POINT('',(0.528896129547,1.305,1.397271943521));
#3006 = VECTOR('',#3007,1.);
#3007 = DIRECTION('',(0.841470984808,0.,0.540302305868));
#3008 = PCURVE('',#1375,#3009);
#3009 = DEFINITIONAL_REPRESENTATION('',(#3010),#3013);
#3010 = B_SPLINE_CURVE_WITH_KNOTS('',1,(#3011,#3012),.UNSPECIFIED.,.F.,
  .F.,(2,2),(1.032015625322,5.37),.PIECEWISE_BEZIER_KNOTS.);
#3011 = CARTESIAN_POINT('',(6.28318530718,1.032015625322));
#3012 = CARTESIAN_POINT('',(6.28318530718,5.37));
#3013 = ( GEOMETRIC_REPRESENTATION_CONTEXT(2) 
PARAMETRIC_REPRESENTATION_CONTEXT() REPRESENTATION_CONTEXT('2D SPACE',''
  ) );
#3014 = PCURVE('',#1375,#3015);
#3015 = DEFINITIONAL_REPRESENTATION('',(#3016),#3019);
#3016 = B_SPLINE_CURVE_WITH_KNOTS('',1,(#3017,#3018),.UNSPECIFIED.,.F.,
  .F.,(2,2),(1.032015625322,5.37),.PIECEWISE_BEZIER_KNOTS.);
#3017 = CARTESIAN_POINT('',(0.,1.032015625322));
#3018 = CARTESIAN_POINT('',(0.,5.37));
#3019 = ( GEOMETRIC_REPRESENTATION_CONTEXT(2) 
PARAMETRIC_REPRESENTATION_CONTEXT() REPRESENTATION_CONTEXT('2D SPACE',''
  ) );
#3020 = ORIENTED_EDGE('',*,*,#2193,.T.);
#3021 = ORIENTED_EDGE('',*,*,#3002,.T.);
#3022 = ADVANCED_FACE('',(#3023),#1409,.F.);
#3023 = FACE_BOUND('',#3024,.F.);
#3024 = EDGE_LOOP('',(#3025,#3026,#3045,#3046));
#3025 = ORIENTED_EDGE('',*,*,#1388,.F.);
#3026 = ORIENTED_EDGE('',*,*,#3027,.F.);
#3027 = EDGE_CURVE('',#2231,#1389,#3028,.T.);
#3028 = SEAM_CURVE('',#3029,(#3033,#3039),.PCURVE_S1.);
#3029 = LINE('',#3030,#3031);
#3030 = CARTESIAN_POINT('',(0.528896129547,5.405,1.397271943521));
#3031 = VECTOR('',#3032,1.);
#3032 = DIRECTION('',(0.841470984808,0.,0.540302305868));
#3033 = PCURVE('',#1409,#3034);
#3034 = DEFINITIONAL_REPRESENTATION('',(#3035),#3038);
#3035 = B_SPLINE_CURVE_WITH_KNOTS('',1,(#3036,#3037),.UNSPECIFIED.,.F.,
  .F.,(2,2),(1.032015625322,5.37),.PIECEWISE_BEZIER_KNOTS.);
#3036 = CARTESIAN_POINT('',(6.28318530718,1.032015625322));
#3037 = CARTESIAN_POINT('',(6.28318530718,5.37));
#3038 = ( GEOMETRIC_REPRESENTATION_CONTEXT(2) 
PARAMETRIC_REPRESENTATION_CONTEXT() REPRESENTATION_CONTEXT('2D SPACE',''
  ) );
#3039 = PCURVE('',#1409,#3040);
#3040 = DEFINITIONAL_REPRESENTATION('',(#3041),#3044);
#3041 = B_SPLINE_CURVE_WITH_KNOTS('',1,(#3042,#3043),.UNSPECIFIED.,.F.,
  .F.,(2,2),(1.032015625322,5.37),.PIECEWISE_BEZIER_KNOTS.);
#3042 = CARTESIAN_POINT('',(0.,1.032015625322));
#3043 = CARTESIAN_POINT('',(0.,5.37));
#3044 = ( GEOMETRIC_REPRESENTATION_CONTEXT(2) 
PARAMETRIC_REPRESENTATION_CONTEXT() REPRESENTATION_CONTEXT('2D SPACE',''
  ) );
#3045 = ORIENTED_EDGE('',*,*,#2230,.T.);
#3046 = ORIENTED_EDGE('',*,*,#3027,.T.);
#3047 = ADVANCED_FACE('',(#3048),#1585,.T.);
#3048 = FACE_BOUND('',#3049,.F.);
#3049 = EDGE_LOOP('',(#3050,#3051,#3052,#3053));
#3050 = ORIENTED_EDGE('',*,*,#1569,.F.);
#3051 = ORIENTED_EDGE('',*,*,#2815,.T.);
#3052 = ORIENTED_EDGE('',*,*,#1842,.T.);
#3053 = ORIENTED_EDGE('',*,*,#2911,.F.);
#3054 = ADVANCED_FACE('',(#3055),#1528,.T.);
#3055 = FACE_BOUND('',#3056,.F.);
#3056 = EDGE_LOOP('',(#3057,#3058,#3059,#3060));
#3057 = ORIENTED_EDGE('',*,*,#1512,.F.);
#3058 = ORIENTED_EDGE('',*,*,#2722,.T.);
#3059 = ORIENTED_EDGE('',*,*,#1920,.T.);
#3060 = ORIENTED_EDGE('',*,*,#2849,.F.);
#3061 = ADVANCED_FACE('',(#3062),#1471,.T.);
#3062 = FACE_BOUND('',#3063,.F.);
#3063 = EDGE_LOOP('',(#3064,#3065,#3066,#3067));
#3064 = ORIENTED_EDGE('',*,*,#1455,.F.);
#3065 = ORIENTED_EDGE('',*,*,#2661,.T.);
#3066 = ORIENTED_EDGE('',*,*,#1998,.T.);
#3067 = ORIENTED_EDGE('',*,*,#2756,.F.);
#3068 = ADVANCED_FACE('',(#3069),#2480,.F.);
#3069 = FACE_BOUND('',#3070,.F.);
#3070 = EDGE_LOOP('',(#3071));
#3071 = ORIENTED_EDGE('',*,*,#2466,.T.);
#3072 = ADVANCED_FACE('',(#3073),#2571,.F.);
#3073 = FACE_BOUND('',#3074,.F.);
#3074 = EDGE_LOOP('',(#3075));
#3075 = ORIENTED_EDGE('',*,*,#2557,.T.);
#3076 = ADVANCED_FACE('',(#3077),#2623,.F.);
#3077 = FACE_BOUND('',#3078,.F.);
#3078 = EDGE_LOOP('',(#3079));
#3079 = ORIENTED_EDGE('',*,*,#2609,.T.);
#3080 = ( GEOMETRIC_REPRESENTATION_CONTEXT(3) 
GLOBAL_UNCERTAINTY_ASSIGNED_CONTEXT((#3084)) 
GLOBAL_UNIT_ASSIGNED_CONTEXT((#3081,#3082,#3083)) REPRESENTATION_CONTEXT
('Context #1','3D Context with UNIT and UNCERTAINTY') );
#3081 = ( LENGTH_UNIT() NAMED_UNIT(*) SI_UNIT(.MILLI.,.METRE.) );
#3082 = ( NAMED_UNIT(*) PLANE_ANGLE_UNIT() SI_UNIT($,.RADIAN.) );
#3083 = ( NAMED_UNIT(*) SI_UNIT($,.STERADIAN.) SOLID_ANGLE_UNIT() );
#3084 = UNCERTAINTY_MEASURE_WITH_UNIT(LENGTH_MEASURE(1.E-06),#3081,
  'distance_accuracy_value','confusion accuracy');
#3085 = PRODUCT_RELATED_PRODUCT_CATEGORY('part',$,(#7));
ENDSEC;
END-ISO-10303-21;
