ISO-10303-21;
HEADER;
FILE_DESCRIPTION(('Open CASCADE Model'),'2;1');
FILE_NAME('Open CASCADE Shape Model','2026-09-11T18:12:04',('Author'),(
    'Open CASCADE'),'Open CASCADE STEP processor 7.9','Open CASCADE 7.9'
  ,'Unknown');
FILE_SCHEMA(('AUTOMOTIVE_DESIGN { 1 0 10303 214 1 1 1 1 }'));
ENDSEC;
DATA;
#1 = APPLICATION_PROTOCOL_DEFINITION('international standard',
  'automotive_design',2000,#2);
#2 = APPLICATION_CONTEXT(
  'core data for automotive mechanical design processes');
#3 = SHAPE_DEFINITION_REPRESENTATION(#4,#10);
#4 = PRODUCT_DEFINITION_SHAPE('','',#5);
#5 = PRODUCT_DEFINITION('design','',#6,#9);
#6 = PRODUCT_DEFINITION_FORMATION('','',#7);
#7 = PRODUCT('Open CASCADE STEP translator 7.9 1',
  'Open CASCADE STEP translator 7.9 1','',(#8));
#8 = PRODUCT_CONTEXT('',#2,'mechanical');
#9 = PRODUCT_DEFINITION_CONTEXT('part definition',#2,'design');
#10 = ADVANCED_BREP_SHAPE_REPRESENTATION('',(#11,#15),#3056);
#11 = AXIS2_PLACEMENT_3D('',#12,#13,#14);
#12 = CARTESIAN_POINT('',(0.,0.,0.));
#13 = DIRECTION('',(0.,0.,1.));
#14 = DIRECTION('',(1.,0.,-0.));
#15 = MANIFOLD_SOLID_BREP('',#16);
#16 = CLOSED_SHELL('',(#17,#135,#559,#607,#659,#993,#1155,#1181,#1207,
    #1233,#1395,#1748,#1774,#1834,#1860,#2240,#2247,#2299,#2351,#2390,
    #2442,#2612,#2673,#2766,#2859,#2920,#2948,#2973,#2998,#3023,#3030,
    #3037,#3044,#3048,#3052));
#17 = ADVANCED_FACE('',(#18),#32,.F.);
#18 = FACE_BOUND('',#19,.T.);
#19 = EDGE_LOOP('',(#20,#55,#82,#110));
#20 = ORIENTED_EDGE('',*,*,#21,.F.);
#21 = EDGE_CURVE('',#22,#24,#26,.T.);
#22 = VERTEX_POINT('',#23);
#23 = CARTESIAN_POINT('',(-1.42535428362,9.,6.44227950078));
#24 = VERTEX_POINT('',#25);
#25 = CARTESIAN_POINT('',(-1.010924110039,9.,5.538635419155));
#26 = SURFACE_CURVE('',#27,(#31,#43),.PCURVE_S1.);
#27 = LINE('',#28,#29);
#28 = CARTESIAN_POINT('',(-1.475378779912,9.,6.551355390741));
#29 = VECTOR('',#30,1.);
#30 = DIRECTION('',(0.416870802429,0.,-0.908965749675));
#31 = PCURVE('',#32,#37);
#32 = PLANE('',#33);
#33 = AXIS2_PLACEMENT_3D('',#34,#35,#36);
#34 = CARTESIAN_POINT('',(-1.475378779912,0.,6.551355390741));
#35 = DIRECTION('',(-0.908965749675,-0.,-0.416870802429));
#36 = DIRECTION('',(-0.416870802429,-0.,0.908965749675));
#37 = DEFINITIONAL_REPRESENTATION('',(#38),#42);
#38 = LINE('',#39,#40);
#39 = CARTESIAN_POINT('',(-0.,9.));
#40 = VECTOR('',#41,1.);
#41 = DIRECTION('',(-1.,0.));
#42 = ( GEOMETRIC_REPRESENTATION_CONTEXT(2) 
PARAMETRIC_REPRESENTATION_CONTEXT() REPRESENTATION_CONTEXT('2D SPACE',''
  ) );
#43 = PCURVE('',#44,#49);
#44 = PLANE('',#45);
#45 = AXIS2_PLACEMENT_3D('',#46,#47,#48);
#46 = CARTESIAN_POINT('',(-2.974872390118,9.,3.426245212584));
#47 = DIRECTION('',(0.,-1.,-0.));
#48 = DIRECTION('',(0.,0.,1.));
#49 = DEFINITIONAL_REPRESENTATION('',(#50),#54);
#50 = LINE('',#51,#52);
#51 = CARTESIAN_POINT('',(3.125110178157,-1.499493610206));
#52 = VECTOR('',#53,1.);
#53 = DIRECTION('',(-0.908965749675,-0.416870802429));
#54 = ( GEOMETRIC_REPRESENTATION_CONTEXT(2) 
PARAMETRIC_REPRESENTATION_CONTEXT() REPRESENTATION_CONTEXT('2D SPACE',''
  ) );
#55 = ORIENTED_EDGE('',*,*,#56,.F.);
#56 = EDGE_CURVE('',#57,#22,#59,.T.);
#57 = VERTEX_POINT('',#58);
#58 = CARTESIAN_POINT('',(-1.42535428362,-9.,6.44227950078));
#59 = SURFACE_CURVE('',#60,(#64,#71),.PCURVE_S1.);
#60 = LINE('',#61,#62);
#61 = CARTESIAN_POINT('',(-1.42535428362,-9.,6.44227950078));
#62 = VECTOR('',#63,1.);
#63 = DIRECTION('',(-0.,1.,-0.));
#64 = PCURVE('',#32,#65);
#65 = DEFINITIONAL_REPRESENTATION('',(#66),#70);
#66 = LINE('',#67,#68);
#67 = CARTESIAN_POINT('',(-0.12,-9.));
#68 = VECTOR('',#69,1.);
#69 = DIRECTION('',(-0.,1.));
#70 = ( GEOMETRIC_REPRESENTATION_CONTEXT(2) 
PARAMETRIC_REPRESENTATION_CONTEXT() REPRESENTATION_CONTEXT('2D SPACE',''
  ) );
#71 = PCURVE('',#72,#77);
#72 = CYLINDRICAL_SURFACE('',#73,0.12);
#73 = AXIS2_PLACEMENT_3D('',#74,#75,#76);
#74 = CARTESIAN_POINT('',(-1.534430173581,-9.,6.392255004488));
#75 = DIRECTION('',(-0.,1.,-0.));
#76 = DIRECTION('',(0.908965749675,-0.,0.416870802429));
#77 = DEFINITIONAL_REPRESENTATION('',(#78),#81);
#78 = B_SPLINE_CURVE_WITH_KNOTS('',1,(#79,#80),.UNSPECIFIED.,.F.,.F.,(2,
    2),(0.,18.),.PIECEWISE_BEZIER_KNOTS.);
#79 = CARTESIAN_POINT('',(0.,0.));
#80 = CARTESIAN_POINT('',(0.,18.));
#81 = ( GEOMETRIC_REPRESENTATION_CONTEXT(2) 
PARAMETRIC_REPRESENTATION_CONTEXT() REPRESENTATION_CONTEXT('2D SPACE',''
  ) );
#82 = ORIENTED_EDGE('',*,*,#83,.T.);
#83 = EDGE_CURVE('',#57,#84,#86,.T.);
#84 = VERTEX_POINT('',#85);
#85 = CARTESIAN_POINT('',(-1.010924110039,-9.,5.538635419155));
#86 = SURFACE_CURVE('',#87,(#91,#98),.PCURVE_S1.);
#87 = LINE('',#88,#89);
#88 = CARTESIAN_POINT('',(-1.475378779912,-9.,6.551355390741));
#89 = VECTOR('',#90,1.);
#90 = DIRECTION('',(0.416870802429,0.,-0.908965749675));
#91 = PCURVE('',#32,#92);
#92 = DEFINITIONAL_REPRESENTATION('',(#93),#97);
#93 = LINE('',#94,#95);
#94 = CARTESIAN_POINT('',(-0.,-9.));
#95 = VECTOR('',#96,1.);
#96 = DIRECTION('',(-1.,0.));
#97 = ( GEOMETRIC_REPRESENTATION_CONTEXT(2) 
PARAMETRIC_REPRESENTATION_CONTEXT() REPRESENTATION_CONTEXT('2D SPACE',''
  ) );
#98 = PCURVE('',#99,#104);
#99 = PLANE('',#100);
#100 = AXIS2_PLACEMENT_3D('',#101,#102,#103);
#101 = CARTESIAN_POINT('',(-2.974872390118,-9.,3.426245212584));
#102 = DIRECTION('',(0.,-1.,-0.));
#103 = DIRECTION('',(0.,0.,1.));
#104 = DEFINITIONAL_REPRESENTATION('',(#105),#109);
#105 = LINE('',#106,#107);
#106 = CARTESIAN_POINT('',(3.125110178157,-1.499493610206));
#107 = VECTOR('',#108,1.);
#108 = DIRECTION('',(-0.908965749675,-0.416870802429));
#109 = ( GEOMETRIC_REPRESENTATION_CONTEXT(2) 
PARAMETRIC_REPRESENTATION_CONTEXT() REPRESENTATION_CONTEXT('2D SPACE',''
  ) );
#110 = ORIENTED_EDGE('',*,*,#111,.F.);
#111 = EDGE_CURVE('',#24,#84,#112,.T.);
#112 = SURFACE_CURVE('',#113,(#117,#124),.PCURVE_S1.);
#113 = LINE('',#114,#115);
#114 = CARTESIAN_POINT('',(-1.010924110039,9.,5.538635419155));
#115 = VECTOR('',#116,1.);
#116 = DIRECTION('',(-0.,-1.,-0.));
#117 = PCURVE('',#32,#118);
#118 = DEFINITIONAL_REPRESENTATION('',(#119),#123);
#119 = LINE('',#120,#121);
#120 = CARTESIAN_POINT('',(-1.114145359105,9.));
#121 = VECTOR('',#122,1.);
#122 = DIRECTION('',(-0.,-1.));
#123 = ( GEOMETRIC_REPRESENTATION_CONTEXT(2) 
PARAMETRIC_REPRESENTATION_CONTEXT() REPRESENTATION_CONTEXT('2D SPACE',''
  ) );
#124 = PCURVE('',#125,#130);
#125 = CYLINDRICAL_SURFACE('',#126,0.12);
#126 = AXIS2_PLACEMENT_3D('',#127,#128,#129);
#127 = CARTESIAN_POINT('',(-1.12,9.,5.488610922864));
#128 = DIRECTION('',(-0.,-1.,-0.));
#129 = DIRECTION('',(0.908965749675,-0.,0.416870802429));
#130 = DEFINITIONAL_REPRESENTATION('',(#131),#134);
#131 = B_SPLINE_CURVE_WITH_KNOTS('',1,(#132,#133),.UNSPECIFIED.,.F.,.F.,
  (2,2),(0.,18.),.PIECEWISE_BEZIER_KNOTS.);
#132 = CARTESIAN_POINT('',(0.,0.));
#133 = CARTESIAN_POINT('',(0.,18.));
#134 = ( GEOMETRIC_REPRESENTATION_CONTEXT(2) 
PARAMETRIC_REPRESENTATION_CONTEXT() REPRESENTATION_CONTEXT('2D SPACE',''
  ) );
#135 = ADVANCED_FACE('',(#136,#499,#529),#44,.F.);
#136 = FACE_BOUND('',#137,.T.);
#137 = EDGE_LOOP('',(#138,#168,#189,#190,#217,#245,#277,#305,#333,#361,
    #389,#417,#445,#473));
#138 = ORIENTED_EDGE('',*,*,#139,.T.);
#139 = EDGE_CURVE('',#140,#142,#144,.T.);
#140 = VERTEX_POINT('',#141);
#141 = CARTESIAN_POINT('',(-3.986654179239,9.,5.399631696847));
#142 = VERTEX_POINT('',#143);
#143 = CARTESIAN_POINT('',(-1.584454669873,9.,6.501330894449));
#144 = SURFACE_CURVE('',#145,(#149,#156),.PCURVE_S1.);
#145 = LINE('',#146,#147);
#146 = CARTESIAN_POINT('',(-4.002303564008,9.,5.392454559987));
#147 = VECTOR('',#148,1.);
#148 = DIRECTION('',(0.908965749675,-0.,0.416870802429));
#149 = PCURVE('',#44,#150);
#150 = DEFINITIONAL_REPRESENTATION('',(#151),#155);
#151 = LINE('',#152,#153);
#152 = CARTESIAN_POINT('',(1.966209347404,1.02743117389));
#153 = VECTOR('',#154,1.);
#154 = DIRECTION('',(0.416870802429,-0.908965749675));
#155 = ( GEOMETRIC_REPRESENTATION_CONTEXT(2) 
PARAMETRIC_REPRESENTATION_CONTEXT() REPRESENTATION_CONTEXT('2D SPACE',''
  ) );
#156 = PCURVE('',#157,#162);
#157 = PLANE('',#158);
#158 = AXIS2_PLACEMENT_3D('',#159,#160,#161);
#159 = CARTESIAN_POINT('',(-4.002303564008,0.,5.392454559987));
#160 = DIRECTION('',(0.416870802429,-0.,-0.908965749675));
#161 = DIRECTION('',(-0.908965749675,0.,-0.416870802429));
#162 = DEFINITIONAL_REPRESENTATION('',(#163),#167);
#163 = LINE('',#164,#165);
#164 = CARTESIAN_POINT('',(-0.,9.));
#165 = VECTOR('',#166,1.);
#166 = DIRECTION('',(-1.,0.));
#167 = ( GEOMETRIC_REPRESENTATION_CONTEXT(2) 
PARAMETRIC_REPRESENTATION_CONTEXT() REPRESENTATION_CONTEXT('2D SPACE',''
  ) );
#168 = ORIENTED_EDGE('',*,*,#169,.F.);
#169 = EDGE_CURVE('',#22,#142,#170,.T.);
#170 = SURFACE_CURVE('',#171,(#176,#183),.PCURVE_S1.);
#171 = CIRCLE('',#172,0.12);
#172 = AXIS2_PLACEMENT_3D('',#173,#174,#175);
#173 = CARTESIAN_POINT('',(-1.534430173581,9.,6.392255004488));
#174 = DIRECTION('',(0.,-1.,0.));
#175 = DIRECTION('',(-0.,-0.,1.));
#176 = PCURVE('',#44,#177);
#177 = DEFINITIONAL_REPRESENTATION('',(#178),#182);
#178 = CIRCLE('',#179,0.12);
#179 = AXIS2_PLACEMENT_2D('',#180,#181);
#180 = CARTESIAN_POINT('',(2.966009791905,-1.440442216537));
#181 = DIRECTION('',(1.,-0.));
#182 = ( GEOMETRIC_REPRESENTATION_CONTEXT(2) 
PARAMETRIC_REPRESENTATION_CONTEXT() REPRESENTATION_CONTEXT('2D SPACE',''
  ) );
#183 = PCURVE('',#72,#184);
#184 = DEFINITIONAL_REPRESENTATION('',(#185),#188);
#185 = B_SPLINE_CURVE_WITH_KNOTS('',1,(#186,#187),.UNSPECIFIED.,.F.,.F.,
  (2,2),(5.142388980385,6.71318530718),.PIECEWISE_BEZIER_KNOTS.);
#186 = CARTESIAN_POINT('',(-9.769962616701E-15,18.));
#187 = CARTESIAN_POINT('',(-1.570796326795,18.));
#188 = ( GEOMETRIC_REPRESENTATION_CONTEXT(2) 
PARAMETRIC_REPRESENTATION_CONTEXT() REPRESENTATION_CONTEXT('2D SPACE',''
  ) );
#189 = ORIENTED_EDGE('',*,*,#21,.T.);
#190 = ORIENTED_EDGE('',*,*,#191,.T.);
#191 = EDGE_CURVE('',#24,#192,#194,.T.);
#192 = VERTEX_POINT('',#193);
#193 = CARTESIAN_POINT('',(-1.,9.,5.488610922864));
#194 = SURFACE_CURVE('',#195,(#200,#211),.PCURVE_S1.);
#195 = CIRCLE('',#196,0.12);
#196 = AXIS2_PLACEMENT_3D('',#197,#198,#199);
#197 = CARTESIAN_POINT('',(-1.12,9.,5.488610922864));
#198 = DIRECTION('',(0.,1.,0.));
#199 = DIRECTION('',(-0.,-0.,-1.));
#200 = PCURVE('',#44,#201);
#201 = DEFINITIONAL_REPRESENTATION('',(#202),#210);
#202 = ( BOUNDED_CURVE() B_SPLINE_CURVE(2,(#203,#204,#205,#206,#207,#208
,#209),.UNSPECIFIED.,.T.,.F.) B_SPLINE_CURVE_WITH_KNOTS((1,2,2,2,2,1),(
    -2.094395102393,0.,2.094395102393,4.188790204786,6.28318530718,
8.377580409573),.UNSPECIFIED.) CURVE() GEOMETRIC_REPRESENTATION_ITEM() 
RATIONAL_B_SPLINE_CURVE((1.,0.5,1.,0.5,1.,0.5,1.)) REPRESENTATION_ITEM(
  '') );
#203 = CARTESIAN_POINT('',(1.94236571028,-1.854872390118));
#204 = CARTESIAN_POINT('',(1.94236571028,-1.64702629321));
#205 = CARTESIAN_POINT('',(2.12236571028,-1.750949341664));
#206 = CARTESIAN_POINT('',(2.30236571028,-1.854872390118));
#207 = CARTESIAN_POINT('',(2.12236571028,-1.958795438572));
#208 = CARTESIAN_POINT('',(1.94236571028,-2.062718487026));
#209 = CARTESIAN_POINT('',(1.94236571028,-1.854872390118));
#210 = ( GEOMETRIC_REPRESENTATION_CONTEXT(2) 
PARAMETRIC_REPRESENTATION_CONTEXT() REPRESENTATION_CONTEXT('2D SPACE',''
  ) );
#211 = PCURVE('',#125,#212);
#212 = DEFINITIONAL_REPRESENTATION('',(#213),#216);
#213 = B_SPLINE_CURVE_WITH_KNOTS('',1,(#214,#215),.UNSPECIFIED.,.F.,.F.,
  (2,2),(4.282388980385,4.712388980385),.PIECEWISE_BEZIER_KNOTS.);
#214 = CARTESIAN_POINT('',(-6.217248937901E-15,0.));
#215 = CARTESIAN_POINT('',(-0.43,0.));
#216 = ( GEOMETRIC_REPRESENTATION_CONTEXT(2) 
PARAMETRIC_REPRESENTATION_CONTEXT() REPRESENTATION_CONTEXT('2D SPACE',''
  ) );
#217 = ORIENTED_EDGE('',*,*,#218,.F.);
#218 = EDGE_CURVE('',#219,#192,#221,.T.);
#219 = VERTEX_POINT('',#220);
#220 = CARTESIAN_POINT('',(-1.,9.,2.35456806083));
#221 = SURFACE_CURVE('',#222,(#226,#233),.PCURVE_S1.);
#222 = LINE('',#223,#224);
#223 = CARTESIAN_POINT('',(-1.,9.,-0.286877393708));
#224 = VECTOR('',#225,1.);
#225 = DIRECTION('',(-0.,-0.,1.));
#226 = PCURVE('',#44,#227);
#227 = DEFINITIONAL_REPRESENTATION('',(#228),#232);
#228 = LINE('',#229,#230);
#229 = CARTESIAN_POINT('',(-3.713122606292,-1.974872390118));
#230 = VECTOR('',#231,1.);
#231 = DIRECTION('',(1.,-0.));
#232 = ( GEOMETRIC_REPRESENTATION_CONTEXT(2) 
PARAMETRIC_REPRESENTATION_CONTEXT() REPRESENTATION_CONTEXT('2D SPACE',''
  ) );
#233 = PCURVE('',#234,#239);
#234 = PLANE('',#235);
#235 = AXIS2_PLACEMENT_3D('',#236,#237,#238);
#236 = CARTESIAN_POINT('',(-1.,-10.5,-4.));
#237 = DIRECTION('',(-1.,-0.,0.));
#238 = DIRECTION('',(0.,-0.,-1.));
#239 = DEFINITIONAL_REPRESENTATION('',(#240),#244);
#240 = LINE('',#241,#242);
#241 = CARTESIAN_POINT('',(-3.713122606292,-19.5));
#242 = VECTOR('',#243,1.);
#243 = DIRECTION('',(-1.,-0.));
#244 = ( GEOMETRIC_REPRESENTATION_CONTEXT(2) 
PARAMETRIC_REPRESENTATION_CONTEXT() REPRESENTATION_CONTEXT('2D SPACE',''
  ) );
#245 = ORIENTED_EDGE('',*,*,#246,.T.);
#246 = EDGE_CURVE('',#219,#247,#249,.T.);
#247 = VERTEX_POINT('',#248);
#248 = CARTESIAN_POINT('',(-1.041325909996,9.,2.263956871884));
#249 = SURFACE_CURVE('',#250,(#255,#266),.PCURVE_S1.);
#250 = CIRCLE('',#251,0.12);
#251 = AXIS2_PLACEMENT_3D('',#252,#253,#254);
#252 = CARTESIAN_POINT('',(-1.12,9.,2.35456806083));
#253 = DIRECTION('',(0.,1.,0.));
#254 = DIRECTION('',(-0.,-0.,1.));
#255 = PCURVE('',#44,#256);
#256 = DEFINITIONAL_REPRESENTATION('',(#257),#265);
#257 = ( BOUNDED_CURVE() B_SPLINE_CURVE(2,(#258,#259,#260,#261,#262,#263
,#264),.UNSPECIFIED.,.T.,.F.) B_SPLINE_CURVE_WITH_KNOTS((1,2,2,2,2,1),(
    -2.094395102393,0.,2.094395102393,4.188790204786,6.28318530718,
8.377580409573),.UNSPECIFIED.) CURVE() GEOMETRIC_REPRESENTATION_ITEM() 
RATIONAL_B_SPLINE_CURVE((1.,0.5,1.,0.5,1.,0.5,1.)) REPRESENTATION_ITEM(
  '') );
#258 = CARTESIAN_POINT('',(-0.951677151754,-1.854872390118));
#259 = CARTESIAN_POINT('',(-0.951677151754,-2.062718487026));
#260 = CARTESIAN_POINT('',(-1.131677151754,-1.958795438572));
#261 = CARTESIAN_POINT('',(-1.311677151754,-1.854872390118));
#262 = CARTESIAN_POINT('',(-1.131677151754,-1.750949341664));
#263 = CARTESIAN_POINT('',(-0.951677151754,-1.64702629321));
#264 = CARTESIAN_POINT('',(-0.951677151754,-1.854872390118));
#265 = ( GEOMETRIC_REPRESENTATION_CONTEXT(2) 
PARAMETRIC_REPRESENTATION_CONTEXT() REPRESENTATION_CONTEXT('2D SPACE',''
  ) );
#266 = PCURVE('',#267,#272);
#267 = CYLINDRICAL_SURFACE('',#268,0.12);
#268 = AXIS2_PLACEMENT_3D('',#269,#270,#271);
#269 = CARTESIAN_POINT('',(-1.12,-9.,2.35456806083));
#270 = DIRECTION('',(-0.,1.,-0.));
#271 = DIRECTION('',(1.,-0.,-0.));
#272 = DEFINITIONAL_REPRESENTATION('',(#273),#276);
#273 = B_SPLINE_CURVE_WITH_KNOTS('',1,(#274,#275),.UNSPECIFIED.,.F.,.F.,
  (2,2),(1.570796326795,2.42659265359),.PIECEWISE_BEZIER_KNOTS.);
#274 = CARTESIAN_POINT('',(0.,18.));
#275 = CARTESIAN_POINT('',(0.855796326795,18.));
#276 = ( GEOMETRIC_REPRESENTATION_CONTEXT(2) 
PARAMETRIC_REPRESENTATION_CONTEXT() REPRESENTATION_CONTEXT('2D SPACE',''
  ) );
#277 = ORIENTED_EDGE('',*,*,#278,.T.);
#278 = EDGE_CURVE('',#247,#279,#281,.T.);
#279 = VERTEX_POINT('',#280);
#280 = CARTESIAN_POINT('',(-3.123412995814,9.,0.456163500099));
#281 = SURFACE_CURVE('',#282,(#286,#293),.PCURVE_S1.);
#282 = LINE('',#283,#284);
#283 = CARTESIAN_POINT('',(5.453706500338E-02,9.,3.215451089434));
#284 = VECTOR('',#285,1.);
#285 = DIRECTION('',(-0.755093241212,-0.,-0.655617416697));
#286 = PCURVE('',#44,#287);
#287 = DEFINITIONAL_REPRESENTATION('',(#288),#292);
#288 = LINE('',#289,#290);
#289 = CARTESIAN_POINT('',(-0.21079412315,-3.029409455121));
#290 = VECTOR('',#291,1.);
#291 = DIRECTION('',(-0.655617416697,0.755093241212));
#292 = ( GEOMETRIC_REPRESENTATION_CONTEXT(2) 
PARAMETRIC_REPRESENTATION_CONTEXT() REPRESENTATION_CONTEXT('2D SPACE',''
  ) );
#293 = PCURVE('',#294,#299);
#294 = PLANE('',#295);
#295 = AXIS2_PLACEMENT_3D('',#296,#297,#298);
#296 = CARTESIAN_POINT('',(5.453706500338E-02,0.,3.215451089434));
#297 = DIRECTION('',(-0.655617416697,-0.,0.755093241212));
#298 = DIRECTION('',(0.755093241212,0.,0.655617416697));
#299 = DEFINITIONAL_REPRESENTATION('',(#300),#304);
#300 = LINE('',#301,#302);
#301 = CARTESIAN_POINT('',(0.,9.));
#302 = VECTOR('',#303,1.);
#303 = DIRECTION('',(-1.,0.));
#304 = ( GEOMETRIC_REPRESENTATION_CONTEXT(2) 
PARAMETRIC_REPRESENTATION_CONTEXT() REPRESENTATION_CONTEXT('2D SPACE',''
  ) );
#305 = ORIENTED_EDGE('',*,*,#306,.F.);
#306 = EDGE_CURVE('',#307,#279,#309,.T.);
#307 = VERTEX_POINT('',#308);
#308 = CARTESIAN_POINT('',(-3.266923362522,9.,0.445798170867));
#309 = SURFACE_CURVE('',#310,(#315,#322),.PCURVE_S1.);
#310 = CIRCLE('',#311,0.12);
#311 = AXIS2_PLACEMENT_3D('',#312,#313,#314);
#312 = CARTESIAN_POINT('',(-3.202087085818,9.,0.546774689044));
#313 = DIRECTION('',(0.,-1.,0.));
#314 = DIRECTION('',(-0.,-0.,-1.));
#315 = PCURVE('',#44,#316);
#316 = DEFINITIONAL_REPRESENTATION('',(#317),#321);
#317 = CIRCLE('',#318,0.12);
#318 = AXIS2_PLACEMENT_2D('',#319,#320);
#319 = CARTESIAN_POINT('',(-2.879470523539,0.2272146957));
#320 = DIRECTION('',(-1.,0.));
#321 = ( GEOMETRIC_REPRESENTATION_CONTEXT(2) 
PARAMETRIC_REPRESENTATION_CONTEXT() REPRESENTATION_CONTEXT('2D SPACE',''
  ) );
#322 = PCURVE('',#323,#328);
#323 = CYLINDRICAL_SURFACE('',#324,0.12);
#324 = AXIS2_PLACEMENT_3D('',#325,#326,#327);
#325 = CARTESIAN_POINT('',(-3.202087085818,9.,0.546774689044));
#326 = DIRECTION('',(-0.,-1.,-0.));
#327 = DIRECTION('',(-0.540302305868,-0.,-0.841470984808));
#328 = DEFINITIONAL_REPRESENTATION('',(#329),#332);
#329 = B_SPLINE_CURVE_WITH_KNOTS('',1,(#330,#331),.UNSPECIFIED.,.F.,.F.,
  (2,2),(5.712388980385,6.99818530718),.PIECEWISE_BEZIER_KNOTS.);
#330 = CARTESIAN_POINT('',(0.,0.));
#331 = CARTESIAN_POINT('',(1.285796326795,0.));
#332 = ( GEOMETRIC_REPRESENTATION_CONTEXT(2) 
PARAMETRIC_REPRESENTATION_CONTEXT() REPRESENTATION_CONTEXT('2D SPACE',''
  ) );
#333 = ORIENTED_EDGE('',*,*,#334,.T.);
#334 = EDGE_CURVE('',#307,#335,#337,.T.);
#335 = VERTEX_POINT('',#336);
#336 = CARTESIAN_POINT('',(-6.178508057168,9.,2.315305203967));
#337 = SURFACE_CURVE('',#338,(#342,#349),.PCURVE_S1.);
#338 = LINE('',#339,#340);
#339 = CARTESIAN_POINT('',(-3.1912860611,9.,0.397232018135));
#340 = VECTOR('',#341,1.);
#341 = DIRECTION('',(-0.841470984808,-0.,0.540302305868));
#342 = PCURVE('',#44,#343);
#343 = DEFINITIONAL_REPRESENTATION('',(#344),#348);
#344 = LINE('',#345,#346);
#345 = CARTESIAN_POINT('',(-3.029013194449,0.216413670982));
#346 = VECTOR('',#347,1.);
#347 = DIRECTION('',(0.540302305868,0.841470984808));
#348 = ( GEOMETRIC_REPRESENTATION_CONTEXT(2) 
PARAMETRIC_REPRESENTATION_CONTEXT() REPRESENTATION_CONTEXT('2D SPACE',''
  ) );
#349 = PCURVE('',#350,#355);
#350 = PLANE('',#351);
#351 = AXIS2_PLACEMENT_3D('',#352,#353,#354);
#352 = CARTESIAN_POINT('',(-3.1912860611,0.,0.397232018135));
#353 = DIRECTION('',(0.540302305868,-0.,0.841470984808));
#354 = DIRECTION('',(0.841470984808,0.,-0.540302305868));
#355 = DEFINITIONAL_REPRESENTATION('',(#356),#360);
#356 = LINE('',#357,#358);
#357 = CARTESIAN_POINT('',(-0.,9.));
#358 = VECTOR('',#359,1.);
#359 = DIRECTION('',(-1.,0.));
#360 = ( GEOMETRIC_REPRESENTATION_CONTEXT(2) 
PARAMETRIC_REPRESENTATION_CONTEXT() REPRESENTATION_CONTEXT('2D SPACE',''
  ) );
#361 = ORIENTED_EDGE('',*,*,#362,.F.);
#362 = EDGE_CURVE('',#363,#335,#365,.T.);
#363 = VERTEX_POINT('',#364);
#364 = CARTESIAN_POINT('',(-6.21464829864,9.,2.481117998848));
#365 = SURFACE_CURVE('',#366,(#371,#378),.PCURVE_S1.);
#366 = CIRCLE('',#367,0.12);
#367 = AXIS2_PLACEMENT_3D('',#368,#369,#370);
#368 = CARTESIAN_POINT('',(-6.113671780463,9.,2.416281722143));
#369 = DIRECTION('',(0.,-1.,0.));
#370 = DIRECTION('',(-0.,-0.,-1.));
#371 = PCURVE('',#44,#372);
#372 = DEFINITIONAL_REPRESENTATION('',(#373),#377);
#373 = CIRCLE('',#374,0.12);
#374 = AXIS2_PLACEMENT_2D('',#375,#376);
#375 = CARTESIAN_POINT('',(-1.00996349044,3.138799390345));
#376 = DIRECTION('',(-1.,0.));
#377 = ( GEOMETRIC_REPRESENTATION_CONTEXT(2) 
PARAMETRIC_REPRESENTATION_CONTEXT() REPRESENTATION_CONTEXT('2D SPACE',''
  ) );
#378 = PCURVE('',#379,#384);
#379 = CYLINDRICAL_SURFACE('',#380,0.12);
#380 = AXIS2_PLACEMENT_3D('',#381,#382,#383);
#381 = CARTESIAN_POINT('',(-6.113671780463,9.,2.416281722143));
#382 = DIRECTION('',(-0.,-1.,-0.));
#383 = DIRECTION('',(-0.841470984808,-0.,0.540302305868));
#384 = DEFINITIONAL_REPRESENTATION('',(#385),#388);
#385 = B_SPLINE_CURVE_WITH_KNOTS('',1,(#386,#387),.UNSPECIFIED.,.F.,.F.,
  (2,2),(4.14159265359,5.712388980385),.PIECEWISE_BEZIER_KNOTS.);
#386 = CARTESIAN_POINT('',(0.,0.));
#387 = CARTESIAN_POINT('',(1.570796326795,0.));
#388 = ( GEOMETRIC_REPRESENTATION_CONTEXT(2) 
PARAMETRIC_REPRESENTATION_CONTEXT() REPRESENTATION_CONTEXT('2D SPACE',''
  ) );
#389 = ORIENTED_EDGE('',*,*,#390,.T.);
#390 = EDGE_CURVE('',#363,#391,#393,.T.);
#391 = VERTEX_POINT('',#392);
#392 = CARTESIAN_POINT('',(-4.786746384261,9.,4.704943470351));
#393 = SURFACE_CURVE('',#394,(#398,#405),.PCURVE_S1.);
#394 = LINE('',#395,#396);
#395 = CARTESIAN_POINT('',(-6.279484575345,9.,2.380141480671));
#396 = VECTOR('',#397,1.);
#397 = DIRECTION('',(0.540302305868,-0.,0.841470984808));
#398 = PCURVE('',#44,#399);
#399 = DEFINITIONAL_REPRESENTATION('',(#400),#404);
#400 = LINE('',#401,#402);
#401 = CARTESIAN_POINT('',(-1.046103731913,3.304612185227));
#402 = VECTOR('',#403,1.);
#403 = DIRECTION('',(0.841470984808,-0.540302305868));
#404 = ( GEOMETRIC_REPRESENTATION_CONTEXT(2) 
PARAMETRIC_REPRESENTATION_CONTEXT() REPRESENTATION_CONTEXT('2D SPACE',''
  ) );
#405 = PCURVE('',#406,#411);
#406 = PLANE('',#407);
#407 = AXIS2_PLACEMENT_3D('',#408,#409,#410);
#408 = CARTESIAN_POINT('',(-6.279484575345,0.,2.380141480671));
#409 = DIRECTION('',(0.841470984808,-0.,-0.540302305868));
#410 = DIRECTION('',(-0.540302305868,0.,-0.841470984808));
#411 = DEFINITIONAL_REPRESENTATION('',(#412),#416);
#412 = LINE('',#413,#414);
#413 = CARTESIAN_POINT('',(-0.,9.));
#414 = VECTOR('',#415,1.);
#415 = DIRECTION('',(-1.,0.));
#416 = ( GEOMETRIC_REPRESENTATION_CONTEXT(2) 
PARAMETRIC_REPRESENTATION_CONTEXT() REPRESENTATION_CONTEXT('2D SPACE',''
  ) );
#417 = ORIENTED_EDGE('',*,*,#418,.F.);
#418 = EDGE_CURVE('',#419,#391,#421,.T.);
#419 = VERTEX_POINT('',#420);
#420 = CARTESIAN_POINT('',(-4.764443956088,9.,4.730718382593));
#421 = SURFACE_CURVE('',#422,(#427,#434),.PCURVE_S1.);
#422 = CIRCLE('',#423,0.12);
#423 = AXIS2_PLACEMENT_3D('',#424,#425,#426);
#424 = CARTESIAN_POINT('',(-4.685769866084,9.,4.640107193647));
#425 = DIRECTION('',(0.,-1.,0.));
#426 = DIRECTION('',(-0.,-0.,1.));
#427 = PCURVE('',#44,#428);
#428 = DEFINITIONAL_REPRESENTATION('',(#429),#433);
#429 = CIRCLE('',#430,0.12);
#430 = AXIS2_PLACEMENT_2D('',#431,#432);
#431 = CARTESIAN_POINT('',(1.213861981064,1.710897475966));
#432 = DIRECTION('',(1.,-0.));
#433 = ( GEOMETRIC_REPRESENTATION_CONTEXT(2) 
PARAMETRIC_REPRESENTATION_CONTEXT() REPRESENTATION_CONTEXT('2D SPACE',''
  ) );
#434 = PCURVE('',#435,#440);
#435 = CYLINDRICAL_SURFACE('',#436,0.12);
#436 = AXIS2_PLACEMENT_3D('',#437,#438,#439);
#437 = CARTESIAN_POINT('',(-4.685769866084,-9.,4.640107193647));
#438 = DIRECTION('',(-0.,1.,-0.));
#439 = DIRECTION('',(-0.655617416697,-0.,0.755093241212));
#440 = DEFINITIONAL_REPRESENTATION('',(#441),#444);
#441 = B_SPLINE_CURVE_WITH_KNOTS('',1,(#442,#443),.UNSPECIFIED.,.F.,.F.,
  (2,2),(0.715,1.),.PIECEWISE_BEZIER_KNOTS.);
#442 = CARTESIAN_POINT('',(-3.885780586188E-15,18.));
#443 = CARTESIAN_POINT('',(-0.285,18.));
#444 = ( GEOMETRIC_REPRESENTATION_CONTEXT(2) 
PARAMETRIC_REPRESENTATION_CONTEXT() REPRESENTATION_CONTEXT('2D SPACE',''
  ) );
#445 = ORIENTED_EDGE('',*,*,#446,.T.);
#446 = EDGE_CURVE('',#419,#447,#449,.T.);
#447 = VERTEX_POINT('',#448);
#448 = CARTESIAN_POINT('',(-4.015303772951,9.,5.381166995831));
#449 = SURFACE_CURVE('',#450,(#454,#461),.PCURVE_S1.);
#450 = LINE('',#451,#452);
#451 = CARTESIAN_POINT('',(-4.777444165031,9.,4.719430818437));
#452 = VECTOR('',#453,1.);
#453 = DIRECTION('',(0.755093241212,-0.,0.655617416697));
#454 = PCURVE('',#44,#455);
#455 = DEFINITIONAL_REPRESENTATION('',(#456),#460);
#456 = LINE('',#457,#458);
#457 = CARTESIAN_POINT('',(1.293185605853,1.802571774913));
#458 = VECTOR('',#459,1.);
#459 = DIRECTION('',(0.655617416697,-0.755093241212));
#460 = ( GEOMETRIC_REPRESENTATION_CONTEXT(2) 
PARAMETRIC_REPRESENTATION_CONTEXT() REPRESENTATION_CONTEXT('2D SPACE',''
  ) );
#461 = PCURVE('',#462,#467);
#462 = PLANE('',#463);
#463 = AXIS2_PLACEMENT_3D('',#464,#465,#466);
#464 = CARTESIAN_POINT('',(-4.777444165031,0.,4.719430818437));
#465 = DIRECTION('',(0.655617416697,-0.,-0.755093241212));
#466 = DIRECTION('',(-0.755093241212,0.,-0.655617416697));
#467 = DEFINITIONAL_REPRESENTATION('',(#468),#472);
#468 = LINE('',#469,#470);
#469 = CARTESIAN_POINT('',(-0.,9.));
#470 = VECTOR('',#471,1.);
#471 = DIRECTION('',(-1.,0.));
#472 = ( GEOMETRIC_REPRESENTATION_CONTEXT(2) 
PARAMETRIC_REPRESENTATION_CONTEXT() REPRESENTATION_CONTEXT('2D SPACE',''
  ) );
#473 = ORIENTED_EDGE('',*,*,#474,.F.);
#474 = EDGE_CURVE('',#140,#447,#475,.T.);
#475 = SURFACE_CURVE('',#476,(#481,#488),.PCURVE_S1.);
#476 = CIRCLE('',#477,0.12);
#477 = AXIS2_PLACEMENT_3D('',#478,#479,#480);
#478 = CARTESIAN_POINT('',(-3.936629682948,9.,5.290555806886));
#479 = DIRECTION('',(0.,-1.,0.));
#480 = DIRECTION('',(-0.,-0.,1.));
#481 = PCURVE('',#44,#482);
#482 = DEFINITIONAL_REPRESENTATION('',(#483),#487);
#483 = CIRCLE('',#484,0.12);
#484 = AXIS2_PLACEMENT_2D('',#485,#486);
#485 = CARTESIAN_POINT('',(1.864310594302,0.96175729283));
#486 = DIRECTION('',(1.,-0.));
#487 = ( GEOMETRIC_REPRESENTATION_CONTEXT(2) 
PARAMETRIC_REPRESENTATION_CONTEXT() REPRESENTATION_CONTEXT('2D SPACE',''
  ) );
#488 = PCURVE('',#489,#494);
#489 = CYLINDRICAL_SURFACE('',#490,0.12);
#490 = AXIS2_PLACEMENT_3D('',#491,#492,#493);
#491 = CARTESIAN_POINT('',(-3.936629682948,-9.,5.290555806886));
#492 = DIRECTION('',(-0.,1.,-0.));
#493 = DIRECTION('',(-0.416870802429,-0.,0.908965749675));
#494 = DEFINITIONAL_REPRESENTATION('',(#495),#498);
#495 = B_SPLINE_CURVE_WITH_KNOTS('',1,(#496,#497),.UNSPECIFIED.,.F.,.F.,
  (2,2),(0.43,0.715),.PIECEWISE_BEZIER_KNOTS.);
#496 = CARTESIAN_POINT('',(-3.330669073875E-16,18.));
#497 = CARTESIAN_POINT('',(-0.285,18.));
#498 = ( GEOMETRIC_REPRESENTATION_CONTEXT(2) 
PARAMETRIC_REPRESENTATION_CONTEXT() REPRESENTATION_CONTEXT('2D SPACE',''
  ) );
#499 = FACE_BOUND('',#500,.T.);
#500 = EDGE_LOOP('',(#501));
#501 = ORIENTED_EDGE('',*,*,#502,.T.);
#502 = EDGE_CURVE('',#503,#503,#505,.T.);
#503 = VERTEX_POINT('',#504);
#504 = CARTESIAN_POINT('',(-2.584598975061,9.,5.365587647984));
#505 = SURFACE_CURVE('',#506,(#511,#518),.PCURVE_S1.);
#506 = CIRCLE('',#507,0.27);
#507 = AXIS2_PLACEMENT_3D('',#508,#509,#510);
#508 = CARTESIAN_POINT('',(-2.584598975061,9.,5.635587647984));
#509 = DIRECTION('',(0.,-1.,0.));
#510 = DIRECTION('',(0.,-0.,-1.));
#511 = PCURVE('',#44,#512);
#512 = DEFINITIONAL_REPRESENTATION('',(#513),#517);
#513 = CIRCLE('',#514,0.27);
#514 = AXIS2_PLACEMENT_2D('',#515,#516);
#515 = CARTESIAN_POINT('',(2.209342435401,-0.390273415057));
#516 = DIRECTION('',(-1.,0.));
#517 = ( GEOMETRIC_REPRESENTATION_CONTEXT(2) 
PARAMETRIC_REPRESENTATION_CONTEXT() REPRESENTATION_CONTEXT('2D SPACE',''
  ) );
#518 = PCURVE('',#519,#524);
#519 = CYLINDRICAL_SURFACE('',#520,0.27);
#520 = AXIS2_PLACEMENT_3D('',#521,#522,#523);
#521 = CARTESIAN_POINT('',(-2.584598975061,9.4,5.635587647984));
#522 = DIRECTION('',(0.,-1.,0.));
#523 = DIRECTION('',(0.,-0.,-1.));
#524 = DEFINITIONAL_REPRESENTATION('',(#525),#528);
#525 = B_SPLINE_CURVE_WITH_KNOTS('',1,(#526,#527),.UNSPECIFIED.,.F.,.F.,
  (2,2),(0.,6.28318530718),.PIECEWISE_BEZIER_KNOTS.);
#526 = CARTESIAN_POINT('',(0.,0.4));
#527 = CARTESIAN_POINT('',(6.28318530718,0.4));
#528 = ( GEOMETRIC_REPRESENTATION_CONTEXT(2) 
PARAMETRIC_REPRESENTATION_CONTEXT() REPRESENTATION_CONTEXT('2D SPACE',''
  ) );
#529 = FACE_BOUND('',#530,.T.);
#530 = EDGE_LOOP('',(#531));
#531 = ORIENTED_EDGE('',*,*,#532,.T.);
#532 = EDGE_CURVE('',#533,#533,#535,.T.);
#533 = VERTEX_POINT('',#534);
#534 = CARTESIAN_POINT('',(-5.217120105809,9.,3.079874296382));
#535 = SURFACE_CURVE('',#536,(#541,#548),.PCURVE_S1.);
#536 = CIRCLE('',#537,0.27);
#537 = AXIS2_PLACEMENT_3D('',#538,#539,#540);
#538 = CARTESIAN_POINT('',(-5.217120105809,9.,3.349874296382));
#539 = DIRECTION('',(0.,-1.,0.));
#540 = DIRECTION('',(0.,-0.,-1.));
#541 = PCURVE('',#44,#542);
#542 = DEFINITIONAL_REPRESENTATION('',(#543),#547);
#543 = CIRCLE('',#544,0.27);
#544 = AXIS2_PLACEMENT_2D('',#545,#546);
#545 = CARTESIAN_POINT('',(-7.637091620107E-02,2.242247715691));
#546 = DIRECTION('',(-1.,0.));
#547 = ( GEOMETRIC_REPRESENTATION_CONTEXT(2) 
PARAMETRIC_REPRESENTATION_CONTEXT() REPRESENTATION_CONTEXT('2D SPACE',''
  ) );
#548 = PCURVE('',#549,#554);
#549 = CYLINDRICAL_SURFACE('',#550,0.27);
#550 = AXIS2_PLACEMENT_3D('',#551,#552,#553);
#551 = CARTESIAN_POINT('',(-5.217120105809,9.4,3.349874296382));
#552 = DIRECTION('',(0.,-1.,0.));
#553 = DIRECTION('',(0.,-0.,-1.));
#554 = DEFINITIONAL_REPRESENTATION('',(#555),#558);
#555 = B_SPLINE_CURVE_WITH_KNOTS('',1,(#556,#557),.UNSPECIFIED.,.F.,.F.,
  (2,2),(0.,6.28318530718),.PIECEWISE_BEZIER_KNOTS.);
#556 = CARTESIAN_POINT('',(0.,0.4));
#557 = CARTESIAN_POINT('',(6.28318530718,0.4));
#558 = ( GEOMETRIC_REPRESENTATION_CONTEXT(2) 
PARAMETRIC_REPRESENTATION_CONTEXT() REPRESENTATION_CONTEXT('2D SPACE',''
  ) );
#559 = ADVANCED_FACE('',(#560),#72,.T.);
#560 = FACE_BOUND('',#561,.F.);
#561 = EDGE_LOOP('',(#562,#585,#605,#606));
#562 = ORIENTED_EDGE('',*,*,#563,.T.);
#563 = EDGE_CURVE('',#57,#564,#566,.T.);
#564 = VERTEX_POINT('',#565);
#565 = CARTESIAN_POINT('',(-1.584454669873,-9.,6.501330894449));
#566 = SURFACE_CURVE('',#567,(#572,#578),.PCURVE_S1.);
#567 = CIRCLE('',#568,0.12);
#568 = AXIS2_PLACEMENT_3D('',#569,#570,#571);
#569 = CARTESIAN_POINT('',(-1.534430173581,-9.,6.392255004488));
#570 = DIRECTION('',(0.,-1.,0.));
#571 = DIRECTION('',(-0.,-0.,1.));
#572 = PCURVE('',#72,#573);
#573 = DEFINITIONAL_REPRESENTATION('',(#574),#577);
#574 = B_SPLINE_CURVE_WITH_KNOTS('',1,(#575,#576),.UNSPECIFIED.,.F.,.F.,
  (2,2),(5.142388980385,6.71318530718),.PIECEWISE_BEZIER_KNOTS.);
#575 = CARTESIAN_POINT('',(-9.769962616701E-15,0.));
#576 = CARTESIAN_POINT('',(-1.570796326795,0.));
#577 = ( GEOMETRIC_REPRESENTATION_CONTEXT(2) 
PARAMETRIC_REPRESENTATION_CONTEXT() REPRESENTATION_CONTEXT('2D SPACE',''
  ) );
#578 = PCURVE('',#99,#579);
#579 = DEFINITIONAL_REPRESENTATION('',(#580),#584);
#580 = CIRCLE('',#581,0.12);
#581 = AXIS2_PLACEMENT_2D('',#582,#583);
#582 = CARTESIAN_POINT('',(2.966009791905,-1.440442216537));
#583 = DIRECTION('',(1.,-0.));
#584 = ( GEOMETRIC_REPRESENTATION_CONTEXT(2) 
PARAMETRIC_REPRESENTATION_CONTEXT() REPRESENTATION_CONTEXT('2D SPACE',''
  ) );
#585 = ORIENTED_EDGE('',*,*,#586,.T.);
#586 = EDGE_CURVE('',#564,#142,#587,.T.);
#587 = SURFACE_CURVE('',#588,(#592,#598),.PCURVE_S1.);
#588 = LINE('',#589,#590);
#589 = CARTESIAN_POINT('',(-1.584454669873,-9.,6.501330894449));
#590 = VECTOR('',#591,1.);
#591 = DIRECTION('',(-0.,1.,-0.));
#592 = PCURVE('',#72,#593);
#593 = DEFINITIONAL_REPRESENTATION('',(#594),#597);
#594 = B_SPLINE_CURVE_WITH_KNOTS('',1,(#595,#596),.UNSPECIFIED.,.F.,.F.,
  (2,2),(0.,18.),.PIECEWISE_BEZIER_KNOTS.);
#595 = CARTESIAN_POINT('',(-1.570796326795,0.));
#596 = CARTESIAN_POINT('',(-1.570796326795,18.));
#597 = ( GEOMETRIC_REPRESENTATION_CONTEXT(2) 
PARAMETRIC_REPRESENTATION_CONTEXT() REPRESENTATION_CONTEXT('2D SPACE',''
  ) );
#598 = PCURVE('',#157,#599);
#599 = DEFINITIONAL_REPRESENTATION('',(#600),#604);
#600 = LINE('',#601,#602);
#601 = CARTESIAN_POINT('',(-2.66,-9.));
#602 = VECTOR('',#603,1.);
#603 = DIRECTION('',(-0.,1.));
#604 = ( GEOMETRIC_REPRESENTATION_CONTEXT(2) 
PARAMETRIC_REPRESENTATION_CONTEXT() REPRESENTATION_CONTEXT('2D SPACE',''
  ) );
#605 = ORIENTED_EDGE('',*,*,#169,.F.);
#606 = ORIENTED_EDGE('',*,*,#56,.F.);
#607 = ADVANCED_FACE('',(#608),#125,.T.);
#608 = FACE_BOUND('',#609,.F.);
#609 = EDGE_LOOP('',(#610,#611,#633,#658));
#610 = ORIENTED_EDGE('',*,*,#191,.T.);
#611 = ORIENTED_EDGE('',*,*,#612,.T.);
#612 = EDGE_CURVE('',#192,#613,#615,.T.);
#613 = VERTEX_POINT('',#614);
#614 = CARTESIAN_POINT('',(-1.,-9.,5.488610922864));
#615 = SURFACE_CURVE('',#616,(#620,#626),.PCURVE_S1.);
#616 = LINE('',#617,#618);
#617 = CARTESIAN_POINT('',(-1.,9.,5.488610922864));
#618 = VECTOR('',#619,1.);
#619 = DIRECTION('',(-0.,-1.,-0.));
#620 = PCURVE('',#125,#621);
#621 = DEFINITIONAL_REPRESENTATION('',(#622),#625);
#622 = B_SPLINE_CURVE_WITH_KNOTS('',1,(#623,#624),.UNSPECIFIED.,.F.,.F.,
  (2,2),(0.,18.),.PIECEWISE_BEZIER_KNOTS.);
#623 = CARTESIAN_POINT('',(-0.43,0.));
#624 = CARTESIAN_POINT('',(-0.43,18.));
#625 = ( GEOMETRIC_REPRESENTATION_CONTEXT(2) 
PARAMETRIC_REPRESENTATION_CONTEXT() REPRESENTATION_CONTEXT('2D SPACE',''
  ) );
#626 = PCURVE('',#234,#627);
#627 = DEFINITIONAL_REPRESENTATION('',(#628),#632);
#628 = LINE('',#629,#630);
#629 = CARTESIAN_POINT('',(-9.488610922864,-19.5));
#630 = VECTOR('',#631,1.);
#631 = DIRECTION('',(-0.,1.));
#632 = ( GEOMETRIC_REPRESENTATION_CONTEXT(2) 
PARAMETRIC_REPRESENTATION_CONTEXT() REPRESENTATION_CONTEXT('2D SPACE',''
  ) );
#633 = ORIENTED_EDGE('',*,*,#634,.F.);
#634 = EDGE_CURVE('',#84,#613,#635,.T.);
#635 = SURFACE_CURVE('',#636,(#641,#647),.PCURVE_S1.);
#636 = CIRCLE('',#637,0.12);
#637 = AXIS2_PLACEMENT_3D('',#638,#639,#640);
#638 = CARTESIAN_POINT('',(-1.12,-9.,5.488610922864));
#639 = DIRECTION('',(0.,1.,0.));
#640 = DIRECTION('',(-0.,-0.,-1.));
#641 = PCURVE('',#125,#642);
#642 = DEFINITIONAL_REPRESENTATION('',(#643),#646);
#643 = B_SPLINE_CURVE_WITH_KNOTS('',1,(#644,#645),.UNSPECIFIED.,.F.,.F.,
  (2,2),(4.282388980385,4.712388980385),.PIECEWISE_BEZIER_KNOTS.);
#644 = CARTESIAN_POINT('',(-6.217248937901E-15,18.));
#645 = CARTESIAN_POINT('',(-0.43,18.));
#646 = ( GEOMETRIC_REPRESENTATION_CONTEXT(2) 
PARAMETRIC_REPRESENTATION_CONTEXT() REPRESENTATION_CONTEXT('2D SPACE',''
  ) );
#647 = PCURVE('',#99,#648);
#648 = DEFINITIONAL_REPRESENTATION('',(#649),#657);
#649 = ( BOUNDED_CURVE() B_SPLINE_CURVE(2,(#650,#651,#652,#653,#654,#655
,#656),.UNSPECIFIED.,.T.,.F.) B_SPLINE_CURVE_WITH_KNOTS((1,2,2,2,2,1),(
    -2.094395102393,0.,2.094395102393,4.188790204786,6.28318530718,
8.377580409573),.UNSPECIFIED.) CURVE() GEOMETRIC_REPRESENTATION_ITEM() 
RATIONAL_B_SPLINE_CURVE((1.,0.5,1.,0.5,1.,0.5,1.)) REPRESENTATION_ITEM(
  '') );
#650 = CARTESIAN_POINT('',(1.94236571028,-1.854872390118));
#651 = CARTESIAN_POINT('',(1.94236571028,-1.64702629321));
#652 = CARTESIAN_POINT('',(2.12236571028,-1.750949341664));
#653 = CARTESIAN_POINT('',(2.30236571028,-1.854872390118));
#654 = CARTESIAN_POINT('',(2.12236571028,-1.958795438572));
#655 = CARTESIAN_POINT('',(1.94236571028,-2.062718487026));
#656 = CARTESIAN_POINT('',(1.94236571028,-1.854872390118));
#657 = ( GEOMETRIC_REPRESENTATION_CONTEXT(2) 
PARAMETRIC_REPRESENTATION_CONTEXT() REPRESENTATION_CONTEXT('2D SPACE',''
  ) );
#658 = ORIENTED_EDGE('',*,*,#111,.F.);
#659 = ADVANCED_FACE('',(#660,#925,#959),#99,.T.);
#660 = FACE_BOUND('',#661,.F.);
#661 = EDGE_LOOP('',(#662,#685,#686,#687,#688,#711,#743,#766,#789,#812,
    #835,#858,#881,#904));
#662 = ORIENTED_EDGE('',*,*,#663,.T.);
#663 = EDGE_CURVE('',#664,#564,#666,.T.);
#664 = VERTEX_POINT('',#665);
#665 = CARTESIAN_POINT('',(-3.986654179239,-9.,5.399631696847));
#666 = SURFACE_CURVE('',#667,(#671,#678),.PCURVE_S1.);
#667 = LINE('',#668,#669);
#668 = CARTESIAN_POINT('',(-4.002303564008,-9.,5.392454559987));
#669 = VECTOR('',#670,1.);
#670 = DIRECTION('',(0.908965749675,-0.,0.416870802429));
#671 = PCURVE('',#99,#672);
#672 = DEFINITIONAL_REPRESENTATION('',(#673),#677);
#673 = LINE('',#674,#675);
#674 = CARTESIAN_POINT('',(1.966209347404,1.02743117389));
#675 = VECTOR('',#676,1.);
#676 = DIRECTION('',(0.416870802429,-0.908965749675));
#677 = ( GEOMETRIC_REPRESENTATION_CONTEXT(2) 
PARAMETRIC_REPRESENTATION_CONTEXT() REPRESENTATION_CONTEXT('2D SPACE',''
  ) );
#678 = PCURVE('',#157,#679);
#679 = DEFINITIONAL_REPRESENTATION('',(#680),#684);
#680 = LINE('',#681,#682);
#681 = CARTESIAN_POINT('',(-0.,-9.));
#682 = VECTOR('',#683,1.);
#683 = DIRECTION('',(-1.,0.));
#684 = ( GEOMETRIC_REPRESENTATION_CONTEXT(2) 
PARAMETRIC_REPRESENTATION_CONTEXT() REPRESENTATION_CONTEXT('2D SPACE',''
  ) );
#685 = ORIENTED_EDGE('',*,*,#563,.F.);
#686 = ORIENTED_EDGE('',*,*,#83,.T.);
#687 = ORIENTED_EDGE('',*,*,#634,.T.);
#688 = ORIENTED_EDGE('',*,*,#689,.F.);
#689 = EDGE_CURVE('',#690,#613,#692,.T.);
#690 = VERTEX_POINT('',#691);
#691 = CARTESIAN_POINT('',(-1.,-9.,2.35456806083));
#692 = SURFACE_CURVE('',#693,(#697,#704),.PCURVE_S1.);
#693 = LINE('',#694,#695);
#694 = CARTESIAN_POINT('',(-1.,-9.,-0.286877393708));
#695 = VECTOR('',#696,1.);
#696 = DIRECTION('',(-0.,-0.,1.));
#697 = PCURVE('',#99,#698);
#698 = DEFINITIONAL_REPRESENTATION('',(#699),#703);
#699 = LINE('',#700,#701);
#700 = CARTESIAN_POINT('',(-3.713122606292,-1.974872390118));
#701 = VECTOR('',#702,1.);
#702 = DIRECTION('',(1.,-0.));
#703 = ( GEOMETRIC_REPRESENTATION_CONTEXT(2) 
PARAMETRIC_REPRESENTATION_CONTEXT() REPRESENTATION_CONTEXT('2D SPACE',''
  ) );
#704 = PCURVE('',#234,#705);
#705 = DEFINITIONAL_REPRESENTATION('',(#706),#710);
#706 = LINE('',#707,#708);
#707 = CARTESIAN_POINT('',(-3.713122606292,-1.5));
#708 = VECTOR('',#709,1.);
#709 = DIRECTION('',(-1.,-0.));
#710 = ( GEOMETRIC_REPRESENTATION_CONTEXT(2) 
PARAMETRIC_REPRESENTATION_CONTEXT() REPRESENTATION_CONTEXT('2D SPACE',''
  ) );
#711 = ORIENTED_EDGE('',*,*,#712,.T.);
#712 = EDGE_CURVE('',#690,#713,#715,.T.);
#713 = VERTEX_POINT('',#714);
#714 = CARTESIAN_POINT('',(-1.041325909996,-9.,2.263956871884));
#715 = SURFACE_CURVE('',#716,(#721,#732),.PCURVE_S1.);
#716 = CIRCLE('',#717,0.12);
#717 = AXIS2_PLACEMENT_3D('',#718,#719,#720);
#718 = CARTESIAN_POINT('',(-1.12,-9.,2.35456806083));
#719 = DIRECTION('',(0.,1.,0.));
#720 = DIRECTION('',(-0.,-0.,1.));
#721 = PCURVE('',#99,#722);
#722 = DEFINITIONAL_REPRESENTATION('',(#723),#731);
#723 = ( BOUNDED_CURVE() B_SPLINE_CURVE(2,(#724,#725,#726,#727,#728,#729
,#730),.UNSPECIFIED.,.T.,.F.) B_SPLINE_CURVE_WITH_KNOTS((1,2,2,2,2,1),(
    -2.094395102393,0.,2.094395102393,4.188790204786,6.28318530718,
8.377580409573),.UNSPECIFIED.) CURVE() GEOMETRIC_REPRESENTATION_ITEM() 
RATIONAL_B_SPLINE_CURVE((1.,0.5,1.,0.5,1.,0.5,1.)) REPRESENTATION_ITEM(
  '') );
#724 = CARTESIAN_POINT('',(-0.951677151754,-1.854872390118));
#725 = CARTESIAN_POINT('',(-0.951677151754,-2.062718487026));
#726 = CARTESIAN_POINT('',(-1.131677151754,-1.958795438572));
#727 = CARTESIAN_POINT('',(-1.311677151754,-1.854872390118));
#728 = CARTESIAN_POINT('',(-1.131677151754,-1.750949341664));
#729 = CARTESIAN_POINT('',(-0.951677151754,-1.64702629321));
#730 = CARTESIAN_POINT('',(-0.951677151754,-1.854872390118));
#731 = ( GEOMETRIC_REPRESENTATION_CONTEXT(2) 
PARAMETRIC_REPRESENTATION_CONTEXT() REPRESENTATION_CONTEXT('2D SPACE',''
  ) );
#732 = PCURVE('',#733,#738);
#733 = CYLINDRICAL_SURFACE('',#734,0.12);
#734 = AXIS2_PLACEMENT_3D('',#735,#736,#737);
#735 = CARTESIAN_POINT('',(-1.12,-9.,2.35456806083));
#736 = DIRECTION('',(-0.,1.,-0.));
#737 = DIRECTION('',(1.,-0.,-0.));
#738 = DEFINITIONAL_REPRESENTATION('',(#739),#742);
#739 = B_SPLINE_CURVE_WITH_KNOTS('',1,(#740,#741),.UNSPECIFIED.,.F.,.F.,
  (2,2),(1.570796326795,2.42659265359),.PIECEWISE_BEZIER_KNOTS.);
#740 = CARTESIAN_POINT('',(2.6645352591E-15,0.));
#741 = CARTESIAN_POINT('',(0.855796326795,0.));
#742 = ( GEOMETRIC_REPRESENTATION_CONTEXT(2) 
PARAMETRIC_REPRESENTATION_CONTEXT() REPRESENTATION_CONTEXT('2D SPACE',''
  ) );
#743 = ORIENTED_EDGE('',*,*,#744,.T.);
#744 = EDGE_CURVE('',#713,#745,#747,.T.);
#745 = VERTEX_POINT('',#746);
#746 = CARTESIAN_POINT('',(-3.123412995814,-9.,0.456163500099));
#747 = SURFACE_CURVE('',#748,(#752,#759),.PCURVE_S1.);
#748 = LINE('',#749,#750);
#749 = CARTESIAN_POINT('',(5.453706500338E-02,-9.,3.215451089434));
#750 = VECTOR('',#751,1.);
#751 = DIRECTION('',(-0.755093241212,-0.,-0.655617416697));
#752 = PCURVE('',#99,#753);
#753 = DEFINITIONAL_REPRESENTATION('',(#754),#758);
#754 = LINE('',#755,#756);
#755 = CARTESIAN_POINT('',(-0.21079412315,-3.029409455121));
#756 = VECTOR('',#757,1.);
#757 = DIRECTION('',(-0.655617416697,0.755093241212));
#758 = ( GEOMETRIC_REPRESENTATION_CONTEXT(2) 
PARAMETRIC_REPRESENTATION_CONTEXT() REPRESENTATION_CONTEXT('2D SPACE',''
  ) );
#759 = PCURVE('',#294,#760);
#760 = DEFINITIONAL_REPRESENTATION('',(#761),#765);
#761 = LINE('',#762,#763);
#762 = CARTESIAN_POINT('',(-0.,-9.));
#763 = VECTOR('',#764,1.);
#764 = DIRECTION('',(-1.,0.));
#765 = ( GEOMETRIC_REPRESENTATION_CONTEXT(2) 
PARAMETRIC_REPRESENTATION_CONTEXT() REPRESENTATION_CONTEXT('2D SPACE',''
  ) );
#766 = ORIENTED_EDGE('',*,*,#767,.F.);
#767 = EDGE_CURVE('',#768,#745,#770,.T.);
#768 = VERTEX_POINT('',#769);
#769 = CARTESIAN_POINT('',(-3.266923362522,-9.,0.445798170867));
#770 = SURFACE_CURVE('',#771,(#776,#783),.PCURVE_S1.);
#771 = CIRCLE('',#772,0.12);
#772 = AXIS2_PLACEMENT_3D('',#773,#774,#775);
#773 = CARTESIAN_POINT('',(-3.202087085818,-9.,0.546774689044));
#774 = DIRECTION('',(0.,-1.,0.));
#775 = DIRECTION('',(-0.,-0.,-1.));
#776 = PCURVE('',#99,#777);
#777 = DEFINITIONAL_REPRESENTATION('',(#778),#782);
#778 = CIRCLE('',#779,0.12);
#779 = AXIS2_PLACEMENT_2D('',#780,#781);
#780 = CARTESIAN_POINT('',(-2.879470523539,0.2272146957));
#781 = DIRECTION('',(-1.,0.));
#782 = ( GEOMETRIC_REPRESENTATION_CONTEXT(2) 
PARAMETRIC_REPRESENTATION_CONTEXT() REPRESENTATION_CONTEXT('2D SPACE',''
  ) );
#783 = PCURVE('',#323,#784);
#784 = DEFINITIONAL_REPRESENTATION('',(#785),#788);
#785 = B_SPLINE_CURVE_WITH_KNOTS('',1,(#786,#787),.UNSPECIFIED.,.F.,.F.,
  (2,2),(5.712388980385,6.99818530718),.PIECEWISE_BEZIER_KNOTS.);
#786 = CARTESIAN_POINT('',(0.,18.));
#787 = CARTESIAN_POINT('',(1.285796326795,18.));
#788 = ( GEOMETRIC_REPRESENTATION_CONTEXT(2) 
PARAMETRIC_REPRESENTATION_CONTEXT() REPRESENTATION_CONTEXT('2D SPACE',''
  ) );
#789 = ORIENTED_EDGE('',*,*,#790,.T.);
#790 = EDGE_CURVE('',#768,#791,#793,.T.);
#791 = VERTEX_POINT('',#792);
#792 = CARTESIAN_POINT('',(-6.178508057168,-9.,2.315305203967));
#793 = SURFACE_CURVE('',#794,(#798,#805),.PCURVE_S1.);
#794 = LINE('',#795,#796);
#795 = CARTESIAN_POINT('',(-3.1912860611,-9.,0.397232018135));
#796 = VECTOR('',#797,1.);
#797 = DIRECTION('',(-0.841470984808,-0.,0.540302305868));
#798 = PCURVE('',#99,#799);
#799 = DEFINITIONAL_REPRESENTATION('',(#800),#804);
#800 = LINE('',#801,#802);
#801 = CARTESIAN_POINT('',(-3.029013194449,0.216413670982));
#802 = VECTOR('',#803,1.);
#803 = DIRECTION('',(0.540302305868,0.841470984808));
#804 = ( GEOMETRIC_REPRESENTATION_CONTEXT(2) 
PARAMETRIC_REPRESENTATION_CONTEXT() REPRESENTATION_CONTEXT('2D SPACE',''
  ) );
#805 = PCURVE('',#350,#806);
#806 = DEFINITIONAL_REPRESENTATION('',(#807),#811);
#807 = LINE('',#808,#809);
#808 = CARTESIAN_POINT('',(-0.,-9.));
#809 = VECTOR('',#810,1.);
#810 = DIRECTION('',(-1.,0.));
#811 = ( GEOMETRIC_REPRESENTATION_CONTEXT(2) 
PARAMETRIC_REPRESENTATION_CONTEXT() REPRESENTATION_CONTEXT('2D SPACE',''
  ) );
#812 = ORIENTED_EDGE('',*,*,#813,.F.);
#813 = EDGE_CURVE('',#814,#791,#816,.T.);
#814 = VERTEX_POINT('',#815);
#815 = CARTESIAN_POINT('',(-6.21464829864,-9.,2.481117998848));
#816 = SURFACE_CURVE('',#817,(#822,#829),.PCURVE_S1.);
#817 = CIRCLE('',#818,0.12);
#818 = AXIS2_PLACEMENT_3D('',#819,#820,#821);
#819 = CARTESIAN_POINT('',(-6.113671780463,-9.,2.416281722143));
#820 = DIRECTION('',(0.,-1.,0.));
#821 = DIRECTION('',(-0.,-0.,-1.));
#822 = PCURVE('',#99,#823);
#823 = DEFINITIONAL_REPRESENTATION('',(#824),#828);
#824 = CIRCLE('',#825,0.12);
#825 = AXIS2_PLACEMENT_2D('',#826,#827);
#826 = CARTESIAN_POINT('',(-1.00996349044,3.138799390345));
#827 = DIRECTION('',(-1.,0.));
#828 = ( GEOMETRIC_REPRESENTATION_CONTEXT(2) 
PARAMETRIC_REPRESENTATION_CONTEXT() REPRESENTATION_CONTEXT('2D SPACE',''
  ) );
#829 = PCURVE('',#379,#830);
#830 = DEFINITIONAL_REPRESENTATION('',(#831),#834);
#831 = B_SPLINE_CURVE_WITH_KNOTS('',1,(#832,#833),.UNSPECIFIED.,.F.,.F.,
  (2,2),(4.14159265359,5.712388980385),.PIECEWISE_BEZIER_KNOTS.);
#832 = CARTESIAN_POINT('',(0.,18.));
#833 = CARTESIAN_POINT('',(1.570796326795,18.));
#834 = ( GEOMETRIC_REPRESENTATION_CONTEXT(2) 
PARAMETRIC_REPRESENTATION_CONTEXT() REPRESENTATION_CONTEXT('2D SPACE',''
  ) );
#835 = ORIENTED_EDGE('',*,*,#836,.T.);
#836 = EDGE_CURVE('',#814,#837,#839,.T.);
#837 = VERTEX_POINT('',#838);
#838 = CARTESIAN_POINT('',(-4.786746384261,-9.,4.704943470351));
#839 = SURFACE_CURVE('',#840,(#844,#851),.PCURVE_S1.);
#840 = LINE('',#841,#842);
#841 = CARTESIAN_POINT('',(-6.279484575345,-9.,2.380141480671));
#842 = VECTOR('',#843,1.);
#843 = DIRECTION('',(0.540302305868,-0.,0.841470984808));
#844 = PCURVE('',#99,#845);
#845 = DEFINITIONAL_REPRESENTATION('',(#846),#850);
#846 = LINE('',#847,#848);
#847 = CARTESIAN_POINT('',(-1.046103731913,3.304612185227));
#848 = VECTOR('',#849,1.);
#849 = DIRECTION('',(0.841470984808,-0.540302305868));
#850 = ( GEOMETRIC_REPRESENTATION_CONTEXT(2) 
PARAMETRIC_REPRESENTATION_CONTEXT() REPRESENTATION_CONTEXT('2D SPACE',''
  ) );
#851 = PCURVE('',#406,#852);
#852 = DEFINITIONAL_REPRESENTATION('',(#853),#857);
#853 = LINE('',#854,#855);
#854 = CARTESIAN_POINT('',(-0.,-9.));
#855 = VECTOR('',#856,1.);
#856 = DIRECTION('',(-1.,0.));
#857 = ( GEOMETRIC_REPRESENTATION_CONTEXT(2) 
PARAMETRIC_REPRESENTATION_CONTEXT() REPRESENTATION_CONTEXT('2D SPACE',''
  ) );
#858 = ORIENTED_EDGE('',*,*,#859,.F.);
#859 = EDGE_CURVE('',#860,#837,#862,.T.);
#860 = VERTEX_POINT('',#861);
#861 = CARTESIAN_POINT('',(-4.764443956088,-9.,4.730718382593));
#862 = SURFACE_CURVE('',#863,(#868,#875),.PCURVE_S1.);
#863 = CIRCLE('',#864,0.12);
#864 = AXIS2_PLACEMENT_3D('',#865,#866,#867);
#865 = CARTESIAN_POINT('',(-4.685769866084,-9.,4.640107193647));
#866 = DIRECTION('',(0.,-1.,0.));
#867 = DIRECTION('',(-0.,-0.,1.));
#868 = PCURVE('',#99,#869);
#869 = DEFINITIONAL_REPRESENTATION('',(#870),#874);
#870 = CIRCLE('',#871,0.12);
#871 = AXIS2_PLACEMENT_2D('',#872,#873);
#872 = CARTESIAN_POINT('',(1.213861981064,1.710897475966));
#873 = DIRECTION('',(1.,-0.));
#874 = ( GEOMETRIC_REPRESENTATION_CONTEXT(2) 
PARAMETRIC_REPRESENTATION_CONTEXT() REPRESENTATION_CONTEXT('2D SPACE',''
  ) );
#875 = PCURVE('',#435,#876);
#876 = DEFINITIONAL_REPRESENTATION('',(#877),#880);
#877 = B_SPLINE_CURVE_WITH_KNOTS('',1,(#878,#879),.UNSPECIFIED.,.F.,.F.,
  (2,2),(0.715,1.),.PIECEWISE_BEZIER_KNOTS.);
#878 = CARTESIAN_POINT('',(-3.885780586188E-15,0.));
#879 = CARTESIAN_POINT('',(-0.285,0.));
#880 = ( GEOMETRIC_REPRESENTATION_CONTEXT(2) 
PARAMETRIC_REPRESENTATION_CONTEXT() REPRESENTATION_CONTEXT('2D SPACE',''
  ) );
#881 = ORIENTED_EDGE('',*,*,#882,.T.);
#882 = EDGE_CURVE('',#860,#883,#885,.T.);
#883 = VERTEX_POINT('',#884);
#884 = CARTESIAN_POINT('',(-4.015303772951,-9.,5.381166995831));
#885 = SURFACE_CURVE('',#886,(#890,#897),.PCURVE_S1.);
#886 = LINE('',#887,#888);
#887 = CARTESIAN_POINT('',(-4.777444165031,-9.,4.719430818437));
#888 = VECTOR('',#889,1.);
#889 = DIRECTION('',(0.755093241212,-0.,0.655617416697));
#890 = PCURVE('',#99,#891);
#891 = DEFINITIONAL_REPRESENTATION('',(#892),#896);
#892 = LINE('',#893,#894);
#893 = CARTESIAN_POINT('',(1.293185605853,1.802571774913));
#894 = VECTOR('',#895,1.);
#895 = DIRECTION('',(0.655617416697,-0.755093241212));
#896 = ( GEOMETRIC_REPRESENTATION_CONTEXT(2) 
PARAMETRIC_REPRESENTATION_CONTEXT() REPRESENTATION_CONTEXT('2D SPACE',''
  ) );
#897 = PCURVE('',#462,#898);
#898 = DEFINITIONAL_REPRESENTATION('',(#899),#903);
#899 = LINE('',#900,#901);
#900 = CARTESIAN_POINT('',(-0.,-9.));
#901 = VECTOR('',#902,1.);
#902 = DIRECTION('',(-1.,0.));
#903 = ( GEOMETRIC_REPRESENTATION_CONTEXT(2) 
PARAMETRIC_REPRESENTATION_CONTEXT() REPRESENTATION_CONTEXT('2D SPACE',''
  ) );
#904 = ORIENTED_EDGE('',*,*,#905,.F.);
#905 = EDGE_CURVE('',#664,#883,#906,.T.);
#906 = SURFACE_CURVE('',#907,(#912,#919),.PCURVE_S1.);
#907 = CIRCLE('',#908,0.12);
#908 = AXIS2_PLACEMENT_3D('',#909,#910,#911);
#909 = CARTESIAN_POINT('',(-3.936629682948,-9.,5.290555806886));
#910 = DIRECTION('',(0.,-1.,0.));
#911 = DIRECTION('',(-0.,-0.,1.));
#912 = PCURVE('',#99,#913);
#913 = DEFINITIONAL_REPRESENTATION('',(#914),#918);
#914 = CIRCLE('',#915,0.12);
#915 = AXIS2_PLACEMENT_2D('',#916,#917);
#916 = CARTESIAN_POINT('',(1.864310594302,0.96175729283));
#917 = DIRECTION('',(1.,-0.));
#918 = ( GEOMETRIC_REPRESENTATION_CONTEXT(2) 
PARAMETRIC_REPRESENTATION_CONTEXT() REPRESENTATION_CONTEXT('2D SPACE',''
  ) );
#919 = PCURVE('',#489,#920);
#920 = DEFINITIONAL_REPRESENTATION('',(#921),#924);
#921 = B_SPLINE_CURVE_WITH_KNOTS('',1,(#922,#923),.UNSPECIFIED.,.F.,.F.,
  (2,2),(0.43,0.715),.PIECEWISE_BEZIER_KNOTS.);
#922 = CARTESIAN_POINT('',(-3.330669073875E-16,0.));
#923 = CARTESIAN_POINT('',(-0.285,0.));
#924 = ( GEOMETRIC_REPRESENTATION_CONTEXT(2) 
PARAMETRIC_REPRESENTATION_CONTEXT() REPRESENTATION_CONTEXT('2D SPACE',''
  ) );
#925 = FACE_BOUND('',#926,.F.);
#926 = EDGE_LOOP('',(#927));
#927 = ORIENTED_EDGE('',*,*,#928,.F.);
#928 = EDGE_CURVE('',#929,#929,#931,.T.);
#929 = VERTEX_POINT('',#930);
#930 = CARTESIAN_POINT('',(-2.584598975061,-9.,5.905587647984));
#931 = SURFACE_CURVE('',#932,(#937,#948),.PCURVE_S1.);
#932 = CIRCLE('',#933,0.27);
#933 = AXIS2_PLACEMENT_3D('',#934,#935,#936);
#934 = CARTESIAN_POINT('',(-2.584598975061,-9.,5.635587647984));
#935 = DIRECTION('',(0.,1.,0.));
#936 = DIRECTION('',(0.,-0.,1.));
#937 = PCURVE('',#99,#938);
#938 = DEFINITIONAL_REPRESENTATION('',(#939),#947);
#939 = ( BOUNDED_CURVE() B_SPLINE_CURVE(2,(#940,#941,#942,#943,#944,#945
,#946),.UNSPECIFIED.,.T.,.F.) B_SPLINE_CURVE_WITH_KNOTS((1,2,2,2,2,1),(
    -2.094395102393,0.,2.094395102393,4.188790204786,6.28318530718,
8.377580409573),.UNSPECIFIED.) CURVE() GEOMETRIC_REPRESENTATION_ITEM() 
RATIONAL_B_SPLINE_CURVE((1.,0.5,1.,0.5,1.,0.5,1.)) REPRESENTATION_ITEM(
  '') );
#940 = CARTESIAN_POINT('',(2.479342435401,-0.390273415057));
#941 = CARTESIAN_POINT('',(2.479342435401,-0.8579271331));
#942 = CARTESIAN_POINT('',(2.074342435401,-0.624100274079));
#943 = CARTESIAN_POINT('',(1.669342435401,-0.390273415057));
#944 = CARTESIAN_POINT('',(2.074342435401,-0.156446556035));
#945 = CARTESIAN_POINT('',(2.479342435401,7.73803029867E-02));
#946 = CARTESIAN_POINT('',(2.479342435401,-0.390273415057));
#947 = ( GEOMETRIC_REPRESENTATION_CONTEXT(2) 
PARAMETRIC_REPRESENTATION_CONTEXT() REPRESENTATION_CONTEXT('2D SPACE',''
  ) );
#948 = PCURVE('',#949,#954);
#949 = CYLINDRICAL_SURFACE('',#950,0.27);
#950 = AXIS2_PLACEMENT_3D('',#951,#952,#953);
#951 = CARTESIAN_POINT('',(-2.584598975061,-9.4,5.635587647984));
#952 = DIRECTION('',(0.,1.,0.));
#953 = DIRECTION('',(0.,-0.,1.));
#954 = DEFINITIONAL_REPRESENTATION('',(#955),#958);
#955 = B_SPLINE_CURVE_WITH_KNOTS('',1,(#956,#957),.UNSPECIFIED.,.F.,.F.,
  (2,2),(0.,6.28318530718),.PIECEWISE_BEZIER_KNOTS.);
#956 = CARTESIAN_POINT('',(0.,0.4));
#957 = CARTESIAN_POINT('',(6.28318530718,0.4));
#958 = ( GEOMETRIC_REPRESENTATION_CONTEXT(2) 
PARAMETRIC_REPRESENTATION_CONTEXT() REPRESENTATION_CONTEXT('2D SPACE',''
  ) );
#959 = FACE_BOUND('',#960,.F.);
#960 = EDGE_LOOP('',(#961));
#961 = ORIENTED_EDGE('',*,*,#962,.F.);
#962 = EDGE_CURVE('',#963,#963,#965,.T.);
#963 = VERTEX_POINT('',#964);
#964 = CARTESIAN_POINT('',(-5.217120105809,-9.,3.619874296382));
#965 = SURFACE_CURVE('',#966,(#971,#982),.PCURVE_S1.);
#966 = CIRCLE('',#967,0.27);
#967 = AXIS2_PLACEMENT_3D('',#968,#969,#970);
#968 = CARTESIAN_POINT('',(-5.217120105809,-9.,3.349874296382));
#969 = DIRECTION('',(0.,1.,0.));
#970 = DIRECTION('',(0.,-0.,1.));
#971 = PCURVE('',#99,#972);
#972 = DEFINITIONAL_REPRESENTATION('',(#973),#981);
#973 = ( BOUNDED_CURVE() B_SPLINE_CURVE(2,(#974,#975,#976,#977,#978,#979
,#980),.UNSPECIFIED.,.T.,.F.) B_SPLINE_CURVE_WITH_KNOTS((1,2,2,2,2,1),(
    -2.094395102393,0.,2.094395102393,4.188790204786,6.28318530718,
8.377580409573),.UNSPECIFIED.) CURVE() GEOMETRIC_REPRESENTATION_ITEM() 
RATIONAL_B_SPLINE_CURVE((1.,0.5,1.,0.5,1.,0.5,1.)) REPRESENTATION_ITEM(
  '') );
#974 = CARTESIAN_POINT('',(0.193629083799,2.242247715691));
#975 = CARTESIAN_POINT('',(0.193629083799,1.774593997647));
#976 = CARTESIAN_POINT('',(-0.211370916201,2.008420856669));
#977 = CARTESIAN_POINT('',(-0.616370916201,2.242247715691));
#978 = CARTESIAN_POINT('',(-0.211370916201,2.476074574713));
#979 = CARTESIAN_POINT('',(0.193629083799,2.709901433735));
#980 = CARTESIAN_POINT('',(0.193629083799,2.242247715691));
#981 = ( GEOMETRIC_REPRESENTATION_CONTEXT(2) 
PARAMETRIC_REPRESENTATION_CONTEXT() REPRESENTATION_CONTEXT('2D SPACE',''
  ) );
#982 = PCURVE('',#983,#988);
#983 = CYLINDRICAL_SURFACE('',#984,0.27);
#984 = AXIS2_PLACEMENT_3D('',#985,#986,#987);
#985 = CARTESIAN_POINT('',(-5.217120105809,-9.4,3.349874296382));
#986 = DIRECTION('',(0.,1.,0.));
#987 = DIRECTION('',(0.,-0.,1.));
#988 = DEFINITIONAL_REPRESENTATION('',(#989),#992);
#989 = B_SPLINE_CURVE_WITH_KNOTS('',1,(#990,#991),.UNSPECIFIED.,.F.,.F.,
  (2,2),(0.,6.28318530718),.PIECEWISE_BEZIER_KNOTS.);
#990 = CARTESIAN_POINT('',(0.,0.4));
#991 = CARTESIAN_POINT('',(6.28318530718,0.4));
#992 = ( GEOMETRIC_REPRESENTATION_CONTEXT(2) 
PARAMETRIC_REPRESENTATION_CONTEXT() REPRESENTATION_CONTEXT('2D SPACE',''
  ) );
#993 = ADVANCED_FACE('',(#994,#1019,#1053,#1087,#1121),#157,.F.);
#994 = FACE_BOUND('',#995,.T.);
#995 = EDGE_LOOP('',(#996,#997,#998,#999));
#996 = ORIENTED_EDGE('',*,*,#663,.T.);
#997 = ORIENTED_EDGE('',*,*,#586,.T.);
#998 = ORIENTED_EDGE('',*,*,#139,.F.);
#999 = ORIENTED_EDGE('',*,*,#1000,.F.);
#1000 = EDGE_CURVE('',#664,#140,#1001,.T.);
#1001 = SURFACE_CURVE('',#1002,(#1006,#1013),.PCURVE_S1.);
#1002 = LINE('',#1003,#1004);
#1003 = CARTESIAN_POINT('',(-3.986654179239,-9.,5.399631696847));
#1004 = VECTOR('',#1005,1.);
#1005 = DIRECTION('',(-0.,1.,-0.));
#1006 = PCURVE('',#157,#1007);
#1007 = DEFINITIONAL_REPRESENTATION('',(#1008),#1012);
#1008 = LINE('',#1009,#1010);
#1009 = CARTESIAN_POINT('',(-1.721669356018E-02,-9.));
#1010 = VECTOR('',#1011,1.);
#1011 = DIRECTION('',(-0.,1.));
#1012 = ( GEOMETRIC_REPRESENTATION_CONTEXT(2) 
PARAMETRIC_REPRESENTATION_CONTEXT() REPRESENTATION_CONTEXT('2D SPACE',''
  ) );
#1013 = PCURVE('',#489,#1014);
#1014 = DEFINITIONAL_REPRESENTATION('',(#1015),#1018);
#1015 = B_SPLINE_CURVE_WITH_KNOTS('',1,(#1016,#1017),.UNSPECIFIED.,.F.,
  .F.,(2,2),(0.,18.),.PIECEWISE_BEZIER_KNOTS.);
#1016 = CARTESIAN_POINT('',(0.,0.));
#1017 = CARTESIAN_POINT('',(0.,18.));
#1018 = ( GEOMETRIC_REPRESENTATION_CONTEXT(2) 
PARAMETRIC_REPRESENTATION_CONTEXT() REPRESENTATION_CONTEXT('2D SPACE',''
  ) );
#1019 = FACE_BOUND('',#1020,.T.);
#1020 = EDGE_LOOP('',(#1021));
#1021 = ORIENTED_EDGE('',*,*,#1022,.F.);
#1022 = EDGE_CURVE('',#1023,#1023,#1025,.T.);
#1023 = VERTEX_POINT('',#1024);
#1024 = CARTESIAN_POINT('',(-1.929861654749,-5.405,6.342919989526));
#1025 = SURFACE_CURVE('',#1026,(#1031,#1042),.PCURVE_S1.);
#1026 = CIRCLE('',#1027,0.89);
#1027 = AXIS2_PLACEMENT_3D('',#1028,#1029,#1030);
#1028 = CARTESIAN_POINT('',(-2.73884117196,-5.405,5.971904975364));
#1029 = DIRECTION('',(-0.416870802429,0.,0.908965749675));
#1030 = DIRECTION('',(0.908965749675,0.,0.416870802429));
#1031 = PCURVE('',#157,#1032);
#1032 = DEFINITIONAL_REPRESENTATION('',(#1033),#1041);
#1033 = ( BOUNDED_CURVE() B_SPLINE_CURVE(2,(#1034,#1035,#1036,#1037,
#1038,#1039,#1040),.UNSPECIFIED.,.T.,.F.) B_SPLINE_CURVE_WITH_KNOTS((1,2
    ,2,2,2,1),(-2.094395102393,0.,2.094395102393,4.188790204786,
6.28318530718,8.377580409573),.UNSPECIFIED.) CURVE() 
GEOMETRIC_REPRESENTATION_ITEM() RATIONAL_B_SPLINE_CURVE((1.,0.5,1.,0.5,
1.,0.5,1.)) REPRESENTATION_ITEM('') );
#1034 = CARTESIAN_POINT('',(-2.28,-5.405));
#1035 = CARTESIAN_POINT('',(-2.28,-3.863474781264));
#1036 = CARTESIAN_POINT('',(-0.945,-4.634237390632));
#1037 = CARTESIAN_POINT('',(0.39,-5.405));
#1038 = CARTESIAN_POINT('',(-0.945,-6.175762609368));
#1039 = CARTESIAN_POINT('',(-2.28,-6.946525218736));
#1040 = CARTESIAN_POINT('',(-2.28,-5.405));
#1041 = ( GEOMETRIC_REPRESENTATION_CONTEXT(2) 
PARAMETRIC_REPRESENTATION_CONTEXT() REPRESENTATION_CONTEXT('2D SPACE',''
  ) );
#1042 = PCURVE('',#1043,#1048);
#1043 = CYLINDRICAL_SURFACE('',#1044,0.89);
#1044 = AXIS2_PLACEMENT_3D('',#1045,#1046,#1047);
#1045 = CARTESIAN_POINT('',(-0.500244962915,-5.405,1.09075889961));
#1046 = DIRECTION('',(-0.416870802429,0.,0.908965749675));
#1047 = DIRECTION('',(0.908965749675,0.,0.416870802429));
#1048 = DEFINITIONAL_REPRESENTATION('',(#1049),#1052);
#1049 = B_SPLINE_CURVE_WITH_KNOTS('',1,(#1050,#1051),.UNSPECIFIED.,.F.,
  .F.,(2,2),(0.,6.28318530718),.PIECEWISE_BEZIER_KNOTS.);
#1050 = CARTESIAN_POINT('',(0.,5.37));
#1051 = CARTESIAN_POINT('',(6.28318530718,5.37));
#1052 = ( GEOMETRIC_REPRESENTATION_CONTEXT(2) 
PARAMETRIC_REPRESENTATION_CONTEXT() REPRESENTATION_CONTEXT('2D SPACE',''
  ) );
#1053 = FACE_BOUND('',#1054,.T.);
#1054 = EDGE_LOOP('',(#1055));
#1055 = ORIENTED_EDGE('',*,*,#1056,.F.);
#1056 = EDGE_CURVE('',#1057,#1057,#1059,.T.);
#1057 = VERTEX_POINT('',#1058);
#1058 = CARTESIAN_POINT('',(-1.929861654749,-1.305,6.342919989526));
#1059 = SURFACE_CURVE('',#1060,(#1065,#1076),.PCURVE_S1.);
#1060 = CIRCLE('',#1061,0.89);
#1061 = AXIS2_PLACEMENT_3D('',#1062,#1063,#1064);
#1062 = CARTESIAN_POINT('',(-2.73884117196,-1.305,5.971904975364));
#1063 = DIRECTION('',(-0.416870802429,0.,0.908965749675));
#1064 = DIRECTION('',(0.908965749675,0.,0.416870802429));
#1065 = PCURVE('',#157,#1066);
#1066 = DEFINITIONAL_REPRESENTATION('',(#1067),#1075);
#1067 = ( BOUNDED_CURVE() B_SPLINE_CURVE(2,(#1068,#1069,#1070,#1071,
#1072,#1073,#1074),.UNSPECIFIED.,.T.,.F.) B_SPLINE_CURVE_WITH_KNOTS((1,2
    ,2,2,2,1),(-2.094395102393,0.,2.094395102393,4.188790204786,
6.28318530718,8.377580409573),.UNSPECIFIED.) CURVE() 
GEOMETRIC_REPRESENTATION_ITEM() RATIONAL_B_SPLINE_CURVE((1.,0.5,1.,0.5,
1.,0.5,1.)) REPRESENTATION_ITEM('') );
#1068 = CARTESIAN_POINT('',(-2.28,-1.305));
#1069 = CARTESIAN_POINT('',(-2.28,0.236525218736));
#1070 = CARTESIAN_POINT('',(-0.945,-0.534237390632));
#1071 = CARTESIAN_POINT('',(0.39,-1.305));
#1072 = CARTESIAN_POINT('',(-0.945,-2.075762609368));
#1073 = CARTESIAN_POINT('',(-2.28,-2.846525218736));
#1074 = CARTESIAN_POINT('',(-2.28,-1.305));
#1075 = ( GEOMETRIC_REPRESENTATION_CONTEXT(2) 
PARAMETRIC_REPRESENTATION_CONTEXT() REPRESENTATION_CONTEXT('2D SPACE',''
  ) );
#1076 = PCURVE('',#1077,#1082);
#1077 = CYLINDRICAL_SURFACE('',#1078,0.89);
#1078 = AXIS2_PLACEMENT_3D('',#1079,#1080,#1081);
#1079 = CARTESIAN_POINT('',(-0.500244962915,-1.305,1.09075889961));
#1080 = DIRECTION('',(-0.416870802429,0.,0.908965749675));
#1081 = DIRECTION('',(0.908965749675,0.,0.416870802429));
#1082 = DEFINITIONAL_REPRESENTATION('',(#1083),#1086);
#1083 = B_SPLINE_CURVE_WITH_KNOTS('',1,(#1084,#1085),.UNSPECIFIED.,.F.,
  .F.,(2,2),(0.,6.28318530718),.PIECEWISE_BEZIER_KNOTS.);
#1084 = CARTESIAN_POINT('',(0.,5.37));
#1085 = CARTESIAN_POINT('',(6.28318530718,5.37));
#1086 = ( GEOMETRIC_REPRESENTATION_CONTEXT(2) 
PARAMETRIC_REPRESENTATION_CONTEXT() REPRESENTATION_CONTEXT('2D SPACE',''
  ) );
#1087 = FACE_BOUND('',#1088,.T.);
#1088 = EDGE_LOOP('',(#1089));
#1089 = ORIENTED_EDGE('',*,*,#1090,.F.);
#1090 = EDGE_CURVE('',#1091,#1091,#1093,.T.);
#1091 = VERTEX_POINT('',#1092);
#1092 = CARTESIAN_POINT('',(-1.929861654749,2.795,6.342919989526));
#1093 = SURFACE_CURVE('',#1094,(#1099,#1110),.PCURVE_S1.);
#1094 = CIRCLE('',#1095,0.89);
#1095 = AXIS2_PLACEMENT_3D('',#1096,#1097,#1098);
#1096 = CARTESIAN_POINT('',(-2.73884117196,2.795,5.971904975364));
#1097 = DIRECTION('',(-0.416870802429,0.,0.908965749675));
#1098 = DIRECTION('',(0.908965749675,0.,0.416870802429));
#1099 = PCURVE('',#157,#1100);
#1100 = DEFINITIONAL_REPRESENTATION('',(#1101),#1109);
#1101 = ( BOUNDED_CURVE() B_SPLINE_CURVE(2,(#1102,#1103,#1104,#1105,
#1106,#1107,#1108),.UNSPECIFIED.,.T.,.F.) B_SPLINE_CURVE_WITH_KNOTS((1,2
    ,2,2,2,1),(-2.094395102393,0.,2.094395102393,4.188790204786,
6.28318530718,8.377580409573),.UNSPECIFIED.) CURVE() 
GEOMETRIC_REPRESENTATION_ITEM() RATIONAL_B_SPLINE_CURVE((1.,0.5,1.,0.5,
1.,0.5,1.)) REPRESENTATION_ITEM('') );
#1102 = CARTESIAN_POINT('',(-2.28,2.795));
#1103 = CARTESIAN_POINT('',(-2.28,4.336525218736));
#1104 = CARTESIAN_POINT('',(-0.945,3.565762609368));
#1105 = CARTESIAN_POINT('',(0.39,2.795));
#1106 = CARTESIAN_POINT('',(-0.945,2.024237390632));
#1107 = CARTESIAN_POINT('',(-2.28,1.253474781264));
#1108 = CARTESIAN_POINT('',(-2.28,2.795));
#1109 = ( GEOMETRIC_REPRESENTATION_CONTEXT(2) 
PARAMETRIC_REPRESENTATION_CONTEXT() REPRESENTATION_CONTEXT('2D SPACE',''
  ) );
#1110 = PCURVE('',#1111,#1116);
#1111 = CYLINDRICAL_SURFACE('',#1112,0.89);
#1112 = AXIS2_PLACEMENT_3D('',#1113,#1114,#1115);
#1113 = CARTESIAN_POINT('',(-0.500244962915,2.795,1.09075889961));
#1114 = DIRECTION('',(-0.416870802429,0.,0.908965749675));
#1115 = DIRECTION('',(0.908965749675,0.,0.416870802429));
#1116 = DEFINITIONAL_REPRESENTATION('',(#1117),#1120);
#1117 = B_SPLINE_CURVE_WITH_KNOTS('',1,(#1118,#1119),.UNSPECIFIED.,.F.,
  .F.,(2,2),(0.,6.28318530718),.PIECEWISE_BEZIER_KNOTS.);
#1118 = CARTESIAN_POINT('',(0.,5.37));
#1119 = CARTESIAN_POINT('',(6.28318530718,5.37));
#1120 = ( GEOMETRIC_REPRESENTATION_CONTEXT(2) 
PARAMETRIC_REPRESENTATION_CONTEXT() REPRESENTATION_CONTEXT('2D SPACE',''
  ) );
#1121 = FACE_BOUND('',#1122,.T.);
#1122 = EDGE_LOOP('',(#1123));
#1123 = ORIENTED_EDGE('',*,*,#1124,.F.);
#1124 = EDGE_CURVE('',#1125,#1125,#1127,.T.);
#1125 = VERTEX_POINT('',#1126);
#1126 = CARTESIAN_POINT('',(-1.929861654749,6.895,6.342919989526));
#1127 = SURFACE_CURVE('',#1128,(#1133,#1144),.PCURVE_S1.);
#1128 = CIRCLE('',#1129,0.89);
#1129 = AXIS2_PLACEMENT_3D('',#1130,#1131,#1132);
#1130 = CARTESIAN_POINT('',(-2.73884117196,6.895,5.971904975364));
#1131 = DIRECTION('',(-0.416870802429,0.,0.908965749675));
#1132 = DIRECTION('',(0.908965749675,0.,0.416870802429));
#1133 = PCURVE('',#157,#1134);
#1134 = DEFINITIONAL_REPRESENTATION('',(#1135),#1143);
#1135 = ( BOUNDED_CURVE() B_SPLINE_CURVE(2,(#1136,#1137,#1138,#1139,
#1140,#1141,#1142),.UNSPECIFIED.,.T.,.F.) B_SPLINE_CURVE_WITH_KNOTS((1,2
    ,2,2,2,1),(-2.094395102393,0.,2.094395102393,4.188790204786,
6.28318530718,8.377580409573),.UNSPECIFIED.) CURVE() 
GEOMETRIC_REPRESENTATION_ITEM() RATIONAL_B_SPLINE_CURVE((1.,0.5,1.,0.5,
1.,0.5,1.)) REPRESENTATION_ITEM('') );
#1136 = CARTESIAN_POINT('',(-2.28,6.895));
#1137 = CARTESIAN_POINT('',(-2.28,8.436525218736));
#1138 = CARTESIAN_POINT('',(-0.945,7.665762609368));
#1139 = CARTESIAN_POINT('',(0.39,6.895));
#1140 = CARTESIAN_POINT('',(-0.945,6.124237390632));
#1141 = CARTESIAN_POINT('',(-2.28,5.353474781264));
#1142 = CARTESIAN_POINT('',(-2.28,6.895));
#1143 = ( GEOMETRIC_REPRESENTATION_CONTEXT(2) 
PARAMETRIC_REPRESENTATION_CONTEXT() REPRESENTATION_CONTEXT('2D SPACE',''
  ) );
#1144 = PCURVE('',#1145,#1150);
#1145 = CYLINDRICAL_SURFACE('',#1146,0.89);
#1146 = AXIS2_PLACEMENT_3D('',#1147,#1148,#1149);
#1147 = CARTESIAN_POINT('',(-0.500244962915,6.895,1.09075889961));
#1148 = DIRECTION('',(-0.416870802429,0.,0.908965749675));
#1149 = DIRECTION('',(0.908965749675,0.,0.416870802429));
#1150 = DEFINITIONAL_REPRESENTATION('',(#1151),#1154);
#1151 = B_SPLINE_CURVE_WITH_KNOTS('',1,(#1152,#1153),.UNSPECIFIED.,.F.,
  .F.,(2,2),(0.,6.28318530718),.PIECEWISE_BEZIER_KNOTS.);
#1152 = CARTESIAN_POINT('',(0.,5.37));
#1153 = CARTESIAN_POINT('',(6.28318530718,5.37));
#1154 = ( GEOMETRIC_REPRESENTATION_CONTEXT(2) 
PARAMETRIC_REPRESENTATION_CONTEXT() REPRESENTATION_CONTEXT('2D SPACE',''
  ) );
#1155 = ADVANCED_FACE('',(#1156),#489,.T.);
#1156 = FACE_BOUND('',#1157,.F.);
#1157 = EDGE_LOOP('',(#1158,#1159,#1179,#1180));
#1158 = ORIENTED_EDGE('',*,*,#905,.T.);
#1159 = ORIENTED_EDGE('',*,*,#1160,.T.);
#1160 = EDGE_CURVE('',#883,#447,#1161,.T.);
#1161 = SURFACE_CURVE('',#1162,(#1166,#1172),.PCURVE_S1.);
#1162 = LINE('',#1163,#1164);
#1163 = CARTESIAN_POINT('',(-4.015303772951,-9.,5.381166995831));
#1164 = VECTOR('',#1165,1.);
#1165 = DIRECTION('',(-0.,1.,-0.));
#1166 = PCURVE('',#489,#1167);
#1167 = DEFINITIONAL_REPRESENTATION('',(#1168),#1171);
#1168 = B_SPLINE_CURVE_WITH_KNOTS('',1,(#1169,#1170),.UNSPECIFIED.,.F.,
  .F.,(2,2),(0.,18.),.PIECEWISE_BEZIER_KNOTS.);
#1169 = CARTESIAN_POINT('',(-0.285,0.));
#1170 = CARTESIAN_POINT('',(-0.285,18.));
#1171 = ( GEOMETRIC_REPRESENTATION_CONTEXT(2) 
PARAMETRIC_REPRESENTATION_CONTEXT() REPRESENTATION_CONTEXT('2D SPACE',''
  ) );
#1172 = PCURVE('',#462,#1173);
#1173 = DEFINITIONAL_REPRESENTATION('',(#1174),#1178);
#1174 = LINE('',#1175,#1176);
#1175 = CARTESIAN_POINT('',(-1.009332822072,-9.));
#1176 = VECTOR('',#1177,1.);
#1177 = DIRECTION('',(-0.,1.));
#1178 = ( GEOMETRIC_REPRESENTATION_CONTEXT(2) 
PARAMETRIC_REPRESENTATION_CONTEXT() REPRESENTATION_CONTEXT('2D SPACE',''
  ) );
#1179 = ORIENTED_EDGE('',*,*,#474,.F.);
#1180 = ORIENTED_EDGE('',*,*,#1000,.F.);
#1181 = ADVANCED_FACE('',(#1182),#462,.F.);
#1182 = FACE_BOUND('',#1183,.T.);
#1183 = EDGE_LOOP('',(#1184,#1185,#1186,#1187));
#1184 = ORIENTED_EDGE('',*,*,#882,.T.);
#1185 = ORIENTED_EDGE('',*,*,#1160,.T.);
#1186 = ORIENTED_EDGE('',*,*,#446,.F.);
#1187 = ORIENTED_EDGE('',*,*,#1188,.F.);
#1188 = EDGE_CURVE('',#860,#419,#1189,.T.);
#1189 = SURFACE_CURVE('',#1190,(#1194,#1201),.PCURVE_S1.);
#1190 = LINE('',#1191,#1192);
#1191 = CARTESIAN_POINT('',(-4.764443956088,-9.,4.730718382593));
#1192 = VECTOR('',#1193,1.);
#1193 = DIRECTION('',(-0.,1.,-0.));
#1194 = PCURVE('',#462,#1195);
#1195 = DEFINITIONAL_REPRESENTATION('',(#1196),#1200);
#1196 = LINE('',#1197,#1198);
#1197 = CARTESIAN_POINT('',(-1.721669356018E-02,-9.));
#1198 = VECTOR('',#1199,1.);
#1199 = DIRECTION('',(-0.,1.));
#1200 = ( GEOMETRIC_REPRESENTATION_CONTEXT(2) 
PARAMETRIC_REPRESENTATION_CONTEXT() REPRESENTATION_CONTEXT('2D SPACE',''
  ) );
#1201 = PCURVE('',#435,#1202);
#1202 = DEFINITIONAL_REPRESENTATION('',(#1203),#1206);
#1203 = B_SPLINE_CURVE_WITH_KNOTS('',1,(#1204,#1205),.UNSPECIFIED.,.F.,
  .F.,(2,2),(0.,18.),.PIECEWISE_BEZIER_KNOTS.);
#1204 = CARTESIAN_POINT('',(0.,0.));
#1205 = CARTESIAN_POINT('',(0.,18.));
#1206 = ( GEOMETRIC_REPRESENTATION_CONTEXT(2) 
PARAMETRIC_REPRESENTATION_CONTEXT() REPRESENTATION_CONTEXT('2D SPACE',''
  ) );
#1207 = ADVANCED_FACE('',(#1208),#435,.T.);
#1208 = FACE_BOUND('',#1209,.F.);
#1209 = EDGE_LOOP('',(#1210,#1211,#1231,#1232));
#1210 = ORIENTED_EDGE('',*,*,#859,.T.);
#1211 = ORIENTED_EDGE('',*,*,#1212,.T.);
#1212 = EDGE_CURVE('',#837,#391,#1213,.T.);
#1213 = SURFACE_CURVE('',#1214,(#1218,#1224),.PCURVE_S1.);
#1214 = LINE('',#1215,#1216);
#1215 = CARTESIAN_POINT('',(-4.786746384261,-9.,4.704943470351));
#1216 = VECTOR('',#1217,1.);
#1217 = DIRECTION('',(-0.,1.,-0.));
#1218 = PCURVE('',#435,#1219);
#1219 = DEFINITIONAL_REPRESENTATION('',(#1220),#1223);
#1220 = B_SPLINE_CURVE_WITH_KNOTS('',1,(#1221,#1222),.UNSPECIFIED.,.F.,
  .F.,(2,2),(0.,18.),.PIECEWISE_BEZIER_KNOTS.);
#1221 = CARTESIAN_POINT('',(-0.285,0.));
#1222 = CARTESIAN_POINT('',(-0.285,18.));
#1223 = ( GEOMETRIC_REPRESENTATION_CONTEXT(2) 
PARAMETRIC_REPRESENTATION_CONTEXT() REPRESENTATION_CONTEXT('2D SPACE',''
  ) );
#1224 = PCURVE('',#406,#1225);
#1225 = DEFINITIONAL_REPRESENTATION('',(#1226),#1230);
#1226 = LINE('',#1227,#1228);
#1227 = CARTESIAN_POINT('',(-2.76278330644,-9.));
#1228 = VECTOR('',#1229,1.);
#1229 = DIRECTION('',(-0.,1.));
#1230 = ( GEOMETRIC_REPRESENTATION_CONTEXT(2) 
PARAMETRIC_REPRESENTATION_CONTEXT() REPRESENTATION_CONTEXT('2D SPACE',''
  ) );
#1231 = ORIENTED_EDGE('',*,*,#418,.F.);
#1232 = ORIENTED_EDGE('',*,*,#1188,.F.);
#1233 = ADVANCED_FACE('',(#1234,#1259,#1293,#1327,#1361),#406,.F.);
#1234 = FACE_BOUND('',#1235,.T.);
#1235 = EDGE_LOOP('',(#1236,#1237,#1238,#1239));
#1236 = ORIENTED_EDGE('',*,*,#836,.T.);
#1237 = ORIENTED_EDGE('',*,*,#1212,.T.);
#1238 = ORIENTED_EDGE('',*,*,#390,.F.);
#1239 = ORIENTED_EDGE('',*,*,#1240,.T.);
#1240 = EDGE_CURVE('',#363,#814,#1241,.T.);
#1241 = SURFACE_CURVE('',#1242,(#1246,#1253),.PCURVE_S1.);
#1242 = LINE('',#1243,#1244);
#1243 = CARTESIAN_POINT('',(-6.21464829864,9.,2.481117998848));
#1244 = VECTOR('',#1245,1.);
#1245 = DIRECTION('',(-0.,-1.,-0.));
#1246 = PCURVE('',#406,#1247);
#1247 = DEFINITIONAL_REPRESENTATION('',(#1248),#1252);
#1248 = LINE('',#1249,#1250);
#1249 = CARTESIAN_POINT('',(-0.12,9.));
#1250 = VECTOR('',#1251,1.);
#1251 = DIRECTION('',(-0.,-1.));
#1252 = ( GEOMETRIC_REPRESENTATION_CONTEXT(2) 
PARAMETRIC_REPRESENTATION_CONTEXT() REPRESENTATION_CONTEXT('2D SPACE',''
  ) );
#1253 = PCURVE('',#379,#1254);
#1254 = DEFINITIONAL_REPRESENTATION('',(#1255),#1258);
#1255 = B_SPLINE_CURVE_WITH_KNOTS('',1,(#1256,#1257),.UNSPECIFIED.,.F.,
  .F.,(2,2),(0.,18.),.PIECEWISE_BEZIER_KNOTS.);
#1256 = CARTESIAN_POINT('',(0.,0.));
#1257 = CARTESIAN_POINT('',(0.,18.));
#1258 = ( GEOMETRIC_REPRESENTATION_CONTEXT(2) 
PARAMETRIC_REPRESENTATION_CONTEXT() REPRESENTATION_CONTEXT('2D SPACE',''
  ) );
#1259 = FACE_BOUND('',#1260,.T.);
#1260 = EDGE_LOOP('',(#1261));
#1261 = ORIENTED_EDGE('',*,*,#1262,.F.);
#1262 = EDGE_CURVE('',#1263,#1263,#1265,.T.);
#1263 = VERTEX_POINT('',#1264);
#1264 = CARTESIAN_POINT('',(-6.009333422411,-7.455,2.800876973075));
#1265 = SURFACE_CURVE('',#1266,(#1271,#1282),.PCURVE_S1.);
#1266 = CIRCLE('',#1267,0.89);
#1267 = AXIS2_PLACEMENT_3D('',#1268,#1269,#1270);
#1268 = CARTESIAN_POINT('',(-5.528464370188,-7.455,3.549786149554));
#1269 = DIRECTION('',(-0.841470984808,0.,0.540302305868));
#1270 = DIRECTION('',(-0.540302305868,0.,-0.841470984808));
#1271 = PCURVE('',#406,#1272);
#1272 = DEFINITIONAL_REPRESENTATION('',(#1273),#1281);
#1273 = ( BOUNDED_CURVE() B_SPLINE_CURVE(2,(#1274,#1275,#1276,#1277,
#1278,#1279,#1280),.UNSPECIFIED.,.T.,.F.) B_SPLINE_CURVE_WITH_KNOTS((1,2
    ,2,2,2,1),(-2.094395102393,0.,2.094395102393,4.188790204786,
6.28318530718,8.377580409573),.UNSPECIFIED.) CURVE() 
GEOMETRIC_REPRESENTATION_ITEM() RATIONAL_B_SPLINE_CURVE((1.,0.5,1.,0.5,
1.,0.5,1.)) REPRESENTATION_ITEM('') );
#1274 = CARTESIAN_POINT('',(-0.5,-7.455));
#1275 = CARTESIAN_POINT('',(-0.5,-8.996525218736));
#1276 = CARTESIAN_POINT('',(-1.835,-8.225762609368));
#1277 = CARTESIAN_POINT('',(-3.17,-7.455));
#1278 = CARTESIAN_POINT('',(-1.835,-6.684237390632));
#1279 = CARTESIAN_POINT('',(-0.5,-5.913474781264));
#1280 = CARTESIAN_POINT('',(-0.5,-7.455));
#1281 = ( GEOMETRIC_REPRESENTATION_CONTEXT(2) 
PARAMETRIC_REPRESENTATION_CONTEXT() REPRESENTATION_CONTEXT('2D SPACE',''
  ) );
#1282 = PCURVE('',#1283,#1288);
#1283 = CYLINDRICAL_SURFACE('',#1284,0.89);
#1284 = AXIS2_PLACEMENT_3D('',#1285,#1286,#1287);
#1285 = CARTESIAN_POINT('',(-1.009765181769,-7.455,0.648362767042));
#1286 = DIRECTION('',(-0.841470984808,0.,0.540302305868));
#1287 = DIRECTION('',(-0.540302305868,0.,-0.841470984808));
#1288 = DEFINITIONAL_REPRESENTATION('',(#1289),#1292);
#1289 = B_SPLINE_CURVE_WITH_KNOTS('',1,(#1290,#1291),.UNSPECIFIED.,.F.,
  .F.,(2,2),(0.,6.28318530718),.PIECEWISE_BEZIER_KNOTS.);
#1290 = CARTESIAN_POINT('',(0.,5.37));
#1291 = CARTESIAN_POINT('',(6.28318530718,5.37));
#1292 = ( GEOMETRIC_REPRESENTATION_CONTEXT(2) 
PARAMETRIC_REPRESENTATION_CONTEXT() REPRESENTATION_CONTEXT('2D SPACE',''
  ) );
#1293 = FACE_BOUND('',#1294,.T.);
#1294 = EDGE_LOOP('',(#1295));
#1295 = ORIENTED_EDGE('',*,*,#1296,.F.);
#1296 = EDGE_CURVE('',#1297,#1297,#1299,.T.);
#1297 = VERTEX_POINT('',#1298);
#1298 = CARTESIAN_POINT('',(-6.009333422411,-3.355,2.800876973075));
#1299 = SURFACE_CURVE('',#1300,(#1305,#1316),.PCURVE_S1.);
#1300 = CIRCLE('',#1301,0.89);
#1301 = AXIS2_PLACEMENT_3D('',#1302,#1303,#1304);
#1302 = CARTESIAN_POINT('',(-5.528464370188,-3.355,3.549786149554));
#1303 = DIRECTION('',(-0.841470984808,0.,0.540302305868));
#1304 = DIRECTION('',(-0.540302305868,0.,-0.841470984808));
#1305 = PCURVE('',#406,#1306);
#1306 = DEFINITIONAL_REPRESENTATION('',(#1307),#1315);
#1307 = ( BOUNDED_CURVE() B_SPLINE_CURVE(2,(#1308,#1309,#1310,#1311,
#1312,#1313,#1314),.UNSPECIFIED.,.T.,.F.) B_SPLINE_CURVE_WITH_KNOTS((1,2
    ,2,2,2,1),(-2.094395102393,0.,2.094395102393,4.188790204786,
6.28318530718,8.377580409573),.UNSPECIFIED.) CURVE() 
GEOMETRIC_REPRESENTATION_ITEM() RATIONAL_B_SPLINE_CURVE((1.,0.5,1.,0.5,
1.,0.5,1.)) REPRESENTATION_ITEM('') );
#1308 = CARTESIAN_POINT('',(-0.5,-3.355));
#1309 = CARTESIAN_POINT('',(-0.5,-4.896525218736));
#1310 = CARTESIAN_POINT('',(-1.835,-4.125762609368));
#1311 = CARTESIAN_POINT('',(-3.17,-3.355));
#1312 = CARTESIAN_POINT('',(-1.835,-2.584237390632));
#1313 = CARTESIAN_POINT('',(-0.5,-1.813474781264));
#1314 = CARTESIAN_POINT('',(-0.5,-3.355));
#1315 = ( GEOMETRIC_REPRESENTATION_CONTEXT(2) 
PARAMETRIC_REPRESENTATION_CONTEXT() REPRESENTATION_CONTEXT('2D SPACE',''
  ) );
#1316 = PCURVE('',#1317,#1322);
#1317 = CYLINDRICAL_SURFACE('',#1318,0.89);
#1318 = AXIS2_PLACEMENT_3D('',#1319,#1320,#1321);
#1319 = CARTESIAN_POINT('',(-1.009765181769,-3.355,0.648362767042));
#1320 = DIRECTION('',(-0.841470984808,0.,0.540302305868));
#1321 = DIRECTION('',(-0.540302305868,0.,-0.841470984808));
#1322 = DEFINITIONAL_REPRESENTATION('',(#1323),#1326);
#1323 = B_SPLINE_CURVE_WITH_KNOTS('',1,(#1324,#1325),.UNSPECIFIED.,.F.,
  .F.,(2,2),(0.,6.28318530718),.PIECEWISE_BEZIER_KNOTS.);
#1324 = CARTESIAN_POINT('',(0.,5.37));
#1325 = CARTESIAN_POINT('',(6.28318530718,5.37));
#1326 = ( GEOMETRIC_REPRESENTATION_CONTEXT(2) 
PARAMETRIC_REPRESENTATION_CONTEXT() REPRESENTATION_CONTEXT('2D SPACE',''
  ) );
#1327 = FACE_BOUND('',#1328,.T.);
#1328 = EDGE_LOOP('',(#1329));
#1329 = ORIENTED_EDGE('',*,*,#1330,.F.);
#1330 = EDGE_CURVE('',#1331,#1331,#1333,.T.);
#1331 = VERTEX_POINT('',#1332);
#1332 = CARTESIAN_POINT('',(-6.009333422411,0.745,2.800876973075));
#1333 = SURFACE_CURVE('',#1334,(#1339,#1350),.PCURVE_S1.);
#1334 = CIRCLE('',#1335,0.89);
#1335 = AXIS2_PLACEMENT_3D('',#1336,#1337,#1338);
#1336 = CARTESIAN_POINT('',(-5.528464370188,0.745,3.549786149554));
#1337 = DIRECTION('',(-0.841470984808,0.,0.540302305868));
#1338 = DIRECTION('',(-0.540302305868,0.,-0.841470984808));
#1339 = PCURVE('',#406,#1340);
#1340 = DEFINITIONAL_REPRESENTATION('',(#1341),#1349);
#1341 = ( BOUNDED_CURVE() B_SPLINE_CURVE(2,(#1342,#1343,#1344,#1345,
#1346,#1347,#1348),.UNSPECIFIED.,.T.,.F.) B_SPLINE_CURVE_WITH_KNOTS((1,2
    ,2,2,2,1),(-2.094395102393,0.,2.094395102393,4.188790204786,
6.28318530718,8.377580409573),.UNSPECIFIED.) CURVE() 
GEOMETRIC_REPRESENTATION_ITEM() RATIONAL_B_SPLINE_CURVE((1.,0.5,1.,0.5,
1.,0.5,1.)) REPRESENTATION_ITEM('') );
#1342 = CARTESIAN_POINT('',(-0.5,0.745));
#1343 = CARTESIAN_POINT('',(-0.5,-0.796525218736));
#1344 = CARTESIAN_POINT('',(-1.835,-2.576260936815E-02));
#1345 = CARTESIAN_POINT('',(-3.17,0.745));
#1346 = CARTESIAN_POINT('',(-1.835,1.515762609368));
#1347 = CARTESIAN_POINT('',(-0.5,2.286525218736));
#1348 = CARTESIAN_POINT('',(-0.5,0.745));
#1349 = ( GEOMETRIC_REPRESENTATION_CONTEXT(2) 
PARAMETRIC_REPRESENTATION_CONTEXT() REPRESENTATION_CONTEXT('2D SPACE',''
  ) );
#1350 = PCURVE('',#1351,#1356);
#1351 = CYLINDRICAL_SURFACE('',#1352,0.89);
#1352 = AXIS2_PLACEMENT_3D('',#1353,#1354,#1355);
#1353 = CARTESIAN_POINT('',(-1.009765181769,0.745,0.648362767042));
#1354 = DIRECTION('',(-0.841470984808,0.,0.540302305868));
#1355 = DIRECTION('',(-0.540302305868,0.,-0.841470984808));
#1356 = DEFINITIONAL_REPRESENTATION('',(#1357),#1360);
#1357 = B_SPLINE_CURVE_WITH_KNOTS('',1,(#1358,#1359),.UNSPECIFIED.,.F.,
  .F.,(2,2),(0.,6.28318530718),.PIECEWISE_BEZIER_KNOTS.);
#1358 = CARTESIAN_POINT('',(0.,5.37));
#1359 = CARTESIAN_POINT('',(6.28318530718,5.37));
#1360 = ( GEOMETRIC_REPRESENTATION_CONTEXT(2) 
PARAMETRIC_REPRESENTATION_CONTEXT() REPRESENTATION_CONTEXT('2D SPACE',''
  ) );
#1361 = FACE_BOUND('',#1362,.T.);
#1362 = EDGE_LOOP('',(#1363));
#1363 = ORIENTED_EDGE('',*,*,#1364,.F.);
#1364 = EDGE_CURVE('',#1365,#1365,#1367,.T.);
#1365 = VERTEX_POINT('',#1366);
#1366 = CARTESIAN_POINT('',(-6.009333422411,4.845,2.800876973075));
#1367 = SURFACE_CURVE('',#1368,(#1373,#1384),.PCURVE_S1.);
#1368 = CIRCLE('',#1369,0.89);
#1369 = AXIS2_PLACEMENT_3D('',#1370,#1371,#1372);
#1370 = CARTESIAN_POINT('',(-5.528464370188,4.845,3.549786149554));
#1371 = DIRECTION('',(-0.841470984808,0.,0.540302305868));
#1372 = DIRECTION('',(-0.540302305868,0.,-0.841470984808));
#1373 = PCURVE('',#406,#1374);
#1374 = DEFINITIONAL_REPRESENTATION('',(#1375),#1383);
#1375 = ( BOUNDED_CURVE() B_SPLINE_CURVE(2,(#1376,#1377,#1378,#1379,
#1380,#1381,#1382),.UNSPECIFIED.,.T.,.F.) B_SPLINE_CURVE_WITH_KNOTS((1,2
    ,2,2,2,1),(-2.094395102393,0.,2.094395102393,4.188790204786,
6.28318530718,8.377580409573),.UNSPECIFIED.) CURVE() 
GEOMETRIC_REPRESENTATION_ITEM() RATIONAL_B_SPLINE_CURVE((1.,0.5,1.,0.5,
1.,0.5,1.)) REPRESENTATION_ITEM('') );
#1376 = CARTESIAN_POINT('',(-0.5,4.845));
#1377 = CARTESIAN_POINT('',(-0.5,3.303474781264));
#1378 = CARTESIAN_POINT('',(-1.835,4.074237390632));
#1379 = CARTESIAN_POINT('',(-3.17,4.845));
#1380 = CARTESIAN_POINT('',(-1.835,5.615762609368));
#1381 = CARTESIAN_POINT('',(-0.5,6.386525218736));
#1382 = CARTESIAN_POINT('',(-0.5,4.845));
#1383 = ( GEOMETRIC_REPRESENTATION_CONTEXT(2) 
PARAMETRIC_REPRESENTATION_CONTEXT() REPRESENTATION_CONTEXT('2D SPACE',''
  ) );
#1384 = PCURVE('',#1385,#1390);
#1385 = CYLINDRICAL_SURFACE('',#1386,0.89);
#1386 = AXIS2_PLACEMENT_3D('',#1387,#1388,#1389);
#1387 = CARTESIAN_POINT('',(-1.009765181769,4.845,0.648362767042));
#1388 = DIRECTION('',(-0.841470984808,0.,0.540302305868));
#1389 = DIRECTION('',(-0.540302305868,0.,-0.841470984808));
#1390 = DEFINITIONAL_REPRESENTATION('',(#1391),#1394);
#1391 = B_SPLINE_CURVE_WITH_KNOTS('',1,(#1392,#1393),.UNSPECIFIED.,.F.,
  .F.,(2,2),(0.,6.28318530718),.PIECEWISE_BEZIER_KNOTS.);
#1392 = CARTESIAN_POINT('',(0.,5.37));
#1393 = CARTESIAN_POINT('',(6.28318530718,5.37));
#1394 = ( GEOMETRIC_REPRESENTATION_CONTEXT(2) 
PARAMETRIC_REPRESENTATION_CONTEXT() REPRESENTATION_CONTEXT('2D SPACE',''
  ) );
#1395 = ADVANCED_FACE('',(#1396),#234,.F.);
#1396 = FACE_BOUND('',#1397,.T.);
#1397 = EDGE_LOOP('',(#1398,#1420,#1448,#1476,#1503,#1531,#1559,#1586,
    #1614,#1642,#1669,#1697,#1725,#1745,#1746,#1747));
#1398 = ORIENTED_EDGE('',*,*,#1399,.T.);
#1399 = EDGE_CURVE('',#690,#1400,#1402,.T.);
#1400 = VERTEX_POINT('',#1401);
#1401 = CARTESIAN_POINT('',(-1.,-6.292035190024,2.35456806083));
#1402 = SURFACE_CURVE('',#1403,(#1407,#1414),.PCURVE_S1.);
#1403 = LINE('',#1404,#1405);
#1404 = CARTESIAN_POINT('',(-1.,-9.,2.35456806083));
#1405 = VECTOR('',#1406,1.);
#1406 = DIRECTION('',(-0.,1.,-0.));
#1407 = PCURVE('',#234,#1408);
#1408 = DEFINITIONAL_REPRESENTATION('',(#1409),#1413);
#1409 = LINE('',#1410,#1411);
#1410 = CARTESIAN_POINT('',(-6.35456806083,-1.5));
#1411 = VECTOR('',#1412,1.);
#1412 = DIRECTION('',(-0.,-1.));
#1413 = ( GEOMETRIC_REPRESENTATION_CONTEXT(2) 
PARAMETRIC_REPRESENTATION_CONTEXT() REPRESENTATION_CONTEXT('2D SPACE',''
  ) );
#1414 = PCURVE('',#733,#1415);
#1415 = DEFINITIONAL_REPRESENTATION('',(#1416),#1419);
#1416 = B_SPLINE_CURVE_WITH_KNOTS('',1,(#1417,#1418),.UNSPECIFIED.,.F.,
  .F.,(2,2),(0.,2.707964809976),.PIECEWISE_BEZIER_KNOTS.);
#1417 = CARTESIAN_POINT('',(0.,0.));
#1418 = CARTESIAN_POINT('',(0.,2.707964809976));
#1419 = ( GEOMETRIC_REPRESENTATION_CONTEXT(2) 
PARAMETRIC_REPRESENTATION_CONTEXT() REPRESENTATION_CONTEXT('2D SPACE',''
  ) );
#1420 = ORIENTED_EDGE('',*,*,#1421,.T.);
#1421 = EDGE_CURVE('',#1400,#1422,#1424,.T.);
#1422 = VERTEX_POINT('',#1423);
#1423 = CARTESIAN_POINT('',(-1.,-5.405,4.315403571543));
#1424 = SURFACE_CURVE('',#1425,(#1430,#1437),.PCURVE_S1.);
#1425 = ELLIPSE('',#1426,2.134954030874,0.89);
#1426 = AXIS2_PLACEMENT_3D('',#1427,#1428,#1429);
#1427 = CARTESIAN_POINT('',(-1.,-5.405,2.180449540669));
#1428 = DIRECTION('',(-1.,-0.,0.));
#1429 = DIRECTION('',(0.,0.,1.));
#1430 = PCURVE('',#234,#1431);
#1431 = DEFINITIONAL_REPRESENTATION('',(#1432),#1436);
#1432 = ELLIPSE('',#1433,2.134954030874,0.89);
#1433 = AXIS2_PLACEMENT_2D('',#1434,#1435);
#1434 = CARTESIAN_POINT('',(-6.180449540669,-5.095));
#1435 = DIRECTION('',(-1.,-0.));
#1436 = ( GEOMETRIC_REPRESENTATION_CONTEXT(2) 
PARAMETRIC_REPRESENTATION_CONTEXT() REPRESENTATION_CONTEXT('2D SPACE',''
  ) );
#1437 = PCURVE('',#1043,#1438);
#1438 = DEFINITIONAL_REPRESENTATION('',(#1439),#1447);
#1439 = B_SPLINE_CURVE_WITH_KNOTS('',6,(#1440,#1441,#1442,#1443,#1444,
    #1445,#1446),.UNSPECIFIED.,.F.,.F.,(7,7),(4.7940357604,6.28318530718
    ),.PIECEWISE_BEZIER_KNOTS.);
#1440 = CARTESIAN_POINT('',(4.7940357604,1.357090267933));
#1441 = CARTESIAN_POINT('',(5.04222735153,1.837123555349));
#1442 = CARTESIAN_POINT('',(5.29041894266,2.305473207935));
#1443 = CARTESIAN_POINT('',(5.53861053379,2.708953004197));
#1444 = CARTESIAN_POINT('',(5.78680212492,2.996016062904));
#1445 = CARTESIAN_POINT('',(6.03499371605,3.139424844986));
#1446 = CARTESIAN_POINT('',(6.28318530718,3.139424844986));
#1447 = ( GEOMETRIC_REPRESENTATION_CONTEXT(2) 
PARAMETRIC_REPRESENTATION_CONTEXT() REPRESENTATION_CONTEXT('2D SPACE',''
  ) );
#1448 = ORIENTED_EDGE('',*,*,#1449,.T.);
#1449 = EDGE_CURVE('',#1422,#1450,#1452,.T.);
#1450 = VERTEX_POINT('',#1451);
#1451 = CARTESIAN_POINT('',(-1.,-4.517964809976,2.35456806083));
#1452 = SURFACE_CURVE('',#1453,(#1458,#1465),.PCURVE_S1.);
#1453 = ELLIPSE('',#1454,2.134954030874,0.89);
#1454 = AXIS2_PLACEMENT_3D('',#1455,#1456,#1457);
#1455 = CARTESIAN_POINT('',(-1.,-5.405,2.180449540669));
#1456 = DIRECTION('',(-1.,-0.,0.));
#1457 = DIRECTION('',(0.,0.,1.));
#1458 = PCURVE('',#234,#1459);
#1459 = DEFINITIONAL_REPRESENTATION('',(#1460),#1464);
#1460 = ELLIPSE('',#1461,2.134954030874,0.89);
#1461 = AXIS2_PLACEMENT_2D('',#1462,#1463);
#1462 = CARTESIAN_POINT('',(-6.180449540669,-5.095));
#1463 = DIRECTION('',(-1.,-0.));
#1464 = ( GEOMETRIC_REPRESENTATION_CONTEXT(2) 
PARAMETRIC_REPRESENTATION_CONTEXT() REPRESENTATION_CONTEXT('2D SPACE',''
  ) );
#1465 = PCURVE('',#1043,#1466);
#1466 = DEFINITIONAL_REPRESENTATION('',(#1467),#1475);
#1467 = B_SPLINE_CURVE_WITH_KNOTS('',6,(#1468,#1469,#1470,#1471,#1472,
    #1473,#1474),.UNSPECIFIED.,.F.,.F.,(7,7),(0.,1.489149546779),
  .PIECEWISE_BEZIER_KNOTS.);
#1468 = CARTESIAN_POINT('',(0.,3.139424844986));
#1469 = CARTESIAN_POINT('',(0.24819159113,3.139424844986));
#1470 = CARTESIAN_POINT('',(0.49638318226,2.996016062904));
#1471 = CARTESIAN_POINT('',(0.74457477339,2.708953004197));
#1472 = CARTESIAN_POINT('',(0.992766364519,2.305473207935));
#1473 = CARTESIAN_POINT('',(1.240957955649,1.837123555349));
#1474 = CARTESIAN_POINT('',(1.489149546779,1.357090267933));
#1475 = ( GEOMETRIC_REPRESENTATION_CONTEXT(2) 
PARAMETRIC_REPRESENTATION_CONTEXT() REPRESENTATION_CONTEXT('2D SPACE',''
  ) );
#1476 = ORIENTED_EDGE('',*,*,#1477,.T.);
#1477 = EDGE_CURVE('',#1450,#1478,#1480,.T.);
#1478 = VERTEX_POINT('',#1479);
#1479 = CARTESIAN_POINT('',(-1.,-2.192035190024,2.35456806083));
#1480 = SURFACE_CURVE('',#1481,(#1485,#1492),.PCURVE_S1.);
#1481 = LINE('',#1482,#1483);
#1482 = CARTESIAN_POINT('',(-1.,-9.,2.35456806083));
#1483 = VECTOR('',#1484,1.);
#1484 = DIRECTION('',(-0.,1.,-0.));
#1485 = PCURVE('',#234,#1486);
#1486 = DEFINITIONAL_REPRESENTATION('',(#1487),#1491);
#1487 = LINE('',#1488,#1489);
#1488 = CARTESIAN_POINT('',(-6.35456806083,-1.5));
#1489 = VECTOR('',#1490,1.);
#1490 = DIRECTION('',(-0.,-1.));
#1491 = ( GEOMETRIC_REPRESENTATION_CONTEXT(2) 
PARAMETRIC_REPRESENTATION_CONTEXT() REPRESENTATION_CONTEXT('2D SPACE',''
  ) );
#1492 = PCURVE('',#1493,#1498);
#1493 = CYLINDRICAL_SURFACE('',#1494,0.12);
#1494 = AXIS2_PLACEMENT_3D('',#1495,#1496,#1497);
#1495 = CARTESIAN_POINT('',(-1.12,-9.,2.35456806083));
#1496 = DIRECTION('',(-0.,1.,-0.));
#1497 = DIRECTION('',(1.,-0.,-0.));
#1498 = DEFINITIONAL_REPRESENTATION('',(#1499),#1502);
#1499 = B_SPLINE_CURVE_WITH_KNOTS('',1,(#1500,#1501),.UNSPECIFIED.,.F.,
  .F.,(2,2),(4.482035190024,6.807964809976),.PIECEWISE_BEZIER_KNOTS.);
#1500 = CARTESIAN_POINT('',(0.,4.482035190024));
#1501 = CARTESIAN_POINT('',(0.,6.807964809976));
#1502 = ( GEOMETRIC_REPRESENTATION_CONTEXT(2) 
PARAMETRIC_REPRESENTATION_CONTEXT() REPRESENTATION_CONTEXT('2D SPACE',''
  ) );
#1503 = ORIENTED_EDGE('',*,*,#1504,.T.);
#1504 = EDGE_CURVE('',#1478,#1505,#1507,.T.);
#1505 = VERTEX_POINT('',#1506);
#1506 = CARTESIAN_POINT('',(-1.,-1.305,4.315403571543));
#1507 = SURFACE_CURVE('',#1508,(#1513,#1520),.PCURVE_S1.);
#1508 = ELLIPSE('',#1509,2.134954030874,0.89);
#1509 = AXIS2_PLACEMENT_3D('',#1510,#1511,#1512);
#1510 = CARTESIAN_POINT('',(-1.,-1.305,2.180449540669));
#1511 = DIRECTION('',(-1.,-0.,0.));
#1512 = DIRECTION('',(0.,0.,1.));
#1513 = PCURVE('',#234,#1514);
#1514 = DEFINITIONAL_REPRESENTATION('',(#1515),#1519);
#1515 = ELLIPSE('',#1516,2.134954030874,0.89);
#1516 = AXIS2_PLACEMENT_2D('',#1517,#1518);
#1517 = CARTESIAN_POINT('',(-6.180449540669,-9.195));
#1518 = DIRECTION('',(-1.,-0.));
#1519 = ( GEOMETRIC_REPRESENTATION_CONTEXT(2) 
PARAMETRIC_REPRESENTATION_CONTEXT() REPRESENTATION_CONTEXT('2D SPACE',''
  ) );
#1520 = PCURVE('',#1077,#1521);
#1521 = DEFINITIONAL_REPRESENTATION('',(#1522),#1530);
#1522 = B_SPLINE_CURVE_WITH_KNOTS('',6,(#1523,#1524,#1525,#1526,#1527,
    #1528,#1529),.UNSPECIFIED.,.F.,.F.,(7,7),(4.7940357604,6.28318530718
    ),.PIECEWISE_BEZIER_KNOTS.);
#1523 = CARTESIAN_POINT('',(4.7940357604,1.357090267933));
#1524 = CARTESIAN_POINT('',(5.04222735153,1.837123555349));
#1525 = CARTESIAN_POINT('',(5.29041894266,2.305473207935));
#1526 = CARTESIAN_POINT('',(5.53861053379,2.708953004197));
#1527 = CARTESIAN_POINT('',(5.78680212492,2.996016062904));
#1528 = CARTESIAN_POINT('',(6.03499371605,3.139424844986));
#1529 = CARTESIAN_POINT('',(6.28318530718,3.139424844986));
#1530 = ( GEOMETRIC_REPRESENTATION_CONTEXT(2) 
PARAMETRIC_REPRESENTATION_CONTEXT() REPRESENTATION_CONTEXT('2D SPACE',''
  ) );
#1531 = ORIENTED_EDGE('',*,*,#1532,.T.);
#1532 = EDGE_CURVE('',#1505,#1533,#1535,.T.);
#1533 = VERTEX_POINT('',#1534);
#1534 = CARTESIAN_POINT('',(-1.,-0.417964809976,2.35456806083));
#1535 = SURFACE_CURVE('',#1536,(#1541,#1548),.PCURVE_S1.);
#1536 = ELLIPSE('',#1537,2.134954030874,0.89);
#1537 = AXIS2_PLACEMENT_3D('',#1538,#1539,#1540);
#1538 = CARTESIAN_POINT('',(-1.,-1.305,2.180449540669));
#1539 = DIRECTION('',(-1.,-0.,0.));
#1540 = DIRECTION('',(0.,0.,1.));
#1541 = PCURVE('',#234,#1542);
#1542 = DEFINITIONAL_REPRESENTATION('',(#1543),#1547);
#1543 = ELLIPSE('',#1544,2.134954030874,0.89);
#1544 = AXIS2_PLACEMENT_2D('',#1545,#1546);
#1545 = CARTESIAN_POINT('',(-6.180449540669,-9.195));
#1546 = DIRECTION('',(-1.,-0.));
#1547 = ( GEOMETRIC_REPRESENTATION_CONTEXT(2) 
PARAMETRIC_REPRESENTATION_CONTEXT() REPRESENTATION_CONTEXT('2D SPACE',''
  ) );
#1548 = PCURVE('',#1077,#1549);
#1549 = DEFINITIONAL_REPRESENTATION('',(#1550),#1558);
#1550 = B_SPLINE_CURVE_WITH_KNOTS('',6,(#1551,#1552,#1553,#1554,#1555,
    #1556,#1557),.UNSPECIFIED.,.F.,.F.,(7,7),(0.,1.489149546779),
  .PIECEWISE_BEZIER_KNOTS.);
#1551 = CARTESIAN_POINT('',(0.,3.139424844986));
#1552 = CARTESIAN_POINT('',(0.24819159113,3.139424844986));
#1553 = CARTESIAN_POINT('',(0.49638318226,2.996016062904));
#1554 = CARTESIAN_POINT('',(0.74457477339,2.708953004197));
#1555 = CARTESIAN_POINT('',(0.992766364519,2.305473207935));
#1556 = CARTESIAN_POINT('',(1.240957955649,1.837123555349));
#1557 = CARTESIAN_POINT('',(1.489149546779,1.357090267933));
#1558 = ( GEOMETRIC_REPRESENTATION_CONTEXT(2) 
PARAMETRIC_REPRESENTATION_CONTEXT() REPRESENTATION_CONTEXT('2D SPACE',''
  ) );
#1559 = ORIENTED_EDGE('',*,*,#1560,.T.);
#1560 = EDGE_CURVE('',#1533,#1561,#1563,.T.);
#1561 = VERTEX_POINT('',#1562);
#1562 = CARTESIAN_POINT('',(-1.,1.907964809976,2.35456806083));
#1563 = SURFACE_CURVE('',#1564,(#1568,#1575),.PCURVE_S1.);
#1564 = LINE('',#1565,#1566);
#1565 = CARTESIAN_POINT('',(-1.,-9.,2.35456806083));
#1566 = VECTOR('',#1567,1.);
#1567 = DIRECTION('',(-0.,1.,-0.));
#1568 = PCURVE('',#234,#1569);
#1569 = DEFINITIONAL_REPRESENTATION('',(#1570),#1574);
#1570 = LINE('',#1571,#1572);
#1571 = CARTESIAN_POINT('',(-6.35456806083,-1.5));
#1572 = VECTOR('',#1573,1.);
#1573 = DIRECTION('',(-0.,-1.));
#1574 = ( GEOMETRIC_REPRESENTATION_CONTEXT(2) 
PARAMETRIC_REPRESENTATION_CONTEXT() REPRESENTATION_CONTEXT('2D SPACE',''
  ) );
#1575 = PCURVE('',#1576,#1581);
#1576 = CYLINDRICAL_SURFACE('',#1577,0.12);
#1577 = AXIS2_PLACEMENT_3D('',#1578,#1579,#1580);
#1578 = CARTESIAN_POINT('',(-1.12,-9.,2.35456806083));
#1579 = DIRECTION('',(-0.,1.,-0.));
#1580 = DIRECTION('',(1.,-0.,-0.));
#1581 = DEFINITIONAL_REPRESENTATION('',(#1582),#1585);
#1582 = B_SPLINE_CURVE_WITH_KNOTS('',1,(#1583,#1584),.UNSPECIFIED.,.F.,
  .F.,(2,2),(8.582035190024,10.907964809976),.PIECEWISE_BEZIER_KNOTS.);
#1583 = CARTESIAN_POINT('',(0.,8.582035190024));
#1584 = CARTESIAN_POINT('',(0.,10.907964809976));
#1585 = ( GEOMETRIC_REPRESENTATION_CONTEXT(2) 
PARAMETRIC_REPRESENTATION_CONTEXT() REPRESENTATION_CONTEXT('2D SPACE',''
  ) );
#1586 = ORIENTED_EDGE('',*,*,#1587,.T.);
#1587 = EDGE_CURVE('',#1561,#1588,#1590,.T.);
#1588 = VERTEX_POINT('',#1589);
#1589 = CARTESIAN_POINT('',(-1.,2.795,4.315403571543));
#1590 = SURFACE_CURVE('',#1591,(#1596,#1603),.PCURVE_S1.);
#1591 = ELLIPSE('',#1592,2.134954030874,0.89);
#1592 = AXIS2_PLACEMENT_3D('',#1593,#1594,#1595);
#1593 = CARTESIAN_POINT('',(-1.,2.795,2.180449540669));
#1594 = DIRECTION('',(-1.,-0.,0.));
#1595 = DIRECTION('',(0.,0.,1.));
#1596 = PCURVE('',#234,#1597);
#1597 = DEFINITIONAL_REPRESENTATION('',(#1598),#1602);
#1598 = ELLIPSE('',#1599,2.134954030874,0.89);
#1599 = AXIS2_PLACEMENT_2D('',#1600,#1601);
#1600 = CARTESIAN_POINT('',(-6.180449540669,-13.295));
#1601 = DIRECTION('',(-1.,-0.));
#1602 = ( GEOMETRIC_REPRESENTATION_CONTEXT(2) 
PARAMETRIC_REPRESENTATION_CONTEXT() REPRESENTATION_CONTEXT('2D SPACE',''
  ) );
#1603 = PCURVE('',#1111,#1604);
#1604 = DEFINITIONAL_REPRESENTATION('',(#1605),#1613);
#1605 = B_SPLINE_CURVE_WITH_KNOTS('',6,(#1606,#1607,#1608,#1609,#1610,
    #1611,#1612),.UNSPECIFIED.,.F.,.F.,(7,7),(4.7940357604,6.28318530718
    ),.PIECEWISE_BEZIER_KNOTS.);
#1606 = CARTESIAN_POINT('',(4.7940357604,1.357090267933));
#1607 = CARTESIAN_POINT('',(5.04222735153,1.837123555349));
#1608 = CARTESIAN_POINT('',(5.29041894266,2.305473207935));
#1609 = CARTESIAN_POINT('',(5.53861053379,2.708953004197));
#1610 = CARTESIAN_POINT('',(5.78680212492,2.996016062904));
#1611 = CARTESIAN_POINT('',(6.03499371605,3.139424844986));
#1612 = CARTESIAN_POINT('',(6.28318530718,3.139424844986));
#1613 = ( GEOMETRIC_REPRESENTATION_CONTEXT(2) 
PARAMETRIC_REPRESENTATION_CONTEXT() REPRESENTATION_CONTEXT('2D SPACE',''
  ) );
#1614 = ORIENTED_EDGE('',*,*,#1615,.T.);
#1615 = EDGE_CURVE('',#1588,#1616,#1618,.T.);
#1616 = VERTEX_POINT('',#1617);
#1617 = CARTESIAN_POINT('',(-1.,3.682035190024,2.35456806083));
#1618 = SURFACE_CURVE('',#1619,(#1624,#1631),.PCURVE_S1.);
#1619 = ELLIPSE('',#1620,2.134954030874,0.89);
#1620 = AXIS2_PLACEMENT_3D('',#1621,#1622,#1623);
#1621 = CARTESIAN_POINT('',(-1.,2.795,2.180449540669));
#1622 = DIRECTION('',(-1.,-0.,0.));
#1623 = DIRECTION('',(0.,0.,1.));
#1624 = PCURVE('',#234,#1625);
#1625 = DEFINITIONAL_REPRESENTATION('',(#1626),#1630);
#1626 = ELLIPSE('',#1627,2.134954030874,0.89);
#1627 = AXIS2_PLACEMENT_2D('',#1628,#1629);
#1628 = CARTESIAN_POINT('',(-6.180449540669,-13.295));
#1629 = DIRECTION('',(-1.,-0.));
#1630 = ( GEOMETRIC_REPRESENTATION_CONTEXT(2) 
PARAMETRIC_REPRESENTATION_CONTEXT() REPRESENTATION_CONTEXT('2D SPACE',''
  ) );
#1631 = PCURVE('',#1111,#1632);
#1632 = DEFINITIONAL_REPRESENTATION('',(#1633),#1641);
#1633 = B_SPLINE_CURVE_WITH_KNOTS('',6,(#1634,#1635,#1636,#1637,#1638,
    #1639,#1640),.UNSPECIFIED.,.F.,.F.,(7,7),(0.,1.489149546779),
  .PIECEWISE_BEZIER_KNOTS.);
#1634 = CARTESIAN_POINT('',(0.,3.139424844986));
#1635 = CARTESIAN_POINT('',(0.24819159113,3.139424844986));
#1636 = CARTESIAN_POINT('',(0.49638318226,2.996016062904));
#1637 = CARTESIAN_POINT('',(0.74457477339,2.708953004197));
#1638 = CARTESIAN_POINT('',(0.992766364519,2.305473207935));
#1639 = CARTESIAN_POINT('',(1.240957955649,1.837123555349));
#1640 = CARTESIAN_POINT('',(1.489149546779,1.357090267933));
#1641 = ( GEOMETRIC_REPRESENTATION_CONTEXT(2) 
PARAMETRIC_REPRESENTATION_CONTEXT() REPRESENTATION_CONTEXT('2D SPACE',''
  ) );
#1642 = ORIENTED_EDGE('',*,*,#1643,.T.);
#1643 = EDGE_CURVE('',#1616,#1644,#1646,.T.);
#1644 = VERTEX_POINT('',#1645);
#1645 = CARTESIAN_POINT('',(-1.,6.007964809976,2.35456806083));
#1646 = SURFACE_CURVE('',#1647,(#1651,#1658),.PCURVE_S1.);
#1647 = LINE('',#1648,#1649);
#1648 = CARTESIAN_POINT('',(-1.,-9.,2.35456806083));
#1649 = VECTOR('',#1650,1.);
#1650 = DIRECTION('',(-0.,1.,-0.));
#1651 = PCURVE('',#234,#1652);
#1652 = DEFINITIONAL_REPRESENTATION('',(#1653),#1657);
#1653 = LINE('',#1654,#1655);
#1654 = CARTESIAN_POINT('',(-6.35456806083,-1.5));
#1655 = VECTOR('',#1656,1.);
#1656 = DIRECTION('',(-0.,-1.));
#1657 = ( GEOMETRIC_REPRESENTATION_CONTEXT(2) 
PARAMETRIC_REPRESENTATION_CONTEXT() REPRESENTATION_CONTEXT('2D SPACE',''
  ) );
#1658 = PCURVE('',#1659,#1664);
#1659 = CYLINDRICAL_SURFACE('',#1660,0.12);
#1660 = AXIS2_PLACEMENT_3D('',#1661,#1662,#1663);
#1661 = CARTESIAN_POINT('',(-1.12,-9.,2.35456806083));
#1662 = DIRECTION('',(-0.,1.,-0.));
#1663 = DIRECTION('',(1.,-0.,-0.));
#1664 = DEFINITIONAL_REPRESENTATION('',(#1665),#1668);
#1665 = B_SPLINE_CURVE_WITH_KNOTS('',1,(#1666,#1667),.UNSPECIFIED.,.F.,
  .F.,(2,2),(12.682035190024,15.007964809976),.PIECEWISE_BEZIER_KNOTS.);
#1666 = CARTESIAN_POINT('',(0.,12.682035190024));
#1667 = CARTESIAN_POINT('',(0.,15.007964809976));
#1668 = ( GEOMETRIC_REPRESENTATION_CONTEXT(2) 
PARAMETRIC_REPRESENTATION_CONTEXT() REPRESENTATION_CONTEXT('2D SPACE',''
  ) );
#1669 = ORIENTED_EDGE('',*,*,#1670,.T.);
#1670 = EDGE_CURVE('',#1644,#1671,#1673,.T.);
#1671 = VERTEX_POINT('',#1672);
#1672 = CARTESIAN_POINT('',(-1.,6.895,4.315403571543));
#1673 = SURFACE_CURVE('',#1674,(#1679,#1686),.PCURVE_S1.);
#1674 = ELLIPSE('',#1675,2.134954030874,0.89);
#1675 = AXIS2_PLACEMENT_3D('',#1676,#1677,#1678);
#1676 = CARTESIAN_POINT('',(-1.,6.895,2.180449540669));
#1677 = DIRECTION('',(-1.,-0.,0.));
#1678 = DIRECTION('',(0.,0.,1.));
#1679 = PCURVE('',#234,#1680);
#1680 = DEFINITIONAL_REPRESENTATION('',(#1681),#1685);
#1681 = ELLIPSE('',#1682,2.134954030874,0.89);
#1682 = AXIS2_PLACEMENT_2D('',#1683,#1684);
#1683 = CARTESIAN_POINT('',(-6.180449540669,-17.395));
#1684 = DIRECTION('',(-1.,-0.));
#1685 = ( GEOMETRIC_REPRESENTATION_CONTEXT(2) 
PARAMETRIC_REPRESENTATION_CONTEXT() REPRESENTATION_CONTEXT('2D SPACE',''
  ) );
#1686 = PCURVE('',#1145,#1687);
#1687 = DEFINITIONAL_REPRESENTATION('',(#1688),#1696);
#1688 = B_SPLINE_CURVE_WITH_KNOTS('',6,(#1689,#1690,#1691,#1692,#1693,
    #1694,#1695),.UNSPECIFIED.,.F.,.F.,(7,7),(4.7940357604,6.28318530718
    ),.PIECEWISE_BEZIER_KNOTS.);
#1689 = CARTESIAN_POINT('',(4.7940357604,1.357090267933));
#1690 = CARTESIAN_POINT('',(5.04222735153,1.837123555349));
#1691 = CARTESIAN_POINT('',(5.29041894266,2.305473207935));
#1692 = CARTESIAN_POINT('',(5.53861053379,2.708953004197));
#1693 = CARTESIAN_POINT('',(5.78680212492,2.996016062904));
#1694 = CARTESIAN_POINT('',(6.03499371605,3.139424844986));
#1695 = CARTESIAN_POINT('',(6.28318530718,3.139424844986));
#1696 = ( GEOMETRIC_REPRESENTATION_CONTEXT(2) 
PARAMETRIC_REPRESENTATION_CONTEXT() REPRESENTATION_CONTEXT('2D SPACE',''
  ) );
#1697 = ORIENTED_EDGE('',*,*,#1698,.T.);
#1698 = EDGE_CURVE('',#1671,#1699,#1701,.T.);
#1699 = VERTEX_POINT('',#1700);
#1700 = CARTESIAN_POINT('',(-1.,7.782035190024,2.35456806083));
#1701 = SURFACE_CURVE('',#1702,(#1707,#1714),.PCURVE_S1.);
#1702 = ELLIPSE('',#1703,2.134954030874,0.89);
#1703 = AXIS2_PLACEMENT_3D('',#1704,#1705,#1706);
#1704 = CARTESIAN_POINT('',(-1.,6.895,2.180449540669));
#1705 = DIRECTION('',(-1.,-0.,0.));
#1706 = DIRECTION('',(0.,0.,1.));
#1707 = PCURVE('',#234,#1708);
#1708 = DEFINITIONAL_REPRESENTATION('',(#1709),#1713);
#1709 = ELLIPSE('',#1710,2.134954030874,0.89);
#1710 = AXIS2_PLACEMENT_2D('',#1711,#1712);
#1711 = CARTESIAN_POINT('',(-6.180449540669,-17.395));
#1712 = DIRECTION('',(-1.,-0.));
#1713 = ( GEOMETRIC_REPRESENTATION_CONTEXT(2) 
PARAMETRIC_REPRESENTATION_CONTEXT() REPRESENTATION_CONTEXT('2D SPACE',''
  ) );
#1714 = PCURVE('',#1145,#1715);
#1715 = DEFINITIONAL_REPRESENTATION('',(#1716),#1724);
#1716 = B_SPLINE_CURVE_WITH_KNOTS('',6,(#1717,#1718,#1719,#1720,#1721,
    #1722,#1723),.UNSPECIFIED.,.F.,.F.,(7,7),(0.,1.489149546779),
  .PIECEWISE_BEZIER_KNOTS.);
#1717 = CARTESIAN_POINT('',(0.,3.139424844986));
#1718 = CARTESIAN_POINT('',(0.24819159113,3.139424844986));
#1719 = CARTESIAN_POINT('',(0.49638318226,2.996016062904));
#1720 = CARTESIAN_POINT('',(0.74457477339,2.708953004197));
#1721 = CARTESIAN_POINT('',(0.992766364519,2.305473207935));
#1722 = CARTESIAN_POINT('',(1.240957955649,1.837123555349));
#1723 = CARTESIAN_POINT('',(1.489149546779,1.357090267933));
#1724 = ( GEOMETRIC_REPRESENTATION_CONTEXT(2) 
PARAMETRIC_REPRESENTATION_CONTEXT() REPRESENTATION_CONTEXT('2D SPACE',''
  ) );
#1725 = ORIENTED_EDGE('',*,*,#1726,.T.);
#1726 = EDGE_CURVE('',#1699,#219,#1727,.T.);
#1727 = SURFACE_CURVE('',#1728,(#1732,#1739),.PCURVE_S1.);
#1728 = LINE('',#1729,#1730);
#1729 = CARTESIAN_POINT('',(-1.,-9.,2.35456806083));
#1730 = VECTOR('',#1731,1.);
#1731 = DIRECTION('',(-0.,1.,-0.));
#1732 = PCURVE('',#234,#1733);
#1733 = DEFINITIONAL_REPRESENTATION('',(#1734),#1738);
#1734 = LINE('',#1735,#1736);
#1735 = CARTESIAN_POINT('',(-6.35456806083,-1.5));
#1736 = VECTOR('',#1737,1.);
#1737 = DIRECTION('',(-0.,-1.));
#1738 = ( GEOMETRIC_REPRESENTATION_CONTEXT(2) 
PARAMETRIC_REPRESENTATION_CONTEXT() REPRESENTATION_CONTEXT('2D SPACE',''
  ) );
#1739 = PCURVE('',#267,#1740);
#1740 = DEFINITIONAL_REPRESENTATION('',(#1741),#1744);
#1741 = B_SPLINE_CURVE_WITH_KNOTS('',1,(#1742,#1743),.UNSPECIFIED.,.F.,
  .F.,(2,2),(16.782035190024,18.),.PIECEWISE_BEZIER_KNOTS.);
#1742 = CARTESIAN_POINT('',(0.,16.782035190024));
#1743 = CARTESIAN_POINT('',(0.,18.));
#1744 = ( GEOMETRIC_REPRESENTATION_CONTEXT(2) 
PARAMETRIC_REPRESENTATION_CONTEXT() REPRESENTATION_CONTEXT('2D SPACE',''
  ) );
#1745 = ORIENTED_EDGE('',*,*,#218,.T.);
#1746 = ORIENTED_EDGE('',*,*,#612,.T.);
#1747 = ORIENTED_EDGE('',*,*,#689,.F.);
#1748 = ADVANCED_FACE('',(#1749),#379,.T.);
#1749 = FACE_BOUND('',#1750,.T.);
#1750 = EDGE_LOOP('',(#1751,#1752,#1772,#1773));
#1751 = ORIENTED_EDGE('',*,*,#362,.T.);
#1752 = ORIENTED_EDGE('',*,*,#1753,.T.);
#1753 = EDGE_CURVE('',#335,#791,#1754,.T.);
#1754 = SURFACE_CURVE('',#1755,(#1759,#1765),.PCURVE_S1.);
#1755 = LINE('',#1756,#1757);
#1756 = CARTESIAN_POINT('',(-6.178508057168,9.,2.315305203967));
#1757 = VECTOR('',#1758,1.);
#1758 = DIRECTION('',(-0.,-1.,-0.));
#1759 = PCURVE('',#379,#1760);
#1760 = DEFINITIONAL_REPRESENTATION('',(#1761),#1764);
#1761 = B_SPLINE_CURVE_WITH_KNOTS('',1,(#1762,#1763),.UNSPECIFIED.,.F.,
  .F.,(2,2),(0.,18.),.PIECEWISE_BEZIER_KNOTS.);
#1762 = CARTESIAN_POINT('',(1.570796326795,0.));
#1763 = CARTESIAN_POINT('',(1.570796326795,18.));
#1764 = ( GEOMETRIC_REPRESENTATION_CONTEXT(2) 
PARAMETRIC_REPRESENTATION_CONTEXT() REPRESENTATION_CONTEXT('2D SPACE',''
  ) );
#1765 = PCURVE('',#350,#1766);
#1766 = DEFINITIONAL_REPRESENTATION('',(#1767),#1771);
#1767 = LINE('',#1768,#1769);
#1768 = CARTESIAN_POINT('',(-3.55,9.));
#1769 = VECTOR('',#1770,1.);
#1770 = DIRECTION('',(-0.,-1.));
#1771 = ( GEOMETRIC_REPRESENTATION_CONTEXT(2) 
PARAMETRIC_REPRESENTATION_CONTEXT() REPRESENTATION_CONTEXT('2D SPACE',''
  ) );
#1772 = ORIENTED_EDGE('',*,*,#813,.F.);
#1773 = ORIENTED_EDGE('',*,*,#1240,.F.);
#1774 = ADVANCED_FACE('',(#1775),#267,.T.);
#1775 = FACE_BOUND('',#1776,.T.);
#1776 = EDGE_LOOP('',(#1777,#1778,#1813,#1833));
#1777 = ORIENTED_EDGE('',*,*,#1726,.F.);
#1778 = ORIENTED_EDGE('',*,*,#1779,.T.);
#1779 = EDGE_CURVE('',#1699,#1780,#1782,.T.);
#1780 = VERTEX_POINT('',#1781);
#1781 = CARTESIAN_POINT('',(-1.041325909996,7.784995745,2.263956871884)
  );
#1782 = SURFACE_CURVE('',#1783,(#1791,#1802),.PCURVE_S1.);
#1783 = B_SPLINE_CURVE_WITH_KNOTS('',6,(#1784,#1785,#1786,#1787,#1788,
    #1789,#1790),.UNSPECIFIED.,.F.,.F.,(7,7),(0.,1.),
  .PIECEWISE_BEZIER_KNOTS.);
#1784 = CARTESIAN_POINT('',(-1.,7.782035190024,2.35456806083));
#1785 = CARTESIAN_POINT('',(-1.,7.78262189393,2.337368715967));
#1786 = CARTESIAN_POINT('',(-1.002958783316,7.783356324155,
    2.320234889094));
#1787 = CARTESIAN_POINT('',(-1.008829722975,7.784117690475,
    2.303773565895));
#1788 = CARTESIAN_POINT('',(-1.017438628743,7.784734447816,
    2.288538943853));
#1789 = CARTESIAN_POINT('',(-1.028464841876,7.785046288571,2.2751236256)
  );
#1790 = CARTESIAN_POINT('',(-1.041325909996,7.784995745,2.263956871884)
  );
#1791 = PCURVE('',#267,#1792);
#1792 = DEFINITIONAL_REPRESENTATION('',(#1793),#1801);
#1793 = B_SPLINE_CURVE_WITH_KNOTS('',6,(#1794,#1795,#1796,#1797,#1798,
    #1799,#1800),.UNSPECIFIED.,.F.,.F.,(7,7),(0.,1.),
  .PIECEWISE_BEZIER_KNOTS.);
#1794 = CARTESIAN_POINT('',(0.,16.782035190024));
#1795 = CARTESIAN_POINT('',(0.143327873853,16.78262189393));
#1796 = CARTESIAN_POINT('',(0.286105417592,16.783356324155));
#1797 = CARTESIAN_POINT('',(0.428605395015,16.784117690475));
#1798 = CARTESIAN_POINT('',(0.571190043156,16.784734447816));
#1799 = CARTESIAN_POINT('',(0.713859461496,16.785046288571));
#1800 = CARTESIAN_POINT('',(0.855796326795,16.784995745));
#1801 = ( GEOMETRIC_REPRESENTATION_CONTEXT(2) 
PARAMETRIC_REPRESENTATION_CONTEXT() REPRESENTATION_CONTEXT('2D SPACE',''
  ) );
#1802 = PCURVE('',#1145,#1803);
#1803 = DEFINITIONAL_REPRESENTATION('',(#1804),#1812);
#1804 = B_SPLINE_CURVE_WITH_KNOTS('',6,(#1805,#1806,#1807,#1808,#1809,
    #1810,#1811),.UNSPECIFIED.,.F.,.F.,(7,7),(0.,1.),
  .PIECEWISE_BEZIER_KNOTS.);
#1805 = CARTESIAN_POINT('',(1.489149546779,1.357092525002));
#1806 = CARTESIAN_POINT('',(1.497232545937,1.341458909605));
#1807 = CARTESIAN_POINT('',(1.508310218133,1.327118278192));
#1808 = CARTESIAN_POINT('',(1.522041950423,1.314602922536));
#1809 = CARTESIAN_POINT('',(1.537979253863,1.304343974346));
#1810 = CARTESIAN_POINT('',(1.555522878279,1.29674641585));
#1811 = CARTESIAN_POINT('',(1.57388854362,1.291957622975));
#1812 = ( GEOMETRIC_REPRESENTATION_CONTEXT(2) 
PARAMETRIC_REPRESENTATION_CONTEXT() REPRESENTATION_CONTEXT('2D SPACE',''
  ) );
#1813 = ORIENTED_EDGE('',*,*,#1814,.T.);
#1814 = EDGE_CURVE('',#1780,#247,#1815,.T.);
#1815 = SURFACE_CURVE('',#1816,(#1820,#1826),.PCURVE_S1.);
#1816 = LINE('',#1817,#1818);
#1817 = CARTESIAN_POINT('',(-1.041325909996,-9.,2.263956871884));
#1818 = VECTOR('',#1819,1.);
#1819 = DIRECTION('',(-0.,1.,-0.));
#1820 = PCURVE('',#267,#1821);
#1821 = DEFINITIONAL_REPRESENTATION('',(#1822),#1825);
#1822 = B_SPLINE_CURVE_WITH_KNOTS('',1,(#1823,#1824),.UNSPECIFIED.,.F.,
  .F.,(2,2),(16.784995745,18.),.PIECEWISE_BEZIER_KNOTS.);
#1823 = CARTESIAN_POINT('',(0.855796326795,16.784995745));
#1824 = CARTESIAN_POINT('',(0.855796326795,18.));
#1825 = ( GEOMETRIC_REPRESENTATION_CONTEXT(2) 
PARAMETRIC_REPRESENTATION_CONTEXT() REPRESENTATION_CONTEXT('2D SPACE',''
  ) );
#1826 = PCURVE('',#294,#1827);
#1827 = DEFINITIONAL_REPRESENTATION('',(#1828),#1832);
#1828 = LINE('',#1829,#1830);
#1829 = CARTESIAN_POINT('',(-1.451294906628,-9.));
#1830 = VECTOR('',#1831,1.);
#1831 = DIRECTION('',(-0.,1.));
#1832 = ( GEOMETRIC_REPRESENTATION_CONTEXT(2) 
PARAMETRIC_REPRESENTATION_CONTEXT() REPRESENTATION_CONTEXT('2D SPACE',''
  ) );
#1833 = ORIENTED_EDGE('',*,*,#246,.F.);
#1834 = ADVANCED_FACE('',(#1835),#350,.F.);
#1835 = FACE_BOUND('',#1836,.T.);
#1836 = EDGE_LOOP('',(#1837,#1838,#1839,#1840));
#1837 = ORIENTED_EDGE('',*,*,#790,.T.);
#1838 = ORIENTED_EDGE('',*,*,#1753,.F.);
#1839 = ORIENTED_EDGE('',*,*,#334,.F.);
#1840 = ORIENTED_EDGE('',*,*,#1841,.T.);
#1841 = EDGE_CURVE('',#307,#768,#1842,.T.);
#1842 = SURFACE_CURVE('',#1843,(#1847,#1854),.PCURVE_S1.);
#1843 = LINE('',#1844,#1845);
#1844 = CARTESIAN_POINT('',(-3.266923362522,9.,0.445798170867));
#1845 = VECTOR('',#1846,1.);
#1846 = DIRECTION('',(-0.,-1.,-0.));
#1847 = PCURVE('',#350,#1848);
#1848 = DEFINITIONAL_REPRESENTATION('',(#1849),#1853);
#1849 = LINE('',#1850,#1851);
#1850 = CARTESIAN_POINT('',(-8.988699882474E-02,9.));
#1851 = VECTOR('',#1852,1.);
#1852 = DIRECTION('',(-0.,-1.));
#1853 = ( GEOMETRIC_REPRESENTATION_CONTEXT(2) 
PARAMETRIC_REPRESENTATION_CONTEXT() REPRESENTATION_CONTEXT('2D SPACE',''
  ) );
#1854 = PCURVE('',#323,#1855);
#1855 = DEFINITIONAL_REPRESENTATION('',(#1856),#1859);
#1856 = B_SPLINE_CURVE_WITH_KNOTS('',1,(#1857,#1858),.UNSPECIFIED.,.F.,
  .F.,(2,2),(0.,18.),.PIECEWISE_BEZIER_KNOTS.);
#1857 = CARTESIAN_POINT('',(0.,0.));
#1858 = CARTESIAN_POINT('',(0.,18.));
#1859 = ( GEOMETRIC_REPRESENTATION_CONTEXT(2) 
PARAMETRIC_REPRESENTATION_CONTEXT() REPRESENTATION_CONTEXT('2D SPACE',''
  ) );
#1860 = ADVANCED_FACE('',(#1861,#2092,#2129,#2166,#2203),#294,.F.);
#1861 = FACE_BOUND('',#1862,.T.);
#1862 = EDGE_LOOP('',(#1863,#1864,#1865,#1895,#1917,#1947,#1969,#1999,
    #2021,#2051,#2071,#2072));
#1863 = ORIENTED_EDGE('',*,*,#278,.F.);
#1864 = ORIENTED_EDGE('',*,*,#1814,.F.);
#1865 = ORIENTED_EDGE('',*,*,#1866,.T.);
#1866 = EDGE_CURVE('',#1780,#1867,#1869,.T.);
#1867 = VERTEX_POINT('',#1868);
#1868 = CARTESIAN_POINT('',(-1.041325909996,6.005004255,2.263956871884)
  );
#1869 = SURFACE_CURVE('',#1870,(#1875,#1882),.PCURVE_S1.);
#1870 = ELLIPSE('',#1871,0.927410194557,0.89);
#1871 = AXIS2_PLACEMENT_3D('',#1872,#1873,#1874);
#1872 = CARTESIAN_POINT('',(-1.039160492232,6.895,2.265837017969));
#1873 = DIRECTION('',(-0.655617416697,-0.,0.755093241212));
#1874 = DIRECTION('',(0.755093241212,0.,0.655617416697));
#1875 = PCURVE('',#294,#1876);
#1876 = DEFINITIONAL_REPRESENTATION('',(#1877),#1881);
#1877 = ELLIPSE('',#1878,0.927410194557,0.89);
#1878 = AXIS2_PLACEMENT_2D('',#1879,#1880);
#1879 = CARTESIAN_POINT('',(-1.448427157791,6.895));
#1880 = DIRECTION('',(1.,-0.));
#1881 = ( GEOMETRIC_REPRESENTATION_CONTEXT(2) 
PARAMETRIC_REPRESENTATION_CONTEXT() REPRESENTATION_CONTEXT('2D SPACE',''
  ) );
#1882 = PCURVE('',#1145,#1883);
#1883 = DEFINITIONAL_REPRESENTATION('',(#1884),#1894);
#1884 = B_SPLINE_CURVE_WITH_KNOTS('',8,(#1885,#1886,#1887,#1888,#1889,
    #1890,#1891,#1892,#1893),.UNSPECIFIED.,.F.,.F.,(9,9),(1.57388854362,
    4.70929676356),.PIECEWISE_BEZIER_KNOTS.);
#1885 = CARTESIAN_POINT('',(1.573888543619,1.291957587489));
#1886 = CARTESIAN_POINT('',(1.96581457111,1.189764295015));
#1887 = CARTESIAN_POINT('',(2.357740598602,1.087713268965));
#1888 = CARTESIAN_POINT('',(2.749666626096,1.009720348262));
#1889 = CARTESIAN_POINT('',(3.14159265358,0.979647016376));
#1890 = CARTESIAN_POINT('',(3.533518681084,1.009720348261));
#1891 = CARTESIAN_POINT('',(3.925444708574,1.087713268965));
#1892 = CARTESIAN_POINT('',(4.317370736066,1.189764295015));
#1893 = CARTESIAN_POINT('',(4.70929676356,1.291957587489));
#1894 = ( GEOMETRIC_REPRESENTATION_CONTEXT(2) 
PARAMETRIC_REPRESENTATION_CONTEXT() REPRESENTATION_CONTEXT('2D SPACE',''
  ) );
#1895 = ORIENTED_EDGE('',*,*,#1896,.F.);
#1896 = EDGE_CURVE('',#1897,#1867,#1899,.T.);
#1897 = VERTEX_POINT('',#1898);
#1898 = CARTESIAN_POINT('',(-1.041325909996,3.684995745,2.263956871884)
  );
#1899 = SURFACE_CURVE('',#1900,(#1904,#1911),.PCURVE_S1.);
#1900 = LINE('',#1901,#1902);
#1901 = CARTESIAN_POINT('',(-1.041325909996,-9.,2.263956871884));
#1902 = VECTOR('',#1903,1.);
#1903 = DIRECTION('',(-0.,1.,-0.));
#1904 = PCURVE('',#294,#1905);
#1905 = DEFINITIONAL_REPRESENTATION('',(#1906),#1910);
#1906 = LINE('',#1907,#1908);
#1907 = CARTESIAN_POINT('',(-1.451294906628,-9.));
#1908 = VECTOR('',#1909,1.);
#1909 = DIRECTION('',(-0.,1.));
#1910 = ( GEOMETRIC_REPRESENTATION_CONTEXT(2) 
PARAMETRIC_REPRESENTATION_CONTEXT() REPRESENTATION_CONTEXT('2D SPACE',''
  ) );
#1911 = PCURVE('',#1659,#1912);
#1912 = DEFINITIONAL_REPRESENTATION('',(#1913),#1916);
#1913 = B_SPLINE_CURVE_WITH_KNOTS('',1,(#1914,#1915),.UNSPECIFIED.,.F.,
  .F.,(2,2),(12.684995745,15.005004255),.PIECEWISE_BEZIER_KNOTS.);
#1914 = CARTESIAN_POINT('',(0.855796326795,12.684995745));
#1915 = CARTESIAN_POINT('',(0.855796326795,15.005004255));
#1916 = ( GEOMETRIC_REPRESENTATION_CONTEXT(2) 
PARAMETRIC_REPRESENTATION_CONTEXT() REPRESENTATION_CONTEXT('2D SPACE',''
  ) );
#1917 = ORIENTED_EDGE('',*,*,#1918,.T.);
#1918 = EDGE_CURVE('',#1897,#1919,#1921,.T.);
#1919 = VERTEX_POINT('',#1920);
#1920 = CARTESIAN_POINT('',(-1.041325909996,1.905004255,2.263956871884)
  );
#1921 = SURFACE_CURVE('',#1922,(#1927,#1934),.PCURVE_S1.);
#1922 = ELLIPSE('',#1923,0.927410194557,0.89);
#1923 = AXIS2_PLACEMENT_3D('',#1924,#1925,#1926);
#1924 = CARTESIAN_POINT('',(-1.039160492232,2.795,2.265837017969));
#1925 = DIRECTION('',(-0.655617416697,-0.,0.755093241212));
#1926 = DIRECTION('',(0.755093241212,0.,0.655617416697));
#1927 = PCURVE('',#294,#1928);
#1928 = DEFINITIONAL_REPRESENTATION('',(#1929),#1933);
#1929 = ELLIPSE('',#1930,0.927410194557,0.89);
#1930 = AXIS2_PLACEMENT_2D('',#1931,#1932);
#1931 = CARTESIAN_POINT('',(-1.448427157791,2.795));
#1932 = DIRECTION('',(1.,-0.));
#1933 = ( GEOMETRIC_REPRESENTATION_CONTEXT(2) 
PARAMETRIC_REPRESENTATION_CONTEXT() REPRESENTATION_CONTEXT('2D SPACE',''
  ) );
#1934 = PCURVE('',#1111,#1935);
#1935 = DEFINITIONAL_REPRESENTATION('',(#1936),#1946);
#1936 = B_SPLINE_CURVE_WITH_KNOTS('',8,(#1937,#1938,#1939,#1940,#1941,
    #1942,#1943,#1944,#1945),.UNSPECIFIED.,.F.,.F.,(9,9),(1.57388854362,
    4.70929676356),.PIECEWISE_BEZIER_KNOTS.);
#1937 = CARTESIAN_POINT('',(1.573888543619,1.291957587489));
#1938 = CARTESIAN_POINT('',(1.965814571111,1.189764295015));
#1939 = CARTESIAN_POINT('',(2.357740598603,1.087713268966));
#1940 = CARTESIAN_POINT('',(2.749666626097,1.009720348262));
#1941 = CARTESIAN_POINT('',(3.141592653587,0.979647016375));
#1942 = CARTESIAN_POINT('',(3.533518681082,1.009720348261));
#1943 = CARTESIAN_POINT('',(3.925444708574,1.087713268965));
#1944 = CARTESIAN_POINT('',(4.317370736067,1.189764295015));
#1945 = CARTESIAN_POINT('',(4.70929676356,1.291957587489));
#1946 = ( GEOMETRIC_REPRESENTATION_CONTEXT(2) 
PARAMETRIC_REPRESENTATION_CONTEXT() REPRESENTATION_CONTEXT('2D SPACE',''
  ) );
#1947 = ORIENTED_EDGE('',*,*,#1948,.F.);
#1948 = EDGE_CURVE('',#1949,#1919,#1951,.T.);
#1949 = VERTEX_POINT('',#1950);
#1950 = CARTESIAN_POINT('',(-1.041325909996,-0.415004255,2.263956871884)
  );
#1951 = SURFACE_CURVE('',#1952,(#1956,#1963),.PCURVE_S1.);
#1952 = LINE('',#1953,#1954);
#1953 = CARTESIAN_POINT('',(-1.041325909996,-9.,2.263956871884));
#1954 = VECTOR('',#1955,1.);
#1955 = DIRECTION('',(-0.,1.,-0.));
#1956 = PCURVE('',#294,#1957);
#1957 = DEFINITIONAL_REPRESENTATION('',(#1958),#1962);
#1958 = LINE('',#1959,#1960);
#1959 = CARTESIAN_POINT('',(-1.451294906628,-9.));
#1960 = VECTOR('',#1961,1.);
#1961 = DIRECTION('',(-0.,1.));
#1962 = ( GEOMETRIC_REPRESENTATION_CONTEXT(2) 
PARAMETRIC_REPRESENTATION_CONTEXT() REPRESENTATION_CONTEXT('2D SPACE',''
  ) );
#1963 = PCURVE('',#1576,#1964);
#1964 = DEFINITIONAL_REPRESENTATION('',(#1965),#1968);
#1965 = B_SPLINE_CURVE_WITH_KNOTS('',1,(#1966,#1967),.UNSPECIFIED.,.F.,
  .F.,(2,2),(8.584995745,10.905004255),.PIECEWISE_BEZIER_KNOTS.);
#1966 = CARTESIAN_POINT('',(0.855796326795,8.584995745));
#1967 = CARTESIAN_POINT('',(0.855796326795,10.905004255));
#1968 = ( GEOMETRIC_REPRESENTATION_CONTEXT(2) 
PARAMETRIC_REPRESENTATION_CONTEXT() REPRESENTATION_CONTEXT('2D SPACE',''
  ) );
#1969 = ORIENTED_EDGE('',*,*,#1970,.T.);
#1970 = EDGE_CURVE('',#1949,#1971,#1973,.T.);
#1971 = VERTEX_POINT('',#1972);
#1972 = CARTESIAN_POINT('',(-1.041325909996,-2.194995745,2.263956871884)
  );
#1973 = SURFACE_CURVE('',#1974,(#1979,#1986),.PCURVE_S1.);
#1974 = ELLIPSE('',#1975,0.927410194557,0.89);
#1975 = AXIS2_PLACEMENT_3D('',#1976,#1977,#1978);
#1976 = CARTESIAN_POINT('',(-1.039160492232,-1.305,2.265837017969));
#1977 = DIRECTION('',(-0.655617416697,-0.,0.755093241212));
#1978 = DIRECTION('',(0.755093241212,0.,0.655617416697));
#1979 = PCURVE('',#294,#1980);
#1980 = DEFINITIONAL_REPRESENTATION('',(#1981),#1985);
#1981 = ELLIPSE('',#1982,0.927410194557,0.89);
#1982 = AXIS2_PLACEMENT_2D('',#1983,#1984);
#1983 = CARTESIAN_POINT('',(-1.448427157791,-1.305));
#1984 = DIRECTION('',(1.,-0.));
#1985 = ( GEOMETRIC_REPRESENTATION_CONTEXT(2) 
PARAMETRIC_REPRESENTATION_CONTEXT() REPRESENTATION_CONTEXT('2D SPACE',''
  ) );
#1986 = PCURVE('',#1077,#1987);
#1987 = DEFINITIONAL_REPRESENTATION('',(#1988),#1998);
#1988 = B_SPLINE_CURVE_WITH_KNOTS('',8,(#1989,#1990,#1991,#1992,#1993,
    #1994,#1995,#1996,#1997),.UNSPECIFIED.,.F.,.F.,(9,9),(1.57388854362,
    4.70929676356),.PIECEWISE_BEZIER_KNOTS.);
#1989 = CARTESIAN_POINT('',(1.57388854362,1.291957587489));
#1990 = CARTESIAN_POINT('',(1.965814571112,1.189764295015));
#1991 = CARTESIAN_POINT('',(2.357740598604,1.087713268966));
#1992 = CARTESIAN_POINT('',(2.749666626095,1.009720348262));
#1993 = CARTESIAN_POINT('',(3.141592653588,0.979647016375));
#1994 = CARTESIAN_POINT('',(3.53351868108,1.009720348261));
#1995 = CARTESIAN_POINT('',(3.925444708573,1.087713268965));
#1996 = CARTESIAN_POINT('',(4.317370736067,1.189764295015));
#1997 = CARTESIAN_POINT('',(4.70929676356,1.291957587489));
#1998 = ( GEOMETRIC_REPRESENTATION_CONTEXT(2) 
PARAMETRIC_REPRESENTATION_CONTEXT() REPRESENTATION_CONTEXT('2D SPACE',''
  ) );
#1999 = ORIENTED_EDGE('',*,*,#2000,.F.);
#2000 = EDGE_CURVE('',#2001,#1971,#2003,.T.);
#2001 = VERTEX_POINT('',#2002);
#2002 = CARTESIAN_POINT('',(-1.041325909996,-4.515004255,2.263956871884)
  );
#2003 = SURFACE_CURVE('',#2004,(#2008,#2015),.PCURVE_S1.);
#2004 = LINE('',#2005,#2006);
#2005 = CARTESIAN_POINT('',(-1.041325909996,-9.,2.263956871884));
#2006 = VECTOR('',#2007,1.);
#2007 = DIRECTION('',(-0.,1.,-0.));
#2008 = PCURVE('',#294,#2009);
#2009 = DEFINITIONAL_REPRESENTATION('',(#2010),#2014);
#2010 = LINE('',#2011,#2012);
#2011 = CARTESIAN_POINT('',(-1.451294906628,-9.));
#2012 = VECTOR('',#2013,1.);
#2013 = DIRECTION('',(-0.,1.));
#2014 = ( GEOMETRIC_REPRESENTATION_CONTEXT(2) 
PARAMETRIC_REPRESENTATION_CONTEXT() REPRESENTATION_CONTEXT('2D SPACE',''
  ) );
#2015 = PCURVE('',#1493,#2016);
#2016 = DEFINITIONAL_REPRESENTATION('',(#2017),#2020);
#2017 = B_SPLINE_CURVE_WITH_KNOTS('',1,(#2018,#2019),.UNSPECIFIED.,.F.,
  .F.,(2,2),(4.484995745,6.805004255),.PIECEWISE_BEZIER_KNOTS.);
#2018 = CARTESIAN_POINT('',(0.855796326795,4.484995745));
#2019 = CARTESIAN_POINT('',(0.855796326795,6.805004255));
#2020 = ( GEOMETRIC_REPRESENTATION_CONTEXT(2) 
PARAMETRIC_REPRESENTATION_CONTEXT() REPRESENTATION_CONTEXT('2D SPACE',''
  ) );
#2021 = ORIENTED_EDGE('',*,*,#2022,.T.);
#2022 = EDGE_CURVE('',#2001,#2023,#2025,.T.);
#2023 = VERTEX_POINT('',#2024);
#2024 = CARTESIAN_POINT('',(-1.041325909996,-6.294995745,2.263956871884)
  );
#2025 = SURFACE_CURVE('',#2026,(#2031,#2038),.PCURVE_S1.);
#2026 = ELLIPSE('',#2027,0.927410194557,0.89);
#2027 = AXIS2_PLACEMENT_3D('',#2028,#2029,#2030);
#2028 = CARTESIAN_POINT('',(-1.039160492232,-5.405,2.265837017969));
#2029 = DIRECTION('',(-0.655617416697,-0.,0.755093241212));
#2030 = DIRECTION('',(0.755093241212,0.,0.655617416697));
#2031 = PCURVE('',#294,#2032);
#2032 = DEFINITIONAL_REPRESENTATION('',(#2033),#2037);
#2033 = ELLIPSE('',#2034,0.927410194557,0.89);
#2034 = AXIS2_PLACEMENT_2D('',#2035,#2036);
#2035 = CARTESIAN_POINT('',(-1.448427157791,-5.405));
#2036 = DIRECTION('',(1.,-0.));
#2037 = ( GEOMETRIC_REPRESENTATION_CONTEXT(2) 
PARAMETRIC_REPRESENTATION_CONTEXT() REPRESENTATION_CONTEXT('2D SPACE',''
  ) );
#2038 = PCURVE('',#1043,#2039);
#2039 = DEFINITIONAL_REPRESENTATION('',(#2040),#2050);
#2040 = B_SPLINE_CURVE_WITH_KNOTS('',8,(#2041,#2042,#2043,#2044,#2045,
    #2046,#2047,#2048,#2049),.UNSPECIFIED.,.F.,.F.,(9,9),(1.57388854362,
    4.70929676356),.PIECEWISE_BEZIER_KNOTS.);
#2041 = CARTESIAN_POINT('',(1.57388854362,1.291957587489));
#2042 = CARTESIAN_POINT('',(1.965814571112,1.189764295015));
#2043 = CARTESIAN_POINT('',(2.357740598604,1.087713268966));
#2044 = CARTESIAN_POINT('',(2.749666626095,1.009720348262));
#2045 = CARTESIAN_POINT('',(3.141592653588,0.979647016375));
#2046 = CARTESIAN_POINT('',(3.53351868108,1.009720348261));
#2047 = CARTESIAN_POINT('',(3.925444708573,1.087713268965));
#2048 = CARTESIAN_POINT('',(4.317370736067,1.189764295015));
#2049 = CARTESIAN_POINT('',(4.70929676356,1.291957587489));
#2050 = ( GEOMETRIC_REPRESENTATION_CONTEXT(2) 
PARAMETRIC_REPRESENTATION_CONTEXT() REPRESENTATION_CONTEXT('2D SPACE',''
  ) );
#2051 = ORIENTED_EDGE('',*,*,#2052,.F.);
#2052 = EDGE_CURVE('',#713,#2023,#2053,.T.);
#2053 = SURFACE_CURVE('',#2054,(#2058,#2065),.PCURVE_S1.);
#2054 = LINE('',#2055,#2056);
#2055 = CARTESIAN_POINT('',(-1.041325909996,-9.,2.263956871884));
#2056 = VECTOR('',#2057,1.);
#2057 = DIRECTION('',(-0.,1.,-0.));
#2058 = PCURVE('',#294,#2059);
#2059 = DEFINITIONAL_REPRESENTATION('',(#2060),#2064);
#2060 = LINE('',#2061,#2062);
#2061 = CARTESIAN_POINT('',(-1.451294906628,-9.));
#2062 = VECTOR('',#2063,1.);
#2063 = DIRECTION('',(-0.,1.));
#2064 = ( GEOMETRIC_REPRESENTATION_CONTEXT(2) 
PARAMETRIC_REPRESENTATION_CONTEXT() REPRESENTATION_CONTEXT('2D SPACE',''
  ) );
#2065 = PCURVE('',#733,#2066);
#2066 = DEFINITIONAL_REPRESENTATION('',(#2067),#2070);
#2067 = B_SPLINE_CURVE_WITH_KNOTS('',1,(#2068,#2069),.UNSPECIFIED.,.F.,
  .F.,(2,2),(0.,2.705004255),.PIECEWISE_BEZIER_KNOTS.);
#2068 = CARTESIAN_POINT('',(0.855796326795,0.));
#2069 = CARTESIAN_POINT('',(0.855796326795,2.705004255));
#2070 = ( GEOMETRIC_REPRESENTATION_CONTEXT(2) 
PARAMETRIC_REPRESENTATION_CONTEXT() REPRESENTATION_CONTEXT('2D SPACE',''
  ) );
#2071 = ORIENTED_EDGE('',*,*,#744,.T.);
#2072 = ORIENTED_EDGE('',*,*,#2073,.F.);
#2073 = EDGE_CURVE('',#279,#745,#2074,.T.);
#2074 = SURFACE_CURVE('',#2075,(#2079,#2086),.PCURVE_S1.);
#2075 = LINE('',#2076,#2077);
#2076 = CARTESIAN_POINT('',(-3.123412995814,9.,0.456163500099));
#2077 = VECTOR('',#2078,1.);
#2078 = DIRECTION('',(-0.,-1.,-0.));
#2079 = PCURVE('',#294,#2080);
#2080 = DEFINITIONAL_REPRESENTATION('',(#2081),#2085);
#2081 = LINE('',#2082,#2083);
#2082 = CARTESIAN_POINT('',(-4.208685613076,9.));
#2083 = VECTOR('',#2084,1.);
#2084 = DIRECTION('',(-0.,-1.));
#2085 = ( GEOMETRIC_REPRESENTATION_CONTEXT(2) 
PARAMETRIC_REPRESENTATION_CONTEXT() REPRESENTATION_CONTEXT('2D SPACE',''
  ) );
#2086 = PCURVE('',#323,#2087);
#2087 = DEFINITIONAL_REPRESENTATION('',(#2088),#2091);
#2088 = B_SPLINE_CURVE_WITH_KNOTS('',1,(#2089,#2090),.UNSPECIFIED.,.F.,
  .F.,(2,2),(0.,18.),.PIECEWISE_BEZIER_KNOTS.);
#2089 = CARTESIAN_POINT('',(1.285796326795,0.));
#2090 = CARTESIAN_POINT('',(1.285796326795,18.));
#2091 = ( GEOMETRIC_REPRESENTATION_CONTEXT(2) 
PARAMETRIC_REPRESENTATION_CONTEXT() REPRESENTATION_CONTEXT('2D SPACE',''
  ) );
#2092 = FACE_BOUND('',#2093,.T.);
#2093 = EDGE_LOOP('',(#2094));
#2094 = ORIENTED_EDGE('',*,*,#2095,.T.);
#2095 = EDGE_CURVE('',#2096,#2096,#2098,.T.);
#2096 = VERTEX_POINT('',#2097);
#2097 = CARTESIAN_POINT('',(-2.797869673605,-7.455,0.738819813626));
#2098 = SURFACE_CURVE('',#2099,(#2104,#2111),.PCURVE_S1.);
#2099 = ELLIPSE('',#2100,0.927410194557,0.89);
#2100 = AXIS2_PLACEMENT_3D('',#2101,#2102,#2103);
#2101 = CARTESIAN_POINT('',(-2.097588503864,-7.455,1.3468460896));
#2102 = DIRECTION('',(-0.655617416697,-0.,0.755093241212));
#2103 = DIRECTION('',(-0.755093241212,0.,-0.655617416697));
#2104 = PCURVE('',#294,#2105);
#2105 = DEFINITIONAL_REPRESENTATION('',(#2106),#2110);
#2106 = ELLIPSE('',#2107,0.927410194557,0.89);
#2107 = AXIS2_PLACEMENT_2D('',#2108,#2109);
#2108 = CARTESIAN_POINT('',(-2.850145454109,-7.455));
#2109 = DIRECTION('',(-1.,0.));
#2110 = ( GEOMETRIC_REPRESENTATION_CONTEXT(2) 
PARAMETRIC_REPRESENTATION_CONTEXT() REPRESENTATION_CONTEXT('2D SPACE',''
  ) );
#2111 = PCURVE('',#1283,#2112);
#2112 = DEFINITIONAL_REPRESENTATION('',(#2113),#2128);
#2113 = B_SPLINE_CURVE_WITH_KNOTS('',7,(#2114,#2115,#2116,#2117,#2118,
    #2119,#2120,#2121,#2122,#2123,#2124,#2125,#2126,#2127),
  .UNSPECIFIED.,.F.,.F.,(8,6,8),(0.,3.14159265359,6.28318530718),
  .UNSPECIFIED.);
#2114 = CARTESIAN_POINT('',(0.,1.553512198535));
#2115 = CARTESIAN_POINT('',(0.448798950513,1.553512198535));
#2116 = CARTESIAN_POINT('',(0.897597901026,1.492228497018));
#2117 = CARTESIAN_POINT('',(1.346396851538,1.369773455959));
#2118 = CARTESIAN_POINT('',(1.795195802052,1.215754367898));
#2119 = CARTESIAN_POINT('',(2.243994752564,1.093299326839));
#2120 = CARTESIAN_POINT('',(2.692793703077,1.032015625322));
#2121 = CARTESIAN_POINT('',(3.590391604103,1.032015625322));
#2122 = CARTESIAN_POINT('',(4.039190554616,1.093299326839));
#2123 = CARTESIAN_POINT('',(4.487989505126,1.215754367897));
#2124 = CARTESIAN_POINT('',(4.936788455644,1.36977345596));
#2125 = CARTESIAN_POINT('',(5.385587406153,1.492228497017));
#2126 = CARTESIAN_POINT('',(5.834386356667,1.553512198535));
#2127 = CARTESIAN_POINT('',(6.28318530718,1.553512198535));
#2128 = ( GEOMETRIC_REPRESENTATION_CONTEXT(2) 
PARAMETRIC_REPRESENTATION_CONTEXT() REPRESENTATION_CONTEXT('2D SPACE',''
  ) );
#2129 = FACE_BOUND('',#2130,.T.);
#2130 = EDGE_LOOP('',(#2131));
#2131 = ORIENTED_EDGE('',*,*,#2132,.T.);
#2132 = EDGE_CURVE('',#2133,#2133,#2135,.T.);
#2133 = VERTEX_POINT('',#2134);
#2134 = CARTESIAN_POINT('',(-2.797869673605,-3.355,0.738819813626));
#2135 = SURFACE_CURVE('',#2136,(#2141,#2148),.PCURVE_S1.);
#2136 = ELLIPSE('',#2137,0.927410194557,0.89);
#2137 = AXIS2_PLACEMENT_3D('',#2138,#2139,#2140);
#2138 = CARTESIAN_POINT('',(-2.097588503864,-3.355,1.3468460896));
#2139 = DIRECTION('',(-0.655617416697,-0.,0.755093241212));
#2140 = DIRECTION('',(-0.755093241212,0.,-0.655617416697));
#2141 = PCURVE('',#294,#2142);
#2142 = DEFINITIONAL_REPRESENTATION('',(#2143),#2147);
#2143 = ELLIPSE('',#2144,0.927410194557,0.89);
#2144 = AXIS2_PLACEMENT_2D('',#2145,#2146);
#2145 = CARTESIAN_POINT('',(-2.850145454109,-3.355));
#2146 = DIRECTION('',(-1.,0.));
#2147 = ( GEOMETRIC_REPRESENTATION_CONTEXT(2) 
PARAMETRIC_REPRESENTATION_CONTEXT() REPRESENTATION_CONTEXT('2D SPACE',''
  ) );
#2148 = PCURVE('',#1317,#2149);
#2149 = DEFINITIONAL_REPRESENTATION('',(#2150),#2165);
#2150 = B_SPLINE_CURVE_WITH_KNOTS('',7,(#2151,#2152,#2153,#2154,#2155,
    #2156,#2157,#2158,#2159,#2160,#2161,#2162,#2163,#2164),
  .UNSPECIFIED.,.F.,.F.,(8,6,8),(0.,3.14159265359,6.28318530718),
  .UNSPECIFIED.);
#2151 = CARTESIAN_POINT('',(0.,1.553512198535));
#2152 = CARTESIAN_POINT('',(0.448798950513,1.553512198535));
#2153 = CARTESIAN_POINT('',(0.897597901026,1.492228497018));
#2154 = CARTESIAN_POINT('',(1.346396851538,1.369773455959));
#2155 = CARTESIAN_POINT('',(1.795195802052,1.215754367898));
#2156 = CARTESIAN_POINT('',(2.243994752564,1.093299326839));
#2157 = CARTESIAN_POINT('',(2.692793703077,1.032015625322));
#2158 = CARTESIAN_POINT('',(3.590391604103,1.032015625322));
#2159 = CARTESIAN_POINT('',(4.039190554616,1.093299326839));
#2160 = CARTESIAN_POINT('',(4.487989505128,1.215754367897));
#2161 = CARTESIAN_POINT('',(4.936788455642,1.36977345596));
#2162 = CARTESIAN_POINT('',(5.385587406153,1.492228497017));
#2163 = CARTESIAN_POINT('',(5.834386356667,1.553512198535));
#2164 = CARTESIAN_POINT('',(6.28318530718,1.553512198535));
#2165 = ( GEOMETRIC_REPRESENTATION_CONTEXT(2) 
PARAMETRIC_REPRESENTATION_CONTEXT() REPRESENTATION_CONTEXT('2D SPACE',''
  ) );
#2166 = FACE_BOUND('',#2167,.T.);
#2167 = EDGE_LOOP('',(#2168));
#2168 = ORIENTED_EDGE('',*,*,#2169,.T.);
#2169 = EDGE_CURVE('',#2170,#2170,#2172,.T.);
#2170 = VERTEX_POINT('',#2171);
#2171 = CARTESIAN_POINT('',(-2.797869673605,0.745,0.738819813626));
#2172 = SURFACE_CURVE('',#2173,(#2178,#2185),.PCURVE_S1.);
#2173 = ELLIPSE('',#2174,0.927410194557,0.89);
#2174 = AXIS2_PLACEMENT_3D('',#2175,#2176,#2177);
#2175 = CARTESIAN_POINT('',(-2.097588503864,0.745,1.3468460896));
#2176 = DIRECTION('',(-0.655617416697,-0.,0.755093241212));
#2177 = DIRECTION('',(-0.755093241212,0.,-0.655617416697));
#2178 = PCURVE('',#294,#2179);
#2179 = DEFINITIONAL_REPRESENTATION('',(#2180),#2184);
#2180 = ELLIPSE('',#2181,0.927410194557,0.89);
#2181 = AXIS2_PLACEMENT_2D('',#2182,#2183);
#2182 = CARTESIAN_POINT('',(-2.850145454109,0.745));
#2183 = DIRECTION('',(-1.,0.));
#2184 = ( GEOMETRIC_REPRESENTATION_CONTEXT(2) 
PARAMETRIC_REPRESENTATION_CONTEXT() REPRESENTATION_CONTEXT('2D SPACE',''
  ) );
#2185 = PCURVE('',#1351,#2186);
#2186 = DEFINITIONAL_REPRESENTATION('',(#2187),#2202);
#2187 = B_SPLINE_CURVE_WITH_KNOTS('',7,(#2188,#2189,#2190,#2191,#2192,
    #2193,#2194,#2195,#2196,#2197,#2198,#2199,#2200,#2201),
  .UNSPECIFIED.,.F.,.F.,(8,6,8),(0.,3.14159265359,6.28318530718),
  .UNSPECIFIED.);
#2188 = CARTESIAN_POINT('',(0.,1.553512198535));
#2189 = CARTESIAN_POINT('',(0.448798950513,1.553512198535));
#2190 = CARTESIAN_POINT('',(0.897597901026,1.492228497018));
#2191 = CARTESIAN_POINT('',(1.346396851538,1.369773455959));
#2192 = CARTESIAN_POINT('',(1.795195802052,1.215754367898));
#2193 = CARTESIAN_POINT('',(2.243994752564,1.093299326839));
#2194 = CARTESIAN_POINT('',(2.692793703077,1.032015625322));
#2195 = CARTESIAN_POINT('',(3.590391604103,1.032015625322));
#2196 = CARTESIAN_POINT('',(4.039190554616,1.093299326839));
#2197 = CARTESIAN_POINT('',(4.487989505128,1.215754367897));
#2198 = CARTESIAN_POINT('',(4.936788455642,1.36977345596));
#2199 = CARTESIAN_POINT('',(5.385587406153,1.492228497017));
#2200 = CARTESIAN_POINT('',(5.834386356667,1.553512198535));
#2201 = CARTESIAN_POINT('',(6.28318530718,1.553512198535));
#2202 = ( GEOMETRIC_REPRESENTATION_CONTEXT(2) 
PARAMETRIC_REPRESENTATION_CONTEXT() REPRESENTATION_CONTEXT('2D SPACE',''
  ) );
#2203 = FACE_BOUND('',#2204,.T.);
#2204 = EDGE_LOOP('',(#2205));
#2205 = ORIENTED_EDGE('',*,*,#2206,.T.);
#2206 = EDGE_CURVE('',#2207,#2207,#2209,.T.);
#2207 = VERTEX_POINT('',#2208);
#2208 = CARTESIAN_POINT('',(-2.797869673605,4.845,0.738819813626));
#2209 = SURFACE_CURVE('',#2210,(#2215,#2222),.PCURVE_S1.);
#2210 = ELLIPSE('',#2211,0.927410194557,0.89);
#2211 = AXIS2_PLACEMENT_3D('',#2212,#2213,#2214);
#2212 = CARTESIAN_POINT('',(-2.097588503864,4.845,1.3468460896));
#2213 = DIRECTION('',(-0.655617416697,-0.,0.755093241212));
#2214 = DIRECTION('',(-0.755093241212,0.,-0.655617416697));
#2215 = PCURVE('',#294,#2216);
#2216 = DEFINITIONAL_REPRESENTATION('',(#2217),#2221);
#2217 = ELLIPSE('',#2218,0.927410194557,0.89);
#2218 = AXIS2_PLACEMENT_2D('',#2219,#2220);
#2219 = CARTESIAN_POINT('',(-2.850145454109,4.845));
#2220 = DIRECTION('',(-1.,0.));
#2221 = ( GEOMETRIC_REPRESENTATION_CONTEXT(2) 
PARAMETRIC_REPRESENTATION_CONTEXT() REPRESENTATION_CONTEXT('2D SPACE',''
  ) );
#2222 = PCURVE('',#1385,#2223);
#2223 = DEFINITIONAL_REPRESENTATION('',(#2224),#2239);
#2224 = B_SPLINE_CURVE_WITH_KNOTS('',7,(#2225,#2226,#2227,#2228,#2229,
    #2230,#2231,#2232,#2233,#2234,#2235,#2236,#2237,#2238),
  .UNSPECIFIED.,.F.,.F.,(8,6,8),(0.,3.14159265359,6.28318530718),
  .UNSPECIFIED.);
#2225 = CARTESIAN_POINT('',(0.,1.553512198535));
#2226 = CARTESIAN_POINT('',(0.448798950513,1.553512198535));
#2227 = CARTESIAN_POINT('',(0.897597901026,1.492228497018));
#2228 = CARTESIAN_POINT('',(1.346396851538,1.369773455959));
#2229 = CARTESIAN_POINT('',(1.795195802052,1.215754367898));
#2230 = CARTESIAN_POINT('',(2.243994752564,1.093299326839));
#2231 = CARTESIAN_POINT('',(2.692793703077,1.032015625322));
#2232 = CARTESIAN_POINT('',(3.590391604103,1.032015625322));
#2233 = CARTESIAN_POINT('',(4.039190554616,1.093299326839));
#2234 = CARTESIAN_POINT('',(4.487989505126,1.215754367897));
#2235 = CARTESIAN_POINT('',(4.936788455644,1.36977345596));
#2236 = CARTESIAN_POINT('',(5.385587406153,1.492228497017));
#2237 = CARTESIAN_POINT('',(5.834386356667,1.553512198535));
#2238 = CARTESIAN_POINT('',(6.28318530718,1.553512198535));
#2239 = ( GEOMETRIC_REPRESENTATION_CONTEXT(2) 
PARAMETRIC_REPRESENTATION_CONTEXT() REPRESENTATION_CONTEXT('2D SPACE',''
  ) );
#2240 = ADVANCED_FACE('',(#2241),#323,.T.);
#2241 = FACE_BOUND('',#2242,.T.);
#2242 = EDGE_LOOP('',(#2243,#2244,#2245,#2246));
#2243 = ORIENTED_EDGE('',*,*,#306,.T.);
#2244 = ORIENTED_EDGE('',*,*,#2073,.T.);
#2245 = ORIENTED_EDGE('',*,*,#767,.F.);
#2246 = ORIENTED_EDGE('',*,*,#1841,.F.);
#2247 = ADVANCED_FACE('',(#2248),#519,.F.);
#2248 = FACE_BOUND('',#2249,.F.);
#2249 = EDGE_LOOP('',(#2250,#2271,#2297,#2298));
#2250 = ORIENTED_EDGE('',*,*,#2251,.T.);
#2251 = EDGE_CURVE('',#503,#2252,#2254,.T.);
#2252 = VERTEX_POINT('',#2253);
#2253 = CARTESIAN_POINT('',(-2.584598975061,8.2,5.365587647984));
#2254 = SEAM_CURVE('',#2255,(#2259,#2265),.PCURVE_S1.);
#2255 = LINE('',#2256,#2257);
#2256 = CARTESIAN_POINT('',(-2.584598975061,9.4,5.365587647984));
#2257 = VECTOR('',#2258,1.);
#2258 = DIRECTION('',(0.,-1.,0.));
#2259 = PCURVE('',#519,#2260);
#2260 = DEFINITIONAL_REPRESENTATION('',(#2261),#2264);
#2261 = B_SPLINE_CURVE_WITH_KNOTS('',1,(#2262,#2263),.UNSPECIFIED.,.F.,
  .F.,(2,2),(0.4,1.2),.PIECEWISE_BEZIER_KNOTS.);
#2262 = CARTESIAN_POINT('',(6.28318530718,0.4));
#2263 = CARTESIAN_POINT('',(6.28318530718,1.2));
#2264 = ( GEOMETRIC_REPRESENTATION_CONTEXT(2) 
PARAMETRIC_REPRESENTATION_CONTEXT() REPRESENTATION_CONTEXT('2D SPACE',''
  ) );
#2265 = PCURVE('',#519,#2266);
#2266 = DEFINITIONAL_REPRESENTATION('',(#2267),#2270);
#2267 = B_SPLINE_CURVE_WITH_KNOTS('',1,(#2268,#2269),.UNSPECIFIED.,.F.,
  .F.,(2,2),(0.4,1.2),.PIECEWISE_BEZIER_KNOTS.);
#2268 = CARTESIAN_POINT('',(0.,0.4));
#2269 = CARTESIAN_POINT('',(0.,1.2));
#2270 = ( GEOMETRIC_REPRESENTATION_CONTEXT(2) 
PARAMETRIC_REPRESENTATION_CONTEXT() REPRESENTATION_CONTEXT('2D SPACE',''
  ) );
#2271 = ORIENTED_EDGE('',*,*,#2272,.F.);
#2272 = EDGE_CURVE('',#2252,#2252,#2273,.T.);
#2273 = SURFACE_CURVE('',#2274,(#2279,#2285),.PCURVE_S1.);
#2274 = CIRCLE('',#2275,0.27);
#2275 = AXIS2_PLACEMENT_3D('',#2276,#2277,#2278);
#2276 = CARTESIAN_POINT('',(-2.584598975061,8.2,5.635587647984));
#2277 = DIRECTION('',(0.,-1.,0.));
#2278 = DIRECTION('',(0.,-0.,-1.));
#2279 = PCURVE('',#519,#2280);
#2280 = DEFINITIONAL_REPRESENTATION('',(#2281),#2284);
#2281 = B_SPLINE_CURVE_WITH_KNOTS('',1,(#2282,#2283),.UNSPECIFIED.,.F.,
  .F.,(2,2),(0.,6.28318530718),.PIECEWISE_BEZIER_KNOTS.);
#2282 = CARTESIAN_POINT('',(0.,1.2));
#2283 = CARTESIAN_POINT('',(6.28318530718,1.2));
#2284 = ( GEOMETRIC_REPRESENTATION_CONTEXT(2) 
PARAMETRIC_REPRESENTATION_CONTEXT() REPRESENTATION_CONTEXT('2D SPACE',''
  ) );
#2285 = PCURVE('',#2286,#2291);
#2286 = PLANE('',#2287);
#2287 = AXIS2_PLACEMENT_3D('',#2288,#2289,#2290);
#2288 = CARTESIAN_POINT('',(-2.584598975061,8.2,5.635587647984));
#2289 = DIRECTION('',(0.,-1.,0.));
#2290 = DIRECTION('',(0.,-0.,-1.));
#2291 = DEFINITIONAL_REPRESENTATION('',(#2292),#2296);
#2292 = CIRCLE('',#2293,0.27);
#2293 = AXIS2_PLACEMENT_2D('',#2294,#2295);
#2294 = CARTESIAN_POINT('',(0.,0.));
#2295 = DIRECTION('',(1.,0.));
#2296 = ( GEOMETRIC_REPRESENTATION_CONTEXT(2) 
PARAMETRIC_REPRESENTATION_CONTEXT() REPRESENTATION_CONTEXT('2D SPACE',''
  ) );
#2297 = ORIENTED_EDGE('',*,*,#2251,.F.);
#2298 = ORIENTED_EDGE('',*,*,#502,.T.);
#2299 = ADVANCED_FACE('',(#2300),#549,.F.);
#2300 = FACE_BOUND('',#2301,.F.);
#2301 = EDGE_LOOP('',(#2302,#2323,#2349,#2350));
#2302 = ORIENTED_EDGE('',*,*,#2303,.T.);
#2303 = EDGE_CURVE('',#533,#2304,#2306,.T.);
#2304 = VERTEX_POINT('',#2305);
#2305 = CARTESIAN_POINT('',(-5.217120105809,8.2,3.079874296382));
#2306 = SEAM_CURVE('',#2307,(#2311,#2317),.PCURVE_S1.);
#2307 = LINE('',#2308,#2309);
#2308 = CARTESIAN_POINT('',(-5.217120105809,9.4,3.079874296382));
#2309 = VECTOR('',#2310,1.);
#2310 = DIRECTION('',(0.,-1.,0.));
#2311 = PCURVE('',#549,#2312);
#2312 = DEFINITIONAL_REPRESENTATION('',(#2313),#2316);
#2313 = B_SPLINE_CURVE_WITH_KNOTS('',1,(#2314,#2315),.UNSPECIFIED.,.F.,
  .F.,(2,2),(0.4,1.2),.PIECEWISE_BEZIER_KNOTS.);
#2314 = CARTESIAN_POINT('',(6.28318530718,0.4));
#2315 = CARTESIAN_POINT('',(6.28318530718,1.2));
#2316 = ( GEOMETRIC_REPRESENTATION_CONTEXT(2) 
PARAMETRIC_REPRESENTATION_CONTEXT() REPRESENTATION_CONTEXT('2D SPACE',''
  ) );
#2317 = PCURVE('',#549,#2318);
#2318 = DEFINITIONAL_REPRESENTATION('',(#2319),#2322);
#2319 = B_SPLINE_CURVE_WITH_KNOTS('',1,(#2320,#2321),.UNSPECIFIED.,.F.,
  .F.,(2,2),(0.4,1.2),.PIECEWISE_BEZIER_KNOTS.);
#2320 = CARTESIAN_POINT('',(0.,0.4));
#2321 = CARTESIAN_POINT('',(0.,1.2));
#2322 = ( GEOMETRIC_REPRESENTATION_CONTEXT(2) 
PARAMETRIC_REPRESENTATION_CONTEXT() REPRESENTATION_CONTEXT('2D SPACE',''
  ) );
#2323 = ORIENTED_EDGE('',*,*,#2324,.F.);
#2324 = EDGE_CURVE('',#2304,#2304,#2325,.T.);
#2325 = SURFACE_CURVE('',#2326,(#2331,#2337),.PCURVE_S1.);
#2326 = CIRCLE('',#2327,0.27);
#2327 = AXIS2_PLACEMENT_3D('',#2328,#2329,#2330);
#2328 = CARTESIAN_POINT('',(-5.217120105809,8.2,3.349874296382));
#2329 = DIRECTION('',(0.,-1.,0.));
#2330 = DIRECTION('',(0.,-0.,-1.));
#2331 = PCURVE('',#549,#2332);
#2332 = DEFINITIONAL_REPRESENTATION('',(#2333),#2336);
#2333 = B_SPLINE_CURVE_WITH_KNOTS('',1,(#2334,#2335),.UNSPECIFIED.,.F.,
  .F.,(2,2),(0.,6.28318530718),.PIECEWISE_BEZIER_KNOTS.);
#2334 = CARTESIAN_POINT('',(0.,1.2));
#2335 = CARTESIAN_POINT('',(6.28318530718,1.2));
#2336 = ( GEOMETRIC_REPRESENTATION_CONTEXT(2) 
PARAMETRIC_REPRESENTATION_CONTEXT() REPRESENTATION_CONTEXT('2D SPACE',''
  ) );
#2337 = PCURVE('',#2338,#2343);
#2338 = PLANE('',#2339);
#2339 = AXIS2_PLACEMENT_3D('',#2340,#2341,#2342);
#2340 = CARTESIAN_POINT('',(-5.217120105809,8.2,3.349874296382));
#2341 = DIRECTION('',(0.,-1.,0.));
#2342 = DIRECTION('',(0.,-0.,-1.));
#2343 = DEFINITIONAL_REPRESENTATION('',(#2344),#2348);
#2344 = CIRCLE('',#2345,0.27);
#2345 = AXIS2_PLACEMENT_2D('',#2346,#2347);
#2346 = CARTESIAN_POINT('',(0.,0.));
#2347 = DIRECTION('',(1.,0.));
#2348 = ( GEOMETRIC_REPRESENTATION_CONTEXT(2) 
PARAMETRIC_REPRESENTATION_CONTEXT() REPRESENTATION_CONTEXT('2D SPACE',''
  ) );
#2349 = ORIENTED_EDGE('',*,*,#2303,.F.);
#2350 = ORIENTED_EDGE('',*,*,#532,.T.);
#2351 = ADVANCED_FACE('',(#2352),#733,.T.);
#2352 = FACE_BOUND('',#2353,.T.);
#2353 = EDGE_LOOP('',(#2354,#2355,#2356,#2357));
#2354 = ORIENTED_EDGE('',*,*,#1399,.F.);
#2355 = ORIENTED_EDGE('',*,*,#712,.T.);
#2356 = ORIENTED_EDGE('',*,*,#2052,.T.);
#2357 = ORIENTED_EDGE('',*,*,#2358,.F.);
#2358 = EDGE_CURVE('',#1400,#2023,#2359,.T.);
#2359 = SURFACE_CURVE('',#2360,(#2368,#2379),.PCURVE_S1.);
#2360 = B_SPLINE_CURVE_WITH_KNOTS('',6,(#2361,#2362,#2363,#2364,#2365,
    #2366,#2367),.UNSPECIFIED.,.F.,.F.,(7,7),(0.,1.),
  .PIECEWISE_BEZIER_KNOTS.);
#2361 = CARTESIAN_POINT('',(-1.,-6.292035190024,2.35456806083));
#2362 = CARTESIAN_POINT('',(-1.,-6.29262189393,2.337368715967));
#2363 = CARTESIAN_POINT('',(-1.002958783316,-6.293356324155,
    2.320234889094));
#2364 = CARTESIAN_POINT('',(-1.008829722975,-6.294117690475,
    2.303773565895));
#2365 = CARTESIAN_POINT('',(-1.017438628743,-6.294734447816,
    2.288538943853));
#2366 = CARTESIAN_POINT('',(-1.028464841876,-6.295046288571,2.2751236256
    ));
#2367 = CARTESIAN_POINT('',(-1.041325909996,-6.294995745,2.263956871884)
  );
#2368 = PCURVE('',#733,#2369);
#2369 = DEFINITIONAL_REPRESENTATION('',(#2370),#2378);
#2370 = B_SPLINE_CURVE_WITH_KNOTS('',6,(#2371,#2372,#2373,#2374,#2375,
    #2376,#2377),.UNSPECIFIED.,.F.,.F.,(7,7),(0.,1.),
  .PIECEWISE_BEZIER_KNOTS.);
#2371 = CARTESIAN_POINT('',(0.,2.707964809976));
#2372 = CARTESIAN_POINT('',(0.143327873853,2.70737810607));
#2373 = CARTESIAN_POINT('',(0.286105417592,2.706643675845));
#2374 = CARTESIAN_POINT('',(0.428605395015,2.705882309525));
#2375 = CARTESIAN_POINT('',(0.571190043156,2.705265552184));
#2376 = CARTESIAN_POINT('',(0.713859461496,2.704953711429));
#2377 = CARTESIAN_POINT('',(0.855796326795,2.705004255));
#2378 = ( GEOMETRIC_REPRESENTATION_CONTEXT(2) 
PARAMETRIC_REPRESENTATION_CONTEXT() REPRESENTATION_CONTEXT('2D SPACE',''
  ) );
#2379 = PCURVE('',#1043,#2380);
#2380 = DEFINITIONAL_REPRESENTATION('',(#2381),#2389);
#2381 = B_SPLINE_CURVE_WITH_KNOTS('',6,(#2382,#2383,#2384,#2385,#2386,
    #2387,#2388),.UNSPECIFIED.,.F.,.F.,(7,7),(0.,1.),
  .PIECEWISE_BEZIER_KNOTS.);
#2382 = CARTESIAN_POINT('',(4.7940357604,1.357092525002));
#2383 = CARTESIAN_POINT('',(4.785952761242,1.341458909605));
#2384 = CARTESIAN_POINT('',(4.774875089047,1.327118278192));
#2385 = CARTESIAN_POINT('',(4.761143356757,1.314602922536));
#2386 = CARTESIAN_POINT('',(4.745206053316,1.304343974346));
#2387 = CARTESIAN_POINT('',(4.727662428901,1.29674641585));
#2388 = CARTESIAN_POINT('',(4.70929676356,1.291957622975));
#2389 = ( GEOMETRIC_REPRESENTATION_CONTEXT(2) 
PARAMETRIC_REPRESENTATION_CONTEXT() REPRESENTATION_CONTEXT('2D SPACE',''
  ) );
#2390 = ADVANCED_FACE('',(#2391),#949,.F.);
#2391 = FACE_BOUND('',#2392,.F.);
#2392 = EDGE_LOOP('',(#2393,#2414,#2440,#2441));
#2393 = ORIENTED_EDGE('',*,*,#2394,.T.);
#2394 = EDGE_CURVE('',#929,#2395,#2397,.T.);
#2395 = VERTEX_POINT('',#2396);
#2396 = CARTESIAN_POINT('',(-2.584598975061,-8.2,5.905587647984));
#2397 = SEAM_CURVE('',#2398,(#2402,#2408),.PCURVE_S1.);
#2398 = LINE('',#2399,#2400);
#2399 = CARTESIAN_POINT('',(-2.584598975061,-9.4,5.905587647984));
#2400 = VECTOR('',#2401,1.);
#2401 = DIRECTION('',(0.,1.,0.));
#2402 = PCURVE('',#949,#2403);
#2403 = DEFINITIONAL_REPRESENTATION('',(#2404),#2407);
#2404 = B_SPLINE_CURVE_WITH_KNOTS('',1,(#2405,#2406),.UNSPECIFIED.,.F.,
  .F.,(2,2),(0.4,1.2),.PIECEWISE_BEZIER_KNOTS.);
#2405 = CARTESIAN_POINT('',(6.28318530718,0.4));
#2406 = CARTESIAN_POINT('',(6.28318530718,1.2));
#2407 = ( GEOMETRIC_REPRESENTATION_CONTEXT(2) 
PARAMETRIC_REPRESENTATION_CONTEXT() REPRESENTATION_CONTEXT('2D SPACE',''
  ) );
#2408 = PCURVE('',#949,#2409);
#2409 = DEFINITIONAL_REPRESENTATION('',(#2410),#2413);
#2410 = B_SPLINE_CURVE_WITH_KNOTS('',1,(#2411,#2412),.UNSPECIFIED.,.F.,
  .F.,(2,2),(0.4,1.2),.PIECEWISE_BEZIER_KNOTS.);
#2411 = CARTESIAN_POINT('',(0.,0.4));
#2412 = CARTESIAN_POINT('',(0.,1.2));
#2413 = ( GEOMETRIC_REPRESENTATION_CONTEXT(2) 
PARAMETRIC_REPRESENTATION_CONTEXT() REPRESENTATION_CONTEXT('2D SPACE',''
  ) );
#2414 = ORIENTED_EDGE('',*,*,#2415,.F.);
#2415 = EDGE_CURVE('',#2395,#2395,#2416,.T.);
#2416 = SURFACE_CURVE('',#2417,(#2422,#2428),.PCURVE_S1.);
#2417 = CIRCLE('',#2418,0.27);
#2418 = AXIS2_PLACEMENT_3D('',#2419,#2420,#2421);
#2419 = CARTESIAN_POINT('',(-2.584598975061,-8.2,5.635587647984));
#2420 = DIRECTION('',(0.,1.,0.));
#2421 = DIRECTION('',(0.,-0.,1.));
#2422 = PCURVE('',#949,#2423);
#2423 = DEFINITIONAL_REPRESENTATION('',(#2424),#2427);
#2424 = B_SPLINE_CURVE_WITH_KNOTS('',1,(#2425,#2426),.UNSPECIFIED.,.F.,
  .F.,(2,2),(0.,6.28318530718),.PIECEWISE_BEZIER_KNOTS.);
#2425 = CARTESIAN_POINT('',(0.,1.2));
#2426 = CARTESIAN_POINT('',(6.28318530718,1.2));
#2427 = ( GEOMETRIC_REPRESENTATION_CONTEXT(2) 
PARAMETRIC_REPRESENTATION_CONTEXT() REPRESENTATION_CONTEXT('2D SPACE',''
  ) );
#2428 = PCURVE('',#2429,#2434);
#2429 = PLANE('',#2430);
#2430 = AXIS2_PLACEMENT_3D('',#2431,#2432,#2433);
#2431 = CARTESIAN_POINT('',(-2.584598975061,-8.2,5.635587647984));
#2432 = DIRECTION('',(0.,1.,0.));
#2433 = DIRECTION('',(0.,-0.,1.));
#2434 = DEFINITIONAL_REPRESENTATION('',(#2435),#2439);
#2435 = CIRCLE('',#2436,0.27);
#2436 = AXIS2_PLACEMENT_2D('',#2437,#2438);
#2437 = CARTESIAN_POINT('',(0.,0.));
#2438 = DIRECTION('',(1.,0.));
#2439 = ( GEOMETRIC_REPRESENTATION_CONTEXT(2) 
PARAMETRIC_REPRESENTATION_CONTEXT() REPRESENTATION_CONTEXT('2D SPACE',''
  ) );
#2440 = ORIENTED_EDGE('',*,*,#2394,.F.);
#2441 = ORIENTED_EDGE('',*,*,#928,.T.);
#2442 = ADVANCED_FACE('',(#2443),#983,.F.);
#2443 = FACE_BOUND('',#2444,.F.);
#2444 = EDGE_LOOP('',(#2445,#2591,#2610,#2611));
#2445 = ORIENTED_EDGE('',*,*,#2446,.F.);
#2446 = EDGE_CURVE('',#2447,#2447,#2449,.T.);
#2447 = VERTEX_POINT('',#2448);
#2448 = CARTESIAN_POINT('',(-5.217120105809,-8.315512317058,
    3.619874296382));
#2449 = SURFACE_CURVE('',#2450,(#2495,#2543),.PCURVE_S1.);
#2450 = B_SPLINE_CURVE_WITH_KNOTS('',8,(#2451,#2452,#2453,#2454,#2455,
    #2456,#2457,#2458,#2459,#2460,#2461,#2462,#2463,#2464,#2465,#2466,
    #2467,#2468,#2469,#2470,#2471,#2472,#2473,#2474,#2475,#2476,#2477,
    #2478,#2479,#2480,#2481,#2482,#2483,#2484,#2485,#2486,#2487,#2488,
    #2489,#2490,#2491,#2492,#2493,#2494),.UNSPECIFIED.,.T.,.F.,(9,7,7,7,
    7,7,9),(0.,8.701444501348E-02,0.34014963692,0.592053928693,
    0.704350807302,0.840328077475,1.),.UNSPECIFIED.);
#2451 = CARTESIAN_POINT('',(-5.217120105809,-8.315512317058,
    3.619874296382));
#2452 = CARTESIAN_POINT('',(-5.19832979135,-8.31283181165,3.619874296382
    ));
#2453 = CARTESIAN_POINT('',(-5.179447417499,-8.310323263864,
    3.618379367948));
#2454 = CARTESIAN_POINT('',(-5.160642800133,-8.308077332952,
    3.615365310962));
#2455 = CARTESIAN_POINT('',(-5.142078384783,-8.306175092029,
    3.610834292575));
#2456 = CARTESIAN_POINT('',(-5.123908626171,-8.304683934225,
    3.604811257516));
#2457 = CARTESIAN_POINT('',(-5.106279367753,-8.303653478828,
    3.597340338401));
#2458 = CARTESIAN_POINT('',(-5.089327221262,-8.303111477435,
    3.588481266035));
#2459 = CARTESIAN_POINT('',(-5.026201726603,-8.302909151928,
    3.548704100619));
#2460 = CARTESIAN_POINT('',(-4.987453745407,-8.306917214848,
    3.50886494402));
#2461 = CARTESIAN_POINT('',(-4.958653110735,-8.314726778266,
    3.461318808289));
#2462 = CARTESIAN_POINT('',(-4.940945693828,-8.324714930919,3.4084228079
    ));
#2463 = CARTESIAN_POINT('',(-4.935638937221,-8.334468064321,
    3.352758854451));
#2464 = CARTESIAN_POINT('',(-4.942918180622,-8.341628898908,
    3.297770435663));
#2465 = CARTESIAN_POINT('',(-4.962243003406,-8.345,3.247101620729));
#2466 = CARTESIAN_POINT('',(-5.017468279415,-8.345,3.161093349276));
#2467 = CARTESIAN_POINT('',(-5.055245973473,-8.341661604055,
    3.122630443524));
#2468 = CARTESIAN_POINT('',(-5.101861966585,-8.334580036189,
    3.093200169781));
#2469 = CARTESIAN_POINT('',(-5.154298985094,-8.324924237369,
    3.074780481525));
#2470 = CARTESIAN_POINT('',(-5.209412750727,-8.314994196099,
    3.06863348991));
#2471 = CARTESIAN_POINT('',(-5.264353699207,-8.307165479448,
    3.074669849559));
#2472 = CARTESIAN_POINT('',(-5.316539541634,-8.303056601885,
    3.092844103446));
#2473 = CARTESIAN_POINT('',(-5.383714192281,-8.303056601885,
    3.135976450604));
#2474 = CARTESIAN_POINT('',(-5.402989411595,-8.303873092252,
    3.151401026475));
#2475 = CARTESIAN_POINT('',(-5.420584063118,-8.305498948054,
    3.168766321551));
#2476 = CARTESIAN_POINT('',(-5.436281010698,-8.30786636341,
    3.187860848062));
#2477 = CARTESIAN_POINT('',(-5.449886065736,-8.310848754408,
    3.208436276819));
#2478 = CARTESIAN_POINT('',(-5.461235873889,-8.314272355236,
    3.230201835087));
#2479 = CARTESIAN_POINT('',(-5.470216928015,-8.317937507535,
    3.252822992527));
#2480 = CARTESIAN_POINT('',(-5.484761774296,-8.326144567904,
    3.303897350841));
#2481 = CARTESIAN_POINT('',(-5.489225823894,-8.330719660615,
    3.332646196229));
#2482 = CARTESIAN_POINT('',(-5.490151914698,-8.335061979182,
    3.361711767664));
#2483 = CARTESIAN_POINT('',(-5.487549464005,-8.338870119854,
    3.390624044299));
#2484 = CARTESIAN_POINT('',(-5.481492503912,-8.341895025135,
    3.418915929095));
#2485 = CARTESIAN_POINT('',(-5.472124965384,-8.343965723392,
    3.446137891197));
#2486 = CARTESIAN_POINT('',(-5.459651990334,-8.345,3.471873509722));
#2487 = CARTESIAN_POINT('',(-5.426310409226,-8.345,3.523799945692));
#2488 = CARTESIAN_POINT('',(-5.404301190335,-8.343574179359,
    3.549377488009));
#2489 = CARTESIAN_POINT('',(-5.378669156237,-8.340707363302,
    3.571810053199));
#2490 = CARTESIAN_POINT('',(-5.349938579947,-8.336563450057,
    3.590501180648));
#2491 = CARTESIAN_POINT('',(-5.318727048974,-8.331478044191,
    3.604966758479));
#2492 = CARTESIAN_POINT('',(-5.285708960467,-8.325921179427,
    3.614843316627));
#2493 = CARTESIAN_POINT('',(-5.251593928831,-8.320430130926,
    3.619874296382));
#2494 = CARTESIAN_POINT('',(-5.217120105809,-8.315512317058,
    3.619874296382));
#2495 = PCURVE('',#983,#2496);
#2496 = DEFINITIONAL_REPRESENTATION('',(#2497),#2542);
#2497 = B_SPLINE_CURVE_WITH_KNOTS('',8,(#2498,#2499,#2500,#2501,#2502,
    #2503,#2504,#2505,#2506,#2507,#2508,#2509,#2510,#2511,#2512,#2513,
    #2514,#2515,#2516,#2517,#2518,#2519,#2520,#2521,#2522,#2523,#2524,
    #2525,#2526,#2527,#2528,#2529,#2530,#2531,#2532,#2533,#2534,#2535,
    #2536,#2537,#2538,#2539,#2540,#2541),.UNSPECIFIED.,.F.,.F.,(9,7,7,7,
    7,7,9),(0.,8.701444501348E-02,0.34014963692,0.592053928693,
    0.704350807302,0.840328077475,1.),.UNSPECIFIED.);
#2498 = CARTESIAN_POINT('',(0.,1.084487682942));
#2499 = CARTESIAN_POINT('',(6.959375725466E-02,1.08716818835));
#2500 = CARTESIAN_POINT('',(0.139526983617,1.089676736136));
#2501 = CARTESIAN_POINT('',(0.209689434407,1.091922667048));
#2502 = CARTESIAN_POINT('',(0.280009280392,1.093824907971));
#2503 = CARTESIAN_POINT('',(0.350444323261,1.095316065775));
#2504 = CARTESIAN_POINT('',(0.42097321111,1.096346521172));
#2505 = CARTESIAN_POINT('',(0.491586653916,1.096888522565));
#2506 = CARTESIAN_POINT('',(0.76792988706,1.097090848072));
#2507 = CARTESIAN_POINT('',(0.967988904079,1.093082785152));
#2508 = CARTESIAN_POINT('',(1.165480327415,1.085273221734));
#2509 = CARTESIAN_POINT('',(1.36184701066,1.075285069081));
#2510 = CARTESIAN_POINT('',(1.558872776186,1.065531935679));
#2511 = CARTESIAN_POINT('',(1.755272751822,1.058371101092));
#2512 = CARTESIAN_POINT('',(1.951850203414,1.055));
#2513 = CARTESIAN_POINT('',(2.330412458417,1.055));
#2514 = CARTESIAN_POINT('',(2.525875998776,1.058338395945));
#2515 = CARTESIAN_POINT('',(2.721187764182,1.065419963811));
#2516 = CARTESIAN_POINT('',(2.917126109946,1.075075762631));
#2517 = CARTESIAN_POINT('',(3.112450928874,1.085005803901));
#2518 = CARTESIAN_POINT('',(3.308897505671,1.092834520552));
#2519 = CARTESIAN_POINT('',(3.507887367983,1.096943398115));
#2520 = CARTESIAN_POINT('',(3.803554131171,1.096943398115));
#2521 = CARTESIAN_POINT('',(3.894492113436,1.096126907748));
#2522 = CARTESIAN_POINT('',(3.985233742859,1.094501051946));
#2523 = CARTESIAN_POINT('',(4.075802253542,1.09213363659));
#2524 = CARTESIAN_POINT('',(4.166185038911,1.089151245592));
#2525 = CARTESIAN_POINT('',(4.256305155634,1.085727644764));
#2526 = CARTESIAN_POINT('',(4.345992590565,1.082062492465));
#2527 = CARTESIAN_POINT('',(4.542677831736,1.073855432096));
#2528 = CARTESIAN_POINT('',(4.64961391976,1.069280339385));
#2529 = CARTESIAN_POINT('',(4.755986549112,1.064938020818));
#2530 = CARTESIAN_POINT('',(4.861935633128,1.061129880146));
#2531 = CARTESIAN_POINT('',(4.967549952236,1.058104974865));
#2532 = CARTESIAN_POINT('',(5.072899432992,1.056034276608));
#2533 = CARTESIAN_POINT('',(5.178067758064,1.055));
#2534 = CARTESIAN_POINT('',(5.406620063129,1.055));
#2535 = CARTESIAN_POINT('',(5.530377757868,1.056425820641));
#2536 = CARTESIAN_POINT('',(5.654446427108,1.059292636698));
#2537 = CARTESIAN_POINT('',(5.778855032901,1.063436549943));
#2538 = CARTESIAN_POINT('',(5.903696219394,1.068521955809));
#2539 = CARTESIAN_POINT('',(6.029149443601,1.074078820573));
#2540 = CARTESIAN_POINT('',(6.155504481173,1.079569869074));
#2541 = CARTESIAN_POINT('',(6.28318530718,1.084487682942));
#2542 = ( GEOMETRIC_REPRESENTATION_CONTEXT(2) 
PARAMETRIC_REPRESENTATION_CONTEXT() REPRESENTATION_CONTEXT('2D SPACE',''
  ) );
#2543 = PCURVE('',#1283,#2544);
#2544 = DEFINITIONAL_REPRESENTATION('',(#2545),#2590);
#2545 = B_SPLINE_CURVE_WITH_KNOTS('',8,(#2546,#2547,#2548,#2549,#2550,
    #2551,#2552,#2553,#2554,#2555,#2556,#2557,#2558,#2559,#2560,#2561,
    #2562,#2563,#2564,#2565,#2566,#2567,#2568,#2569,#2570,#2571,#2572,
    #2573,#2574,#2575,#2576,#2577,#2578,#2579,#2580,#2581,#2582,#2583,
    #2584,#2585,#2586,#2587,#2588,#2589),.UNSPECIFIED.,.T.,.F.,(9,7,7,7,
    7,7,9),(0.,8.701444501348E-02,0.34014963692,0.592053928693,
    0.704350807302,0.840328077475,1.),.UNSPECIFIED.);
#2546 = CARTESIAN_POINT('',(1.828931250214,5.145881622584));
#2547 = CARTESIAN_POINT('',(1.840729396538,5.130070118172));
#2548 = CARTESIAN_POINT('',(1.851165697651,5.113373435171));
#2549 = CARTESIAN_POINT('',(1.860094817099,5.095921393338));
#2550 = CARTESIAN_POINT('',(1.867400088217,5.077851856788));
#2551 = CARTESIAN_POINT('',(1.872992802531,5.059308272385));
#2552 = CARTESIAN_POINT('',(1.876811498147,5.040437208118));
#2553 = CARTESIAN_POINT('',(1.878821248142,5.021385891488));
#2554 = CARTESIAN_POINT('',(1.879570629055,4.946775925135));
#2555 = CARTESIAN_POINT('',(1.864726936882,4.892645435066));
#2556 = CARTESIAN_POINT('',(1.835892556235,4.842721249875));
#2557 = CARTESIAN_POINT('',(1.795068084813,4.79924114135));
#2558 = CARTESIAN_POINT('',(1.744694027913,4.764700297239));
#2559 = CARTESIAN_POINT('',(1.687996851112,4.741115199885));
#2560 = CARTESIAN_POINT('',(1.62835864314,4.73));
#2561 = CARTESIAN_POINT('',(1.513513914094,4.73));
#2562 = CARTESIAN_POINT('',(1.454213714973,4.741007236754));
#2563 = CARTESIAN_POINT('',(1.397804438377,4.76433199762));
#2564 = CARTESIAN_POINT('',(1.347605371792,4.798504027188));
#2565 = CARTESIAN_POINT('',(1.306793546411,4.841559428088));
#2566 = CARTESIAN_POINT('',(1.277783585973,4.891052101149));
#2567 = CARTESIAN_POINT('',(1.262568155507,4.944784564652));
#2568 = CARTESIAN_POINT('',(1.262568155507,5.024614590712));
#2569 = CARTESIAN_POINT('',(1.265592380002,5.049168062402));
#2570 = CARTESIAN_POINT('',(1.271613664337,5.073355960117));
#2571 = CARTESIAN_POINT('',(1.280542763017,5.096881302759));
#2572 = CARTESIAN_POINT('',(1.292225529732,5.119446513421));
#2573 = CARTESIAN_POINT('',(1.306440156116,5.140757028986));
#2574 = CARTESIAN_POINT('',(1.322894469237,5.160536588973));
#2575 = CARTESIAN_POINT('',(1.363417161297,5.200371248665));
#2576 = CARTESIAN_POINT('',(1.388416386042,5.21966068433));
#2577 = CARTESIAN_POINT('',(1.415754971255,5.236144158138));
#2578 = CARTESIAN_POINT('',(1.444953582436,5.249575641125));
#2579 = CARTESIAN_POINT('',(1.475528858826,5.259765055543));
#2580 = CARTESIAN_POINT('',(1.507002015949,5.266590632567));
#2581 = CARTESIAN_POINT('',(1.538906733243,5.27));
#2582 = CARTESIAN_POINT('',(1.608242825791,5.27));
#2583 = CARTESIAN_POINT('',(1.645787671216,5.265299485997));
#2584 = CARTESIAN_POINT('',(1.682636122924,5.255851239721));
#2585 = CARTESIAN_POINT('',(1.717993165623,5.241774152657));
#2586 = CARTESIAN_POINT('',(1.751069312902,5.223326340009));
#2587 = CARTESIAN_POINT('',(1.781086729621,5.200878903697));
#2588 = CARTESIAN_POINT('',(1.807285672688,5.174890344393));
#2589 = CARTESIAN_POINT('',(1.828931250214,5.145881622584));
#2590 = ( GEOMETRIC_REPRESENTATION_CONTEXT(2) 
PARAMETRIC_REPRESENTATION_CONTEXT() REPRESENTATION_CONTEXT('2D SPACE',''
  ) );
#2591 = ORIENTED_EDGE('',*,*,#2592,.F.);
#2592 = EDGE_CURVE('',#963,#2447,#2593,.T.);
#2593 = SEAM_CURVE('',#2594,(#2598,#2604),.PCURVE_S1.);
#2594 = LINE('',#2595,#2596);
#2595 = CARTESIAN_POINT('',(-5.217120105809,-9.4,3.619874296382));
#2596 = VECTOR('',#2597,1.);
#2597 = DIRECTION('',(0.,1.,0.));
#2598 = PCURVE('',#983,#2599);
#2599 = DEFINITIONAL_REPRESENTATION('',(#2600),#2603);
#2600 = B_SPLINE_CURVE_WITH_KNOTS('',1,(#2601,#2602),.UNSPECIFIED.,.F.,
  .F.,(2,2),(0.4,1.084487682942),.PIECEWISE_BEZIER_KNOTS.);
#2601 = CARTESIAN_POINT('',(6.28318530718,0.4));
#2602 = CARTESIAN_POINT('',(6.28318530718,1.084487682942));
#2603 = ( GEOMETRIC_REPRESENTATION_CONTEXT(2) 
PARAMETRIC_REPRESENTATION_CONTEXT() REPRESENTATION_CONTEXT('2D SPACE',''
  ) );
#2604 = PCURVE('',#983,#2605);
#2605 = DEFINITIONAL_REPRESENTATION('',(#2606),#2609);
#2606 = B_SPLINE_CURVE_WITH_KNOTS('',1,(#2607,#2608),.UNSPECIFIED.,.F.,
  .F.,(2,2),(0.4,1.084487682942),.PIECEWISE_BEZIER_KNOTS.);
#2607 = CARTESIAN_POINT('',(0.,0.4));
#2608 = CARTESIAN_POINT('',(0.,1.084487682942));
#2609 = ( GEOMETRIC_REPRESENTATION_CONTEXT(2) 
PARAMETRIC_REPRESENTATION_CONTEXT() REPRESENTATION_CONTEXT('2D SPACE',''
  ) );
#2610 = ORIENTED_EDGE('',*,*,#962,.T.);
#2611 = ORIENTED_EDGE('',*,*,#2592,.T.);
#2612 = ADVANCED_FACE('',(#2613),#1043,.F.);
#2613 = FACE_BOUND('',#2614,.F.);
#2614 = EDGE_LOOP('',(#2615,#2616,#2635,#2636,#2669,#2670,#2671,#2672));
#2615 = ORIENTED_EDGE('',*,*,#1022,.F.);
#2616 = ORIENTED_EDGE('',*,*,#2617,.F.);
#2617 = EDGE_CURVE('',#1422,#1023,#2618,.T.);
#2618 = SEAM_CURVE('',#2619,(#2623,#2629),.PCURVE_S1.);
#2619 = LINE('',#2620,#2621);
#2620 = CARTESIAN_POINT('',(0.308734554296,-5.405,1.461773913772));
#2621 = VECTOR('',#2622,1.);
#2622 = DIRECTION('',(-0.416870802429,-1.232595164408E-32,0.908965749675
    ));
#2623 = PCURVE('',#1043,#2624);
#2624 = DEFINITIONAL_REPRESENTATION('',(#2625),#2628);
#2625 = B_SPLINE_CURVE_WITH_KNOTS('',1,(#2626,#2627),.UNSPECIFIED.,.F.,
  .F.,(2,2),(3.139424844986,5.37),.PIECEWISE_BEZIER_KNOTS.);
#2626 = CARTESIAN_POINT('',(6.28318530718,3.139424844986));
#2627 = CARTESIAN_POINT('',(6.28318530718,5.37));
#2628 = ( GEOMETRIC_REPRESENTATION_CONTEXT(2) 
PARAMETRIC_REPRESENTATION_CONTEXT() REPRESENTATION_CONTEXT('2D SPACE',''
  ) );
#2629 = PCURVE('',#1043,#2630);
#2630 = DEFINITIONAL_REPRESENTATION('',(#2631),#2634);
#2631 = B_SPLINE_CURVE_WITH_KNOTS('',1,(#2632,#2633),.UNSPECIFIED.,.F.,
  .F.,(2,2),(3.139424844986,5.37),.PIECEWISE_BEZIER_KNOTS.);
#2632 = CARTESIAN_POINT('',(0.,3.139424844986));
#2633 = CARTESIAN_POINT('',(0.,5.37));
#2634 = ( GEOMETRIC_REPRESENTATION_CONTEXT(2) 
PARAMETRIC_REPRESENTATION_CONTEXT() REPRESENTATION_CONTEXT('2D SPACE',''
  ) );
#2635 = ORIENTED_EDGE('',*,*,#1449,.T.);
#2636 = ORIENTED_EDGE('',*,*,#2637,.T.);
#2637 = EDGE_CURVE('',#1450,#2001,#2638,.T.);
#2638 = SURFACE_CURVE('',#2639,(#2647,#2658),.PCURVE_S1.);
#2639 = B_SPLINE_CURVE_WITH_KNOTS('',6,(#2640,#2641,#2642,#2643,#2644,
    #2645,#2646),.UNSPECIFIED.,.F.,.F.,(7,7),(0.,1.),
  .PIECEWISE_BEZIER_KNOTS.);
#2640 = CARTESIAN_POINT('',(-1.,-4.517964809976,2.35456806083));
#2641 = CARTESIAN_POINT('',(-1.,-4.51737810607,2.337368715967));
#2642 = CARTESIAN_POINT('',(-1.002958783316,-4.516643675845,
    2.320234889094));
#2643 = CARTESIAN_POINT('',(-1.008829722975,-4.515882309525,
    2.303773565895));
#2644 = CARTESIAN_POINT('',(-1.017438628743,-4.515265552184,
    2.288538943853));
#2645 = CARTESIAN_POINT('',(-1.028464841876,-4.514953711429,2.2751236256
    ));
#2646 = CARTESIAN_POINT('',(-1.041325909996,-4.515004255,2.263956871884)
  );
#2647 = PCURVE('',#1043,#2648);
#2648 = DEFINITIONAL_REPRESENTATION('',(#2649),#2657);
#2649 = B_SPLINE_CURVE_WITH_KNOTS('',6,(#2650,#2651,#2652,#2653,#2654,
    #2655,#2656),.UNSPECIFIED.,.F.,.F.,(7,7),(0.,1.),
  .PIECEWISE_BEZIER_KNOTS.);
#2650 = CARTESIAN_POINT('',(1.489149546779,1.357092525002));
#2651 = CARTESIAN_POINT('',(1.497232545937,1.341458909605));
#2652 = CARTESIAN_POINT('',(1.508310218133,1.327118278192));
#2653 = CARTESIAN_POINT('',(1.522041950423,1.314602922536));
#2654 = CARTESIAN_POINT('',(1.537979253863,1.304343974346));
#2655 = CARTESIAN_POINT('',(1.555522878279,1.29674641585));
#2656 = CARTESIAN_POINT('',(1.57388854362,1.291957622975));
#2657 = ( GEOMETRIC_REPRESENTATION_CONTEXT(2) 
PARAMETRIC_REPRESENTATION_CONTEXT() REPRESENTATION_CONTEXT('2D SPACE',''
  ) );
#2658 = PCURVE('',#1493,#2659);
#2659 = DEFINITIONAL_REPRESENTATION('',(#2660),#2668);
#2660 = B_SPLINE_CURVE_WITH_KNOTS('',6,(#2661,#2662,#2663,#2664,#2665,
    #2666,#2667),.UNSPECIFIED.,.F.,.F.,(7,7),(0.,1.),
  .PIECEWISE_BEZIER_KNOTS.);
#2661 = CARTESIAN_POINT('',(0.,4.482035190024));
#2662 = CARTESIAN_POINT('',(0.143327873853,4.48262189393));
#2663 = CARTESIAN_POINT('',(0.286105417592,4.483356324155));
#2664 = CARTESIAN_POINT('',(0.428605395014,4.484117690475));
#2665 = CARTESIAN_POINT('',(0.571190043156,4.484734447816));
#2666 = CARTESIAN_POINT('',(0.713859461496,4.485046288571));
#2667 = CARTESIAN_POINT('',(0.855796326795,4.484995745));
#2668 = ( GEOMETRIC_REPRESENTATION_CONTEXT(2) 
PARAMETRIC_REPRESENTATION_CONTEXT() REPRESENTATION_CONTEXT('2D SPACE',''
  ) );
#2669 = ORIENTED_EDGE('',*,*,#2022,.T.);
#2670 = ORIENTED_EDGE('',*,*,#2358,.F.);
#2671 = ORIENTED_EDGE('',*,*,#1421,.T.);
#2672 = ORIENTED_EDGE('',*,*,#2617,.T.);
#2673 = ADVANCED_FACE('',(#2674),#1077,.F.);
#2674 = FACE_BOUND('',#2675,.F.);
#2675 = EDGE_LOOP('',(#2676,#2677,#2696,#2697,#2730,#2731,#2764,#2765));
#2676 = ORIENTED_EDGE('',*,*,#1056,.F.);
#2677 = ORIENTED_EDGE('',*,*,#2678,.F.);
#2678 = EDGE_CURVE('',#1505,#1057,#2679,.T.);
#2679 = SEAM_CURVE('',#2680,(#2684,#2690),.PCURVE_S1.);
#2680 = LINE('',#2681,#2682);
#2681 = CARTESIAN_POINT('',(0.308734554296,-1.305,1.461773913772));
#2682 = VECTOR('',#2683,1.);
#2683 = DIRECTION('',(-0.416870802429,-1.232595164408E-32,0.908965749675
    ));
#2684 = PCURVE('',#1077,#2685);
#2685 = DEFINITIONAL_REPRESENTATION('',(#2686),#2689);
#2686 = B_SPLINE_CURVE_WITH_KNOTS('',1,(#2687,#2688),.UNSPECIFIED.,.F.,
  .F.,(2,2),(3.139424844986,5.37),.PIECEWISE_BEZIER_KNOTS.);
#2687 = CARTESIAN_POINT('',(6.28318530718,3.139424844986));
#2688 = CARTESIAN_POINT('',(6.28318530718,5.37));
#2689 = ( GEOMETRIC_REPRESENTATION_CONTEXT(2) 
PARAMETRIC_REPRESENTATION_CONTEXT() REPRESENTATION_CONTEXT('2D SPACE',''
  ) );
#2690 = PCURVE('',#1077,#2691);
#2691 = DEFINITIONAL_REPRESENTATION('',(#2692),#2695);
#2692 = B_SPLINE_CURVE_WITH_KNOTS('',1,(#2693,#2694),.UNSPECIFIED.,.F.,
  .F.,(2,2),(3.139424844986,5.37),.PIECEWISE_BEZIER_KNOTS.);
#2693 = CARTESIAN_POINT('',(0.,3.139424844986));
#2694 = CARTESIAN_POINT('',(0.,5.37));
#2695 = ( GEOMETRIC_REPRESENTATION_CONTEXT(2) 
PARAMETRIC_REPRESENTATION_CONTEXT() REPRESENTATION_CONTEXT('2D SPACE',''
  ) );
#2696 = ORIENTED_EDGE('',*,*,#1532,.T.);
#2697 = ORIENTED_EDGE('',*,*,#2698,.T.);
#2698 = EDGE_CURVE('',#1533,#1949,#2699,.T.);
#2699 = SURFACE_CURVE('',#2700,(#2708,#2719),.PCURVE_S1.);
#2700 = B_SPLINE_CURVE_WITH_KNOTS('',6,(#2701,#2702,#2703,#2704,#2705,
    #2706,#2707),.UNSPECIFIED.,.F.,.F.,(7,7),(0.,1.),
  .PIECEWISE_BEZIER_KNOTS.);
#2701 = CARTESIAN_POINT('',(-1.,-0.417964809976,2.35456806083));
#2702 = CARTESIAN_POINT('',(-1.,-0.41737810607,2.337368715967));
#2703 = CARTESIAN_POINT('',(-1.002958783316,-0.416643675845,
    2.320234889094));
#2704 = CARTESIAN_POINT('',(-1.008829722975,-0.415882309525,
    2.303773565895));
#2705 = CARTESIAN_POINT('',(-1.017438628743,-0.415265552184,
    2.288538943853));
#2706 = CARTESIAN_POINT('',(-1.028464841876,-0.414953711429,2.2751236256
    ));
#2707 = CARTESIAN_POINT('',(-1.041325909996,-0.415004255,2.263956871884)
  );
#2708 = PCURVE('',#1077,#2709);
#2709 = DEFINITIONAL_REPRESENTATION('',(#2710),#2718);
#2710 = B_SPLINE_CURVE_WITH_KNOTS('',6,(#2711,#2712,#2713,#2714,#2715,
    #2716,#2717),.UNSPECIFIED.,.F.,.F.,(7,7),(0.,1.),
  .PIECEWISE_BEZIER_KNOTS.);
#2711 = CARTESIAN_POINT('',(1.489149546779,1.357092525002));
#2712 = CARTESIAN_POINT('',(1.497232545937,1.341458909605));
#2713 = CARTESIAN_POINT('',(1.508310218133,1.327118278192));
#2714 = CARTESIAN_POINT('',(1.522041950423,1.314602922536));
#2715 = CARTESIAN_POINT('',(1.537979253863,1.304343974346));
#2716 = CARTESIAN_POINT('',(1.555522878279,1.29674641585));
#2717 = CARTESIAN_POINT('',(1.57388854362,1.291957622975));
#2718 = ( GEOMETRIC_REPRESENTATION_CONTEXT(2) 
PARAMETRIC_REPRESENTATION_CONTEXT() REPRESENTATION_CONTEXT('2D SPACE',''
  ) );
#2719 = PCURVE('',#1576,#2720);
#2720 = DEFINITIONAL_REPRESENTATION('',(#2721),#2729);
#2721 = B_SPLINE_CURVE_WITH_KNOTS('',6,(#2722,#2723,#2724,#2725,#2726,
    #2727,#2728),.UNSPECIFIED.,.F.,.F.,(7,7),(0.,1.),
  .PIECEWISE_BEZIER_KNOTS.);
#2722 = CARTESIAN_POINT('',(0.,8.582035190024));
#2723 = CARTESIAN_POINT('',(0.143327873853,8.58262189393));
#2724 = CARTESIAN_POINT('',(0.286105417592,8.583356324155));
#2725 = CARTESIAN_POINT('',(0.428605395015,8.584117690475));
#2726 = CARTESIAN_POINT('',(0.571190043156,8.584734447816));
#2727 = CARTESIAN_POINT('',(0.713859461496,8.585046288571));
#2728 = CARTESIAN_POINT('',(0.855796326795,8.584995745));
#2729 = ( GEOMETRIC_REPRESENTATION_CONTEXT(2) 
PARAMETRIC_REPRESENTATION_CONTEXT() REPRESENTATION_CONTEXT('2D SPACE',''
  ) );
#2730 = ORIENTED_EDGE('',*,*,#1970,.T.);
#2731 = ORIENTED_EDGE('',*,*,#2732,.F.);
#2732 = EDGE_CURVE('',#1478,#1971,#2733,.T.);
#2733 = SURFACE_CURVE('',#2734,(#2742,#2753),.PCURVE_S1.);
#2734 = B_SPLINE_CURVE_WITH_KNOTS('',6,(#2735,#2736,#2737,#2738,#2739,
    #2740,#2741),.UNSPECIFIED.,.F.,.F.,(7,7),(0.,1.),
  .PIECEWISE_BEZIER_KNOTS.);
#2735 = CARTESIAN_POINT('',(-1.,-2.192035190024,2.35456806083));
#2736 = CARTESIAN_POINT('',(-1.,-2.19262189393,2.337368715967));
#2737 = CARTESIAN_POINT('',(-1.002958783316,-2.193356324155,
    2.320234889094));
#2738 = CARTESIAN_POINT('',(-1.008829722975,-2.194117690475,
    2.303773565895));
#2739 = CARTESIAN_POINT('',(-1.017438628743,-2.194734447816,
    2.288538943853));
#2740 = CARTESIAN_POINT('',(-1.028464841876,-2.195046288571,2.2751236256
    ));
#2741 = CARTESIAN_POINT('',(-1.041325909996,-2.194995745,2.263956871884)
  );
#2742 = PCURVE('',#1077,#2743);
#2743 = DEFINITIONAL_REPRESENTATION('',(#2744),#2752);
#2744 = B_SPLINE_CURVE_WITH_KNOTS('',6,(#2745,#2746,#2747,#2748,#2749,
    #2750,#2751),.UNSPECIFIED.,.F.,.F.,(7,7),(0.,1.),
  .PIECEWISE_BEZIER_KNOTS.);
#2745 = CARTESIAN_POINT('',(4.7940357604,1.357092525002));
#2746 = CARTESIAN_POINT('',(4.785952761242,1.341458909605));
#2747 = CARTESIAN_POINT('',(4.774875089047,1.327118278192));
#2748 = CARTESIAN_POINT('',(4.761143356757,1.314602922536));
#2749 = CARTESIAN_POINT('',(4.745206053316,1.304343974346));
#2750 = CARTESIAN_POINT('',(4.7276624289,1.29674641585));
#2751 = CARTESIAN_POINT('',(4.70929676356,1.291957622975));
#2752 = ( GEOMETRIC_REPRESENTATION_CONTEXT(2) 
PARAMETRIC_REPRESENTATION_CONTEXT() REPRESENTATION_CONTEXT('2D SPACE',''
  ) );
#2753 = PCURVE('',#1493,#2754);
#2754 = DEFINITIONAL_REPRESENTATION('',(#2755),#2763);
#2755 = B_SPLINE_CURVE_WITH_KNOTS('',6,(#2756,#2757,#2758,#2759,#2760,
    #2761,#2762),.UNSPECIFIED.,.F.,.F.,(7,7),(0.,1.),
  .PIECEWISE_BEZIER_KNOTS.);
#2756 = CARTESIAN_POINT('',(0.,6.807964809976));
#2757 = CARTESIAN_POINT('',(0.143327873853,6.80737810607));
#2758 = CARTESIAN_POINT('',(0.286105417592,6.806643675845));
#2759 = CARTESIAN_POINT('',(0.428605395014,6.805882309525));
#2760 = CARTESIAN_POINT('',(0.571190043156,6.805265552184));
#2761 = CARTESIAN_POINT('',(0.713859461496,6.804953711429));
#2762 = CARTESIAN_POINT('',(0.855796326795,6.805004255));
#2763 = ( GEOMETRIC_REPRESENTATION_CONTEXT(2) 
PARAMETRIC_REPRESENTATION_CONTEXT() REPRESENTATION_CONTEXT('2D SPACE',''
  ) );
#2764 = ORIENTED_EDGE('',*,*,#1504,.T.);
#2765 = ORIENTED_EDGE('',*,*,#2678,.T.);
#2766 = ADVANCED_FACE('',(#2767),#1111,.F.);
#2767 = FACE_BOUND('',#2768,.F.);
#2768 = EDGE_LOOP('',(#2769,#2770,#2789,#2790,#2823,#2824,#2857,#2858));
#2769 = ORIENTED_EDGE('',*,*,#1090,.F.);
#2770 = ORIENTED_EDGE('',*,*,#2771,.F.);
#2771 = EDGE_CURVE('',#1588,#1091,#2772,.T.);
#2772 = SEAM_CURVE('',#2773,(#2777,#2783),.PCURVE_S1.);
#2773 = LINE('',#2774,#2775);
#2774 = CARTESIAN_POINT('',(0.308734554296,2.795,1.461773913772));
#2775 = VECTOR('',#2776,1.);
#2776 = DIRECTION('',(-0.416870802429,-1.232595164408E-32,0.908965749675
    ));
#2777 = PCURVE('',#1111,#2778);
#2778 = DEFINITIONAL_REPRESENTATION('',(#2779),#2782);
#2779 = B_SPLINE_CURVE_WITH_KNOTS('',1,(#2780,#2781),.UNSPECIFIED.,.F.,
  .F.,(2,2),(3.139424844986,5.37),.PIECEWISE_BEZIER_KNOTS.);
#2780 = CARTESIAN_POINT('',(6.28318530718,3.139424844986));
#2781 = CARTESIAN_POINT('',(6.28318530718,5.37));
#2782 = ( GEOMETRIC_REPRESENTATION_CONTEXT(2) 
PARAMETRIC_REPRESENTATION_CONTEXT() REPRESENTATION_CONTEXT('2D SPACE',''
  ) );
#2783 = PCURVE('',#1111,#2784);
#2784 = DEFINITIONAL_REPRESENTATION('',(#2785),#2788);
#2785 = B_SPLINE_CURVE_WITH_KNOTS('',1,(#2786,#2787),.UNSPECIFIED.,.F.,
  .F.,(2,2),(3.139424844986,5.37),.PIECEWISE_BEZIER_KNOTS.);
#2786 = CARTESIAN_POINT('',(0.,3.139424844986));
#2787 = CARTESIAN_POINT('',(0.,5.37));
#2788 = ( GEOMETRIC_REPRESENTATION_CONTEXT(2) 
PARAMETRIC_REPRESENTATION_CONTEXT() REPRESENTATION_CONTEXT('2D SPACE',''
  ) );
#2789 = ORIENTED_EDGE('',*,*,#1615,.T.);
#2790 = ORIENTED_EDGE('',*,*,#2791,.T.);
#2791 = EDGE_CURVE('',#1616,#1897,#2792,.T.);
#2792 = SURFACE_CURVE('',#2793,(#2801,#2812),.PCURVE_S1.);
#2793 = B_SPLINE_CURVE_WITH_KNOTS('',6,(#2794,#2795,#2796,#2797,#2798,
    #2799,#2800),.UNSPECIFIED.,.F.,.F.,(7,7),(0.,1.),
  .PIECEWISE_BEZIER_KNOTS.);
#2794 = CARTESIAN_POINT('',(-1.,3.682035190024,2.35456806083));
#2795 = CARTESIAN_POINT('',(-1.,3.68262189393,2.337368715967));
#2796 = CARTESIAN_POINT('',(-1.002958783316,3.683356324155,
    2.320234889094));
#2797 = CARTESIAN_POINT('',(-1.008829722975,3.684117690475,
    2.303773565895));
#2798 = CARTESIAN_POINT('',(-1.017438628743,3.684734447816,
    2.288538943853));
#2799 = CARTESIAN_POINT('',(-1.028464841876,3.685046288571,2.2751236256)
  );
#2800 = CARTESIAN_POINT('',(-1.041325909996,3.684995745,2.263956871884)
  );
#2801 = PCURVE('',#1111,#2802);
#2802 = DEFINITIONAL_REPRESENTATION('',(#2803),#2811);
#2803 = B_SPLINE_CURVE_WITH_KNOTS('',6,(#2804,#2805,#2806,#2807,#2808,
    #2809,#2810),.UNSPECIFIED.,.F.,.F.,(7,7),(0.,1.),
  .PIECEWISE_BEZIER_KNOTS.);
#2804 = CARTESIAN_POINT('',(1.489149546779,1.357092525002));
#2805 = CARTESIAN_POINT('',(1.497232545937,1.341458909605));
#2806 = CARTESIAN_POINT('',(1.508310218133,1.327118278192));
#2807 = CARTESIAN_POINT('',(1.522041950423,1.314602922536));
#2808 = CARTESIAN_POINT('',(1.537979253863,1.304343974346));
#2809 = CARTESIAN_POINT('',(1.555522878279,1.29674641585));
#2810 = CARTESIAN_POINT('',(1.57388854362,1.291957622975));
#2811 = ( GEOMETRIC_REPRESENTATION_CONTEXT(2) 
PARAMETRIC_REPRESENTATION_CONTEXT() REPRESENTATION_CONTEXT('2D SPACE',''
  ) );
#2812 = PCURVE('',#1659,#2813);
#2813 = DEFINITIONAL_REPRESENTATION('',(#2814),#2822);
#2814 = B_SPLINE_CURVE_WITH_KNOTS('',6,(#2815,#2816,#2817,#2818,#2819,
    #2820,#2821),.UNSPECIFIED.,.F.,.F.,(7,7),(0.,1.),
  .PIECEWISE_BEZIER_KNOTS.);
#2815 = CARTESIAN_POINT('',(0.,12.682035190024));
#2816 = CARTESIAN_POINT('',(0.143327873853,12.68262189393));
#2817 = CARTESIAN_POINT('',(0.286105417592,12.683356324155));
#2818 = CARTESIAN_POINT('',(0.428605395015,12.684117690475));
#2819 = CARTESIAN_POINT('',(0.571190043156,12.684734447816));
#2820 = CARTESIAN_POINT('',(0.713859461496,12.685046288571));
#2821 = CARTESIAN_POINT('',(0.855796326795,12.684995745));
#2822 = ( GEOMETRIC_REPRESENTATION_CONTEXT(2) 
PARAMETRIC_REPRESENTATION_CONTEXT() REPRESENTATION_CONTEXT('2D SPACE',''
  ) );
#2823 = ORIENTED_EDGE('',*,*,#1918,.T.);
#2824 = ORIENTED_EDGE('',*,*,#2825,.F.);
#2825 = EDGE_CURVE('',#1561,#1919,#2826,.T.);
#2826 = SURFACE_CURVE('',#2827,(#2835,#2846),.PCURVE_S1.);
#2827 = B_SPLINE_CURVE_WITH_KNOTS('',6,(#2828,#2829,#2830,#2831,#2832,
    #2833,#2834),.UNSPECIFIED.,.F.,.F.,(7,7),(0.,1.),
  .PIECEWISE_BEZIER_KNOTS.);
#2828 = CARTESIAN_POINT('',(-1.,1.907964809976,2.35456806083));
#2829 = CARTESIAN_POINT('',(-1.,1.90737810607,2.337368715967));
#2830 = CARTESIAN_POINT('',(-1.002958783316,1.906643675845,
    2.320234889094));
#2831 = CARTESIAN_POINT('',(-1.008829722975,1.905882309525,
    2.303773565895));
#2832 = CARTESIAN_POINT('',(-1.017438628743,1.905265552184,
    2.288538943853));
#2833 = CARTESIAN_POINT('',(-1.028464841876,1.904953711429,2.2751236256)
  );
#2834 = CARTESIAN_POINT('',(-1.041325909996,1.905004255,2.263956871884)
  );
#2835 = PCURVE('',#1111,#2836);
#2836 = DEFINITIONAL_REPRESENTATION('',(#2837),#2845);
#2837 = B_SPLINE_CURVE_WITH_KNOTS('',6,(#2838,#2839,#2840,#2841,#2842,
    #2843,#2844),.UNSPECIFIED.,.F.,.F.,(7,7),(0.,1.),
  .PIECEWISE_BEZIER_KNOTS.);
#2838 = CARTESIAN_POINT('',(4.7940357604,1.357092525002));
#2839 = CARTESIAN_POINT('',(4.785952761242,1.341458909605));
#2840 = CARTESIAN_POINT('',(4.774875089047,1.327118278192));
#2841 = CARTESIAN_POINT('',(4.761143356757,1.314602922536));
#2842 = CARTESIAN_POINT('',(4.745206053316,1.304343974346));
#2843 = CARTESIAN_POINT('',(4.727662428901,1.29674641585));
#2844 = CARTESIAN_POINT('',(4.70929676356,1.291957622975));
#2845 = ( GEOMETRIC_REPRESENTATION_CONTEXT(2) 
PARAMETRIC_REPRESENTATION_CONTEXT() REPRESENTATION_CONTEXT('2D SPACE',''
  ) );
#2846 = PCURVE('',#1576,#2847);
#2847 = DEFINITIONAL_REPRESENTATION('',(#2848),#2856);
#2848 = B_SPLINE_CURVE_WITH_KNOTS('',6,(#2849,#2850,#2851,#2852,#2853,
    #2854,#2855),.UNSPECIFIED.,.F.,.F.,(7,7),(0.,1.),
  .PIECEWISE_BEZIER_KNOTS.);
#2849 = CARTESIAN_POINT('',(0.,10.907964809976));
#2850 = CARTESIAN_POINT('',(0.143327873853,10.90737810607));
#2851 = CARTESIAN_POINT('',(0.286105417592,10.906643675845));
#2852 = CARTESIAN_POINT('',(0.428605395015,10.905882309525));
#2853 = CARTESIAN_POINT('',(0.571190043156,10.905265552184));
#2854 = CARTESIAN_POINT('',(0.713859461496,10.904953711429));
#2855 = CARTESIAN_POINT('',(0.855796326795,10.905004255));
#2856 = ( GEOMETRIC_REPRESENTATION_CONTEXT(2) 
PARAMETRIC_REPRESENTATION_CONTEXT() REPRESENTATION_CONTEXT('2D SPACE',''
  ) );
#2857 = ORIENTED_EDGE('',*,*,#1587,.T.);
#2858 = ORIENTED_EDGE('',*,*,#2771,.T.);
#2859 = ADVANCED_FACE('',(#2860),#1145,.F.);
#2860 = FACE_BOUND('',#2861,.F.);
#2861 = EDGE_LOOP('',(#2862,#2863,#2882,#2883,#2884,#2885,#2918,#2919));
#2862 = ORIENTED_EDGE('',*,*,#1124,.F.);
#2863 = ORIENTED_EDGE('',*,*,#2864,.F.);
#2864 = EDGE_CURVE('',#1671,#1125,#2865,.T.);
#2865 = SEAM_CURVE('',#2866,(#2870,#2876),.PCURVE_S1.);
#2866 = LINE('',#2867,#2868);
#2867 = CARTESIAN_POINT('',(0.308734554296,6.895,1.461773913772));
#2868 = VECTOR('',#2869,1.);
#2869 = DIRECTION('',(-0.416870802429,-1.232595164408E-32,0.908965749675
    ));
#2870 = PCURVE('',#1145,#2871);
#2871 = DEFINITIONAL_REPRESENTATION('',(#2872),#2875);
#2872 = B_SPLINE_CURVE_WITH_KNOTS('',1,(#2873,#2874),.UNSPECIFIED.,.F.,
  .F.,(2,2),(3.139424844986,5.37),.PIECEWISE_BEZIER_KNOTS.);
#2873 = CARTESIAN_POINT('',(6.28318530718,3.139424844986));
#2874 = CARTESIAN_POINT('',(6.28318530718,5.37));
#2875 = ( GEOMETRIC_REPRESENTATION_CONTEXT(2) 
PARAMETRIC_REPRESENTATION_CONTEXT() REPRESENTATION_CONTEXT('2D SPACE',''
  ) );
#2876 = PCURVE('',#1145,#2877);
#2877 = DEFINITIONAL_REPRESENTATION('',(#2878),#2881);
#2878 = B_SPLINE_CURVE_WITH_KNOTS('',1,(#2879,#2880),.UNSPECIFIED.,.F.,
  .F.,(2,2),(3.139424844986,5.37),.PIECEWISE_BEZIER_KNOTS.);
#2879 = CARTESIAN_POINT('',(0.,3.139424844986));
#2880 = CARTESIAN_POINT('',(0.,5.37));
#2881 = ( GEOMETRIC_REPRESENTATION_CONTEXT(2) 
PARAMETRIC_REPRESENTATION_CONTEXT() REPRESENTATION_CONTEXT('2D SPACE',''
  ) );
#2882 = ORIENTED_EDGE('',*,*,#1698,.T.);
#2883 = ORIENTED_EDGE('',*,*,#1779,.T.);
#2884 = ORIENTED_EDGE('',*,*,#1866,.T.);
#2885 = ORIENTED_EDGE('',*,*,#2886,.F.);
#2886 = EDGE_CURVE('',#1644,#1867,#2887,.T.);
#2887 = SURFACE_CURVE('',#2888,(#2896,#2907),.PCURVE_S1.);
#2888 = B_SPLINE_CURVE_WITH_KNOTS('',6,(#2889,#2890,#2891,#2892,#2893,
    #2894,#2895),.UNSPECIFIED.,.F.,.F.,(7,7),(0.,1.),
  .PIECEWISE_BEZIER_KNOTS.);
#2889 = CARTESIAN_POINT('',(-1.,6.007964809976,2.35456806083));
#2890 = CARTESIAN_POINT('',(-1.,6.00737810607,2.337368715967));
#2891 = CARTESIAN_POINT('',(-1.002958783316,6.006643675845,
    2.320234889094));
#2892 = CARTESIAN_POINT('',(-1.008829722975,6.005882309525,
    2.303773565895));
#2893 = CARTESIAN_POINT('',(-1.017438628743,6.005265552184,
    2.288538943853));
#2894 = CARTESIAN_POINT('',(-1.028464841876,6.004953711429,2.2751236256)
  );
#2895 = CARTESIAN_POINT('',(-1.041325909996,6.005004255,2.263956871884)
  );
#2896 = PCURVE('',#1145,#2897);
#2897 = DEFINITIONAL_REPRESENTATION('',(#2898),#2906);
#2898 = B_SPLINE_CURVE_WITH_KNOTS('',6,(#2899,#2900,#2901,#2902,#2903,
    #2904,#2905),.UNSPECIFIED.,.F.,.F.,(7,7),(0.,1.),
  .PIECEWISE_BEZIER_KNOTS.);
#2899 = CARTESIAN_POINT('',(4.7940357604,1.357092525002));
#2900 = CARTESIAN_POINT('',(4.785952761242,1.341458909605));
#2901 = CARTESIAN_POINT('',(4.774875089047,1.327118278192));
#2902 = CARTESIAN_POINT('',(4.761143356757,1.314602922536));
#2903 = CARTESIAN_POINT('',(4.745206053316,1.304343974346));
#2904 = CARTESIAN_POINT('',(4.7276624289,1.29674641585));
#2905 = CARTESIAN_POINT('',(4.70929676356,1.291957622975));
#2906 = ( GEOMETRIC_REPRESENTATION_CONTEXT(2) 
PARAMETRIC_REPRESENTATION_CONTEXT() REPRESENTATION_CONTEXT('2D SPACE',''
  ) );
#2907 = PCURVE('',#1659,#2908);
#2908 = DEFINITIONAL_REPRESENTATION('',(#2909),#2917);
#2909 = B_SPLINE_CURVE_WITH_KNOTS('',6,(#2910,#2911,#2912,#2913,#2914,
    #2915,#2916),.UNSPECIFIED.,.F.,.F.,(7,7),(0.,1.),
  .PIECEWISE_BEZIER_KNOTS.);
#2910 = CARTESIAN_POINT('',(0.,15.007964809976));
#2911 = CARTESIAN_POINT('',(0.143327873853,15.00737810607));
#2912 = CARTESIAN_POINT('',(0.286105417592,15.006643675845));
#2913 = CARTESIAN_POINT('',(0.428605395015,15.005882309525));
#2914 = CARTESIAN_POINT('',(0.571190043156,15.005265552184));
#2915 = CARTESIAN_POINT('',(0.713859461496,15.004953711429));
#2916 = CARTESIAN_POINT('',(0.855796326795,15.005004255));
#2917 = ( GEOMETRIC_REPRESENTATION_CONTEXT(2) 
PARAMETRIC_REPRESENTATION_CONTEXT() REPRESENTATION_CONTEXT('2D SPACE',''
  ) );
#2918 = ORIENTED_EDGE('',*,*,#1670,.T.);
#2919 = ORIENTED_EDGE('',*,*,#2864,.T.);
#2920 = ADVANCED_FACE('',(#2921,#2945),#1283,.F.);
#2921 = FACE_BOUND('',#2922,.F.);
#2922 = EDGE_LOOP('',(#2923,#2942,#2943,#2944));
#2923 = ORIENTED_EDGE('',*,*,#2924,.T.);
#2924 = EDGE_CURVE('',#2096,#1263,#2925,.T.);
#2925 = SEAM_CURVE('',#2926,(#2930,#2936),.PCURVE_S1.);
#2926 = LINE('',#2927,#2928);
#2927 = CARTESIAN_POINT('',(-1.490634233992,-7.455,-0.100546409437));
#2928 = VECTOR('',#2929,1.);
#2929 = DIRECTION('',(-0.841470984808,0.,0.540302305868));
#2930 = PCURVE('',#1283,#2931);
#2931 = DEFINITIONAL_REPRESENTATION('',(#2932),#2935);
#2932 = B_SPLINE_CURVE_WITH_KNOTS('',1,(#2933,#2934),.UNSPECIFIED.,.F.,
  .F.,(2,2),(1.553512198535,5.37),.PIECEWISE_BEZIER_KNOTS.);
#2933 = CARTESIAN_POINT('',(6.28318530718,1.553512198535));
#2934 = CARTESIAN_POINT('',(6.28318530718,5.37));
#2935 = ( GEOMETRIC_REPRESENTATION_CONTEXT(2) 
PARAMETRIC_REPRESENTATION_CONTEXT() REPRESENTATION_CONTEXT('2D SPACE',''
  ) );
#2936 = PCURVE('',#1283,#2937);
#2937 = DEFINITIONAL_REPRESENTATION('',(#2938),#2941);
#2938 = B_SPLINE_CURVE_WITH_KNOTS('',1,(#2939,#2940),.UNSPECIFIED.,.F.,
  .F.,(2,2),(1.553512198535,5.37),.PIECEWISE_BEZIER_KNOTS.);
#2939 = CARTESIAN_POINT('',(0.,1.553512198535));
#2940 = CARTESIAN_POINT('',(0.,5.37));
#2941 = ( GEOMETRIC_REPRESENTATION_CONTEXT(2) 
PARAMETRIC_REPRESENTATION_CONTEXT() REPRESENTATION_CONTEXT('2D SPACE',''
  ) );
#2942 = ORIENTED_EDGE('',*,*,#1262,.F.);
#2943 = ORIENTED_EDGE('',*,*,#2924,.F.);
#2944 = ORIENTED_EDGE('',*,*,#2095,.T.);
#2945 = FACE_BOUND('',#2946,.F.);
#2946 = EDGE_LOOP('',(#2947));
#2947 = ORIENTED_EDGE('',*,*,#2446,.T.);
#2948 = ADVANCED_FACE('',(#2949),#1317,.F.);
#2949 = FACE_BOUND('',#2950,.F.);
#2950 = EDGE_LOOP('',(#2951,#2952,#2971,#2972));
#2951 = ORIENTED_EDGE('',*,*,#1296,.F.);
#2952 = ORIENTED_EDGE('',*,*,#2953,.F.);
#2953 = EDGE_CURVE('',#2133,#1297,#2954,.T.);
#2954 = SEAM_CURVE('',#2955,(#2959,#2965),.PCURVE_S1.);
#2955 = LINE('',#2956,#2957);
#2956 = CARTESIAN_POINT('',(-1.490634233992,-3.355,-0.100546409437));
#2957 = VECTOR('',#2958,1.);
#2958 = DIRECTION('',(-0.841470984808,0.,0.540302305868));
#2959 = PCURVE('',#1317,#2960);
#2960 = DEFINITIONAL_REPRESENTATION('',(#2961),#2964);
#2961 = B_SPLINE_CURVE_WITH_KNOTS('',1,(#2962,#2963),.UNSPECIFIED.,.F.,
  .F.,(2,2),(1.553512198535,5.37),.PIECEWISE_BEZIER_KNOTS.);
#2962 = CARTESIAN_POINT('',(6.28318530718,1.553512198535));
#2963 = CARTESIAN_POINT('',(6.28318530718,5.37));
#2964 = ( GEOMETRIC_REPRESENTATION_CONTEXT(2) 
PARAMETRIC_REPRESENTATION_CONTEXT() REPRESENTATION_CONTEXT('2D SPACE',''
  ) );
#2965 = PCURVE('',#1317,#2966);
#2966 = DEFINITIONAL_REPRESENTATION('',(#2967),#2970);
#2967 = B_SPLINE_CURVE_WITH_KNOTS('',1,(#2968,#2969),.UNSPECIFIED.,.F.,
  .F.,(2,2),(1.553512198535,5.37),.PIECEWISE_BEZIER_KNOTS.);
#2968 = CARTESIAN_POINT('',(0.,1.553512198535));
#2969 = CARTESIAN_POINT('',(0.,5.37));
#2970 = ( GEOMETRIC_REPRESENTATION_CONTEXT(2) 
PARAMETRIC_REPRESENTATION_CONTEXT() REPRESENTATION_CONTEXT('2D SPACE',''
  ) );
#2971 = ORIENTED_EDGE('',*,*,#2132,.T.);
#2972 = ORIENTED_EDGE('',*,*,#2953,.T.);
#2973 = ADVANCED_FACE('',(#2974),#1351,.F.);
#2974 = FACE_BOUND('',#2975,.F.);
#2975 = EDGE_LOOP('',(#2976,#2977,#2996,#2997));
#2976 = ORIENTED_EDGE('',*,*,#1330,.F.);
#2977 = ORIENTED_EDGE('',*,*,#2978,.F.);
#2978 = EDGE_CURVE('',#2170,#1331,#2979,.T.);
#2979 = SEAM_CURVE('',#2980,(#2984,#2990),.PCURVE_S1.);
#2980 = LINE('',#2981,#2982);
#2981 = CARTESIAN_POINT('',(-1.490634233992,0.745,-0.100546409437));
#2982 = VECTOR('',#2983,1.);
#2983 = DIRECTION('',(-0.841470984808,0.,0.540302305868));
#2984 = PCURVE('',#1351,#2985);
#2985 = DEFINITIONAL_REPRESENTATION('',(#2986),#2989);
#2986 = B_SPLINE_CURVE_WITH_KNOTS('',1,(#2987,#2988),.UNSPECIFIED.,.F.,
  .F.,(2,2),(1.553512198535,5.37),.PIECEWISE_BEZIER_KNOTS.);
#2987 = CARTESIAN_POINT('',(6.28318530718,1.553512198535));
#2988 = CARTESIAN_POINT('',(6.28318530718,5.37));
#2989 = ( GEOMETRIC_REPRESENTATION_CONTEXT(2) 
PARAMETRIC_REPRESENTATION_CONTEXT() REPRESENTATION_CONTEXT('2D SPACE',''
  ) );
#2990 = PCURVE('',#1351,#2991);
#2991 = DEFINITIONAL_REPRESENTATION('',(#2992),#2995);
#2992 = B_SPLINE_CURVE_WITH_KNOTS('',1,(#2993,#2994),.UNSPECIFIED.,.F.,
  .F.,(2,2),(1.553512198535,5.37),.PIECEWISE_BEZIER_KNOTS.);
#2993 = CARTESIAN_POINT('',(0.,1.553512198535));
#2994 = CARTESIAN_POINT('',(0.,5.37));
#2995 = ( GEOMETRIC_REPRESENTATION_CONTEXT(2) 
PARAMETRIC_REPRESENTATION_CONTEXT() REPRESENTATION_CONTEXT('2D SPACE',''
  ) );
#2996 = ORIENTED_EDGE('',*,*,#2169,.T.);
#2997 = ORIENTED_EDGE('',*,*,#2978,.T.);
#2998 = ADVANCED_FACE('',(#2999),#1385,.F.);
#2999 = FACE_BOUND('',#3000,.F.);
#3000 = EDGE_LOOP('',(#3001,#3002,#3021,#3022));
#3001 = ORIENTED_EDGE('',*,*,#1364,.F.);
#3002 = ORIENTED_EDGE('',*,*,#3003,.F.);
#3003 = EDGE_CURVE('',#2207,#1365,#3004,.T.);
#3004 = SEAM_CURVE('',#3005,(#3009,#3015),.PCURVE_S1.);
#3005 = LINE('',#3006,#3007);
#3006 = CARTESIAN_POINT('',(-1.490634233992,4.845,-0.100546409437));
#3007 = VECTOR('',#3008,1.);
#3008 = DIRECTION('',(-0.841470984808,0.,0.540302305868));
#3009 = PCURVE('',#1385,#3010);
#3010 = DEFINITIONAL_REPRESENTATION('',(#3011),#3014);
#3011 = B_SPLINE_CURVE_WITH_KNOTS('',1,(#3012,#3013),.UNSPECIFIED.,.F.,
  .F.,(2,2),(1.553512198535,5.37),.PIECEWISE_BEZIER_KNOTS.);
#3012 = CARTESIAN_POINT('',(6.28318530718,1.553512198535));
#3013 = CARTESIAN_POINT('',(6.28318530718,5.37));
#3014 = ( GEOMETRIC_REPRESENTATION_CONTEXT(2) 
PARAMETRIC_REPRESENTATION_CONTEXT() REPRESENTATION_CONTEXT('2D SPACE',''
  ) );
#3015 = PCURVE('',#1385,#3016);
#3016 = DEFINITIONAL_REPRESENTATION('',(#3017),#3020);
#3017 = B_SPLINE_CURVE_WITH_KNOTS('',1,(#3018,#3019),.UNSPECIFIED.,.F.,
  .F.,(2,2),(1.553512198535,5.37),.PIECEWISE_BEZIER_KNOTS.);
#3018 = CARTESIAN_POINT('',(0.,1.553512198535));
#3019 = CARTESIAN_POINT('',(0.,5.37));
#3020 = ( GEOMETRIC_REPRESENTATION_CONTEXT(2) 
PARAMETRIC_REPRESENTATION_CONTEXT() REPRESENTATION_CONTEXT('2D SPACE',''
  ) );
#3021 = ORIENTED_EDGE('',*,*,#2206,.T.);
#3022 = ORIENTED_EDGE('',*,*,#3003,.T.);
#3023 = ADVANCED_FACE('',(#3024),#1659,.T.);
#3024 = FACE_BOUND('',#3025,.T.);
#3025 = EDGE_LOOP('',(#3026,#3027,#3028,#3029));
#3026 = ORIENTED_EDGE('',*,*,#1643,.F.);
#3027 = ORIENTED_EDGE('',*,*,#2791,.T.);
#3028 = ORIENTED_EDGE('',*,*,#1896,.T.);
#3029 = ORIENTED_EDGE('',*,*,#2886,.F.);
#3030 = ADVANCED_FACE('',(#3031),#1576,.T.);
#3031 = FACE_BOUND('',#3032,.T.);
#3032 = EDGE_LOOP('',(#3033,#3034,#3035,#3036));
#3033 = ORIENTED_EDGE('',*,*,#1560,.F.);
#3034 = ORIENTED_EDGE('',*,*,#2698,.T.);
#3035 = ORIENTED_EDGE('',*,*,#1948,.T.);
#3036 = ORIENTED_EDGE('',*,*,#2825,.F.);
#3037 = ADVANCED_FACE('',(#3038),#1493,.T.);
#3038 = FACE_BOUND('',#3039,.T.);
#3039 = EDGE_LOOP('',(#3040,#3041,#3042,#3043));
#3040 = ORIENTED_EDGE('',*,*,#1477,.F.);
#3041 = ORIENTED_EDGE('',*,*,#2637,.T.);
#3042 = ORIENTED_EDGE('',*,*,#2000,.T.);
#3043 = ORIENTED_EDGE('',*,*,#2732,.F.);
#3044 = ADVANCED_FACE('',(#3045),#2286,.F.);
#3045 = FACE_BOUND('',#3046,.F.);
#3046 = EDGE_LOOP('',(#3047));
#3047 = ORIENTED_EDGE('',*,*,#2272,.T.);
#3048 = ADVANCED_FACE('',(#3049),#2338,.F.);
#3049 = FACE_BOUND('',#3050,.F.);
#3050 = EDGE_LOOP('',(#3051));
#3051 = ORIENTED_EDGE('',*,*,#2324,.T.);
#3052 = ADVANCED_FACE('',(#3053),#2429,.F.);
#3053 = FACE_BOUND('',#3054,.F.);
#3054 = EDGE_LOOP('',(#3055));
#3055 = ORIENTED_EDGE('',*,*,#2415,.T.);
#3056 = ( GEOMETRIC_REPRESENTATION_CONTEXT(3) 
GLOBAL_UNCERTAINTY_ASSIGNED_CONTEXT((#3060)) 
GLOBAL_UNIT_ASSIGNED_CONTEXT((#3057,#3058,#3059)) REPRESENTATION_CONTEXT
('Context #1','3D Context with UNIT and UNCERTAINTY') );
#3057 = ( LENGTH_UNIT() NAMED_UNIT(*) SI_UNIT(.MILLI.,.METRE.) );
#3058 = ( NAMED_UNIT(*) PLANE_ANGLE_UNIT() SI_UNIT($,.RADIAN.) );
#3059 = ( NAMED_UNIT(*) SI_UNIT($,.STERADIAN.) SOLID_ANGLE_UNIT() );
#3060 = UNCERTAINTY_MEASURE_WITH_UNIT(LENGTH_MEASURE(2.E-06),#3057,
  'distance_accuracy_value','confusion accuracy');
#3061 = PRODUCT_RELATED_PRODUCT_CATEGORY('part',$,(#7));
ENDSEC;
END-ISO-10303-21;
