ISO-10303-21;
HEADER;
FILE_DESCRIPTION(('Open CASCADE Model'),'2;1');
FILE_NAME('Open CASCADE Shape Model','2026-09-12T00:56:59',('Author'),(
    'Open CASCADE'),'Open CASCADE STEP processor 7.9','Open CASCADE 7.9'
  ,'Unknown');
FILE_SCHEMA(('AUTOMOTIVE_DESIGN { 1 0 10303 214 1 1 1 1 }'));
ENDSEC;
DATA;
#1 = APPLICATION_PROTOCOL_DEFINITION('international standard',
  'automotive_design',2000,#2);
#2 = APPLICATION_CONTEXT(
  'core data for automotive mechanical design processes');
#3 = SHAPE_DEFINITION_REPRESENTATION(#4,#10);
#4 = PRODUCT_DEFINITION_SHAPE('','',#5);
#5 = PRODUCT_DEFINITION('design','',#6,#9);
#6 = PRODUCT_DEFINITION_FORMATION('','',#7);
#7 = PRODUCT('Open CASCADE STEP translator 7.9 1',
  'Open CASCADE STEP translator 7.9 1','',(#8));
#8 = PRODUCT_CONTEXT('',#2,'mechanical');
#9 = PRODUCT_DEFINITION_CONTEXT('part definition',#2,'design');
#10 = ADVANCED_BREP_SHAPE_REPRESENTATION('',(#11,#15),#9201);
#11 = AXIS2_PLACEMENT_3D('',#12,#13,#14);
#12 = CARTESIAN_POINT('',(0.,0.,0.));
#13 = DIRECTION('',(0.,0.,1.));
#14 = DIRECTION('',(1.,0.,-0.));
#15 = MANIFOLD_SOLID_BREP('',#16);
#16 = CLOSED_SHELL('',(#17,#271,#1486,#1542,#2509,#2542,#2575,#2608,
    #2641,#3249,#3760,#3833,#3881,#3929,#3977,#4025,#4073,#4121,#4149,
    #4222,#4270,#4318,#4366,#4414,#4462,#4510,#4538,#5273,#5839,#6411,
    #7478,#8245,#8655,#9009,#9014,#9019,#9082,#9089,#9124,#9159,#9194));
#17 = ADVANCED_FACE('',(#18),#33,.F.);
#18 = FACE_BOUND('',#19,.F.);
#19 = EDGE_LOOP('',(#20,#96,#170,#199));
#20 = ORIENTED_EDGE('',*,*,#21,.T.);
#21 = EDGE_CURVE('',#22,#24,#26,.T.);
#22 = VERTEX_POINT('',#23);
#23 = CARTESIAN_POINT('',(0.,27.2,-9.95));
#24 = VERTEX_POINT('',#25);
#25 = CARTESIAN_POINT('',(18.04,23.664,-9.95));
#26 = SURFACE_CURVE('',#27,(#32,#83),.PCURVE_S1.);
#27 = B_SPLINE_CURVE_WITH_KNOTS('',3,(#28,#29,#30,#31),.UNSPECIFIED.,.F.
  ,.F.,(4,4),(0.,1.),.PIECEWISE_BEZIER_KNOTS.);
#28 = CARTESIAN_POINT('',(0.,27.2,-9.95));
#29 = CARTESIAN_POINT('',(9.02,27.2,-9.95));
#30 = CARTESIAN_POINT('',(15.99,26.384,-9.95));
#31 = CARTESIAN_POINT('',(18.04,23.664,-9.95));
#32 = PCURVE('',#33,#78);
#33 = ( BOUNDED_SURFACE() B_SPLINE_SURFACE(3,6,(
    (#34,#35,#36,#37,#38,#39,#40,#41,#42,#43,#44)
    ,(#45,#46,#47,#48,#49,#50,#51,#52,#53,#54,#55)
    ,(#56,#57,#58,#59,#60,#61,#62,#63,#64,#65,#66)
    ,(#67,#68,#69,#70,#71,#72,#73,#74,#75,#76,#77
)),.UNSPECIFIED.,.F.,.F.,.F.) B_SPLINE_SURFACE_WITH_KNOTS((4,4),(7,4,7),
  (0.,1.),(0.,0.571503616493,1.),.UNSPECIFIED.) 
GEOMETRIC_REPRESENTATION_ITEM() RATIONAL_B_SPLINE_SURFACE((
    (1.,1.,1.,1.,1.,1.,1.,1.,1.,1.,1.)
    ,(1.,1.,1.,1.,1.,1.,1.,1.,1.,1.,1.)
    ,(1.,1.,1.,1.,1.,1.,1.,1.,1.,1.,1.)
,(1.,1.,1.,1.,1.,1.,1.,1.,1.,1.,1.
  ))) REPRESENTATION_ITEM('') SURFACE() );
#34 = CARTESIAN_POINT('',(0.,27.2,-9.95));
#35 = CARTESIAN_POINT('',(0.,29.206616094119,-9.56787122874));
#36 = CARTESIAN_POINT('',(0.,28.080291914505,-4.948984765445));
#37 = CARTESIAN_POINT('',(0.,29.788920009572,-6.665116885537));
#38 = CARTESIAN_POINT('',(0.,28.637073958752,-1.674050110187));
#39 = CARTESIAN_POINT('',(0.,28.692476295994,-7.522141700459E-02));
#40 = CARTESIAN_POINT('',(0.,29.205910674917,4.727908719464));
#41 = CARTESIAN_POINT('',(0.,26.732563278587,4.402760532288));
#42 = CARTESIAN_POINT('',(0.,29.35629266745,7.937769695352));
#43 = CARTESIAN_POINT('',(0.,27.102549930984,8.135165718706));
#44 = CARTESIAN_POINT('',(0.,26.45,9.5));
#45 = CARTESIAN_POINT('',(9.02,27.2,-9.95));
#46 = CARTESIAN_POINT('',(9.80144060984,29.206616094119,-9.56787122874)
  );
#47 = CARTESIAN_POINT('',(9.54690318275,28.080291914505,-4.948984765445)
  );
#48 = CARTESIAN_POINT('',(9.988184074675,29.788920009572,-6.665116885537
    ));
#49 = CARTESIAN_POINT('',(9.733899803893,28.637073958752,-1.674050110187
    ));
#50 = CARTESIAN_POINT('',(9.661245337172,28.692476295994,
    -7.522141700459E-02));
#51 = CARTESIAN_POINT('',(9.812537924966,29.205910674917,4.727908719464)
  );
#52 = CARTESIAN_POINT('',(9.025261423504,26.732563278587,4.402760532288)
  );
#53 = CARTESIAN_POINT('',(9.791979097845,29.35629266745,7.937769695352)
  );
#54 = CARTESIAN_POINT('',(9.005596322907,27.102549930984,8.135165718706)
  );
#55 = CARTESIAN_POINT('',(8.833,26.45,9.5));
#56 = CARTESIAN_POINT('',(15.99,26.384,-9.95));
#57 = CARTESIAN_POINT('',(17.37528108108,28.330417611295,-9.56787122874)
  );
#58 = CARTESIAN_POINT('',(16.924055642149,27.237883157073,
    -4.948984765445));
#59 = CARTESIAN_POINT('',(17.706326314194,28.895252409278,
    -6.665116885537));
#60 = CARTESIAN_POINT('',(17.255549652358,27.777961739993,
    -1.674050110187));
#61 = CARTESIAN_POINT('',(17.126753097712,27.831702007112,
    -7.522141700459E-02));
#62 = CARTESIAN_POINT('',(17.394953594259,28.32973335467,4.727908719464)
  );
#63 = CARTESIAN_POINT('',(15.999327068937,25.93058638023,4.402760532288)
  );
#64 = CARTESIAN_POINT('',(17.358508400727,28.475603887427,7.937769695352
    ));
#65 = CARTESIAN_POINT('',(15.964466208789,26.289473433054,8.135165718706
    ));
#66 = CARTESIAN_POINT('',(15.6585,25.6565,9.5));
#67 = CARTESIAN_POINT('',(18.04,23.664,-9.95));
#68 = CARTESIAN_POINT('',(19.602881219681,25.409756001883,-9.56787122874
    ));
#69 = CARTESIAN_POINT('',(19.093806365499,24.429853965622,
    -4.948984765445));
#70 = CARTESIAN_POINT('',(19.976368149352,25.916360408322,
    -6.665116885537));
#71 = CARTESIAN_POINT('',(19.467799607785,24.914254344117,
    -1.674050110187));
#72 = CARTESIAN_POINT('',(19.322490674343,24.962454377514,
    -7.522141700459E-02));
#73 = CARTESIAN_POINT('',(19.625075849933,25.409142287178,4.727908719464
    ));
#74 = CARTESIAN_POINT('',(18.050522847007,23.257330052372,4.402760532288
    ));
#75 = CARTESIAN_POINT('',(19.583958195691,25.539974620681,7.937769695352
    ));
#76 = CARTESIAN_POINT('',(18.011192645813,23.579218439956,8.135165718706
    ));
#77 = CARTESIAN_POINT('',(17.666,23.0115,9.5));
#78 = DEFINITIONAL_REPRESENTATION('',(#79),#82);
#79 = B_SPLINE_CURVE_WITH_KNOTS('',1,(#80,#81),.UNSPECIFIED.,.F.,.F.,(2,
    2),(0.,1.),.PIECEWISE_BEZIER_KNOTS.);
#80 = CARTESIAN_POINT('',(0.,0.));
#81 = CARTESIAN_POINT('',(1.,0.));
#82 = ( GEOMETRIC_REPRESENTATION_CONTEXT(2) 
PARAMETRIC_REPRESENTATION_CONTEXT() REPRESENTATION_CONTEXT('2D SPACE',''
  ) );
#83 = PCURVE('',#84,#89);
#84 = PLANE('',#85);
#85 = AXIS2_PLACEMENT_3D('',#86,#87,#88);
#86 = CARTESIAN_POINT('',(0.,27.2,-9.95));
#87 = DIRECTION('',(5.585164653266E-18,-2.217437101102E-17,1.));
#88 = DIRECTION('',(-0.238713116628,-0.971090133793,-2.02000608506E-17)
  );
#89 = DEFINITIONAL_REPRESENTATION('',(#90),#95);
#90 = B_SPLINE_CURVE_WITH_KNOTS('',3,(#91,#92,#93,#94),.UNSPECIFIED.,.F.
  ,.F.,(4,4),(0.,1.),.PIECEWISE_BEZIER_KNOTS.);
#91 = CARTESIAN_POINT('',(0.,0.));
#92 = CARTESIAN_POINT('',(-2.15319231198,8.759233006812));
#93 = CARTESIAN_POINT('',(-3.024613185699,15.722521142517));
#94 = CARTESIAN_POINT('',(-0.872609910869,18.362555594019));
#95 = ( GEOMETRIC_REPRESENTATION_CONTEXT(2) 
PARAMETRIC_REPRESENTATION_CONTEXT() REPRESENTATION_CONTEXT('2D SPACE',''
  ) );
#96 = ORIENTED_EDGE('',*,*,#97,.T.);
#97 = EDGE_CURVE('',#24,#98,#100,.T.);
#98 = VERTEX_POINT('',#99);
#99 = CARTESIAN_POINT('',(17.666,23.0115,9.5));
#100 = SURFACE_CURVE('',#101,(#113,#119),.PCURVE_S1.);
#101 = ( BOUNDED_CURVE() B_SPLINE_CURVE(6,(#102,#103,#104,#105,#106,#107
    ,#108,#109,#110,#111,#112),.UNSPECIFIED.,.F.,.F.) 
B_SPLINE_CURVE_WITH_KNOTS((7,4,7),(0.,0.571503616493,1.),.UNSPECIFIED.) 
CURVE() GEOMETRIC_REPRESENTATION_ITEM() RATIONAL_B_SPLINE_CURVE((1.,1.,
1.,1.,1.,1.,1.,1.,1.,1.,1.)) REPRESENTATION_ITEM('') );
#102 = CARTESIAN_POINT('',(18.04,23.664,-9.95));
#103 = CARTESIAN_POINT('',(19.602881219681,25.409756001883,
    -9.56787122874));
#104 = CARTESIAN_POINT('',(19.093806365499,24.429853965622,
    -4.948984765445));
#105 = CARTESIAN_POINT('',(19.976368149352,25.916360408322,
    -6.665116885537));
#106 = CARTESIAN_POINT('',(19.467799607785,24.914254344117,
    -1.674050110187));
#107 = CARTESIAN_POINT('',(19.322490674343,24.962454377514,
    -7.522141700459E-02));
#108 = CARTESIAN_POINT('',(19.625075849933,25.409142287178,
    4.727908719464));
#109 = CARTESIAN_POINT('',(18.050522847007,23.257330052372,
    4.402760532288));
#110 = CARTESIAN_POINT('',(19.583958195691,25.539974620681,
    7.937769695352));
#111 = CARTESIAN_POINT('',(18.011192645813,23.579218439956,
    8.135165718706));
#112 = CARTESIAN_POINT('',(17.666,23.0115,9.5));
#113 = PCURVE('',#33,#114);
#114 = DEFINITIONAL_REPRESENTATION('',(#115),#118);
#115 = B_SPLINE_CURVE_WITH_KNOTS('',1,(#116,#117),.UNSPECIFIED.,.F.,.F.,
  (2,2),(0.,1.),.PIECEWISE_BEZIER_KNOTS.);
#116 = CARTESIAN_POINT('',(1.,0.));
#117 = CARTESIAN_POINT('',(1.,1.));
#118 = ( GEOMETRIC_REPRESENTATION_CONTEXT(2) 
PARAMETRIC_REPRESENTATION_CONTEXT() REPRESENTATION_CONTEXT('2D SPACE',''
  ) );
#119 = PCURVE('',#120,#165);
#120 = ( BOUNDED_SURFACE() B_SPLINE_SURFACE(3,6,(
    (#121,#122,#123,#124,#125,#126,#127,#128,#129,#130,#131)
    ,(#132,#133,#134,#135,#136,#137,#138,#139,#140,#141,#142)
    ,(#143,#144,#145,#146,#147,#148,#149,#150,#151,#152,#153)
    ,(#154,#155,#156,#157,#158,#159,#160,#161,#162,#163,#164
)),.UNSPECIFIED.,.F.,.F.,.F.) B_SPLINE_SURFACE_WITH_KNOTS((4,4),(7,4,7),
  (1.,2.),(0.,0.571503616493,1.),.UNSPECIFIED.) 
GEOMETRIC_REPRESENTATION_ITEM() RATIONAL_B_SPLINE_SURFACE((
    (1.,1.,1.,1.,1.,1.,1.,1.,1.,1.,1.)
    ,(1.,1.,1.,1.,1.,1.,1.,1.,1.,1.,1.)
    ,(1.,1.,1.,1.,1.,1.,1.,1.,1.,1.,1.)
,(1.,1.,1.,1.,1.,1.,1.,1.,1.,1.,1.
  ))) REPRESENTATION_ITEM('') SURFACE() );
#121 = CARTESIAN_POINT('',(18.04,23.664,-9.95));
#122 = CARTESIAN_POINT('',(19.602881219681,25.409756001883,
    -9.56787122874));
#123 = CARTESIAN_POINT('',(19.093806365499,24.429853965622,
    -4.948984765445));
#124 = CARTESIAN_POINT('',(19.976368149352,25.916360408322,
    -6.665116885537));
#125 = CARTESIAN_POINT('',(19.467799607785,24.914254344117,
    -1.674050110187));
#126 = CARTESIAN_POINT('',(19.322490674343,24.962454377514,
    -7.522141700459E-02));
#127 = CARTESIAN_POINT('',(19.625075849933,25.409142287178,
    4.727908719464));
#128 = CARTESIAN_POINT('',(18.050522847007,23.257330052372,
    4.402760532288));
#129 = CARTESIAN_POINT('',(19.583958195691,25.539974620681,
    7.937769695352));
#130 = CARTESIAN_POINT('',(18.011192645813,23.579218439956,
    8.135165718706));
#131 = CARTESIAN_POINT('',(17.666,23.0115,9.5));
#132 = CARTESIAN_POINT('',(20.705,18.768,-9.95));
#133 = CARTESIAN_POINT('',(22.498761399861,20.152565104942,
    -9.56787122874));
#134 = CARTESIAN_POINT('',(21.914482305858,19.37540142101,
    -4.948984765445));
#135 = CARTESIAN_POINT('',(22.927422535049,20.554354806602,
    -6.665116885537));
#136 = CARTESIAN_POINT('',(22.343724549846,19.75958103154,
    -1.674050110187));
#137 = CARTESIAN_POINT('',(22.176949523961,19.797808644236,
    -7.522141700459E-02));
#138 = CARTESIAN_POINT('',(22.524234782311,20.152078365692,
    4.727908719464));
#139 = CARTESIAN_POINT('',(20.717077358494,18.445468662227,
    4.402760532288));
#140 = CARTESIAN_POINT('',(22.477042929147,20.255841940539,
    7.937769695352));
#141 = CARTESIAN_POINT('',(20.671937013944,18.700759452379,
    8.135165718706));
#142 = CARTESIAN_POINT('',(20.27575,18.2505,9.5));
#143 = CARTESIAN_POINT('',(20.5,7.616,-9.95));
#144 = CARTESIAN_POINT('',(22.276001386001,8.177852506353,-9.56787122874
    ));
#145 = CARTESIAN_POINT('',(21.697507233522,7.862481736061,
    -4.948984765445));
#146 = CARTESIAN_POINT('',(22.700418351536,8.340897602681,
    -6.665116885537));
#147 = CARTESIAN_POINT('',(22.122499554302,8.01838070845,-1.674050110187
    ));
#148 = CARTESIAN_POINT('',(21.957375766299,8.033893362879,
    -7.522141700459E-02));
#149 = CARTESIAN_POINT('',(22.301222556742,8.177654988976,4.727908719464
    ));
#150 = CARTESIAN_POINT('',(20.511957780689,7.485117718005,4.402760532288
    ));
#151 = CARTESIAN_POINT('',(22.254497949649,8.219761946886,7.937769695352
    ));
#152 = CARTESIAN_POINT('',(20.467264370242,7.588713980676,8.135165718706
    ));
#153 = CARTESIAN_POINT('',(20.075,7.406,9.5));
#154 = CARTESIAN_POINT('',(20.5,0.,-9.95));
#155 = CARTESIAN_POINT('',(22.276001386001,0.,-9.56787122874));
#156 = CARTESIAN_POINT('',(21.697507233522,0.,-4.948984765445));
#157 = CARTESIAN_POINT('',(22.700418351536,0.,-6.665116885537));
#158 = CARTESIAN_POINT('',(22.122499554302,0.,-1.674050110187));
#159 = CARTESIAN_POINT('',(21.957375766299,0.,-7.522141700459E-02));
#160 = CARTESIAN_POINT('',(22.301222556742,0.,4.727908719464));
#161 = CARTESIAN_POINT('',(20.511957780689,0.,4.402760532288));
#162 = CARTESIAN_POINT('',(22.254497949649,0.,7.937769695352));
#163 = CARTESIAN_POINT('',(20.467264370242,0.,8.135165718706));
#164 = CARTESIAN_POINT('',(20.075,0.,9.5));
#165 = DEFINITIONAL_REPRESENTATION('',(#166),#169);
#166 = B_SPLINE_CURVE_WITH_KNOTS('',1,(#167,#168),.UNSPECIFIED.,.F.,.F.,
  (2,2),(0.,1.),.PIECEWISE_BEZIER_KNOTS.);
#167 = CARTESIAN_POINT('',(1.,0.));
#168 = CARTESIAN_POINT('',(1.,1.));
#169 = ( GEOMETRIC_REPRESENTATION_CONTEXT(2) 
PARAMETRIC_REPRESENTATION_CONTEXT() REPRESENTATION_CONTEXT('2D SPACE',''
  ) );
#170 = ORIENTED_EDGE('',*,*,#171,.F.);
#171 = EDGE_CURVE('',#172,#98,#174,.T.);
#172 = VERTEX_POINT('',#173);
#173 = CARTESIAN_POINT('',(0.,26.45,9.5));
#174 = SURFACE_CURVE('',#175,(#180,#186),.PCURVE_S1.);
#175 = B_SPLINE_CURVE_WITH_KNOTS('',3,(#176,#177,#178,#179),
  .UNSPECIFIED.,.F.,.F.,(4,4),(0.,1.),.PIECEWISE_BEZIER_KNOTS.);
#176 = CARTESIAN_POINT('',(0.,26.45,9.5));
#177 = CARTESIAN_POINT('',(8.833,26.45,9.5));
#178 = CARTESIAN_POINT('',(15.6585,25.6565,9.5));
#179 = CARTESIAN_POINT('',(17.666,23.0115,9.5));
#180 = PCURVE('',#33,#181);
#181 = DEFINITIONAL_REPRESENTATION('',(#182),#185);
#182 = B_SPLINE_CURVE_WITH_KNOTS('',1,(#183,#184),.UNSPECIFIED.,.F.,.F.,
  (2,2),(0.,1.),.PIECEWISE_BEZIER_KNOTS.);
#183 = CARTESIAN_POINT('',(0.,1.));
#184 = CARTESIAN_POINT('',(1.,1.));
#185 = ( GEOMETRIC_REPRESENTATION_CONTEXT(2) 
PARAMETRIC_REPRESENTATION_CONTEXT() REPRESENTATION_CONTEXT('2D SPACE',''
  ) );
#186 = PCURVE('',#187,#192);
#187 = PLANE('',#188);
#188 = AXIS2_PLACEMENT_3D('',#189,#190,#191);
#189 = CARTESIAN_POINT('',(0.,26.45,9.5));
#190 = DIRECTION('',(0.,-0.,-1.));
#191 = DIRECTION('',(0.240295999112,-0.970699661487,0.));
#192 = DEFINITIONAL_REPRESENTATION('',(#193),#198);
#193 = B_SPLINE_CURVE_WITH_KNOTS('',3,(#194,#195,#196,#197),
  .UNSPECIFIED.,.F.,.F.,(4,4),(0.,1.),.PIECEWISE_BEZIER_KNOTS.);
#194 = CARTESIAN_POINT('',(0.,0.));
#195 = CARTESIAN_POINT('',(2.122534560154,-8.574190109914));
#196 = CARTESIAN_POINT('',(4.53292508348,-15.00902577409));
#197 = CARTESIAN_POINT('',(7.58281990633,-16.32212242688));
#198 = ( GEOMETRIC_REPRESENTATION_CONTEXT(2) 
PARAMETRIC_REPRESENTATION_CONTEXT() REPRESENTATION_CONTEXT('2D SPACE',''
  ) );
#199 = ORIENTED_EDGE('',*,*,#200,.F.);
#200 = EDGE_CURVE('',#22,#172,#201,.T.);
#201 = SURFACE_CURVE('',#202,(#214,#220),.PCURVE_S1.);
#202 = ( BOUNDED_CURVE() B_SPLINE_CURVE(6,(#203,#204,#205,#206,#207,#208
    ,#209,#210,#211,#212,#213),.UNSPECIFIED.,.F.,.F.) 
B_SPLINE_CURVE_WITH_KNOTS((7,4,7),(0.,0.571503616493,1.),.UNSPECIFIED.) 
CURVE() GEOMETRIC_REPRESENTATION_ITEM() RATIONAL_B_SPLINE_CURVE((1.,1.,
1.,1.,1.,1.,1.,1.,1.,1.,1.)) REPRESENTATION_ITEM('') );
#203 = CARTESIAN_POINT('',(0.,27.2,-9.95));
#204 = CARTESIAN_POINT('',(0.,29.206616094119,-9.56787122874));
#205 = CARTESIAN_POINT('',(0.,28.080291914505,-4.948984765445));
#206 = CARTESIAN_POINT('',(0.,29.788920009572,-6.665116885537));
#207 = CARTESIAN_POINT('',(0.,28.637073958752,-1.674050110187));
#208 = CARTESIAN_POINT('',(0.,28.692476295994,-7.522141700459E-02));
#209 = CARTESIAN_POINT('',(0.,29.205910674917,4.727908719464));
#210 = CARTESIAN_POINT('',(0.,26.732563278587,4.402760532288));
#211 = CARTESIAN_POINT('',(0.,29.35629266745,7.937769695352));
#212 = CARTESIAN_POINT('',(0.,27.102549930984,8.135165718706));
#213 = CARTESIAN_POINT('',(0.,26.45,9.5));
#214 = PCURVE('',#33,#215);
#215 = DEFINITIONAL_REPRESENTATION('',(#216),#219);
#216 = B_SPLINE_CURVE_WITH_KNOTS('',1,(#217,#218),.UNSPECIFIED.,.F.,.F.,
  (2,2),(0.,1.),.PIECEWISE_BEZIER_KNOTS.);
#217 = CARTESIAN_POINT('',(0.,0.));
#218 = CARTESIAN_POINT('',(0.,1.));
#219 = ( GEOMETRIC_REPRESENTATION_CONTEXT(2) 
PARAMETRIC_REPRESENTATION_CONTEXT() REPRESENTATION_CONTEXT('2D SPACE',''
  ) );
#220 = PCURVE('',#221,#266);
#221 = ( BOUNDED_SURFACE() B_SPLINE_SURFACE(3,6,(
    (#222,#223,#224,#225,#226,#227,#228,#229,#230,#231,#232)
    ,(#233,#234,#235,#236,#237,#238,#239,#240,#241,#242,#243)
    ,(#244,#245,#246,#247,#248,#249,#250,#251,#252,#253,#254)
    ,(#255,#256,#257,#258,#259,#260,#261,#262,#263,#264,#265
)),.UNSPECIFIED.,.F.,.F.,.F.) B_SPLINE_SURFACE_WITH_KNOTS((4,4),(7,4,7),
  (7.,8.),(0.,0.571503616493,1.),.UNSPECIFIED.) 
GEOMETRIC_REPRESENTATION_ITEM() RATIONAL_B_SPLINE_SURFACE((
    (1.,1.,1.,1.,1.,1.,1.,1.,1.,1.,1.)
    ,(1.,1.,1.,1.,1.,1.,1.,1.,1.,1.,1.)
    ,(1.,1.,1.,1.,1.,1.,1.,1.,1.,1.,1.)
,(1.,1.,1.,1.,1.,1.,1.,1.,1.,1.,1.
  ))) REPRESENTATION_ITEM('') SURFACE() );
#222 = CARTESIAN_POINT('',(-18.04,23.664,-9.95));
#223 = CARTESIAN_POINT('',(-19.60288121968,25.409756001883,
    -9.56787122874));
#224 = CARTESIAN_POINT('',(-19.09380636549,24.429853965622,
    -4.948984765445));
#225 = CARTESIAN_POINT('',(-19.97636814935,25.916360408322,
    -6.665116885537));
#226 = CARTESIAN_POINT('',(-19.46779960778,24.914254344117,
    -1.674050110187));
#227 = CARTESIAN_POINT('',(-19.32249067434,24.962454377514,
    -7.522141700459E-02));
#228 = CARTESIAN_POINT('',(-19.62507584993,25.409142287178,
    4.727908719464));
#229 = CARTESIAN_POINT('',(-18.050522847,23.257330052372,4.402760532288)
  );
#230 = CARTESIAN_POINT('',(-19.58395819569,25.539974620681,
    7.937769695352));
#231 = CARTESIAN_POINT('',(-18.01119264581,23.579218439956,
    8.135165718706));
#232 = CARTESIAN_POINT('',(-17.666,23.0115,9.5));
#233 = CARTESIAN_POINT('',(-15.99,26.384,-9.95));
#234 = CARTESIAN_POINT('',(-17.37528108108,28.330417611295,
    -9.56787122874));
#235 = CARTESIAN_POINT('',(-16.92405564214,27.237883157073,
    -4.948984765445));
#236 = CARTESIAN_POINT('',(-17.70632631419,28.895252409278,
    -6.665116885537));
#237 = CARTESIAN_POINT('',(-17.25554965235,27.777961739993,
    -1.674050110187));
#238 = CARTESIAN_POINT('',(-17.12675309771,27.831702007112,
    -7.522141700459E-02));
#239 = CARTESIAN_POINT('',(-17.39495359425,28.32973335467,4.727908719464
    ));
#240 = CARTESIAN_POINT('',(-15.99932706893,25.93058638023,4.402760532288
    ));
#241 = CARTESIAN_POINT('',(-17.35850840072,28.475603887427,
    7.937769695352));
#242 = CARTESIAN_POINT('',(-15.96446620878,26.289473433054,
    8.135165718706));
#243 = CARTESIAN_POINT('',(-15.6585,25.6565,9.5));
#244 = CARTESIAN_POINT('',(-9.02,27.2,-9.95));
#245 = CARTESIAN_POINT('',(-9.80144060984,29.206616094119,-9.56787122874
    ));
#246 = CARTESIAN_POINT('',(-9.546903182749,28.080291914505,
    -4.948984765445));
#247 = CARTESIAN_POINT('',(-9.988184074676,29.788920009572,
    -6.665116885537));
#248 = CARTESIAN_POINT('',(-9.733899803893,28.637073958752,
    -1.674050110187));
#249 = CARTESIAN_POINT('',(-9.661245337172,28.692476295994,
    -7.522141700459E-02));
#250 = CARTESIAN_POINT('',(-9.812537924966,29.205910674917,
    4.727908719464));
#251 = CARTESIAN_POINT('',(-9.025261423504,26.732563278587,
    4.402760532288));
#252 = CARTESIAN_POINT('',(-9.791979097845,29.35629266745,7.937769695352
    ));
#253 = CARTESIAN_POINT('',(-9.005596322907,27.102549930984,
    8.135165718706));
#254 = CARTESIAN_POINT('',(-8.833,26.45,9.5));
#255 = CARTESIAN_POINT('',(0.,27.2,-9.95));
#256 = CARTESIAN_POINT('',(0.,29.206616094119,-9.56787122874));
#257 = CARTESIAN_POINT('',(0.,28.080291914505,-4.948984765445));
#258 = CARTESIAN_POINT('',(0.,29.788920009572,-6.665116885537));
#259 = CARTESIAN_POINT('',(0.,28.637073958752,-1.674050110187));
#260 = CARTESIAN_POINT('',(0.,28.692476295994,-7.522141700459E-02));
#261 = CARTESIAN_POINT('',(0.,29.205910674917,4.727908719464));
#262 = CARTESIAN_POINT('',(0.,26.732563278587,4.402760532288));
#263 = CARTESIAN_POINT('',(0.,29.35629266745,7.937769695352));
#264 = CARTESIAN_POINT('',(0.,27.102549930984,8.135165718706));
#265 = CARTESIAN_POINT('',(0.,26.45,9.5));
#266 = DEFINITIONAL_REPRESENTATION('',(#267),#270);
#267 = B_SPLINE_CURVE_WITH_KNOTS('',1,(#268,#269),.UNSPECIFIED.,.F.,.F.,
  (2,2),(0.,1.),.PIECEWISE_BEZIER_KNOTS.);
#268 = CARTESIAN_POINT('',(8.,0.));
#269 = CARTESIAN_POINT('',(8.,1.));
#270 = ( GEOMETRIC_REPRESENTATION_CONTEXT(2) 
PARAMETRIC_REPRESENTATION_CONTEXT() REPRESENTATION_CONTEXT('2D SPACE',''
  ) );
#271 = ADVANCED_FACE('',(#272,#666),#84,.F.);
#272 = FACE_BOUND('',#273,.F.);
#273 = EDGE_LOOP('',(#274,#275,#299,#368,#437,#506,#575,#644));
#274 = ORIENTED_EDGE('',*,*,#21,.F.);
#275 = ORIENTED_EDGE('',*,*,#276,.F.);
#276 = EDGE_CURVE('',#277,#22,#279,.T.);
#277 = VERTEX_POINT('',#278);
#278 = CARTESIAN_POINT('',(-18.04,23.664,-9.95));
#279 = SURFACE_CURVE('',#280,(#285,#293),.PCURVE_S1.);
#280 = B_SPLINE_CURVE_WITH_KNOTS('',3,(#281,#282,#283,#284),
  .UNSPECIFIED.,.F.,.F.,(4,4),(7.,8.),.PIECEWISE_BEZIER_KNOTS.);
#281 = CARTESIAN_POINT('',(-18.04,23.664,-9.95));
#282 = CARTESIAN_POINT('',(-15.99,26.384,-9.95));
#283 = CARTESIAN_POINT('',(-9.02,27.2,-9.95));
#284 = CARTESIAN_POINT('',(0.,27.2,-9.95));
#285 = PCURVE('',#84,#286);
#286 = DEFINITIONAL_REPRESENTATION('',(#287),#292);
#287 = B_SPLINE_CURVE_WITH_KNOTS('',3,(#288,#289,#290,#291),
  .UNSPECIFIED.,.F.,.F.,(4,4),(7.,8.),.PIECEWISE_BEZIER_KNOTS.);
#288 = CARTESIAN_POINT('',(7.740159337053,-16.67437643322));
#289 = CARTESIAN_POINT('',(4.609432284049,-15.33294133618));
#290 = CARTESIAN_POINT('',(2.15319231198,-8.759233006812));
#291 = CARTESIAN_POINT('',(0.,0.));
#292 = ( GEOMETRIC_REPRESENTATION_CONTEXT(2) 
PARAMETRIC_REPRESENTATION_CONTEXT() REPRESENTATION_CONTEXT('2D SPACE',''
  ) );
#293 = PCURVE('',#221,#294);
#294 = DEFINITIONAL_REPRESENTATION('',(#295),#298);
#295 = B_SPLINE_CURVE_WITH_KNOTS('',1,(#296,#297),.UNSPECIFIED.,.F.,.F.,
  (2,2),(7.,8.),.PIECEWISE_BEZIER_KNOTS.);
#296 = CARTESIAN_POINT('',(7.,0.));
#297 = CARTESIAN_POINT('',(8.,0.));
#298 = ( GEOMETRIC_REPRESENTATION_CONTEXT(2) 
PARAMETRIC_REPRESENTATION_CONTEXT() REPRESENTATION_CONTEXT('2D SPACE',''
  ) );
#299 = ORIENTED_EDGE('',*,*,#300,.F.);
#300 = EDGE_CURVE('',#301,#277,#303,.T.);
#301 = VERTEX_POINT('',#302);
#302 = CARTESIAN_POINT('',(-20.5,0.,-9.95));
#303 = SURFACE_CURVE('',#304,(#309,#317),.PCURVE_S1.);
#304 = B_SPLINE_CURVE_WITH_KNOTS('',3,(#305,#306,#307,#308),
  .UNSPECIFIED.,.F.,.F.,(4,4),(6.,7.),.PIECEWISE_BEZIER_KNOTS.);
#305 = CARTESIAN_POINT('',(-20.5,0.,-9.95));
#306 = CARTESIAN_POINT('',(-20.5,7.616,-9.95));
#307 = CARTESIAN_POINT('',(-20.705,18.768,-9.95));
#308 = CARTESIAN_POINT('',(-18.04,23.664,-9.95));
#309 = PCURVE('',#84,#310);
#310 = DEFINITIONAL_REPRESENTATION('',(#311),#316);
#311 = B_SPLINE_CURVE_WITH_KNOTS('',3,(#312,#313,#314,#315),
  .UNSPECIFIED.,.F.,.F.,(4,4),(6.,7.),.PIECEWISE_BEZIER_KNOTS.);
#312 = CARTESIAN_POINT('',(31.307270530032,-13.41435097048));
#313 = CARTESIAN_POINT('',(23.911448071065,-15.23239006672));
#314 = CARTESIAN_POINT('',(13.130787087915,-18.09359222077));
#315 = CARTESIAN_POINT('',(7.740159337053,-16.67437643322));
#316 = ( GEOMETRIC_REPRESENTATION_CONTEXT(2) 
PARAMETRIC_REPRESENTATION_CONTEXT() REPRESENTATION_CONTEXT('2D SPACE',''
  ) );
#317 = PCURVE('',#318,#363);
#318 = ( BOUNDED_SURFACE() B_SPLINE_SURFACE(3,6,(
    (#319,#320,#321,#322,#323,#324,#325,#326,#327,#328,#329)
    ,(#330,#331,#332,#333,#334,#335,#336,#337,#338,#339,#340)
    ,(#341,#342,#343,#344,#345,#346,#347,#348,#349,#350,#351)
    ,(#352,#353,#354,#355,#356,#357,#358,#359,#360,#361,#362
)),.UNSPECIFIED.,.F.,.F.,.F.) B_SPLINE_SURFACE_WITH_KNOTS((4,4),(7,4,7),
  (6.,7.),(0.,0.571503616493,1.),.UNSPECIFIED.) 
GEOMETRIC_REPRESENTATION_ITEM() RATIONAL_B_SPLINE_SURFACE((
    (1.,1.,1.,1.,1.,1.,1.,1.,1.,1.,1.)
    ,(1.,1.,1.,1.,1.,1.,1.,1.,1.,1.,1.)
    ,(1.,1.,1.,1.,1.,1.,1.,1.,1.,1.,1.)
,(1.,1.,1.,1.,1.,1.,1.,1.,1.,1.,1.
  ))) REPRESENTATION_ITEM('') SURFACE() );
#319 = CARTESIAN_POINT('',(-20.5,0.,-9.95));
#320 = CARTESIAN_POINT('',(-22.276001386,0.,-9.56787122874));
#321 = CARTESIAN_POINT('',(-21.69750723352,0.,-4.948984765445));
#322 = CARTESIAN_POINT('',(-22.70041835153,0.,-6.665116885537));
#323 = CARTESIAN_POINT('',(-22.1224995543,0.,-1.674050110187));
#324 = CARTESIAN_POINT('',(-21.95737576629,0.,-7.522141700459E-02));
#325 = CARTESIAN_POINT('',(-22.30122255674,0.,4.727908719464));
#326 = CARTESIAN_POINT('',(-20.51195778068,0.,4.402760532288));
#327 = CARTESIAN_POINT('',(-22.25449794964,0.,7.937769695352));
#328 = CARTESIAN_POINT('',(-20.46726437024,0.,8.135165718706));
#329 = CARTESIAN_POINT('',(-20.075,0.,9.5));
#330 = CARTESIAN_POINT('',(-20.5,7.616,-9.95));
#331 = CARTESIAN_POINT('',(-22.276001386,8.177852506353,-9.56787122874)
  );
#332 = CARTESIAN_POINT('',(-21.69750723352,7.862481736061,
    -4.948984765445));
#333 = CARTESIAN_POINT('',(-22.70041835153,8.34089760268,-6.665116885537
    ));
#334 = CARTESIAN_POINT('',(-22.1224995543,8.018380708451,-1.674050110187
    ));
#335 = CARTESIAN_POINT('',(-21.95737576629,8.033893362878,
    -7.522141700459E-02));
#336 = CARTESIAN_POINT('',(-22.30122255674,8.177654988977,4.727908719464
    ));
#337 = CARTESIAN_POINT('',(-20.51195778068,7.485117718005,4.402760532288
    ));
#338 = CARTESIAN_POINT('',(-22.25449794964,8.219761946886,7.937769695352
    ));
#339 = CARTESIAN_POINT('',(-20.46726437024,7.588713980676,8.135165718706
    ));
#340 = CARTESIAN_POINT('',(-20.075,7.406,9.5));
#341 = CARTESIAN_POINT('',(-20.705,18.768,-9.95));
#342 = CARTESIAN_POINT('',(-22.49876139986,20.152565104941,
    -9.56787122874));
#343 = CARTESIAN_POINT('',(-21.91448230585,19.375401421011,
    -4.948984765445));
#344 = CARTESIAN_POINT('',(-22.92742253504,20.554354806599,
    -6.665116885537));
#345 = CARTESIAN_POINT('',(-22.34372454984,19.759581031542,
    -1.674050110187));
#346 = CARTESIAN_POINT('',(-22.17694952396,19.797808644235,
    -7.522141700459E-02));
#347 = CARTESIAN_POINT('',(-22.52423478231,20.152078365692,
    4.727908719464));
#348 = CARTESIAN_POINT('',(-20.71707735849,18.445468662228,
    4.402760532288));
#349 = CARTESIAN_POINT('',(-22.47704292914,20.255841940539,
    7.937769695352));
#350 = CARTESIAN_POINT('',(-20.67193701394,18.700759452379,
    8.135165718706));
#351 = CARTESIAN_POINT('',(-20.27575,18.2505,9.5));
#352 = CARTESIAN_POINT('',(-18.04,23.664,-9.95));
#353 = CARTESIAN_POINT('',(-19.60288121968,25.409756001883,
    -9.56787122874));
#354 = CARTESIAN_POINT('',(-19.09380636549,24.429853965622,
    -4.948984765445));
#355 = CARTESIAN_POINT('',(-19.97636814935,25.916360408322,
    -6.665116885537));
#356 = CARTESIAN_POINT('',(-19.46779960778,24.914254344117,
    -1.674050110187));
#357 = CARTESIAN_POINT('',(-19.32249067434,24.962454377514,
    -7.522141700459E-02));
#358 = CARTESIAN_POINT('',(-19.62507584993,25.409142287178,
    4.727908719464));
#359 = CARTESIAN_POINT('',(-18.050522847,23.257330052372,4.402760532288)
  );
#360 = CARTESIAN_POINT('',(-19.58395819569,25.539974620681,
    7.937769695352));
#361 = CARTESIAN_POINT('',(-18.01119264581,23.579218439956,
    8.135165718706));
#362 = CARTESIAN_POINT('',(-17.666,23.0115,9.5));
#363 = DEFINITIONAL_REPRESENTATION('',(#364),#367);
#364 = B_SPLINE_CURVE_WITH_KNOTS('',1,(#365,#366),.UNSPECIFIED.,.F.,.F.,
  (2,2),(6.,7.),.PIECEWISE_BEZIER_KNOTS.);
#365 = CARTESIAN_POINT('',(6.,0.));
#366 = CARTESIAN_POINT('',(7.,0.));
#367 = ( GEOMETRIC_REPRESENTATION_CONTEXT(2) 
PARAMETRIC_REPRESENTATION_CONTEXT() REPRESENTATION_CONTEXT('2D SPACE',''
  ) );
#368 = ORIENTED_EDGE('',*,*,#369,.F.);
#369 = EDGE_CURVE('',#370,#301,#372,.T.);
#370 = VERTEX_POINT('',#371);
#371 = CARTESIAN_POINT('',(-17.22,-23.936,-9.95));
#372 = SURFACE_CURVE('',#373,(#378,#386),.PCURVE_S1.);
#373 = B_SPLINE_CURVE_WITH_KNOTS('',3,(#374,#375,#376,#377),
  .UNSPECIFIED.,.F.,.F.,(4,4),(5.,6.),.PIECEWISE_BEZIER_KNOTS.);
#374 = CARTESIAN_POINT('',(-17.22,-23.936,-9.95));
#375 = CARTESIAN_POINT('',(-20.295,-20.128,-9.95));
#376 = CARTESIAN_POINT('',(-20.5,-8.704,-9.95));
#377 = CARTESIAN_POINT('',(-20.5,0.,-9.95));
#378 = PCURVE('',#84,#379);
#379 = DEFINITIONAL_REPRESENTATION('',(#380),#385);
#380 = B_SPLINE_CURVE_WITH_KNOTS('',3,(#381,#382,#383,#384),
  .UNSPECIFIED.,.F.,.F.,(4,4),(5.,6.),.PIECEWISE_BEZIER_KNOTS.);
#381 = CARTESIAN_POINT('',(53.768304949961,-4.515338172049));
#382 = CARTESIAN_POINT('',(50.804436554108,-8.41045988158));
#383 = CARTESIAN_POINT('',(39.759639054566,-11.33659200336));
#384 = CARTESIAN_POINT('',(31.307270530032,-13.41435097048));
#385 = ( GEOMETRIC_REPRESENTATION_CONTEXT(2) 
PARAMETRIC_REPRESENTATION_CONTEXT() REPRESENTATION_CONTEXT('2D SPACE',''
  ) );
#386 = PCURVE('',#387,#432);
#387 = ( BOUNDED_SURFACE() B_SPLINE_SURFACE(3,6,(
    (#388,#389,#390,#391,#392,#393,#394,#395,#396,#397,#398)
    ,(#399,#400,#401,#402,#403,#404,#405,#406,#407,#408,#409)
    ,(#410,#411,#412,#413,#414,#415,#416,#417,#418,#419,#420)
    ,(#421,#422,#423,#424,#425,#426,#427,#428,#429,#430,#431
)),.UNSPECIFIED.,.F.,.F.,.F.) B_SPLINE_SURFACE_WITH_KNOTS((4,4),(7,4,7),
  (5.,6.),(0.,0.571503616493,1.),.UNSPECIFIED.) 
GEOMETRIC_REPRESENTATION_ITEM() RATIONAL_B_SPLINE_SURFACE((
    (1.,1.,1.,1.,1.,1.,1.,1.,1.,1.,1.)
    ,(1.,1.,1.,1.,1.,1.,1.,1.,1.,1.,1.)
    ,(1.,1.,1.,1.,1.,1.,1.,1.,1.,1.,1.)
,(1.,1.,1.,1.,1.,1.,1.,1.,1.,1.,1.
  ))) REPRESENTATION_ITEM('') SURFACE() );
#388 = CARTESIAN_POINT('',(-17.22,-23.936,-9.95));
#389 = CARTESIAN_POINT('',(-18.71184116424,-25.70182216282,
    -9.56787122874));
#390 = CARTESIAN_POINT('',(-18.22590607616,-24.71065688476,
    -4.948984765445));
#391 = CARTESIAN_POINT('',(-19.06835141528,-26.21424960842,
    -6.665116885537));
#392 = CARTESIAN_POINT('',(-18.58289962561,-25.2006250837,
    -1.674050110187));
#393 = CARTESIAN_POINT('',(-18.44419564368,-25.24937914047,
    -7.522141700459E-02));
#394 = CARTESIAN_POINT('',(-18.73302694766,-25.70120139392,
    4.727908719464));
#395 = CARTESIAN_POINT('',(-17.23004453577,-23.52465568515,
    4.402760532288));
#396 = CARTESIAN_POINT('',(-18.6937782777,-25.83353754735,7.937769695352
    ));
#397 = CARTESIAN_POINT('',(-17.192502071,-23.85024393926,8.135165718706)
  );
#398 = CARTESIAN_POINT('',(-16.863,-23.276,9.5));
#399 = CARTESIAN_POINT('',(-20.295,-20.128,-9.95));
#400 = CARTESIAN_POINT('',(-22.05324137214,-21.61289590964,
    -9.56787122874));
#401 = CARTESIAN_POINT('',(-21.48053216119,-20.77941601673,
    -4.948984765445));
#402 = CARTESIAN_POINT('',(-22.47341416801,-22.04380080708,
    -6.665116885537));
#403 = CARTESIAN_POINT('',(-21.90127455876,-21.19143472947,
    -1.674050110187));
#404 = CARTESIAN_POINT('',(-21.73780200863,-21.23243245903,
    -7.522141700459E-02));
#405 = CARTESIAN_POINT('',(-22.07821033117,-21.61237389943,
    4.727908719464));
#406 = CARTESIAN_POINT('',(-20.30683820288,-19.78209682615,
    4.402760532288));
#407 = CARTESIAN_POINT('',(-22.03195297015,-21.72365657391,
    7.937769695352));
#408 = CARTESIAN_POINT('',(-20.26259172653,-20.05588694892,
    8.135165718706));
#409 = CARTESIAN_POINT('',(-19.87425,-19.573,9.5));
#410 = CARTESIAN_POINT('',(-20.5,-8.704,-9.95));
#411 = CARTESIAN_POINT('',(-22.276001386,-9.346117150118,-9.56787122874)
  );
#412 = CARTESIAN_POINT('',(-21.69750723352,-8.985693412642,
    -4.948984765445));
#413 = CARTESIAN_POINT('',(-22.70041835153,-9.532454403061,
    -6.665116885537));
#414 = CARTESIAN_POINT('',(-22.1224995543,-9.163863666802,
    -1.674050110187));
#415 = CARTESIAN_POINT('',(-21.95737576629,-9.181592414718,
    -7.522141700459E-02));
#416 = CARTESIAN_POINT('',(-22.30122255674,-9.345891415974,
    4.727908719464));
#417 = CARTESIAN_POINT('',(-20.51195778068,-8.554420249148,
    4.402760532288));
#418 = CARTESIAN_POINT('',(-22.25449794964,-9.394013653584,
    7.937769695352));
#419 = CARTESIAN_POINT('',(-20.46726437024,-8.672815977915,
    8.135165718706));
#420 = CARTESIAN_POINT('',(-20.075,-8.464,9.5));
#421 = CARTESIAN_POINT('',(-20.5,0.,-9.95));
#422 = CARTESIAN_POINT('',(-22.276001386,0.,-9.56787122874));
#423 = CARTESIAN_POINT('',(-21.69750723352,0.,-4.948984765445));
#424 = CARTESIAN_POINT('',(-22.70041835153,0.,-6.665116885537));
#425 = CARTESIAN_POINT('',(-22.1224995543,0.,-1.674050110187));
#426 = CARTESIAN_POINT('',(-21.95737576629,0.,-7.522141700459E-02));
#427 = CARTESIAN_POINT('',(-22.30122255674,0.,4.727908719464));
#428 = CARTESIAN_POINT('',(-20.51195778068,0.,4.402760532288));
#429 = CARTESIAN_POINT('',(-22.25449794964,0.,7.937769695352));
#430 = CARTESIAN_POINT('',(-20.46726437024,0.,8.135165718706));
#431 = CARTESIAN_POINT('',(-20.075,0.,9.5));
#432 = DEFINITIONAL_REPRESENTATION('',(#433),#436);
#433 = B_SPLINE_CURVE_WITH_KNOTS('',1,(#434,#435),.UNSPECIFIED.,.F.,.F.,
  (2,2),(5.,6.),.PIECEWISE_BEZIER_KNOTS.);
#434 = CARTESIAN_POINT('',(5.,0.));
#435 = CARTESIAN_POINT('',(6.,0.));
#436 = ( GEOMETRIC_REPRESENTATION_CONTEXT(2) 
PARAMETRIC_REPRESENTATION_CONTEXT() REPRESENTATION_CONTEXT('2D SPACE',''
  ) );
#437 = ORIENTED_EDGE('',*,*,#438,.F.);
#438 = EDGE_CURVE('',#439,#370,#441,.T.);
#439 = VERTEX_POINT('',#440);
#440 = CARTESIAN_POINT('',(-1.110223024625E-15,-27.2,-9.95));
#441 = SURFACE_CURVE('',#442,(#447,#455),.PCURVE_S1.);
#442 = B_SPLINE_CURVE_WITH_KNOTS('',3,(#443,#444,#445,#446),
  .UNSPECIFIED.,.F.,.F.,(4,4),(4.,5.),.PIECEWISE_BEZIER_KNOTS.);
#443 = CARTESIAN_POINT('',(0.,-27.2,-9.95));
#444 = CARTESIAN_POINT('',(-6.15,-27.2,-9.95));
#445 = CARTESIAN_POINT('',(-14.965,-27.064,-9.95));
#446 = CARTESIAN_POINT('',(-17.22,-23.936,-9.95));
#447 = PCURVE('',#84,#448);
#448 = DEFINITIONAL_REPRESENTATION('',(#449),#454);
#449 = B_SPLINE_CURVE_WITH_KNOTS('',3,(#450,#451,#452,#453),
  .UNSPECIFIED.,.F.,.F.,(4,4),(4.,5.),.PIECEWISE_BEZIER_KNOTS.);
#450 = CARTESIAN_POINT('',(52.827303278335,12.985993544538));
#451 = CARTESIAN_POINT('',(54.295388945595,7.013789221711));
#452 = CARTESIAN_POINT('',(56.267576810471,-1.578835291535));
#453 = CARTESIAN_POINT('',(53.768304949961,-4.515338172049));
#454 = ( GEOMETRIC_REPRESENTATION_CONTEXT(2) 
PARAMETRIC_REPRESENTATION_CONTEXT() REPRESENTATION_CONTEXT('2D SPACE',''
  ) );
#455 = PCURVE('',#456,#501);
#456 = ( BOUNDED_SURFACE() B_SPLINE_SURFACE(3,6,(
    (#457,#458,#459,#460,#461,#462,#463,#464,#465,#466,#467)
    ,(#468,#469,#470,#471,#472,#473,#474,#475,#476,#477,#478)
    ,(#479,#480,#481,#482,#483,#484,#485,#486,#487,#488,#489)
    ,(#490,#491,#492,#493,#494,#495,#496,#497,#498,#499,#500
)),.UNSPECIFIED.,.F.,.F.,.F.) B_SPLINE_SURFACE_WITH_KNOTS((4,4),(7,4,7),
  (4.,5.),(0.,0.571503616493,1.),.UNSPECIFIED.) 
GEOMETRIC_REPRESENTATION_ITEM() RATIONAL_B_SPLINE_SURFACE((
    (1.,1.,1.,1.,1.,1.,1.,1.,1.,1.,1.)
    ,(1.,1.,1.,1.,1.,1.,1.,1.,1.,1.,1.)
    ,(1.,1.,1.,1.,1.,1.,1.,1.,1.,1.,1.)
,(1.,1.,1.,1.,1.,1.,1.,1.,1.,1.,1.
  ))) REPRESENTATION_ITEM('') SURFACE() );
#457 = CARTESIAN_POINT('',(0.,-27.2,-9.95));
#458 = CARTESIAN_POINT('',(-6.106226635438E-14,-29.20661609411,
    -9.56787122874));
#459 = CARTESIAN_POINT('',(2.553512956638E-13,-28.0802919145,
    -4.948984765445));
#460 = CARTESIAN_POINT('',(-3.941291737418E-13,-29.78892000957,
    -6.665116885537));
#461 = CARTESIAN_POINT('',(2.098321516542E-13,-28.63707395875,
    -1.674050110187));
#462 = CARTESIAN_POINT('',(-1.06581410364E-13,-28.69247629599,
    -7.522141700459E-02));
#463 = CARTESIAN_POINT('',(4.218847493576E-14,-29.20591067491,
    4.727908719464));
#464 = CARTESIAN_POINT('',(-5.218048215738E-14,-26.73256327858,
    4.402760532288));
#465 = CARTESIAN_POINT('',(3.885780586188E-14,-29.35629266745,
    7.937769695352));
#466 = CARTESIAN_POINT('',(-1.221245327088E-14,-27.10254993098,
    8.135165718706));
#467 = CARTESIAN_POINT('',(0.,-26.45,9.5));
#468 = CARTESIAN_POINT('',(-6.15,-27.2,-9.95));
#469 = CARTESIAN_POINT('',(-6.6828004158,-29.20661609411,-9.56787122874)
  );
#470 = CARTESIAN_POINT('',(-6.509252170057,-28.0802919145,
    -4.948984765445));
#471 = CARTESIAN_POINT('',(-6.81012550546,-29.78892000957,
    -6.665116885537));
#472 = CARTESIAN_POINT('',(-6.636749866291,-28.63707395875,
    -1.674050110187));
#473 = CARTESIAN_POINT('',(-6.58721272989,-28.69247629599,
    -7.522141700459E-02));
#474 = CARTESIAN_POINT('',(-6.690366767023,-29.20591067491,
    4.727908719464));
#475 = CARTESIAN_POINT('',(-6.153587334207,-26.73256327858,
    4.402760532288));
#476 = CARTESIAN_POINT('',(-6.676349384895,-29.35629266745,
    7.937769695352));
#477 = CARTESIAN_POINT('',(-6.140179311073,-27.10254993098,
    8.135165718706));
#478 = CARTESIAN_POINT('',(-6.0225,-26.45,9.5));
#479 = CARTESIAN_POINT('',(-14.965,-27.064,-9.95));
#480 = CARTESIAN_POINT('',(-16.26148101178,-29.06058301364,
    -9.56787122874));
#481 = CARTESIAN_POINT('',(-15.83918028047,-27.93989045493,
    -4.948984765445));
#482 = CARTESIAN_POINT('',(-16.57130539661,-29.63997540952,
    -6.665116885537));
#483 = CARTESIAN_POINT('',(-16.14942467464,-28.49388858896,
    -1.674050110187));
#484 = CARTESIAN_POINT('',(-16.02888430939,-28.54901391451,
    -7.522141700459E-02));
#485 = CARTESIAN_POINT('',(-16.27989246642,-29.05988112154,
    4.727908719464));
#486 = CARTESIAN_POINT('',(-14.9737291799,-26.59890046219,4.402760532288
    ));
#487 = CARTESIAN_POINT('',(-16.24578350324,-29.20951120411,
    7.937769695352));
#488 = CARTESIAN_POINT('',(-14.94110299027,-26.96703718132,
    8.135165718706));
#489 = CARTESIAN_POINT('',(-14.65475,-26.31775,9.5));
#490 = CARTESIAN_POINT('',(-17.22,-23.936,-9.95));
#491 = CARTESIAN_POINT('',(-18.71184116424,-25.70182216282,
    -9.56787122874));
#492 = CARTESIAN_POINT('',(-18.22590607616,-24.71065688476,
    -4.948984765445));
#493 = CARTESIAN_POINT('',(-19.06835141528,-26.21424960842,
    -6.665116885537));
#494 = CARTESIAN_POINT('',(-18.58289962561,-25.2006250837,
    -1.674050110187));
#495 = CARTESIAN_POINT('',(-18.44419564368,-25.24937914047,
    -7.522141700459E-02));
#496 = CARTESIAN_POINT('',(-18.73302694766,-25.70120139392,
    4.727908719464));
#497 = CARTESIAN_POINT('',(-17.23004453577,-23.52465568515,
    4.402760532288));
#498 = CARTESIAN_POINT('',(-18.6937782777,-25.83353754735,7.937769695352
    ));
#499 = CARTESIAN_POINT('',(-17.192502071,-23.85024393926,8.135165718706)
  );
#500 = CARTESIAN_POINT('',(-16.863,-23.276,9.5));
#501 = DEFINITIONAL_REPRESENTATION('',(#502),#505);
#502 = B_SPLINE_CURVE_WITH_KNOTS('',1,(#503,#504),.UNSPECIFIED.,.F.,.F.,
  (2,2),(4.,5.),.PIECEWISE_BEZIER_KNOTS.);
#503 = CARTESIAN_POINT('',(4.,0.));
#504 = CARTESIAN_POINT('',(5.,0.));
#505 = ( GEOMETRIC_REPRESENTATION_CONTEXT(2) 
PARAMETRIC_REPRESENTATION_CONTEXT() REPRESENTATION_CONTEXT('2D SPACE',''
  ) );
#506 = ORIENTED_EDGE('',*,*,#507,.F.);
#507 = EDGE_CURVE('',#508,#439,#510,.T.);
#508 = VERTEX_POINT('',#509);
#509 = CARTESIAN_POINT('',(17.22,-23.936,-9.95));
#510 = SURFACE_CURVE('',#511,(#516,#524),.PCURVE_S1.);
#511 = B_SPLINE_CURVE_WITH_KNOTS('',3,(#512,#513,#514,#515),
  .UNSPECIFIED.,.F.,.F.,(4,4),(3.,4.),.PIECEWISE_BEZIER_KNOTS.);
#512 = CARTESIAN_POINT('',(17.22,-23.936,-9.95));
#513 = CARTESIAN_POINT('',(14.965,-27.064,-9.95));
#514 = CARTESIAN_POINT('',(6.15,-27.2,-9.95));
#515 = CARTESIAN_POINT('',(0.,-27.2,-9.95));
#516 = PCURVE('',#84,#517);
#517 = DEFINITIONAL_REPRESENTATION('',(#518),#523);
#518 = B_SPLINE_CURVE_WITH_KNOTS('',3,(#519,#520,#521,#522),
  .UNSPECIFIED.,.F.,.F.,(4,4),(3.,4.),.PIECEWISE_BEZIER_KNOTS.);
#519 = CARTESIAN_POINT('',(45.547025213309,28.92900603578));
#520 = CARTESIAN_POINT('',(49.122893229808,27.485892412888));
#521 = CARTESIAN_POINT('',(51.359217611076,18.958197867364));
#522 = CARTESIAN_POINT('',(52.827303278335,12.985993544538));
#523 = ( GEOMETRIC_REPRESENTATION_CONTEXT(2) 
PARAMETRIC_REPRESENTATION_CONTEXT() REPRESENTATION_CONTEXT('2D SPACE',''
  ) );
#524 = PCURVE('',#525,#570);
#525 = ( BOUNDED_SURFACE() B_SPLINE_SURFACE(3,6,(
    (#526,#527,#528,#529,#530,#531,#532,#533,#534,#535,#536)
    ,(#537,#538,#539,#540,#541,#542,#543,#544,#545,#546,#547)
    ,(#548,#549,#550,#551,#552,#553,#554,#555,#556,#557,#558)
    ,(#559,#560,#561,#562,#563,#564,#565,#566,#567,#568,#569
)),.UNSPECIFIED.,.F.,.F.,.F.) B_SPLINE_SURFACE_WITH_KNOTS((4,4),(7,4,7),
  (3.,4.),(0.,0.571503616493,1.),.UNSPECIFIED.) 
GEOMETRIC_REPRESENTATION_ITEM() RATIONAL_B_SPLINE_SURFACE((
    (1.,1.,1.,1.,1.,1.,1.,1.,1.,1.,1.)
    ,(1.,1.,1.,1.,1.,1.,1.,1.,1.,1.,1.)
    ,(1.,1.,1.,1.,1.,1.,1.,1.,1.,1.,1.)
,(1.,1.,1.,1.,1.,1.,1.,1.,1.,1.,1.
  ))) REPRESENTATION_ITEM('') SURFACE() );
#526 = CARTESIAN_POINT('',(17.22,-23.936,-9.95));
#527 = CARTESIAN_POINT('',(18.71184116424,-25.70182216282,-9.56787122874
    ));
#528 = CARTESIAN_POINT('',(18.225906076162,-24.71065688476,
    -4.948984765445));
#529 = CARTESIAN_POINT('',(19.068351415284,-26.21424960842,
    -6.665116885537));
#530 = CARTESIAN_POINT('',(18.582899625617,-25.2006250837,
    -1.674050110187));
#531 = CARTESIAN_POINT('',(18.444195643689,-25.24937914047,
    -7.522141700459E-02));
#532 = CARTESIAN_POINT('',(18.733026947664,-25.70120139392,
    4.727908719464));
#533 = CARTESIAN_POINT('',(17.230044535777,-23.52465568515,
    4.402760532288));
#534 = CARTESIAN_POINT('',(18.693778277706,-25.83353754735,
    7.937769695352));
#535 = CARTESIAN_POINT('',(17.192502071003,-23.85024393926,
    8.135165718706));
#536 = CARTESIAN_POINT('',(16.863,-23.276,9.5));
#537 = CARTESIAN_POINT('',(14.965,-27.064,-9.95));
#538 = CARTESIAN_POINT('',(16.26148101178,-29.06058301364,-9.56787122874
    ));
#539 = CARTESIAN_POINT('',(15.839180280475,-27.93989045493,
    -4.948984765445));
#540 = CARTESIAN_POINT('',(16.571305396615,-29.63997540952,
    -6.665116885537));
#541 = CARTESIAN_POINT('',(16.149424674644,-28.49388858896,
    -1.674050110187));
#542 = CARTESIAN_POINT('',(16.028884309397,-28.54901391451,
    -7.522141700459E-02));
#543 = CARTESIAN_POINT('',(16.279892466422,-29.05988112154,
    4.727908719464));
#544 = CARTESIAN_POINT('',(14.973729179902,-26.59890046219,
    4.402760532288));
#545 = CARTESIAN_POINT('',(16.245783503244,-29.20951120411,
    7.937769695352));
#546 = CARTESIAN_POINT('',(14.941102990276,-26.96703718132,
    8.135165718706));
#547 = CARTESIAN_POINT('',(14.65475,-26.31775,9.5));
#548 = CARTESIAN_POINT('',(6.15,-27.2,-9.95));
#549 = CARTESIAN_POINT('',(6.6828004158,-29.20661609411,-9.56787122874)
  );
#550 = CARTESIAN_POINT('',(6.509252170057,-28.0802919145,-4.948984765445
    ));
#551 = CARTESIAN_POINT('',(6.81012550546,-29.78892000957,-6.665116885537
    ));
#552 = CARTESIAN_POINT('',(6.636749866291,-28.63707395875,
    -1.674050110187));
#553 = CARTESIAN_POINT('',(6.587212729889,-28.69247629599,
    -7.522141700459E-02));
#554 = CARTESIAN_POINT('',(6.690366767023,-29.20591067491,4.727908719464
    ));
#555 = CARTESIAN_POINT('',(6.153587334207,-26.73256327858,4.402760532288
    ));
#556 = CARTESIAN_POINT('',(6.676349384895,-29.35629266745,7.937769695352
    ));
#557 = CARTESIAN_POINT('',(6.140179311073,-27.10254993098,8.135165718706
    ));
#558 = CARTESIAN_POINT('',(6.0225,-26.45,9.5));
#559 = CARTESIAN_POINT('',(0.,-27.2,-9.95));
#560 = CARTESIAN_POINT('',(-6.106226635438E-14,-29.20661609411,
    -9.56787122874));
#561 = CARTESIAN_POINT('',(2.553512956638E-13,-28.0802919145,
    -4.948984765445));
#562 = CARTESIAN_POINT('',(-3.941291737418E-13,-29.78892000957,
    -6.665116885537));
#563 = CARTESIAN_POINT('',(2.098321516542E-13,-28.63707395875,
    -1.674050110187));
#564 = CARTESIAN_POINT('',(-1.06581410364E-13,-28.69247629599,
    -7.522141700459E-02));
#565 = CARTESIAN_POINT('',(4.218847493576E-14,-29.20591067491,
    4.727908719464));
#566 = CARTESIAN_POINT('',(-5.218048215738E-14,-26.73256327858,
    4.402760532288));
#567 = CARTESIAN_POINT('',(3.885780586188E-14,-29.35629266745,
    7.937769695352));
#568 = CARTESIAN_POINT('',(-1.221245327088E-14,-27.10254993098,
    8.135165718706));
#569 = CARTESIAN_POINT('',(0.,-26.45,9.5));
#570 = DEFINITIONAL_REPRESENTATION('',(#571),#574);
#571 = B_SPLINE_CURVE_WITH_KNOTS('',1,(#572,#573),.UNSPECIFIED.,.F.,.F.,
  (2,2),(3.,4.),.PIECEWISE_BEZIER_KNOTS.);
#572 = CARTESIAN_POINT('',(3.,0.));
#573 = CARTESIAN_POINT('',(4.,0.));
#574 = ( GEOMETRIC_REPRESENTATION_CONTEXT(2) 
PARAMETRIC_REPRESENTATION_CONTEXT() REPRESENTATION_CONTEXT('2D SPACE',''
  ) );
#575 = ORIENTED_EDGE('',*,*,#576,.F.);
#576 = EDGE_CURVE('',#577,#508,#579,.T.);
#577 = VERTEX_POINT('',#578);
#578 = CARTESIAN_POINT('',(20.5,0.,-9.95));
#579 = SURFACE_CURVE('',#580,(#585,#593),.PCURVE_S1.);
#580 = B_SPLINE_CURVE_WITH_KNOTS('',3,(#581,#582,#583,#584),
  .UNSPECIFIED.,.F.,.F.,(4,4),(2.,3.),.PIECEWISE_BEZIER_KNOTS.);
#581 = CARTESIAN_POINT('',(20.5,0.,-9.95));
#582 = CARTESIAN_POINT('',(20.5,-8.704,-9.95));
#583 = CARTESIAN_POINT('',(20.295,-20.128,-9.95));
#584 = CARTESIAN_POINT('',(17.22,-23.936,-9.95));
#585 = PCURVE('',#84,#586);
#586 = DEFINITIONAL_REPRESENTATION('',(#587),#592);
#587 = B_SPLINE_CURVE_WITH_KNOTS('',3,(#588,#589,#590,#591),
  .UNSPECIFIED.,.F.,.F.,(4,4),(2.,3.),.PIECEWISE_BEZIER_KNOTS.);
#588 = CARTESIAN_POINT('',(21.520032748303,26.400344515024));
#589 = CARTESIAN_POINT('',(29.972401272837,28.47810348215));
#590 = CARTESIAN_POINT('',(41.115071150196,31.006088649075));
#591 = CARTESIAN_POINT('',(45.547025213309,28.92900603578));
#592 = ( GEOMETRIC_REPRESENTATION_CONTEXT(2) 
PARAMETRIC_REPRESENTATION_CONTEXT() REPRESENTATION_CONTEXT('2D SPACE',''
  ) );
#593 = PCURVE('',#594,#639);
#594 = ( BOUNDED_SURFACE() B_SPLINE_SURFACE(3,6,(
    (#595,#596,#597,#598,#599,#600,#601,#602,#603,#604,#605)
    ,(#606,#607,#608,#609,#610,#611,#612,#613,#614,#615,#616)
    ,(#617,#618,#619,#620,#621,#622,#623,#624,#625,#626,#627)
    ,(#628,#629,#630,#631,#632,#633,#634,#635,#636,#637,#638
)),.UNSPECIFIED.,.F.,.F.,.F.) B_SPLINE_SURFACE_WITH_KNOTS((4,4),(7,4,7),
  (2.,3.),(0.,0.571503616493,1.),.UNSPECIFIED.) 
GEOMETRIC_REPRESENTATION_ITEM() RATIONAL_B_SPLINE_SURFACE((
    (1.,1.,1.,1.,1.,1.,1.,1.,1.,1.,1.)
    ,(1.,1.,1.,1.,1.,1.,1.,1.,1.,1.,1.)
    ,(1.,1.,1.,1.,1.,1.,1.,1.,1.,1.,1.)
,(1.,1.,1.,1.,1.,1.,1.,1.,1.,1.,1.
  ))) REPRESENTATION_ITEM('') SURFACE() );
#595 = CARTESIAN_POINT('',(20.5,0.,-9.95));
#596 = CARTESIAN_POINT('',(22.276001386001,0.,-9.56787122874));
#597 = CARTESIAN_POINT('',(21.697507233522,0.,-4.948984765445));
#598 = CARTESIAN_POINT('',(22.700418351536,0.,-6.665116885537));
#599 = CARTESIAN_POINT('',(22.122499554302,0.,-1.674050110187));
#600 = CARTESIAN_POINT('',(21.957375766299,0.,-7.522141700459E-02));
#601 = CARTESIAN_POINT('',(22.301222556742,0.,4.727908719464));
#602 = CARTESIAN_POINT('',(20.511957780689,0.,4.402760532288));
#603 = CARTESIAN_POINT('',(22.254497949649,0.,7.937769695352));
#604 = CARTESIAN_POINT('',(20.467264370242,0.,8.135165718706));
#605 = CARTESIAN_POINT('',(20.075,0.,9.5));
#606 = CARTESIAN_POINT('',(20.5,-8.704,-9.95));
#607 = CARTESIAN_POINT('',(22.276001386001,-9.346117150118,
    -9.56787122874));
#608 = CARTESIAN_POINT('',(21.697507233522,-8.985693412642,
    -4.948984765445));
#609 = CARTESIAN_POINT('',(22.700418351536,-9.532454403062,
    -6.665116885537));
#610 = CARTESIAN_POINT('',(22.122499554302,-9.163863666801,
    -1.674050110187));
#611 = CARTESIAN_POINT('',(21.957375766299,-9.181592414718,
    -7.522141700459E-02));
#612 = CARTESIAN_POINT('',(22.301222556742,-9.345891415974,
    4.727908719464));
#613 = CARTESIAN_POINT('',(20.511957780689,-8.554420249147,
    4.402760532288));
#614 = CARTESIAN_POINT('',(22.254497949649,-9.394013653584,
    7.937769695352));
#615 = CARTESIAN_POINT('',(20.467264370242,-8.672815977915,
    8.135165718706));
#616 = CARTESIAN_POINT('',(20.075,-8.464,9.5));
#617 = CARTESIAN_POINT('',(20.295,-20.128,-9.95));
#618 = CARTESIAN_POINT('',(22.05324137214,-21.61289590964,-9.56787122874
    ));
#619 = CARTESIAN_POINT('',(21.480532161191,-20.77941601673,
    -4.948984765445));
#620 = CARTESIAN_POINT('',(22.473414168013,-22.04380080707,
    -6.665116885537));
#621 = CARTESIAN_POINT('',(21.901274558763,-21.19143472947,
    -1.674050110187));
#622 = CARTESIAN_POINT('',(21.737802008633,-21.23243245903,
    -7.522141700459E-02));
#623 = CARTESIAN_POINT('',(22.078210331176,-21.61237389943,
    4.727908719464));
#624 = CARTESIAN_POINT('',(20.30683820288,-19.78209682615,4.402760532288
    ));
#625 = CARTESIAN_POINT('',(22.031952970154,-21.72365657391,
    7.937769695352));
#626 = CARTESIAN_POINT('',(20.262591726539,-20.05588694892,
    8.135165718706));
#627 = CARTESIAN_POINT('',(19.87425,-19.573,9.5));
#628 = CARTESIAN_POINT('',(17.22,-23.936,-9.95));
#629 = CARTESIAN_POINT('',(18.71184116424,-25.70182216282,-9.56787122874
    ));
#630 = CARTESIAN_POINT('',(18.225906076162,-24.71065688476,
    -4.948984765445));
#631 = CARTESIAN_POINT('',(19.068351415284,-26.21424960842,
    -6.665116885537));
#632 = CARTESIAN_POINT('',(18.582899625617,-25.2006250837,
    -1.674050110187));
#633 = CARTESIAN_POINT('',(18.444195643689,-25.24937914047,
    -7.522141700459E-02));
#634 = CARTESIAN_POINT('',(18.733026947664,-25.70120139392,
    4.727908719464));
#635 = CARTESIAN_POINT('',(17.230044535777,-23.52465568515,
    4.402760532288));
#636 = CARTESIAN_POINT('',(18.693778277706,-25.83353754735,
    7.937769695352));
#637 = CARTESIAN_POINT('',(17.192502071003,-23.85024393926,
    8.135165718706));
#638 = CARTESIAN_POINT('',(16.863,-23.276,9.5));
#639 = DEFINITIONAL_REPRESENTATION('',(#640),#643);
#640 = B_SPLINE_CURVE_WITH_KNOTS('',1,(#641,#642),.UNSPECIFIED.,.F.,.F.,
  (2,2),(2.,3.),.PIECEWISE_BEZIER_KNOTS.);
#641 = CARTESIAN_POINT('',(2.,0.));
#642 = CARTESIAN_POINT('',(3.,0.));
#643 = ( GEOMETRIC_REPRESENTATION_CONTEXT(2) 
PARAMETRIC_REPRESENTATION_CONTEXT() REPRESENTATION_CONTEXT('2D SPACE',''
  ) );
#644 = ORIENTED_EDGE('',*,*,#645,.F.);
#645 = EDGE_CURVE('',#24,#577,#646,.T.);
#646 = SURFACE_CURVE('',#647,(#652,#660),.PCURVE_S1.);
#647 = B_SPLINE_CURVE_WITH_KNOTS('',3,(#648,#649,#650,#651),
  .UNSPECIFIED.,.F.,.F.,(4,4),(1.,2.),.PIECEWISE_BEZIER_KNOTS.);
#648 = CARTESIAN_POINT('',(18.04,23.664,-9.95));
#649 = CARTESIAN_POINT('',(20.705,18.768,-9.95));
#650 = CARTESIAN_POINT('',(20.5,7.616,-9.95));
#651 = CARTESIAN_POINT('',(20.5,0.,-9.95));
#652 = PCURVE('',#84,#653);
#653 = DEFINITIONAL_REPRESENTATION('',(#654),#659);
#654 = B_SPLINE_CURVE_WITH_KNOTS('',3,(#655,#656,#657,#658),
  .UNSPECIFIED.,.F.,.F.,(4,4),(1.,2.),.PIECEWISE_BEZIER_KNOTS.);
#655 = CARTESIAN_POINT('',(-0.872609910869,18.362555594019));
#656 = CARTESIAN_POINT('',(3.245676928369,22.119250219586));
#657 = CARTESIAN_POINT('',(14.124210289336,24.582305418789));
#658 = CARTESIAN_POINT('',(21.520032748303,26.400344515024));
#659 = ( GEOMETRIC_REPRESENTATION_CONTEXT(2) 
PARAMETRIC_REPRESENTATION_CONTEXT() REPRESENTATION_CONTEXT('2D SPACE',''
  ) );
#660 = PCURVE('',#120,#661);
#661 = DEFINITIONAL_REPRESENTATION('',(#662),#665);
#662 = B_SPLINE_CURVE_WITH_KNOTS('',1,(#663,#664),.UNSPECIFIED.,.F.,.F.,
  (2,2),(1.,2.),.PIECEWISE_BEZIER_KNOTS.);
#663 = CARTESIAN_POINT('',(1.,0.));
#664 = CARTESIAN_POINT('',(2.,0.));
#665 = ( GEOMETRIC_REPRESENTATION_CONTEXT(2) 
PARAMETRIC_REPRESENTATION_CONTEXT() REPRESENTATION_CONTEXT('2D SPACE',''
  ) );
#666 = FACE_BOUND('',#667,.F.);
#667 = EDGE_LOOP('',(#668,#752,#852,#970,#1070,#1188,#1306,#1406));
#668 = ORIENTED_EDGE('',*,*,#669,.F.);
#669 = EDGE_CURVE('',#670,#672,#674,.T.);
#670 = VERTEX_POINT('',#671);
#671 = CARTESIAN_POINT('',(16.852,21.924,-9.95));
#672 = VERTEX_POINT('',#673);
#673 = CARTESIAN_POINT('',(0.,25.2,-9.95));
#674 = SURFACE_CURVE('',#675,(#696,#720),.PCURVE_S1.);
#675 = B_SPLINE_CURVE_WITH_KNOTS('',7,(#676,#677,#678,#679,#680,#681,
    #682,#683,#684,#685,#686,#687,#688,#689,#690,#691,#692,#693,#694,
    #695),.UNSPECIFIED.,.F.,.F.,(8,6,6,8),(0.,0.169439050589,
    0.485751353421,1.),.UNSPECIFIED.);
#676 = CARTESIAN_POINT('',(16.852,21.924,-9.95));
#677 = CARTESIAN_POINT('',(16.646603652512,22.194286577373,-9.95));
#678 = CARTESIAN_POINT('',(16.403810144977,22.443877144712,-9.95));
#679 = CARTESIAN_POINT('',(16.12886520832,22.672526253911,-9.95));
#680 = CARTESIAN_POINT('',(15.827544095712,22.881351978263,-9.95));
#681 = CARTESIAN_POINT('',(15.504983827975,23.071993645672,-9.95));
#682 = CARTESIAN_POINT('',(15.16508923389,23.246174666688,-9.95));
#683 = CARTESIAN_POINT('',(14.148582182282,23.703420478127,-9.95));
#684 = CARTESIAN_POINT('',(13.437063107504,23.949273423545,-9.95));
#685 = CARTESIAN_POINT('',(12.692462119851,24.155515559315,-9.95));
#686 = CARTESIAN_POINT('',(11.924949570832,24.329297824973,-9.95));
#687 = CARTESIAN_POINT('',(11.14151520659,24.47657013874,-9.95));
#688 = CARTESIAN_POINT('',(10.345540009447,24.601649460023,-9.95));
#689 = CARTESIAN_POINT('',(8.223813757057,24.880902045304,-9.95));
#690 = CARTESIAN_POINT('',(6.883105449946,25.003659199388,-9.95));
#691 = CARTESIAN_POINT('',(5.525076630472,25.090624649641,-9.95));
#692 = CARTESIAN_POINT('',(4.154999124313,25.14879623298,-9.95));
#693 = CARTESIAN_POINT('',(2.776559530131,25.183972161087,-9.95));
#694 = CARTESIAN_POINT('',(1.391452337575,25.2,-9.95));
#695 = CARTESIAN_POINT('',(8.326672684689E-16,25.2,-9.95));
#696 = PCURVE('',#84,#697);
#697 = DEFINITIONAL_REPRESENTATION('',(#698),#719);
#698 = B_SPLINE_CURVE_WITH_KNOTS('',7,(#699,#700,#701,#702,#703,#704,
    #705,#706,#707,#708,#709,#710,#711,#712,#713,#714,#715,#716,#717,
    #718),.UNSPECIFIED.,.F.,.F.,(8,6,6,8),(0.,0.169439050589,
    0.485751353421,1.),.UNSPECIFIED.);
#699 = CARTESIAN_POINT('',(1.100678104484,17.624261338005));
#700 = CARTESIAN_POINT('',(0.887236278154,17.360282020176));
#701 = CARTESIAN_POINT('',(0.702819335603,17.064927098248));
#702 = CARTESIAN_POINT('',(0.54641340429,16.743349241454));
#703 = CARTESIAN_POINT('',(0.415554105586,16.400889842405));
#704 = CARTESIAN_POINT('',(0.307423230087,16.042146082266));
#705 = CARTESIAN_POINT('',(0.219415056963,15.670498501036));
#706 = CARTESIAN_POINT('',(1.804172711972E-02,14.574227959575));
#707 = CARTESIAN_POINT('',(-5.085470665884E-02,13.824590483219));
#708 = CARTESIAN_POINT('',(-7.338838747174E-02,13.052283107488));
#709 = CARTESIAN_POINT('',(-5.893131845271E-02,12.265475137324));
#710 = CARTESIAN_POINT('',(-1.49299505712E-02,11.469533922721));
#711 = CARTESIAN_POINT('',(5.361647465694E-02,10.666712187423));
#712 = CARTESIAN_POINT('',(0.288920930593,8.539663502159));
#713 = CARTESIAN_POINT('',(0.489757327888,7.208411149989));
#714 = CARTESIAN_POINT('',(0.729485329134,5.868882968323));
#715 = CARTESIAN_POINT('',(1.000050950003,4.524527899603));
#716 = CARTESIAN_POINT('',(1.29494356488,3.177541854234));
#717 = CARTESIAN_POINT('',(1.610022343445,1.828651869917));
#718 = CARTESIAN_POINT('',(1.942180267586,0.477426233255));
#719 = ( GEOMETRIC_REPRESENTATION_CONTEXT(2) 
PARAMETRIC_REPRESENTATION_CONTEXT() REPRESENTATION_CONTEXT('2D SPACE',''
  ) );
#720 = PCURVE('',#721,#729);
#721 = SURFACE_OF_LINEAR_EXTRUSION('',#722,#727);
#722 = B_SPLINE_CURVE_WITH_KNOTS('',3,(#723,#724,#725,#726),
  .UNSPECIFIED.,.F.,.F.,(4,4),(0.,1.),.PIECEWISE_BEZIER_KNOTS.);
#723 = CARTESIAN_POINT('',(0.,25.2,-12.));
#724 = CARTESIAN_POINT('',(8.426,25.2,-12.));
#725 = CARTESIAN_POINT('',(14.937,24.444,-12.));
#726 = CARTESIAN_POINT('',(16.852,21.924,-12.));
#727 = VECTOR('',#728,1.);
#728 = DIRECTION('',(-0.,-0.,-1.));
#729 = DEFINITIONAL_REPRESENTATION('',(#730),#751);
#730 = B_SPLINE_CURVE_WITH_KNOTS('',7,(#731,#732,#733,#734,#735,#736,
    #737,#738,#739,#740,#741,#742,#743,#744,#745,#746,#747,#748,#749,
    #750),.UNSPECIFIED.,.F.,.F.,(8,6,6,8),(0.,0.169439050589,
    0.485751353421,1.),.UNSPECIFIED.);
#731 = CARTESIAN_POINT('',(1.,-2.05));
#732 = CARTESIAN_POINT('',(0.964247807226,-2.05));
#733 = CARTESIAN_POINT('',(0.929145132452,-2.05));
#734 = CARTESIAN_POINT('',(0.894922323531,-2.05));
#735 = CARTESIAN_POINT('',(0.861691090721,-2.05));
#736 = CARTESIAN_POINT('',(0.829484930686,-2.05));
#737 = CARTESIAN_POINT('',(0.798280508832,-2.05));
#738 = CARTESIAN_POINT('',(0.71147172363,-2.05));
#739 = CARTESIAN_POINT('',(0.658298984306,-2.05));
#740 = CARTESIAN_POINT('',(0.607870747003,-2.05));
#741 = CARTESIAN_POINT('',(0.559853988124,-2.05));
#742 = CARTESIAN_POINT('',(0.513914013993,-2.05));
#743 = CARTESIAN_POINT('',(0.46974156322,-2.05));
#744 = CARTESIAN_POINT('',(0.357512373873,-2.05));
#745 = CARTESIAN_POINT('',(0.292064593752,-2.05));
#746 = CARTESIAN_POINT('',(0.229567576908,-2.05));
#747 = CARTESIAN_POINT('',(0.169511520305,-2.05));
#748 = CARTESIAN_POINT('',(0.11144705737,-2.05));
#749 = CARTESIAN_POINT('',(5.504598218114E-02,-2.05));
#750 = CARTESIAN_POINT('',(0.,-2.05));
#751 = ( GEOMETRIC_REPRESENTATION_CONTEXT(2) 
PARAMETRIC_REPRESENTATION_CONTEXT() REPRESENTATION_CONTEXT('2D SPACE',''
  ) );
#752 = ORIENTED_EDGE('',*,*,#753,.F.);
#753 = EDGE_CURVE('',#754,#670,#756,.T.);
#754 = VERTEX_POINT('',#755);
#755 = CARTESIAN_POINT('',(19.15,0.,-9.95));
#756 = SURFACE_CURVE('',#757,(#784,#814),.PCURVE_S1.);
#757 = B_SPLINE_CURVE_WITH_KNOTS('',7,(#758,#759,#760,#761,#762,#763,
    #764,#765,#766,#767,#768,#769,#770,#771,#772,#773,#774,#775,#776,
    #777,#778,#779,#780,#781,#782,#783),.UNSPECIFIED.,.F.,.F.,(8,6,6,6,8
    ),(0.,0.260913792881,0.617928439253,0.880797064232,1.),
  .UNSPECIFIED.);
#758 = CARTESIAN_POINT('',(19.15,-4.440892098501E-15,-9.95));
#759 = CARTESIAN_POINT('',(19.15,0.821931275262,-9.95));
#760 = CARTESIAN_POINT('',(19.152017732872,1.650098093277,-9.95));
#761 = CARTESIAN_POINT('',(19.154173455209,2.482674701537,-9.95));
#762 = CARTESIAN_POINT('',(19.155154762366,3.318487481289,-9.95));
#763 = CARTESIAN_POINT('',(19.153866947869,4.156685018112,-9.95));
#764 = CARTESIAN_POINT('',(19.149248982037,4.996581004015,-9.95));
#765 = CARTESIAN_POINT('',(19.127948577171,6.988552325033,-9.95));
#766 = CARTESIAN_POINT('',(19.10744946169,8.141369045974,-9.95));
#767 = CARTESIAN_POINT('',(19.076051284499,9.294847820981,-9.95));
#768 = CARTESIAN_POINT('',(19.031019996541,10.447699741795,-9.95));
#769 = CARTESIAN_POINT('',(18.969042359333,11.598291938774,-9.95));
#770 = CARTESIAN_POINT('',(18.88614623622,12.74460949697,-9.95));
#771 = CARTESIAN_POINT('',(18.69501286674,14.722422780416,-9.95));
#772 = CARTESIAN_POINT('',(18.59929505933,15.556505513671,-9.95));
#773 = CARTESIAN_POINT('',(18.486358283841,16.385479263924,-9.95));
#774 = CARTESIAN_POINT('',(18.353099060875,17.20774465766,-9.95));
#775 = CARTESIAN_POINT('',(18.195186580845,18.020197054884,-9.95));
#776 = CARTESIAN_POINT('',(18.007341324158,18.818386565527,-9.95));
#777 = CARTESIAN_POINT('',(17.67675648797,19.946912884868,-9.95));
#778 = CARTESIAN_POINT('',(17.565538458393,20.294316319921,-9.95));
#779 = CARTESIAN_POINT('',(17.445335080236,20.636368053787,-9.95));
#780 = CARTESIAN_POINT('',(17.315139343497,20.972034286033,-9.95));
#781 = CARTESIAN_POINT('',(17.173795246762,21.299871924592,-9.95));
#782 = CARTESIAN_POINT('',(17.019948962108,21.617988153395,-9.95));
#783 = CARTESIAN_POINT('',(16.852,21.924,-9.95));
#784 = PCURVE('',#84,#785);
#785 = DEFINITIONAL_REPRESENTATION('',(#786),#813);
#786 = B_SPLINE_CURVE_WITH_KNOTS('',7,(#787,#788,#789,#790,#791,#792,
    #793,#794,#795,#796,#797,#798,#799,#800,#801,#802,#803,#804,#805,
    #806,#807,#808,#809,#810,#811,#812),.UNSPECIFIED.,.F.,.F.,(8,6,6,6,8
    ),(0.,0.260913792881,0.617928439253,0.880797064232,1.),
  .UNSPECIFIED.);
#787 = CARTESIAN_POINT('',(21.84229545575,25.089372834404));
#788 = CARTESIAN_POINT('',(21.044126103688,24.893167058032));
#789 = CARTESIAN_POINT('',(20.239419818276,24.697432176301));
#790 = CARTESIAN_POINT('',(19.43039828917,24.500778620004));
#791 = CARTESIAN_POINT('',(18.618514494165,24.302212084131));
#792 = CARTESIAN_POINT('',(17.804856554199,24.100872753815));
#793 = CARTESIAN_POINT('',(16.990344217893,23.895894104319));
#794 = CARTESIAN_POINT('',(15.061045207285,23.399699809035));
#795 = CARTESIAN_POINT('',(13.946449671252,23.104600847883));
#796 = CARTESIAN_POINT('',(12.833812970037,22.798759874449));
#797 = CARTESIAN_POINT('',(11.725039403105,22.479829559973));
#798 = CARTESIAN_POINT('',(10.622505547538,22.144982238657));
#799 = CARTESIAN_POINT('',(9.529116268485,21.79084159441));
#800 = CARTESIAN_POINT('',(7.654107344766,21.13310389207));
#801 = CARTESIAN_POINT('',(6.866986927859,20.841046784886));
#802 = CARTESIAN_POINT('',(6.088938187473,20.533488088941));
#803 = CARTESIAN_POINT('',(5.32225510069,20.207795837448));
#804 = CARTESIAN_POINT('',(4.570986373832,19.860505542236));
#805 = CARTESIAN_POINT('',(3.840713541818,19.487552561041));
#806 = CARTESIAN_POINT('',(2.823727703936,18.897130853352));
#807 = CARTESIAN_POINT('',(2.512916858176,18.706198365421));
#808 = CARTESIAN_POINT('',(2.209447917201,18.507817815406));
#809 = CARTESIAN_POINT('',(1.914565180908,18.30125808755));
#810 = CARTESIAN_POINT('',(1.629945974465,18.085741085293));
#811 = CARTESIAN_POINT('',(1.357751569367,17.860403959717));
#812 = CARTESIAN_POINT('',(1.100678104484,17.624261338005));
#813 = ( GEOMETRIC_REPRESENTATION_CONTEXT(2) 
PARAMETRIC_REPRESENTATION_CONTEXT() REPRESENTATION_CONTEXT('2D SPACE',''
  ) );
#814 = PCURVE('',#815,#823);
#815 = SURFACE_OF_LINEAR_EXTRUSION('',#816,#821);
#816 = B_SPLINE_CURVE_WITH_KNOTS('',3,(#817,#818,#819,#820),
  .UNSPECIFIED.,.F.,.F.,(4,4),(0.,1.),.PIECEWISE_BEZIER_KNOTS.);
#817 = CARTESIAN_POINT('',(16.852,21.924,-12.));
#818 = CARTESIAN_POINT('',(19.3415,17.388,-12.));
#819 = CARTESIAN_POINT('',(19.15,7.056,-12.));
#820 = CARTESIAN_POINT('',(19.15,0.,-12.));
#821 = VECTOR('',#822,1.);
#822 = DIRECTION('',(-0.,-0.,-1.));
#823 = DEFINITIONAL_REPRESENTATION('',(#824),#851);
#824 = B_SPLINE_CURVE_WITH_KNOTS('',7,(#825,#826,#827,#828,#829,#830,
    #831,#832,#833,#834,#835,#836,#837,#838,#839,#840,#841,#842,#843,
    #844,#845,#846,#847,#848,#849,#850),.UNSPECIFIED.,.F.,.F.,(8,6,6,6,8
    ),(0.,0.260913792881,0.617928439253,0.880797064232,1.),
  .UNSPECIFIED.);
#825 = CARTESIAN_POINT('',(1.,-2.05));
#826 = CARTESIAN_POINT('',(0.961171047087,-2.05));
#827 = CARTESIAN_POINT('',(0.923679995077,-2.05));
#828 = CARTESIAN_POINT('',(0.887169417936,-2.05));
#829 = CARTESIAN_POINT('',(0.851411058753,-2.05));
#830 = CARTESIAN_POINT('',(0.816230804699,-2.05));
#831 = CARTESIAN_POINT('',(0.781472414723,-2.05));
#832 = CARTESIAN_POINT('',(0.699830562095,-2.05));
#833 = CARTESIAN_POINT('',(0.65320795648,-2.05));
#834 = CARTESIAN_POINT('',(0.606775502157,-2.05));
#835 = CARTESIAN_POINT('',(0.560246956882,-2.05));
#836 = CARTESIAN_POINT('',(0.513332258279,-2.05));
#837 = CARTESIAN_POINT('',(0.465727271226,-2.05));
#838 = CARTESIAN_POINT('',(0.381122282051,-2.05));
#839 = CARTESIAN_POINT('',(0.344667099378,-2.05));
#840 = CARTESIAN_POINT('',(0.307432222663,-2.05));
#841 = CARTESIAN_POINT('',(0.269219748015,-2.05));
#842 = CARTESIAN_POINT('',(0.229792070689,-2.05));
#843 = CARTESIAN_POINT('',(0.188884798325,-2.05));
#844 = CARTESIAN_POINT('',(0.126553046753,-2.05));
#845 = CARTESIAN_POINT('',(0.106711397887,-2.05));
#846 = CARTESIAN_POINT('',(8.642696792408E-02,-2.05));
#847 = CARTESIAN_POINT('',(6.565624280592E-02,-2.05));
#848 = CARTESIAN_POINT('',(4.435743574128E-02,-2.05));
#849 = CARTESIAN_POINT('',(2.248764304856E-02,-2.05));
#850 = CARTESIAN_POINT('',(0.,-2.05));
#851 = ( GEOMETRIC_REPRESENTATION_CONTEXT(2) 
PARAMETRIC_REPRESENTATION_CONTEXT() REPRESENTATION_CONTEXT('2D SPACE',''
  ) );
#852 = ORIENTED_EDGE('',*,*,#853,.F.);
#853 = EDGE_CURVE('',#854,#754,#856,.T.);
#854 = VERTEX_POINT('',#855);
#855 = CARTESIAN_POINT('',(16.086,-22.176,-9.95));
#856 = SURFACE_CURVE('',#857,(#890,#926),.PCURVE_S1.);
#857 = B_SPLINE_CURVE_WITH_KNOTS('',7,(#858,#859,#860,#861,#862,#863,
    #864,#865,#866,#867,#868,#869,#870,#871,#872,#873,#874,#875,#876,
    #877,#878,#879,#880,#881,#882,#883,#884,#885,#886,#887,#888,#889),
  .UNSPECIFIED.,.F.,.F.,(8,6,6,6,6,8),(0.,0.101213047601,0.322554836777,
    0.63293030701,0.826648809046,1.),.UNSPECIFIED.);
#858 = CARTESIAN_POINT('',(16.086,-22.176,-9.95));
#859 = CARTESIAN_POINT('',(16.268782594457,-21.95150670383,-9.95));
#860 = CARTESIAN_POINT('',(16.438133767149,-21.71091513625,-9.95));
#861 = CARTESIAN_POINT('',(16.595198906838,-21.45721696985,-9.95));
#862 = CARTESIAN_POINT('',(16.741090709527,-21.19290121842,-9.95));
#863 = CARTESIAN_POINT('',(16.876873804754,-20.91994063577,-9.95));
#864 = CARTESIAN_POINT('',(17.003549381863,-20.6397781144,-9.95));
#865 = CARTESIAN_POINT('',(17.381165347822,-19.72684561006,-9.95));
#866 = CARTESIAN_POINT('',(17.600609639006,-19.07157392278,-9.95));
#867 = CARTESIAN_POINT('',(17.790196278134,-18.39744358609,-9.95));
#868 = CARTESIAN_POINT('',(17.95507841605,-17.71021733733,-9.95));
#869 = CARTESIAN_POINT('',(18.099610679836,-17.0139194893,-9.95));
#870 = CARTESIAN_POINT('',(18.226873996718,-16.31049324911,-9.95));
#871 = CARTESIAN_POINT('',(18.497243614455,-14.60453452643,-9.95));
#872 = CARTESIAN_POINT('',(18.625819626341,-13.59742323118,-9.95));
#873 = CARTESIAN_POINT('',(18.73185550306,-12.58288179346,-9.95));
#874 = CARTESIAN_POINT('',(18.819211084888,-11.56330534854,-9.95));
#875 = CARTESIAN_POINT('',(18.890998675301,-10.54043161427,-9.95));
#876 = CARTESIAN_POINT('',(18.949533194009,-9.515320173072,-9.95));
#877 = CARTESIAN_POINT('',(19.02626265783,-7.847719430715,-9.95));
#878 = CARTESIAN_POINT('',(19.051344733344,-7.206350138298,-9.95));
#879 = CARTESIAN_POINT('',(19.072493215203,-6.564683411344,-9.95));
#880 = CARTESIAN_POINT('',(19.090120277517,-5.922929709435,-9.95));
#881 = CARTESIAN_POINT('',(19.104596334519,-5.281289895198,-9.95));
#882 = CARTESIAN_POINT('',(19.11626683798,-4.639963987375,-9.95));
#883 = CARTESIAN_POINT('',(19.133703800099,-3.425729146372,-9.95));
#884 = CARTESIAN_POINT('',(19.139961379719,-2.852722853992,-9.95));
#885 = CARTESIAN_POINT('',(19.144483906139,-2.280291002223,-9.95));
#886 = CARTESIAN_POINT('',(19.147504786772,-1.708596858157,-9.95));
#887 = CARTESIAN_POINT('',(19.149260108106,-1.137827806344,-9.95));
#888 = CARTESIAN_POINT('',(19.15,-0.568206164631,-9.95));
#889 = CARTESIAN_POINT('',(19.15,-4.440892098501E-15,-9.95));
#890 = PCURVE('',#84,#891);
#891 = DEFINITIONAL_REPRESENTATION('',(#892),#925);
#892 = B_SPLINE_CURVE_WITH_KNOTS('',7,(#893,#894,#895,#896,#897,#898,
    #899,#900,#901,#902,#903,#904,#905,#906,#907,#908,#909,#910,#911,
    #912,#913,#914,#915,#916,#917,#918,#919,#920,#921,#922,#923,#924),
  .UNSPECIFIED.,.F.,.F.,(8,6,6,6,6,8),(0.,0.101213047601,0.322554836777,
    0.63293030701,0.826648809046,1.),.UNSPECIFIED.);
#893 = CARTESIAN_POINT('',(44.108607252089,27.407654738794));
#894 = CARTESIAN_POINT('',(43.84697142429,27.53156361851));
#895 = CARTESIAN_POINT('',(43.572908980505,27.638586508528));
#896 = CARTESIAN_POINT('',(43.289051685141,27.730549836057));
#897 = CARTESIAN_POINT('',(42.997550979816,27.809128289454));
#898 = CARTESIAN_POINT('',(42.700068445237,27.875826642162));
#899 = CARTESIAN_POINT('',(42.397766263065,27.931961576647));
#900 = CARTESIAN_POINT('',(41.421084631157,28.08073175217));
#901 = CARTESIAN_POINT('',(40.732372530018,28.137409991549));
#902 = CARTESIAN_POINT('',(40.032474393669,28.160591952621));
#903 = CARTESIAN_POINT('',(39.325756234799,28.156657450321));
#904 = CARTESIAN_POINT('',(38.615086517247,28.130795876292));
#905 = CARTESIAN_POINT('',(37.901616812544,28.086462957597));
#906 = CARTESIAN_POINT('',(36.180436354202,27.94178150233));
#907 = CARTESIAN_POINT('',(35.171747731232,27.826229722836));
#908 = CARTESIAN_POINT('',(34.161224396132,27.687015767999));
#909 = CARTESIAN_POINT('',(33.150270846629,27.528459640837));
#910 = CARTESIAN_POINT('',(32.139831615721,27.353998484592));
#911 = CARTESIAN_POINT('',(31.13038305174,27.166133231176));
#912 = CARTESIAN_POINT('',(29.492676094285,26.842566285964));
#913 = CARTESIAN_POINT('',(28.863861281884,26.71381997933));
#914 = CARTESIAN_POINT('',(28.23569663414,26.58118279718));
#915 = CARTESIAN_POINT('',(27.608288134908,26.445105237191));
#916 = CARTESIAN_POINT('',(26.981742417171,26.305994953513));
#917 = CARTESIAN_POINT('',(26.356171253285,26.16423515805));
#918 = CARTESIAN_POINT('',(25.172877347507,25.891314236714));
#919 = CARTESIAN_POINT('',(24.614942824041,25.760606792643));
#920 = CARTESIAN_POINT('',(24.057980314143,25.628351582036));
#921 = CARTESIAN_POINT('',(23.502092647463,25.494814238527));
#922 = CARTESIAN_POINT('',(22.947405434347,25.360268754523));
#923 = CARTESIAN_POINT('',(22.394074856184,25.22501109885));
#924 = CARTESIAN_POINT('',(21.84229545575,25.089372834404));
#925 = ( GEOMETRIC_REPRESENTATION_CONTEXT(2) 
PARAMETRIC_REPRESENTATION_CONTEXT() REPRESENTATION_CONTEXT('2D SPACE',''
  ) );
#926 = PCURVE('',#927,#935);
#927 = SURFACE_OF_LINEAR_EXTRUSION('',#928,#933);
#928 = B_SPLINE_CURVE_WITH_KNOTS('',3,(#929,#930,#931,#932),
  .UNSPECIFIED.,.F.,.F.,(4,4),(0.,1.),.PIECEWISE_BEZIER_KNOTS.);
#929 = CARTESIAN_POINT('',(19.15,0.,-12.));
#930 = CARTESIAN_POINT('',(19.15,-8.064,-12.));
#931 = CARTESIAN_POINT('',(18.9585,-18.648,-12.));
#932 = CARTESIAN_POINT('',(16.086,-22.176,-12.));
#933 = VECTOR('',#934,1.);
#934 = DIRECTION('',(-0.,-0.,-1.));
#935 = DEFINITIONAL_REPRESENTATION('',(#936),#969);
#936 = B_SPLINE_CURVE_WITH_KNOTS('',7,(#937,#938,#939,#940,#941,#942,
    #943,#944,#945,#946,#947,#948,#949,#950,#951,#952,#953,#954,#955,
    #956,#957,#958,#959,#960,#961,#962,#963,#964,#965,#966,#967,#968),
  .UNSPECIFIED.,.F.,.F.,(8,6,6,6,6,8),(0.,0.101213047601,0.322554836777,
    0.63293030701,0.826648809046,1.),.UNSPECIFIED.);
#937 = CARTESIAN_POINT('',(1.,-2.05));
#938 = CARTESIAN_POINT('',(0.97878937111,-2.05));
#939 = CARTESIAN_POINT('',(0.958157492158,-2.05));
#940 = CARTESIAN_POINT('',(0.938095142164,-2.05));
#941 = CARTESIAN_POINT('',(0.918582745487,-2.05));
#942 = CARTESIAN_POINT('',(0.89959064806,-2.05));
#943 = CARTESIAN_POINT('',(0.881079393629,-2.05));
#944 = CARTESIAN_POINT('',(0.823462357097,-2.05));
#945 = CARTESIAN_POINT('',(0.786073072552,-2.05));
#946 = CARTESIAN_POINT('',(0.750322993111,-2.05));
#947 = CARTESIAN_POINT('',(0.715961663687,-2.05));
#948 = CARTESIAN_POINT('',(0.682753057355,-2.05));
#949 = CARTESIAN_POINT('',(0.65050093621,-2.05));
#950 = CARTESIAN_POINT('',(0.574827962152,-2.05));
#951 = CARTESIAN_POINT('',(0.532218754321,-2.05));
#952 = CARTESIAN_POINT('',(0.490724053973,-2.05));
#953 = CARTESIAN_POINT('',(0.450075852649,-2.05));
#954 = CARTESIAN_POINT('',(0.410039891062,-2.05));
#955 = CARTESIAN_POINT('',(0.3704160151,-2.05));
#956 = CARTESIAN_POINT('',(0.306398792322,-2.05));
#957 = CARTESIAN_POINT('',(0.281883051895,-2.05));
#958 = CARTESIAN_POINT('',(0.257406570829,-2.05));
#959 = CARTESIAN_POINT('',(0.232925322674,-2.05));
#960 = CARTESIAN_POINT('',(0.208395298956,-2.05));
#961 = CARTESIAN_POINT('',(0.183770345708,-2.05));
#962 = CARTESIAN_POINT('',(0.136833976189,-2.05));
#963 = CARTESIAN_POINT('',(0.114551881856,-2.05));
#964 = CARTESIAN_POINT('',(9.211704218367E-02,-2.05));
#965 = CARTESIAN_POINT('',(6.949106386326E-02,-2.05));
#966 = CARTESIAN_POINT('',(4.663114049526E-02,-2.05));
#967 = CARTESIAN_POINT('',(2.348735799566E-02,-2.05));
#968 = CARTESIAN_POINT('',(0.,-2.05));
#969 = ( GEOMETRIC_REPRESENTATION_CONTEXT(2) 
PARAMETRIC_REPRESENTATION_CONTEXT() REPRESENTATION_CONTEXT('2D SPACE',''
  ) );
#970 = ORIENTED_EDGE('',*,*,#971,.F.);
#971 = EDGE_CURVE('',#972,#854,#974,.T.);
#972 = VERTEX_POINT('',#973);
#973 = CARTESIAN_POINT('',(0.,-25.2,-9.95));
#974 = SURFACE_CURVE('',#975,(#1002,#1032),.PCURVE_S1.);
#975 = B_SPLINE_CURVE_WITH_KNOTS('',7,(#976,#977,#978,#979,#980,#981,
    #982,#983,#984,#985,#986,#987,#988,#989,#990,#991,#992,#993,#994,
    #995,#996,#997,#998,#999,#1000,#1001),.UNSPECIFIED.,.F.,.F.,(8,6,6,6
    ,8),(0.,0.211630082334,0.574790808092,0.832152651137,1.),
  .UNSPECIFIED.);
#976 = CARTESIAN_POINT('',(-4.440892098501E-15,-25.2,-9.95));
#977 = CARTESIAN_POINT('',(0.511918339669,-25.2,-9.95));
#978 = CARTESIAN_POINT('',(1.027685413798,-25.19922149183,-9.95));
#979 = CARTESIAN_POINT('',(1.546374234632,-25.19705023407,-9.95));
#980 = CARTESIAN_POINT('',(2.067299599582,-25.19297666789,-9.95));
#981 = CARTESIAN_POINT('',(2.58991523512,-25.18653262895,-9.95));
#982 = CARTESIAN_POINT('',(3.113757073304,-25.17725004205,-9.95));
#983 = CARTESIAN_POINT('',(4.538784657648,-25.1430053013,-9.95));
#984 = CARTESIAN_POINT('',(5.441249969696,-25.11158426787,-9.95));
#985 = CARTESIAN_POINT('',(6.344089197822,-25.06790469887,-9.95));
#986 = CARTESIAN_POINT('',(7.245508008212,-25.00933816524,-9.95));
#987 = CARTESIAN_POINT('',(8.143141487291,-24.93252822401,-9.95));
#988 = CARTESIAN_POINT('',(9.034040015768,-24.83339934785,-9.95));
#989 = CARTESIAN_POINT('',(10.537090332022,-24.61423571033,-9.95));
#990 = CARTESIAN_POINT('',(11.153940918064,-24.50883695334,-9.95));
#991 = CARTESIAN_POINT('',(11.76352982505,-24.38643619917,-9.95));
#992 = CARTESIAN_POINT('',(12.363600097673,-24.24397579545,-9.95));
#993 = CARTESIAN_POINT('',(12.949939208567,-24.07735026283,-9.95));
#994 = CARTESIAN_POINT('',(13.516520236358,-23.88159468614,-9.95));
#995 = CARTESIAN_POINT('',(14.404084391434,-23.49628054696,-9.95));
#996 = CARTESIAN_POINT('',(14.74139526013,-23.32848499558,-9.95));
#997 = CARTESIAN_POINT('',(15.06323540849,-23.14269493259,-9.95));
#998 = CARTESIAN_POINT('',(15.365208195344,-22.93649283338,-9.95));
#999 = CARTESIAN_POINT('',(15.641260115754,-22.70760780992,-9.95));
#1000 = CARTESIAN_POINT('',(15.883854928333,-22.45409941499,-9.95));
#1001 = CARTESIAN_POINT('',(16.086,-22.176,-9.95));
#1002 = PCURVE('',#84,#1003);
#1003 = DEFINITIONAL_REPRESENTATION('',(#1004),#1031);
#1004 = B_SPLINE_CURVE_WITH_KNOTS('',7,(#1005,#1006,#1007,#1008,#1009,
    #1010,#1011,#1012,#1013,#1014,#1015,#1016,#1017,#1018,#1019,#1020,
    #1021,#1022,#1023,#1024,#1025,#1026,#1027,#1028,#1029,#1030),
  .UNSPECIFIED.,.F.,.F.,(8,6,6,6,8),(0.,0.211630082334,0.574790808092,
    0.832152651137,1.),.UNSPECIFIED.);
#1005 = CARTESIAN_POINT('',(50.88512301075,12.508567311283));
#1006 = CARTESIAN_POINT('',(50.762921388428,13.005686160243));
#1007 = CARTESIAN_POINT('',(50.639045021115,13.506356637155));
#1008 = CARTESIAN_POINT('',(50.51311870914,14.009531925868));
#1009 = CARTESIAN_POINT('',(50.384811191818,14.514424994536));
#1010 = CARTESIAN_POINT('',(50.253798242021,15.020393605352));
#1011 = CARTESIAN_POINT('',(50.119736095652,15.526875370831));
#1012 = CARTESIAN_POINT('',(49.746308589841,16.902530929579));
#1013 = CARTESIAN_POINT('',(49.500365626994,17.771405477381));
#1014 = CARTESIAN_POINT('',(49.242429262534,18.637716858168));
#1015 = CARTESIAN_POINT('',(48.970375385933,19.499095171578));
#1016 = CARTESIAN_POINT('',(48.681509124447,20.352442646415));
#1017 = CARTESIAN_POINT('',(48.372576886504,21.193922054654));
#1018 = CARTESIAN_POINT('',(47.800951414981,22.601202152398));
#1019 = CARTESIAN_POINT('',(47.55134939607,23.17505960476));
#1020 = CARTESIAN_POINT('',(47.286970363483,23.737806712498));
#1021 = CARTESIAN_POINT('',(47.005383825998,24.286521866856));
#1022 = CARTESIAN_POINT('',(46.703608578673,24.816134292302));
#1023 = CARTESIAN_POINT('',(46.378261946542,25.319606114573));
#1024 = CARTESIAN_POINT('',(45.792213981913,26.089531369633));
#1025 = CARTESIAN_POINT('',(45.54874884873,26.377035627217));
#1026 = CARTESIAN_POINT('',(45.291502486734,26.645220894973));
#1027 = CARTESIAN_POINT('',(45.019176797539,26.889240543204));
#1028 = CARTESIAN_POINT('',(44.731011595214,27.10267398223));
#1029 = CARTESIAN_POINT('',(44.426921530275,27.27773963219));
#1030 = CARTESIAN_POINT('',(44.108607252089,27.407654738794));
#1031 = ( GEOMETRIC_REPRESENTATION_CONTEXT(2) 
PARAMETRIC_REPRESENTATION_CONTEXT() REPRESENTATION_CONTEXT('2D SPACE',''
  ) );
#1032 = PCURVE('',#1033,#1041);
#1033 = SURFACE_OF_LINEAR_EXTRUSION('',#1034,#1039);
#1034 = B_SPLINE_CURVE_WITH_KNOTS('',3,(#1035,#1036,#1037,#1038),
  .UNSPECIFIED.,.F.,.F.,(4,4),(0.,1.),.PIECEWISE_BEZIER_KNOTS.);
#1035 = CARTESIAN_POINT('',(16.086,-22.176,-12.));
#1036 = CARTESIAN_POINT('',(13.9795,-25.074,-12.));
#1037 = CARTESIAN_POINT('',(5.745,-25.2,-12.));
#1038 = CARTESIAN_POINT('',(0.,-25.2,-12.));
#1039 = VECTOR('',#1040,1.);
#1040 = DIRECTION('',(-0.,-0.,-1.));
#1041 = DEFINITIONAL_REPRESENTATION('',(#1042),#1069);
#1042 = B_SPLINE_CURVE_WITH_KNOTS('',7,(#1043,#1044,#1045,#1046,#1047,
    #1048,#1049,#1050,#1051,#1052,#1053,#1054,#1055,#1056,#1057,#1058,
    #1059,#1060,#1061,#1062,#1063,#1064,#1065,#1066,#1067,#1068),
  .UNSPECIFIED.,.F.,.F.,(8,6,6,6,8),(0.,0.211630082334,0.574790808092,
    0.832152651137,1.),.UNSPECIFIED.);
#1043 = CARTESIAN_POINT('',(1.,-2.05));
#1044 = CARTESIAN_POINT('',(0.970297746465,-2.05));
#1045 = CARTESIAN_POINT('',(0.941264060395,-2.05));
#1046 = CARTESIAN_POINT('',(0.912752882105,-2.05));
#1047 = CARTESIAN_POINT('',(0.884655961637,-2.05));
#1048 = CARTESIAN_POINT('',(0.856884105038,-2.05));
#1049 = CARTESIAN_POINT('',(0.829356768448,-2.05));
#1050 = CARTESIAN_POINT('',(0.755055332331,-2.05));
#1051 = CARTESIAN_POINT('',(0.708630565915,-2.05));
#1052 = CARTESIAN_POINT('',(0.662335090111,-2.05));
#1053 = CARTESIAN_POINT('',(0.615860871371,-2.05));
#1054 = CARTESIAN_POINT('',(0.568892824171,-2.05));
#1055 = CARTESIAN_POINT('',(0.521103311861,-2.05));
#1056 = CARTESIAN_POINT('',(0.437201857073,-2.05));
#1057 = CARTESIAN_POINT('',(0.401794067675,-2.05));
#1058 = CARTESIAN_POINT('',(0.365554957923,-2.05));
#1059 = CARTESIAN_POINT('',(0.328286490422,-2.05));
#1060 = CARTESIAN_POINT('',(0.289777590609,-2.05));
#1061 = CARTESIAN_POINT('',(0.249809984123,-2.05));
#1062 = CARTESIAN_POINT('',(0.180732185518,-2.05));
#1063 = CARTESIAN_POINT('',(0.152723445573,-2.05));
#1064 = CARTESIAN_POINT('',(0.123858118431,-2.05));
#1065 = CARTESIAN_POINT('',(9.408639691231E-02,-2.05));
#1066 = CARTESIAN_POINT('',(6.343023922587E-02,-2.05));
#1067 = CARTESIAN_POINT('',(3.198751035163E-02,-2.05));
#1068 = CARTESIAN_POINT('',(0.,-2.05));
#1069 = ( GEOMETRIC_REPRESENTATION_CONTEXT(2) 
PARAMETRIC_REPRESENTATION_CONTEXT() REPRESENTATION_CONTEXT('2D SPACE',''
  ) );
#1070 = ORIENTED_EDGE('',*,*,#1071,.F.);
#1071 = EDGE_CURVE('',#1072,#972,#1074,.T.);
#1072 = VERTEX_POINT('',#1073);
#1073 = CARTESIAN_POINT('',(-16.086,-22.176,-9.95));
#1074 = SURFACE_CURVE('',#1075,(#1108,#1144),.PCURVE_S1.);
#1075 = B_SPLINE_CURVE_WITH_KNOTS('',7,(#1076,#1077,#1078,#1079,#1080,
    #1081,#1082,#1083,#1084,#1085,#1086,#1087,#1088,#1089,#1090,#1091,
    #1092,#1093,#1094,#1095,#1096,#1097,#1098,#1099,#1100,#1101,#1102,
    #1103,#1104,#1105,#1106,#1107),.UNSPECIFIED.,.F.,.F.,(8,6,6,6,6,8),(
    0.,0.140086387241,0.389584850317,0.701684866195,0.7883668287,1.),
  .UNSPECIFIED.);
#1076 = CARTESIAN_POINT('',(-16.086,-22.176,-9.95));
#1077 = CARTESIAN_POINT('',(-15.91733767353,-22.40803580445,-9.95));
#1078 = CARTESIAN_POINT('',(-15.72040789951,-22.62309520345,-9.95));
#1079 = CARTESIAN_POINT('',(-15.4993168208,-22.82100315442,-9.95));
#1080 = CARTESIAN_POINT('',(-15.25845714089,-23.00262377007,-9.95));
#1081 = CARTESIAN_POINT('',(-15.0016976828,-23.16923772063,-9.95));
#1082 = CARTESIAN_POINT('',(-14.73197483663,-23.32221356107,-9.95));
#1083 = CARTESIAN_POINT('',(-13.95136966006,-23.71367014381,-9.95));
#1084 = CARTESIAN_POINT('',(-13.41773477766,-23.92507413902,-9.95));
#1085 = CARTESIAN_POINT('',(-12.86131913679,-24.1056752803,-9.95));
#1086 = CARTESIAN_POINT('',(-12.28911015536,-24.26069939386,-9.95));
#1087 = CARTESIAN_POINT('',(-11.7059633853,-24.3944950636,-9.95));
#1088 = CARTESIAN_POINT('',(-11.11445285554,-24.51034497763,-9.95));
#1089 = CARTESIAN_POINT('',(-9.765830540873,-24.73676293272,-9.95));
#1090 = CARTESIAN_POINT('',(-9.005994126759,-24.83844889031,-9.95));
#1091 = CARTESIAN_POINT('',(-8.239348036524,-24.92100453067,-9.95));
#1092 = CARTESIAN_POINT('',(-7.468319177899,-24.98770258394,-9.95));
#1093 = CARTESIAN_POINT('',(-6.694673986617,-25.04101284886,-9.95));
#1094 = CARTESIAN_POINT('',(-5.919770671409,-25.0830559603,-9.95));
#1095 = CARTESIAN_POINT('',(-4.929307324076,-25.12460605503,-9.95));
#1096 = CARTESIAN_POINT('',(-4.714009512671,-25.13290292271,-9.95));
#1097 = CARTESIAN_POINT('',(-4.498735200836,-25.14050259919,-9.95));
#1098 = CARTESIAN_POINT('',(-4.283512150074,-25.14744152701,-9.95));
#1099 = CARTESIAN_POINT('',(-4.068368420668,-25.15375503904,-9.95));
#1100 = CARTESIAN_POINT('',(-3.853332371678,-25.15947735846,-9.95));
#1101 = CARTESIAN_POINT('',(-3.113757100069,-25.1772500414,-9.95));
#1102 = CARTESIAN_POINT('',(-2.589915237817,-25.18653262904,-9.95));
#1103 = CARTESIAN_POINT('',(-2.067299572762,-25.19297666837,-9.95));
#1104 = CARTESIAN_POINT('',(-1.54637420251,-25.19705023435,-9.95));
#1105 = CARTESIAN_POINT('',(-1.027685404617,-25.19922149182,-9.95));
#1106 = CARTESIAN_POINT('',(-0.511918357309,-25.2,-9.95));
#1107 = CARTESIAN_POINT('',(-4.440892098501E-15,-25.2,-9.95));
#1108 = PCURVE('',#84,#1109);
#1109 = DEFINITIONAL_REPRESENTATION('',(#1110),#1143);
#1110 = B_SPLINE_CURVE_WITH_KNOTS('',7,(#1111,#1112,#1113,#1114,#1115,
    #1116,#1117,#1118,#1119,#1120,#1121,#1122,#1123,#1124,#1125,#1126,
    #1127,#1128,#1129,#1130,#1131,#1132,#1133,#1134,#1135,#1136,#1137,
    #1138,#1139,#1140,#1141,#1142),.UNSPECIFIED.,.F.,.F.,(8,6,6,6,6,8),(
    0.,0.140086387241,0.389584850317,0.701684866195,0.7883668287,1.),
  .UNSPECIFIED.);
#1111 = CARTESIAN_POINT('',(51.78848564023,-3.834257045592));
#1112 = CARTESIAN_POINT('',(51.973551411018,-3.61508073437));
#1113 = CARTESIAN_POINT('',(52.13538375145,-3.372506674373));
#1114 = CARTESIAN_POINT('',(52.274792869575,-3.110564085384));
#1115 = CARTESIAN_POINT('',(52.393666492667,-2.833312403388));
#1116 = CARTESIAN_POINT('',(52.494171805748,-2.544202891474));
#1117 = CARTESIAN_POINT('',(52.578338753869,-2.245760357057));
#1118 = CARTESIAN_POINT('',(52.772137684618,-1.39427655081));
#1119 = CARTESIAN_POINT('',(52.850044372699,-0.8256040749));
#1120 = CARTESIAN_POINT('',(52.892600647378,-0.242162474462));
#1121 = CARTESIAN_POINT('',(52.906549245228,0.350510311176));
#1122 = CARTESIAN_POINT('',(52.897272117124,0.948737167448));
#1123 = CARTESIAN_POINT('',(52.868571503568,1.550802100971));
#1124 = CARTESIAN_POINT('',(52.766509909977,2.91448486068));
#1125 = CARTESIAN_POINT('',(52.683873221601,3.676628277577));
#1126 = CARTESIAN_POINT('',(52.581033711895,4.440817846122));
#1127 = CARTESIAN_POINT('',(52.461748831513,5.20547806377));
#1128 = CARTESIAN_POINT('',(52.328838649037,5.969483135568));
#1129 = CARTESIAN_POINT('',(52.184686714287,6.732020341774));
#1130 = CARTESIAN_POINT('',(51.988599008788,7.703768078861));
#1131 = CARTESIAN_POINT('',(51.945261603574,7.914822230486));
#1132 = CARTESIAN_POINT('',(51.901252772514,8.125687133227));
#1133 = CARTESIAN_POINT('',(51.856614531644,8.336344527473));
#1134 = CARTESIAN_POINT('',(51.811387890718,8.54677559858));
#1135 = CARTESIAN_POINT('',(51.765612853207,8.756960976867));
#1136 = CARTESIAN_POINT('',(51.606325412195,9.479397798859));
#1137 = CARTESIAN_POINT('',(51.490291717909,9.990311338386));
#1138 = CARTESIAN_POINT('',(51.371794246717,10.499356531198));
#1139 = CARTESIAN_POINT('',(51.251398327791,11.006194432323));
#1140 = CARTESIAN_POINT('',(51.129688994992,11.510406314103));
#1141 = CARTESIAN_POINT('',(51.007324637282,12.011448445193));
#1142 = CARTESIAN_POINT('',(50.88512301075,12.508567311283));
#1143 = ( GEOMETRIC_REPRESENTATION_CONTEXT(2) 
PARAMETRIC_REPRESENTATION_CONTEXT() REPRESENTATION_CONTEXT('2D SPACE',''
  ) );
#1144 = PCURVE('',#1145,#1153);
#1145 = SURFACE_OF_LINEAR_EXTRUSION('',#1146,#1151);
#1146 = B_SPLINE_CURVE_WITH_KNOTS('',3,(#1147,#1148,#1149,#1150),
  .UNSPECIFIED.,.F.,.F.,(4,4),(0.,1.),.PIECEWISE_BEZIER_KNOTS.);
#1147 = CARTESIAN_POINT('',(0.,-25.2,-12.));
#1148 = CARTESIAN_POINT('',(-5.745,-25.2,-12.));
#1149 = CARTESIAN_POINT('',(-13.9795,-25.074,-12.));
#1150 = CARTESIAN_POINT('',(-16.086,-22.176,-12.));
#1151 = VECTOR('',#1152,1.);
#1152 = DIRECTION('',(-0.,-0.,-1.));
#1153 = DEFINITIONAL_REPRESENTATION('',(#1154),#1187);
#1154 = B_SPLINE_CURVE_WITH_KNOTS('',7,(#1155,#1156,#1157,#1158,#1159,
    #1160,#1161,#1162,#1163,#1164,#1165,#1166,#1167,#1168,#1169,#1170,
    #1171,#1172,#1173,#1174,#1175,#1176,#1177,#1178,#1179,#1180,#1181,
    #1182,#1183,#1184,#1185,#1186),.UNSPECIFIED.,.F.,.F.,(8,6,6,6,6,8),(
    0.,0.140086387241,0.389584850317,0.701684866195,0.7883668287,1.),
  .UNSPECIFIED.);
#1155 = CARTESIAN_POINT('',(1.,-2.05));
#1156 = CARTESIAN_POINT('',(0.973310811542,-2.05));
#1157 = CARTESIAN_POINT('',(0.946984298919,-2.05));
#1158 = CARTESIAN_POINT('',(0.921176086573,-2.05));
#1159 = CARTESIAN_POINT('',(0.895965936586,-2.05));
#1160 = CARTESIAN_POINT('',(0.87138157251,-2.05));
#1161 = CARTESIAN_POINT('',(0.847410525101,-2.05));
#1162 = CARTESIAN_POINT('',(0.782305084831,-2.05));
#1163 = CARTESIAN_POINT('',(0.742477795144,-2.05));
#1164 = CARTESIAN_POINT('',(0.704168469885,-2.05));
#1165 = CARTESIAN_POINT('',(0.667173279231,-2.05));
#1166 = CARTESIAN_POINT('',(0.631286842501,-2.05));
#1167 = CARTESIAN_POINT('',(0.596306994828,-2.05));
#1168 = CARTESIAN_POINT('',(0.519085051754,-2.05));
#1169 = CARTESIAN_POINT('',(0.47731354118,-2.05));
#1170 = CARTESIAN_POINT('',(0.436344249324,-2.05));
#1171 = CARTESIAN_POINT('',(0.395936767798,-2.05));
#1172 = CARTESIAN_POINT('',(0.355885555982,-2.05));
#1173 = CARTESIAN_POINT('',(0.315981360932,-2.05));
#1174 = CARTESIAN_POINT('',(0.264895665963,-2.05));
#1175 = CARTESIAN_POINT('',(0.253786149858,-2.05));
#1176 = CARTESIAN_POINT('',(0.242666974075,-2.05));
#1177 = CARTESIAN_POINT('',(0.231533543232,-2.05));
#1178 = CARTESIAN_POINT('',(0.22038114418,-2.05));
#1179 = CARTESIAN_POINT('',(0.209204945999,-2.05));
#1180 = CARTESIAN_POINT('',(0.170643232947,-2.05));
#1181 = CARTESIAN_POINT('',(0.143115895191,-2.05));
#1182 = CARTESIAN_POINT('',(0.115344036951,-2.05));
#1183 = CARTESIAN_POINT('',(8.724711605179E-02,-2.05));
#1184 = CARTESIAN_POINT('',(5.873593899097E-02,-2.05));
#1185 = CARTESIAN_POINT('',(2.97022545581E-02,-2.05));
#1186 = CARTESIAN_POINT('',(0.,-2.05));
#1187 = ( GEOMETRIC_REPRESENTATION_CONTEXT(2) 
PARAMETRIC_REPRESENTATION_CONTEXT() REPRESENTATION_CONTEXT('2D SPACE',''
  ) );
#1188 = ORIENTED_EDGE('',*,*,#1189,.F.);
#1189 = EDGE_CURVE('',#1190,#1072,#1192,.T.);
#1190 = VERTEX_POINT('',#1191);
#1191 = CARTESIAN_POINT('',(-19.15,0.,-9.95));
#1192 = SURFACE_CURVE('',#1193,(#1226,#1262),.PCURVE_S1.);
#1193 = B_SPLINE_CURVE_WITH_KNOTS('',7,(#1194,#1195,#1196,#1197,#1198,
    #1199,#1200,#1201,#1202,#1203,#1204,#1205,#1206,#1207,#1208,#1209,
    #1210,#1211,#1212,#1213,#1214,#1215,#1216,#1217,#1218,#1219,#1220,
    #1221,#1222,#1223,#1224,#1225),.UNSPECIFIED.,.F.,.F.,(8,6,6,6,6,8),(
    0.,0.173347235535,0.560039702019,0.820401951056,0.979205991283,1.),
  .UNSPECIFIED.);
#1194 = CARTESIAN_POINT('',(-19.15,0.,-9.95));
#1195 = CARTESIAN_POINT('',(-19.15,-0.568206164631,-9.95));
#1196 = CARTESIAN_POINT('',(-19.1492601081,-1.137827806344,-9.95));
#1197 = CARTESIAN_POINT('',(-19.14750478677,-1.708596858157,-9.95));
#1198 = CARTESIAN_POINT('',(-19.14448390613,-2.280291002223,-9.95));
#1199 = CARTESIAN_POINT('',(-19.13996137971,-2.852722853992,-9.95));
#1200 = CARTESIAN_POINT('',(-19.13370380009,-3.425729146372,-9.95));
#1201 = CARTESIAN_POINT('',(-19.10709955005,-5.278334382221,-9.95));
#1202 = CARTESIAN_POINT('',(-19.07889819635,-6.559370085165,-9.95));
#1203 = CARTESIAN_POINT('',(-19.03817951286,-7.840893186599,-9.95));
#1204 = CARTESIAN_POINT('',(-18.98214628533,-9.121497333256,-9.95));
#1205 = CARTESIAN_POINT('',(-18.90722934307,-10.39932703047,-9.95));
#1206 = CARTESIAN_POINT('',(-18.80910810162,-11.67207449132,-9.95));
#1207 = CARTESIAN_POINT('',(-18.59371014239,-13.78729773403,-9.95));
#1208 = CARTESIAN_POINT('',(-18.49323747886,-14.63380778747,-9.95));
#1209 = CARTESIAN_POINT('',(-18.37664459385,-15.47526248478,-9.95));
#1210 = CARTESIAN_POINT('',(-18.24111816569,-16.31018374768,-9.95));
#1211 = CARTESIAN_POINT('',(-18.08263543444,-17.13564211791,-9.95));
#1212 = CARTESIAN_POINT('',(-17.89633532445,-17.94747285249,-9.95));
#1213 = CARTESIAN_POINT('',(-17.53652246112,-19.22082055185,-9.95));
#1214 = CARTESIAN_POINT('',(-17.38661077459,-19.69457255111,-9.95));
#1215 = CARTESIAN_POINT('',(-17.22087186074,-20.15881714566,-9.95));
#1216 = CARTESIAN_POINT('',(-17.03660316418,-20.61090494069,-9.95));
#1217 = CARTESIAN_POINT('',(-16.83070113108,-21.04644941198,-9.95));
#1218 = CARTESIAN_POINT('',(-16.59935322335,-21.45905263931,-9.95));
#1219 = CARTESIAN_POINT('',(-16.30304693223,-21.88952815908,-9.95));
#1220 = CARTESIAN_POINT('',(-16.26822201945,-21.93881019534,-9.95));
#1221 = CARTESIAN_POINT('',(-16.2328692542,-21.9875106673,-9.95));
#1222 = CARTESIAN_POINT('',(-16.1969794214,-22.03560560882,-9.95));
#1223 = CARTESIAN_POINT('',(-16.16054361485,-22.08306988115,-9.95));
#1224 = CARTESIAN_POINT('',(-16.1235532372,-22.12987717289,-9.95));
#1225 = CARTESIAN_POINT('',(-16.086,-22.176,-9.95));
#1226 = PCURVE('',#84,#1227);
#1227 = DEFINITIONAL_REPRESENTATION('',(#1228),#1261);
#1228 = B_SPLINE_CURVE_WITH_KNOTS('',7,(#1229,#1230,#1231,#1232,#1233,
    #1234,#1235,#1236,#1237,#1238,#1239,#1240,#1241,#1242,#1243,#1244,
    #1245,#1246,#1247,#1248,#1249,#1250,#1251,#1252,#1253,#1254,#1255,
    #1256,#1257,#1258,#1259,#1260),.UNSPECIFIED.,.F.,.F.,(8,6,6,6,6,8),(
    0.,0.173347235535,0.560039702019,0.820401951056,0.979205991283,1.),
  .UNSPECIFIED.);
#1229 = CARTESIAN_POINT('',(30.985007822585,-12.10337928986));
#1230 = CARTESIAN_POINT('',(31.536787223018,-11.96774102542));
#1231 = CARTESIAN_POINT('',(32.089764557381,-11.8310463663));
#1232 = CARTESIAN_POINT('',(32.643613734045,-11.69309173184));
#1233 = CARTESIAN_POINT('',(33.198059153063,-11.55368729358));
#1234 = CARTESIAN_POINT('',(33.752862490208,-11.4126485214));
#1235 = CARTESIAN_POINT('',(34.307809481006,-11.26978772967));
#1236 = CARTESIAN_POINT('',(36.10050536391,-10.8017114352));
#1237 = CARTESIAN_POINT('',(37.337774463039,-10.4685253537));
#1238 = CARTESIAN_POINT('',(38.572528819228,-10.12306746833));
#1239 = CARTESIAN_POINT('',(39.802735004963,-9.762957146899));
#1240 = CARTESIAN_POINT('',(41.025739159828,-9.385171333877));
#1241 = CARTESIAN_POINT('',(42.238268834513,-8.986065251331));
#1242 = CARTESIAN_POINT('',(44.240922938116,-8.271962885655));
#1243 = CARTESIAN_POINT('',(45.038976356519,-7.972321820273));
#1244 = CARTESIAN_POINT('',(45.828272460155,-7.658233346666));
#1245 = CARTESIAN_POINT('',(46.606704324993,-7.327318312611));
#1246 = CARTESIAN_POINT('',(47.370466897481,-6.976369555713));
#1247 = CARTESIAN_POINT('',(48.114355434249,-6.60166071215));
#1248 = CARTESIAN_POINT('',(49.264998771979,-5.948285192701));
#1249 = CARTESIAN_POINT('',(49.689268778419,-5.689616616718));
#1250 = CARTESIAN_POINT('',(50.100528071176,-5.417847918643));
#1251 = CARTESIAN_POINT('',(50.495558713685,-5.13098711891));
#1252 = CARTESIAN_POINT('',(50.869360136545,-4.827067507862));
#1253 = CARTESIAN_POINT('',(51.214809279698,-4.503914034872));
#1254 = CARTESIAN_POINT('',(51.562107611557,-4.113413766023));
#1255 = CARTESIAN_POINT('',(51.601651747277,-4.067831368344));
#1256 = CARTESIAN_POINT('',(51.640505126329,-4.021875205369));
#1257 = CARTESIAN_POINT('',(51.678642275687,-3.975542049451));
#1258 = CARTESIAN_POINT('',(51.716036657318,-3.928829252809));
#1259 = CARTESIAN_POINT('',(51.752660668181,-3.881734747536));
#1260 = CARTESIAN_POINT('',(51.78848564023,-3.834257045592));
#1261 = ( GEOMETRIC_REPRESENTATION_CONTEXT(2) 
PARAMETRIC_REPRESENTATION_CONTEXT() REPRESENTATION_CONTEXT('2D SPACE',''
  ) );
#1262 = PCURVE('',#1263,#1271);
#1263 = SURFACE_OF_LINEAR_EXTRUSION('',#1264,#1269);
#1264 = B_SPLINE_CURVE_WITH_KNOTS('',3,(#1265,#1266,#1267,#1268),
  .UNSPECIFIED.,.F.,.F.,(4,4),(0.,1.),.PIECEWISE_BEZIER_KNOTS.);
#1265 = CARTESIAN_POINT('',(-16.086,-22.176,-12.));
#1266 = CARTESIAN_POINT('',(-18.9585,-18.648,-12.));
#1267 = CARTESIAN_POINT('',(-19.15,-8.064,-12.));
#1268 = CARTESIAN_POINT('',(-19.15,0.,-12.));
#1269 = VECTOR('',#1270,1.);
#1270 = DIRECTION('',(-0.,-0.,-1.));
#1271 = DEFINITIONAL_REPRESENTATION('',(#1272),#1305);
#1272 = B_SPLINE_CURVE_WITH_KNOTS('',7,(#1273,#1274,#1275,#1276,#1277,
    #1278,#1279,#1280,#1281,#1282,#1283,#1284,#1285,#1286,#1287,#1288,
    #1289,#1290,#1291,#1292,#1293,#1294,#1295,#1296,#1297,#1298,#1299,
    #1300,#1301,#1302,#1303,#1304),.UNSPECIFIED.,.F.,.F.,(8,6,6,6,6,8),(
    0.,0.173347235535,0.560039702019,0.820401951056,0.979205991283,1.),
  .UNSPECIFIED.);
#1273 = CARTESIAN_POINT('',(1.,-2.05));
#1274 = CARTESIAN_POINT('',(0.976512642004,-2.05));
#1275 = CARTESIAN_POINT('',(0.953368859505,-2.05));
#1276 = CARTESIAN_POINT('',(0.930508936137,-2.05));
#1277 = CARTESIAN_POINT('',(0.907882957816,-2.05));
#1278 = CARTESIAN_POINT('',(0.885448118144,-2.05));
#1279 = CARTESIAN_POINT('',(0.863166023811,-2.05));
#1280 = CARTESIAN_POINT('',(0.791553382676,-2.05));
#1281 = CARTESIAN_POINT('',(0.742694782332,-2.05));
#1282 = CARTESIAN_POINT('',(0.694009839655,-2.05));
#1283 = CARTESIAN_POINT('',(0.645168628268,-2.05));
#1284 = CARTESIAN_POINT('',(0.595827032184,-2.05));
#1285 = CARTESIAN_POINT('',(0.545622578961,-2.05));
#1286 = CARTESIAN_POINT('',(0.459242222375,-2.05));
#1287 = CARTESIAN_POINT('',(0.423870148262,-2.05));
#1288 = CARTESIAN_POINT('',(0.387687262206,-2.05));
#1289 = CARTESIAN_POINT('',(0.350496242925,-2.05));
#1290 = CARTESIAN_POINT('',(0.312048924502,-2.05));
#1291 = CARTESIAN_POINT('',(0.272067294912,-2.05));
#1292 = CARTESIAN_POINT('',(0.204341685793,-2.05));
#1293 = CARTESIAN_POINT('',(0.177954106687,-2.05));
#1294 = CARTESIAN_POINT('',(0.150678499005,-2.05));
#1295 = CARTESIAN_POINT('',(0.122373481744,-2.05));
#1296 = CARTESIAN_POINT('',(9.291572756802E-02,-2.05));
#1297 = CARTESIAN_POINT('',(6.218020616973E-02,-2.05));
#1298 = CARTESIAN_POINT('',(2.578628171773E-02,-2.05));
#1299 = CARTESIAN_POINT('',(2.154868429003E-02,-2.05));
#1300 = CARTESIAN_POINT('',(1.728707981159E-02,-2.05));
#1301 = CARTESIAN_POINT('',(1.300139656899E-02,-2.05));
#1302 = CARTESIAN_POINT('',(8.691619040674E-03,-2.05));
#1303 = CARTESIAN_POINT('',(4.357787896951E-03,-2.05));
#1304 = CARTESIAN_POINT('',(0.,-2.05));
#1305 = ( GEOMETRIC_REPRESENTATION_CONTEXT(2) 
PARAMETRIC_REPRESENTATION_CONTEXT() REPRESENTATION_CONTEXT('2D SPACE',''
  ) );
#1306 = ORIENTED_EDGE('',*,*,#1307,.F.);
#1307 = EDGE_CURVE('',#1308,#1190,#1310,.T.);
#1308 = VERTEX_POINT('',#1309);
#1309 = CARTESIAN_POINT('',(-16.852,21.924,-9.95));
#1310 = SURFACE_CURVE('',#1311,(#1338,#1368),.PCURVE_S1.);
#1311 = B_SPLINE_CURVE_WITH_KNOTS('',7,(#1312,#1313,#1314,#1315,#1316,
    #1317,#1318,#1319,#1320,#1321,#1322,#1323,#1324,#1325,#1326,#1327,
    #1328,#1329,#1330,#1331,#1332,#1333,#1334,#1335,#1336,#1337),
  .UNSPECIFIED.,.F.,.F.,(8,6,6,6,8),(0.,0.215464373692,0.505901248533,
    0.739107160828,1.),.UNSPECIFIED.);
#1312 = CARTESIAN_POINT('',(-16.852,21.924,-9.95));
#1313 = CARTESIAN_POINT('',(-17.15555673718,21.370903651386,-9.95));
#1314 = CARTESIAN_POINT('',(-17.41262552754,20.779008882699,-9.95));
#1315 = CARTESIAN_POINT('',(-17.63363363826,20.161314556429,-9.95));
#1316 = CARTESIAN_POINT('',(-17.82477982766,19.52597670074,-9.95));
#1317 = CARTESIAN_POINT('',(-17.99128652456,18.878591106952,-9.95));
#1318 = CARTESIAN_POINT('',(-18.13705511965,18.221914542036,-9.95));
#1319 = CARTESIAN_POINT('',(-18.43816872995,16.659287330244,-9.95));
#1320 = CARTESIAN_POINT('',(-18.57871792805,15.748567976669,-9.95));
#1321 = CARTESIAN_POINT('',(-18.69439150339,14.828843819503,-9.95));
#1322 = CARTESIAN_POINT('',(-18.78952478026,13.902976835318,-9.95));
#1323 = CARTESIAN_POINT('',(-18.867621183,12.973004899606,-9.95));
#1324 = CARTESIAN_POINT('',(-18.93129112389,12.040114053225,-9.95));
#1325 = CARTESIAN_POINT('',(-19.02404180408,10.353923490834,-9.95));
#1326 = CARTESIAN_POINT('',(-19.05745315061,9.601701111274,-9.95));
#1327 = CARTESIAN_POINT('',(-19.08408925042,8.848719186585,-9.95));
#1328 = CARTESIAN_POINT('',(-19.10489126319,8.095423400683,-9.95));
#1329 = CARTESIAN_POINT('',(-19.1206801801,7.342219342762,-9.95));
#1330 = CARTESIAN_POINT('',(-19.13221570071,6.589499453467,-9.95));
#1331 = CARTESIAN_POINT('',(-19.14924898242,4.996580968173,-9.95));
#1332 = CARTESIAN_POINT('',(-19.15386692374,4.156685064878,-9.95));
#1333 = CARTESIAN_POINT('',(-19.15515479256,3.318487661985,-9.95));
#1334 = CARTESIAN_POINT('',(-19.1541734687,2.48267484296,-9.95));
#1335 = CARTESIAN_POINT('',(-19.1520176808,1.650098081918,-9.95));
#1336 = CARTESIAN_POINT('',(-19.15,0.82193126141,-9.95));
#1337 = CARTESIAN_POINT('',(-19.15,0.,-9.95));
#1338 = PCURVE('',#84,#1339);
#1339 = DEFINITIONAL_REPRESENTATION('',(#1340),#1367);
#1340 = B_SPLINE_CURVE_WITH_KNOTS('',7,(#1341,#1342,#1343,#1344,#1345,
    #1346,#1347,#1348,#1349,#1350,#1351,#1352,#1353,#1354,#1355,#1356,
    #1357,#1358,#1359,#1360,#1361,#1362,#1363,#1364,#1365,#1366),
  .UNSPECIFIED.,.F.,.F.,(8,6,6,6,8),(0.,0.215464373692,0.505901248533,
    0.739107160828,1.),.UNSPECIFIED.);
#1341 = CARTESIAN_POINT('',(9.146264987299,-15.10536053135));
#1342 = CARTESIAN_POINT('',(9.755834369282,-15.2681101307));
#1343 = CARTESIAN_POINT('',(10.391983231531,-15.37645405177));
#1344 = CARTESIAN_POINT('',(11.044577632383,-15.44362110984));
#1345 = CARTESIAN_POINT('',(11.70717705827,-15.47757780883));
#1346 = CARTESIAN_POINT('',(12.375594153714,-15.48473138665));
#1347 = CARTESIAN_POINT('',(13.048083162638,-15.46952852173));
#1348 = CARTESIAN_POINT('',(14.637414799178,-15.38891736599));
#1349 = CARTESIAN_POINT('',(15.555356315206,-15.30800265031));
#1350 = CARTESIAN_POINT('',(16.476104169724,-15.20078189807));
#1351 = CARTESIAN_POINT('',(17.397914024285,-15.07214829125));
#1352 = CARTESIAN_POINT('',(18.319643231455,-14.92599043829));
#1353 = CARTESIAN_POINT('',(19.240763178307,-14.7651264083));
#1354 = CARTESIAN_POINT('',(20.900347001076,-14.45267987435));
#1355 = CARTESIAN_POINT('',(21.638798458946,-14.3055599547));
#1356 = CARTESIAN_POINT('',(22.376370163336,-14.15167934643));
#1357 = CARTESIAN_POINT('',(23.112853982155,-13.992058391));
#1358 = CARTESIAN_POINT('',(23.848052033099,-13.82759116431));
#1359 = CARTESIAN_POINT('',(24.581764571181,-13.65910908384));
#1360 = CARTESIAN_POINT('',(26.132698063948,-13.29539939949));
#1361 = CARTESIAN_POINT('',(26.949415052217,-13.09938966804));
#1362 = CARTESIAN_POINT('',(27.763687711515,-12.90055159034));
#1363 = CARTESIAN_POINT('',(28.575103038893,-12.70007915348));
#1364 = CARTESIAN_POINT('',(29.383095502316,-12.49923869566));
#1365 = CARTESIAN_POINT('',(30.186838483974,-12.29958506293));
#1366 = CARTESIAN_POINT('',(30.985007822585,-12.10337928986));
#1367 = ( GEOMETRIC_REPRESENTATION_CONTEXT(2) 
PARAMETRIC_REPRESENTATION_CONTEXT() REPRESENTATION_CONTEXT('2D SPACE',''
  ) );
#1368 = PCURVE('',#1369,#1377);
#1369 = SURFACE_OF_LINEAR_EXTRUSION('',#1370,#1375);
#1370 = B_SPLINE_CURVE_WITH_KNOTS('',3,(#1371,#1372,#1373,#1374),
  .UNSPECIFIED.,.F.,.F.,(4,4),(0.,1.),.PIECEWISE_BEZIER_KNOTS.);
#1371 = CARTESIAN_POINT('',(-19.15,0.,-12.));
#1372 = CARTESIAN_POINT('',(-19.15,7.056,-12.));
#1373 = CARTESIAN_POINT('',(-19.3415,17.388,-12.));
#1374 = CARTESIAN_POINT('',(-16.852,21.924,-12.));
#1375 = VECTOR('',#1376,1.);
#1376 = DIRECTION('',(-0.,-0.,-1.));
#1377 = DEFINITIONAL_REPRESENTATION('',(#1378),#1405);
#1378 = B_SPLINE_CURVE_WITH_KNOTS('',7,(#1379,#1380,#1381,#1382,#1383,
    #1384,#1385,#1386,#1387,#1388,#1389,#1390,#1391,#1392,#1393,#1394,
    #1395,#1396,#1397,#1398,#1399,#1400,#1401,#1402,#1403,#1404),
  .UNSPECIFIED.,.F.,.F.,(8,6,6,6,8),(0.,0.215464373692,0.505901248533,
    0.739107160828,1.),.UNSPECIFIED.);
#1379 = CARTESIAN_POINT('',(1.,-2.05));
#1380 = CARTESIAN_POINT('',(0.959355059626,-2.05));
#1381 = CARTESIAN_POINT('',(0.920783866088,-2.05));
#1382 = CARTESIAN_POINT('',(0.883902555379,-2.05));
#1383 = CARTESIAN_POINT('',(0.848499849559,-2.05));
#1384 = CARTESIAN_POINT('',(0.81435941297,-2.05));
#1385 = CARTESIAN_POINT('',(0.781272406824,-2.05));
#1386 = CARTESIAN_POINT('',(0.70549815874,-2.05));
#1387 = CARTESIAN_POINT('',(0.663596165709,-2.05));
#1388 = CARTESIAN_POINT('',(0.622865192899,-2.05));
#1389 = CARTESIAN_POINT('',(0.583050792131,-2.05));
#1390 = CARTESIAN_POINT('',(0.543929732749,-2.05));
#1391 = CARTESIAN_POINT('',(0.50531093374,-2.05));
#1392 = CARTESIAN_POINT('',(0.436238285398,-2.05));
#1393 = CARTESIAN_POINT('',(0.405685102465,-2.05));
#1394 = CARTESIAN_POINT('',(0.375249186456,-2.05));
#1395 = CARTESIAN_POINT('',(0.344847203034,-2.05));
#1396 = CARTESIAN_POINT('',(0.314397535838,-2.05));
#1397 = CARTESIAN_POINT('',(0.283814074057,-2.05));
#1398 = CARTESIAN_POINT('',(0.218527583808,-2.05));
#1399 = CARTESIAN_POINT('',(0.183769202915,-2.05));
#1400 = CARTESIAN_POINT('',(0.148588941256,-2.05));
#1401 = CARTESIAN_POINT('',(0.112830585044,-2.05));
#1402 = CARTESIAN_POINT('',(7.632001776052E-02,-2.05));
#1403 = CARTESIAN_POINT('',(3.882895225858E-02,-2.05));
#1404 = CARTESIAN_POINT('',(0.,-2.05));
#1405 = ( GEOMETRIC_REPRESENTATION_CONTEXT(2) 
PARAMETRIC_REPRESENTATION_CONTEXT() REPRESENTATION_CONTEXT('2D SPACE',''
  ) );
#1406 = ORIENTED_EDGE('',*,*,#1407,.F.);
#1407 = EDGE_CURVE('',#672,#1308,#1408,.T.);
#1408 = SURFACE_CURVE('',#1409,(#1430,#1454),.PCURVE_S1.);
#1409 = B_SPLINE_CURVE_WITH_KNOTS('',7,(#1410,#1411,#1412,#1413,#1414,
    #1415,#1416,#1417,#1418,#1419,#1420,#1421,#1422,#1423,#1424,#1425,
    #1426,#1427,#1428,#1429),.UNSPECIFIED.,.F.,.F.,(8,6,6,8),(0.,
    0.49614604314,0.818477030101,1.),.UNSPECIFIED.);
#1410 = CARTESIAN_POINT('',(-2.775557561563E-16,25.2,-9.95));
#1411 = CARTESIAN_POINT('',(-1.342454815756,25.2,-9.95));
#1412 = CARTESIAN_POINT('',(-2.679133107423,25.185079371775,-9.95));
#1413 = CARTESIAN_POINT('',(-4.009619996071,25.152440991802,-9.95));
#1414 = CARTESIAN_POINT('',(-5.33235454503,25.098626735322,-9.95));
#1415 = CARTESIAN_POINT('',(-6.644175278557,25.018596738341,-9.95));
#1416 = CARTESIAN_POINT('',(-7.940552524979,24.90615289071,-9.95));
#1417 = CARTESIAN_POINT('',(-10.04044294372,24.64735923025,-9.95));
#1418 = CARTESIAN_POINT('',(-10.85568836652,24.526915935978,-9.95));
#1419 = CARTESIAN_POINT('',(-11.65880564734,24.384532254967,-9.95));
#1420 = CARTESIAN_POINT('',(-12.44659943989,24.215954888213,-9.95));
#1421 = CARTESIAN_POINT('',(-13.21235159202,24.015253367816,-9.95));
#1422 = CARTESIAN_POINT('',(-13.94625756456,23.775307834604,-9.95));
#1423 = CARTESIAN_POINT('',(-15.01848315445,23.319401064875,-9.95));
#1424 = CARTESIAN_POINT('',(-15.38902621632,23.138974890067,-9.95));
#1425 = CARTESIAN_POINT('',(-15.74095402277,22.940245723254,-9.95));
#1426 = CARTESIAN_POINT('',(-16.06963649505,22.721031692807,-9.95));
#1427 = CARTESIAN_POINT('',(-16.36902006559,22.479333554333,-9.95));
#1428 = CARTESIAN_POINT('',(-16.63194462738,22.213576782758,-9.95));
#1429 = CARTESIAN_POINT('',(-16.852,21.924,-9.95));
#1430 = PCURVE('',#84,#1431);
#1431 = DEFINITIONAL_REPRESENTATION('',(#1432),#1453);
#1432 = B_SPLINE_CURVE_WITH_KNOTS('',7,(#1433,#1434,#1435,#1436,#1437,
    #1438,#1439,#1440,#1441,#1442,#1443,#1444,#1445,#1446,#1447,#1448,
    #1449,#1450,#1451,#1452),.UNSPECIFIED.,.F.,.F.,(8,6,6,8),(0.,
    0.49614604314,0.818477030101,1.),.UNSPECIFIED.);
#1433 = CARTESIAN_POINT('',(1.942180267586,0.477426233255));
#1434 = CARTESIAN_POINT('',(2.262641840587,-0.826218393389));
#1435 = CARTESIAN_POINT('',(2.596213756378,-2.120691744816));
#1436 = CARTESIAN_POINT('',(2.945513236974,-3.404923226118));
#1437 = CARTESIAN_POINT('',(3.313525817152,-4.676571527355));
#1438 = CARTESIAN_POINT('',(3.704390973384,-5.931363488986));
#1439 = CARTESIAN_POINT('',(4.123046337243,-7.163420821346));
#1440 = CARTESIAN_POINT('',(4.87562969404,-9.140826247787));
#1441 = CARTESIAN_POINT('',(5.187200764481,-9.903751640334));
#1442 = CARTESIAN_POINT('',(5.517182781445,-10.64966205576));
#1443 = CARTESIAN_POINT('',(5.868943310561,-11.37443920656));
#1444 = CARTESIAN_POINT('',(6.246637659655,-12.07014348098));
#1445 = CARTESIAN_POINT('',(6.654839381622,-12.72555418399));
#1446 = CARTESIAN_POINT('',(7.353520259924,-13.65795094963));
#1447 = CARTESIAN_POINT('',(7.617183827303,-13.97471156665));
#1448 = CARTESIAN_POINT('',(7.894177543997,-14.26902592853));
#1449 = CARTESIAN_POINT('',(8.185514943493,-14.5358769701));
#1450 = CARTESIAN_POINT('',(8.491692406311,-14.76890888574));
#1451 = CARTESIAN_POINT('',(8.81252972676,-14.96079270643));
#1452 = CARTESIAN_POINT('',(9.146264987299,-15.10536053135));
#1453 = ( GEOMETRIC_REPRESENTATION_CONTEXT(2) 
PARAMETRIC_REPRESENTATION_CONTEXT() REPRESENTATION_CONTEXT('2D SPACE',''
  ) );
#1454 = PCURVE('',#1455,#1463);
#1455 = SURFACE_OF_LINEAR_EXTRUSION('',#1456,#1461);
#1456 = B_SPLINE_CURVE_WITH_KNOTS('',3,(#1457,#1458,#1459,#1460),
  .UNSPECIFIED.,.F.,.F.,(4,4),(0.,1.),.PIECEWISE_BEZIER_KNOTS.);
#1457 = CARTESIAN_POINT('',(-16.852,21.924,-12.));
#1458 = CARTESIAN_POINT('',(-14.937,24.444,-12.));
#1459 = CARTESIAN_POINT('',(-8.426,25.2,-12.));
#1460 = CARTESIAN_POINT('',(0.,25.2,-12.));
#1461 = VECTOR('',#1462,1.);
#1462 = DIRECTION('',(-0.,-0.,-1.));
#1463 = DEFINITIONAL_REPRESENTATION('',(#1464),#1485);
#1464 = B_SPLINE_CURVE_WITH_KNOTS('',7,(#1465,#1466,#1467,#1468,#1469,
    #1470,#1471,#1472,#1473,#1474,#1475,#1476,#1477,#1478,#1479,#1480,
    #1481,#1482,#1483,#1484),.UNSPECIFIED.,.F.,.F.,(8,6,6,8),(0.,
    0.49614604314,0.818477030101,1.),.UNSPECIFIED.);
#1465 = CARTESIAN_POINT('',(1.,-2.05));
#1466 = CARTESIAN_POINT('',(0.946892364279,-2.05));
#1467 = CARTESIAN_POINT('',(0.892518087485,-2.05));
#1468 = CARTESIAN_POINT('',(0.836605789516,-2.05));
#1469 = CARTESIAN_POINT('',(0.778861964548,-2.05));
#1470 = CARTESIAN_POINT('',(0.71889428778,-2.05));
#1471 = CARTESIAN_POINT('',(0.656245694728,-2.05));
#1472 = CARTESIAN_POINT('',(0.54696218793,-2.05));
#1473 = CARTESIAN_POINT('',(0.502501494435,-2.05));
#1474 = CARTESIAN_POINT('',(0.456283441065,-2.05));
#1475 = CARTESIAN_POINT('',(0.407997989309,-2.05));
#1476 = CARTESIAN_POINT('',(0.35730178215,-2.05));
#1477 = CARTESIAN_POINT('',(0.303850654743,-2.05));
#1478 = CARTESIAN_POINT('',(0.214984152604,-2.05));
#1479 = CARTESIAN_POINT('',(0.181933986992,-2.05));
#1480 = CARTESIAN_POINT('',(0.147744260554,-2.05));
#1481 = CARTESIAN_POINT('',(0.112373146594,-2.05));
#1482 = CARTESIAN_POINT('',(7.585325675008E-02,-2.05));
#1483 = CARTESIAN_POINT('',(3.83038072431E-02,-2.05));
#1484 = CARTESIAN_POINT('',(0.,-2.05));
#1485 = ( GEOMETRIC_REPRESENTATION_CONTEXT(2) 
PARAMETRIC_REPRESENTATION_CONTEXT() REPRESENTATION_CONTEXT('2D SPACE',''
  ) );
#1486 = ADVANCED_FACE('',(#1487),#120,.F.);
#1487 = FACE_BOUND('',#1488,.F.);
#1488 = EDGE_LOOP('',(#1489,#1490,#1519,#1541));
#1489 = ORIENTED_EDGE('',*,*,#645,.T.);
#1490 = ORIENTED_EDGE('',*,*,#1491,.T.);
#1491 = EDGE_CURVE('',#577,#1492,#1494,.T.);
#1492 = VERTEX_POINT('',#1493);
#1493 = CARTESIAN_POINT('',(20.075,0.,9.5));
#1494 = SURFACE_CURVE('',#1495,(#1507,#1513),.PCURVE_S1.);
#1495 = ( BOUNDED_CURVE() B_SPLINE_CURVE(6,(#1496,#1497,#1498,#1499,
    #1500,#1501,#1502,#1503,#1504,#1505,#1506),.UNSPECIFIED.,.F.,.F.) 
B_SPLINE_CURVE_WITH_KNOTS((7,4,7),(0.,0.571503616493,1.),.UNSPECIFIED.) 
CURVE() GEOMETRIC_REPRESENTATION_ITEM() RATIONAL_B_SPLINE_CURVE((1.,1.,
1.,1.,1.,1.,1.,1.,1.,1.,1.)) REPRESENTATION_ITEM('') );
#1496 = CARTESIAN_POINT('',(20.5,0.,-9.95));
#1497 = CARTESIAN_POINT('',(22.276001386001,0.,-9.56787122874));
#1498 = CARTESIAN_POINT('',(21.697507233522,0.,-4.948984765445));
#1499 = CARTESIAN_POINT('',(22.700418351536,0.,-6.665116885537));
#1500 = CARTESIAN_POINT('',(22.122499554302,0.,-1.674050110187));
#1501 = CARTESIAN_POINT('',(21.957375766299,0.,-7.522141700459E-02));
#1502 = CARTESIAN_POINT('',(22.301222556742,0.,4.727908719464));
#1503 = CARTESIAN_POINT('',(20.511957780689,0.,4.402760532288));
#1504 = CARTESIAN_POINT('',(22.254497949649,0.,7.937769695352));
#1505 = CARTESIAN_POINT('',(20.467264370242,0.,8.135165718706));
#1506 = CARTESIAN_POINT('',(20.075,0.,9.5));
#1507 = PCURVE('',#120,#1508);
#1508 = DEFINITIONAL_REPRESENTATION('',(#1509),#1512);
#1509 = B_SPLINE_CURVE_WITH_KNOTS('',1,(#1510,#1511),.UNSPECIFIED.,.F.,
  .F.,(2,2),(0.,1.),.PIECEWISE_BEZIER_KNOTS.);
#1510 = CARTESIAN_POINT('',(2.,0.));
#1511 = CARTESIAN_POINT('',(2.,1.));
#1512 = ( GEOMETRIC_REPRESENTATION_CONTEXT(2) 
PARAMETRIC_REPRESENTATION_CONTEXT() REPRESENTATION_CONTEXT('2D SPACE',''
  ) );
#1513 = PCURVE('',#594,#1514);
#1514 = DEFINITIONAL_REPRESENTATION('',(#1515),#1518);
#1515 = B_SPLINE_CURVE_WITH_KNOTS('',1,(#1516,#1517),.UNSPECIFIED.,.F.,
  .F.,(2,2),(0.,1.),.PIECEWISE_BEZIER_KNOTS.);
#1516 = CARTESIAN_POINT('',(2.,0.));
#1517 = CARTESIAN_POINT('',(2.,1.));
#1518 = ( GEOMETRIC_REPRESENTATION_CONTEXT(2) 
PARAMETRIC_REPRESENTATION_CONTEXT() REPRESENTATION_CONTEXT('2D SPACE',''
  ) );
#1519 = ORIENTED_EDGE('',*,*,#1520,.F.);
#1520 = EDGE_CURVE('',#98,#1492,#1521,.T.);
#1521 = SURFACE_CURVE('',#1522,(#1527,#1533),.PCURVE_S1.);
#1522 = B_SPLINE_CURVE_WITH_KNOTS('',3,(#1523,#1524,#1525,#1526),
  .UNSPECIFIED.,.F.,.F.,(4,4),(1.,2.),.PIECEWISE_BEZIER_KNOTS.);
#1523 = CARTESIAN_POINT('',(17.666,23.0115,9.5));
#1524 = CARTESIAN_POINT('',(20.27575,18.2505,9.5));
#1525 = CARTESIAN_POINT('',(20.075,7.406,9.5));
#1526 = CARTESIAN_POINT('',(20.075,0.,9.5));
#1527 = PCURVE('',#120,#1528);
#1528 = DEFINITIONAL_REPRESENTATION('',(#1529),#1532);
#1529 = B_SPLINE_CURVE_WITH_KNOTS('',1,(#1530,#1531),.UNSPECIFIED.,.F.,
  .F.,(2,2),(1.,2.),.PIECEWISE_BEZIER_KNOTS.);
#1530 = CARTESIAN_POINT('',(1.,1.));
#1531 = CARTESIAN_POINT('',(2.,1.));
#1532 = ( GEOMETRIC_REPRESENTATION_CONTEXT(2) 
PARAMETRIC_REPRESENTATION_CONTEXT() REPRESENTATION_CONTEXT('2D SPACE',''
  ) );
#1533 = PCURVE('',#187,#1534);
#1534 = DEFINITIONAL_REPRESENTATION('',(#1535),#1540);
#1535 = B_SPLINE_CURVE_WITH_KNOTS('',3,(#1536,#1537,#1538,#1539),
  .UNSPECIFIED.,.F.,.F.,(4,4),(1.,2.),.PIECEWISE_BEZIER_KNOTS.);
#1536 = CARTESIAN_POINT('',(7.58281990633,-16.32212242688));
#1537 = CARTESIAN_POINT('',(12.831433478351,-17.71135661667));
#1538 = CARTESIAN_POINT('',(23.309946535525,-14.91059869726));
#1539 = CARTESIAN_POINT('',(30.498948228497,-13.13096652784));
#1540 = ( GEOMETRIC_REPRESENTATION_CONTEXT(2) 
PARAMETRIC_REPRESENTATION_CONTEXT() REPRESENTATION_CONTEXT('2D SPACE',''
  ) );
#1541 = ORIENTED_EDGE('',*,*,#97,.F.);
#1542 = ADVANCED_FACE('',(#1543,#1689),#187,.F.);
#1543 = FACE_BOUND('',#1544,.F.);
#1544 = EDGE_LOOP('',(#1545,#1546,#1547,#1571,#1595,#1619,#1643,#1667));
#1545 = ORIENTED_EDGE('',*,*,#171,.T.);
#1546 = ORIENTED_EDGE('',*,*,#1520,.T.);
#1547 = ORIENTED_EDGE('',*,*,#1548,.T.);
#1548 = EDGE_CURVE('',#1492,#1549,#1551,.T.);
#1549 = VERTEX_POINT('',#1550);
#1550 = CARTESIAN_POINT('',(16.863,-23.276,9.5));
#1551 = SURFACE_CURVE('',#1552,(#1557,#1565),.PCURVE_S1.);
#1552 = B_SPLINE_CURVE_WITH_KNOTS('',3,(#1553,#1554,#1555,#1556),
  .UNSPECIFIED.,.F.,.F.,(4,4),(2.,3.),.PIECEWISE_BEZIER_KNOTS.);
#1553 = CARTESIAN_POINT('',(20.075,0.,9.5));
#1554 = CARTESIAN_POINT('',(20.075,-8.464,9.5));
#1555 = CARTESIAN_POINT('',(19.87425,-19.573,9.5));
#1556 = CARTESIAN_POINT('',(16.863,-23.276,9.5));
#1557 = PCURVE('',#187,#1558);
#1558 = DEFINITIONAL_REPRESENTATION('',(#1559),#1564);
#1559 = B_SPLINE_CURVE_WITH_KNOTS('',3,(#1560,#1561,#1562,#1563),
  .UNSPECIFIED.,.F.,.F.,(4,4),(2.,3.),.PIECEWISE_BEZIER_KNOTS.);
#1560 = CARTESIAN_POINT('',(30.498948228497,-13.13096652784));
#1561 = CARTESIAN_POINT('',(38.714950163323,-11.09710119136));
#1562 = CARTESIAN_POINT('',(49.45021328096,-8.23278498019));
#1563 = CARTESIAN_POINT('',(52.321122800121,-4.419949539827));
#1564 = ( GEOMETRIC_REPRESENTATION_CONTEXT(2) 
PARAMETRIC_REPRESENTATION_CONTEXT() REPRESENTATION_CONTEXT('2D SPACE',''
  ) );
#1565 = PCURVE('',#594,#1566);
#1566 = DEFINITIONAL_REPRESENTATION('',(#1567),#1570);
#1567 = B_SPLINE_CURVE_WITH_KNOTS('',1,(#1568,#1569),.UNSPECIFIED.,.F.,
  .F.,(2,2),(2.,3.),.PIECEWISE_BEZIER_KNOTS.);
#1568 = CARTESIAN_POINT('',(2.,1.));
#1569 = CARTESIAN_POINT('',(3.,1.));
#1570 = ( GEOMETRIC_REPRESENTATION_CONTEXT(2) 
PARAMETRIC_REPRESENTATION_CONTEXT() REPRESENTATION_CONTEXT('2D SPACE',''
  ) );
#1571 = ORIENTED_EDGE('',*,*,#1572,.T.);
#1572 = EDGE_CURVE('',#1549,#1573,#1575,.T.);
#1573 = VERTEX_POINT('',#1574);
#1574 = CARTESIAN_POINT('',(0.,-26.45,9.5));
#1575 = SURFACE_CURVE('',#1576,(#1581,#1589),.PCURVE_S1.);
#1576 = B_SPLINE_CURVE_WITH_KNOTS('',3,(#1577,#1578,#1579,#1580),
  .UNSPECIFIED.,.F.,.F.,(4,4),(3.,4.),.PIECEWISE_BEZIER_KNOTS.);
#1577 = CARTESIAN_POINT('',(16.863,-23.276,9.5));
#1578 = CARTESIAN_POINT('',(14.65475,-26.31775,9.5));
#1579 = CARTESIAN_POINT('',(6.0225,-26.45,9.5));
#1580 = CARTESIAN_POINT('',(0.,-26.45,9.5));
#1581 = PCURVE('',#187,#1582);
#1582 = DEFINITIONAL_REPRESENTATION('',(#1583),#1588);
#1583 = B_SPLINE_CURVE_WITH_KNOTS('',3,(#1584,#1585,#1586,#1587),
  .UNSPECIFIED.,.F.,.F.,(4,4),(3.,4.),.PIECEWISE_BEZIER_KNOTS.);
#1584 = CARTESIAN_POINT('',(52.321122800121,-4.419949539827));
#1585 = CARTESIAN_POINT('',(54.743114855411,-1.545481657051));
#1586 = CARTESIAN_POINT('',(52.797194747311,6.865619641703));
#1587 = CARTESIAN_POINT('',(51.350012092661,12.711658353008));
#1588 = ( GEOMETRIC_REPRESENTATION_CONTEXT(2) 
PARAMETRIC_REPRESENTATION_CONTEXT() REPRESENTATION_CONTEXT('2D SPACE',''
  ) );
#1589 = PCURVE('',#525,#1590);
#1590 = DEFINITIONAL_REPRESENTATION('',(#1591),#1594);
#1591 = B_SPLINE_CURVE_WITH_KNOTS('',1,(#1592,#1593),.UNSPECIFIED.,.F.,
  .F.,(2,2),(3.,4.),.PIECEWISE_BEZIER_KNOTS.);
#1592 = CARTESIAN_POINT('',(3.,1.));
#1593 = CARTESIAN_POINT('',(4.,1.));
#1594 = ( GEOMETRIC_REPRESENTATION_CONTEXT(2) 
PARAMETRIC_REPRESENTATION_CONTEXT() REPRESENTATION_CONTEXT('2D SPACE',''
  ) );
#1595 = ORIENTED_EDGE('',*,*,#1596,.T.);
#1596 = EDGE_CURVE('',#1573,#1597,#1599,.T.);
#1597 = VERTEX_POINT('',#1598);
#1598 = CARTESIAN_POINT('',(-16.863,-23.276,9.5));
#1599 = SURFACE_CURVE('',#1600,(#1605,#1613),.PCURVE_S1.);
#1600 = B_SPLINE_CURVE_WITH_KNOTS('',3,(#1601,#1602,#1603,#1604),
  .UNSPECIFIED.,.F.,.F.,(4,4),(4.,5.),.PIECEWISE_BEZIER_KNOTS.);
#1601 = CARTESIAN_POINT('',(0.,-26.45,9.5));
#1602 = CARTESIAN_POINT('',(-6.0225,-26.45,9.5));
#1603 = CARTESIAN_POINT('',(-14.65475,-26.31775,9.5));
#1604 = CARTESIAN_POINT('',(-16.863,-23.276,9.5));
#1605 = PCURVE('',#187,#1606);
#1606 = DEFINITIONAL_REPRESENTATION('',(#1607),#1612);
#1607 = B_SPLINE_CURVE_WITH_KNOTS('',3,(#1608,#1609,#1610,#1611),
  .UNSPECIFIED.,.F.,.F.,(4,4),(4.,5.),.PIECEWISE_BEZIER_KNOTS.);
#1608 = CARTESIAN_POINT('',(51.350012092661,12.711658353008));
#1609 = CARTESIAN_POINT('',(49.902829438011,18.557697064313));
#1610 = CARTESIAN_POINT('',(47.700159269447,26.905240071302));
#1611 = CARTESIAN_POINT('',(44.216899934081,28.317867243482));
#1612 = ( GEOMETRIC_REPRESENTATION_CONTEXT(2) 
PARAMETRIC_REPRESENTATION_CONTEXT() REPRESENTATION_CONTEXT('2D SPACE',''
  ) );
#1613 = PCURVE('',#456,#1614);
#1614 = DEFINITIONAL_REPRESENTATION('',(#1615),#1618);
#1615 = B_SPLINE_CURVE_WITH_KNOTS('',1,(#1616,#1617),.UNSPECIFIED.,.F.,
  .F.,(2,2),(4.,5.),.PIECEWISE_BEZIER_KNOTS.);
#1616 = CARTESIAN_POINT('',(4.,1.));
#1617 = CARTESIAN_POINT('',(5.,1.));
#1618 = ( GEOMETRIC_REPRESENTATION_CONTEXT(2) 
PARAMETRIC_REPRESENTATION_CONTEXT() REPRESENTATION_CONTEXT('2D SPACE',''
  ) );
#1619 = ORIENTED_EDGE('',*,*,#1620,.T.);
#1620 = EDGE_CURVE('',#1597,#1621,#1623,.T.);
#1621 = VERTEX_POINT('',#1622);
#1622 = CARTESIAN_POINT('',(-20.075,0.,9.5));
#1623 = SURFACE_CURVE('',#1624,(#1629,#1637),.PCURVE_S1.);
#1624 = B_SPLINE_CURVE_WITH_KNOTS('',3,(#1625,#1626,#1627,#1628),
  .UNSPECIFIED.,.F.,.F.,(4,4),(5.,6.),.PIECEWISE_BEZIER_KNOTS.);
#1625 = CARTESIAN_POINT('',(-16.863,-23.276,9.5));
#1626 = CARTESIAN_POINT('',(-19.87425,-19.573,9.5));
#1627 = CARTESIAN_POINT('',(-20.075,-8.464,9.5));
#1628 = CARTESIAN_POINT('',(-20.075,0.,9.5));
#1629 = PCURVE('',#187,#1630);
#1630 = DEFINITIONAL_REPRESENTATION('',(#1631),#1636);
#1631 = B_SPLINE_CURVE_WITH_KNOTS('',3,(#1632,#1633,#1634,#1635),
  .UNSPECIFIED.,.F.,.F.,(4,4),(5.,6.),.PIECEWISE_BEZIER_KNOTS.);
#1632 = CARTESIAN_POINT('',(44.216899934081,28.317867243482));
#1633 = CARTESIAN_POINT('',(39.898807760269,30.351070514424));
#1634 = CARTESIAN_POINT('',(29.067065798989,27.876490217336));
#1635 = CARTESIAN_POINT('',(20.851063864163,25.842624880855));
#1636 = ( GEOMETRIC_REPRESENTATION_CONTEXT(2) 
PARAMETRIC_REPRESENTATION_CONTEXT() REPRESENTATION_CONTEXT('2D SPACE',''
  ) );
#1637 = PCURVE('',#387,#1638);
#1638 = DEFINITIONAL_REPRESENTATION('',(#1639),#1642);
#1639 = B_SPLINE_CURVE_WITH_KNOTS('',1,(#1640,#1641),.UNSPECIFIED.,.F.,
  .F.,(2,2),(5.,6.),.PIECEWISE_BEZIER_KNOTS.);
#1640 = CARTESIAN_POINT('',(5.,1.));
#1641 = CARTESIAN_POINT('',(6.,1.));
#1642 = ( GEOMETRIC_REPRESENTATION_CONTEXT(2) 
PARAMETRIC_REPRESENTATION_CONTEXT() REPRESENTATION_CONTEXT('2D SPACE',''
  ) );
#1643 = ORIENTED_EDGE('',*,*,#1644,.T.);
#1644 = EDGE_CURVE('',#1621,#1645,#1647,.T.);
#1645 = VERTEX_POINT('',#1646);
#1646 = CARTESIAN_POINT('',(-17.666,23.0115,9.5));
#1647 = SURFACE_CURVE('',#1648,(#1653,#1661),.PCURVE_S1.);
#1648 = B_SPLINE_CURVE_WITH_KNOTS('',3,(#1649,#1650,#1651,#1652),
  .UNSPECIFIED.,.F.,.F.,(4,4),(6.,7.),.PIECEWISE_BEZIER_KNOTS.);
#1649 = CARTESIAN_POINT('',(-20.075,0.,9.5));
#1650 = CARTESIAN_POINT('',(-20.075,7.406,9.5));
#1651 = CARTESIAN_POINT('',(-20.27575,18.2505,9.5));
#1652 = CARTESIAN_POINT('',(-17.666,23.0115,9.5));
#1653 = PCURVE('',#187,#1654);
#1654 = DEFINITIONAL_REPRESENTATION('',(#1655),#1660);
#1655 = B_SPLINE_CURVE_WITH_KNOTS('',3,(#1656,#1657,#1658,#1659),
  .UNSPECIFIED.,.F.,.F.,(4,4),(6.,7.),.PIECEWISE_BEZIER_KNOTS.);
#1656 = CARTESIAN_POINT('',(20.851063864163,25.842624880855));
#1657 = CARTESIAN_POINT('',(13.662062171191,24.062992711434));
#1658 = CARTESIAN_POINT('',(3.087070270374,21.651970706111));
#1659 = CARTESIAN_POINT('',(-0.907318334284,17.974638012774));
#1660 = ( GEOMETRIC_REPRESENTATION_CONTEXT(2) 
PARAMETRIC_REPRESENTATION_CONTEXT() REPRESENTATION_CONTEXT('2D SPACE',''
  ) );
#1661 = PCURVE('',#318,#1662);
#1662 = DEFINITIONAL_REPRESENTATION('',(#1663),#1666);
#1663 = B_SPLINE_CURVE_WITH_KNOTS('',1,(#1664,#1665),.UNSPECIFIED.,.F.,
  .F.,(2,2),(6.,7.),.PIECEWISE_BEZIER_KNOTS.);
#1664 = CARTESIAN_POINT('',(6.,1.));
#1665 = CARTESIAN_POINT('',(7.,1.));
#1666 = ( GEOMETRIC_REPRESENTATION_CONTEXT(2) 
PARAMETRIC_REPRESENTATION_CONTEXT() REPRESENTATION_CONTEXT('2D SPACE',''
  ) );
#1667 = ORIENTED_EDGE('',*,*,#1668,.T.);
#1668 = EDGE_CURVE('',#1645,#172,#1669,.T.);
#1669 = SURFACE_CURVE('',#1670,(#1675,#1683),.PCURVE_S1.);
#1670 = B_SPLINE_CURVE_WITH_KNOTS('',3,(#1671,#1672,#1673,#1674),
  .UNSPECIFIED.,.F.,.F.,(4,4),(7.,8.),.PIECEWISE_BEZIER_KNOTS.);
#1671 = CARTESIAN_POINT('',(-17.666,23.0115,9.5));
#1672 = CARTESIAN_POINT('',(-15.6585,25.6565,9.5));
#1673 = CARTESIAN_POINT('',(-8.833,26.45,9.5));
#1674 = CARTESIAN_POINT('',(0.,26.45,9.5));
#1675 = PCURVE('',#187,#1676);
#1676 = DEFINITIONAL_REPRESENTATION('',(#1677),#1682);
#1677 = B_SPLINE_CURVE_WITH_KNOTS('',3,(#1678,#1679,#1680,#1681),
  .UNSPECIFIED.,.F.,.F.,(4,4),(7.,8.),.PIECEWISE_BEZIER_KNOTS.);
#1678 = CARTESIAN_POINT('',(-0.907318334284,17.974638012774));
#1679 = CARTESIAN_POINT('',(-2.9924247207,15.390375524689));
#1680 = CARTESIAN_POINT('',(-2.122534560154,8.574190109914));
#1681 = CARTESIAN_POINT('',(0.,0.));
#1682 = ( GEOMETRIC_REPRESENTATION_CONTEXT(2) 
PARAMETRIC_REPRESENTATION_CONTEXT() REPRESENTATION_CONTEXT('2D SPACE',''
  ) );
#1683 = PCURVE('',#221,#1684);
#1684 = DEFINITIONAL_REPRESENTATION('',(#1685),#1688);
#1685 = B_SPLINE_CURVE_WITH_KNOTS('',1,(#1686,#1687),.UNSPECIFIED.,.F.,
  .F.,(2,2),(7.,8.),.PIECEWISE_BEZIER_KNOTS.);
#1686 = CARTESIAN_POINT('',(7.,1.));
#1687 = CARTESIAN_POINT('',(8.,1.));
#1688 = ( GEOMETRIC_REPRESENTATION_CONTEXT(2) 
PARAMETRIC_REPRESENTATION_CONTEXT() REPRESENTATION_CONTEXT('2D SPACE',''
  ) );
#1689 = FACE_BOUND('',#1690,.F.);
#1690 = EDGE_LOOP('',(#1691,#1793,#1875,#1957,#2057,#2175,#2293,#2393));
#1691 = ORIENTED_EDGE('',*,*,#1692,.T.);
#1692 = EDGE_CURVE('',#1693,#1695,#1697,.T.);
#1693 = VERTEX_POINT('',#1694);
#1694 = CARTESIAN_POINT('',(19.475,0.,9.5));
#1695 = VERTEX_POINT('',#1696);
#1696 = CARTESIAN_POINT('',(17.138,22.446,9.5));
#1697 = SURFACE_CURVE('',#1698,(#1725,#1755),.PCURVE_S1.);
#1698 = B_SPLINE_CURVE_WITH_KNOTS('',7,(#1699,#1700,#1701,#1702,#1703,
    #1704,#1705,#1706,#1707,#1708,#1709,#1710,#1711,#1712,#1713,#1714,
    #1715,#1716,#1717,#1718,#1719,#1720,#1721,#1722,#1723,#1724),
  .UNSPECIFIED.,.F.,.F.,(8,6,6,6,8),(0.,0.259937394564,0.616198062411,
    0.878465009045,1.),.UNSPECIFIED.);
#1699 = CARTESIAN_POINT('',(19.475,4.440892098501E-15,9.5));
#1700 = CARTESIAN_POINT('',(19.475,0.838481611187,9.5));
#1701 = CARTESIAN_POINT('',(19.477037259855,1.683060890986,9.5));
#1702 = CARTESIAN_POINT('',(19.479218694732,2.531951773504,9.5));
#1703 = CARTESIAN_POINT('',(19.480225031257,3.384007963331,9.5));
#1704 = CARTESIAN_POINT('',(19.478956873666,4.238398747815,9.5));
#1705 = CARTESIAN_POINT('',(19.474349076648,5.094454991065,9.5));
#1706 = CARTESIAN_POINT('',(19.453024314204,7.126573772075,9.5));
#1707 = CARTESIAN_POINT('',(19.432453168283,8.30337217166,9.5));
#1708 = CARTESIAN_POINT('',(19.400913287138,9.48083718879,9.5));
#1709 = CARTESIAN_POINT('',(19.355653778688,10.657708718673,9.5));
#1710 = CARTESIAN_POINT('',(19.293343435587,11.832389232056,9.5));
#1711 = CARTESIAN_POINT('',(19.20998953572,13.002906385032,9.5));
#1712 = CARTESIAN_POINT('',(19.01780697556,15.022891145933,9.5));
#1713 = CARTESIAN_POINT('',(18.921572207797,15.874873800994,9.5));
#1714 = CARTESIAN_POINT('',(18.80802756835,16.721870162324,9.5));
#1715 = CARTESIAN_POINT('',(18.674058370712,17.562318285377,9.5));
#1716 = CARTESIAN_POINT('',(18.51530841361,18.393173339108,9.5));
#1717 = CARTESIAN_POINT('',(18.326467694047,19.210068893309,9.5));
#1718 = CARTESIAN_POINT('',(17.991780111798,20.37430039183,9.5));
#1719 = CARTESIAN_POINT('',(17.877303505067,20.73814905058,9.5));
#1720 = CARTESIAN_POINT('',(17.75336326754,21.096508856767,9.5));
#1721 = CARTESIAN_POINT('',(17.618846699608,21.448274481565,9.5));
#1722 = CARTESIAN_POINT('',(17.472488785361,21.791898895693,9.5));
#1723 = CARTESIAN_POINT('',(17.312809861412,22.12534551342,9.5));
#1724 = CARTESIAN_POINT('',(17.138,22.446,9.5));
#1725 = PCURVE('',#187,#1726);
#1726 = DEFINITIONAL_REPRESENTATION('',(#1727),#1754);
#1727 = B_SPLINE_CURVE_WITH_KNOTS('',7,(#1728,#1729,#1730,#1731,#1732,
    #1733,#1734,#1735,#1736,#1737,#1738,#1739,#1740,#1741,#1742,#1743,
    #1744,#1745,#1746,#1747,#1748,#1749,#1750,#1751,#1752,#1753),
  .UNSPECIFIED.,.F.,.F.,(8,6,6,6,8),(0.,0.259937394564,0.616198062411,
    0.878465009045,1.),.UNSPECIFIED.);
#1728 = CARTESIAN_POINT('',(30.35477062903,-12.54854673095));
#1729 = CARTESIAN_POINT('',(29.540856812889,-12.75003050745));
#1730 = CARTESIAN_POINT('',(28.721513537281,-12.95495709677));
#1731 = CARTESIAN_POINT('',(27.898019635054,-13.16105969762));
#1732 = CARTESIAN_POINT('',(27.071170798662,-13.36678224157));
#1733 = CARTESIAN_POINT('',(26.241509220191,-13.57085792862));
#1734 = CARTESIAN_POINT('',(25.409428479465,-13.77209203188));
#1735 = CARTESIAN_POINT('',(23.431727211541,-14.23970210499));
#1736 = CARTESIAN_POINT('',(22.284466239363,-14.50251364779));
#1737 = CARTESIAN_POINT('',(21.133922438571,-14.75483802855));
#1738 = CARTESIAN_POINT('',(19.980657964097,-14.99370215912));
#1739 = CARTESIAN_POINT('',(18.825423061251,-15.21548855776));
#1740 = CARTESIAN_POINT('',(17.669172848444,-15.41584754413));
#1741 = CARTESIAN_POINT('',(15.662193624523,-15.71469025435));
#1742 = CARTESIAN_POINT('',(14.812049519993,-15.82600322118));
#1743 = CARTESIAN_POINT('',(13.962586116191,-15.919315315));
#1744 = CARTESIAN_POINT('',(13.114571145448,-15.99122778163));
#1745 = CARTESIAN_POINT('',(12.269913446497,-16.03678039726));
#1746 = CARTESIAN_POINT('',(11.431575539183,-16.04976950808));
#1747 = CARTESIAN_POINT('',(10.221032330709,-16.00464855642));
#1748 = CARTESIAN_POINT('',(9.840336290239,-15.98095753));
#1749 = CARTESIAN_POINT('',(9.462694204476,-15.94676121105));
#1750 = CARTESIAN_POINT('',(9.088911638474,-15.90071389636));
#1751 = CARTESIAN_POINT('',(8.720186314769,-15.84121589046));
#1752 = CARTESIAN_POINT('',(8.35813958925,-15.76634150119));
#1753 = CARTESIAN_POINT('',(8.00487427737,-15.67370561812));
#1754 = ( GEOMETRIC_REPRESENTATION_CONTEXT(2) 
PARAMETRIC_REPRESENTATION_CONTEXT() REPRESENTATION_CONTEXT('2D SPACE',''
  ) );
#1755 = PCURVE('',#1756,#1764);
#1756 = SURFACE_OF_LINEAR_EXTRUSION('',#1757,#1762);
#1757 = B_SPLINE_CURVE_WITH_KNOTS('',3,(#1758,#1759,#1760,#1761),
  .UNSPECIFIED.,.F.,.F.,(4,4),(0.,1.),.PIECEWISE_BEZIER_KNOTS.);
#1758 = CARTESIAN_POINT('',(17.138,22.446,9.34));
#1759 = CARTESIAN_POINT('',(19.66975,17.802,9.34));
#1760 = CARTESIAN_POINT('',(19.475,7.224,9.34));
#1761 = CARTESIAN_POINT('',(19.475,0.,9.34));
#1762 = VECTOR('',#1763,1.);
#1763 = DIRECTION('',(-0.,-0.,-1.));
#1764 = DEFINITIONAL_REPRESENTATION('',(#1765),#1792);
#1765 = B_SPLINE_CURVE_WITH_KNOTS('',7,(#1766,#1767,#1768,#1769,#1770,
    #1771,#1772,#1773,#1774,#1775,#1776,#1777,#1778,#1779,#1780,#1781,
    #1782,#1783,#1784,#1785,#1786,#1787,#1788,#1789,#1790,#1791),
  .UNSPECIFIED.,.F.,.F.,(8,6,6,6,8),(0.,0.259937394564,0.616198062411,
    0.878465009045,1.),.UNSPECIFIED.);
#1766 = CARTESIAN_POINT('',(1.,-0.16));
#1767 = CARTESIAN_POINT('',(0.961310372315,-0.16));
#1768 = CARTESIAN_POINT('',(0.923960157156,-0.16));
#1769 = CARTESIAN_POINT('',(0.887591228704,-0.16));
#1770 = CARTESIAN_POINT('',(0.851975326653,-0.16));
#1771 = CARTESIAN_POINT('',(0.816938604058,-0.16));
#1772 = CARTESIAN_POINT('',(0.782325223277,-0.16));
#1773 = CARTESIAN_POINT('',(0.70095510679,-0.16));
#1774 = CARTESIAN_POINT('',(0.654462458368,-0.16));
#1775 = CARTESIAN_POINT('',(0.608165515203,-0.16));
#1776 = CARTESIAN_POINT('',(0.561778501541,-0.16));
#1777 = CARTESIAN_POINT('',(0.515011980231,-0.16));
#1778 = CARTESIAN_POINT('',(0.467562595263,-0.16));
#1779 = CARTESIAN_POINT('',(0.383249874517,-0.16));
#1780 = CARTESIAN_POINT('',(0.346926369297,-0.16));
#1781 = CARTESIAN_POINT('',(0.309828947245,-0.16));
#1782 = CARTESIAN_POINT('',(0.271760456946,-0.16));
#1783 = CARTESIAN_POINT('',(0.232482748152,-0.16));
#1784 = CARTESIAN_POINT('',(0.191730077565,-0.16));
#1785 = CARTESIAN_POINT('',(0.129198802567,-0.16));
#1786 = CARTESIAN_POINT('',(0.108985575653,-0.16));
#1787 = CARTESIAN_POINT('',(8.8308396E-02,-0.16));
#1788 = CARTESIAN_POINT('',(6.711868476684E-02,-0.16));
#1789 = CARTESIAN_POINT('',(4.537025495608E-02,-0.16));
#1790 = CARTESIAN_POINT('',(2.301568235573E-02,-0.16));
#1791 = CARTESIAN_POINT('',(0.,-0.16));
#1792 = ( GEOMETRIC_REPRESENTATION_CONTEXT(2) 
PARAMETRIC_REPRESENTATION_CONTEXT() REPRESENTATION_CONTEXT('2D SPACE',''
  ) );
#1793 = ORIENTED_EDGE('',*,*,#1794,.T.);
#1794 = EDGE_CURVE('',#1695,#1795,#1797,.T.);
#1795 = VERTEX_POINT('',#1796);
#1796 = CARTESIAN_POINT('',(0.,25.8,9.5));
#1797 = SURFACE_CURVE('',#1798,(#1819,#1843),.PCURVE_S1.);
#1798 = B_SPLINE_CURVE_WITH_KNOTS('',7,(#1799,#1800,#1801,#1802,#1803,
    #1804,#1805,#1806,#1807,#1808,#1809,#1810,#1811,#1812,#1813,#1814,
    #1815,#1816,#1817,#1818),.UNSPECIFIED.,.F.,.F.,(8,6,6,8),(0.,
    0.16822763585,0.481994572046,1.),.UNSPECIFIED.);
#1799 = CARTESIAN_POINT('',(17.138,22.446,9.5));
#1800 = CARTESIAN_POINT('',(16.930008826099,22.721541580829,9.5));
#1801 = CARTESIAN_POINT('',(16.684310177628,22.976073889824,9.5));
#1802 = CARTESIAN_POINT('',(16.406200116587,23.209311573498,9.5));
#1803 = CARTESIAN_POINT('',(16.101519845262,23.422375519396,9.5));
#1804 = CARTESIAN_POINT('',(15.775466447762,23.61692656054,9.5));
#1805 = CARTESIAN_POINT('',(15.43198791642,23.794715711704,9.5));
#1806 = CARTESIAN_POINT('',(14.405624303719,24.261260311113,9.5));
#1807 = CARTESIAN_POINT('',(13.687817389836,24.512198546686,9.5));
#1808 = CARTESIAN_POINT('',(12.936894954267,24.722886548251,9.5));
#1809 = CARTESIAN_POINT('',(12.163061224389,24.900576412637,9.5));
#1810 = CARTESIAN_POINT('',(11.373344117377,25.051314105321,9.5));
#1811 = CARTESIAN_POINT('',(10.571147573252,25.179484562269,9.5));
#1812 = CARTESIAN_POINT('',(8.412787202072,25.468770413229,9.5));
#1813 = CARTESIAN_POINT('',(7.040905502724,25.596355005972,9.5));
#1814 = CARTESIAN_POINT('',(5.65142143059,25.686641875829,9.5));
#1815 = CARTESIAN_POINT('',(4.249772429287,25.746956114692,9.5));
#1816 = CARTESIAN_POINT('',(2.839758165735,25.78340481044,9.5));
#1817 = CARTESIAN_POINT('',(1.423078706874,25.8,9.5));
#1818 = CARTESIAN_POINT('',(0.,25.8,9.5));
#1819 = PCURVE('',#187,#1820);
#1820 = DEFINITIONAL_REPRESENTATION('',(#1821),#1842);
#1821 = B_SPLINE_CURVE_WITH_KNOTS('',7,(#1822,#1823,#1824,#1825,#1826,
    #1827,#1828,#1829,#1830,#1831,#1832,#1833,#1834,#1835,#1836,#1837,
    #1838,#1839,#1840,#1841),.UNSPECIFIED.,.F.,.F.,(8,6,6,8),(0.,
    0.16822763585,0.481994572046,1.),.UNSPECIFIED.);
#1822 = CARTESIAN_POINT('',(8.00487427737,-15.67370561812));
#1823 = CARTESIAN_POINT('',(7.687426711194,-15.53802019548));
#1824 = CARTESIAN_POINT('',(7.381311882801,-15.36068369608));
#1825 = CARTESIAN_POINT('',(7.088079407231,-15.1467684362));
#1826 = CARTESIAN_POINT('',(6.808044856866,-14.90221381372));
#1827 = CARTESIAN_POINT('',(6.540844900169,-14.63246372795));
#1828 = CARTESIAN_POINT('',(6.285728514456,-14.34177125555));
#1829 = CARTESIAN_POINT('',(5.586222759976,-13.45758924479));
#1830 = CARTESIAN_POINT('',(5.17015097011,-12.8211137705));
#1831 = CARTESIAN_POINT('',(4.785192541401,-12.14282110033));
#1832 = CARTESIAN_POINT('',(4.426759900924,-11.43435912418));
#1833 = CARTESIAN_POINT('',(4.090673012417,-10.7040026602));
#1834 = CARTESIAN_POINT('',(3.773493373191,-9.956109594388));
#1835 = CARTESIAN_POINT('',(2.974038333755,-7.930504145302));
#1836 = CARTESIAN_POINT('',(2.520534329161,-6.62947711133));
#1837 = CARTESIAN_POINT('',(2.099005431791,-5.302400966467));
#1838 = CARTESIAN_POINT('',(1.703647773371,-3.956314025666));
#1839 = CARTESIAN_POINT('',(1.329446250526,-2.596372133105));
#1840 = CARTESIAN_POINT('',(0.972914899649,-1.22518961961));
#1841 = CARTESIAN_POINT('',(0.630954779967,0.156192399423));
#1842 = ( GEOMETRIC_REPRESENTATION_CONTEXT(2) 
PARAMETRIC_REPRESENTATION_CONTEXT() REPRESENTATION_CONTEXT('2D SPACE',''
  ) );
#1843 = PCURVE('',#1844,#1852);
#1844 = SURFACE_OF_LINEAR_EXTRUSION('',#1845,#1850);
#1845 = B_SPLINE_CURVE_WITH_KNOTS('',3,(#1846,#1847,#1848,#1849),
  .UNSPECIFIED.,.F.,.F.,(4,4),(0.,1.),.PIECEWISE_BEZIER_KNOTS.);
#1846 = CARTESIAN_POINT('',(0.,25.8,9.34));
#1847 = CARTESIAN_POINT('',(8.569,25.8,9.34));
#1848 = CARTESIAN_POINT('',(15.1905,25.026,9.34));
#1849 = CARTESIAN_POINT('',(17.138,22.446,9.34));
#1850 = VECTOR('',#1851,1.);
#1851 = DIRECTION('',(-0.,-0.,-1.));
#1852 = DEFINITIONAL_REPRESENTATION('',(#1853),#1874);
#1853 = B_SPLINE_CURVE_WITH_KNOTS('',7,(#1854,#1855,#1856,#1857,#1858,
    #1859,#1860,#1861,#1862,#1863,#1864,#1865,#1866,#1867,#1868,#1869,
    #1870,#1871,#1872,#1873),.UNSPECIFIED.,.F.,.F.,(8,6,6,8),(0.,
    0.16822763585,0.481994572046,1.),.UNSPECIFIED.);
#1854 = CARTESIAN_POINT('',(1.,-0.16));
#1855 = CARTESIAN_POINT('',(0.964400312554,-0.16));
#1856 = CARTESIAN_POINT('',(0.929444724877,-0.16));
#1857 = CARTESIAN_POINT('',(0.895365508543,-0.16));
#1858 = CARTESIAN_POINT('',(0.862275525412,-0.16));
#1859 = CARTESIAN_POINT('',(0.830208984442,-0.16));
#1860 = CARTESIAN_POINT('',(0.799143006906,-0.16));
#1861 = CARTESIAN_POINT('',(0.712779279327,-0.16));
#1862 = CARTESIAN_POINT('',(0.659907508173,-0.16));
#1863 = CARTESIAN_POINT('',(0.609770453757,-0.16));
#1864 = CARTESIAN_POINT('',(0.562036657202,-0.16));
#1865 = CARTESIAN_POINT('',(0.516372887543,-0.16));
#1866 = CARTESIAN_POINT('',(0.472472044409,-0.16));
#1867 = CARTESIAN_POINT('',(0.359881874085,-0.16));
#1868 = CARTESIAN_POINT('',(0.293917991802,-0.16));
#1869 = CARTESIAN_POINT('',(0.230970360628,-0.16));
#1870 = CARTESIAN_POINT('',(0.170516068455,-0.16));
#1871 = CARTESIAN_POINT('',(0.112090623961,-0.16));
#1872 = CARTESIAN_POINT('',(5.535763437485E-02,-0.16));
#1873 = CARTESIAN_POINT('',(0.,-0.16));
#1874 = ( GEOMETRIC_REPRESENTATION_CONTEXT(2) 
PARAMETRIC_REPRESENTATION_CONTEXT() REPRESENTATION_CONTEXT('2D SPACE',''
  ) );
#1875 = ORIENTED_EDGE('',*,*,#1876,.T.);
#1876 = EDGE_CURVE('',#1795,#1877,#1879,.T.);
#1877 = VERTEX_POINT('',#1878);
#1878 = CARTESIAN_POINT('',(-17.138,22.446,9.5));
#1879 = SURFACE_CURVE('',#1880,(#1901,#1925),.PCURVE_S1.);
#1880 = B_SPLINE_CURVE_WITH_KNOTS('',7,(#1881,#1882,#1883,#1884,#1885,
    #1886,#1887,#1888,#1889,#1890,#1891,#1892,#1893,#1894,#1895,#1896,
    #1897,#1898,#1899,#1900),.UNSPECIFIED.,.F.,.F.,(8,6,6,8),(0.,
    0.494580186047,0.81566630699,1.),.UNSPECIFIED.);
#1881 = CARTESIAN_POINT('',(0.,25.8,9.5));
#1882 = CARTESIAN_POINT('',(-1.358692907287,25.8,9.5));
#1883 = CARTESIAN_POINT('',(-2.711724105755,25.784870192692,9.5));
#1884 = CARTESIAN_POINT('',(-4.058697429307,25.751781689494,9.5));
#1885 = CARTESIAN_POINT('',(-5.39808054799,25.69723760422,9.5));
#1886 = CARTESIAN_POINT('',(-6.726760567165,25.616145305117,9.5));
#1887 = CARTESIAN_POINT('',(-8.040269697403,25.502238942993,9.5));
#1888 = CARTESIAN_POINT('',(-10.16848183378,25.240247154067,9.5));
#1889 = CARTESIAN_POINT('',(-10.9947492906,25.118389716192,9.5));
#1890 = CARTESIAN_POINT('',(-11.80910998242,24.974368105054,9.5));
#1891 = CARTESIAN_POINT('',(-12.60840826216,24.803899313762,9.5));
#1892 = CARTESIAN_POINT('',(-13.38601416371,24.601003239357,9.5));
#1893 = CARTESIAN_POINT('',(-14.13227297461,24.358498644026,9.5));
#1894 = CARTESIAN_POINT('',(-15.23252444584,23.894489052947,9.5));
#1895 = CARTESIAN_POINT('',(-15.61763956511,23.708269354904,9.5));
#1896 = CARTESIAN_POINT('',(-15.98362268903,23.502760249291,9.5));
#1897 = CARTESIAN_POINT('',(-16.3255587555,23.275586719194,9.5));
#1898 = CARTESIAN_POINT('',(-16.63695844614,23.024563439612,9.5));
#1899 = CARTESIAN_POINT('',(-16.91007869512,22.747944527131,9.5));
#1900 = CARTESIAN_POINT('',(-17.138,22.446,9.5));
#1901 = PCURVE('',#187,#1902);
#1902 = DEFINITIONAL_REPRESENTATION('',(#1903),#1924);
#1903 = B_SPLINE_CURVE_WITH_KNOTS('',7,(#1904,#1905,#1906,#1907,#1908,
    #1909,#1910,#1911,#1912,#1913,#1914,#1915,#1916,#1917,#1918,#1919,
    #1920,#1921,#1922,#1923),.UNSPECIFIED.,.F.,.F.,(8,6,6,8),(0.,
    0.494580186047,0.81566630699,1.),.UNSPECIFIED.);
#1904 = CARTESIAN_POINT('',(0.630954779967,0.156192399423));
#1905 = CARTESIAN_POINT('',(0.304466310324,1.475075144591));
#1906 = CARTESIAN_POINT('',(-5.975174508844E-03,2.792097703089));
#1907 = CARTESIAN_POINT('',(-0.297528476215,4.107555287228));
#1908 = CARTESIAN_POINT('',(-0.566430955801,5.420800752601));
#1909 = CARTESIAN_POINT('',(-0.80699118122,6.730036152472));
#1910 = CARTESIAN_POINT('',(-1.012053302858,8.032430263645));
#1911 = CARTESIAN_POINT('',(-1.269138823669,10.161240642684));
#1912 = CARTESIAN_POINT('',(-1.349400614043,10.992580038098));
#1913 = CARTESIAN_POINT('',(-1.405286500943,11.817687502919));
#1914 = CARTESIAN_POINT('',(-1.431880681659,12.634529041008));
#1915 = CARTESIAN_POINT('',(-1.421785117947,13.438105941334));
#1916 = CARTESIAN_POINT('',(-1.365708995909,14.220772000473));
#1917 = CARTESIAN_POINT('',(-1.179681069476,15.400285379433));
#1918 = CARTESIAN_POINT('',(-1.091459293982,15.818864343742));
#1919 = CARTESIAN_POINT('',(-0.97991595515,16.223507054096));
#1920 = CARTESIAN_POINT('',(-0.841564555112,16.610013168457));
#1921 = CARTESIAN_POINT('',(-0.672724442383,16.972608632522));
#1922 = CARTESIAN_POINT('',(-0.469840260781,17.304196783692));
#1923 = CARTESIAN_POINT('',(-0.231511388182,17.597995979007));
#1924 = ( GEOMETRIC_REPRESENTATION_CONTEXT(2) 
PARAMETRIC_REPRESENTATION_CONTEXT() REPRESENTATION_CONTEXT('2D SPACE',''
  ) );
#1925 = PCURVE('',#1926,#1934);
#1926 = SURFACE_OF_LINEAR_EXTRUSION('',#1927,#1932);
#1927 = B_SPLINE_CURVE_WITH_KNOTS('',3,(#1928,#1929,#1930,#1931),
  .UNSPECIFIED.,.F.,.F.,(4,4),(0.,1.),.PIECEWISE_BEZIER_KNOTS.);
#1928 = CARTESIAN_POINT('',(-17.138,22.446,9.34));
#1929 = CARTESIAN_POINT('',(-15.1905,25.026,9.34));
#1930 = CARTESIAN_POINT('',(-8.569,25.8,9.34));
#1931 = CARTESIAN_POINT('',(0.,25.8,9.34));
#1932 = VECTOR('',#1933,1.);
#1933 = DIRECTION('',(-0.,-0.,-1.));
#1934 = DEFINITIONAL_REPRESENTATION('',(#1935),#1956);
#1935 = B_SPLINE_CURVE_WITH_KNOTS('',7,(#1936,#1937,#1938,#1939,#1940,
    #1941,#1942,#1943,#1944,#1945,#1946,#1947,#1948,#1949,#1950,#1951,
    #1952,#1953,#1954,#1955),.UNSPECIFIED.,.F.,.F.,(8,6,6,8),(0.,
    0.494580186047,0.81566630699,1.),.UNSPECIFIED.);
#1936 = CARTESIAN_POINT('',(1.,-0.16));
#1937 = CARTESIAN_POINT('',(0.947146967469,-0.16));
#1938 = CARTESIAN_POINT('',(0.893033311201,-0.16));
#1939 = CARTESIAN_POINT('',(0.837390166433,-0.16));
#1940 = CARTESIAN_POINT('',(0.779926272373,-0.16));
#1941 = CARTESIAN_POINT('',(0.720252091557,-0.16));
#1942 = CARTESIAN_POINT('',(0.657913198292,-0.16));
#1943 = CARTESIAN_POINT('',(0.549208530071,-0.16));
#1944 = CARTESIAN_POINT('',(0.505001739089,-0.16));
#1945 = CARTESIAN_POINT('',(0.459050829176,-0.16));
#1946 = CARTESIAN_POINT('',(0.411049299131,-0.16));
#1947 = CARTESIAN_POINT('',(0.360655150013,-0.16));
#1948 = CARTESIAN_POINT('',(0.307522843558,-0.16));
#1949 = CARTESIAN_POINT('',(0.218550561009,-0.16));
#1950 = CARTESIAN_POINT('',(0.185029995848,-0.16));
#1951 = CARTESIAN_POINT('',(0.150322689103,-0.16));
#1952 = CARTESIAN_POINT('',(0.114380664626,-0.16));
#1953 = CARTESIAN_POINT('',(7.723553808746E-02,-0.16));
#1954 = CARTESIAN_POINT('',(3.901092081794E-02,-0.16));
#1955 = CARTESIAN_POINT('',(0.,-0.16));
#1956 = ( GEOMETRIC_REPRESENTATION_CONTEXT(2) 
PARAMETRIC_REPRESENTATION_CONTEXT() REPRESENTATION_CONTEXT('2D SPACE',''
  ) );
#1957 = ORIENTED_EDGE('',*,*,#1958,.T.);
#1958 = EDGE_CURVE('',#1877,#1959,#1961,.T.);
#1959 = VERTEX_POINT('',#1960);
#1960 = CARTESIAN_POINT('',(-19.475,0.,9.5));
#1961 = SURFACE_CURVE('',#1962,(#1989,#2019),.PCURVE_S1.);
#1962 = B_SPLINE_CURVE_WITH_KNOTS('',7,(#1963,#1964,#1965,#1966,#1967,
    #1968,#1969,#1970,#1971,#1972,#1973,#1974,#1975,#1976,#1977,#1978,
    #1979,#1980,#1981,#1982,#1983,#1984,#1985,#1986,#1987,#1988),
  .UNSPECIFIED.,.F.,.F.,(8,6,6,6,8),(0.,0.213178069305,0.502362405974,
    0.741165576464,1.),.UNSPECIFIED.);
#1963 = CARTESIAN_POINT('',(-17.138,22.446,9.5));
#1964 = CARTESIAN_POINT('',(-17.44460357787,21.883595728,9.5));
#1965 = CARTESIAN_POINT('',(-17.70426748199,21.282569762942,9.5));
#1966 = CARTESIAN_POINT('',(-17.92762953103,20.655944533719,9.5));
#1967 = CARTESIAN_POINT('',(-18.12093824187,20.011836159785,9.5));
#1968 = CARTESIAN_POINT('',(-18.28946633484,19.355811951528,9.5));
#1969 = CARTESIAN_POINT('',(-18.43713517464,18.690590523442,9.5));
#1970 = CARTESIAN_POINT('',(-18.74358863408,17.102260070829,9.5));
#1971 = CARTESIAN_POINT('',(-18.88707396756,16.174283838543,9.5));
#1972 = CARTESIAN_POINT('',(-19.00526175779,15.237296575683,9.5));
#1973 = CARTESIAN_POINT('',(-19.10256623757,14.294167967144,9.5));
#1974 = CARTESIAN_POINT('',(-19.18255528998,13.346935659079,9.5));
#1975 = CARTESIAN_POINT('',(-19.24787878108,12.39677362198,9.5));
#1976 = CARTESIAN_POINT('',(-19.34444274825,10.657632724981,9.5));
#1977 = CARTESIAN_POINT('',(-19.3796242852,9.869676843119,9.5));
#1978 = CARTESIAN_POINT('',(-19.40754693813,9.080909604988,9.5));
#1979 = CARTESIAN_POINT('',(-19.42924088909,8.291805269008,9.5));
#1980 = CARTESIAN_POINT('',(-19.44559993779,7.502792904631,9.5));
#1981 = CARTESIAN_POINT('',(-19.45744937813,6.714286419516,9.5));
#1982 = CARTESIAN_POINT('',(-19.47446322452,5.073079767213,9.5));
#1983 = CARTESIAN_POINT('',(-19.47898293502,4.220621042311,9.5));
#1984 = CARTESIAN_POINT('',(-19.48020815639,3.369825135318,9.5));
#1985 = CARTESIAN_POINT('',(-19.47919141978,2.52135437005,9.5));
#1986 = CARTESIAN_POINT('',(-19.47702034082,1.676031683229,9.5));
#1987 = CARTESIAN_POINT('',(-19.475,0.834992003921,9.5));
#1988 = CARTESIAN_POINT('',(-19.475,0.,9.5));
#1989 = PCURVE('',#187,#1990);
#1990 = DEFINITIONAL_REPRESENTATION('',(#1991),#2018);
#1991 = B_SPLINE_CURVE_WITH_KNOTS('',7,(#1992,#1993,#1994,#1995,#1996,
    #1997,#1998,#1999,#2000,#2001,#2002,#2003,#2004,#2005,#2006,#2007,
    #2008,#2009,#2010,#2011,#2012,#2013,#2014,#2015,#2016,#2017),
  .UNSPECIFIED.,.F.,.F.,(8,6,6,6,8),(0.,0.213178069305,0.502362405974,
    0.741165576464,1.),.UNSPECIFIED.);
#1992 = CARTESIAN_POINT('',(-0.231511388182,17.597995979007));
#1993 = CARTESIAN_POINT('',(0.240738635191,18.030759464702));
#1994 = CARTESIAN_POINT('',(0.761758138743,18.4272392633));
#1995 = CARTESIAN_POINT('',(1.316350029891,18.794632264221));
#1996 = CARTESIAN_POINT('',(1.895134500623,19.13705362964));
#1997 = CARTESIAN_POINT('',(2.491440351025,19.458283785008));
#1998 = CARTESIAN_POINT('',(3.101686334686,19.761475925499));
#1999 = CARTESIAN_POINT('',(4.569838627149,20.440619647874));
#2000 = CARTESIAN_POINT('',(5.43614589013,20.802889788403));
#2001 = CARTESIAN_POINT('',(6.317279055869,21.142768926856));
#2002 = CARTESIAN_POINT('',(7.20939179973,21.463852383717));
#2003 = CARTESIAN_POINT('',(8.109648831253,21.769113863669));
#2004 = CARTESIAN_POINT('',(9.016273825462,22.060843490391));
#2005 = CARTESIAN_POINT('',(10.681253370489,22.572486700073));
#2006 = CARTESIAN_POINT('',(11.437667895706,22.795980051973));
#2007 = CARTESIAN_POINT('',(12.19661428497,23.012622173266));
#2008 = CARTESIAN_POINT('',(12.957384627162,23.22329909894));
#2009 = CARTESIAN_POINT('',(13.719347648219,23.428775336389));
#2010 = CARTESIAN_POINT('',(14.481903253295,23.629752537762));
#2011 = CARTESIAN_POINT('',(16.0709336359,24.040643264952));
#2012 = CARTESIAN_POINT('',(16.897328963242,24.249872967413));
#2013 = CARTESIAN_POINT('',(17.722901846363,24.455505141888));
#2014 = CARTESIAN_POINT('',(18.54675644873,24.658402326262));
#2015 = CARTESIAN_POINT('',(19.36783259626,24.859422520256));
#2016 = CARTESIAN_POINT('',(20.18471500808,25.05955984613));
#2017 = CARTESIAN_POINT('',(20.99524146363,25.260205083963));
#2018 = ( GEOMETRIC_REPRESENTATION_CONTEXT(2) 
PARAMETRIC_REPRESENTATION_CONTEXT() REPRESENTATION_CONTEXT('2D SPACE',''
  ) );
#2019 = PCURVE('',#2020,#2028);
#2020 = SURFACE_OF_LINEAR_EXTRUSION('',#2021,#2026);
#2021 = B_SPLINE_CURVE_WITH_KNOTS('',3,(#2022,#2023,#2024,#2025),
  .UNSPECIFIED.,.F.,.F.,(4,4),(0.,1.),.PIECEWISE_BEZIER_KNOTS.);
#2022 = CARTESIAN_POINT('',(-19.475,0.,9.34));
#2023 = CARTESIAN_POINT('',(-19.475,7.224,9.34));
#2024 = CARTESIAN_POINT('',(-19.66975,17.802,9.34));
#2025 = CARTESIAN_POINT('',(-17.138,22.446,9.34));
#2026 = VECTOR('',#2027,1.);
#2027 = DIRECTION('',(-0.,-0.,-1.));
#2028 = DEFINITIONAL_REPRESENTATION('',(#2029),#2056);
#2029 = B_SPLINE_CURVE_WITH_KNOTS('',7,(#2030,#2031,#2032,#2033,#2034,
    #2035,#2036,#2037,#2038,#2039,#2040,#2041,#2042,#2043,#2044,#2045,
    #2046,#2047,#2048,#2049,#2050,#2051,#2052,#2053,#2054,#2055),
  .UNSPECIFIED.,.F.,.F.,(8,6,6,6,8),(0.,0.213178069305,0.502362405974,
    0.741165576464,1.),.UNSPECIFIED.);
#2030 = CARTESIAN_POINT('',(1.,-0.16));
#2031 = CARTESIAN_POINT('',(0.959632194086,-0.16));
#2032 = CARTESIAN_POINT('',(0.921350166833,-0.16));
#2033 = CARTESIAN_POINT('',(0.884759559684,-0.16));
#2034 = CARTESIAN_POINT('',(0.849646404269,-0.16));
#2035 = CARTESIAN_POINT('',(0.815792472199,-0.16));
#2036 = CARTESIAN_POINT('',(0.782989381218,-0.16));
#2037 = CARTESIAN_POINT('',(0.707605161037,-0.16));
#2038 = CARTESIAN_POINT('',(0.665827561035,-0.16));
#2039 = CARTESIAN_POINT('',(0.625232357213,-0.16));
#2040 = CARTESIAN_POINT('',(0.58556341307,-0.16));
#2041 = CARTESIAN_POINT('',(0.546596279824,-0.16));
#2042 = CARTESIAN_POINT('',(0.508139786894,-0.16));
#2043 = CARTESIAN_POINT('',(0.438504857016,-0.16));
#2044 = CARTESIAN_POINT('',(0.407236390957,-0.16));
#2045 = CARTESIAN_POINT('',(0.376095596086,-0.16));
#2046 = CARTESIAN_POINT('',(0.344992594375,-0.16));
#2047 = CARTESIAN_POINT('',(0.313839564858,-0.16));
#2048 = CARTESIAN_POINT('',(0.282543672989,-0.16));
#2049 = CARTESIAN_POINT('',(0.216810385191,-0.16));
#2050 = CARTESIAN_POINT('',(0.182332235984,-0.16));
#2051 = CARTESIAN_POINT('',(0.14743173874,-0.16));
#2052 = CARTESIAN_POINT('',(0.111954699725,-0.16));
#2053 = CARTESIAN_POINT('',(7.572895969029E-02,-0.16));
#2054 = CARTESIAN_POINT('',(3.85286085235E-02,-0.16));
#2055 = CARTESIAN_POINT('',(0.,-0.16));
#2056 = ( GEOMETRIC_REPRESENTATION_CONTEXT(2) 
PARAMETRIC_REPRESENTATION_CONTEXT() REPRESENTATION_CONTEXT('2D SPACE',''
  ) );
#2057 = ORIENTED_EDGE('',*,*,#2058,.T.);
#2058 = EDGE_CURVE('',#1959,#2059,#2061,.T.);
#2059 = VERTEX_POINT('',#2060);
#2060 = CARTESIAN_POINT('',(-16.359,-22.704,9.5));
#2061 = SURFACE_CURVE('',#2062,(#2095,#2131),.PCURVE_S1.);
#2062 = B_SPLINE_CURVE_WITH_KNOTS('',7,(#2063,#2064,#2065,#2066,#2067,
    #2068,#2069,#2070,#2071,#2072,#2073,#2074,#2075,#2076,#2077,#2078,
    #2079,#2080,#2081,#2082,#2083,#2084,#2085,#2086,#2087,#2088,#2089,
    #2090,#2091,#2092,#2093,#2094),.UNSPECIFIED.,.F.,.F.,(8,6,6,6,6,8),(
    0.,0.173501564263,0.560583561996,0.820061018171,0.97931762241,1.),
  .UNSPECIFIED.);
#2063 = CARTESIAN_POINT('',(-19.475,0.,9.5));
#2064 = CARTESIAN_POINT('',(-19.475,-0.581861334108,9.5));
#2065 = CARTESIAN_POINT('',(-19.47424721811,-1.165115061077,9.5));
#2066 = CARTESIAN_POINT('',(-19.4724615487,-1.749496901072,9.5));
#2067 = CARTESIAN_POINT('',(-19.46938885592,-2.334787819528,9.5));
#2068 = CARTESIAN_POINT('',(-19.46478935122,-2.920803295152,9.5));
#2069 = CARTESIAN_POINT('',(-19.45842597087,-3.507382587923,9.5));
#2070 = CARTESIAN_POINT('',(-19.43137210498,-5.403964813831,9.5));
#2071 = CARTESIAN_POINT('',(-19.4026947366,-6.71536935861,9.5));
#2072 = CARTESIAN_POINT('',(-19.36129107937,-8.027246533721,9.5));
#2073 = CARTESIAN_POINT('',(-19.30431817956,-9.338211783031,9.5));
#2074 = CARTESIAN_POINT('',(-19.22814130507,-10.64642691646,9.5));
#2075 = CARTESIAN_POINT('',(-19.12836128514,-11.94959986656,9.5));
#2076 = CARTESIAN_POINT('',(-18.9096312831,-14.11198705607,9.5));
#2077 = CARTESIAN_POINT('',(-18.80791774587,-14.97523956333,9.5));
#2078 = CARTESIAN_POINT('',(-18.68993067358,-15.83351269412,9.5));
#2079 = CARTESIAN_POINT('',(-18.55283220563,-16.68535341356,9.5));
#2080 = CARTESIAN_POINT('',(-18.39255212007,-17.52786284299,9.5));
#2081 = CARTESIAN_POINT('',(-18.20417632404,-18.35691746013,9.5));
#2082 = CARTESIAN_POINT('',(-17.83945222998,-19.6614396449,9.5));
#2083 = CARTESIAN_POINT('',(-17.68682195665,-20.14885810016,9.5));
#2084 = CARTESIAN_POINT('',(-17.51792573024,-20.62671786144,9.5));
#2085 = CARTESIAN_POINT('',(-17.33001839672,-21.09241138605,9.5));
#2086 = CARTESIAN_POINT('',(-17.11974108504,-21.54133372821,9.5));
#2087 = CARTESIAN_POINT('',(-16.88315808269,-21.96692188258,9.5));
#2088 = CARTESIAN_POINT('',(-16.57974464457,-22.41068670813,9.5));
#2089 = CARTESIAN_POINT('',(-16.54433871986,-22.46112857184,9.5));
#2090 = CARTESIAN_POINT('',(-16.50839151283,-22.51098206812,9.5));
#2091 = CARTESIAN_POINT('',(-16.47189330447,-22.56022251571,9.5));
#2092 = CARTESIAN_POINT('',(-16.43483467701,-22.60882398311,9.5));
#2093 = CARTESIAN_POINT('',(-16.39720651393,-22.65675928854,9.5));
#2094 = CARTESIAN_POINT('',(-16.359,-22.704,9.5));
#2095 = PCURVE('',#187,#2096);
#2096 = DEFINITIONAL_REPRESENTATION('',(#2097),#2130);
#2097 = B_SPLINE_CURVE_WITH_KNOTS('',7,(#2098,#2099,#2100,#2101,#2102,
    #2103,#2104,#2105,#2106,#2107,#2108,#2109,#2110,#2111,#2112,#2113,
    #2114,#2115,#2116,#2117,#2118,#2119,#2120,#2121,#2122,#2123,#2124,
    #2125,#2126,#2127,#2128,#2129),.UNSPECIFIED.,.F.,.F.,(8,6,6,6,6,8),(
    0.,0.173501564263,0.560583561996,0.820061018171,0.97931762241,1.),
  .UNSPECIFIED.);
#2098 = CARTESIAN_POINT('',(20.99524146363,25.260205083963));
#2099 = CARTESIAN_POINT('',(21.560054063681,25.400024034587));
#2100 = CARTESIAN_POINT('',(22.126399149486,25.539446846524));
#2101 = CARTESIAN_POINT('',(22.694087492963,25.678138115938));
#2102 = CARTESIAN_POINT('',(23.262967545161,25.815798520117));
#2103 = CARTESIAN_POINT('',(23.832917811553,25.952150956672));
#2104 = CARTESIAN_POINT('',(24.403839227321,26.086926682729));
#2105 = CARTESIAN_POINT('',(26.251351887727,26.516406625139));
#2106 = CARTESIAN_POINT('',(27.531222892303,26.803694778689));
#2107 = CARTESIAN_POINT('',(28.814610755277,27.078743099136));
#2108 = CARTESIAN_POINT('',(30.100854638884,27.338459228966));
#2109 = CARTESIAN_POINT('',(31.389043624227,27.578873225225));
#2110 = CARTESIAN_POINT('',(32.678009905322,27.795164039713));
#2111 = CARTESIAN_POINT('',(34.829598362565,28.102455890952));
#2112 = CARTESIAN_POINT('',(35.691998635187,28.21115871851));
#2113 = CARTESIAN_POINT('',(36.55347589413,28.302868306847));
#2114 = CARTESIAN_POINT('',(37.413301605459,28.374480787182));
#2115 = CARTESIAN_POINT('',(38.269639886708,28.421348607487));
#2116 = CARTESIAN_POINT('',(39.11966887304,28.437710793594));
#2117 = CARTESIAN_POINT('',(40.473609856779,28.39714470071));
#2118 = CARTESIAN_POINT('',(40.983423230324,28.366111250751));
#2119 = CARTESIAN_POINT('',(41.487866626312,28.31699152972));
#2120 = CARTESIAN_POINT('',(41.985068553453,28.246494235453));
#2121 = CARTESIAN_POINT('',(42.471366115721,28.150252362919));
#2122 = CARTESIAN_POINT('',(42.941334342028,28.022868453387));
#2123 = CARTESIAN_POINT('',(43.445005743225,27.834980043847));
#2124 = CARTESIAN_POINT('',(43.502477545305,27.812732502751));
#2125 = CARTESIAN_POINT('',(43.559508287294,27.789818156756));
#2126 = CARTESIAN_POINT('',(43.616076346546,27.766221640803));
#2127 = CARTESIAN_POINT('',(43.672158814406,27.741927581834));
#2128 = CARTESIAN_POINT('',(43.727731496205,27.716920598788));
#2129 = CARTESIAN_POINT('',(43.782768911262,27.691185302601));
#2130 = ( GEOMETRIC_REPRESENTATION_CONTEXT(2) 
PARAMETRIC_REPRESENTATION_CONTEXT() REPRESENTATION_CONTEXT('2D SPACE',''
  ) );
#2131 = PCURVE('',#2132,#2140);
#2132 = SURFACE_OF_LINEAR_EXTRUSION('',#2133,#2138);
#2133 = B_SPLINE_CURVE_WITH_KNOTS('',3,(#2134,#2135,#2136,#2137),
  .UNSPECIFIED.,.F.,.F.,(4,4),(0.,1.),.PIECEWISE_BEZIER_KNOTS.);
#2134 = CARTESIAN_POINT('',(-16.359,-22.704,9.34));
#2135 = CARTESIAN_POINT('',(-19.28025,-19.092,9.34));
#2136 = CARTESIAN_POINT('',(-19.475,-8.256,9.34));
#2137 = CARTESIAN_POINT('',(-19.475,0.,9.34));
#2138 = VECTOR('',#2139,1.);
#2139 = DIRECTION('',(-0.,-0.,-1.));
#2140 = DEFINITIONAL_REPRESENTATION('',(#2141),#2174);
#2141 = B_SPLINE_CURVE_WITH_KNOTS('',7,(#2142,#2143,#2144,#2145,#2146,
    #2147,#2148,#2149,#2150,#2151,#2152,#2153,#2154,#2155,#2156,#2157,
    #2158,#2159,#2160,#2161,#2162,#2163,#2164,#2165,#2166,#2167,#2168,
    #2169,#2170,#2171,#2172,#2173),.UNSPECIFIED.,.F.,.F.,(8,6,6,6,6,8),(
    0.,0.173501564263,0.560583561996,0.820061018171,0.97931762241,1.),
  .UNSPECIFIED.);
#2142 = CARTESIAN_POINT('',(1.,-0.16));
#2143 = CARTESIAN_POINT('',(0.976507536575,-0.16));
#2144 = CARTESIAN_POINT('',(0.953361113531,-0.16));
#2145 = CARTESIAN_POINT('',(0.930500425231,-0.16));
#2146 = CARTESIAN_POINT('',(0.907875126418,-0.16));
#2147 = CARTESIAN_POINT('',(0.885442093167,-0.16));
#2148 = CARTESIAN_POINT('',(0.863162683832,-0.16));
#2149 = CARTESIAN_POINT('',(0.791555051367,-0.16));
#2150 = CARTESIAN_POINT('',(0.742701393175,-0.16));
#2151 = CARTESIAN_POINT('',(0.694022217181,-0.16));
#2152 = CARTESIAN_POINT('',(0.645185909258,-0.16));
#2153 = CARTESIAN_POINT('',(0.595846061975,-0.16));
#2154 = CARTESIAN_POINT('',(0.545637782589,-0.16));
#2155 = CARTESIAN_POINT('',(0.459385007447,-0.16));
#2156 = CARTESIAN_POINT('',(0.424155641571,-0.16));
#2157 = CARTESIAN_POINT('',(0.388116367099,-0.16));
#2158 = CARTESIAN_POINT('',(0.35107020414,-0.16));
#2159 = CARTESIAN_POINT('',(0.312767988351,-0.16));
#2160 = CARTESIAN_POINT('',(0.272930310425,-0.16));
#2161 = CARTESIAN_POINT('',(0.205264897801,-0.16));
#2162 = CARTESIAN_POINT('',(0.178790098003,-0.16));
#2163 = CARTESIAN_POINT('',(0.151409537972,-0.16));
#2164 = CARTESIAN_POINT('',(0.12297932582,-0.16));
#2165 = CARTESIAN_POINT('',(9.3363450223E-02,-0.16));
#2166 = CARTESIAN_POINT('',(6.243294106525E-02,-0.16));
#2167 = CARTESIAN_POINT('',(2.578799047818E-02,-0.16));
#2168 = CARTESIAN_POINT('',(2.155156994424E-02,-0.16));
#2169 = CARTESIAN_POINT('',(1.729058748189E-02,-0.16));
#2170 = CARTESIAN_POINT('',(1.300494874561E-02,-0.16));
#2171 = CARTESIAN_POINT('',(8.694615960692E-03,-0.16));
#2172 = CARTESIAN_POINT('',(4.359607923199E-03,-0.16));
#2173 = CARTESIAN_POINT('',(0.,-0.16));
#2174 = ( GEOMETRIC_REPRESENTATION_CONTEXT(2) 
PARAMETRIC_REPRESENTATION_CONTEXT() REPRESENTATION_CONTEXT('2D SPACE',''
  ) );
#2175 = ORIENTED_EDGE('',*,*,#2176,.T.);
#2176 = EDGE_CURVE('',#2059,#2177,#2179,.T.);
#2177 = VERTEX_POINT('',#2178);
#2178 = CARTESIAN_POINT('',(0.,-25.8,9.5));
#2179 = SURFACE_CURVE('',#2180,(#2213,#2249),.PCURVE_S1.);
#2180 = B_SPLINE_CURVE_WITH_KNOTS('',7,(#2181,#2182,#2183,#2184,#2185,
    #2186,#2187,#2188,#2189,#2190,#2191,#2192,#2193,#2194,#2195,#2196,
    #2197,#2198,#2199,#2200,#2201,#2202,#2203,#2204,#2205,#2206,#2207,
    #2208,#2209,#2210,#2211,#2212),.UNSPECIFIED.,.F.,.F.,(8,6,6,6,6,8),(
    0.,0.139908642273,0.38932673629,0.704925719637,0.791625579079,1.),
  .UNSPECIFIED.);
#2181 = CARTESIAN_POINT('',(-16.359,-22.704,9.5));
#2182 = CARTESIAN_POINT('',(-16.187473941,-22.9415622906,9.5));
#2183 = CARTESIAN_POINT('',(-15.98717691455,-23.1617758993,9.5));
#2184 = CARTESIAN_POINT('',(-15.76229177258,-23.3644248659,9.5));
#2185 = CARTESIAN_POINT('',(-15.51730827816,-23.55038101865,9.5));
#2186 = CARTESIAN_POINT('',(-15.25618299631,-23.72095331452,9.5));
#2187 = CARTESIAN_POINT('',(-14.98191575924,-23.87754451496,9.5));
#2188 = CARTESIAN_POINT('',(-14.18780213144,-24.27845304779,9.5));
#2189 = CARTESIAN_POINT('',(-13.64486240849,-24.49493897136,9.5));
#2190 = CARTESIAN_POINT('',(-13.07888085274,-24.67983223035,9.5));
#2191 = CARTESIAN_POINT('',(-12.49697070385,-24.83850427352,9.5));
#2192 = CARTESIAN_POINT('',(-11.90406670463,-24.97542893784,9.5));
#2193 = CARTESIAN_POINT('',(-11.30276407614,-25.09397790499,9.5));
#2194 = CARTESIAN_POINT('',(-9.923174723977,-25.32715228638,9.5));
#2195 = CARTESIAN_POINT('',(-9.141942274744,-25.43210270781,9.5));
#2196 = CARTESIAN_POINT('',(-8.353776754619,-25.51712167579,9.5));
#2197 = CARTESIAN_POINT('',(-7.561144148547,-25.58556554813,9.5));
#2198 = CARTESIAN_POINT('',(-6.765925928082,-25.64015612083,9.5));
#2199 = CARTESIAN_POINT('',(-5.96945573371,-25.68302357509,9.5));
#2200 = CARTESIAN_POINT('',(-4.953899310234,-25.72510862888,9.5));
#2201 = CARTESIAN_POINT('',(-4.735035939467,-25.73343428222,9.5));
#2202 = CARTESIAN_POINT('',(-4.516200139947,-25.74105395285,9.5));
#2203 = CARTESIAN_POINT('',(-4.297419519412,-25.74800469828,9.5));
#2204 = CARTESIAN_POINT('',(-4.078722016359,-25.75432247401,9.5));
#2205 = CARTESIAN_POINT('',(-3.860135900041,-25.7600421336,9.5));
#2206 = CARTESIAN_POINT('',(-3.116676396228,-25.77758766341,9.5));
#2207 = CARTESIAN_POINT('',(-2.592491459883,-25.78671873847,9.5));
#2208 = CARTESIAN_POINT('',(-2.069509070803,-25.7930644849,9.5));
#2209 = CARTESIAN_POINT('',(-1.548171864609,-25.79708142217,9.5));
#2210 = CARTESIAN_POINT('',(-1.02900113252,-25.79922714748,9.5));
#2211 = CARTESIAN_POINT('',(-0.512650049328,-25.8,9.5));
#2212 = CARTESIAN_POINT('',(2.22044604925E-15,-25.8,9.5));
#2213 = PCURVE('',#187,#2214);
#2214 = DEFINITIONAL_REPRESENTATION('',(#2215),#2248);
#2215 = B_SPLINE_CURVE_WITH_KNOTS('',7,(#2216,#2217,#2218,#2219,#2220,
    #2221,#2222,#2223,#2224,#2225,#2226,#2227,#2228,#2229,#2230,#2231,
    #2232,#2233,#2234,#2235,#2236,#2237,#2238,#2239,#2240,#2241,#2242,
    #2243,#2244,#2245,#2246,#2247),.UNSPECIFIED.,.F.,.F.,(8,6,6,6,6,8),(
    0.,0.139908642273,0.38932673629,0.704925719637,0.791625579079,1.),
  .UNSPECIFIED.);
#2216 = CARTESIAN_POINT('',(43.782768911262,27.691185302601));
#2217 = CARTESIAN_POINT('',(44.054587572055,27.581770283167));
#2218 = CARTESIAN_POINT('',(44.316479421565,27.44025847652));
#2219 = CARTESIAN_POINT('',(44.567229704714,27.270658281235));
#2220 = CARTESIAN_POINT('',(44.806605832802,27.077537405643));
#2221 = CARTESIAN_POINT('',(45.034927663162,26.865051023204));
#2222 = CARTESIAN_POINT('',(45.25283600817,26.636448147989));
#2223 = CARTESIAN_POINT('',(45.832820112876,25.961939034743));
#2224 = CARTESIAN_POINT('',(46.173429168787,25.486928330766));
#2225 = CARTESIAN_POINT('',(46.488908096113,24.981959336596));
#2226 = CARTESIAN_POINT('',(46.782761675332,24.455227609195));
#2227 = CARTESIAN_POINT('',(47.058146859501,23.912598346873));
#2228 = CARTESIAN_POINT('',(47.317712917669,23.357400931451));
#2229 = CARTESIAN_POINT('',(47.875565012499,22.074264885256));
#2230 = CARTESIAN_POINT('',(48.165167382978,21.341141977617));
#2231 = CARTESIAN_POINT('',(48.437088287539,20.59649969189));
#2232 = CARTESIAN_POINT('',(48.693993175251,19.843538278179));
#2233 = CARTESIAN_POINT('',(48.938071982492,19.084738116975));
#2234 = CARTESIAN_POINT('',(49.171072006954,18.321905646665));
#2235 = CARTESIAN_POINT('',(49.455958099849,17.346218240222));
#2236 = CARTESIAN_POINT('',(49.51663180108,17.135768261496));
#2237 = CARTESIAN_POINT('',(49.576613579872,16.925175401348));
#2238 = CARTESIAN_POINT('',(49.635932773897,16.714475363371));
#2239 = CARTESIAN_POINT('',(49.694617571661,16.503703907421));
#2240 = CARTESIAN_POINT('',(49.752695012503,16.292896849621));
#2241 = CARTESIAN_POINT('',(49.948376796616,15.575437081556));
#2242 = CARTESIAN_POINT('',(50.083199871088,15.068805102094));
#2243 = CARTESIAN_POINT('',(50.215030260695,14.562671131528));
#2244 = CARTESIAN_POINT('',(50.344204745181,14.057574535909));
#2245 = CARTESIAN_POINT('',(50.471042249794,13.554131291226));
#2246 = CARTESIAN_POINT('',(50.595869556896,13.05309518293));
#2247 = CARTESIAN_POINT('',(50.719057312694,12.555465953585));
#2248 = ( GEOMETRIC_REPRESENTATION_CONTEXT(2) 
PARAMETRIC_REPRESENTATION_CONTEXT() REPRESENTATION_CONTEXT('2D SPACE',''
  ) );
#2249 = PCURVE('',#2250,#2258);
#2250 = SURFACE_OF_LINEAR_EXTRUSION('',#2251,#2256);
#2251 = B_SPLINE_CURVE_WITH_KNOTS('',3,(#2252,#2253,#2254,#2255),
  .UNSPECIFIED.,.F.,.F.,(4,4),(0.,1.),.PIECEWISE_BEZIER_KNOTS.);
#2252 = CARTESIAN_POINT('',(0.,-25.8,9.34));
#2253 = CARTESIAN_POINT('',(-5.8425,-25.8,9.34));
#2254 = CARTESIAN_POINT('',(-14.21675,-25.671,9.34));
#2255 = CARTESIAN_POINT('',(-16.359,-22.704,9.34));
#2256 = VECTOR('',#2257,1.);
#2257 = DIRECTION('',(-0.,-0.,-1.));
#2258 = DEFINITIONAL_REPRESENTATION('',(#2259),#2292);
#2259 = B_SPLINE_CURVE_WITH_KNOTS('',7,(#2260,#2261,#2262,#2263,#2264,
    #2265,#2266,#2267,#2268,#2269,#2270,#2271,#2272,#2273,#2274,#2275,
    #2276,#2277,#2278,#2279,#2280,#2281,#2282,#2283,#2284,#2285,#2286,
    #2287,#2288,#2289,#2290,#2291),.UNSPECIFIED.,.F.,.F.,(8,6,6,6,6,8),(
    0.,0.139908642273,0.38932673629,0.704925719637,0.791625579079,1.),
  .UNSPECIFIED.);
#2260 = CARTESIAN_POINT('',(1.,-0.16));
#2261 = CARTESIAN_POINT('',(0.973310606606,-0.16));
#2262 = CARTESIAN_POINT('',(0.946980274605,-0.16));
#2263 = CARTESIAN_POINT('',(0.921168003199,-0.16));
#2264 = CARTESIAN_POINT('',(0.895955488873,-0.16));
#2265 = CARTESIAN_POINT('',(0.871371501584,-0.16));
#2266 = CARTESIAN_POINT('',(0.847404002029,-0.16));
#2267 = CARTESIAN_POINT('',(0.782277190862,-0.16));
#2268 = CARTESIAN_POINT('',(0.742435784716,-0.16));
#2269 = CARTESIAN_POINT('',(0.704121878987,-0.16));
#2270 = CARTESIAN_POINT('',(0.667130342217,-0.16));
#2271 = CARTESIAN_POINT('',(0.631254052333,-0.16));
#2272 = CARTESIAN_POINT('',(0.596289244109,-0.16));
#2273 = CARTESIAN_POINT('',(0.518612407679,-0.16));
#2274 = CARTESIAN_POINT('',(0.476401363544,-0.16));
#2275 = CARTESIAN_POINT('',(0.435008246528,-0.16));
#2276 = CARTESIAN_POINT('',(0.394191370829,-0.16));
#2277 = CARTESIAN_POINT('',(0.353728672927,-0.16));
#2278 = CARTESIAN_POINT('',(0.313410393226,-0.16));
#2279 = CARTESIAN_POINT('',(0.261898647976,-0.16));
#2280 = CARTESIAN_POINT('',(0.25079118439,-0.16));
#2281 = CARTESIAN_POINT('',(0.239673100179,-0.16));
#2282 = CARTESIAN_POINT('',(0.228539761257,-0.16));
#2283 = CARTESIAN_POINT('',(0.217386408512,-0.16));
#2284 = CARTESIAN_POINT('',(0.206208157812,-0.16));
#2285 = CARTESIAN_POINT('',(0.168062316264,-0.16));
#2286 = CARTESIAN_POINT('',(0.140952603231,-0.16));
#2287 = CARTESIAN_POINT('',(0.113599490435,-0.16));
#2288 = CARTESIAN_POINT('',(8.592508561496E-02,-0.16));
#2289 = CARTESIAN_POINT('',(5.784297968678E-02,-0.16));
#2290 = CARTESIAN_POINT('',(2.924832687653E-02,-0.16));
#2291 = CARTESIAN_POINT('',(0.,-0.16));
#2292 = ( GEOMETRIC_REPRESENTATION_CONTEXT(2) 
PARAMETRIC_REPRESENTATION_CONTEXT() REPRESENTATION_CONTEXT('2D SPACE',''
  ) );
#2293 = ORIENTED_EDGE('',*,*,#2294,.T.);
#2294 = EDGE_CURVE('',#2177,#2295,#2297,.T.);
#2295 = VERTEX_POINT('',#2296);
#2296 = CARTESIAN_POINT('',(16.359,-22.704,9.5));
#2297 = SURFACE_CURVE('',#2298,(#2325,#2355),.PCURVE_S1.);
#2298 = B_SPLINE_CURVE_WITH_KNOTS('',7,(#2299,#2300,#2301,#2302,#2303,
    #2304,#2305,#2306,#2307,#2308,#2309,#2310,#2311,#2312,#2313,#2314,
    #2315,#2316,#2317,#2318,#2319,#2320,#2321,#2322,#2323,#2324),
  .UNSPECIFIED.,.F.,.F.,(8,6,6,6,8),(0.,0.207266024411,0.575040123714,
    0.832355660845,1.),.UNSPECIFIED.);
#2299 = CARTESIAN_POINT('',(2.22044604925E-15,-25.8,9.5));
#2300 = CARTESIAN_POINT('',(0.50993150769,-25.8,9.5));
#2301 = CARTESIAN_POINT('',(1.023525118993,-25.79923533034,9.5));
#2302 = CARTESIAN_POINT('',(1.539913087761,-25.79711543113,9.5));
#2303 = CARTESIAN_POINT('',(2.058451355891,-25.79314936714,9.5));
#2304 = CARTESIAN_POINT('',(2.578625541504,-25.78688634926,9.5));
#2305 = CARTESIAN_POINT('',(3.099998909566,-25.77787700796,9.5));
#2306 = CARTESIAN_POINT('',(4.548803253893,-25.74396935619,9.5));
#2307 = CARTESIAN_POINT('',(5.477652900995,-25.71217901388,9.5));
#2308 = CARTESIAN_POINT('',(6.406963313871,-25.66766876792,9.5));
#2309 = CARTESIAN_POINT('',(7.334898515249,-25.60767504149,9.5));
#2310 = CARTESIAN_POINT('',(8.259015768555,-25.52865072081,9.5));
#2311 = CARTESIAN_POINT('',(9.17626425864,-25.42629942584,9.5));
#2312 = CARTESIAN_POINT('',(10.715615722746,-25.20033334834,9.5));
#2313 = CARTESIAN_POINT('',(11.34269562387,-25.09247541927,9.5));
#2314 = CARTESIAN_POINT('',(11.962488835974,-24.96720959805,9.5));
#2315 = CARTESIAN_POINT('',(12.572723179722,-24.82139663692,9.5));
#2316 = CARTESIAN_POINT('',(13.169122828581,-24.65081356461,9.5));
#2317 = CARTESIAN_POINT('',(13.745560091567,-24.45035826656,9.5));
#2318 = CARTESIAN_POINT('',(14.64840307252,-24.05577569907,9.5));
#2319 = CARTESIAN_POINT('',(14.991371203375,-23.88403123836,9.5));
#2320 = CARTESIAN_POINT('',(15.318677625792,-23.69384034496,9.5));
#2321 = CARTESIAN_POINT('',(15.625831843451,-23.48272029258,9.5));
#2322 = CARTESIAN_POINT('',(15.906644838454,-23.24834624927,9.5));
#2323 = CARTESIAN_POINT('',(16.153408890999,-22.98874212645,9.5));
#2324 = CARTESIAN_POINT('',(16.359,-22.704,9.5));
#2325 = PCURVE('',#187,#2326);
#2326 = DEFINITIONAL_REPRESENTATION('',(#2327),#2354);
#2327 = B_SPLINE_CURVE_WITH_KNOTS('',7,(#2328,#2329,#2330,#2331,#2332,
    #2333,#2334,#2335,#2336,#2337,#2338,#2339,#2340,#2341,#2342,#2343,
    #2344,#2345,#2346,#2347,#2348,#2349,#2350,#2351,#2352,#2353),
  .UNSPECIFIED.,.F.,.F.,(8,6,6,6,8),(0.,0.207266024411,0.575040123714,
    0.832355660845,1.),.UNSPECIFIED.);
#2328 = CARTESIAN_POINT('',(50.719057312694,12.555465953585));
#2329 = CARTESIAN_POINT('',(50.841591813813,12.060475611689));
#2330 = CARTESIAN_POINT('',(50.964264039203,11.561746719996));
#2331 = CARTESIAN_POINT('',(51.086292216641,11.059979690219));
#2332 = CARTESIAN_POINT('',(51.207045030884,10.555681739567));
#2333 = CARTESIAN_POINT('',(51.325961297194,10.04924385554));
#2334 = CARTESIAN_POINT('',(51.442499867037,9.540981994986));
#2335 = CARTESIAN_POINT('',(51.757727608379,8.126480235328));
#2336 = CARTESIAN_POINT('',(51.950067587835,7.217207105246));
#2337 = CARTESIAN_POINT('',(52.130171081295,6.304430168027));
#2338 = CARTESIAN_POINT('',(52.294914307681,5.389267529733));
#2339 = CARTESIAN_POINT('',(52.440267105027,4.473237996683));
#2340 = CARTESIAN_POINT('',(52.56132588001,3.558270591174));
#2341 = CARTESIAN_POINT('',(52.71188068312,2.009723901697));
#2342 = CARTESIAN_POINT('',(52.757867819252,1.375099825125));
#2343 = CARTESIAN_POINT('',(52.785206158136,0.743365888277));
#2344 = CARTESIAN_POINT('',(52.79030243745,0.115973346195));
#2345 = CARTESIAN_POINT('',(52.768029956401,-0.503942020854));
#2346 = CARTESIAN_POINT('',(52.71196363447,-1.111658083027));
#2347 = CARTESIAN_POINT('',(52.545892025929,-2.082864071301));
#2348 = CARTESIAN_POINT('',(52.461593605721,-2.457052626601));
#2349 = CARTESIAN_POINT('',(52.355625793672,-2.820470970795));
#2350 = CARTESIAN_POINT('',(52.224499559909,-3.16935676982));
#2351 = CARTESIAN_POINT('',(52.0644709946,-3.498260993914));
#2352 = CARTESIAN_POINT('',(51.871769775017,-3.800176608251));
#2353 = CARTESIAN_POINT('',(51.644773410199,-4.06816622193));
#2354 = ( GEOMETRIC_REPRESENTATION_CONTEXT(2) 
PARAMETRIC_REPRESENTATION_CONTEXT() REPRESENTATION_CONTEXT('2D SPACE',''
  ) );
#2355 = PCURVE('',#2356,#2364);
#2356 = SURFACE_OF_LINEAR_EXTRUSION('',#2357,#2362);
#2357 = B_SPLINE_CURVE_WITH_KNOTS('',3,(#2358,#2359,#2360,#2361),
  .UNSPECIFIED.,.F.,.F.,(4,4),(0.,1.),.PIECEWISE_BEZIER_KNOTS.);
#2358 = CARTESIAN_POINT('',(16.359,-22.704,9.34));
#2359 = CARTESIAN_POINT('',(14.21675,-25.671,9.34));
#2360 = CARTESIAN_POINT('',(5.8425,-25.8,9.34));
#2361 = CARTESIAN_POINT('',(0.,-25.8,9.34));
#2362 = VECTOR('',#2363,1.);
#2363 = DIRECTION('',(-0.,-0.,-1.));
#2364 = DEFINITIONAL_REPRESENTATION('',(#2365),#2392);
#2365 = B_SPLINE_CURVE_WITH_KNOTS('',7,(#2366,#2367,#2368,#2369,#2370,
    #2371,#2372,#2373,#2374,#2375,#2376,#2377,#2378,#2379,#2380,#2381,
    #2382,#2383,#2384,#2385,#2386,#2387,#2388,#2389,#2390,#2391),
  .UNSPECIFIED.,.F.,.F.,(8,6,6,6,8),(0.,0.207266024411,0.575040123714,
    0.832355660845,1.),.UNSPECIFIED.);
#2366 = CARTESIAN_POINT('',(1.,-0.16));
#2367 = CARTESIAN_POINT('',(0.970906774629,-0.16));
#2368 = CARTESIAN_POINT('',(0.942460299418,-0.16));
#2369 = CARTESIAN_POINT('',(0.914521686794,-0.16));
#2370 = CARTESIAN_POINT('',(0.886987578854,-0.16));
#2371 = CARTESIAN_POINT('',(0.859772734417,-0.16));
#2372 = CARTESIAN_POINT('',(0.832800333611,-0.16));
#2373 = CARTESIAN_POINT('',(0.758445324394,-0.16));
#2374 = CARTESIAN_POINT('',(0.711450947545,-0.16));
#2375 = CARTESIAN_POINT('',(0.66460526649,-0.16));
#2376 = CARTESIAN_POINT('',(0.617587607796,-0.16));
#2377 = CARTESIAN_POINT('',(0.570069796369,-0.16));
#2378 = CARTESIAN_POINT('',(0.521712306651,-0.16));
#2379 = CARTESIAN_POINT('',(0.437218461789,-0.16));
#2380 = CARTESIAN_POINT('',(0.401824751369,-0.16));
#2381 = CARTESIAN_POINT('',(0.365595277283,-0.16));
#2382 = CARTESIAN_POINT('',(0.328330538051,-0.16));
#2383 = CARTESIAN_POINT('',(0.289817681321,-0.16));
#2384 = CARTESIAN_POINT('',(0.249836982722,-0.16));
#2385 = CARTESIAN_POINT('',(0.180742674621,-0.16));
#2386 = CARTESIAN_POINT('',(0.152740436334,-0.16));
#2387 = CARTESIAN_POINT('',(0.123876794893,-0.16));
#2388 = CARTESIAN_POINT('',(9.410212078397E-02,-0.16));
#2389 = CARTESIAN_POINT('',(6.343969461865E-02,-0.16));
#2390 = CARTESIAN_POINT('',(3.198990298379E-02,-0.16));
#2391 = CARTESIAN_POINT('',(0.,-0.16));
#2392 = ( GEOMETRIC_REPRESENTATION_CONTEXT(2) 
PARAMETRIC_REPRESENTATION_CONTEXT() REPRESENTATION_CONTEXT('2D SPACE',''
  ) );
#2393 = ORIENTED_EDGE('',*,*,#2394,.T.);
#2394 = EDGE_CURVE('',#2295,#1693,#2395,.T.);
#2395 = SURFACE_CURVE('',#2396,(#2429,#2465),.PCURVE_S1.);
#2396 = B_SPLINE_CURVE_WITH_KNOTS('',7,(#2397,#2398,#2399,#2400,#2401,
    #2402,#2403,#2404,#2405,#2406,#2407,#2408,#2409,#2410,#2411,#2412,
    #2413,#2414,#2415,#2416,#2417,#2418,#2419,#2420,#2421,#2422,#2423,
    #2424,#2425,#2426,#2427,#2428),.UNSPECIFIED.,.F.,.F.,(8,6,6,6,6,8),(
    0.,9.921300908169E-02,0.317941564625,0.625809827731,0.826493671919,
    1.),.UNSPECIFIED.);
#2397 = CARTESIAN_POINT('',(16.359,-22.704,9.5));
#2398 = CARTESIAN_POINT('',(16.542271635921,-22.47739250357,9.5));
#2399 = CARTESIAN_POINT('',(16.712140221806,-22.23491880785,9.5));
#2400 = CARTESIAN_POINT('',(16.86976490517,-21.97953882026,9.5));
#2401 = CARTESIAN_POINT('',(17.016261959208,-21.71370778044,9.5));
#2402 = CARTESIAN_POINT('',(17.152693209195,-21.43936666925,9.5));
#2403 = CARTESIAN_POINT('',(17.280054458885,-21.15793261783,9.5));
#2404 = CARTESIAN_POINT('',(17.66207736044,-20.23614058546,9.5));
#2405 = CARTESIAN_POINT('',(17.88472504584,-19.57316520295,9.5));
#2406 = CARTESIAN_POINT('',(18.077214160161,-18.89136430625,9.5));
#2407 = CARTESIAN_POINT('',(18.24475330278,-18.19650726892,9.5));
#2408 = CARTESIAN_POINT('',(18.391753300292,-17.49262212396,9.5));
#2409 = CARTESIAN_POINT('',(18.52132419974,-16.78163728237,9.5));
#2410 = CARTESIAN_POINT('',(18.797524468204,-15.05373722533,9.5));
#2411 = CARTESIAN_POINT('',(18.929264456091,-14.03219136009,9.5));
#2412 = CARTESIAN_POINT('',(19.038112181031,-13.0031852236,9.5));
#2413 = CARTESIAN_POINT('',(19.127987513654,-11.96911507851,9.5));
#2414 = CARTESIAN_POINT('',(19.202050622049,-10.93171329437,9.5));
#2415 = CARTESIAN_POINT('',(19.262644517586,-9.892024748365,9.5));
#2416 = CARTESIAN_POINT('',(19.343759840367,-8.171770667639,9.5));
#2417 = CARTESIAN_POINT('',(19.3708815799,-7.492323873335,9.5));
#2418 = CARTESIAN_POINT('',(19.393656557292,-6.81252824199,9.5));
#2419 = CARTESIAN_POINT('',(19.412554686066,-6.132615894207,9.5));
#2420 = CARTESIAN_POINT('',(19.427995341772,-5.452806720141,9.5));
#2421 = CARTESIAN_POINT('',(19.440367979841,-4.773318663755,9.5));
#2422 = CARTESIAN_POINT('',(19.458425971089,-3.507382572545,9.5));
#2423 = CARTESIAN_POINT('',(19.464789350636,-2.920803287626,9.5));
#2424 = CARTESIAN_POINT('',(19.469388855553,-2.334787824925,9.5));
#2425 = CARTESIAN_POINT('',(19.472461549197,-1.749496910946,9.5));
#2426 = CARTESIAN_POINT('',(19.474247218892,-1.165115062526,9.5));
#2427 = CARTESIAN_POINT('',(19.475,-0.581861323274,9.5));
#2428 = CARTESIAN_POINT('',(19.475,4.440892098501E-15,9.5));
#2429 = PCURVE('',#187,#2430);
#2430 = DEFINITIONAL_REPRESENTATION('',(#2431),#2464);
#2431 = B_SPLINE_CURVE_WITH_KNOTS('',7,(#2432,#2433,#2434,#2435,#2436,
    #2437,#2438,#2439,#2440,#2441,#2442,#2443,#2444,#2445,#2446,#2447,
    #2448,#2449,#2450,#2451,#2452,#2453,#2454,#2455,#2456,#2457,#2458,
    #2459,#2460,#2461,#2462,#2463),.UNSPECIFIED.,.F.,.F.,(8,6,6,6,6,8),(
    0.,9.921300908169E-02,0.317941564625,0.625809827731,0.826493671919,
    1.),.UNSPECIFIED.);
#2432 = CARTESIAN_POINT('',(51.644773410199,-4.06816622193));
#2433 = CARTESIAN_POINT('',(51.468845030986,-4.300520811639));
#2434 = CARTESIAN_POINT('',(51.274294638203,-4.523677649424));
#2435 = CARTESIAN_POINT('',(51.064273951471,-4.738050665479));
#2436 = CARTESIAN_POINT('',(50.841434507064,-4.944133441553));
#2437 = CARTESIAN_POINT('',(50.607915566832,-5.142490281141));
#2438 = CARTESIAN_POINT('',(50.365332027124,-5.333747279673));
#2439 = CARTESIAN_POINT('',(49.562347388155,-5.926079718284));
#2440 = CARTESIAN_POINT('',(48.972298756793,-6.301514083059));
#2441 = CARTESIAN_POINT('',(48.35672922121,-6.652197228837));
#2442 = CARTESIAN_POINT('',(47.722490715957,-6.981798783888));
#2443 = CARTESIAN_POINT('',(47.074553155291,-7.29363241588));
#2444 = CARTESIAN_POINT('',(46.415535778975,-7.590253656977));
#2445 = CARTESIAN_POINT('',(44.80463359799,-8.273568634648));
#2446 = CARTESIAN_POINT('',(43.844675964421,-8.64692198062));
#2447 = CARTESIAN_POINT('',(42.871975728877,-8.999846488033));
#2448 = CARTESIAN_POINT('',(41.889800871927,-9.335571361654));
#2449 = CARTESIAN_POINT('',(40.900592379873,-9.656747894099));
#2450 = CARTESIAN_POINT('',(39.905927530876,-9.965399365915));
#2451 = CARTESIAN_POINT('',(38.255569164574,-10.45750815533));
#2452 = CARTESIAN_POINT('',(37.602547636844,-10.64710356499));
#2453 = CARTESIAN_POINT('',(36.948142983564,-10.83256339826));
#2454 = CARTESIAN_POINT('',(36.292693442465,-11.01428802239));
#2455 = CARTESIAN_POINT('',(35.636513235113,-11.19263168634));
#2456 = CARTESIAN_POINT('',(34.979907504221,-11.36792006332));
#2457 = CARTESIAN_POINT('',(33.755403032068,-11.68964832716));
#2458 = CARTESIAN_POINT('',(33.187539813408,-11.83677791286));
#2459 = CARTESIAN_POINT('',(32.619800044768,-11.98205982183));
#2460 = CARTESIAN_POINT('',(32.052396708686,-12.12568554946));
#2461 = CARTESIAN_POINT('',(31.485566535529,-12.26784351855));
#2462 = CARTESIAN_POINT('',(30.919583218565,-12.40872778293));
#2463 = CARTESIAN_POINT('',(30.35477062903,-12.54854673095));
#2464 = ( GEOMETRIC_REPRESENTATION_CONTEXT(2) 
PARAMETRIC_REPRESENTATION_CONTEXT() REPRESENTATION_CONTEXT('2D SPACE',''
  ) );
#2465 = PCURVE('',#2466,#2474);
#2466 = SURFACE_OF_LINEAR_EXTRUSION('',#2467,#2472);
#2467 = B_SPLINE_CURVE_WITH_KNOTS('',3,(#2468,#2469,#2470,#2471),
  .UNSPECIFIED.,.F.,.F.,(4,4),(0.,1.),.PIECEWISE_BEZIER_KNOTS.);
#2468 = CARTESIAN_POINT('',(19.475,0.,9.34));
#2469 = CARTESIAN_POINT('',(19.475,-8.256,9.34));
#2470 = CARTESIAN_POINT('',(19.28025,-19.092,9.34));
#2471 = CARTESIAN_POINT('',(16.359,-22.704,9.34));
#2472 = VECTOR('',#2473,1.);
#2473 = DIRECTION('',(-0.,-0.,-1.));
#2474 = DEFINITIONAL_REPRESENTATION('',(#2475),#2508);
#2475 = B_SPLINE_CURVE_WITH_KNOTS('',7,(#2476,#2477,#2478,#2479,#2480,
    #2481,#2482,#2483,#2484,#2485,#2486,#2487,#2488,#2489,#2490,#2491,
    #2492,#2493,#2494,#2495,#2496,#2497,#2498,#2499,#2500,#2501,#2502,
    #2503,#2504,#2505,#2506,#2507),.UNSPECIFIED.,.F.,.F.,(8,6,6,6,6,8),(
    0.,9.921300908169E-02,0.317941564625,0.625809827731,0.826493671919,
    1.),.UNSPECIFIED.);
#2476 = CARTESIAN_POINT('',(1.,-0.16));
#2477 = CARTESIAN_POINT('',(0.979087532629,-0.16));
#2478 = CARTESIAN_POINT('',(0.958751941068,-0.16));
#2479 = CARTESIAN_POINT('',(0.938981782196,-0.16));
#2480 = CARTESIAN_POINT('',(0.919756218278,-0.16));
#2481 = CARTESIAN_POINT('',(0.901045121743,-0.16));
#2482 = CARTESIAN_POINT('',(0.882809179955,-0.16));
#2483 = CARTESIAN_POINT('',(0.825737243602,-0.16));
#2484 = CARTESIAN_POINT('',(0.788631199394,-0.16));
#2485 = CARTESIAN_POINT('',(0.753166797107,-0.16));
#2486 = CARTESIAN_POINT('',(0.719092785937,-0.16));
#2487 = CARTESIAN_POINT('',(0.686172261547,-0.16));
#2488 = CARTESIAN_POINT('',(0.654209456835,-0.16));
#2489 = CARTESIAN_POINT('',(0.579071573534,-0.16));
#2490 = CARTESIAN_POINT('',(0.53672162722,-0.16));
#2491 = CARTESIAN_POINT('',(0.495498708391,-0.16));
#2492 = CARTESIAN_POINT('',(0.455134915673,-0.16));
#2493 = CARTESIAN_POINT('',(0.415396625339,-0.16));
#2494 = CARTESIAN_POINT('',(0.37608543929,-0.16));
#2495 = CARTESIAN_POINT('',(0.311522166951,-0.16));
#2496 = CARTESIAN_POINT('',(0.286145155353,-0.16));
#2497 = CARTESIAN_POINT('',(0.260817102823,-0.16));
#2498 = CARTESIAN_POINT('',(0.235488924444,-0.16));
#2499 = CARTESIAN_POINT('',(0.210111720046,-0.16));
#2500 = CARTESIAN_POINT('',(0.1846341815,-0.16));
#2501 = CARTESIAN_POINT('',(0.136837315588,-0.16));
#2502 = CARTESIAN_POINT('',(0.114557906784,-0.16));
#2503 = CARTESIAN_POINT('',(9.212487390273E-02,-0.16));
#2504 = CARTESIAN_POINT('',(6.949957494693E-02,-0.16));
#2505 = CARTESIAN_POINT('',(4.663888622941E-02,-0.16));
#2506 = CARTESIAN_POINT('',(2.349246298748E-02,-0.16));
#2507 = CARTESIAN_POINT('',(0.,-0.16));
#2508 = ( GEOMETRIC_REPRESENTATION_CONTEXT(2) 
PARAMETRIC_REPRESENTATION_CONTEXT() REPRESENTATION_CONTEXT('2D SPACE',''
  ) );
#2509 = ADVANCED_FACE('',(#2510),#221,.F.);
#2510 = FACE_BOUND('',#2511,.F.);
#2511 = EDGE_LOOP('',(#2512,#2513,#2514,#2515));
#2512 = ORIENTED_EDGE('',*,*,#276,.T.);
#2513 = ORIENTED_EDGE('',*,*,#200,.T.);
#2514 = ORIENTED_EDGE('',*,*,#1668,.F.);
#2515 = ORIENTED_EDGE('',*,*,#2516,.F.);
#2516 = EDGE_CURVE('',#277,#1645,#2517,.T.);
#2517 = SURFACE_CURVE('',#2518,(#2530,#2536),.PCURVE_S1.);
#2518 = ( BOUNDED_CURVE() B_SPLINE_CURVE(6,(#2519,#2520,#2521,#2522,
    #2523,#2524,#2525,#2526,#2527,#2528,#2529),.UNSPECIFIED.,.F.,.F.) 
B_SPLINE_CURVE_WITH_KNOTS((7,4,7),(0.,0.571503616493,1.),.UNSPECIFIED.) 
CURVE() GEOMETRIC_REPRESENTATION_ITEM() RATIONAL_B_SPLINE_CURVE((1.,1.,
1.,1.,1.,1.,1.,1.,1.,1.,1.)) REPRESENTATION_ITEM('') );
#2519 = CARTESIAN_POINT('',(-18.04,23.664,-9.95));
#2520 = CARTESIAN_POINT('',(-19.60288121968,25.409756001883,
    -9.56787122874));
#2521 = CARTESIAN_POINT('',(-19.09380636549,24.429853965622,
    -4.948984765445));
#2522 = CARTESIAN_POINT('',(-19.97636814935,25.916360408322,
    -6.665116885537));
#2523 = CARTESIAN_POINT('',(-19.46779960778,24.914254344117,
    -1.674050110187));
#2524 = CARTESIAN_POINT('',(-19.32249067434,24.962454377514,
    -7.522141700459E-02));
#2525 = CARTESIAN_POINT('',(-19.62507584993,25.409142287178,
    4.727908719464));
#2526 = CARTESIAN_POINT('',(-18.050522847,23.257330052372,4.402760532288
    ));
#2527 = CARTESIAN_POINT('',(-19.58395819569,25.539974620681,
    7.937769695352));
#2528 = CARTESIAN_POINT('',(-18.01119264581,23.579218439956,
    8.135165718706));
#2529 = CARTESIAN_POINT('',(-17.666,23.0115,9.5));
#2530 = PCURVE('',#221,#2531);
#2531 = DEFINITIONAL_REPRESENTATION('',(#2532),#2535);
#2532 = B_SPLINE_CURVE_WITH_KNOTS('',1,(#2533,#2534),.UNSPECIFIED.,.F.,
  .F.,(2,2),(0.,1.),.PIECEWISE_BEZIER_KNOTS.);
#2533 = CARTESIAN_POINT('',(7.,0.));
#2534 = CARTESIAN_POINT('',(7.,1.));
#2535 = ( GEOMETRIC_REPRESENTATION_CONTEXT(2) 
PARAMETRIC_REPRESENTATION_CONTEXT() REPRESENTATION_CONTEXT('2D SPACE',''
  ) );
#2536 = PCURVE('',#318,#2537);
#2537 = DEFINITIONAL_REPRESENTATION('',(#2538),#2541);
#2538 = B_SPLINE_CURVE_WITH_KNOTS('',1,(#2539,#2540),.UNSPECIFIED.,.F.,
  .F.,(2,2),(0.,1.),.PIECEWISE_BEZIER_KNOTS.);
#2539 = CARTESIAN_POINT('',(7.,0.));
#2540 = CARTESIAN_POINT('',(7.,1.));
#2541 = ( GEOMETRIC_REPRESENTATION_CONTEXT(2) 
PARAMETRIC_REPRESENTATION_CONTEXT() REPRESENTATION_CONTEXT('2D SPACE',''
  ) );
#2542 = ADVANCED_FACE('',(#2543),#318,.F.);
#2543 = FACE_BOUND('',#2544,.F.);
#2544 = EDGE_LOOP('',(#2545,#2546,#2547,#2548));
#2545 = ORIENTED_EDGE('',*,*,#300,.T.);
#2546 = ORIENTED_EDGE('',*,*,#2516,.T.);
#2547 = ORIENTED_EDGE('',*,*,#1644,.F.);
#2548 = ORIENTED_EDGE('',*,*,#2549,.F.);
#2549 = EDGE_CURVE('',#301,#1621,#2550,.T.);
#2550 = SURFACE_CURVE('',#2551,(#2563,#2569),.PCURVE_S1.);
#2551 = ( BOUNDED_CURVE() B_SPLINE_CURVE(6,(#2552,#2553,#2554,#2555,
    #2556,#2557,#2558,#2559,#2560,#2561,#2562),.UNSPECIFIED.,.F.,.F.) 
B_SPLINE_CURVE_WITH_KNOTS((7,4,7),(0.,0.571503616493,1.),.UNSPECIFIED.) 
CURVE() GEOMETRIC_REPRESENTATION_ITEM() RATIONAL_B_SPLINE_CURVE((1.,1.,
1.,1.,1.,1.,1.,1.,1.,1.,1.)) REPRESENTATION_ITEM('') );
#2552 = CARTESIAN_POINT('',(-20.5,0.,-9.95));
#2553 = CARTESIAN_POINT('',(-22.276001386,0.,-9.56787122874));
#2554 = CARTESIAN_POINT('',(-21.69750723352,0.,-4.948984765445));
#2555 = CARTESIAN_POINT('',(-22.70041835153,0.,-6.665116885537));
#2556 = CARTESIAN_POINT('',(-22.1224995543,0.,-1.674050110187));
#2557 = CARTESIAN_POINT('',(-21.95737576629,0.,-7.522141700459E-02));
#2558 = CARTESIAN_POINT('',(-22.30122255674,0.,4.727908719464));
#2559 = CARTESIAN_POINT('',(-20.51195778068,0.,4.402760532288));
#2560 = CARTESIAN_POINT('',(-22.25449794964,0.,7.937769695352));
#2561 = CARTESIAN_POINT('',(-20.46726437024,0.,8.135165718706));
#2562 = CARTESIAN_POINT('',(-20.075,0.,9.5));
#2563 = PCURVE('',#318,#2564);
#2564 = DEFINITIONAL_REPRESENTATION('',(#2565),#2568);
#2565 = B_SPLINE_CURVE_WITH_KNOTS('',1,(#2566,#2567),.UNSPECIFIED.,.F.,
  .F.,(2,2),(0.,1.),.PIECEWISE_BEZIER_KNOTS.);
#2566 = CARTESIAN_POINT('',(6.,0.));
#2567 = CARTESIAN_POINT('',(6.,1.));
#2568 = ( GEOMETRIC_REPRESENTATION_CONTEXT(2) 
PARAMETRIC_REPRESENTATION_CONTEXT() REPRESENTATION_CONTEXT('2D SPACE',''
  ) );
#2569 = PCURVE('',#387,#2570);
#2570 = DEFINITIONAL_REPRESENTATION('',(#2571),#2574);
#2571 = B_SPLINE_CURVE_WITH_KNOTS('',1,(#2572,#2573),.UNSPECIFIED.,.F.,
  .F.,(2,2),(0.,1.),.PIECEWISE_BEZIER_KNOTS.);
#2572 = CARTESIAN_POINT('',(6.,0.));
#2573 = CARTESIAN_POINT('',(6.,1.));
#2574 = ( GEOMETRIC_REPRESENTATION_CONTEXT(2) 
PARAMETRIC_REPRESENTATION_CONTEXT() REPRESENTATION_CONTEXT('2D SPACE',''
  ) );
#2575 = ADVANCED_FACE('',(#2576),#594,.F.);
#2576 = FACE_BOUND('',#2577,.F.);
#2577 = EDGE_LOOP('',(#2578,#2579,#2606,#2607));
#2578 = ORIENTED_EDGE('',*,*,#576,.T.);
#2579 = ORIENTED_EDGE('',*,*,#2580,.T.);
#2580 = EDGE_CURVE('',#508,#1549,#2581,.T.);
#2581 = SURFACE_CURVE('',#2582,(#2594,#2600),.PCURVE_S1.);
#2582 = ( BOUNDED_CURVE() B_SPLINE_CURVE(6,(#2583,#2584,#2585,#2586,
    #2587,#2588,#2589,#2590,#2591,#2592,#2593),.UNSPECIFIED.,.F.,.F.) 
B_SPLINE_CURVE_WITH_KNOTS((7,4,7),(0.,0.571503616493,1.),.UNSPECIFIED.) 
CURVE() GEOMETRIC_REPRESENTATION_ITEM() RATIONAL_B_SPLINE_CURVE((1.,1.,
1.,1.,1.,1.,1.,1.,1.,1.,1.)) REPRESENTATION_ITEM('') );
#2583 = CARTESIAN_POINT('',(17.22,-23.936,-9.95));
#2584 = CARTESIAN_POINT('',(18.71184116424,-25.70182216282,
    -9.56787122874));
#2585 = CARTESIAN_POINT('',(18.225906076162,-24.71065688476,
    -4.948984765445));
#2586 = CARTESIAN_POINT('',(19.068351415284,-26.21424960842,
    -6.665116885537));
#2587 = CARTESIAN_POINT('',(18.582899625617,-25.2006250837,
    -1.674050110187));
#2588 = CARTESIAN_POINT('',(18.444195643689,-25.24937914047,
    -7.522141700459E-02));
#2589 = CARTESIAN_POINT('',(18.733026947664,-25.70120139392,
    4.727908719464));
#2590 = CARTESIAN_POINT('',(17.230044535777,-23.52465568515,
    4.402760532288));
#2591 = CARTESIAN_POINT('',(18.693778277706,-25.83353754735,
    7.937769695352));
#2592 = CARTESIAN_POINT('',(17.192502071003,-23.85024393926,
    8.135165718706));
#2593 = CARTESIAN_POINT('',(16.863,-23.276,9.5));
#2594 = PCURVE('',#594,#2595);
#2595 = DEFINITIONAL_REPRESENTATION('',(#2596),#2599);
#2596 = B_SPLINE_CURVE_WITH_KNOTS('',1,(#2597,#2598),.UNSPECIFIED.,.F.,
  .F.,(2,2),(0.,1.),.PIECEWISE_BEZIER_KNOTS.);
#2597 = CARTESIAN_POINT('',(3.,0.));
#2598 = CARTESIAN_POINT('',(3.,1.));
#2599 = ( GEOMETRIC_REPRESENTATION_CONTEXT(2) 
PARAMETRIC_REPRESENTATION_CONTEXT() REPRESENTATION_CONTEXT('2D SPACE',''
  ) );
#2600 = PCURVE('',#525,#2601);
#2601 = DEFINITIONAL_REPRESENTATION('',(#2602),#2605);
#2602 = B_SPLINE_CURVE_WITH_KNOTS('',1,(#2603,#2604),.UNSPECIFIED.,.F.,
  .F.,(2,2),(0.,1.),.PIECEWISE_BEZIER_KNOTS.);
#2603 = CARTESIAN_POINT('',(3.,0.));
#2604 = CARTESIAN_POINT('',(3.,1.));
#2605 = ( GEOMETRIC_REPRESENTATION_CONTEXT(2) 
PARAMETRIC_REPRESENTATION_CONTEXT() REPRESENTATION_CONTEXT('2D SPACE',''
  ) );
#2606 = ORIENTED_EDGE('',*,*,#1548,.F.);
#2607 = ORIENTED_EDGE('',*,*,#1491,.F.);
#2608 = ADVANCED_FACE('',(#2609),#387,.F.);
#2609 = FACE_BOUND('',#2610,.F.);
#2610 = EDGE_LOOP('',(#2611,#2612,#2613,#2614));
#2611 = ORIENTED_EDGE('',*,*,#369,.T.);
#2612 = ORIENTED_EDGE('',*,*,#2549,.T.);
#2613 = ORIENTED_EDGE('',*,*,#1620,.F.);
#2614 = ORIENTED_EDGE('',*,*,#2615,.F.);
#2615 = EDGE_CURVE('',#370,#1597,#2616,.T.);
#2616 = SURFACE_CURVE('',#2617,(#2629,#2635),.PCURVE_S1.);
#2617 = ( BOUNDED_CURVE() B_SPLINE_CURVE(6,(#2618,#2619,#2620,#2621,
    #2622,#2623,#2624,#2625,#2626,#2627,#2628),.UNSPECIFIED.,.F.,.F.) 
B_SPLINE_CURVE_WITH_KNOTS((7,4,7),(0.,0.571503616493,1.),.UNSPECIFIED.) 
CURVE() GEOMETRIC_REPRESENTATION_ITEM() RATIONAL_B_SPLINE_CURVE((1.,1.,
1.,1.,1.,1.,1.,1.,1.,1.,1.)) REPRESENTATION_ITEM('') );
#2618 = CARTESIAN_POINT('',(-17.22,-23.936,-9.95));
#2619 = CARTESIAN_POINT('',(-18.71184116424,-25.70182216282,
    -9.56787122874));
#2620 = CARTESIAN_POINT('',(-18.22590607616,-24.71065688476,
    -4.948984765445));
#2621 = CARTESIAN_POINT('',(-19.06835141528,-26.21424960842,
    -6.665116885537));
#2622 = CARTESIAN_POINT('',(-18.58289962561,-25.2006250837,
    -1.674050110187));
#2623 = CARTESIAN_POINT('',(-18.44419564368,-25.24937914047,
    -7.522141700459E-02));
#2624 = CARTESIAN_POINT('',(-18.73302694766,-25.70120139392,
    4.727908719464));
#2625 = CARTESIAN_POINT('',(-17.23004453577,-23.52465568515,
    4.402760532288));
#2626 = CARTESIAN_POINT('',(-18.6937782777,-25.83353754735,
    7.937769695352));
#2627 = CARTESIAN_POINT('',(-17.192502071,-23.85024393926,8.135165718706
    ));
#2628 = CARTESIAN_POINT('',(-16.863,-23.276,9.5));
#2629 = PCURVE('',#387,#2630);
#2630 = DEFINITIONAL_REPRESENTATION('',(#2631),#2634);
#2631 = B_SPLINE_CURVE_WITH_KNOTS('',1,(#2632,#2633),.UNSPECIFIED.,.F.,
  .F.,(2,2),(0.,1.),.PIECEWISE_BEZIER_KNOTS.);
#2632 = CARTESIAN_POINT('',(5.,0.));
#2633 = CARTESIAN_POINT('',(5.,1.));
#2634 = ( GEOMETRIC_REPRESENTATION_CONTEXT(2) 
PARAMETRIC_REPRESENTATION_CONTEXT() REPRESENTATION_CONTEXT('2D SPACE',''
  ) );
#2635 = PCURVE('',#456,#2636);
#2636 = DEFINITIONAL_REPRESENTATION('',(#2637),#2640);
#2637 = B_SPLINE_CURVE_WITH_KNOTS('',1,(#2638,#2639),.UNSPECIFIED.,.F.,
  .F.,(2,2),(0.,1.),.PIECEWISE_BEZIER_KNOTS.);
#2638 = CARTESIAN_POINT('',(5.,0.));
#2639 = CARTESIAN_POINT('',(5.,1.));
#2640 = ( GEOMETRIC_REPRESENTATION_CONTEXT(2) 
PARAMETRIC_REPRESENTATION_CONTEXT() REPRESENTATION_CONTEXT('2D SPACE',''
  ) );
#2641 = ADVANCED_FACE('',(#2642,#2875),#525,.F.);
#2642 = FACE_BOUND('',#2643,.F.);
#2643 = EDGE_LOOP('',(#2644,#2645,#2646,#2675,#2847,#2874));
#2644 = ORIENTED_EDGE('',*,*,#2580,.F.);
#2645 = ORIENTED_EDGE('',*,*,#507,.T.);
#2646 = ORIENTED_EDGE('',*,*,#2647,.T.);
#2647 = EDGE_CURVE('',#439,#2648,#2650,.T.);
#2648 = VERTEX_POINT('',#2649);
#2649 = CARTESIAN_POINT('',(-5.123387714202E-15,-28.90935685666,-3.52));
#2650 = SURFACE_CURVE('',#2651,(#2663,#2669),.PCURVE_S1.);
#2651 = ( BOUNDED_CURVE() B_SPLINE_CURVE(6,(#2652,#2653,#2654,#2655,
    #2656,#2657,#2658,#2659,#2660,#2661,#2662),.UNSPECIFIED.,.F.,.F.) 
B_SPLINE_CURVE_WITH_KNOTS((7,4,7),(0.,0.571503616493,1.),.UNSPECIFIED.) 
CURVE() GEOMETRIC_REPRESENTATION_ITEM() RATIONAL_B_SPLINE_CURVE((1.,1.,
1.,1.,1.,1.,1.,1.,1.,1.,1.)) REPRESENTATION_ITEM('') );
#2652 = CARTESIAN_POINT('',(0.,-27.2,-9.95));
#2653 = CARTESIAN_POINT('',(-6.106226635438E-14,-29.20661609411,
    -9.56787122874));
#2654 = CARTESIAN_POINT('',(2.553512956638E-13,-28.0802919145,
    -4.948984765445));
#2655 = CARTESIAN_POINT('',(-3.941291737418E-13,-29.78892000957,
    -6.665116885537));
#2656 = CARTESIAN_POINT('',(2.098321516542E-13,-28.63707395875,
    -1.674050110187));
#2657 = CARTESIAN_POINT('',(-1.06581410364E-13,-28.69247629599,
    -7.522141700459E-02));
#2658 = CARTESIAN_POINT('',(4.218847493576E-14,-29.20591067491,
    4.727908719464));
#2659 = CARTESIAN_POINT('',(-5.218048215738E-14,-26.73256327858,
    4.402760532288));
#2660 = CARTESIAN_POINT('',(3.885780586188E-14,-29.35629266745,
    7.937769695352));
#2661 = CARTESIAN_POINT('',(-1.221245327088E-14,-27.10254993098,
    8.135165718706));
#2662 = CARTESIAN_POINT('',(0.,-26.45,9.5));
#2663 = PCURVE('',#525,#2664);
#2664 = DEFINITIONAL_REPRESENTATION('',(#2665),#2668);
#2665 = B_SPLINE_CURVE_WITH_KNOTS('',1,(#2666,#2667),.UNSPECIFIED.,.F.,
  .F.,(2,2),(0.,0.343222463534),.PIECEWISE_BEZIER_KNOTS.);
#2666 = CARTESIAN_POINT('',(4.,0.));
#2667 = CARTESIAN_POINT('',(4.,0.343222463534));
#2668 = ( GEOMETRIC_REPRESENTATION_CONTEXT(2) 
PARAMETRIC_REPRESENTATION_CONTEXT() REPRESENTATION_CONTEXT('2D SPACE',''
  ) );
#2669 = PCURVE('',#456,#2670);
#2670 = DEFINITIONAL_REPRESENTATION('',(#2671),#2674);
#2671 = B_SPLINE_CURVE_WITH_KNOTS('',1,(#2672,#2673),.UNSPECIFIED.,.F.,
  .F.,(2,2),(0.,0.343222463534),.PIECEWISE_BEZIER_KNOTS.);
#2672 = CARTESIAN_POINT('',(4.,0.));
#2673 = CARTESIAN_POINT('',(4.,0.343222463534));
#2674 = ( GEOMETRIC_REPRESENTATION_CONTEXT(2) 
PARAMETRIC_REPRESENTATION_CONTEXT() REPRESENTATION_CONTEXT('2D SPACE',''
  ) );
#2675 = ORIENTED_EDGE('',*,*,#2676,.T.);
#2676 = EDGE_CURVE('',#2648,#2677,#2679,.T.);
#2677 = VERTEX_POINT('',#2678);
#2678 = CARTESIAN_POINT('',(-1.429658215132E-15,-28.83929486214,2.92));
#2679 = SURFACE_CURVE('',#2680,(#2732,#2787),.PCURVE_S1.);
#2680 = B_SPLINE_CURVE_WITH_KNOTS('',8,(#2681,#2682,#2683,#2684,#2685,
    #2686,#2687,#2688,#2689,#2690,#2691,#2692,#2693,#2694,#2695,#2696,
    #2697,#2698,#2699,#2700,#2701,#2702,#2703,#2704,#2705,#2706,#2707,
    #2708,#2709,#2710,#2711,#2712,#2713,#2714,#2715,#2716,#2717,#2718,
    #2719,#2720,#2721,#2722,#2723,#2724,#2725,#2726,#2727,#2728,#2729,
    #2730,#2731),.UNSPECIFIED.,.F.,.F.,(9,7,7,7,7,7,7,9),(0.,
    0.270768718335,0.531943939417,0.591167254935,0.653874494787,
    0.716970873982,0.860010145731,1.),.UNSPECIFIED.);
#2681 = CARTESIAN_POINT('',(-4.440892098501E-15,-28.90935685666,-3.52));
#2682 = CARTESIAN_POINT('',(0.342129583508,-28.90935685666,-3.52));
#2683 = CARTESIAN_POINT('',(0.684426667287,-28.90809440309,
    -3.478455281142));
#2684 = CARTESIAN_POINT('',(1.020948283421,-28.90544220479,
    -3.395293764615));
#2685 = CARTESIAN_POINT('',(1.345768746273,-28.90098006698,
    -3.271486194367));
#2686 = CARTESIAN_POINT('',(1.6531883563,-28.89398757802,-3.10900136557)
  );
#2687 = CARTESIAN_POINT('',(1.937909429883,-28.88382964092,
    -2.91075333153));
#2688 = CARTESIAN_POINT('',(2.195209073029,-28.870426736,-2.68052462774)
  );
#2689 = CARTESIAN_POINT('',(2.639062359706,-28.83914109618,-2.1743040575
    ));
#2690 = CARTESIAN_POINT('',(2.827855067494,-28.8214310818,-1.90015972743
    ));
#2691 = CARTESIAN_POINT('',(2.983955760961,-28.80200997138,
    -1.604446285126));
#2692 = CARTESIAN_POINT('',(3.104503623983,-28.78222661878,
    -1.291808905141));
#2693 = CARTESIAN_POINT('',(3.187444642659,-28.7643390504,
    -0.967298056141));
#2694 = CARTESIAN_POINT('',(3.231613682099,-28.75135094333,
    -0.636322709741));
#2695 = CARTESIAN_POINT('',(3.236829820849,-28.74801301137,
    -0.30426228139));
#2696 = CARTESIAN_POINT('',(3.196167941639,-28.75657437396,
    9.811927716092E-02));
#2697 = CARTESIAN_POINT('',(3.186679472231,-28.75868729744,
    0.172286960491));
#2698 = CARTESIAN_POINT('',(3.175225638658,-28.76134028441,0.24618506905
    ));
#2699 = CARTESIAN_POINT('',(3.16181545112,-28.76453134588,0.319754756844
    ));
#2700 = CARTESIAN_POINT('',(3.146459763936,-28.76824641636,
    0.392938208883));
#2701 = CARTESIAN_POINT('',(3.129171165096,-28.77245891141,
    0.465678534882));
#2702 = CARTESIAN_POINT('',(3.109963865795,-28.77712928506,
    0.537919662954));
#2703 = CARTESIAN_POINT('',(3.06650146198,-28.78757845396,0.685509902704
    ));
#2704 = CARTESIAN_POINT('',(3.042015882715,-28.79340667856,
    0.760791774737));
#2705 = CARTESIAN_POINT('',(3.01541562487,-28.79962861896,0.835386291034
    ));
#2706 = CARTESIAN_POINT('',(2.98672137824,-28.80616885981,0.909228332731
    ));
#2707 = CARTESIAN_POINT('',(2.955956034812,-28.81294325323,
    0.982253029042));
#2708 = CARTESIAN_POINT('',(2.923144973847,-28.81986495951,
    1.054395565831));
#2709 = CARTESIAN_POINT('',(2.88831634696,-28.82685048784,1.12559099418)
  );
#2710 = CARTESIAN_POINT('',(2.814457918455,-28.84084427205,
    1.266392615335));
#2711 = CARTESIAN_POINT('',(2.775403460099,-28.8478562167,1.335986108582
    ));
#2712 = CARTESIAN_POINT('',(2.734372419822,-28.85461979531,
    1.404483345251));
#2713 = CARTESIAN_POINT('',(2.691402142416,-28.86096998549,
    1.471815313732));
#2714 = CARTESIAN_POINT('',(2.646532818185,-28.86680177032,
    1.537915129914));
#2715 = CARTESIAN_POINT('',(2.599807415357,-28.87205339064,
    1.602718002839));
#2716 = CARTESIAN_POINT('',(2.551271612478,-28.87668959732,
    1.666161200352));
#2717 = CARTESIAN_POINT('',(2.386948608409,-28.88974224884,
    1.868789518866));
#2718 = CARTESIAN_POINT('',(2.263866763429,-28.89551622406,
    2.002096480065));
#2719 = CARTESIAN_POINT('',(2.132293554638,-28.89780861704,
    2.127395242882));
#2720 = CARTESIAN_POINT('',(1.992855827733,-28.89694590903,
    2.244044282683));
#2721 = CARTESIAN_POINT('',(1.846232249093,-28.89354420942,
    2.351470334154));
#2722 = CARTESIAN_POINT('',(1.693144739266,-28.88833313091,
    2.449168992361));
#2723 = CARTESIAN_POINT('',(1.534351006215,-28.8820386052,2.536705786385
    ));
#2724 = CARTESIAN_POINT('',(1.210415502159,-28.86875380614,
    2.689087866943));
#2725 = CARTESIAN_POINT('',(1.045478462578,-28.86177935468,
    2.754378385287));
#2726 = CARTESIAN_POINT('',(0.876567202754,-28.85502430427,
    2.809247163596));
#2727 = CARTESIAN_POINT('',(0.704450901486,-28.84903720115,
    2.853417353747));
#2728 = CARTESIAN_POINT('',(0.529922102784,-28.8442495987,2.886679944074
    ));
#2729 = CARTESIAN_POINT('',(0.353790418253,-28.84095294288,
    2.908896203185));
#2730 = CARTESIAN_POINT('',(0.176875602276,-28.83929486214,2.92));
#2731 = CARTESIAN_POINT('',(0.,-28.83929486214,2.92));
#2732 = PCURVE('',#525,#2733);
#2733 = DEFINITIONAL_REPRESENTATION('',(#2734),#2786);
#2734 = B_SPLINE_CURVE_WITH_KNOTS('',8,(#2735,#2736,#2737,#2738,#2739,
    #2740,#2741,#2742,#2743,#2744,#2745,#2746,#2747,#2748,#2749,#2750,
    #2751,#2752,#2753,#2754,#2755,#2756,#2757,#2758,#2759,#2760,#2761,
    #2762,#2763,#2764,#2765,#2766,#2767,#2768,#2769,#2770,#2771,#2772,
    #2773,#2774,#2775,#2776,#2777,#2778,#2779,#2780,#2781,#2782,#2783,
    #2784,#2785),.UNSPECIFIED.,.F.,.F.,(9,7,7,7,7,7,7,9),(0.,
    0.270768718335,0.531943939417,0.591167254935,0.653874494787,
    0.716970873982,0.860010145731,1.),.UNSPECIFIED.);
#2735 = CARTESIAN_POINT('',(4.,0.343222463534));
#2736 = CARTESIAN_POINT('',(3.98287935568,0.343222463534));
#2737 = CARTESIAN_POINT('',(3.96604066596,0.345126930797));
#2738 = CARTESIAN_POINT('',(3.949740699062,0.348938560843));
#2739 = CARTESIAN_POINT('',(3.934214787897,0.354599233802));
#2740 = CARTESIAN_POINT('',(3.919675311277,0.361985444338));
#2741 = CARTESIAN_POINT('',(3.906313055431,0.370938069096));
#2742 = CARTESIAN_POINT('',(3.894298070928,0.381300438029));
#2743 = CARTESIAN_POINT('',(3.87362798983,0.404164564137));
#2744 = CARTESIAN_POINT('',(3.864866340428,0.416581094048));
#2745 = CARTESIAN_POINT('',(3.857623685721,0.430063339095));
#2746 = CARTESIAN_POINT('',(3.852009767267,0.444532558649));
#2747 = CARTESIAN_POINT('',(3.848112065709,0.459883811583));
#2748 = CARTESIAN_POINT('',(3.845991779484,0.47613444217));
#2749 = CARTESIAN_POINT('',(3.845680841473,0.493157975553));
#2750 = CARTESIAN_POINT('',(3.847502274728,0.514251988398));
#2751 = CARTESIAN_POINT('',(3.847931280529,0.518159845149));
#2752 = CARTESIAN_POINT('',(3.848452453894,0.522069774955));
#2753 = CARTESIAN_POINT('',(3.849065514742,0.525973743322));
#2754 = CARTESIAN_POINT('',(3.849770063683,0.529862668504));
#2755 = CARTESIAN_POINT('',(3.850565583098,0.533726698341));
#2756 = CARTESIAN_POINT('',(3.851451438225,0.537555487106));
#2757 = CARTESIAN_POINT('',(3.853459700379,0.545343998881));
#2758 = CARTESIAN_POINT('',(3.854592958414,0.549298282636));
#2759 = CARTESIAN_POINT('',(3.855825766688,0.553188810035));
#2760 = CARTESIAN_POINT('',(3.857157099142,0.557003356677));
#2761 = CARTESIAN_POINT('',(3.858585801386,0.56073053755));
#2762 = CARTESIAN_POINT('',(3.860110602772,0.564360357256));
#2763 = CARTESIAN_POINT('',(3.861730128459,0.567884760228));
#2764 = CARTESIAN_POINT('',(3.865166323453,0.574732784191));
#2765 = CARTESIAN_POINT('',(3.866984172737,0.578054217248));
#2766 = CARTESIAN_POINT('',(3.868893938693,0.581279011575));
#2767 = CARTESIAN_POINT('',(3.870893431284,0.584418308242));
#2768 = CARTESIAN_POINT('',(3.872980696931,0.587479110065));
#2769 = CARTESIAN_POINT('',(3.875153924371,0.590465533724));
#2770 = CARTESIAN_POINT('',(3.8774113505,0.59338006188));
#2771 = CARTESIAN_POINT('',(3.885055520333,0.602673796025));
#2772 = CARTESIAN_POINT('',(3.890783396147,0.608763460717));
#2773 = CARTESIAN_POINT('',(3.896914100853,0.614510337539));
#2774 = CARTESIAN_POINT('',(3.90342753003,0.619902232989));
#2775 = CARTESIAN_POINT('',(3.910302654715,0.624912367632));
#2776 = CARTESIAN_POINT('',(3.91751647847,0.629509106545));
#2777 = CARTESIAN_POINT('',(3.925043464458,0.633661264472));
#2778 = CARTESIAN_POINT('',(3.940500859264,0.640938302497));
#2779 = CARTESIAN_POINT('',(3.948419369877,0.644083417838));
#2780 = CARTESIAN_POINT('',(3.95658445319,0.646746686477));
#2781 = CARTESIAN_POINT('',(3.964966966342,0.648903324694));
#2782 = CARTESIAN_POINT('',(3.973535116511,0.650533684125));
#2783 = CARTESIAN_POINT('',(3.982254609506,0.651624616366));
#2784 = CARTESIAN_POINT('',(3.991088965229,0.652169928326));
#2785 = CARTESIAN_POINT('',(4.,0.652169928326));
#2786 = ( GEOMETRIC_REPRESENTATION_CONTEXT(2) 
PARAMETRIC_REPRESENTATION_CONTEXT() REPRESENTATION_CONTEXT('2D SPACE',''
  ) );
#2787 = PCURVE('',#2788,#2793);
#2788 = CYLINDRICAL_SURFACE('',#2789,3.22);
#2789 = AXIS2_PLACEMENT_3D('',#2790,#2791,#2792);
#2790 = CARTESIAN_POINT('',(0.,-35.,-0.3));
#2791 = DIRECTION('',(0.,1.,0.));
#2792 = DIRECTION('',(0.,-0.,1.));
#2793 = DEFINITIONAL_REPRESENTATION('',(#2794),#2846);
#2794 = B_SPLINE_CURVE_WITH_KNOTS('',8,(#2795,#2796,#2797,#2798,#2799,
    #2800,#2801,#2802,#2803,#2804,#2805,#2806,#2807,#2808,#2809,#2810,
    #2811,#2812,#2813,#2814,#2815,#2816,#2817,#2818,#2819,#2820,#2821,
    #2822,#2823,#2824,#2825,#2826,#2827,#2828,#2829,#2830,#2831,#2832,
    #2833,#2834,#2835,#2836,#2837,#2838,#2839,#2840,#2841,#2842,#2843,
    #2844,#2845),.UNSPECIFIED.,.F.,.F.,(9,7,7,7,7,7,7,9),(0.,
    0.270768718335,0.531943939417,0.591167254935,0.653874494787,
    0.716970873982,0.860010145731,1.),.UNSPECIFIED.);
#2795 = CARTESIAN_POINT('',(3.14159265359,6.090643143332));
#2796 = CARTESIAN_POINT('',(3.03534123014,6.090643143332));
#2797 = CARTESIAN_POINT('',(2.929037801079,6.091905596903));
#2798 = CARTESIAN_POINT('',(2.822700107693,6.094557795205));
#2799 = CARTESIAN_POINT('',(2.716333250334,6.099019933016));
#2800 = CARTESIAN_POINT('',(2.609936774456,6.106012421973));
#2801 = CARTESIAN_POINT('',(2.503512205189,6.116170359072));
#2802 = CARTESIAN_POINT('',(2.397071122742,6.129573263995));
#2803 = CARTESIAN_POINT('',(2.187987400202,6.16085890382));
#2804 = CARTESIAN_POINT('',(2.085317795334,6.178568918199));
#2805 = CARTESIAN_POINT('',(1.982656354025,6.197990028616));
#2806 = CARTESIAN_POINT('',(1.880023635567,6.217773381213));
#2807 = CARTESIAN_POINT('',(1.777430246818,6.2356609496));
#2808 = CARTESIAN_POINT('',(1.674907620612,6.248649056664));
#2809 = CARTESIAN_POINT('',(1.572468640779,6.251986988628));
#2810 = CARTESIAN_POINT('',(1.446868999976,6.243425626037));
#2811 = CARTESIAN_POINT('',(1.423656004663,6.241312702552));
#2812 = CARTESIAN_POINT('',(1.400445866313,6.238659715581));
#2813 = CARTESIAN_POINT('',(1.37723800732,6.235468654117));
#2814 = CARTESIAN_POINT('',(1.354031635336,6.231753583632));
#2815 = CARTESIAN_POINT('',(1.330825787586,6.227541088587));
#2816 = CARTESIAN_POINT('',(1.307619375193,6.222870714937));
#2817 = CARTESIAN_POINT('',(1.259837816291,6.212421546032));
#2818 = CARTESIAN_POINT('',(1.235262476966,6.20659332144));
#2819 = CARTESIAN_POINT('',(1.210683784927,6.200371381035));
#2820 = CARTESIAN_POINT('',(1.186100322982,6.193831140185));
#2821 = CARTESIAN_POINT('',(1.161510792808,6.187056746769));
#2822 = CARTESIAN_POINT('',(1.136914126428,6.180135040486));
#2823 = CARTESIAN_POINT('',(1.112309597691,6.173149512157));
#2824 = CARTESIAN_POINT('',(1.062931532167,6.159155727943));
#2825 = CARTESIAN_POINT('',(1.038157933879,6.152143783297));
#2826 = CARTESIAN_POINT('',(1.013377531433,6.145380204685));
#2827 = CARTESIAN_POINT('',(0.988591485249,6.139030014504));
#2828 = CARTESIAN_POINT('',(0.963800786277,6.133198229673));
#2829 = CARTESIAN_POINT('',(0.939006318647,6.127946609356));
#2830 = CARTESIAN_POINT('',(0.914208922325,6.123310402679));
#2831 = CARTESIAN_POINT('',(0.833189151499,6.110257751151));
#2832 = CARTESIAN_POINT('',(0.776957746864,6.104483775939));
#2833 = CARTESIAN_POINT('',(0.720726168775,6.102191382957));
#2834 = CARTESIAN_POINT('',(0.664500670622,6.103054090963));
#2835 = CARTESIAN_POINT('',(0.608284370878,6.106455790577));
#2836 = CARTESIAN_POINT('',(0.552078379457,6.111666869082));
#2837 = CARTESIAN_POINT('',(0.495882511802,6.117961394793));
#2838 = CARTESIAN_POINT('',(0.384706504182,6.131246193856));
#2839 = CARTESIAN_POINT('',(0.329725058765,6.138220645319));
#2840 = CARTESIAN_POINT('',(0.274751085991,6.144975695722));
#2841 = CARTESIAN_POINT('',(0.219784288437,6.15096279885));
#2842 = CARTESIAN_POINT('',(0.164824649708,6.155750401292));
#2843 = CARTESIAN_POINT('',(0.109872796285,6.159047057112));
#2844 = CARTESIAN_POINT('',(5.493031126588E-02,6.160705137855));
#2845 = CARTESIAN_POINT('',(0.,6.160705137855));
#2846 = ( GEOMETRIC_REPRESENTATION_CONTEXT(2) 
PARAMETRIC_REPRESENTATION_CONTEXT() REPRESENTATION_CONTEXT('2D SPACE',''
  ) );
#2847 = ORIENTED_EDGE('',*,*,#2848,.T.);
#2848 = EDGE_CURVE('',#2677,#1573,#2849,.T.);
#2849 = SURFACE_CURVE('',#2850,(#2862,#2868),.PCURVE_S1.);
#2850 = ( BOUNDED_CURVE() B_SPLINE_CURVE(6,(#2851,#2852,#2853,#2854,
    #2855,#2856,#2857,#2858,#2859,#2860,#2861),.UNSPECIFIED.,.F.,.F.) 
B_SPLINE_CURVE_WITH_KNOTS((7,4,7),(0.,0.571503616493,1.),.UNSPECIFIED.) 
CURVE() GEOMETRIC_REPRESENTATION_ITEM() RATIONAL_B_SPLINE_CURVE((1.,1.,
1.,1.,1.,1.,1.,1.,1.,1.,1.)) REPRESENTATION_ITEM('') );
#2851 = CARTESIAN_POINT('',(0.,-27.2,-9.95));
#2852 = CARTESIAN_POINT('',(-6.106226635438E-14,-29.20661609411,
    -9.56787122874));
#2853 = CARTESIAN_POINT('',(2.553512956638E-13,-28.0802919145,
    -4.948984765445));
#2854 = CARTESIAN_POINT('',(-3.941291737418E-13,-29.78892000957,
    -6.665116885537));
#2855 = CARTESIAN_POINT('',(2.098321516542E-13,-28.63707395875,
    -1.674050110187));
#2856 = CARTESIAN_POINT('',(-1.06581410364E-13,-28.69247629599,
    -7.522141700459E-02));
#2857 = CARTESIAN_POINT('',(4.218847493576E-14,-29.20591067491,
    4.727908719464));
#2858 = CARTESIAN_POINT('',(-5.218048215738E-14,-26.73256327858,
    4.402760532288));
#2859 = CARTESIAN_POINT('',(3.885780586188E-14,-29.35629266745,
    7.937769695352));
#2860 = CARTESIAN_POINT('',(-1.221245327088E-14,-27.10254993098,
    8.135165718706));
#2861 = CARTESIAN_POINT('',(0.,-26.45,9.5));
#2862 = PCURVE('',#525,#2863);
#2863 = DEFINITIONAL_REPRESENTATION('',(#2864),#2867);
#2864 = B_SPLINE_CURVE_WITH_KNOTS('',1,(#2865,#2866),.UNSPECIFIED.,.F.,
  .F.,(2,2),(0.652169928326,1.),.PIECEWISE_BEZIER_KNOTS.);
#2865 = CARTESIAN_POINT('',(4.,0.652169928326));
#2866 = CARTESIAN_POINT('',(4.,1.));
#2867 = ( GEOMETRIC_REPRESENTATION_CONTEXT(2) 
PARAMETRIC_REPRESENTATION_CONTEXT() REPRESENTATION_CONTEXT('2D SPACE',''
  ) );
#2868 = PCURVE('',#456,#2869);
#2869 = DEFINITIONAL_REPRESENTATION('',(#2870),#2873);
#2870 = B_SPLINE_CURVE_WITH_KNOTS('',1,(#2871,#2872),.UNSPECIFIED.,.F.,
  .F.,(2,2),(0.652169928326,1.),.PIECEWISE_BEZIER_KNOTS.);
#2871 = CARTESIAN_POINT('',(4.,0.652169928326));
#2872 = CARTESIAN_POINT('',(4.,1.));
#2873 = ( GEOMETRIC_REPRESENTATION_CONTEXT(2) 
PARAMETRIC_REPRESENTATION_CONTEXT() REPRESENTATION_CONTEXT('2D SPACE',''
  ) );
#2874 = ORIENTED_EDGE('',*,*,#1572,.F.);
#2875 = FACE_BOUND('',#2876,.F.);
#2876 = EDGE_LOOP('',(#2877,#3084));
#2877 = ORIENTED_EDGE('',*,*,#2878,.T.);
#2878 = EDGE_CURVE('',#2879,#2881,#2883,.T.);
#2879 = VERTEX_POINT('',#2880);
#2880 = CARTESIAN_POINT('',(11.1,-28.31749026346,2.92));
#2881 = VERTEX_POINT('',#2882);
#2882 = CARTESIAN_POINT('',(13.241763187072,-28.00803867792,
    -2.704423101391));
#2883 = SURFACE_CURVE('',#2884,(#2947,#3013),.PCURVE_S1.);
#2884 = B_SPLINE_CURVE_WITH_KNOTS('',7,(#2885,#2886,#2887,#2888,#2889,
    #2890,#2891,#2892,#2893,#2894,#2895,#2896,#2897,#2898,#2899,#2900,
    #2901,#2902,#2903,#2904,#2905,#2906,#2907,#2908,#2909,#2910,#2911,
    #2912,#2913,#2914,#2915,#2916,#2917,#2918,#2919,#2920,#2921,#2922,
    #2923,#2924,#2925,#2926,#2927,#2928,#2929,#2930,#2931,#2932,#2933,
    #2934,#2935,#2936,#2937,#2938,#2939,#2940,#2941,#2942,#2943,#2944,
    #2945,#2946),.UNSPECIFIED.,.F.,.F.,(8,6,6,6,6,6,6,6,6,6,8),(0.,
    7.705666814617E-02,0.228190448493,0.279923880515,0.348349260425,
    0.400887914926,0.456861409683,0.615263653627,0.838122358949,
    0.943165620493,1.),.UNSPECIFIED.);
#2885 = CARTESIAN_POINT('',(11.1,-28.31749026346,2.92));
#2886 = CARTESIAN_POINT('',(10.962977241918,-28.3361050939,2.92));
#2887 = CARTESIAN_POINT('',(10.825960924303,-28.3552203405,
    2.913196725384));
#2888 = CARTESIAN_POINT('',(10.689359704933,-28.37479557382,
    2.899593095779));
#2889 = CARTESIAN_POINT('',(10.553575974403,-28.39473993687,
    2.879220447598));
#2890 = CARTESIAN_POINT('',(10.419005856123,-28.41491214517,
    2.852138534051));
#2891 = CARTESIAN_POINT('',(10.28603920632,-28.43512048671,
    2.818435525133));
#2892 = CARTESIAN_POINT('',(9.898165027153,-28.49435406062,
    2.699367679717));
#2893 = CARTESIAN_POINT('',(9.648905707166,-28.53279523449,
    2.595481733606));
#2894 = CARTESIAN_POINT('',(9.410146236443,-28.56864929046,
    2.467433079863));
#2895 = CARTESIAN_POINT('',(9.184639086893,-28.59940997314,
    2.316477400611));
#2896 = CARTESIAN_POINT('',(8.974969547213,-28.62216640816,
    2.144250118686));
#2897 = CARTESIAN_POINT('',(8.7835347486,-28.63453988297,1.952780344227)
  );
#2898 = CARTESIAN_POINT('',(8.553836274303,-28.6380233479,1.673312053963
    ));
#2899 = CARTESIAN_POINT('',(8.49764069581,-28.63776706967,1.600084303983
    ));
#2900 = CARTESIAN_POINT('',(8.443908558798,-28.63638863019,1.52499709946
    ));
#2901 = CARTESIAN_POINT('',(8.392717351831,-28.63396445743,
    1.448156289837));
#2902 = CARTESIAN_POINT('',(8.344138543104,-28.63061758181,
    1.369672164719));
#2903 = CARTESIAN_POINT('',(8.298237515213,-28.62656268191,
    1.289660024419));
#2904 = CARTESIAN_POINT('',(8.197982788694,-28.61643795711,
    1.100554221975));
#2905 = CARTESIAN_POINT('',(8.145681713677,-28.61017449998,
    0.990409045645));
#2906 = CARTESIAN_POINT('',(8.098292803356,-28.60370891539,
    0.878064065715));
#2907 = CARTESIAN_POINT('',(8.055917896008,-28.59739061729,
    0.763773422393));
#2908 = CARTESIAN_POINT('',(8.01864136006,-28.5915593757,0.647790266211)
  );
#2909 = CARTESIAN_POINT('',(7.986533183664,-28.58648198454,
    0.530369215281));
#2910 = CARTESIAN_POINT('',(7.939012093442,-28.57906940062,
    0.320704567221));
#2911 = CARTESIAN_POINT('',(7.921453683171,-28.57637211867,0.22894535146
    ));
#2912 = CARTESIAN_POINT('',(7.90700305449,-28.57426297843,0.136608762722
    ));
#2913 = CARTESIAN_POINT('',(7.895681969548,-28.57276554064,
    4.381495863081E-02));
#2914 = CARTESIAN_POINT('',(7.887507157439,-28.57186920803,
    -4.931344763602E-02));
#2915 = CARTESIAN_POINT('',(7.882489740043,-28.57153740149,
    -0.142651491967));
#2916 = CARTESIAN_POINT('',(7.878658295231,-28.57190573012,
    -0.335600022793));
#2917 = CARTESIAN_POINT('',(7.880271242014,-28.57267546035,
    -0.435221906007));
#2918 = CARTESIAN_POINT('',(7.885479554559,-28.57395889414,
    -0.534784192288));
#2919 = CARTESIAN_POINT('',(7.89428114276,-28.57567247049,-0.63413157534
    ));
#2920 = CARTESIAN_POINT('',(7.906665502925,-28.57772309045,
    -0.733107828414));
#2921 = CARTESIAN_POINT('',(7.922613450654,-28.58001610739,
    -0.831556768869));
#2922 = CARTESIAN_POINT('',(7.997233928455,-28.58938880084,
    -1.205997490446));
#2923 = CARTESIAN_POINT('',(8.08068659884,-28.59755194443,
    -1.477214199731));
#2924 = CARTESIAN_POINT('',(8.19182140675,-28.60488770102,
    -1.739442941778));
#2925 = CARTESIAN_POINT('',(8.329432981211,-28.60968473916,
    -1.989245047659));
#2926 = CARTESIAN_POINT('',(8.491780255984,-28.61081769032,
    -2.223408395975));
#2927 = CARTESIAN_POINT('',(8.676641671424,-28.60773289995,
    -2.43905228752));
#2928 = CARTESIAN_POINT('',(9.169452230118,-28.58957219243,
    -2.907558792399));
#2929 = CARTESIAN_POINT('',(9.496944151119,-28.57013365189,
    -3.139923839905));
#2930 = CARTESIAN_POINT('',(9.856545876794,-28.54123334672,
    -3.323844692379));
#2931 = CARTESIAN_POINT('',(10.239468921591,-28.50369916456,
    -3.454175611112));
#2932 = CARTESIAN_POINT('',(10.636092723559,-28.45888902678,
    -3.527784140531));
#2933 = CARTESIAN_POINT('',(11.036378399428,-28.40754673114,
    -3.543660885642));
#2934 = CARTESIAN_POINT('',(11.616263432612,-28.32351739428,
    -3.483826073281));
#2935 = CARTESIAN_POINT('',(11.800673273435,-28.29531427768,
    -3.452094571878));
#2936 = CARTESIAN_POINT('',(11.982706031601,-28.26590630622,
    -3.40791918212));
#2937 = CARTESIAN_POINT('',(12.161359475057,-28.23536477344,
    -3.351523640261));
#2938 = CARTESIAN_POINT('',(12.335661277098,-28.20377171545,
    -3.283229876258));
#2939 = CARTESIAN_POINT('',(12.504680164508,-28.17123885778,
    -3.203452026487));
#2940 = CARTESIAN_POINT('',(12.755651912779,-28.11990271564,
    -3.06358326903));
#2941 = CARTESIAN_POINT('',(12.841963322929,-28.1016512173,
    -3.011260320344));
#2942 = CARTESIAN_POINT('',(12.926331769975,-28.08319653506,
    -2.955801069031));
#2943 = CARTESIAN_POINT('',(13.008622807268,-28.06456894683,
    -2.897291632039));
#2944 = CARTESIAN_POINT('',(13.08870706769,-28.04580454069,
    -2.835824774645));
#2945 = CARTESIAN_POINT('',(13.166460263646,-28.02694521492,
    -2.771499910452));
#2946 = CARTESIAN_POINT('',(13.241763187072,-28.00803867792,
    -2.704423101391));
#2947 = PCURVE('',#525,#2948);
#2948 = DEFINITIONAL_REPRESENTATION('',(#2949),#3012);
#2949 = B_SPLINE_CURVE_WITH_KNOTS('',7,(#2950,#2951,#2952,#2953,#2954,
    #2955,#2956,#2957,#2958,#2959,#2960,#2961,#2962,#2963,#2964,#2965,
    #2966,#2967,#2968,#2969,#2970,#2971,#2972,#2973,#2974,#2975,#2976,
    #2977,#2978,#2979,#2980,#2981,#2982,#2983,#2984,#2985,#2986,#2987,
    #2988,#2989,#2990,#2991,#2992,#2993,#2994,#2995,#2996,#2997,#2998,
    #2999,#3000,#3001,#3002,#3003,#3004,#3005,#3006,#3007,#3008,#3009,
    #3010,#3011),.UNSPECIFIED.,.F.,.F.,(8,6,6,6,6,6,6,6,6,6,8),(0.,
    7.705666814617E-02,0.228190448493,0.279923880515,0.348349260425,
    0.400887914926,0.456861409683,0.615263653627,0.838122358949,
    0.943165620493,1.),.UNSPECIFIED.);
#2950 = CARTESIAN_POINT('',(3.48730136759,0.652169928326));
#2951 = CARTESIAN_POINT('',(3.493875574264,0.652169928326));
#2952 = CARTESIAN_POINT('',(3.500439032378,0.65183577311));
#2953 = CARTESIAN_POINT('',(3.506972398294,0.651167730478));
#2954 = CARTESIAN_POINT('',(3.513456244228,0.650168674038));
#2955 = CARTESIAN_POINT('',(3.519871058258,0.648844083202));
#2956 = CARTESIAN_POINT('',(3.526197244318,0.647202043185));
#2957 = CARTESIAN_POINT('',(3.544610450818,0.641431002988));
#2958 = CARTESIAN_POINT('',(3.556389722635,0.636428341905));
#2959 = CARTESIAN_POINT('',(3.567607121071,0.630321951324));
#2960 = CARTESIAN_POINT('',(3.57811826522,0.623224845761));
#2961 = CARTESIAN_POINT('',(3.587790522361,0.615254926546));
#2962 = CARTESIAN_POINT('',(3.596510307671,0.606522520433));
#2963 = CARTESIAN_POINT('',(3.606847212336,0.593709084185));
#2964 = CARTESIAN_POINT('',(3.609363863375,0.59034611845));
#2965 = CARTESIAN_POINT('',(3.611758455768,0.5868858342));
#2966 = CARTESIAN_POINT('',(3.614029193134,0.583323042188));
#2967 = CARTESIAN_POINT('',(3.616175047526,0.579649875615));
#2968 = CARTESIAN_POINT('',(3.618196314128,0.575852467815));
#2969 = CARTESIAN_POINT('',(3.62260824902,0.566680896201));
#2970 = CARTESIAN_POINT('',(3.624908126294,0.561189279779));
#2971 = CARTESIAN_POINT('',(3.626993027919,0.555448559035));
#2972 = CARTESIAN_POINT('',(3.62886119603,0.549496563275));
#2973 = CARTESIAN_POINT('',(3.630511085345,0.543381532033));
#2974 = CARTESIAN_POINT('',(3.631940891681,0.53715438455));
#2975 = CARTESIAN_POINT('',(3.634074989109,0.526028768783));
#2976 = CARTESIAN_POINT('',(3.634870672047,0.521157339243));
#2977 = CARTESIAN_POINT('',(3.635534058365,0.516267730064));
#2978 = CARTESIAN_POINT('',(3.636063938637,0.511378344538));
#2979 = CARTESIAN_POINT('',(3.636459084617,0.506504776135));
#2980 = CARTESIAN_POINT('',(3.636718368918,0.501659624817));
#2981 = CARTESIAN_POINT('',(3.63697141022,0.491730712417));
#2982 = CARTESIAN_POINT('',(3.636946704195,0.486652152373));
#2983 = CARTESIAN_POINT('',(3.636765648003,0.481628341156));
#2984 = CARTESIAN_POINT('',(3.636427437126,0.476667694897));
#2985 = CARTESIAN_POINT('',(3.635931633142,0.47177618798));
#2986 = CARTESIAN_POINT('',(3.635278215732,0.466958203094));
#2987 = CARTESIAN_POINT('',(3.63217373011,0.448801088127));
#2988 = CARTESIAN_POINT('',(3.62862110737,0.436002934352));
#2989 = CARTESIAN_POINT('',(3.623819270768,0.423900421075));
#2990 = CARTESIAN_POINT('',(3.617807032169,0.412526595965));
#2991 = CARTESIAN_POINT('',(3.610648547832,0.401932943971));
#2992 = CARTESIAN_POINT('',(3.602429657727,0.392203822436));
#2993 = CARTESIAN_POINT('',(3.580345886515,0.371067770946));
#2994 = CARTESIAN_POINT('',(3.565541511828,0.360587478451));
#2995 = CARTESIAN_POINT('',(3.549131754757,0.352223116601));
#2996 = CARTESIAN_POINT('',(3.531473337275,0.346243520488));
#2997 = CARTESIAN_POINT('',(3.512964019467,0.342863213856));
#2998 = CARTESIAN_POINT('',(3.494023100843,0.342138729174));
#2999 = CARTESIAN_POINT('',(3.466153175607,0.344879902288));
#3000 = CARTESIAN_POINT('',(3.457224184382,0.346332877173));
#3001 = CARTESIAN_POINT('',(3.44833904873,0.348353865671));
#3002 = CARTESIAN_POINT('',(3.439542562322,0.350929375295));
#3003 = CARTESIAN_POINT('',(3.430879625985,0.354040757928));
#3004 = CARTESIAN_POINT('',(3.422395288797,0.35766571911));
#3005 = CARTESIAN_POINT('',(3.409665389006,0.364005793873));
#3006 = CARTESIAN_POINT('',(3.405261505703,0.366375022558));
#3007 = CARTESIAN_POINT('',(3.400930294137,0.368883569283));
#3008 = CARTESIAN_POINT('',(3.396678931787,0.371527485976));
#3009 = CARTESIAN_POINT('',(3.392514618732,0.374302820579));
#3010 = CARTESIAN_POINT('',(3.388444577654,0.377205617054));
#3011 = CARTESIAN_POINT('',(3.384476053835,0.380231915377));
#3012 = ( GEOMETRIC_REPRESENTATION_CONTEXT(2) 
PARAMETRIC_REPRESENTATION_CONTEXT() REPRESENTATION_CONTEXT('2D SPACE',''
  ) );
#3013 = PCURVE('',#3014,#3019);
#3014 = CYLINDRICAL_SURFACE('',#3015,3.22);
#3015 = AXIS2_PLACEMENT_3D('',#3016,#3017,#3018);
#3016 = CARTESIAN_POINT('',(11.1,-35.,-0.3));
#3017 = DIRECTION('',(0.,1.,0.));
#3018 = DIRECTION('',(0.,-0.,1.));
#3019 = DEFINITIONAL_REPRESENTATION('',(#3020),#3083);
#3020 = B_SPLINE_CURVE_WITH_KNOTS('',7,(#3021,#3022,#3023,#3024,#3025,
    #3026,#3027,#3028,#3029,#3030,#3031,#3032,#3033,#3034,#3035,#3036,
    #3037,#3038,#3039,#3040,#3041,#3042,#3043,#3044,#3045,#3046,#3047,
    #3048,#3049,#3050,#3051,#3052,#3053,#3054,#3055,#3056,#3057,#3058,
    #3059,#3060,#3061,#3062,#3063,#3064,#3065,#3066,#3067,#3068,#3069,
    #3070,#3071,#3072,#3073,#3074,#3075,#3076,#3077,#3078,#3079,#3080,
    #3081,#3082),.UNSPECIFIED.,.F.,.F.,(8,6,6,6,6,6,6,6,6,6,8),(0.,
    7.705666814617E-02,0.228190448493,0.279923880515,0.348349260425,
    0.400887914926,0.456861409683,0.615263653627,0.838122358949,
    0.943165620493,1.),.UNSPECIFIED.);
#3021 = CARTESIAN_POINT('',(6.28318530718,6.682509736531));
#3022 = CARTESIAN_POINT('',(6.240631655601,6.663894906093));
#3023 = CARTESIAN_POINT('',(6.198080409962,6.644779659491));
#3024 = CARTESIAN_POINT('',(6.155531632375,6.625204426177));
#3025 = CARTESIAN_POINT('',(6.112984783075,6.605260063122));
#3026 = CARTESIAN_POINT('',(6.070438720422,6.585087854821));
#3027 = CARTESIAN_POINT('',(6.027891700896,6.564879513286));
#3028 = CARTESIAN_POINT('',(5.901886031983,6.505645939376));
#3029 = CARTESIAN_POINT('',(5.818416712129,6.467204765506));
#3030 = CARTESIAN_POINT('',(5.734913318948,6.43135070954));
#3031 = CARTESIAN_POINT('',(5.651356015102,6.400590026852));
#3032 = CARTESIAN_POINT('',(5.567732029421,6.37783359184));
#3033 = CARTESIAN_POINT('',(5.484044929285,6.365460117023));
#3034 = CARTESIAN_POINT('',(5.371699843133,6.361976652097));
#3035 = CARTESIAN_POINT('',(5.343049636731,6.362232930323));
#3036 = CARTESIAN_POINT('',(5.314400673191,6.363611369803));
#3037 = CARTESIAN_POINT('',(5.285755218269,6.366035542569));
#3038 = CARTESIAN_POINT('',(5.257115589553,6.369382418181));
#3039 = CARTESIAN_POINT('',(5.228484508468,6.373437318085));
#3040 = CARTESIAN_POINT('',(5.1620132618,6.383562042888));
#3041 = CARTESIAN_POINT('',(5.124183175624,6.38982550002));
#3042 = CARTESIAN_POINT('',(5.086375419047,6.396291084603));
#3043 = CARTESIAN_POINT('',(5.048586522566,6.40260938271));
#3044 = CARTESIAN_POINT('',(5.010811012155,6.4084406243));
#3045 = CARTESIAN_POINT('',(4.973042716139,6.413518015455));
#3046 = CARTESIAN_POINT('',(4.90627793327,6.420930599379));
#3047 = CARTESIAN_POINT('',(4.877280842707,6.42362788133));
#3048 = CARTESIAN_POINT('',(4.848282405416,6.425737021568));
#3049 = CARTESIAN_POINT('',(4.819280675416,6.427234459356));
#3050 = CARTESIAN_POINT('',(4.79027418943,6.42813079197));
#3051 = CARTESIAN_POINT('',(4.7612620006,6.42846259851));
#3052 = CARTESIAN_POINT('',(4.701328283759,6.428094269878));
#3053 = CARTESIAN_POINT('',(4.670405851488,6.42732453965));
#3054 = CARTESIAN_POINT('',(4.639475836502,6.426041105859));
#3055 = CARTESIAN_POINT('',(4.608538076577,6.424327529508));
#3056 = CARTESIAN_POINT('',(4.577592726605,6.422276909542));
#3057 = CARTESIAN_POINT('',(4.546640159057,6.419983892608));
#3058 = CARTESIAN_POINT('',(4.428067579649,6.410611199151));
#3059 = CARTESIAN_POINT('',(4.340397864129,6.402448055561));
#3060 = CARTESIAN_POINT('',(4.252686917301,6.395112298978));
#3061 = CARTESIAN_POINT('',(4.164950370159,6.390315260836));
#3062 = CARTESIAN_POINT('',(4.077200700947,6.389182309679));
#3063 = CARTESIAN_POINT('',(3.989449297218,6.392267100048));
#3064 = CARTESIAN_POINT('',(3.778278172118,6.410427807563));
#3065 = CARTESIAN_POINT('',(3.654845865389,6.429866348109));
#3066 = CARTESIAN_POINT('',(3.531480064461,6.458766653272));
#3067 = CARTESIAN_POINT('',(3.408190557819,6.496300835435));
#3068 = CARTESIAN_POINT('',(3.284969401301,6.541110973218));
#3069 = CARTESIAN_POINT('',(3.161819693857,6.592453268851));
#3070 = CARTESIAN_POINT('',(2.980775018326,6.676482605718));
#3071 = CARTESIAN_POINT('',(2.922795924432,6.704685722314));
#3072 = CARTESIAN_POINT('',(2.864835751592,6.734093693776));
#3073 = CARTESIAN_POINT('',(2.806893692937,6.764635226555));
#3074 = CARTESIAN_POINT('',(2.748967983819,6.796228284549));
#3075 = CARTESIAN_POINT('',(2.691056177779,6.828761142211));
#3076 = CARTESIAN_POINT('',(2.60182782043,6.880097284351));
#3077 = CARTESIAN_POINT('',(2.570503357625,6.898348782692));
#3078 = CARTESIAN_POINT('',(2.539181475521,6.916803464938));
#3079 = CARTESIAN_POINT('',(2.507861547826,6.93543105317));
#3080 = CARTESIAN_POINT('',(2.476542880532,6.954195459302));
#3081 = CARTESIAN_POINT('',(2.445224711912,6.973054785078));
#3082 = CARTESIAN_POINT('',(2.413906212526,6.991961322074));
#3083 = ( GEOMETRIC_REPRESENTATION_CONTEXT(2) 
PARAMETRIC_REPRESENTATION_CONTEXT() REPRESENTATION_CONTEXT('2D SPACE',''
  ) );
#3084 = ORIENTED_EDGE('',*,*,#3085,.T.);
#3085 = EDGE_CURVE('',#2881,#2879,#3086,.T.);
#3086 = SURFACE_CURVE('',#3087,(#3139,#3194),.PCURVE_S1.);
#3087 = B_SPLINE_CURVE_WITH_KNOTS('',8,(#3088,#3089,#3090,#3091,#3092,
    #3093,#3094,#3095,#3096,#3097,#3098,#3099,#3100,#3101,#3102,#3103,
    #3104,#3105,#3106,#3107,#3108,#3109,#3110,#3111,#3112,#3113,#3114,
    #3115,#3116,#3117,#3118,#3119,#3120,#3121,#3122,#3123,#3124,#3125,
    #3126,#3127,#3128,#3129,#3130,#3131,#3132,#3133,#3134,#3135,#3136,
    #3137,#3138),.UNSPECIFIED.,.F.,.F.,(9,7,7,7,7,7,7,9),(0.,
    0.242730824871,0.393770857487,0.475920222428,0.543999563098,
    0.60424849084,0.796376545252,1.),.UNSPECIFIED.);
#3088 = CARTESIAN_POINT('',(13.241763187072,-28.00803867792,
    -2.704423101391));
#3089 = CARTESIAN_POINT('',(13.417643169441,-27.96387994885,
    -2.54775630204));
#3090 = CARTESIAN_POINT('',(13.580424308235,-27.91947155937,
    -2.376387625529));
#3091 = CARTESIAN_POINT('',(13.728705243299,-27.87539568887,
    -2.19156704923));
#3092 = CARTESIAN_POINT('',(13.861215781317,-27.83240236488,
    -1.994699780451));
#3093 = CARTESIAN_POINT('',(13.976837338914,-27.79146613919,
    -1.787337793014));
#3094 = CARTESIAN_POINT('',(14.074624973877,-27.75379311089,
    -1.571165313512));
#3095 = CARTESIAN_POINT('',(14.153831004492,-27.72077829644,
    -1.347978257222));
#3096 = CARTESIAN_POINT('',(14.251327144318,-27.67719654547,
    -0.977584362534));
#3097 = CARTESIAN_POINT('',(14.28132573671,-27.66286018282,
    -0.833523994999));
#3098 = CARTESIAN_POINT('',(14.303797064763,-27.65126320614,
    -0.687938687167));
#3099 = CARTESIAN_POINT('',(14.318647788493,-27.64277084008,
    -0.541305131519));
#3100 = CARTESIAN_POINT('',(14.325823386558,-27.63774534791,
    -0.394109250191));
#3101 = CARTESIAN_POINT('',(14.325309792762,-27.63650948356,
    -0.246840715403));
#3102 = CARTESIAN_POINT('',(14.317133439842,-27.63928263414,
    -9.998727706191E-02));
#3103 = CARTESIAN_POINT('',(14.292780515856,-27.64979193129,
    0.125356600306));
#3104 = CARTESIAN_POINT('',(14.28195374121,-27.65468698233,0.20447839921
    ));
#3105 = CARTESIAN_POINT('',(14.268889875206,-27.66078117408,
    0.28325923997));
#3106 = CARTESIAN_POINT('',(14.2536024975,-27.66806123576,0.361624228562
    ));
#3107 = CARTESIAN_POINT('',(14.236107988211,-27.67649445233,
    0.439500645321));
#3108 = CARTESIAN_POINT('',(14.216425237322,-27.68602885905,
    0.51681775414));
#3109 = CARTESIAN_POINT('',(14.194575354096,-27.69659343612,
    0.593506611658));
#3110 = CARTESIAN_POINT('',(14.150696935765,-27.71763268944,
    0.732477494925));
#3111 = CARTESIAN_POINT('',(14.1293399017,-27.7278133789,0.794977566341)
  );
#3112 = CARTESIAN_POINT('',(14.106523368991,-27.73859073546,
    0.856962044015));
#3113 = CARTESIAN_POINT('',(14.082261279417,-27.74990800971,
    0.918393616343));
#3114 = CARTESIAN_POINT('',(14.056568487499,-27.76170401967,
    0.979235546953));
#3115 = CARTESIAN_POINT('',(14.029460826175,-27.77391583144,
    1.039451514844));
#3116 = CARTESIAN_POINT('',(14.000955172472,-27.78648143984,
    1.099005454531));
#3117 = CARTESIAN_POINT('',(13.944621270449,-27.81072419884,
    1.209947790395));
#3118 = CARTESIAN_POINT('',(13.917092490017,-27.82233370165,
    1.261487015527));
#3119 = CARTESIAN_POINT('',(13.888495228186,-27.83418385722,
    1.312455076187));
#3120 = CARTESIAN_POINT('',(13.858843194144,-27.84597928688,
    1.362826159138));
#3121 = CARTESIAN_POINT('',(13.828149932534,-27.85784655817,
    1.412576421408));
#3122 = CARTESIAN_POINT('',(13.796430621012,-27.8695865774,
    1.461680616545));
#3123 = CARTESIAN_POINT('',(13.763700405747,-27.88122369091,
    1.510115110201));
#3124 = CARTESIAN_POINT('',(13.622429943853,-27.92930936745,
    1.710097159196));
#3125 = CARTESIAN_POINT('',(13.504767743531,-27.96433720978,
    1.855287090168));
#3126 = CARTESIAN_POINT('',(13.377518192454,-27.99668460137,
    1.992645123865));
#3127 = CARTESIAN_POINT('',(13.241290711804,-28.02620222758,
    2.121424872521));
#3128 = CARTESIAN_POINT('',(13.096770718292,-28.05316076048,
    2.240934425273));
#3129 = CARTESIAN_POINT('',(12.944711133543,-28.0780486137,
    2.350549636407));
#3130 = CARTESIAN_POINT('',(12.785921194751,-28.10148429444,
    2.44972288794));
#3131 = CARTESIAN_POINT('',(12.446734940164,-28.14791967988,
    2.63153768758));
#3132 = CARTESIAN_POINT('',(12.265608777089,-28.17080997279,
    2.712838100571));
#3133 = CARTESIAN_POINT('',(12.078891663875,-28.1933849443,
    2.781335815091));
#3134 = CARTESIAN_POINT('',(11.887654201641,-28.21627560268,
    2.836581976804));
#3135 = CARTESIAN_POINT('',(11.693006252191,-28.23995940697,
    2.878238531652));
#3136 = CARTESIAN_POINT('',(11.496082830431,-28.26470893468,
    2.906081072389));
#3137 = CARTESIAN_POINT('',(11.298031318272,-28.29058729156,2.92));
#3138 = CARTESIAN_POINT('',(11.1,-28.31749026346,2.92));
#3139 = PCURVE('',#525,#3140);
#3140 = DEFINITIONAL_REPRESENTATION('',(#3141),#3193);
#3141 = B_SPLINE_CURVE_WITH_KNOTS('',8,(#3142,#3143,#3144,#3145,#3146,
    #3147,#3148,#3149,#3150,#3151,#3152,#3153,#3154,#3155,#3156,#3157,
    #3158,#3159,#3160,#3161,#3162,#3163,#3164,#3165,#3166,#3167,#3168,
    #3169,#3170,#3171,#3172,#3173,#3174,#3175,#3176,#3177,#3178,#3179,
    #3180,#3181,#3182,#3183,#3184,#3185,#3186,#3187,#3188,#3189,#3190,
    #3191,#3192),.UNSPECIFIED.,.F.,.F.,(9,7,7,7,7,7,7,9),(0.,
    0.242730824871,0.393770857487,0.475920222428,0.543999563098,
    0.60424849084,0.796376545252,1.),.UNSPECIFIED.);
#3142 = CARTESIAN_POINT('',(3.384476053835,0.380231915377));
#3143 = CARTESIAN_POINT('',(3.375207039201,0.387300237184));
#3144 = CARTESIAN_POINT('',(3.366480817681,0.395028294853));
#3145 = CARTESIAN_POINT('',(3.358383054346,0.403371643053));
#3146 = CARTESIAN_POINT('',(3.351000302177,0.412286274404));
#3147 = CARTESIAN_POINT('',(3.344419966883,0.421736979335));
#3148 = CARTESIAN_POINT('',(3.338728381437,0.431698425573));
#3149 = CARTESIAN_POINT('',(3.334006990332,0.442148957273));
#3150 = CARTESIAN_POINT('',(3.328036535999,0.459844749076));
#3151 = CARTESIAN_POINT('',(3.326149519301,0.466809518323));
#3152 = CARTESIAN_POINT('',(3.324682809767,0.473942623992));
#3153 = CARTESIAN_POINT('',(3.323651793862,0.481233917165));
#3154 = CARTESIAN_POINT('',(3.323069513905,0.488668358555));
#3155 = CARTESIAN_POINT('',(3.322945734877,0.496221996974));
#3156 = CARTESIAN_POINT('',(3.323285592335,0.503857465216));
#3157 = CARTESIAN_POINT('',(3.324524146899,0.515686032144));
#3158 = CARTESIAN_POINT('',(3.325097245759,0.519860808916));
#3159 = CARTESIAN_POINT('',(3.325806957336,0.524034704939));
#3160 = CARTESIAN_POINT('',(3.326652524059,0.528197370111));
#3161 = CARTESIAN_POINT('',(3.327632595448,0.532337177652));
#3162 = CARTESIAN_POINT('',(3.328745232091,0.536441678769));
#3163 = CARTESIAN_POINT('',(3.329987909627,0.540498057329));
#3164 = CARTESIAN_POINT('',(3.332492557141,0.547804783074));
#3165 = CARTESIAN_POINT('',(3.333714780934,0.551074267094));
#3166 = CARTESIAN_POINT('',(3.335022460528,0.554294860294));
#3167 = CARTESIAN_POINT('',(3.336413620347,0.557459692963));
#3168 = CARTESIAN_POINT('',(3.337886094795,0.560562411201));
#3169 = CARTESIAN_POINT('',(3.339437580238,0.563597386143));
#3170 = CARTESIAN_POINT('',(3.341065686988,0.566559923189));
#3171 = CARTESIAN_POINT('',(3.344274498362,0.572001011595));
#3172 = CARTESIAN_POINT('',(3.345839002427,0.57449643567));
#3173 = CARTESIAN_POINT('',(3.347461367886,0.5769236691));
#3174 = CARTESIAN_POINT('',(3.349132550368,0.579311903096));
#3175 = CARTESIAN_POINT('',(3.350855478233,0.581641778473));
#3176 = CARTESIAN_POINT('',(3.352623721717,0.583933098775));
#3177 = CARTESIAN_POINT('',(3.354437186733,0.586180134655));
#3178 = CARTESIAN_POINT('',(3.362212947298,0.595424541025));
#3179 = CARTESIAN_POINT('',(3.368568597072,0.602050630519));
#3180 = CARTESIAN_POINT('',(3.37530128764,0.608319797182));
#3181 = CARTESIAN_POINT('',(3.382373921505,0.614229614811));
#3182 = CARTESIAN_POINT('',(3.389756629664,0.619758597835));
#3183 = CARTESIAN_POINT('',(3.39742154572,0.624876647301));
#3184 = CARTESIAN_POINT('',(3.405341280406,0.629546470001));
#3185 = CARTESIAN_POINT('',(3.422116437438,0.638172859485));
#3186 = CARTESIAN_POINT('',(3.430999758846,0.642070111898));
#3187 = CARTESIAN_POINT('',(3.44009926172,0.645384885917));
#3188 = CARTESIAN_POINT('',(3.449375397917,0.648078369015));
#3189 = CARTESIAN_POINT('',(3.458784002235,0.65011919334));
#3190 = CARTESIAN_POINT('',(3.468276316633,0.651486338181));
#3191 = CARTESIAN_POINT('',(3.477800034873,0.652169928326));
#3192 = CARTESIAN_POINT('',(3.48730136759,0.652169928326));
#3193 = ( GEOMETRIC_REPRESENTATION_CONTEXT(2) 
PARAMETRIC_REPRESENTATION_CONTEXT() REPRESENTATION_CONTEXT('2D SPACE',''
  ) );
#3194 = PCURVE('',#3014,#3195);
#3195 = DEFINITIONAL_REPRESENTATION('',(#3196),#3248);
#3196 = B_SPLINE_CURVE_WITH_KNOTS('',8,(#3197,#3198,#3199,#3200,#3201,
    #3202,#3203,#3204,#3205,#3206,#3207,#3208,#3209,#3210,#3211,#3212,
    #3213,#3214,#3215,#3216,#3217,#3218,#3219,#3220,#3221,#3222,#3223,
    #3224,#3225,#3226,#3227,#3228,#3229,#3230,#3231,#3232,#3233,#3234,
    #3235,#3236,#3237,#3238,#3239,#3240,#3241,#3242,#3243,#3244,#3245,
    #3246,#3247),.UNSPECIFIED.,.F.,.F.,(9,7,7,7,7,7,7,9),(0.,
    0.242730824871,0.393770857487,0.475920222428,0.543999563098,
    0.60424849084,0.796376545252,1.),.UNSPECIFIED.);
#3197 = CARTESIAN_POINT('',(2.413906212526,6.991961322074));
#3198 = CARTESIAN_POINT('',(2.340757696249,7.036120051141));
#3199 = CARTESIAN_POINT('',(2.267609887074,7.080528440626));
#3200 = CARTESIAN_POINT('',(2.19444949649,7.124604311125));
#3201 = CARTESIAN_POINT('',(2.121265092852,7.167597635114));
#3202 = CARTESIAN_POINT('',(2.048048175952,7.208533860809));
#3203 = CARTESIAN_POINT('',(1.974794141455,7.246206889103));
#3204 = CARTESIAN_POINT('',(1.90150313519,7.279221703559));
#3205 = CARTESIAN_POINT('',(1.782555737889,7.322803454522));
#3206 = CARTESIAN_POINT('',(1.736918747312,7.337139817173));
#3207 = CARTESIAN_POINT('',(1.691274128348,7.348736793851));
#3208 = CARTESIAN_POINT('',(1.645627331423,7.357229159916));
#3209 = CARTESIAN_POINT('',(1.599984521804,7.362254652089));
#3210 = CARTESIAN_POINT('',(1.554352174361,7.363490516432));
#3211 = CARTESIAN_POINT('',(1.508736695895,7.360717365855));
#3212 = CARTESIAN_POINT('',(1.438346643622,7.350208068708));
#3213 = CARTESIAN_POINT('',(1.413555639348,7.345313017664));
#3214 = CARTESIAN_POINT('',(1.388772018067,7.33921882592));
#3215 = CARTESIAN_POINT('',(1.36399618413,7.331938764238));
#3216 = CARTESIAN_POINT('',(1.339228071849,7.32350554767));
#3217 = CARTESIAN_POINT('',(1.314467226979,7.313971140947));
#3218 = CARTESIAN_POINT('',(1.289712888182,7.303406563875));
#3219 = CARTESIAN_POINT('',(1.244454070314,7.282367310558));
#3220 = CARTESIAN_POINT('',(1.223947801308,7.272186621097));
#3221 = CARTESIAN_POINT('',(1.203444606847,7.261409264535));
#3222 = CARTESIAN_POINT('',(1.182943713639,7.250091990282));
#3223 = CARTESIAN_POINT('',(1.162444290787,7.238295980322));
#3224 = CARTESIAN_POINT('',(1.141945510838,7.226084168556));
#3225 = CARTESIAN_POINT('',(1.121446610829,7.213518560151));
#3226 = CARTESIAN_POINT('',(1.082805144521,7.189275801155));
#3227 = CARTESIAN_POINT('',(1.064662919671,7.177666298349));
#3228 = CARTESIAN_POINT('',(1.046519519806,7.165816142778));
#3229 = CARTESIAN_POINT('',(1.028374920124,7.154020713113));
#3230 = CARTESIAN_POINT('',(1.010228527828,7.142153441821));
#3231 = CARTESIAN_POINT('',(0.992080380943,7.130413422596));
#3232 = CARTESIAN_POINT('',(0.973930082098,7.118776309089));
#3233 = CARTESIAN_POINT('',(0.897890571397,7.070690632549));
#3234 = CARTESIAN_POINT('',(0.839979475505,7.035662790217));
#3235 = CARTESIAN_POINT('',(0.782041493161,7.003315398629));
#3236 = CARTESIAN_POINT('',(0.724078490896,6.973797772419));
#3237 = CARTESIAN_POINT('',(0.666094093919,6.946839239514));
#3238 = CARTESIAN_POINT('',(0.6080926184,6.921951386298));
#3239 = CARTESIAN_POINT('',(0.550078661629,6.898515705554));
#3240 = CARTESIAN_POINT('',(0.430562281884,6.852080320119));
#3241 = CARTESIAN_POINT('',(0.369056869507,6.829190027209));
#3242 = CARTESIAN_POINT('',(0.307545176407,6.806615055697));
#3243 = CARTESIAN_POINT('',(0.246031233642,6.783724397316));
#3244 = CARTESIAN_POINT('',(0.184517894128,6.760040593023));
#3245 = CARTESIAN_POINT('',(0.123007089653,6.735291065313));
#3246 = CARTESIAN_POINT('',(6.150040940129E-02,6.709412708435));
#3247 = CARTESIAN_POINT('',(0.,6.682509736531));
#3248 = ( GEOMETRIC_REPRESENTATION_CONTEXT(2) 
PARAMETRIC_REPRESENTATION_CONTEXT() REPRESENTATION_CONTEXT('2D SPACE',''
  ) );
#3249 = ADVANCED_FACE('',(#3250,#3422),#456,.F.);
#3250 = FACE_BOUND('',#3251,.F.);
#3251 = EDGE_LOOP('',(#3252,#3253,#3254,#3255,#3256,#3257));
#3252 = ORIENTED_EDGE('',*,*,#2647,.F.);
#3253 = ORIENTED_EDGE('',*,*,#438,.T.);
#3254 = ORIENTED_EDGE('',*,*,#2615,.T.);
#3255 = ORIENTED_EDGE('',*,*,#1596,.F.);
#3256 = ORIENTED_EDGE('',*,*,#2848,.F.);
#3257 = ORIENTED_EDGE('',*,*,#3258,.T.);
#3258 = EDGE_CURVE('',#2677,#2648,#3259,.T.);
#3259 = SURFACE_CURVE('',#3260,(#3312,#3367),.PCURVE_S1.);
#3260 = B_SPLINE_CURVE_WITH_KNOTS('',8,(#3261,#3262,#3263,#3264,#3265,
    #3266,#3267,#3268,#3269,#3270,#3271,#3272,#3273,#3274,#3275,#3276,
    #3277,#3278,#3279,#3280,#3281,#3282,#3283,#3284,#3285,#3286,#3287,
    #3288,#3289,#3290,#3291,#3292,#3293,#3294,#3295,#3296,#3297,#3298,
    #3299,#3300,#3301,#3302,#3303,#3304,#3305,#3306,#3307,#3308,#3309,
    #3310,#3311),.UNSPECIFIED.,.F.,.F.,(9,7,7,7,7,7,7,9),(0.,
    0.138706902659,0.283809100754,0.347106243898,0.409825453119,
    0.46717482399,0.724065983932,1.),.UNSPECIFIED.);
#3261 = CARTESIAN_POINT('',(-6.661338147751E-15,-28.83929486214,2.92));
#3262 = CARTESIAN_POINT('',(-0.175253703765,-28.83929486214,2.92));
#3263 = CARTESIAN_POINT('',(-0.350545866236,-28.84092263713,
    2.909098906127));
#3264 = CARTESIAN_POINT('',(-0.52507660306,-28.84415934771,
    2.887288300175));
#3265 = CARTESIAN_POINT('',(-0.698048503149,-28.84886239502,
    2.854631833295));
#3266 = CARTESIAN_POINT('',(-0.868673839098,-28.85475078925,
    2.811263149572));
#3267 = CARTESIAN_POINT('',(-1.036181188655,-28.86140861311,
    2.75738368507));
#3268 = CARTESIAN_POINT('',(-1.199821467261,-28.86830658033,
    2.693260342347));
#3269 = CARTESIAN_POINT('',(-1.525258609128,-28.8816781094,
    2.541772134661));
#3270 = CARTESIAN_POINT('',(-1.686625599107,-28.88811947169,
    2.453470651962));
#3271 = CARTESIAN_POINT('',(-1.842151220772,-28.89347577298,
    2.354694188438));
#3272 = CARTESIAN_POINT('',(-1.991043313993,-28.89698912599,
    2.24589410036));
#3273 = CARTESIAN_POINT('',(-2.132547483555,-28.8978946071,
    2.127595801574));
#3274 = CARTESIAN_POINT('',(-2.265955092532,-28.89554542431,
    2.000397587968));
#3275 = CARTESIAN_POINT('',(-2.390612444833,-28.88960240505,
    1.864969989008));
#3276 = CARTESIAN_POINT('',(-2.556236011827,-28.87622454646,
    1.659712899471));
#3277 = CARTESIAN_POINT('',(-2.604763958288,-28.87151828762,
    1.595945285684));
#3278 = CARTESIAN_POINT('',(-2.651466418707,-28.86619469846,
    1.530814158812));
#3279 = CARTESIAN_POINT('',(-2.696297450918,-28.86029126952,
    1.464382993163));
#3280 = CARTESIAN_POINT('',(-2.739213841336,-28.85387359381,
    1.396717379747));
#3281 = CARTESIAN_POINT('',(-2.780175198143,-28.84705164943,
    1.327885022507));
#3282 = CARTESIAN_POINT('',(-2.819144044465,-28.83999608226,
    1.25795573455));
#3283 = CARTESIAN_POINT('',(-2.892690481297,-28.82597718832,
    1.116694981717));
#3284 = CARTESIAN_POINT('',(-2.927305032296,-28.81899659277,
    1.045381877391));
#3285 = CARTESIAN_POINT('',(-2.959898585869,-28.81208755998,
    0.973127423321));
#3286 = CARTESIAN_POINT('',(-2.990443197068,-28.80533396241,
    0.899996589847));
#3287 = CARTESIAN_POINT('',(-3.018913673172,-28.79882264598,
    0.826054216839));
#3288 = CARTESIAN_POINT('',(-3.045287292188,-28.79263738887,
    0.751365214792));
#3289 = CARTESIAN_POINT('',(-3.069543521355,-28.78685286045,
    0.675994765941));
#3290 = CARTESIAN_POINT('',(-3.111890080786,-28.77666014936,
    0.530528008202));
#3291 = CARTESIAN_POINT('',(-3.130330511472,-28.7721762786,
    0.460532693502));
#3292 = CARTESIAN_POINT('',(-3.146970868089,-28.76812410266,
    0.390072900157));
#3293 = CARTESIAN_POINT('',(-3.161798325737,-28.76453895742,
    0.319199581902));
#3294 = CARTESIAN_POINT('',(-3.17480148885,-28.76144476566,
    0.247964417384));
#3295 = CARTESIAN_POINT('',(-3.185970485823,-28.75885442293,
    0.176419900232));
#3296 = CARTESIAN_POINT('',(-3.195297063631,-28.75677018339,
    0.104619429135));
#3297 = CARTESIAN_POINT('',(-3.236269978837,-28.74807908953,
    -0.289908987935));
#3298 = CARTESIAN_POINT('',(-3.2326638702,-28.75096865726,
    -0.616461937056));
#3299 = CARTESIAN_POINT('',(-3.191380856396,-28.76328013178,
    -0.942152723752));
#3300 = CARTESIAN_POINT('',(-3.112565633621,-28.78055945608,
    -1.261868165161));
#3301 = CARTESIAN_POINT('',(-2.997280639606,-28.79986131011,
    -1.570454506998));
#3302 = CARTESIAN_POINT('',(-2.847426553482,-28.81900354601,
    -1.863086001232));
#3303 = CARTESIAN_POINT('',(-2.665663139165,-28.83662142092,
    -2.135306895536));
#3304 = CARTESIAN_POINT('',(-2.229371208258,-28.86861147379,
    -2.649525194175));
#3305 = CARTESIAN_POINT('',(-1.970386174565,-28.88264908254,
    -2.887858268174));
#3306 = CARTESIAN_POINT('',(-1.682459206086,-28.89331108005,
    -3.093355548634));
#3307 = CARTESIAN_POINT('',(-1.370540414418,-28.90063545113,
    -3.261945353868));
#3308 = CARTESIAN_POINT('',(-1.040210619356,-28.90528878957,
    -3.390486593317));
#3309 = CARTESIAN_POINT('',(-0.697492569749,-28.9080457786,
    -3.476854575243));
#3310 = CARTESIAN_POINT('',(-0.34865844256,-28.90935685666,-3.52));
#3311 = CARTESIAN_POINT('',(-6.661338147751E-15,-28.90935685666,-3.52));
#3312 = PCURVE('',#456,#3313);
#3313 = DEFINITIONAL_REPRESENTATION('',(#3314),#3366);
#3314 = B_SPLINE_CURVE_WITH_KNOTS('',8,(#3315,#3316,#3317,#3318,#3319,
    #3320,#3321,#3322,#3323,#3324,#3325,#3326,#3327,#3328,#3329,#3330,
    #3331,#3332,#3333,#3334,#3335,#3336,#3337,#3338,#3339,#3340,#3341,
    #3342,#3343,#3344,#3345,#3346,#3347,#3348,#3349,#3350,#3351,#3352,
    #3353,#3354,#3355,#3356,#3357,#3358,#3359,#3360,#3361,#3362,#3363,
    #3364,#3365),.UNSPECIFIED.,.F.,.F.,(9,7,7,7,7,7,7,9),(0.,
    0.138706902659,0.283809100754,0.347106243898,0.409825453119,
    0.46717482399,0.724065983932,1.),.UNSPECIFIED.);
#3315 = CARTESIAN_POINT('',(4.,0.652169928326));
#3316 = CARTESIAN_POINT('',(4.00882932314,0.652169928326));
#3317 = CARTESIAN_POINT('',(4.017583365289,0.651634572393));
#3318 = CARTESIAN_POINT('',(4.026224985086,0.650563556723));
#3319 = CARTESIAN_POINT('',(4.034718683494,0.648962851626));
#3320 = CARTESIAN_POINT('',(4.043031062232,0.646845124304));
#3321 = CARTESIAN_POINT('',(4.051131126156,0.644229309621));
#3322 = CARTESIAN_POINT('',(4.058990429575,0.641139328868));
#3323 = CARTESIAN_POINT('',(4.074525773686,0.633901488173));
#3324 = CARTESIAN_POINT('',(4.082176790362,0.629711175491));
#3325 = CARTESIAN_POINT('',(4.08950657124,0.625062085163));
#3326 = CARTESIAN_POINT('',(4.096488376771,0.6199867597));
#3327 = CARTESIAN_POINT('',(4.103098175851,0.614518378249));
#3328 = CARTESIAN_POINT('',(4.109314035684,0.608685098653));
#3329 = CARTESIAN_POINT('',(4.115114998814,0.602499580761));
#3330 = CARTESIAN_POINT('',(4.122819551544,0.593083850814));
#3331 = CARTESIAN_POINT('',(4.12507660566,0.590153570077));
#3332 = CARTESIAN_POINT('',(4.127248791965,0.58715085426));
#3333 = CARTESIAN_POINT('',(4.129334326315,0.584073054524));
#3334 = CARTESIAN_POINT('',(4.131331367754,0.580915724081));
#3335 = CARTESIAN_POINT('',(4.133237928117,0.577671474578));
#3336 = CARTESIAN_POINT('',(4.13505178165,0.574328832482));
#3337 = CARTESIAN_POINT('',(4.138473275984,0.567444929275));
#3338 = CARTESIAN_POINT('',(4.140082747839,0.56390828943));
#3339 = CARTESIAN_POINT('',(4.141597329887,0.560266909385));
#3340 = CARTESIAN_POINT('',(4.143015654607,0.556529006188));
#3341 = CARTESIAN_POINT('',(4.144336459397,0.552704716801));
#3342 = CARTESIAN_POINT('',(4.145558598709,0.548805534428));
#3343 = CARTESIAN_POINT('',(4.146681056195,0.544843744836));
#3344 = CARTESIAN_POINT('',(4.148637365299,0.53716346635));
#3345 = CARTESIAN_POINT('',(4.149487699192,0.533453104826));
#3346 = CARTESIAN_POINT('',(4.150253285416,0.529710359018));
#3347 = CARTESIAN_POINT('',(4.150933553053,0.525944599715));
#3348 = CARTESIAN_POINT('',(4.151528034282,0.522164752277));
#3349 = CARTESIAN_POINT('',(4.152036365289,0.518379061339));
#3350 = CARTESIAN_POINT('',(4.15245828718,0.514594855496));
#3351 = CARTESIAN_POINT('',(4.154295859442,0.493901637496));
#3352 = CARTESIAN_POINT('',(4.1540611077,0.47713913816));
#3353 = CARTESIAN_POINT('',(4.152075640477,0.461109389132));
#3354 = CARTESIAN_POINT('',(4.148368558605,0.445947309695));
#3355 = CARTESIAN_POINT('',(4.142996750649,0.431635156804));
#3356 = CARTESIAN_POINT('',(4.13604185921,0.418272571574));
#3357 = CARTESIAN_POINT('',(4.127606615683,0.40593142023));
#3358 = CARTESIAN_POINT('',(4.107296679783,0.382695485782));
#3359 = CARTESIAN_POINT('',(4.095210513455,0.371971674871));
#3360 = CARTESIAN_POINT('',(4.081708464689,0.362696571936));
#3361 = CARTESIAN_POINT('',(4.066968788038,0.35503544618));
#3362 = CARTESIAN_POINT('',(4.051192023182,0.349158868008));
#3363 = CARTESIAN_POINT('',(4.034601982143,0.345200320239));
#3364 = CARTESIAN_POINT('',(4.017447357586,0.343222463534));
#3365 = CARTESIAN_POINT('',(4.,0.343222463534));
#3366 = ( GEOMETRIC_REPRESENTATION_CONTEXT(2) 
PARAMETRIC_REPRESENTATION_CONTEXT() REPRESENTATION_CONTEXT('2D SPACE',''
  ) );
#3367 = PCURVE('',#2788,#3368);
#3368 = DEFINITIONAL_REPRESENTATION('',(#3369),#3421);
#3369 = B_SPLINE_CURVE_WITH_KNOTS('',8,(#3370,#3371,#3372,#3373,#3374,
    #3375,#3376,#3377,#3378,#3379,#3380,#3381,#3382,#3383,#3384,#3385,
    #3386,#3387,#3388,#3389,#3390,#3391,#3392,#3393,#3394,#3395,#3396,
    #3397,#3398,#3399,#3400,#3401,#3402,#3403,#3404,#3405,#3406,#3407,
    #3408,#3409,#3410,#3411,#3412,#3413,#3414,#3415,#3416,#3417,#3418,
    #3419,#3420),.UNSPECIFIED.,.F.,.F.,(9,7,7,7,7,7,7,9),(0.,
    0.138706902659,0.283809100754,0.347106243898,0.409825453119,
    0.46717482399,0.724065983932,1.),.UNSPECIFIED.);
#3370 = CARTESIAN_POINT('',(6.28318530718,6.160705137855));
#3371 = CARTESIAN_POINT('',(6.228758691104,6.160705137855));
#3372 = CARTESIAN_POINT('',(6.174320135429,6.159077362862));
#3373 = CARTESIAN_POINT('',(6.11987235576,6.15584065229));
#3374 = CARTESIAN_POINT('',(6.065416895688,6.15113760498));
#3375 = CARTESIAN_POINT('',(6.010954382126,6.145249210744));
#3376 = CARTESIAN_POINT('',(5.95648482453,6.138591386882));
#3377 = CARTESIAN_POINT('',(5.902007958033,6.131693419662));
#3378 = CARTESIAN_POINT('',(5.790527219028,6.118321890595));
#3379 = CARTESIAN_POINT('',(5.733521644398,6.111880528307));
#3380 = CARTESIAN_POINT('',(5.67650566253,6.106524227012));
#3381 = CARTESIAN_POINT('',(5.619479051364,6.103010874006));
#3382 = CARTESIAN_POINT('',(5.56244292627,6.102105392892));
#3383 = CARTESIAN_POINT('',(5.505400504744,6.104454575688));
#3384 = CARTESIAN_POINT('',(5.448358320343,6.110397594941));
#3385 = CARTESIAN_POINT('',(5.36644980942,6.123775453538));
#3386 = CARTESIAN_POINT('',(5.34157389108,6.128481712378));
#3387 = CARTESIAN_POINT('',(5.316700974068,6.13380530154));
#3388 = CARTESIAN_POINT('',(5.291831911062,6.139708730471));
#3389 = CARTESIAN_POINT('',(5.266967613785,6.146126406182));
#3390 = CARTESIAN_POINT('',(5.242109102606,6.15294835057));
#3391 = CARTESIAN_POINT('',(5.21725755613,6.160003917737));
#3392 = CARTESIAN_POINT('',(5.167797996016,6.174022811674));
#3393 = CARTESIAN_POINT('',(5.143189742151,6.181003407222));
#3394 = CARTESIAN_POINT('',(5.118589293193,6.187912440017));
#3395 = CARTESIAN_POINT('',(5.093995893541,6.194666037581));
#3396 = CARTESIAN_POINT('',(5.069408451353,6.201177354015));
#3397 = CARTESIAN_POINT('',(5.044825651894,6.207362611126));
#3398 = CARTESIAN_POINT('',(5.020246070878,6.21314713955));
#3399 = CARTESIAN_POINT('',(4.973194783876,6.22333985064));
#3400 = CARTESIAN_POINT('',(4.950722798144,6.2278237214));
#3401 = CARTESIAN_POINT('',(4.928251272736,6.231875897337));
#3402 = CARTESIAN_POINT('',(4.905779225072,6.235461042576));
#3403 = CARTESIAN_POINT('',(4.883305785442,6.238555234332));
#3404 = CARTESIAN_POINT('',(4.860830234568,6.241145577063));
#3405 = CARTESIAN_POINT('',(4.838352041176,6.24322981661));
#3406 = CARTESIAN_POINT('',(4.715168721653,6.251920910469));
#3407 = CARTESIAN_POINT('',(4.614412931169,6.24903134274));
#3408 = CARTESIAN_POINT('',(4.513576168851,6.236719868218));
#3409 = CARTESIAN_POINT('',(4.412669493132,6.219440543919));
#3410 = CARTESIAN_POINT('',(4.311723410627,6.200138689881));
#3411 = CARTESIAN_POINT('',(4.210748470322,6.180996453985));
#3412 = CARTESIAN_POINT('',(4.109764533478,6.16337857908));
#3413 = CARTESIAN_POINT('',(3.900333728973,6.131388526201));
#3414 = CARTESIAN_POINT('',(3.791859245042,6.117350917452));
#3415 = CARTESIAN_POINT('',(3.683401295845,6.106688919943));
#3416 = CARTESIAN_POINT('',(3.574972389364,6.099364548862));
#3417 = CARTESIAN_POINT('',(3.466573950297,6.094711210424));
#3418 = CARTESIAN_POINT('',(3.358205236855,6.091954221395));
#3419 = CARTESIAN_POINT('',(3.249871673018,6.090643143332));
#3420 = CARTESIAN_POINT('',(3.14159265359,6.090643143332));
#3421 = ( GEOMETRIC_REPRESENTATION_CONTEXT(2) 
PARAMETRIC_REPRESENTATION_CONTEXT() REPRESENTATION_CONTEXT('2D SPACE',''
  ) );
#3422 = FACE_BOUND('',#3423,.F.);
#3423 = EDGE_LOOP('',(#3424,#3598));
#3424 = ORIENTED_EDGE('',*,*,#3425,.T.);
#3425 = EDGE_CURVE('',#3426,#3428,#3430,.T.);
#3426 = VERTEX_POINT('',#3427);
#3427 = CARTESIAN_POINT('',(-11.1,-28.31749026346,2.92));
#3428 = VERTEX_POINT('',#3429);
#3429 = CARTESIAN_POINT('',(-9.510855476251,-28.56420919661,
    -3.10053917713));
#3430 = SURFACE_CURVE('',#3431,(#3483,#3538),.PCURVE_S1.);
#3431 = B_SPLINE_CURVE_WITH_KNOTS('',8,(#3432,#3433,#3434,#3435,#3436,
    #3437,#3438,#3439,#3440,#3441,#3442,#3443,#3444,#3445,#3446,#3447,
    #3448,#3449,#3450,#3451,#3452,#3453,#3454,#3455,#3456,#3457,#3458,
    #3459,#3460,#3461,#3462,#3463,#3464,#3465,#3466,#3467,#3468,#3469,
    #3470,#3471,#3472,#3473,#3474,#3475,#3476,#3477,#3478,#3479,#3480,
    #3481,#3482),.UNSPECIFIED.,.F.,.F.,(9,7,7,7,7,7,7,9),(0.,
    0.134633580903,0.280848761924,0.314474428078,0.400559777999,
    0.500828894495,0.681937493036,1.),.UNSPECIFIED.);
#3432 = CARTESIAN_POINT('',(-11.1,-28.31749026346,2.92));
#3433 = CARTESIAN_POINT('',(-11.29834264225,-28.29054499754,2.92));
#3434 = CARTESIAN_POINT('',(-11.49670555069,-28.26462758557,
    2.906037273386));
#3435 = CARTESIAN_POINT('',(-11.69393500482,-28.2398426769,
    2.878107113785));
#3436 = CARTESIAN_POINT('',(-11.88887820288,-28.21612666347,
    2.836319816591));
#3437 = CARTESIAN_POINT('',(-12.08039480927,-28.19320504112,
    2.780901212867));
#3438 = CARTESIAN_POINT('',(-12.26736984133,-28.17059707077,
    2.712191495327));
#3439 = CARTESIAN_POINT('',(-12.44872789566,-28.14766773962,
    2.630642336391));
#3440 = CARTESIAN_POINT('',(-12.81319956146,-28.0977268496,
    2.434910708016));
#3441 = CARTESIAN_POINT('',(-12.99513054036,-28.0705375894,
    2.318519851249));
#3442 = CARTESIAN_POINT('',(-13.16793267122,-28.04126748548,
    2.188353417305));
#3443 = CARTESIAN_POINT('',(-13.33037670745,-28.00907087661,
    2.045269784549));
#3444 = CARTESIAN_POINT('',(-13.48133572648,-27.97303221881,
    1.890266376041));
#3445 = CARTESIAN_POINT('',(-13.61981206901,-27.93324147806,
    1.724444485832));
#3446 = CARTESIAN_POINT('',(-13.74494573007,-27.89002876025,
    1.548999773657));
#3447 = CARTESIAN_POINT('',(-13.8815687264,-27.83671774081,
    1.322872628817));
#3448 = CARTESIAN_POINT('',(-13.90637061379,-27.82673877056,
    1.280147818986));
#3449 = CARTESIAN_POINT('',(-13.93042082796,-27.81682667053,
    1.236992777705));
#3450 = CARTESIAN_POINT('',(-13.95371054393,-27.80688546559,
    1.193423212759));
#3451 = CARTESIAN_POINT('',(-13.97623199135,-27.79729703901,
    1.149454155233));
#3452 = CARTESIAN_POINT('',(-13.99797797052,-27.787760737,1.105099794529
    ));
#3453 = CARTESIAN_POINT('',(-14.01894097375,-27.77846540424,
    1.060375899811));
#3454 = CARTESIAN_POINT('',(-14.09075959404,-27.74615578887,
    0.899892751516));
#3455 = CARTESIAN_POINT('',(-14.13722988252,-27.72440293378,
    0.782162002993));
#3456 = CARTESIAN_POINT('',(-14.17840849934,-27.70455851307,
    0.662363370763));
#3457 = CARTESIAN_POINT('',(-14.21419393595,-27.68707062708,
    0.540755570869));
#3458 = CARTESIAN_POINT('',(-14.24449644312,-27.67230328281,
    0.417605533691));
#3459 = CARTESIAN_POINT('',(-14.26923810042,-27.66048128978,
    0.293193316683));
#3460 = CARTESIAN_POINT('',(-14.28835618257,-27.651685113,0.167814551415
    ));
#3461 = CARTESIAN_POINT('',(-14.31748013852,-27.63915236343,
    -0.10501958836));
#3462 = CARTESIAN_POINT('',(-14.32546615895,-27.63648771698,
    -0.252714389756));
#3463 = CARTESIAN_POINT('',(-14.32570206418,-27.63787297037,
    -0.400815611756));
#3464 = CARTESIAN_POINT('',(-14.3181619525,-27.64308170374,
    -0.548827061173));
#3465 = CARTESIAN_POINT('',(-14.30286136099,-27.65178333171,
    -0.696250796302));
#3466 = CARTESIAN_POINT('',(-14.27985715499,-27.66360833936,
    -0.842592957978));
#3467 = CARTESIAN_POINT('',(-14.24924578653,-27.67818527313,
    -0.987369354532));
#3468 = CARTESIAN_POINT('',(-14.14236827544,-27.72579067577,
    -1.387933988534));
#3469 = CARTESIAN_POINT('',(-14.04919378136,-27.76422314552,
    -1.639110112348));
#3470 = CARTESIAN_POINT('',(-13.93240451935,-27.80829233383,
    -1.880933320402));
#3471 = CARTESIAN_POINT('',(-13.79312774959,-27.85601630845,
    -2.110835567925));
#3472 = CARTESIAN_POINT('',(-13.6328065527,-27.90573841713,-2.3264330792
    ));
#3473 = CARTESIAN_POINT('',(-13.45315906059,-27.95618873074,
    -2.525563088469));
#3474 = CARTESIAN_POINT('',(-13.25614027802,-28.00645427942,
    -2.706310859598));
#3475 = CARTESIAN_POINT('',(-12.67118200979,-28.1426209263,
    -3.149276275891));
#3476 = CARTESIAN_POINT('',(-12.25140392198,-28.22676186063,
    -3.36984017116));
#3477 = CARTESIAN_POINT('',(-11.79648040659,-28.3045937749,
    -3.519504981545));
#3478 = CARTESIAN_POINT('',(-11.32042653089,-28.37488990544,
    -3.591869199096));
#3479 = CARTESIAN_POINT('',(-10.8385381856,-28.43764780426,
    -3.583886964617));
#3480 = CARTESIAN_POINT('',(-10.3664426664,-28.49127619724,
    -3.496012129678));
#3481 = CARTESIAN_POINT('',(-9.919352900845,-28.53375293528,
    -3.332337914516));
#3482 = CARTESIAN_POINT('',(-9.510855476251,-28.56420919661,
    -3.10053917713));
#3483 = PCURVE('',#456,#3484);
#3484 = DEFINITIONAL_REPRESENTATION('',(#3485),#3537);
#3485 = B_SPLINE_CURVE_WITH_KNOTS('',8,(#3486,#3487,#3488,#3489,#3490,
    #3491,#3492,#3493,#3494,#3495,#3496,#3497,#3498,#3499,#3500,#3501,
    #3502,#3503,#3504,#3505,#3506,#3507,#3508,#3509,#3510,#3511,#3512,
    #3513,#3514,#3515,#3516,#3517,#3518,#3519,#3520,#3521,#3522,#3523,
    #3524,#3525,#3526,#3527,#3528,#3529,#3530,#3531,#3532,#3533,#3534,
    #3535,#3536),.UNSPECIFIED.,.F.,.F.,(9,7,7,7,7,7,7,9),(0.,
    0.134633580903,0.280848761924,0.314474428078,0.400559777999,
    0.500828894495,0.681937493036,1.),.UNSPECIFIED.);
#3486 = CARTESIAN_POINT('',(4.51269863241,0.652169928326));
#3487 = CARTESIAN_POINT('',(4.522214902121,0.652169928326));
#3488 = CARTESIAN_POINT('',(4.531753627799,0.651484186635));
#3489 = CARTESIAN_POINT('',(4.541260766952,0.650112740688));
#3490 = CARTESIAN_POINT('',(4.550683766968,0.648065526005));
#3491 = CARTESIAN_POINT('',(4.55997365018,0.64536369717));
#3492 = CARTESIAN_POINT('',(4.569086066053,0.642038820991));
#3493 = CARTESIAN_POINT('',(4.577981310534,0.638129941823));
#3494 = CARTESIAN_POINT('',(4.596008726463,0.628844171082));
#3495 = CARTESIAN_POINT('',(4.60509573986,0.623369458858));
#3496 = CARTESIAN_POINT('',(4.613838257222,0.617308373517));
#3497 = CARTESIAN_POINT('',(4.622192113874,0.610711002142));
#3498 = CARTESIAN_POINT('',(4.630120285492,0.603635979741));
#3499 = CARTESIAN_POINT('',(4.63756683556,0.596086579351));
#3500 = CARTESIAN_POINT('',(4.644475650731,0.588069465118));
#3501 = CARTESIAN_POINT('',(4.652152940232,0.577406234323));
#3502 = CARTESIAN_POINT('',(4.653553255304,0.575378455252));
#3503 = CARTESIAN_POINT('',(4.654915781228,0.573309959512));
#3504 = CARTESIAN_POINT('',(4.656242826768,0.571215147876));
#3505 = CARTESIAN_POINT('',(4.657523156033,0.569052011981));
#3506 = CARTESIAN_POINT('',(4.658765039834,0.56686173662));
#3507 = CARTESIAN_POINT('',(4.659962804686,0.564626156769));
#3508 = CARTESIAN_POINT('',(4.664071189455,0.556534088162));
#3509 = CARTESIAN_POINT('',(4.666737704252,0.550464953345));
#3510 = CARTESIAN_POINT('',(4.669099983571,0.54418026951));
#3511 = CARTESIAN_POINT('',(4.671142797002,0.537729727701));
#3512 = CARTESIAN_POINT('',(4.672853929938,0.531168104512));
#3513 = CARTESIAN_POINT('',(4.674225177605,0.524547673476));
#3514 = CARTESIAN_POINT('',(4.675252457925,0.517913132336));
#3515 = CARTESIAN_POINT('',(4.676730094008,0.503595196812));
#3516 = CARTESIAN_POINT('',(4.677057542967,0.495918887406));
#3517 = CARTESIAN_POINT('',(4.676916218706,0.488326549924));
#3518 = CARTESIAN_POINT('',(4.676311471573,0.480855791505));
#3519 = CARTESIAN_POINT('',(4.675253355545,0.473530602588));
#3520 = CARTESIAN_POINT('',(4.673755242983,0.466366008709));
#3521 = CARTESIAN_POINT('',(4.671832872277,0.459372166015));
#3522 = CARTESIAN_POINT('',(4.665297050668,0.44024980282));
#3523 = CARTESIAN_POINT('',(4.659763607425,0.428528287426));
#3524 = CARTESIAN_POINT('',(4.653006316654,0.417436962869));
#3525 = CARTESIAN_POINT('',(4.645144763877,0.407006366663));
#3526 = CARTESIAN_POINT('',(4.636305231482,0.397275506414));
#3527 = CARTESIAN_POINT('',(4.626614341852,0.388300611361));
#3528 = CARTESIAN_POINT('',(4.61619641426,0.38015109433));
#3529 = CARTESIAN_POINT('',(4.585817937242,0.360145590843));
#3530 = CARTESIAN_POINT('',(4.564591854074,0.350144153025));
#3531 = CARTESIAN_POINT('',(4.542174993912,0.343267793369));
#3532 = CARTESIAN_POINT('',(4.519235696394,0.339901903322));
#3533 = CARTESIAN_POINT('',(4.496425153182,0.340285063527));
#3534 = CARTESIAN_POINT('',(4.474408245169,0.344354409665));
#3535 = CARTESIAN_POINT('',(4.453814610333,0.351825932351));
#3536 = CARTESIAN_POINT('',(4.435198305568,0.362330562886));
#3537 = ( GEOMETRIC_REPRESENTATION_CONTEXT(2) 
PARAMETRIC_REPRESENTATION_CONTEXT() REPRESENTATION_CONTEXT('2D SPACE',''
  ) );
#3538 = PCURVE('',#3539,#3544);
#3539 = CYLINDRICAL_SURFACE('',#3540,3.22);
#3540 = AXIS2_PLACEMENT_3D('',#3541,#3542,#3543);
#3541 = CARTESIAN_POINT('',(-11.1,-35.,-0.3));
#3542 = DIRECTION('',(0.,1.,0.));
#3543 = DIRECTION('',(0.,-0.,1.));
#3544 = DEFINITIONAL_REPRESENTATION('',(#3545),#3597);
#3545 = B_SPLINE_CURVE_WITH_KNOTS('',8,(#3546,#3547,#3548,#3549,#3550,
    #3551,#3552,#3553,#3554,#3555,#3556,#3557,#3558,#3559,#3560,#3561,
    #3562,#3563,#3564,#3565,#3566,#3567,#3568,#3569,#3570,#3571,#3572,
    #3573,#3574,#3575,#3576,#3577,#3578,#3579,#3580,#3581,#3582,#3583,
    #3584,#3585,#3586,#3587,#3588,#3589,#3590,#3591,#3592,#3593,#3594,
    #3595,#3596),.UNSPECIFIED.,.F.,.F.,(9,7,7,7,7,7,7,9),(0.,
    0.134633580903,0.280848761924,0.314474428078,0.400559777999,
    0.500828894495,0.681937493036,1.),.UNSPECIFIED.);
#3546 = CARTESIAN_POINT('',(6.28318530718,6.682509736531));
#3547 = CARTESIAN_POINT('',(6.221588213312,6.709455002454));
#3548 = CARTESIAN_POINT('',(6.159984826091,6.735372414423));
#3549 = CARTESIAN_POINT('',(6.098377306225,6.760157323095));
#3550 = CARTESIAN_POINT('',(6.036767249614,6.783873336523));
#3551 = CARTESIAN_POINT('',(5.975156597776,6.806794958875));
#3552 = CARTESIAN_POINT('',(5.913548221119,6.829402929221));
#3553 = CARTESIAN_POINT('',(5.851946175079,6.852332260378));
#3554 = CARTESIAN_POINT('',(5.723466872441,6.902273150397));
#3555 = CARTESIAN_POINT('',(5.656588704432,6.929462410597));
#3556 = CARTESIAN_POINT('',(5.589728143249,6.958732514513));
#3557 = CARTESIAN_POINT('',(5.522892068345,6.990929123386));
#3558 = CARTESIAN_POINT('',(5.456088396221,7.02696778119));
#3559 = CARTESIAN_POINT('',(5.389319839987,7.066758521932));
#3560 = CARTESIAN_POINT('',(5.322588574965,7.109971239745));
#3561 = CARTESIAN_POINT('',(5.240540243932,7.163282259181));
#3562 = CARTESIAN_POINT('',(5.225200411616,7.173261229436));
#3563 = CARTESIAN_POINT('',(5.209861435948,7.183173329467));
#3564 = CARTESIAN_POINT('',(5.194523410325,7.193114534404));
#3565 = CARTESIAN_POINT('',(5.179186088068,7.202702960987));
#3566 = CARTESIAN_POINT('',(5.163848912986,7.212239262991));
#3567 = CARTESIAN_POINT('',(5.148511809692,7.22153459576));
#3568 = CARTESIAN_POINT('',(5.093909252175,7.253844211129));
#3569 = CARTESIAN_POINT('',(5.054641258062,7.275597066217));
#3570 = CARTESIAN_POINT('',(5.015366081213,7.295441486925));
#3571 = CARTESIAN_POINT('',(4.976077724957,7.312929372913));
#3572 = CARTESIAN_POINT('',(4.936771045017,7.327696717182));
#3573 = CARTESIAN_POINT('',(4.897443425184,7.339518710215));
#3574 = CARTESIAN_POINT('',(4.858095695625,7.348314887));
#3575 = CARTESIAN_POINT('',(4.772883220532,7.36084763657));
#3576 = CARTESIAN_POINT('',(4.727011128583,7.363512283018));
#3577 = CARTESIAN_POINT('',(4.681122161308,7.36212702963));
#3578 = CARTESIAN_POINT('',(4.635222862361,7.356918296259));
#3579 = CARTESIAN_POINT('',(4.589319808861,7.348216668282));
#3580 = CARTESIAN_POINT('',(4.543419223741,7.336391660633));
#3581 = CARTESIAN_POINT('',(4.497526567308,7.321814726865));
#3582 = CARTESIAN_POINT('',(4.368775669226,7.274209324228));
#3583 = CARTESIAN_POINT('',(4.285947691419,7.235776854475));
#3584 = CARTESIAN_POINT('',(4.20316808889,7.191707666161));
#3585 = CARTESIAN_POINT('',(4.120434656139,7.143983691545));
#3586 = CARTESIAN_POINT('',(4.037738619933,7.09426158287));
#3587 = CARTESIAN_POINT('',(3.955066286696,7.043811269257));
#3588 = CARTESIAN_POINT('',(3.872400785228,6.993545720577));
#3589 = CARTESIAN_POINT('',(3.644526956181,6.8573790737));
#3590 = CARTESIAN_POINT('',(3.499245353064,6.773238139362));
#3591 = CARTESIAN_POINT('',(3.353890642871,6.695406225097));
#3592 = CARTESIAN_POINT('',(3.208444309199,6.625110094554));
#3593 = CARTESIAN_POINT('',(3.062879134432,6.562352195731));
#3594 = CARTESIAN_POINT('',(2.917166974848,6.508723802753));
#3595 = CARTESIAN_POINT('',(2.771320548374,6.46624706472));
#3596 = CARTESIAN_POINT('',(2.625456699037,6.435790803385));
#3597 = ( GEOMETRIC_REPRESENTATION_CONTEXT(2) 
PARAMETRIC_REPRESENTATION_CONTEXT() REPRESENTATION_CONTEXT('2D SPACE',''
  ) );
#3598 = ORIENTED_EDGE('',*,*,#3599,.T.);
#3599 = EDGE_CURVE('',#3428,#3426,#3600,.T.);
#3600 = SURFACE_CURVE('',#3601,(#3652,#3706),.PCURVE_S1.);
#3601 = B_SPLINE_CURVE_WITH_KNOTS('',7,(#3602,#3603,#3604,#3605,#3606,
    #3607,#3608,#3609,#3610,#3611,#3612,#3613,#3614,#3615,#3616,#3617,
    #3618,#3619,#3620,#3621,#3622,#3623,#3624,#3625,#3626,#3627,#3628,
    #3629,#3630,#3631,#3632,#3633,#3634,#3635,#3636,#3637,#3638,#3639,
    #3640,#3641,#3642,#3643,#3644,#3645,#3646,#3647,#3648,#3649,#3650,
    #3651),.UNSPECIFIED.,.F.,.F.,(8,6,6,6,6,6,6,6,8),(0.,
    9.445502991483E-02,0.325782152143,0.408812905105,0.486239683352,
    0.586868352901,0.665908476485,0.886156260667,1.),.UNSPECIFIED.);
#3602 = CARTESIAN_POINT('',(-9.510855476251,-28.56420919661,
    -3.10053917713));
#3603 = CARTESIAN_POINT('',(-9.411543481946,-28.57161358124,
    -3.044185345989));
#3604 = CARTESIAN_POINT('',(-9.31454969011,-28.5782942925,
    -2.983715238553));
#3605 = CARTESIAN_POINT('',(-9.220081632018,-28.58423585875,
    -2.919244111307));
#3606 = CARTESIAN_POINT('',(-9.128338222808,-28.58943005949,
    -2.850899492961));
#3607 = CARTESIAN_POINT('',(-9.039509761472,-28.59387592539,
    -2.77882118445));
#3608 = CARTESIAN_POINT('',(-8.953777930863,-28.59757973823,
    -2.703161258938));
#3609 = CARTESIAN_POINT('',(-8.669360137138,-28.60784173562,
    -2.430418351681));
#3610 = CARTESIAN_POINT('',(-8.487002594047,-28.61076097399,
    -2.216243774571));
#3611 = CARTESIAN_POINT('',(-8.326785466232,-28.60955806915,
    -1.983975635527));
#3612 = CARTESIAN_POINT('',(-8.190858470332,-28.60478143005,
    -1.736418681667));
#3613 = CARTESIAN_POINT('',(-8.080908240705,-28.5975293693,
    -1.476695330417));
#3614 = CARTESIAN_POINT('',(-7.998105847302,-28.58946304571,
    -1.208145561462));
#3615 = CARTESIAN_POINT('',(-7.923319031996,-28.58011697025,
    -0.835870040993));
#3616 = CARTESIAN_POINT('',(-7.907143076968,-28.5778012502,
    -0.736845250557));
#3617 = CARTESIAN_POINT('',(-7.894573367701,-28.57572806879,
    -0.637282075473));
#3618 = CARTESIAN_POINT('',(-7.885629637616,-28.57399382232,
    -0.537339545633));
#3619 = CARTESIAN_POINT('',(-7.880322725458,-28.57269341747,
    -0.437176752688));
#3620 = CARTESIAN_POINT('',(-7.878654847439,-28.57191208282,
    -0.336951856283));
#3621 = CARTESIAN_POINT('',(-7.882452266585,-28.57153543243,
    -0.14344842608));
#3622 = CARTESIAN_POINT('',(-7.887443752951,-28.57186299449,
    -5.015737893162E-02));
#3623 = CARTESIAN_POINT('',(-7.895589424261,-28.57275423168,
    4.292503158659E-02));
#3624 = CARTESIAN_POINT('',(-7.906878205367,-28.57424578925,
    0.13567402369));
#3625 = CARTESIAN_POINT('',(-7.921293423111,-28.57634842281,
    0.227967159764));
#3626 = CARTESIAN_POINT('',(-7.938813379249,-28.57903882853,
    0.319684452747));
#3627 = CARTESIAN_POINT('',(-7.986183075876,-28.58642682702,
    0.529008965084));
#3628 = CARTESIAN_POINT('',(-8.018154454618,-28.59148248278,
    0.646137889741));
#3629 = CARTESIAN_POINT('',(-8.055267900939,-28.59729051503,
    0.761838695665));
#3630 = CARTESIAN_POINT('',(-8.097454058959,-28.60358651911,
    0.875858720194));
#3631 = CARTESIAN_POINT('',(-8.144629354192,-28.61003321125,
    0.987946772958));
#3632 = CARTESIAN_POINT('',(-8.196692972167,-28.61628402847,
    1.097850720005));
#3633 = CARTESIAN_POINT('',(-8.298162393873,-28.62657311773,
    1.289724365799));
#3634 = CARTESIAN_POINT('',(-8.345741426769,-28.63078405299,
    1.372627565258));
#3635 = CARTESIAN_POINT('',(-8.396195022771,-28.6342261834,
    1.453888614106));
#3636 = CARTESIAN_POINT('',(-8.449450331373,-28.63666509831,
    1.533379372095));
#3637 = CARTESIAN_POINT('',(-8.505427495466,-28.63796989663,
    1.610977450134));
#3638 = CARTESIAN_POINT('',(-8.564039736966,-28.63806064105,
    1.686565555984));
#3639 = CARTESIAN_POINT('',(-8.795600747122,-28.63373663404,
    1.964749862937));
#3640 = CARTESIAN_POINT('',(-8.985741842795,-28.62097335093,
    2.152994399085));
#3641 = CARTESIAN_POINT('',(-9.193597828855,-28.59816962681,
    2.322360028354));
#3642 = CARTESIAN_POINT('',(-9.41684835728,-28.56762962128,
    2.470899241291));
#3643 = CARTESIAN_POINT('',(-9.652994419965,-28.5321600595,
    2.597040611762));
#3644 = CARTESIAN_POINT('',(-9.899378465517,-28.49417100899,
    2.69957499019));
#3645 = CARTESIAN_POINT('',(-10.28445249545,-28.43536164453,
    2.818032929786));
#3646 = CARTESIAN_POINT('',(-10.41766761558,-28.41511276079,
    2.851868944044));
#3647 = CARTESIAN_POINT('',(-10.55249569813,-28.39489862482,
    2.879058200407));
#3648 = CARTESIAN_POINT('',(-10.68854460328,-28.37491239073,
    2.899511836928));
#3649 = CARTESIAN_POINT('',(-10.82541586748,-28.35529638747,
    2.913169631129));
#3650 = CARTESIAN_POINT('',(-10.9627047034,-28.33614211883,2.92));
#3651 = CARTESIAN_POINT('',(-11.1,-28.31749026346,2.92));
#3652 = PCURVE('',#456,#3653);
#3653 = DEFINITIONAL_REPRESENTATION('',(#3654),#3705);
#3654 = B_SPLINE_CURVE_WITH_KNOTS('',7,(#3655,#3656,#3657,#3658,#3659,
    #3660,#3661,#3662,#3663,#3664,#3665,#3666,#3667,#3668,#3669,#3670,
    #3671,#3672,#3673,#3674,#3675,#3676,#3677,#3678,#3679,#3680,#3681,
    #3682,#3683,#3684,#3685,#3686,#3687,#3688,#3689,#3690,#3691,#3692,
    #3693,#3694,#3695,#3696,#3697,#3698,#3699,#3700,#3701,#3702,#3703,
    #3704),.UNSPECIFIED.,.F.,.F.,(8,6,6,6,6,6,6,6,8),(0.,
    9.445502991483E-02,0.325782152143,0.408812905105,0.486239683352,
    0.586868352901,0.665908476485,0.886156260667,1.),.UNSPECIFIED.);
#3655 = CARTESIAN_POINT('',(4.435198305568,0.362330562886));
#3656 = CARTESIAN_POINT('',(4.430672396121,0.364884399814));
#3657 = CARTESIAN_POINT('',(4.426265320301,0.367621580198));
#3658 = CARTESIAN_POINT('',(4.421985523616,0.370536382553));
#3659 = CARTESIAN_POINT('',(4.417841054047,0.3736230562));
#3660 = CARTESIAN_POINT('',(4.413839562046,0.376875821264));
#3661 = CARTESIAN_POINT('',(4.409988300535,0.380288868674));
#3662 = CARTESIAN_POINT('',(4.397246824651,0.392593401907));
#3663 = CARTESIAN_POINT('',(4.389141145133,0.402257209124));
#3664 = CARTESIAN_POINT('',(4.382077796878,0.412767065145));
#3665 = CARTESIAN_POINT('',(4.376139788274,0.424041593946));
#3666 = CARTESIAN_POINT('',(4.371389213995,0.436030815237));
#3667 = CARTESIAN_POINT('',(4.367863764922,0.448702242077));
#3668 = CARTESIAN_POINT('',(4.364750715753,0.466747202364));
#3669 = CARTESIAN_POINT('',(4.364087526999,0.471591611809));
#3670 = CARTESIAN_POINT('',(4.363583864062,0.476510566454));
#3671 = CARTESIAN_POINT('',(4.363239715913,0.481499638897));
#3672 = CARTESIAN_POINT('',(4.363054642759,0.486552783134));
#3673 = CARTESIAN_POINT('',(4.363027829078,0.491661460454));
#3674 = CARTESIAN_POINT('',(4.363279649396,0.501618326932));
#3675 = CARTESIAN_POINT('',(4.363537794258,0.506460745052));
#3676 = CARTESIAN_POINT('',(4.363931666815,0.511331622265));
#3677 = CARTESIAN_POINT('',(4.364460142134,0.516218394607));
#3678 = CARTESIAN_POINT('',(4.365121994154,0.521105511515));
#3679 = CARTESIAN_POINT('',(4.365916015076,0.525974615762));
#3680 = CARTESIAN_POINT('',(4.368043477982,0.537082232473));
#3681 = CARTESIAN_POINT('',(4.369467300173,0.543294163981));
#3682 = CARTESIAN_POINT('',(4.371110071229,0.549394926194));
#3683 = CARTESIAN_POINT('',(4.372970003993,0.555334065146));
#3684 = CARTESIAN_POINT('',(4.375045574031,0.561063762189));
#3685 = CARTESIAN_POINT('',(4.377335039415,0.566546331546));
#3686 = CARTESIAN_POINT('',(4.381800342155,0.575858212258));
#3687 = CARTESIAN_POINT('',(4.383895358511,0.579791463998));
#3688 = CARTESIAN_POINT('',(4.386124229981,0.583591907382));
#3689 = CARTESIAN_POINT('',(4.388487226108,0.587274654372));
#3690 = CARTESIAN_POINT('',(4.390983118658,0.590848061157));
#3691 = CARTESIAN_POINT('',(4.393609828168,0.594317601716));
#3692 = CARTESIAN_POINT('',(4.404039585697,0.607068544111));
#3693 = CARTESIAN_POINT('',(4.41270676171,0.615660005876));
#3694 = CARTESIAN_POINT('',(4.422299648756,0.623501760546));
#3695 = CARTESIAN_POINT('',(4.432708121641,0.630487718766));
#3696 = CARTESIAN_POINT('',(4.443803828257,0.636503695972));
#3697 = CARTESIAN_POINT('',(4.455447477072,0.641441246858));
#3698 = CARTESIAN_POINT('',(4.473727265755,0.647182429825));
#3699 = CARTESIAN_POINT('',(4.480065150026,0.648830898108));
#3700 = CARTESIAN_POINT('',(4.486492171274,0.650160717315));
#3701 = CARTESIAN_POINT('',(4.492988616686,0.651163739305));
#3702 = CARTESIAN_POINT('',(4.499534857624,0.651834441789));
#3703 = CARTESIAN_POINT('',(4.506111349628,0.652169928326));
#3704 = CARTESIAN_POINT('',(4.51269863241,0.652169928326));
#3705 = ( GEOMETRIC_REPRESENTATION_CONTEXT(2) 
PARAMETRIC_REPRESENTATION_CONTEXT() REPRESENTATION_CONTEXT('2D SPACE',''
  ) );
#3706 = PCURVE('',#3539,#3707);
#3707 = DEFINITIONAL_REPRESENTATION('',(#3708),#3759);
#3708 = B_SPLINE_CURVE_WITH_KNOTS('',7,(#3709,#3710,#3711,#3712,#3713,
    #3714,#3715,#3716,#3717,#3718,#3719,#3720,#3721,#3722,#3723,#3724,
    #3725,#3726,#3727,#3728,#3729,#3730,#3731,#3732,#3733,#3734,#3735,
    #3736,#3737,#3738,#3739,#3740,#3741,#3742,#3743,#3744,#3745,#3746,
    #3747,#3748,#3749,#3750,#3751,#3752,#3753,#3754,#3755,#3756,#3757,
    #3758),.UNSPECIFIED.,.F.,.F.,(8,6,6,6,6,6,6,6,8),(0.,
    9.445502991483E-02,0.325782152143,0.408812905105,0.486239683352,
    0.586868352901,0.665908476485,0.886156260667,1.),.UNSPECIFIED.);
#3709 = CARTESIAN_POINT('',(2.625456699037,6.435790803385));
#3710 = CARTESIAN_POINT('',(2.589994958272,6.428386418755));
#3711 = CARTESIAN_POINT('',(2.554528677477,6.421705707496));
#3712 = CARTESIAN_POINT('',(2.519058259118,6.415764141248));
#3713 = CARTESIAN_POINT('',(2.483584174748,6.410569940502));
#3714 = CARTESIAN_POINT('',(2.448106965011,6.406124074607));
#3715 = CARTESIAN_POINT('',(2.412627239638,6.402420261764));
#3716 = CARTESIAN_POINT('',(2.290248794556,6.392158264379));
#3717 = CARTESIAN_POINT('',(2.203336442134,6.389239026005));
#3718 = CARTESIAN_POINT('',(2.116426031458,6.390441930843));
#3719 = CARTESIAN_POINT('',(2.029528704241,6.395218569946));
#3720 = CARTESIAN_POINT('',(1.942656637326,6.402470630697));
#3721 = CARTESIAN_POINT('',(1.855824991709,6.410536954282));
#3722 = CARTESIAN_POINT('',(1.737901630871,6.419883029742));
#3723 = CARTESIAN_POINT('',(1.706761548068,6.4221987498));
#3724 = CARTESIAN_POINT('',(1.675628759589,6.424271931209));
#3725 = CARTESIAN_POINT('',(1.64450364884,6.42600617768));
#3726 = CARTESIAN_POINT('',(1.613386378221,6.42730658253));
#3727 = CARTESIAN_POINT('',(1.582276786842,6.428087917178));
#3728 = CARTESIAN_POINT('',(1.52217098313,6.428464567564));
#3729 = CARTESIAN_POINT('',(1.493173774272,6.428137005507));
#3730 = CARTESIAN_POINT('',(1.464182267118,6.42724576832));
#3731 = CARTESIAN_POINT('',(1.435195518898,6.425754210748));
#3732 = CARTESIAN_POINT('',(1.406212071759,6.42365157719));
#3733 = CARTESIAN_POINT('',(1.377229985898,6.420961171465));
#3734 = CARTESIAN_POINT('',(1.310578611305,6.413573172971));
#3735 = CARTESIAN_POINT('',(1.272908741842,6.408517517215));
#3736 = CARTESIAN_POINT('',(1.235231745132,6.402709484965));
#3737 = CARTESIAN_POINT('',(1.197541501457,6.396413480883));
#3738 = CARTESIAN_POINT('',(1.159832573213,6.389966788745));
#3739 = CARTESIAN_POINT('',(1.122101487574,6.383715971522));
#3740 = CARTESIAN_POINT('',(1.054694056487,6.373426882263));
#3741 = CARTESIAN_POINT('',(1.025026662305,6.369215947009));
#3742 = CARTESIAN_POINT('',(0.995350161828,6.365773816591));
#3743 = CARTESIAN_POINT('',(0.965667555228,6.363334901685));
#3744 = CARTESIAN_POINT('',(0.935981388035,6.362030103368));
#3745 = CARTESIAN_POINT('',(0.906294162307,6.361939358946));
#3746 = CARTESIAN_POINT('',(0.793887669972,6.366263365957));
#3747 = CARTESIAN_POINT('',(0.711178154523,6.37902664907));
#3748 = CARTESIAN_POINT('',(0.628530459574,6.401830373181));
#3749 = CARTESIAN_POINT('',(0.545947722897,6.432370378714));
#3750 = CARTESIAN_POINT('',(0.46341737346,6.467839940491));
#3751 = CARTESIAN_POINT('',(0.38092014384,6.505828991006));
#3752 = CARTESIAN_POINT('',(0.255801361502,6.564638355463));
#3753 = CARTESIAN_POINT('',(0.213169706175,6.584887239209));
#3754 = CARTESIAN_POINT('',(0.17053902558,6.605101375177));
#3755 = CARTESIAN_POINT('',(0.127907562374,6.625087609265));
#3756 = CARTESIAN_POINT('',(8.527416563453E-02,6.644703612525));
#3757 = CARTESIAN_POINT('',(4.263829086745E-02,6.663857881162));
#3758 = CARTESIAN_POINT('',(0.,6.682509736531));
#3759 = ( GEOMETRIC_REPRESENTATION_CONTEXT(2) 
PARAMETRIC_REPRESENTATION_CONTEXT() REPRESENTATION_CONTEXT('2D SPACE',''
  ) );
#3760 = ADVANCED_FACE('',(#3761),#721,.F.);
#3761 = FACE_BOUND('',#3762,.F.);
#3762 = EDGE_LOOP('',(#3763,#3764,#3785,#3814));
#3763 = ORIENTED_EDGE('',*,*,#669,.T.);
#3764 = ORIENTED_EDGE('',*,*,#3765,.T.);
#3765 = EDGE_CURVE('',#672,#3766,#3768,.T.);
#3766 = VERTEX_POINT('',#3767);
#3767 = CARTESIAN_POINT('',(0.,25.2,-9.94));
#3768 = SURFACE_CURVE('',#3769,(#3773,#3779),.PCURVE_S1.);
#3769 = LINE('',#3770,#3771);
#3770 = CARTESIAN_POINT('',(0.,25.2,-12.));
#3771 = VECTOR('',#3772,1.);
#3772 = DIRECTION('',(0.,0.,1.));
#3773 = PCURVE('',#721,#3774);
#3774 = DEFINITIONAL_REPRESENTATION('',(#3775),#3778);
#3775 = B_SPLINE_CURVE_WITH_KNOTS('',1,(#3776,#3777),.UNSPECIFIED.,.F.,
  .F.,(2,2),(2.05,2.06),.PIECEWISE_BEZIER_KNOTS.);
#3776 = CARTESIAN_POINT('',(0.,-2.05));
#3777 = CARTESIAN_POINT('',(0.,-2.06));
#3778 = ( GEOMETRIC_REPRESENTATION_CONTEXT(2) 
PARAMETRIC_REPRESENTATION_CONTEXT() REPRESENTATION_CONTEXT('2D SPACE',''
  ) );
#3779 = PCURVE('',#1455,#3780);
#3780 = DEFINITIONAL_REPRESENTATION('',(#3781),#3784);
#3781 = B_SPLINE_CURVE_WITH_KNOTS('',1,(#3782,#3783),.UNSPECIFIED.,.F.,
  .F.,(2,2),(2.05,2.06),.PIECEWISE_BEZIER_KNOTS.);
#3782 = CARTESIAN_POINT('',(1.,-2.05));
#3783 = CARTESIAN_POINT('',(1.,-2.06));
#3784 = ( GEOMETRIC_REPRESENTATION_CONTEXT(2) 
PARAMETRIC_REPRESENTATION_CONTEXT() REPRESENTATION_CONTEXT('2D SPACE',''
  ) );
#3785 = ORIENTED_EDGE('',*,*,#3786,.T.);
#3786 = EDGE_CURVE('',#3766,#3787,#3789,.T.);
#3787 = VERTEX_POINT('',#3788);
#3788 = CARTESIAN_POINT('',(16.852,21.924,-9.94));
#3789 = SURFACE_CURVE('',#3790,(#3795,#3801),.PCURVE_S1.);
#3790 = B_SPLINE_CURVE_WITH_KNOTS('',3,(#3791,#3792,#3793,#3794),
  .UNSPECIFIED.,.F.,.F.,(4,4),(0.,1.),.PIECEWISE_BEZIER_KNOTS.);
#3791 = CARTESIAN_POINT('',(0.,25.2,-9.94));
#3792 = CARTESIAN_POINT('',(8.426,25.2,-9.94));
#3793 = CARTESIAN_POINT('',(14.937,24.444,-9.94));
#3794 = CARTESIAN_POINT('',(16.852,21.924,-9.94));
#3795 = PCURVE('',#721,#3796);
#3796 = DEFINITIONAL_REPRESENTATION('',(#3797),#3800);
#3797 = B_SPLINE_CURVE_WITH_KNOTS('',1,(#3798,#3799),.UNSPECIFIED.,.F.,
  .F.,(2,2),(0.,1.),.PIECEWISE_BEZIER_KNOTS.);
#3798 = CARTESIAN_POINT('',(0.,-2.06));
#3799 = CARTESIAN_POINT('',(1.,-2.06));
#3800 = ( GEOMETRIC_REPRESENTATION_CONTEXT(2) 
PARAMETRIC_REPRESENTATION_CONTEXT() REPRESENTATION_CONTEXT('2D SPACE',''
  ) );
#3801 = PCURVE('',#3802,#3807);
#3802 = PLANE('',#3803);
#3803 = AXIS2_PLACEMENT_3D('',#3804,#3805,#3806);
#3804 = CARTESIAN_POINT('',(-2.110157376714E-16,0.119442790232,-9.94));
#3805 = DIRECTION('',(-0.,-0.,-1.));
#3806 = DIRECTION('',(-1.,0.,0.));
#3807 = DEFINITIONAL_REPRESENTATION('',(#3808),#3813);
#3808 = B_SPLINE_CURVE_WITH_KNOTS('',3,(#3809,#3810,#3811,#3812),
  .UNSPECIFIED.,.F.,.F.,(4,4),(0.,1.),.PIECEWISE_BEZIER_KNOTS.);
#3809 = CARTESIAN_POINT('',(-2.110157376714E-16,25.080557209768));
#3810 = CARTESIAN_POINT('',(-8.426,25.080557209768));
#3811 = CARTESIAN_POINT('',(-14.937,24.324557209768));
#3812 = CARTESIAN_POINT('',(-16.852,21.804557209768));
#3813 = ( GEOMETRIC_REPRESENTATION_CONTEXT(2) 
PARAMETRIC_REPRESENTATION_CONTEXT() REPRESENTATION_CONTEXT('2D SPACE',''
  ) );
#3814 = ORIENTED_EDGE('',*,*,#3815,.F.);
#3815 = EDGE_CURVE('',#670,#3787,#3816,.T.);
#3816 = SURFACE_CURVE('',#3817,(#3821,#3827),.PCURVE_S1.);
#3817 = LINE('',#3818,#3819);
#3818 = CARTESIAN_POINT('',(16.852,21.924,-12.));
#3819 = VECTOR('',#3820,1.);
#3820 = DIRECTION('',(0.,0.,1.));
#3821 = PCURVE('',#721,#3822);
#3822 = DEFINITIONAL_REPRESENTATION('',(#3823),#3826);
#3823 = B_SPLINE_CURVE_WITH_KNOTS('',1,(#3824,#3825),.UNSPECIFIED.,.F.,
  .F.,(2,2),(2.05,2.06),.PIECEWISE_BEZIER_KNOTS.);
#3824 = CARTESIAN_POINT('',(1.,-2.05));
#3825 = CARTESIAN_POINT('',(1.,-2.06));
#3826 = ( GEOMETRIC_REPRESENTATION_CONTEXT(2) 
PARAMETRIC_REPRESENTATION_CONTEXT() REPRESENTATION_CONTEXT('2D SPACE',''
  ) );
#3827 = PCURVE('',#815,#3828);
#3828 = DEFINITIONAL_REPRESENTATION('',(#3829),#3832);
#3829 = B_SPLINE_CURVE_WITH_KNOTS('',1,(#3830,#3831),.UNSPECIFIED.,.F.,
  .F.,(2,2),(2.05,2.06),.PIECEWISE_BEZIER_KNOTS.);
#3830 = CARTESIAN_POINT('',(0.,-2.05));
#3831 = CARTESIAN_POINT('',(0.,-2.06));
#3832 = ( GEOMETRIC_REPRESENTATION_CONTEXT(2) 
PARAMETRIC_REPRESENTATION_CONTEXT() REPRESENTATION_CONTEXT('2D SPACE',''
  ) );
#3833 = ADVANCED_FACE('',(#3834),#1455,.F.);
#3834 = FACE_BOUND('',#3835,.F.);
#3835 = EDGE_LOOP('',(#3836,#3837,#3858,#3880));
#3836 = ORIENTED_EDGE('',*,*,#1407,.T.);
#3837 = ORIENTED_EDGE('',*,*,#3838,.T.);
#3838 = EDGE_CURVE('',#1308,#3839,#3841,.T.);
#3839 = VERTEX_POINT('',#3840);
#3840 = CARTESIAN_POINT('',(-16.852,21.924,-9.94));
#3841 = SURFACE_CURVE('',#3842,(#3846,#3852),.PCURVE_S1.);
#3842 = LINE('',#3843,#3844);
#3843 = CARTESIAN_POINT('',(-16.852,21.924,-12.));
#3844 = VECTOR('',#3845,1.);
#3845 = DIRECTION('',(0.,0.,1.));
#3846 = PCURVE('',#1455,#3847);
#3847 = DEFINITIONAL_REPRESENTATION('',(#3848),#3851);
#3848 = B_SPLINE_CURVE_WITH_KNOTS('',1,(#3849,#3850),.UNSPECIFIED.,.F.,
  .F.,(2,2),(2.05,2.06),.PIECEWISE_BEZIER_KNOTS.);
#3849 = CARTESIAN_POINT('',(0.,-2.05));
#3850 = CARTESIAN_POINT('',(0.,-2.06));
#3851 = ( GEOMETRIC_REPRESENTATION_CONTEXT(2) 
PARAMETRIC_REPRESENTATION_CONTEXT() REPRESENTATION_CONTEXT('2D SPACE',''
  ) );
#3852 = PCURVE('',#1369,#3853);
#3853 = DEFINITIONAL_REPRESENTATION('',(#3854),#3857);
#3854 = B_SPLINE_CURVE_WITH_KNOTS('',1,(#3855,#3856),.UNSPECIFIED.,.F.,
  .F.,(2,2),(2.05,2.06),.PIECEWISE_BEZIER_KNOTS.);
#3855 = CARTESIAN_POINT('',(1.,-2.05));
#3856 = CARTESIAN_POINT('',(1.,-2.06));
#3857 = ( GEOMETRIC_REPRESENTATION_CONTEXT(2) 
PARAMETRIC_REPRESENTATION_CONTEXT() REPRESENTATION_CONTEXT('2D SPACE',''
  ) );
#3858 = ORIENTED_EDGE('',*,*,#3859,.T.);
#3859 = EDGE_CURVE('',#3839,#3766,#3860,.T.);
#3860 = SURFACE_CURVE('',#3861,(#3866,#3872),.PCURVE_S1.);
#3861 = B_SPLINE_CURVE_WITH_KNOTS('',3,(#3862,#3863,#3864,#3865),
  .UNSPECIFIED.,.F.,.F.,(4,4),(0.,1.),.PIECEWISE_BEZIER_KNOTS.);
#3862 = CARTESIAN_POINT('',(-16.852,21.924,-9.94));
#3863 = CARTESIAN_POINT('',(-14.937,24.444,-9.94));
#3864 = CARTESIAN_POINT('',(-8.426,25.2,-9.94));
#3865 = CARTESIAN_POINT('',(0.,25.2,-9.94));
#3866 = PCURVE('',#1455,#3867);
#3867 = DEFINITIONAL_REPRESENTATION('',(#3868),#3871);
#3868 = B_SPLINE_CURVE_WITH_KNOTS('',1,(#3869,#3870),.UNSPECIFIED.,.F.,
  .F.,(2,2),(0.,1.),.PIECEWISE_BEZIER_KNOTS.);
#3869 = CARTESIAN_POINT('',(0.,-2.06));
#3870 = CARTESIAN_POINT('',(1.,-2.06));
#3871 = ( GEOMETRIC_REPRESENTATION_CONTEXT(2) 
PARAMETRIC_REPRESENTATION_CONTEXT() REPRESENTATION_CONTEXT('2D SPACE',''
  ) );
#3872 = PCURVE('',#3802,#3873);
#3873 = DEFINITIONAL_REPRESENTATION('',(#3874),#3879);
#3874 = B_SPLINE_CURVE_WITH_KNOTS('',3,(#3875,#3876,#3877,#3878),
  .UNSPECIFIED.,.F.,.F.,(4,4),(0.,1.),.PIECEWISE_BEZIER_KNOTS.);
#3875 = CARTESIAN_POINT('',(16.852,21.804557209768));
#3876 = CARTESIAN_POINT('',(14.937,24.324557209768));
#3877 = CARTESIAN_POINT('',(8.426,25.080557209768));
#3878 = CARTESIAN_POINT('',(-2.110157376714E-16,25.080557209768));
#3879 = ( GEOMETRIC_REPRESENTATION_CONTEXT(2) 
PARAMETRIC_REPRESENTATION_CONTEXT() REPRESENTATION_CONTEXT('2D SPACE',''
  ) );
#3880 = ORIENTED_EDGE('',*,*,#3765,.F.);
#3881 = ADVANCED_FACE('',(#3882),#1369,.F.);
#3882 = FACE_BOUND('',#3883,.F.);
#3883 = EDGE_LOOP('',(#3884,#3885,#3906,#3928));
#3884 = ORIENTED_EDGE('',*,*,#1307,.T.);
#3885 = ORIENTED_EDGE('',*,*,#3886,.T.);
#3886 = EDGE_CURVE('',#1190,#3887,#3889,.T.);
#3887 = VERTEX_POINT('',#3888);
#3888 = CARTESIAN_POINT('',(-19.15,0.,-9.94));
#3889 = SURFACE_CURVE('',#3890,(#3894,#3900),.PCURVE_S1.);
#3890 = LINE('',#3891,#3892);
#3891 = CARTESIAN_POINT('',(-19.15,0.,-12.));
#3892 = VECTOR('',#3893,1.);
#3893 = DIRECTION('',(0.,0.,1.));
#3894 = PCURVE('',#1369,#3895);
#3895 = DEFINITIONAL_REPRESENTATION('',(#3896),#3899);
#3896 = B_SPLINE_CURVE_WITH_KNOTS('',1,(#3897,#3898),.UNSPECIFIED.,.F.,
  .F.,(2,2),(2.05,2.06),.PIECEWISE_BEZIER_KNOTS.);
#3897 = CARTESIAN_POINT('',(0.,-2.05));
#3898 = CARTESIAN_POINT('',(0.,-2.06));
#3899 = ( GEOMETRIC_REPRESENTATION_CONTEXT(2) 
PARAMETRIC_REPRESENTATION_CONTEXT() REPRESENTATION_CONTEXT('2D SPACE',''
  ) );
#3900 = PCURVE('',#1263,#3901);
#3901 = DEFINITIONAL_REPRESENTATION('',(#3902),#3905);
#3902 = B_SPLINE_CURVE_WITH_KNOTS('',1,(#3903,#3904),.UNSPECIFIED.,.F.,
  .F.,(2,2),(2.05,2.06),.PIECEWISE_BEZIER_KNOTS.);
#3903 = CARTESIAN_POINT('',(1.,-2.05));
#3904 = CARTESIAN_POINT('',(1.,-2.06));
#3905 = ( GEOMETRIC_REPRESENTATION_CONTEXT(2) 
PARAMETRIC_REPRESENTATION_CONTEXT() REPRESENTATION_CONTEXT('2D SPACE',''
  ) );
#3906 = ORIENTED_EDGE('',*,*,#3907,.T.);
#3907 = EDGE_CURVE('',#3887,#3839,#3908,.T.);
#3908 = SURFACE_CURVE('',#3909,(#3914,#3920),.PCURVE_S1.);
#3909 = B_SPLINE_CURVE_WITH_KNOTS('',3,(#3910,#3911,#3912,#3913),
  .UNSPECIFIED.,.F.,.F.,(4,4),(0.,1.),.PIECEWISE_BEZIER_KNOTS.);
#3910 = CARTESIAN_POINT('',(-19.15,0.,-9.94));
#3911 = CARTESIAN_POINT('',(-19.15,7.056,-9.94));
#3912 = CARTESIAN_POINT('',(-19.3415,17.388,-9.94));
#3913 = CARTESIAN_POINT('',(-16.852,21.924,-9.94));
#3914 = PCURVE('',#1369,#3915);
#3915 = DEFINITIONAL_REPRESENTATION('',(#3916),#3919);
#3916 = B_SPLINE_CURVE_WITH_KNOTS('',1,(#3917,#3918),.UNSPECIFIED.,.F.,
  .F.,(2,2),(0.,1.),.PIECEWISE_BEZIER_KNOTS.);
#3917 = CARTESIAN_POINT('',(0.,-2.06));
#3918 = CARTESIAN_POINT('',(1.,-2.06));
#3919 = ( GEOMETRIC_REPRESENTATION_CONTEXT(2) 
PARAMETRIC_REPRESENTATION_CONTEXT() REPRESENTATION_CONTEXT('2D SPACE',''
  ) );
#3920 = PCURVE('',#3802,#3921);
#3921 = DEFINITIONAL_REPRESENTATION('',(#3922),#3927);
#3922 = B_SPLINE_CURVE_WITH_KNOTS('',3,(#3923,#3924,#3925,#3926),
  .UNSPECIFIED.,.F.,.F.,(4,4),(0.,1.),.PIECEWISE_BEZIER_KNOTS.);
#3923 = CARTESIAN_POINT('',(19.15,-0.119442790232));
#3924 = CARTESIAN_POINT('',(19.15,6.936557209768));
#3925 = CARTESIAN_POINT('',(19.3415,17.268557209768));
#3926 = CARTESIAN_POINT('',(16.852,21.804557209768));
#3927 = ( GEOMETRIC_REPRESENTATION_CONTEXT(2) 
PARAMETRIC_REPRESENTATION_CONTEXT() REPRESENTATION_CONTEXT('2D SPACE',''
  ) );
#3928 = ORIENTED_EDGE('',*,*,#3838,.F.);
#3929 = ADVANCED_FACE('',(#3930),#1263,.F.);
#3930 = FACE_BOUND('',#3931,.F.);
#3931 = EDGE_LOOP('',(#3932,#3933,#3954,#3976));
#3932 = ORIENTED_EDGE('',*,*,#1189,.T.);
#3933 = ORIENTED_EDGE('',*,*,#3934,.T.);
#3934 = EDGE_CURVE('',#1072,#3935,#3937,.T.);
#3935 = VERTEX_POINT('',#3936);
#3936 = CARTESIAN_POINT('',(-16.086,-22.176,-9.94));
#3937 = SURFACE_CURVE('',#3938,(#3942,#3948),.PCURVE_S1.);
#3938 = LINE('',#3939,#3940);
#3939 = CARTESIAN_POINT('',(-16.086,-22.176,-12.));
#3940 = VECTOR('',#3941,1.);
#3941 = DIRECTION('',(0.,0.,1.));
#3942 = PCURVE('',#1263,#3943);
#3943 = DEFINITIONAL_REPRESENTATION('',(#3944),#3947);
#3944 = B_SPLINE_CURVE_WITH_KNOTS('',1,(#3945,#3946),.UNSPECIFIED.,.F.,
  .F.,(2,2),(2.05,2.06),.PIECEWISE_BEZIER_KNOTS.);
#3945 = CARTESIAN_POINT('',(0.,-2.05));
#3946 = CARTESIAN_POINT('',(0.,-2.06));
#3947 = ( GEOMETRIC_REPRESENTATION_CONTEXT(2) 
PARAMETRIC_REPRESENTATION_CONTEXT() REPRESENTATION_CONTEXT('2D SPACE',''
  ) );
#3948 = PCURVE('',#1145,#3949);
#3949 = DEFINITIONAL_REPRESENTATION('',(#3950),#3953);
#3950 = B_SPLINE_CURVE_WITH_KNOTS('',1,(#3951,#3952),.UNSPECIFIED.,.F.,
  .F.,(2,2),(2.05,2.06),.PIECEWISE_BEZIER_KNOTS.);
#3951 = CARTESIAN_POINT('',(1.,-2.05));
#3952 = CARTESIAN_POINT('',(1.,-2.06));
#3953 = ( GEOMETRIC_REPRESENTATION_CONTEXT(2) 
PARAMETRIC_REPRESENTATION_CONTEXT() REPRESENTATION_CONTEXT('2D SPACE',''
  ) );
#3954 = ORIENTED_EDGE('',*,*,#3955,.T.);
#3955 = EDGE_CURVE('',#3935,#3887,#3956,.T.);
#3956 = SURFACE_CURVE('',#3957,(#3962,#3968),.PCURVE_S1.);
#3957 = B_SPLINE_CURVE_WITH_KNOTS('',3,(#3958,#3959,#3960,#3961),
  .UNSPECIFIED.,.F.,.F.,(4,4),(0.,1.),.PIECEWISE_BEZIER_KNOTS.);
#3958 = CARTESIAN_POINT('',(-16.086,-22.176,-9.94));
#3959 = CARTESIAN_POINT('',(-18.9585,-18.648,-9.94));
#3960 = CARTESIAN_POINT('',(-19.15,-8.064,-9.94));
#3961 = CARTESIAN_POINT('',(-19.15,0.,-9.94));
#3962 = PCURVE('',#1263,#3963);
#3963 = DEFINITIONAL_REPRESENTATION('',(#3964),#3967);
#3964 = B_SPLINE_CURVE_WITH_KNOTS('',1,(#3965,#3966),.UNSPECIFIED.,.F.,
  .F.,(2,2),(0.,1.),.PIECEWISE_BEZIER_KNOTS.);
#3965 = CARTESIAN_POINT('',(0.,-2.06));
#3966 = CARTESIAN_POINT('',(1.,-2.06));
#3967 = ( GEOMETRIC_REPRESENTATION_CONTEXT(2) 
PARAMETRIC_REPRESENTATION_CONTEXT() REPRESENTATION_CONTEXT('2D SPACE',''
  ) );
#3968 = PCURVE('',#3802,#3969);
#3969 = DEFINITIONAL_REPRESENTATION('',(#3970),#3975);
#3970 = B_SPLINE_CURVE_WITH_KNOTS('',3,(#3971,#3972,#3973,#3974),
  .UNSPECIFIED.,.F.,.F.,(4,4),(0.,1.),.PIECEWISE_BEZIER_KNOTS.);
#3971 = CARTESIAN_POINT('',(16.086,-22.29544279023));
#3972 = CARTESIAN_POINT('',(18.9585,-18.76744279023));
#3973 = CARTESIAN_POINT('',(19.15,-8.183442790232));
#3974 = CARTESIAN_POINT('',(19.15,-0.119442790232));
#3975 = ( GEOMETRIC_REPRESENTATION_CONTEXT(2) 
PARAMETRIC_REPRESENTATION_CONTEXT() REPRESENTATION_CONTEXT('2D SPACE',''
  ) );
#3976 = ORIENTED_EDGE('',*,*,#3886,.F.);
#3977 = ADVANCED_FACE('',(#3978),#1145,.F.);
#3978 = FACE_BOUND('',#3979,.F.);
#3979 = EDGE_LOOP('',(#3980,#3981,#4002,#4024));
#3980 = ORIENTED_EDGE('',*,*,#1071,.T.);
#3981 = ORIENTED_EDGE('',*,*,#3982,.T.);
#3982 = EDGE_CURVE('',#972,#3983,#3985,.T.);
#3983 = VERTEX_POINT('',#3984);
#3984 = CARTESIAN_POINT('',(0.,-25.2,-9.94));
#3985 = SURFACE_CURVE('',#3986,(#3990,#3996),.PCURVE_S1.);
#3986 = LINE('',#3987,#3988);
#3987 = CARTESIAN_POINT('',(0.,-25.2,-12.));
#3988 = VECTOR('',#3989,1.);
#3989 = DIRECTION('',(0.,0.,1.));
#3990 = PCURVE('',#1145,#3991);
#3991 = DEFINITIONAL_REPRESENTATION('',(#3992),#3995);
#3992 = B_SPLINE_CURVE_WITH_KNOTS('',1,(#3993,#3994),.UNSPECIFIED.,.F.,
  .F.,(2,2),(2.05,2.06),.PIECEWISE_BEZIER_KNOTS.);
#3993 = CARTESIAN_POINT('',(0.,-2.05));
#3994 = CARTESIAN_POINT('',(0.,-2.06));
#3995 = ( GEOMETRIC_REPRESENTATION_CONTEXT(2) 
PARAMETRIC_REPRESENTATION_CONTEXT() REPRESENTATION_CONTEXT('2D SPACE',''
  ) );
#3996 = PCURVE('',#1033,#3997);
#3997 = DEFINITIONAL_REPRESENTATION('',(#3998),#4001);
#3998 = B_SPLINE_CURVE_WITH_KNOTS('',1,(#3999,#4000),.UNSPECIFIED.,.F.,
  .F.,(2,2),(2.05,2.06),.PIECEWISE_BEZIER_KNOTS.);
#3999 = CARTESIAN_POINT('',(1.,-2.05));
#4000 = CARTESIAN_POINT('',(1.,-2.06));
#4001 = ( GEOMETRIC_REPRESENTATION_CONTEXT(2) 
PARAMETRIC_REPRESENTATION_CONTEXT() REPRESENTATION_CONTEXT('2D SPACE',''
  ) );
#4002 = ORIENTED_EDGE('',*,*,#4003,.T.);
#4003 = EDGE_CURVE('',#3983,#3935,#4004,.T.);
#4004 = SURFACE_CURVE('',#4005,(#4010,#4016),.PCURVE_S1.);
#4005 = B_SPLINE_CURVE_WITH_KNOTS('',3,(#4006,#4007,#4008,#4009),
  .UNSPECIFIED.,.F.,.F.,(4,4),(0.,1.),.PIECEWISE_BEZIER_KNOTS.);
#4006 = CARTESIAN_POINT('',(0.,-25.2,-9.94));
#4007 = CARTESIAN_POINT('',(-5.745,-25.2,-9.94));
#4008 = CARTESIAN_POINT('',(-13.9795,-25.074,-9.94));
#4009 = CARTESIAN_POINT('',(-16.086,-22.176,-9.94));
#4010 = PCURVE('',#1145,#4011);
#4011 = DEFINITIONAL_REPRESENTATION('',(#4012),#4015);
#4012 = B_SPLINE_CURVE_WITH_KNOTS('',1,(#4013,#4014),.UNSPECIFIED.,.F.,
  .F.,(2,2),(0.,1.),.PIECEWISE_BEZIER_KNOTS.);
#4013 = CARTESIAN_POINT('',(0.,-2.06));
#4014 = CARTESIAN_POINT('',(1.,-2.06));
#4015 = ( GEOMETRIC_REPRESENTATION_CONTEXT(2) 
PARAMETRIC_REPRESENTATION_CONTEXT() REPRESENTATION_CONTEXT('2D SPACE',''
  ) );
#4016 = PCURVE('',#3802,#4017);
#4017 = DEFINITIONAL_REPRESENTATION('',(#4018),#4023);
#4018 = B_SPLINE_CURVE_WITH_KNOTS('',3,(#4019,#4020,#4021,#4022),
  .UNSPECIFIED.,.F.,.F.,(4,4),(0.,1.),.PIECEWISE_BEZIER_KNOTS.);
#4019 = CARTESIAN_POINT('',(-2.110157376714E-16,-25.31944279023));
#4020 = CARTESIAN_POINT('',(5.745,-25.31944279023));
#4021 = CARTESIAN_POINT('',(13.9795,-25.19344279023));
#4022 = CARTESIAN_POINT('',(16.086,-22.29544279023));
#4023 = ( GEOMETRIC_REPRESENTATION_CONTEXT(2) 
PARAMETRIC_REPRESENTATION_CONTEXT() REPRESENTATION_CONTEXT('2D SPACE',''
  ) );
#4024 = ORIENTED_EDGE('',*,*,#3934,.F.);
#4025 = ADVANCED_FACE('',(#4026),#1033,.F.);
#4026 = FACE_BOUND('',#4027,.F.);
#4027 = EDGE_LOOP('',(#4028,#4029,#4050,#4072));
#4028 = ORIENTED_EDGE('',*,*,#971,.T.);
#4029 = ORIENTED_EDGE('',*,*,#4030,.T.);
#4030 = EDGE_CURVE('',#854,#4031,#4033,.T.);
#4031 = VERTEX_POINT('',#4032);
#4032 = CARTESIAN_POINT('',(16.086,-22.176,-9.94));
#4033 = SURFACE_CURVE('',#4034,(#4038,#4044),.PCURVE_S1.);
#4034 = LINE('',#4035,#4036);
#4035 = CARTESIAN_POINT('',(16.086,-22.176,-12.));
#4036 = VECTOR('',#4037,1.);
#4037 = DIRECTION('',(0.,0.,1.));
#4038 = PCURVE('',#1033,#4039);
#4039 = DEFINITIONAL_REPRESENTATION('',(#4040),#4043);
#4040 = B_SPLINE_CURVE_WITH_KNOTS('',1,(#4041,#4042),.UNSPECIFIED.,.F.,
  .F.,(2,2),(2.05,2.06),.PIECEWISE_BEZIER_KNOTS.);
#4041 = CARTESIAN_POINT('',(0.,-2.05));
#4042 = CARTESIAN_POINT('',(0.,-2.06));
#4043 = ( GEOMETRIC_REPRESENTATION_CONTEXT(2) 
PARAMETRIC_REPRESENTATION_CONTEXT() REPRESENTATION_CONTEXT('2D SPACE',''
  ) );
#4044 = PCURVE('',#927,#4045);
#4045 = DEFINITIONAL_REPRESENTATION('',(#4046),#4049);
#4046 = B_SPLINE_CURVE_WITH_KNOTS('',1,(#4047,#4048),.UNSPECIFIED.,.F.,
  .F.,(2,2),(2.05,2.06),.PIECEWISE_BEZIER_KNOTS.);
#4047 = CARTESIAN_POINT('',(1.,-2.05));
#4048 = CARTESIAN_POINT('',(1.,-2.06));
#4049 = ( GEOMETRIC_REPRESENTATION_CONTEXT(2) 
PARAMETRIC_REPRESENTATION_CONTEXT() REPRESENTATION_CONTEXT('2D SPACE',''
  ) );
#4050 = ORIENTED_EDGE('',*,*,#4051,.T.);
#4051 = EDGE_CURVE('',#4031,#3983,#4052,.T.);
#4052 = SURFACE_CURVE('',#4053,(#4058,#4064),.PCURVE_S1.);
#4053 = B_SPLINE_CURVE_WITH_KNOTS('',3,(#4054,#4055,#4056,#4057),
  .UNSPECIFIED.,.F.,.F.,(4,4),(0.,1.),.PIECEWISE_BEZIER_KNOTS.);
#4054 = CARTESIAN_POINT('',(16.086,-22.176,-9.94));
#4055 = CARTESIAN_POINT('',(13.9795,-25.074,-9.94));
#4056 = CARTESIAN_POINT('',(5.745,-25.2,-9.94));
#4057 = CARTESIAN_POINT('',(0.,-25.2,-9.94));
#4058 = PCURVE('',#1033,#4059);
#4059 = DEFINITIONAL_REPRESENTATION('',(#4060),#4063);
#4060 = B_SPLINE_CURVE_WITH_KNOTS('',1,(#4061,#4062),.UNSPECIFIED.,.F.,
  .F.,(2,2),(0.,1.),.PIECEWISE_BEZIER_KNOTS.);
#4061 = CARTESIAN_POINT('',(0.,-2.06));
#4062 = CARTESIAN_POINT('',(1.,-2.06));
#4063 = ( GEOMETRIC_REPRESENTATION_CONTEXT(2) 
PARAMETRIC_REPRESENTATION_CONTEXT() REPRESENTATION_CONTEXT('2D SPACE',''
  ) );
#4064 = PCURVE('',#3802,#4065);
#4065 = DEFINITIONAL_REPRESENTATION('',(#4066),#4071);
#4066 = B_SPLINE_CURVE_WITH_KNOTS('',3,(#4067,#4068,#4069,#4070),
  .UNSPECIFIED.,.F.,.F.,(4,4),(0.,1.),.PIECEWISE_BEZIER_KNOTS.);
#4067 = CARTESIAN_POINT('',(-16.086,-22.29544279023));
#4068 = CARTESIAN_POINT('',(-13.9795,-25.19344279023));
#4069 = CARTESIAN_POINT('',(-5.745,-25.31944279023));
#4070 = CARTESIAN_POINT('',(-2.110157376714E-16,-25.31944279023));
#4071 = ( GEOMETRIC_REPRESENTATION_CONTEXT(2) 
PARAMETRIC_REPRESENTATION_CONTEXT() REPRESENTATION_CONTEXT('2D SPACE',''
  ) );
#4072 = ORIENTED_EDGE('',*,*,#3982,.F.);
#4073 = ADVANCED_FACE('',(#4074),#927,.F.);
#4074 = FACE_BOUND('',#4075,.F.);
#4075 = EDGE_LOOP('',(#4076,#4077,#4098,#4120));
#4076 = ORIENTED_EDGE('',*,*,#853,.T.);
#4077 = ORIENTED_EDGE('',*,*,#4078,.T.);
#4078 = EDGE_CURVE('',#754,#4079,#4081,.T.);
#4079 = VERTEX_POINT('',#4080);
#4080 = CARTESIAN_POINT('',(19.15,0.,-9.94));
#4081 = SURFACE_CURVE('',#4082,(#4086,#4092),.PCURVE_S1.);
#4082 = LINE('',#4083,#4084);
#4083 = CARTESIAN_POINT('',(19.15,0.,-12.));
#4084 = VECTOR('',#4085,1.);
#4085 = DIRECTION('',(0.,0.,1.));
#4086 = PCURVE('',#927,#4087);
#4087 = DEFINITIONAL_REPRESENTATION('',(#4088),#4091);
#4088 = B_SPLINE_CURVE_WITH_KNOTS('',1,(#4089,#4090),.UNSPECIFIED.,.F.,
  .F.,(2,2),(2.05,2.06),.PIECEWISE_BEZIER_KNOTS.);
#4089 = CARTESIAN_POINT('',(0.,-2.05));
#4090 = CARTESIAN_POINT('',(0.,-2.06));
#4091 = ( GEOMETRIC_REPRESENTATION_CONTEXT(2) 
PARAMETRIC_REPRESENTATION_CONTEXT() REPRESENTATION_CONTEXT('2D SPACE',''
  ) );
#4092 = PCURVE('',#815,#4093);
#4093 = DEFINITIONAL_REPRESENTATION('',(#4094),#4097);
#4094 = B_SPLINE_CURVE_WITH_KNOTS('',1,(#4095,#4096),.UNSPECIFIED.,.F.,
  .F.,(2,2),(2.05,2.06),.PIECEWISE_BEZIER_KNOTS.);
#4095 = CARTESIAN_POINT('',(1.,-2.05));
#4096 = CARTESIAN_POINT('',(1.,-2.06));
#4097 = ( GEOMETRIC_REPRESENTATION_CONTEXT(2) 
PARAMETRIC_REPRESENTATION_CONTEXT() REPRESENTATION_CONTEXT('2D SPACE',''
  ) );
#4098 = ORIENTED_EDGE('',*,*,#4099,.T.);
#4099 = EDGE_CURVE('',#4079,#4031,#4100,.T.);
#4100 = SURFACE_CURVE('',#4101,(#4106,#4112),.PCURVE_S1.);
#4101 = B_SPLINE_CURVE_WITH_KNOTS('',3,(#4102,#4103,#4104,#4105),
  .UNSPECIFIED.,.F.,.F.,(4,4),(0.,1.),.PIECEWISE_BEZIER_KNOTS.);
#4102 = CARTESIAN_POINT('',(19.15,0.,-9.94));
#4103 = CARTESIAN_POINT('',(19.15,-8.064,-9.94));
#4104 = CARTESIAN_POINT('',(18.9585,-18.648,-9.94));
#4105 = CARTESIAN_POINT('',(16.086,-22.176,-9.94));
#4106 = PCURVE('',#927,#4107);
#4107 = DEFINITIONAL_REPRESENTATION('',(#4108),#4111);
#4108 = B_SPLINE_CURVE_WITH_KNOTS('',1,(#4109,#4110),.UNSPECIFIED.,.F.,
  .F.,(2,2),(0.,1.),.PIECEWISE_BEZIER_KNOTS.);
#4109 = CARTESIAN_POINT('',(0.,-2.06));
#4110 = CARTESIAN_POINT('',(1.,-2.06));
#4111 = ( GEOMETRIC_REPRESENTATION_CONTEXT(2) 
PARAMETRIC_REPRESENTATION_CONTEXT() REPRESENTATION_CONTEXT('2D SPACE',''
  ) );
#4112 = PCURVE('',#3802,#4113);
#4113 = DEFINITIONAL_REPRESENTATION('',(#4114),#4119);
#4114 = B_SPLINE_CURVE_WITH_KNOTS('',3,(#4115,#4116,#4117,#4118),
  .UNSPECIFIED.,.F.,.F.,(4,4),(0.,1.),.PIECEWISE_BEZIER_KNOTS.);
#4115 = CARTESIAN_POINT('',(-19.15,-0.119442790232));
#4116 = CARTESIAN_POINT('',(-19.15,-8.183442790232));
#4117 = CARTESIAN_POINT('',(-18.9585,-18.76744279023));
#4118 = CARTESIAN_POINT('',(-16.086,-22.29544279023));
#4119 = ( GEOMETRIC_REPRESENTATION_CONTEXT(2) 
PARAMETRIC_REPRESENTATION_CONTEXT() REPRESENTATION_CONTEXT('2D SPACE',''
  ) );
#4120 = ORIENTED_EDGE('',*,*,#4030,.F.);
#4121 = ADVANCED_FACE('',(#4122),#815,.F.);
#4122 = FACE_BOUND('',#4123,.F.);
#4123 = EDGE_LOOP('',(#4124,#4125,#4126,#4148));
#4124 = ORIENTED_EDGE('',*,*,#753,.T.);
#4125 = ORIENTED_EDGE('',*,*,#3815,.T.);
#4126 = ORIENTED_EDGE('',*,*,#4127,.T.);
#4127 = EDGE_CURVE('',#3787,#4079,#4128,.T.);
#4128 = SURFACE_CURVE('',#4129,(#4134,#4140),.PCURVE_S1.);
#4129 = B_SPLINE_CURVE_WITH_KNOTS('',3,(#4130,#4131,#4132,#4133),
  .UNSPECIFIED.,.F.,.F.,(4,4),(0.,1.),.PIECEWISE_BEZIER_KNOTS.);
#4130 = CARTESIAN_POINT('',(16.852,21.924,-9.94));
#4131 = CARTESIAN_POINT('',(19.3415,17.388,-9.94));
#4132 = CARTESIAN_POINT('',(19.15,7.056,-9.94));
#4133 = CARTESIAN_POINT('',(19.15,0.,-9.94));
#4134 = PCURVE('',#815,#4135);
#4135 = DEFINITIONAL_REPRESENTATION('',(#4136),#4139);
#4136 = B_SPLINE_CURVE_WITH_KNOTS('',1,(#4137,#4138),.UNSPECIFIED.,.F.,
  .F.,(2,2),(0.,1.),.PIECEWISE_BEZIER_KNOTS.);
#4137 = CARTESIAN_POINT('',(0.,-2.06));
#4138 = CARTESIAN_POINT('',(1.,-2.06));
#4139 = ( GEOMETRIC_REPRESENTATION_CONTEXT(2) 
PARAMETRIC_REPRESENTATION_CONTEXT() REPRESENTATION_CONTEXT('2D SPACE',''
  ) );
#4140 = PCURVE('',#3802,#4141);
#4141 = DEFINITIONAL_REPRESENTATION('',(#4142),#4147);
#4142 = B_SPLINE_CURVE_WITH_KNOTS('',3,(#4143,#4144,#4145,#4146),
  .UNSPECIFIED.,.F.,.F.,(4,4),(0.,1.),.PIECEWISE_BEZIER_KNOTS.);
#4143 = CARTESIAN_POINT('',(-16.852,21.804557209768));
#4144 = CARTESIAN_POINT('',(-19.3415,17.268557209768));
#4145 = CARTESIAN_POINT('',(-19.15,6.936557209768));
#4146 = CARTESIAN_POINT('',(-19.15,-0.119442790232));
#4147 = ( GEOMETRIC_REPRESENTATION_CONTEXT(2) 
PARAMETRIC_REPRESENTATION_CONTEXT() REPRESENTATION_CONTEXT('2D SPACE',''
  ) );
#4148 = ORIENTED_EDGE('',*,*,#4078,.F.);
#4149 = ADVANCED_FACE('',(#4150),#1756,.F.);
#4150 = FACE_BOUND('',#4151,.F.);
#4151 = EDGE_LOOP('',(#4152,#4183,#4202,#4203));
#4152 = ORIENTED_EDGE('',*,*,#4153,.F.);
#4153 = EDGE_CURVE('',#4154,#4156,#4158,.T.);
#4154 = VERTEX_POINT('',#4155);
#4155 = CARTESIAN_POINT('',(17.138,22.446,9.34));
#4156 = VERTEX_POINT('',#4157);
#4157 = CARTESIAN_POINT('',(19.475,0.,9.34));
#4158 = SURFACE_CURVE('',#4159,(#4164,#4170),.PCURVE_S1.);
#4159 = B_SPLINE_CURVE_WITH_KNOTS('',3,(#4160,#4161,#4162,#4163),
  .UNSPECIFIED.,.F.,.F.,(4,4),(0.,1.),.PIECEWISE_BEZIER_KNOTS.);
#4160 = CARTESIAN_POINT('',(17.138,22.446,9.34));
#4161 = CARTESIAN_POINT('',(19.66975,17.802,9.34));
#4162 = CARTESIAN_POINT('',(19.475,7.224,9.34));
#4163 = CARTESIAN_POINT('',(19.475,0.,9.34));
#4164 = PCURVE('',#1756,#4165);
#4165 = DEFINITIONAL_REPRESENTATION('',(#4166),#4169);
#4166 = B_SPLINE_CURVE_WITH_KNOTS('',1,(#4167,#4168),.UNSPECIFIED.,.F.,
  .F.,(2,2),(0.,1.),.PIECEWISE_BEZIER_KNOTS.);
#4167 = CARTESIAN_POINT('',(0.,0.));
#4168 = CARTESIAN_POINT('',(1.,0.));
#4169 = ( GEOMETRIC_REPRESENTATION_CONTEXT(2) 
PARAMETRIC_REPRESENTATION_CONTEXT() REPRESENTATION_CONTEXT('2D SPACE',''
  ) );
#4170 = PCURVE('',#4171,#4176);
#4171 = PLANE('',#4172);
#4172 = AXIS2_PLACEMENT_3D('',#4173,#4174,#4175);
#4173 = CARTESIAN_POINT('',(6.889618386793E-16,0.121736870122,9.34));
#4174 = DIRECTION('',(-0.,-0.,-1.));
#4175 = DIRECTION('',(-1.,0.,0.));
#4176 = DEFINITIONAL_REPRESENTATION('',(#4177),#4182);
#4177 = B_SPLINE_CURVE_WITH_KNOTS('',3,(#4178,#4179,#4180,#4181),
  .UNSPECIFIED.,.F.,.F.,(4,4),(0.,1.),.PIECEWISE_BEZIER_KNOTS.);
#4178 = CARTESIAN_POINT('',(-17.138,22.324263129878));
#4179 = CARTESIAN_POINT('',(-19.66975,17.680263129878));
#4180 = CARTESIAN_POINT('',(-19.475,7.102263129878));
#4181 = CARTESIAN_POINT('',(-19.475,-0.121736870122));
#4182 = ( GEOMETRIC_REPRESENTATION_CONTEXT(2) 
PARAMETRIC_REPRESENTATION_CONTEXT() REPRESENTATION_CONTEXT('2D SPACE',''
  ) );
#4183 = ORIENTED_EDGE('',*,*,#4184,.T.);
#4184 = EDGE_CURVE('',#4154,#1695,#4185,.T.);
#4185 = SURFACE_CURVE('',#4186,(#4190,#4196),.PCURVE_S1.);
#4186 = LINE('',#4187,#4188);
#4187 = CARTESIAN_POINT('',(17.138,22.446,9.34));
#4188 = VECTOR('',#4189,1.);
#4189 = DIRECTION('',(0.,0.,1.));
#4190 = PCURVE('',#1756,#4191);
#4191 = DEFINITIONAL_REPRESENTATION('',(#4192),#4195);
#4192 = B_SPLINE_CURVE_WITH_KNOTS('',1,(#4193,#4194),.UNSPECIFIED.,.F.,
  .F.,(2,2),(0.,0.16),.PIECEWISE_BEZIER_KNOTS.);
#4193 = CARTESIAN_POINT('',(0.,0.));
#4194 = CARTESIAN_POINT('',(0.,-0.16));
#4195 = ( GEOMETRIC_REPRESENTATION_CONTEXT(2) 
PARAMETRIC_REPRESENTATION_CONTEXT() REPRESENTATION_CONTEXT('2D SPACE',''
  ) );
#4196 = PCURVE('',#1844,#4197);
#4197 = DEFINITIONAL_REPRESENTATION('',(#4198),#4201);
#4198 = B_SPLINE_CURVE_WITH_KNOTS('',1,(#4199,#4200),.UNSPECIFIED.,.F.,
  .F.,(2,2),(0.,0.16),.PIECEWISE_BEZIER_KNOTS.);
#4199 = CARTESIAN_POINT('',(1.,0.));
#4200 = CARTESIAN_POINT('',(1.,-0.16));
#4201 = ( GEOMETRIC_REPRESENTATION_CONTEXT(2) 
PARAMETRIC_REPRESENTATION_CONTEXT() REPRESENTATION_CONTEXT('2D SPACE',''
  ) );
#4202 = ORIENTED_EDGE('',*,*,#1692,.F.);
#4203 = ORIENTED_EDGE('',*,*,#4204,.F.);
#4204 = EDGE_CURVE('',#4156,#1693,#4205,.T.);
#4205 = SURFACE_CURVE('',#4206,(#4210,#4216),.PCURVE_S1.);
#4206 = LINE('',#4207,#4208);
#4207 = CARTESIAN_POINT('',(19.475,0.,9.34));
#4208 = VECTOR('',#4209,1.);
#4209 = DIRECTION('',(0.,0.,1.));
#4210 = PCURVE('',#1756,#4211);
#4211 = DEFINITIONAL_REPRESENTATION('',(#4212),#4215);
#4212 = B_SPLINE_CURVE_WITH_KNOTS('',1,(#4213,#4214),.UNSPECIFIED.,.F.,
  .F.,(2,2),(0.,0.16),.PIECEWISE_BEZIER_KNOTS.);
#4213 = CARTESIAN_POINT('',(1.,0.));
#4214 = CARTESIAN_POINT('',(1.,-0.16));
#4215 = ( GEOMETRIC_REPRESENTATION_CONTEXT(2) 
PARAMETRIC_REPRESENTATION_CONTEXT() REPRESENTATION_CONTEXT('2D SPACE',''
  ) );
#4216 = PCURVE('',#2466,#4217);
#4217 = DEFINITIONAL_REPRESENTATION('',(#4218),#4221);
#4218 = B_SPLINE_CURVE_WITH_KNOTS('',1,(#4219,#4220),.UNSPECIFIED.,.F.,
  .F.,(2,2),(0.,0.16),.PIECEWISE_BEZIER_KNOTS.);
#4219 = CARTESIAN_POINT('',(0.,0.));
#4220 = CARTESIAN_POINT('',(0.,-0.16));
#4221 = ( GEOMETRIC_REPRESENTATION_CONTEXT(2) 
PARAMETRIC_REPRESENTATION_CONTEXT() REPRESENTATION_CONTEXT('2D SPACE',''
  ) );
#4222 = ADVANCED_FACE('',(#4223),#2466,.F.);
#4223 = FACE_BOUND('',#4224,.F.);
#4224 = EDGE_LOOP('',(#4225,#4249,#4250,#4251));
#4225 = ORIENTED_EDGE('',*,*,#4226,.F.);
#4226 = EDGE_CURVE('',#4156,#4227,#4229,.T.);
#4227 = VERTEX_POINT('',#4228);
#4228 = CARTESIAN_POINT('',(16.359,-22.704,9.34));
#4229 = SURFACE_CURVE('',#4230,(#4235,#4241),.PCURVE_S1.);
#4230 = B_SPLINE_CURVE_WITH_KNOTS('',3,(#4231,#4232,#4233,#4234),
  .UNSPECIFIED.,.F.,.F.,(4,4),(0.,1.),.PIECEWISE_BEZIER_KNOTS.);
#4231 = CARTESIAN_POINT('',(19.475,0.,9.34));
#4232 = CARTESIAN_POINT('',(19.475,-8.256,9.34));
#4233 = CARTESIAN_POINT('',(19.28025,-19.092,9.34));
#4234 = CARTESIAN_POINT('',(16.359,-22.704,9.34));
#4235 = PCURVE('',#2466,#4236);
#4236 = DEFINITIONAL_REPRESENTATION('',(#4237),#4240);
#4237 = B_SPLINE_CURVE_WITH_KNOTS('',1,(#4238,#4239),.UNSPECIFIED.,.F.,
  .F.,(2,2),(0.,1.),.PIECEWISE_BEZIER_KNOTS.);
#4238 = CARTESIAN_POINT('',(0.,0.));
#4239 = CARTESIAN_POINT('',(1.,0.));
#4240 = ( GEOMETRIC_REPRESENTATION_CONTEXT(2) 
PARAMETRIC_REPRESENTATION_CONTEXT() REPRESENTATION_CONTEXT('2D SPACE',''
  ) );
#4241 = PCURVE('',#4171,#4242);
#4242 = DEFINITIONAL_REPRESENTATION('',(#4243),#4248);
#4243 = B_SPLINE_CURVE_WITH_KNOTS('',3,(#4244,#4245,#4246,#4247),
  .UNSPECIFIED.,.F.,.F.,(4,4),(0.,1.),.PIECEWISE_BEZIER_KNOTS.);
#4244 = CARTESIAN_POINT('',(-19.475,-0.121736870122));
#4245 = CARTESIAN_POINT('',(-19.475,-8.377736870122));
#4246 = CARTESIAN_POINT('',(-19.28025,-19.21373687012));
#4247 = CARTESIAN_POINT('',(-16.359,-22.82573687012));
#4248 = ( GEOMETRIC_REPRESENTATION_CONTEXT(2) 
PARAMETRIC_REPRESENTATION_CONTEXT() REPRESENTATION_CONTEXT('2D SPACE',''
  ) );
#4249 = ORIENTED_EDGE('',*,*,#4204,.T.);
#4250 = ORIENTED_EDGE('',*,*,#2394,.F.);
#4251 = ORIENTED_EDGE('',*,*,#4252,.F.);
#4252 = EDGE_CURVE('',#4227,#2295,#4253,.T.);
#4253 = SURFACE_CURVE('',#4254,(#4258,#4264),.PCURVE_S1.);
#4254 = LINE('',#4255,#4256);
#4255 = CARTESIAN_POINT('',(16.359,-22.704,9.34));
#4256 = VECTOR('',#4257,1.);
#4257 = DIRECTION('',(0.,0.,1.));
#4258 = PCURVE('',#2466,#4259);
#4259 = DEFINITIONAL_REPRESENTATION('',(#4260),#4263);
#4260 = B_SPLINE_CURVE_WITH_KNOTS('',1,(#4261,#4262),.UNSPECIFIED.,.F.,
  .F.,(2,2),(0.,0.16),.PIECEWISE_BEZIER_KNOTS.);
#4261 = CARTESIAN_POINT('',(1.,0.));
#4262 = CARTESIAN_POINT('',(1.,-0.16));
#4263 = ( GEOMETRIC_REPRESENTATION_CONTEXT(2) 
PARAMETRIC_REPRESENTATION_CONTEXT() REPRESENTATION_CONTEXT('2D SPACE',''
  ) );
#4264 = PCURVE('',#2356,#4265);
#4265 = DEFINITIONAL_REPRESENTATION('',(#4266),#4269);
#4266 = B_SPLINE_CURVE_WITH_KNOTS('',1,(#4267,#4268),.UNSPECIFIED.,.F.,
  .F.,(2,2),(0.,0.16),.PIECEWISE_BEZIER_KNOTS.);
#4267 = CARTESIAN_POINT('',(0.,0.));
#4268 = CARTESIAN_POINT('',(0.,-0.16));
#4269 = ( GEOMETRIC_REPRESENTATION_CONTEXT(2) 
PARAMETRIC_REPRESENTATION_CONTEXT() REPRESENTATION_CONTEXT('2D SPACE',''
  ) );
#4270 = ADVANCED_FACE('',(#4271),#2356,.F.);
#4271 = FACE_BOUND('',#4272,.F.);
#4272 = EDGE_LOOP('',(#4273,#4297,#4298,#4299));
#4273 = ORIENTED_EDGE('',*,*,#4274,.F.);
#4274 = EDGE_CURVE('',#4227,#4275,#4277,.T.);
#4275 = VERTEX_POINT('',#4276);
#4276 = CARTESIAN_POINT('',(0.,-25.8,9.34));
#4277 = SURFACE_CURVE('',#4278,(#4283,#4289),.PCURVE_S1.);
#4278 = B_SPLINE_CURVE_WITH_KNOTS('',3,(#4279,#4280,#4281,#4282),
  .UNSPECIFIED.,.F.,.F.,(4,4),(0.,1.),.PIECEWISE_BEZIER_KNOTS.);
#4279 = CARTESIAN_POINT('',(16.359,-22.704,9.34));
#4280 = CARTESIAN_POINT('',(14.21675,-25.671,9.34));
#4281 = CARTESIAN_POINT('',(5.8425,-25.8,9.34));
#4282 = CARTESIAN_POINT('',(0.,-25.8,9.34));
#4283 = PCURVE('',#2356,#4284);
#4284 = DEFINITIONAL_REPRESENTATION('',(#4285),#4288);
#4285 = B_SPLINE_CURVE_WITH_KNOTS('',1,(#4286,#4287),.UNSPECIFIED.,.F.,
  .F.,(2,2),(0.,1.),.PIECEWISE_BEZIER_KNOTS.);
#4286 = CARTESIAN_POINT('',(0.,0.));
#4287 = CARTESIAN_POINT('',(1.,0.));
#4288 = ( GEOMETRIC_REPRESENTATION_CONTEXT(2) 
PARAMETRIC_REPRESENTATION_CONTEXT() REPRESENTATION_CONTEXT('2D SPACE',''
  ) );
#4289 = PCURVE('',#4171,#4290);
#4290 = DEFINITIONAL_REPRESENTATION('',(#4291),#4296);
#4291 = B_SPLINE_CURVE_WITH_KNOTS('',3,(#4292,#4293,#4294,#4295),
  .UNSPECIFIED.,.F.,.F.,(4,4),(0.,1.),.PIECEWISE_BEZIER_KNOTS.);
#4292 = CARTESIAN_POINT('',(-16.359,-22.82573687012));
#4293 = CARTESIAN_POINT('',(-14.21675,-25.79273687012));
#4294 = CARTESIAN_POINT('',(-5.8425,-25.92173687012));
#4295 = CARTESIAN_POINT('',(6.889618386793E-16,-25.92173687012));
#4296 = ( GEOMETRIC_REPRESENTATION_CONTEXT(2) 
PARAMETRIC_REPRESENTATION_CONTEXT() REPRESENTATION_CONTEXT('2D SPACE',''
  ) );
#4297 = ORIENTED_EDGE('',*,*,#4252,.T.);
#4298 = ORIENTED_EDGE('',*,*,#2294,.F.);
#4299 = ORIENTED_EDGE('',*,*,#4300,.F.);
#4300 = EDGE_CURVE('',#4275,#2177,#4301,.T.);
#4301 = SURFACE_CURVE('',#4302,(#4306,#4312),.PCURVE_S1.);
#4302 = LINE('',#4303,#4304);
#4303 = CARTESIAN_POINT('',(0.,-25.8,9.34));
#4304 = VECTOR('',#4305,1.);
#4305 = DIRECTION('',(0.,0.,1.));
#4306 = PCURVE('',#2356,#4307);
#4307 = DEFINITIONAL_REPRESENTATION('',(#4308),#4311);
#4308 = B_SPLINE_CURVE_WITH_KNOTS('',1,(#4309,#4310),.UNSPECIFIED.,.F.,
  .F.,(2,2),(0.,0.16),.PIECEWISE_BEZIER_KNOTS.);
#4309 = CARTESIAN_POINT('',(1.,0.));
#4310 = CARTESIAN_POINT('',(1.,-0.16));
#4311 = ( GEOMETRIC_REPRESENTATION_CONTEXT(2) 
PARAMETRIC_REPRESENTATION_CONTEXT() REPRESENTATION_CONTEXT('2D SPACE',''
  ) );
#4312 = PCURVE('',#2250,#4313);
#4313 = DEFINITIONAL_REPRESENTATION('',(#4314),#4317);
#4314 = B_SPLINE_CURVE_WITH_KNOTS('',1,(#4315,#4316),.UNSPECIFIED.,.F.,
  .F.,(2,2),(0.,0.16),.PIECEWISE_BEZIER_KNOTS.);
#4315 = CARTESIAN_POINT('',(0.,0.));
#4316 = CARTESIAN_POINT('',(0.,-0.16));
#4317 = ( GEOMETRIC_REPRESENTATION_CONTEXT(2) 
PARAMETRIC_REPRESENTATION_CONTEXT() REPRESENTATION_CONTEXT('2D SPACE',''
  ) );
#4318 = ADVANCED_FACE('',(#4319),#2250,.F.);
#4319 = FACE_BOUND('',#4320,.F.);
#4320 = EDGE_LOOP('',(#4321,#4345,#4346,#4347));
#4321 = ORIENTED_EDGE('',*,*,#4322,.F.);
#4322 = EDGE_CURVE('',#4275,#4323,#4325,.T.);
#4323 = VERTEX_POINT('',#4324);
#4324 = CARTESIAN_POINT('',(-16.359,-22.704,9.34));
#4325 = SURFACE_CURVE('',#4326,(#4331,#4337),.PCURVE_S1.);
#4326 = B_SPLINE_CURVE_WITH_KNOTS('',3,(#4327,#4328,#4329,#4330),
  .UNSPECIFIED.,.F.,.F.,(4,4),(0.,1.),.PIECEWISE_BEZIER_KNOTS.);
#4327 = CARTESIAN_POINT('',(0.,-25.8,9.34));
#4328 = CARTESIAN_POINT('',(-5.8425,-25.8,9.34));
#4329 = CARTESIAN_POINT('',(-14.21675,-25.671,9.34));
#4330 = CARTESIAN_POINT('',(-16.359,-22.704,9.34));
#4331 = PCURVE('',#2250,#4332);
#4332 = DEFINITIONAL_REPRESENTATION('',(#4333),#4336);
#4333 = B_SPLINE_CURVE_WITH_KNOTS('',1,(#4334,#4335),.UNSPECIFIED.,.F.,
  .F.,(2,2),(0.,1.),.PIECEWISE_BEZIER_KNOTS.);
#4334 = CARTESIAN_POINT('',(0.,0.));
#4335 = CARTESIAN_POINT('',(1.,0.));
#4336 = ( GEOMETRIC_REPRESENTATION_CONTEXT(2) 
PARAMETRIC_REPRESENTATION_CONTEXT() REPRESENTATION_CONTEXT('2D SPACE',''
  ) );
#4337 = PCURVE('',#4171,#4338);
#4338 = DEFINITIONAL_REPRESENTATION('',(#4339),#4344);
#4339 = B_SPLINE_CURVE_WITH_KNOTS('',3,(#4340,#4341,#4342,#4343),
  .UNSPECIFIED.,.F.,.F.,(4,4),(0.,1.),.PIECEWISE_BEZIER_KNOTS.);
#4340 = CARTESIAN_POINT('',(6.889618386793E-16,-25.92173687012));
#4341 = CARTESIAN_POINT('',(5.8425,-25.92173687012));
#4342 = CARTESIAN_POINT('',(14.21675,-25.79273687012));
#4343 = CARTESIAN_POINT('',(16.359,-22.82573687012));
#4344 = ( GEOMETRIC_REPRESENTATION_CONTEXT(2) 
PARAMETRIC_REPRESENTATION_CONTEXT() REPRESENTATION_CONTEXT('2D SPACE',''
  ) );
#4345 = ORIENTED_EDGE('',*,*,#4300,.T.);
#4346 = ORIENTED_EDGE('',*,*,#2176,.F.);
#4347 = ORIENTED_EDGE('',*,*,#4348,.F.);
#4348 = EDGE_CURVE('',#4323,#2059,#4349,.T.);
#4349 = SURFACE_CURVE('',#4350,(#4354,#4360),.PCURVE_S1.);
#4350 = LINE('',#4351,#4352);
#4351 = CARTESIAN_POINT('',(-16.359,-22.704,9.34));
#4352 = VECTOR('',#4353,1.);
#4353 = DIRECTION('',(0.,0.,1.));
#4354 = PCURVE('',#2250,#4355);
#4355 = DEFINITIONAL_REPRESENTATION('',(#4356),#4359);
#4356 = B_SPLINE_CURVE_WITH_KNOTS('',1,(#4357,#4358),.UNSPECIFIED.,.F.,
  .F.,(2,2),(0.,0.16),.PIECEWISE_BEZIER_KNOTS.);
#4357 = CARTESIAN_POINT('',(1.,0.));
#4358 = CARTESIAN_POINT('',(1.,-0.16));
#4359 = ( GEOMETRIC_REPRESENTATION_CONTEXT(2) 
PARAMETRIC_REPRESENTATION_CONTEXT() REPRESENTATION_CONTEXT('2D SPACE',''
  ) );
#4360 = PCURVE('',#2132,#4361);
#4361 = DEFINITIONAL_REPRESENTATION('',(#4362),#4365);
#4362 = B_SPLINE_CURVE_WITH_KNOTS('',1,(#4363,#4364),.UNSPECIFIED.,.F.,
  .F.,(2,2),(0.,0.16),.PIECEWISE_BEZIER_KNOTS.);
#4363 = CARTESIAN_POINT('',(0.,0.));
#4364 = CARTESIAN_POINT('',(0.,-0.16));
#4365 = ( GEOMETRIC_REPRESENTATION_CONTEXT(2) 
PARAMETRIC_REPRESENTATION_CONTEXT() REPRESENTATION_CONTEXT('2D SPACE',''
  ) );
#4366 = ADVANCED_FACE('',(#4367),#2132,.F.);
#4367 = FACE_BOUND('',#4368,.F.);
#4368 = EDGE_LOOP('',(#4369,#4393,#4394,#4395));
#4369 = ORIENTED_EDGE('',*,*,#4370,.F.);
#4370 = EDGE_CURVE('',#4323,#4371,#4373,.T.);
#4371 = VERTEX_POINT('',#4372);
#4372 = CARTESIAN_POINT('',(-19.475,0.,9.34));
#4373 = SURFACE_CURVE('',#4374,(#4379,#4385),.PCURVE_S1.);
#4374 = B_SPLINE_CURVE_WITH_KNOTS('',3,(#4375,#4376,#4377,#4378),
  .UNSPECIFIED.,.F.,.F.,(4,4),(0.,1.),.PIECEWISE_BEZIER_KNOTS.);
#4375 = CARTESIAN_POINT('',(-16.359,-22.704,9.34));
#4376 = CARTESIAN_POINT('',(-19.28025,-19.092,9.34));
#4377 = CARTESIAN_POINT('',(-19.475,-8.256,9.34));
#4378 = CARTESIAN_POINT('',(-19.475,0.,9.34));
#4379 = PCURVE('',#2132,#4380);
#4380 = DEFINITIONAL_REPRESENTATION('',(#4381),#4384);
#4381 = B_SPLINE_CURVE_WITH_KNOTS('',1,(#4382,#4383),.UNSPECIFIED.,.F.,
  .F.,(2,2),(0.,1.),.PIECEWISE_BEZIER_KNOTS.);
#4382 = CARTESIAN_POINT('',(0.,0.));
#4383 = CARTESIAN_POINT('',(1.,0.));
#4384 = ( GEOMETRIC_REPRESENTATION_CONTEXT(2) 
PARAMETRIC_REPRESENTATION_CONTEXT() REPRESENTATION_CONTEXT('2D SPACE',''
  ) );
#4385 = PCURVE('',#4171,#4386);
#4386 = DEFINITIONAL_REPRESENTATION('',(#4387),#4392);
#4387 = B_SPLINE_CURVE_WITH_KNOTS('',3,(#4388,#4389,#4390,#4391),
  .UNSPECIFIED.,.F.,.F.,(4,4),(0.,1.),.PIECEWISE_BEZIER_KNOTS.);
#4388 = CARTESIAN_POINT('',(16.359,-22.82573687012));
#4389 = CARTESIAN_POINT('',(19.28025,-19.21373687012));
#4390 = CARTESIAN_POINT('',(19.475,-8.377736870122));
#4391 = CARTESIAN_POINT('',(19.475,-0.121736870122));
#4392 = ( GEOMETRIC_REPRESENTATION_CONTEXT(2) 
PARAMETRIC_REPRESENTATION_CONTEXT() REPRESENTATION_CONTEXT('2D SPACE',''
  ) );
#4393 = ORIENTED_EDGE('',*,*,#4348,.T.);
#4394 = ORIENTED_EDGE('',*,*,#2058,.F.);
#4395 = ORIENTED_EDGE('',*,*,#4396,.F.);
#4396 = EDGE_CURVE('',#4371,#1959,#4397,.T.);
#4397 = SURFACE_CURVE('',#4398,(#4402,#4408),.PCURVE_S1.);
#4398 = LINE('',#4399,#4400);
#4399 = CARTESIAN_POINT('',(-19.475,0.,9.34));
#4400 = VECTOR('',#4401,1.);
#4401 = DIRECTION('',(0.,0.,1.));
#4402 = PCURVE('',#2132,#4403);
#4403 = DEFINITIONAL_REPRESENTATION('',(#4404),#4407);
#4404 = B_SPLINE_CURVE_WITH_KNOTS('',1,(#4405,#4406),.UNSPECIFIED.,.F.,
  .F.,(2,2),(0.,0.16),.PIECEWISE_BEZIER_KNOTS.);
#4405 = CARTESIAN_POINT('',(1.,0.));
#4406 = CARTESIAN_POINT('',(1.,-0.16));
#4407 = ( GEOMETRIC_REPRESENTATION_CONTEXT(2) 
PARAMETRIC_REPRESENTATION_CONTEXT() REPRESENTATION_CONTEXT('2D SPACE',''
  ) );
#4408 = PCURVE('',#2020,#4409);
#4409 = DEFINITIONAL_REPRESENTATION('',(#4410),#4413);
#4410 = B_SPLINE_CURVE_WITH_KNOTS('',1,(#4411,#4412),.UNSPECIFIED.,.F.,
  .F.,(2,2),(0.,0.16),.PIECEWISE_BEZIER_KNOTS.);
#4411 = CARTESIAN_POINT('',(0.,0.));
#4412 = CARTESIAN_POINT('',(0.,-0.16));
#4413 = ( GEOMETRIC_REPRESENTATION_CONTEXT(2) 
PARAMETRIC_REPRESENTATION_CONTEXT() REPRESENTATION_CONTEXT('2D SPACE',''
  ) );
#4414 = ADVANCED_FACE('',(#4415),#2020,.F.);
#4415 = FACE_BOUND('',#4416,.F.);
#4416 = EDGE_LOOP('',(#4417,#4441,#4442,#4443));
#4417 = ORIENTED_EDGE('',*,*,#4418,.F.);
#4418 = EDGE_CURVE('',#4371,#4419,#4421,.T.);
#4419 = VERTEX_POINT('',#4420);
#4420 = CARTESIAN_POINT('',(-17.138,22.446,9.34));
#4421 = SURFACE_CURVE('',#4422,(#4427,#4433),.PCURVE_S1.);
#4422 = B_SPLINE_CURVE_WITH_KNOTS('',3,(#4423,#4424,#4425,#4426),
  .UNSPECIFIED.,.F.,.F.,(4,4),(0.,1.),.PIECEWISE_BEZIER_KNOTS.);
#4423 = CARTESIAN_POINT('',(-19.475,0.,9.34));
#4424 = CARTESIAN_POINT('',(-19.475,7.224,9.34));
#4425 = CARTESIAN_POINT('',(-19.66975,17.802,9.34));
#4426 = CARTESIAN_POINT('',(-17.138,22.446,9.34));
#4427 = PCURVE('',#2020,#4428);
#4428 = DEFINITIONAL_REPRESENTATION('',(#4429),#4432);
#4429 = B_SPLINE_CURVE_WITH_KNOTS('',1,(#4430,#4431),.UNSPECIFIED.,.F.,
  .F.,(2,2),(0.,1.),.PIECEWISE_BEZIER_KNOTS.);
#4430 = CARTESIAN_POINT('',(0.,0.));
#4431 = CARTESIAN_POINT('',(1.,0.));
#4432 = ( GEOMETRIC_REPRESENTATION_CONTEXT(2) 
PARAMETRIC_REPRESENTATION_CONTEXT() REPRESENTATION_CONTEXT('2D SPACE',''
  ) );
#4433 = PCURVE('',#4171,#4434);
#4434 = DEFINITIONAL_REPRESENTATION('',(#4435),#4440);
#4435 = B_SPLINE_CURVE_WITH_KNOTS('',3,(#4436,#4437,#4438,#4439),
  .UNSPECIFIED.,.F.,.F.,(4,4),(0.,1.),.PIECEWISE_BEZIER_KNOTS.);
#4436 = CARTESIAN_POINT('',(19.475,-0.121736870122));
#4437 = CARTESIAN_POINT('',(19.475,7.102263129878));
#4438 = CARTESIAN_POINT('',(19.66975,17.680263129878));
#4439 = CARTESIAN_POINT('',(17.138,22.324263129878));
#4440 = ( GEOMETRIC_REPRESENTATION_CONTEXT(2) 
PARAMETRIC_REPRESENTATION_CONTEXT() REPRESENTATION_CONTEXT('2D SPACE',''
  ) );
#4441 = ORIENTED_EDGE('',*,*,#4396,.T.);
#4442 = ORIENTED_EDGE('',*,*,#1958,.F.);
#4443 = ORIENTED_EDGE('',*,*,#4444,.F.);
#4444 = EDGE_CURVE('',#4419,#1877,#4445,.T.);
#4445 = SURFACE_CURVE('',#4446,(#4450,#4456),.PCURVE_S1.);
#4446 = LINE('',#4447,#4448);
#4447 = CARTESIAN_POINT('',(-17.138,22.446,9.34));
#4448 = VECTOR('',#4449,1.);
#4449 = DIRECTION('',(0.,0.,1.));
#4450 = PCURVE('',#2020,#4451);
#4451 = DEFINITIONAL_REPRESENTATION('',(#4452),#4455);
#4452 = B_SPLINE_CURVE_WITH_KNOTS('',1,(#4453,#4454),.UNSPECIFIED.,.F.,
  .F.,(2,2),(0.,0.16),.PIECEWISE_BEZIER_KNOTS.);
#4453 = CARTESIAN_POINT('',(1.,0.));
#4454 = CARTESIAN_POINT('',(1.,-0.16));
#4455 = ( GEOMETRIC_REPRESENTATION_CONTEXT(2) 
PARAMETRIC_REPRESENTATION_CONTEXT() REPRESENTATION_CONTEXT('2D SPACE',''
  ) );
#4456 = PCURVE('',#1926,#4457);
#4457 = DEFINITIONAL_REPRESENTATION('',(#4458),#4461);
#4458 = B_SPLINE_CURVE_WITH_KNOTS('',1,(#4459,#4460),.UNSPECIFIED.,.F.,
  .F.,(2,2),(0.,0.16),.PIECEWISE_BEZIER_KNOTS.);
#4459 = CARTESIAN_POINT('',(0.,0.));
#4460 = CARTESIAN_POINT('',(0.,-0.16));
#4461 = ( GEOMETRIC_REPRESENTATION_CONTEXT(2) 
PARAMETRIC_REPRESENTATION_CONTEXT() REPRESENTATION_CONTEXT('2D SPACE',''
  ) );
#4462 = ADVANCED_FACE('',(#4463),#1926,.F.);
#4463 = FACE_BOUND('',#4464,.F.);
#4464 = EDGE_LOOP('',(#4465,#4489,#4490,#4491));
#4465 = ORIENTED_EDGE('',*,*,#4466,.F.);
#4466 = EDGE_CURVE('',#4419,#4467,#4469,.T.);
#4467 = VERTEX_POINT('',#4468);
#4468 = CARTESIAN_POINT('',(0.,25.8,9.34));
#4469 = SURFACE_CURVE('',#4470,(#4475,#4481),.PCURVE_S1.);
#4470 = B_SPLINE_CURVE_WITH_KNOTS('',3,(#4471,#4472,#4473,#4474),
  .UNSPECIFIED.,.F.,.F.,(4,4),(0.,1.),.PIECEWISE_BEZIER_KNOTS.);
#4471 = CARTESIAN_POINT('',(-17.138,22.446,9.34));
#4472 = CARTESIAN_POINT('',(-15.1905,25.026,9.34));
#4473 = CARTESIAN_POINT('',(-8.569,25.8,9.34));
#4474 = CARTESIAN_POINT('',(0.,25.8,9.34));
#4475 = PCURVE('',#1926,#4476);
#4476 = DEFINITIONAL_REPRESENTATION('',(#4477),#4480);
#4477 = B_SPLINE_CURVE_WITH_KNOTS('',1,(#4478,#4479),.UNSPECIFIED.,.F.,
  .F.,(2,2),(0.,1.),.PIECEWISE_BEZIER_KNOTS.);
#4478 = CARTESIAN_POINT('',(0.,0.));
#4479 = CARTESIAN_POINT('',(1.,0.));
#4480 = ( GEOMETRIC_REPRESENTATION_CONTEXT(2) 
PARAMETRIC_REPRESENTATION_CONTEXT() REPRESENTATION_CONTEXT('2D SPACE',''
  ) );
#4481 = PCURVE('',#4171,#4482);
#4482 = DEFINITIONAL_REPRESENTATION('',(#4483),#4488);
#4483 = B_SPLINE_CURVE_WITH_KNOTS('',3,(#4484,#4485,#4486,#4487),
  .UNSPECIFIED.,.F.,.F.,(4,4),(0.,1.),.PIECEWISE_BEZIER_KNOTS.);
#4484 = CARTESIAN_POINT('',(17.138,22.324263129878));
#4485 = CARTESIAN_POINT('',(15.1905,24.904263129878));
#4486 = CARTESIAN_POINT('',(8.569,25.678263129878));
#4487 = CARTESIAN_POINT('',(6.889618386793E-16,25.678263129878));
#4488 = ( GEOMETRIC_REPRESENTATION_CONTEXT(2) 
PARAMETRIC_REPRESENTATION_CONTEXT() REPRESENTATION_CONTEXT('2D SPACE',''
  ) );
#4489 = ORIENTED_EDGE('',*,*,#4444,.T.);
#4490 = ORIENTED_EDGE('',*,*,#1876,.F.);
#4491 = ORIENTED_EDGE('',*,*,#4492,.F.);
#4492 = EDGE_CURVE('',#4467,#1795,#4493,.T.);
#4493 = SURFACE_CURVE('',#4494,(#4498,#4504),.PCURVE_S1.);
#4494 = LINE('',#4495,#4496);
#4495 = CARTESIAN_POINT('',(0.,25.8,9.34));
#4496 = VECTOR('',#4497,1.);
#4497 = DIRECTION('',(0.,0.,1.));
#4498 = PCURVE('',#1926,#4499);
#4499 = DEFINITIONAL_REPRESENTATION('',(#4500),#4503);
#4500 = B_SPLINE_CURVE_WITH_KNOTS('',1,(#4501,#4502),.UNSPECIFIED.,.F.,
  .F.,(2,2),(0.,0.16),.PIECEWISE_BEZIER_KNOTS.);
#4501 = CARTESIAN_POINT('',(1.,0.));
#4502 = CARTESIAN_POINT('',(1.,-0.16));
#4503 = ( GEOMETRIC_REPRESENTATION_CONTEXT(2) 
PARAMETRIC_REPRESENTATION_CONTEXT() REPRESENTATION_CONTEXT('2D SPACE',''
  ) );
#4504 = PCURVE('',#1844,#4505);
#4505 = DEFINITIONAL_REPRESENTATION('',(#4506),#4509);
#4506 = B_SPLINE_CURVE_WITH_KNOTS('',1,(#4507,#4508),.UNSPECIFIED.,.F.,
  .F.,(2,2),(0.,0.16),.PIECEWISE_BEZIER_KNOTS.);
#4507 = CARTESIAN_POINT('',(0.,0.));
#4508 = CARTESIAN_POINT('',(0.,-0.16));
#4509 = ( GEOMETRIC_REPRESENTATION_CONTEXT(2) 
PARAMETRIC_REPRESENTATION_CONTEXT() REPRESENTATION_CONTEXT('2D SPACE',''
  ) );
#4510 = ADVANCED_FACE('',(#4511),#1844,.F.);
#4511 = FACE_BOUND('',#4512,.F.);
#4512 = EDGE_LOOP('',(#4513,#4535,#4536,#4537));
#4513 = ORIENTED_EDGE('',*,*,#4514,.F.);
#4514 = EDGE_CURVE('',#4467,#4154,#4515,.T.);
#4515 = SURFACE_CURVE('',#4516,(#4521,#4527),.PCURVE_S1.);
#4516 = B_SPLINE_CURVE_WITH_KNOTS('',3,(#4517,#4518,#4519,#4520),
  .UNSPECIFIED.,.F.,.F.,(4,4),(0.,1.),.PIECEWISE_BEZIER_KNOTS.);
#4517 = CARTESIAN_POINT('',(0.,25.8,9.34));
#4518 = CARTESIAN_POINT('',(8.569,25.8,9.34));
#4519 = CARTESIAN_POINT('',(15.1905,25.026,9.34));
#4520 = CARTESIAN_POINT('',(17.138,22.446,9.34));
#4521 = PCURVE('',#1844,#4522);
#4522 = DEFINITIONAL_REPRESENTATION('',(#4523),#4526);
#4523 = B_SPLINE_CURVE_WITH_KNOTS('',1,(#4524,#4525),.UNSPECIFIED.,.F.,
  .F.,(2,2),(0.,1.),.PIECEWISE_BEZIER_KNOTS.);
#4524 = CARTESIAN_POINT('',(0.,0.));
#4525 = CARTESIAN_POINT('',(1.,0.));
#4526 = ( GEOMETRIC_REPRESENTATION_CONTEXT(2) 
PARAMETRIC_REPRESENTATION_CONTEXT() REPRESENTATION_CONTEXT('2D SPACE',''
  ) );
#4527 = PCURVE('',#4171,#4528);
#4528 = DEFINITIONAL_REPRESENTATION('',(#4529),#4534);
#4529 = B_SPLINE_CURVE_WITH_KNOTS('',3,(#4530,#4531,#4532,#4533),
  .UNSPECIFIED.,.F.,.F.,(4,4),(0.,1.),.PIECEWISE_BEZIER_KNOTS.);
#4530 = CARTESIAN_POINT('',(6.889618386793E-16,25.678263129878));
#4531 = CARTESIAN_POINT('',(-8.569,25.678263129878));
#4532 = CARTESIAN_POINT('',(-15.1905,24.904263129878));
#4533 = CARTESIAN_POINT('',(-17.138,22.324263129878));
#4534 = ( GEOMETRIC_REPRESENTATION_CONTEXT(2) 
PARAMETRIC_REPRESENTATION_CONTEXT() REPRESENTATION_CONTEXT('2D SPACE',''
  ) );
#4535 = ORIENTED_EDGE('',*,*,#4492,.T.);
#4536 = ORIENTED_EDGE('',*,*,#1794,.F.);
#4537 = ORIENTED_EDGE('',*,*,#4184,.F.);
#4538 = ADVANCED_FACE('',(#4539),#2788,.F.);
#4539 = FACE_BOUND('',#4540,.F.);
#4540 = EDGE_LOOP('',(#4541,#4886,#4905,#4906,#4907,#4908));
#4541 = ORIENTED_EDGE('',*,*,#4542,.T.);
#4542 = EDGE_CURVE('',#4543,#4545,#4547,.T.);
#4543 = VERTEX_POINT('',#4544);
#4544 = CARTESIAN_POINT('',(0.,-26.14243606026,-3.52));
#4545 = VERTEX_POINT('',#4546);
#4546 = CARTESIAN_POINT('',(-3.943362693254E-16,-26.7325424268,
    2.920000000001));
#4547 = SURFACE_CURVE('',#4548,(#4641,#4737),.PCURVE_S1.);
#4548 = B_SPLINE_CURVE_WITH_KNOTS('',7,(#4549,#4550,#4551,#4552,#4553,
    #4554,#4555,#4556,#4557,#4558,#4559,#4560,#4561,#4562,#4563,#4564,
    #4565,#4566,#4567,#4568,#4569,#4570,#4571,#4572,#4573,#4574,#4575,
    #4576,#4577,#4578,#4579,#4580,#4581,#4582,#4583,#4584,#4585,#4586,
    #4587,#4588,#4589,#4590,#4591,#4592,#4593,#4594,#4595,#4596,#4597,
    #4598,#4599,#4600,#4601,#4602,#4603,#4604,#4605,#4606,#4607,#4608,
    #4609,#4610,#4611,#4612,#4613,#4614,#4615,#4616,#4617,#4618,#4619,
    #4620,#4621,#4622,#4623,#4624,#4625,#4626,#4627,#4628,#4629,#4630,
    #4631,#4632,#4633,#4634,#4635,#4636,#4637,#4638,#4639,#4640),
  .UNSPECIFIED.,.F.,.F.,(8,6,6,6,6,6,6,6,6,6,6,6,6,6,6,8),(0.,
    0.155429115563,0.267199148113,0.346699208558,0.424663109775,
    0.474589733724,0.515392008078,0.55446150739,0.609597221672,
    0.639913115214,0.654954590318,0.669992445406,0.710343712372,
    0.803488919891,0.871637644321,1.),.UNSPECIFIED.);
#4549 = CARTESIAN_POINT('',(3.885780586187E-14,-26.14243606026,-3.52));
#4550 = CARTESIAN_POINT('',(0.259581342502,-26.14243606026,-3.52));
#4551 = CARTESIAN_POINT('',(0.519336111314,-26.12200075501,
    -3.495585729073));
#4552 = CARTESIAN_POINT('',(0.776170252645,-26.08099601265,
    -3.446700935116));
#4553 = CARTESIAN_POINT('',(1.026822521329,-26.01772240417,
    -3.373857540285));
#4554 = CARTESIAN_POINT('',(1.268015801794,-25.92875545637,
    -3.278328272269));
#4555 = CARTESIAN_POINT('',(1.496881247199,-25.81184297801,
    -3.162115568701));
#4556 = CARTESIAN_POINT('',(1.865178024239,-25.56284440188,
    -2.931080578072));
#4557 = CARTESIAN_POINT('',(2.011669662442,-25.44424936059,
    -2.825039617451));
#4558 = CARTESIAN_POINT('',(2.14968065297,-25.31124758115,
    -2.710568203081));
#4559 = CARTESIAN_POINT('',(2.278609089133,-25.16445373088,
    -2.588708188009));
#4560 = CARTESIAN_POINT('',(2.398119613125,-25.00504997401,
    -2.460446336605));
#4561 = CARTESIAN_POINT('',(2.508072507915,-24.83470182709,
    -2.326639171777));
#4562 = CARTESIAN_POINT('',(2.679806193716,-24.52787504873,
    -2.089373991815));
#4563 = CARTESIAN_POINT('',(2.746339065744,-24.39580265551,
    -1.988294616289));
#4564 = CARTESIAN_POINT('',(2.808023200214,-24.25988126181,
    -1.884986323261));
#4565 = CARTESIAN_POINT('',(2.864880805459,-24.12089494573,
    -1.779632902227));
#4566 = CARTESIAN_POINT('',(2.916942766465,-23.97969681526,
    -1.67236784014));
#4567 = CARTESIAN_POINT('',(2.964232633629,-23.83724219132,
    -1.563265692856));
#4568 = CARTESIAN_POINT('',(3.048445518085,-23.55486657562,
    -1.343530074897));
#4569 = CARTESIAN_POINT('',(3.085530695568,-23.41502303868,
    -1.233018030783));
#4570 = CARTESIAN_POINT('',(3.11803676204,-23.27612682579,
    -1.120739571514));
#4571 = CARTESIAN_POINT('',(3.145923458579,-23.13951943864,
    -1.006620902163));
#4572 = CARTESIAN_POINT('',(3.169106007388,-23.00681833591,
    -0.890591925654));
#4573 = CARTESIAN_POINT('',(3.187444061683,-22.88027056789,
    -0.772525718513));
#4574 = CARTESIAN_POINT('',(3.209176529656,-22.68879639551,
    -0.574965777395));
#4575 = CARTESIAN_POINT('',(3.215559268576,-22.61820233607,
    -0.496994056079));
#4576 = CARTESIAN_POINT('',(3.21980040982,-22.55259562453,
    -0.417980231823));
#4577 = CARTESIAN_POINT('',(3.221802408083,-22.49329771302,
    -0.337848264255));
#4578 = CARTESIAN_POINT('',(3.221447235632,-22.44213058871,
    -0.256644549163));
#4579 = CARTESIAN_POINT('',(3.218624903456,-22.40160844972,
    -0.174517370828));
#4580 = CARTESIAN_POINT('',(3.208864173608,-22.35381651621,
    -2.39675502256E-02));
#4581 = CARTESIAN_POINT('',(3.202767239561,-22.34180010719,
    4.428375926749E-02));
#4582 = CARTESIAN_POINT('',(3.194928602911,-22.34134199662,
    0.112765274223));
#4583 = CARTESIAN_POINT('',(3.185363874734,-22.354888726,0.180837713345)
  );
#4584 = CARTESIAN_POINT('',(3.174245898877,-22.38510232447,
    0.247573277211));
#4585 = CARTESIAN_POINT('',(3.161943614551,-22.43377023297,
    0.311848076762));
#4586 = CARTESIAN_POINT('',(3.136591366329,-22.56297536317,
    0.430561707903));
#4587 = CARTESIAN_POINT('',(3.123607994677,-22.64199428769,
    0.485233943042));
#4588 = CARTESIAN_POINT('',(3.110532750449,-22.73572307638,
    0.535436258063));
#4589 = CARTESIAN_POINT('',(3.097756327368,-22.84152234445,
    0.581041515633));
#4590 = CARTESIAN_POINT('',(3.085498218661,-22.95643357274,
    0.622362229914));
#4591 = CARTESIAN_POINT('',(3.073819041439,-23.07791931542,0.65985927831
    ));
#4592 = CARTESIAN_POINT('',(3.047048845243,-23.38224454521,
    0.742338269502));
#4593 = CARTESIAN_POINT('',(3.032510038035,-23.56996580848,
    0.784110113893));
#4594 = CARTESIAN_POINT('',(3.018949150997,-23.76360146823,
    0.821241727911));
#4595 = CARTESIAN_POINT('',(3.006107105156,-23.96066979606,
    0.855029096305));
#4596 = CARTESIAN_POINT('',(2.993691576054,-24.15950283731,
    0.886589431085));
#4597 = CARTESIAN_POINT('',(2.981384864684,-24.35924234603,
    0.916886549919));
#4598 = CARTESIAN_POINT('',(2.961764306133,-24.66963363081,
    0.963596160134));
#4599 = CARTESIAN_POINT('',(2.954706441186,-24.77976794181,0.98009695937
    ));
#4600 = CARTESIAN_POINT('',(2.947477926738,-24.88977744189,
    0.996701327774));
#4601 = CARTESIAN_POINT('',(2.940001307774,-24.9994951717,1.013579480618
    ));
#4602 = CARTESIAN_POINT('',(2.932184971685,-25.10870983357,1.03091376338
    ));
#4603 = CARTESIAN_POINT('',(2.923912823542,-25.21714762988,
    1.048914628901));
#4604 = CARTESIAN_POINT('',(2.91062864228,-25.37769507291,1.077224910345
    ));
#4605 = CARTESIAN_POINT('',(2.90609084941,-25.43045024347,1.086803633866
    ));
#4606 = CARTESIAN_POINT('',(2.901407609095,-25.4826372717,1.096593530088
    ));
#4607 = CARTESIAN_POINT('',(2.896564627198,-25.53417023265,1.1066161696)
  );
#4608 = CARTESIAN_POINT('',(2.891546289115,-25.58495961786,1.11689394861
    ));
#4609 = CARTESIAN_POINT('',(2.886335659765,-25.63491233539,
    1.127450088937));
#4610 = CARTESIAN_POINT('',(2.87549461214,-25.73293928681,1.149164573782
    ));
#4611 = CARTESIAN_POINT('',(2.869866448408,-25.78105573595,
    1.160318659715));
#4612 = CARTESIAN_POINT('',(2.864005417058,-25.828124886,1.171806582719)
  );
#4613 = CARTESIAN_POINT('',(2.857889946397,-25.87402525548,
    1.183655785867));
#4614 = CARTESIAN_POINT('',(2.851501468384,-25.91867005267,
    1.195885468409));
#4615 = CARTESIAN_POINT('',(2.844824418628,-25.96200717564,
    1.208506585765));
#4616 = CARTESIAN_POINT('',(2.819121591636,-26.11675064183,
    1.256445871597));
#4617 = CARTESIAN_POINT('',(2.797989722116,-26.22192779711,
    1.294658391475));
#4618 = CARTESIAN_POINT('',(2.774442992289,-26.31848791486,
    1.335722023256));
#4619 = CARTESIAN_POINT('',(2.748536814851,-26.40596022809,
    1.379103471511));
#4620 = CARTESIAN_POINT('',(2.720383413697,-26.4843310374,1.424226293964
    ));
#4621 = CARTESIAN_POINT('',(2.690145586878,-26.55390878254,
    1.470523664175));
#4622 = CARTESIAN_POINT('',(2.583897251623,-26.75664611363,
    1.625908913176));
#4623 = CARTESIAN_POINT('',(2.500132026534,-26.85318611307,
    1.737340755465));
#4624 = CARTESIAN_POINT('',(2.407982971774,-26.91449563346,
    1.847551716242));
#4625 = CARTESIAN_POINT('',(2.308982876986,-26.94969976657,
    1.953682803628));
#4626 = CARTESIAN_POINT('',(2.204615805048,-26.96640023398,
    2.054311536604));
#4627 = CARTESIAN_POINT('',(2.095539165985,-26.96989120044,
    2.149102504474));
#4628 = CARTESIAN_POINT('',(1.897789745731,-26.95962926837,
    2.303464730495));
#4629 = CARTESIAN_POINT('',(1.811779888878,-26.9502698466,2.365439881325
    ));
#4630 = CARTESIAN_POINT('',(1.723474842671,-26.93742461481,
    2.424053028506));
#4631 = CARTESIAN_POINT('',(1.633036680859,-26.92229177646,2.47920570069
    ));
#4632 = CARTESIAN_POINT('',(1.540622753736,-26.90580016992,
    2.530814897677));
#4633 = CARTESIAN_POINT('',(1.446381929509,-26.8886795156,2.578809869517
    ));
#4634 = CARTESIAN_POINT('',(1.169758661483,-26.83922973442,2.70660653426
    ));
#4635 = CARTESIAN_POINT('',(0.9831061962,-26.80682552078,2.777025569442)
  );
#4636 = CARTESIAN_POINT('',(0.791532767615,-26.77827893101,
    2.833924410007));
#4637 = CARTESIAN_POINT('',(0.596173287704,-26.75571348884,
    2.876896274387));
#4638 = CARTESIAN_POINT('',(0.398255782703,-26.74027250206,
    2.905639779399));
#4639 = CARTESIAN_POINT('',(0.199083272592,-26.7325424268,2.92));
#4640 = CARTESIAN_POINT('',(2.220446049252E-15,-26.7325424268,2.92));
#4641 = PCURVE('',#2788,#4642);
#4642 = DEFINITIONAL_REPRESENTATION('',(#4643),#4736);
#4643 = B_SPLINE_CURVE_WITH_KNOTS('',7,(#4644,#4645,#4646,#4647,#4648,
    #4649,#4650,#4651,#4652,#4653,#4654,#4655,#4656,#4657,#4658,#4659,
    #4660,#4661,#4662,#4663,#4664,#4665,#4666,#4667,#4668,#4669,#4670,
    #4671,#4672,#4673,#4674,#4675,#4676,#4677,#4678,#4679,#4680,#4681,
    #4682,#4683,#4684,#4685,#4686,#4687,#4688,#4689,#4690,#4691,#4692,
    #4693,#4694,#4695,#4696,#4697,#4698,#4699,#4700,#4701,#4702,#4703,
    #4704,#4705,#4706,#4707,#4708,#4709,#4710,#4711,#4712,#4713,#4714,
    #4715,#4716,#4717,#4718,#4719,#4720,#4721,#4722,#4723,#4724,#4725,
    #4726,#4727,#4728,#4729,#4730,#4731,#4732,#4733,#4734,#4735),
  .UNSPECIFIED.,.F.,.F.,(8,6,6,6,6,6,6,6,6,6,6,6,6,6,6,8),(0.,
    0.155429115563,0.267199148113,0.346699208558,0.424663109775,
    0.474589733724,0.515392008078,0.55446150739,0.609597221672,
    0.639913115214,0.654954590318,0.669992445406,0.710343712372,
    0.803488919891,0.871637644321,1.),.UNSPECIFIED.);
#4644 = CARTESIAN_POINT('',(3.14159265359,8.857563939736));
#4645 = CARTESIAN_POINT('',(3.060977329831,8.857563939736));
#4646 = CARTESIAN_POINT('',(2.980308143429,8.877999244984));
#4647 = CARTESIAN_POINT('',(2.899690273653,8.919003987341));
#4648 = CARTESIAN_POINT('',(2.819275794528,8.982277595828));
#4649 = CARTESIAN_POINT('',(2.739266005634,9.071244543624));
#4650 = CARTESIAN_POINT('',(2.659877128116,9.18815702199));
#4651 = CARTESIAN_POINT('',(2.524857271205,9.437155598119));
#4652 = CARTESIAN_POINT('',(2.468818096221,9.555750639402));
#4653 = CARTESIAN_POINT('',(2.413324148183,9.688752418842));
#4654 = CARTESIAN_POINT('',(2.358432950132,9.835546269114));
#4655 = CARTESIAN_POINT('',(2.304158276173,9.994950025987));
#4656 = CARTESIAN_POINT('',(2.250474414029,10.165298172908));
#4657 = CARTESIAN_POINT('',(2.159513369923,10.472124951262));
#4658 = CARTESIAN_POINT('',(2.121969322707,10.604197344484));
#4659 = CARTESIAN_POINT('',(2.084659217595,10.74011873819));
#4660 = CARTESIAN_POINT('',(2.047542418273,10.879105054266));
#4661 = CARTESIAN_POINT('',(2.010568343102,11.020303184731));
#4662 = CARTESIAN_POINT('',(1.973673907777,11.162757808675));
#4663 = CARTESIAN_POINT('',(1.900593129899,11.445133424378));
#4664 = CARTESIAN_POINT('',(1.864423871097,11.584976961314));
#4665 = CARTESIAN_POINT('',(1.828174331954,11.723873174201));
#4666 = CARTESIAN_POINT('',(1.791749370165,11.860480561355));
#4667 = CARTESIAN_POINT('',(1.755057596049,11.993181664085));
#4668 = CARTESIAN_POINT('',(1.717988139754,12.119729432109));
#4669 = CARTESIAN_POINT('',(1.656264015378,12.311203604487));
#4670 = CARTESIAN_POINT('',(1.631977637542,12.38179766393));
#4671 = CARTESIAN_POINT('',(1.60741946919,12.447404375465));
#4672 = CARTESIAN_POINT('',(1.582544795313,12.506702286977));
#4673 = CARTESIAN_POINT('',(1.557343971467,12.557869411282));
#4674 = CARTESIAN_POINT('',(1.53183536189,12.598391550278));
#4675 = CARTESIAN_POINT('',(1.484982597352,12.646183483789));
#4676 = CARTESIAN_POINT('',(1.463708375593,12.658199892806));
#4677 = CARTESIAN_POINT('',(1.442312826278,12.658658003376));
#4678 = CARTESIAN_POINT('',(1.420977012625,12.645111273992));
#4679 = CARTESIAN_POINT('',(1.399976146449,12.614897675526));
#4680 = CARTESIAN_POINT('',(1.379657233592,12.566229767022));
#4681 = CARTESIAN_POINT('',(1.341958308756,12.437024636824));
#4682 = CARTESIAN_POINT('',(1.324511761743,12.358005712303));
#4683 = CARTESIAN_POINT('',(1.308406147599,12.26427692362));
#4684 = CARTESIAN_POINT('',(1.293701542202,12.158477655542));
#4685 = CARTESIAN_POINT('',(1.280317992908,12.04356642726));
#4686 = CARTESIAN_POINT('',(1.268122124136,11.922080684572));
#4687 = CARTESIAN_POINT('',(1.241192114216,11.617755454788));
#4688 = CARTESIAN_POINT('',(1.227459236941,11.43003419152));
#4689 = CARTESIAN_POINT('',(1.215184473253,11.236398531764));
#4690 = CARTESIAN_POINT('',(1.203960810268,11.039330203936));
#4691 = CARTESIAN_POINT('',(1.193429312829,10.840497162689));
#4692 = CARTESIAN_POINT('',(1.183274373914,10.640757653963));
#4693 = CARTESIAN_POINT('',(1.167540478739,10.330366369189));
#4694 = CARTESIAN_POINT('',(1.16196704396,10.220232058187));
#4695 = CARTESIAN_POINT('',(1.156343129313,10.11022255811));
#4696 = CARTESIAN_POINT('',(1.150610424338,10.000504828298));
#4697 = CARTESIAN_POINT('',(1.144705366501,9.891290166428));
#4698 = CARTESIAN_POINT('',(1.138553198767,9.782852370111));
#4699 = CARTESIAN_POINT('',(1.12884138003,9.622304927083));
#4700 = CARTESIAN_POINT('',(1.12554971528,9.569549756524));
#4701 = CARTESIAN_POINT('',(1.122179441859,9.517362728292));
#4702 = CARTESIAN_POINT('',(1.118722543002,9.465829767347));
#4703 = CARTESIAN_POINT('',(1.115170576247,9.415040382139));
#4704 = CARTESIAN_POINT('',(1.111514673433,9.365087664606));
#4705 = CARTESIAN_POINT('',(1.103977315081,9.267060713185));
#4706 = CARTESIAN_POINT('',(1.100097347394,9.218944264045));
#4707 = CARTESIAN_POINT('',(1.096092237844,9.171875113998));
#4708 = CARTESIAN_POINT('',(1.091951254512,9.125974744519));
#4709 = CARTESIAN_POINT('',(1.087666333349,9.081329947321));
#4710 = CARTESIAN_POINT('',(1.083232078183,9.037992824354));
#4711 = CARTESIAN_POINT('',(1.066339236979,8.883249358169));
#4712 = CARTESIAN_POINT('',(1.052779282077,8.778072202886));
#4713 = CARTESIAN_POINT('',(1.038081890344,8.681512085132));
#4714 = CARTESIAN_POINT('',(1.022394753578,8.59403977191));
#4715 = CARTESIAN_POINT('',(1.005882809002,8.515668962592));
#4716 = CARTESIAN_POINT('',(0.98871378724,8.44609121746));
#4717 = CARTESIAN_POINT('',(0.930254995747,8.243353886367));
#4718 = CARTESIAN_POINT('',(0.887005025313,8.146813886927));
#4719 = CARTESIAN_POINT('',(0.842488363854,8.085504366536));
#4720 = CARTESIAN_POINT('',(0.797532122758,8.050300233421));
#4721 = CARTESIAN_POINT('',(0.752603508246,8.033599766017));
#4722 = CARTESIAN_POINT('',(0.707787025558,8.030108799555));
#4723 = CARTESIAN_POINT('',(0.62987908501,8.040370731622));
#4724 = CARTESIAN_POINT('',(0.596980316636,8.049730153394));
#4725 = CARTESIAN_POINT('',(0.564103766607,8.062575385187));
#4726 = CARTESIAN_POINT('',(0.531250140337,8.077708223532));
#4727 = CARTESIAN_POINT('',(0.498416590855,8.094199830075));
#4728 = CARTESIAN_POINT('',(0.465596358358,8.111320484394));
#4729 = CARTESIAN_POINT('',(0.37096376503,8.160770265579));
#4730 = CARTESIAN_POINT('',(0.309169575755,8.193174479215));
#4731 = CARTESIAN_POINT('',(0.247363306119,8.221721068983));
#4732 = CARTESIAN_POINT('',(0.185532959422,8.244286511159));
#4733 = CARTESIAN_POINT('',(0.123681939716,8.259727497933));
#4734 = CARTESIAN_POINT('',(6.182710328941E-02,8.267457573196));
#4735 = CARTESIAN_POINT('',(0.,8.267457573196));
#4736 = ( GEOMETRIC_REPRESENTATION_CONTEXT(2) 
PARAMETRIC_REPRESENTATION_CONTEXT() REPRESENTATION_CONTEXT('2D SPACE',''
  ) );
#4737 = PCURVE('',#4738,#4791);
#4738 = ( BOUNDED_SURFACE() B_SPLINE_SURFACE(3,7,(
    (#4739,#4740,#4741,#4742,#4743,#4744,#4745,#4746,#4747,#4748,#4749
      ,#4750,#4751)
    ,(#4752,#4753,#4754,#4755,#4756,#4757,#4758,#4759,#4760,#4761,#4762
      ,#4763,#4764)
    ,(#4765,#4766,#4767,#4768,#4769,#4770,#4771,#4772,#4773,#4774,#4775
      ,#4776,#4777)
    ,(#4778,#4779,#4780,#4781,#4782,#4783,#4784,#4785,#4786,#4787,#4788
      ,#4789,#4790
)),.UNSPECIFIED.,.F.,.F.,.F.) B_SPLINE_SURFACE_WITH_KNOTS((4,4),(8,5,8),
  (3.,4.),(0.,0.572316345514,1.),.UNSPECIFIED.) 
GEOMETRIC_REPRESENTATION_ITEM() RATIONAL_B_SPLINE_SURFACE((
    (1.,0.999999999999,1.000000000006,0.99999999998,1.000000000034
      ,0.999999999978,1.000000000013,0.999999999992,1.000000000011
      ,0.999999999992,1.000000000003,1.,1.)
    ,(1.,0.999999999999,1.000000000006,0.99999999998,1.000000000034
      ,0.999999999978,1.000000000013,0.999999999992,1.000000000011
      ,0.999999999992,1.000000000003,1.,1.)
    ,(1.,0.999999999999,1.000000000006,0.99999999998,1.000000000034
      ,0.999999999978,1.000000000013,0.999999999992,1.000000000011
      ,0.999999999992,1.000000000003,1.,1.)
    ,(1.,0.999999999999,1.000000000006,0.99999999998,1.000000000034
      ,0.999999999978,1.000000000013,0.999999999992,1.000000000011
,0.999999999992,1.000000000003,1.,1.
  ))) REPRESENTATION_ITEM('') SURFACE() );
#4739 = CARTESIAN_POINT('',(15.918,-21.956,-10.5));
#4740 = CARTESIAN_POINT('',(15.439064119478,-21.158423684,
    -8.628241502707));
#4741 = CARTESIAN_POINT('',(19.847087659012,-28.64053484066,
    -8.733290855657));
#4742 = CARTESIAN_POINT('',(7.05293200111,-5.316636773755,
    -1.056708587136));
#4743 = CARTESIAN_POINT('',(30.554384416398,-49.30522596563,
    -10.82247277985));
#4744 = CARTESIAN_POINT('',(8.657891172698,-7.338611237469,
    2.067695186229));
#4745 = CARTESIAN_POINT('',(19.165575275398,-28.55785012219,
    -1.342188414743));
#4746 = CARTESIAN_POINT('',(17.170191375703,-22.93858155634,
    4.51492883963));
#4747 = CARTESIAN_POINT('',(14.025528249214,-20.01098123742,
    4.188245497625));
#4748 = CARTESIAN_POINT('',(18.238025121474,-24.85122071318,
    6.661938916007));
#4749 = CARTESIAN_POINT('',(16.077496538183,-22.39728096344,
    7.392451929016));
#4750 = CARTESIAN_POINT('',(16.277544062019,-22.64424965019,
    8.74983766954));
#4751 = CARTESIAN_POINT('',(16.275,-22.638,10.));
#4752 = CARTESIAN_POINT('',(13.8335,-24.82525,-10.5));
#4753 = CARTESIAN_POINT('',(13.41728191337,-23.92344496092,
    -8.628241502707));
#4754 = CARTESIAN_POINT('',(17.24806427499,-32.38333200707,
    -8.733290855657));
#4755 = CARTESIAN_POINT('',(6.129333763227,-6.01142453487,
    -1.056708587136));
#4756 = CARTESIAN_POINT('',(26.553215027949,-55.74852253918,
    -10.82247277985));
#4757 = CARTESIAN_POINT('',(7.52411970996,-8.297634297851,2.067695186229
    ));
#4758 = CARTESIAN_POINT('',(16.655797560623,-32.28984189904,
    -1.342188414743));
#4759 = CARTESIAN_POINT('',(14.921713933657,-25.93623710083,
    4.51492883963));
#4760 = CARTESIAN_POINT('',(12.188851930908,-22.6260526489,
    4.188245497625));
#4761 = CARTESIAN_POINT('',(15.849712307906,-28.09882342016,
    6.661938916007));
#4762 = CARTESIAN_POINT('',(13.97211008677,-25.32419836202,
    7.392451929016));
#4763 = CARTESIAN_POINT('',(14.145960911037,-25.60344136584,
    8.74983766954));
#4764 = CARTESIAN_POINT('',(14.14375,-25.596375,10.));
#4765 = CARTESIAN_POINT('',(5.685,-24.95,-10.5));
#4766 = CARTESIAN_POINT('',(5.513951471235,-24.04366327729,
    -8.628241502707));
#4767 = CARTESIAN_POINT('',(7.088245592556,-32.54606231877,
    -8.733290855657));
#4768 = CARTESIAN_POINT('',(2.518904285931,-6.041632698024,
    -1.056708587136));
#4769 = CARTESIAN_POINT('',(10.912280149005,-56.02866586908,
    -10.82247277985));
#4770 = CARTESIAN_POINT('',(3.092103990082,-8.339330952262,
    2.067695186229));
#4771 = CARTESIAN_POINT('',(6.844848312684,-32.45210241129,
    -1.342188414743));
#4772 = CARTESIAN_POINT('',(6.132211205639,-26.0665699505,4.51492883963)
  );
#4773 = CARTESIAN_POINT('',(5.009117231769,-22.73975140605,
    4.188245497625));
#4774 = CARTESIAN_POINT('',(6.513580400598,-28.24002353777,
    6.661938916007));
#4775 = CARTESIAN_POINT('',(5.741963049326,-25.45145564025,
    7.392451929016));
#4776 = CARTESIAN_POINT('',(5.813408593582,-25.73210187521,8.74983766954
    ));
#4777 = CARTESIAN_POINT('',(5.8125,-25.725,10.));
#4778 = CARTESIAN_POINT('',(0.,-24.95,-10.5));
#4779 = CARTESIAN_POINT('',(0.,-24.04366327729,-8.628241502707));
#4780 = CARTESIAN_POINT('',(0.,-32.54606231877,-8.733290855657));
#4781 = CARTESIAN_POINT('',(0.,-6.041632698024,-1.056708587136));
#4782 = CARTESIAN_POINT('',(0.,-56.02866586908,-10.82247277985));
#4783 = CARTESIAN_POINT('',(0.,-8.339330952262,2.067695186229));
#4784 = CARTESIAN_POINT('',(0.,-32.45210241129,-1.342188414743));
#4785 = CARTESIAN_POINT('',(0.,-26.0665699505,4.51492883963));
#4786 = CARTESIAN_POINT('',(0.,-22.73975140605,4.188245497625));
#4787 = CARTESIAN_POINT('',(0.,-28.24002353777,6.661938916007));
#4788 = CARTESIAN_POINT('',(0.,-25.45145564025,7.392451929016));
#4789 = CARTESIAN_POINT('',(0.,-25.73210187521,8.74983766954));
#4790 = CARTESIAN_POINT('',(0.,-25.725,10.));
#4791 = DEFINITIONAL_REPRESENTATION('',(#4792),#4885);
#4792 = B_SPLINE_CURVE_WITH_KNOTS('',7,(#4793,#4794,#4795,#4796,#4797,
    #4798,#4799,#4800,#4801,#4802,#4803,#4804,#4805,#4806,#4807,#4808,
    #4809,#4810,#4811,#4812,#4813,#4814,#4815,#4816,#4817,#4818,#4819,
    #4820,#4821,#4822,#4823,#4824,#4825,#4826,#4827,#4828,#4829,#4830,
    #4831,#4832,#4833,#4834,#4835,#4836,#4837,#4838,#4839,#4840,#4841,
    #4842,#4843,#4844,#4845,#4846,#4847,#4848,#4849,#4850,#4851,#4852,
    #4853,#4854,#4855,#4856,#4857,#4858,#4859,#4860,#4861,#4862,#4863,
    #4864,#4865,#4866,#4867,#4868,#4869,#4870,#4871,#4872,#4873,#4874,
    #4875,#4876,#4877,#4878,#4879,#4880,#4881,#4882,#4883,#4884),
  .UNSPECIFIED.,.F.,.F.,(8,6,6,6,6,6,6,6,6,6,6,6,6,6,6,8),(0.,
    0.155429115563,0.267199148113,0.346699208558,0.424663109775,
    0.474589733724,0.515392008078,0.55446150739,0.609597221672,
    0.639913115214,0.654954590318,0.669992445406,0.710343712372,
    0.803488919891,0.871637644321,1.),.UNSPECIFIED.);
#4793 = CARTESIAN_POINT('',(4.,0.34650649385));
#4794 = CARTESIAN_POINT('',(3.985473539851,0.34650649385));
#4795 = CARTESIAN_POINT('',(3.971150767094,0.347463462583));
#4796 = CARTESIAN_POINT('',(3.957146105908,0.349379445151));
#4797 = CARTESIAN_POINT('',(3.943576205051,0.352212834697));
#4798 = CARTESIAN_POINT('',(3.930545219414,0.355867184796));
#4799 = CARTESIAN_POINT('',(3.91813362116,0.360223996728));
#4800 = CARTESIAN_POINT('',(3.89797670626,0.368718441299));
#4801 = CARTESIAN_POINT('',(3.889900133682,0.372573805488));
#4802 = CARTESIAN_POINT('',(3.882206595434,0.376685863831));
#4803 = CARTESIAN_POINT('',(3.874911772993,0.381011965236));
#4804 = CARTESIAN_POINT('',(3.868023823292,0.385518235565));
#4805 = CARTESIAN_POINT('',(3.861547818102,0.390182306526));
#4806 = CARTESIAN_POINT('',(3.851181020995,0.398414366973));
#4807 = CARTESIAN_POINT('',(3.847083103419,0.401910494863));
#4808 = CARTESIAN_POINT('',(3.843197553572,0.405477787261));
#4809 = CARTESIAN_POINT('',(3.839526154477,0.409116260614));
#4810 = CARTESIAN_POINT('',(3.836071703405,0.412829146303));
#4811 = CARTESIAN_POINT('',(3.832838996761,0.416623703362));
#4812 = CARTESIAN_POINT('',(3.826891364438,0.424327166819));
#4813 = CARTESIAN_POINT('',(3.824169112869,0.428230737693));
#4814 = CARTESIAN_POINT('',(3.821674911008,0.432237408607));
#4815 = CARTESIAN_POINT('',(3.819420862829,0.436366025997));
#4816 = CARTESIAN_POINT('',(3.817423992851,0.440638353645));
#4817 = CARTESIAN_POINT('',(3.815708901561,0.445085917106));
#4818 = CARTESIAN_POINT('',(3.813421982979,0.452762933862));
#4819 = CARTESIAN_POINT('',(3.812662314039,0.455850488041));
#4820 = CARTESIAN_POINT('',(3.812044023344,0.459047515383));
#4821 = CARTESIAN_POINT('',(3.811581274717,0.46237238392));
#4822 = CARTESIAN_POINT('',(3.811292457585,0.465842866206));
#4823 = CARTESIAN_POINT('',(3.811199398966,0.469479049927));
#4824 = CARTESIAN_POINT('',(3.811432114716,0.476439382262));
#4825 = CARTESIAN_POINT('',(3.811684605895,0.479702203773));
#4826 = CARTESIAN_POINT('',(3.812098845497,0.483104298384));
#4827 = CARTESIAN_POINT('',(3.81268807869,0.486640092722));
#4828 = CARTESIAN_POINT('',(3.813456673517,0.490291155235));
#4829 = CARTESIAN_POINT('',(3.814391769103,0.494018889072));
#4830 = CARTESIAN_POINT('',(3.816472649435,0.501323785921));
#4831 = CARTESIAN_POINT('',(3.817606722378,0.504896397447));
#4832 = CARTESIAN_POINT('',(3.818821434967,0.508400972167));
#4833 = CARTESIAN_POINT('',(3.820078096493,0.511800518733));
#4834 = CARTESIAN_POINT('',(3.8213468657,0.515077079174));
#4835 = CARTESIAN_POINT('',(3.822610282105,0.518225306314));
#4836 = CARTESIAN_POINT('',(3.825619658318,0.52552100009));
#4837 = CARTESIAN_POINT('',(3.827352493118,0.529551683139));
#4838 = CARTESIAN_POINT('',(3.82904442117,0.533393216496));
#4839 = CARTESIAN_POINT('',(3.830697126628,0.537081135921));
#4840 = CARTESIAN_POINT('',(3.832318733125,0.540650448477));
#4841 = CARTESIAN_POINT('',(3.833922725715,0.544136459665));
#4842 = CARTESIAN_POINT('',(3.836417048692,0.549478281024));
#4843 = CARTESIAN_POINT('',(3.83730240814,0.551359001362));
#4844 = CARTESIAN_POINT('',(3.838191523977,0.553231400981));
#4845 = CARTESIAN_POINT('',(3.839087777931,0.555100960736));
#4846 = CARTESIAN_POINT('',(3.839995084494,0.556973019278));
#4847 = CARTESIAN_POINT('',(3.840918356461,0.558853241077));
#4848 = CARTESIAN_POINT('',(3.842333144508,0.561688226258));
#4849 = CARTESIAN_POINT('',(3.842806006037,0.562628315413));
#4850 = CARTESIAN_POINT('',(3.843282888023,0.563568346581));
#4851 = CARTESIAN_POINT('',(3.843764181851,0.564508312968));
#4852 = CARTESIAN_POINT('',(3.844250337333,0.565448206312));
#4853 = CARTESIAN_POINT('',(3.844741862713,0.56638801688));
#4854 = CARTESIAN_POINT('',(3.8457366669,0.568267223902));
#4855 = CARTESIAN_POINT('',(3.846239993148,0.569206967117));
#4856 = CARTESIAN_POINT('',(3.84674997578,0.570146655186));
#4857 = CARTESIAN_POINT('',(3.847267262761,0.57108611675));
#4858 = CARTESIAN_POINT('',(3.84779247766,0.572025317022));
#4859 = CARTESIAN_POINT('',(3.848326219642,0.572964357789));
#4860 = CARTESIAN_POINT('',(3.850325683208,0.576423428974));
#4861 = CARTESIAN_POINT('',(3.851868590325,0.57898259738));
#4862 = CARTESIAN_POINT('',(3.853492437639,0.581561045598));
#4863 = CARTESIAN_POINT('',(3.855191772745,0.584140911282));
#4864 = CARTESIAN_POINT('',(3.856960720387,0.586706312894));
#4865 = CARTESIAN_POINT('',(3.858792664834,0.589243255833));
#4866 = CARTESIAN_POINT('',(3.865036422828,0.597501855052));
#4867 = CARTESIAN_POINT('',(3.869665857074,0.603018565112));
#4868 = CARTESIAN_POINT('',(3.874554796808,0.608256816101));
#4869 = CARTESIAN_POINT('',(3.879678797775,0.613185929254));
#4870 = CARTESIAN_POINT('',(3.885007525199,0.617797076676));
#4871 = CARTESIAN_POINT('',(3.890538371144,0.622106682125));
#4872 = CARTESIAN_POINT('',(3.900544106953,0.629094072808));
#4873 = CARTESIAN_POINT('',(3.90488973583,0.631889457176));
#4874 = CARTESIAN_POINT('',(3.909354712551,0.634529765306));
#4875 = CARTESIAN_POINT('',(3.913938373297,0.637014439396));
#4876 = CARTESIAN_POINT('',(3.918638669316,0.639341390755));
#4877 = CARTESIAN_POINT('',(3.923452714598,0.641507826981));
#4878 = CARTESIAN_POINT('',(3.937653159229,0.64728432898));
#4879 = CARTESIAN_POINT('',(3.947319385689,0.650477739683));
#4880 = CARTESIAN_POINT('',(3.957347952347,0.65306977763));
#4881 = CARTESIAN_POINT('',(3.967693315343,0.655034124986));
#4882 = CARTESIAN_POINT('',(3.97829691543,0.656350040916));
#4883 = CARTESIAN_POINT('',(3.989090742967,0.657007565364));
#4884 = CARTESIAN_POINT('',(4.,0.657007565364));
#4885 = ( GEOMETRIC_REPRESENTATION_CONTEXT(2) 
PARAMETRIC_REPRESENTATION_CONTEXT() REPRESENTATION_CONTEXT('2D SPACE',''
  ) );
#4886 = ORIENTED_EDGE('',*,*,#4887,.F.);
#4887 = EDGE_CURVE('',#2677,#4545,#4888,.T.);
#4888 = SEAM_CURVE('',#4889,(#4893,#4899),.PCURVE_S1.);
#4889 = LINE('',#4890,#4891);
#4890 = CARTESIAN_POINT('',(-7.886725386509E-16,-35.,2.92));
#4891 = VECTOR('',#4892,1.);
#4892 = DIRECTION('',(0.,1.,0.));
#4893 = PCURVE('',#2788,#4894);
#4894 = DEFINITIONAL_REPRESENTATION('',(#4895),#4898);
#4895 = B_SPLINE_CURVE_WITH_KNOTS('',1,(#4896,#4897),.UNSPECIFIED.,.F.,
  .F.,(2,2),(6.160705137854,8.267457573197),.PIECEWISE_BEZIER_KNOTS.);
#4896 = CARTESIAN_POINT('',(6.28318530718,6.160705137854));
#4897 = CARTESIAN_POINT('',(6.28318530718,8.267457573197));
#4898 = ( GEOMETRIC_REPRESENTATION_CONTEXT(2) 
PARAMETRIC_REPRESENTATION_CONTEXT() REPRESENTATION_CONTEXT('2D SPACE',''
  ) );
#4899 = PCURVE('',#2788,#4900);
#4900 = DEFINITIONAL_REPRESENTATION('',(#4901),#4904);
#4901 = B_SPLINE_CURVE_WITH_KNOTS('',1,(#4902,#4903),.UNSPECIFIED.,.F.,
  .F.,(2,2),(6.160705137854,8.267457573197),.PIECEWISE_BEZIER_KNOTS.);
#4902 = CARTESIAN_POINT('',(0.,6.160705137854));
#4903 = CARTESIAN_POINT('',(0.,8.267457573197));
#4904 = ( GEOMETRIC_REPRESENTATION_CONTEXT(2) 
PARAMETRIC_REPRESENTATION_CONTEXT() REPRESENTATION_CONTEXT('2D SPACE',''
  ) );
#4905 = ORIENTED_EDGE('',*,*,#2676,.F.);
#4906 = ORIENTED_EDGE('',*,*,#3258,.F.);
#4907 = ORIENTED_EDGE('',*,*,#4887,.T.);
#4908 = ORIENTED_EDGE('',*,*,#4909,.T.);
#4909 = EDGE_CURVE('',#4545,#4543,#4910,.T.);
#4910 = SURFACE_CURVE('',#4911,(#5012,#5116),.PCURVE_S1.);
#4911 = B_SPLINE_CURVE_WITH_KNOTS('',8,(#4912,#4913,#4914,#4915,#4916,
    #4917,#4918,#4919,#4920,#4921,#4922,#4923,#4924,#4925,#4926,#4927,
    #4928,#4929,#4930,#4931,#4932,#4933,#4934,#4935,#4936,#4937,#4938,
    #4939,#4940,#4941,#4942,#4943,#4944,#4945,#4946,#4947,#4948,#4949,
    #4950,#4951,#4952,#4953,#4954,#4955,#4956,#4957,#4958,#4959,#4960,
    #4961,#4962,#4963,#4964,#4965,#4966,#4967,#4968,#4969,#4970,#4971,
    #4972,#4973,#4974,#4975,#4976,#4977,#4978,#4979,#4980,#4981,#4982,
    #4983,#4984,#4985,#4986,#4987,#4988,#4989,#4990,#4991,#4992,#4993,
    #4994,#4995,#4996,#4997,#4998,#4999,#5000,#5001,#5002,#5003,#5004,
    #5005,#5006,#5007,#5008,#5009,#5010,#5011),.UNSPECIFIED.,.F.,.F.,(9,
    7,7,7,7,7,7,7,7,7,7,7,7,7,9),(0.,0.120981258065,0.214231783835,
    0.278935894357,0.301242335736,0.326152972541,0.379302782177,
    0.431237993677,0.469724645419,0.510013660925,0.562141228148,
    0.636051486905,0.723297815744,0.839127965691,1.),.UNSPECIFIED.);
#4912 = CARTESIAN_POINT('',(-4.440892098501E-15,-26.7325424268,2.92));
#4913 = CARTESIAN_POINT('',(-0.174121321401,-26.7325424268,2.92));
#4914 = CARTESIAN_POINT('',(-0.348309476629,-26.73833489059,
    2.909239297546));
#4915 = CARTESIAN_POINT('',(-0.52172544446,-26.74990784828,2.88770350308
    ));
#4916 = CARTESIAN_POINT('',(-0.693550774513,-26.76696619529,
    2.855467060467));
#4917 = CARTESIAN_POINT('',(-0.863000221261,-26.78893558604,
    2.812681445616));
#4918 = CARTESIAN_POINT('',(-1.029330472926,-26.81485816905,
    2.759560997659));
#4919 = CARTESIAN_POINT('',(-1.191844975253,-26.84318016362,
    2.696366382706));
#4920 = CARTESIAN_POINT('',(-1.471717305734,-26.89320680995,
    2.567133275048));
#4921 = CARTESIAN_POINT('',(-1.590791077786,-26.91492427475,
    2.505111264643));
#4922 = CARTESIAN_POINT('',(-1.70694592163,-26.93546349452,
    2.437412343685));
#4923 = CARTESIAN_POINT('',(-1.819933760744,-26.95340157144,
    2.364143777871));
#4924 = CARTESIAN_POINT('',(-1.929437476339,-26.96681173523,
    2.28545906234));
#4925 = CARTESIAN_POINT('',(-2.035090409776,-26.97321607317,
    2.201585059538));
#4926 = CARTESIAN_POINT('',(-2.136503245555,-26.96939010145,
    2.112842008645));
#4927 = CARTESIAN_POINT('',(-2.300456179583,-26.93776045313,
    1.954992910573));
#4928 = CARTESIAN_POINT('',(-2.365250466569,-26.91768373999,
    1.888327161819));
#4929 = CARTESIAN_POINT('',(-2.427648967717,-26.88896748334,
    1.819741355945));
#4930 = CARTESIAN_POINT('',(-2.487407539297,-26.84979724374,
    1.749508259152));
#4931 = CARTESIAN_POINT('',(-2.544142907012,-26.79803498002,
    1.678160978426));
#4932 = CARTESIAN_POINT('',(-2.597406255687,-26.73134348651,
    1.606525164238));
#4933 = CARTESIAN_POINT('',(-2.646754231278,-26.64746394416,
    1.535711027836));
#4934 = CARTESIAN_POINT('',(-2.70735265776,-26.50920077876,
    1.443399833782));
#4935 = CARTESIAN_POINT('',(-2.722269767764,-26.47175298165,
    1.42015799459));
#4936 = CARTESIAN_POINT('',(-2.736579700516,-26.43225537202,
    1.397367088287));
#4937 = CARTESIAN_POINT('',(-2.750292640286,-26.39066045564,
    1.375056023599));
#4938 = CARTESIAN_POINT('',(-2.763417940331,-26.3469210661,
    1.353255185257));
#4939 = CARTESIAN_POINT('',(-2.775964122887,-26.30099036477,
    1.331996433997));
#4940 = CARTESIAN_POINT('',(-2.787938879179,-26.25282184082,
    1.311313106562));
#4941 = CARTESIAN_POINT('',(-2.81209135762,-26.14602663336,
    1.268823464912));
#4942 = CARTESIAN_POINT('',(-2.824122827523,-26.08696931589,
    1.247177564747));
#4943 = CARTESIAN_POINT('',(-2.835306259326,-26.02507400549,
    1.226627999629));
#4944 = CARTESIAN_POINT('',(-2.845964538838,-25.96141477271,
    1.206635356734));
#4945 = CARTESIAN_POINT('',(-2.855512508115,-25.89458434525,
    1.18838539293));
#4946 = CARTESIAN_POINT('',(-2.864548323985,-25.82594997648,
    1.170839315007));
#4947 = CARTESIAN_POINT('',(-2.87295246604,-25.75587809738,1.15425444899
    ));
#4948 = CARTESIAN_POINT('',(-2.897674058183,-25.53248951455,
    1.10474368068));
#4949 = CARTESIAN_POINT('',(-2.912136351167,-25.37502481489,
    1.074652341829));
#4950 = CARTESIAN_POINT('',(-2.925040897552,-25.21428181414,
    1.046998679666));
#4951 = CARTESIAN_POINT('',(-2.93684603186,-25.05159094829,
    1.021019370058));
#4952 = CARTESIAN_POINT('',(-2.947889980493,-24.88789087865,
    0.996095941218));
#4953 = CARTESIAN_POINT('',(-2.958451465678,-24.72382019544,
    0.971677185539));
#4954 = CARTESIAN_POINT('',(-2.968751098096,-24.55973093327,
    0.947255802343));
#4955 = CARTESIAN_POINT('',(-2.989029919113,-24.23564955705,
    0.897830235465));
#4956 = CARTESIAN_POINT('',(-2.99897896004,-24.07615600488,
    0.872928856531));
#4957 = CARTESIAN_POINT('',(-3.009055454996,-23.91751622875,
    0.84703193381));
#4958 = CARTESIAN_POINT('',(-3.019419286065,-23.76017160043,
    0.819631351125));
#4959 = CARTESIAN_POINT('',(-3.03021129669,-23.60486476311,
    0.790193119657));
#4960 = CARTESIAN_POINT('',(-3.041558924775,-23.45268336021,
    0.758114720973));
#4961 = CARTESIAN_POINT('',(-3.053565759761,-23.3051080477,
    0.722678861523));
#4962 = CARTESIAN_POINT('',(-3.075710649725,-23.0595445118,
    0.653602266298));
#4963 = CARTESIAN_POINT('',(-3.085534851951,-22.95853916019,
    0.621851752115));
#4964 = CARTESIAN_POINT('',(-3.095750294492,-22.8621351198,
    0.587467587135));
#4965 = CARTESIAN_POINT('',(-3.106319787774,-22.77169797757,
    0.55020116203));
#4966 = CARTESIAN_POINT('',(-3.117147310392,-22.68877183786,
    0.509869774229));
#4967 = CARTESIAN_POINT('',(-3.128066815283,-22.61489037089,
    0.466426863377));
#4968 = CARTESIAN_POINT('',(-3.138848820239,-22.55129959428,
    0.420072475061));
#4969 = CARTESIAN_POINT('',(-3.160086660672,-22.44341685645,
    0.320456240834));
#4970 = CARTESIAN_POINT('',(-3.170498630671,-22.40020098439,
    0.267001275866));
#4971 = CARTESIAN_POINT('',(-3.180164562079,-22.36956495713,
    0.211688836878));
#4972 = CARTESIAN_POINT('',(-3.188858713002,-22.35089042295,
    0.155150064985));
#4973 = CARTESIAN_POINT('',(-3.196435812584,-22.3429452505,
    9.795026245337E-02));
#4974 = CARTESIAN_POINT('',(-3.202826914171,-22.34432252141,
    4.055311954882E-02));
#4975 = CARTESIAN_POINT('',(-3.208021019365,-22.35369375779,
    -1.670363076191E-02));
#4976 = CARTESIAN_POINT('',(-3.217222654803,-22.39081412578,
    -0.147263306531));
#4977 = CARTESIAN_POINT('',(-3.220437946063,-22.42317215086,
    -0.220397513671));
#4978 = CARTESIAN_POINT('',(-3.221726363176,-22.4645302506,
    -0.29286880782));
#4979 = CARTESIAN_POINT('',(-3.221154561167,-22.51304260399,
    -0.364557545278));
#4980 = CARTESIAN_POINT('',(-3.218798423138,-22.56729054944,
    -0.435397045436));
#4981 = CARTESIAN_POINT('',(-3.214731531535,-22.62618261484,
    -0.505384901243));
#4982 = CARTESIAN_POINT('',(-3.209011521206,-22.68890180673,
    -0.574587937211));
#4983 = CARTESIAN_POINT('',(-3.191246909471,-22.8484774251,
    -0.740340074444));
#4984 = CARTESIAN_POINT('',(-3.177580619552,-22.94844271254,
    -0.836028560601));
#4985 = CARTESIAN_POINT('',(-3.160787891979,-23.05295940322,
    -0.930365183922));
#4986 = CARTESIAN_POINT('',(-3.140952987273,-23.16072594053,
    -1.023435697062));
#4987 = CARTESIAN_POINT('',(-3.118134471697,-23.27076393604,
    -1.11529197422));
#4988 = CARTESIAN_POINT('',(-3.092371173197,-23.38228230438,
    -1.205976213133));
#4989 = CARTESIAN_POINT('',(-3.063681600584,-23.49461742595,
    -1.295530059668));
#4990 = CARTESIAN_POINT('',(-2.994725804063,-23.74020409831,
    -1.48840836385));
#4991 = CARTESIAN_POINT('',(-2.95332104755,-23.8735112565,
    -1.591258314329));
#4992 = CARTESIAN_POINT('',(-2.907850576567,-24.00624311532,
    -1.692557974977));
#4993 = CARTESIAN_POINT('',(-2.858303708997,-24.1376154996,
    -1.792275320546));
#4994 = CARTESIAN_POINT('',(-2.804660004721,-24.26693366013,
    -1.890336698289));
#4995 = CARTESIAN_POINT('',(-2.746897670182,-24.39356042628,
    -1.986633380351));
#4996 = CARTESIAN_POINT('',(-2.685001423264,-24.51690660675,
    -2.081024802309));
#4997 = CARTESIAN_POINT('',(-2.531304803918,-24.79514363757,
    -2.295896172261));
#4998 = CARTESIAN_POINT('',(-2.436338043046,-24.94714979519,
    -2.41480968331));
#4999 = CARTESIAN_POINT('',(-2.334091356118,-25.09117645229,
    -2.529636899965));
#5000 = CARTESIAN_POINT('',(-2.224635124346,-25.22610541524,
    -2.639856339231));
#5001 = CARTESIAN_POINT('',(-2.108126246164,-25.35104387194,
    -2.744874989983));
#5002 = CARTESIAN_POINT('',(-1.984839522493,-25.46536605402,
    -2.844050189868));
#5003 = CARTESIAN_POINT('',(-1.855192470955,-25.56873864514,
    -2.936725545237));
#5004 = CARTESIAN_POINT('',(-1.531671582959,-25.78944864008,
    -3.14110542323));
#5005 = CARTESIAN_POINT('',(-1.332431891512,-25.89657847188,
    -3.246192067162));
#5006 = CARTESIAN_POINT('',(-1.123497747685,-25.98247705668,
    -3.335942215978));
#5007 = CARTESIAN_POINT('',(-0.906615070181,-26.04827015085,
    -3.409010985228));
#5008 = CARTESIAN_POINT('',(-0.683762226638,-26.09583905666,
    -3.464396275199));
#5009 = CARTESIAN_POINT('',(-0.457020188663,-26.12693236366,
    -3.501477541114));
#5010 = CARTESIAN_POINT('',(-0.228443187613,-26.14243606026,-3.52));
#5011 = CARTESIAN_POINT('',(-2.22044604925E-14,-26.14243606026,-3.52));
#5012 = PCURVE('',#2788,#5013);
#5013 = DEFINITIONAL_REPRESENTATION('',(#5014),#5115);
#5014 = B_SPLINE_CURVE_WITH_KNOTS('',8,(#5015,#5016,#5017,#5018,#5019,
    #5020,#5021,#5022,#5023,#5024,#5025,#5026,#5027,#5028,#5029,#5030,
    #5031,#5032,#5033,#5034,#5035,#5036,#5037,#5038,#5039,#5040,#5041,
    #5042,#5043,#5044,#5045,#5046,#5047,#5048,#5049,#5050,#5051,#5052,
    #5053,#5054,#5055,#5056,#5057,#5058,#5059,#5060,#5061,#5062,#5063,
    #5064,#5065,#5066,#5067,#5068,#5069,#5070,#5071,#5072,#5073,#5074,
    #5075,#5076,#5077,#5078,#5079,#5080,#5081,#5082,#5083,#5084,#5085,
    #5086,#5087,#5088,#5089,#5090,#5091,#5092,#5093,#5094,#5095,#5096,
    #5097,#5098,#5099,#5100,#5101,#5102,#5103,#5104,#5105,#5106,#5107,
    #5108,#5109,#5110,#5111,#5112,#5113,#5114),.UNSPECIFIED.,.F.,.F.,(9,
    7,7,7,7,7,7,7,7,7,7,7,7,7,9),(0.,0.120981258065,0.214231783835,
    0.278935894357,0.301242335736,0.326152972541,0.379302782177,
    0.431237993677,0.469724645419,0.510013660925,0.562141228148,
    0.636051486905,0.723297815744,0.839127965691,1.),.UNSPECIFIED.);
#5015 = CARTESIAN_POINT('',(6.28318530718,8.267457573196));
#5016 = CARTESIAN_POINT('',(6.229110362645,8.267457573196));
#5017 = CARTESIAN_POINT('',(6.175014647654,8.261665109402));
#5018 = CARTESIAN_POINT('',(6.120917847223,8.250092151715));
#5019 = CARTESIAN_POINT('',(6.066832315141,8.233033804704));
#5020 = CARTESIAN_POINT('',(6.012763537035,8.211064413958));
#5021 = CARTESIAN_POINT('',(5.958709800816,8.185141830943));
#5022 = CARTESIAN_POINT('',(5.904661074474,8.156819836372));
#5023 = CARTESIAN_POINT('',(5.808925389845,8.10679319005));
#5024 = CARTESIAN_POINT('',(5.767277523162,8.085075725241));
#5025 = CARTESIAN_POINT('',(5.725603282177,8.064536505474));
#5026 = CARTESIAN_POINT('',(5.683876857317,8.046598428557));
#5027 = CARTESIAN_POINT('',(5.64209623207,8.033188264763));
#5028 = CARTESIAN_POINT('',(5.600282509117,8.026783926821));
#5029 = CARTESIAN_POINT('',(5.558479329247,8.030609898542));
#5030 = CARTESIAN_POINT('',(5.487799413637,8.062239546861));
#5031 = CARTESIAN_POINT('',(5.458943831155,8.082316260004));
#5032 = CARTESIAN_POINT('',(5.430174213466,8.111032516659));
#5033 = CARTESIAN_POINT('',(5.401566988958,8.150202756251));
#5034 = CARTESIAN_POINT('',(5.373287790354,8.201965019978));
#5035 = CARTESIAN_POINT('',(5.345587395954,8.26865651349));
#5036 = CARTESIAN_POINT('',(5.318792418601,8.352536055831));
#5037 = CARTESIAN_POINT('',(5.284499158,8.490799221237));
#5038 = CARTESIAN_POINT('',(5.275922867895,8.528247018345));
#5039 = CARTESIAN_POINT('',(5.26756610348,8.56774462798));
#5040 = CARTESIAN_POINT('',(5.259433811515,8.609339544358));
#5041 = CARTESIAN_POINT('',(5.251531654088,8.653078933899));
#5042 = CARTESIAN_POINT('',(5.243866008614,8.699009635227));
#5043 = CARTESIAN_POINT('',(5.236443967835,8.747178159174));
#5044 = CARTESIAN_POINT('',(5.221265567215,8.853973366632));
#5045 = CARTESIAN_POINT('',(5.21357494504,8.913030684109));
#5046 = CARTESIAN_POINT('',(5.206309719074,8.974925994502));
#5047 = CARTESIAN_POINT('',(5.199274081672,9.038585227289));
#5048 = CARTESIAN_POINT('',(5.19287789977,9.105415654743));
#5049 = CARTESIAN_POINT('',(5.186748904862,9.174050023516));
#5050 = CARTESIAN_POINT('',(5.180974888242,9.244121902612));
#5051 = CARTESIAN_POINT('',(5.163788671538,9.467510485448));
#5052 = CARTESIAN_POINT('',(5.153421417777,9.624975185106));
#5053 = CARTESIAN_POINT('',(5.143945196282,9.785718185851));
#5054 = CARTESIAN_POINT('',(5.135084011603,9.948409051706));
#5055 = CARTESIAN_POINT('',(5.126618727123,10.112109121348));
#5056 = CARTESIAN_POINT('',(5.118356862482,10.276179804552));
#5057 = CARTESIAN_POINT('',(5.110126068056,10.44026906673));
#5058 = CARTESIAN_POINT('',(5.093534782697,10.76435044295));
#5059 = CARTESIAN_POINT('',(5.085207357973,10.92384399512));
#5060 = CARTESIAN_POINT('',(5.076578157789,11.082483771247));
#5061 = CARTESIAN_POINT('',(5.06748114725,11.239828399568));
#5062 = CARTESIAN_POINT('',(5.057744932007,11.395135236889));
#5063 = CARTESIAN_POINT('',(5.047179234321,11.547316639781));
#5064 = CARTESIAN_POINT('',(5.035561280141,11.694891952293));
#5065 = CARTESIAN_POINT('',(5.013033499883,11.940455488198));
#5066 = CARTESIAN_POINT('',(5.002712454033,12.041460839806));
#5067 = CARTESIAN_POINT('',(4.991573911963,12.137864880194));
#5068 = CARTESIAN_POINT('',(4.979546060189,12.228302022424));
#5069 = CARTESIAN_POINT('',(4.966580290272,12.311228162133));
#5070 = CARTESIAN_POINT('',(4.952672380811,12.385109629108));
#5071 = CARTESIAN_POINT('',(4.937894890577,12.448700405717));
#5072 = CARTESIAN_POINT('',(4.906262904581,12.556583143547));
#5073 = CARTESIAN_POINT('',(4.889352612088,12.599799015604));
#5074 = CARTESIAN_POINT('',(4.871920125442,12.630435042863));
#5075 = CARTESIAN_POINT('',(4.854162563742,12.649109577049));
#5076 = CARTESIAN_POINT('',(4.836251171981,12.657054749499));
#5077 = CARTESIAN_POINT('',(4.818322156584,12.65567747859));
#5078 = CARTESIAN_POINT('',(4.800471109532,12.646306242207));
#5079 = CARTESIAN_POINT('',(4.759824049806,12.609185874219));
#5080 = CARTESIAN_POINT('',(4.737097559237,12.576827849134));
#5081 = CARTESIAN_POINT('',(4.714600148608,12.535469749394));
#5082 = CARTESIAN_POINT('',(4.692350385347,12.486957396002));
#5083 = CARTESIAN_POINT('',(4.670352098403,12.432709450556));
#5084 = CARTESIAN_POINT('',(4.648590968288,12.373817385157));
#5085 = CARTESIAN_POINT('',(4.627032413836,12.311098193268));
#5086 = CARTESIAN_POINT('',(4.575261796756,12.151522574899));
#5087 = CARTESIAN_POINT('',(4.545261778164,12.051557287456));
#5088 = CARTESIAN_POINT('',(4.515533216399,11.947040596779));
#5089 = CARTESIAN_POINT('',(4.486013718648,11.839274059464));
#5090 = CARTESIAN_POINT('',(4.456652644374,11.729236063953));
#5091 = CARTESIAN_POINT('',(4.427402415882,11.617717695613));
#5092 = CARTESIAN_POINT('',(4.398214497911,11.505382574041));
#5093 = CARTESIAN_POINT('',(4.334601473732,11.259795901681));
#5094 = CARTESIAN_POINT('',(4.300196043753,11.1264887435));
#5095 = CARTESIAN_POINT('',(4.265756701419,10.993756884678));
#5096 = CARTESIAN_POINT('',(4.231229874832,10.862384500391));
#5097 = CARTESIAN_POINT('',(4.196571515378,10.733066339861));
#5098 = CARTESIAN_POINT('',(4.161744724784,10.606439573718));
#5099 = CARTESIAN_POINT('',(4.126718968909,10.483093393249));
#5100 = CARTESIAN_POINT('',(4.044674735929,10.204856362421));
#5101 = CARTESIAN_POINT('',(3.997479858361,10.052850204801));
#5102 = CARTESIAN_POINT('',(3.949845521014,9.908823547703));
#5103 = CARTESIAN_POINT('',(3.901749152585,9.773894584757));
#5104 = CARTESIAN_POINT('',(3.853188010096,9.64895612806));
#5105 = CARTESIAN_POINT('',(3.804180863153,9.53463394598));
#5106 = CARTESIAN_POINT('',(3.754769687387,9.431261354859));
#5107 = CARTESIAN_POINT('',(3.635927840943,9.210551359912));
#5108 = CARTESIAN_POINT('',(3.566186041813,9.103421528119));
#5109 = CARTESIAN_POINT('',(3.495940214943,9.017522943317));
#5110 = CARTESIAN_POINT('',(3.425329245721,8.951729849149));
#5111 = CARTESIAN_POINT('',(3.354485297856,8.904160943332));
#5112 = CARTESIAN_POINT('',(3.283524392705,8.873067636335));
#5113 = CARTESIAN_POINT('',(3.21253774291,8.857563939736));
#5114 = CARTESIAN_POINT('',(3.14159265359,8.857563939736));
#5115 = ( GEOMETRIC_REPRESENTATION_CONTEXT(2) 
PARAMETRIC_REPRESENTATION_CONTEXT() REPRESENTATION_CONTEXT('2D SPACE',''
  ) );
#5116 = PCURVE('',#5117,#5170);
#5117 = ( BOUNDED_SURFACE() B_SPLINE_SURFACE(3,7,(
    (#5118,#5119,#5120,#5121,#5122,#5123,#5124,#5125,#5126,#5127,#5128
      ,#5129,#5130)
    ,(#5131,#5132,#5133,#5134,#5135,#5136,#5137,#5138,#5139,#5140,#5141
      ,#5142,#5143)
    ,(#5144,#5145,#5146,#5147,#5148,#5149,#5150,#5151,#5152,#5153,#5154
      ,#5155,#5156)
    ,(#5157,#5158,#5159,#5160,#5161,#5162,#5163,#5164,#5165,#5166,#5167
      ,#5168,#5169
)),.UNSPECIFIED.,.F.,.F.,.F.) B_SPLINE_SURFACE_WITH_KNOTS((4,4),(8,5,8),
  (4.,5.),(0.,0.572316345514,1.),.UNSPECIFIED.) 
GEOMETRIC_REPRESENTATION_ITEM() RATIONAL_B_SPLINE_SURFACE((
    (1.,0.999999999999,1.000000000006,0.99999999998,1.000000000034
      ,0.999999999978,1.000000000013,0.999999999992,1.000000000011
      ,0.999999999992,1.000000000003,1.,1.)
    ,(1.,0.999999999999,1.000000000006,0.99999999998,1.000000000034
      ,0.999999999978,1.000000000013,0.999999999992,1.000000000011
      ,0.999999999992,1.000000000003,1.,1.)
    ,(1.,0.999999999999,1.000000000006,0.99999999998,1.000000000034
      ,0.999999999978,1.000000000013,0.999999999992,1.000000000011
      ,0.999999999992,1.000000000003,1.,1.)
    ,(1.,0.999999999999,1.000000000006,0.99999999998,1.000000000034
      ,0.999999999978,1.000000000013,0.999999999992,1.000000000011
,0.999999999992,1.000000000003,1.,1.
  ))) REPRESENTATION_ITEM('') SURFACE() );
#5118 = CARTESIAN_POINT('',(0.,-24.95,-10.5));
#5119 = CARTESIAN_POINT('',(0.,-24.04366327729,-8.628241502707));
#5120 = CARTESIAN_POINT('',(0.,-32.54606231877,-8.733290855657));
#5121 = CARTESIAN_POINT('',(0.,-6.041632698024,-1.056708587136));
#5122 = CARTESIAN_POINT('',(0.,-56.02866586908,-10.82247277985));
#5123 = CARTESIAN_POINT('',(0.,-8.339330952262,2.067695186229));
#5124 = CARTESIAN_POINT('',(0.,-32.45210241129,-1.342188414743));
#5125 = CARTESIAN_POINT('',(0.,-26.0665699505,4.51492883963));
#5126 = CARTESIAN_POINT('',(0.,-22.73975140605,4.188245497625));
#5127 = CARTESIAN_POINT('',(0.,-28.24002353777,6.661938916007));
#5128 = CARTESIAN_POINT('',(0.,-25.45145564025,7.392451929016));
#5129 = CARTESIAN_POINT('',(0.,-25.73210187521,8.74983766954));
#5130 = CARTESIAN_POINT('',(0.,-25.725,10.));
#5131 = CARTESIAN_POINT('',(-5.685,-24.95,-10.5));
#5132 = CARTESIAN_POINT('',(-5.513951471235,-24.04366327729,
    -8.628241502707));
#5133 = CARTESIAN_POINT('',(-7.088245592556,-32.54606231877,
    -8.733290855657));
#5134 = CARTESIAN_POINT('',(-2.518904285931,-6.041632698024,
    -1.056708587136));
#5135 = CARTESIAN_POINT('',(-10.912280149,-56.02866586908,
    -10.82247277985));
#5136 = CARTESIAN_POINT('',(-3.092103990082,-8.339330952262,
    2.067695186229));
#5137 = CARTESIAN_POINT('',(-6.844848312684,-32.45210241129,
    -1.342188414743));
#5138 = CARTESIAN_POINT('',(-6.132211205639,-26.0665699505,4.51492883963
    ));
#5139 = CARTESIAN_POINT('',(-5.009117231769,-22.73975140605,
    4.188245497625));
#5140 = CARTESIAN_POINT('',(-6.513580400598,-28.24002353777,
    6.661938916007));
#5141 = CARTESIAN_POINT('',(-5.741963049326,-25.45145564025,
    7.392451929016));
#5142 = CARTESIAN_POINT('',(-5.813408593582,-25.73210187521,
    8.74983766954));
#5143 = CARTESIAN_POINT('',(-5.8125,-25.725,10.));
#5144 = CARTESIAN_POINT('',(-13.8335,-24.82525,-10.5));
#5145 = CARTESIAN_POINT('',(-13.41728191337,-23.92344496092,
    -8.628241502707));
#5146 = CARTESIAN_POINT('',(-17.24806427499,-32.38333200707,
    -8.733290855657));
#5147 = CARTESIAN_POINT('',(-6.129333763227,-6.01142453487,
    -1.056708587136));
#5148 = CARTESIAN_POINT('',(-26.55321502794,-55.74852253918,
    -10.82247277985));
#5149 = CARTESIAN_POINT('',(-7.52411970996,-8.297634297851,
    2.067695186229));
#5150 = CARTESIAN_POINT('',(-16.65579756062,-32.28984189904,
    -1.342188414743));
#5151 = CARTESIAN_POINT('',(-14.92171393365,-25.93623710083,
    4.51492883963));
#5152 = CARTESIAN_POINT('',(-12.1888519309,-22.6260526489,4.188245497625
    ));
#5153 = CARTESIAN_POINT('',(-15.8497123079,-28.09882342016,
    6.661938916007));
#5154 = CARTESIAN_POINT('',(-13.97211008677,-25.32419836202,
    7.392451929016));
#5155 = CARTESIAN_POINT('',(-14.14596091103,-25.60344136584,
    8.74983766954));
#5156 = CARTESIAN_POINT('',(-14.14375,-25.596375,10.));
#5157 = CARTESIAN_POINT('',(-15.918,-21.956,-10.5));
#5158 = CARTESIAN_POINT('',(-15.43906411947,-21.158423684,
    -8.628241502707));
#5159 = CARTESIAN_POINT('',(-19.84708765901,-28.64053484066,
    -8.733290855657));
#5160 = CARTESIAN_POINT('',(-7.05293200111,-5.316636773755,
    -1.056708587136));
#5161 = CARTESIAN_POINT('',(-30.55438441639,-49.30522596563,
    -10.82247277985));
#5162 = CARTESIAN_POINT('',(-8.657891172698,-7.338611237469,
    2.067695186229));
#5163 = CARTESIAN_POINT('',(-19.16557527539,-28.55785012219,
    -1.342188414743));
#5164 = CARTESIAN_POINT('',(-17.1701913757,-22.93858155634,4.51492883963
    ));
#5165 = CARTESIAN_POINT('',(-14.02552824921,-20.01098123742,
    4.188245497625));
#5166 = CARTESIAN_POINT('',(-18.23802512147,-24.85122071318,
    6.661938916007));
#5167 = CARTESIAN_POINT('',(-16.07749653818,-22.39728096344,
    7.392451929016));
#5168 = CARTESIAN_POINT('',(-16.27754406201,-22.64424965019,
    8.74983766954));
#5169 = CARTESIAN_POINT('',(-16.275,-22.638,10.));
#5170 = DEFINITIONAL_REPRESENTATION('',(#5171),#5272);
#5171 = B_SPLINE_CURVE_WITH_KNOTS('',8,(#5172,#5173,#5174,#5175,#5176,
    #5177,#5178,#5179,#5180,#5181,#5182,#5183,#5184,#5185,#5186,#5187,
    #5188,#5189,#5190,#5191,#5192,#5193,#5194,#5195,#5196,#5197,#5198,
    #5199,#5200,#5201,#5202,#5203,#5204,#5205,#5206,#5207,#5208,#5209,
    #5210,#5211,#5212,#5213,#5214,#5215,#5216,#5217,#5218,#5219,#5220,
    #5221,#5222,#5223,#5224,#5225,#5226,#5227,#5228,#5229,#5230,#5231,
    #5232,#5233,#5234,#5235,#5236,#5237,#5238,#5239,#5240,#5241,#5242,
    #5243,#5244,#5245,#5246,#5247,#5248,#5249,#5250,#5251,#5252,#5253,
    #5254,#5255,#5256,#5257,#5258,#5259,#5260,#5261,#5262,#5263,#5264,
    #5265,#5266,#5267,#5268,#5269,#5270,#5271),.UNSPECIFIED.,.F.,.F.,(9,
    7,7,7,7,7,7,7,7,7,7,7,7,7,9),(0.,0.120981258065,0.214231783835,
    0.278935894357,0.301242335736,0.326152972541,0.379302782177,
    0.431237993677,0.469724645419,0.510013660925,0.562141228148,
    0.636051486905,0.723297815744,0.839127965691,1.),.UNSPECIFIED.);
#5172 = CARTESIAN_POINT('',(4.,0.657007565364));
#5173 = CARTESIAN_POINT('',(4.009541405591,0.657007565364));
#5174 = CARTESIAN_POINT('',(4.018996313158,0.656514855386));
#5175 = CARTESIAN_POINT('',(4.028318036992,0.655528894287));
#5176 = CARTESIAN_POINT('',(4.037463279142,0.654054545257));
#5177 = CARTESIAN_POINT('',(4.046393125563,0.65210205766));
#5178 = CARTESIAN_POINT('',(4.055074267159,0.649685763807));
#5179 = CARTESIAN_POINT('',(4.063480445698,0.64682149066));
#5180 = CARTESIAN_POINT('',(4.077848025741,0.640980018041));
#5181 = CARTESIAN_POINT('',(4.083923209358,0.638181192427));
#5182 = CARTESIAN_POINT('',(4.089818324944,0.635130406467));
#5183 = CARTESIAN_POINT('',(4.095529873271,0.631831420783));
#5184 = CARTESIAN_POINT('',(4.101053904574,0.628286971466));
#5185 = CARTESIAN_POINT('',(4.106387499676,0.624499025961));
#5186 = CARTESIAN_POINT('',(4.111531055843,0.6204661909));
#5187 = CARTESIAN_POINT('',(4.119934945881,0.613196742337));
#5188 = CARTESIAN_POINT('',(4.12328248426,0.610100602355));
#5189 = CARTESIAN_POINT('',(4.126542526431,0.606878734329));
#5190 = CARTESIAN_POINT('',(4.129713194605,0.603529003976));
#5191 = CARTESIAN_POINT('',(4.132787321148,0.600055120424));
#5192 = CARTESIAN_POINT('',(4.135755413161,0.596466987337));
#5193 = CARTESIAN_POINT('',(4.138607481464,0.592780852823));
#5194 = CARTESIAN_POINT('',(4.142273596892,0.58772246581));
#5195 = CARTESIAN_POINT('',(4.143191915359,0.586425797962));
#5196 = CARTESIAN_POINT('',(4.144089484594,0.585129248349));
#5197 = CARTESIAN_POINT('',(4.144967040328,0.583832810478));
#5198 = CARTESIAN_POINT('',(4.145825258837,0.582536477572));
#5199 = CARTESIAN_POINT('',(4.146664756937,0.581240242572));
#5200 = CARTESIAN_POINT('',(4.147486091985,0.579944098137));
#5201 = CARTESIAN_POINT('',(4.149187257297,0.577200664712));
#5202 = CARTESIAN_POINT('',(4.150061857842,0.575755331635));
#5203 = CARTESIAN_POINT('',(4.150906535205,0.574320785102));
#5204 = CARTESIAN_POINT('',(4.151734441434,0.572890159718));
#5205 = CARTESIAN_POINT('',(4.152519010378,0.571486094085));
#5206 = CARTESIAN_POINT('',(4.153287023666,0.57008771523));
#5207 = CARTESIAN_POINT('',(4.154030284244,0.568707267751));
#5208 = CARTESIAN_POINT('',(4.156298102021,0.564423904456));
#5209 = CARTESIAN_POINT('',(4.157751112687,0.561572704103));
#5210 = CARTESIAN_POINT('',(4.159146609118,0.558762234568));
#5211 = CARTESIAN_POINT('',(4.160502832589,0.555976090936));
#5212 = CARTESIAN_POINT('',(4.161833431311,0.553199126898));
#5213 = CARTESIAN_POINT('',(4.163150296697,0.550415287618));
#5214 = CARTESIAN_POINT('',(4.164463638323,0.54760652395));
#5215 = CARTESIAN_POINT('',(4.167075083698,0.541957121316));
#5216 = CARTESIAN_POINT('',(4.16836874512,0.539127481268));
#5217 = CARTESIAN_POINT('',(4.169675413154,0.536239044796));
#5218 = CARTESIAN_POINT('',(4.171001744633,0.533273070313));
#5219 = CARTESIAN_POINT('',(4.172351922206,0.530212250517));
#5220 = CARTESIAN_POINT('',(4.173727520667,0.527039414108));
#5221 = CARTESIAN_POINT('',(4.175126394598,0.523735962467));
#5222 = CARTESIAN_POINT('',(4.177588576579,0.517719026685));
#5223 = CARTESIAN_POINT('',(4.178645751354,0.515072477377));
#5224 = CARTESIAN_POINT('',(4.179705734907,0.512338378829));
#5225 = CARTESIAN_POINT('',(4.18075882954,0.509519609418));
#5226 = CARTESIAN_POINT('',(4.181790663026,0.506624493951));
#5227 = CARTESIAN_POINT('',(4.182782547302,0.503668284975));
#5228 = CARTESIAN_POINT('',(4.183713549463,0.500675571882));
#5229 = CARTESIAN_POINT('',(4.18545484084,0.494551547888));
#5230 = CARTESIAN_POINT('',(4.186257005381,0.49142208445));
#5231 = CARTESIAN_POINT('',(4.186949438645,0.488335601364));
#5232 = CARTESIAN_POINT('',(4.187521722715,0.485317979485));
#5233 = CARTESIAN_POINT('',(4.187971816351,0.482384841336));
#5234 = CARTESIAN_POINT('',(4.188303490746,0.479544480789));
#5235 = CARTESIAN_POINT('',(4.188523736439,0.476799487742));
#5236 = CARTESIAN_POINT('',(4.188790750871,0.470715258933));
#5237 = CARTESIAN_POINT('',(4.188767702978,0.467435625715));
#5238 = CARTESIAN_POINT('',(4.188587655449,0.464289877844));
#5239 = CARTESIAN_POINT('',(4.188265589422,0.461263902582));
#5240 = CARTESIAN_POINT('',(4.187814736399,0.458345456271));
#5241 = CARTESIAN_POINT('',(4.187246291546,0.455522628337));
#5242 = CARTESIAN_POINT('',(4.18656891333,0.452783077751));
#5243 = CARTESIAN_POINT('',(4.184680787233,0.44632968873));
#5244 = CARTESIAN_POINT('',(4.183367828355,0.442694942631));
#5245 = CARTESIAN_POINT('',(4.181868684389,0.43918152991));
#5246 = CARTESIAN_POINT('',(4.180197509373,0.435770642982));
#5247 = CARTESIAN_POINT('',(4.178364888824,0.432448700344));
#5248 = CARTESIAN_POINT('',(4.176378924474,0.42920467467));
#5249 = CARTESIAN_POINT('',(4.174245574789,0.426028989093));
#5250 = CARTESIAN_POINT('',(4.169280016642,0.419236914815));
#5251 = CARTESIAN_POINT('',(4.166392353424,0.415645872704));
#5252 = CARTESIAN_POINT('',(4.163312428665,0.412129338536));
#5253 = CARTESIAN_POINT('',(4.160044972936,0.408679935679));
#5254 = CARTESIAN_POINT('',(4.156593040551,0.405293330399));
#5255 = CARTESIAN_POINT('',(4.152958611946,0.401967545409));
#5256 = CARTESIAN_POINT('',(4.149143038191,0.398702684228));
#5257 = CARTESIAN_POINT('',(4.139842534259,0.391250527863));
#5258 = CARTESIAN_POINT('',(4.134219478002,0.387110801123));
#5259 = CARTESIAN_POINT('',(4.128282073475,0.383088662809));
#5260 = CARTESIAN_POINT('',(4.122033597258,0.3791965675));
#5261 = CARTESIAN_POINT('',(4.115478301152,0.375452866213));
#5262 = CARTESIAN_POINT('',(4.108623107925,0.371881187633));
#5263 = CARTESIAN_POINT('',(4.101479389585,0.368508982017));
#5264 = CARTESIAN_POINT('',(4.083767029394,0.360998988618));
#5265 = CARTESIAN_POINT('',(4.072947066947,0.357073531589));
#5266 = CARTESIAN_POINT('',(4.061647266086,0.353663908344));
#5267 = CARTESIAN_POINT('',(4.049916809453,0.350845596386));
#5268 = CARTESIAN_POINT('',(4.037815744105,0.348685896628));
#5269 = CARTESIAN_POINT('',(4.025413461317,0.347232520894));
#5270 = CARTESIAN_POINT('',(4.012783934428,0.34650649385));
#5271 = CARTESIAN_POINT('',(4.,0.34650649385));
#5272 = ( GEOMETRIC_REPRESENTATION_CONTEXT(2) 
PARAMETRIC_REPRESENTATION_CONTEXT() REPRESENTATION_CONTEXT('2D SPACE',''
  ) );
#5273 = ADVANCED_FACE('',(#5274),#3014,.F.);
#5274 = FACE_BOUND('',#5275,.F.);
#5275 = EDGE_LOOP('',(#5276,#5306,#5476,#5495,#5496,#5497,#5498,#5806));
#5276 = ORIENTED_EDGE('',*,*,#5277,.F.);
#5277 = EDGE_CURVE('',#5278,#5280,#5282,.T.);
#5278 = VERTEX_POINT('',#5279);
#5279 = CARTESIAN_POINT('',(14.124079989014,-22.,0.806047114749));
#5280 = VERTEX_POINT('',#5281);
#5281 = CARTESIAN_POINT('',(14.111933566072,-22.,-1.438708124836));
#5282 = SURFACE_CURVE('',#5283,(#5288,#5294),.PCURVE_S1.);
#5283 = CIRCLE('',#5284,3.22);
#5284 = AXIS2_PLACEMENT_3D('',#5285,#5286,#5287);
#5285 = CARTESIAN_POINT('',(11.1,-22.,-0.3));
#5286 = DIRECTION('',(0.,1.,0.));
#5287 = DIRECTION('',(0.,-0.,1.));
#5288 = PCURVE('',#3014,#5289);
#5289 = DEFINITIONAL_REPRESENTATION('',(#5290),#5293);
#5290 = B_SPLINE_CURVE_WITH_KNOTS('',1,(#5291,#5292),.UNSPECIFIED.,.F.,
  .F.,(2,2),(1.220162761251,1.932251833354),.PIECEWISE_BEZIER_KNOTS.);
#5291 = CARTESIAN_POINT('',(1.220162761251,13.));
#5292 = CARTESIAN_POINT('',(1.932251833354,13.));
#5293 = ( GEOMETRIC_REPRESENTATION_CONTEXT(2) 
PARAMETRIC_REPRESENTATION_CONTEXT() REPRESENTATION_CONTEXT('2D SPACE',''
  ) );
#5294 = PCURVE('',#5295,#5300);
#5295 = PLANE('',#5296);
#5296 = AXIS2_PLACEMENT_3D('',#5297,#5298,#5299);
#5297 = CARTESIAN_POINT('',(11.1,-22.,-0.3));
#5298 = DIRECTION('',(0.,1.,0.));
#5299 = DIRECTION('',(0.,-0.,1.));
#5300 = DEFINITIONAL_REPRESENTATION('',(#5301),#5305);
#5301 = CIRCLE('',#5302,3.22);
#5302 = AXIS2_PLACEMENT_2D('',#5303,#5304);
#5303 = CARTESIAN_POINT('',(0.,0.));
#5304 = DIRECTION('',(1.,0.));
#5305 = ( GEOMETRIC_REPRESENTATION_CONTEXT(2) 
PARAMETRIC_REPRESENTATION_CONTEXT() REPRESENTATION_CONTEXT('2D SPACE',''
  ) );
#5306 = ORIENTED_EDGE('',*,*,#5307,.T.);
#5307 = EDGE_CURVE('',#5278,#5308,#5310,.T.);
#5308 = VERTEX_POINT('',#5309);
#5309 = CARTESIAN_POINT('',(11.1,-26.11334614787,2.92));
#5310 = SURFACE_CURVE('',#5311,(#5364,#5420),.PCURVE_S1.);
#5311 = B_SPLINE_CURVE_WITH_KNOTS('',6,(#5312,#5313,#5314,#5315,#5316,
    #5317,#5318,#5319,#5320,#5321,#5322,#5323,#5324,#5325,#5326,#5327,
    #5328,#5329,#5330,#5331,#5332,#5333,#5334,#5335,#5336,#5337,#5338,
    #5339,#5340,#5341,#5342,#5343,#5344,#5345,#5346,#5347,#5348,#5349,
    #5350,#5351,#5352,#5353,#5354,#5355,#5356,#5357,#5358,#5359,#5360,
    #5361,#5362,#5363),.UNSPECIFIED.,.F.,.F.,(7,5,5,5,5,5,5,5,5,5,7),(0.
    ,6.627976721366E-02,0.13196641601,0.188416195011,0.240288571025,
    0.271160936402,0.380528544793,0.43744449966,0.589843325117,
    0.718484802427,1.),.UNSPECIFIED.);
#5312 = CARTESIAN_POINT('',(14.124080343713,-21.999994,0.806046144954));
#5313 = CARTESIAN_POINT('',(14.117453901463,-22.11208513365,
    0.824163737832));
#5314 = CARTESIAN_POINT('',(14.110990982748,-22.22505468992,
    0.841430650017));
#5315 = CARTESIAN_POINT('',(14.104653941051,-22.33870334874,
    0.858016021946));
#5316 = CARTESIAN_POINT('',(14.098403733869,-22.45286997897,
    0.874066512522));
#5317 = CARTESIAN_POINT('',(14.092197717668,-22.56742228284,
    0.889717683853));
#5318 = CARTESIAN_POINT('',(14.079832741916,-22.79604506114,
    0.920355388037));
#5319 = CARTESIAN_POINT('',(14.073674291267,-22.91010376758,
    0.935345533193));
#5320 = CARTESIAN_POINT('',(14.067464468639,-23.02431152903,
    0.950207817946));
#5321 = CARTESIAN_POINT('',(14.061151754883,-23.13855623097,
    0.965070257978));
#5322 = CARTESIAN_POINT('',(14.054674984952,-23.25271558397,
    0.980068185688));
#5323 = CARTESIAN_POINT('',(14.04218481306,-23.46455741757,
    1.008493197807));
#5324 = CARTESIAN_POINT('',(14.036234800396,-23.56229223681,
    1.021843563391));
#5325 = CARTESIAN_POINT('',(14.030057832463,-23.65976481828,
    1.035505854489));
#5326 = CARTESIAN_POINT('',(14.023597558793,-23.75685897225,
    1.049586087423));
#5327 = CARTESIAN_POINT('',(14.01678339444,-23.85341740118,
    1.064207400514));
#5328 = CARTESIAN_POINT('',(14.002851159372,-24.03727355197,
    1.093591640117));
#5329 = CARTESIAN_POINT('',(13.995803963435,-24.12466871684,
    1.108244031121));
#5330 = CARTESIAN_POINT('',(13.988307296843,-24.2112695824,
    1.123597767717));
#5331 = CARTESIAN_POINT('',(13.980275400325,-24.29683865985,
    1.139785538588));
#5332 = CARTESIAN_POINT('',(13.971600370138,-24.38103095909,
    1.156961736207));
#5333 = CARTESIAN_POINT('',(13.956512357275,-24.51238759506,
    1.186232860156));
#5334 = CARTESIAN_POINT('',(13.95059069885,-24.56089851008,
    1.197598151521));
#5335 = CARTESIAN_POINT('',(13.944335374698,-24.60877132655,
    1.209468750169));
#5336 = CARTESIAN_POINT('',(13.937701523149,-24.65591933033,
    1.221902909593));
#5337 = CARTESIAN_POINT('',(13.93070633005,-24.70238476854,
    1.234841273723));
#5338 = CARTESIAN_POINT('',(13.897146615191,-24.91000257904,
    1.296036765218));
#5339 = CARTESIAN_POINT('',(13.866565244275,-25.05947753057,
    1.349509700068));
#5340 = CARTESIAN_POINT('',(13.831428375777,-25.19383506344,
    1.407844866051));
#5341 = CARTESIAN_POINT('',(13.791796747442,-25.31223451901,
    1.469775846841));
#5342 = CARTESIAN_POINT('',(13.747952878877,-25.41511599719,
    1.533914560645));
#5343 = CARTESIAN_POINT('',(13.675677495372,-25.54971227187,
    1.632885153056));
#5344 = CARTESIAN_POINT('',(13.649920190018,-25.59192734272,
    1.667044228933));
#5345 = CARTESIAN_POINT('',(13.623194779416,-25.63047505051,
    1.701334278872));
#5346 = CARTESIAN_POINT('',(13.59555504652,-25.6655873306,1.735622699456
    ));
#5347 = CARTESIAN_POINT('',(13.567052505316,-25.69751734919,
    1.769798556672));
#5348 = CARTESIAN_POINT('',(13.459219209459,-25.80416428502,
    1.894749468848));
#5349 = CARTESIAN_POINT('',(13.37493261854,-25.86070433679,
    1.984179306523));
#5350 = CARTESIAN_POINT('',(13.285551319868,-25.90125403222,
    2.070604171128));
#5351 = CARTESIAN_POINT('',(13.191796414305,-25.93010611934,
    2.153110113191));
#5352 = CARTESIAN_POINT('',(13.094194886505,-25.95054763202,
    2.231256354848));
#5353 = CARTESIAN_POINT('',(12.907438388859,-25.97735179147,
    2.366970774847));
#5354 = CARTESIAN_POINT('',(12.819411120593,-25.98540353734,
    2.425795185001));
#5355 = CARTESIAN_POINT('',(12.729048302089,-25.99073932112,
    2.481151055327));
#5356 = CARTESIAN_POINT('',(12.636554593947,-25.99448275198,
    2.532904701499));
#5357 = CARTESIAN_POINT('',(12.542126267851,-25.99747367566,
    2.580951424047));
#5358 = CARTESIAN_POINT('',(12.235465482596,-26.00668351337,
    2.722052115174));
#5359 = CARTESIAN_POINT('',(12.016614397772,-26.01250896988,
    2.800728171528));
#5360 = CARTESIAN_POINT('',(11.79145166803,-26.02460484319,
    2.860285167065));
#5361 = CARTESIAN_POINT('',(11.562129479428,-26.04509689408,
    2.900132794949));
#5362 = CARTESIAN_POINT('',(11.330891553619,-26.07480169655,2.92));
#5363 = CARTESIAN_POINT('',(11.1,-26.11334614787,2.92));
#5364 = PCURVE('',#3014,#5365);
#5365 = DEFINITIONAL_REPRESENTATION('',(#5366),#5419);
#5366 = B_SPLINE_CURVE_WITH_KNOTS('',6,(#5367,#5368,#5369,#5370,#5371,
    #5372,#5373,#5374,#5375,#5376,#5377,#5378,#5379,#5380,#5381,#5382,
    #5383,#5384,#5385,#5386,#5387,#5388,#5389,#5390,#5391,#5392,#5393,
    #5394,#5395,#5396,#5397,#5398,#5399,#5400,#5401,#5402,#5403,#5404,
    #5405,#5406,#5407,#5408,#5409,#5410,#5411,#5412,#5413,#5414,#5415,
    #5416,#5417,#5418),.UNSPECIFIED.,.F.,.F.,(7,5,5,5,5,5,5,5,5,5,7),(
    5.913023938041E-07,6.627976721366E-02,0.13196641601,0.188416195011,
    0.240288571025,0.271160936402,0.380528544793,0.43744449966,
    0.589843325117,0.718484802427,1.),.UNSPECIFIED.);
#5367 = CARTESIAN_POINT('',(1.220162761251,13.));
#5368 = CARTESIAN_POINT('',(1.214171718234,12.887909827163));
#5369 = CARTESIAN_POINT('',(1.208446223148,12.774941254497));
#5370 = CARTESIAN_POINT('',(1.202932550072,12.661293595704));
#5371 = CARTESIAN_POINT('',(1.197583527739,12.547127977115));
#5372 = CARTESIAN_POINT('',(1.192354891063,12.432576692767));
#5373 = CARTESIAN_POINT('',(1.182094443727,12.203954938857));
#5374 = CARTESIAN_POINT('',(1.17706165549,12.089896232411));
#5375 = CARTESIAN_POINT('',(1.172059477223,11.97568847097));
#5376 = CARTESIAN_POINT('',(1.167044851877,11.861443769027));
#5377 = CARTESIAN_POINT('',(1.161971457888,11.747284416021));
#5378 = CARTESIAN_POINT('',(1.152329184834,11.535442582424));
#5379 = CARTESIAN_POINT('',(1.14779003929,11.437707763189));
#5380 = CARTESIAN_POINT('',(1.143133687291,11.340235181717));
#5381 = CARTESIAN_POINT('',(1.138322770142,11.243141027745));
#5382 = CARTESIAN_POINT('',(1.133313189198,11.146582598812));
#5383 = CARTESIAN_POINT('',(1.12321385658,10.962726448021));
#5384 = CARTESIAN_POINT('',(1.118164555325,10.875331283153));
#5385 = CARTESIAN_POINT('',(1.11285842571,10.788730417598));
#5386 = CARTESIAN_POINT('',(1.107246562791,10.703161340149));
#5387 = CARTESIAN_POINT('',(1.10127079733,10.618969040901));
#5388 = CARTESIAN_POINT('',(1.091043797235,10.487612404935));
#5389 = CARTESIAN_POINT('',(1.087063880473,10.439101489912));
#5390 = CARTESIAN_POINT('',(1.082896900379,10.391228673448));
#5391 = CARTESIAN_POINT('',(1.078520246496,10.344080669665));
#5392 = CARTESIAN_POINT('',(1.073952534127,10.297615231452));
#5393 = CARTESIAN_POINT('',(1.052277511882,10.089997420956));
#5394 = CARTESIAN_POINT('',(1.033149750612,9.940522469423));
#5395 = CARTESIAN_POINT('',(1.012010378829,9.806164936556));
#5396 = CARTESIAN_POINT('',(0.98918985937,9.687765480986));
#5397 = CARTESIAN_POINT('',(0.965074018627,9.584884002801));
#5398 = CARTESIAN_POINT('',(0.927014497072,9.450287728123));
#5399 = CARTESIAN_POINT('',(0.913729791208,9.408072657274));
#5400 = CARTESIAN_POINT('',(0.900230936189,9.369524949489));
#5401 = CARTESIAN_POINT('',(0.88655629263,9.334412669399));
#5402 = CARTESIAN_POINT('',(0.872737912702,9.302482650809));
#5403 = CARTESIAN_POINT('',(0.821480856545,9.195835714971));
#5404 = CARTESIAN_POINT('',(0.783352884429,9.139295663208));
#5405 = CARTESIAN_POINT('',(0.744804249846,9.098745967774));
#5406 = CARTESIAN_POINT('',(0.706081746506,9.069893880654));
#5407 = CARTESIAN_POINT('',(0.667294430943,9.049452367975));
#5408 = CARTESIAN_POINT('',(0.595598742711,9.022648208524));
#5409 = CARTESIAN_POINT('',(0.562744341247,9.014596462659));
#5410 = CARTESIAN_POINT('',(0.529872683836,9.009260678871));
#5411 = CARTESIAN_POINT('',(0.496995551437,9.005517248015));
#5412 = CARTESIAN_POINT('',(0.464117681484,9.002526324332));
#5413 = CARTESIAN_POINT('',(0.359283778561,8.993316486621));
#5414 = CARTESIAN_POINT('',(0.287326890731,8.987491030118));
#5415 = CARTESIAN_POINT('',(0.215400395315,8.975395156804));
#5416 = CARTESIAN_POINT('',(0.143518412634,8.954903105914));
#5417 = CARTESIAN_POINT('',(7.170545143449E-02,8.925198303448));
#5418 = CARTESIAN_POINT('',(0.,8.886653852121));
#5419 = ( GEOMETRIC_REPRESENTATION_CONTEXT(2) 
PARAMETRIC_REPRESENTATION_CONTEXT() REPRESENTATION_CONTEXT('2D SPACE',''
  ) );
#5420 = PCURVE('',#4738,#5421);
#5421 = DEFINITIONAL_REPRESENTATION('',(#5422),#5475);
#5422 = B_SPLINE_CURVE_WITH_KNOTS('',6,(#5423,#5424,#5425,#5426,#5427,
    #5428,#5429,#5430,#5431,#5432,#5433,#5434,#5435,#5436,#5437,#5438,
    #5439,#5440,#5441,#5442,#5443,#5444,#5445,#5446,#5447,#5448,#5449,
    #5450,#5451,#5452,#5453,#5454,#5455,#5456,#5457,#5458,#5459,#5460,
    #5461,#5462,#5463,#5464,#5465,#5466,#5467,#5468,#5469,#5470,#5471,
    #5472,#5473,#5474),.UNSPECIFIED.,.F.,.F.,(7,5,5,5,5,5,5,5,5,5,7),(
    5.913023938041E-07,6.627976721366E-02,0.13196641601,0.188416195011,
    0.240288571025,0.271160936402,0.380528544793,0.43744449966,
    0.589843325117,0.718484802427,1.),.UNSPECIFIED.);
#5423 = CARTESIAN_POINT('',(3.160570397486,0.531978567668));
#5424 = CARTESIAN_POINT('',(3.164736093217,0.533851319492));
#5425 = CARTESIAN_POINT('',(3.168863692015,0.535688920416));
#5426 = CARTESIAN_POINT('',(3.172950275445,0.537497150816));
#5427 = CARTESIAN_POINT('',(3.176994745709,0.539280962846));
#5428 = CARTESIAN_POINT('',(3.180997453542,0.541044919798));
#5429 = CARTESIAN_POINT('',(3.188886775609,0.544526717848));
#5430 = CARTESIAN_POINT('',(3.192773867248,0.546244718142));
#5431 = CARTESIAN_POINT('',(3.196622486084,0.547952084361));
#5432 = CARTESIAN_POINT('',(3.200434385009,0.549652950299));
#5433 = CARTESIAN_POINT('',(3.204211785205,0.55135149083));
#5434 = CARTESIAN_POINT('',(3.211176448074,0.554513898646));
#5435 = CARTESIAN_POINT('',(3.214371760345,0.555977067681));
#5436 = CARTESIAN_POINT('',(3.217545385285,0.557444776257));
#5437 = CARTESIAN_POINT('',(3.220698944919,0.558919921883));
#5438 = CARTESIAN_POINT('',(3.223834001326,0.560405580162));
#5439 = CARTESIAN_POINT('',(3.229817831234,0.563283366943));
#5440 = CARTESIAN_POINT('',(3.232668599791,0.564673022162));
#5441 = CARTESIAN_POINT('',(3.235506676999,0.566077268757));
#5442 = CARTESIAN_POINT('',(3.238332496297,0.567498662176));
#5443 = CARTESIAN_POINT('',(3.241145381715,0.568939481453));
#5444 = CARTESIAN_POINT('',(3.245609673308,0.571272309963));
#5445 = CARTESIAN_POINT('',(3.24727528455,0.572152916047));
#5446 = CARTESIAN_POINT('',(3.248940428705,0.573044465707));
#5447 = CARTESIAN_POINT('',(3.250606123683,0.573948255594));
#5448 = CARTESIAN_POINT('',(3.25227158488,0.574863269965));
#5449 = CARTESIAN_POINT('',(3.259836593124,0.579072951657));
#5450 = CARTESIAN_POINT('',(3.265625561717,0.582441149066));
#5451 = CARTESIAN_POINT('',(3.271242155684,0.585853610022));
#5452 = CARTESIAN_POINT('',(3.276662863037,0.589271580222));
#5453 = CARTESIAN_POINT('',(3.281885712988,0.592659003948));
#5454 = CARTESIAN_POINT('',(3.289530216423,0.597712850668));
#5455 = CARTESIAN_POINT('',(3.292095940424,0.599426796674));
#5456 = CARTESIAN_POINT('',(3.294613145113,0.60112149475));
#5457 = CARTESIAN_POINT('',(3.297085125797,0.602794306837));
#5458 = CARTESIAN_POINT('',(3.299515831322,0.604443280696));
#5459 = CARTESIAN_POINT('',(3.308319031387,0.610415142777));
#5460 = CARTESIAN_POINT('',(3.314455530953,0.6145776154));
#5461 = CARTESIAN_POINT('',(3.320418365011,0.618540757632));
#5462 = CARTESIAN_POINT('',(3.326280873013,0.62229250799));
#5463 = CARTESIAN_POINT('',(3.332100919565,0.625829583329));
#5464 = CARTESIAN_POINT('',(3.342857132347,0.631958068153));
#5465 = CARTESIAN_POINT('',(3.347785516725,0.634608588885));
#5466 = CARTESIAN_POINT('',(3.352746505185,0.637102321987));
#5467 = CARTESIAN_POINT('',(3.357757753199,0.639435683337));
#5468 = CARTESIAN_POINT('',(3.362829710925,0.641604511743));
#5469 = CARTESIAN_POINT('',(3.379213939369,0.647982741039));
#5470 = CARTESIAN_POINT('',(3.390777950382,0.65155372263));
#5471 = CARTESIAN_POINT('',(3.402714842603,0.654273685339));
#5472 = CARTESIAN_POINT('',(3.414949337163,0.656097885211));
#5473 = CARTESIAN_POINT('',(3.427368252321,0.657007565364));
#5474 = CARTESIAN_POINT('',(3.439836000744,0.657007565364));
#5475 = ( GEOMETRIC_REPRESENTATION_CONTEXT(2) 
PARAMETRIC_REPRESENTATION_CONTEXT() REPRESENTATION_CONTEXT('2D SPACE',''
  ) );
#5476 = ORIENTED_EDGE('',*,*,#5477,.F.);
#5477 = EDGE_CURVE('',#2879,#5308,#5478,.T.);
#5478 = SEAM_CURVE('',#5479,(#5483,#5489),.PCURVE_S1.);
#5479 = LINE('',#5480,#5481);
#5480 = CARTESIAN_POINT('',(11.1,-35.,2.92));
#5481 = VECTOR('',#5482,1.);
#5482 = DIRECTION('',(0.,1.,0.));
#5483 = PCURVE('',#3014,#5484);
#5484 = DEFINITIONAL_REPRESENTATION('',(#5485),#5488);
#5485 = B_SPLINE_CURVE_WITH_KNOTS('',1,(#5486,#5487),.UNSPECIFIED.,.F.,
  .F.,(2,2),(6.682509736531,8.886653852121),.PIECEWISE_BEZIER_KNOTS.);
#5486 = CARTESIAN_POINT('',(6.28318530718,6.682509736531));
#5487 = CARTESIAN_POINT('',(6.28318530718,8.886653852121));
#5488 = ( GEOMETRIC_REPRESENTATION_CONTEXT(2) 
PARAMETRIC_REPRESENTATION_CONTEXT() REPRESENTATION_CONTEXT('2D SPACE',''
  ) );
#5489 = PCURVE('',#3014,#5490);
#5490 = DEFINITIONAL_REPRESENTATION('',(#5491),#5494);
#5491 = B_SPLINE_CURVE_WITH_KNOTS('',1,(#5492,#5493),.UNSPECIFIED.,.F.,
  .F.,(2,2),(6.682509736531,8.886653852121),.PIECEWISE_BEZIER_KNOTS.);
#5492 = CARTESIAN_POINT('',(0.,6.682509736531));
#5493 = CARTESIAN_POINT('',(0.,8.886653852121));
#5494 = ( GEOMETRIC_REPRESENTATION_CONTEXT(2) 
PARAMETRIC_REPRESENTATION_CONTEXT() REPRESENTATION_CONTEXT('2D SPACE',''
  ) );
#5495 = ORIENTED_EDGE('',*,*,#3085,.F.);
#5496 = ORIENTED_EDGE('',*,*,#2878,.F.);
#5497 = ORIENTED_EDGE('',*,*,#5477,.T.);
#5498 = ORIENTED_EDGE('',*,*,#5499,.T.);
#5499 = EDGE_CURVE('',#5308,#5500,#5502,.T.);
#5500 = VERTEX_POINT('',#5501);
#5501 = CARTESIAN_POINT('',(13.587207265687,-23.52974233176,
    -2.34504279112));
#5502 = SURFACE_CURVE('',#5503,(#5602,#5704),.PCURVE_S1.);
#5503 = B_SPLINE_CURVE_WITH_KNOTS('',7,(#5504,#5505,#5506,#5507,#5508,
    #5509,#5510,#5511,#5512,#5513,#5514,#5515,#5516,#5517,#5518,#5519,
    #5520,#5521,#5522,#5523,#5524,#5525,#5526,#5527,#5528,#5529,#5530,
    #5531,#5532,#5533,#5534,#5535,#5536,#5537,#5538,#5539,#5540,#5541,
    #5542,#5543,#5544,#5545,#5546,#5547,#5548,#5549,#5550,#5551,#5552,
    #5553,#5554,#5555,#5556,#5557,#5558,#5559,#5560,#5561,#5562,#5563,
    #5564,#5565,#5566,#5567,#5568,#5569,#5570,#5571,#5572,#5573,#5574,
    #5575,#5576,#5577,#5578,#5579,#5580,#5581,#5582,#5583,#5584,#5585,
    #5586,#5587,#5588,#5589,#5590,#5591,#5592,#5593,#5594,#5595,#5596,
    #5597,#5598,#5599,#5600,#5601),.UNSPECIFIED.,.F.,.F.,(8,6,6,6,6,6,6,
    6,6,6,6,6,6,6,6,6,8),(0.,8.849757704869E-02,0.173851227295,
    0.214627659214,0.255528895772,0.267120065797,0.305180486689,
    0.347010705334,0.381316848534,0.412366517333,0.451971538283,
    0.510751821574,0.575202330115,0.66764988912,0.804730406736,
    0.904152371873,1.),.UNSPECIFIED.);
#5504 = CARTESIAN_POINT('',(11.1,-26.11334614787,2.92));
#5505 = CARTESIAN_POINT('',(10.924506991912,-26.14264250628,2.92));
#5506 = CARTESIAN_POINT('',(10.74917586084,-26.17690885071,
    2.908841296105));
#5507 = CARTESIAN_POINT('',(10.574889570419,-26.21600049378,
    2.886561387912));
#5508 = CARTESIAN_POINT('',(10.402492446972,-26.25946550947,
    2.853289515813));
#5509 = CARTESIAN_POINT('',(10.232776286344,-26.30655746192,
    2.80922859909));
#5510 = CARTESIAN_POINT('',(10.066470642746,-26.35603845322,
    2.754627134173));
#5511 = CARTESIAN_POINT('',(9.747767388409,-26.45373969708,
    2.627160086943));
#5512 = CARTESIAN_POINT('',(9.595263581155,-26.50189133283,
    2.555083432936));
#5513 = CARTESIAN_POINT('',(9.447051896583,-26.54835944437,
    2.473677868163));
#5514 = CARTESIAN_POINT('',(9.303644202942,-26.59056792816,
    2.383107978042));
#5515 = CARTESIAN_POINT('',(9.165709365579,-26.62438957245,2.28363064153
    ));
#5516 = CARTESIAN_POINT('',(9.033997411761,-26.64441186091,
    2.175686052623));
#5517 = CARTESIAN_POINT('',(8.849608535881,-26.63942104511,
    2.004507374954));
#5518 = CARTESIAN_POINT('',(8.791664903791,-26.63246445485,
    1.947444903857));
#5519 = CARTESIAN_POINT('',(8.735441851023,-26.61915267024,
    1.888714199219));
#5520 = CARTESIAN_POINT('',(8.6811039634,-26.59822141242,1.828481363154)
  );
#5521 = CARTESIAN_POINT('',(8.628890058378,-26.56819421173,
    1.767044916679));
#5522 = CARTESIAN_POINT('',(8.579076199902,-26.52742241739,
    1.704856219678));
#5523 = CARTESIAN_POINT('',(8.484656952698,-26.42066486975,
    1.580032830153));
#5524 = CARTESIAN_POINT('',(8.439994468573,-26.35452417005,
    1.517299160678));
#5525 = CARTESIAN_POINT('',(8.398432090498,-26.27405150536,
    1.455212433384));
#5526 = CARTESIAN_POINT('',(8.360451442549,-26.1778519232,1.394899821105
    ));
#5527 = CARTESIAN_POINT('',(8.326419758528,-26.06513472661,
    1.337680621128));
#5528 = CARTESIAN_POINT('',(8.29653567346,-25.93631987475,1.284892518498
    ));
#5529 = CARTESIAN_POINT('',(8.263552852485,-25.75354312383,
    1.224204778158));
#5530 = CARTESIAN_POINT('',(8.256570290363,-25.7119019223,1.211179640073
    ));
#5531 = CARTESIAN_POINT('',(8.249887737229,-25.66891305159,1.19855103551
    ));
#5532 = CARTESIAN_POINT('',(8.243497106186,-25.6245715277,1.186323392516
    ));
#5533 = CARTESIAN_POINT('',(8.237382791175,-25.5789339049,1.174484727474
    ));
#5534 = CARTESIAN_POINT('',(8.231521666978,-25.53211827574,
    1.163006645109));
#5535 = CARTESIAN_POINT('',(8.207368423134,-25.32730362845,
    1.115192120685));
#5536 = CARTESIAN_POINT('',(8.191804430929,-25.16336133752,
    1.083026917255));
#5537 = CARTESIAN_POINT('',(8.178071510293,-24.99554623974,
    1.053760364061));
#5538 = CARTESIAN_POINT('',(8.165633091982,-24.82559474996,
    1.026481341948));
#5539 = CARTESIAN_POINT('',(8.1540419086,-24.65468003867,1.000393426126)
  );
#5540 = CARTESIAN_POINT('',(8.142983234012,-24.48333385572,
    0.974845331728));
#5541 = CARTESIAN_POINT('',(8.12025959847,-24.12306883442,0.920855366283
    ));
#5542 = CARTESIAN_POINT('',(8.108687518148,-23.93479242349,
    0.892480983929));
#5543 = CARTESIAN_POINT('',(8.097059218523,-23.74723758481,
    0.863102560084));
#5544 = CARTESIAN_POINT('',(8.085099915415,-23.56114803725,
    0.831888900971));
#5545 = CARTESIAN_POINT('',(8.072564047217,-23.37774925555,
    0.797963160417));
#5546 = CARTESIAN_POINT('',(8.059219744336,-23.19890983479,0.76024117237
    ));
#5547 = CARTESIAN_POINT('',(8.033148416076,-22.88666826352,
    0.681938993178));
#5548 = CARTESIAN_POINT('',(8.020721732341,-22.75066564551,
    0.643039242872));
#5549 = CARTESIAN_POINT('',(8.007573905929,-22.62142884426,
    0.599791284016));
#5550 = CARTESIAN_POINT('',(7.993727055683,-22.50208468709,
    0.551537310718));
#5551 = CARTESIAN_POINT('',(7.97941842624,-22.39659809721,0.497735048068
    ));
#5552 = CARTESIAN_POINT('',(7.9651349564,-22.30868097262,0.438399074398)
  );
#5553 = CARTESIAN_POINT('',(7.939218955739,-22.17750052709,
    0.317505896157));
#5554 = CARTESIAN_POINT('',(7.927481658051,-22.13089713748,
    0.256791627025));
#5555 = CARTESIAN_POINT('',(7.916783830707,-22.10098346465,
    0.193824869346));
#5556 = CARTESIAN_POINT('',(7.907451400044,-22.08627269138,
    0.129591981599));
#5557 = CARTESIAN_POINT('',(7.899646197161,-22.08448293637,
    6.491452653557E-02));
#5558 = CARTESIAN_POINT('',(7.893395847758,-22.09345589619,
    3.702541322261E-04));
#5559 = CARTESIAN_POINT('',(7.882662822965,-22.13413213684,
    -0.145516937268));
#5560 = CARTESIAN_POINT('',(7.879135260192,-22.1714397088,-0.22666476255
    ));
#5561 = CARTESIAN_POINT('',(7.878026751872,-22.21959860237,
    -0.306960362665));
#5562 = CARTESIAN_POINT('',(7.8792347416,-22.27603050745,-0.386243521892
    ));
#5563 = CARTESIAN_POINT('',(7.88264559956,-22.33886746169,
    -0.464461637844));
#5564 = CARTESIAN_POINT('',(7.888164600844,-22.40675954731,
    -0.541690571492));
#5565 = CARTESIAN_POINT('',(7.907018169732,-22.58586152439,
    -0.731584648358));
#5566 = CARTESIAN_POINT('',(7.922814371094,-22.70185283129,
    -0.843022689642));
#5567 = CARTESIAN_POINT('',(7.942941437867,-22.82360577976,
    -0.952729915348));
#5568 = CARTESIAN_POINT('',(7.967283918104,-22.94910194885,
    -1.060822133065));
#5569 = CARTESIAN_POINT('',(7.995772992778,-23.07687213586,
    -1.167367034567));
#5570 = CARTESIAN_POINT('',(8.028377697743,-23.20569650086,
    -1.272434483347));
#5571 = CARTESIAN_POINT('',(8.105420386182,-23.47606903788,
    -1.489718804124));
#5572 = CARTESIAN_POINT('',(8.150676718769,-23.61757224753,
    -1.601594327561));
#5573 = CARTESIAN_POINT('',(8.200900932934,-23.75786550679,
    -1.711720056402));
#5574 = CARTESIAN_POINT('',(8.256127678428,-23.89586436175,
    -1.82002585348));
#5575 = CARTESIAN_POINT('',(8.316401522793,-24.03059314003,
    -1.926375259847));
#5576 = CARTESIAN_POINT('',(8.381758750813,-24.16114185024,
    -2.030575543395));
#5577 = CARTESIAN_POINT('',(8.553265770756,-24.46678382111,
    -2.278403487814));
#5578 = CARTESIAN_POINT('',(8.664828773174,-24.63663386719,
    -2.419533088464));
#5579 = CARTESIAN_POINT('',(8.786882571722,-24.79373419366,
    -2.554950611972));
#5580 = CARTESIAN_POINT('',(8.919288723693,-24.93592844874,
    -2.68365340212));
#5581 = CARTESIAN_POINT('',(9.061662298547,-25.06162627982,
    -2.804477904899));
#5582 = CARTESIAN_POINT('',(9.213277672296,-25.16994418088,
    -2.91619839229));
#5583 = CARTESIAN_POINT('',(9.609847219872,-25.39545595655,
    -3.168203362026));
#5584 = CARTESIAN_POINT('',(9.864481276652,-25.49165936153,
    -3.296208956216));
#5585 = CARTESIAN_POINT('',(10.133486106297,-25.54912968783,
    -3.398265298517));
#5586 = CARTESIAN_POINT('',(10.412666252238,-25.5715148905,
    -3.471935689184));
#5587 = CARTESIAN_POINT('',(10.697404403072,-25.56390148207,
    -3.515979175937));
#5588 = CARTESIAN_POINT('',(10.983195829488,-25.52811717469,
    -3.530308273853));
#5589 = CARTESIAN_POINT('',(11.470941303533,-25.41756495491,
    -3.505145253884));
#5590 = CARTESIAN_POINT('',(11.674423686257,-25.35618532839,
    -3.479354260323));
#5591 = CARTESIAN_POINT('',(11.874756338917,-25.27985111472,
    -3.438639071288));
#5592 = CARTESIAN_POINT('',(12.070315887517,-25.18787656152,
    -3.383551060822));
#5593 = CARTESIAN_POINT('',(12.259568407619,-25.07933416235,
    -3.314944857244));
#5594 = CARTESIAN_POINT('',(12.441170985339,-24.95351949592,
    -3.233944865542));
#5595 = CARTESIAN_POINT('',(12.780720719082,-24.67259531688,
    -3.053042045132));
#5596 = CARTESIAN_POINT('',(12.939305253764,-24.51868215081,
    -2.953912255414));
#5597 = CARTESIAN_POINT('',(13.088773546531,-24.34880249769,
    -2.84563167951));
#5598 = CARTESIAN_POINT('',(13.228483236594,-24.16356603093,
    -2.729483805353));
#5599 = CARTESIAN_POINT('',(13.358134546297,-23.96415865431,
    -2.606677298256));
#5600 = CARTESIAN_POINT('',(13.477682110353,-23.75224373715,
    -2.478248689454));
#5601 = CARTESIAN_POINT('',(13.587207265687,-23.52974233176,
    -2.34504279112));
#5602 = PCURVE('',#3014,#5603);
#5603 = DEFINITIONAL_REPRESENTATION('',(#5604),#5703);
#5604 = B_SPLINE_CURVE_WITH_KNOTS('',7,(#5605,#5606,#5607,#5608,#5609,
    #5610,#5611,#5612,#5613,#5614,#5615,#5616,#5617,#5618,#5619,#5620,
    #5621,#5622,#5623,#5624,#5625,#5626,#5627,#5628,#5629,#5630,#5631,
    #5632,#5633,#5634,#5635,#5636,#5637,#5638,#5639,#5640,#5641,#5642,
    #5643,#5644,#5645,#5646,#5647,#5648,#5649,#5650,#5651,#5652,#5653,
    #5654,#5655,#5656,#5657,#5658,#5659,#5660,#5661,#5662,#5663,#5664,
    #5665,#5666,#5667,#5668,#5669,#5670,#5671,#5672,#5673,#5674,#5675,
    #5676,#5677,#5678,#5679,#5680,#5681,#5682,#5683,#5684,#5685,#5686,
    #5687,#5688,#5689,#5690,#5691,#5692,#5693,#5694,#5695,#5696,#5697,
    #5698,#5699,#5700,#5701,#5702),.UNSPECIFIED.,.F.,.F.,(8,6,6,6,6,6,6,
    6,6,6,6,6,6,6,6,6,8),(0.,8.849757704869E-02,0.173851227295,
    0.214627659214,0.255528895772,0.267120065797,0.305180486689,
    0.347010705334,0.381316848534,0.412366517333,0.451971538283,
    0.510751821574,0.575202330115,0.66764988912,0.804730406736,
    0.904152371873,1.),.UNSPECIFIED.);
#5605 = CARTESIAN_POINT('',(6.28318530718,8.886653852121));
#5606 = CARTESIAN_POINT('',(6.228684372991,8.857357493711));
#5607 = CARTESIAN_POINT('',(6.17423369001,8.823091149283));
#5608 = CARTESIAN_POINT('',(6.1198431669,8.783999506216));
#5609 = CARTESIAN_POINT('',(6.065512557711,8.74053449053));
#5610 = CARTESIAN_POINT('',(6.011232342452,8.693442538078));
#5611 = CARTESIAN_POINT('',(5.956980830671,8.643961546775));
#5612 = CARTESIAN_POINT('',(5.850381881571,8.546260302912));
#5613 = CARTESIAN_POINT('',(5.798094803159,8.498108667162));
#5614 = CARTESIAN_POINT('',(5.745735274264,8.451640555627));
#5615 = CARTESIAN_POINT('',(5.693237981898,8.409432071839));
#5616 = CARTESIAN_POINT('',(5.640583645072,8.375610427545));
#5617 = CARTESIAN_POINT('',(5.587797957476,8.355588139084));
#5618 = CARTESIAN_POINT('',(5.509662029138,8.360578954888));
#5619 = CARTESIAN_POINT('',(5.484416858768,8.36753554515));
#5620 = CARTESIAN_POINT('',(5.459185180423,8.380847329754));
#5621 = CARTESIAN_POINT('',(5.434012173124,8.401778587578));
#5622 = CARTESIAN_POINT('',(5.408989343738,8.431805788266));
#5623 = CARTESIAN_POINT('',(5.384253874479,8.472577582605));
#5624 = CARTESIAN_POINT('',(5.335647795578,8.579335130242));
#5625 = CARTESIAN_POINT('',(5.311742117682,8.645475829949));
#5626 = CARTESIAN_POINT('',(5.288554402062,8.725948494635));
#5627 = CARTESIAN_POINT('',(5.266432914705,8.822148076799));
#5628 = CARTESIAN_POINT('',(5.245765681524,8.934865273383));
#5629 = CARTESIAN_POINT('',(5.226929900749,9.063680125245));
#5630 = CARTESIAN_POINT('',(5.205479132906,9.246456876165));
#5631 = CARTESIAN_POINT('',(5.200889538936,9.288098077691));
#5632 = CARTESIAN_POINT('',(5.19645246976,9.331086948401));
#5633 = CARTESIAN_POINT('',(5.19216780878,9.375428472296));
#5634 = CARTESIAN_POINT('',(5.18802987956,9.421066095097));
#5635 = CARTESIAN_POINT('',(5.184027445824,9.467881724252));
#5636 = CARTESIAN_POINT('',(5.167391196879,9.672696371541));
#5637 = CARTESIAN_POINT('',(5.156295641823,9.836638662478));
#5638 = CARTESIAN_POINT('',(5.146256672858,10.004453760253));
#5639 = CARTESIAN_POINT('',(5.13694681953,10.174405250033));
#5640 = CARTESIAN_POINT('',(5.128081875394,10.34531996133));
#5641 = CARTESIAN_POINT('',(5.119436736764,10.516666144274));
#5642 = CARTESIAN_POINT('',(5.101245081957,10.876931165574));
#5643 = CARTESIAN_POINT('',(5.091729034494,11.065207576504));
#5644 = CARTESIAN_POINT('',(5.081917622675,11.252762415185));
#5645 = CARTESIAN_POINT('',(5.071537845105,11.438851962743));
#5646 = CARTESIAN_POINT('',(5.060307210969,11.62225074445));
#5647 = CARTESIAN_POINT('',(5.047882996739,11.801090165201));
#5648 = CARTESIAN_POINT('',(5.022253042638,12.113331736479));
#5649 = CARTESIAN_POINT('',(5.009572042275,12.249334354487));
#5650 = CARTESIAN_POINT('',(4.995535837814,12.378571155732));
#5651 = CARTESIAN_POINT('',(4.979949851197,12.497915312906));
#5652 = CARTESIAN_POINT('',(4.962666884744,12.603401902786));
#5653 = CARTESIAN_POINT('',(4.943719264488,12.691319027379));
#5654 = CARTESIAN_POINT('',(4.90532181171,12.822499472906));
#5655 = CARTESIAN_POINT('',(4.886121223252,12.869102862512));
#5656 = CARTESIAN_POINT('',(4.866294591546,12.899016535346));
#5657 = CARTESIAN_POINT('',(4.846147430343,12.913727308617));
#5658 = CARTESIAN_POINT('',(4.825924724363,12.915517063625));
#5659 = CARTESIAN_POINT('',(4.805791472492,12.906544103809));
#5660 = CARTESIAN_POINT('',(4.76036244245,12.865867863155));
#5661 = CARTESIAN_POINT('',(4.735148797642,12.828560291194));
#5662 = CARTESIAN_POINT('',(4.710227272267,12.780401397626));
#5663 = CARTESIAN_POINT('',(4.685620518146,12.723969492545));
#5664 = CARTESIAN_POINT('',(4.661321215297,12.66113253831));
#5665 = CARTESIAN_POINT('',(4.63728507305,12.593240452687));
#5666 = CARTESIAN_POINT('',(4.578021806971,12.414138475609));
#5667 = CARTESIAN_POINT('',(4.543098321026,12.298147168707));
#5668 = CARTESIAN_POINT('',(4.508504579438,12.176394220238));
#5669 = CARTESIAN_POINT('',(4.474143969149,12.050898051145));
#5670 = CARTESIAN_POINT('',(4.439936298735,11.923127864132));
#5671 = CARTESIAN_POINT('',(4.405798692687,11.794303499135));
#5672 = CARTESIAN_POINT('',(4.334202850266,11.523930962115));
#5673 = CARTESIAN_POINT('',(4.296759517676,11.382427752468));
#5674 = CARTESIAN_POINT('',(4.259227046658,11.24213449321));
#5675 = CARTESIAN_POINT('',(4.221536535379,11.104135638245));
#5676 = CARTESIAN_POINT('',(4.183633147724,10.969406859966));
#5677 = CARTESIAN_POINT('',(4.145472996002,10.838858149754));
#5678 = CARTESIAN_POINT('',(4.051874948526,10.533216178888));
#5679 = CARTESIAN_POINT('',(3.996118390465,10.363366132805));
#5680 = CARTESIAN_POINT('',(3.939692188985,10.20626580634));
#5681 = CARTESIAN_POINT('',(3.882576822821,10.064071551254));
#5682 = CARTESIAN_POINT('',(3.824801880764,9.938373720172));
#5683 = CARTESIAN_POINT('',(3.766452990751,9.830055819116));
#5684 = CARTESIAN_POINT('',(3.620531921358,9.604544043442));
#5685 = CARTESIAN_POINT('',(3.532467792223,9.508340638463));
#5686 = CARTESIAN_POINT('',(3.443878220072,9.450870312165));
#5687 = CARTESIAN_POINT('',(3.35508472976,9.428485109499));
#5688 = CARTESIAN_POINT('',(3.266369135223,9.436098517927));
#5689 = CARTESIAN_POINT('',(3.177961180147,9.471882825304));
#5690 = CARTESIAN_POINT('',(3.026285984874,9.582435045081));
#5691 = CARTESIAN_POINT('',(2.962763812149,9.643814671608));
#5692 = CARTESIAN_POINT('',(2.899556967681,9.720148885275));
#5693 = CARTESIAN_POINT('',(2.836766773078,9.812123438477));
#5694 = CARTESIAN_POINT('',(2.774509720956,9.920665837645));
#5695 = CARTESIAN_POINT('',(2.712906691282,10.046480504077));
#5696 = CARTESIAN_POINT('',(2.593424243478,10.327404683117));
#5697 = CARTESIAN_POINT('',(2.535482988075,10.48131784919));
#5698 = CARTESIAN_POINT('',(2.478374120265,10.651197502304));
#5699 = CARTESIAN_POINT('',(2.422168825022,10.836433969069));
#5700 = CARTESIAN_POINT('',(2.36688621382,11.035841345681));
#5701 = CARTESIAN_POINT('',(2.312499073233,11.247756262841));
#5702 = CARTESIAN_POINT('',(2.258942660717,11.470257668235));
#5703 = ( GEOMETRIC_REPRESENTATION_CONTEXT(2) 
PARAMETRIC_REPRESENTATION_CONTEXT() REPRESENTATION_CONTEXT('2D SPACE',''
  ) );
#5704 = PCURVE('',#4738,#5705);
#5705 = DEFINITIONAL_REPRESENTATION('',(#5706),#5805);
#5706 = B_SPLINE_CURVE_WITH_KNOTS('',7,(#5707,#5708,#5709,#5710,#5711,
    #5712,#5713,#5714,#5715,#5716,#5717,#5718,#5719,#5720,#5721,#5722,
    #5723,#5724,#5725,#5726,#5727,#5728,#5729,#5730,#5731,#5732,#5733,
    #5734,#5735,#5736,#5737,#5738,#5739,#5740,#5741,#5742,#5743,#5744,
    #5745,#5746,#5747,#5748,#5749,#5750,#5751,#5752,#5753,#5754,#5755,
    #5756,#5757,#5758,#5759,#5760,#5761,#5762,#5763,#5764,#5765,#5766,
    #5767,#5768,#5769,#5770,#5771,#5772,#5773,#5774,#5775,#5776,#5777,
    #5778,#5779,#5780,#5781,#5782,#5783,#5784,#5785,#5786,#5787,#5788,
    #5789,#5790,#5791,#5792,#5793,#5794,#5795,#5796,#5797,#5798,#5799,
    #5800,#5801,#5802,#5803,#5804),.UNSPECIFIED.,.F.,.F.,(8,6,6,6,6,6,6,
    6,6,6,6,6,6,6,6,6,8),(0.,8.849757704869E-02,0.173851227295,
    0.214627659214,0.255528895772,0.267120065797,0.305180486689,
    0.347010705334,0.381316848534,0.412366517333,0.451971538283,
    0.510751821574,0.575202330115,0.66764988912,0.804730406736,
    0.904152371873,1.),.UNSPECIFIED.);
#5707 = CARTESIAN_POINT('',(3.439836000744,0.657007565364));
#5708 = CARTESIAN_POINT('',(3.449312322596,0.657007565364));
#5709 = CARTESIAN_POINT('',(3.458817851303,0.656496647284));
#5710 = CARTESIAN_POINT('',(3.468299489797,0.655476591907));
#5711 = CARTESIAN_POINT('',(3.477700935159,0.653955156478));
#5712 = CARTESIAN_POINT('',(3.486964606425,0.65194566507));
#5713 = CARTESIAN_POINT('',(3.496030805452,0.649464300849));
#5714 = CARTESIAN_POINT('',(3.513324673782,0.643690316389));
#5715 = CARTESIAN_POINT('',(3.521561087428,0.640432895057));
#5716 = CARTESIAN_POINT('',(3.529499058369,0.636762198796));
#5717 = CARTESIAN_POINT('',(3.537077550889,0.632686283773));
#5718 = CARTESIAN_POINT('',(3.544211624638,0.628208505795));
#5719 = CARTESIAN_POINT('',(3.550803189294,0.623332594717));
#5720 = CARTESIAN_POINT('',(3.559535403609,0.615484108079));
#5721 = CARTESIAN_POINT('',(3.562198646535,0.612851068514));
#5722 = CARTESIAN_POINT('',(3.564688413779,0.610117896976));
#5723 = CARTESIAN_POINT('',(3.566983185727,0.607282838599));
#5724 = CARTESIAN_POINT('',(3.569055895447,0.60434667075));
#5725 = CARTESIAN_POINT('',(3.570876208697,0.601312570583));
#5726 = CARTESIAN_POINT('',(3.573954102251,0.595049825012));
#5727 = CARTESIAN_POINT('',(3.575212383367,0.591815743105));
#5728 = CARTESIAN_POINT('',(3.57614824475,0.588500706751));
#5729 = CARTESIAN_POINT('',(3.576726178988,0.585130550777));
#5730 = CARTESIAN_POINT('',(3.576923172744,0.581737208555));
#5731 = CARTESIAN_POINT('',(3.576737713105,0.578359397371));
#5732 = CARTESIAN_POINT('',(3.576046590221,0.574107972326));
#5733 = CARTESIAN_POINT('',(3.5758649741,0.573169925184));
#5734 = CARTESIAN_POINT('',(3.575653648777,0.572232204645));
#5735 = CARTESIAN_POINT('',(3.57541291065,0.571294554364));
#5736 = CARTESIAN_POINT('',(3.575144056673,0.570356871126));
#5737 = CARTESIAN_POINT('',(3.574849384359,0.569419204851));
#5738 = CARTESIAN_POINT('',(3.573490667648,0.56540358794));
#5739 = CARTESIAN_POINT('',(3.572227654642,0.562409345402));
#5740 = CARTESIAN_POINT('',(3.570826133643,0.559467624156));
#5741 = CARTESIAN_POINT('',(3.56932892382,0.556559830625));
#5742 = CARTESIAN_POINT('',(3.567769566094,0.553665736544));
#5743 = CARTESIAN_POINT('',(3.566168706503,0.55076353306));
#5744 = CARTESIAN_POINT('',(3.562754918954,0.544591596155));
#5745 = CARTESIAN_POINT('',(3.560943329188,0.541325876822));
#5746 = CARTESIAN_POINT('',(3.559130500219,0.537990501243));
#5747 = CARTESIAN_POINT('',(3.557340299017,0.534554860829));
#5748 = CARTESIAN_POINT('',(3.555603093335,0.530990210699));
#5749 = CARTESIAN_POINT('',(3.553959140755,0.527264186467));
#5750 = CARTESIAN_POINT('',(3.551230183464,0.520108719821));
#5751 = CARTESIAN_POINT('',(3.550096113272,0.516741555334));
#5752 = CARTESIAN_POINT('',(3.549090494249,0.513218009127));
#5753 = CARTESIAN_POINT('',(3.548258370006,0.50953959634));
#5754 = CARTESIAN_POINT('',(3.547645496465,0.505723806682));
#5755 = CARTESIAN_POINT('',(3.547279544727,0.501814463757));
#5756 = CARTESIAN_POINT('',(3.547021231386,0.494359722718));
#5757 = CARTESIAN_POINT('',(3.547087591542,0.490821001208));
#5758 = CARTESIAN_POINT('',(3.547330370611,0.487349436529));
#5759 = CARTESIAN_POINT('',(3.547708823746,0.483980463541));
#5760 = CARTESIAN_POINT('',(3.548179989086,0.480731795529));
#5761 = CARTESIAN_POINT('',(3.548710606372,0.477609420459));
#5762 = CARTESIAN_POINT('',(3.549995107341,0.470780756212));
#5763 = CARTESIAN_POINT('',(3.550770947935,0.467147047975));
#5764 = CARTESIAN_POINT('',(3.551553934359,0.463679641856));
#5765 = CARTESIAN_POINT('',(3.552313265906,0.460358545273));
#5766 = CARTESIAN_POINT('',(3.55302952551,0.457165862833));
#5767 = CARTESIAN_POINT('',(3.553690021127,0.45408294953));
#5768 = CARTESIAN_POINT('',(3.555170430971,0.446648920267));
#5769 = CARTESIAN_POINT('',(3.555910401567,0.44241731932));
#5770 = CARTESIAN_POINT('',(3.55647543579,0.438345776585));
#5771 = CARTESIAN_POINT('',(3.556848233663,0.434405931597));
#5772 = CARTESIAN_POINT('',(3.557016975772,0.430577868905));
#5773 = CARTESIAN_POINT('',(3.55697126351,0.426844402364));
#5774 = CARTESIAN_POINT('',(3.556406039607,0.419188608299));
#5775 = CARTESIAN_POINT('',(3.555841331806,0.415284603436));
#5776 = CARTESIAN_POINT('',(3.554995434832,0.411465130495));
#5777 = CARTESIAN_POINT('',(3.553857642181,0.407721459537));
#5778 = CARTESIAN_POINT('',(3.552417854684,0.404049376091));
#5779 = CARTESIAN_POINT('',(3.550666645965,0.400448180022));
#5780 = CARTESIAN_POINT('',(3.54562630362,0.391861459497));
#5781 = CARTESIAN_POINT('',(3.541998743264,0.386952783747));
#5782 = CARTESIAN_POINT('',(3.537691594612,0.382206880568));
#5783 = CARTESIAN_POINT('',(3.532690167883,0.377648700348));
#5784 = CARTESIAN_POINT('',(3.526993281154,0.373317092421));
#5785 = CARTESIAN_POINT('',(3.520619338314,0.369261374756));
#5786 = CARTESIAN_POINT('',(3.503222041149,0.360005956425));
#5787 = CARTESIAN_POINT('',(3.491441493623,0.355200316374));
#5788 = CARTESIAN_POINT('',(3.478402123671,0.351278435572));
#5789 = CARTESIAN_POINT('',(3.464298564592,0.348395046772));
#5790 = CARTESIAN_POINT('',(3.449363908507,0.346662638181));
#5791 = CARTESIAN_POINT('',(3.43378708145,0.346102761885));
#5792 = CARTESIAN_POINT('',(3.406030517611,0.34708842372));
#5793 = CARTESIAN_POINT('',(3.394089350862,0.348097862246));
#5794 = CARTESIAN_POINT('',(3.381925948421,0.349687387479));
#5795 = CARTESIAN_POINT('',(3.369581461702,0.351822426977));
#5796 = CARTESIAN_POINT('',(3.357084824672,0.354451323228));
#5797 = CARTESIAN_POINT('',(3.344456139729,0.357511978142));
#5798 = CARTESIAN_POINT('',(3.31943450196,0.364249984311));
#5799 = CARTESIAN_POINT('',(3.307047793389,0.367901605222));
#5800 = CARTESIAN_POINT('',(3.294579360194,0.37184061047));
#5801 = CARTESIAN_POINT('',(3.282042959376,0.376011594079));
#5802 = CARTESIAN_POINT('',(3.269448494064,0.380369270937));
#5803 = CARTESIAN_POINT('',(3.25680758309,0.384881913892));
#5804 = CARTESIAN_POINT('',(3.244139140074,0.389529602918));
#5805 = ( GEOMETRIC_REPRESENTATION_CONTEXT(2) 
PARAMETRIC_REPRESENTATION_CONTEXT() REPRESENTATION_CONTEXT('2D SPACE',''
  ) );
#5806 = ORIENTED_EDGE('',*,*,#5807,.T.);
#5807 = EDGE_CURVE('',#5500,#5280,#5808,.T.);
#5808 = SURFACE_CURVE('',#5809,(#5817,#5828),.PCURVE_S1.);
#5809 = B_SPLINE_CURVE_WITH_KNOTS('',6,(#5810,#5811,#5812,#5813,#5814,
    #5815,#5816),.UNSPECIFIED.,.F.,.F.,(7,7),(0.,1.),
  .PIECEWISE_BEZIER_KNOTS.);
#5810 = CARTESIAN_POINT('',(13.587207265687,-23.52974233176,
    -2.34504279112));
#5811 = CARTESIAN_POINT('',(13.702166021236,-23.29620251532,
    -2.205228478531));
#5812 = CARTESIAN_POINT('',(13.805790864775,-23.05062650973,
    -2.059971679102));
#5813 = CARTESIAN_POINT('',(13.898245580342,-22.79533004039,
    -1.910277908056));
#5814 = CARTESIAN_POINT('',(13.979886382301,-22.53308114054,
    -1.756761949596));
#5815 = CARTESIAN_POINT('',(14.051066008089,-22.26663439371,
    -1.599706104593));
#5816 = CARTESIAN_POINT('',(14.11193493576,-21.999994,-1.438704501944));
#5817 = PCURVE('',#3014,#5818);
#5818 = DEFINITIONAL_REPRESENTATION('',(#5819),#5827);
#5819 = B_SPLINE_CURVE_WITH_KNOTS('',6,(#5820,#5821,#5822,#5823,#5824,
    #5825,#5826),.UNSPECIFIED.,.F.,.F.,(7,7),(0.,0.99999624963),
  .PIECEWISE_BEZIER_KNOTS.);
#5820 = CARTESIAN_POINT('',(2.258942660717,11.470257668235));
#5821 = CARTESIAN_POINT('',(2.202729497398,11.703796608813));
#5822 = CARTESIAN_POINT('',(2.147446129569,11.949371648269));
#5823 = CARTESIAN_POINT('',(2.092982444328,12.204667087241));
#5824 = CARTESIAN_POINT('',(2.039146730195,12.466914925333));
#5825 = CARTESIAN_POINT('',(1.985706174663,12.733360609914));
#5826 = CARTESIAN_POINT('',(1.932251833354,13.));
#5827 = ( GEOMETRIC_REPRESENTATION_CONTEXT(2) 
PARAMETRIC_REPRESENTATION_CONTEXT() REPRESENTATION_CONTEXT('2D SPACE',''
  ) );
#5828 = PCURVE('',#4738,#5829);
#5829 = DEFINITIONAL_REPRESENTATION('',(#5830),#5838);
#5830 = B_SPLINE_CURVE_WITH_KNOTS('',6,(#5831,#5832,#5833,#5834,#5835,
    #5836,#5837),.UNSPECIFIED.,.F.,.F.,(7,7),(0.,0.99999624963),
  .PIECEWISE_BEZIER_KNOTS.);
#5831 = CARTESIAN_POINT('',(3.244139140074,0.389529602918));
#5832 = CARTESIAN_POINT('',(3.230842258845,0.39440784793));
#5833 = CARTESIAN_POINT('',(3.217511778302,0.399440208608));
#5834 = CARTESIAN_POINT('',(3.204163608267,0.404603726826));
#5835 = CARTESIAN_POINT('',(3.19082740209,0.409898781053));
#5836 = CARTESIAN_POINT('',(3.177542438429,0.415341566341));
#5837 = CARTESIAN_POINT('',(3.164439146792,0.420990624859));
#5838 = ( GEOMETRIC_REPRESENTATION_CONTEXT(2) 
PARAMETRIC_REPRESENTATION_CONTEXT() REPRESENTATION_CONTEXT('2D SPACE',''
  ) );
#5839 = ADVANCED_FACE('',(#5840),#3539,.F.);
#5840 = FACE_BOUND('',#5841,.F.);
#5841 = EDGE_LOOP('',(#5842,#5872,#5982,#6236,#6255,#6256,#6257,#6258));
#5842 = ORIENTED_EDGE('',*,*,#5843,.F.);
#5843 = EDGE_CURVE('',#5844,#5846,#5848,.T.);
#5844 = VERTEX_POINT('',#5845);
#5845 = CARTESIAN_POINT('',(-14.11193356607,-22.,-1.438708124836));
#5846 = VERTEX_POINT('',#5847);
#5847 = CARTESIAN_POINT('',(-14.12407998901,-22.,0.806047114749));
#5848 = SURFACE_CURVE('',#5849,(#5854,#5860),.PCURVE_S1.);
#5849 = CIRCLE('',#5850,3.22);
#5850 = AXIS2_PLACEMENT_3D('',#5851,#5852,#5853);
#5851 = CARTESIAN_POINT('',(-11.1,-22.,-0.3));
#5852 = DIRECTION('',(0.,1.,0.));
#5853 = DIRECTION('',(0.,-0.,1.));
#5854 = PCURVE('',#3539,#5855);
#5855 = DEFINITIONAL_REPRESENTATION('',(#5856),#5859);
#5856 = B_SPLINE_CURVE_WITH_KNOTS('',1,(#5857,#5858),.UNSPECIFIED.,.F.,
  .F.,(2,2),(4.350933473825,5.063022545929),.PIECEWISE_BEZIER_KNOTS.);
#5857 = CARTESIAN_POINT('',(4.350933473825,13.));
#5858 = CARTESIAN_POINT('',(5.063022545929,13.));
#5859 = ( GEOMETRIC_REPRESENTATION_CONTEXT(2) 
PARAMETRIC_REPRESENTATION_CONTEXT() REPRESENTATION_CONTEXT('2D SPACE',''
  ) );
#5860 = PCURVE('',#5861,#5866);
#5861 = PLANE('',#5862);
#5862 = AXIS2_PLACEMENT_3D('',#5863,#5864,#5865);
#5863 = CARTESIAN_POINT('',(-11.1,-22.,-0.3));
#5864 = DIRECTION('',(0.,1.,0.));
#5865 = DIRECTION('',(0.,-0.,1.));
#5866 = DEFINITIONAL_REPRESENTATION('',(#5867),#5871);
#5867 = CIRCLE('',#5868,3.22);
#5868 = AXIS2_PLACEMENT_2D('',#5869,#5870);
#5869 = CARTESIAN_POINT('',(0.,0.));
#5870 = DIRECTION('',(1.,0.));
#5871 = ( GEOMETRIC_REPRESENTATION_CONTEXT(2) 
PARAMETRIC_REPRESENTATION_CONTEXT() REPRESENTATION_CONTEXT('2D SPACE',''
  ) );
#5872 = ORIENTED_EDGE('',*,*,#5873,.T.);
#5873 = EDGE_CURVE('',#5844,#5874,#5876,.T.);
#5874 = VERTEX_POINT('',#5875);
#5875 = CARTESIAN_POINT('',(-8.599980150597,-24.52583900433,
    -2.329359690294));
#5876 = SURFACE_CURVE('',#5877,(#5910,#5946),.PCURVE_S1.);
#5877 = B_SPLINE_CURVE_WITH_KNOTS('',7,(#5878,#5879,#5880,#5881,#5882,
    #5883,#5884,#5885,#5886,#5887,#5888,#5889,#5890,#5891,#5892,#5893,
    #5894,#5895,#5896,#5897,#5898,#5899,#5900,#5901,#5902,#5903,#5904,
    #5905,#5906,#5907,#5908,#5909),.UNSPECIFIED.,.F.,.F.,(8,6,6,6,6,8),(
    0.,0.148174915898,0.369924972426,0.569322703347,0.848171623974,1.),
  .UNSPECIFIED.);
#5878 = CARTESIAN_POINT('',(-14.11193493576,-21.999994,-1.438704501944)
  );
#5879 = CARTESIAN_POINT('',(-14.06775435889,-22.19352996096,
    -1.555564514979));
#5880 = CARTESIAN_POINT('',(-14.01829124693,-22.38697331864,
    -1.670406494569));
#5881 = CARTESIAN_POINT('',(-13.96349475761,-22.57892491859,
    -1.783369226254));
#5882 = CARTESIAN_POINT('',(-13.90326826504,-22.76827309876,
    -1.894438329047));
#5883 = CARTESIAN_POINT('',(-13.83749566968,-22.95402215888,
    -2.003495985639));
#5884 = CARTESIAN_POINT('',(-13.7660651616,-23.13522614591,
    -2.110342862844));
#5885 = CARTESIAN_POINT('',(-13.5733951826,-23.57412283169,
    -2.370855471752));
#5886 = CARTESIAN_POINT('',(-13.44499787943,-23.82519162069,
    -2.521475110448));
#5887 = CARTESIAN_POINT('',(-13.30347524742,-24.0612114115,
    -2.665490450814));
#5888 = CARTESIAN_POINT('',(-13.14874333209,-24.27948931762,
    -2.801490875533));
#5889 = CARTESIAN_POINT('',(-12.98110119547,-24.47804849835,
    -2.927721427926));
#5890 = CARTESIAN_POINT('',(-12.80141644822,-24.65584291976,
    -3.042254589565));
#5891 = CARTESIAN_POINT('',(-12.44025724257,-24.95393748694,
    -3.234213712743));
#5892 = CARTESIAN_POINT('',(-12.26075426239,-25.07825323069,
    -3.31423438963));
#5893 = CARTESIAN_POINT('',(-12.07377999264,-25.18570234914,
    -3.382148726781));
#5894 = CARTESIAN_POINT('',(-11.88063050731,-25.27695847482,
    -3.436871100635));
#5895 = CARTESIAN_POINT('',(-11.68278435903,-25.35291264854,
    -3.477572939717));
#5896 = CARTESIAN_POINT('',(-11.48180653281,-25.41423351586,
    -3.503714576301));
#5897 = CARTESIAN_POINT('',(-10.99594439229,-25.52637611405,
    -3.530800930079));
#5898 = CARTESIAN_POINT('',(-10.70940591452,-25.56332206697,
    -3.517562124049));
#5899 = CARTESIAN_POINT('',(-10.42378202851,-25.57200289042,
    -3.474457971432));
#5900 = CARTESIAN_POINT('',(-10.14361808086,-25.55064580185,
    -3.401548037422));
#5901 = CARTESIAN_POINT('',(-9.873576680114,-25.49414210522,
    -3.300064262588));
#5902 = CARTESIAN_POINT('',(-9.617884121726,-25.39877966489,
    -3.172442800676));
#5903 = CARTESIAN_POINT('',(-9.250446588064,-25.19173138363,
    -2.940270906901));
#5904 = CARTESIAN_POINT('',(-9.126214546576,-25.10728758904,
    -2.851709418739));
#5905 = CARTESIAN_POINT('',(-9.007876524854,-25.01142853118,
    -2.757024045164));
#5906 = CARTESIAN_POINT('',(-8.895856363161,-24.90453584377,
    -2.656841440218));
#5907 = CARTESIAN_POINT('',(-8.790436504267,-24.78729756955,
    -2.551788643339));
#5908 = CARTESIAN_POINT('',(-8.691784605468,-24.66066991488,
    -2.442455934661));
#5909 = CARTESIAN_POINT('',(-8.599980150597,-24.52583900433,
    -2.329359690294));
#5910 = PCURVE('',#3539,#5911);
#5911 = DEFINITIONAL_REPRESENTATION('',(#5912),#5945);
#5912 = B_SPLINE_CURVE_WITH_KNOTS('',7,(#5913,#5914,#5915,#5916,#5917,
    #5918,#5919,#5920,#5921,#5922,#5923,#5924,#5925,#5926,#5927,#5928,
    #5929,#5930,#5931,#5932,#5933,#5934,#5935,#5936,#5937,#5938,#5939,
    #5940,#5941,#5942,#5943,#5944),.UNSPECIFIED.,.F.,.F.,(8,6,6,6,6,8),(
    6.562453355702E-07,0.148174915898,0.369924972426,0.569322703347,
    0.848171623974,1.),.UNSPECIFIED.);
#5913 = CARTESIAN_POINT('',(4.350933473825,13.));
#5914 = CARTESIAN_POINT('',(4.3121346626,12.80646489864));
#5915 = CARTESIAN_POINT('',(4.27334190022,12.613022430727));
#5916 = CARTESIAN_POINT('',(4.234414003434,12.421071727018));
#5917 = CARTESIAN_POINT('',(4.195248956764,12.23172443327));
#5918 = CARTESIAN_POINT('',(4.155765649442,12.045976236064));
#5919 = CARTESIAN_POINT('',(4.115896352428,11.864773075487));
#5920 = CARTESIAN_POINT('',(4.015269403117,11.425877168308));
#5921 = CARTESIAN_POINT('',(3.953950708807,11.174808379305));
#5922 = CARTESIAN_POINT('',(3.891497733196,10.938788588492));
#5923 = CARTESIAN_POINT('',(3.827838329256,10.720510682375));
#5924 = CARTESIAN_POINT('',(3.762977292458,10.521951501641));
#5925 = CARTESIAN_POINT('',(3.697008761024,10.34415708024));
#5926 = CARTESIAN_POINT('',(3.569988883432,10.046062513056));
#5927 = CARTESIAN_POINT('',(3.509100153213,9.921746769303));
#5928 = CARTESIAN_POINT('',(3.447572471541,9.814297650858));
#5929 = CARTESIAN_POINT('',(3.385522660786,9.723041525178));
#5930 = CARTESIAN_POINT('',(3.323063319597,9.647087351458));
#5931 = CARTESIAN_POINT('',(3.260292580878,9.585766484137));
#5932 = CARTESIAN_POINT('',(3.10916942123,9.473623885943));
#5933 = CARTESIAN_POINT('',(3.020549123294,9.436677933022));
#5934 = CARTESIAN_POINT('',(2.931611296615,9.42799710958));
#5935 = CARTESIAN_POINT('',(2.842589152527,9.449354198141));
#5936 = CARTESIAN_POINT('',(2.753767131276,9.505857894772));
#5937 = CARTESIAN_POINT('',(2.665466392602,9.601220335106));
#5938 = CARTESIAN_POINT('',(2.530484240243,9.808268616365));
#5939 = CARTESIAN_POINT('',(2.483177320824,9.892712410954));
#5940 = CARTESIAN_POINT('',(2.436224541123,9.988571468816));
#5941 = CARTESIAN_POINT('',(2.389676830479,10.095464156228));
#5942 = CARTESIAN_POINT('',(2.343562925456,10.212702430447));
#5943 = CARTESIAN_POINT('',(2.297891513166,10.339330085115));
#5944 = CARTESIAN_POINT('',(2.252653374599,10.474160995665));
#5945 = ( GEOMETRIC_REPRESENTATION_CONTEXT(2) 
PARAMETRIC_REPRESENTATION_CONTEXT() REPRESENTATION_CONTEXT('2D SPACE',''
  ) );
#5946 = PCURVE('',#5117,#5947);
#5947 = DEFINITIONAL_REPRESENTATION('',(#5948),#5981);
#5948 = B_SPLINE_CURVE_WITH_KNOTS('',7,(#5949,#5950,#5951,#5952,#5953,
    #5954,#5955,#5956,#5957,#5958,#5959,#5960,#5961,#5962,#5963,#5964,
    #5965,#5966,#5967,#5968,#5969,#5970,#5971,#5972,#5973,#5974,#5975,
    #5976,#5977,#5978,#5979,#5980),.UNSPECIFIED.,.F.,.F.,(8,6,6,6,6,8),(
    6.562453355702E-07,0.148174915898,0.369924972426,0.569322703347,
    0.848171623974,1.),.UNSPECIFIED.);
#5949 = CARTESIAN_POINT('',(4.835560853208,0.420990624859));
#5950 = CARTESIAN_POINT('',(4.826050079596,0.416890363783));
#5951 = CARTESIAN_POINT('',(4.816445913107,0.412895663358));
#5952 = CARTESIAN_POINT('',(4.806794151588,0.408986235124));
#5953 = CARTESIAN_POINT('',(4.79711975575,0.405151283578));
#5954 = CARTESIAN_POINT('',(4.787437967965,0.401385839839));
#5955 = CARTESIAN_POINT('',(4.77775991893,0.397689278932));
#5956 = CARTESIAN_POINT('',(4.753625287536,0.388643636836));
#5957 = CARTESIAN_POINT('',(4.739177881581,0.38338358663));
#5958 = CARTESIAN_POINT('',(4.724783622964,0.378304375915));
#5959 = CARTESIAN_POINT('',(4.710459648396,0.373444395388));
#5960 = CARTESIAN_POINT('',(4.69621851972,0.368866501019));
#5961 = CARTESIAN_POINT('',(4.682079167334,0.364652441084));
#5962 = CARTESIAN_POINT('',(4.655486948779,0.357501360583));
#5963 = CARTESIAN_POINT('',(4.643005269554,0.354477747952));
#5964 = CARTESIAN_POINT('',(4.630652569365,0.351875936975));
#5965 = CARTESIAN_POINT('',(4.618448369102,0.349755816102));
#5966 = CARTESIAN_POINT('',(4.606420516795,0.348167376071));
#5967 = CARTESIAN_POINT('',(4.594608419062,0.347144415766));
#5968 = CARTESIAN_POINT('',(4.566911150929,0.346083529062));
#5969 = CARTESIAN_POINT('',(4.551270919944,0.346600395635));
#5970 = CARTESIAN_POINT('',(4.536270260768,0.348296203213));
#5971 = CARTESIAN_POINT('',(4.522098933109,0.351151373136));
#5972 = CARTESIAN_POINT('',(4.508992140764,0.355053634436));
#5973 = CARTESIAN_POINT('',(4.497146186342,0.359847584563));
#5974 = CARTESIAN_POINT('',(4.481003069353,0.36837865425));
#5975 = CARTESIAN_POINT('',(4.475726526117,0.371601862057));
#5976 = CARTESIAN_POINT('',(4.470887329882,0.375013097939));
#5977 = CARTESIAN_POINT('',(4.466497967686,0.378586441299));
#5978 = CARTESIAN_POINT('',(4.462562354038,0.382299176791));
#5979 = CARTESIAN_POINT('',(4.459077664502,0.386133232273));
#5980 = CARTESIAN_POINT('',(4.456036169294,0.390076616763));
#5981 = ( GEOMETRIC_REPRESENTATION_CONTEXT(2) 
PARAMETRIC_REPRESENTATION_CONTEXT() REPRESENTATION_CONTEXT('2D SPACE',''
  ) );
#5982 = ORIENTED_EDGE('',*,*,#5983,.T.);
#5983 = EDGE_CURVE('',#5874,#5984,#5986,.T.);
#5984 = VERTEX_POINT('',#5985);
#5985 = CARTESIAN_POINT('',(-11.1,-26.11334614787,2.92));
#5986 = SURFACE_CURVE('',#5987,(#6068,#6152),.PCURVE_S1.);
#5987 = B_SPLINE_CURVE_WITH_KNOTS('',7,(#5988,#5989,#5990,#5991,#5992,
    #5993,#5994,#5995,#5996,#5997,#5998,#5999,#6000,#6001,#6002,#6003,
    #6004,#6005,#6006,#6007,#6008,#6009,#6010,#6011,#6012,#6013,#6014,
    #6015,#6016,#6017,#6018,#6019,#6020,#6021,#6022,#6023,#6024,#6025,
    #6026,#6027,#6028,#6029,#6030,#6031,#6032,#6033,#6034,#6035,#6036,
    #6037,#6038,#6039,#6040,#6041,#6042,#6043,#6044,#6045,#6046,#6047,
    #6048,#6049,#6050,#6051,#6052,#6053,#6054,#6055,#6056,#6057,#6058,
    #6059,#6060,#6061,#6062,#6063,#6064,#6065,#6066,#6067),
  .UNSPECIFIED.,.F.,.F.,(8,6,6,6,6,6,6,6,6,6,6,6,6,8),(0.,0.136271672059
    ,0.237106576981,0.301825385186,0.352269444752,0.402140970513,
    0.475592575749,0.51607978255,0.53616077855,0.559101477604,
    0.610126731291,0.73688008234,0.848124292608,1.),.UNSPECIFIED.);
#5988 = CARTESIAN_POINT('',(-8.599980150597,-24.52583900433,
    -2.329359690294));
#5989 = CARTESIAN_POINT('',(-8.498818133629,-24.37726487598,
    -2.204735627032));
#5990 = CARTESIAN_POINT('',(-8.405960743515,-24.21871256844,
    -2.075529249535));
#5991 = CARTESIAN_POINT('',(-8.321481772183,-24.05168567058,
    -1.942393182088));
#5992 = CARTESIAN_POINT('',(-8.245332571563,-23.87798438791,
    -1.805840046376));
#5993 = CARTESIAN_POINT('',(-8.177410199648,-23.69953945469,
    -1.666237249695));
#5994 = CARTESIAN_POINT('',(-8.117623571587,-23.5185000603,
    -1.523776587768));
#5995 = CARTESIAN_POINT('',(-8.027727133565,-23.20369997166,
    -1.270860338528));
#5996 = CARTESIAN_POINT('',(-7.993964885384,-23.06996387805,
    -1.161776825517));
#5997 = CARTESIAN_POINT('',(-7.964636806681,-22.93740923204,
    -1.051095419028));
#5998 = CARTESIAN_POINT('',(-7.939772305829,-22.80731731016,
    -0.938747384283));
#5999 = CARTESIAN_POINT('',(-7.919461383667,-22.68146829942,
    -0.824636654415));
#6000 = CARTESIAN_POINT('',(-7.903832361537,-22.56208776392,
    -0.70865336461));
#6001 = CARTESIAN_POINT('',(-7.886255809699,-22.38304325484,
    -0.51459399944));
#6002 = CARTESIAN_POINT('',(-7.88142548273,-22.31743405706,
    -0.437956404022));
#6003 = CARTESIAN_POINT('',(-7.878675277197,-22.25708190082,
    -0.360335421252));
#6004 = CARTESIAN_POINT('',(-7.878101723457,-22.20337525702,
    -0.281661134642));
#6005 = CARTESIAN_POINT('',(-7.879818395341,-22.15824795416,
    -0.202003336986));
#6006 = CARTESIAN_POINT('',(-7.883922321191,-22.12435397122,
    -0.12155282024));
#6007 = CARTESIAN_POINT('',(-7.895568020043,-22.09060273144,
    2.252862752127E-02));
#6008 = CARTESIAN_POINT('',(-7.902157171494,-22.08487324004,
    8.601566202458E-02));
#6009 = CARTESIAN_POINT('',(-7.910244442592,-22.0900440974,
    0.149522486053));
#6010 = CARTESIAN_POINT('',(-7.919781807608,-22.10820425328,
    0.212433791177));
#6011 = CARTESIAN_POINT('',(-7.930586577793,-22.14142868046,
    0.273921663043));
#6012 = CARTESIAN_POINT('',(-7.942321678686,-22.19089024934,
    0.333029474772));
#6013 = CARTESIAN_POINT('',(-7.96660529144,-22.31905905912,
    0.443923884127));
#6014 = CARTESIAN_POINT('',(-7.979136837861,-22.39738727166,
    0.495750379162));
#6015 = CARTESIAN_POINT('',(-7.991687869866,-22.48912752762,
    0.543373193271));
#6016 = CARTESIAN_POINT('',(-8.003923205577,-22.59180341668,
    0.586721748938));
#6017 = CARTESIAN_POINT('',(-8.015659716979,-22.70273308834,
    0.626102810608));
#6018 = CARTESIAN_POINT('',(-8.026850098831,-22.81966695276,
    0.661945293164));
#6019 = CARTESIAN_POINT('',(-8.05319208211,-23.11967566141,0.7430440121)
  );
#6020 = CARTESIAN_POINT('',(-8.067725066426,-23.30797199529,
    0.784762242982));
#6021 = CARTESIAN_POINT('',(-8.081267353027,-23.5021225834,
    0.821819309031));
#6022 = CARTESIAN_POINT('',(-8.094085833159,-23.69964415941,
    0.855526028639));
#6023 = CARTESIAN_POINT('',(-8.106476606374,-23.89887976639,
    0.887010202566));
#6024 = CARTESIAN_POINT('',(-8.118759138114,-24.09900029067,
    0.917237735035));
#6025 = CARTESIAN_POINT('',(-8.138366662253,-24.41028335661,
    0.963903274262));
#6026 = CARTESIAN_POINT('',(-8.14543258492,-24.52091117267,
    0.980418259866));
#6027 = CARTESIAN_POINT('',(-8.152671980254,-24.63141727157,
    0.99704269996));
#6028 = CARTESIAN_POINT('',(-8.16016336451,-24.74163711665,1.01394899474
    ));
#6029 = CARTESIAN_POINT('',(-8.16799998635,-24.85136018196,
    1.031322600348));
#6030 = CARTESIAN_POINT('',(-8.1763009632,-24.9603108083,1.049379363761)
  );
#6031 = CARTESIAN_POINT('',(-8.189647313876,-25.12160515796,
    1.077808281544));
#6032 = CARTESIAN_POINT('',(-8.194207038205,-25.17458398243,
    1.087428301453));
#6033 = CARTESIAN_POINT('',(-8.198914837096,-25.22697978458,
    1.097264057019));
#6034 = CARTESIAN_POINT('',(-8.203785285501,-25.27870255268,
    1.107337481599));
#6035 = CARTESIAN_POINT('',(-8.208834286827,-25.32965801134,
    1.117671302295));
#6036 = CARTESIAN_POINT('',(-8.214079072934,-25.37974762152,
    1.12828903995));
#6037 = CARTESIAN_POINT('',(-8.225774761625,-25.48498477799,
    1.151696928441));
#6038 = CARTESIAN_POINT('',(-8.23228587092,-25.53991950022,
    1.164571890311));
#6039 = CARTESIAN_POINT('',(-8.239114552,-25.59339230961,1.177903589366)
  );
#6040 = CARTESIAN_POINT('',(-8.246293829612,-25.64520399024,
    1.191733081395));
#6041 = CARTESIAN_POINT('',(-8.253846733268,-25.69523654786,
    1.206078783364));
#6042 = CARTESIAN_POINT('',(-8.261786297249,-25.74345320989,
    1.220936473423));
#6043 = CARTESIAN_POINT('',(-8.288641708154,-25.89320298902,
    1.270405153946));
#6044 = CARTESIAN_POINT('',(-8.309359322918,-25.98941089669,
    1.307424926066));
#6045 = CARTESIAN_POINT('',(-8.332264733023,-26.07760011765,
    1.346942884862));
#6046 = CARTESIAN_POINT('',(-8.357299966292,-26.15735839037,
    1.388487458628));
#6047 = CARTESIAN_POINT('',(-8.38435785134,-26.22866937811,
    1.431553136879));
#6048 = CARTESIAN_POINT('',(-8.413287118671,-26.29179882456,
    1.475642380879));
#6049 = CARTESIAN_POINT('',(-8.519937665336,-26.48475649768,
    1.631261570558));
#6050 = CARTESIAN_POINT('',(-8.605878661439,-26.57367369613,
    1.745067122809));
#6051 = CARTESIAN_POINT('',(-8.7003047492,-26.62476846161,1.857185539314
    ));
#6052 = CARTESIAN_POINT('',(-8.801496800345,-26.6481076492,
    1.964646393463));
#6053 = CARTESIAN_POINT('',(-8.907834954624,-26.65191460501,
    2.066074326873));
#6054 = CARTESIAN_POINT('',(-9.018661271078,-26.64172504823,
    2.161266556325));
#6055 = CARTESIAN_POINT('',(-9.236252337382,-26.60332445191,
    2.328941082496));
#6056 = CARTESIAN_POINT('',(-9.341368668476,-26.57755664845,
    2.402402048748));
#6057 = CARTESIAN_POINT('',(-9.449639674961,-26.54670471061,
    2.470815346056));
#6058 = CARTESIAN_POINT('',(-9.560804217943,-26.51268934643,
    2.534055630599));
#6059 = CARTESIAN_POINT('',(-9.674608203524,-26.47692898985,
    2.592014651793));
#6060 = CARTESIAN_POINT('',(-9.790813383604,-26.44051506713,
    2.644599622462));
#6061 = CARTESIAN_POINT('',(-10.07083292867,-26.35474151389,
    2.756056013332));
#6062 = CARTESIAN_POINT('',(-10.2364857814,-26.30552901098,
    2.810189456376));
#6063 = CARTESIAN_POINT('',(-10.40550675841,-26.25870609035,
    2.853869964985));
#6064 = CARTESIAN_POINT('',(-10.57717497693,-26.2154881739,
    2.886852892305));
#6065 = CARTESIAN_POINT('',(-10.75070852776,-26.17660941028,
    2.908938624129));
#6066 = CARTESIAN_POINT('',(-10.92527399364,-26.14251446496,2.92));
#6067 = CARTESIAN_POINT('',(-11.1,-26.11334614787,2.92));
#6068 = PCURVE('',#3539,#6069);
#6069 = DEFINITIONAL_REPRESENTATION('',(#6070),#6151);
#6070 = B_SPLINE_CURVE_WITH_KNOTS('',7,(#6071,#6072,#6073,#6074,#6075,
    #6076,#6077,#6078,#6079,#6080,#6081,#6082,#6083,#6084,#6085,#6086,
    #6087,#6088,#6089,#6090,#6091,#6092,#6093,#6094,#6095,#6096,#6097,
    #6098,#6099,#6100,#6101,#6102,#6103,#6104,#6105,#6106,#6107,#6108,
    #6109,#6110,#6111,#6112,#6113,#6114,#6115,#6116,#6117,#6118,#6119,
    #6120,#6121,#6122,#6123,#6124,#6125,#6126,#6127,#6128,#6129,#6130,
    #6131,#6132,#6133,#6134,#6135,#6136,#6137,#6138,#6139,#6140,#6141,
    #6142,#6143,#6144,#6145,#6146,#6147,#6148,#6149,#6150),
  .UNSPECIFIED.,.F.,.F.,(8,6,6,6,6,6,6,6,6,6,6,6,6,8),(0.,0.136271672059
    ,0.237106576981,0.301825385186,0.352269444752,0.402140970513,
    0.475592575749,0.51607978255,0.53616077855,0.559101477604,
    0.610126731291,0.73688008234,0.848124292608,1.),.UNSPECIFIED.);
#6071 = CARTESIAN_POINT('',(2.252653374599,10.474160995665));
#6072 = CARTESIAN_POINT('',(2.202804145085,10.622735124013));
#6073 = CARTESIAN_POINT('',(2.153475417764,10.781287431553));
#6074 = CARTESIAN_POINT('',(2.104636866238,10.948314329417));
#6075 = CARTESIAN_POINT('',(2.056218942113,11.122015612086));
#6076 = CARTESIAN_POINT('',(2.008123653914,11.300460545305));
#6077 = CARTESIAN_POINT('',(1.960217824687,11.481499939697));
#6078 = CARTESIAN_POINT('',(1.876858326957,11.796300028339));
#6079 = CARTESIAN_POINT('',(1.841426277623,11.930036121941));
#6080 = CARTESIAN_POINT('',(1.805914971485,12.062590767957));
#6081 = CARTESIAN_POINT('',(1.770235339318,12.192682689835));
#6082 = CARTESIAN_POINT('',(1.7342909932,12.318531700577));
#6083 = CARTESIAN_POINT('',(1.697980342741,12.437912236074));
#6084 = CARTESIAN_POINT('',(1.637466764953,12.616956745157));
#6085 = CARTESIAN_POINT('',(1.613627977034,12.68256594293));
#6086 = CARTESIAN_POINT('',(1.58952170167,12.74291809918));
#6087 = CARTESIAN_POINT('',(1.565105847431,12.796624742976));
#6088 = CARTESIAN_POINT('',(1.540378645731,12.841752045833));
#6089 = CARTESIAN_POINT('',(1.515372546461,12.875646028772));
#6090 = CARTESIAN_POINT('',(1.470480830266,12.90939726856));
#6091 = CARTESIAN_POINT('',(1.450663537662,12.915126759952));
#6092 = CARTESIAN_POINT('',(1.430790441211,12.909955902592));
#6093 = CARTESIAN_POINT('',(1.411039320012,12.89179574672));
#6094 = CARTESIAN_POINT('',(1.391658985154,12.858571319539));
#6095 = CARTESIAN_POINT('',(1.372947787962,12.809109750653));
#6096 = CARTESIAN_POINT('',(1.337692481936,12.680940940877));
#6097 = CARTESIAN_POINT('',(1.321137421499,12.60261272834));
#6098 = CARTESIAN_POINT('',(1.30584721366,12.510872472371));
#6099 = CARTESIAN_POINT('',(1.291862219953,12.408196583315));
#6100 = CARTESIAN_POINT('',(1.279102041326,12.297266911657));
#6101 = CARTESIAN_POINT('',(1.267441783951,12.180333047235));
#6102 = CARTESIAN_POINT('',(1.240960546064,11.880324338587));
#6103 = CARTESIAN_POINT('',(1.227243998737,11.692028004702));
#6104 = CARTESIAN_POINT('',(1.214992932516,11.497877416592));
#6105 = CARTESIAN_POINT('',(1.203795280616,11.300355840584));
#6106 = CARTESIAN_POINT('',(1.193288595269,11.101120233606));
#6107 = CARTESIAN_POINT('',(1.183156501664,10.900999709325));
#6108 = CARTESIAN_POINT('',(1.167436792678,10.589716643387));
#6109 = CARTESIAN_POINT('',(1.161858323661,10.479088827325));
#6110 = CARTESIAN_POINT('',(1.156227344792,10.368582728424));
#6111 = CARTESIAN_POINT('',(1.150484792475,10.258362883344));
#6112 = CARTESIAN_POINT('',(1.14456601456,10.148639818036));
#6113 = CARTESIAN_POINT('',(1.138394337027,10.039689191698));
#6114 = CARTESIAN_POINT('',(1.128640962377,9.878394842033));
#6115 = CARTESIAN_POINT('',(1.125334791586,9.825416017568));
#6116 = CARTESIAN_POINT('',(1.121948379692,9.773020215415));
#6117 = CARTESIAN_POINT('',(1.11847356965,9.721297447312));
#6118 = CARTESIAN_POINT('',(1.114901785983,9.670341988651));
#6119 = CARTESIAN_POINT('',(1.111224034776,9.62025237848));
#6120 = CARTESIAN_POINT('',(1.103097598756,9.51501522201));
#6121 = CARTESIAN_POINT('',(1.09861698419,9.460080499777));
#6122 = CARTESIAN_POINT('',(1.09396528117,9.406607690385));
#6123 = CARTESIAN_POINT('',(1.089126317547,9.354796009755));
#6124 = CARTESIAN_POINT('',(1.08409152784,9.304763452136));
#6125 = CARTESIAN_POINT('',(1.078859953229,9.256546790108));
#6126 = CARTESIAN_POINT('',(1.061379140291,9.106797010973));
#6127 = CARTESIAN_POINT('',(1.048205395975,9.010589103303));
#6128 = CARTESIAN_POINT('',(1.034023043201,8.922399882341));
#6129 = CARTESIAN_POINT('',(1.018963689215,8.842641609628));
#6130 = CARTESIAN_POINT('',(1.003173109739,8.771330621889));
#6131 = CARTESIAN_POINT('',(0.986799844782,8.708201175432));
#6132 = CARTESIAN_POINT('',(0.928210543435,8.515243502314));
#6133 = CARTESIAN_POINT('',(0.883968459711,8.426326303869));
#6134 = CARTESIAN_POINT('',(0.838550733952,8.375231538384));
#6135 = CARTESIAN_POINT('',(0.792833728517,8.351892350795));
#6136 = CARTESIAN_POINT('',(0.747294360079,8.348085394989));
#6137 = CARTESIAN_POINT('',(0.70198704092,8.358274951764));
#6138 = CARTESIAN_POINT('',(0.616676182965,8.396675548087));
#6139 = CARTESIAN_POINT('',(0.57689275904,8.422443351544));
#6140 = CARTESIAN_POINT('',(0.53718662401,8.453295289385));
#6141 = CARTESIAN_POINT('',(0.497544256528,8.487310653562));
#6142 = CARTESIAN_POINT('',(0.457949292174,8.523071010144));
#6143 = CARTESIAN_POINT('',(0.41837985326,8.559484932861));
#6144 = CARTESIAN_POINT('',(0.324781741503,8.64525848611));
#6145 = CARTESIAN_POINT('',(0.270766711356,8.694470989012));
#6146 = CARTESIAN_POINT('',(0.216722856701,8.741293909649));
#6147 = CARTESIAN_POINT('',(0.162628936656,8.784511826097));
#6148 = CARTESIAN_POINT('',(0.108475632886,8.823390589719));
#6149 = CARTESIAN_POINT('',(5.426273489229E-02,8.857485535039));
#6150 = CARTESIAN_POINT('',(0.,8.886653852121));
#6151 = ( GEOMETRIC_REPRESENTATION_CONTEXT(2) 
PARAMETRIC_REPRESENTATION_CONTEXT() REPRESENTATION_CONTEXT('2D SPACE',''
  ) );
#6152 = PCURVE('',#5117,#6153);
#6153 = DEFINITIONAL_REPRESENTATION('',(#6154),#6235);
#6154 = B_SPLINE_CURVE_WITH_KNOTS('',7,(#6155,#6156,#6157,#6158,#6159,
    #6160,#6161,#6162,#6163,#6164,#6165,#6166,#6167,#6168,#6169,#6170,
    #6171,#6172,#6173,#6174,#6175,#6176,#6177,#6178,#6179,#6180,#6181,
    #6182,#6183,#6184,#6185,#6186,#6187,#6188,#6189,#6190,#6191,#6192,
    #6193,#6194,#6195,#6196,#6197,#6198,#6199,#6200,#6201,#6202,#6203,
    #6204,#6205,#6206,#6207,#6208,#6209,#6210,#6211,#6212,#6213,#6214,
    #6215,#6216,#6217,#6218,#6219,#6220,#6221,#6222,#6223,#6224,#6225,
    #6226,#6227,#6228,#6229,#6230,#6231,#6232,#6233,#6234),
  .UNSPECIFIED.,.F.,.F.,(8,6,6,6,6,6,6,6,6,6,6,6,6,8),(0.,0.136271672059
    ,0.237106576981,0.301825385186,0.352269444752,0.402140970513,
    0.475592575749,0.51607978255,0.53616077855,0.559101477604,
    0.610126731291,0.73688008234,0.848124292608,1.),.UNSPECIFIED.);
#6155 = CARTESIAN_POINT('',(4.456036169294,0.390076616763));
#6156 = CARTESIAN_POINT('',(4.452684656666,0.394421947599));
#6157 = CARTESIAN_POINT('',(4.44987093633,0.398900437115));
#6158 = CARTESIAN_POINT('',(4.447583758152,0.403496960337));
#6159 = CARTESIAN_POINT('',(4.445804934897,0.408206441415));
#6160 = CARTESIAN_POINT('',(4.444513879624,0.413032388887));
#6161 = CARTESIAN_POINT('',(4.443688790639,0.417989475634));
#6162 = CARTESIAN_POINT('',(4.443020114389,0.426899242084));
#6163 = CARTESIAN_POINT('',(4.442977250607,0.430775749956));
#6164 = CARTESIAN_POINT('',(4.443164914986,0.434754974579));
#6165 = CARTESIAN_POINT('',(4.443572351157,0.438854782741));
#6166 = CARTESIAN_POINT('',(4.444185143135,0.443099942472));
#6167 = CARTESIAN_POINT('',(4.444984314357,0.447520881305));
#6168 = CARTESIAN_POINT('',(4.446541932758,0.455165832117));
#6169 = CARTESIAN_POINT('',(4.447211325813,0.458246043418));
#6170 = CARTESIAN_POINT('',(4.447932086673,0.461437849611));
#6171 = CARTESIAN_POINT('',(4.448690999806,0.46476000574));
#6172 = CARTESIAN_POINT('',(4.449467596027,0.468230240848));
#6173 = CARTESIAN_POINT('',(4.450229545725,0.471867787988));
#6174 = CARTESIAN_POINT('',(4.451469906793,0.478683847204));
#6175 = CARTESIAN_POINT('',(4.451974317407,0.481789498124));
#6176 = CARTESIAN_POINT('',(4.452413752107,0.485017023099));
#6177 = CARTESIAN_POINT('',(4.45275469899,0.48835772313));
#6178 = CARTESIAN_POINT('',(4.452956012664,0.491791247184));
#6179 = CARTESIAN_POINT('',(4.452980955453,0.495280235971));
#6180 = CARTESIAN_POINT('',(4.452663815477,0.502201749262));
#6181 = CARTESIAN_POINT('',(4.452326075104,0.505632261996));
#6182 = CARTESIAN_POINT('',(4.451800141865,0.508992238564));
#6183 = CARTESIAN_POINT('',(4.451103746676,0.512249404497));
#6184 = CARTESIAN_POINT('',(4.450266474987,0.515388846207));
#6185 = CARTESIAN_POINT('',(4.449319024737,0.518407114124));
#6186 = CARTESIAN_POINT('',(4.446763842215,0.525587489259));
#6187 = CARTESIAN_POINT('',(4.445055105072,0.529617810871));
#6188 = CARTESIAN_POINT('',(4.443226283128,0.533455184495));
#6189 = CARTESIAN_POINT('',(4.441329195711,0.537136631602));
#6190 = CARTESIAN_POINT('',(4.439402806566,0.540698425895));
#6191 = CARTESIAN_POINT('',(4.437474772564,0.544176801477));
#6192 = CARTESIAN_POINT('',(4.434522681773,0.549513303034));
#6193 = CARTESIAN_POINT('',(4.433482671726,0.551395369179));
#6194 = CARTESIAN_POINT('',(4.432456940858,0.553269550313));
#6195 = CARTESIAN_POINT('',(4.431451123278,0.555141540274));
#6196 = CARTESIAN_POINT('',(4.430471904106,0.557016920417));
#6197 = CARTESIAN_POINT('',(4.429527724741,0.558901683463));
#6198 = CARTESIAN_POINT('',(4.428183977407,0.561745659072));
#6199 = CARTESIAN_POINT('',(4.427751603766,0.562688726552));
#6200 = CARTESIAN_POINT('',(4.42733392239,0.563631954576));
#6201 = CARTESIAN_POINT('',(4.426932583477,0.564575330105));
#6202 = CARTESIAN_POINT('',(4.426549332264,0.565518832271));
#6203 = CARTESIAN_POINT('',(4.426186009022,0.566462432381));
#6204 = CARTESIAN_POINT('',(4.42545446232,0.568484140801));
#6205 = CARTESIAN_POINT('',(4.425091759815,0.569562896404));
#6206 = CARTESIAN_POINT('',(4.424761399585,0.570641802036));
#6207 = CARTESIAN_POINT('',(4.424467011136,0.571720469926));
#6208 = CARTESIAN_POINT('',(4.424210895442,0.572798683217));
#6209 = CARTESIAN_POINT('',(4.423994024945,0.573876395966));
#6210 = CARTESIAN_POINT('',(4.423420173077,0.577349972375));
#6211 = CARTESIAN_POINT('',(4.423208870275,0.579780882167));
#6212 = CARTESIAN_POINT('',(4.423193445633,0.582228470361));
#6213 = CARTESIAN_POINT('',(4.423377009644,0.584676627703));
#6214 = CARTESIAN_POINT('',(4.423755923346,0.587111006191));
#6215 = CARTESIAN_POINT('',(4.424321248852,0.589518897426));
#6216 = CARTESIAN_POINT('',(4.42689585014,0.597777028916));
#6217 = CARTESIAN_POINT('',(4.429791408375,0.603395755228));
#6218 = CARTESIAN_POINT('',(4.433568623472,0.608711566943));
#6219 = CARTESIAN_POINT('',(4.438044495776,0.613693312488));
#6220 = CARTESIAN_POINT('',(4.443052245137,0.61833514065));
#6221 = CARTESIAN_POINT('',(4.448496904196,0.622659299957));
#6222 = CARTESIAN_POINT('',(4.459514573984,0.630245255511));
#6223 = CARTESIAN_POINT('',(4.464965739123,0.633555357577));
#6224 = CARTESIAN_POINT('',(4.470674504913,0.636635952742));
#6225 = CARTESIAN_POINT('',(4.476604868702,0.63948610509));
#6226 = CARTESIAN_POINT('',(4.482725864698,0.642102220934));
#6227 = CARTESIAN_POINT('',(4.48901036241,0.644480140378));
#6228 = CARTESIAN_POINT('',(4.504207008808,0.649529237918));
#6229 = CARTESIAN_POINT('',(4.513237868975,0.651989488467));
#6230 = CARTESIAN_POINT('',(4.52246344352,0.653981698871));
#6231 = CARTESIAN_POINT('',(4.531824840179,0.655489937572));
#6232 = CARTESIAN_POINT('',(4.541265241309,0.656501103926));
#6233 = CARTESIAN_POINT('',(4.550729094184,0.657007565364));
#6234 = CARTESIAN_POINT('',(4.560163999256,0.657007565364));
#6235 = ( GEOMETRIC_REPRESENTATION_CONTEXT(2) 
PARAMETRIC_REPRESENTATION_CONTEXT() REPRESENTATION_CONTEXT('2D SPACE',''
  ) );
#6236 = ORIENTED_EDGE('',*,*,#6237,.F.);
#6237 = EDGE_CURVE('',#3426,#5984,#6238,.T.);
#6238 = SEAM_CURVE('',#6239,(#6243,#6249),.PCURVE_S1.);
#6239 = LINE('',#6240,#6241);
#6240 = CARTESIAN_POINT('',(-11.1,-35.,2.92));
#6241 = VECTOR('',#6242,1.);
#6242 = DIRECTION('',(0.,1.,0.));
#6243 = PCURVE('',#3539,#6244);
#6244 = DEFINITIONAL_REPRESENTATION('',(#6245),#6248);
#6245 = B_SPLINE_CURVE_WITH_KNOTS('',1,(#6246,#6247),.UNSPECIFIED.,.F.,
  .F.,(2,2),(6.682509736531,8.886653852121),.PIECEWISE_BEZIER_KNOTS.);
#6246 = CARTESIAN_POINT('',(6.28318530718,6.682509736531));
#6247 = CARTESIAN_POINT('',(6.28318530718,8.886653852121));
#6248 = ( GEOMETRIC_REPRESENTATION_CONTEXT(2) 
PARAMETRIC_REPRESENTATION_CONTEXT() REPRESENTATION_CONTEXT('2D SPACE',''
  ) );
#6249 = PCURVE('',#3539,#6250);
#6250 = DEFINITIONAL_REPRESENTATION('',(#6251),#6254);
#6251 = B_SPLINE_CURVE_WITH_KNOTS('',1,(#6252,#6253),.UNSPECIFIED.,.F.,
  .F.,(2,2),(6.682509736531,8.886653852121),.PIECEWISE_BEZIER_KNOTS.);
#6252 = CARTESIAN_POINT('',(0.,6.682509736531));
#6253 = CARTESIAN_POINT('',(0.,8.886653852121));
#6254 = ( GEOMETRIC_REPRESENTATION_CONTEXT(2) 
PARAMETRIC_REPRESENTATION_CONTEXT() REPRESENTATION_CONTEXT('2D SPACE',''
  ) );
#6255 = ORIENTED_EDGE('',*,*,#3599,.F.);
#6256 = ORIENTED_EDGE('',*,*,#3425,.F.);
#6257 = ORIENTED_EDGE('',*,*,#6237,.T.);
#6258 = ORIENTED_EDGE('',*,*,#6259,.T.);
#6259 = EDGE_CURVE('',#5984,#5846,#6260,.T.);
#6260 = SURFACE_CURVE('',#6261,(#6309,#6360),.PCURVE_S1.);
#6261 = B_SPLINE_CURVE_WITH_KNOTS('',6,(#6262,#6263,#6264,#6265,#6266,
    #6267,#6268,#6269,#6270,#6271,#6272,#6273,#6274,#6275,#6276,#6277,
    #6278,#6279,#6280,#6281,#6282,#6283,#6284,#6285,#6286,#6287,#6288,
    #6289,#6290,#6291,#6292,#6293,#6294,#6295,#6296,#6297,#6298,#6299,
    #6300,#6301,#6302,#6303,#6304,#6305,#6306,#6307,#6308),
  .UNSPECIFIED.,.F.,.F.,(7,5,5,5,5,5,5,5,5,7),(0.,0.278373653214,
    0.492847687225,0.593714695628,0.716433859088,0.744542545671,
    0.775506208362,0.821131047922,0.903355350231,1.),.UNSPECIFIED.);
#6262 = CARTESIAN_POINT('',(-11.1,-26.11334614787,2.92));
#6263 = CARTESIAN_POINT('',(-11.32855369214,-26.07519197322,2.92));
#6264 = CARTESIAN_POINT('',(-11.55744560763,-26.04569952146,
    2.900533074564));
#6265 = CARTESIAN_POINT('',(-11.78448303345,-26.02523037225,
    2.861489829943));
#6266 = CARTESIAN_POINT('',(-12.00749009152,-26.01300409423,
    2.80312890477));
#6267 = CARTESIAN_POINT('',(-12.22437717352,-26.00698496747,
    2.726016342792));
#6268 = CARTESIAN_POINT('',(-12.59398604743,-25.9959387178,
    2.557906290803));
#6269 = CARTESIAN_POINT('',(-12.74985183699,-25.99100009602,
    2.474230683084));
#6270 = CARTESIAN_POINT('',(-12.90014874046,-25.98302065027,
    2.380353072827));
#6271 = CARTESIAN_POINT('',(-13.04392125549,-25.96743165594,
    2.276732004424));
#6272 = CARTESIAN_POINT('',(-13.17996110393,-25.93747883465,
    2.164275944039));
#6273 = CARTESIAN_POINT('',(-13.36691011997,-25.85573040453,
    1.988288278235));
#6274 = CARTESIAN_POINT('',(-13.42468656259,-25.82392828692,
    1.930448106825));
#6275 = CARTESIAN_POINT('',(-13.48031403654,-25.78533224926,
    1.87124091099));
#6276 = CARTESIAN_POINT('',(-13.5335655884,-25.73858346604,
    1.810991747082));
#6277 = CARTESIAN_POINT('',(-13.58417158423,-25.68224133876,
    1.750183731055));
#6278 = CARTESIAN_POINT('',(-13.68991809739,-25.53301432262,
    1.61560669649));
#6279 = CARTESIAN_POINT('',(-13.74374216853,-25.43475466355,
    1.54178568118));
#6280 = CARTESIAN_POINT('',(-13.79265917912,-25.31788949358,
    1.46944535631));
#6281 = CARTESIAN_POINT('',(-13.83607540515,-25.18080119451,
    1.400430952257));
#6282 = CARTESIAN_POINT('',(-13.87377555812,-25.02355296698,
    1.33671565073));
#6283 = CARTESIAN_POINT('',(-13.91317335813,-24.80954668885,
    1.266741721413));
#6284 = CARTESIAN_POINT('',(-13.92017693527,-24.76900972334,
    1.254132647034));
#6285 = CARTESIAN_POINT('',(-13.92685491099,-24.72784654054,
    1.241954832171));
#6286 = CARTESIAN_POINT('',(-13.93321989234,-24.68608414825,
    1.230207090619));
#6287 = CARTESIAN_POINT('',(-13.93928399124,-24.64374860335,
    1.218887247036));
#6288 = CARTESIAN_POINT('',(-13.95142020283,-24.55362576937,
    1.195990419503));
#6289 = CARTESIAN_POINT('',(-13.95745399117,-24.50552623167,
    1.184459834749));
#6290 = CARTESIAN_POINT('',(-13.96317095258,-24.45662368271,
    1.173403859292));
#6291 = CARTESIAN_POINT('',(-13.96862630153,-24.40712082054,
    1.16273698091));
#6292 = CARTESIAN_POINT('',(-13.97382989913,-24.35705406337,
    1.152454958295));
#6293 = CARTESIAN_POINT('',(-13.98615387453,-24.23205870266,
    1.127860069501));
#6294 = CARTESIAN_POINT('',(-13.99301241847,-24.15657924921,
    1.113949187096));
#6295 = CARTESIAN_POINT('',(-13.99946543088,-24.08030996275,
    1.10066876729));
#6296 = CARTESIAN_POINT('',(-14.00557423745,-24.00342463338,
    1.087926085637));
#6297 = CARTESIAN_POINT('',(-14.01138890922,-23.9260503833,
    1.075640661151));
#6298 = CARTESIAN_POINT('',(-14.02698098786,-23.70811051718,
    1.042290172853));
#6299 = CARTESIAN_POINT('',(-14.03619355995,-23.56668206942,
    1.022092712921));
#6300 = CARTESIAN_POINT('',(-14.04484052333,-23.42450677708,
    1.002723506001));
#6301 = CARTESIAN_POINT('',(-14.05309312384,-23.28194306323,
    0.983861680909));
#6302 = CARTESIAN_POINT('',(-14.06107797421,-23.13924319107,
    0.965237761364));
#6303 = CARTESIAN_POINT('',(-14.07811735673,-22.82895216866,
    0.924656094164));
#6304 = CARTESIAN_POINT('',(-14.08711067362,-22.66143232318,
    0.902694189301));
#6305 = CARTESIAN_POINT('',(-14.09607085029,-22.49437124074,
    0.880266088633));
#6306 = CARTESIAN_POINT('',(-14.10513904998,-22.32812445053,
    0.856980500171));
#6307 = CARTESIAN_POINT('',(-14.11443597712,-22.16313553856,
    0.83241515275));
#6308 = CARTESIAN_POINT('',(-14.12408034371,-21.999994,0.806046144954));
#6309 = PCURVE('',#3539,#6310);
#6310 = DEFINITIONAL_REPRESENTATION('',(#6311),#6359);
#6311 = B_SPLINE_CURVE_WITH_KNOTS('',6,(#6312,#6313,#6314,#6315,#6316,
    #6317,#6318,#6319,#6320,#6321,#6322,#6323,#6324,#6325,#6326,#6327,
    #6328,#6329,#6330,#6331,#6332,#6333,#6334,#6335,#6336,#6337,#6338,
    #6339,#6340,#6341,#6342,#6343,#6344,#6345,#6346,#6347,#6348,#6349,
    #6350,#6351,#6352,#6353,#6354,#6355,#6356,#6357,#6358),
  .UNSPECIFIED.,.F.,.F.,(7,5,5,5,5,5,5,5,5,7),(0.,0.278373653214,
    0.492847687225,0.593714695628,0.716433859088,0.744542545671,
    0.775506208362,0.821131047922,0.903355350231,0.999999407603),
  .UNSPECIFIED.);
#6312 = CARTESIAN_POINT('',(6.28318530718,8.886653852121));
#6313 = CARTESIAN_POINT('',(6.212205899682,8.924808026772));
#6314 = CARTESIAN_POINT('',(6.141121508995,8.954300478531));
#6315 = CARTESIAN_POINT('',(6.069969054461,8.974769627748));
#6316 = CARTESIAN_POINT('',(5.998772270818,8.986995905761));
#6317 = CARTESIAN_POINT('',(5.927545140705,8.993015032527));
#6318 = CARTESIAN_POINT('',(5.801444527497,9.004061282199));
#6319 = CARTESIAN_POINT('',(5.746623745097,9.008999903979));
#6320 = CARTESIAN_POINT('',(5.691767950756,9.01697934973));
#6321 = CARTESIAN_POINT('',(5.636912114735,9.03256834406));
#6322 = CARTESIAN_POINT('',(5.582211363593,9.06252116535));
#6323 = CARTESIAN_POINT('',(5.502474715449,9.144269595465));
#6324 = CARTESIAN_POINT('',(5.477097393485,9.176071713071));
#6325 = CARTESIAN_POINT('',(5.451885526019,9.214667750735));
#6326 = CARTESIAN_POINT('',(5.426930267035,9.261416533951));
#6327 = CARTESIAN_POINT('',(5.402371361332,9.317758661231));
#6328 = CARTESIAN_POINT('',(5.349218297596,9.46698567738));
#6329 = CARTESIAN_POINT('',(5.320864066474,9.565245336445));
#6330 = CARTESIAN_POINT('',(5.293768743308,9.682110506419));
#6331 = CARTESIAN_POINT('',(5.268462658064,9.819198805483));
#6332 = CARTESIAN_POINT('',(5.245476168726,9.976447033011));
#6333 = CARTESIAN_POINT('',(5.220537415327,10.190453311145));
#6334 = CARTESIAN_POINT('',(5.21605812325,10.230990276656));
#6335 = CARTESIAN_POINT('',(5.211744971864,10.272153459455));
#6336 = CARTESIAN_POINT('',(5.20759559726,10.313915851749));
#6337 = CARTESIAN_POINT('',(5.20360749247,10.356251396641));
#6338 = CARTESIAN_POINT('',(5.195559564836,10.446374230629));
#6339 = CARTESIAN_POINT('',(5.191518044703,10.49447376833));
#6340 = CARTESIAN_POINT('',(5.187652700442,10.543376317288));
#6341 = CARTESIAN_POINT('',(5.183931960306,10.59287917946));
#6342 = CARTESIAN_POINT('',(5.180353176602,10.642945936623));
#6343 = CARTESIAN_POINT('',(5.171809761421,10.767941297332));
#6344 = CARTESIAN_POINT('',(5.166993168529,10.843420750787));
#6345 = CARTESIAN_POINT('',(5.162407812849,10.919690037241));
#6346 = CARTESIAN_POINT('',(5.15801929315,10.996575366616));
#6347 = CARTESIAN_POINT('',(5.153798228277,11.073949616695));
#6348 = CARTESIAN_POINT('',(5.142364898243,11.291889482811));
#6349 = CARTESIAN_POINT('',(5.135471003092,11.433317930573));
#6350 = CARTESIAN_POINT('',(5.128883829553,11.57549322292));
#6351 = CARTESIAN_POINT('',(5.122490222015,11.718056936765));
#6352 = CARTESIAN_POINT('',(5.116197405168,11.860756808928));
#6353 = CARTESIAN_POINT('',(5.102528576638,12.171046803676));
#6354 = CARTESIAN_POINT('',(5.095158754348,12.338565623139));
#6355 = CARTESIAN_POINT('',(5.087658664101,12.505625687176));
#6356 = CARTESIAN_POINT('',(5.079898656262,12.671871473325));
#6357 = CARTESIAN_POINT('',(5.071742153537,12.836859404817));
#6358 = CARTESIAN_POINT('',(5.063022545929,13.));
#6359 = ( GEOMETRIC_REPRESENTATION_CONTEXT(2) 
PARAMETRIC_REPRESENTATION_CONTEXT() REPRESENTATION_CONTEXT('2D SPACE',''
  ) );
#6360 = PCURVE('',#5117,#6361);
#6361 = DEFINITIONAL_REPRESENTATION('',(#6362),#6410);
#6362 = B_SPLINE_CURVE_WITH_KNOTS('',6,(#6363,#6364,#6365,#6366,#6367,
    #6368,#6369,#6370,#6371,#6372,#6373,#6374,#6375,#6376,#6377,#6378,
    #6379,#6380,#6381,#6382,#6383,#6384,#6385,#6386,#6387,#6388,#6389,
    #6390,#6391,#6392,#6393,#6394,#6395,#6396,#6397,#6398,#6399,#6400,
    #6401,#6402,#6403,#6404,#6405,#6406,#6407,#6408,#6409),
  .UNSPECIFIED.,.F.,.F.,(7,5,5,5,5,5,5,5,5,7),(0.,0.278373653214,
    0.492847687225,0.593714695628,0.716433859088,0.744542545671,
    0.775506208362,0.821131047922,0.903355350231,0.999999407603),
  .UNSPECIFIED.);
#6363 = CARTESIAN_POINT('',(4.560163999256,0.657007565364));
#6364 = CARTESIAN_POINT('',(4.572505507164,0.657007565364));
#6365 = CARTESIAN_POINT('',(4.584799102567,0.656116216254));
#6366 = CARTESIAN_POINT('',(4.596913350702,0.654328826515));
#6367 = CARTESIAN_POINT('',(4.608738281713,0.651663374072));
#6368 = CARTESIAN_POINT('',(4.62020011776,0.648162685148));
#6369 = CARTESIAN_POINT('',(4.639936396721,0.640562257095));
#6370 = CARTESIAN_POINT('',(4.648330351934,0.636787604947));
#6371 = CARTESIAN_POINT('',(4.656567857086,0.632561202666));
#6372 = CARTESIAN_POINT('',(4.664713979955,0.627896761675));
#6373 = CARTESIAN_POINT('',(4.672877626801,0.622817708327));
#6374 = CARTESIAN_POINT('',(4.685250877252,0.614735762489));
#6375 = CARTESIAN_POINT('',(4.689260792184,0.612060629878));
#6376 = CARTESIAN_POINT('',(4.693345992872,0.609295944639));
#6377 = CARTESIAN_POINT('',(4.697529997143,0.606445535782));
#6378 = CARTESIAN_POINT('',(4.701836362421,0.603516788634));
#6379 = CARTESIAN_POINT('',(4.711704865078,0.59687577085));
#6380 = CARTESIAN_POINT('',(4.71734391732,0.593126439981));
#6381 = CARTESIAN_POINT('',(4.723228347424,0.589305216401));
#6382 = CARTESIAN_POINT('',(4.729369445163,0.585457977088));
#6383 = CARTESIAN_POINT('',(4.735757550882,0.581636259162));
#6384 = CARTESIAN_POINT('',(4.743812492004,0.577047289123));
#6385 = CARTESIAN_POINT('',(4.745313623249,0.576201651195));
#6386 = CARTESIAN_POINT('',(4.746814744037,0.575365570765));
#6387 = CARTESIAN_POINT('',(4.748315852588,0.574538998555));
#6388 = CARTESIAN_POINT('',(4.749816946409,0.573721853472));
#6389 = CARTESIAN_POINT('',(4.752971561215,0.572024141017));
#6390 = CARTESIAN_POINT('',(4.754631686557,0.571142053297));
#6391 = CARTESIAN_POINT('',(4.756297606852,0.570268135836));
#6392 = CARTESIAN_POINT('',(4.757968533796,0.569401571674));
#6393 = CARTESIAN_POINT('',(4.759644149309,0.568542339741));
#6394 = CARTESIAN_POINT('',(4.763800110586,0.566433537569));
#6395 = CARTESIAN_POINT('',(4.766285686962,0.565191909413));
#6396 = CARTESIAN_POINT('',(4.76878111763,0.563963092586));
#6397 = CARTESIAN_POINT('',(4.7712866166,0.562745379767));
#6398 = CARTESIAN_POINT('',(4.773802776658,0.56153704022));
#6399 = CARTESIAN_POINT('',(4.780886693469,0.558172067201));
#6400 = CARTESIAN_POINT('',(4.785479882096,0.556032846036));
#6401 = CARTESIAN_POINT('',(4.790116718843,0.553907815912));
#6402 = CARTESIAN_POINT('',(4.794802022429,0.551788287333));
#6403 = CARTESIAN_POINT('',(4.799540223492,0.549666177778));
#6404 = CARTESIAN_POINT('',(4.809973979385,0.545024826975));
#6405 = CARTESIAN_POINT('',(4.815690079451,0.542501983296));
#6406 = CARTESIAN_POINT('',(4.821492412548,0.539949778592));
#6407 = CARTESIAN_POINT('',(4.827384991722,0.537355274015));
#6408 = CARTESIAN_POINT('',(4.83336667957,0.53470424682));
#6409 = CARTESIAN_POINT('',(4.839429602514,0.531978567668));
#6410 = ( GEOMETRIC_REPRESENTATION_CONTEXT(2) 
PARAMETRIC_REPRESENTATION_CONTEXT() REPRESENTATION_CONTEXT('2D SPACE',''
  ) );
#6411 = ADVANCED_FACE('',(#6412,#6422),#3802,.T.);
#6412 = FACE_BOUND('',#6413,.T.);
#6413 = EDGE_LOOP('',(#6414,#6415,#6416,#6417,#6418,#6419,#6420,#6421));
#6414 = ORIENTED_EDGE('',*,*,#3786,.T.);
#6415 = ORIENTED_EDGE('',*,*,#4127,.T.);
#6416 = ORIENTED_EDGE('',*,*,#4099,.T.);
#6417 = ORIENTED_EDGE('',*,*,#4051,.T.);
#6418 = ORIENTED_EDGE('',*,*,#4003,.T.);
#6419 = ORIENTED_EDGE('',*,*,#3955,.T.);
#6420 = ORIENTED_EDGE('',*,*,#3907,.T.);
#6421 = ORIENTED_EDGE('',*,*,#3859,.T.);
#6422 = FACE_BOUND('',#6423,.T.);
#6423 = EDGE_LOOP('',(#6424,#6571,#6698,#6825,#6970,#7115,#7225,#7317));
#6424 = ORIENTED_EDGE('',*,*,#6425,.T.);
#6425 = EDGE_CURVE('',#6426,#6428,#6430,.T.);
#6426 = VERTEX_POINT('',#6427);
#6427 = CARTESIAN_POINT('',(18.952348260726,0.,-9.94));
#6428 = VERTEX_POINT('',#6429);
#6429 = CARTESIAN_POINT('',(16.678066469439,21.709649795819,-9.94));
#6430 = SURFACE_CURVE('',#6431,(#6458,#6488),.PCURVE_S1.);
#6431 = B_SPLINE_CURVE_WITH_KNOTS('',7,(#6432,#6433,#6434,#6435,#6436,
    #6437,#6438,#6439,#6440,#6441,#6442,#6443,#6444,#6445,#6446,#6447,
    #6448,#6449,#6450,#6451,#6452,#6453,#6454,#6455,#6456,#6457),
  .UNSPECIFIED.,.F.,.F.,(8,6,6,6,8),(0.,0.261968519738,0.616766352535,
    0.87982823198,1.),.UNSPECIFIED.);
#6432 = CARTESIAN_POINT('',(18.952348260726,4.440892098501E-15,-9.94));
#6433 = CARTESIAN_POINT('',(18.952348260726,0.817073053431,-9.94));
#6434 = CARTESIAN_POINT('',(18.954360771333,1.640469573365,-9.94));
#6435 = CARTESIAN_POINT('',(18.956504515198,2.468334294763,-9.94));
#6436 = CARTESIAN_POINT('',(18.957466065674,3.299475060525,-9.94));
#6437 = CARTESIAN_POINT('',(18.956149502675,4.133027040969,-9.94));
#6438 = CARTESIAN_POINT('',(18.951491829435,4.968292845464,-9.94));
#6439 = CARTESIAN_POINT('',(18.93019039919,6.937628273544,-9.94));
#6440 = CARTESIAN_POINT('',(18.909884606403,8.072407618103,-9.94));
#6441 = CARTESIAN_POINT('',(18.878894746896,9.207835395053,-9.94));
#6442 = CARTESIAN_POINT('',(18.834557511519,10.342635686588,-9.94));
#6443 = CARTESIAN_POINT('',(18.773652951366,11.475201262333,-9.94));
#6444 = CARTESIAN_POINT('',(18.692320148595,12.603553173214,-9.94));
#6445 = CARTESIAN_POINT('',(18.504565158484,14.556162292272,-9.94));
#6446 = CARTESIAN_POINT('',(18.4101377331,15.382910177003,-9.94));
#6447 = CARTESIAN_POINT('',(18.298703684488,16.204567662622,-9.94));
#6448 = CARTESIAN_POINT('',(18.167202158431,17.019540874416,-9.94));
#6449 = CARTESIAN_POINT('',(18.011370659335,17.824755127847,-9.94));
#6450 = CARTESIAN_POINT('',(17.826007771207,18.615807553247,-9.94));
#6451 = CARTESIAN_POINT('',(17.499126441009,19.736823956386,-9.94));
#6452 = CARTESIAN_POINT('',(17.38854750246,20.083632111083,-9.94));
#6453 = CARTESIAN_POINT('',(17.268980644676,20.425058431956,-9.94));
#6454 = CARTESIAN_POINT('',(17.139414751133,20.760060741819,-9.94));
#6455 = CARTESIAN_POINT('',(16.998688664468,21.087183111469,-9.94));
#6456 = CARTESIAN_POINT('',(16.845442085031,21.404514900117,-9.94));
#6457 = CARTESIAN_POINT('',(16.678066469439,21.709649795819,-9.94));
#6458 = PCURVE('',#3802,#6459);
#6459 = DEFINITIONAL_REPRESENTATION('',(#6460),#6487);
#6460 = B_SPLINE_CURVE_WITH_KNOTS('',7,(#6461,#6462,#6463,#6464,#6465,
    #6466,#6467,#6468,#6469,#6470,#6471,#6472,#6473,#6474,#6475,#6476,
    #6477,#6478,#6479,#6480,#6481,#6482,#6483,#6484,#6485,#6486),
  .UNSPECIFIED.,.F.,.F.,(8,6,6,6,8),(0.,0.261968519738,0.616766352535,
    0.87982823198,1.),.UNSPECIFIED.);
#6461 = CARTESIAN_POINT('',(-18.95234826072,-0.119442790232));
#6462 = CARTESIAN_POINT('',(-18.95234826072,0.697630263198));
#6463 = CARTESIAN_POINT('',(-18.95436077133,1.521026783133));
#6464 = CARTESIAN_POINT('',(-18.95650451519,2.34889150453));
#6465 = CARTESIAN_POINT('',(-18.95746606567,3.180032270293));
#6466 = CARTESIAN_POINT('',(-18.95614950267,4.013584250737));
#6467 = CARTESIAN_POINT('',(-18.95149182943,4.848850055232));
#6468 = CARTESIAN_POINT('',(-18.93019039919,6.818185483311));
#6469 = CARTESIAN_POINT('',(-18.9098846064,7.952964827871));
#6470 = CARTESIAN_POINT('',(-18.87889474689,9.08839260482));
#6471 = CARTESIAN_POINT('',(-18.83455751151,10.223192896356));
#6472 = CARTESIAN_POINT('',(-18.77365295136,11.355758472101));
#6473 = CARTESIAN_POINT('',(-18.69232014859,12.484110382982));
#6474 = CARTESIAN_POINT('',(-18.50456515848,14.43671950204));
#6475 = CARTESIAN_POINT('',(-18.4101377331,15.263467386771));
#6476 = CARTESIAN_POINT('',(-18.29870368448,16.08512487239));
#6477 = CARTESIAN_POINT('',(-18.16720215843,16.900098084184));
#6478 = CARTESIAN_POINT('',(-18.01137065933,17.705312337614));
#6479 = CARTESIAN_POINT('',(-17.8260077712,18.496364763015));
#6480 = CARTESIAN_POINT('',(-17.499126441,19.617381166154));
#6481 = CARTESIAN_POINT('',(-17.38854750246,19.96418932085));
#6482 = CARTESIAN_POINT('',(-17.26898064467,20.305615641723));
#6483 = CARTESIAN_POINT('',(-17.13941475113,20.640617951586));
#6484 = CARTESIAN_POINT('',(-16.99868866446,20.967740321237));
#6485 = CARTESIAN_POINT('',(-16.84544208503,21.285072109885));
#6486 = CARTESIAN_POINT('',(-16.67806646943,21.590207005587));
#6487 = ( GEOMETRIC_REPRESENTATION_CONTEXT(2) 
PARAMETRIC_REPRESENTATION_CONTEXT() REPRESENTATION_CONTEXT('2D SPACE',''
  ) );
#6488 = PCURVE('',#6489,#6542);
#6489 = ( BOUNDED_SURFACE() B_SPLINE_SURFACE(3,7,(
    (#6490,#6491,#6492,#6493,#6494,#6495,#6496,#6497,#6498,#6499,#6500
      ,#6501,#6502)
    ,(#6503,#6504,#6505,#6506,#6507,#6508,#6509,#6510,#6511,#6512,#6513
      ,#6514,#6515)
    ,(#6516,#6517,#6518,#6519,#6520,#6521,#6522,#6523,#6524,#6525,#6526
      ,#6527,#6528)
    ,(#6529,#6530,#6531,#6532,#6533,#6534,#6535,#6536,#6537,#6538,#6539
      ,#6540,#6541
)),.UNSPECIFIED.,.F.,.F.,.F.) B_SPLINE_SURFACE_WITH_KNOTS((4,4),(8,5,8),
  (1.,2.),(0.,0.572316345514,1.),.UNSPECIFIED.) 
GEOMETRIC_REPRESENTATION_ITEM() RATIONAL_B_SPLINE_SURFACE((
    (1.,0.999999999999,1.000000000006,0.99999999998,1.000000000034
      ,0.999999999978,1.000000000013,0.999999999992,1.000000000011
      ,0.999999999992,1.000000000003,1.,1.)
    ,(1.,0.999999999999,1.000000000006,0.99999999998,1.000000000034
      ,0.999999999978,1.000000000013,0.999999999992,1.000000000011
      ,0.999999999992,1.000000000003,1.,1.)
    ,(1.,0.999999999999,1.000000000006,0.99999999998,1.000000000034
      ,0.999999999978,1.000000000013,0.999999999992,1.000000000011
      ,0.999999999992,1.000000000003,1.,1.)
    ,(1.,0.999999999999,1.000000000006,0.99999999998,1.000000000034
      ,0.999999999978,1.000000000013,0.999999999992,1.000000000011
,0.999999999992,1.000000000003,1.,1.
  ))) REPRESENTATION_ITEM('') SURFACE() );
#6490 = CARTESIAN_POINT('',(16.676,21.7065,-10.5));
#6491 = CARTESIAN_POINT('',(16.174257648992,20.917987051244,
    -8.628241502707));
#6492 = CARTESIAN_POINT('',(20.792187071234,28.315074217348,
    -8.733290855657));
#6493 = CARTESIAN_POINT('',(7.388785906312,5.256220447218,
    -1.056708587136));
#6494 = CARTESIAN_POINT('',(32.009355102246,48.744939306206,
    -10.82247277985));
#6495 = CARTESIAN_POINT('',(9.070171705155,7.255217928419,2.067695186229
    ));
#6496 = CARTESIAN_POINT('',(20.078221716808,28.233329097802,
    -1.342188414743));
#6497 = CARTESIAN_POINT('',(17.987819536626,22.677915856995,
    4.51492883963));
#6498 = CARTESIAN_POINT('',(14.693410546524,19.783583723135,
    4.188245497625));
#6499 = CARTESIAN_POINT('',(19.106502508395,24.568820477959,
    6.661938916007));
#6500 = CARTESIAN_POINT('',(16.843091611367,22.142766406986,
    7.392451929016));
#6501 = CARTESIAN_POINT('',(17.052665207839,22.386928631446,
    8.74983766954));
#6502 = CARTESIAN_POINT('',(17.05,22.38075,10.));
#6503 = CARTESIAN_POINT('',(19.1395,17.2155,-10.5));
#6504 = CARTESIAN_POINT('',(18.563636619844,16.59012766131,
    -8.628241502707));
#6505 = CARTESIAN_POINT('',(23.863760161472,22.456783000129,
    -8.733290855657));
#6506 = CARTESIAN_POINT('',(8.480311096431,4.168726561025,
    -1.056708587136));
#6507 = CARTESIAN_POINT('',(36.738009834231,38.659779450681,
    -10.82247277985));
#6508 = CARTESIAN_POINT('',(10.410083433721,5.754138356431,
    2.067695186229));
#6509 = CARTESIAN_POINT('',(23.044322652549,22.391950664106,
    -1.342188414743));
#6510 = CARTESIAN_POINT('',(20.645111058966,17.985933265727,
    4.51492883963));
#6511 = CARTESIAN_POINT('',(16.864028013743,15.690428470296,
    4.188245497625));
#6512 = CARTESIAN_POINT('',(21.929054015247,19.485616240994,
    6.661938916007));
#6513 = CARTESIAN_POINT('',(19.331275599432,17.561504391797,
    7.392451929016));
#6514 = CARTESIAN_POINT('',(19.571808931721,17.755150293897,
    8.74983766954));
#6515 = CARTESIAN_POINT('',(19.56875,17.75025,10.));
#6516 = CARTESIAN_POINT('',(18.95,6.986,-10.5));
#6517 = CARTESIAN_POINT('',(18.379838237481,6.732225717637,
    -8.628241502707));
#6518 = CARTESIAN_POINT('',(23.627485308294,9.112897449297,
    -8.733290855657));
#6519 = CARTESIAN_POINT('',(8.396347620556,1.691657155303,
    -1.056708587136));
#6520 = CARTESIAN_POINT('',(36.37426716206,15.688026443583,
    -10.82247277985));
#6521 = CARTESIAN_POINT('',(10.307013301058,2.335012666483,
    2.067695186229));
#6522 = CARTESIAN_POINT('',(22.816161041939,9.086588675241,
    -1.342188414743));
#6523 = CARTESIAN_POINT('',(20.440704018867,7.298639586105,4.51492883963
    ));
#6524 = CARTESIAN_POINT('',(16.697057439235,6.367130393737,
    4.188245497625));
#6525 = CARTESIAN_POINT('',(21.711934668636,7.90720659055,6.661938916007
    ));
#6526 = CARTESIAN_POINT('',(19.139876831096,7.12640757928,7.392451929016
    ));
#6527 = CARTESIAN_POINT('',(19.378028645272,7.20498852506,8.74983766954)
  );
#6528 = CARTESIAN_POINT('',(19.375,7.203,10.));
#6529 = CARTESIAN_POINT('',(18.95,0.,-10.5));
#6530 = CARTESIAN_POINT('',(18.379838237481,0.,-8.628241502707));
#6531 = CARTESIAN_POINT('',(23.627485308294,0.,-8.733290855657));
#6532 = CARTESIAN_POINT('',(8.396347620556,0.,-1.056708587136));
#6533 = CARTESIAN_POINT('',(36.37426716206,0.,-10.82247277985));
#6534 = CARTESIAN_POINT('',(10.307013301058,0.,2.067695186229));
#6535 = CARTESIAN_POINT('',(22.816161041939,0.,-1.342188414743));
#6536 = CARTESIAN_POINT('',(20.440704018867,0.,4.51492883963));
#6537 = CARTESIAN_POINT('',(16.697057439235,0.,4.188245497625));
#6538 = CARTESIAN_POINT('',(21.711934668636,0.,6.661938916007));
#6539 = CARTESIAN_POINT('',(19.139876831096,0.,7.392451929016));
#6540 = CARTESIAN_POINT('',(19.378028645272,0.,8.74983766954));
#6541 = CARTESIAN_POINT('',(19.375,0.,10.));
#6542 = DEFINITIONAL_REPRESENTATION('',(#6543),#6570);
#6543 = B_SPLINE_CURVE_WITH_KNOTS('',7,(#6544,#6545,#6546,#6547,#6548,
    #6549,#6550,#6551,#6552,#6553,#6554,#6555,#6556,#6557,#6558,#6559,
    #6560,#6561,#6562,#6563,#6564,#6565,#6566,#6567,#6568,#6569),
  .UNSPECIFIED.,.F.,.F.,(8,6,6,6,8),(0.,0.261968519738,0.616766352535,
    0.87982823198,1.),.UNSPECIFIED.);
#6544 = CARTESIAN_POINT('',(2.,2.720806856768E-02));
#6545 = CARTESIAN_POINT('',(1.961019443341,2.720806856768E-02));
#6546 = CARTESIAN_POINT('',(1.923382452736,2.720806856768E-02));
#6547 = CARTESIAN_POINT('',(1.886729380704,2.720806856768E-02));
#6548 = CARTESIAN_POINT('',(1.850830621837,2.720806856768E-02));
#6549 = CARTESIAN_POINT('',(1.815510981618,2.720806856768E-02));
#6550 = CARTESIAN_POINT('',(1.780613110042,2.720806856768E-02));
#6551 = CARTESIAN_POINT('',(1.69912163293,2.720806856768E-02));
#6552 = CARTESIAN_POINT('',(1.652776787638,2.720806856768E-02));
#6553 = CARTESIAN_POINT('',(1.606616998275,2.720806856768E-02));
#6554 = CARTESIAN_POINT('',(1.560361546127,2.720806856768E-02));
#6555 = CARTESIAN_POINT('',(1.513726228467,2.720806856768E-02));
#6556 = CARTESIAN_POINT('',(1.46641280401,2.720806856768E-02));
#6557 = CARTESIAN_POINT('',(1.382104732231,2.720806856768E-02));
#6558 = CARTESIAN_POINT('',(1.345635661987,2.720806856768E-02));
#6559 = CARTESIAN_POINT('',(1.308391640015,2.720806856768E-02));
#6560 = CARTESIAN_POINT('',(1.270175749746,2.720806856768E-02));
#6561 = CARTESIAN_POINT('',(1.230752041219,2.720806856768E-02));
#6562 = CARTESIAN_POINT('',(1.189857658682,2.720806856768E-02));
#6563 = CARTESIAN_POINT('',(1.127421790387,2.720806856768E-02));
#6564 = CARTESIAN_POINT('',(1.107445956248,2.720806856768E-02));
#6565 = CARTESIAN_POINT('',(1.087023760062,2.720806856768E-02));
#6566 = CARTESIAN_POINT('',(1.066111150129,2.720806856768E-02));
#6567 = CARTESIAN_POINT('',(1.044665874466,2.720806856768E-02));
#6568 = CARTESIAN_POINT('',(1.022644594707,2.720806856768E-02));
#6569 = CARTESIAN_POINT('',(1.,2.720806856768E-02));
#6570 = ( GEOMETRIC_REPRESENTATION_CONTEXT(2) 
PARAMETRIC_REPRESENTATION_CONTEXT() REPRESENTATION_CONTEXT('2D SPACE',''
  ) );
#6571 = ORIENTED_EDGE('',*,*,#6572,.T.);
#6572 = EDGE_CURVE('',#6428,#6573,#6575,.T.);
#6573 = VERTEX_POINT('',#6574);
#6574 = CARTESIAN_POINT('',(0.,24.953620454965,-9.94));
#6575 = SURFACE_CURVE('',#6576,(#6597,#6621),.PCURVE_S1.);
#6576 = B_SPLINE_CURVE_WITH_KNOTS('',7,(#6577,#6578,#6579,#6580,#6581,
    #6582,#6583,#6584,#6585,#6586,#6587,#6588,#6589,#6590,#6591,#6592,
    #6593,#6594,#6595,#6596),.UNSPECIFIED.,.F.,.F.,(8,6,6,8),(0.,
    0.170611735871,0.489402952479,1.),.UNSPECIFIED.);
#6577 = CARTESIAN_POINT('',(16.678066469439,21.709649795819,-9.94));
#6578 = CARTESIAN_POINT('',(16.473997982377,21.978336689017,-9.94));
#6579 = CARTESIAN_POINT('',(16.232583360225,22.226430486848,-9.94));
#6580 = CARTESIAN_POINT('',(15.959033281004,22.453683118265,-9.94));
#6581 = CARTESIAN_POINT('',(15.65909664744,22.661203421131,-9.94));
#6582 = CARTESIAN_POINT('',(15.337894696918,22.850619937617,-9.94));
#6583 = CARTESIAN_POINT('',(14.999326989016,23.023645733961,-9.94));
#6584 = CARTESIAN_POINT('',(13.985943252293,23.478017690206,-9.94));
#6585 = CARTESIAN_POINT('',(13.276030280147,23.722220095595,-9.94));
#6586 = CARTESIAN_POINT('',(12.532882912132,23.926891488599,-9.94));
#6587 = CARTESIAN_POINT('',(11.766723408592,24.099178672545,-9.94));
#6588 = CARTESIAN_POINT('',(10.984561998548,24.245025634367,-9.94));
#6589 = CARTESIAN_POINT('',(10.189783360476,24.368743804781,-9.94));
#6590 = CARTESIAN_POINT('',(8.090404527675,24.64204218492,-9.94));
#6591 = CARTESIAN_POINT('',(6.771562605754,24.761769482082,-9.94));
#6592 = CARTESIAN_POINT('',(5.435678558065,24.846673032532,-9.94));
#6593 = CARTESIAN_POINT('',(4.087885772246,24.903531908287,-9.94));
#6594 = CARTESIAN_POINT('',(2.731773437165,24.937934212203,-9.94));
#6595 = CARTESIAN_POINT('',(1.369025151876,24.953620454965,-9.94));
#6596 = CARTESIAN_POINT('',(-2.431461786922E-15,24.953620454965,-9.94));
#6597 = PCURVE('',#3802,#6598);
#6598 = DEFINITIONAL_REPRESENTATION('',(#6599),#6620);
#6599 = B_SPLINE_CURVE_WITH_KNOTS('',7,(#6600,#6601,#6602,#6603,#6604,
    #6605,#6606,#6607,#6608,#6609,#6610,#6611,#6612,#6613,#6614,#6615,
    #6616,#6617,#6618,#6619),.UNSPECIFIED.,.F.,.F.,(8,6,6,8),(0.,
    0.170611735871,0.489402952479,1.),.UNSPECIFIED.);
#6600 = CARTESIAN_POINT('',(-16.67806646943,21.590207005587));
#6601 = CARTESIAN_POINT('',(-16.47399798237,21.858893898784));
#6602 = CARTESIAN_POINT('',(-16.23258336022,22.106987696616));
#6603 = CARTESIAN_POINT('',(-15.959033281,22.334240328032));
#6604 = CARTESIAN_POINT('',(-15.65909664744,22.541760630899));
#6605 = CARTESIAN_POINT('',(-15.33789469691,22.731177147385));
#6606 = CARTESIAN_POINT('',(-14.99932698901,22.904202943729));
#6607 = CARTESIAN_POINT('',(-13.98594325229,23.358574899974));
#6608 = CARTESIAN_POINT('',(-13.27603028014,23.602777305363));
#6609 = CARTESIAN_POINT('',(-12.53288291213,23.807448698367));
#6610 = CARTESIAN_POINT('',(-11.76672340859,23.979735882312));
#6611 = CARTESIAN_POINT('',(-10.98456199854,24.125582844134));
#6612 = CARTESIAN_POINT('',(-10.18978336047,24.249301014549));
#6613 = CARTESIAN_POINT('',(-8.090404527675,24.522599394688));
#6614 = CARTESIAN_POINT('',(-6.771562605754,24.64232669185));
#6615 = CARTESIAN_POINT('',(-5.435678558065,24.727230242299));
#6616 = CARTESIAN_POINT('',(-4.087885772246,24.784089118055));
#6617 = CARTESIAN_POINT('',(-2.731773437165,24.818491421971));
#6618 = CARTESIAN_POINT('',(-1.369025151876,24.834177664732));
#6619 = CARTESIAN_POINT('',(2.22044604925E-15,24.834177664732));
#6620 = ( GEOMETRIC_REPRESENTATION_CONTEXT(2) 
PARAMETRIC_REPRESENTATION_CONTEXT() REPRESENTATION_CONTEXT('2D SPACE',''
  ) );
#6621 = PCURVE('',#6622,#6675);
#6622 = ( BOUNDED_SURFACE() B_SPLINE_SURFACE(3,7,(
    (#6623,#6624,#6625,#6626,#6627,#6628,#6629,#6630,#6631,#6632,#6633
      ,#6634,#6635)
    ,(#6636,#6637,#6638,#6639,#6640,#6641,#6642,#6643,#6644,#6645,#6646
      ,#6647,#6648)
    ,(#6649,#6650,#6651,#6652,#6653,#6654,#6655,#6656,#6657,#6658,#6659
      ,#6660,#6661)
    ,(#6662,#6663,#6664,#6665,#6666,#6667,#6668,#6669,#6670,#6671,#6672
      ,#6673,#6674
)),.UNSPECIFIED.,.F.,.F.,.F.) B_SPLINE_SURFACE_WITH_KNOTS((4,4),(8,5,8),
  (0.,1.),(0.,0.572316345514,1.),.UNSPECIFIED.) 
GEOMETRIC_REPRESENTATION_ITEM() RATIONAL_B_SPLINE_SURFACE((
    (1.,0.999999999999,1.000000000006,0.99999999998,1.000000000034
      ,0.999999999978,1.000000000013,0.999999999992,1.000000000011
      ,0.999999999992,1.000000000003,1.,1.)
    ,(1.,0.999999999999,1.000000000006,0.99999999998,1.000000000034
      ,0.999999999978,1.000000000013,0.999999999992,1.000000000011
      ,0.999999999992,1.000000000003,1.,1.)
    ,(1.,0.999999999999,1.000000000006,0.99999999998,1.000000000034
      ,0.999999999978,1.000000000013,0.999999999992,1.000000000011
      ,0.999999999992,1.000000000003,1.,1.)
    ,(1.,0.999999999999,1.000000000006,0.99999999998,1.000000000034
      ,0.999999999978,1.000000000013,0.999999999992,1.000000000011
,0.999999999992,1.000000000003,1.,1.
  ))) REPRESENTATION_ITEM('') SURFACE() );
#6623 = CARTESIAN_POINT('',(0.,24.95,-10.5));
#6624 = CARTESIAN_POINT('',(0.,24.043663277295,-8.628241502707));
#6625 = CARTESIAN_POINT('',(0.,32.54606231877,-8.733290855657));
#6626 = CARTESIAN_POINT('',(0.,6.041632698024,-1.056708587136));
#6627 = CARTESIAN_POINT('',(0.,56.028665869086,-10.82247277985));
#6628 = CARTESIAN_POINT('',(0.,8.339330952262,2.067695186229));
#6629 = CARTESIAN_POINT('',(0.,32.452102411291,-1.342188414743));
#6630 = CARTESIAN_POINT('',(0.,26.066569950501,4.51492883963));
#6631 = CARTESIAN_POINT('',(0.,22.73975140605,4.188245497625));
#6632 = CARTESIAN_POINT('',(0.,28.240023537776,6.661938916007));
#6633 = CARTESIAN_POINT('',(0.,25.451455640252,7.392451929016));
#6634 = CARTESIAN_POINT('',(0.,25.732101875219,8.74983766954));
#6635 = CARTESIAN_POINT('',(0.,25.725,10.));
#6636 = CARTESIAN_POINT('',(8.338,24.95,-10.5));
#6637 = CARTESIAN_POINT('',(8.087128824496,24.043663277295,
    -8.628241502707));
#6638 = CARTESIAN_POINT('',(10.396093535617,32.54606231877,
    -8.733290855657));
#6639 = CARTESIAN_POINT('',(3.694392953156,6.041632698024,
    -1.056708587136));
#6640 = CARTESIAN_POINT('',(16.004677551123,56.028665869086,
    -10.82247277985));
#6641 = CARTESIAN_POINT('',(4.535085852577,8.339330952262,2.067695186229
    ));
#6642 = CARTESIAN_POINT('',(10.039110858404,32.452102411291,
    -1.342188414743));
#6643 = CARTESIAN_POINT('',(8.993909768313,26.066569950501,4.51492883963
    ));
#6644 = CARTESIAN_POINT('',(7.346705273262,22.73975140605,4.188245497625
    ));
#6645 = CARTESIAN_POINT('',(9.553251254198,28.240023537776,
    6.661938916007));
#6646 = CARTESIAN_POINT('',(8.421545805684,25.451455640252,
    7.392451929016));
#6647 = CARTESIAN_POINT('',(8.52633260392,25.732101875219,8.74983766954)
  );
#6648 = CARTESIAN_POINT('',(8.525,25.725,10.));
#6649 = CARTESIAN_POINT('',(14.781,24.2015,-10.5));
#6650 = CARTESIAN_POINT('',(14.336273825257,23.32235337898,
    -8.628241502707));
#6651 = CARTESIAN_POINT('',(18.429438540305,31.569680449176,
    -8.733290855657));
#6652 = CARTESIAN_POINT('',(6.549151144596,5.86038371719,-1.056708587136
    ));
#6653 = CARTESIAN_POINT('',(28.371928385484,54.347805892831,
    -10.82247277985));
#6654 = CARTESIAN_POINT('',(8.039470375378,8.089151023831,2.067695186229
    ));
#6655 = CARTESIAN_POINT('',(17.796605612499,31.478539338812,
    -1.342188414743));
#6656 = CARTESIAN_POINT('',(15.943749134727,25.284572852119,
    4.51492883963));
#6657 = CARTESIAN_POINT('',(13.023704802686,22.057558863628,
    4.188245497625));
#6658 = CARTESIAN_POINT('',(16.935309041462,27.392822831812,
    6.661938916007));
#6659 = CARTESIAN_POINT('',(14.929103928283,24.687911970987,
    7.392451929016));
#6660 = CARTESIAN_POINT('',(15.114862343308,24.960138818972,
    8.74983766954));
#6661 = CARTESIAN_POINT('',(15.1125,24.95325,10.));
#6662 = CARTESIAN_POINT('',(16.676,21.7065,-10.5));
#6663 = CARTESIAN_POINT('',(16.174257648992,20.917987051244,
    -8.628241502707));
#6664 = CARTESIAN_POINT('',(20.792187071234,28.315074217348,
    -8.733290855657));
#6665 = CARTESIAN_POINT('',(7.388785906312,5.256220447218,
    -1.056708587136));
#6666 = CARTESIAN_POINT('',(32.009355102246,48.744939306206,
    -10.82247277985));
#6667 = CARTESIAN_POINT('',(9.070171705155,7.255217928419,2.067695186229
    ));
#6668 = CARTESIAN_POINT('',(20.078221716808,28.233329097802,
    -1.342188414743));
#6669 = CARTESIAN_POINT('',(17.987819536626,22.677915856995,
    4.51492883963));
#6670 = CARTESIAN_POINT('',(14.693410546524,19.783583723135,
    4.188245497625));
#6671 = CARTESIAN_POINT('',(19.106502508395,24.568820477959,
    6.661938916007));
#6672 = CARTESIAN_POINT('',(16.843091611367,22.142766406986,
    7.392451929016));
#6673 = CARTESIAN_POINT('',(17.052665207839,22.386928631446,
    8.74983766954));
#6674 = CARTESIAN_POINT('',(17.05,22.38075,10.));
#6675 = DEFINITIONAL_REPRESENTATION('',(#6676),#6697);
#6676 = B_SPLINE_CURVE_WITH_KNOTS('',7,(#6677,#6678,#6679,#6680,#6681,
    #6682,#6683,#6684,#6685,#6686,#6687,#6688,#6689,#6690,#6691,#6692,
    #6693,#6694,#6695,#6696),.UNSPECIFIED.,.F.,.F.,(8,6,6,8),(0.,
    0.170611735871,0.489402952479,1.),.UNSPECIFIED.);
#6677 = CARTESIAN_POINT('',(1.,2.720806856768E-02));
#6678 = CARTESIAN_POINT('',(0.964108495641,2.720806856768E-02));
#6679 = CARTESIAN_POINT('',(0.928863489198,2.720806856768E-02));
#6680 = CARTESIAN_POINT('',(0.894496594738,2.720806856768E-02));
#6681 = CARTESIAN_POINT('',(0.861120657247,2.720806856768E-02));
#6682 = CARTESIAN_POINT('',(0.828770101827,2.720806856768E-02));
#6683 = CARTESIAN_POINT('',(0.797422306698,2.720806856768E-02));
#6684 = CARTESIAN_POINT('',(0.710155351449,2.720806856768E-02));
#6685 = CARTESIAN_POINT('',(0.656676412131,2.720806856768E-02));
#6686 = CARTESIAN_POINT('',(0.605953962201,2.720806856768E-02));
#6687 = CARTESIAN_POINT('',(0.55765439337,2.720806856768E-02));
#6688 = CARTESIAN_POINT('',(0.511441282591,2.720806856768E-02));
#6689 = CARTESIAN_POINT('',(0.467003101919,2.720806856768E-02));
#6690 = CARTESIAN_POINT('',(0.355123394466,2.720806856768E-02));
#6691 = CARTESIAN_POINT('',(0.290183835783,2.720806856768E-02));
#6692 = CARTESIAN_POINT('',(0.228135468355,2.720806856768E-02));
#6693 = CARTESIAN_POINT('',(0.168480692335,2.720806856768E-02));
#6694 = CARTESIAN_POINT('',(0.110783646677,2.720806856768E-02));
#6695 = CARTESIAN_POINT('',(5.472357579677E-02,2.720806856768E-02));
#6696 = CARTESIAN_POINT('',(0.,2.720806856768E-02));
#6697 = ( GEOMETRIC_REPRESENTATION_CONTEXT(2) 
PARAMETRIC_REPRESENTATION_CONTEXT() REPRESENTATION_CONTEXT('2D SPACE',''
  ) );
#6698 = ORIENTED_EDGE('',*,*,#6699,.T.);
#6699 = EDGE_CURVE('',#6573,#6700,#6702,.T.);
#6700 = VERTEX_POINT('',#6701);
#6701 = CARTESIAN_POINT('',(-16.67806646943,21.709649795819,-9.94));
#6702 = SURFACE_CURVE('',#6703,(#6724,#6748),.PCURVE_S1.);
#6703 = B_SPLINE_CURVE_WITH_KNOTS('',7,(#6704,#6705,#6706,#6707,#6708,
    #6709,#6710,#6711,#6712,#6713,#6714,#6715,#6716,#6717,#6718,#6719,
    #6720,#6721,#6722,#6723),.UNSPECIFIED.,.F.,.F.,(8,6,6,8),(0.,
    0.495679081543,0.819713418673,1.),.UNSPECIFIED.);
#6704 = CARTESIAN_POINT('',(-4.440892098501E-15,24.953620454965,-9.94));
#6705 = CARTESIAN_POINT('',(-1.329017554165,24.953620454965,-9.94));
#6706 = CARTESIAN_POINT('',(-2.652223747315,24.938836300266,-9.94));
#6707 = CARTESIAN_POINT('',(-3.969189012172,24.906499909598,-9.94));
#6708 = CARTESIAN_POINT('',(-5.278342360343,24.853187893422,-9.94));
#6709 = CARTESIAN_POINT('',(-6.576521240573,24.773921637067,-9.94));
#6710 = CARTESIAN_POINT('',(-7.85919720976,24.662572166273,-9.94));
#6711 = CARTESIAN_POINT('',(-9.941520340502,24.405802392012,-9.94));
#6712 = CARTESIAN_POINT('',(-10.75275830966,24.285765176096,-9.94));
#6713 = CARTESIAN_POINT('',(-11.5516977861,24.143765621969,-9.94));
#6714 = CARTESIAN_POINT('',(-12.33510192482,23.975532670724,-9.94));
#6715 = CARTESIAN_POINT('',(-13.09615528439,23.775117487162,-9.94));
#6716 = CARTESIAN_POINT('',(-13.82489948773,23.53537867915,-9.94));
#6717 = CARTESIAN_POINT('',(-14.88340514097,23.081684932069,-9.94));
#6718 = CARTESIAN_POINT('',(-15.24624917316,22.903689535942,-9.94));
#6719 = CARTESIAN_POINT('',(-15.5906665073,22.707829265408,-9.94));
#6720 = CARTESIAN_POINT('',(-15.91226307912,22.492081696803,-9.94));
#6721 = CARTESIAN_POINT('',(-16.20510167827,22.254468489392,-9.94));
#6722 = CARTESIAN_POINT('',(-16.46241694003,21.993584875204,-9.94));
#6723 = CARTESIAN_POINT('',(-16.67806646943,21.709649795819,-9.94));
#6724 = PCURVE('',#3802,#6725);
#6725 = DEFINITIONAL_REPRESENTATION('',(#6726),#6747);
#6726 = B_SPLINE_CURVE_WITH_KNOTS('',7,(#6727,#6728,#6729,#6730,#6731,
    #6732,#6733,#6734,#6735,#6736,#6737,#6738,#6739,#6740,#6741,#6742,
    #6743,#6744,#6745,#6746),.UNSPECIFIED.,.F.,.F.,(8,6,6,8),(0.,
    0.495679081543,0.819713418673,1.),.UNSPECIFIED.);
#6727 = CARTESIAN_POINT('',(4.229876360829E-15,24.834177664732));
#6728 = CARTESIAN_POINT('',(1.329017554165,24.834177664732));
#6729 = CARTESIAN_POINT('',(2.652223747315,24.819393510033));
#6730 = CARTESIAN_POINT('',(3.969189012172,24.787057119365));
#6731 = CARTESIAN_POINT('',(5.278342360343,24.73374510319));
#6732 = CARTESIAN_POINT('',(6.576521240573,24.654478846834));
#6733 = CARTESIAN_POINT('',(7.85919720976,24.543129376041));
#6734 = CARTESIAN_POINT('',(9.941520340502,24.28635960178));
#6735 = CARTESIAN_POINT('',(10.75275830966,24.166322385864));
#6736 = CARTESIAN_POINT('',(11.551697786109,24.024322831736));
#6737 = CARTESIAN_POINT('',(12.335101924826,23.856089880492));
#6738 = CARTESIAN_POINT('',(13.096155284392,23.65567469693));
#6739 = CARTESIAN_POINT('',(13.824899487731,23.415935888918));
#6740 = CARTESIAN_POINT('',(14.883405140977,22.962242141837));
#6741 = CARTESIAN_POINT('',(15.246249173162,22.78424674571));
#6742 = CARTESIAN_POINT('',(15.5906665073,22.588386475176));
#6743 = CARTESIAN_POINT('',(15.912263079122,22.372638906571));
#6744 = CARTESIAN_POINT('',(16.20510167827,22.13502569916));
#6745 = CARTESIAN_POINT('',(16.462416940039,21.874142084972));
#6746 = CARTESIAN_POINT('',(16.678066469439,21.590207005587));
#6747 = ( GEOMETRIC_REPRESENTATION_CONTEXT(2) 
PARAMETRIC_REPRESENTATION_CONTEXT() REPRESENTATION_CONTEXT('2D SPACE',''
  ) );
#6748 = PCURVE('',#6749,#6802);
#6749 = ( BOUNDED_SURFACE() B_SPLINE_SURFACE(3,7,(
    (#6750,#6751,#6752,#6753,#6754,#6755,#6756,#6757,#6758,#6759,#6760
      ,#6761,#6762)
    ,(#6763,#6764,#6765,#6766,#6767,#6768,#6769,#6770,#6771,#6772,#6773
      ,#6774,#6775)
    ,(#6776,#6777,#6778,#6779,#6780,#6781,#6782,#6783,#6784,#6785,#6786
      ,#6787,#6788)
    ,(#6789,#6790,#6791,#6792,#6793,#6794,#6795,#6796,#6797,#6798,#6799
      ,#6800,#6801
)),.UNSPECIFIED.,.F.,.F.,.F.) B_SPLINE_SURFACE_WITH_KNOTS((4,4),(8,5,8),
  (7.,8.),(0.,0.572316345514,1.),.UNSPECIFIED.) 
GEOMETRIC_REPRESENTATION_ITEM() RATIONAL_B_SPLINE_SURFACE((
    (1.,0.999999999999,1.000000000006,0.99999999998,1.000000000034
      ,0.999999999978,1.000000000013,0.999999999992,1.000000000011
      ,0.999999999992,1.000000000003,1.,1.)
    ,(1.,0.999999999999,1.000000000006,0.99999999998,1.000000000034
      ,0.999999999978,1.000000000013,0.999999999992,1.000000000011
      ,0.999999999992,1.000000000003,1.,1.)
    ,(1.,0.999999999999,1.000000000006,0.99999999998,1.000000000034
      ,0.999999999978,1.000000000013,0.999999999992,1.000000000011
      ,0.999999999992,1.000000000003,1.,1.)
    ,(1.,0.999999999999,1.000000000006,0.99999999998,1.000000000034
      ,0.999999999978,1.000000000013,0.999999999992,1.000000000011
,0.999999999992,1.000000000003,1.,1.
  ))) REPRESENTATION_ITEM('') SURFACE() );
#6750 = CARTESIAN_POINT('',(-16.676,21.7065,-10.5));
#6751 = CARTESIAN_POINT('',(-16.17425764899,20.917987051244,
    -8.628241502707));
#6752 = CARTESIAN_POINT('',(-20.79218707123,28.315074217348,
    -8.733290855657));
#6753 = CARTESIAN_POINT('',(-7.388785906312,5.256220447218,
    -1.056708587136));
#6754 = CARTESIAN_POINT('',(-32.00935510224,48.744939306206,
    -10.82247277985));
#6755 = CARTESIAN_POINT('',(-9.070171705155,7.255217928419,
    2.067695186229));
#6756 = CARTESIAN_POINT('',(-20.0782217168,28.233329097802,
    -1.342188414743));
#6757 = CARTESIAN_POINT('',(-17.98781953662,22.677915856995,
    4.51492883963));
#6758 = CARTESIAN_POINT('',(-14.69341054652,19.783583723135,
    4.188245497625));
#6759 = CARTESIAN_POINT('',(-19.10650250839,24.568820477959,
    6.661938916007));
#6760 = CARTESIAN_POINT('',(-16.84309161136,22.142766406986,
    7.392451929016));
#6761 = CARTESIAN_POINT('',(-17.05266520783,22.386928631446,
    8.74983766954));
#6762 = CARTESIAN_POINT('',(-17.05,22.38075,10.));
#6763 = CARTESIAN_POINT('',(-14.781,24.2015,-10.5));
#6764 = CARTESIAN_POINT('',(-14.33627382525,23.32235337898,
    -8.628241502707));
#6765 = CARTESIAN_POINT('',(-18.42943854031,31.569680449176,
    -8.733290855657));
#6766 = CARTESIAN_POINT('',(-6.549151144554,5.86038371719,
    -1.056708587136));
#6767 = CARTESIAN_POINT('',(-28.37192838555,54.347805892831,
    -10.82247277985));
#6768 = CARTESIAN_POINT('',(-8.039470375333,8.089151023831,
    2.067695186229));
#6769 = CARTESIAN_POINT('',(-17.79660561252,31.478539338812,
    -1.342188414743));
#6770 = CARTESIAN_POINT('',(-15.94374913471,25.284572852119,
    4.51492883963));
#6771 = CARTESIAN_POINT('',(-13.0237048027,22.057558863628,
    4.188245497625));
#6772 = CARTESIAN_POINT('',(-16.93530904144,27.392822831812,
    6.661938916007));
#6773 = CARTESIAN_POINT('',(-14.92910392828,24.687911970987,
    7.392451929016));
#6774 = CARTESIAN_POINT('',(-15.1148623433,24.960138818972,8.74983766954
    ));
#6775 = CARTESIAN_POINT('',(-15.1125,24.95325,10.));
#6776 = CARTESIAN_POINT('',(-8.338,24.95,-10.5));
#6777 = CARTESIAN_POINT('',(-8.08712882451,24.043663277295,
    -8.628241502707));
#6778 = CARTESIAN_POINT('',(-10.3960935355,32.54606231877,
    -8.733290855657));
#6779 = CARTESIAN_POINT('',(-3.694392953527,6.041632698024,
    -1.056708587136));
#6780 = CARTESIAN_POINT('',(-16.0046775505,56.028665869086,
    -10.82247277985));
#6781 = CARTESIAN_POINT('',(-4.535085852957,8.339330952262,
    2.067695186229));
#6782 = CARTESIAN_POINT('',(-10.03911085822,32.452102411291,
    -1.342188414743));
#6783 = CARTESIAN_POINT('',(-8.993909768375,26.066569950501,
    4.51492883963));
#6784 = CARTESIAN_POINT('',(-7.346705273208,22.73975140605,
    4.188245497625));
#6785 = CARTESIAN_POINT('',(-9.553251254227,28.240023537776,
    6.661938916007));
#6786 = CARTESIAN_POINT('',(-8.421545805674,25.451455640252,
    7.392451929016));
#6787 = CARTESIAN_POINT('',(-8.526332603921,25.732101875219,
    8.74983766954));
#6788 = CARTESIAN_POINT('',(-8.525,25.725,10.));
#6789 = CARTESIAN_POINT('',(-2.22044604925E-15,24.95,-10.5));
#6790 = CARTESIAN_POINT('',(-1.924705800828E-14,24.043663277295,
    -8.628241502707));
#6791 = CARTESIAN_POINT('',(1.509339163924E-13,32.54606231877,
    -8.733290855657));
#6792 = CARTESIAN_POINT('',(-4.943970453431E-13,6.041632698024,
    -1.056708587136));
#6793 = CARTESIAN_POINT('',(7.633904819706E-13,56.028665869086,
    -10.82247277985));
#6794 = CARTESIAN_POINT('',(-4.239748602397E-13,8.339330952262,
    2.067695186229));
#6795 = CARTESIAN_POINT('',(9.087261413255E-14,32.452102411291,
    -1.342188414743));
#6796 = CARTESIAN_POINT('',(1.009470485227E-13,26.066569950501,
    4.51492883963));
#6797 = CARTESIAN_POINT('',(-2.789288584877E-13,22.73975140605,
    4.188245497625));
#6798 = CARTESIAN_POINT('',(2.143817868839E-13,28.240023537776,
    6.661938916007));
#6799 = CARTESIAN_POINT('',(-8.516354247628E-14,25.451455640252,
    7.392451929016));
#6800 = CARTESIAN_POINT('',(1.178760625446E-14,25.732101875219,
    8.74983766954));
#6801 = CARTESIAN_POINT('',(0.,25.725,10.));
#6802 = DEFINITIONAL_REPRESENTATION('',(#6803),#6824);
#6803 = B_SPLINE_CURVE_WITH_KNOTS('',7,(#6804,#6805,#6806,#6807,#6808,
    #6809,#6810,#6811,#6812,#6813,#6814,#6815,#6816,#6817,#6818,#6819,
    #6820,#6821,#6822,#6823),.UNSPECIFIED.,.F.,.F.,(8,6,6,8),(0.,
    0.495679081543,0.819713418673,1.),.UNSPECIFIED.);
#6804 = CARTESIAN_POINT('',(8.,2.720806856768E-02));
#6805 = CARTESIAN_POINT('',(7.946875634271,2.720806856768E-02));
#6806 = CARTESIAN_POINT('',(7.892487451233,2.720806856768E-02));
#6807 = CARTESIAN_POINT('',(7.836564995023,2.720806856768E-02));
#6808 = CARTESIAN_POINT('',(7.778815890025,2.720806856768E-02));
#6809 = CARTESIAN_POINT('',(7.718850382298,2.720806856768E-02));
#6810 = CARTESIAN_POINT('',(7.656214089413,2.720806856768E-02));
#6811 = CARTESIAN_POINT('',(7.54671465799,2.720806856768E-02));
#6812 = CARTESIAN_POINT('',(7.501998776698,2.720806856768E-02));
#6813 = CARTESIAN_POINT('',(7.455512972264,2.720806856768E-02));
#6814 = CARTESIAN_POINT('',(7.406944020791,2.720806856768E-02));
#6815 = CARTESIAN_POINT('',(7.355947278695,2.720806856768E-02));
#6816 = CARTESIAN_POINT('',(7.302179260729,2.720806856768E-02));
#6817 = CARTESIAN_POINT('',(7.213186539948,2.720806856768E-02));
#6818 = CARTESIAN_POINT('',(7.180359425675,2.720806856768E-02));
#6819 = CARTESIAN_POINT('',(7.146419625314,2.720806856768E-02));
#6820 = CARTESIAN_POINT('',(7.111332141252,2.720806856768E-02));
#6821 = CARTESIAN_POINT('',(7.075127563794,2.720806856768E-02));
#6822 = CARTESIAN_POINT('',(7.037928374615,2.720806856768E-02));
#6823 = CARTESIAN_POINT('',(7.,2.720806856768E-02));
#6824 = ( GEOMETRIC_REPRESENTATION_CONTEXT(2) 
PARAMETRIC_REPRESENTATION_CONTEXT() REPRESENTATION_CONTEXT('2D SPACE',''
  ) );
#6825 = ORIENTED_EDGE('',*,*,#6826,.T.);
#6826 = EDGE_CURVE('',#6700,#6827,#6829,.T.);
#6827 = VERTEX_POINT('',#6828);
#6828 = CARTESIAN_POINT('',(-18.95234826072,0.,-9.94));
#6829 = SURFACE_CURVE('',#6830,(#6857,#6887),.PCURVE_S1.);
#6830 = B_SPLINE_CURVE_WITH_KNOTS('',7,(#6831,#6832,#6833,#6834,#6835,
    #6836,#6837,#6838,#6839,#6840,#6841,#6842,#6843,#6844,#6845,#6846,
    #6847,#6848,#6849,#6850,#6851,#6852,#6853,#6854,#6855,#6856),
  .UNSPECIFIED.,.F.,.F.,(8,6,6,6,8),(0.,0.216539912746,0.508157605427,
    0.740215302435,1.),.UNSPECIFIED.);
#6831 = CARTESIAN_POINT('',(-16.67806646943,21.709649795819,-9.94));
#6832 = CARTESIAN_POINT('',(-16.97964597152,21.159853879678,-9.94));
#6833 = CARTESIAN_POINT('',(-17.23494007492,20.571201477848,-9.94));
#6834 = CARTESIAN_POINT('',(-17.45433039388,19.956705175359,-9.94));
#6835 = CARTESIAN_POINT('',(-17.64399397748,19.32453146232,-9.94));
#6836 = CARTESIAN_POINT('',(-17.80913404076,18.68028446757,-9.94));
#6837 = CARTESIAN_POINT('',(-17.95363774461,18.026727829037,-9.94));
#6838 = CARTESIAN_POINT('',(-18.25183192612,16.472219767103,-9.94));
#6839 = CARTESIAN_POINT('',(-18.39086127557,15.566510499493,-9.94));
#6840 = CARTESIAN_POINT('',(-18.50518914668,14.651796928399,-9.94));
#6841 = CARTESIAN_POINT('',(-18.59912480191,13.730942921469,-9.94));
#6842 = CARTESIAN_POINT('',(-18.67615094758,12.805990228458,-9.94));
#6843 = CARTESIAN_POINT('',(-18.73886398149,11.878130952832,-9.94));
#6844 = CARTESIAN_POINT('',(-18.82971132219,10.207738332924,-9.94));
#6845 = CARTESIAN_POINT('',(-18.86227938476,9.466295414719,-9.94));
#6846 = CARTESIAN_POINT('',(-18.88824365962,8.724118503537,-9.94));
#6847 = CARTESIAN_POINT('',(-18.90851828354,7.981646519493,-9.94));
#6848 = CARTESIAN_POINT('',(-18.92390245538,7.239280391049,-9.94));
#6849 = CARTESIAN_POINT('',(-18.93513693985,6.497409452344,-9.94));
#6850 = CARTESIAN_POINT('',(-18.95171899544,4.92693255557,-9.94));
#6851 = CARTESIAN_POINT('',(-18.95620243771,4.09863152358,-9.94));
#6852 = CARTESIAN_POINT('',(-18.95743381575,3.272039070659,-9.94));
#6853 = CARTESIAN_POINT('',(-18.95645135952,2.447838791565,-9.94));
#6854 = CARTESIAN_POINT('',(-18.95432773291,1.626879423941,-9.94));
#6855 = CARTESIAN_POINT('',(-18.95234826072,0.810329389193,-9.94));
#6856 = CARTESIAN_POINT('',(-18.95234826072,2.22044604925E-15,-9.94));
#6857 = PCURVE('',#3802,#6858);
#6858 = DEFINITIONAL_REPRESENTATION('',(#6859),#6886);
#6859 = B_SPLINE_CURVE_WITH_KNOTS('',7,(#6860,#6861,#6862,#6863,#6864,
    #6865,#6866,#6867,#6868,#6869,#6870,#6871,#6872,#6873,#6874,#6875,
    #6876,#6877,#6878,#6879,#6880,#6881,#6882,#6883,#6884,#6885),
  .UNSPECIFIED.,.F.,.F.,(8,6,6,6,8),(0.,0.216539912746,0.508157605427,
    0.740215302435,1.),.UNSPECIFIED.);
#6860 = CARTESIAN_POINT('',(16.678066469439,21.590207005587));
#6861 = CARTESIAN_POINT('',(16.979645971522,21.040411089446));
#6862 = CARTESIAN_POINT('',(17.234940074922,20.451758687616));
#6863 = CARTESIAN_POINT('',(17.454330393889,19.837262385126));
#6864 = CARTESIAN_POINT('',(17.643993977486,19.205088672088));
#6865 = CARTESIAN_POINT('',(17.80913404076,18.560841677338));
#6866 = CARTESIAN_POINT('',(17.953637744619,17.907285038804));
#6867 = CARTESIAN_POINT('',(18.251831926126,16.35277697687));
#6868 = CARTESIAN_POINT('',(18.390861275571,15.447067709261));
#6869 = CARTESIAN_POINT('',(18.50518914668,14.532354138167));
#6870 = CARTESIAN_POINT('',(18.599124801915,13.611500131237));
#6871 = CARTESIAN_POINT('',(18.67615094758,12.686547438226));
#6872 = CARTESIAN_POINT('',(18.73886398149,11.7586881626));
#6873 = CARTESIAN_POINT('',(18.829711322199,10.088295542691));
#6874 = CARTESIAN_POINT('',(18.862279384766,9.346852624487));
#6875 = CARTESIAN_POINT('',(18.888243659627,8.604675713305));
#6876 = CARTESIAN_POINT('',(18.908518283545,7.862203729261));
#6877 = CARTESIAN_POINT('',(18.923902455382,7.119837600817));
#6878 = CARTESIAN_POINT('',(18.935136939858,6.377966662111));
#6879 = CARTESIAN_POINT('',(18.951718995449,4.807489765338));
#6880 = CARTESIAN_POINT('',(18.95620243771,3.979188733348));
#6881 = CARTESIAN_POINT('',(18.957433815758,3.152596280427));
#6882 = CARTESIAN_POINT('',(18.956451359526,2.328396001333));
#6883 = CARTESIAN_POINT('',(18.954327732919,1.507436633709));
#6884 = CARTESIAN_POINT('',(18.952348260726,0.690886598961));
#6885 = CARTESIAN_POINT('',(18.952348260726,-0.119442790232));
#6886 = ( GEOMETRIC_REPRESENTATION_CONTEXT(2) 
PARAMETRIC_REPRESENTATION_CONTEXT() REPRESENTATION_CONTEXT('2D SPACE',''
  ) );
#6887 = PCURVE('',#6888,#6941);
#6888 = ( BOUNDED_SURFACE() B_SPLINE_SURFACE(3,7,(
    (#6889,#6890,#6891,#6892,#6893,#6894,#6895,#6896,#6897,#6898,#6899
      ,#6900,#6901)
    ,(#6902,#6903,#6904,#6905,#6906,#6907,#6908,#6909,#6910,#6911,#6912
      ,#6913,#6914)
    ,(#6915,#6916,#6917,#6918,#6919,#6920,#6921,#6922,#6923,#6924,#6925
      ,#6926,#6927)
    ,(#6928,#6929,#6930,#6931,#6932,#6933,#6934,#6935,#6936,#6937,#6938
      ,#6939,#6940
)),.UNSPECIFIED.,.F.,.F.,.F.) B_SPLINE_SURFACE_WITH_KNOTS((4,4),(8,5,8),
  (6.,7.),(0.,0.572316345514,1.),.UNSPECIFIED.) 
GEOMETRIC_REPRESENTATION_ITEM() RATIONAL_B_SPLINE_SURFACE((
    (1.,0.999999999999,1.000000000006,0.99999999998,1.000000000034
      ,0.999999999978,1.000000000013,0.999999999992,1.000000000011
      ,0.999999999992,1.000000000003,1.,1.)
    ,(1.,0.999999999999,1.000000000006,0.99999999998,1.000000000034
      ,0.999999999978,1.000000000013,0.999999999992,1.000000000011
      ,0.999999999992,1.000000000003,1.,1.)
    ,(1.,0.999999999999,1.000000000006,0.99999999998,1.000000000034
      ,0.999999999978,1.000000000013,0.999999999992,1.000000000011
      ,0.999999999992,1.000000000003,1.,1.)
    ,(1.,0.999999999999,1.000000000006,0.99999999998,1.000000000034
      ,0.999999999978,1.000000000013,0.999999999992,1.000000000011
,0.999999999992,1.000000000003,1.,1.
  ))) REPRESENTATION_ITEM('') SURFACE() );
#6889 = CARTESIAN_POINT('',(-18.95,0.,-10.5));
#6890 = CARTESIAN_POINT('',(-18.37983823748,0.,-8.628241502707));
#6891 = CARTESIAN_POINT('',(-23.62748530829,0.,-8.733290855657));
#6892 = CARTESIAN_POINT('',(-8.396347620556,0.,-1.056708587136));
#6893 = CARTESIAN_POINT('',(-36.37426716206,0.,-10.82247277985));
#6894 = CARTESIAN_POINT('',(-10.30701330105,0.,2.067695186229));
#6895 = CARTESIAN_POINT('',(-22.81616104193,0.,-1.342188414743));
#6896 = CARTESIAN_POINT('',(-20.44070401886,0.,4.51492883963));
#6897 = CARTESIAN_POINT('',(-16.69705743923,0.,4.188245497625));
#6898 = CARTESIAN_POINT('',(-21.71193466863,0.,6.661938916007));
#6899 = CARTESIAN_POINT('',(-19.13987683109,0.,7.392451929016));
#6900 = CARTESIAN_POINT('',(-19.37802864527,0.,8.74983766954));
#6901 = CARTESIAN_POINT('',(-19.375,0.,10.));
#6902 = CARTESIAN_POINT('',(-18.95,6.986,-10.5));
#6903 = CARTESIAN_POINT('',(-18.37983823748,6.732225717641,
    -8.628241502707));
#6904 = CARTESIAN_POINT('',(-23.62748530829,9.112897449271,
    -8.733290855657));
#6905 = CARTESIAN_POINT('',(-8.396347620556,1.691657155393,
    -1.056708587136));
#6906 = CARTESIAN_POINT('',(-36.37426716206,15.688026443432,
    -10.82247277985));
#6907 = CARTESIAN_POINT('',(-10.30701330105,2.33501266658,2.067695186229
    ));
#6908 = CARTESIAN_POINT('',(-22.81616104193,9.086588675185,
    -1.342188414743));
#6909 = CARTESIAN_POINT('',(-20.44070401886,7.298639586135,4.51492883963
    ));
#6910 = CARTESIAN_POINT('',(-16.69705743923,6.367130393695,
    4.188245497625));
#6911 = CARTESIAN_POINT('',(-21.71193466863,7.907206590578,
    6.661938916007));
#6912 = CARTESIAN_POINT('',(-19.13987683109,7.12640757927,7.392451929016
    ));
#6913 = CARTESIAN_POINT('',(-19.37802864527,7.204988525061,8.74983766954
    ));
#6914 = CARTESIAN_POINT('',(-19.375,7.203,10.));
#6915 = CARTESIAN_POINT('',(-19.1395,17.2155,-10.5));
#6916 = CARTESIAN_POINT('',(-18.56363661984,16.590127661317,
    -8.628241502707));
#6917 = CARTESIAN_POINT('',(-23.86376016147,22.456783000077,
    -8.733290855657));
#6918 = CARTESIAN_POINT('',(-8.480311096431,4.168726561201,
    -1.056708587136));
#6919 = CARTESIAN_POINT('',(-36.73800983423,38.659779450392,
    -10.82247277985));
#6920 = CARTESIAN_POINT('',(-10.41008343372,5.754138356604,
    2.067695186229));
#6921 = CARTESIAN_POINT('',(-23.04432265254,22.391950664043,
    -1.342188414743));
#6922 = CARTESIAN_POINT('',(-20.64511105896,17.985933265724,
    4.51492883963));
#6923 = CARTESIAN_POINT('',(-16.86402801374,15.690428470334,
    4.188245497625));
#6924 = CARTESIAN_POINT('',(-21.92905401524,19.485616240961,
    6.661938916007));
#6925 = CARTESIAN_POINT('',(-19.33127559943,17.56150439181,
    7.392451929016));
#6926 = CARTESIAN_POINT('',(-19.57180893172,17.755150293895,
    8.74983766954));
#6927 = CARTESIAN_POINT('',(-19.56875,17.75025,10.));
#6928 = CARTESIAN_POINT('',(-16.676,21.7065,-10.5));
#6929 = CARTESIAN_POINT('',(-16.17425764899,20.917987051244,
    -8.628241502707));
#6930 = CARTESIAN_POINT('',(-20.79218707123,28.315074217348,
    -8.733290855657));
#6931 = CARTESIAN_POINT('',(-7.388785906312,5.256220447218,
    -1.056708587136));
#6932 = CARTESIAN_POINT('',(-32.00935510224,48.744939306206,
    -10.82247277985));
#6933 = CARTESIAN_POINT('',(-9.070171705155,7.255217928419,
    2.067695186229));
#6934 = CARTESIAN_POINT('',(-20.0782217168,28.233329097802,
    -1.342188414743));
#6935 = CARTESIAN_POINT('',(-17.98781953662,22.677915856995,
    4.51492883963));
#6936 = CARTESIAN_POINT('',(-14.69341054652,19.783583723135,
    4.188245497625));
#6937 = CARTESIAN_POINT('',(-19.10650250839,24.568820477959,
    6.661938916007));
#6938 = CARTESIAN_POINT('',(-16.84309161136,22.142766406986,
    7.392451929016));
#6939 = CARTESIAN_POINT('',(-17.05266520783,22.386928631446,
    8.74983766954));
#6940 = CARTESIAN_POINT('',(-17.05,22.38075,10.));
#6941 = DEFINITIONAL_REPRESENTATION('',(#6942),#6969);
#6942 = B_SPLINE_CURVE_WITH_KNOTS('',7,(#6943,#6944,#6945,#6946,#6947,
    #6948,#6949,#6950,#6951,#6952,#6953,#6954,#6955,#6956,#6957,#6958,
    #6959,#6960,#6961,#6962,#6963,#6964,#6965,#6966,#6967,#6968),
  .UNSPECIFIED.,.F.,.F.,(8,6,6,6,8),(0.,0.216539912746,0.508157605427,
    0.740215302435,1.),.UNSPECIFIED.);
#6943 = CARTESIAN_POINT('',(7.,2.720806856768E-02));
#6944 = CARTESIAN_POINT('',(6.959198682721,2.720806856768E-02));
#6945 = CARTESIAN_POINT('',(6.920476622281,2.720806856768E-02));
#6946 = CARTESIAN_POINT('',(6.883449452453,2.720806856768E-02));
#6947 = CARTESIAN_POINT('',(6.847905415965,2.720806856768E-02));
#6948 = CARTESIAN_POINT('',(6.813627458346,2.720806856768E-02));
#6949 = CARTESIAN_POINT('',(6.780405736085,2.720806856768E-02));
#6950 = CARTESIAN_POINT('',(6.704358687565,2.720806856768E-02));
#6951 = CARTESIAN_POINT('',(6.662317643988,2.720806856768E-02));
#6952 = CARTESIAN_POINT('',(6.62144710528,2.720806856768E-02));
#6953 = CARTESIAN_POINT('',(6.581491763556,2.720806856768E-02));
#6954 = CARTESIAN_POINT('',(6.542227487477,2.720806856768E-02));
#6955 = CARTESIAN_POINT('',(6.503462154061,2.720806856768E-02));
#6956 = CARTESIAN_POINT('',(6.434393356036,2.720806856768E-02));
#6957 = CARTESIAN_POINT('',(6.403988590932,2.720806856768E-02));
#6958 = CARTESIAN_POINT('',(6.373696223817,2.720806856768E-02));
#6959 = CARTESIAN_POINT('',(6.34343436558,2.720806856768E-02));
#6960 = CARTESIAN_POINT('',(6.313122679373,2.720806856768E-02));
#6961 = CARTESIAN_POINT('',(6.282676341117,2.720806856768E-02));
#6962 = CARTESIAN_POINT('',(6.217658350909,2.720806856768E-02));
#6963 = CARTESIAN_POINT('',(6.183031090592,2.720806856768E-02));
#6964 = CARTESIAN_POINT('',(6.147983995813,2.720806856768E-02));
#6965 = CARTESIAN_POINT('',(6.112362982363,2.720806856768E-02));
#6966 = CARTESIAN_POINT('',(6.07599622885,2.720806856768E-02));
#6967 = CARTESIAN_POINT('',(6.038658832934,2.720806856768E-02));
#6968 = CARTESIAN_POINT('',(6.,2.720806856768E-02));
#6969 = ( GEOMETRIC_REPRESENTATION_CONTEXT(2) 
PARAMETRIC_REPRESENTATION_CONTEXT() REPRESENTATION_CONTEXT('2D SPACE',''
  ) );
#6970 = ORIENTED_EDGE('',*,*,#6971,.T.);
#6971 = EDGE_CURVE('',#6827,#6972,#6974,.T.);
#6972 = VERTEX_POINT('',#6973);
#6973 = CARTESIAN_POINT('',(-15.91997253901,-21.95918600036,-9.94));
#6974 = SURFACE_CURVE('',#6975,(#7002,#7032),.PCURVE_S1.);
#6975 = B_SPLINE_CURVE_WITH_KNOTS('',7,(#6976,#6977,#6978,#6979,#6980,
    #6981,#6982,#6983,#6984,#6985,#6986,#6987,#6988,#6989,#6990,#6991,
    #6992,#6993,#6994,#6995,#6996,#6997,#6998,#6999,#7000,#7001),
  .UNSPECIFIED.,.F.,.F.,(8,6,6,6,8),(0.,0.175518922867,0.560885109971,
    0.821044264759,1.),.UNSPECIFIED.);
#6976 = CARTESIAN_POINT('',(-18.95234826072,-1.127570259385E-15,-9.94));
#6977 = CARTESIAN_POINT('',(-18.95234826072,-0.569851262119,-9.94));
#6978 = CARTESIAN_POINT('',(-18.95159713022,-1.141164424131,-9.94));
#6979 = CARTESIAN_POINT('',(-18.94981149304,-1.713659559442,-9.94));
#6980 = CARTESIAN_POINT('',(-18.94673431305,-2.287104900464,-9.94));
#6981 = CARTESIAN_POINT('',(-18.94212298648,-2.861305359126,-9.94));
#6982 = CARTESIAN_POINT('',(-18.93573743427,-3.436091047361,-9.94));
#6983 = CARTESIAN_POINT('',(-18.90886501876,-5.274236947436,-9.94));
#6984 = CARTESIAN_POINT('',(-18.88065333116,-6.538988392919,-9.94));
#6985 = CARTESIAN_POINT('',(-18.8400548821,-7.804193093272,-9.94));
#6986 = CARTESIAN_POINT('',(-18.78431447014,-9.068446990893,-9.94));
#6987 = CARTESIAN_POINT('',(-18.70991765217,-10.3298993808,-9.94));
#6988 = CARTESIAN_POINT('',(-18.61260701655,-11.58624791704,-9.94));
#6989 = CARTESIAN_POINT('',(-18.39902927934,-13.67624761176,-9.94));
#6990 = CARTESIAN_POINT('',(-18.29926703051,-14.51392173044,-9.94));
#6991 = CARTESIAN_POINT('',(-18.18351934679,-15.3465109994,-9.94));
#6992 = CARTESIAN_POINT('',(-18.04899715132,-16.17253078769,-9.94));
#6993 = CARTESIAN_POINT('',(-17.89171713567,-16.98904809875,-9.94));
#6994 = CARTESIAN_POINT('',(-17.70686405979,-17.79189499052,-9.94));
#6995 = CARTESIAN_POINT('',(-17.33267359191,-19.11165351055,-9.94));
#6996 = CARTESIAN_POINT('',(-17.16320620925,-19.63796636639,-9.94));
#6997 = CARTESIAN_POINT('',(-16.97344979108,-20.15211316056,-9.94));
#6998 = CARTESIAN_POINT('',(-16.75950534725,-20.65032919412,-9.94));
#6999 = CARTESIAN_POINT('',(-16.51662897137,-21.12540079124,-9.94));
#7000 = CARTESIAN_POINT('',(-16.23931604631,-21.56675310522,-9.94));
#7001 = CARTESIAN_POINT('',(-15.91997253901,-21.95918600036,-9.94));
#7002 = PCURVE('',#3802,#7003);
#7003 = DEFINITIONAL_REPRESENTATION('',(#7004),#7031);
#7004 = B_SPLINE_CURVE_WITH_KNOTS('',7,(#7005,#7006,#7007,#7008,#7009,
    #7010,#7011,#7012,#7013,#7014,#7015,#7016,#7017,#7018,#7019,#7020,
    #7021,#7022,#7023,#7024,#7025,#7026,#7027,#7028,#7029,#7030),
  .UNSPECIFIED.,.F.,.F.,(8,6,6,6,8),(0.,0.175518922867,0.560885109971,
    0.821044264759,1.),.UNSPECIFIED.);
#7005 = CARTESIAN_POINT('',(18.952348260726,-0.119442790232));
#7006 = CARTESIAN_POINT('',(18.952348260726,-0.689294052351));
#7007 = CARTESIAN_POINT('',(18.951597130224,-1.260607214364));
#7008 = CARTESIAN_POINT('',(18.949811493046,-1.833102349674));
#7009 = CARTESIAN_POINT('',(18.946734313056,-2.406547690697));
#7010 = CARTESIAN_POINT('',(18.942122986484,-2.980748149358));
#7011 = CARTESIAN_POINT('',(18.935737434272,-3.555533837593));
#7012 = CARTESIAN_POINT('',(18.908865018766,-5.393679737668));
#7013 = CARTESIAN_POINT('',(18.880653331161,-6.658431183152));
#7014 = CARTESIAN_POINT('',(18.840054882105,-7.923635883504));
#7015 = CARTESIAN_POINT('',(18.78431447014,-9.187889781125));
#7016 = CARTESIAN_POINT('',(18.709917652178,-10.44934217103));
#7017 = CARTESIAN_POINT('',(18.612607016556,-11.70569070727));
#7018 = CARTESIAN_POINT('',(18.399029279342,-13.79569040199));
#7019 = CARTESIAN_POINT('',(18.299267030515,-14.63336452068));
#7020 = CARTESIAN_POINT('',(18.183519346797,-15.46595378963));
#7021 = CARTESIAN_POINT('',(18.048997151322,-16.29197357792));
#7022 = CARTESIAN_POINT('',(17.89171713567,-17.10849088898));
#7023 = CARTESIAN_POINT('',(17.706864059797,-17.91133778075));
#7024 = CARTESIAN_POINT('',(17.332673591919,-19.23109630078));
#7025 = CARTESIAN_POINT('',(17.163206209251,-19.75740915662));
#7026 = CARTESIAN_POINT('',(16.973449791089,-20.27155595079));
#7027 = CARTESIAN_POINT('',(16.75950534725,-20.76977198435));
#7028 = CARTESIAN_POINT('',(16.516628971378,-21.24484358147));
#7029 = CARTESIAN_POINT('',(16.239316046317,-21.68619589545));
#7030 = CARTESIAN_POINT('',(15.91997253901,-22.0786287906));
#7031 = ( GEOMETRIC_REPRESENTATION_CONTEXT(2) 
PARAMETRIC_REPRESENTATION_CONTEXT() REPRESENTATION_CONTEXT('2D SPACE',''
  ) );
#7032 = PCURVE('',#7033,#7086);
#7033 = ( BOUNDED_SURFACE() B_SPLINE_SURFACE(3,7,(
    (#7034,#7035,#7036,#7037,#7038,#7039,#7040,#7041,#7042,#7043,#7044
      ,#7045,#7046)
    ,(#7047,#7048,#7049,#7050,#7051,#7052,#7053,#7054,#7055,#7056,#7057
      ,#7058,#7059)
    ,(#7060,#7061,#7062,#7063,#7064,#7065,#7066,#7067,#7068,#7069,#7070
      ,#7071,#7072)
    ,(#7073,#7074,#7075,#7076,#7077,#7078,#7079,#7080,#7081,#7082,#7083
      ,#7084,#7085
)),.UNSPECIFIED.,.F.,.F.,.F.) B_SPLINE_SURFACE_WITH_KNOTS((4,4),(8,5,8),
  (5.,6.),(0.,0.572316345514,1.),.UNSPECIFIED.) 
GEOMETRIC_REPRESENTATION_ITEM() RATIONAL_B_SPLINE_SURFACE((
    (1.,0.999999999999,1.000000000006,0.99999999998,1.000000000034
      ,0.999999999978,1.000000000013,0.999999999992,1.000000000011
      ,0.999999999992,1.000000000003,1.,1.)
    ,(1.,0.999999999999,1.000000000006,0.99999999998,1.000000000034
      ,0.999999999978,1.000000000013,0.999999999992,1.000000000011
      ,0.999999999992,1.000000000003,1.,1.)
    ,(1.,0.999999999999,1.000000000006,0.99999999998,1.000000000034
      ,0.999999999978,1.000000000013,0.999999999992,1.000000000011
      ,0.999999999992,1.000000000003,1.,1.)
    ,(1.,0.999999999999,1.000000000006,0.99999999998,1.000000000034
      ,0.999999999978,1.000000000013,0.999999999992,1.000000000011
,0.999999999992,1.000000000003,1.,1.
  ))) REPRESENTATION_ITEM('') SURFACE() );
#7034 = CARTESIAN_POINT('',(-15.918,-21.956,-10.5));
#7035 = CARTESIAN_POINT('',(-15.43906411947,-21.158423684,
    -8.628241502707));
#7036 = CARTESIAN_POINT('',(-19.84708765901,-28.64053484066,
    -8.733290855657));
#7037 = CARTESIAN_POINT('',(-7.05293200111,-5.316636773755,
    -1.056708587136));
#7038 = CARTESIAN_POINT('',(-30.55438441639,-49.30522596563,
    -10.82247277985));
#7039 = CARTESIAN_POINT('',(-8.657891172698,-7.338611237469,
    2.067695186229));
#7040 = CARTESIAN_POINT('',(-19.16557527539,-28.55785012219,
    -1.342188414743));
#7041 = CARTESIAN_POINT('',(-17.1701913757,-22.93858155634,4.51492883963
    ));
#7042 = CARTESIAN_POINT('',(-14.02552824921,-20.01098123742,
    4.188245497625));
#7043 = CARTESIAN_POINT('',(-18.23802512147,-24.85122071318,
    6.661938916007));
#7044 = CARTESIAN_POINT('',(-16.07749653818,-22.39728096344,
    7.392451929016));
#7045 = CARTESIAN_POINT('',(-16.27754406201,-22.64424965019,
    8.74983766954));
#7046 = CARTESIAN_POINT('',(-16.275,-22.638,10.));
#7047 = CARTESIAN_POINT('',(-18.7605,-18.463,-10.5));
#7048 = CARTESIAN_POINT('',(-18.19603985513,-17.79231082519,
    -8.628241502707));
#7049 = CARTESIAN_POINT('',(-23.39121045503,-24.08408611593,
    -8.733290855657));
#7050 = CARTESIAN_POINT('',(-8.312384144961,-4.470808196395,
    -1.056708587136));
#7051 = CARTESIAN_POINT('',(-36.01052448944,-41.46121274336,
    -10.82247277985));
#7052 = CARTESIAN_POINT('',(-10.20394316862,-6.171104904509,
    2.067695186229));
#7053 = CARTESIAN_POINT('',(-22.58799943136,-24.01455578448,
    -1.342188414743));
#7054 = CARTESIAN_POINT('',(-20.23629697859,-19.28926176327,
    4.51492883963));
#7055 = CARTESIAN_POINT('',(-16.53008686512,-16.82741604064,
    4.188245497625));
#7056 = CARTESIAN_POINT('',(-21.49481532172,-20.89761741783,
    6.661938916007));
#7057 = CARTESIAN_POINT('',(-18.94847806286,-18.83407717382,
    7.392451929016));
#7058 = CARTESIAN_POINT('',(-19.1842483588,-19.04175538765,8.74983766954
    ));
#7059 = CARTESIAN_POINT('',(-19.18125,-19.0365,10.));
#7060 = CARTESIAN_POINT('',(-18.95,-7.984,-10.5));
#7061 = CARTESIAN_POINT('',(-18.37983823748,-7.693972248723,
    -8.628241502707));
#7062 = CARTESIAN_POINT('',(-23.62748530829,-10.41473994209,
    -8.733290855657));
#7063 = CARTESIAN_POINT('',(-8.396347620556,-1.93332246306,
    -1.056708587136));
#7064 = CARTESIAN_POINT('',(-36.37426716206,-17.92917307861,
    -10.82247277985));
#7065 = CARTESIAN_POINT('',(-10.30701330105,-2.668585904408,
    2.067695186229));
#7066 = CARTESIAN_POINT('',(-22.81616104193,-10.38467277176,
    -1.342188414743));
#7067 = CARTESIAN_POINT('',(-20.44070401886,-8.341302384104,
    4.51492883963));
#7068 = CARTESIAN_POINT('',(-16.69705743923,-7.276720449989,
    4.188245497625));
#7069 = CARTESIAN_POINT('',(-21.71193466863,-9.036807532058,
    6.661938916007));
#7070 = CARTESIAN_POINT('',(-19.13987683109,-8.144465804891,
    7.392451929016));
#7071 = CARTESIAN_POINT('',(-19.37802864527,-8.234272600068,
    8.74983766954));
#7072 = CARTESIAN_POINT('',(-19.375,-8.232,10.));
#7073 = CARTESIAN_POINT('',(-18.95,0.,-10.5));
#7074 = CARTESIAN_POINT('',(-18.37983823748,0.,-8.628241502707));
#7075 = CARTESIAN_POINT('',(-23.62748530829,0.,-8.733290855657));
#7076 = CARTESIAN_POINT('',(-8.396347620556,0.,-1.056708587136));
#7077 = CARTESIAN_POINT('',(-36.37426716206,0.,-10.82247277985));
#7078 = CARTESIAN_POINT('',(-10.30701330105,0.,2.067695186229));
#7079 = CARTESIAN_POINT('',(-22.81616104193,0.,-1.342188414743));
#7080 = CARTESIAN_POINT('',(-20.44070401886,0.,4.51492883963));
#7081 = CARTESIAN_POINT('',(-16.69705743923,0.,4.188245497625));
#7082 = CARTESIAN_POINT('',(-21.71193466863,0.,6.661938916007));
#7083 = CARTESIAN_POINT('',(-19.13987683109,0.,7.392451929016));
#7084 = CARTESIAN_POINT('',(-19.37802864527,0.,8.74983766954));
#7085 = CARTESIAN_POINT('',(-19.375,0.,10.));
#7086 = DEFINITIONAL_REPRESENTATION('',(#7087),#7114);
#7087 = B_SPLINE_CURVE_WITH_KNOTS('',7,(#7088,#7089,#7090,#7091,#7092,
    #7093,#7094,#7095,#7096,#7097,#7098,#7099,#7100,#7101,#7102,#7103,
    #7104,#7105,#7106,#7107,#7108,#7109,#7110,#7111,#7112,#7113),
  .UNSPECIFIED.,.F.,.F.,(8,6,6,6,8),(0.,0.175518922867,0.560885109971,
    0.821044264759,1.),.UNSPECIFIED.);
#7088 = CARTESIAN_POINT('',(6.,2.720806856768E-02));
#7089 = CARTESIAN_POINT('',(5.97621206647,2.720806856768E-02));
#7090 = CARTESIAN_POINT('',(5.952775544006,2.720806856768E-02));
#7091 = CARTESIAN_POINT('',(5.929628646672,2.720806856768E-02));
#7092 = CARTESIAN_POINT('',(5.906719814613,2.720806856768E-02));
#7093 = CARTESIAN_POINT('',(5.884004880591,2.720806856768E-02));
#7094 = CARTESIAN_POINT('',(5.861444236519,2.720806856768E-02));
#7095 = CARTESIAN_POINT('',(5.789721838372,2.720806856768E-02));
#7096 = CARTESIAN_POINT('',(5.74101524727,2.720806856768E-02));
#7097 = CARTESIAN_POINT('',(5.692472184644,2.720806856768E-02));
#7098 = CARTESIAN_POINT('',(5.643766327295,2.720806856768E-02));
#7099 = CARTESIAN_POINT('',(5.59455705208,2.720806856768E-02));
#7100 = CARTESIAN_POINT('',(5.544484954034,2.720806856768E-02));
#7101 = CARTESIAN_POINT('',(5.458242715697,2.720806856768E-02));
#7102 = CARTESIAN_POINT('',(5.422870238056,2.720806856768E-02));
#7103 = CARTESIAN_POINT('',(5.386686193059,2.720806856768E-02));
#7104 = CARTESIAN_POINT('',(5.349493537279,2.720806856768E-02));
#7105 = CARTESIAN_POINT('',(5.311044900058,2.720806856768E-02));
#7106 = CARTESIAN_POINT('',(5.271063185671,2.720806856768E-02));
#7107 = CARTESIAN_POINT('',(5.200065987186,2.720806856768E-02));
#7108 = CARTESIAN_POINT('',(5.170234698755,2.720806856768E-02));
#7109 = CARTESIAN_POINT('',(5.139248251341,2.720806856768E-02));
#7110 = CARTESIAN_POINT('',(5.106899500068,2.720806856768E-02));
#7111 = CARTESIAN_POINT('',(5.073013074105,2.720806856768E-02));
#7112 = CARTESIAN_POINT('',(5.037444026919,2.720806856768E-02));
#7113 = CARTESIAN_POINT('',(5.,2.720806856768E-02));
#7114 = ( GEOMETRIC_REPRESENTATION_CONTEXT(2) 
PARAMETRIC_REPRESENTATION_CONTEXT() REPRESENTATION_CONTEXT('2D SPACE',''
  ) );
#7115 = ORIENTED_EDGE('',*,*,#7116,.T.);
#7116 = EDGE_CURVE('',#6972,#7117,#7119,.T.);
#7117 = VERTEX_POINT('',#7118);
#7118 = CARTESIAN_POINT('',(0.,-24.95362045496,-9.94));
#7119 = SURFACE_CURVE('',#7120,(#7153,#7189),.PCURVE_S1.);
#7120 = B_SPLINE_CURVE_WITH_KNOTS('',7,(#7121,#7122,#7123,#7124,#7125,
    #7126,#7127,#7128,#7129,#7130,#7131,#7132,#7133,#7134,#7135,#7136,
    #7137,#7138,#7139,#7140,#7141,#7142,#7143,#7144,#7145,#7146,#7147,
    #7148,#7149,#7150,#7151,#7152),.UNSPECIFIED.,.F.,.F.,(8,6,6,6,6,8),(
    0.,0.141171177194,0.391955793575,0.705164855477,0.789557186845,1.),
  .UNSPECIFIED.);
#7121 = CARTESIAN_POINT('',(-15.91997253901,-21.95918600036,-9.94));
#7122 = CARTESIAN_POINT('',(-15.75213327745,-22.19021646537,-9.94));
#7123 = CARTESIAN_POINT('',(-15.5559840886,-22.40428659675,-9.94));
#7124 = CARTESIAN_POINT('',(-15.33563143137,-22.60122317109,-9.94));
#7125 = CARTESIAN_POINT('',(-15.0954736803,-22.78189270545,-9.94));
#7126 = CARTESIAN_POINT('',(-14.8393863256,-22.94757772961,-9.94));
#7127 = CARTESIAN_POINT('',(-14.57031136923,-23.09964752267,-9.94));
#7128 = CARTESIAN_POINT('',(-13.79273538768,-23.48800673165,-9.94));
#7129 = CARTESIAN_POINT('',(-13.26160802732,-23.69747391095,-9.94));
#7130 = CARTESIAN_POINT('',(-12.7077539602,-23.87634287495,-9.94));
#7131 = CARTESIAN_POINT('',(-12.13813375659,-24.029804814,-9.94));
#7132 = CARTESIAN_POINT('',(-11.55758728242,-24.1621771005,-9.94));
#7133 = CARTESIAN_POINT('',(-10.9686887217,-24.27672055162,-9.94));
#7134 = CARTESIAN_POINT('',(-9.627191519521,-24.50022079609,-9.94));
#7135 = CARTESIAN_POINT('',(-8.871899471889,-24.60043205835,-9.94));
#7136 = CARTESIAN_POINT('',(-8.109841629058,-24.68169257997,-9.94));
#7137 = CARTESIAN_POINT('',(-7.343442091935,-24.74724554266,-9.94));
#7138 = CARTESIAN_POINT('',(-6.574471491972,-24.7995413356,-9.94));
#7139 = CARTESIAN_POINT('',(-5.804299653589,-24.84068550304,-9.94));
#7140 = CARTESIAN_POINT('',(-4.82637269884,-24.88096263549,-9.94));
#7141 = CARTESIAN_POINT('',(-4.618805958372,-24.8888279702,-9.94));
#7142 = CARTESIAN_POINT('',(-4.411266464126,-24.89604383675,-9.94));
#7143 = CARTESIAN_POINT('',(-4.203779980355,-24.90264343638,-9.94));
#7144 = CARTESIAN_POINT('',(-3.996372576083,-24.90865900772,-9.94));
#7145 = CARTESIAN_POINT('',(-3.789070625106,-24.91412182676,-9.94));
#7146 = CARTESIAN_POINT('',(-3.065297000532,-24.93138166125,-9.94));
#7147 = CARTESIAN_POINT('',(-2.549535358045,-24.9404531936,-9.94));
#7148 = CARTESIAN_POINT('',(-2.03500515027,-24.94675180649,-9.94));
#7149 = CARTESIAN_POINT('',(-1.522166499362,-24.95073429349,-9.94));
#7150 = CARTESIAN_POINT('',(-1.011561011399,-24.95285797231,-9.94));
#7151 = CARTESIAN_POINT('',(-0.503867099995,-24.95362045496,-9.94));
#7152 = CARTESIAN_POINT('',(4.440892098501E-15,-24.95362045496,-9.94));
#7153 = PCURVE('',#3802,#7154);
#7154 = DEFINITIONAL_REPRESENTATION('',(#7155),#7188);
#7155 = B_SPLINE_CURVE_WITH_KNOTS('',7,(#7156,#7157,#7158,#7159,#7160,
    #7161,#7162,#7163,#7164,#7165,#7166,#7167,#7168,#7169,#7170,#7171,
    #7172,#7173,#7174,#7175,#7176,#7177,#7178,#7179,#7180,#7181,#7182,
    #7183,#7184,#7185,#7186,#7187),.UNSPECIFIED.,.F.,.F.,(8,6,6,6,6,8),(
    0.,0.141171177194,0.391955793575,0.705164855477,0.789557186845,1.),
  .UNSPECIFIED.);
#7156 = CARTESIAN_POINT('',(15.91997253901,-22.0786287906));
#7157 = CARTESIAN_POINT('',(15.752133277456,-22.3096592556));
#7158 = CARTESIAN_POINT('',(15.555984088606,-22.52372938698));
#7159 = CARTESIAN_POINT('',(15.335631431372,-22.72066596133));
#7160 = CARTESIAN_POINT('',(15.095473680308,-22.90133549568));
#7161 = CARTESIAN_POINT('',(14.8393863256,-23.06702051984));
#7162 = CARTESIAN_POINT('',(14.570311369237,-23.2190903129));
#7163 = CARTESIAN_POINT('',(13.792735387684,-23.60744952188));
#7164 = CARTESIAN_POINT('',(13.261608027322,-23.81691670119));
#7165 = CARTESIAN_POINT('',(12.707753960201,-23.99578566518));
#7166 = CARTESIAN_POINT('',(12.138133756594,-24.14924760424));
#7167 = CARTESIAN_POINT('',(11.557587282429,-24.28161989074));
#7168 = CARTESIAN_POINT('',(10.9686887217,-24.39616334186));
#7169 = CARTESIAN_POINT('',(9.627191519521,-24.61966358633));
#7170 = CARTESIAN_POINT('',(8.871899471889,-24.71987484858));
#7171 = CARTESIAN_POINT('',(8.109841629058,-24.8011353702));
#7172 = CARTESIAN_POINT('',(7.343442091935,-24.86668833289));
#7173 = CARTESIAN_POINT('',(6.574471491972,-24.91898412583));
#7174 = CARTESIAN_POINT('',(5.804299653589,-24.96012829327));
#7175 = CARTESIAN_POINT('',(4.82637269884,-25.00040542572));
#7176 = CARTESIAN_POINT('',(4.618805958372,-25.00827076044));
#7177 = CARTESIAN_POINT('',(4.411266464126,-25.01548662698));
#7178 = CARTESIAN_POINT('',(4.203779980355,-25.02208622661));
#7179 = CARTESIAN_POINT('',(3.996372576083,-25.02810179796));
#7180 = CARTESIAN_POINT('',(3.789070625106,-25.03356461699));
#7181 = CARTESIAN_POINT('',(3.065297000532,-25.05082445148));
#7182 = CARTESIAN_POINT('',(2.549535358045,-25.05989598384));
#7183 = CARTESIAN_POINT('',(2.03500515027,-25.06619459672));
#7184 = CARTESIAN_POINT('',(1.522166499362,-25.07017708373));
#7185 = CARTESIAN_POINT('',(1.011561011399,-25.07230076255));
#7186 = CARTESIAN_POINT('',(0.503867099995,-25.07306324519));
#7187 = CARTESIAN_POINT('',(-4.651907836172E-15,-25.07306324519));
#7188 = ( GEOMETRIC_REPRESENTATION_CONTEXT(2) 
PARAMETRIC_REPRESENTATION_CONTEXT() REPRESENTATION_CONTEXT('2D SPACE',''
  ) );
#7189 = PCURVE('',#5117,#7190);
#7190 = DEFINITIONAL_REPRESENTATION('',(#7191),#7224);
#7191 = B_SPLINE_CURVE_WITH_KNOTS('',7,(#7192,#7193,#7194,#7195,#7196,
    #7197,#7198,#7199,#7200,#7201,#7202,#7203,#7204,#7205,#7206,#7207,
    #7208,#7209,#7210,#7211,#7212,#7213,#7214,#7215,#7216,#7217,#7218,
    #7219,#7220,#7221,#7222,#7223),.UNSPECIFIED.,.F.,.F.,(8,6,6,6,6,8),(
    0.,0.141171177194,0.391955793575,0.705164855477,0.789557186845,1.),
  .UNSPECIFIED.);
#7192 = CARTESIAN_POINT('',(5.,2.720806856768E-02));
#7193 = CARTESIAN_POINT('',(4.973164073608,2.720806856768E-02));
#7194 = CARTESIAN_POINT('',(4.946690703778,2.720806856768E-02));
#7195 = CARTESIAN_POINT('',(4.920736857947,2.720806856768E-02));
#7196 = CARTESIAN_POINT('',(4.895383063961,2.720806856768E-02));
#7197 = CARTESIAN_POINT('',(4.870657400062,2.720806856768E-02));
#7198 = CARTESIAN_POINT('',(4.846547418104,2.720806856768E-02));
#7199 = CARTESIAN_POINT('',(4.781169009189,2.720806856768E-02));
#7200 = CARTESIAN_POINT('',(4.741202815785,2.720806856768E-02));
#7201 = CARTESIAN_POINT('',(4.702752691574,2.720806856768E-02));
#7202 = CARTESIAN_POINT('',(4.665614734294,2.720806856768E-02));
#7203 = CARTESIAN_POINT('',(4.62958353837,2.720806856768E-02));
#7204 = CARTESIAN_POINT('',(4.594456675573,2.720806856768E-02));
#7205 = CARTESIAN_POINT('',(4.516966487067,2.720806856768E-02));
#7206 = CARTESIAN_POINT('',(4.475068483983,2.720806856768E-02));
#7207 = CARTESIAN_POINT('',(4.433965444657,2.720806856768E-02));
#7208 = CARTESIAN_POINT('',(4.393416601339,2.720806856768E-02));
#7209 = CARTESIAN_POINT('',(4.353215653655,2.720806856768E-02));
#7210 = CARTESIAN_POINT('',(4.313152212672,2.720806856768E-02));
#7211 = CARTESIAN_POINT('',(4.262181223505,2.720806856768E-02));
#7212 = CARTESIAN_POINT('',(4.251356724371,2.720806856768E-02));
#7213 = CARTESIAN_POINT('',(4.240522371032,2.720806856768E-02));
#7214 = CARTESIAN_POINT('',(4.2296739238,2.720806856768E-02));
#7215 = CARTESIAN_POINT('',(4.21880703486,2.720806856768E-02));
#7216 = CARTESIAN_POINT('',(4.20791724828,2.720806856768E-02));
#7217 = CARTESIAN_POINT('',(4.169776478588,2.720806856768E-02));
#7218 = CARTESIAN_POINT('',(4.142382994926,2.720806856768E-02));
#7219 = CARTESIAN_POINT('',(4.114746904734,2.720806856768E-02));
#7220 = CARTESIAN_POINT('',(4.086789142839,2.720806856768E-02));
#7221 = CARTESIAN_POINT('',(4.058422184018,2.720806856768E-02));
#7222 = CARTESIAN_POINT('',(4.029539998191,2.720806856768E-02));
#7223 = CARTESIAN_POINT('',(4.,2.720806856768E-02));
#7224 = ( GEOMETRIC_REPRESENTATION_CONTEXT(2) 
PARAMETRIC_REPRESENTATION_CONTEXT() REPRESENTATION_CONTEXT('2D SPACE',''
  ) );
#7225 = ORIENTED_EDGE('',*,*,#7226,.T.);
#7226 = EDGE_CURVE('',#7117,#7227,#7229,.T.);
#7227 = VERTEX_POINT('',#7228);
#7228 = CARTESIAN_POINT('',(15.91997253901,-21.95918600036,-9.94));
#7229 = SURFACE_CURVE('',#7230,(#7257,#7287),.PCURVE_S1.);
#7230 = B_SPLINE_CURVE_WITH_KNOTS('',7,(#7231,#7232,#7233,#7234,#7235,
    #7236,#7237,#7238,#7239,#7240,#7241,#7242,#7243,#7244,#7245,#7246,
    #7247,#7248,#7249,#7250,#7251,#7252,#7253,#7254,#7255,#7256),
  .UNSPECIFIED.,.F.,.F.,(8,6,6,6,8),(0.,0.21043961993,0.574509306104,
    0.83278036343,1.),.UNSPECIFIED.);
#7231 = CARTESIAN_POINT('',(-2.431461786922E-15,-24.95362045496,-9.94));
#7232 = CARTESIAN_POINT('',(0.503867094912,-24.95362045496,-9.94));
#7233 = CARTESIAN_POINT('',(1.011560991695,-24.95285797189,-9.94));
#7234 = CARTESIAN_POINT('',(1.522166476719,-24.95073429466,-9.94));
#7235 = CARTESIAN_POINT('',(2.035005145397,-24.94675180723,-9.94));
#7236 = CARTESIAN_POINT('',(2.549535386479,-24.94045319207,-9.94));
#7237 = CARTESIAN_POINT('',(3.065297051016,-24.93138166004,-9.94));
#7238 = CARTESIAN_POINT('',(4.475647748769,-24.89774901748,-9.94));
#7239 = CARTESIAN_POINT('',(5.371573908006,-24.86672351364,-9.94));
#7240 = CARTESIAN_POINT('',(6.267907431002,-24.82351506495,-9.94));
#7241 = CARTESIAN_POINT('',(7.162831077299,-24.76550201855,-9.94));
#7242 = CARTESIAN_POINT('',(8.053958235277,-24.68933922891,-9.94));
#7243 = CARTESIAN_POINT('',(8.938318125228,-24.59096577126,-9.94));
#7244 = CARTESIAN_POINT('',(10.430727205799,-24.37323408405,-9.94));
#7245 = CARTESIAN_POINT('',(11.043490965788,-24.26841423714,-9.94));
#7246 = CARTESIAN_POINT('',(11.648935236624,-24.14663478087,-9.94));
#7247 = CARTESIAN_POINT('',(12.244781296283,-24.00484107526,-9.94));
#7248 = CARTESIAN_POINT('',(12.826784632358,-23.83893606576,-9.94));
#7249 = CARTESIAN_POINT('',(13.388874002347,-23.64396485046,-9.94));
#7250 = CARTESIAN_POINT('',(14.266152137471,-23.26121985331,-9.94));
#7251 = CARTESIAN_POINT('',(14.597992019768,-23.09536995556,-9.94));
#7252 = CARTESIAN_POINT('',(14.914488739807,-22.91186093574,-9.94));
#7253 = CARTESIAN_POINT('',(15.211338057694,-22.70835420341,-9.94));
#7254 = CARTESIAN_POINT('',(15.482645538047,-22.48265869058,-9.94));
#7255 = CARTESIAN_POINT('',(15.721110407805,-22.23291939396,-9.94));
#7256 = CARTESIAN_POINT('',(15.91997253901,-21.95918600036,-9.94));
#7257 = PCURVE('',#3802,#7258);
#7258 = DEFINITIONAL_REPRESENTATION('',(#7259),#7286);
#7259 = B_SPLINE_CURVE_WITH_KNOTS('',7,(#7260,#7261,#7262,#7263,#7264,
    #7265,#7266,#7267,#7268,#7269,#7270,#7271,#7272,#7273,#7274,#7275,
    #7276,#7277,#7278,#7279,#7280,#7281,#7282,#7283,#7284,#7285),
  .UNSPECIFIED.,.F.,.F.,(8,6,6,6,8),(0.,0.21043961993,0.574509306104,
    0.83278036343,1.),.UNSPECIFIED.);
#7260 = CARTESIAN_POINT('',(2.22044604925E-15,-25.07306324519));
#7261 = CARTESIAN_POINT('',(-0.503867094912,-25.07306324519));
#7262 = CARTESIAN_POINT('',(-1.011560991695,-25.07230076212));
#7263 = CARTESIAN_POINT('',(-1.522166476719,-25.07017708489));
#7264 = CARTESIAN_POINT('',(-2.035005145397,-25.06619459746));
#7265 = CARTESIAN_POINT('',(-2.549535386479,-25.0598959823));
#7266 = CARTESIAN_POINT('',(-3.065297051016,-25.05082445027));
#7267 = CARTESIAN_POINT('',(-4.475647748769,-25.01719180772));
#7268 = CARTESIAN_POINT('',(-5.371573908006,-24.98616630387));
#7269 = CARTESIAN_POINT('',(-6.267907431002,-24.94295785518));
#7270 = CARTESIAN_POINT('',(-7.162831077299,-24.88494480878));
#7271 = CARTESIAN_POINT('',(-8.053958235277,-24.80878201915));
#7272 = CARTESIAN_POINT('',(-8.938318125228,-24.71040856149));
#7273 = CARTESIAN_POINT('',(-10.43072720579,-24.49267687428));
#7274 = CARTESIAN_POINT('',(-11.04349096578,-24.38785702737));
#7275 = CARTESIAN_POINT('',(-11.64893523662,-24.26607757111));
#7276 = CARTESIAN_POINT('',(-12.24478129628,-24.12428386549));
#7277 = CARTESIAN_POINT('',(-12.82678463235,-23.95837885599));
#7278 = CARTESIAN_POINT('',(-13.38887400234,-23.76340764069));
#7279 = CARTESIAN_POINT('',(-14.26615213747,-23.38066264355));
#7280 = CARTESIAN_POINT('',(-14.59799201976,-23.21481274579));
#7281 = CARTESIAN_POINT('',(-14.9144887398,-23.03130372597));
#7282 = CARTESIAN_POINT('',(-15.21133805769,-22.82779699364));
#7283 = CARTESIAN_POINT('',(-15.48264553804,-22.60210148082));
#7284 = CARTESIAN_POINT('',(-15.7211104078,-22.3523621842));
#7285 = CARTESIAN_POINT('',(-15.91997253901,-22.0786287906));
#7286 = ( GEOMETRIC_REPRESENTATION_CONTEXT(2) 
PARAMETRIC_REPRESENTATION_CONTEXT() REPRESENTATION_CONTEXT('2D SPACE',''
  ) );
#7287 = PCURVE('',#4738,#7288);
#7288 = DEFINITIONAL_REPRESENTATION('',(#7289),#7316);
#7289 = B_SPLINE_CURVE_WITH_KNOTS('',7,(#7290,#7291,#7292,#7293,#7294,
    #7295,#7296,#7297,#7298,#7299,#7300,#7301,#7302,#7303,#7304,#7305,
    #7306,#7307,#7308,#7309,#7310,#7311,#7312,#7313,#7314,#7315),
  .UNSPECIFIED.,.F.,.F.,(8,6,6,6,8),(0.,0.21043961993,0.574509306104,
    0.83278036343,1.),.UNSPECIFIED.);
#7290 = CARTESIAN_POINT('',(4.,2.720806856768E-02));
#7291 = CARTESIAN_POINT('',(3.970460002107,2.720806856768E-02));
#7292 = CARTESIAN_POINT('',(3.941577816963,2.720806856768E-02));
#7293 = CARTESIAN_POINT('',(3.913210858775,2.720806856768E-02));
#7294 = CARTESIAN_POINT('',(3.885253095641,2.720806856768E-02));
#7295 = CARTESIAN_POINT('',(3.857617003001,2.720806856768E-02));
#7296 = CARTESIAN_POINT('',(3.830223518752,2.720806856768E-02));
#7297 = CARTESIAN_POINT('',(3.755902129685,2.720806856768E-02));
#7298 = CARTESIAN_POINT('',(3.709330763237,2.720806856768E-02));
#7299 = CARTESIAN_POINT('',(3.662892701587,2.720806856768E-02));
#7300 = CARTESIAN_POINT('',(3.616278376731,2.720806856768E-02));
#7301 = CARTESIAN_POINT('',(3.569171434711,2.720806856768E-02));
#7302 = CARTESIAN_POINT('',(3.521243157222,2.720806856768E-02));
#7303 = CARTESIAN_POINT('',(3.437066901297,2.720806856768E-02));
#7304 = CARTESIAN_POINT('',(3.401522944853,2.720806856768E-02));
#7305 = CARTESIAN_POINT('',(3.365144901693,2.720806856768E-02));
#7306 = CARTESIAN_POINT('',(3.32773385992,2.720806856768E-02));
#7307 = CARTESIAN_POINT('',(3.289078614733,2.720806856768E-02));
#7308 = CARTESIAN_POINT('',(3.248961257586,2.720806856768E-02));
#7309 = CARTESIAN_POINT('',(3.179831852256,2.720806856768E-02));
#7310 = CARTESIAN_POINT('',(3.151932383834,2.720806856768E-02));
#7311 = CARTESIAN_POINT('',(3.123190422892,2.720806856768E-02));
#7312 = CARTESIAN_POINT('',(3.0935591331,2.720806856768E-02));
#7313 = CARTESIAN_POINT('',(3.063061774544,2.720806856768E-02));
#7314 = CARTESIAN_POINT('',(3.031796192773,2.720806856768E-02));
#7315 = CARTESIAN_POINT('',(3.,2.720806856768E-02));
#7316 = ( GEOMETRIC_REPRESENTATION_CONTEXT(2) 
PARAMETRIC_REPRESENTATION_CONTEXT() REPRESENTATION_CONTEXT('2D SPACE',''
  ) );
#7317 = ORIENTED_EDGE('',*,*,#7318,.T.);
#7318 = EDGE_CURVE('',#7227,#6426,#7319,.T.);
#7319 = SURFACE_CURVE('',#7320,(#7353,#7389),.PCURVE_S1.);
#7320 = B_SPLINE_CURVE_WITH_KNOTS('',7,(#7321,#7322,#7323,#7324,#7325,
    #7326,#7327,#7328,#7329,#7330,#7331,#7332,#7333,#7334,#7335,#7336,
    #7337,#7338,#7339,#7340,#7341,#7342,#7343,#7344,#7345,#7346,#7347,
    #7348,#7349,#7350,#7351,#7352),.UNSPECIFIED.,.F.,.F.,(8,6,6,6,6,8),(
    0.,0.101337241921,0.32375223028,0.633046998879,0.824461901679,1.),
  .UNSPECIFIED.);
#7321 = CARTESIAN_POINT('',(15.91997253901,-21.95918600036,-9.94));
#7322 = CARTESIAN_POINT('',(16.10078555429,-21.73698960857,-9.94));
#7323 = CARTESIAN_POINT('',(16.268348635817,-21.49882918081,-9.94));
#7324 = CARTESIAN_POINT('',(16.423783913184,-21.24765595298,-9.94));
#7325 = CARTESIAN_POINT('',(16.56818391906,-20.98592857595,-9.94));
#7326 = CARTESIAN_POINT('',(16.702595658689,-20.71559883701,-9.94));
#7327 = CARTESIAN_POINT('',(16.828004679394,-20.43809738123,-9.94));
#7328 = CARTESIAN_POINT('',(17.20280092971,-19.53148356426,-9.94));
#7329 = CARTESIAN_POINT('',(17.420757970573,-18.87974236917,-9.94));
#7330 = CARTESIAN_POINT('',(17.608979247636,-18.20907684766,-9.94));
#7331 = CARTESIAN_POINT('',(17.772600787803,-17.52526871076,-9.94));
#7332 = CARTESIAN_POINT('',(17.915963199268,-16.83235685044,-9.94));
#7333 = CARTESIAN_POINT('',(18.042137164696,-16.13229269461,-9.94));
#7334 = CARTESIAN_POINT('',(18.308764998337,-14.44258140753,-9.94));
#7335 = CARTESIAN_POINT('',(18.43523952969,-13.44852368128,-9.94));
#7336 = CARTESIAN_POINT('',(18.539607741194,-12.44711232931,-9.94));
#7337 = CARTESIAN_POINT('',(18.625642138135,-11.44070663868,-9.94));
#7338 = CARTESIAN_POINT('',(18.69638265858,-10.43102132458,-9.94));
#7339 = CARTESIAN_POINT('',(18.75409672868,-9.419109849721,-9.94));
#7340 = CARTESIAN_POINT('',(18.829551290978,-7.778315336683,-9.94));
#7341 = CARTESIAN_POINT('',(18.854137988636,-7.150546072148,-9.94));
#7342 = CARTESIAN_POINT('',(18.874915778102,-6.522484079951,-9.94));
#7343 = CARTESIAN_POINT('',(18.892279132406,-5.894333640298,-9.94));
#7344 = CARTESIAN_POINT('',(18.906582975475,-5.266289811899,-9.94));
#7345 = CARTESIAN_POINT('',(18.918158368186,-4.638546712201,-9.94));
#7346 = CARTESIAN_POINT('',(18.935737434412,-3.436091037824,-9.94));
#7347 = CARTESIAN_POINT('',(18.942122987305,-2.861305356685,-9.94));
#7348 = CARTESIAN_POINT('',(18.946734313285,-2.287104904971,-9.94));
#7349 = CARTESIAN_POINT('',(18.949811492138,-1.713659563432,-9.94));
#7350 = CARTESIAN_POINT('',(18.951597129102,-1.141164421034,-9.94));
#7351 = CARTESIAN_POINT('',(18.952348260726,-0.56985125319,-9.94));
#7352 = CARTESIAN_POINT('',(18.952348260726,3.313321839116E-15,-9.94));
#7353 = PCURVE('',#3802,#7354);
#7354 = DEFINITIONAL_REPRESENTATION('',(#7355),#7388);
#7355 = B_SPLINE_CURVE_WITH_KNOTS('',7,(#7356,#7357,#7358,#7359,#7360,
    #7361,#7362,#7363,#7364,#7365,#7366,#7367,#7368,#7369,#7370,#7371,
    #7372,#7373,#7374,#7375,#7376,#7377,#7378,#7379,#7380,#7381,#7382,
    #7383,#7384,#7385,#7386,#7387),.UNSPECIFIED.,.F.,.F.,(8,6,6,6,6,8),(
    0.,0.101337241921,0.32375223028,0.633046998879,0.824461901679,1.),
  .UNSPECIFIED.);
#7356 = CARTESIAN_POINT('',(-15.91997253901,-22.0786287906));
#7357 = CARTESIAN_POINT('',(-16.10078555429,-21.8564323988));
#7358 = CARTESIAN_POINT('',(-16.26834863581,-21.61827197104));
#7359 = CARTESIAN_POINT('',(-16.42378391318,-21.36709874321));
#7360 = CARTESIAN_POINT('',(-16.56818391906,-21.10537136618));
#7361 = CARTESIAN_POINT('',(-16.70259565868,-20.83504162724));
#7362 = CARTESIAN_POINT('',(-16.82800467939,-20.55754017146));
#7363 = CARTESIAN_POINT('',(-17.20280092971,-19.65092635449));
#7364 = CARTESIAN_POINT('',(-17.42075797057,-18.9991851594));
#7365 = CARTESIAN_POINT('',(-17.60897924763,-18.32851963789));
#7366 = CARTESIAN_POINT('',(-17.7726007878,-17.64471150099));
#7367 = CARTESIAN_POINT('',(-17.91596319926,-16.95179964068));
#7368 = CARTESIAN_POINT('',(-18.04213716469,-16.25173548484));
#7369 = CARTESIAN_POINT('',(-18.30876499833,-14.56202419777));
#7370 = CARTESIAN_POINT('',(-18.43523952969,-13.56796647152));
#7371 = CARTESIAN_POINT('',(-18.53960774119,-12.56655511954));
#7372 = CARTESIAN_POINT('',(-18.62564213813,-11.56014942891));
#7373 = CARTESIAN_POINT('',(-18.69638265858,-10.55046411482));
#7374 = CARTESIAN_POINT('',(-18.75409672868,-9.538552639954));
#7375 = CARTESIAN_POINT('',(-18.82955129097,-7.897758126915));
#7376 = CARTESIAN_POINT('',(-18.85413798863,-7.269988862381));
#7377 = CARTESIAN_POINT('',(-18.8749157781,-6.641926870184));
#7378 = CARTESIAN_POINT('',(-18.8922791324,-6.013776430531));
#7379 = CARTESIAN_POINT('',(-18.90658297547,-5.385732602132));
#7380 = CARTESIAN_POINT('',(-18.91815836818,-4.757989502433));
#7381 = CARTESIAN_POINT('',(-18.93573743441,-3.555533828056));
#7382 = CARTESIAN_POINT('',(-18.9421229873,-2.980748146917));
#7383 = CARTESIAN_POINT('',(-18.94673431328,-2.406547695204));
#7384 = CARTESIAN_POINT('',(-18.94981149213,-1.833102353665));
#7385 = CARTESIAN_POINT('',(-18.9515971291,-1.260607211266));
#7386 = CARTESIAN_POINT('',(-18.95234826072,-0.689294043423));
#7387 = CARTESIAN_POINT('',(-18.95234826072,-0.119442790232));
#7388 = ( GEOMETRIC_REPRESENTATION_CONTEXT(2) 
PARAMETRIC_REPRESENTATION_CONTEXT() REPRESENTATION_CONTEXT('2D SPACE',''
  ) );
#7389 = PCURVE('',#7390,#7443);
#7390 = ( BOUNDED_SURFACE() B_SPLINE_SURFACE(3,7,(
    (#7391,#7392,#7393,#7394,#7395,#7396,#7397,#7398,#7399,#7400,#7401
      ,#7402,#7403)
    ,(#7404,#7405,#7406,#7407,#7408,#7409,#7410,#7411,#7412,#7413,#7414
      ,#7415,#7416)
    ,(#7417,#7418,#7419,#7420,#7421,#7422,#7423,#7424,#7425,#7426,#7427
      ,#7428,#7429)
    ,(#7430,#7431,#7432,#7433,#7434,#7435,#7436,#7437,#7438,#7439,#7440
      ,#7441,#7442
)),.UNSPECIFIED.,.F.,.F.,.F.) B_SPLINE_SURFACE_WITH_KNOTS((4,4),(8,5,8),
  (2.,3.),(0.,0.572316345514,1.),.UNSPECIFIED.) 
GEOMETRIC_REPRESENTATION_ITEM() RATIONAL_B_SPLINE_SURFACE((
    (1.,0.999999999999,1.000000000006,0.99999999998,1.000000000034
      ,0.999999999978,1.000000000013,0.999999999992,1.000000000011
      ,0.999999999992,1.000000000003,1.,1.)
    ,(1.,0.999999999999,1.000000000006,0.99999999998,1.000000000034
      ,0.999999999978,1.000000000013,0.999999999992,1.000000000011
      ,0.999999999992,1.000000000003,1.,1.)
    ,(1.,0.999999999999,1.000000000006,0.99999999998,1.000000000034
      ,0.999999999978,1.000000000013,0.999999999992,1.000000000011
      ,0.999999999992,1.000000000003,1.,1.)
    ,(1.,0.999999999999,1.000000000006,0.99999999998,1.000000000034
      ,0.999999999978,1.000000000013,0.999999999992,1.000000000011
,0.999999999992,1.000000000003,1.,1.
  ))) REPRESENTATION_ITEM('') SURFACE() );
#7391 = CARTESIAN_POINT('',(18.95,0.,-10.5));
#7392 = CARTESIAN_POINT('',(18.379838237481,0.,-8.628241502707));
#7393 = CARTESIAN_POINT('',(23.627485308294,0.,-8.733290855657));
#7394 = CARTESIAN_POINT('',(8.396347620556,0.,-1.056708587136));
#7395 = CARTESIAN_POINT('',(36.37426716206,0.,-10.82247277985));
#7396 = CARTESIAN_POINT('',(10.307013301058,0.,2.067695186229));
#7397 = CARTESIAN_POINT('',(22.816161041939,0.,-1.342188414743));
#7398 = CARTESIAN_POINT('',(20.440704018867,0.,4.51492883963));
#7399 = CARTESIAN_POINT('',(16.697057439235,0.,4.188245497625));
#7400 = CARTESIAN_POINT('',(21.711934668636,0.,6.661938916007));
#7401 = CARTESIAN_POINT('',(19.139876831096,0.,7.392451929016));
#7402 = CARTESIAN_POINT('',(19.378028645272,0.,8.74983766954));
#7403 = CARTESIAN_POINT('',(19.375,0.,10.));
#7404 = CARTESIAN_POINT('',(18.95,-7.984,-10.5));
#7405 = CARTESIAN_POINT('',(18.379838237481,-7.69397224872,
    -8.628241502707));
#7406 = CARTESIAN_POINT('',(23.627485308294,-10.41473994211,
    -8.733290855657));
#7407 = CARTESIAN_POINT('',(8.396347620556,-1.933322462998,
    -1.056708587136));
#7408 = CARTESIAN_POINT('',(36.37426716206,-17.92917307871,
    -10.82247277985));
#7409 = CARTESIAN_POINT('',(10.307013301058,-2.668585904346,
    2.067695186229));
#7410 = CARTESIAN_POINT('',(22.816161041939,-10.38467277179,
    -1.342188414743));
#7411 = CARTESIAN_POINT('',(20.440704018867,-8.341302384097,
    4.51492883963));
#7412 = CARTESIAN_POINT('',(16.697057439235,-7.276720449992,
    4.188245497625));
#7413 = CARTESIAN_POINT('',(21.711934668636,-9.036807532057,
    6.661938916007));
#7414 = CARTESIAN_POINT('',(19.139876831096,-8.144465804891,
    7.392451929016));
#7415 = CARTESIAN_POINT('',(19.378028645272,-8.234272600068,
    8.74983766954));
#7416 = CARTESIAN_POINT('',(19.375,-8.232,10.));
#7417 = CARTESIAN_POINT('',(18.7605,-18.463,-10.5));
#7418 = CARTESIAN_POINT('',(18.19603985513,-17.79231082517,
    -8.628241502707));
#7419 = CARTESIAN_POINT('',(23.391210455033,-24.08408611607,
    -8.733290855657));
#7420 = CARTESIAN_POINT('',(8.312384144961,-4.470808195914,
    -1.056708587136));
#7421 = CARTESIAN_POINT('',(36.010524489444,-41.46121274415,
    -10.82247277985));
#7422 = CARTESIAN_POINT('',(10.203943168623,-6.171104904021,
    2.067695186229));
#7423 = CARTESIAN_POINT('',(22.587999431364,-24.0145557847,
    -1.342188414743));
#7424 = CARTESIAN_POINT('',(20.23629697859,-19.2892617632,4.51492883963)
  );
#7425 = CARTESIAN_POINT('',(16.530086865127,-16.82741604068,
    4.188245497625));
#7426 = CARTESIAN_POINT('',(21.494815321729,-20.89761741782,
    6.661938916007));
#7427 = CARTESIAN_POINT('',(18.948478062864,-18.83407717383,
    7.392451929016));
#7428 = CARTESIAN_POINT('',(19.184248358807,-19.04175538765,
    8.74983766954));
#7429 = CARTESIAN_POINT('',(19.18125,-19.0365,10.));
#7430 = CARTESIAN_POINT('',(15.918,-21.956,-10.5));
#7431 = CARTESIAN_POINT('',(15.439064119478,-21.158423684,
    -8.628241502707));
#7432 = CARTESIAN_POINT('',(19.847087659012,-28.64053484066,
    -8.733290855657));
#7433 = CARTESIAN_POINT('',(7.05293200111,-5.316636773755,
    -1.056708587136));
#7434 = CARTESIAN_POINT('',(30.554384416398,-49.30522596563,
    -10.82247277985));
#7435 = CARTESIAN_POINT('',(8.657891172698,-7.338611237469,
    2.067695186229));
#7436 = CARTESIAN_POINT('',(19.165575275398,-28.55785012219,
    -1.342188414743));
#7437 = CARTESIAN_POINT('',(17.170191375703,-22.93858155634,
    4.51492883963));
#7438 = CARTESIAN_POINT('',(14.025528249214,-20.01098123742,
    4.188245497625));
#7439 = CARTESIAN_POINT('',(18.238025121474,-24.85122071318,
    6.661938916007));
#7440 = CARTESIAN_POINT('',(16.077496538183,-22.39728096344,
    7.392451929016));
#7441 = CARTESIAN_POINT('',(16.277544062019,-22.64424965019,
    8.74983766954));
#7442 = CARTESIAN_POINT('',(16.275,-22.638,10.));
#7443 = DEFINITIONAL_REPRESENTATION('',(#7444),#7477);
#7444 = B_SPLINE_CURVE_WITH_KNOTS('',7,(#7445,#7446,#7447,#7448,#7449,
    #7450,#7451,#7452,#7453,#7454,#7455,#7456,#7457,#7458,#7459,#7460,
    #7461,#7462,#7463,#7464,#7465,#7466,#7467,#7468,#7469,#7470,#7471,
    #7472,#7473,#7474,#7475,#7476),.UNSPECIFIED.,.F.,.F.,(8,6,6,6,6,8),(
    0.,0.101337241921,0.32375223028,0.633046998879,0.824461901679,1.),
  .UNSPECIFIED.);
#7445 = CARTESIAN_POINT('',(3.,2.720806856768E-02));
#7446 = CARTESIAN_POINT('',(2.978799107367,2.720806856768E-02));
#7447 = CARTESIAN_POINT('',(2.958172835502,2.720806856768E-02));
#7448 = CARTESIAN_POINT('',(2.938112548886,2.720806856768E-02));
#7449 = CARTESIAN_POINT('',(2.918599178964,2.720806856768E-02));
#7450 = CARTESIAN_POINT('',(2.899603538989,2.720806856768E-02));
#7451 = CARTESIAN_POINT('',(2.881086638867,2.720806856768E-02));
#7452 = CARTESIAN_POINT('',(2.823303443268,2.720806856768E-02));
#7453 = CARTESIAN_POINT('',(2.785762797737,2.720806856768E-02));
#7454 = CARTESIAN_POINT('',(2.749867125832,2.720806856768E-02));
#7455 = CARTESIAN_POINT('',(2.715365116205,2.720806856768E-02));
#7456 = CARTESIAN_POINT('',(2.682019700663,2.720806856768E-02));
#7457 = CARTESIAN_POINT('',(2.649633558587,2.720806856768E-02));
#7458 = CARTESIAN_POINT('',(2.574009735427,2.720806856768E-02));
#7459 = CARTESIAN_POINT('',(2.531559934555,2.720806856768E-02));
#7460 = CARTESIAN_POINT('',(2.490211013067,2.720806856768E-02));
#7461 = CARTESIAN_POINT('',(2.449698599762,2.720806856768E-02));
#7462 = CARTESIAN_POINT('',(2.409791762882,2.720806856768E-02));
#7463 = CARTESIAN_POINT('',(2.370292758113,2.720806856768E-02));
#7464 = CARTESIAN_POINT('',(2.306682681253,2.720806856768E-02));
#7465 = CARTESIAN_POINT('',(2.28244865926,2.720806856768E-02));
#7466 = CARTESIAN_POINT('',(2.258253429042,2.720806856768E-02));
#7467 = CARTESIAN_POINT('',(2.23405454999,2.720806856768E-02));
#7468 = CARTESIAN_POINT('',(2.209809618282,2.720806856768E-02));
#7469 = CARTESIAN_POINT('',(2.185474239291,2.720806856768E-02));
#7470 = CARTESIAN_POINT('',(2.138555763109,2.720806856768E-02));
#7471 = CARTESIAN_POINT('',(2.115995118957,2.720806856768E-02));
#7472 = CARTESIAN_POINT('',(2.09328018544,2.720806856768E-02));
#7473 = CARTESIAN_POINT('',(2.070371353878,2.720806856768E-02));
#7474 = CARTESIAN_POINT('',(2.047224456368,2.720806856768E-02));
#7475 = CARTESIAN_POINT('',(2.023787933157,2.720806856768E-02));
#7476 = CARTESIAN_POINT('',(2.,2.720806856768E-02));
#7477 = ( GEOMETRIC_REPRESENTATION_CONTEXT(2) 
PARAMETRIC_REPRESENTATION_CONTEXT() REPRESENTATION_CONTEXT('2D SPACE',''
  ) );
#7478 = ADVANCED_FACE('',(#7479,#7489),#4171,.F.);
#7479 = FACE_BOUND('',#7480,.F.);
#7480 = EDGE_LOOP('',(#7481,#7482,#7483,#7484,#7485,#7486,#7487,#7488));
#7481 = ORIENTED_EDGE('',*,*,#4514,.T.);
#7482 = ORIENTED_EDGE('',*,*,#4153,.T.);
#7483 = ORIENTED_EDGE('',*,*,#4226,.T.);
#7484 = ORIENTED_EDGE('',*,*,#4274,.T.);
#7485 = ORIENTED_EDGE('',*,*,#4322,.T.);
#7486 = ORIENTED_EDGE('',*,*,#4370,.T.);
#7487 = ORIENTED_EDGE('',*,*,#4418,.T.);
#7488 = ORIENTED_EDGE('',*,*,#4466,.T.);
#7489 = FACE_BOUND('',#7490,.F.);
#7490 = EDGE_LOOP('',(#7491,#7585,#7659,#7733,#7825,#7935,#8045,#8137));
#7491 = ORIENTED_EDGE('',*,*,#7492,.T.);
#7492 = EDGE_CURVE('',#7493,#7495,#7497,.T.);
#7493 = VERTEX_POINT('',#7494);
#7494 = CARTESIAN_POINT('',(19.380099881576,0.,9.34));
#7495 = VERTEX_POINT('',#7496);
#7496 = CARTESIAN_POINT('',(17.054487895786,22.385093376337,9.34));
#7497 = SURFACE_CURVE('',#7498,(#7525,#7555),.PCURVE_S1.);
#7498 = B_SPLINE_CURVE_WITH_KNOTS('',7,(#7499,#7500,#7501,#7502,#7503,
    #7504,#7505,#7506,#7507,#7508,#7509,#7510,#7511,#7512,#7513,#7514,
    #7515,#7516,#7517,#7518,#7519,#7520,#7521,#7522,#7523,#7524),
  .UNSPECIFIED.,.F.,.F.,(8,6,6,6,8),(0.,0.259940797511,0.616190560827,
    0.878460288427,1.),.UNSPECIFIED.);
#7499 = CARTESIAN_POINT('',(19.380099881575,-2.23779328401E-15,9.34));
#7500 = CARTESIAN_POINT('',(19.380099881575,0.836153230258,9.34));
#7501 = CARTESIAN_POINT('',(19.382126964006,1.678414280839,9.34));
#7502 = CARTESIAN_POINT('',(19.384297823621,2.524994880981,9.34));
#7503 = CARTESIAN_POINT('',(19.385299509945,3.374746909958,9.34));
#7504 = CARTESIAN_POINT('',(19.384037760806,4.226838212074,9.34));
#7505 = CARTESIAN_POINT('',(19.379452473481,5.080598531935,9.34));
#7506 = CARTESIAN_POINT('',(19.35823134711,7.107229741804,9.34));
#7507 = CARTESIAN_POINT('',(19.337760479743,8.28083962075,9.34));
#7508 = CARTESIAN_POINT('',(19.306374145559,9.455118559471,9.34));
#7509 = CARTESIAN_POINT('',(19.261334701899,10.628805056215,9.34));
#7510 = CARTESIAN_POINT('',(19.199327405312,11.800302005471,9.34));
#7511 = CARTESIAN_POINT('',(19.116379295301,12.9676391113,9.34));
#7512 = CARTESIAN_POINT('',(18.925132482099,14.982150526883,9.34));
#7513 = CARTESIAN_POINT('',(18.829364040604,15.83184010547,9.34));
#7514 = CARTESIAN_POINT('',(18.716370159909,16.676548273659,9.34));
#7515 = CARTESIAN_POINT('',(18.583051947792,17.514715691197,9.34));
#7516 = CARTESIAN_POINT('',(18.425075470412,18.343306095534,9.34));
#7517 = CARTESIAN_POINT('',(18.237157401213,19.157966868904,9.34));
#7518 = CARTESIAN_POINT('',(17.90410781576,20.319014536371,9.34));
#7519 = CARTESIAN_POINT('',(17.790189571505,20.681874186571,9.34));
#7520 = CARTESIAN_POINT('',(17.666854204448,21.039259065748,9.34));
#7521 = CARTESIAN_POINT('',(17.532994280679,21.390067635747,9.34));
#7522 = CARTESIAN_POINT('',(17.38735055208,21.732758474519,9.34));
#7523 = CARTESIAN_POINT('',(17.22844956626,22.065302279302,9.34));
#7524 = CARTESIAN_POINT('',(17.054487895786,22.385093376337,9.34));
#7525 = PCURVE('',#4171,#7526);
#7526 = DEFINITIONAL_REPRESENTATION('',(#7527),#7554);
#7527 = B_SPLINE_CURVE_WITH_KNOTS('',7,(#7528,#7529,#7530,#7531,#7532,
    #7533,#7534,#7535,#7536,#7537,#7538,#7539,#7540,#7541,#7542,#7543,
    #7544,#7545,#7546,#7547,#7548,#7549,#7550,#7551,#7552,#7553),
  .UNSPECIFIED.,.F.,.F.,(8,6,6,6,8),(0.,0.259940797511,0.616190560827,
    0.878460288427,1.),.UNSPECIFIED.);
#7528 = CARTESIAN_POINT('',(-19.38009988157,-0.121736870122));
#7529 = CARTESIAN_POINT('',(-19.38009988157,0.714416360136));
#7530 = CARTESIAN_POINT('',(-19.382126964,1.556677410718));
#7531 = CARTESIAN_POINT('',(-19.38429782362,2.403258010859));
#7532 = CARTESIAN_POINT('',(-19.38529950994,3.253010039836));
#7533 = CARTESIAN_POINT('',(-19.3840377608,4.105101341952));
#7534 = CARTESIAN_POINT('',(-19.37945247348,4.958861661814));
#7535 = CARTESIAN_POINT('',(-19.35823134711,6.985492871682));
#7536 = CARTESIAN_POINT('',(-19.33776047974,8.159102750628));
#7537 = CARTESIAN_POINT('',(-19.30637414555,9.333381689349));
#7538 = CARTESIAN_POINT('',(-19.26133470189,10.507068186094));
#7539 = CARTESIAN_POINT('',(-19.19932740531,11.678565135349));
#7540 = CARTESIAN_POINT('',(-19.1163792953,12.845902241178));
#7541 = CARTESIAN_POINT('',(-18.92513248209,14.860413656761));
#7542 = CARTESIAN_POINT('',(-18.8293640406,15.710103235348));
#7543 = CARTESIAN_POINT('',(-18.7163701599,16.554811403538));
#7544 = CARTESIAN_POINT('',(-18.58305194779,17.392978821075));
#7545 = CARTESIAN_POINT('',(-18.42507547041,18.221569225412));
#7546 = CARTESIAN_POINT('',(-18.23715740121,19.036229998783));
#7547 = CARTESIAN_POINT('',(-17.90410781576,20.197277666249));
#7548 = CARTESIAN_POINT('',(-17.7901895715,20.56013731645));
#7549 = CARTESIAN_POINT('',(-17.66685420444,20.917522195626));
#7550 = CARTESIAN_POINT('',(-17.53299428067,21.268330765625));
#7551 = CARTESIAN_POINT('',(-17.38735055208,21.611021604398));
#7552 = CARTESIAN_POINT('',(-17.22844956626,21.94356540918));
#7553 = CARTESIAN_POINT('',(-17.05448789578,22.263356506216));
#7554 = ( GEOMETRIC_REPRESENTATION_CONTEXT(2) 
PARAMETRIC_REPRESENTATION_CONTEXT() REPRESENTATION_CONTEXT('2D SPACE',''
  ) );
#7555 = PCURVE('',#6489,#7556);
#7556 = DEFINITIONAL_REPRESENTATION('',(#7557),#7584);
#7557 = B_SPLINE_CURVE_WITH_KNOTS('',7,(#7558,#7559,#7560,#7561,#7562,
    #7563,#7564,#7565,#7566,#7567,#7568,#7569,#7570,#7571,#7572,#7573,
    #7574,#7575,#7576,#7577,#7578,#7579,#7580,#7581,#7582,#7583),
  .UNSPECIFIED.,.F.,.F.,(8,6,6,6,8),(0.,0.259940797511,0.616190560827,
    0.878460288427,1.),.UNSPECIFIED.);
#7558 = CARTESIAN_POINT('',(2.,0.967978734259));
#7559 = CARTESIAN_POINT('',(1.961312833006,0.967978734259));
#7560 = CARTESIAN_POINT('',(1.923963639378,0.967978734259));
#7561 = CARTESIAN_POINT('',(1.887594882581,0.967978734259));
#7562 = CARTESIAN_POINT('',(1.851978574141,0.967978734259));
#7563 = CARTESIAN_POINT('',(1.8169410276,0.967978734259));
#7564 = CARTESIAN_POINT('',(1.78232653987,0.967978734259));
#7565 = CARTESIAN_POINT('',(1.700955358215,0.967978734259));
#7566 = CARTESIAN_POINT('',(1.654462514722,0.967978734259));
#7567 = CARTESIAN_POINT('',(1.608165226855,0.967978734259));
#7568 = CARTESIAN_POINT('',(1.5617778826,0.967978734259));
#7569 = CARTESIAN_POINT('',(1.5150111961,0.967978734259));
#7570 = CARTESIAN_POINT('',(1.467561935381,0.967978734259));
#7571 = CARTESIAN_POINT('',(1.383248886945,0.967978734259));
#7572 = CARTESIAN_POINT('',(1.346924554401,0.967978734259));
#7573 = CARTESIAN_POINT('',(1.309826622728,0.967978734259));
#7574 = CARTESIAN_POINT('',(1.271758026385,0.967978734259));
#7575 = CARTESIAN_POINT('',(1.232480667035,0.967978734259));
#7576 = CARTESIAN_POINT('',(1.191728785746,0.967978734259));
#7577 = CARTESIAN_POINT('',(1.129198842074,0.967978734259));
#7578 = CARTESIAN_POINT('',(1.10898570989,0.967978734259));
#7579 = CARTESIAN_POINT('',(1.088308679778,0.967978734259));
#7580 = CARTESIAN_POINT('',(1.067119135042,0.967978734259));
#7581 = CARTESIAN_POINT('',(1.045370814207,0.967978734259));
#7582 = CARTESIAN_POINT('',(1.023016164418,0.967978734259));
#7583 = CARTESIAN_POINT('',(1.,0.967978734259));
#7584 = ( GEOMETRIC_REPRESENTATION_CONTEXT(2) 
PARAMETRIC_REPRESENTATION_CONTEXT() REPRESENTATION_CONTEXT('2D SPACE',''
  ) );
#7585 = ORIENTED_EDGE('',*,*,#7586,.T.);
#7586 = EDGE_CURVE('',#7495,#7587,#7589,.T.);
#7587 = VERTEX_POINT('',#7588);
#7588 = CARTESIAN_POINT('',(0.,25.729992386595,9.34));
#7589 = SURFACE_CURVE('',#7590,(#7611,#7635),.PCURVE_S1.);
#7590 = B_SPLINE_CURVE_WITH_KNOTS('',7,(#7591,#7592,#7593,#7594,#7595,
    #7596,#7597,#7598,#7599,#7600,#7601,#7602,#7603,#7604,#7605,#7606,
    #7607,#7608,#7609,#7610),.UNSPECIFIED.,.F.,.F.,(8,6,6,8),(0.,
    0.169243193724,0.485430271415,1.),.UNSPECIFIED.);
#7591 = CARTESIAN_POINT('',(17.054487895786,22.385093376337,9.34));
#7592 = CARTESIAN_POINT('',(16.846652634257,22.661025891108,9.34));
#7593 = CARTESIAN_POINT('',(16.600942599289,22.915884483592,9.34));
#7594 = CARTESIAN_POINT('',(16.322664077414,23.149371733683,9.34));
#7595 = CARTESIAN_POINT('',(16.017682964619,23.362609883189,9.34));
#7596 = CARTESIAN_POINT('',(15.691222969582,23.557266372474,9.34));
#7597 = CARTESIAN_POINT('',(15.347254019105,23.735099685434,9.34));
#7598 = CARTESIAN_POINT('',(14.318177459544,24.202123374713,9.34));
#7599 = CARTESIAN_POINT('',(13.597814485103,24.453188395311,9.34));
#7600 = CARTESIAN_POINT('',(12.844110831019,24.663760140636,9.34));
#7601 = CARTESIAN_POINT('',(12.067362895428,24.841153995693,9.34));
#7602 = CARTESIAN_POINT('',(11.274657363652,24.991466848125,9.34));
#7603 = CARTESIAN_POINT('',(10.469412867145,25.119115517295,9.34));
#7604 = CARTESIAN_POINT('',(8.321980313006,25.404269386754,9.34));
#7605 = CARTESIAN_POINT('',(6.964793808008,25.529603972031,9.34));
#7606 = CARTESIAN_POINT('',(5.590310890893,25.618377395798,9.34));
#7607 = CARTESIAN_POINT('',(4.203833671098,25.677743801853,9.34));
#7608 = CARTESIAN_POINT('',(2.809064322148,25.713638820551,9.34));
#7609 = CARTESIAN_POINT('',(1.407688051554,25.729992386595,9.34));
#7610 = CARTESIAN_POINT('',(1.623208418343E-14,25.729992386595,9.34));
#7611 = PCURVE('',#4171,#7612);
#7612 = DEFINITIONAL_REPRESENTATION('',(#7613),#7634);
#7613 = B_SPLINE_CURVE_WITH_KNOTS('',7,(#7614,#7615,#7616,#7617,#7618,
    #7619,#7620,#7621,#7622,#7623,#7624,#7625,#7626,#7627,#7628,#7629,
    #7630,#7631,#7632,#7633),.UNSPECIFIED.,.F.,.F.,(8,6,6,8),(0.,
    0.169243193724,0.485430271415,1.),.UNSPECIFIED.);
#7614 = CARTESIAN_POINT('',(-17.05448789578,22.263356506216));
#7615 = CARTESIAN_POINT('',(-16.84665263425,22.539289020986));
#7616 = CARTESIAN_POINT('',(-16.60094259928,22.79414761347));
#7617 = CARTESIAN_POINT('',(-16.32266407741,23.027634863561));
#7618 = CARTESIAN_POINT('',(-16.01768296461,23.240873013067));
#7619 = CARTESIAN_POINT('',(-15.69122296958,23.435529502352));
#7620 = CARTESIAN_POINT('',(-15.3472540191,23.613362815312));
#7621 = CARTESIAN_POINT('',(-14.31817745954,24.080386504591));
#7622 = CARTESIAN_POINT('',(-13.5978144851,24.33145152519));
#7623 = CARTESIAN_POINT('',(-12.84411083101,24.542023270514));
#7624 = CARTESIAN_POINT('',(-12.06736289542,24.719417125572));
#7625 = CARTESIAN_POINT('',(-11.27465736365,24.869729978004));
#7626 = CARTESIAN_POINT('',(-10.46941286714,24.997378647174));
#7627 = CARTESIAN_POINT('',(-8.321980313006,25.282532516632));
#7628 = CARTESIAN_POINT('',(-6.964793808008,25.407867101909));
#7629 = CARTESIAN_POINT('',(-5.590310890893,25.496640525676));
#7630 = CARTESIAN_POINT('',(-4.203833671098,25.556006931731));
#7631 = CARTESIAN_POINT('',(-2.809064322148,25.591901950429));
#7632 = CARTESIAN_POINT('',(-1.407688051554,25.608255516473));
#7633 = CARTESIAN_POINT('',(-1.554312234475E-14,25.608255516473));
#7634 = ( GEOMETRIC_REPRESENTATION_CONTEXT(2) 
PARAMETRIC_REPRESENTATION_CONTEXT() REPRESENTATION_CONTEXT('2D SPACE',''
  ) );
#7635 = PCURVE('',#6622,#7636);
#7636 = DEFINITIONAL_REPRESENTATION('',(#7637),#7658);
#7637 = B_SPLINE_CURVE_WITH_KNOTS('',7,(#7638,#7639,#7640,#7641,#7642,
    #7643,#7644,#7645,#7646,#7647,#7648,#7649,#7650,#7651,#7652,#7653,
    #7654,#7655,#7656,#7657),.UNSPECIFIED.,.F.,.F.,(8,6,6,8),(0.,
    0.169243193724,0.485430271415,1.),.UNSPECIFIED.);
#7638 = CARTESIAN_POINT('',(1.,0.967978734259));
#7639 = CARTESIAN_POINT('',(0.964252805232,0.967978734259));
#7640 = CARTESIAN_POINT('',(0.929148278329,0.967978734259));
#7641 = CARTESIAN_POINT('',(0.894921366196,0.967978734259));
#7642 = CARTESIAN_POINT('',(0.861686543716,0.967978734259));
#7643 = CARTESIAN_POINT('',(0.829478915454,0.967978734259));
#7644 = CARTESIAN_POINT('',(0.798275971863,0.967978734259));
#7645 = CARTESIAN_POINT('',(0.711437187298,0.967978734259));
#7646 = CARTESIAN_POINT('',(0.658248834342,0.967978734259));
#7647 = CARTESIAN_POINT('',(0.607815323609,0.967978734259));
#7648 = CARTESIAN_POINT('',(0.559802379202,0.967978734259));
#7649 = CARTESIAN_POINT('',(0.513873628918,0.967978734259));
#7650 = CARTESIAN_POINT('',(0.469718794082,0.967978734259));
#7651 = CARTESIAN_POINT('',(0.357478505204,0.967978734259));
#7652 = CARTESIAN_POINT('',(0.292016769367,0.967978734259));
#7653 = CARTESIAN_POINT('',(0.22951651007,0.967978734259));
#7654 = CARTESIAN_POINT('',(0.169465736801,0.967978734259));
#7655 = CARTESIAN_POINT('',(0.111412425857,0.967978734259));
#7656 = CARTESIAN_POINT('',(5.502708183149E-02,0.967978734259));
#7657 = CARTESIAN_POINT('',(0.,0.967978734259));
#7658 = ( GEOMETRIC_REPRESENTATION_CONTEXT(2) 
PARAMETRIC_REPRESENTATION_CONTEXT() REPRESENTATION_CONTEXT('2D SPACE',''
  ) );
#7659 = ORIENTED_EDGE('',*,*,#7660,.T.);
#7660 = EDGE_CURVE('',#7587,#7661,#7663,.T.);
#7661 = VERTEX_POINT('',#7662);
#7662 = CARTESIAN_POINT('',(-17.05448789578,22.385093376337,9.34));
#7663 = SURFACE_CURVE('',#7664,(#7685,#7709),.PCURVE_S1.);
#7664 = B_SPLINE_CURVE_WITH_KNOTS('',7,(#7665,#7666,#7667,#7668,#7669,
    #7670,#7671,#7672,#7673,#7674,#7675,#7676,#7677,#7678,#7679,#7680,
    #7681,#7682,#7683,#7684),.UNSPECIFIED.,.F.,.F.,(8,6,6,8),(0.,
    0.494322516801,0.816251017633,1.),.UNSPECIFIED.);
#7665 = CARTESIAN_POINT('',(8.215650382226E-14,25.729992386595,9.34));
#7666 = CARTESIAN_POINT('',(-1.352274110243,25.729992386595,9.34));
#7667 = CARTESIAN_POINT('',(-2.698869135296,25.714899075725,9.34));
#7668 = CARTESIAN_POINT('',(-4.039383053921,25.681892063862,9.34));
#7669 = CARTESIAN_POINT('',(-5.372277995332,25.627484207166,9.34));
#7670 = CARTESIAN_POINT('',(-6.694437825109,25.546602532194,9.34));
#7671 = CARTESIAN_POINT('',(-8.001390668562,25.433002215471,9.34));
#7672 = CARTESIAN_POINT('',(-10.12135879964,25.171458972578,9.34));
#7673 = CARTESIAN_POINT('',(-10.94587707537,25.049534118794,9.34));
#7674 = CARTESIAN_POINT('',(-11.75839678296,24.905383645255,9.34));
#7675 = CARTESIAN_POINT('',(-12.55573537158,24.734705756264,9.34));
#7676 = CARTESIAN_POINT('',(-13.33120748447,24.531500133395,9.34));
#7677 = CARTESIAN_POINT('',(-14.07506949642,24.288559728912,9.34));
#7678 = CARTESIAN_POINT('',(-15.16864417557,23.824643946092,9.34));
#7679 = CARTESIAN_POINT('',(-15.54992823974,23.639233427112,9.34));
#7680 = CARTESIAN_POINT('',(-15.91216402587,23.434732099318,9.34));
#7681 = CARTESIAN_POINT('',(-16.2505054748,23.208819553068,9.34));
#7682 = CARTESIAN_POINT('',(-16.55858188582,22.959367919607,9.34));
#7683 = CARTESIAN_POINT('',(-16.82882474772,22.684695087212,9.34));
#7684 = CARTESIAN_POINT('',(-17.05448789578,22.385093376337,9.34));
#7685 = PCURVE('',#4171,#7686);
#7686 = DEFINITIONAL_REPRESENTATION('',(#7687),#7708);
#7687 = B_SPLINE_CURVE_WITH_KNOTS('',7,(#7688,#7689,#7690,#7691,#7692,
    #7693,#7694,#7695,#7696,#7697,#7698,#7699,#7700,#7701,#7702,#7703,
    #7704,#7705,#7706,#7707),.UNSPECIFIED.,.F.,.F.,(8,6,6,8),(0.,
    0.494322516801,0.816251017633,1.),.UNSPECIFIED.);
#7688 = CARTESIAN_POINT('',(-8.146754198358E-14,25.608255516473));
#7689 = CARTESIAN_POINT('',(1.352274110243,25.608255516473));
#7690 = CARTESIAN_POINT('',(2.698869135296,25.593162205603));
#7691 = CARTESIAN_POINT('',(4.039383053921,25.56015519374));
#7692 = CARTESIAN_POINT('',(5.372277995332,25.505747337044));
#7693 = CARTESIAN_POINT('',(6.694437825109,25.424865662072));
#7694 = CARTESIAN_POINT('',(8.001390668562,25.311265345349));
#7695 = CARTESIAN_POINT('',(10.121358799643,25.049722102456));
#7696 = CARTESIAN_POINT('',(10.945877075372,24.927797248672));
#7697 = CARTESIAN_POINT('',(11.758396782965,24.783646775133));
#7698 = CARTESIAN_POINT('',(12.555735371586,24.612968886142));
#7699 = CARTESIAN_POINT('',(13.331207484473,24.409763263273));
#7700 = CARTESIAN_POINT('',(14.075069496428,24.16682285879));
#7701 = CARTESIAN_POINT('',(15.16864417557,23.70290707597));
#7702 = CARTESIAN_POINT('',(15.549928239745,23.517496556991));
#7703 = CARTESIAN_POINT('',(15.912164025871,23.312995229196));
#7704 = CARTESIAN_POINT('',(16.250505474809,23.087082682947));
#7705 = CARTESIAN_POINT('',(16.558581885824,22.837631049485));
#7706 = CARTESIAN_POINT('',(16.828824747729,22.562958217091));
#7707 = CARTESIAN_POINT('',(17.054487895786,22.263356506216));
#7708 = ( GEOMETRIC_REPRESENTATION_CONTEXT(2) 
PARAMETRIC_REPRESENTATION_CONTEXT() REPRESENTATION_CONTEXT('2D SPACE',''
  ) );
#7709 = PCURVE('',#6749,#7710);
#7710 = DEFINITIONAL_REPRESENTATION('',(#7711),#7732);
#7711 = B_SPLINE_CURVE_WITH_KNOTS('',7,(#7712,#7713,#7714,#7715,#7716,
    #7717,#7718,#7719,#7720,#7721,#7722,#7723,#7724,#7725,#7726,#7727,
    #7728,#7729,#7730,#7731),.UNSPECIFIED.,.F.,.F.,(8,6,6,8),(0.,
    0.494322516801,0.816251017633,1.),.UNSPECIFIED.);
#7712 = CARTESIAN_POINT('',(8.,0.967978734259));
#7713 = CARTESIAN_POINT('',(7.947139071017,0.967978734259));
#7714 = CARTESIAN_POINT('',(7.893018828581,0.967978734259));
#7715 = CARTESIAN_POINT('',(7.837370790421,0.967978734259));
#7716 = CARTESIAN_POINT('',(7.779904224618,0.967978734259));
#7717 = CARTESIAN_POINT('',(7.720230892027,0.967978734259));
#7718 = CARTESIAN_POINT('',(7.657897770993,0.967978734259));
#7719 = CARTESIAN_POINT('',(7.549083948429,0.967978734259));
#7720 = CARTESIAN_POINT('',(7.504748595782,0.967978734259));
#7721 = CARTESIAN_POINT('',(7.45866282568,0.967978734259));
#7722 = CARTESIAN_POINT('',(7.41051872634,0.967978734259));
#7723 = CARTESIAN_POINT('',(7.359974045896,0.967978734259));
#7724 = CARTESIAN_POINT('',(7.306683971883,0.967978734259));
#7725 = CARTESIAN_POINT('',(7.217646163284,0.967978734259));
#7726 = CARTESIAN_POINT('',(7.18423209439,0.967978734259));
#7727 = CARTESIAN_POINT('',(7.149646291492,0.967978734259));
#7728 = CARTESIAN_POINT('',(7.113843858444,0.967978734259));
#7729 = CARTESIAN_POINT('',(7.076858201706,0.967978734259));
#7730 = CARTESIAN_POINT('',(7.038813550917,0.967978734259));
#7731 = CARTESIAN_POINT('',(7.,0.967978734259));
#7732 = ( GEOMETRIC_REPRESENTATION_CONTEXT(2) 
PARAMETRIC_REPRESENTATION_CONTEXT() REPRESENTATION_CONTEXT('2D SPACE',''
  ) );
#7733 = ORIENTED_EDGE('',*,*,#7734,.T.);
#7734 = EDGE_CURVE('',#7661,#7735,#7737,.T.);
#7735 = VERTEX_POINT('',#7736);
#7736 = CARTESIAN_POINT('',(-19.38009988157,0.,9.34));
#7737 = SURFACE_CURVE('',#7738,(#7765,#7795),.PCURVE_S1.);
#7738 = B_SPLINE_CURVE_WITH_KNOTS('',7,(#7739,#7740,#7741,#7742,#7743,
    #7744,#7745,#7746,#7747,#7748,#7749,#7750,#7751,#7752,#7753,#7754,
    #7755,#7756,#7757,#7758,#7759,#7760,#7761,#7762,#7763,#7764),
  .UNSPECIFIED.,.F.,.F.,(8,6,6,6,8),(0.,0.213185406301,0.502366700289,
    0.74224350673,1.),.UNSPECIFIED.);
#7739 = CARTESIAN_POINT('',(-17.05448789578,22.385093376337,9.34));
#7740 = CARTESIAN_POINT('',(-17.35960240209,21.824206012877,9.34));
#7741 = CARTESIAN_POINT('',(-17.61799679065,21.224814604487,9.34));
#7742 = CARTESIAN_POINT('',(-17.84026720904,20.599900064722,9.34));
#7743 = CARTESIAN_POINT('',(-18.03263237326,19.957547778561,9.34));
#7744 = CARTESIAN_POINT('',(-18.20033979642,19.303305548698,9.34));
#7745 = CARTESIAN_POINT('',(-18.3472906685,18.639883557142,9.34));
#7746 = CARTESIAN_POINT('',(-18.65224720491,17.055881695114,9.34));
#7747 = CARTESIAN_POINT('',(-18.79503221217,16.130440700327,9.34));
#7748 = CARTESIAN_POINT('',(-18.91264473249,15.196002809566,9.34));
#7749 = CARTESIAN_POINT('',(-19.00947662361,14.255430270875,9.34));
#7750 = CARTESIAN_POINT('',(-19.0890776371,13.310756594758,9.34));
#7751 = CARTESIAN_POINT('',(-19.15408431522,12.363154998218,9.34));
#7752 = CARTESIAN_POINT('',(-19.25037559032,10.62516203784,9.34));
#7753 = CARTESIAN_POINT('',(-19.28550591241,9.835778068382,9.34));
#7754 = CARTESIAN_POINT('',(-19.31335271077,9.045578807463,9.34));
#7755 = CARTESIAN_POINT('',(-19.33495417768,8.255044522187,9.34));
#7756 = CARTESIAN_POINT('',(-19.35121071288,7.464609950402,9.34));
#7757 = CARTESIAN_POINT('',(-19.36295389609,6.674695051704,9.34));
#7758 = CARTESIAN_POINT('',(-19.37967790782,5.037969841475,9.34));
#7759 = CARTESIAN_POINT('',(-19.3840888577,4.191384404117,9.34));
#7760 = CARTESIAN_POINT('',(-19.38526564462,3.346462511933,9.34));
#7761 = CARTESIAN_POINT('',(-19.38424354656,2.503861109176,9.34));
#7762 = CARTESIAN_POINT('',(-19.38209342733,1.664396745326,9.34));
#7763 = CARTESIAN_POINT('',(-19.38009988157,0.829194484822,9.34));
#7764 = CARTESIAN_POINT('',(-19.38009988157,-4.442626821977E-14,9.34));
#7765 = PCURVE('',#4171,#7766);
#7766 = DEFINITIONAL_REPRESENTATION('',(#7767),#7794);
#7767 = B_SPLINE_CURVE_WITH_KNOTS('',7,(#7768,#7769,#7770,#7771,#7772,
    #7773,#7774,#7775,#7776,#7777,#7778,#7779,#7780,#7781,#7782,#7783,
    #7784,#7785,#7786,#7787,#7788,#7789,#7790,#7791,#7792,#7793),
  .UNSPECIFIED.,.F.,.F.,(8,6,6,6,8),(0.,0.213185406301,0.502366700289,
    0.74224350673,1.),.UNSPECIFIED.);
#7768 = CARTESIAN_POINT('',(17.054487895786,22.263356506215));
#7769 = CARTESIAN_POINT('',(17.359602402099,21.702469142755));
#7770 = CARTESIAN_POINT('',(17.617996790656,21.103077734365));
#7771 = CARTESIAN_POINT('',(17.840267209041,20.478163194601));
#7772 = CARTESIAN_POINT('',(18.032632373266,19.835810908439));
#7773 = CARTESIAN_POINT('',(18.20033979642,19.181568678576));
#7774 = CARTESIAN_POINT('',(18.347290668506,18.518146687021));
#7775 = CARTESIAN_POINT('',(18.652247204912,16.934144824992));
#7776 = CARTESIAN_POINT('',(18.795032212178,16.008703830205));
#7777 = CARTESIAN_POINT('',(18.912644732495,15.074265939444));
#7778 = CARTESIAN_POINT('',(19.009476623613,14.133693400753));
#7779 = CARTESIAN_POINT('',(19.089077637106,13.189019724637));
#7780 = CARTESIAN_POINT('',(19.154084315222,12.241418128096));
#7781 = CARTESIAN_POINT('',(19.250375590326,10.503425167718));
#7782 = CARTESIAN_POINT('',(19.285505912414,9.71404119826));
#7783 = CARTESIAN_POINT('',(19.31335271077,8.923841937341));
#7784 = CARTESIAN_POINT('',(19.334954177689,8.133307652065));
#7785 = CARTESIAN_POINT('',(19.351210712881,7.34287308028));
#7786 = CARTESIAN_POINT('',(19.362953896096,6.552958181582));
#7787 = CARTESIAN_POINT('',(19.379677907827,4.916232971353));
#7788 = CARTESIAN_POINT('',(19.384088857703,4.069647533995));
#7789 = CARTESIAN_POINT('',(19.385265644622,3.224725641811));
#7790 = CARTESIAN_POINT('',(19.384243546564,2.382124239055));
#7791 = CARTESIAN_POINT('',(19.382093427339,1.542659875204));
#7792 = CARTESIAN_POINT('',(19.380099881576,0.7074576147));
#7793 = CARTESIAN_POINT('',(19.380099881576,-0.121736870122));
#7794 = ( GEOMETRIC_REPRESENTATION_CONTEXT(2) 
PARAMETRIC_REPRESENTATION_CONTEXT() REPRESENTATION_CONTEXT('2D SPACE',''
  ) );
#7795 = PCURVE('',#6888,#7796);
#7796 = DEFINITIONAL_REPRESENTATION('',(#7797),#7824);
#7797 = B_SPLINE_CURVE_WITH_KNOTS('',7,(#7798,#7799,#7800,#7801,#7802,
    #7803,#7804,#7805,#7806,#7807,#7808,#7809,#7810,#7811,#7812,#7813,
    #7814,#7815,#7816,#7817,#7818,#7819,#7820,#7821,#7822,#7823),
  .UNSPECIFIED.,.F.,.F.,(8,6,6,6,8),(0.,0.213185406301,0.502366700289,
    0.74224350673,1.),.UNSPECIFIED.);
#7798 = CARTESIAN_POINT('',(7.,0.967978734259));
#7799 = CARTESIAN_POINT('',(6.959631534783,0.967978734259));
#7800 = CARTESIAN_POINT('',(6.921349929996,0.967978734259));
#7801 = CARTESIAN_POINT('',(6.884759891348,0.967978734259));
#7802 = CARTESIAN_POINT('',(6.84964712756,0.967978734259));
#7803 = CARTESIAN_POINT('',(6.815793223398,0.967978734259));
#7804 = CARTESIAN_POINT('',(6.782989831123,0.967978734259));
#7805 = CARTESIAN_POINT('',(6.707606500796,0.967978734259));
#7806 = CARTESIAN_POINT('',(6.665829579952,0.967978734259));
#7807 = CARTESIAN_POINT('',(6.625234587313,0.967978734259));
#7808 = CARTESIAN_POINT('',(6.585565448445,0.967978734259));
#7809 = CARTESIAN_POINT('',(6.546597801978,0.967978734259));
#7810 = CARTESIAN_POINT('',(6.508140577486,0.967978734259));
#7811 = CARTESIAN_POINT('',(6.438362269229,0.967978734259));
#7812 = CARTESIAN_POINT('',(6.406953177916,0.967978734259));
#7813 = CARTESIAN_POINT('',(6.375672412992,0.967978734259));
#7814 = CARTESIAN_POINT('',(6.344428958654,0.967978734259));
#7815 = CARTESIAN_POINT('',(6.313133869691,0.967978734259));
#7816 = CARTESIAN_POINT('',(6.281693044816,0.967978734259));
#7817 = CARTESIAN_POINT('',(6.215944652114,0.967978734259));
#7818 = CARTESIAN_POINT('',(6.181600621117,0.967978734259));
#7819 = CARTESIAN_POINT('',(6.146835558611,0.967978734259));
#7820 = CARTESIAN_POINT('',(6.111497004876,0.967978734259));
#7821 = CARTESIAN_POINT('',(6.075414642597,0.967978734259));
#7822 = CARTESIAN_POINT('',(6.038365199516,0.967978734259));
#7823 = CARTESIAN_POINT('',(6.,0.967978734259));
#7824 = ( GEOMETRIC_REPRESENTATION_CONTEXT(2) 
PARAMETRIC_REPRESENTATION_CONTEXT() REPRESENTATION_CONTEXT('2D SPACE',''
  ) );
#7825 = ORIENTED_EDGE('',*,*,#7826,.T.);
#7826 = EDGE_CURVE('',#7735,#7827,#7829,.T.);
#7827 = VERTEX_POINT('',#7828);
#7828 = CARTESIAN_POINT('',(-16.27928390052,-22.6423933002,9.34));
#7829 = SURFACE_CURVE('',#7830,(#7863,#7899),.PCURVE_S1.);
#7830 = B_SPLINE_CURVE_WITH_KNOTS('',7,(#7831,#7832,#7833,#7834,#7835,
    #7836,#7837,#7838,#7839,#7840,#7841,#7842,#7843,#7844,#7845,#7846,
    #7847,#7848,#7849,#7850,#7851,#7852,#7853,#7854,#7855,#7856,#7857,
    #7858,#7859,#7860,#7861,#7862),.UNSPECIFIED.,.F.,.F.,(8,6,6,6,6,8),(
    0.,0.172381676234,0.560570291842,0.820051693446,0.979317361192,1.),
  .UNSPECIFIED.);
#7831 = CARTESIAN_POINT('',(-19.38009988157,2.005340338229E-14,9.34));
#7832 = CARTESIAN_POINT('',(-19.38009988157,-0.576528126942,9.34));
#7833 = CARTESIAN_POINT('',(-19.3793604386,-1.154433495188,9.34));
#7834 = CARTESIAN_POINT('',(-19.37760813147,-1.733456330399,9.34));
#7835 = CARTESIAN_POINT('',(-19.37459474261,-2.313381132901,9.34));
#7836 = CARTESIAN_POINT('',(-19.37008604008,-2.894026236358,9.34));
#7837 = CARTESIAN_POINT('',(-19.36385055955,-3.47523336643,9.34));
#7838 = CARTESIAN_POINT('',(-19.33717780203,-5.366623733077,9.34));
#7839 = CARTESIAN_POINT('',(-19.30874083463,-6.67824827918,9.34));
#7840 = CARTESIAN_POINT('',(-19.2675992465,-7.99036826326,9.34));
#7841 = CARTESIAN_POINT('',(-19.21090519339,-9.301587598139,9.34));
#7842 = CARTESIAN_POINT('',(-19.13501593834,-10.61005497319,9.34));
#7843 = CARTESIAN_POINT('',(-19.03552477378,-11.91346491937,9.34));
#7844 = CARTESIAN_POINT('',(-18.81748354857,-14.07372044004,9.34));
#7845 = CARTESIAN_POINT('',(-18.71626271838,-14.93465107253,9.34));
#7846 = CARTESIAN_POINT('',(-18.5988478067,-15.79060702523,9.34));
#7847 = CARTESIAN_POINT('',(-18.4624153309,-16.64013739822,9.34));
#7848 = CARTESIAN_POINT('',(-18.30291604846,-17.48035085335,9.34));
#7849 = CARTESIAN_POINT('',(-18.1154606202,-18.3071358733,9.34));
#7850 = CARTESIAN_POINT('',(-17.75252128584,-19.6080914299,9.34));
#7851 = CARTESIAN_POINT('',(-17.60063464528,-20.09418714668,9.34));
#7852 = CARTESIAN_POINT('',(-17.43256246547,-20.57074617789,9.34));
#7853 = CARTESIAN_POINT('',(-17.24557333186,-21.03516970603,9.34));
#7854 = CARTESIAN_POINT('',(-17.03632379043,-21.48286872711,9.34));
#7855 = CARTESIAN_POINT('',(-16.80089560238,-21.90730379238,9.34));
#7856 = CARTESIAN_POINT('',(-16.49895339789,-22.34987513838,9.34));
#7857 = CARTESIAN_POINT('',(-16.46372039354,-22.40017959753,9.34));
#7858 = CARTESIAN_POINT('',(-16.42794858943,-22.44989753508,9.34));
#7859 = CARTESIAN_POINT('',(-16.39162828937,-22.4990043488,9.34));
#7860 = CARTESIAN_POINT('',(-16.35475009375,-22.54747418815,9.34));
#7861 = CARTESIAN_POINT('',(-16.3173048996,-22.59527995431,9.34));
#7862 = CARTESIAN_POINT('',(-16.27928390052,-22.6423933002,9.34));
#7863 = PCURVE('',#4171,#7864);
#7864 = DEFINITIONAL_REPRESENTATION('',(#7865),#7898);
#7865 = B_SPLINE_CURVE_WITH_KNOTS('',7,(#7866,#7867,#7868,#7869,#7870,
    #7871,#7872,#7873,#7874,#7875,#7876,#7877,#7878,#7879,#7880,#7881,
    #7882,#7883,#7884,#7885,#7886,#7887,#7888,#7889,#7890,#7891,#7892,
    #7893,#7894,#7895,#7896,#7897),.UNSPECIFIED.,.F.,.F.,(8,6,6,6,6,8),(
    0.,0.172381676234,0.560570291842,0.820051693446,0.979317361192,1.),
  .UNSPECIFIED.);
#7866 = CARTESIAN_POINT('',(19.380099881575,-0.121736870122));
#7867 = CARTESIAN_POINT('',(19.380099881575,-0.698264997064));
#7868 = CARTESIAN_POINT('',(19.379360438604,-1.27617036531));
#7869 = CARTESIAN_POINT('',(19.377608131473,-1.85519320052));
#7870 = CARTESIAN_POINT('',(19.374594742617,-2.435118003023));
#7871 = CARTESIAN_POINT('',(19.370086040085,-3.015763106479));
#7872 = CARTESIAN_POINT('',(19.36385055955,-3.596970236552));
#7873 = CARTESIAN_POINT('',(19.337177802034,-5.488360603199));
#7874 = CARTESIAN_POINT('',(19.308740834637,-6.799985149302));
#7875 = CARTESIAN_POINT('',(19.267599246502,-8.112105133381));
#7876 = CARTESIAN_POINT('',(19.210905193399,-9.423324468261));
#7877 = CARTESIAN_POINT('',(19.135015938349,-10.73179184331));
#7878 = CARTESIAN_POINT('',(19.035524773785,-12.0352017895));
#7879 = CARTESIAN_POINT('',(18.81748354857,-14.19545731016));
#7880 = CARTESIAN_POINT('',(18.716262718388,-15.05638794265));
#7881 = CARTESIAN_POINT('',(18.598847806704,-15.91234389536));
#7882 = CARTESIAN_POINT('',(18.462415330909,-16.76187426834));
#7883 = CARTESIAN_POINT('',(18.302916048468,-17.60208772347));
#7884 = CARTESIAN_POINT('',(18.115460620203,-18.42887274342));
#7885 = CARTESIAN_POINT('',(17.752521285843,-19.72982830002));
#7886 = CARTESIAN_POINT('',(17.60063464528,-20.21592401681));
#7887 = CARTESIAN_POINT('',(17.432562465473,-20.69248304802));
#7888 = CARTESIAN_POINT('',(17.245573331866,-21.15690657615));
#7889 = CARTESIAN_POINT('',(17.036323790432,-21.60460559723));
#7890 = CARTESIAN_POINT('',(16.800895602381,-22.0290406625));
#7891 = CARTESIAN_POINT('',(16.498953397896,-22.4716120085));
#7892 = CARTESIAN_POINT('',(16.46372039354,-22.52191646765));
#7893 = CARTESIAN_POINT('',(16.427948589434,-22.5716344052));
#7894 = CARTESIAN_POINT('',(16.391628289372,-22.62074121892));
#7895 = CARTESIAN_POINT('',(16.354750093757,-22.66921105827));
#7896 = CARTESIAN_POINT('',(16.3173048996,-22.71701682444));
#7897 = CARTESIAN_POINT('',(16.279283900523,-22.76413017032));
#7898 = ( GEOMETRIC_REPRESENTATION_CONTEXT(2) 
PARAMETRIC_REPRESENTATION_CONTEXT() REPRESENTATION_CONTEXT('2D SPACE',''
  ) );
#7899 = PCURVE('',#7033,#7900);
#7900 = DEFINITIONAL_REPRESENTATION('',(#7901),#7934);
#7901 = B_SPLINE_CURVE_WITH_KNOTS('',7,(#7902,#7903,#7904,#7905,#7906,
    #7907,#7908,#7909,#7910,#7911,#7912,#7913,#7914,#7915,#7916,#7917,
    #7918,#7919,#7920,#7921,#7922,#7923,#7924,#7925,#7926,#7927,#7928,
    #7929,#7930,#7931,#7932,#7933),.UNSPECIFIED.,.F.,.F.,(8,6,6,6,6,8),(
    0.,0.172381676234,0.560570291842,0.820051693446,0.979317361192,1.),
  .UNSPECIFIED.);
#7902 = CARTESIAN_POINT('',(6.,0.967978734259));
#7903 = CARTESIAN_POINT('',(5.976659529346,0.967978734259));
#7904 = CARTESIAN_POINT('',(5.953660375038,0.967978734259));
#7905 = CARTESIAN_POINT('',(5.930943451854,0.967978734259));
#7906 = CARTESIAN_POINT('',(5.908459372062,0.967978734259));
#7907 = CARTESIAN_POINT('',(5.88616578932,0.967978734259));
#7908 = CARTESIAN_POINT('',(5.864024742581,0.967978734259));
#7909 = CARTESIAN_POINT('',(5.792402185903,0.967978734259));
#7910 = CARTESIAN_POINT('',(5.743404551395,0.967978734259));
#7911 = CARTESIAN_POINT('',(5.694586110973,0.967978734259));
#7912 = CARTESIAN_POINT('',(5.645612675228,0.967978734259));
#7913 = CARTESIAN_POINT('',(5.596135161031,0.967978734259));
#7914 = CARTESIAN_POINT('',(5.545786169848,0.967978734259));
#7915 = CARTESIAN_POINT('',(5.459383972132,0.967978734259));
#7916 = CARTESIAN_POINT('',(5.424153736788,0.967978734259));
#7917 = CARTESIAN_POINT('',(5.388113898002,0.967978734259));
#7918 = CARTESIAN_POINT('',(5.351067561597,0.967978734259));
#7919 = CARTESIAN_POINT('',(5.312765649498,0.967978734259));
#7920 = CARTESIAN_POINT('',(5.272928780252,0.967978734259));
#7921 = CARTESIAN_POINT('',(5.205264763704,0.967978734259));
#7922 = CARTESIAN_POINT('',(5.178789959471,0.967978734259));
#7923 = CARTESIAN_POINT('',(5.151409602675,0.967978734259));
#7924 = CARTESIAN_POINT('',(5.122979777988,0.967978734259));
#7925 = CARTESIAN_POINT('',(5.093364295474,0.967978734259));
#7926 = CARTESIAN_POINT('',(5.062433887681,0.967978734259));
#7927 = CARTESIAN_POINT('',(5.025788054051,0.967978734259));
#7928 = CARTESIAN_POINT('',(5.021551679678,0.967978734259));
#7929 = CARTESIAN_POINT('',(5.017290723907,0.967978734259));
#7930 = CARTESIAN_POINT('',(5.013005090125,0.967978734259));
#7931 = CARTESIAN_POINT('',(5.008694738079,0.967978734259));
#7932 = CARTESIAN_POINT('',(5.004359683881,0.967978734259));
#7933 = CARTESIAN_POINT('',(5.,0.967978734259));
#7934 = ( GEOMETRIC_REPRESENTATION_CONTEXT(2) 
PARAMETRIC_REPRESENTATION_CONTEXT() REPRESENTATION_CONTEXT('2D SPACE',''
  ) );
#7935 = ORIENTED_EDGE('',*,*,#7936,.T.);
#7936 = EDGE_CURVE('',#7827,#7937,#7939,.T.);
#7937 = VERTEX_POINT('',#7938);
#7938 = CARTESIAN_POINT('',(0.,-25.72999238659,9.34));
#7939 = SURFACE_CURVE('',#7940,(#7973,#8009),.PCURVE_S1.);
#7940 = B_SPLINE_CURVE_WITH_KNOTS('',7,(#7941,#7942,#7943,#7944,#7945,
    #7946,#7947,#7948,#7949,#7950,#7951,#7952,#7953,#7954,#7955,#7956,
    #7957,#7958,#7959,#7960,#7961,#7962,#7963,#7964,#7965,#7966,#7967,
    #7968,#7969,#7970,#7971,#7972),.UNSPECIFIED.,.F.,.F.,(8,6,6,6,6,8),(
    0.,0.140061926435,0.389514001002,0.703899774431,0.790578874705,1.),
  .UNSPECIFIED.);
#7941 = CARTESIAN_POINT('',(-16.27928390052,-22.6423933002,9.34));
#7942 = CARTESIAN_POINT('',(-16.10868379208,-22.87918588855,9.34));
#7943 = CARTESIAN_POINT('',(-15.90945223356,-23.09873813543,9.34));
#7944 = CARTESIAN_POINT('',(-15.68572583941,-23.30082394814,9.34));
#7945 = CARTESIAN_POINT('',(-15.44195401802,-23.48629904796,9.34));
#7946 = CARTESIAN_POINT('',(-15.18206516758,-23.65645638643,9.34));
#7947 = CARTESIAN_POINT('',(-14.90904509073,-23.81268512584,9.34));
#7948 = CARTESIAN_POINT('',(-14.11891080873,-24.21245030502,9.34));
#7949 = CARTESIAN_POINT('',(-13.57877166982,-24.42832584922,9.34));
#7950 = CARTESIAN_POINT('',(-13.01560517353,-24.61272942757,9.34));
#7951 = CARTESIAN_POINT('',(-12.43650525123,-24.77100236226,9.34));
#7952 = CARTESIAN_POINT('',(-11.84639492333,-24.9075914203,9.34));
#7953 = CARTESIAN_POINT('',(-11.24787342025,-25.02585442111,9.34));
#7954 = CARTESIAN_POINT('',(-9.877636338542,-25.25795067076,9.34));
#7955 = CARTESIAN_POINT('',(-9.10304312286,-25.36233462137,9.34));
#7956 = CARTESIAN_POINT('',(-8.321545258138,-25.44696705547,9.34));
#7957 = CARTESIAN_POINT('',(-7.53558881075,-25.51516362827,9.34));
#7958 = CARTESIAN_POINT('',(-6.747041065682,-25.56961293077,9.34));
#7959 = CARTESIAN_POINT('',(-5.957228612817,-25.61242226229,9.34));
#7960 = CARTESIAN_POINT('',(-4.949350969647,-25.65454542051,9.34));
#7961 = CARTESIAN_POINT('',(-4.731524675458,-25.66290438219,9.34));
#7962 = CARTESIAN_POINT('',(-4.513724378885,-25.67055669549,9.34));
#7963 = CARTESIAN_POINT('',(-4.295977759671,-25.67753939815,9.34));
#7964 = CARTESIAN_POINT('',(-4.078312813643,-25.68388841799,9.34));
#7965 = CARTESIAN_POINT('',(-3.860757852711,-25.68963857291,9.34));
#7966 = CARTESIAN_POINT('',(-3.11805252427,-25.70735079027,9.34));
#7967 = CARTESIAN_POINT('',(-2.593592892719,-25.71657981382,9.34));
#7968 = CARTESIAN_POINT('',(-2.070342871581,-25.72299136426,9.34));
#7969 = CARTESIAN_POINT('',(-1.54875218804,-25.7270481402,9.34));
#7970 = CARTESIAN_POINT('',(-1.029350310095,-25.72921360032,9.34));
#7971 = CARTESIAN_POINT('',(-0.512800836267,-25.72999238659,9.34));
#7972 = CARTESIAN_POINT('',(3.330669073875E-14,-25.72999238659,9.34));
#7973 = PCURVE('',#4171,#7974);
#7974 = DEFINITIONAL_REPRESENTATION('',(#7975),#8008);
#7975 = B_SPLINE_CURVE_WITH_KNOTS('',7,(#7976,#7977,#7978,#7979,#7980,
    #7981,#7982,#7983,#7984,#7985,#7986,#7987,#7988,#7989,#7990,#7991,
    #7992,#7993,#7994,#7995,#7996,#7997,#7998,#7999,#8000,#8001,#8002,
    #8003,#8004,#8005,#8006,#8007),.UNSPECIFIED.,.F.,.F.,(8,6,6,6,6,8),(
    0.,0.140061926435,0.389514001002,0.703899774431,0.790578874705,1.),
  .UNSPECIFIED.);
#7976 = CARTESIAN_POINT('',(16.279283900523,-22.76413017032));
#7977 = CARTESIAN_POINT('',(16.108683792088,-23.00092275867));
#7978 = CARTESIAN_POINT('',(15.909452233561,-23.22047500556));
#7979 = CARTESIAN_POINT('',(15.685725839412,-23.42256081827));
#7980 = CARTESIAN_POINT('',(15.441954018023,-23.60803591808));
#7981 = CARTESIAN_POINT('',(15.182065167584,-23.77819325656));
#7982 = CARTESIAN_POINT('',(14.909045090733,-23.93442199596));
#7983 = CARTESIAN_POINT('',(14.118910808736,-24.33418717515));
#7984 = CARTESIAN_POINT('',(13.578771669822,-24.55006271934));
#7985 = CARTESIAN_POINT('',(13.015605173539,-24.7344662977));
#7986 = CARTESIAN_POINT('',(12.43650525123,-24.89273923238));
#7987 = CARTESIAN_POINT('',(11.84639492333,-25.02932829042));
#7988 = CARTESIAN_POINT('',(11.247873420259,-25.14759129123));
#7989 = CARTESIAN_POINT('',(9.877636338542,-25.37968754088));
#7990 = CARTESIAN_POINT('',(9.10304312286,-25.4840714915));
#7991 = CARTESIAN_POINT('',(8.321545258138,-25.56870392559));
#7992 = CARTESIAN_POINT('',(7.53558881075,-25.63690049839));
#7993 = CARTESIAN_POINT('',(6.747041065682,-25.69134980089));
#7994 = CARTESIAN_POINT('',(5.957228612817,-25.73415913241));
#7995 = CARTESIAN_POINT('',(4.949350969648,-25.77628229063));
#7996 = CARTESIAN_POINT('',(4.731524675458,-25.78464125232));
#7997 = CARTESIAN_POINT('',(4.513724378885,-25.79229356561));
#7998 = CARTESIAN_POINT('',(4.295977759671,-25.79927626827));
#7999 = CARTESIAN_POINT('',(4.078312813643,-25.80562528811));
#8000 = CARTESIAN_POINT('',(3.860757852711,-25.81137544303));
#8001 = CARTESIAN_POINT('',(3.11805252427,-25.82908766039));
#8002 = CARTESIAN_POINT('',(2.593592892719,-25.83831668394));
#8003 = CARTESIAN_POINT('',(2.070342871581,-25.84472823438));
#8004 = CARTESIAN_POINT('',(1.54875218804,-25.84878501032));
#8005 = CARTESIAN_POINT('',(1.029350310095,-25.85095047044));
#8006 = CARTESIAN_POINT('',(0.512800836267,-25.85172925671));
#8007 = CARTESIAN_POINT('',(-3.261772890008E-14,-25.85172925671));
#8008 = ( GEOMETRIC_REPRESENTATION_CONTEXT(2) 
PARAMETRIC_REPRESENTATION_CONTEXT() REPRESENTATION_CONTEXT('2D SPACE',''
  ) );
#8009 = PCURVE('',#5117,#8010);
#8010 = DEFINITIONAL_REPRESENTATION('',(#8011),#8044);
#8011 = B_SPLINE_CURVE_WITH_KNOTS('',7,(#8012,#8013,#8014,#8015,#8016,
    #8017,#8018,#8019,#8020,#8021,#8022,#8023,#8024,#8025,#8026,#8027,
    #8028,#8029,#8030,#8031,#8032,#8033,#8034,#8035,#8036,#8037,#8038,
    #8039,#8040,#8041,#8042,#8043),.UNSPECIFIED.,.F.,.F.,(8,6,6,6,6,8),(
    0.,0.140061926435,0.389514001002,0.703899774431,0.790578874705,1.),
  .UNSPECIFIED.);
#8012 = CARTESIAN_POINT('',(5.,0.967978734259));
#8013 = CARTESIAN_POINT('',(4.973324697565,0.967978734259));
#8014 = CARTESIAN_POINT('',(4.947003236043,0.967978734259));
#8015 = CARTESIAN_POINT('',(4.921194556207,0.967978734259));
#8016 = CARTESIAN_POINT('',(4.895980795112,0.967978734259));
#8017 = CARTESIAN_POINT('',(4.871391396957,0.967978734259));
#8018 = CARTESIAN_POINT('',(4.847415128643,0.967978734259));
#8019 = CARTESIAN_POINT('',(4.782297357713,0.967978734259));
#8020 = CARTESIAN_POINT('',(4.742464197621,0.967978734259));
#8021 = CARTESIAN_POINT('',(4.704151799011,0.967978734259));
#8022 = CARTESIAN_POINT('',(4.667156804955,0.967978734259));
#8023 = CARTESIAN_POINT('',(4.631273741461,0.967978734259));
#8024 = CARTESIAN_POINT('',(4.596299813828,0.967978734259));
#8025 = CARTESIAN_POINT('',(4.518771762602,0.967978734259));
#8026 = CARTESIAN_POINT('',(4.476707955924,0.967978734259));
#8027 = CARTESIAN_POINT('',(4.435455478178,0.967978734259));
#8028 = CARTESIAN_POINT('',(4.394775559919,0.967978734259));
#8029 = CARTESIAN_POINT('',(4.354448890895,0.967978734259));
#8030 = CARTESIAN_POINT('',(4.31426817128,0.967978734259));
#8031 = CARTESIAN_POINT('',(4.262897688282,0.967978734259));
#8032 = CARTESIAN_POINT('',(4.251789563335,0.967978734259));
#8033 = CARTESIAN_POINT('',(4.24067112688,0.967978734259));
#8034 = CARTESIAN_POINT('',(4.229537757768,0.967978734259));
#8035 = CARTESIAN_POINT('',(4.218384711986,0.967978734259));
#8036 = CARTESIAN_POINT('',(4.207207122647,0.967978734259));
#8037 = CARTESIAN_POINT('',(4.168923020327,0.967978734259));
#8038 = CARTESIAN_POINT('',(4.141674391581,0.967978734259));
#8039 = CARTESIAN_POINT('',(4.114181880132,0.967978734259));
#8040 = CARTESIAN_POINT('',(4.086366695935,0.967978734259));
#8041 = CARTESIAN_POINT('',(4.058141475996,0.967978734259));
#8042 = CARTESIAN_POINT('',(4.029400194552,0.967978734259));
#8043 = CARTESIAN_POINT('',(4.,0.967978734259));
#8044 = ( GEOMETRIC_REPRESENTATION_CONTEXT(2) 
PARAMETRIC_REPRESENTATION_CONTEXT() REPRESENTATION_CONTEXT('2D SPACE',''
  ) );
#8045 = ORIENTED_EDGE('',*,*,#8046,.T.);
#8046 = EDGE_CURVE('',#7937,#8047,#8049,.T.);
#8047 = VERTEX_POINT('',#8048);
#8048 = CARTESIAN_POINT('',(16.279283900523,-22.6423933002,9.34));
#8049 = SURFACE_CURVE('',#8050,(#8077,#8107),.PCURVE_S1.);
#8050 = B_SPLINE_CURVE_WITH_KNOTS('',7,(#8051,#8052,#8053,#8054,#8055,
    #8056,#8057,#8058,#8059,#8060,#8061,#8062,#8063,#8064,#8065,#8066,
    #8067,#8068,#8069,#8070,#8071,#8072,#8073,#8074,#8075,#8076),
  .UNSPECIFIED.,.F.,.F.,(8,6,6,6,8),(0.,0.209417408941,0.574858520969,
    0.833066985527,1.),.UNSPECIFIED.);
#8051 = CARTESIAN_POINT('',(1.179119208493E-14,-25.72999238659,9.34));
#8052 = CARTESIAN_POINT('',(0.512800854559,-25.72999238659,9.34));
#8053 = CARTESIAN_POINT('',(1.029350307676,-25.72921359918,9.34));
#8054 = CARTESIAN_POINT('',(1.548752170895,-25.72704814155,9.34));
#8055 = CARTESIAN_POINT('',(2.070342860565,-25.7229913654,9.34));
#8056 = CARTESIAN_POINT('',(2.593592907973,-25.71657981203,9.34));
#8057 = CARTESIAN_POINT('',(3.118052564938,-25.7073507893,9.34));
#8058 = CARTESIAN_POINT('',(4.559990103086,-25.67296311209,9.34));
#8059 = CARTESIAN_POINT('',(5.478807493148,-25.64106853923,9.34));
#8060 = CARTESIAN_POINT('',(6.398036032599,-25.59657317,9.34));
#8061 = CARTESIAN_POINT('',(7.315861451433,-25.53675750337,9.34));
#8062 = CARTESIAN_POINT('',(8.229874983938,-25.45813881657,9.34));
#8063 = CARTESIAN_POINT('',(9.137066325674,-25.35649418478,9.34));
#8064 = CARTESIAN_POINT('',(10.665728892247,-25.13161021676,9.34));
#8065 = CARTESIAN_POINT('',(11.291991316449,-25.02359900225,9.34));
#8066 = CARTESIAN_POINT('',(11.910903905563,-24.89809925902,9.34));
#8067 = CARTESIAN_POINT('',(12.520168798097,-24.7519492617,9.34));
#8068 = CARTESIAN_POINT('',(13.115458005578,-24.5808968629,9.34));
#8069 = CARTESIAN_POINT('',(13.69056725987,-24.3798062634,9.34));
#8070 = CARTESIAN_POINT('',(14.587935862905,-23.98502530448,9.34));
#8071 = CARTESIAN_POINT('',(14.927161440863,-23.81408583817,9.34));
#8072 = CARTESIAN_POINT('',(15.250799099481,-23.62490573186,9.34));
#8073 = CARTESIAN_POINT('',(15.554423368869,-23.41506188581,9.34));
#8074 = CARTESIAN_POINT('',(15.831963794472,-23.18229274681,9.34));
#8075 = CARTESIAN_POINT('',(16.075895700297,-22.92469569036,9.34));
#8076 = CARTESIAN_POINT('',(16.279283900523,-22.6423933002,9.34));
#8077 = PCURVE('',#4171,#8078);
#8078 = DEFINITIONAL_REPRESENTATION('',(#8079),#8106);
#8079 = B_SPLINE_CURVE_WITH_KNOTS('',7,(#8080,#8081,#8082,#8083,#8084,
    #8085,#8086,#8087,#8088,#8089,#8090,#8091,#8092,#8093,#8094,#8095,
    #8096,#8097,#8098,#8099,#8100,#8101,#8102,#8103,#8104,#8105),
  .UNSPECIFIED.,.F.,.F.,(8,6,6,6,8),(0.,0.209417408941,0.574858520969,
    0.833066985527,1.),.UNSPECIFIED.);
#8080 = CARTESIAN_POINT('',(-1.110223024625E-14,-25.85172925671));
#8081 = CARTESIAN_POINT('',(-0.512800854559,-25.85172925671));
#8082 = CARTESIAN_POINT('',(-1.029350307676,-25.85095046931));
#8083 = CARTESIAN_POINT('',(-1.548752170895,-25.84878501167));
#8084 = CARTESIAN_POINT('',(-2.070342860565,-25.84472823553));
#8085 = CARTESIAN_POINT('',(-2.593592907973,-25.83831668215));
#8086 = CARTESIAN_POINT('',(-3.118052564938,-25.82908765942));
#8087 = CARTESIAN_POINT('',(-4.559990103086,-25.79469998221));
#8088 = CARTESIAN_POINT('',(-5.478807493148,-25.76280540936));
#8089 = CARTESIAN_POINT('',(-6.398036032599,-25.71831004012));
#8090 = CARTESIAN_POINT('',(-7.315861451433,-25.65849437349));
#8091 = CARTESIAN_POINT('',(-8.229874983938,-25.5798756867));
#8092 = CARTESIAN_POINT('',(-9.137066325674,-25.4782310549));
#8093 = CARTESIAN_POINT('',(-10.66572889224,-25.25334708688));
#8094 = CARTESIAN_POINT('',(-11.29199131644,-25.14533587237));
#8095 = CARTESIAN_POINT('',(-11.91090390556,-25.01983612914));
#8096 = CARTESIAN_POINT('',(-12.52016879809,-24.87368613183));
#8097 = CARTESIAN_POINT('',(-13.11545800557,-24.70263373302));
#8098 = CARTESIAN_POINT('',(-13.69056725987,-24.50154313352));
#8099 = CARTESIAN_POINT('',(-14.5879358629,-24.1067621746));
#8100 = CARTESIAN_POINT('',(-14.92716144086,-23.93582270829));
#8101 = CARTESIAN_POINT('',(-15.25079909948,-23.74664260198));
#8102 = CARTESIAN_POINT('',(-15.55442336886,-23.53679875593));
#8103 = CARTESIAN_POINT('',(-15.83196379447,-23.30402961693));
#8104 = CARTESIAN_POINT('',(-16.07589570029,-23.04643256048));
#8105 = CARTESIAN_POINT('',(-16.27928390052,-22.76413017032));
#8106 = ( GEOMETRIC_REPRESENTATION_CONTEXT(2) 
PARAMETRIC_REPRESENTATION_CONTEXT() REPRESENTATION_CONTEXT('2D SPACE',''
  ) );
#8107 = PCURVE('',#4738,#8108);
#8108 = DEFINITIONAL_REPRESENTATION('',(#8109),#8136);
#8109 = B_SPLINE_CURVE_WITH_KNOTS('',7,(#8110,#8111,#8112,#8113,#8114,
    #8115,#8116,#8117,#8118,#8119,#8120,#8121,#8122,#8123,#8124,#8125,
    #8126,#8127,#8128,#8129,#8130,#8131,#8132,#8133,#8134,#8135),
  .UNSPECIFIED.,.F.,.F.,(8,6,6,6,8),(0.,0.209417408941,0.574858520969,
    0.833066985527,1.),.UNSPECIFIED.);
#8110 = CARTESIAN_POINT('',(4.,0.967978734259));
#8111 = CARTESIAN_POINT('',(3.970599804399,0.967978734259));
#8112 = CARTESIAN_POINT('',(3.941858523803,0.967978734259));
#8113 = CARTESIAN_POINT('',(3.913633305491,0.967978734259));
#8114 = CARTESIAN_POINT('',(3.885818120724,0.967978734259));
#8115 = CARTESIAN_POINT('',(3.858325606917,0.967978734259));
#8116 = CARTESIAN_POINT('',(3.831076977577,0.967978734259));
#8117 = CARTESIAN_POINT('',(3.756749674223,0.967978734259));
#8118 = CARTESIAN_POINT('',(3.710040247917,0.967978734259));
#8119 = CARTESIAN_POINT('',(3.663470022483,0.967978734259));
#8120 = CARTESIAN_POINT('',(3.616724386564,0.967978734259));
#8121 = CARTESIAN_POINT('',(3.569481561297,0.967978734259));
#8122 = CARTESIAN_POINT('',(3.521407984948,0.967978734259));
#8123 = CARTESIAN_POINT('',(3.437089970694,0.967978734259));
#8124 = CARTESIAN_POINT('',(3.401565596106,0.967978734259));
#8125 = CARTESIAN_POINT('',(3.365201021469,0.967978734259));
#8126 = CARTESIAN_POINT('',(3.327795295208,0.967978734259));
#8127 = CARTESIAN_POINT('',(3.28913467855,0.967978734259));
#8128 = CARTESIAN_POINT('',(3.248999140171,0.967978734259));
#8129 = CARTESIAN_POINT('',(3.179847353839,0.967978734259));
#8130 = CARTESIAN_POINT('',(3.151957884308,0.967978734259));
#8131 = CARTESIAN_POINT('',(3.123219161628,0.967978734259));
#8132 = CARTESIAN_POINT('',(3.09358440142,0.967978734259));
#8133 = CARTESIAN_POINT('',(3.06307840431,0.967978734259));
#8134 = CARTESIAN_POINT('',(3.03180210026,0.967978734259));
#8135 = CARTESIAN_POINT('',(3.,0.967978734259));
#8136 = ( GEOMETRIC_REPRESENTATION_CONTEXT(2) 
PARAMETRIC_REPRESENTATION_CONTEXT() REPRESENTATION_CONTEXT('2D SPACE',''
  ) );
#8137 = ORIENTED_EDGE('',*,*,#8138,.T.);
#8138 = EDGE_CURVE('',#8047,#7493,#8139,.T.);
#8139 = SURFACE_CURVE('',#8140,(#8173,#8209),.PCURVE_S1.);
#8140 = B_SPLINE_CURVE_WITH_KNOTS('',7,(#8141,#8142,#8143,#8144,#8145,
    #8146,#8147,#8148,#8149,#8150,#8151,#8152,#8153,#8154,#8155,#8156,
    #8157,#8158,#8159,#8160,#8161,#8162,#8163,#8164,#8165,#8166,#8167,
    #8168,#8169,#8170,#8171,#8172),.UNSPECIFIED.,.F.,.F.,(8,6,6,6,6,8),(
    0.,9.921754574108E-02,0.317955209412,0.625818190758,0.826495286546,
    1.),.UNSPECIFIED.);
#8141 = CARTESIAN_POINT('',(16.279283900523,-22.6423933002,9.34));
#8142 = CARTESIAN_POINT('',(16.461671702657,-22.41638925465,9.34));
#8143 = CARTESIAN_POINT('',(16.630714781603,-22.17456752804,9.34));
#8144 = CARTESIAN_POINT('',(16.787570246236,-21.9198794569,9.34));
#8145 = CARTESIAN_POINT('',(16.93335098627,-21.65477231302,9.34));
#8146 = CARTESIAN_POINT('',(17.069114635398,-21.38118026296,9.34));
#8147 = CARTESIAN_POINT('',(17.195852534444,-21.10051532763,9.34));
#8148 = CARTESIAN_POINT('',(17.576005110109,-20.18124573365,9.34));
#8149 = CARTESIAN_POINT('',(17.797564149542,-19.52008436494,9.34));
#8150 = CARTESIAN_POINT('',(17.989114362617,-18.84014421894,9.34));
#8151 = CARTESIAN_POINT('',(18.155838473659,-18.14717527266,9.34));
#8152 = CARTESIAN_POINT('',(18.302124966726,-17.44519309811,9.34));
#8153 = CARTESIAN_POINT('',(18.431067921268,-16.73612173408,9.34));
#8154 = CARTESIAN_POINT('',(18.705920895501,-15.01291901757,9.34));
#8155 = CARTESIAN_POINT('',(18.837018219323,-13.9941610644,9.34));
#8156 = CARTESIAN_POINT('',(18.945336215842,-12.96795208885,9.34));
#8157 = CARTESIAN_POINT('',(19.034774930604,-11.93668356789,9.34));
#8158 = CARTESIAN_POINT('',(19.108478518736,-10.90208518197,9.34));
#8159 = CARTESIAN_POINT('',(19.168778329846,-9.865201293437,9.34));
#8160 = CARTESIAN_POINT('',(19.249499281056,-8.149596013782,9.34));
#8161 = CARTESIAN_POINT('',(19.27648892702,-7.471991178753,9.34));
#8162 = CARTESIAN_POINT('',(19.299152971946,-6.794038202269,9.34));
#8163 = CARTESIAN_POINT('',(19.317959018157,-6.115969264709,9.34));
#8164 = CARTESIAN_POINT('',(19.333324398727,-5.438004397619,9.34));
#8165 = CARTESIAN_POINT('',(19.34563668614,-4.760361777788,9.34));
#8166 = CARTESIAN_POINT('',(19.363606762477,-3.497855133345,9.34));
#8167 = CARTESIAN_POINT('',(19.369939178598,-2.912859496075,9.34));
#8168 = CARTESIAN_POINT('',(19.374516243847,-2.328428993132,9.34));
#8169 = CARTESIAN_POINT('',(19.377573902003,-1.744724603888,9.34));
#8170 = CARTESIAN_POINT('',(19.379350806622,-1.161931148783,9.34));
#8171 = CARTESIAN_POINT('',(19.380099881575,-0.580268034644,9.34));
#8172 = CARTESIAN_POINT('',(19.380099881575,2.449429548079E-14,9.34));
#8173 = PCURVE('',#4171,#8174);
#8174 = DEFINITIONAL_REPRESENTATION('',(#8175),#8208);
#8175 = B_SPLINE_CURVE_WITH_KNOTS('',7,(#8176,#8177,#8178,#8179,#8180,
    #8181,#8182,#8183,#8184,#8185,#8186,#8187,#8188,#8189,#8190,#8191,
    #8192,#8193,#8194,#8195,#8196,#8197,#8198,#8199,#8200,#8201,#8202,
    #8203,#8204,#8205,#8206,#8207),.UNSPECIFIED.,.F.,.F.,(8,6,6,6,6,8),(
    0.,9.921754574108E-02,0.317955209412,0.625818190758,0.826495286546,
    1.),.UNSPECIFIED.);
#8176 = CARTESIAN_POINT('',(-16.27928390052,-22.76413017032));
#8177 = CARTESIAN_POINT('',(-16.46167170265,-22.53812612478));
#8178 = CARTESIAN_POINT('',(-16.6307147816,-22.29630439816));
#8179 = CARTESIAN_POINT('',(-16.78757024623,-22.04161632702));
#8180 = CARTESIAN_POINT('',(-16.93335098627,-21.77650918314));
#8181 = CARTESIAN_POINT('',(-17.06911463539,-21.50291713308));
#8182 = CARTESIAN_POINT('',(-17.19585253444,-21.22225219775));
#8183 = CARTESIAN_POINT('',(-17.5760051101,-20.30298260377));
#8184 = CARTESIAN_POINT('',(-17.79756414954,-19.64182123506));
#8185 = CARTESIAN_POINT('',(-17.98911436261,-18.96188108907));
#8186 = CARTESIAN_POINT('',(-18.15583847365,-18.26891214278));
#8187 = CARTESIAN_POINT('',(-18.30212496672,-17.56692996823));
#8188 = CARTESIAN_POINT('',(-18.43106792126,-16.8578586042));
#8189 = CARTESIAN_POINT('',(-18.7059208955,-15.13465588769));
#8190 = CARTESIAN_POINT('',(-18.83701821932,-14.11589793452));
#8191 = CARTESIAN_POINT('',(-18.94533621584,-13.08968895897));
#8192 = CARTESIAN_POINT('',(-19.0347749306,-12.05842043801));
#8193 = CARTESIAN_POINT('',(-19.10847851873,-11.02382205209));
#8194 = CARTESIAN_POINT('',(-19.16877832984,-9.986938163559));
#8195 = CARTESIAN_POINT('',(-19.24949928105,-8.271332883904));
#8196 = CARTESIAN_POINT('',(-19.27648892702,-7.593728048875));
#8197 = CARTESIAN_POINT('',(-19.29915297194,-6.915775072391));
#8198 = CARTESIAN_POINT('',(-19.31795901815,-6.237706134831));
#8199 = CARTESIAN_POINT('',(-19.33332439872,-5.559741267741));
#8200 = CARTESIAN_POINT('',(-19.34563668614,-4.88209864791));
#8201 = CARTESIAN_POINT('',(-19.36360676247,-3.619592003467));
#8202 = CARTESIAN_POINT('',(-19.36993917859,-3.034596366197));
#8203 = CARTESIAN_POINT('',(-19.37451624384,-2.450165863254));
#8204 = CARTESIAN_POINT('',(-19.377573902,-1.86646147401));
#8205 = CARTESIAN_POINT('',(-19.37935080662,-1.283668018905));
#8206 = CARTESIAN_POINT('',(-19.38009988157,-0.702004904766));
#8207 = CARTESIAN_POINT('',(-19.38009988157,-0.121736870122));
#8208 = ( GEOMETRIC_REPRESENTATION_CONTEXT(2) 
PARAMETRIC_REPRESENTATION_CONTEXT() REPRESENTATION_CONTEXT('2D SPACE',''
  ) );
#8209 = PCURVE('',#7390,#8210);
#8210 = DEFINITIONAL_REPRESENTATION('',(#8211),#8244);
#8211 = B_SPLINE_CURVE_WITH_KNOTS('',7,(#8212,#8213,#8214,#8215,#8216,
    #8217,#8218,#8219,#8220,#8221,#8222,#8223,#8224,#8225,#8226,#8227,
    #8228,#8229,#8230,#8231,#8232,#8233,#8234,#8235,#8236,#8237,#8238,
    #8239,#8240,#8241,#8242,#8243),.UNSPECIFIED.,.F.,.F.,(8,6,6,6,6,8),(
    0.,9.921754574108E-02,0.317955209412,0.625818190758,0.826495286546,
    1.),.UNSPECIFIED.);
#8212 = CARTESIAN_POINT('',(3.,0.967978734259));
#8213 = CARTESIAN_POINT('',(2.979086473783,0.967978734259));
#8214 = CARTESIAN_POINT('',(2.958750530253,0.967978734259));
#8215 = CARTESIAN_POINT('',(2.938980427592,0.967978734259));
#8216 = CARTESIAN_POINT('',(2.919755129406,0.967978734259));
#8217 = CARTESIAN_POINT('',(2.901044386672,0.967978734259));
#8218 = CARTESIAN_POINT('',(2.882808819684,0.967978734259));
#8219 = CARTESIAN_POINT('',(2.825738198255,0.967978734259));
#8220 = CARTESIAN_POINT('',(2.788632896622,0.967978734259));
#8221 = CARTESIAN_POINT('',(2.753168896771,0.967978734259));
#8222 = CARTESIAN_POINT('',(2.719094870752,0.967978734259));
#8223 = CARTESIAN_POINT('',(2.686173924852,0.967978734259));
#8224 = CARTESIAN_POINT('',(2.654210371542,0.967978734259));
#8225 = CARTESIAN_POINT('',(2.579072868886,0.967978734259));
#8226 = CARTESIAN_POINT('',(2.536723497649,0.967978734259));
#8227 = CARTESIAN_POINT('',(2.495500709841,0.967978734259));
#8228 = CARTESIAN_POINT('',(2.455136700814,0.967978734259));
#8229 = CARTESIAN_POINT('',(2.415397945415,0.967978734259));
#8230 = CARTESIAN_POINT('',(2.376086127641,0.967978734259));
#8231 = CARTESIAN_POINT('',(2.311522137913,0.967978734259));
#8232 = CARTESIAN_POINT('',(2.286145062518,0.967978734259));
#8233 = CARTESIAN_POINT('',(2.26081693753,0.967978734259));
#8234 = CARTESIAN_POINT('',(2.235488702802,0.967978734259));
#8235 = CARTESIAN_POINT('',(2.210111484765,0.967978734259));
#8236 = CARTESIAN_POINT('',(2.184634006864,0.967978734259));
#8237 = CARTESIAN_POINT('',(2.136836927537,0.967978734259));
#8238 = CARTESIAN_POINT('',(2.114557210247,0.967978734259));
#8239 = CARTESIAN_POINT('',(2.092123972046,0.967978734259));
#8240 = CARTESIAN_POINT('',(2.069498597774,0.967978734259));
#8241 = CARTESIAN_POINT('',(2.046637998875,0.967978734259));
#8242 = CARTESIAN_POINT('',(2.023491879062,0.967978734259));
#8243 = CARTESIAN_POINT('',(2.,0.967978734259));
#8244 = ( GEOMETRIC_REPRESENTATION_CONTEXT(2) 
PARAMETRIC_REPRESENTATION_CONTEXT() REPRESENTATION_CONTEXT('2D SPACE',''
  ) );
#8245 = ADVANCED_FACE('',(#8246,#8338),#4738,.T.);
#8246 = FACE_BOUND('',#8247,.T.);
#8247 = EDGE_LOOP('',(#8248,#8277,#8278,#8307,#8308,#8337));
#8248 = ORIENTED_EDGE('',*,*,#8249,.F.);
#8249 = EDGE_CURVE('',#7227,#8047,#8250,.T.);
#8250 = SURFACE_CURVE('',#8251,(#8265,#8271),.PCURVE_S1.);
#8251 = ( BOUNDED_CURVE() B_SPLINE_CURVE(7,(#8252,#8253,#8254,#8255,
    #8256,#8257,#8258,#8259,#8260,#8261,#8262,#8263,#8264),
.UNSPECIFIED.,.F.,.F.) B_SPLINE_CURVE_WITH_KNOTS((8,5,8),(0.,
0.572316345514,1.),.UNSPECIFIED.) CURVE() GEOMETRIC_REPRESENTATION_ITEM(
) RATIONAL_B_SPLINE_CURVE((1.,0.999999999999,1.000000000006,
    0.99999999998,1.000000000034,0.999999999978,1.000000000013,
    0.999999999992,1.000000000011,0.999999999992,1.000000000003,1.,1.)) 
REPRESENTATION_ITEM('') );
#8252 = CARTESIAN_POINT('',(15.918,-21.956,-10.5));
#8253 = CARTESIAN_POINT('',(15.439064119478,-21.158423684,
    -8.628241502707));
#8254 = CARTESIAN_POINT('',(19.847087659012,-28.64053484066,
    -8.733290855657));
#8255 = CARTESIAN_POINT('',(7.05293200111,-5.316636773755,
    -1.056708587136));
#8256 = CARTESIAN_POINT('',(30.554384416398,-49.30522596563,
    -10.82247277985));
#8257 = CARTESIAN_POINT('',(8.657891172698,-7.338611237469,
    2.067695186229));
#8258 = CARTESIAN_POINT('',(19.165575275398,-28.55785012219,
    -1.342188414743));
#8259 = CARTESIAN_POINT('',(17.170191375703,-22.93858155634,
    4.51492883963));
#8260 = CARTESIAN_POINT('',(14.025528249214,-20.01098123742,
    4.188245497625));
#8261 = CARTESIAN_POINT('',(18.238025121474,-24.85122071318,
    6.661938916007));
#8262 = CARTESIAN_POINT('',(16.077496538183,-22.39728096344,
    7.392451929016));
#8263 = CARTESIAN_POINT('',(16.277544062019,-22.64424965019,
    8.74983766954));
#8264 = CARTESIAN_POINT('',(16.275,-22.638,10.));
#8265 = PCURVE('',#4738,#8266);
#8266 = DEFINITIONAL_REPRESENTATION('',(#8267),#8270);
#8267 = B_SPLINE_CURVE_WITH_KNOTS('',1,(#8268,#8269),.UNSPECIFIED.,.F.,
  .F.,(2,2),(2.720806856768E-02,0.967978734259),
  .PIECEWISE_BEZIER_KNOTS.);
#8268 = CARTESIAN_POINT('',(3.,2.720806856768E-02));
#8269 = CARTESIAN_POINT('',(3.,0.967978734259));
#8270 = ( GEOMETRIC_REPRESENTATION_CONTEXT(2) 
PARAMETRIC_REPRESENTATION_CONTEXT() REPRESENTATION_CONTEXT('2D SPACE',''
  ) );
#8271 = PCURVE('',#7390,#8272);
#8272 = DEFINITIONAL_REPRESENTATION('',(#8273),#8276);
#8273 = B_SPLINE_CURVE_WITH_KNOTS('',1,(#8274,#8275),.UNSPECIFIED.,.F.,
  .F.,(2,2),(2.720806856768E-02,0.967978734259),
  .PIECEWISE_BEZIER_KNOTS.);
#8274 = CARTESIAN_POINT('',(3.,2.720806856768E-02));
#8275 = CARTESIAN_POINT('',(3.,0.967978734259));
#8276 = ( GEOMETRIC_REPRESENTATION_CONTEXT(2) 
PARAMETRIC_REPRESENTATION_CONTEXT() REPRESENTATION_CONTEXT('2D SPACE',''
  ) );
#8277 = ORIENTED_EDGE('',*,*,#7226,.F.);
#8278 = ORIENTED_EDGE('',*,*,#8279,.T.);
#8279 = EDGE_CURVE('',#7117,#4543,#8280,.T.);
#8280 = SURFACE_CURVE('',#8281,(#8295,#8301),.PCURVE_S1.);
#8281 = ( BOUNDED_CURVE() B_SPLINE_CURVE(7,(#8282,#8283,#8284,#8285,
    #8286,#8287,#8288,#8289,#8290,#8291,#8292,#8293,#8294),
.UNSPECIFIED.,.F.,.F.) B_SPLINE_CURVE_WITH_KNOTS((8,5,8),(0.,
0.572316345514,1.),.UNSPECIFIED.) CURVE() GEOMETRIC_REPRESENTATION_ITEM(
) RATIONAL_B_SPLINE_CURVE((1.,0.999999999999,1.000000000006,
    0.99999999998,1.000000000034,0.999999999978,1.000000000013,
    0.999999999992,1.000000000011,0.999999999992,1.000000000003,1.,1.)) 
REPRESENTATION_ITEM('') );
#8282 = CARTESIAN_POINT('',(0.,-24.95,-10.5));
#8283 = CARTESIAN_POINT('',(0.,-24.04366327729,-8.628241502707));
#8284 = CARTESIAN_POINT('',(0.,-32.54606231877,-8.733290855657));
#8285 = CARTESIAN_POINT('',(0.,-6.041632698024,-1.056708587136));
#8286 = CARTESIAN_POINT('',(0.,-56.02866586908,-10.82247277985));
#8287 = CARTESIAN_POINT('',(0.,-8.339330952262,2.067695186229));
#8288 = CARTESIAN_POINT('',(0.,-32.45210241129,-1.342188414743));
#8289 = CARTESIAN_POINT('',(0.,-26.0665699505,4.51492883963));
#8290 = CARTESIAN_POINT('',(0.,-22.73975140605,4.188245497625));
#8291 = CARTESIAN_POINT('',(0.,-28.24002353777,6.661938916007));
#8292 = CARTESIAN_POINT('',(0.,-25.45145564025,7.392451929016));
#8293 = CARTESIAN_POINT('',(0.,-25.73210187521,8.74983766954));
#8294 = CARTESIAN_POINT('',(0.,-25.725,10.));
#8295 = PCURVE('',#4738,#8296);
#8296 = DEFINITIONAL_REPRESENTATION('',(#8297),#8300);
#8297 = B_SPLINE_CURVE_WITH_KNOTS('',1,(#8298,#8299),.UNSPECIFIED.,.F.,
  .F.,(2,2),(2.720806856768E-02,0.34650649385),
  .PIECEWISE_BEZIER_KNOTS.);
#8298 = CARTESIAN_POINT('',(4.,2.720806856768E-02));
#8299 = CARTESIAN_POINT('',(4.,0.34650649385));
#8300 = ( GEOMETRIC_REPRESENTATION_CONTEXT(2) 
PARAMETRIC_REPRESENTATION_CONTEXT() REPRESENTATION_CONTEXT('2D SPACE',''
  ) );
#8301 = PCURVE('',#5117,#8302);
#8302 = DEFINITIONAL_REPRESENTATION('',(#8303),#8306);
#8303 = B_SPLINE_CURVE_WITH_KNOTS('',1,(#8304,#8305),.UNSPECIFIED.,.F.,
  .F.,(2,2),(2.720806856768E-02,0.34650649385),
  .PIECEWISE_BEZIER_KNOTS.);
#8304 = CARTESIAN_POINT('',(4.,2.720806856768E-02));
#8305 = CARTESIAN_POINT('',(4.,0.34650649385));
#8306 = ( GEOMETRIC_REPRESENTATION_CONTEXT(2) 
PARAMETRIC_REPRESENTATION_CONTEXT() REPRESENTATION_CONTEXT('2D SPACE',''
  ) );
#8307 = ORIENTED_EDGE('',*,*,#4542,.T.);
#8308 = ORIENTED_EDGE('',*,*,#8309,.T.);
#8309 = EDGE_CURVE('',#4545,#7937,#8310,.T.);
#8310 = SURFACE_CURVE('',#8311,(#8325,#8331),.PCURVE_S1.);
#8311 = ( BOUNDED_CURVE() B_SPLINE_CURVE(7,(#8312,#8313,#8314,#8315,
    #8316,#8317,#8318,#8319,#8320,#8321,#8322,#8323,#8324),
.UNSPECIFIED.,.F.,.F.) B_SPLINE_CURVE_WITH_KNOTS((8,5,8),(0.,
0.572316345514,1.),.UNSPECIFIED.) CURVE() GEOMETRIC_REPRESENTATION_ITEM(
) RATIONAL_B_SPLINE_CURVE((1.,0.999999999999,1.000000000006,
    0.99999999998,1.000000000034,0.999999999978,1.000000000013,
    0.999999999992,1.000000000011,0.999999999992,1.000000000003,1.,1.)) 
REPRESENTATION_ITEM('') );
#8312 = CARTESIAN_POINT('',(0.,-24.95,-10.5));
#8313 = CARTESIAN_POINT('',(0.,-24.04366327729,-8.628241502707));
#8314 = CARTESIAN_POINT('',(0.,-32.54606231877,-8.733290855657));
#8315 = CARTESIAN_POINT('',(0.,-6.041632698024,-1.056708587136));
#8316 = CARTESIAN_POINT('',(0.,-56.02866586908,-10.82247277985));
#8317 = CARTESIAN_POINT('',(0.,-8.339330952262,2.067695186229));
#8318 = CARTESIAN_POINT('',(0.,-32.45210241129,-1.342188414743));
#8319 = CARTESIAN_POINT('',(0.,-26.0665699505,4.51492883963));
#8320 = CARTESIAN_POINT('',(0.,-22.73975140605,4.188245497625));
#8321 = CARTESIAN_POINT('',(0.,-28.24002353777,6.661938916007));
#8322 = CARTESIAN_POINT('',(0.,-25.45145564025,7.392451929016));
#8323 = CARTESIAN_POINT('',(0.,-25.73210187521,8.74983766954));
#8324 = CARTESIAN_POINT('',(0.,-25.725,10.));
#8325 = PCURVE('',#4738,#8326);
#8326 = DEFINITIONAL_REPRESENTATION('',(#8327),#8330);
#8327 = B_SPLINE_CURVE_WITH_KNOTS('',1,(#8328,#8329),.UNSPECIFIED.,.F.,
  .F.,(2,2),(0.657007565364,0.967978734259),.PIECEWISE_BEZIER_KNOTS.);
#8328 = CARTESIAN_POINT('',(4.,0.657007565364));
#8329 = CARTESIAN_POINT('',(4.,0.967978734259));
#8330 = ( GEOMETRIC_REPRESENTATION_CONTEXT(2) 
PARAMETRIC_REPRESENTATION_CONTEXT() REPRESENTATION_CONTEXT('2D SPACE',''
  ) );
#8331 = PCURVE('',#5117,#8332);
#8332 = DEFINITIONAL_REPRESENTATION('',(#8333),#8336);
#8333 = B_SPLINE_CURVE_WITH_KNOTS('',1,(#8334,#8335),.UNSPECIFIED.,.F.,
  .F.,(2,2),(0.657007565364,0.967978734259),.PIECEWISE_BEZIER_KNOTS.);
#8334 = CARTESIAN_POINT('',(4.,0.657007565364));
#8335 = CARTESIAN_POINT('',(4.,0.967978734259));
#8336 = ( GEOMETRIC_REPRESENTATION_CONTEXT(2) 
PARAMETRIC_REPRESENTATION_CONTEXT() REPRESENTATION_CONTEXT('2D SPACE',''
  ) );
#8337 = ORIENTED_EDGE('',*,*,#8046,.T.);
#8338 = FACE_BOUND('',#8339,.T.);
#8339 = EDGE_LOOP('',(#8340,#8341,#8342,#8654));
#8340 = ORIENTED_EDGE('',*,*,#5499,.T.);
#8341 = ORIENTED_EDGE('',*,*,#5807,.T.);
#8342 = ORIENTED_EDGE('',*,*,#8343,.F.);
#8343 = EDGE_CURVE('',#5278,#5280,#8344,.T.);
#8344 = SURFACE_CURVE('',#8345,(#8446,#8550),.PCURVE_S1.);
#8345 = B_SPLINE_CURVE_WITH_KNOTS('',8,(#8346,#8347,#8348,#8349,#8350,
    #8351,#8352,#8353,#8354,#8355,#8356,#8357,#8358,#8359,#8360,#8361,
    #8362,#8363,#8364,#8365,#8366,#8367,#8368,#8369,#8370,#8371,#8372,
    #8373,#8374,#8375,#8376,#8377,#8378,#8379,#8380,#8381,#8382,#8383,
    #8384,#8385,#8386,#8387,#8388,#8389,#8390,#8391,#8392,#8393,#8394,
    #8395,#8396,#8397,#8398,#8399,#8400,#8401,#8402,#8403,#8404,#8405,
    #8406,#8407,#8408,#8409,#8410,#8411,#8412,#8413,#8414,#8415,#8416,
    #8417,#8418,#8419,#8420,#8421,#8422,#8423,#8424,#8425,#8426,#8427,
    #8428,#8429,#8430,#8431,#8432,#8433,#8434,#8435,#8436,#8437,#8438,
    #8439,#8440,#8441,#8442,#8443,#8444,#8445),.UNSPECIFIED.,.F.,.F.,(9,
    7,7,7,7,7,7,7,7,7,7,7,7,7,9),(0.,3.169837939208E-02,0.292417047161,
    0.467322260588,0.520630052111,0.545190715803,0.557821190566,
    0.573016870742,0.584705249669,0.599252007573,0.622712826025,
    0.658498521708,0.716251423847,0.902712070622,1.),.UNSPECIFIED.);
#8346 = CARTESIAN_POINT('',(14.32,-22.,0.823305899937));
#8347 = CARTESIAN_POINT('',(14.282782637748,-22.,0.820010010761));
#8348 = CARTESIAN_POINT('',(14.245521096081,-22.,0.81671874402));
#8349 = CARTESIAN_POINT('',(14.208194508192,-22.,0.813429516701));
#8350 = CARTESIAN_POINT('',(14.170848822031,-22.,0.810145652033));
#8351 = CARTESIAN_POINT('',(14.13342812899,-22.,0.806861548471));
#8352 = CARTESIAN_POINT('',(14.095980180281,-22.,0.803580751788));
#8353 = CARTESIAN_POINT('',(14.058480493393,-22.,0.800300478044));
#8354 = CARTESIAN_POINT('',(13.712151847089,-22.,0.770046508718));
#8355 = CARTESIAN_POINT('',(13.400399012952,-22.,0.743110961113));
#8356 = CARTESIAN_POINT('',(13.086094619716,-22.,0.715924617044));
#8357 = CARTESIAN_POINT('',(12.769582976938,-22.,0.688267920957));
#8358 = CARTESIAN_POINT('',(12.451153455316,-22.,0.659958430781));
#8359 = CARTESIAN_POINT('',(12.131054823013,-22.,0.630801739161));
#8360 = CARTESIAN_POINT('',(11.809508072747,-22.,0.600526296332));
#8361 = CARTESIAN_POINT('',(11.270171250751,-22.,0.547352640049));
#8362 = CARTESIAN_POINT('',(11.053093106501,-22.,0.525312291044));
#8363 = CARTESIAN_POINT('',(10.835530508634,-22.,0.50241843937));
#8364 = CARTESIAN_POINT('',(10.617530019256,-22.,0.478561045319));
#8365 = CARTESIAN_POINT('',(10.399176078277,-22.,0.45342404469));
#8366 = CARTESIAN_POINT('',(10.180566522952,-22.,0.426669168216));
#8367 = CARTESIAN_POINT('',(9.961821525337,-22.,0.397853740414));
#8368 = CARTESIAN_POINT('',(9.676597485192,-22.,0.355474771344));
#8369 = CARTESIAN_POINT('',(9.609993975232,-22.,0.345234324444));
#8370 = CARTESIAN_POINT('',(9.54341444294,-22.,0.334609817562));
#8371 = CARTESIAN_POINT('',(9.476870460527,-22.,0.323534630777));
#8372 = CARTESIAN_POINT('',(9.410379503872,-22.,0.311933003917));
#8373 = CARTESIAN_POINT('',(9.343966902462,-22.,0.299708486221));
#8374 = CARTESIAN_POINT('',(9.277672798434,-22.,0.286706182537));
#8375 = CARTESIAN_POINT('',(9.181105656384,-22.,0.266172092861));
#8376 = CARTESIAN_POINT('',(9.150690447777,-22.,0.259473838539));
#8377 = CARTESIAN_POINT('',(9.120324010036,-22.,0.252519969703));
#8378 = CARTESIAN_POINT('',(9.090014049015,-22.,0.245278867007));
#8379 = CARTESIAN_POINT('',(9.059773319183,-22.,0.237710851403));
#8380 = CARTESIAN_POINT('',(9.029622487518,-22.,0.229757680421));
#8381 = CARTESIAN_POINT('',(8.999592997391,-22.,0.221332044449));
#8382 = CARTESIAN_POINT('',(8.954372664725,-22.,0.207665909922));
#8383 = CARTESIAN_POINT('',(8.939065062364,-22.,0.202862057661));
#8384 = CARTESIAN_POINT('',(8.923808074612,-22.,0.197884447243));
#8385 = CARTESIAN_POINT('',(8.908609253066,-22.,0.192711755753));
#8386 = CARTESIAN_POINT('',(8.893482751682,-22.,0.187312396354));
#8387 = CARTESIAN_POINT('',(8.878449326772,-22.,0.181644518281));
#8388 = CARTESIAN_POINT('',(8.863536337005,-22.,0.175656006846));
#8389 = CARTESIAN_POINT('',(8.831021730878,-22.,0.161618925823));
#8390 = CARTESIAN_POINT('',(8.814704036533,-22.,0.15363258072));
#8391 = CARTESIAN_POINT('',(8.798551502485,-22.,0.145191139433));
#8392 = CARTESIAN_POINT('',(8.78207855375,-22.,0.136005130303));
#8393 = CARTESIAN_POINT('',(8.765587198254,-22.,0.125629918707));
#8394 = CARTESIAN_POINT('',(8.750167026827,-22.,0.113465707059));
#8395 = CARTESIAN_POINT('',(8.73769521321,-22.,9.875753480984E-02));
#8396 = CARTESIAN_POINT('',(8.725560865058,-22.,6.662503611123E-02));
#8397 = CARTESIAN_POINT('',(8.723533289972,-22.,4.920023304484E-02));
#8398 = CARTESIAN_POINT('',(8.729197094782,-22.,2.955561973484E-02));
#8399 = CARTESIAN_POINT('',(8.745296835025,-22.,9.102281569534E-03));
#8400 = CARTESIAN_POINT('',(8.77081950667,-22.,-1.098104049589E-02));
#8401 = CARTESIAN_POINT('',(8.801504098227,-22.,-2.955049325151E-02));
#8402 = CARTESIAN_POINT('',(8.830967536138,-22.,-4.499476857594E-02));
#8403 = CARTESIAN_POINT('',(8.874798006258,-22.,-6.6844006249E-02));
#8404 = CARTESIAN_POINT('',(8.899076551232,-22.,-7.774950367481E-02));
#8405 = CARTESIAN_POINT('',(8.923282549292,-22.,-8.787824253814E-02));
#8406 = CARTESIAN_POINT('',(8.947434744643,-22.,-9.743356962996E-02));
#8407 = CARTESIAN_POINT('',(8.971563952059,-22.,-0.106521131671));
#8408 = CARTESIAN_POINT('',(8.995683093025,-22.,-0.115222927333));
#8409 = CARTESIAN_POINT('',(9.019782082846,-22.,-0.12361383276));
#8410 = CARTESIAN_POINT('',(9.082660065509,-22.,-0.144795088291));
#8411 = CARTESIAN_POINT('',(9.121657171168,-22.,-0.157234364641));
#8412 = CARTESIAN_POINT('',(9.16078795177,-22.,-0.169181422584));
#8413 = CARTESIAN_POINT('',(9.200017117145,-22.,-0.180734413503));
#8414 = CARTESIAN_POINT('',(9.239321544785,-22.,-0.191958608472));
#8415 = CARTESIAN_POINT('',(9.27868680376,-22.,-0.202898359545));
#8416 = CARTESIAN_POINT('',(9.318103678641,-22.,-0.213589061034));
#8417 = CARTESIAN_POINT('',(9.417756108681,-22.,-0.240054736871));
#8418 = CARTESIAN_POINT('',(9.478043066157,-22.,-0.255544698421));
#8419 = CARTESIAN_POINT('',(9.538396882878,-22.,-0.270644587627));
#8420 = CARTESIAN_POINT('',(9.598796574822,-22.,-0.285431065577));
#8421 = CARTESIAN_POINT('',(9.659227217453,-22.,-0.299959006421));
#8422 = CARTESIAN_POINT('',(9.719678306272,-22.,-0.314268641526));
#8423 = CARTESIAN_POINT('',(9.780142117361,-22.,-0.328392703632));
#8424 = CARTESIAN_POINT('',(9.938201763217,-22.,-0.364910516685));
#8425 = CARTESIAN_POINT('',(10.035804167369,-22.,-0.387056211723));
#8426 = CARTESIAN_POINT('',(10.133391733581,-22.,-0.408916381399));
#8427 = CARTESIAN_POINT('',(10.230943165666,-22.,-0.430577541085));
#8428 = CARTESIAN_POINT('',(10.328441988561,-22.,-0.452104101485));
#8429 = CARTESIAN_POINT('',(10.425875118841,-22.,-0.473545473857));
#8430 = CARTESIAN_POINT('',(10.523231435231,-22.,-0.494943175253));
#8431 = CARTESIAN_POINT('',(10.934542136144,-22.,-0.585412912803));
#8432 = CARTESIAN_POINT('',(11.247647591977,-22.,-0.654443082096));
#8433 = CARTESIAN_POINT('',(11.559489051793,-22.,-0.724671702239));
#8434 = CARTESIAN_POINT('',(11.869813520189,-22.,-0.79677158035));
#8435 = CARTESIAN_POINT('',(12.178343527662,-22.,-0.871346453735));
#8436 = CARTESIAN_POINT('',(12.484758725311,-22.,-0.949012586868));
#8437 = CARTESIAN_POINT('',(12.788699929565,-22.,-1.03036358928));
#8438 = CARTESIAN_POINT('',(13.246806961016,-22.,-1.160866591823));
#8439 = CARTESIAN_POINT('',(13.403082023746,-22.,-1.206809626291));
#8440 = CARTESIAN_POINT('',(13.558501930137,-22.,-1.254052214277));
#8441 = CARTESIAN_POINT('',(13.712997368102,-22.,-1.302701080425));
#8442 = CARTESIAN_POINT('',(13.866489535805,-22.,-1.352871021667));
#8443 = CARTESIAN_POINT('',(14.018889377247,-22.,-1.404687903793));
#8444 = CARTESIAN_POINT('',(14.170096817842,-22.,-1.458291658038));
#8445 = CARTESIAN_POINT('',(14.32,-22.,-1.513839277652));
#8446 = PCURVE('',#4738,#8447);
#8447 = DEFINITIONAL_REPRESENTATION('',(#8448),#8549);
#8448 = B_SPLINE_CURVE_WITH_KNOTS('',8,(#8449,#8450,#8451,#8452,#8453,
    #8454,#8455,#8456,#8457,#8458,#8459,#8460,#8461,#8462,#8463,#8464,
    #8465,#8466,#8467,#8468,#8469,#8470,#8471,#8472,#8473,#8474,#8475,
    #8476,#8477,#8478,#8479,#8480,#8481,#8482,#8483,#8484,#8485,#8486,
    #8487,#8488,#8489,#8490,#8491,#8492,#8493,#8494,#8495,#8496,#8497,
    #8498,#8499,#8500,#8501,#8502,#8503,#8504,#8505,#8506,#8507,#8508,
    #8509,#8510,#8511,#8512,#8513,#8514,#8515,#8516,#8517,#8518,#8519,
    #8520,#8521,#8522,#8523,#8524,#8525,#8526,#8527,#8528,#8529,#8530,
    #8531,#8532,#8533,#8534,#8535,#8536,#8537,#8538,#8539,#8540,#8541,
    #8542,#8543,#8544,#8545,#8546,#8547,#8548),.UNSPECIFIED.,.F.,.F.,(9,
    7,7,7,7,7,7,7,7,7,7,7,7,7,9),(2.079702961487E-02,3.169837939208E-02,
    0.292417047161,0.467322260588,0.520630052111,0.545190715803,
    0.557821190566,0.573016870742,0.584705249669,0.599252007573,
    0.622712826025,0.658498521708,0.716251423847,0.902712070622,
    0.983206203563),.UNSPECIFIED.);
#8449 = CARTESIAN_POINT('',(3.160570396114,0.531978568012));
#8450 = CARTESIAN_POINT('',(3.161501971378,0.531861884216));
#8451 = CARTESIAN_POINT('',(3.162432830627,0.531745416755));
#8452 = CARTESIAN_POINT('',(3.16336298022,0.531629162483));
#8453 = CARTESIAN_POINT('',(3.164292426349,0.531513118329));
#8454 = CARTESIAN_POINT('',(3.165221170523,0.531397282751));
#8455 = CARTESIAN_POINT('',(3.166149203539,0.531281657663));
#8456 = CARTESIAN_POINT('',(3.167076510589,0.531166246773));
#8457 = CARTESIAN_POINT('',(3.190164468368,0.52829560419));
#8458 = CARTESIAN_POINT('',(3.211925240354,0.525657121392));
#8459 = CARTESIAN_POINT('',(3.233326294588,0.523109232206));
#8460 = CARTESIAN_POINT('',(3.254402122481,0.520630771146));
#8461 = CARTESIAN_POINT('',(3.27518261818,0.518203882258));
#8462 = CARTESIAN_POINT('',(3.295694279472,0.515811343385));
#8463 = CARTESIAN_POINT('',(3.315960855244,0.5134330939));
#8464 = CARTESIAN_POINT('',(3.349449168229,0.509437858431));
#8465 = CARTESIAN_POINT('',(3.36279234865,0.507828333241));
#8466 = CARTESIAN_POINT('',(3.376040380937,0.506203501232));
#8467 = CARTESIAN_POINT('',(3.389199768749,0.504556297108));
#8468 = CARTESIAN_POINT('',(3.402274378037,0.502869602925));
#8469 = CARTESIAN_POINT('',(3.415266823669,0.501125335824));
#8470 = CARTESIAN_POINT('',(3.428178159728,0.499300333913));
#8471 = CARTESIAN_POINT('',(3.444909222907,0.496708439129));
#8472 = CARTESIAN_POINT('',(3.448808724161,0.496087976685));
#8473 = CARTESIAN_POINT('',(3.452699658238,0.4954503205));
#8474 = CARTESIAN_POINT('',(3.456581628672,0.494792133925));
#8475 = CARTESIAN_POINT('',(3.460453903182,0.49410963454));
#8476 = CARTESIAN_POINT('',(3.46431531799,0.493398020209));
#8477 = CARTESIAN_POINT('',(3.468163920686,0.4926495968));
#8478 = CARTESIAN_POINT('',(3.473762079436,0.49148248681));
#8479 = CARTESIAN_POINT('',(3.475524147057,0.491103758416));
#8480 = CARTESIAN_POINT('',(3.477282293599,0.490712729197));
#8481 = CARTESIAN_POINT('',(3.479036128492,0.49030783114));
#8482 = CARTESIAN_POINT('',(3.480784979272,0.489887101819));
#8483 = CARTESIAN_POINT('',(3.482527739339,0.48944766478));
#8484 = CARTESIAN_POINT('',(3.484262715717,0.488985209931));
#8485 = CARTESIAN_POINT('',(3.486874445969,0.488240595621));
#8486 = CARTESIAN_POINT('',(3.487758394019,0.48797977236));
#8487 = CARTESIAN_POINT('',(3.488639280366,0.487710454005));
#8488 = CARTESIAN_POINT('',(3.489516697188,0.487431588049));
#8489 = CARTESIAN_POINT('',(3.490389869429,0.487141619633));
#8490 = CARTESIAN_POINT('',(3.491257654801,0.486838491536));
#8491 = CARTESIAN_POINT('',(3.492118543779,0.486519644179));
#8492 = CARTESIAN_POINT('',(3.493995837189,0.485775815894));
#8493 = CARTESIAN_POINT('',(3.494938589928,0.485355708136));
#8494 = CARTESIAN_POINT('',(3.49587186787,0.484913282907));
#8495 = CARTESIAN_POINT('',(3.496823752564,0.48443346177));
#8496 = CARTESIAN_POINT('',(3.497777457056,0.483894497299));
#8497 = CARTESIAN_POINT('',(3.498671325894,0.483267973081));
#8498 = CARTESIAN_POINT('',(3.499398835126,0.482518803712));
#8499 = CARTESIAN_POINT('',(3.500123773789,0.480902525907));
#8500 = CARTESIAN_POINT('',(3.500256575293,0.480032179339));
#8501 = CARTESIAN_POINT('',(3.499951629993,0.479061703117));
#8502 = CARTESIAN_POINT('',(3.49905145349,0.478064855371));
#8503 = CARTESIAN_POINT('',(3.497611792534,0.477099352046));
#8504 = CARTESIAN_POINT('',(3.495873778721,0.476216844481));
#8505 = CARTESIAN_POINT('',(3.494201309045,0.475488710083));
#8506 = CARTESIAN_POINT('',(3.49171157968,0.474461804723));
#8507 = CARTESIAN_POINT('',(3.49033060851,0.47395283169));
#8508 = CARTESIAN_POINT('',(3.488952328754,0.473482670319));
#8509 = CARTESIAN_POINT('',(3.487575858187,0.473041220053));
#8510 = CARTESIAN_POINT('',(3.486199526141,0.472623263256));
#8511 = CARTESIAN_POINT('',(3.484822660377,0.472224736326));
#8512 = CARTESIAN_POINT('',(3.483445900056,0.471841898291));
#8513 = CARTESIAN_POINT('',(3.479851057513,0.470879082717));
#8514 = CARTESIAN_POINT('',(3.477618881664,0.470317285722));
#8515 = CARTESIAN_POINT('',(3.475376500437,0.469780826615));
#8516 = CARTESIAN_POINT('',(3.473125975184,0.469264778774));
#8517 = CARTESIAN_POINT('',(3.470868643616,0.4687658685));
#8518 = CARTESIAN_POINT('',(3.468605327997,0.468281875275));
#8519 = CARTESIAN_POINT('',(3.46633654335,0.467811032015));
#8520 = CARTESIAN_POINT('',(3.460594332877,0.466650369426));
#8521 = CARTESIAN_POINT('',(3.4571146131,0.46597572197));
#8522 = CARTESIAN_POINT('',(3.453625127043,0.46532221384));
#8523 = CARTESIAN_POINT('',(3.450126990927,0.464686026523));
#8524 = CARTESIAN_POINT('',(3.446620955384,0.464064434556));
#8525 = CARTESIAN_POINT('',(3.443107504367,0.463455447973));
#8526 = CARTESIAN_POINT('',(3.439586954059,0.462857454745));
#8527 = CARTESIAN_POINT('',(3.430366838152,0.461318962231));
#8528 = CARTESIAN_POINT('',(3.424656468946,0.460393654341));
#8529 = CARTESIAN_POINT('',(3.418929466433,0.459487261349));
#8530 = CARTESIAN_POINT('',(3.413186460955,0.458595571495));
#8531 = CARTESIAN_POINT('',(3.407427776386,0.457715484464));
#8532 = CARTESIAN_POINT('',(3.401653515572,0.456844656375));
#8533 = CARTESIAN_POINT('',(3.395863645778,0.455981144778));
#8534 = CARTESIAN_POINT('',(3.371314285298,0.45235262616));
#8535 = CARTESIAN_POINT('',(3.352408422117,0.449639349155));
#8536 = CARTESIAN_POINT('',(3.333336009776,0.446925781801));
#8537 = CARTESIAN_POINT('',(3.314085931875,0.444183624861));
#8538 = CARTESIAN_POINT('',(3.294646073033,0.441388764935));
#8539 = CARTESIAN_POINT('',(3.275003980107,0.438517342981));
#8540 = CARTESIAN_POINT('',(3.255146024772,0.435547742518));
#8541 = CARTESIAN_POINT('',(3.226386873098,0.431117577547));
#8542 = CARTESIAN_POINT('',(3.217672614552,0.429758564194));
#8543 = CARTESIAN_POINT('',(3.208914658639,0.428374239965));
#8544 = CARTESIAN_POINT('',(3.200112002727,0.42696241644));
#8545 = CARTESIAN_POINT('',(3.191263768965,0.425520774465));
#8546 = CARTESIAN_POINT('',(3.182369225779,0.424046808992));
#8547 = CARTESIAN_POINT('',(3.173427809378,0.422537773907));
#8548 = CARTESIAN_POINT('',(3.164439145247,0.420990626865));
#8549 = ( GEOMETRIC_REPRESENTATION_CONTEXT(2) 
PARAMETRIC_REPRESENTATION_CONTEXT() REPRESENTATION_CONTEXT('2D SPACE',''
  ) );
#8550 = PCURVE('',#5295,#8551);
#8551 = DEFINITIONAL_REPRESENTATION('',(#8552),#8653);
#8552 = B_SPLINE_CURVE_WITH_KNOTS('',8,(#8553,#8554,#8555,#8556,#8557,
    #8558,#8559,#8560,#8561,#8562,#8563,#8564,#8565,#8566,#8567,#8568,
    #8569,#8570,#8571,#8572,#8573,#8574,#8575,#8576,#8577,#8578,#8579,
    #8580,#8581,#8582,#8583,#8584,#8585,#8586,#8587,#8588,#8589,#8590,
    #8591,#8592,#8593,#8594,#8595,#8596,#8597,#8598,#8599,#8600,#8601,
    #8602,#8603,#8604,#8605,#8606,#8607,#8608,#8609,#8610,#8611,#8612,
    #8613,#8614,#8615,#8616,#8617,#8618,#8619,#8620,#8621,#8622,#8623,
    #8624,#8625,#8626,#8627,#8628,#8629,#8630,#8631,#8632,#8633,#8634,
    #8635,#8636,#8637,#8638,#8639,#8640,#8641,#8642,#8643,#8644,#8645,
    #8646,#8647,#8648,#8649,#8650,#8651,#8652),.UNSPECIFIED.,.F.,.F.,(9,
    7,7,7,7,7,7,7,7,7,7,7,7,7,9),(0.,3.169837939208E-02,0.292417047161,
    0.467322260588,0.520630052111,0.545190715803,0.557821190566,
    0.573016870742,0.584705249669,0.599252007573,0.622712826025,
    0.658498521708,0.716251423847,0.902712070622,1.),.UNSPECIFIED.);
#8553 = CARTESIAN_POINT('',(1.123305899937,3.22));
#8554 = CARTESIAN_POINT('',(1.120010010761,3.182782637748));
#8555 = CARTESIAN_POINT('',(1.11671874402,3.145521096081));
#8556 = CARTESIAN_POINT('',(1.113429516701,3.108194508192));
#8557 = CARTESIAN_POINT('',(1.110145652033,3.070848822031));
#8558 = CARTESIAN_POINT('',(1.106861548471,3.03342812899));
#8559 = CARTESIAN_POINT('',(1.103580751788,2.995980180281));
#8560 = CARTESIAN_POINT('',(1.100300478044,2.958480493393));
#8561 = CARTESIAN_POINT('',(1.070046508718,2.612151847089));
#8562 = CARTESIAN_POINT('',(1.043110961113,2.300399012952));
#8563 = CARTESIAN_POINT('',(1.015924617044,1.986094619716));
#8564 = CARTESIAN_POINT('',(0.988267920957,1.669582976938));
#8565 = CARTESIAN_POINT('',(0.959958430781,1.351153455316));
#8566 = CARTESIAN_POINT('',(0.930801739161,1.031054823013));
#8567 = CARTESIAN_POINT('',(0.900526296332,0.709508072747));
#8568 = CARTESIAN_POINT('',(0.847352640049,0.170171250751));
#8569 = CARTESIAN_POINT('',(0.825312291044,-4.69068934993E-02));
#8570 = CARTESIAN_POINT('',(0.80241843937,-0.264469491366));
#8571 = CARTESIAN_POINT('',(0.778561045319,-0.482469980744));
#8572 = CARTESIAN_POINT('',(0.75342404469,-0.700823921723));
#8573 = CARTESIAN_POINT('',(0.726669168216,-0.919433477048));
#8574 = CARTESIAN_POINT('',(0.697853740414,-1.138178474663));
#8575 = CARTESIAN_POINT('',(0.655474771344,-1.423402514808));
#8576 = CARTESIAN_POINT('',(0.645234324444,-1.490006024768));
#8577 = CARTESIAN_POINT('',(0.634609817562,-1.55658555706));
#8578 = CARTESIAN_POINT('',(0.623534630777,-1.623129539473));
#8579 = CARTESIAN_POINT('',(0.611933003917,-1.689620496128));
#8580 = CARTESIAN_POINT('',(0.599708486221,-1.756033097538));
#8581 = CARTESIAN_POINT('',(0.586706182537,-1.822327201566));
#8582 = CARTESIAN_POINT('',(0.566172092861,-1.918894343616));
#8583 = CARTESIAN_POINT('',(0.559473838539,-1.949309552223));
#8584 = CARTESIAN_POINT('',(0.552519969703,-1.979675989964));
#8585 = CARTESIAN_POINT('',(0.545278867007,-2.009985950985));
#8586 = CARTESIAN_POINT('',(0.537710851403,-2.040226680817));
#8587 = CARTESIAN_POINT('',(0.529757680421,-2.070377512482));
#8588 = CARTESIAN_POINT('',(0.521332044449,-2.100407002609));
#8589 = CARTESIAN_POINT('',(0.507665909922,-2.145627335275));
#8590 = CARTESIAN_POINT('',(0.502862057661,-2.160934937636));
#8591 = CARTESIAN_POINT('',(0.497884447243,-2.176191925388));
#8592 = CARTESIAN_POINT('',(0.492711755753,-2.191390746934));
#8593 = CARTESIAN_POINT('',(0.487312396354,-2.206517248318));
#8594 = CARTESIAN_POINT('',(0.481644518281,-2.221550673228));
#8595 = CARTESIAN_POINT('',(0.475656006846,-2.236463662995));
#8596 = CARTESIAN_POINT('',(0.461618925823,-2.268978269122));
#8597 = CARTESIAN_POINT('',(0.45363258072,-2.285295963467));
#8598 = CARTESIAN_POINT('',(0.445191139433,-2.301448497515));
#8599 = CARTESIAN_POINT('',(0.436005130303,-2.31792144625));
#8600 = CARTESIAN_POINT('',(0.425629918707,-2.334412801746));
#8601 = CARTESIAN_POINT('',(0.413465707059,-2.349832973173));
#8602 = CARTESIAN_POINT('',(0.39875753481,-2.36230478679));
#8603 = CARTESIAN_POINT('',(0.366625036111,-2.374439134942));
#8604 = CARTESIAN_POINT('',(0.349200233045,-2.376466710028));
#8605 = CARTESIAN_POINT('',(0.329555619735,-2.370802905218));
#8606 = CARTESIAN_POINT('',(0.30910228157,-2.354703164975));
#8607 = CARTESIAN_POINT('',(0.289018959504,-2.32918049333));
#8608 = CARTESIAN_POINT('',(0.270449506748,-2.298495901773));
#8609 = CARTESIAN_POINT('',(0.255005231424,-2.269032463862));
#8610 = CARTESIAN_POINT('',(0.233155993751,-2.225201993742));
#8611 = CARTESIAN_POINT('',(0.222250496325,-2.200923448768));
#8612 = CARTESIAN_POINT('',(0.212121757462,-2.176717450708));
#8613 = CARTESIAN_POINT('',(0.20256643037,-2.152565255357));
#8614 = CARTESIAN_POINT('',(0.193478868329,-2.128436047941));
#8615 = CARTESIAN_POINT('',(0.184777072667,-2.104316906975));
#8616 = CARTESIAN_POINT('',(0.17638616724,-2.080217917154));
#8617 = CARTESIAN_POINT('',(0.155204911709,-2.017339934491));
#8618 = CARTESIAN_POINT('',(0.142765635359,-1.978342828832));
#8619 = CARTESIAN_POINT('',(0.130818577416,-1.93921204823));
#8620 = CARTESIAN_POINT('',(0.119265586497,-1.899982882855));
#8621 = CARTESIAN_POINT('',(0.108041391528,-1.860678455215));
#8622 = CARTESIAN_POINT('',(9.710164045459E-02,-1.82131319624));
#8623 = CARTESIAN_POINT('',(8.641093896649E-02,-1.781896321359));
#8624 = CARTESIAN_POINT('',(5.994526312869E-02,-1.682243891319));
#8625 = CARTESIAN_POINT('',(4.445530157872E-02,-1.621956933843));
#8626 = CARTESIAN_POINT('',(2.935541237331E-02,-1.561603117122));
#8627 = CARTESIAN_POINT('',(1.456893442309E-02,-1.501203425178));
#8628 = CARTESIAN_POINT('',(4.099357874376E-05,-1.440772782547));
#8629 = CARTESIAN_POINT('',(-1.426864152611E-02,-1.380321693728));
#8630 = CARTESIAN_POINT('',(-2.839270363191E-02,-1.319857882639));
#8631 = CARTESIAN_POINT('',(-6.491051668511E-02,-1.161798236783));
#8632 = CARTESIAN_POINT('',(-8.705621172293E-02,-1.064195832631));
#8633 = CARTESIAN_POINT('',(-0.108916381399,-0.966608266419));
#8634 = CARTESIAN_POINT('',(-0.130577541085,-0.869056834334));
#8635 = CARTESIAN_POINT('',(-0.152104101485,-0.771558011439));
#8636 = CARTESIAN_POINT('',(-0.173545473857,-0.674124881159));
#8637 = CARTESIAN_POINT('',(-0.194943175253,-0.576768564769));
#8638 = CARTESIAN_POINT('',(-0.285412912803,-0.165457863856));
#8639 = CARTESIAN_POINT('',(-0.354443082096,0.147647591977));
#8640 = CARTESIAN_POINT('',(-0.424671702239,0.459489051793));
#8641 = CARTESIAN_POINT('',(-0.49677158035,0.769813520189));
#8642 = CARTESIAN_POINT('',(-0.571346453735,1.078343527662));
#8643 = CARTESIAN_POINT('',(-0.649012586868,1.384758725311));
#8644 = CARTESIAN_POINT('',(-0.73036358928,1.688699929565));
#8645 = CARTESIAN_POINT('',(-0.860866591823,2.146806961016));
#8646 = CARTESIAN_POINT('',(-0.906809626291,2.303082023746));
#8647 = CARTESIAN_POINT('',(-0.954052214277,2.458501930137));
#8648 = CARTESIAN_POINT('',(-1.002701080425,2.612997368102));
#8649 = CARTESIAN_POINT('',(-1.052871021667,2.766489535805));
#8650 = CARTESIAN_POINT('',(-1.104687903793,2.918889377247));
#8651 = CARTESIAN_POINT('',(-1.158291658038,3.070096817842));
#8652 = CARTESIAN_POINT('',(-1.213839277652,3.22));
#8653 = ( GEOMETRIC_REPRESENTATION_CONTEXT(2) 
PARAMETRIC_REPRESENTATION_CONTEXT() REPRESENTATION_CONTEXT('2D SPACE',''
  ) );
#8654 = ORIENTED_EDGE('',*,*,#5307,.T.);
#8655 = ADVANCED_FACE('',(#8656,#8692),#5117,.T.);
#8656 = FACE_BOUND('',#8657,.T.);
#8657 = EDGE_LOOP('',(#8658,#8659,#8660,#8661,#8662,#8691));
#8658 = ORIENTED_EDGE('',*,*,#8309,.F.);
#8659 = ORIENTED_EDGE('',*,*,#4909,.T.);
#8660 = ORIENTED_EDGE('',*,*,#8279,.F.);
#8661 = ORIENTED_EDGE('',*,*,#7116,.F.);
#8662 = ORIENTED_EDGE('',*,*,#8663,.T.);
#8663 = EDGE_CURVE('',#6972,#7827,#8664,.T.);
#8664 = SURFACE_CURVE('',#8665,(#8679,#8685),.PCURVE_S1.);
#8665 = ( BOUNDED_CURVE() B_SPLINE_CURVE(7,(#8666,#8667,#8668,#8669,
    #8670,#8671,#8672,#8673,#8674,#8675,#8676,#8677,#8678),
.UNSPECIFIED.,.F.,.F.) B_SPLINE_CURVE_WITH_KNOTS((8,5,8),(0.,
0.572316345514,1.),.UNSPECIFIED.) CURVE() GEOMETRIC_REPRESENTATION_ITEM(
) RATIONAL_B_SPLINE_CURVE((1.,0.999999999999,1.000000000006,
    0.99999999998,1.000000000034,0.999999999978,1.000000000013,
    0.999999999992,1.000000000011,0.999999999992,1.000000000003,1.,1.)) 
REPRESENTATION_ITEM('') );
#8666 = CARTESIAN_POINT('',(-15.918,-21.956,-10.5));
#8667 = CARTESIAN_POINT('',(-15.43906411947,-21.158423684,
    -8.628241502707));
#8668 = CARTESIAN_POINT('',(-19.84708765901,-28.64053484066,
    -8.733290855657));
#8669 = CARTESIAN_POINT('',(-7.05293200111,-5.316636773755,
    -1.056708587136));
#8670 = CARTESIAN_POINT('',(-30.55438441639,-49.30522596563,
    -10.82247277985));
#8671 = CARTESIAN_POINT('',(-8.657891172698,-7.338611237469,
    2.067695186229));
#8672 = CARTESIAN_POINT('',(-19.16557527539,-28.55785012219,
    -1.342188414743));
#8673 = CARTESIAN_POINT('',(-17.1701913757,-22.93858155634,4.51492883963
    ));
#8674 = CARTESIAN_POINT('',(-14.02552824921,-20.01098123742,
    4.188245497625));
#8675 = CARTESIAN_POINT('',(-18.23802512147,-24.85122071318,
    6.661938916007));
#8676 = CARTESIAN_POINT('',(-16.07749653818,-22.39728096344,
    7.392451929016));
#8677 = CARTESIAN_POINT('',(-16.27754406201,-22.64424965019,
    8.74983766954));
#8678 = CARTESIAN_POINT('',(-16.275,-22.638,10.));
#8679 = PCURVE('',#5117,#8680);
#8680 = DEFINITIONAL_REPRESENTATION('',(#8681),#8684);
#8681 = B_SPLINE_CURVE_WITH_KNOTS('',1,(#8682,#8683),.UNSPECIFIED.,.F.,
  .F.,(2,2),(2.720806856768E-02,0.967978734259),
  .PIECEWISE_BEZIER_KNOTS.);
#8682 = CARTESIAN_POINT('',(5.,2.720806856768E-02));
#8683 = CARTESIAN_POINT('',(5.,0.967978734259));
#8684 = ( GEOMETRIC_REPRESENTATION_CONTEXT(2) 
PARAMETRIC_REPRESENTATION_CONTEXT() REPRESENTATION_CONTEXT('2D SPACE',''
  ) );
#8685 = PCURVE('',#7033,#8686);
#8686 = DEFINITIONAL_REPRESENTATION('',(#8687),#8690);
#8687 = B_SPLINE_CURVE_WITH_KNOTS('',1,(#8688,#8689),.UNSPECIFIED.,.F.,
  .F.,(2,2),(2.720806856768E-02,0.967978734259),
  .PIECEWISE_BEZIER_KNOTS.);
#8688 = CARTESIAN_POINT('',(5.,2.720806856768E-02));
#8689 = CARTESIAN_POINT('',(5.,0.967978734259));
#8690 = ( GEOMETRIC_REPRESENTATION_CONTEXT(2) 
PARAMETRIC_REPRESENTATION_CONTEXT() REPRESENTATION_CONTEXT('2D SPACE',''
  ) );
#8691 = ORIENTED_EDGE('',*,*,#7936,.T.);
#8692 = FACE_BOUND('',#8693,.T.);
#8693 = EDGE_LOOP('',(#8694,#8695,#8696,#8697));
#8694 = ORIENTED_EDGE('',*,*,#5873,.T.);
#8695 = ORIENTED_EDGE('',*,*,#5983,.T.);
#8696 = ORIENTED_EDGE('',*,*,#6259,.T.);
#8697 = ORIENTED_EDGE('',*,*,#8698,.F.);
#8698 = EDGE_CURVE('',#5844,#5846,#8699,.T.);
#8699 = SURFACE_CURVE('',#8700,(#8801,#8905),.PCURVE_S1.);
#8700 = B_SPLINE_CURVE_WITH_KNOTS('',8,(#8701,#8702,#8703,#8704,#8705,
    #8706,#8707,#8708,#8709,#8710,#8711,#8712,#8713,#8714,#8715,#8716,
    #8717,#8718,#8719,#8720,#8721,#8722,#8723,#8724,#8725,#8726,#8727,
    #8728,#8729,#8730,#8731,#8732,#8733,#8734,#8735,#8736,#8737,#8738,
    #8739,#8740,#8741,#8742,#8743,#8744,#8745,#8746,#8747,#8748,#8749,
    #8750,#8751,#8752,#8753,#8754,#8755,#8756,#8757,#8758,#8759,#8760,
    #8761,#8762,#8763,#8764,#8765,#8766,#8767,#8768,#8769,#8770,#8771,
    #8772,#8773,#8774,#8775,#8776,#8777,#8778,#8779,#8780,#8781,#8782,
    #8783,#8784,#8785,#8786,#8787,#8788,#8789,#8790,#8791,#8792,#8793,
    #8794,#8795,#8796,#8797,#8798,#8799,#8800),.UNSPECIFIED.,.F.,.F.,(9,
    7,7,7,7,7,7,7,7,7,7,7,7,7,9),(0.,0.265487711763,0.344692585983,
    0.42102330468,0.46302815454,0.483598936847,0.504813079789,
    0.522912136847,0.531339062971,0.542145093672,0.571426010127,
    0.601532953774,0.688640915448,0.755799733924,1.),.UNSPECIFIED.);
#8701 = CARTESIAN_POINT('',(-14.32,-22.,-1.513839277652));
#8702 = CARTESIAN_POINT('',(-13.98331706674,-22.,-1.389079180917));
#8703 = CARTESIAN_POINT('',(-13.64010181727,-22.,-1.27414366666));
#8704 = CARTESIAN_POINT('',(-13.29155004863,-22.,-1.167212485955));
#8705 = CARTESIAN_POINT('',(-12.93860234512,-22.,-1.066970956042));
#8706 = CARTESIAN_POINT('',(-12.58201407054,-22.,-0.972313157044));
#8707 = CARTESIAN_POINT('',(-12.22237892363,-22.,-0.882261968546));
#8708 = CARTESIAN_POINT('',(-11.86015054054,-22.,-0.79589549565));
#8709 = CARTESIAN_POINT('',(-11.38697943336,-22.,-0.687060997308));
#8710 = CARTESIAN_POINT('',(-11.27806169793,-22.,-0.66228034584));
#8711 = CARTESIAN_POINT('',(-11.16896581143,-22.,-0.637696824468));
#8712 = CARTESIAN_POINT('',(-11.05970395849,-22.,-0.613278939283));
#8713 = CARTESIAN_POINT('',(-10.95028847808,-22.,-0.588992555348));
#8714 = CARTESIAN_POINT('',(-10.84073222252,-22.,-0.564799094341));
#8715 = CARTESIAN_POINT('',(-10.73104891649,-22.,-0.540653732204));
#8716 = CARTESIAN_POINT('',(-10.51544232827,-22.,-0.493229812053));
#8717 = CARTESIAN_POINT('',(-10.40952784292,-22.,-0.469953632687));
#8718 = CARTESIAN_POINT('',(-10.3035237485,-22.,-0.446620712523));
#8719 = CARTESIAN_POINT('',(-10.19744412812,-22.,-0.423177964902));
#8720 = CARTESIAN_POINT('',(-10.09130593907,-22.,-0.399561345872));
#8721 = CARTESIAN_POINT('',(-9.985131492524,-22.,-0.375683637364));
#8722 = CARTESIAN_POINT('',(-9.878950933136,-22.,-0.351422230383));
#8723 = CARTESIAN_POINT('',(-9.714392379893,-22.,-0.312951018396));
#8724 = CARTESIAN_POINT('',(-9.6559920731,-22.,-0.299128222285));
#8725 = CARTESIAN_POINT('',(-9.59761064502,-22.,-0.285104157542));
#8726 = CARTESIAN_POINT('',(-9.53925617669,-22.,-0.270844611618));
#8727 = CARTESIAN_POINT('',(-9.480939916628,-22.,-0.256307307506));
#8728 = CARTESIAN_POINT('',(-9.422678213983,-22.,-0.241433689504));
#8729 = CARTESIAN_POINT('',(-9.364494451685,-22.,-0.226140708984));
#8730 = CARTESIAN_POINT('',(-9.277981007643,-22.,-0.202561210587));
#8731 = CARTESIAN_POINT('',(-9.249568414128,-22.,-0.194681575817));
#8732 = CARTESIAN_POINT('',(-9.221187055518,-22.,-0.186658232132));
#8733 = CARTESIAN_POINT('',(-9.192841772191,-22.,-0.178474741989));
#8734 = CARTESIAN_POINT('',(-9.164539047997,-22.,-0.170111346191));
#8735 = CARTESIAN_POINT('',(-9.136287669814,-22.,-0.161542606061));
#8736 = CARTESIAN_POINT('',(-9.108099387095,-22.,-0.152735045618));
#8737 = CARTESIAN_POINT('',(-9.051000608405,-22.,-0.13427024009));
#8738 = CARTESIAN_POINT('',(-9.022120610715,-22.,-0.124599095711));
#8739 = CARTESIAN_POINT('',(-8.993336893667,-22.,-0.114588468744));
#8740 = CARTESIAN_POINT('',(-8.964672809393,-22.,-0.104151439511));
#8741 = CARTESIAN_POINT('',(-8.936166083916,-22.,-9.320350886971E-02));
#8742 = CARTESIAN_POINT('',(-8.90787359631,-22.,-8.164648710066E-02));
#8743 = CARTESIAN_POINT('',(-8.879902599955,-22.,-6.928982333338E-02));
#8744 = CARTESIAN_POINT('',(-8.829062613259,-22.,-4.412308139006E-02));
#8745 = CARTESIAN_POINT('',(-8.809295670953,-22.,-3.32656785644E-02));
#8746 = CARTESIAN_POINT('',(-8.789604938047,-22.,-2.14248075576E-02));
#8747 = CARTESIAN_POINT('',(-8.767975490855,-22.,-7.370154322471E-03));
#8748 = CARTESIAN_POINT('',(-8.746884500007,-22.,9.948133871928E-03));
#8749 = CARTESIAN_POINT('',(-8.728180116097,-22.,3.013849853187E-02));
#8750 = CARTESIAN_POINT('',(-8.720924452154,-22.,5.418039820364E-02));
#8751 = CARTESIAN_POINT('',(-8.735387244334,-22.,9.272316642091E-02));
#8752 = CARTESIAN_POINT('',(-8.742805507687,-22.,0.103420592019));
#8753 = CARTESIAN_POINT('',(-8.751932763257,-22.,0.112824935275));
#8754 = CARTESIAN_POINT('',(-8.76195074406,-22.,0.121173463574));
#8755 = CARTESIAN_POINT('',(-8.772337564682,-22.,0.128686732477));
#8756 = CARTESIAN_POINT('',(-8.782867721284,-22.,0.135568585715));
#8757 = CARTESIAN_POINT('',(-8.793612091596,-22.,0.142006155188));
#8758 = CARTESIAN_POINT('',(-8.819461310225,-22.,0.156073714995));
#8759 = CARTESIAN_POINT('',(-8.834317151165,-22.,0.16331442453));
#8760 = CARTESIAN_POINT('',(-8.849413265475,-22.,0.170027307509));
#8761 = CARTESIAN_POINT('',(-8.864677997735,-22.,0.176322563451));
#8762 = CARTESIAN_POINT('',(-8.88006022938,-22.,0.182285273463));
#8763 = CARTESIAN_POINT('',(-8.895529378695,-22.,0.187975400241));
#8764 = CARTESIAN_POINT('',(-8.911075400818,-22.,0.193427788067));
#8765 = CARTESIAN_POINT('',(-8.969070308728,-22.,0.212808561653));
#8766 = CARTESIAN_POINT('',(-9.011917204426,-22.,0.225358159645));
#8767 = CARTESIAN_POINT('',(-9.05503745549,-22.,0.236906895848));
#8768 = CARTESIAN_POINT('',(-9.098342781262,-22.,0.247657481946));
#8769 = CARTESIAN_POINT('',(-9.141772889139,-22.,0.257759630343));
#8770 = CARTESIAN_POINT('',(-9.185287670013,-22.,0.267346393641));
#8771 = CARTESIAN_POINT('',(-9.228882817066,-22.,0.276480723023));
#8772 = CARTESIAN_POINT('',(-9.317478147922,-22.,0.294238982976));
#8773 = CARTESIAN_POINT('',(-9.36245734441,-22.,0.302835251507));
#8774 = CARTESIAN_POINT('',(-9.407486171554,-22.,0.311089616582));
#8775 = CARTESIAN_POINT('',(-9.452552694353,-22.,0.319050386987));
#8776 = CARTESIAN_POINT('',(-9.49764811067,-22.,0.326753468669));
#8777 = CARTESIAN_POINT('',(-9.542766055999,-22.,0.334226111129));
#8778 = CARTESIAN_POINT('',(-9.587901908235,-22.,0.341490653828));
#8779 = CARTESIAN_POINT('',(-9.763684432995,-22.,0.369045839168));
#8780 = CARTESIAN_POINT('',(-9.894425281383,-22.,0.387955915998));
#8781 = CARTESIAN_POINT('',(-10.02518876584,-22.,0.405752756956));
#8782 = CARTESIAN_POINT('',(-10.15592314458,-22.,0.422677069879));
#8783 = CARTESIAN_POINT('',(-10.28659435668,-22.,0.438871704206));
#8784 = CARTESIAN_POINT('',(-10.41717656586,-22.,0.454448944906));
#8785 = CARTESIAN_POINT('',(-10.54764969715,-22.,0.469509412676));
#8786 = CARTESIAN_POINT('',(-10.77850498317,-22.,0.495371366948));
#8787 = CARTESIAN_POINT('',(-10.87893102746,-22.,0.506360427038));
#8788 = CARTESIAN_POINT('',(-10.9792741876,-22.,0.517108332046));
#8789 = CARTESIAN_POINT('',(-11.07952689796,-22.,0.527640216946));
#8790 = CARTESIAN_POINT('',(-11.17968193905,-22.,0.537977770312));
#8791 = CARTESIAN_POINT('',(-11.27973243745,-22.,0.548139234311));
#8792 = CARTESIAN_POINT('',(-11.37967186587,-22.,0.558139404709));
#8793 = CARTESIAN_POINT('',(-11.84246353541,-22.,0.603806637527));
#8794 = CARTESIAN_POINT('',(-12.20385861835,-22.,0.637658114663));
#8795 = CARTESIAN_POINT('',(-12.56339500339,-22.,0.670150079304));
#8796 = CARTESIAN_POINT('',(-12.92076016684,-22.,0.701653024431));
#8797 = CARTESIAN_POINT('',(-13.2755918082,-22.,0.732421102573));
#8798 = CARTESIAN_POINT('',(-13.62745403825,-22.,0.762700255502));
#8799 = CARTESIAN_POINT('',(-13.97581129678,-22.,0.792825290035));
#8800 = CARTESIAN_POINT('',(-14.32,-22.,0.823305899937));
#8801 = PCURVE('',#5117,#8802);
#8802 = DEFINITIONAL_REPRESENTATION('',(#8803),#8904);
#8803 = B_SPLINE_CURVE_WITH_KNOTS('',8,(#8804,#8805,#8806,#8807,#8808,
    #8809,#8810,#8811,#8812,#8813,#8814,#8815,#8816,#8817,#8818,#8819,
    #8820,#8821,#8822,#8823,#8824,#8825,#8826,#8827,#8828,#8829,#8830,
    #8831,#8832,#8833,#8834,#8835,#8836,#8837,#8838,#8839,#8840,#8841,
    #8842,#8843,#8844,#8845,#8846,#8847,#8848,#8849,#8850,#8851,#8852,
    #8853,#8854,#8855,#8856,#8857,#8858,#8859,#8860,#8861,#8862,#8863,
    #8864,#8865,#8866,#8867,#8868,#8869,#8870,#8871,#8872,#8873,#8874,
    #8875,#8876,#8877,#8878,#8879,#8880,#8881,#8882,#8883,#8884,#8885,
    #8886,#8887,#8888,#8889,#8890,#8891,#8892,#8893,#8894,#8895,#8896,
    #8897,#8898,#8899,#8900,#8901,#8902,#8903),.UNSPECIFIED.,.F.,.F.,(9,
    7,7,7,7,7,7,7,7,7,7,7,7,7,9),(2.04050073159E-02,0.265487711763,
    0.344692585983,0.42102330468,0.46302815454,0.483598936847,
    0.504813079789,0.522912136847,0.531339062971,0.542145093672,
    0.571426010127,0.601532953774,0.688640915448,0.755799733924,
    0.982675405169),.UNSPECIFIED.);
#8804 = CARTESIAN_POINT('',(4.835560853273,0.420990624358));
#8805 = CARTESIAN_POINT('',(4.813036799462,0.424867508619));
#8806 = CARTESIAN_POINT('',(4.790810503769,0.428504915189));
#8807 = CARTESIAN_POINT('',(4.768872974927,0.431951284084));
#8808 = CARTESIAN_POINT('',(4.74721089352,0.43524225769));
#8809 = CARTESIAN_POINT('',(4.725808873308,0.43840855409));
#8810 = CARTESIAN_POINT('',(4.704649774163,0.441478258529));
#8811 = CARTESIAN_POINT('',(4.683714979482,0.444479527662));
#8812 = CARTESIAN_POINT('',(4.656287618041,0.448409590428));
#8813 = CARTESIAN_POINT('',(4.649610648144,0.449366165871));
#8814 = CARTESIAN_POINT('',(4.642955173363,0.450320705589));
#8815 = CARTESIAN_POINT('',(4.636320753615,0.451274541997));
#8816 = CARTESIAN_POINT('',(4.62970699577,0.452229151254));
#8817 = CARTESIAN_POINT('',(4.623113572844,0.453186242578));
#8818 = CARTESIAN_POINT('',(4.616540243191,0.454147847554));
#8819 = CARTESIAN_POINT('',(4.603671302474,0.456049824546));
#8820 = CARTESIAN_POINT('',(4.597374317017,0.456989601349));
#8821 = CARTESIAN_POINT('',(4.591095810385,0.457938275767));
#8822 = CARTESIAN_POINT('',(4.584835728448,0.458898330743));
#8823 = CARTESIAN_POINT('',(4.578594214298,0.459872806753));
#8824 = CARTESIAN_POINT('',(4.572371756658,0.460865912299));
#8825 = CARTESIAN_POINT('',(4.566169338282,0.461883634414));
#8826 = CARTESIAN_POINT('',(4.556587311004,0.46351255824));
#8827 = CARTESIAN_POINT('',(4.553192693026,0.464100719766));
#8828 = CARTESIAN_POINT('',(4.549805010494,0.464700527601));
#8829 = CARTESIAN_POINT('',(4.546424617129,0.465313670999));
#8830 = CARTESIAN_POINT('',(4.543052056871,0.465942245781));
#8831 = CARTESIAN_POINT('',(4.539688180448,0.466589165532));
#8832 = CARTESIAN_POINT('',(4.536334261936,0.467258572785));
#8833 = CARTESIAN_POINT('',(4.531355385984,0.468297919581));
#8834 = CARTESIAN_POINT('',(4.529721533392,0.468646365333));
#8835 = CARTESIAN_POINT('',(4.528090775185,0.469002360101));
#8836 = CARTESIAN_POINT('',(4.526463386502,0.469366725987));
#8837 = CARTESIAN_POINT('',(4.524839739569,0.469740452754));
#8838 = CARTESIAN_POINT('',(4.523220343277,0.470124816013));
#8839 = CARTESIAN_POINT('',(4.521605882762,0.470521495417));
#8840 = CARTESIAN_POINT('',(4.518338324778,0.471356750669));
#8841 = CARTESIAN_POINT('',(4.51668706151,0.471796084066));
#8842 = CARTESIAN_POINT('',(4.515042751524,0.472252804083));
#8843 = CARTESIAN_POINT('',(4.51340678871,0.472731265759));
#8844 = CARTESIAN_POINT('',(4.51178139001,0.473235724519));
#8845 = CARTESIAN_POINT('',(4.510169877888,0.473771142946));
#8846 = CARTESIAN_POINT('',(4.50857853376,0.474347147926));
#8847 = CARTESIAN_POINT('',(4.505690362953,0.475529445906));
#8848 = CARTESIAN_POINT('',(4.504569111963,0.476042749193));
#8849 = CARTESIAN_POINT('',(4.503453463979,0.476605225151));
#8850 = CARTESIAN_POINT('',(4.502229477183,0.477275440199));
#8851 = CARTESIAN_POINT('',(4.501040051737,0.478109093376));
#8852 = CARTESIAN_POINT('',(4.499990800575,0.479089347058));
#8853 = CARTESIAN_POINT('',(4.499599073089,0.480276640629));
#8854 = CARTESIAN_POINT('',(4.50046335518,0.482215233176));
#8855 = CARTESIAN_POINT('',(4.500897923547,0.482757875154));
#8856 = CARTESIAN_POINT('',(4.501429051329,0.483238453356));
#8857 = CARTESIAN_POINT('',(4.502010220444,0.483667690062));
#8858 = CARTESIAN_POINT('',(4.502611833591,0.484055872412));
#8859 = CARTESIAN_POINT('',(4.503221214259,0.484412852409));
#8860 = CARTESIAN_POINT('',(4.503842606719,0.484748046915));
#8861 = CARTESIAN_POINT('',(4.5053365445,0.485483846315));
#8862 = CARTESIAN_POINT('',(4.506194596811,0.485864763304));
#8863 = CARTESIAN_POINT('',(4.507066200515,0.48621980532));
#8864 = CARTESIAN_POINT('',(4.507947372248,0.486554365599));
#8865 = CARTESIAN_POINT('',(4.508835277737,0.486872613917));
#8866 = CARTESIAN_POINT('',(4.509728231799,0.487177496586));
#8867 = CARTESIAN_POINT('',(4.510625698338,0.48747073646));
#8868 = CARTESIAN_POINT('',(4.513974028466,0.488517224902));
#8869 = CARTESIAN_POINT('',(4.516448529202,0.489202939366));
#8870 = CARTESIAN_POINT('',(4.518940337113,0.489839886148));
#8871 = CARTESIAN_POINT('',(4.521444659436,0.49043805446));
#8872 = CARTESIAN_POINT('',(4.523958243206,0.491004828488));
#8873 = CARTESIAN_POINT('',(4.526478974041,0.491546789521));
#8874 = CARTESIAN_POINT('',(4.529006726023,0.492067078185));
#8875 = CARTESIAN_POINT('',(4.534148779072,0.493085872965));
#8876 = CARTESIAN_POINT('',(4.536762004121,0.493583012629));
#8877 = CARTESIAN_POINT('',(4.539380889359,0.494064009307));
#8878 = CARTESIAN_POINT('',(4.542004859456,0.494531263454));
#8879 = CARTESIAN_POINT('',(4.544633506083,0.494986561846));
#8880 = CARTESIAN_POINT('',(4.547266552378,0.495431263415));
#8881 = CARTESIAN_POINT('',(4.549903817419,0.49586648508));
#8882 = CARTESIAN_POINT('',(4.560187396809,0.497528148775));
#8883 = CARTESIAN_POINT('',(4.567863247608,0.498692377396));
#8884 = CARTESIAN_POINT('',(4.575569777987,0.499808740349));
#8885 = CARTESIAN_POINT('',(4.583305808382,0.500889418319));
#8886 = CARTESIAN_POINT('',(4.591071115972,0.501941749961));
#8887 = CARTESIAN_POINT('',(4.598865972749,0.50297157528));
#8888 = CARTESIAN_POINT('',(4.606691040456,0.503984178191));
#8889 = CARTESIAN_POINT('',(4.620604918971,0.50575277117));
#8890 = CARTESIAN_POINT('',(4.626680693823,0.50651451652));
#8891 = CARTESIAN_POINT('',(4.632775332237,0.50726962026));
#8892 = CARTESIAN_POINT('',(4.638889264259,0.508019473787));
#8893 = CARTESIAN_POINT('',(4.645022964672,0.50876530394));
#8894 = CARTESIAN_POINT('',(4.651176953,0.509508173));
#8895 = CARTESIAN_POINT('',(4.657351793509,0.510248978687));
#8896 = CARTESIAN_POINT('',(4.684480418579,0.513486547474));
#8897 = CARTESIAN_POINT('',(4.70565638129,0.515970121642));
#8898 = CARTESIAN_POINT('',(4.727100442237,0.518470008656));
#8899 = CARTESIAN_POINT('',(4.748839833054,0.521009090283));
#8900 = CARTESIAN_POINT('',(4.770904978797,0.523606851271));
#8901 = CARTESIAN_POINT('',(4.793330409037,0.526283462753));
#8902 = CARTESIAN_POINT('',(4.816156159356,0.529063395855));
#8903 = CARTESIAN_POINT('',(4.839429663259,0.531978565496));
#8904 = ( GEOMETRIC_REPRESENTATION_CONTEXT(2) 
PARAMETRIC_REPRESENTATION_CONTEXT() REPRESENTATION_CONTEXT('2D SPACE',''
  ) );
#8905 = PCURVE('',#5861,#8906);
#8906 = DEFINITIONAL_REPRESENTATION('',(#8907),#9008);
#8907 = B_SPLINE_CURVE_WITH_KNOTS('',8,(#8908,#8909,#8910,#8911,#8912,
    #8913,#8914,#8915,#8916,#8917,#8918,#8919,#8920,#8921,#8922,#8923,
    #8924,#8925,#8926,#8927,#8928,#8929,#8930,#8931,#8932,#8933,#8934,
    #8935,#8936,#8937,#8938,#8939,#8940,#8941,#8942,#8943,#8944,#8945,
    #8946,#8947,#8948,#8949,#8950,#8951,#8952,#8953,#8954,#8955,#8956,
    #8957,#8958,#8959,#8960,#8961,#8962,#8963,#8964,#8965,#8966,#8967,
    #8968,#8969,#8970,#8971,#8972,#8973,#8974,#8975,#8976,#8977,#8978,
    #8979,#8980,#8981,#8982,#8983,#8984,#8985,#8986,#8987,#8988,#8989,
    #8990,#8991,#8992,#8993,#8994,#8995,#8996,#8997,#8998,#8999,#9000,
    #9001,#9002,#9003,#9004,#9005,#9006,#9007),.UNSPECIFIED.,.F.,.F.,(9,
    7,7,7,7,7,7,7,7,7,7,7,7,7,9),(0.,0.265487711763,0.344692585983,
    0.42102330468,0.46302815454,0.483598936847,0.504813079789,
    0.522912136847,0.531339062971,0.542145093672,0.571426010127,
    0.601532953774,0.688640915448,0.755799733924,1.),.UNSPECIFIED.);
#8908 = CARTESIAN_POINT('',(-1.213839277652,-3.22));
#8909 = CARTESIAN_POINT('',(-1.089079180917,-2.883317066747));
#8910 = CARTESIAN_POINT('',(-0.97414366666,-2.540101817279));
#8911 = CARTESIAN_POINT('',(-0.867212485955,-2.191550048636));
#8912 = CARTESIAN_POINT('',(-0.766970956042,-1.838602345121));
#8913 = CARTESIAN_POINT('',(-0.672313157044,-1.482014070545));
#8914 = CARTESIAN_POINT('',(-0.582261968546,-1.122378923635));
#8915 = CARTESIAN_POINT('',(-0.49589549565,-0.760150540547));
#8916 = CARTESIAN_POINT('',(-0.387060997308,-0.286979433363));
#8917 = CARTESIAN_POINT('',(-0.36228034584,-0.178061697934));
#8918 = CARTESIAN_POINT('',(-0.337696824468,-6.896581143635E-02));
#8919 = CARTESIAN_POINT('',(-0.313278939283,4.029604150168E-02));
#8920 = CARTESIAN_POINT('',(-0.288992555348,0.149711521914));
#8921 = CARTESIAN_POINT('',(-0.264799094341,0.25926777748));
#8922 = CARTESIAN_POINT('',(-0.240653732204,0.368951083506));
#8923 = CARTESIAN_POINT('',(-0.193229812053,0.584557671721));
#8924 = CARTESIAN_POINT('',(-0.169953632687,0.690472157079));
#8925 = CARTESIAN_POINT('',(-0.146620712523,0.796476251491));
#8926 = CARTESIAN_POINT('',(-0.123177964902,0.902555871877));
#8927 = CARTESIAN_POINT('',(-9.956134587201E-02,1.008694060928));
#8928 = CARTESIAN_POINT('',(-7.568363736372E-02,1.114868507476));
#8929 = CARTESIAN_POINT('',(-5.142223038307E-02,1.221049066864));
#8930 = CARTESIAN_POINT('',(-1.29510183963E-02,1.385607620107));
#8931 = CARTESIAN_POINT('',(8.717777146456E-04,1.4440079269));
#8932 = CARTESIAN_POINT('',(1.48958424583E-02,1.50238935498));
#8933 = CARTESIAN_POINT('',(2.915538838216E-02,1.56074382331));
#8934 = CARTESIAN_POINT('',(4.369269249424E-02,1.619060083372));
#8935 = CARTESIAN_POINT('',(5.856631049606E-02,1.677321786017));
#8936 = CARTESIAN_POINT('',(7.38592910156E-02,1.735505548315));
#8937 = CARTESIAN_POINT('',(9.743878941291E-02,1.822018992357));
#8938 = CARTESIAN_POINT('',(0.105318424183,1.850431585872));
#8939 = CARTESIAN_POINT('',(0.113341767868,1.878812944482));
#8940 = CARTESIAN_POINT('',(0.121525258011,1.90715822781));
#8941 = CARTESIAN_POINT('',(0.129888653809,1.935460952003));
#8942 = CARTESIAN_POINT('',(0.138457393939,1.963712330186));
#8943 = CARTESIAN_POINT('',(0.147264954382,1.991900612905));
#8944 = CARTESIAN_POINT('',(0.16572975991,2.048999391595));
#8945 = CARTESIAN_POINT('',(0.175400904289,2.077879389285));
#8946 = CARTESIAN_POINT('',(0.185411531256,2.106663106333));
#8947 = CARTESIAN_POINT('',(0.195848560489,2.135327190607));
#8948 = CARTESIAN_POINT('',(0.20679649113,2.163833916084));
#8949 = CARTESIAN_POINT('',(0.218353512899,2.19212640369));
#8950 = CARTESIAN_POINT('',(0.230710176667,2.220097400045));
#8951 = CARTESIAN_POINT('',(0.25587691861,2.270937386741));
#8952 = CARTESIAN_POINT('',(0.266734321436,2.290704329047));
#8953 = CARTESIAN_POINT('',(0.278575192442,2.310395061953));
#8954 = CARTESIAN_POINT('',(0.292629845678,2.332024509145));
#8955 = CARTESIAN_POINT('',(0.309948133872,2.353115499993));
#8956 = CARTESIAN_POINT('',(0.330138498532,2.371819883903));
#8957 = CARTESIAN_POINT('',(0.354180398204,2.379075547846));
#8958 = CARTESIAN_POINT('',(0.392723166421,2.364612755666));
#8959 = CARTESIAN_POINT('',(0.403420592019,2.357194492313));
#8960 = CARTESIAN_POINT('',(0.412824935275,2.348067236743));
#8961 = CARTESIAN_POINT('',(0.421173463574,2.33804925594));
#8962 = CARTESIAN_POINT('',(0.428686732477,2.327662435318));
#8963 = CARTESIAN_POINT('',(0.435568585715,2.317132278716));
#8964 = CARTESIAN_POINT('',(0.442006155188,2.306387908404));
#8965 = CARTESIAN_POINT('',(0.456073714995,2.280538689775));
#8966 = CARTESIAN_POINT('',(0.46331442453,2.265682848835));
#8967 = CARTESIAN_POINT('',(0.470027307509,2.250586734525));
#8968 = CARTESIAN_POINT('',(0.476322563451,2.235322002265));
#8969 = CARTESIAN_POINT('',(0.482285273463,2.21993977062));
#8970 = CARTESIAN_POINT('',(0.487975400241,2.204470621305));
#8971 = CARTESIAN_POINT('',(0.493427788067,2.188924599182));
#8972 = CARTESIAN_POINT('',(0.512808561653,2.130929691272));
#8973 = CARTESIAN_POINT('',(0.525358159645,2.088082795574));
#8974 = CARTESIAN_POINT('',(0.536906895848,2.04496254451));
#8975 = CARTESIAN_POINT('',(0.547657481946,2.001657218738));
#8976 = CARTESIAN_POINT('',(0.557759630343,1.958227110861));
#8977 = CARTESIAN_POINT('',(0.567346393641,1.914712329987));
#8978 = CARTESIAN_POINT('',(0.576480723023,1.871117182934));
#8979 = CARTESIAN_POINT('',(0.594238982976,1.782521852078));
#8980 = CARTESIAN_POINT('',(0.602835251507,1.73754265559));
#8981 = CARTESIAN_POINT('',(0.611089616582,1.692513828446));
#8982 = CARTESIAN_POINT('',(0.619050386987,1.647447305647));
#8983 = CARTESIAN_POINT('',(0.626753468669,1.60235188933));
#8984 = CARTESIAN_POINT('',(0.634226111129,1.557233944001));
#8985 = CARTESIAN_POINT('',(0.641490653828,1.512098091765));
#8986 = CARTESIAN_POINT('',(0.669045839168,1.336315567005));
#8987 = CARTESIAN_POINT('',(0.687955915998,1.205574718617));
#8988 = CARTESIAN_POINT('',(0.705752756956,1.074811234158));
#8989 = CARTESIAN_POINT('',(0.722677069879,0.944076855417));
#8990 = CARTESIAN_POINT('',(0.738871704206,0.813405643317));
#8991 = CARTESIAN_POINT('',(0.754448944906,0.682823434137));
#8992 = CARTESIAN_POINT('',(0.769509412676,0.552350302841));
#8993 = CARTESIAN_POINT('',(0.795371366948,0.321495016823));
#8994 = CARTESIAN_POINT('',(0.806360427038,0.221068972538));
#8995 = CARTESIAN_POINT('',(0.817108332046,0.120725812399));
#8996 = CARTESIAN_POINT('',(0.827640216946,2.047310203054E-02));
#8997 = CARTESIAN_POINT('',(0.837977770312,-7.96819390553E-02));
#8998 = CARTESIAN_POINT('',(0.848139234311,-0.179732437454));
#8999 = CARTESIAN_POINT('',(0.858139404709,-0.279671865872));
#9000 = CARTESIAN_POINT('',(0.903806637527,-0.742463535415));
#9001 = CARTESIAN_POINT('',(0.937658114663,-1.103858618354));
#9002 = CARTESIAN_POINT('',(0.970150079304,-1.463395003398));
#9003 = CARTESIAN_POINT('',(1.001653024431,-1.820760166842));
#9004 = CARTESIAN_POINT('',(1.032421102573,-2.1755918082));
#9005 = CARTESIAN_POINT('',(1.062700255502,-2.527454038253));
#9006 = CARTESIAN_POINT('',(1.092825290035,-2.875811296787));
#9007 = CARTESIAN_POINT('',(1.123305899937,-3.22));
#9008 = ( GEOMETRIC_REPRESENTATION_CONTEXT(2) 
PARAMETRIC_REPRESENTATION_CONTEXT() REPRESENTATION_CONTEXT('2D SPACE',''
  ) );
#9009 = ADVANCED_FACE('',(#9010),#5295,.F.);
#9010 = FACE_BOUND('',#9011,.F.);
#9011 = EDGE_LOOP('',(#9012,#9013));
#9012 = ORIENTED_EDGE('',*,*,#8343,.F.);
#9013 = ORIENTED_EDGE('',*,*,#5277,.T.);
#9014 = ADVANCED_FACE('',(#9015),#5861,.F.);
#9015 = FACE_BOUND('',#9016,.F.);
#9016 = EDGE_LOOP('',(#9017,#9018));
#9017 = ORIENTED_EDGE('',*,*,#8698,.F.);
#9018 = ORIENTED_EDGE('',*,*,#5843,.T.);
#9019 = ADVANCED_FACE('',(#9020),#6489,.T.);
#9020 = FACE_BOUND('',#9021,.T.);
#9021 = EDGE_LOOP('',(#9022,#9051,#9052,#9081));
#9022 = ORIENTED_EDGE('',*,*,#9023,.F.);
#9023 = EDGE_CURVE('',#6428,#7495,#9024,.T.);
#9024 = SURFACE_CURVE('',#9025,(#9039,#9045),.PCURVE_S1.);
#9025 = ( BOUNDED_CURVE() B_SPLINE_CURVE(7,(#9026,#9027,#9028,#9029,
    #9030,#9031,#9032,#9033,#9034,#9035,#9036,#9037,#9038),
.UNSPECIFIED.,.F.,.F.) B_SPLINE_CURVE_WITH_KNOTS((8,5,8),(0.,
0.572316345514,1.),.UNSPECIFIED.) CURVE() GEOMETRIC_REPRESENTATION_ITEM(
) RATIONAL_B_SPLINE_CURVE((1.,0.999999999999,1.000000000006,
    0.99999999998,1.000000000034,0.999999999978,1.000000000013,
    0.999999999992,1.000000000011,0.999999999992,1.000000000003,1.,1.)) 
REPRESENTATION_ITEM('') );
#9026 = CARTESIAN_POINT('',(16.676,21.7065,-10.5));
#9027 = CARTESIAN_POINT('',(16.174257648992,20.917987051244,
    -8.628241502707));
#9028 = CARTESIAN_POINT('',(20.792187071234,28.315074217348,
    -8.733290855657));
#9029 = CARTESIAN_POINT('',(7.388785906312,5.256220447218,
    -1.056708587136));
#9030 = CARTESIAN_POINT('',(32.009355102246,48.744939306206,
    -10.82247277985));
#9031 = CARTESIAN_POINT('',(9.070171705155,7.255217928419,2.067695186229
    ));
#9032 = CARTESIAN_POINT('',(20.078221716808,28.233329097802,
    -1.342188414743));
#9033 = CARTESIAN_POINT('',(17.987819536626,22.677915856995,
    4.51492883963));
#9034 = CARTESIAN_POINT('',(14.693410546524,19.783583723135,
    4.188245497625));
#9035 = CARTESIAN_POINT('',(19.106502508395,24.568820477959,
    6.661938916007));
#9036 = CARTESIAN_POINT('',(16.843091611367,22.142766406986,
    7.392451929016));
#9037 = CARTESIAN_POINT('',(17.052665207839,22.386928631446,
    8.74983766954));
#9038 = CARTESIAN_POINT('',(17.05,22.38075,10.));
#9039 = PCURVE('',#6489,#9040);
#9040 = DEFINITIONAL_REPRESENTATION('',(#9041),#9044);
#9041 = B_SPLINE_CURVE_WITH_KNOTS('',1,(#9042,#9043),.UNSPECIFIED.,.F.,
  .F.,(2,2),(2.720806856768E-02,0.967978734259),
  .PIECEWISE_BEZIER_KNOTS.);
#9042 = CARTESIAN_POINT('',(1.,2.720806856768E-02));
#9043 = CARTESIAN_POINT('',(1.,0.967978734259));
#9044 = ( GEOMETRIC_REPRESENTATION_CONTEXT(2) 
PARAMETRIC_REPRESENTATION_CONTEXT() REPRESENTATION_CONTEXT('2D SPACE',''
  ) );
#9045 = PCURVE('',#6622,#9046);
#9046 = DEFINITIONAL_REPRESENTATION('',(#9047),#9050);
#9047 = B_SPLINE_CURVE_WITH_KNOTS('',1,(#9048,#9049),.UNSPECIFIED.,.F.,
  .F.,(2,2),(2.720806856768E-02,0.967978734259),
  .PIECEWISE_BEZIER_KNOTS.);
#9048 = CARTESIAN_POINT('',(1.,2.720806856768E-02));
#9049 = CARTESIAN_POINT('',(1.,0.967978734259));
#9050 = ( GEOMETRIC_REPRESENTATION_CONTEXT(2) 
PARAMETRIC_REPRESENTATION_CONTEXT() REPRESENTATION_CONTEXT('2D SPACE',''
  ) );
#9051 = ORIENTED_EDGE('',*,*,#6425,.F.);
#9052 = ORIENTED_EDGE('',*,*,#9053,.T.);
#9053 = EDGE_CURVE('',#6426,#7493,#9054,.T.);
#9054 = SURFACE_CURVE('',#9055,(#9069,#9075),.PCURVE_S1.);
#9055 = ( BOUNDED_CURVE() B_SPLINE_CURVE(7,(#9056,#9057,#9058,#9059,
    #9060,#9061,#9062,#9063,#9064,#9065,#9066,#9067,#9068),
.UNSPECIFIED.,.F.,.F.) B_SPLINE_CURVE_WITH_KNOTS((8,5,8),(0.,
0.572316345514,1.),.UNSPECIFIED.) CURVE() GEOMETRIC_REPRESENTATION_ITEM(
) RATIONAL_B_SPLINE_CURVE((1.,0.999999999999,1.000000000006,
    0.99999999998,1.000000000034,0.999999999978,1.000000000013,
    0.999999999992,1.000000000011,0.999999999992,1.000000000003,1.,1.)) 
REPRESENTATION_ITEM('') );
#9056 = CARTESIAN_POINT('',(18.95,0.,-10.5));
#9057 = CARTESIAN_POINT('',(18.379838237481,0.,-8.628241502707));
#9058 = CARTESIAN_POINT('',(23.627485308294,0.,-8.733290855657));
#9059 = CARTESIAN_POINT('',(8.396347620556,0.,-1.056708587136));
#9060 = CARTESIAN_POINT('',(36.37426716206,0.,-10.82247277985));
#9061 = CARTESIAN_POINT('',(10.307013301058,0.,2.067695186229));
#9062 = CARTESIAN_POINT('',(22.816161041939,0.,-1.342188414743));
#9063 = CARTESIAN_POINT('',(20.440704018867,0.,4.51492883963));
#9064 = CARTESIAN_POINT('',(16.697057439235,0.,4.188245497625));
#9065 = CARTESIAN_POINT('',(21.711934668636,0.,6.661938916007));
#9066 = CARTESIAN_POINT('',(19.139876831096,0.,7.392451929016));
#9067 = CARTESIAN_POINT('',(19.378028645272,0.,8.74983766954));
#9068 = CARTESIAN_POINT('',(19.375,0.,10.));
#9069 = PCURVE('',#6489,#9070);
#9070 = DEFINITIONAL_REPRESENTATION('',(#9071),#9074);
#9071 = B_SPLINE_CURVE_WITH_KNOTS('',1,(#9072,#9073),.UNSPECIFIED.,.F.,
  .F.,(2,2),(2.720806856768E-02,0.967978734259),
  .PIECEWISE_BEZIER_KNOTS.);
#9072 = CARTESIAN_POINT('',(2.,2.720806856768E-02));
#9073 = CARTESIAN_POINT('',(2.,0.967978734259));
#9074 = ( GEOMETRIC_REPRESENTATION_CONTEXT(2) 
PARAMETRIC_REPRESENTATION_CONTEXT() REPRESENTATION_CONTEXT('2D SPACE',''
  ) );
#9075 = PCURVE('',#7390,#9076);
#9076 = DEFINITIONAL_REPRESENTATION('',(#9077),#9080);
#9077 = B_SPLINE_CURVE_WITH_KNOTS('',1,(#9078,#9079),.UNSPECIFIED.,.F.,
  .F.,(2,2),(2.720806856768E-02,0.967978734259),
  .PIECEWISE_BEZIER_KNOTS.);
#9078 = CARTESIAN_POINT('',(2.,2.720806856768E-02));
#9079 = CARTESIAN_POINT('',(2.,0.967978734259));
#9080 = ( GEOMETRIC_REPRESENTATION_CONTEXT(2) 
PARAMETRIC_REPRESENTATION_CONTEXT() REPRESENTATION_CONTEXT('2D SPACE',''
  ) );
#9081 = ORIENTED_EDGE('',*,*,#7492,.T.);
#9082 = ADVANCED_FACE('',(#9083),#7390,.T.);
#9083 = FACE_BOUND('',#9084,.T.);
#9084 = EDGE_LOOP('',(#9085,#9086,#9087,#9088));
#9085 = ORIENTED_EDGE('',*,*,#9053,.F.);
#9086 = ORIENTED_EDGE('',*,*,#7318,.F.);
#9087 = ORIENTED_EDGE('',*,*,#8249,.T.);
#9088 = ORIENTED_EDGE('',*,*,#8138,.T.);
#9089 = ADVANCED_FACE('',(#9090),#7033,.T.);
#9090 = FACE_BOUND('',#9091,.T.);
#9091 = EDGE_LOOP('',(#9092,#9093,#9094,#9123));
#9092 = ORIENTED_EDGE('',*,*,#8663,.F.);
#9093 = ORIENTED_EDGE('',*,*,#6971,.F.);
#9094 = ORIENTED_EDGE('',*,*,#9095,.T.);
#9095 = EDGE_CURVE('',#6827,#7735,#9096,.T.);
#9096 = SURFACE_CURVE('',#9097,(#9111,#9117),.PCURVE_S1.);
#9097 = ( BOUNDED_CURVE() B_SPLINE_CURVE(7,(#9098,#9099,#9100,#9101,
    #9102,#9103,#9104,#9105,#9106,#9107,#9108,#9109,#9110),
.UNSPECIFIED.,.F.,.F.) B_SPLINE_CURVE_WITH_KNOTS((8,5,8),(0.,
0.572316345514,1.),.UNSPECIFIED.) CURVE() GEOMETRIC_REPRESENTATION_ITEM(
) RATIONAL_B_SPLINE_CURVE((1.,0.999999999999,1.000000000006,
    0.99999999998,1.000000000034,0.999999999978,1.000000000013,
    0.999999999992,1.000000000011,0.999999999992,1.000000000003,1.,1.)) 
REPRESENTATION_ITEM('') );
#9098 = CARTESIAN_POINT('',(-18.95,0.,-10.5));
#9099 = CARTESIAN_POINT('',(-18.37983823748,0.,-8.628241502707));
#9100 = CARTESIAN_POINT('',(-23.62748530829,0.,-8.733290855657));
#9101 = CARTESIAN_POINT('',(-8.396347620556,0.,-1.056708587136));
#9102 = CARTESIAN_POINT('',(-36.37426716206,0.,-10.82247277985));
#9103 = CARTESIAN_POINT('',(-10.30701330105,0.,2.067695186229));
#9104 = CARTESIAN_POINT('',(-22.81616104193,0.,-1.342188414743));
#9105 = CARTESIAN_POINT('',(-20.44070401886,0.,4.51492883963));
#9106 = CARTESIAN_POINT('',(-16.69705743923,0.,4.188245497625));
#9107 = CARTESIAN_POINT('',(-21.71193466863,0.,6.661938916007));
#9108 = CARTESIAN_POINT('',(-19.13987683109,0.,7.392451929016));
#9109 = CARTESIAN_POINT('',(-19.37802864527,0.,8.74983766954));
#9110 = CARTESIAN_POINT('',(-19.375,0.,10.));
#9111 = PCURVE('',#7033,#9112);
#9112 = DEFINITIONAL_REPRESENTATION('',(#9113),#9116);
#9113 = B_SPLINE_CURVE_WITH_KNOTS('',1,(#9114,#9115),.UNSPECIFIED.,.F.,
  .F.,(2,2),(2.720806856768E-02,0.967978734259),
  .PIECEWISE_BEZIER_KNOTS.);
#9114 = CARTESIAN_POINT('',(6.,2.720806856768E-02));
#9115 = CARTESIAN_POINT('',(6.,0.967978734259));
#9116 = ( GEOMETRIC_REPRESENTATION_CONTEXT(2) 
PARAMETRIC_REPRESENTATION_CONTEXT() REPRESENTATION_CONTEXT('2D SPACE',''
  ) );
#9117 = PCURVE('',#6888,#9118);
#9118 = DEFINITIONAL_REPRESENTATION('',(#9119),#9122);
#9119 = B_SPLINE_CURVE_WITH_KNOTS('',1,(#9120,#9121),.UNSPECIFIED.,.F.,
  .F.,(2,2),(2.720806856768E-02,0.967978734259),
  .PIECEWISE_BEZIER_KNOTS.);
#9120 = CARTESIAN_POINT('',(6.,2.720806856768E-02));
#9121 = CARTESIAN_POINT('',(6.,0.967978734259));
#9122 = ( GEOMETRIC_REPRESENTATION_CONTEXT(2) 
PARAMETRIC_REPRESENTATION_CONTEXT() REPRESENTATION_CONTEXT('2D SPACE',''
  ) );
#9123 = ORIENTED_EDGE('',*,*,#7826,.T.);
#9124 = ADVANCED_FACE('',(#9125),#6888,.T.);
#9125 = FACE_BOUND('',#9126,.T.);
#9126 = EDGE_LOOP('',(#9127,#9128,#9129,#9158));
#9127 = ORIENTED_EDGE('',*,*,#9095,.F.);
#9128 = ORIENTED_EDGE('',*,*,#6826,.F.);
#9129 = ORIENTED_EDGE('',*,*,#9130,.T.);
#9130 = EDGE_CURVE('',#6700,#7661,#9131,.T.);
#9131 = SURFACE_CURVE('',#9132,(#9146,#9152),.PCURVE_S1.);
#9132 = ( BOUNDED_CURVE() B_SPLINE_CURVE(7,(#9133,#9134,#9135,#9136,
    #9137,#9138,#9139,#9140,#9141,#9142,#9143,#9144,#9145),
.UNSPECIFIED.,.F.,.F.) B_SPLINE_CURVE_WITH_KNOTS((8,5,8),(0.,
0.572316345514,1.),.UNSPECIFIED.) CURVE() GEOMETRIC_REPRESENTATION_ITEM(
) RATIONAL_B_SPLINE_CURVE((1.,0.999999999999,1.000000000006,
    0.99999999998,1.000000000034,0.999999999978,1.000000000013,
    0.999999999992,1.000000000011,0.999999999992,1.000000000003,1.,1.)) 
REPRESENTATION_ITEM('') );
#9133 = CARTESIAN_POINT('',(-16.676,21.7065,-10.5));
#9134 = CARTESIAN_POINT('',(-16.17425764899,20.917987051244,
    -8.628241502707));
#9135 = CARTESIAN_POINT('',(-20.79218707123,28.315074217348,
    -8.733290855657));
#9136 = CARTESIAN_POINT('',(-7.388785906312,5.256220447218,
    -1.056708587136));
#9137 = CARTESIAN_POINT('',(-32.00935510224,48.744939306206,
    -10.82247277985));
#9138 = CARTESIAN_POINT('',(-9.070171705155,7.255217928419,
    2.067695186229));
#9139 = CARTESIAN_POINT('',(-20.0782217168,28.233329097802,
    -1.342188414743));
#9140 = CARTESIAN_POINT('',(-17.98781953662,22.677915856995,
    4.51492883963));
#9141 = CARTESIAN_POINT('',(-14.69341054652,19.783583723135,
    4.188245497625));
#9142 = CARTESIAN_POINT('',(-19.10650250839,24.568820477959,
    6.661938916007));
#9143 = CARTESIAN_POINT('',(-16.84309161136,22.142766406986,
    7.392451929016));
#9144 = CARTESIAN_POINT('',(-17.05266520783,22.386928631446,
    8.74983766954));
#9145 = CARTESIAN_POINT('',(-17.05,22.38075,10.));
#9146 = PCURVE('',#6888,#9147);
#9147 = DEFINITIONAL_REPRESENTATION('',(#9148),#9151);
#9148 = B_SPLINE_CURVE_WITH_KNOTS('',1,(#9149,#9150),.UNSPECIFIED.,.F.,
  .F.,(2,2),(2.720806856768E-02,0.967978734259),
  .PIECEWISE_BEZIER_KNOTS.);
#9149 = CARTESIAN_POINT('',(7.,2.720806856768E-02));
#9150 = CARTESIAN_POINT('',(7.,0.967978734259));
#9151 = ( GEOMETRIC_REPRESENTATION_CONTEXT(2) 
PARAMETRIC_REPRESENTATION_CONTEXT() REPRESENTATION_CONTEXT('2D SPACE',''
  ) );
#9152 = PCURVE('',#6749,#9153);
#9153 = DEFINITIONAL_REPRESENTATION('',(#9154),#9157);
#9154 = B_SPLINE_CURVE_WITH_KNOTS('',1,(#9155,#9156),.UNSPECIFIED.,.F.,
  .F.,(2,2),(2.720806856768E-02,0.967978734259),
  .PIECEWISE_BEZIER_KNOTS.);
#9155 = CARTESIAN_POINT('',(7.,2.720806856768E-02));
#9156 = CARTESIAN_POINT('',(7.,0.967978734259));
#9157 = ( GEOMETRIC_REPRESENTATION_CONTEXT(2) 
PARAMETRIC_REPRESENTATION_CONTEXT() REPRESENTATION_CONTEXT('2D SPACE',''
  ) );
#9158 = ORIENTED_EDGE('',*,*,#7734,.T.);
#9159 = ADVANCED_FACE('',(#9160),#6749,.T.);
#9160 = FACE_BOUND('',#9161,.T.);
#9161 = EDGE_LOOP('',(#9162,#9163,#9164,#9193));
#9162 = ORIENTED_EDGE('',*,*,#9130,.F.);
#9163 = ORIENTED_EDGE('',*,*,#6699,.F.);
#9164 = ORIENTED_EDGE('',*,*,#9165,.T.);
#9165 = EDGE_CURVE('',#6573,#7587,#9166,.T.);
#9166 = SURFACE_CURVE('',#9167,(#9181,#9187),.PCURVE_S1.);
#9167 = ( BOUNDED_CURVE() B_SPLINE_CURVE(7,(#9168,#9169,#9170,#9171,
    #9172,#9173,#9174,#9175,#9176,#9177,#9178,#9179,#9180),
.UNSPECIFIED.,.F.,.F.) B_SPLINE_CURVE_WITH_KNOTS((8,5,8),(0.,
0.572316345514,1.),.UNSPECIFIED.) CURVE() GEOMETRIC_REPRESENTATION_ITEM(
) RATIONAL_B_SPLINE_CURVE((1.,0.999999999999,1.000000000006,
    0.99999999998,1.000000000034,0.999999999978,1.000000000013,
    0.999999999992,1.000000000011,0.999999999992,1.000000000003,1.,1.)) 
REPRESENTATION_ITEM('') );
#9168 = CARTESIAN_POINT('',(0.,24.95,-10.5));
#9169 = CARTESIAN_POINT('',(0.,24.043663277295,-8.628241502707));
#9170 = CARTESIAN_POINT('',(0.,32.54606231877,-8.733290855657));
#9171 = CARTESIAN_POINT('',(0.,6.041632698024,-1.056708587136));
#9172 = CARTESIAN_POINT('',(0.,56.028665869086,-10.82247277985));
#9173 = CARTESIAN_POINT('',(0.,8.339330952262,2.067695186229));
#9174 = CARTESIAN_POINT('',(0.,32.452102411291,-1.342188414743));
#9175 = CARTESIAN_POINT('',(0.,26.066569950501,4.51492883963));
#9176 = CARTESIAN_POINT('',(0.,22.73975140605,4.188245497625));
#9177 = CARTESIAN_POINT('',(0.,28.240023537776,6.661938916007));
#9178 = CARTESIAN_POINT('',(0.,25.451455640252,7.392451929016));
#9179 = CARTESIAN_POINT('',(0.,25.732101875219,8.74983766954));
#9180 = CARTESIAN_POINT('',(0.,25.725,10.));
#9181 = PCURVE('',#6749,#9182);
#9182 = DEFINITIONAL_REPRESENTATION('',(#9183),#9186);
#9183 = B_SPLINE_CURVE_WITH_KNOTS('',1,(#9184,#9185),.UNSPECIFIED.,.F.,
  .F.,(2,2),(2.720806856768E-02,0.967978734259),
  .PIECEWISE_BEZIER_KNOTS.);
#9184 = CARTESIAN_POINT('',(8.,2.720806856768E-02));
#9185 = CARTESIAN_POINT('',(8.,0.967978734259));
#9186 = ( GEOMETRIC_REPRESENTATION_CONTEXT(2) 
PARAMETRIC_REPRESENTATION_CONTEXT() REPRESENTATION_CONTEXT('2D SPACE',''
  ) );
#9187 = PCURVE('',#6622,#9188);
#9188 = DEFINITIONAL_REPRESENTATION('',(#9189),#9192);
#9189 = B_SPLINE_CURVE_WITH_KNOTS('',1,(#9190,#9191),.UNSPECIFIED.,.F.,
  .F.,(2,2),(2.720806856768E-02,0.967978734259),
  .PIECEWISE_BEZIER_KNOTS.);
#9190 = CARTESIAN_POINT('',(0.,2.720806856768E-02));
#9191 = CARTESIAN_POINT('',(0.,0.967978734259));
#9192 = ( GEOMETRIC_REPRESENTATION_CONTEXT(2) 
PARAMETRIC_REPRESENTATION_CONTEXT() REPRESENTATION_CONTEXT('2D SPACE',''
  ) );
#9193 = ORIENTED_EDGE('',*,*,#7660,.T.);
#9194 = ADVANCED_FACE('',(#9195),#6622,.T.);
#9195 = FACE_BOUND('',#9196,.T.);
#9196 = EDGE_LOOP('',(#9197,#9198,#9199,#9200));
#9197 = ORIENTED_EDGE('',*,*,#9165,.F.);
#9198 = ORIENTED_EDGE('',*,*,#6572,.F.);
#9199 = ORIENTED_EDGE('',*,*,#9023,.T.);
#9200 = ORIENTED_EDGE('',*,*,#7586,.T.);
#9201 = ( GEOMETRIC_REPRESENTATION_CONTEXT(3) 
GLOBAL_UNCERTAINTY_ASSIGNED_CONTEXT((#9205)) 
GLOBAL_UNIT_ASSIGNED_CONTEXT((#9202,#9203,#9204)) REPRESENTATION_CONTEXT
('Context #1','3D Context with UNIT and UNCERTAINTY') );
#9202 = ( LENGTH_UNIT() NAMED_UNIT(*) SI_UNIT(.MILLI.,.METRE.) );
#9203 = ( NAMED_UNIT(*) PLANE_ANGLE_UNIT() SI_UNIT($,.RADIAN.) );
#9204 = ( NAMED_UNIT(*) SI_UNIT($,.STERADIAN.) SOLID_ANGLE_UNIT() );
#9205 = UNCERTAINTY_MEASURE_WITH_UNIT(LENGTH_MEASURE(2.E-05),#9202,
  'distance_accuracy_value','confusion accuracy');
#9206 = PRODUCT_RELATED_PRODUCT_CATEGORY('part',$,(#7));
ENDSEC;
END-ISO-10303-21;
