Blender 4.5.13 LTS (hash daeeeca98fb0 built 2026-08-25 01:31:19)
Read blend: "/home/runner/work/future/future/workspaces/glasshouse-terminus/output/g4-coast-r07/g4-full-scene-candidate.blend"
Fra:451 Mem:777.54M (Peak 1004.98M) | Time:00:02.03 | Mem:0.00M, Peak:0.00M | Scene, ViewLayer | Synchronizing object | QA_sky_key
Fra:451 Mem:777.54M (Peak 1004.98M) | Time:00:02.03 | Mem:0.00M, Peak:0.00M | Scene, ViewLayer | Synchronizing object | QA_front_fill
Fra:451 Mem:777.55M (Peak 1004.98M) | Time:00:02.03 | Mem:0.00M, Peak:0.00M | Scene, ViewLayer | Synchronizing object | QA_back_fill
Fra:451 Mem:777.55M (Peak 1004.98M) | Time:00:02.03 | Mem:0.00M, Peak:0.00M | Scene, ViewLayer | Synchronizing object | QA_interior_fill.001
Fra:451 Mem:777.55M (Peak 1004.98M) | Time:00:02.03 | Mem:0.00M, Peak:0.00M | Scene, ViewLayer | Synchronizing object | QA_interior_fill.002
Fra:451 Mem:777.55M (Peak 1004.98M) | Time:00:02.03 | Mem:0.00M, Peak:0.00M | Scene, ViewLayer | Synchronizing object | Platform_coping_edge
Fra:451 Mem:777.55M (Peak 1004.98M) | Time:00:02.03 | Mem:0.00M, Peak:0.00M | Scene, ViewLayer | Synchronizing object | Terrace_guard_post.008
Fra:451 Mem:777.58M (Peak 1004.98M) | Time:00:02.03 | Mem:0.00M, Peak:0.00M | Scene, ViewLayer | Synchronizing object | Terrace_guard_rail
Fra:451 Mem:777.58M (Peak 1004.98M) | Time:00:02.03 | Mem:0.00M, Peak:0.00M | Scene, ViewLayer | Synchronizing object | Terrace_guard_post.017
Fra:451 Mem:777.59M (Peak 1004.98M) | Time:00:02.03 | Mem:0.00M, Peak:0.00M | Scene, ViewLayer | Synchronizing object | Terrace_guard_post.022
Fra:451 Mem:777.59M (Peak 1004.98M) | Time:00:02.03 | Mem:0.00M, Peak:0.00M | Scene, ViewLayer | Synchronizing object | Terrace_guard_post.029
Fra:451 Mem:777.59M (Peak 1004.98M) | Time:00:02.04 | Mem:0.00M, Peak:0.00M | Scene, ViewLayer | Synchronizing object | Hall_continuous_floor
Fra:451 Mem:777.60M (Peak 1004.98M) | Time:00:02.04 | Mem:0.00M, Peak:0.00M | Scene, ViewLayer | Synchronizing object | Terrace_guard_rail.003
Fra:451 Mem:777.63M (Peak 1004.98M) | Time:00:02.04 | Mem:0.00M, Peak:0.00M | Scene, ViewLayer | Synchronizing object | Terrace_guard_post.001
Fra:451 Mem:777.64M (Peak 1004.98M) | Time:00:02.04 | Mem:0.00M, Peak:0.00M | Scene, ViewLayer | Synchronizing object | Terrace_guard_post.007
Fra:451 Mem:777.65M (Peak 1004.98M) | Time:00:02.04 | Mem:0.00M, Peak:0.00M | Scene, ViewLayer | Synchronizing object | Terrace_guard_post.016
Fra:451 Mem:777.67M (Peak 1004.98M) | Time:00:02.04 | Mem:0.00M, Peak:0.00M | Scene, ViewLayer | Synchronizing object | Terrace_guard_post.021
Fra:451 Mem:777.66M (Peak 1004.98M) | Time:00:02.04 | Mem:0.00M, Peak:0.00M | Scene, ViewLayer | Synchronizing object | Terrace_guard_post.028
Fra:451 Mem:777.66M (Peak 1004.98M) | Time:00:02.04 | Mem:0.00M, Peak:0.00M | Scene, ViewLayer | Synchronizing object | Hall_entry_step.002
Fra:451 Mem:777.67M (Peak 1004.98M) | Time:00:02.04 | Mem:0.00M, Peak:0.00M | Scene, ViewLayer | Synchronizing object | Hall_entry_step.001
Fra:451 Mem:777.68M (Peak 1004.98M) | Time:00:02.04 | Mem:0.00M, Peak:0.00M | Scene, ViewLayer | Synchronizing object | Terrace_guard_rail.005
Fra:451 Mem:777.73M (Peak 1004.98M) | Time:00:02.04 | Mem:0.00M, Peak:0.00M | Scene, ViewLayer | Synchronizing object | Terrace_guard_rail.002
Fra:451 Mem:777.72M (Peak 1004.98M) | Time:00:02.04 | Mem:0.00M, Peak:0.00M | Scene, ViewLayer | Synchronizing object | Platform_drain_channel
Fra:451 Mem:777.72M (Peak 1004.98M) | Time:00:02.04 | Mem:0.00M, Peak:0.00M | Scene, ViewLayer | Synchronizing object | Terrace_guard_post.003
Fra:451 Mem:777.72M (Peak 1004.98M) | Time:00:02.04 | Mem:0.00M, Peak:0.00M | Scene, ViewLayer | Synchronizing object | Terrace_guard_post.015
Fra:451 Mem:777.73M (Peak 1004.98M) | Time:00:02.04 | Mem:0.00M, Peak:0.00M | Scene, ViewLayer | Synchronizing object | Terrace_guard_post.020
Fra:451 Mem:777.74M (Peak 1004.98M) | Time:00:02.04 | Mem:0.00M, Peak:0.00M | Scene, ViewLayer | Synchronizing object | Terrace_guard_post.027
Fra:451 Mem:777.74M (Peak 1004.98M) | Time:00:02.04 | Mem:0.00M, Peak:0.00M | Scene, ViewLayer | Synchronizing object | Terrace_guard_post.035
Fra:451 Mem:777.76M (Peak 1004.98M) | Time:00:02.04 | Mem:0.00M, Peak:0.00M | Scene, ViewLayer | Synchronizing object | Hall_entry_step.003
Fra:451 Mem:777.76M (Peak 1004.98M) | Time:00:02.04 | Mem:0.00M, Peak:0.00M | Scene, ViewLayer | Synchronizing object | Terrace_guard_rail.004
Fra:451 Mem:777.76M (Peak 1004.98M) | Time:00:02.04 | Mem:0.00M, Peak:0.00M | Scene, ViewLayer | Synchronizing object | Terrace_guard_post.014
Fra:451 Mem:777.78M (Peak 1004.98M) | Time:00:02.04 | Mem:0.00M, Peak:0.00M | Scene, ViewLayer | Synchronizing object | Terrace_guard_post.019
Fra:451 Mem:777.80M (Peak 1004.98M) | Time:00:02.04 | Mem:0.00M, Peak:0.00M | Scene, ViewLayer | Synchronizing object | Terrace_guard_post.034
Fra:451 Mem:777.81M (Peak 1004.98M) | Time:00:02.04 | Mem:0.00M, Peak:0.00M | Scene, ViewLayer | Synchronizing object | Hall_entry_step
Fra:451 Mem:777.83M (Peak 1004.98M) | Time:00:02.04 | Mem:0.00M, Peak:0.00M | Scene, ViewLayer | Synchronizing object | Hall_entry_step.004
Fra:451 Mem:777.87M (Peak 1004.98M) | Time:00:02.04 | Mem:0.00M, Peak:0.00M | Scene, ViewLayer | Synchronizing object | Terrace_guard_post.005
Fra:451 Mem:777.86M (Peak 1004.98M) | Time:00:02.04 | Mem:0.00M, Peak:0.00M | Scene, ViewLayer | Synchronizing object | Terrace_guard_post.013
Fra:451 Mem:777.87M (Peak 1004.98M) | Time:00:02.04 | Mem:0.00M, Peak:0.00M | Scene, ViewLayer | Synchronizing object | Terrace_guard_post.018
Fra:451 Mem:777.89M (Peak 1004.98M) | Time:00:02.04 | Mem:0.00M, Peak:0.00M | Scene, ViewLayer | Synchronizing object | Terrace_guard_rail.001
Fra:451 Mem:777.88M (Peak 1004.98M) | Time:00:02.04 | Mem:0.00M, Peak:0.00M | Scene, ViewLayer | Synchronizing object | Hall_entry_step.005
Fra:451 Mem:777.92M (Peak 1004.98M) | Time:00:02.04 | Mem:0.00M, Peak:0.00M | Scene, ViewLayer | Synchronizing object | Terrace_guard_post
Fra:451 Mem:777.92M (Peak 1004.98M) | Time:00:02.04 | Mem:0.00M, Peak:0.00M | Scene, ViewLayer | Synchronizing object | Terrace_guard_post.002
Fra:451 Mem:777.92M (Peak 1004.98M) | Time:00:02.04 | Mem:0.00M, Peak:0.00M | Scene, ViewLayer | Synchronizing object | Terrace_guard_post.012
Fra:451 Mem:777.93M (Peak 1004.98M) | Time:00:02.04 | Mem:0.00M, Peak:0.00M | Scene, ViewLayer | Synchronizing object | Terrace_guard_post.025
Fra:451 Mem:777.93M (Peak 1004.98M) | Time:00:02.04 | Mem:0.00M, Peak:0.00M | Scene, ViewLayer | Synchronizing object | Terrace_guard_post.032
Fra:451 Mem:777.94M (Peak 1004.98M) | Time:00:02.04 | Mem:0.00M, Peak:0.00M | Scene, ViewLayer | Synchronizing object | Hall_entry_step.006
Fra:451 Mem:777.95M (Peak 1004.98M) | Time:00:02.04 | Mem:0.00M, Peak:0.00M | Scene, ViewLayer | Synchronizing object | Terrace_guard_post.004
Fra:451 Mem:777.99M (Peak 1004.98M) | Time:00:02.04 | Mem:0.00M, Peak:0.00M | Scene, ViewLayer | Synchronizing object | Terrace_guard_post.011
Fra:451 Mem:777.98M (Peak 1004.98M) | Time:00:02.04 | Mem:0.00M, Peak:0.00M | Scene, ViewLayer | Synchronizing object | Terrace_guard_post.024
Fra:451 Mem:777.99M (Peak 1004.98M) | Time:00:02.04 | Mem:0.00M, Peak:0.00M | Scene, ViewLayer | Synchronizing object | Terrace_guard_post.026
Fra:451 Mem:778.00M (Peak 1004.98M) | Time:00:02.04 | Mem:0.00M, Peak:0.00M | Scene, ViewLayer | Synchronizing object | Bridge_continuous_guard.002
Fra:451 Mem:777.99M (Peak 1004.98M) | Time:00:02.04 | Mem:0.00M, Peak:0.00M | Scene, ViewLayer | Synchronizing object | Hall_plinth
Fra:451 Mem:778.08M (Peak 1004.98M) | Time:00:02.04 | Mem:0.00M, Peak:0.00M | Scene, ViewLayer | Synchronizing object | Load_bearing_masonry_terrace
Fra:451 Mem:778.16M (Peak 1004.98M) | Time:00:02.04 | Mem:0.00M, Peak:0.00M | Scene, ViewLayer | Synchronizing object | Ocean_extent
Fra:451 Mem:778.18M (Peak 1004.98M) | Time:00:02.04 | Mem:0.00M, Peak:0.00M | Scene, ViewLayer | Synchronizing object | Complete_cliff_mass
Fra:451 Mem:778.18M (Peak 1004.98M) | Time:00:02.04 | Mem:0.00M, Peak:0.00M | Scene, ViewLayer | Synchronizing object | G4COAST_adapted_scanned_cliff_ring
Fra:451 Mem:780.17M (Peak 1004.98M) | Time:00:02.04 | Mem:0.00M, Peak:0.00M | Scene, ViewLayer | Synchronizing object | Bridge_continuous_guard.003
Fra:451 Mem:818.04M (Peak 1004.98M) | Time:00:02.04 | Mem:0.00M, Peak:0.00M | Scene, ViewLayer | Synchronizing object | Viaduct_pier.003
Fra:451 Mem:818.07M (Peak 1004.98M) | Time:00:02.04 | Mem:0.00M, Peak:0.00M | Scene, ViewLayer | Synchronizing object | Bridge_continuous_guard
Fra:451 Mem:818.76M (Peak 1004.98M) | Time:00:02.04 | Mem:0.00M, Peak:0.00M | Scene, ViewLayer | Synchronizing object | Bridge_continuous_guard.001
Fra:451 Mem:824.54M (Peak 1004.98M) | Time:00:02.05 | Mem:0.00M, Peak:0.00M | Scene, ViewLayer | Synchronizing object | Downpipe.002
Fra:451 Mem:824.55M (Peak 1004.98M) | Time:00:02.05 | Mem:0.00M, Peak:0.00M | Scene, ViewLayer | Synchronizing object | Downpipe.003
Fra:451 Mem:833.29M (Peak 1004.98M) | Time:00:02.05 | Mem:0.00M, Peak:0.00M | Scene, ViewLayer | Synchronizing object | Viaduct_bedrock_footing.003
Fra:451 Mem:834.91M (Peak 1004.98M) | Time:00:02.05 | Mem:0.00M, Peak:0.00M | Scene, ViewLayer | Synchronizing object | Viaduct_pier
Fra:451 Mem:840.63M (Peak 1004.98M) | Time:00:02.05 | Mem:0.00M, Peak:0.00M | Scene, ViewLayer | Synchronizing object | Downpipe
Fra:451 Mem:845.89M (Peak 1004.98M) | Time:00:02.05 | Mem:0.00M, Peak:0.00M | Scene, ViewLayer | Synchronizing object | Downpipe.001
Fra:451 Mem:846.89M (Peak 1004.98M) | Time:00:02.06 | Mem:0.00M, Peak:0.00M | Scene, ViewLayer | Synchronizing object | Viaduct_pier.011
Fra:451 Mem:846.92M (Peak 1004.98M) | Time:00:02.06 | Mem:0.00M, Peak:0.00M | Scene, ViewLayer | Synchronizing object | Viaduct_bedrock_footing.005
Fra:451 Mem:846.94M (Peak 1004.98M) | Time:00:02.06 | Mem:0.00M, Peak:0.00M | Scene, ViewLayer | Synchronizing object | Viaduct_bedrock_footing.011
Fra:451 Mem:846.96M (Peak 1004.98M) | Time:00:02.06 | Mem:0.00M, Peak:0.00M | Scene, ViewLayer | Synchronizing object | Viaduct_bedrock_footing
Fra:451 Mem:846.99M (Peak 1004.98M) | Time:00:02.06 | Mem:0.00M, Peak:0.00M | Scene, ViewLayer | Synchronizing object | Viaduct_pier.009
Fra:451 Mem:847.01M (Peak 1004.98M) | Time:00:02.06 | Mem:0.00M, Peak:0.00M | Scene, ViewLayer | Synchronizing object | Viaduct_pier.007
Fra:451 Mem:857.78M (Peak 1004.98M) | Time:00:02.07 | Mem:0.00M, Peak:0.00M | Scene, ViewLayer | Synchronizing object | Viaduct_pier.001
Fra:451 Mem:862.23M (Peak 1004.98M) | Time:00:02.07 | Mem:0.00M, Peak:0.00M | Scene, ViewLayer | Synchronizing object | Car_armrest.013
Fra:451 Mem:862.23M (Peak 1004.98M) | Time:00:02.07 | Mem:0.00M, Peak:0.00M | Scene, ViewLayer | Synchronizing object | Cab_windscreen_surround.001
Fra:451 Mem:862.26M (Peak 1004.98M) | Time:00:02.07 | Mem:0.00M, Peak:0.00M | Scene, ViewLayer | Synchronizing object | Car_armrest.002
Fra:451 Mem:862.27M (Peak 1004.98M) | Time:00:02.07 | Mem:0.00M, Peak:0.00M | Scene, ViewLayer | Synchronizing object | Car_armrest.011
Fra:451 Mem:862.27M (Peak 1004.98M) | Time:00:02.07 | Mem:0.00M, Peak:0.00M | Scene, ViewLayer | Synchronizing object | Car_armrest.009
Fra:451 Mem:862.28M (Peak 1004.98M) | Time:00:02.07 | Mem:0.00M, Peak:0.00M | Scene, ViewLayer | Synchronizing object | Cab_windscreen_surround.002
Fra:451 Mem:862.32M (Peak 1004.98M) | Time:00:02.07 | Mem:0.00M, Peak:0.00M | Scene, ViewLayer | Synchronizing object | Car_armrest.005
Fra:451 Mem:862.32M (Peak 1004.98M) | Time:00:02.07 | Mem:0.00M, Peak:0.00M | Scene, ViewLayer | Synchronizing object | Car_armrest.003
Fra:451 Mem:862.33M (Peak 1004.98M) | Time:00:02.07 | Mem:0.00M, Peak:0.00M | Scene, ViewLayer | Synchronizing object | Car_armrest.006
Fra:451 Mem:862.34M (Peak 1004.98M) | Time:00:02.07 | Mem:0.00M, Peak:0.00M | Scene, ViewLayer | Synchronizing object | Cab_windscreen_surround.003
Fra:451 Mem:862.37M (Peak 1004.98M) | Time:00:02.07 | Mem:0.00M, Peak:0.00M | Scene, ViewLayer | Synchronizing object | Car_armrest
Fra:451 Mem:862.38M (Peak 1004.98M) | Time:00:02.07 | Mem:0.00M, Peak:0.00M | Scene, ViewLayer | Synchronizing object | Car_armrest.018
Fra:451 Mem:862.38M (Peak 1004.98M) | Time:00:02.07 | Mem:0.00M, Peak:0.00M | Scene, ViewLayer | Synchronizing object | Car_armrest.016
Fra:451 Mem:862.38M (Peak 1004.98M) | Time:00:02.07 | Mem:0.00M, Peak:0.00M | Scene, ViewLayer | Synchronizing object | Car_armrest.014
Fra:451 Mem:862.39M (Peak 1004.98M) | Time:00:02.07 | Mem:0.00M, Peak:0.00M | Scene, ViewLayer | Synchronizing object | Car_armrest.012
Fra:451 Mem:862.39M (Peak 1004.98M) | Time:00:02.07 | Mem:0.00M, Peak:0.00M | Scene, ViewLayer | Synchronizing object | Car_armrest.010
Fra:451 Mem:862.39M (Peak 1004.98M) | Time:00:02.07 | Mem:0.00M, Peak:0.00M | Scene, ViewLayer | Synchronizing object | Car_armrest.007
Fra:451 Mem:862.40M (Peak 1004.98M) | Time:00:02.07 | Mem:0.00M, Peak:0.00M | Scene, ViewLayer | Synchronizing object | Car_armrest.008
Fra:451 Mem:862.40M (Peak 1004.98M) | Time:00:02.07 | Mem:0.00M, Peak:0.00M | Scene, ViewLayer | Synchronizing object | Car_luggage_rail
Fra:451 Mem:862.40M (Peak 1004.98M) | Time:00:02.07 | Mem:0.00M, Peak:0.00M | Scene, ViewLayer | Synchronizing object | Door_handle.001
Fra:451 Mem:862.41M (Peak 1004.98M) | Time:00:02.07 | Mem:0.00M, Peak:0.00M | Scene, ViewLayer | Synchronizing object | Car_armrest.001
Fra:451 Mem:862.41M (Peak 1004.98M) | Time:00:02.07 | Mem:0.00M, Peak:0.00M | Scene, ViewLayer | Synchronizing object | Car_luggage_rail.001
Fra:451 Mem:862.42M (Peak 1004.98M) | Time:00:02.08 | Mem:0.00M, Peak:0.00M | Scene, ViewLayer | Synchronizing object | Car_armrest.019
Fra:451 Mem:862.42M (Peak 1004.98M) | Time:00:02.08 | Mem:0.00M, Peak:0.00M | Scene, ViewLayer | Synchronizing object | Car_armrest.017
Fra:451 Mem:862.42M (Peak 1004.98M) | Time:00:02.08 | Mem:0.00M, Peak:0.00M | Scene, ViewLayer | Synchronizing object | Cab_windscreen_surround
Fra:451 Mem:862.45M (Peak 1004.98M) | Time:00:02.08 | Mem:0.00M, Peak:0.00M | Scene, ViewLayer | Synchronizing object | Car_armrest.015
Fra:451 Mem:862.46M (Peak 1004.98M) | Time:00:02.08 | Mem:0.00M, Peak:0.00M | Scene, ViewLayer | Synchronizing object | Car_armrest.004
Fra:451 Mem:862.46M (Peak 1004.98M) | Time:00:02.08 | Mem:0.00M, Peak:0.00M | Scene, ViewLayer | Synchronizing object | Door_handle
Fra:451 Mem:862.46M (Peak 1004.98M) | Time:00:02.08 | Mem:0.00M, Peak:0.00M | Scene, ViewLayer | Synchronizing object | G3_glazing_compression_gasket
Fra:451 Mem:862.46M (Peak 1004.98M) | Time:00:02.08 | Mem:0.00M, Peak:0.00M | Scene, ViewLayer | Synchronizing object | G3_glazing_compression_gasket.001
Fra:451 Mem:862.47M (Peak 1004.98M) | Time:00:02.08 | Mem:0.00M, Peak:0.00M | Scene, ViewLayer | Synchronizing object | G3_glazing_compression_gasket.002
Fra:451 Mem:862.47M (Peak 1004.98M) | Time:00:02.08 | Mem:0.00M, Peak:0.00M | Scene, ViewLayer | Synchronizing object | G3_glazing_compression_gasket.003
Fra:451 Mem:862.47M (Peak 1004.98M) | Time:00:02.08 | Mem:0.00M, Peak:0.00M | Scene, ViewLayer | Synchronizing object | G3_glazing_compression_gasket.004
Fra:451 Mem:862.47M (Peak 1004.98M) | Time:00:02.08 | Mem:0.00M, Peak:0.00M | Scene, ViewLayer | Synchronizing object | G3_glazing_compression_gasket.005
Fra:451 Mem:862.48M (Peak 1004.98M) | Time:00:02.08 | Mem:0.00M, Peak:0.00M | Scene, ViewLayer | Synchronizing object | G3_glazing_compression_gasket.006
Fra:451 Mem:862.48M (Peak 1004.98M) | Time:00:02.08 | Mem:0.00M, Peak:0.00M | Scene, ViewLayer | Synchronizing object | G3_glazing_compression_gasket.007
Fra:451 Mem:862.48M (Peak 1004.98M) | Time:00:02.08 | Mem:0.00M, Peak:0.00M | Scene, ViewLayer | Synchronizing object | G3_glazing_compression_gasket.008
Fra:451 Mem:862.48M (Peak 1004.98M) | Time:00:02.08 | Mem:0.00M, Peak:0.00M | Scene, ViewLayer | Synchronizing object | G3_glazing_compression_gasket.009
Fra:451 Mem:862.49M (Peak 1004.98M) | Time:00:02.08 | Mem:0.00M, Peak:0.00M | Scene, ViewLayer | Synchronizing object | G3_glazing_compression_gasket.010
Fra:451 Mem:862.49M (Peak 1004.98M) | Time:00:02.08 | Mem:0.00M, Peak:0.00M | Scene, ViewLayer | Synchronizing object | G3_glazing_compression_gasket.011
Fra:451 Mem:862.49M (Peak 1004.98M) | Time:00:02.08 | Mem:0.00M, Peak:0.00M | Scene, ViewLayer | Synchronizing object | G3_glazing_compression_gasket.012
Fra:451 Mem:862.49M (Peak 1004.98M) | Time:00:02.08 | Mem:0.00M, Peak:0.00M | Scene, ViewLayer | Synchronizing object | G3_glazing_compression_gasket.013
Fra:451 Mem:862.49M (Peak 1004.98M) | Time:00:02.08 | Mem:0.00M, Peak:0.00M | Scene, ViewLayer | Synchronizing object | G3_glazing_compression_gasket.014
Fra:451 Mem:862.50M (Peak 1004.98M) | Time:00:02.08 | Mem:0.00M, Peak:0.00M | Scene, ViewLayer | Synchronizing object | G3_glazing_compression_gasket.015
Fra:451 Mem:862.50M (Peak 1004.98M) | Time:00:02.08 | Mem:0.00M, Peak:0.00M | Scene, ViewLayer | Synchronizing object | G3_glazing_compression_gasket.016
Fra:451 Mem:862.50M (Peak 1004.98M) | Time:00:02.08 | Mem:0.00M, Peak:0.00M | Scene, ViewLayer | Synchronizing object | G3_glazing_compression_gasket.017
Fra:451 Mem:862.50M (Peak 1004.98M) | Time:00:02.08 | Mem:0.00M, Peak:0.00M | Scene, ViewLayer | Synchronizing object | G3_glazing_compression_gasket.018
Fra:451 Mem:862.50M (Peak 1004.98M) | Time:00:02.08 | Mem:0.00M, Peak:0.00M | Scene, ViewLayer | Synchronizing object | G3_glazing_compression_gasket.019
Fra:451 Mem:862.51M (Peak 1004.98M) | Time:00:02.08 | Mem:0.00M, Peak:0.00M | Scene, ViewLayer | Synchronizing object | G3_glazing_compression_gasket.020
Fra:451 Mem:862.51M (Peak 1004.98M) | Time:00:02.08 | Mem:0.00M, Peak:0.00M | Scene, ViewLayer | Synchronizing object | G3_glazing_compression_gasket.021
Fra:451 Mem:862.51M (Peak 1004.98M) | Time:00:02.08 | Mem:0.00M, Peak:0.00M | Scene, ViewLayer | Synchronizing object | G3_glazing_compression_gasket.022
Fra:451 Mem:862.51M (Peak 1004.98M) | Time:00:02.08 | Mem:0.00M, Peak:0.00M | Scene, ViewLayer | Synchronizing object | G3_glazing_compression_gasket.023
Fra:451 Mem:862.51M (Peak 1004.98M) | Time:00:02.08 | Mem:0.00M, Peak:0.00M | Scene, ViewLayer | Synchronizing object | G3_glazing_compression_gasket.024
Fra:451 Mem:862.52M (Peak 1004.98M) | Time:00:02.08 | Mem:0.00M, Peak:0.00M | Scene, ViewLayer | Synchronizing object | G3_glazing_compression_gasket.025
Fra:451 Mem:862.52M (Peak 1004.98M) | Time:00:02.08 | Mem:0.00M, Peak:0.00M | Scene, ViewLayer | Synchronizing object | G3_glazing_compression_gasket.026
Fra:451 Mem:862.52M (Peak 1004.98M) | Time:00:02.08 | Mem:0.00M, Peak:0.00M | Scene, ViewLayer | Synchronizing object | G3_glazing_compression_gasket.027
Fra:451 Mem:862.52M (Peak 1004.98M) | Time:00:02.08 | Mem:0.00M, Peak:0.00M | Scene, ViewLayer | Synchronizing object | G3_glazing_compression_gasket.028
Fra:451 Mem:862.53M (Peak 1004.98M) | Time:00:02.08 | Mem:0.00M, Peak:0.00M | Scene, ViewLayer | Synchronizing object | G3_glazing_compression_gasket.029
Fra:451 Mem:862.53M (Peak 1004.98M) | Time:00:02.08 | Mem:0.00M, Peak:0.00M | Scene, ViewLayer | Synchronizing object | G3_glazing_compression_gasket.030
Fra:451 Mem:862.53M (Peak 1004.98M) | Time:00:02.08 | Mem:0.00M, Peak:0.00M | Scene, ViewLayer | Synchronizing object | G3_glazing_compression_gasket.031
Fra:451 Mem:862.53M (Peak 1004.98M) | Time:00:02.08 | Mem:0.00M, Peak:0.00M | Scene, ViewLayer | Synchronizing object | G3_glazing_compression_gasket.032
Fra:451 Mem:862.53M (Peak 1004.98M) | Time:00:02.08 | Mem:0.00M, Peak:0.00M | Scene, ViewLayer | Synchronizing object | G3_glazing_compression_gasket.033
Fra:451 Mem:862.54M (Peak 1004.98M) | Time:00:02.08 | Mem:0.00M, Peak:0.00M | Scene, ViewLayer | Synchronizing object | G3_glazing_compression_gasket.034
Fra:451 Mem:862.54M (Peak 1004.98M) | Time:00:02.08 | Mem:0.00M, Peak:0.00M | Scene, ViewLayer | Synchronizing object | G3_glazing_compression_gasket.035
Fra:451 Mem:862.54M (Peak 1004.98M) | Time:00:02.08 | Mem:0.00M, Peak:0.00M | Scene, ViewLayer | Synchronizing object | G3_glazing_compression_gasket.036
Fra:451 Mem:862.54M (Peak 1004.98M) | Time:00:02.08 | Mem:0.00M, Peak:0.00M | Scene, ViewLayer | Synchronizing object | G3_glazing_compression_gasket.037
Fra:451 Mem:862.54M (Peak 1004.98M) | Time:00:02.08 | Mem:0.00M, Peak:0.00M | Scene, ViewLayer | Synchronizing object | G3_glazing_compression_gasket.038
Fra:451 Mem:862.55M (Peak 1004.98M) | Time:00:02.08 | Mem:0.00M, Peak:0.00M | Scene, ViewLayer | Synchronizing object | G3_glazing_compression_gasket.039
Fra:451 Mem:862.55M (Peak 1004.98M) | Time:00:02.08 | Mem:0.00M, Peak:0.00M | Scene, ViewLayer | Synchronizing object | G3_glazing_compression_gasket.040
Fra:451 Mem:861.67M (Peak 1004.98M) | Time:00:02.08 | Mem:0.00M, Peak:0.00M | Scene, ViewLayer | Synchronizing object | G3_glazing_compression_gasket.041
Fra:451 Mem:861.68M (Peak 1004.98M) | Time:00:02.08 | Mem:0.00M, Peak:0.00M | Scene, ViewLayer | Synchronizing object | G3_glazing_compression_gasket.042
Fra:451 Mem:861.68M (Peak 1004.98M) | Time:00:02.08 | Mem:0.00M, Peak:0.00M | Scene, ViewLayer | Synchronizing object | G3_glazing_compression_gasket.043
Fra:451 Mem:861.68M (Peak 1004.98M) | Time:00:02.08 | Mem:0.00M, Peak:0.00M | Scene, ViewLayer | Synchronizing object | G3_glazing_compression_gasket.044
Fra:451 Mem:861.68M (Peak 1004.98M) | Time:00:02.08 | Mem:0.00M, Peak:0.00M | Scene, ViewLayer | Synchronizing object | G3_glazing_compression_gasket.045
Fra:451 Mem:861.69M (Peak 1004.98M) | Time:00:02.08 | Mem:0.00M, Peak:0.00M | Scene, ViewLayer | Synchronizing object | G3_glazing_compression_gasket.046
Fra:451 Mem:861.69M (Peak 1004.98M) | Time:00:02.08 | Mem:0.00M, Peak:0.00M | Scene, ViewLayer | Synchronizing object | G3_glazing_compression_gasket.047
Fra:451 Mem:861.69M (Peak 1004.98M) | Time:00:02.08 | Mem:0.00M, Peak:0.00M | Scene, ViewLayer | Synchronizing object | G3_glazing_compression_gasket.048
Fra:451 Mem:861.69M (Peak 1004.98M) | Time:00:02.08 | Mem:0.00M, Peak:0.00M | Scene, ViewLayer | Synchronizing object | G3_glazing_compression_gasket.049
Fra:451 Mem:861.69M (Peak 1004.98M) | Time:00:02.08 | Mem:0.00M, Peak:0.00M | Scene, ViewLayer | Synchronizing object | G3_glazing_compression_gasket.050
Fra:451 Mem:861.70M (Peak 1004.98M) | Time:00:02.08 | Mem:0.00M, Peak:0.00M | Scene, ViewLayer | Synchronizing object | G3_glazing_compression_gasket.051
Fra:451 Mem:861.70M (Peak 1004.98M) | Time:00:02.08 | Mem:0.00M, Peak:0.00M | Scene, ViewLayer | Synchronizing object | G3_glazing_compression_gasket.052
Fra:451 Mem:861.70M (Peak 1004.98M) | Time:00:02.08 | Mem:0.00M, Peak:0.00M | Scene, ViewLayer | Synchronizing object | G3_glazing_compression_gasket.053
Fra:451 Mem:861.70M (Peak 1004.98M) | Time:00:02.08 | Mem:0.00M, Peak:0.00M | Scene, ViewLayer | Synchronizing object | G3_glazing_compression_gasket.054
Fra:451 Mem:861.70M (Peak 1004.98M) | Time:00:02.08 | Mem:0.00M, Peak:0.00M | Scene, ViewLayer | Synchronizing object | G3_glazing_compression_gasket.055
Fra:451 Mem:861.71M (Peak 1004.98M) | Time:00:02.08 | Mem:0.00M, Peak:0.00M | Scene, ViewLayer | Synchronizing object | G3_glazing_compression_gasket.056
Fra:451 Mem:861.71M (Peak 1004.98M) | Time:00:02.08 | Mem:0.00M, Peak:0.00M | Scene, ViewLayer | Synchronizing object | G3_glazing_compression_gasket.057
Fra:451 Mem:861.71M (Peak 1004.98M) | Time:00:02.08 | Mem:0.00M, Peak:0.00M | Scene, ViewLayer | Synchronizing object | G3_glazing_compression_gasket.058
Fra:451 Mem:861.71M (Peak 1004.98M) | Time:00:02.08 | Mem:0.00M, Peak:0.00M | Scene, ViewLayer | Synchronizing object | G3_glazing_compression_gasket.059
Fra:451 Mem:861.71M (Peak 1004.98M) | Time:00:02.08 | Mem:0.00M, Peak:0.00M | Scene, ViewLayer | Synchronizing object | G3_glazing_compression_gasket.060
Fra:451 Mem:861.72M (Peak 1004.98M) | Time:00:02.08 | Mem:0.00M, Peak:0.00M | Scene, ViewLayer | Synchronizing object | G3_glazing_compression_gasket.061
Fra:451 Mem:861.72M (Peak 1004.98M) | Time:00:02.08 | Mem:0.00M, Peak:0.00M | Scene, ViewLayer | Synchronizing object | G3_glazing_compression_gasket.062
Fra:451 Mem:861.72M (Peak 1004.98M) | Time:00:02.08 | Mem:0.00M, Peak:0.00M | Scene, ViewLayer | Synchronizing object | G3_glazing_compression_gasket.063
Fra:451 Mem:861.72M (Peak 1004.98M) | Time:00:02.08 | Mem:0.00M, Peak:0.00M | Scene, ViewLayer | Synchronizing object | G3_glazing_compression_gasket.064
Fra:451 Mem:861.73M (Peak 1004.98M) | Time:00:02.08 | Mem:0.00M, Peak:0.00M | Scene, ViewLayer | Synchronizing object | G3_glazing_compression_gasket.065
Fra:451 Mem:861.73M (Peak 1004.98M) | Time:00:02.08 | Mem:0.00M, Peak:0.00M | Scene, ViewLayer | Synchronizing object | G3_glazing_compression_gasket.066
Fra:451 Mem:861.73M (Peak 1004.98M) | Time:00:02.08 | Mem:0.00M, Peak:0.00M | Scene, ViewLayer | Synchronizing object | G3_glazing_compression_gasket.067
Fra:451 Mem:861.73M (Peak 1004.98M) | Time:00:02.08 | Mem:0.00M, Peak:0.00M | Scene, ViewLayer | Synchronizing object | G3_glazing_compression_gasket.068
Fra:451 Mem:861.73M (Peak 1004.98M) | Time:00:02.08 | Mem:0.00M, Peak:0.00M | Scene, ViewLayer | Synchronizing object | G3_glazing_compression_gasket.069
Fra:451 Mem:861.74M (Peak 1004.98M) | Time:00:02.08 | Mem:0.00M, Peak:0.00M | Scene, ViewLayer | Synchronizing object | G3_glazing_compression_gasket.070
Fra:451 Mem:861.74M (Peak 1004.98M) | Time:00:02.08 | Mem:0.00M, Peak:0.00M | Scene, ViewLayer | Synchronizing object | G3_glazing_compression_gasket.071
Fra:451 Mem:861.74M (Peak 1004.98M) | Time:00:02.08 | Mem:0.00M, Peak:0.00M | Scene, ViewLayer | Synchronizing object | G3_glazing_compression_gasket.072
Fra:451 Mem:861.74M (Peak 1004.98M) | Time:00:02.08 | Mem:0.00M, Peak:0.00M | Scene, ViewLayer | Synchronizing object | G3_glazing_compression_gasket.073
Fra:451 Mem:861.74M (Peak 1004.98M) | Time:00:02.08 | Mem:0.00M, Peak:0.00M | Scene, ViewLayer | Synchronizing object | G3_glazing_compression_gasket.074
Fra:451 Mem:861.75M (Peak 1004.98M) | Time:00:02.08 | Mem:0.00M, Peak:0.00M | Scene, ViewLayer | Synchronizing object | G3_glazing_compression_gasket.075
Fra:451 Mem:861.75M (Peak 1004.98M) | Time:00:02.08 | Mem:0.00M, Peak:0.00M | Scene, ViewLayer | Synchronizing object | G3_glazing_compression_gasket.076
Fra:451 Mem:861.75M (Peak 1004.98M) | Time:00:02.08 | Mem:0.00M, Peak:0.00M | Scene, ViewLayer | Synchronizing object | G3_glazing_compression_gasket.077
Fra:451 Mem:861.75M (Peak 1004.98M) | Time:00:02.08 | Mem:0.00M, Peak:0.00M | Scene, ViewLayer | Synchronizing object | G3_glazing_compression_gasket.078
Fra:451 Mem:861.75M (Peak 1004.98M) | Time:00:02.09 | Mem:0.00M, Peak:0.00M | Scene, ViewLayer | Synchronizing object | G3_glazing_compression_gasket.079
Fra:451 Mem:861.76M (Peak 1004.98M) | Time:00:02.09 | Mem:0.00M, Peak:0.00M | Scene, ViewLayer | Synchronizing object | G3_glazing_compression_gasket.080
Fra:451 Mem:861.76M (Peak 1004.98M) | Time:00:02.09 | Mem:0.00M, Peak:0.00M | Scene, ViewLayer | Synchronizing object | G3_glazing_compression_gasket.081
Fra:451 Mem:861.76M (Peak 1004.98M) | Time:00:02.09 | Mem:0.00M, Peak:0.00M | Scene, ViewLayer | Synchronizing object | G3_glazing_compression_gasket.082
Fra:451 Mem:861.76M (Peak 1004.98M) | Time:00:02.09 | Mem:0.00M, Peak:0.00M | Scene, ViewLayer | Synchronizing object | G3_glazing_compression_gasket.083
Fra:451 Mem:861.77M (Peak 1004.98M) | Time:00:02.09 | Mem:0.00M, Peak:0.00M | Scene, ViewLayer | Synchronizing object | G3_glazing_compression_gasket.084
Fra:451 Mem:861.77M (Peak 1004.98M) | Time:00:02.09 | Mem:0.00M, Peak:0.00M | Scene, ViewLayer | Synchronizing object | G3_glazing_compression_gasket.085
Fra:451 Mem:861.77M (Peak 1004.98M) | Time:00:02.09 | Mem:0.00M, Peak:0.00M | Scene, ViewLayer | Synchronizing object | G3_glazing_compression_gasket.086
Fra:451 Mem:861.77M (Peak 1004.98M) | Time:00:02.09 | Mem:0.00M, Peak:0.00M | Scene, ViewLayer | Synchronizing object | G3_glazing_compression_gasket.087
Fra:451 Mem:861.77M (Peak 1004.98M) | Time:00:02.09 | Mem:0.00M, Peak:0.00M | Scene, ViewLayer | Synchronizing object | G3_glazing_compression_gasket.088
Fra:451 Mem:861.78M (Peak 1004.98M) | Time:00:02.09 | Mem:0.00M, Peak:0.00M | Scene, ViewLayer | Synchronizing object | G3_glazing_compression_gasket.089
Fra:451 Mem:861.78M (Peak 1004.98M) | Time:00:02.09 | Mem:0.00M, Peak:0.00M | Scene, ViewLayer | Synchronizing object | G3_glazing_compression_gasket.090
Fra:451 Mem:861.78M (Peak 1004.98M) | Time:00:02.09 | Mem:0.00M, Peak:0.00M | Scene, ViewLayer | Synchronizing object | G3_glazing_compression_gasket.091
Fra:451 Mem:861.78M (Peak 1004.98M) | Time:00:02.09 | Mem:0.00M, Peak:0.00M | Scene, ViewLayer | Synchronizing object | G3_glazing_compression_gasket.092
Fra:451 Mem:861.78M (Peak 1004.98M) | Time:00:02.09 | Mem:0.00M, Peak:0.00M | Scene, ViewLayer | Synchronizing object | G3_glazing_compression_gasket.093
Fra:451 Mem:861.79M (Peak 1004.98M) | Time:00:02.09 | Mem:0.00M, Peak:0.00M | Scene, ViewLayer | Synchronizing object | G3_glazing_compression_gasket.094
Fra:451 Mem:861.79M (Peak 1004.98M) | Time:00:02.09 | Mem:0.00M, Peak:0.00M | Scene, ViewLayer | Synchronizing object | G3_glazing_compression_gasket.095
Fra:451 Mem:861.79M (Peak 1004.98M) | Time:00:02.09 | Mem:0.00M, Peak:0.00M | Scene, ViewLayer | Synchronizing object | G3_glazing_compression_gasket.096
Fra:451 Mem:861.79M (Peak 1004.98M) | Time:00:02.09 | Mem:0.00M, Peak:0.00M | Scene, ViewLayer | Synchronizing object | G3_glazing_compression_gasket.097
Fra:451 Mem:861.79M (Peak 1004.98M) | Time:00:02.09 | Mem:0.00M, Peak:0.00M | Scene, ViewLayer | Synchronizing object | G3_glazing_compression_gasket.098
Fra:451 Mem:861.80M (Peak 1004.98M) | Time:00:02.09 | Mem:0.00M, Peak:0.00M | Scene, ViewLayer | Synchronizing object | G3_glazing_compression_gasket.099
Fra:451 Mem:861.80M (Peak 1004.98M) | Time:00:02.09 | Mem:0.00M, Peak:0.00M | Scene, ViewLayer | Synchronizing object | G3_glazing_compression_gasket.100
Fra:451 Mem:861.80M (Peak 1004.98M) | Time:00:02.09 | Mem:0.00M, Peak:0.00M | Scene, ViewLayer | Synchronizing object | G3_glazing_compression_gasket.101
Fra:451 Mem:861.80M (Peak 1004.98M) | Time:00:02.09 | Mem:0.00M, Peak:0.00M | Scene, ViewLayer | Synchronizing object | G3_glazing_compression_gasket.102
Fra:451 Mem:861.81M (Peak 1004.98M) | Time:00:02.09 | Mem:0.00M, Peak:0.00M | Scene, ViewLayer | Synchronizing object | G3_glazing_compression_gasket.103
Fra:451 Mem:861.81M (Peak 1004.98M) | Time:00:02.09 | Mem:0.00M, Peak:0.00M | Scene, ViewLayer | Synchronizing object | G3_glazing_compression_gasket.104
Fra:451 Mem:861.81M (Peak 1004.98M) | Time:00:02.09 | Mem:0.00M, Peak:0.00M | Scene, ViewLayer | Synchronizing object | G3_glazing_compression_gasket.105
Fra:451 Mem:861.81M (Peak 1004.98M) | Time:00:02.09 | Mem:0.00M, Peak:0.00M | Scene, ViewLayer | Synchronizing object | G3_glazing_compression_gasket.106
Fra:451 Mem:861.81M (Peak 1004.98M) | Time:00:02.09 | Mem:0.00M, Peak:0.00M | Scene, ViewLayer | Synchronizing object | G3_glazing_compression_gasket.107
Fra:451 Mem:861.82M (Peak 1004.98M) | Time:00:02.09 | Mem:0.00M, Peak:0.00M | Scene, ViewLayer | Synchronizing object | G3_glazing_compression_gasket.108
Fra:451 Mem:861.82M (Peak 1004.98M) | Time:00:02.09 | Mem:0.00M, Peak:0.00M | Scene, ViewLayer | Synchronizing object | G3_glazing_compression_gasket.109
Fra:451 Mem:861.82M (Peak 1004.98M) | Time:00:02.09 | Mem:0.00M, Peak:0.00M | Scene, ViewLayer | Synchronizing object | G3_glazing_compression_gasket.110
Fra:451 Mem:861.82M (Peak 1004.98M) | Time:00:02.09 | Mem:0.00M, Peak:0.00M | Scene, ViewLayer | Synchronizing object | G3_glazing_compression_gasket.111
Fra:451 Mem:861.82M (Peak 1004.98M) | Time:00:02.09 | Mem:0.00M, Peak:0.00M | Scene, ViewLayer | Synchronizing object | G3_glazing_compression_gasket.112
Fra:451 Mem:861.83M (Peak 1004.98M) | Time:00:02.09 | Mem:0.00M, Peak:0.00M | Scene, ViewLayer | Synchronizing object | G3_glazing_compression_gasket.113
Fra:451 Mem:861.83M (Peak 1004.98M) | Time:00:02.09 | Mem:0.00M, Peak:0.00M | Scene, ViewLayer | Synchronizing object | G3_glazing_compression_gasket.114
Fra:451 Mem:861.83M (Peak 1004.98M) | Time:00:02.09 | Mem:0.00M, Peak:0.00M | Scene, ViewLayer | Synchronizing object | G3_glazing_compression_gasket.115
Fra:451 Mem:861.83M (Peak 1004.98M) | Time:00:02.09 | Mem:0.00M, Peak:0.00M | Scene, ViewLayer | Synchronizing object | G3_glazing_compression_gasket.116
Fra:451 Mem:861.83M (Peak 1004.98M) | Time:00:02.09 | Mem:0.00M, Peak:0.00M | Scene, ViewLayer | Synchronizing object | G3_glazing_compression_gasket.117
Fra:451 Mem:861.84M (Peak 1004.98M) | Time:00:02.09 | Mem:0.00M, Peak:0.00M | Scene, ViewLayer | Synchronizing object | G3_glazing_compression_gasket.118
Fra:451 Mem:861.84M (Peak 1004.98M) | Time:00:02.09 | Mem:0.00M, Peak:0.00M | Scene, ViewLayer | Synchronizing object | G3_glazing_compression_gasket.119
Fra:451 Mem:861.84M (Peak 1004.98M) | Time:00:02.09 | Mem:0.00M, Peak:0.00M | Scene, ViewLayer | Synchronizing object | G3_glazing_compression_gasket.120
Fra:451 Mem:861.84M (Peak 1004.98M) | Time:00:02.09 | Mem:0.00M, Peak:0.00M | Scene, ViewLayer | Synchronizing object | G3_glazing_compression_gasket.121
Fra:451 Mem:861.85M (Peak 1004.98M) | Time:00:02.09 | Mem:0.00M, Peak:0.00M | Scene, ViewLayer | Synchronizing object | G3_glazing_compression_gasket.122
Fra:451 Mem:861.85M (Peak 1004.98M) | Time:00:02.09 | Mem:0.00M, Peak:0.00M | Scene, ViewLayer | Synchronizing object | G3_glazing_compression_gasket.123
Fra:451 Mem:861.85M (Peak 1004.98M) | Time:00:02.09 | Mem:0.00M, Peak:0.00M | Scene, ViewLayer | Synchronizing object | G3_glazing_compression_gasket.124
Fra:451 Mem:861.85M (Peak 1004.98M) | Time:00:02.09 | Mem:0.00M, Peak:0.00M | Scene, ViewLayer | Synchronizing object | G3_glazing_compression_gasket.125
Fra:451 Mem:861.85M (Peak 1004.98M) | Time:00:02.09 | Mem:0.00M, Peak:0.00M | Scene, ViewLayer | Synchronizing object | G3_glazing_compression_gasket.126
Fra:451 Mem:861.86M (Peak 1004.98M) | Time:00:02.09 | Mem:0.00M, Peak:0.00M | Scene, ViewLayer | Synchronizing object | G3_glazing_compression_gasket.127
Fra:451 Mem:861.86M (Peak 1004.98M) | Time:00:02.09 | Mem:0.00M, Peak:0.00M | Scene, ViewLayer | Synchronizing object | G3_glazing_compression_gasket.128
Fra:451 Mem:861.86M (Peak 1004.98M) | Time:00:02.09 | Mem:0.00M, Peak:0.00M | Scene, ViewLayer | Synchronizing object | G3_glazing_compression_gasket.129
Fra:451 Mem:861.86M (Peak 1004.98M) | Time:00:02.09 | Mem:0.00M, Peak:0.00M | Scene, ViewLayer | Synchronizing object | G3_glazing_compression_gasket.130
Fra:451 Mem:861.86M (Peak 1004.98M) | Time:00:02.09 | Mem:0.00M, Peak:0.00M | Scene, ViewLayer | Synchronizing object | G3_glazing_compression_gasket.131
Fra:451 Mem:861.87M (Peak 1004.98M) | Time:00:02.09 | Mem:0.00M, Peak:0.00M | Scene, ViewLayer | Synchronizing object | G3_glazing_compression_gasket.132
Fra:451 Mem:861.87M (Peak 1004.98M) | Time:00:02.09 | Mem:0.00M, Peak:0.00M | Scene, ViewLayer | Synchronizing object | G3_glazing_compression_gasket.133
Fra:451 Mem:861.87M (Peak 1004.98M) | Time:00:02.09 | Mem:0.00M, Peak:0.00M | Scene, ViewLayer | Synchronizing object | G3_glazing_compression_gasket.134
Fra:451 Mem:861.87M (Peak 1004.98M) | Time:00:02.09 | Mem:0.00M, Peak:0.00M | Scene, ViewLayer | Synchronizing object | G3_glazing_compression_gasket.135
Fra:451 Mem:861.87M (Peak 1004.98M) | Time:00:02.09 | Mem:0.00M, Peak:0.00M | Scene, ViewLayer | Synchronizing object | G3_glazing_compression_gasket.136
Fra:451 Mem:861.88M (Peak 1004.98M) | Time:00:02.09 | Mem:0.00M, Peak:0.00M | Scene, ViewLayer | Synchronizing object | G3_glazing_compression_gasket.137
Fra:451 Mem:861.88M (Peak 1004.98M) | Time:00:02.09 | Mem:0.00M, Peak:0.00M | Scene, ViewLayer | Synchronizing object | G3_glazing_compression_gasket.138
Fra:451 Mem:861.88M (Peak 1004.98M) | Time:00:02.09 | Mem:0.00M, Peak:0.00M | Scene, ViewLayer | Synchronizing object | G3_glazing_compression_gasket.139
Fra:451 Mem:861.88M (Peak 1004.98M) | Time:00:02.09 | Mem:0.00M, Peak:0.00M | Scene, ViewLayer | Synchronizing object | G3_glazing_compression_gasket.140
Fra:451 Mem:861.89M (Peak 1004.98M) | Time:00:02.09 | Mem:0.00M, Peak:0.00M | Scene, ViewLayer | Synchronizing object | G3_glazing_compression_gasket.141
Fra:451 Mem:861.89M (Peak 1004.98M) | Time:00:02.09 | Mem:0.00M, Peak:0.00M | Scene, ViewLayer | Synchronizing object | G3_glazing_compression_gasket.142
Fra:451 Mem:861.89M (Peak 1004.98M) | Time:00:02.09 | Mem:0.00M, Peak:0.00M | Scene, ViewLayer | Synchronizing object | G3_glazing_compression_gasket.143
Fra:451 Mem:861.89M (Peak 1004.98M) | Time:00:02.09 | Mem:0.00M, Peak:0.00M | Scene, ViewLayer | Synchronizing object | G3_glazing_compression_gasket.144
Fra:451 Mem:861.89M (Peak 1004.98M) | Time:00:02.09 | Mem:0.00M, Peak:0.00M | Scene, ViewLayer | Synchronizing object | G3_glazing_compression_gasket.145
Fra:451 Mem:861.90M (Peak 1004.98M) | Time:00:02.09 | Mem:0.00M, Peak:0.00M | Scene, ViewLayer | Synchronizing object | G3_glazing_compression_gasket.146
Fra:451 Mem:861.90M (Peak 1004.98M) | Time:00:02.09 | Mem:0.00M, Peak:0.00M | Scene, ViewLayer | Synchronizing object | G3_glazing_compression_gasket.147
Fra:451 Mem:861.90M (Peak 1004.98M) | Time:00:02.09 | Mem:0.00M, Peak:0.00M | Scene, ViewLayer | Synchronizing object | G3_glazing_compression_gasket.148
Fra:451 Mem:861.90M (Peak 1004.98M) | Time:00:02.09 | Mem:0.00M, Peak:0.00M | Scene, ViewLayer | Synchronizing object | G3_glazing_compression_gasket.149
Fra:451 Mem:861.90M (Peak 1004.98M) | Time:00:02.09 | Mem:0.00M, Peak:0.00M | Scene, ViewLayer | Synchronizing object | G3_glazing_compression_gasket.150
Fra:451 Mem:861.91M (Peak 1004.98M) | Time:00:02.09 | Mem:0.00M, Peak:0.00M | Scene, ViewLayer | Synchronizing object | G3_glazing_compression_gasket.151
Fra:451 Mem:861.91M (Peak 1004.98M) | Time:00:02.09 | Mem:0.00M, Peak:0.00M | Scene, ViewLayer | Synchronizing object | G3_glazing_compression_gasket.152
Fra:451 Mem:861.91M (Peak 1004.98M) | Time:00:02.09 | Mem:0.00M, Peak:0.00M | Scene, ViewLayer | Synchronizing object | G3_glazing_compression_gasket.153
Fra:451 Mem:861.91M (Peak 1004.98M) | Time:00:02.09 | Mem:0.00M, Peak:0.00M | Scene, ViewLayer | Synchronizing object | G3_glazing_compression_gasket.154
Fra:451 Mem:861.91M (Peak 1004.98M) | Time:00:02.09 | Mem:0.00M, Peak:0.00M | Scene, ViewLayer | Synchronizing object | G3_glazing_compression_gasket.155
Fra:451 Mem:861.92M (Peak 1004.98M) | Time:00:02.09 | Mem:0.00M, Peak:0.00M | Scene, ViewLayer | Synchronizing object | G3_glazing_compression_gasket.156
Fra:451 Mem:861.92M (Peak 1004.98M) | Time:00:02.09 | Mem:0.00M, Peak:0.00M | Scene, ViewLayer | Synchronizing object | G3_glazing_compression_gasket.157
Fra:451 Mem:861.92M (Peak 1004.98M) | Time:00:02.09 | Mem:0.00M, Peak:0.00M | Scene, ViewLayer | Synchronizing object | G3_glazing_compression_gasket.158
Fra:451 Mem:861.92M (Peak 1004.98M) | Time:00:02.09 | Mem:0.00M, Peak:0.00M | Scene, ViewLayer | Synchronizing object | G3_glazing_compression_gasket.159
Fra:451 Mem:861.93M (Peak 1004.98M) | Time:00:02.09 | Mem:0.00M, Peak:0.00M | Scene, ViewLayer | Synchronizing object | G3_glazing_compression_gasket.160
Fra:451 Mem:861.93M (Peak 1004.98M) | Time:00:02.09 | Mem:0.00M, Peak:0.00M | Scene, ViewLayer | Synchronizing object | G3_glazing_compression_gasket.161
Fra:451 Mem:861.93M (Peak 1004.98M) | Time:00:02.09 | Mem:0.00M, Peak:0.00M | Scene, ViewLayer | Synchronizing object | G3_glazing_compression_gasket.162
Fra:451 Mem:861.93M (Peak 1004.98M) | Time:00:02.09 | Mem:0.00M, Peak:0.00M | Scene, ViewLayer | Synchronizing object | G3_glazing_compression_gasket.163
Fra:451 Mem:861.93M (Peak 1004.98M) | Time:00:02.09 | Mem:0.00M, Peak:0.00M | Scene, ViewLayer | Synchronizing object | G3_glazing_compression_gasket.164
Fra:451 Mem:861.94M (Peak 1004.98M) | Time:00:02.09 | Mem:0.00M, Peak:0.00M | Scene, ViewLayer | Synchronizing object | G3_glazing_compression_gasket.165
Fra:451 Mem:861.94M (Peak 1004.98M) | Time:00:02.09 | Mem:0.00M, Peak:0.00M | Scene, ViewLayer | Synchronizing object | G3_glazing_compression_gasket.166
Fra:451 Mem:861.94M (Peak 1004.98M) | Time:00:02.09 | Mem:0.00M, Peak:0.00M | Scene, ViewLayer | Synchronizing object | G3_glazing_compression_gasket.167
Fra:451 Mem:861.94M (Peak 1004.98M) | Time:00:02.09 | Mem:0.00M, Peak:0.00M | Scene, ViewLayer | Synchronizing object | G3_glazing_compression_gasket.168
Fra:451 Mem:861.94M (Peak 1004.98M) | Time:00:02.09 | Mem:0.00M, Peak:0.00M | Scene, ViewLayer | Synchronizing object | G3_glazing_compression_gasket.169
Fra:451 Mem:861.95M (Peak 1004.98M) | Time:00:02.09 | Mem:0.00M, Peak:0.00M | Scene, ViewLayer | Synchronizing object | G3_glazing_compression_gasket.170
Fra:451 Mem:861.95M (Peak 1004.98M) | Time:00:02.09 | Mem:0.00M, Peak:0.00M | Scene, ViewLayer | Synchronizing object | G3_glazing_compression_gasket.171
Fra:451 Mem:861.95M (Peak 1004.98M) | Time:00:02.09 | Mem:0.00M, Peak:0.00M | Scene, ViewLayer | Synchronizing object | G3_glazing_compression_gasket.172
Fra:451 Mem:861.95M (Peak 1004.98M) | Time:00:02.09 | Mem:0.00M, Peak:0.00M | Scene, ViewLayer | Synchronizing object | G3_glazing_compression_gasket.173
Fra:451 Mem:861.95M (Peak 1004.98M) | Time:00:02.09 | Mem:0.00M, Peak:0.00M | Scene, ViewLayer | Synchronizing object | G3_glazing_compression_gasket.174
Fra:451 Mem:861.96M (Peak 1004.98M) | Time:00:02.09 | Mem:0.00M, Peak:0.00M | Scene, ViewLayer | Synchronizing object | G3_glazing_compression_gasket.175
Fra:451 Mem:861.96M (Peak 1004.98M) | Time:00:02.09 | Mem:0.00M, Peak:0.00M | Scene, ViewLayer | Synchronizing object | G3_glazing_compression_gasket.176
Fra:451 Mem:861.96M (Peak 1004.98M) | Time:00:02.09 | Mem:0.00M, Peak:0.00M | Scene, ViewLayer | Synchronizing object | G3_glazing_compression_gasket.177
Fra:451 Mem:860.37M (Peak 1004.98M) | Time:00:02.09 | Mem:0.00M, Peak:0.00M | Scene, ViewLayer | Synchronizing object | G3_glazing_compression_gasket.178
Fra:451 Mem:860.37M (Peak 1004.98M) | Time:00:02.09 | Mem:0.00M, Peak:0.00M | Scene, ViewLayer | Synchronizing object | G3_glazing_compression_gasket.179
Fra:451 Mem:860.37M (Peak 1004.98M) | Time:00:02.09 | Mem:0.00M, Peak:0.00M | Scene, ViewLayer | Synchronizing object | G3_glazing_compression_gasket.180
Fra:451 Mem:860.38M (Peak 1004.98M) | Time:00:02.09 | Mem:0.00M, Peak:0.00M | Scene, ViewLayer | Synchronizing object | G3_glazing_compression_gasket.181
Fra:451 Mem:860.38M (Peak 1004.98M) | Time:00:02.09 | Mem:0.00M, Peak:0.00M | Scene, ViewLayer | Synchronizing object | G3_glazing_compression_gasket.182
Fra:451 Mem:860.38M (Peak 1004.98M) | Time:00:02.09 | Mem:0.00M, Peak:0.00M | Scene, ViewLayer | Synchronizing object | G3_glazing_compression_gasket.183
Fra:451 Mem:860.38M (Peak 1004.98M) | Time:00:02.09 | Mem:0.00M, Peak:0.00M | Scene, ViewLayer | Synchronizing object | G3_glazing_compression_gasket.184
Fra:451 Mem:860.38M (Peak 1004.98M) | Time:00:02.09 | Mem:0.00M, Peak:0.00M | Scene, ViewLayer | Synchronizing object | G3_glazing_compression_gasket.185
Fra:451 Mem:860.39M (Peak 1004.98M) | Time:00:02.09 | Mem:0.00M, Peak:0.00M | Scene, ViewLayer | Synchronizing object | G3_glazing_compression_gasket.186
Fra:451 Mem:860.39M (Peak 1004.98M) | Time:00:02.09 | Mem:0.00M, Peak:0.00M | Scene, ViewLayer | Synchronizing object | G3_glazing_compression_gasket.187
Fra:451 Mem:860.39M (Peak 1004.98M) | Time:00:02.09 | Mem:0.00M, Peak:0.00M | Scene, ViewLayer | Synchronizing object | G3_glazing_compression_gasket.188
Fra:451 Mem:860.39M (Peak 1004.98M) | Time:00:02.09 | Mem:0.00M, Peak:0.00M | Scene, ViewLayer | Synchronizing object | G3_glazing_compression_gasket.189
Fra:451 Mem:860.40M (Peak 1004.98M) | Time:00:02.09 | Mem:0.00M, Peak:0.00M | Scene, ViewLayer | Synchronizing object | G3_glazing_compression_gasket.190
Fra:451 Mem:860.40M (Peak 1004.98M) | Time:00:02.09 | Mem:0.00M, Peak:0.00M | Scene, ViewLayer | Synchronizing object | G3_glazing_compression_gasket.191
Fra:451 Mem:860.40M (Peak 1004.98M) | Time:00:02.09 | Mem:0.00M, Peak:0.00M | Scene, ViewLayer | Synchronizing object | G3_glazing_compression_gasket.192
Fra:451 Mem:860.40M (Peak 1004.98M) | Time:00:02.09 | Mem:0.00M, Peak:0.00M | Scene, ViewLayer | Synchronizing object | G3_glazing_compression_gasket.193
Fra:451 Mem:860.40M (Peak 1004.98M) | Time:00:02.09 | Mem:0.00M, Peak:0.00M | Scene, ViewLayer | Synchronizing object | G3_glazing_compression_gasket.194
Fra:451 Mem:860.41M (Peak 1004.98M) | Time:00:02.09 | Mem:0.00M, Peak:0.00M | Scene, ViewLayer | Synchronizing object | G3_glazing_compression_gasket.195
Fra:451 Mem:860.41M (Peak 1004.98M) | Time:00:02.09 | Mem:0.00M, Peak:0.00M | Scene, ViewLayer | Synchronizing object | G3_glazing_compression_gasket.196
Fra:451 Mem:860.41M (Peak 1004.98M) | Time:00:02.09 | Mem:0.00M, Peak:0.00M | Scene, ViewLayer | Synchronizing object | G3_glazing_compression_gasket.197
Fra:451 Mem:860.41M (Peak 1004.98M) | Time:00:02.09 | Mem:0.00M, Peak:0.00M | Scene, ViewLayer | Synchronizing object | G3_glazing_compression_gasket.198
Fra:451 Mem:860.41M (Peak 1004.98M) | Time:00:02.09 | Mem:0.00M, Peak:0.00M | Scene, ViewLayer | Synchronizing object | G3_glazing_compression_gasket.199
Fra:451 Mem:860.42M (Peak 1004.98M) | Time:00:02.09 | Mem:0.00M, Peak:0.00M | Scene, ViewLayer | Synchronizing object | G3_glazing_compression_gasket.200
Fra:451 Mem:860.42M (Peak 1004.98M) | Time:00:02.09 | Mem:0.00M, Peak:0.00M | Scene, ViewLayer | Synchronizing object | G3_glazing_compression_gasket.201
Fra:451 Mem:860.42M (Peak 1004.98M) | Time:00:02.09 | Mem:0.00M, Peak:0.00M | Scene, ViewLayer | Synchronizing object | G3_glazing_compression_gasket.202
Fra:451 Mem:860.42M (Peak 1004.98M) | Time:00:02.09 | Mem:0.00M, Peak:0.00M | Scene, ViewLayer | Synchronizing object | G3_glazing_compression_gasket.203
Fra:451 Mem:860.42M (Peak 1004.98M) | Time:00:02.09 | Mem:0.00M, Peak:0.00M | Scene, ViewLayer | Synchronizing object | G3_glazing_compression_gasket.204
Fra:451 Mem:860.43M (Peak 1004.98M) | Time:00:02.09 | Mem:0.00M, Peak:0.00M | Scene, ViewLayer | Synchronizing object | G3_glazing_compression_gasket.205
Fra:451 Mem:860.43M (Peak 1004.98M) | Time:00:02.09 | Mem:0.00M, Peak:0.00M | Scene, ViewLayer | Synchronizing object | G3_glazing_compression_gasket.206
Fra:451 Mem:860.43M (Peak 1004.98M) | Time:00:02.09 | Mem:0.00M, Peak:0.00M | Scene, ViewLayer | Synchronizing object | G3_glazing_compression_gasket.207
Fra:451 Mem:860.43M (Peak 1004.98M) | Time:00:02.09 | Mem:0.00M, Peak:0.00M | Scene, ViewLayer | Synchronizing object | G3_glazing_compression_gasket.208
Fra:451 Mem:860.44M (Peak 1004.98M) | Time:00:02.09 | Mem:0.00M, Peak:0.00M | Scene, ViewLayer | Synchronizing object | G3_glazing_compression_gasket.209
Fra:451 Mem:860.44M (Peak 1004.98M) | Time:00:02.09 | Mem:0.00M, Peak:0.00M | Scene, ViewLayer | Synchronizing object | G3_glazing_compression_gasket.210
Fra:451 Mem:860.44M (Peak 1004.98M) | Time:00:02.09 | Mem:0.00M, Peak:0.00M | Scene, ViewLayer | Synchronizing object | G3_glazing_compression_gasket.211
Fra:451 Mem:860.45M (Peak 1004.98M) | Time:00:02.09 | Mem:0.00M, Peak:0.00M | Scene, ViewLayer | Synchronizing object | G3_glazing_compression_gasket.212
Fra:451 Mem:860.45M (Peak 1004.98M) | Time:00:02.09 | Mem:0.00M, Peak:0.00M | Scene, ViewLayer | Synchronizing object | G3_glazing_compression_gasket.213
Fra:451 Mem:860.45M (Peak 1004.98M) | Time:00:02.09 | Mem:0.00M, Peak:0.00M | Scene, ViewLayer | Synchronizing object | G3_glazing_compression_gasket.214
Fra:451 Mem:860.45M (Peak 1004.98M) | Time:00:02.09 | Mem:0.00M, Peak:0.00M | Scene, ViewLayer | Synchronizing object | G3_glazing_compression_gasket.215
Fra:451 Mem:860.45M (Peak 1004.98M) | Time:00:02.09 | Mem:0.00M, Peak:0.00M | Scene, ViewLayer | Synchronizing object | G3_glazing_compression_gasket.216
Fra:451 Mem:860.46M (Peak 1004.98M) | Time:00:02.09 | Mem:0.00M, Peak:0.00M | Scene, ViewLayer | Synchronizing object | G3_glazing_compression_gasket.217
Fra:451 Mem:860.46M (Peak 1004.98M) | Time:00:02.09 | Mem:0.00M, Peak:0.00M | Scene, ViewLayer | Synchronizing object | G3_glazing_compression_gasket.218
Fra:451 Mem:860.46M (Peak 1004.98M) | Time:00:02.09 | Mem:0.00M, Peak:0.00M | Scene, ViewLayer | Synchronizing object | G3_glazing_compression_gasket.219
Fra:451 Mem:860.46M (Peak 1004.98M) | Time:00:02.09 | Mem:0.00M, Peak:0.00M | Scene, ViewLayer | Synchronizing object | G3_glazing_compression_gasket.220
Fra:451 Mem:860.46M (Peak 1004.98M) | Time:00:02.09 | Mem:0.00M, Peak:0.00M | Scene, ViewLayer | Synchronizing object | G3_glazing_compression_gasket.221
Fra:451 Mem:860.47M (Peak 1004.98M) | Time:00:02.09 | Mem:0.00M, Peak:0.00M | Scene, ViewLayer | Synchronizing object | G3_glazing_compression_gasket.222
Fra:451 Mem:860.47M (Peak 1004.98M) | Time:00:02.09 | Mem:0.00M, Peak:0.00M | Scene, ViewLayer | Synchronizing object | G3_glazing_compression_gasket.223
Fra:451 Mem:860.47M (Peak 1004.98M) | Time:00:02.09 | Mem:0.00M, Peak:0.00M | Scene, ViewLayer | Synchronizing object | G3_glazing_compression_gasket.224
Fra:451 Mem:860.47M (Peak 1004.98M) | Time:00:02.09 | Mem:0.00M, Peak:0.00M | Scene, ViewLayer | Synchronizing object | G3_glazing_compression_gasket.225
Fra:451 Mem:860.48M (Peak 1004.98M) | Time:00:02.09 | Mem:0.00M, Peak:0.00M | Scene, ViewLayer | Synchronizing object | G3_glazing_compression_gasket.226
Fra:451 Mem:860.48M (Peak 1004.98M) | Time:00:02.09 | Mem:0.00M, Peak:0.00M | Scene, ViewLayer | Synchronizing object | G3_glazing_compression_gasket.227
Fra:451 Mem:860.48M (Peak 1004.98M) | Time:00:02.09 | Mem:0.00M, Peak:0.00M | Scene, ViewLayer | Synchronizing object | G3_glazing_compression_gasket.228
Fra:451 Mem:860.48M (Peak 1004.98M) | Time:00:02.09 | Mem:0.00M, Peak:0.00M | Scene, ViewLayer | Synchronizing object | G3_glazing_compression_gasket.229
Fra:451 Mem:860.49M (Peak 1004.98M) | Time:00:02.09 | Mem:0.00M, Peak:0.00M | Scene, ViewLayer | Synchronizing object | G3_glazing_compression_gasket.230
Fra:451 Mem:860.49M (Peak 1004.98M) | Time:00:02.09 | Mem:0.00M, Peak:0.00M | Scene, ViewLayer | Synchronizing object | G3_glazing_compression_gasket.231
Fra:451 Mem:860.49M (Peak 1004.98M) | Time:00:02.09 | Mem:0.00M, Peak:0.00M | Scene, ViewLayer | Synchronizing object | G3_glazing_compression_gasket.232
Fra:451 Mem:860.49M (Peak 1004.98M) | Time:00:02.09 | Mem:0.00M, Peak:0.00M | Scene, ViewLayer | Synchronizing object | G3_glazing_compression_gasket.233
Fra:451 Mem:860.49M (Peak 1004.98M) | Time:00:02.09 | Mem:0.00M, Peak:0.00M | Scene, ViewLayer | Synchronizing object | G3_glazing_compression_gasket.234
Fra:451 Mem:860.50M (Peak 1004.98M) | Time:00:02.09 | Mem:0.00M, Peak:0.00M | Scene, ViewLayer | Synchronizing object | G3_glazing_compression_gasket.235
Fra:451 Mem:860.50M (Peak 1004.98M) | Time:00:02.09 | Mem:0.00M, Peak:0.00M | Scene, ViewLayer | Synchronizing object | G3_glazing_compression_gasket.236
Fra:451 Mem:860.50M (Peak 1004.98M) | Time:00:02.09 | Mem:0.00M, Peak:0.00M | Scene, ViewLayer | Synchronizing object | G3_glazing_compression_gasket.237
Fra:451 Mem:860.50M (Peak 1004.98M) | Time:00:02.09 | Mem:0.00M, Peak:0.00M | Scene, ViewLayer | Synchronizing object | G3_glazing_compression_gasket.238
Fra:451 Mem:860.51M (Peak 1004.98M) | Time:00:02.09 | Mem:0.00M, Peak:0.00M | Scene, ViewLayer | Synchronizing object | G3_glazing_compression_gasket.239
Fra:451 Mem:860.51M (Peak 1004.98M) | Time:00:02.09 | Mem:0.00M, Peak:0.00M | Scene, ViewLayer | Synchronizing object | G3_glazing_compression_gasket.240
Fra:451 Mem:860.51M (Peak 1004.98M) | Time:00:02.09 | Mem:0.00M, Peak:0.00M | Scene, ViewLayer | Synchronizing object | G3_glazing_compression_gasket.241
Fra:451 Mem:860.51M (Peak 1004.98M) | Time:00:02.09 | Mem:0.00M, Peak:0.00M | Scene, ViewLayer | Synchronizing object | G3_glazing_compression_gasket.242
Fra:451 Mem:860.51M (Peak 1004.98M) | Time:00:02.09 | Mem:0.00M, Peak:0.00M | Scene, ViewLayer | Synchronizing object | G3_glazing_compression_gasket.243
Fra:451 Mem:860.52M (Peak 1004.98M) | Time:00:02.09 | Mem:0.00M, Peak:0.00M | Scene, ViewLayer | Synchronizing object | G3_glazing_compression_gasket.244
Fra:451 Mem:860.52M (Peak 1004.98M) | Time:00:02.09 | Mem:0.00M, Peak:0.00M | Scene, ViewLayer | Synchronizing object | G3_glazing_compression_gasket.245
Fra:451 Mem:860.52M (Peak 1004.98M) | Time:00:02.10 | Mem:0.00M, Peak:0.00M | Scene, ViewLayer | Synchronizing object | G3_glazing_compression_gasket.246
Fra:451 Mem:860.52M (Peak 1004.98M) | Time:00:02.10 | Mem:0.00M, Peak:0.00M | Scene, ViewLayer | Synchronizing object | G3_glazing_compression_gasket.247
Fra:451 Mem:860.52M (Peak 1004.98M) | Time:00:02.10 | Mem:0.00M, Peak:0.00M | Scene, ViewLayer | Synchronizing object | G3_glazing_compression_gasket.248
Fra:451 Mem:860.53M (Peak 1004.98M) | Time:00:02.10 | Mem:0.00M, Peak:0.00M | Scene, ViewLayer | Synchronizing object | G3_glazing_compression_gasket.249
Fra:451 Mem:860.53M (Peak 1004.98M) | Time:00:02.10 | Mem:0.00M, Peak:0.00M | Scene, ViewLayer | Synchronizing object | G3_glazing_compression_gasket.250
Fra:451 Mem:860.53M (Peak 1004.98M) | Time:00:02.10 | Mem:0.00M, Peak:0.00M | Scene, ViewLayer | Synchronizing object | G3_glazing_compression_gasket.251
Fra:451 Mem:860.53M (Peak 1004.98M) | Time:00:02.10 | Mem:0.00M, Peak:0.00M | Scene, ViewLayer | Synchronizing object | G3_glazing_compression_gasket.252
Fra:451 Mem:860.53M (Peak 1004.98M) | Time:00:02.10 | Mem:0.00M, Peak:0.00M | Scene, ViewLayer | Synchronizing object | G3_glazing_compression_gasket.253
Fra:451 Mem:860.54M (Peak 1004.98M) | Time:00:02.10 | Mem:0.00M, Peak:0.00M | Scene, ViewLayer | Synchronizing object | G3_glazing_compression_gasket.254
Fra:451 Mem:860.54M (Peak 1004.98M) | Time:00:02.10 | Mem:0.00M, Peak:0.00M | Scene, ViewLayer | Synchronizing object | G3_glazing_compression_gasket.255
Fra:451 Mem:860.54M (Peak 1004.98M) | Time:00:02.10 | Mem:0.00M, Peak:0.00M | Scene, ViewLayer | Synchronizing object | G3_glazing_compression_gasket.256
Fra:451 Mem:860.54M (Peak 1004.98M) | Time:00:02.10 | Mem:0.00M, Peak:0.00M | Scene, ViewLayer | Synchronizing object | G3_glazing_compression_gasket.257
Fra:451 Mem:860.55M (Peak 1004.98M) | Time:00:02.10 | Mem:0.00M, Peak:0.00M | Scene, ViewLayer | Synchronizing object | G3_glazing_compression_gasket.258
Fra:451 Mem:860.55M (Peak 1004.98M) | Time:00:02.10 | Mem:0.00M, Peak:0.00M | Scene, ViewLayer | Synchronizing object | G3_glazing_compression_gasket.259
Fra:451 Mem:860.55M (Peak 1004.98M) | Time:00:02.10 | Mem:0.00M, Peak:0.00M | Scene, ViewLayer | Synchronizing object | G3_glazing_compression_gasket.260
Fra:451 Mem:860.55M (Peak 1004.98M) | Time:00:02.10 | Mem:0.00M, Peak:0.00M | Scene, ViewLayer | Synchronizing object | G3_glazing_compression_gasket.261
Fra:451 Mem:860.56M (Peak 1004.98M) | Time:00:02.10 | Mem:0.00M, Peak:0.00M | Scene, ViewLayer | Synchronizing object | G3_glazing_compression_gasket.262
Fra:451 Mem:860.56M (Peak 1004.98M) | Time:00:02.10 | Mem:0.00M, Peak:0.00M | Scene, ViewLayer | Synchronizing object | G3_glazing_compression_gasket.263
Fra:451 Mem:860.56M (Peak 1004.98M) | Time:00:02.10 | Mem:0.00M, Peak:0.00M | Scene, ViewLayer | Synchronizing object | G3_glazing_compression_gasket.264
Fra:451 Mem:860.57M (Peak 1004.98M) | Time:00:02.10 | Mem:0.00M, Peak:0.00M | Scene, ViewLayer | Synchronizing object | G3_glazing_compression_gasket.265
Fra:451 Mem:860.57M (Peak 1004.98M) | Time:00:02.10 | Mem:0.00M, Peak:0.00M | Scene, ViewLayer | Synchronizing object | G3_glazing_compression_gasket.266
Fra:451 Mem:860.57M (Peak 1004.98M) | Time:00:02.10 | Mem:0.00M, Peak:0.00M | Scene, ViewLayer | Synchronizing object | G3_glazing_compression_gasket.267
Fra:451 Mem:860.58M (Peak 1004.98M) | Time:00:02.10 | Mem:0.00M, Peak:0.00M | Scene, ViewLayer | Synchronizing object | G3_glazing_compression_gasket.268
Fra:451 Mem:860.58M (Peak 1004.98M) | Time:00:02.10 | Mem:0.00M, Peak:0.00M | Scene, ViewLayer | Synchronizing object | G3_glazing_compression_gasket.269
Fra:451 Mem:860.58M (Peak 1004.98M) | Time:00:02.10 | Mem:0.00M, Peak:0.00M | Scene, ViewLayer | Synchronizing object | G3_glazing_compression_gasket.270
Fra:451 Mem:860.58M (Peak 1004.98M) | Time:00:02.10 | Mem:0.00M, Peak:0.00M | Scene, ViewLayer | Synchronizing object | G3_glazing_compression_gasket.271
Fra:451 Mem:860.59M (Peak 1004.98M) | Time:00:02.10 | Mem:0.00M, Peak:0.00M | Scene, ViewLayer | Synchronizing object | G3_hall_pull_handle
Fra:451 Mem:860.60M (Peak 1004.98M) | Time:00:02.10 | Mem:0.00M, Peak:0.00M | Scene, ViewLayer | Synchronizing object | G3_hall_pull_handle.001
Fra:451 Mem:864.12M (Peak 1004.98M) | Time:00:02.10 | Mem:0.00M, Peak:0.00M | Scene, ViewLayer | Synchronizing object | G3_carved_pedestal_foot
Fra:451 Mem:864.15M (Peak 1004.98M) | Time:00:02.10 | Mem:0.00M, Peak:0.00M | Scene, ViewLayer | Synchronizing object | G3_carved_pedestal_foot.001
Fra:451 Mem:864.16M (Peak 1004.98M) | Time:00:02.10 | Mem:0.00M, Peak:0.00M | Scene, ViewLayer | Synchronizing object | G3_carved_pedestal_foot.002
Fra:451 Mem:864.17M (Peak 1004.98M) | Time:00:02.10 | Mem:0.00M, Peak:0.00M | Scene, ViewLayer | Synchronizing object | G3_cup_handle
Fra:451 Mem:864.21M (Peak 1004.98M) | Time:00:02.10 | Mem:0.00M, Peak:0.00M | Scene, ViewLayer | Synchronizing object | G3_door_jamb_gasket
Fra:451 Mem:864.21M (Peak 1004.98M) | Time:00:02.10 | Mem:0.00M, Peak:0.00M | Scene, ViewLayer | Synchronizing object | G3_door_jamb_gasket.001
Fra:451 Mem:864.21M (Peak 1004.98M) | Time:00:02.10 | Mem:0.00M, Peak:0.00M | Scene, ViewLayer | Synchronizing object | G3_slide_guide_rail
Fra:451 Mem:864.21M (Peak 1004.98M) | Time:00:02.10 | Mem:0.00M, Peak:0.00M | Scene, ViewLayer | Synchronizing object | G3_slide_guide_rail.001
Fra:451 Mem:864.25M (Peak 1004.98M) | Time:00:02.10 | Mem:0.00M, Peak:0.00M | Scene, ViewLayer | Synchronizing object | G3R04_sconce_bracket
Fra:451 Mem:864.26M (Peak 1004.98M) | Time:00:02.10 | Mem:0.00M, Peak:0.00M | Scene, ViewLayer | Synchronizing object | G3R04_sconce_bracket.001
Fra:451 Mem:864.28M (Peak 1004.98M) | Time:00:02.10 | Mem:0.00M, Peak:0.00M | Scene, ViewLayer | Synchronizing object | G4_full_pane_perimeter_seals
Fra:451 Mem:876.75M (Peak 1004.98M) | Time:00:02.11 | Mem:0.00M, Peak:0.00M | Scene, ViewLayer | Synchronizing object | G4_sconce_G3R04_sconce_bracket
Fra:451 Mem:876.76M (Peak 1004.98M) | Time:00:02.11 | Mem:0.00M, Peak:0.00M | Scene, ViewLayer | Synchronizing object | G4_sconce_G3R04_sconce_bracket.001
Fra:451 Mem:876.77M (Peak 1004.98M) | Time:00:02.11 | Mem:0.00M, Peak:0.00M | Scene, ViewLayer | Synchronizing object | G4_sconce_G3R04_sconce_bracket.002
Fra:451 Mem:880.28M (Peak 1004.98M) | Time:00:02.11 | Mem:0.00M, Peak:0.00M | Scene, ViewLayer | Synchronizing object | G4_sconce_G3R04_sconce_bracket.003
Fra:451 Mem:880.30M (Peak 1004.98M) | Time:00:02.11 | Mem:0.00M, Peak:0.00M | Scene, ViewLayer | Synchronizing object | G4_sconce_G3R04_sconce_bracket.004
Fra:451 Mem:880.31M (Peak 1004.98M) | Time:00:02.11 | Mem:0.00M, Peak:0.00M | Scene, ViewLayer | Synchronizing object | G4_sconce_G3R04_sconce_bracket.005
Fra:451 Mem:880.32M (Peak 1004.98M) | Time:00:02.11 | Mem:0.00M, Peak:0.00M | Scene, ViewLayer | Synchronizing object | G4_sconce_G3R04_sconce_bracket.006
Fra:451 Mem:880.33M (Peak 1004.98M) | Time:00:02.11 | Mem:0.00M, Peak:0.00M | Scene, ViewLayer | Synchronizing object | G4_sconce_G3R04_sconce_bracket.007
Fra:451 Mem:880.34M (Peak 1004.98M) | Time:00:02.11 | Mem:0.00M, Peak:0.00M | Scene, ViewLayer | Synchronizing object | G4_sconce_G3R04_sconce_bracket.008
Fra:451 Mem:880.36M (Peak 1004.98M) | Time:00:02.11 | Mem:0.00M, Peak:0.00M | Scene, ViewLayer | Synchronizing object | G4_sconce_G3R04_sconce_bracket.009
Fra:451 Mem:880.37M (Peak 1004.98M) | Time:00:02.11 | Mem:0.00M, Peak:0.00M | Scene, ViewLayer | Synchronizing object | G4_sconce_G3R04_sconce_bracket.010
Fra:451 Mem:880.38M (Peak 1004.98M) | Time:00:02.11 | Mem:0.00M, Peak:0.00M | Scene, ViewLayer | Synchronizing object | G4_sconce_G3R04_sconce_bracket.011
Fra:451 Mem:876.89M (Peak 1004.98M) | Time:00:02.11 | Mem:0.00M, Peak:0.00M | Scene, ViewLayer | Synchronizing object | G4_sconce_G3R04_sconce_bracket.012
Fra:451 Mem:882.16M (Peak 1004.98M) | Time:00:02.11 | Mem:0.00M, Peak:0.00M | Scene, ViewLayer | Synchronizing object | G4_sconce_G3R04_sconce_bracket.013
Fra:451 Mem:882.17M (Peak 1004.98M) | Time:00:02.11 | Mem:0.00M, Peak:0.00M | Scene, ViewLayer | Synchronizing object | G4_sconce_G3R04_sconce_bracket.014
Fra:451 Mem:882.18M (Peak 1004.98M) | Time:00:02.11 | Mem:0.00M, Peak:0.00M | Scene, ViewLayer | Synchronizing object | G4_sconce_G3R04_sconce_bracket.015
Fra:451 Mem:882.23M (Peak 1004.98M) | Time:00:02.11 | Mem:0.00M, Peak:0.00M | Scene, ViewLayer | Synchronizing object | G4_cafe_G3_carved_pedestal_foot
Fra:451 Mem:882.24M (Peak 1004.98M) | Time:00:02.11 | Mem:0.00M, Peak:0.00M | Scene, ViewLayer | Synchronizing object | G4_cafe_G3_carved_pedestal_foot.001
Fra:451 Mem:882.25M (Peak 1004.98M) | Time:00:02.11 | Mem:0.00M, Peak:0.00M | Scene, ViewLayer | Synchronizing object | G4_cafe_G3_carved_pedestal_foot.002
Fra:451 Mem:882.25M (Peak 1004.98M) | Time:00:02.11 | Mem:0.00M, Peak:0.00M | Scene, ViewLayer | Synchronizing object | G4_cafe_G3_carved_pedestal_foot.003
Fra:451 Mem:882.26M (Peak 1004.98M) | Time:00:02.11 | Mem:0.00M, Peak:0.00M | Scene, ViewLayer | Synchronizing object | G4_cafe_G3_carved_pedestal_foot.004
Fra:451 Mem:882.26M (Peak 1004.98M) | Time:00:02.11 | Mem:0.00M, Peak:0.00M | Scene, ViewLayer | Synchronizing object | G4_cafe_G3_carved_pedestal_foot.005
Fra:451 Mem:877.02M (Peak 1004.98M) | Time:00:02.11 | Mem:0.00M, Peak:0.00M | Scene, ViewLayer | Synchronizing object | G4_bench_seat_piping
Fra:451 Mem:877.93M (Peak 1004.98M) | Time:00:02.11 | Mem:0.00M, Peak:0.00M | Scene, ViewLayer | Synchronizing object | G4_bench_seat_piping.001
Fra:451 Mem:877.97M (Peak 1004.98M) | Time:00:02.11 | Mem:0.00M, Peak:0.00M | Scene, ViewLayer | Synchronizing object | G4_bench_seat_piping.002
Fra:451 Mem:878.01M (Peak 1004.98M) | Time:00:02.11 | Mem:0.00M, Peak:0.00M | Scene, ViewLayer | Synchronizing object | G4_bench_seat_piping.003
Fra:451 Mem:878.04M (Peak 1004.98M) | Time:00:02.12 | Mem:0.00M, Peak:0.00M | Scene, ViewLayer | Synchronizing object | G4_bench_seat_piping.004
Fra:451 Mem:878.08M (Peak 1004.98M) | Time:00:02.12 | Mem:0.00M, Peak:0.00M | Scene, ViewLayer | Synchronizing object | G4_bench_seat_piping.005
Fra:451 Mem:878.11M (Peak 1004.98M) | Time:00:02.12 | Mem:0.00M, Peak:0.00M | Scene, ViewLayer | Synchronizing object | G4_bench_seat_piping.006
Fra:451 Mem:877.27M (Peak 1004.98M) | Time:00:02.12 | Mem:0.00M, Peak:0.00M | Scene, ViewLayer | Synchronizing object | Viaduct_bedrock_footing.009
Fra:451 Mem:877.28M (Peak 1004.98M) | Time:00:02.12 | Mem:0.00M, Peak:0.00M | Scene, ViewLayer | Synchronizing object | G4_bench_seat_piping.007
Fra:451 Mem:877.34M (Peak 1004.98M) | Time:00:02.12 | Mem:0.00M, Peak:0.00M | Scene, ViewLayer | Synchronizing object | G4_bench_seat_piping.008
Fra:451 Mem:877.37M (Peak 1004.98M) | Time:00:02.12 | Mem:0.00M, Peak:0.00M | Scene, ViewLayer | Synchronizing object | G4_bench_seat_piping.009
Fra:451 Mem:877.41M (Peak 1004.98M) | Time:00:02.12 | Mem:0.00M, Peak:0.00M | Scene, ViewLayer | Synchronizing object | G4_bench_seat_piping.010
Fra:451 Mem:877.44M (Peak 1004.98M) | Time:00:02.12 | Mem:0.00M, Peak:0.00M | Scene, ViewLayer | Synchronizing object | G4_bench_seat_piping.011
Fra:451 Mem:877.52M (Peak 1004.98M) | Time:00:02.12 | Mem:0.00M, Peak:0.00M | Scene, ViewLayer | Synchronizing object | G4_car_vault_rib
Fra:451 Mem:877.56M (Peak 1004.98M) | Time:00:02.12 | Mem:0.00M, Peak:0.00M | Scene, ViewLayer | Synchronizing object | G4_car_vault_rib.001
Fra:451 Mem:877.61M (Peak 1004.98M) | Time:00:02.12 | Mem:0.00M, Peak:0.00M | Scene, ViewLayer | Synchronizing object | G4_car_vault_rib.002
Fra:451 Mem:877.66M (Peak 1004.98M) | Time:00:02.12 | Mem:0.00M, Peak:0.00M | Scene, ViewLayer | Synchronizing object | G4_car_vault_rib.003
Fra:451 Mem:877.71M (Peak 1004.98M) | Time:00:02.12 | Mem:0.00M, Peak:0.00M | Scene, ViewLayer | Synchronizing object | G4_car_vault_rib.004
Fra:451 Mem:877.76M (Peak 1004.98M) | Time:00:02.12 | Mem:0.00M, Peak:0.00M | Scene, ViewLayer | Synchronizing object | G4_car_vault_rib.005
Fra:451 Mem:877.81M (Peak 1004.98M) | Time:00:02.12 | Mem:0.00M, Peak:0.00M | Scene, ViewLayer | Synchronizing object | G4_car_vault_rib.006
Fra:451 Mem:877.86M (Peak 1004.98M) | Time:00:02.12 | Mem:0.00M, Peak:0.00M | Scene, ViewLayer | Synchronizing object | G4_car_vault_rib.007
Fra:451 Mem:877.94M (Peak 1004.98M) | Time:00:02.12 | Mem:0.00M, Peak:0.00M | Scene, ViewLayer | Synchronizing object | G4_car_seat_piping
Fra:451 Mem:877.97M (Peak 1004.98M) | Time:00:02.12 | Mem:0.00M, Peak:0.00M | Scene, ViewLayer | Synchronizing object | G4_car_seat_piping.001
Fra:451 Mem:878.01M (Peak 1004.98M) | Time:00:02.12 | Mem:0.00M, Peak:0.00M | Scene, ViewLayer | Synchronizing object | G4_car_seat_piping.002
Fra:451 Mem:878.04M (Peak 1004.98M) | Time:00:02.12 | Mem:0.00M, Peak:0.00M | Scene, ViewLayer | Synchronizing object | G4_car_seat_piping.003
Fra:451 Mem:878.07M (Peak 1004.98M) | Time:00:02.12 | Mem:0.00M, Peak:0.00M | Scene, ViewLayer | Synchronizing object | G4_car_seat_piping.004
Fra:451 Mem:878.11M (Peak 1004.98M) | Time:00:02.12 | Mem:0.00M, Peak:0.00M | Scene, ViewLayer | Synchronizing object | G4_car_seat_piping.005
Fra:451 Mem:878.14M (Peak 1004.98M) | Time:00:02.12 | Mem:0.00M, Peak:0.00M | Scene, ViewLayer | Synchronizing object | G4_car_seat_piping.006
Fra:451 Mem:878.18M (Peak 1004.98M) | Time:00:02.12 | Mem:0.00M, Peak:0.00M | Scene, ViewLayer | Synchronizing object | G4_car_seat_piping.007
Fra:451 Mem:878.21M (Peak 1004.98M) | Time:00:02.12 | Mem:0.00M, Peak:0.00M | Scene, ViewLayer | Synchronizing object | G4_car_seat_piping.008
Fra:451 Mem:878.24M (Peak 1004.98M) | Time:00:02.12 | Mem:0.00M, Peak:0.00M | Scene, ViewLayer | Synchronizing object | G4_car_seat_piping.009
Fra:451 Mem:878.28M (Peak 1004.98M) | Time:00:02.12 | Mem:0.00M, Peak:0.00M | Scene, ViewLayer | Synchronizing object | G4_seat_back_grab_rail
Fra:451 Mem:878.28M (Peak 1004.98M) | Time:00:02.12 | Mem:0.00M, Peak:0.00M | Scene, ViewLayer | Synchronizing object | G4_seat_back_grab_rail.001
Fra:451 Mem:878.28M (Peak 1004.98M) | Time:00:02.12 | Mem:0.00M, Peak:0.00M | Scene, ViewLayer | Synchronizing object | G4_seat_back_grab_rail.002
Fra:451 Mem:878.28M (Peak 1004.98M) | Time:00:02.12 | Mem:0.00M, Peak:0.00M | Scene, ViewLayer | Synchronizing object | G4_seat_back_grab_rail.003
Fra:451 Mem:878.29M (Peak 1004.98M) | Time:00:02.12 | Mem:0.00M, Peak:0.00M | Scene, ViewLayer | Synchronizing object | G4_seat_back_grab_rail.004
Fra:451 Mem:878.29M (Peak 1004.98M) | Time:00:02.12 | Mem:0.00M, Peak:0.00M | Scene, ViewLayer | Synchronizing object | G4_seat_back_grab_rail.005
Fra:451 Mem:878.29M (Peak 1004.98M) | Time:00:02.12 | Mem:0.00M, Peak:0.00M | Scene, ViewLayer | Synchronizing object | G4_seat_back_grab_rail.006
Fra:451 Mem:878.29M (Peak 1004.98M) | Time:00:02.12 | Mem:0.00M, Peak:0.00M | Scene, ViewLayer | Synchronizing object | G4_seat_back_grab_rail.007
Fra:451 Mem:878.30M (Peak 1004.98M) | Time:00:02.12 | Mem:0.00M, Peak:0.00M | Scene, ViewLayer | Synchronizing object | G4_seat_back_grab_rail.008
Fra:451 Mem:878.30M (Peak 1004.98M) | Time:00:02.12 | Mem:0.00M, Peak:0.00M | Scene, ViewLayer | Synchronizing object | G4_seat_back_grab_rail.009
Fra:451 Mem:878.30M (Peak 1004.98M) | Time:00:02.12 | Mem:0.00M, Peak:0.00M | Scene, ViewLayer | Synchronizing object | G4_suspension_helix
Fra:451 Mem:878.41M (Peak 1004.98M) | Time:00:02.12 | Mem:0.00M, Peak:0.00M | Scene, ViewLayer | Synchronizing object | G4_suspension_helix.001
Fra:451 Mem:878.52M (Peak 1004.98M) | Time:00:02.12 | Mem:0.00M, Peak:0.00M | Scene, ViewLayer | Synchronizing object | G4_suspension_helix.002
Fra:451 Mem:878.63M (Peak 1004.98M) | Time:00:02.12 | Mem:0.00M, Peak:0.00M | Scene, ViewLayer | Synchronizing object | G4_suspension_helix.003
Fra:451 Mem:878.74M (Peak 1004.98M) | Time:00:02.12 | Mem:0.00M, Peak:0.00M | Scene, ViewLayer | Synchronizing object | G4_suspension_helix.004
Fra:451 Mem:878.85M (Peak 1004.98M) | Time:00:02.12 | Mem:0.00M, Peak:0.00M | Scene, ViewLayer | Synchronizing object | G4_suspension_helix.005
Fra:451 Mem:878.96M (Peak 1004.98M) | Time:00:02.12 | Mem:0.00M, Peak:0.00M | Scene, ViewLayer | Synchronizing object | G4_suspension_helix.006
Fra:451 Mem:879.07M (Peak 1004.98M) | Time:00:02.12 | Mem:0.00M, Peak:0.00M | Scene, ViewLayer | Synchronizing object | G4_suspension_helix.007
Fra:451 Mem:879.18M (Peak 1004.98M) | Time:00:02.12 | Mem:0.00M, Peak:0.00M | Scene, ViewLayer | Synchronizing object | G4_cab_gauge_needle
Fra:451 Mem:879.18M (Peak 1004.98M) | Time:00:02.12 | Mem:0.00M, Peak:0.00M | Scene, ViewLayer | Synchronizing object | G4_cab_gauge_needle.001
Fra:451 Mem:879.19M (Peak 1004.98M) | Time:00:02.12 | Mem:0.00M, Peak:0.00M | Scene, ViewLayer | Synchronizing object | G4_cab_gauge_needle.002
Fra:451 Mem:879.19M (Peak 1004.98M) | Time:00:02.12 | Mem:0.00M, Peak:0.00M | Scene, ViewLayer | Synchronizing object | G4_viaduct_arch_edge_course
Fra:451 Mem:879.22M (Peak 1004.98M) | Time:00:02.12 | Mem:0.00M, Peak:0.00M | Scene, ViewLayer | Synchronizing object | G4_viaduct_arch_edge_course.001
Fra:451 Mem:879.25M (Peak 1004.98M) | Time:00:02.12 | Mem:0.00M, Peak:0.00M | Scene, ViewLayer | Synchronizing object | G4_viaduct_arch_edge_course.002
Fra:451 Mem:879.28M (Peak 1004.98M) | Time:00:02.12 | Mem:0.00M, Peak:0.00M | Scene, ViewLayer | Synchronizing object | G4_viaduct_arch_edge_course.003
Fra:451 Mem:879.31M (Peak 1004.98M) | Time:00:02.12 | Mem:0.00M, Peak:0.00M | Scene, ViewLayer | Synchronizing object | G4_viaduct_arch_edge_course.004
Fra:451 Mem:879.34M (Peak 1004.98M) | Time:00:02.12 | Mem:0.00M, Peak:0.00M | Scene, ViewLayer | Synchronizing object | G4_viaduct_arch_edge_course.005
Fra:451 Mem:879.37M (Peak 1004.98M) | Time:00:02.12 | Mem:0.00M, Peak:0.00M | Scene, ViewLayer | Synchronizing object | G4_viaduct_arch_edge_course.006
Fra:451 Mem:879.40M (Peak 1004.98M) | Time:00:02.12 | Mem:0.00M, Peak:0.00M | Scene, ViewLayer | Synchronizing object | G4_viaduct_arch_edge_course.007
Fra:451 Mem:879.43M (Peak 1004.98M) | Time:00:02.12 | Mem:0.00M, Peak:0.00M | Scene, ViewLayer | Synchronizing object | G4_viaduct_arch_edge_course.008
Fra:451 Mem:879.46M (Peak 1004.98M) | Time:00:02.12 | Mem:0.00M, Peak:0.00M | Scene, ViewLayer | Synchronizing object | G4_viaduct_arch_edge_course.009
Fra:451 Mem:879.49M (Peak 1004.98M) | Time:00:02.12 | Mem:0.00M, Peak:0.00M | Scene, ViewLayer | Synchronizing object | G4_viaduct_arch_edge_course.010
Fra:451 Mem:879.52M (Peak 1004.98M) | Time:00:02.12 | Mem:0.00M, Peak:0.00M | Scene, ViewLayer | Synchronizing object | G4_viaduct_arch_edge_course.011
Fra:451 Mem:885.74M (Peak 1004.98M) | Time:00:02.13 | Mem:0.00M, Peak:0.00M | Scene, ViewLayer | Synchronizing object | G4R03_roof_clipped_rain
Fra:451 Mem:886.71M (Peak 1004.98M) | Time:00:02.15 | Mem:0.00M, Peak:0.00M | Scene, ViewLayer | Synchronizing object | Viaduct_bedrock_footing.001
Fra:451 Mem:886.74M (Peak 1004.98M) | Time:00:02.15 | Mem:0.00M, Peak:0.00M | Scene, ViewLayer | Synchronizing object | Viaduct_bedrock_footing.007
Fra:451 Mem:886.77M (Peak 1004.98M) | Time:00:02.15 | Mem:0.00M, Peak:0.00M | Scene, ViewLayer | Synchronizing object | Viaduct_pier.005
Fra:451 Mem:886.80M (Peak 1004.98M) | Time:00:02.15 | Mem:0.00M, Peak:0.00M | Scene, ViewLayer | Synchronizing object | Platform_continuous_slab
Fra:451 Mem:886.84M (Peak 1004.98M) | Time:00:02.15 | Mem:0.00M, Peak:0.00M | Scene, ViewLayer | Synchronizing object | Terrace_guard_post.009
Fra:451 Mem:886.84M (Peak 1004.98M) | Time:00:02.15 | Mem:0.00M, Peak:0.00M | Scene, ViewLayer | Synchronizing object | Terrace_guard_post.010
Fra:451 Mem:886.85M (Peak 1004.98M) | Time:00:02.15 | Mem:0.00M, Peak:0.00M | Scene, ViewLayer | Synchronizing object | Terrace_guard_post.023
Fra:451 Mem:886.86M (Peak 1004.98M) | Time:00:02.15 | Mem:0.00M, Peak:0.00M | Scene, ViewLayer | Synchronizing object | Terrace_guard_post.030
Fra:451 Mem:886.87M (Peak 1004.98M) | Time:00:02.15 | Mem:0.00M, Peak:0.00M | Scene, ViewLayer | Synchronizing object | Track_sleeper.010
Fra:451 Mem:886.91M (Peak 1004.98M) | Time:00:02.15 | Mem:0.00M, Peak:0.00M | Scene, ViewLayer | Synchronizing object | Track_sleeper.088
Fra:451 Mem:886.94M (Peak 1004.98M) | Time:00:02.15 | Mem:0.00M, Peak:0.00M | Scene, ViewLayer | Synchronizing object | Track_sleeper.098
Fra:451 Mem:886.98M (Peak 1004.98M) | Time:00:02.15 | Mem:0.00M, Peak:0.00M | Scene, ViewLayer | Synchronizing object | Track_sleeper.114
Fra:451 Mem:887.01M (Peak 1004.98M) | Time:00:02.15 | Mem:0.00M, Peak:0.00M | Scene, ViewLayer | Synchronizing object | Track_sleeper.045
Fra:451 Mem:887.05M (Peak 1004.98M) | Time:00:02.15 | Mem:0.00M, Peak:0.00M | Scene, ViewLayer | Synchronizing object | Bridge_guard_post.059
Fra:451 Mem:887.05M (Peak 1004.98M) | Time:00:02.15 | Mem:0.00M, Peak:0.00M | Scene, ViewLayer | Synchronizing object | Track_sleeper.091
Fra:451 Mem:887.09M (Peak 1004.98M) | Time:00:02.15 | Mem:0.00M, Peak:0.00M | Scene, ViewLayer | Synchronizing object | Track_sleeper.042
Fra:451 Mem:887.12M (Peak 1004.98M) | Time:00:02.15 | Mem:0.00M, Peak:0.00M | Scene, ViewLayer | Synchronizing object | Track_sleeper.072
Fra:451 Mem:887.16M (Peak 1004.98M) | Time:00:02.15 | Mem:0.00M, Peak:0.00M | Scene, ViewLayer | Synchronizing object | Track_sleeper.046
Fra:451 Mem:887.19M (Peak 1004.98M) | Time:00:02.15 | Mem:0.00M, Peak:0.00M | Scene, ViewLayer | Synchronizing object | Track_sleeper.109
Fra:451 Mem:887.23M (Peak 1004.98M) | Time:00:02.15 | Mem:0.00M, Peak:0.00M | Scene, ViewLayer | Synchronizing object | Track_sleeper.037
Fra:451 Mem:887.26M (Peak 1004.98M) | Time:00:02.15 | Mem:0.00M, Peak:0.00M | Scene, ViewLayer | Synchronizing object | Running_rail.001
Fra:451 Mem:887.84M (Peak 1004.98M) | Time:00:02.15 | Mem:0.00M, Peak:0.00M | Scene, ViewLayer | Synchronizing object | Track_sleeper.030
Fra:451 Mem:887.87M (Peak 1004.98M) | Time:00:02.15 | Mem:0.00M, Peak:0.00M | Scene, ViewLayer | Synchronizing object | Track_sleeper.032
Fra:451 Mem:887.91M (Peak 1004.98M) | Time:00:02.15 | Mem:0.00M, Peak:0.00M | Scene, ViewLayer | Synchronizing object | Bridge_guard_post.049
Fra:451 Mem:887.92M (Peak 1004.98M) | Time:00:02.15 | Mem:0.00M, Peak:0.00M | Scene, ViewLayer | Synchronizing object | Track_sleeper.050
Fra:451 Mem:887.95M (Peak 1004.98M) | Time:00:02.15 | Mem:0.00M, Peak:0.00M | Scene, ViewLayer | Synchronizing object | Track_sleeper.134
Fra:451 Mem:887.98M (Peak 1004.98M) | Time:00:02.15 | Mem:0.00M, Peak:0.00M | Scene, ViewLayer | Synchronizing object | Bridge_guard_post.036
Fra:451 Mem:887.99M (Peak 1004.98M) | Time:00:02.15 | Mem:0.00M, Peak:0.00M | Scene, ViewLayer | Synchronizing object | Bridge_guard_post.008
Fra:451 Mem:888.00M (Peak 1004.98M) | Time:00:02.15 | Mem:0.00M, Peak:0.00M | Scene, ViewLayer | Synchronizing object | Track_sleeper.008
Fra:451 Mem:888.03M (Peak 1004.98M) | Time:00:02.15 | Mem:0.00M, Peak:0.00M | Scene, ViewLayer | Synchronizing object | Track_sleeper.143
Fra:451 Mem:888.07M (Peak 1004.98M) | Time:00:02.15 | Mem:0.00M, Peak:0.00M | Scene, ViewLayer | Synchronizing object | Bridge_guard_post.011
Fra:451 Mem:888.08M (Peak 1004.98M) | Time:00:02.15 | Mem:0.00M, Peak:0.00M | Scene, ViewLayer | Synchronizing object | Bridge_guard_post.012
Fra:451 Mem:888.08M (Peak 1004.98M) | Time:00:02.15 | Mem:0.00M, Peak:0.00M | Scene, ViewLayer | Synchronizing object | Bridge_guard_post.057
Fra:451 Mem:888.09M (Peak 1004.98M) | Time:00:02.15 | Mem:0.00M, Peak:0.00M | Scene, ViewLayer | Synchronizing object | Track_sleeper.024
Fra:451 Mem:888.12M (Peak 1004.98M) | Time:00:02.15 | Mem:0.00M, Peak:0.00M | Scene, ViewLayer | Synchronizing object | Track_sleeper.106
Fra:451 Mem:888.21M (Peak 1004.98M) | Time:00:02.15 | Mem:0.00M, Peak:0.00M | Scene, ViewLayer | Synchronizing object | Track_sleeper.069
Fra:451 Mem:888.25M (Peak 1004.98M) | Time:00:02.15 | Mem:0.00M, Peak:0.00M | Scene, ViewLayer | Synchronizing object | Track_sleeper.122
Fra:451 Mem:888.28M (Peak 1004.98M) | Time:00:02.15 | Mem:0.00M, Peak:0.00M | Scene, ViewLayer | Synchronizing object | Bridge_guard_post.035
Fra:451 Mem:888.29M (Peak 1004.98M) | Time:00:02.15 | Mem:0.00M, Peak:0.00M | Scene, ViewLayer | Synchronizing object | Bridge_guard_post.038
Fra:451 Mem:888.30M (Peak 1004.98M) | Time:00:02.15 | Mem:0.00M, Peak:0.00M | Scene, ViewLayer | Synchronizing object | Track_sleeper.002
Fra:451 Mem:888.33M (Peak 1004.98M) | Time:00:02.15 | Mem:0.00M, Peak:0.00M | Scene, ViewLayer | Synchronizing object | Track_sleeper.048
Fra:451 Mem:888.36M (Peak 1004.98M) | Time:00:02.15 | Mem:0.00M, Peak:0.00M | Scene, ViewLayer | Synchronizing object | Track_sleeper.060
Fra:451 Mem:888.40M (Peak 1004.98M) | Time:00:02.15 | Mem:0.00M, Peak:0.00M | Scene, ViewLayer | Synchronizing object | Track_sleeper.062
Fra:451 Mem:888.43M (Peak 1004.98M) | Time:00:02.15 | Mem:0.00M, Peak:0.00M | Scene, ViewLayer | Synchronizing object | Track_sleeper.040
Fra:451 Mem:888.47M (Peak 1004.98M) | Time:00:02.16 | Mem:0.00M, Peak:0.00M | Scene, ViewLayer | Synchronizing object | Bridge_guard_post.029
Fra:451 Mem:888.47M (Peak 1004.98M) | Time:00:02.16 | Mem:0.00M, Peak:0.00M | Scene, ViewLayer | Synchronizing object | Track_sleeper.124
Fra:451 Mem:888.51M (Peak 1004.98M) | Time:00:02.16 | Mem:0.00M, Peak:0.00M | Scene, ViewLayer | Synchronizing object | Track_sleeper.117
Fra:451 Mem:888.54M (Peak 1004.98M) | Time:00:02.16 | Mem:0.00M, Peak:0.00M | Scene, ViewLayer | Synchronizing object | Track_sleeper.101
Fra:451 Mem:888.57M (Peak 1004.98M) | Time:00:02.16 | Mem:0.00M, Peak:0.00M | Scene, ViewLayer | Synchronizing object | Track_sleeper.076
Fra:451 Mem:888.61M (Peak 1004.98M) | Time:00:02.16 | Mem:0.00M, Peak:0.00M | Scene, ViewLayer | Synchronizing object | Track_sleeper.103
Fra:451 Mem:888.64M (Peak 1004.98M) | Time:00:02.16 | Mem:0.00M, Peak:0.00M | Scene, ViewLayer | Synchronizing object | Track_sleeper.094
Fra:451 Mem:888.68M (Peak 1004.98M) | Time:00:02.16 | Mem:0.00M, Peak:0.00M | Scene, ViewLayer | Synchronizing object | Bridge_guard_post.026
Fra:451 Mem:888.68M (Peak 1004.98M) | Time:00:02.16 | Mem:0.00M, Peak:0.00M | Scene, ViewLayer | Synchronizing object | Track_sleeper.119
Fra:451 Mem:888.72M (Peak 1004.98M) | Time:00:02.16 | Mem:0.00M, Peak:0.00M | Scene, ViewLayer | Synchronizing object | Viaduct_arch_spandrel.004
Fra:451 Mem:888.75M (Peak 1004.98M) | Time:00:02.16 | Mem:0.00M, Peak:0.00M | Scene, ViewLayer | Synchronizing object | Bridge_guard_post.052
Fra:451 Mem:888.76M (Peak 1004.98M) | Time:00:02.16 | Mem:0.00M, Peak:0.00M | Scene, ViewLayer | Synchronizing object | Track_sleeper.021
Fra:451 Mem:888.79M (Peak 1004.98M) | Time:00:02.16 | Mem:0.00M, Peak:0.00M | Scene, ViewLayer | Synchronizing object | Track_sleeper.081
Fra:451 Mem:888.82M (Peak 1004.98M) | Time:00:02.16 | Mem:0.00M, Peak:0.00M | Scene, ViewLayer | Synchronizing object | Track_sleeper.013
Fra:451 Mem:888.86M (Peak 1004.98M) | Time:00:02.16 | Mem:0.00M, Peak:0.00M | Scene, ViewLayer | Synchronizing object | Track_sleeper.096
Fra:451 Mem:888.89M (Peak 1004.98M) | Time:00:02.16 | Mem:0.00M, Peak:0.00M | Scene, ViewLayer | Synchronizing object | Track_sleeper.128
Fra:451 Mem:888.92M (Peak 1004.98M) | Time:00:02.16 | Mem:0.00M, Peak:0.00M | Scene, ViewLayer | Synchronizing object | Viaduct_arch_spandrel
Fra:451 Mem:888.96M (Peak 1004.98M) | Time:00:02.16 | Mem:0.00M, Peak:0.00M | Scene, ViewLayer | Synchronizing object | Track_sleeper.089
Fra:451 Mem:888.99M (Peak 1004.98M) | Time:00:02.16 | Mem:0.00M, Peak:0.00M | Scene, ViewLayer | Synchronizing object | Bridge_guard_post.004
Fra:451 Mem:889.00M (Peak 1004.98M) | Time:00:02.16 | Mem:0.00M, Peak:0.00M | Scene, ViewLayer | Synchronizing object | Viaduct_arch_spandrel.002
Fra:451 Mem:889.03M (Peak 1004.98M) | Time:00:02.16 | Mem:0.00M, Peak:0.00M | Scene, ViewLayer | Synchronizing object | Track_sleeper.087
Fra:451 Mem:889.06M (Peak 1004.98M) | Time:00:02.16 | Mem:0.00M, Peak:0.00M | Scene, ViewLayer | Synchronizing object | Viaduct_arch_spandrel.001
Fra:451 Mem:889.09M (Peak 1004.98M) | Time:00:02.16 | Mem:0.00M, Peak:0.00M | Scene, ViewLayer | Synchronizing object | Buffer_stop_crossbar
Fra:451 Mem:889.12M (Peak 1004.98M) | Time:00:02.16 | Mem:0.00M, Peak:0.00M | Scene, ViewLayer | Synchronizing object | Track_sleeper.146
Fra:451 Mem:889.16M (Peak 1004.98M) | Time:00:02.16 | Mem:0.00M, Peak:0.00M | Scene, ViewLayer | Synchronizing object | Track_sleeper.047
Fra:451 Mem:889.19M (Peak 1004.98M) | Time:00:02.16 | Mem:0.00M, Peak:0.00M | Scene, ViewLayer | Synchronizing object | Track_sleeper.149
Fra:451 Mem:889.23M (Peak 1004.98M) | Time:00:02.16 | Mem:0.00M, Peak:0.00M | Scene, ViewLayer | Synchronizing object | Bridge_guard_post.045
Fra:451 Mem:889.23M (Peak 1004.98M) | Time:00:02.16 | Mem:0.00M, Peak:0.00M | Scene, ViewLayer | Synchronizing object | Track_sleeper.139
Fra:451 Mem:889.27M (Peak 1004.98M) | Time:00:02.16 | Mem:0.00M, Peak:0.00M | Scene, ViewLayer | Synchronizing object | Bridge_guard_post.023
Fra:451 Mem:889.28M (Peak 1004.98M) | Time:00:02.16 | Mem:0.00M, Peak:0.00M | Scene, ViewLayer | Synchronizing object | Track_sleeper.025
Fra:451 Mem:889.31M (Peak 1004.98M) | Time:00:02.16 | Mem:0.00M, Peak:0.00M | Scene, ViewLayer | Synchronizing object | Track_sleeper.052
Fra:451 Mem:889.34M (Peak 1004.98M) | Time:00:02.16 | Mem:0.00M, Peak:0.00M | Scene, ViewLayer | Synchronizing object | Track_sleeper.073
Fra:451 Mem:889.38M (Peak 1004.98M) | Time:00:02.16 | Mem:0.00M, Peak:0.00M | Scene, ViewLayer | Synchronizing object | Bridge_guard_post.043
Fra:451 Mem:889.38M (Peak 1004.98M) | Time:00:02.16 | Mem:0.00M, Peak:0.00M | Scene, ViewLayer | Synchronizing object | Track_sleeper.011
Fra:451 Mem:889.42M (Peak 1004.98M) | Time:00:02.16 | Mem:0.00M, Peak:0.00M | Scene, ViewLayer | Synchronizing object | Track_sleeper.141
Fra:451 Mem:889.45M (Peak 1004.98M) | Time:00:02.16 | Mem:0.00M, Peak:0.00M | Scene, ViewLayer | Synchronizing object | Track_sleeper.150
Fra:451 Mem:889.49M (Peak 1004.98M) | Time:00:02.16 | Mem:0.00M, Peak:0.00M | Scene, ViewLayer | Synchronizing object | Bridge_guard_post.007
Fra:451 Mem:889.49M (Peak 1004.98M) | Time:00:02.16 | Mem:0.00M, Peak:0.00M | Scene, ViewLayer | Synchronizing object | Bridge_guard_post.048
Fra:451 Mem:889.50M (Peak 1004.98M) | Time:00:02.16 | Mem:0.00M, Peak:0.00M | Scene, ViewLayer | Synchronizing object | Track_sleeper.084
Fra:451 Mem:889.53M (Peak 1004.98M) | Time:00:02.16 | Mem:0.00M, Peak:0.00M | Scene, ViewLayer | Synchronizing object | Track_sleeper.133
Fra:451 Mem:889.57M (Peak 1004.98M) | Time:00:02.16 | Mem:0.00M, Peak:0.00M | Scene, ViewLayer | Synchronizing object | Track_sleeper.006
Fra:451 Mem:889.60M (Peak 1004.98M) | Time:00:02.16 | Mem:0.00M, Peak:0.00M | Scene, ViewLayer | Synchronizing object | Track_sleeper
Fra:451 Mem:889.64M (Peak 1004.98M) | Time:00:02.16 | Mem:0.00M, Peak:0.00M | Scene, ViewLayer | Synchronizing object | Track_sleeper.016
Fra:451 Mem:889.67M (Peak 1004.98M) | Time:00:02.16 | Mem:0.00M, Peak:0.00M | Scene, ViewLayer | Synchronizing object | Track_sleeper.085
Fra:451 Mem:889.70M (Peak 1004.98M) | Time:00:02.16 | Mem:0.00M, Peak:0.00M | Scene, ViewLayer | Synchronizing object | Track_sleeper.113
Fra:451 Mem:889.74M (Peak 1004.98M) | Time:00:02.16 | Mem:0.00M, Peak:0.00M | Scene, ViewLayer | Synchronizing object | Bridge_guard_post
Fra:451 Mem:889.75M (Peak 1004.98M) | Time:00:02.16 | Mem:0.00M, Peak:0.00M | Scene, ViewLayer | Synchronizing object | Bridge_guard_post.025
Fra:451 Mem:889.75M (Peak 1004.98M) | Time:00:02.16 | Mem:0.00M, Peak:0.00M | Scene, ViewLayer | Synchronizing object | Track_sleeper.099
Fra:451 Mem:889.79M (Peak 1004.98M) | Time:00:02.16 | Mem:0.00M, Peak:0.00M | Scene, ViewLayer | Synchronizing object | Track_sleeper.043
Fra:451 Mem:889.82M (Peak 1004.98M) | Time:00:02.16 | Mem:0.00M, Peak:0.00M | Scene, ViewLayer | Synchronizing object | Track_sleeper.115
Fra:451 Mem:889.86M (Peak 1004.98M) | Time:00:02.16 | Mem:0.00M, Peak:0.00M | Scene, ViewLayer | Synchronizing object | Track_sleeper.092
Fra:451 Mem:889.89M (Peak 1004.98M) | Time:00:02.16 | Mem:0.00M, Peak:0.00M | Scene, ViewLayer | Synchronizing object | Bridge_guard_post.030
Fra:451 Mem:889.90M (Peak 1004.98M) | Time:00:02.16 | Mem:0.00M, Peak:0.00M | Scene, ViewLayer | Synchronizing object | Track_sleeper.070
Fra:451 Mem:889.93M (Peak 1004.98M) | Time:00:02.16 | Mem:0.00M, Peak:0.00M | Scene, ViewLayer | Synchronizing object | Bridge_guard_post.028
Fra:451 Mem:889.94M (Peak 1004.98M) | Time:00:02.16 | Mem:0.00M, Peak:0.00M | Scene, ViewLayer | Synchronizing object | Track_sleeper.077
Fra:451 Mem:889.98M (Peak 1004.98M) | Time:00:02.16 | Mem:0.00M, Peak:0.00M | Scene, ViewLayer | Synchronizing object | Track_sleeper.110
Fra:451 Mem:890.01M (Peak 1004.98M) | Time:00:02.16 | Mem:0.00M, Peak:0.00M | Scene, ViewLayer | Synchronizing object | Bridge_guard_post.019
Fra:451 Mem:890.02M (Peak 1004.98M) | Time:00:02.16 | Mem:0.00M, Peak:0.00M | Scene, ViewLayer | Synchronizing object | Bridge_guard_post.020
Fra:451 Mem:890.03M (Peak 1004.98M) | Time:00:02.16 | Mem:0.00M, Peak:0.00M | Scene, ViewLayer | Synchronizing object | Track_sleeper.033
Fra:451 Mem:890.06M (Peak 1004.98M) | Time:00:02.16 | Mem:0.00M, Peak:0.00M | Scene, ViewLayer | Synchronizing object | Track_sleeper.135
Fra:451 Mem:890.09M (Peak 1004.98M) | Time:00:02.16 | Mem:0.00M, Peak:0.00M | Scene, ViewLayer | Synchronizing object | Track_sleeper.014
Fra:451 Mem:890.13M (Peak 1004.98M) | Time:00:02.16 | Mem:0.00M, Peak:0.00M | Scene, ViewLayer | Synchronizing object | Track_sleeper.034
Fra:451 Mem:890.16M (Peak 1004.98M) | Time:00:02.16 | Mem:0.00M, Peak:0.00M | Scene, ViewLayer | Synchronizing object | Track_sleeper.051
Fra:451 Mem:890.20M (Peak 1004.98M) | Time:00:02.16 | Mem:0.00M, Peak:0.00M | Scene, ViewLayer | Synchronizing object | Track_sleeper.064
Fra:451 Mem:890.23M (Peak 1004.98M) | Time:00:02.16 | Mem:0.00M, Peak:0.00M | Scene, ViewLayer | Synchronizing object | Bridge_guard_post.037
Fra:451 Mem:890.24M (Peak 1004.98M) | Time:00:02.16 | Mem:0.00M, Peak:0.00M | Scene, ViewLayer | Synchronizing object | Track_sleeper.147
Fra:451 Mem:890.27M (Peak 1004.98M) | Time:00:02.16 | Mem:0.00M, Peak:0.00M | Scene, ViewLayer | Synchronizing object | Bridge_guard_post.055
Fra:451 Mem:890.28M (Peak 1004.98M) | Time:00:02.16 | Mem:0.00M, Peak:0.00M | Scene, ViewLayer | Synchronizing object | Track_sleeper.144
Fra:451 Mem:890.32M (Peak 1004.98M) | Time:00:02.16 | Mem:0.00M, Peak:0.00M | Scene, ViewLayer | Synchronizing object | Track_sleeper.066
Fra:451 Mem:890.35M (Peak 1004.98M) | Time:00:02.16 | Mem:0.00M, Peak:0.00M | Scene, ViewLayer | Synchronizing object | Track_sleeper.068
Fra:451 Mem:890.38M (Peak 1004.98M) | Time:00:02.16 | Mem:0.00M, Peak:0.00M | Scene, ViewLayer | Synchronizing object | Track_sleeper.137
Fra:451 Mem:890.42M (Peak 1004.98M) | Time:00:02.16 | Mem:0.00M, Peak:0.00M | Scene, ViewLayer | Synchronizing object | Track_sleeper.038
Fra:451 Mem:890.45M (Peak 1004.98M) | Time:00:02.16 | Mem:0.00M, Peak:0.00M | Scene, ViewLayer | Synchronizing object | Bridge_guard_post.016
Fra:451 Mem:890.46M (Peak 1004.98M) | Time:00:02.16 | Mem:0.00M, Peak:0.00M | Scene, ViewLayer | Synchronizing object | Track_sleeper.107
Fra:451 Mem:890.49M (Peak 1004.98M) | Time:00:02.16 | Mem:0.00M, Peak:0.00M | Scene, ViewLayer | Synchronizing object | Bridge_guard_post.046
Fra:451 Mem:890.50M (Peak 1004.98M) | Time:00:02.16 | Mem:0.00M, Peak:0.00M | Scene, ViewLayer | Synchronizing object | Track_sleeper.067
Fra:451 Mem:890.54M (Peak 1004.98M) | Time:00:02.16 | Mem:0.00M, Peak:0.00M | Scene, ViewLayer | Synchronizing object | Track_sleeper.123
Fra:451 Mem:890.57M (Peak 1004.98M) | Time:00:02.16 | Mem:0.00M, Peak:0.00M | Scene, ViewLayer | Synchronizing object | Bridge_guard_post.039
Fra:451 Mem:890.58M (Peak 1004.98M) | Time:00:02.16 | Mem:0.00M, Peak:0.00M | Scene, ViewLayer | Synchronizing object | Track_sleeper.003
Fra:451 Mem:890.61M (Peak 1004.98M) | Time:00:02.16 | Mem:0.00M, Peak:0.00M | Scene, ViewLayer | Synchronizing object | Track_sleeper.026
Fra:451 Mem:890.64M (Peak 1004.98M) | Time:00:02.16 | Mem:0.00M, Peak:0.00M | Scene, ViewLayer | Synchronizing object | Track_sleeper.053
Fra:451 Mem:890.68M (Peak 1004.98M) | Time:00:02.16 | Mem:0.00M, Peak:0.00M | Scene, ViewLayer | Synchronizing object | Track_sleeper.074
Fra:451 Mem:890.71M (Peak 1004.98M) | Time:00:02.16 | Mem:0.00M, Peak:0.00M | Scene, ViewLayer | Synchronizing object | Track_sleeper.129
Fra:451 Mem:890.75M (Peak 1004.98M) | Time:00:02.16 | Mem:0.00M, Peak:0.00M | Scene, ViewLayer | Synchronizing object | Bridge_guard_post.032
Fra:451 Mem:890.75M (Peak 1004.98M) | Time:00:02.16 | Mem:0.00M, Peak:0.00M | Scene, ViewLayer | Synchronizing object | Bridge_guard_post.040
Fra:451 Mem:890.76M (Peak 1004.98M) | Time:00:02.16 | Mem:0.00M, Peak:0.00M | Scene, ViewLayer | Synchronizing object | Track_sleeper.063
Fra:451 Mem:890.80M (Peak 1004.98M) | Time:00:02.16 | Mem:0.00M, Peak:0.00M | Scene, ViewLayer | Synchronizing object | Track_sleeper.125
Fra:451 Mem:890.83M (Peak 1004.98M) | Time:00:02.16 | Mem:0.00M, Peak:0.00M | Scene, ViewLayer | Synchronizing object | Bridge_guard_post.003
Fra:451 Mem:890.84M (Peak 1004.98M) | Time:00:02.16 | Mem:0.00M, Peak:0.00M | Scene, ViewLayer | Synchronizing object | Bridge_guard_post.050
Fra:451 Mem:890.85M (Peak 1004.98M) | Time:00:02.16 | Mem:0.00M, Peak:0.00M | Scene, ViewLayer | Synchronizing object | Track_sleeper.009
Fra:451 Mem:890.88M (Peak 1004.98M) | Time:00:02.16 | Mem:0.00M, Peak:0.00M | Scene, ViewLayer | Synchronizing object | Track_sleeper.131
Fra:451 Mem:890.91M (Peak 1004.98M) | Time:00:02.16 | Mem:0.00M, Peak:0.00M | Scene, ViewLayer | Synchronizing object | Track_sleeper.019
Fra:451 Mem:890.95M (Peak 1004.98M) | Time:00:02.17 | Mem:0.00M, Peak:0.00M | Scene, ViewLayer | Synchronizing object | Track_sleeper.029
Fra:451 Mem:890.98M (Peak 1004.98M) | Time:00:02.17 | Mem:0.00M, Peak:0.00M | Scene, ViewLayer | Synchronizing object | Track_sleeper.036
Fra:451 Mem:891.01M (Peak 1004.98M) | Time:00:02.17 | Mem:0.00M, Peak:0.00M | Scene, ViewLayer | Synchronizing object | Track_sleeper.079
Fra:451 Mem:891.05M (Peak 1004.98M) | Time:00:02.17 | Mem:0.00M, Peak:0.00M | Scene, ViewLayer | Synchronizing object | Track_sleeper.111
Fra:451 Mem:891.08M (Peak 1004.98M) | Time:00:02.17 | Mem:0.00M, Peak:0.00M | Scene, ViewLayer | Synchronizing object | Bridge_guard_post.027
Fra:451 Mem:891.09M (Peak 1004.98M) | Time:00:02.17 | Mem:0.00M, Peak:0.00M | Scene, ViewLayer | Synchronizing object | Track_sleeper.017
Fra:451 Mem:891.12M (Peak 1004.98M) | Time:00:02.17 | Mem:0.00M, Peak:0.00M | Scene, ViewLayer | Synchronizing object | Track_sleeper.086
Fra:451 Mem:891.16M (Peak 1004.98M) | Time:00:02.17 | Mem:0.00M, Peak:0.00M | Scene, ViewLayer | Synchronizing object | Track_sleeper.028
Fra:451 Mem:891.19M (Peak 1004.98M) | Time:00:02.17 | Mem:0.00M, Peak:0.00M | Scene, ViewLayer | Synchronizing object | Track_sleeper.120
Fra:451 Mem:891.22M (Peak 1004.98M) | Time:00:02.17 | Mem:0.00M, Peak:0.00M | Scene, ViewLayer | Synchronizing object | Bridge_guard_post.053
Fra:451 Mem:891.23M (Peak 1004.98M) | Time:00:02.17 | Mem:0.00M, Peak:0.00M | Scene, ViewLayer | Synchronizing object | Bridge_guard_post.054
Fra:451 Mem:891.24M (Peak 1004.98M) | Time:00:02.17 | Mem:0.00M, Peak:0.00M | Scene, ViewLayer | Synchronizing object | Bridge_guard_post.014
Fra:451 Mem:891.25M (Peak 1004.98M) | Time:00:02.17 | Mem:0.00M, Peak:0.00M | Scene, ViewLayer | Synchronizing object | Track_sleeper.097
Fra:451 Mem:891.28M (Peak 1004.98M) | Time:00:02.17 | Mem:0.00M, Peak:0.00M | Scene, ViewLayer | Synchronizing object | Track_sleeper.090
Fra:451 Mem:891.32M (Peak 1004.98M) | Time:00:02.17 | Mem:0.00M, Peak:0.00M | Scene, ViewLayer | Synchronizing object | Bridge_guard_post.005
Fra:451 Mem:891.32M (Peak 1004.98M) | Time:00:02.17 | Mem:0.00M, Peak:0.00M | Scene, ViewLayer | Synchronizing object | Bridge_guard_post.058
Fra:451 Mem:891.33M (Peak 1004.98M) | Time:00:02.17 | Mem:0.00M, Peak:0.00M | Scene, ViewLayer | Synchronizing object | Track_sleeper.044
Fra:451 Mem:891.37M (Peak 1004.98M) | Time:00:02.17 | Mem:0.00M, Peak:0.00M | Scene, ViewLayer | Synchronizing object | Track_sleeper.108
Fra:451 Mem:891.39M (Peak 1004.98M) | Time:00:02.17 | Mem:0.00M, Peak:0.00M | Scene, ViewLayer | Synchronizing object | Track_sleeper.041
Fra:451 Mem:891.43M (Peak 1004.98M) | Time:00:02.17 | Mem:0.00M, Peak:0.00M | Scene, ViewLayer | Synchronizing object | Track_sleeper.071
Fra:451 Mem:891.46M (Peak 1004.98M) | Time:00:02.17 | Mem:0.00M, Peak:0.00M | Scene, ViewLayer | Synchronizing object | Bridge_guard_post.021
Fra:451 Mem:891.47M (Peak 1004.98M) | Time:00:02.17 | Mem:0.00M, Peak:0.00M | Scene, ViewLayer | Synchronizing object | Bridge_guard_post.018
Fra:451 Mem:891.47M (Peak 1004.98M) | Time:00:02.17 | Mem:0.00M, Peak:0.00M | Scene, ViewLayer | Synchronizing object | Track_sleeper.022
Fra:451 Mem:891.48M (Peak 1004.98M) | Time:00:02.17 | Mem:0.00M, Peak:0.00M | Scene, ViewLayer | Synchronizing object | Bridge_guard_post.013
Fra:451 Mem:891.52M (Peak 1004.98M) | Time:00:02.17 | Mem:0.00M, Peak:0.00M | Scene, ViewLayer | Synchronizing object | Bridge_guard_post.001
Fra:451 Mem:891.52M (Peak 1004.98M) | Time:00:02.17 | Mem:0.00M, Peak:0.00M | Scene, ViewLayer | Synchronizing object | Bridge_guard_post.047
Fra:451 Mem:891.53M (Peak 1004.98M) | Time:00:02.17 | Mem:0.00M, Peak:0.00M | Scene, ViewLayer | Synchronizing object | Track_sleeper.140
Fra:451 Mem:891.56M (Peak 1004.98M) | Time:00:02.17 | Mem:0.00M, Peak:0.00M | Scene, ViewLayer | Synchronizing object | Track_sleeper.035
Fra:451 Mem:891.59M (Peak 1004.98M) | Time:00:02.17 | Mem:0.00M, Peak:0.00M | Scene, ViewLayer | Synchronizing object | Track_sleeper.012
Fra:451 Mem:891.62M (Peak 1004.98M) | Time:00:02.17 | Mem:0.00M, Peak:0.00M | Scene, ViewLayer | Synchronizing object | Track_sleeper.104
Fra:451 Mem:891.65M (Peak 1004.98M) | Time:00:02.17 | Mem:0.00M, Peak:0.00M | Scene, ViewLayer | Synchronizing object | Track_sleeper.142
Fra:451 Mem:891.68M (Peak 1004.98M) | Time:00:02.17 | Mem:0.00M, Peak:0.00M | Scene, ViewLayer | Synchronizing object | Track_sleeper.055
Fra:451 Mem:891.71M (Peak 1004.98M) | Time:00:02.17 | Mem:0.00M, Peak:0.00M | Scene, ViewLayer | Synchronizing object | Track_sleeper.082
Fra:451 Mem:891.74M (Peak 1004.98M) | Time:00:02.17 | Mem:0.00M, Peak:0.00M | Scene, ViewLayer | Synchronizing object | Track_sleeper.121
Fra:451 Mem:891.79M (Peak 1004.98M) | Time:00:02.17 | Mem:0.00M, Peak:0.00M | Scene, ViewLayer | Synchronizing object | Track_sleeper.105
Fra:451 Mem:891.78M (Peak 1004.98M) | Time:00:02.17 | Mem:0.00M, Peak:0.00M | Scene, ViewLayer | Synchronizing object | Bridge_guard_post.010
Fra:451 Mem:891.79M (Peak 1004.98M) | Time:00:02.17 | Mem:0.00M, Peak:0.00M | Scene, ViewLayer | Synchronizing object | Bridge_guard_post.015
Fra:451 Mem:891.80M (Peak 1004.98M) | Time:00:02.17 | Mem:0.00M, Peak:0.00M | Scene, ViewLayer | Synchronizing object | Bridge_guard_post.056
Fra:451 Mem:891.80M (Peak 1004.98M) | Time:00:02.17 | Mem:0.00M, Peak:0.00M | Scene, ViewLayer | Synchronizing object | Track_sleeper.018
Fra:451 Mem:891.83M (Peak 1004.98M) | Time:00:02.17 | Mem:0.00M, Peak:0.00M | Scene, ViewLayer | Synchronizing object | Track_sleeper.059
Fra:451 Mem:891.88M (Peak 1004.98M) | Time:00:02.17 | Mem:0.00M, Peak:0.00M | Scene, ViewLayer | Synchronizing object | Bridge_guard_post.022
Fra:451 Mem:891.91M (Peak 1004.98M) | Time:00:02.17 | Mem:0.00M, Peak:0.00M | Scene, ViewLayer | Synchronizing object | Track_sleeper.027
Fra:451 Mem:891.92M (Peak 1004.98M) | Time:00:02.17 | Mem:0.00M, Peak:0.00M | Scene, ViewLayer | Synchronizing object | Track_sleeper.058
Fra:451 Mem:891.95M (Peak 1004.98M) | Time:00:02.17 | Mem:0.00M, Peak:0.00M | Scene, ViewLayer | Synchronizing object | Track_sleeper.065
Fra:451 Mem:891.97M (Peak 1004.98M) | Time:00:02.17 | Mem:0.00M, Peak:0.00M | Scene, ViewLayer | Synchronizing object | Track_sleeper.100
Fra:451 Mem:892.01M (Peak 1004.98M) | Time:00:02.17 | Mem:0.00M, Peak:0.00M | Scene, ViewLayer | Synchronizing object | Track_sleeper.116
Fra:451 Mem:892.04M (Peak 1004.98M) | Time:00:02.17 | Mem:0.00M, Peak:0.00M | Scene, ViewLayer | Synchronizing object | Bridge_guard_post.031
Fra:451 Mem:892.05M (Peak 1004.98M) | Time:00:02.17 | Mem:0.00M, Peak:0.00M | Scene, ViewLayer | Synchronizing object | Track_sleeper.004
Fra:451 Mem:892.08M (Peak 1004.98M) | Time:00:02.17 | Mem:0.00M, Peak:0.00M | Scene, ViewLayer | Synchronizing object | Track_sleeper.093
Fra:451 Mem:892.11M (Peak 1004.98M) | Time:00:02.17 | Mem:0.00M, Peak:0.00M | Scene, ViewLayer | Synchronizing object | Track_sleeper.102
Fra:451 Mem:892.14M (Peak 1004.98M) | Time:00:02.17 | Mem:0.00M, Peak:0.00M | Scene, ViewLayer | Synchronizing object | Track_sleeper.080
Fra:451 Mem:892.17M (Peak 1004.98M) | Time:00:02.17 | Mem:0.00M, Peak:0.00M | Scene, ViewLayer | Synchronizing object | Buffer_stop_brace
Fra:451 Mem:892.18M (Peak 1004.98M) | Time:00:02.17 | Mem:0.00M, Peak:0.00M | Scene, ViewLayer | Synchronizing object | Continuous_bridge_trackbed
Fra:451 Mem:892.27M (Peak 1004.98M) | Time:00:02.17 | Mem:0.00M, Peak:0.00M | Scene, ViewLayer | Synchronizing object | Track_sleeper.020
Fra:451 Mem:892.40M (Peak 1004.98M) | Time:00:02.17 | Mem:0.00M, Peak:0.00M | Scene, ViewLayer | Synchronizing object | Track_sleeper.031
Fra:451 Mem:892.44M (Peak 1004.98M) | Time:00:02.17 | Mem:0.00M, Peak:0.00M | Scene, ViewLayer | Synchronizing object | Track_sleeper.078
Fra:451 Mem:892.46M (Peak 1004.98M) | Time:00:02.17 | Mem:0.00M, Peak:0.00M | Scene, ViewLayer | Synchronizing object | Track_sleeper.118
Fra:451 Mem:892.49M (Peak 1004.98M) | Time:00:02.17 | Mem:0.00M, Peak:0.00M | Scene, ViewLayer | Synchronizing object | Track_sleeper.057
Fra:451 Mem:892.52M (Peak 1004.98M) | Time:00:02.17 | Mem:0.00M, Peak:0.00M | Scene, ViewLayer | Synchronizing object | Track_sleeper.095
Fra:451 Mem:892.55M (Peak 1004.98M) | Time:00:02.17 | Mem:0.00M, Peak:0.00M | Scene, ViewLayer | Synchronizing object | Track_sleeper.127
Fra:451 Mem:892.58M (Peak 1004.98M) | Time:00:02.17 | Mem:0.00M, Peak:0.00M | Scene, ViewLayer | Synchronizing object | Track_sleeper.136
Fra:451 Mem:892.61M (Peak 1004.98M) | Time:00:02.17 | Mem:0.00M, Peak:0.00M | Scene, ViewLayer | Synchronizing object | Bridge_guard_post.034
Fra:451 Mem:892.62M (Peak 1004.98M) | Time:00:02.17 | Mem:0.00M, Peak:0.00M | Scene, ViewLayer | Synchronizing object | Track_sleeper.015
Fra:451 Mem:892.65M (Peak 1004.98M) | Time:00:02.17 | Mem:0.00M, Peak:0.00M | Scene, ViewLayer | Synchronizing object | Track_sleeper.007
Fra:451 Mem:892.68M (Peak 1004.98M) | Time:00:02.17 | Mem:0.00M, Peak:0.00M | Scene, ViewLayer | Synchronizing object | Track_sleeper.148
Fra:451 Mem:892.71M (Peak 1004.98M) | Time:00:02.17 | Mem:0.00M, Peak:0.00M | Scene, ViewLayer | Synchronizing object | Track_sleeper.145
Fra:451 Mem:892.74M (Peak 1004.98M) | Time:00:02.17 | Mem:0.00M, Peak:0.00M | Scene, ViewLayer | Synchronizing object | Bridge_guard_post.044
Fra:451 Mem:892.75M (Peak 1004.98M) | Time:00:02.17 | Mem:0.00M, Peak:0.00M | Scene, ViewLayer | Synchronizing object | Buffer_stop_brace.001
Fra:451 Mem:892.75M (Peak 1004.98M) | Time:00:02.17 | Mem:0.00M, Peak:0.00M | Scene, ViewLayer | Synchronizing object | Track_sleeper.138
Fra:451 Mem:892.78M (Peak 1004.98M) | Time:00:02.17 | Mem:0.00M, Peak:0.00M | Scene, ViewLayer | Synchronizing object | Track_sleeper.023
Fra:451 Mem:892.83M (Peak 1004.98M) | Time:00:02.17 | Mem:0.00M, Peak:0.00M | Scene, ViewLayer | Synchronizing object | Track_sleeper.039
Fra:451 Mem:892.84M (Peak 1004.98M) | Time:00:02.17 | Mem:0.00M, Peak:0.00M | Scene, ViewLayer | Synchronizing object | Track_sleeper.061
Fra:451 Mem:892.89M (Peak 1004.98M) | Time:00:02.17 | Mem:0.00M, Peak:0.00M | Scene, ViewLayer | Synchronizing object | Bridge_guard_post.017
Fra:451 Mem:892.88M (Peak 1004.98M) | Time:00:02.17 | Mem:0.00M, Peak:0.00M | Scene, ViewLayer | Synchronizing object | Track_sleeper.001
Fra:451 Mem:892.89M (Peak 1004.98M) | Time:00:02.17 | Mem:0.00M, Peak:0.00M | Scene, ViewLayer | Synchronizing object | Track_sleeper.049
Fra:451 Mem:892.95M (Peak 1004.98M) | Time:00:02.17 | Mem:0.00M, Peak:0.00M | Scene, ViewLayer | Synchronizing object | Bridge_guard_post.002
Fra:451 Mem:892.95M (Peak 1004.98M) | Time:00:02.17 | Mem:0.00M, Peak:0.00M | Scene, ViewLayer | Synchronizing object | Track_sleeper.054
Fra:451 Mem:892.96M (Peak 1004.98M) | Time:00:02.17 | Mem:0.00M, Peak:0.00M | Scene, ViewLayer | Synchronizing object | Track_sleeper.075
Fra:451 Mem:893.01M (Peak 1004.98M) | Time:00:02.17 | Mem:0.00M, Peak:0.00M | Scene, ViewLayer | Synchronizing object | Track_sleeper.130
Fra:451 Mem:893.04M (Peak 1004.98M) | Time:00:02.17 | Mem:0.00M, Peak:0.00M | Scene, ViewLayer | Synchronizing object | Bridge_guard_post.033
Fra:451 Mem:893.05M (Peak 1004.98M) | Time:00:02.17 | Mem:0.00M, Peak:0.00M | Scene, ViewLayer | Synchronizing object | Bridge_guard_post.041
Fra:451 Mem:893.06M (Peak 1004.98M) | Time:00:02.17 | Mem:0.00M, Peak:0.00M | Scene, ViewLayer | Synchronizing object | Bridge_guard_post.042
Fra:451 Mem:893.08M (Peak 1004.98M) | Time:00:02.17 | Mem:0.00M, Peak:0.00M | Scene, ViewLayer | Synchronizing object | Track_sleeper.056
Fra:451 Mem:893.07M (Peak 1004.98M) | Time:00:02.17 | Mem:0.00M, Peak:0.00M | Scene, ViewLayer | Synchronizing object | Track_sleeper.126
Fra:451 Mem:893.15M (Peak 1004.98M) | Time:00:02.17 | Mem:0.00M, Peak:0.00M | Scene, ViewLayer | Synchronizing object | Track_sleeper.005
Fra:451 Mem:893.13M (Peak 1004.98M) | Time:00:02.17 | Mem:0.00M, Peak:0.00M | Scene, ViewLayer | Synchronizing object | Bridge_guard_post.006
Fra:451 Mem:893.17M (Peak 1004.98M) | Time:00:02.17 | Mem:0.00M, Peak:0.00M | Scene, ViewLayer | Synchronizing object | Bridge_guard_post.051
Fra:451 Mem:893.17M (Peak 1004.98M) | Time:00:02.17 | Mem:0.00M, Peak:0.00M | Scene, ViewLayer | Synchronizing object | Track_sleeper.083
Fra:451 Mem:893.20M (Peak 1004.98M) | Time:00:02.17 | Mem:0.00M, Peak:0.00M | Scene, ViewLayer | Synchronizing object | Track_sleeper.132
Fra:451 Mem:893.23M (Peak 1004.98M) | Time:00:02.17 | Mem:0.00M, Peak:0.00M | Scene, ViewLayer | Synchronizing object | Bridge_guard_post.024
Fra:451 Mem:893.24M (Peak 1004.98M) | Time:00:02.17 | Mem:0.00M, Peak:0.00M | Scene, ViewLayer | Synchronizing object | Running_rail
Fra:451 Mem:893.63M (Peak 1004.98M) | Time:00:02.17 | Mem:0.00M, Peak:0.00M | Scene, ViewLayer | Synchronizing object | Viaduct_arch_spandrel.003
Fra:451 Mem:893.67M (Peak 1004.98M) | Time:00:02.17 | Mem:0.00M, Peak:0.00M | Scene, ViewLayer | Synchronizing object | Viaduct_arch_spandrel.005
Fra:451 Mem:893.79M (Peak 1004.98M) | Time:00:02.17 | Mem:0.00M, Peak:0.00M | Scene, ViewLayer | Synchronizing object | Track_sleeper.112
Fra:451 Mem:893.81M (Peak 1004.98M) | Time:00:02.17 | Mem:0.00M, Peak:0.00M | Scene, ViewLayer | Synchronizing object | Bridge_guard_post.009
Fra:451 Mem:893.82M (Peak 1004.98M) | Time:00:02.17 | Mem:0.00M, Peak:0.00M | Scene, ViewLayer | Synchronizing object | Viaduct_bearing_cap_G2R01_00
Fra:451 Mem:893.98M (Peak 1004.98M) | Time:00:02.17 | Mem:0.00M, Peak:0.00M | Scene, ViewLayer | Synchronizing object | Viaduct_bearing_cap_G2R01_01
Fra:451 Mem:893.94M (Peak 1004.98M) | Time:00:02.17 | Mem:0.00M, Peak:0.00M | Scene, ViewLayer | Synchronizing object | Viaduct_bearing_cap_G2R01_02
Fra:451 Mem:893.97M (Peak 1004.98M) | Time:00:02.17 | Mem:0.00M, Peak:0.00M | Scene, ViewLayer | Synchronizing object | Viaduct_bearing_cap_G2R01_03
Fra:451 Mem:893.99M (Peak 1004.98M) | Time:00:02.17 | Mem:0.00M, Peak:0.00M | Scene, ViewLayer | Synchronizing object | Viaduct_bearing_cap_G2R01_04
Fra:451 Mem:894.02M (Peak 1004.98M) | Time:00:02.17 | Mem:0.00M, Peak:0.00M | Scene, ViewLayer | Synchronizing object | Viaduct_bearing_cap_G2R01_05
Fra:451 Mem:894.05M (Peak 1004.98M) | Time:00:02.17 | Mem:0.00M, Peak:0.00M | Scene, ViewLayer | Synchronizing object | Viaduct_bearing_cap_G2R01_06
Fra:451 Mem:894.08M (Peak 1004.98M) | Time:00:02.17 | Mem:0.00M, Peak:0.00M | Scene, ViewLayer | Synchronizing object | Curved_roof_glazing.132
Fra:451 Mem:894.08M (Peak 1004.98M) | Time:00:02.17 | Mem:0.00M, Peak:0.00M | Scene, ViewLayer | Synchronizing object | Wall_glazing_mullion.010
Fra:451 Mem:894.10M (Peak 1004.98M) | Time:00:02.17 | Mem:0.00M, Peak:0.00M | Scene, ViewLayer | Synchronizing object | Ridge_vent_stanchion.008
Fra:451 Mem:894.11M (Peak 1004.98M) | Time:00:02.17 | Mem:0.00M, Peak:0.00M | Scene, ViewLayer | Synchronizing object | Wall_stone_sill.040
Fra:451 Mem:894.13M (Peak 1004.98M) | Time:00:02.17 | Mem:0.00M, Peak:0.00M | Scene, ViewLayer | Synchronizing object | Wall_transom.133
Fra:451 Mem:894.16M (Peak 1004.98M) | Time:00:02.17 | Mem:0.00M, Peak:0.00M | Scene, ViewLayer | Synchronizing object | Column_capital.008
Fra:451 Mem:894.18M (Peak 1004.98M) | Time:00:02.17 | Mem:0.00M, Peak:0.00M | Scene, ViewLayer | Synchronizing object | Curved_roof_glazing.273
Fra:451 Mem:894.19M (Peak 1004.98M) | Time:00:02.17 | Mem:0.00M, Peak:0.00M | Scene, ViewLayer | Synchronizing object | Wall_transom.019
Fra:451 Mem:894.22M (Peak 1004.98M) | Time:00:02.17 | Mem:0.00M, Peak:0.00M | Scene, ViewLayer | Synchronizing object | Curved_roof_glazing.222
Fra:451 Mem:894.22M (Peak 1004.98M) | Time:00:02.17 | Mem:0.00M, Peak:0.00M | Scene, ViewLayer | Synchronizing object | Side_wall_glass.057
Fra:451 Mem:894.22M (Peak 1004.98M) | Time:00:02.17 | Mem:0.00M, Peak:0.00M | Scene, ViewLayer | Synchronizing object | Wall_transom.033
Fra:451 Mem:894.25M (Peak 1004.98M) | Time:00:02.17 | Mem:0.00M, Peak:0.00M | Scene, ViewLayer | Synchronizing object | Curved_roof_glazing.027
Fra:451 Mem:894.25M (Peak 1004.98M) | Time:00:02.17 | Mem:0.00M, Peak:0.00M | Scene, ViewLayer | Synchronizing object | Curved_roof_glazing.043
Fra:451 Mem:894.26M (Peak 1004.98M) | Time:00:02.17 | Mem:0.00M, Peak:0.00M | Scene, ViewLayer | Synchronizing object | Curved_roof_glazing.107
Fra:451 Mem:894.27M (Peak 1004.98M) | Time:00:02.17 | Mem:0.00M, Peak:0.00M | Scene, ViewLayer | Synchronizing object | Wall_transom.063
Fra:451 Mem:894.27M (Peak 1004.98M) | Time:00:02.17 | Mem:0.00M, Peak:0.00M | Scene, ViewLayer | Synchronizing object | Column_base_plinth.007
Fra:451 Mem:894.33M (Peak 1004.98M) | Time:00:02.17 | Mem:0.00M, Peak:0.00M | Scene, ViewLayer | Synchronizing object | Curved_roof_glazing.008
Fra:451 Mem:894.31M (Peak 1004.98M) | Time:00:02.17 | Mem:0.00M, Peak:0.00M | Scene, ViewLayer | Synchronizing object | End_wall_glazing.003
Fra:451 Mem:894.31M (Peak 1004.98M) | Time:00:02.17 | Mem:0.00M, Peak:0.00M | Scene, ViewLayer | Synchronizing object | Curved_roof_glazing.200
Fra:451 Mem:894.32M (Peak 1004.98M) | Time:00:02.17 | Mem:0.00M, Peak:0.00M | Scene, ViewLayer | Synchronizing object | Side_wall_glass.102
Fra:451 Mem:894.32M (Peak 1004.98M) | Time:00:02.17 | Mem:0.00M, Peak:0.00M | Scene, ViewLayer | Synchronizing object | Side_wall_glass.046
Fra:451 Mem:894.32M (Peak 1004.98M) | Time:00:02.17 | Mem:0.00M, Peak:0.00M | Scene, ViewLayer | Synchronizing object | Curved_roof_glazing.133
Fra:451 Mem:894.32M (Peak 1004.98M) | Time:00:02.17 | Mem:0.00M, Peak:0.00M | Scene, ViewLayer | Synchronizing object | Wall_transom.188
Fra:451 Mem:894.34M (Peak 1004.98M) | Time:00:02.17 | Mem:0.00M, Peak:0.00M | Scene, ViewLayer | Synchronizing object | Column_base_plinth.009
Fra:451 Mem:894.41M (Peak 1004.98M) | Time:00:02.17 | Mem:0.00M, Peak:0.00M | Scene, ViewLayer | Synchronizing object | Curved_roof_glazing.274
Fra:451 Mem:894.38M (Peak 1004.98M) | Time:00:02.17 | Mem:0.00M, Peak:0.00M | Scene, ViewLayer | Synchronizing object | Curved_roof_glazing.223
Fra:451 Mem:894.39M (Peak 1004.98M) | Time:00:02.17 | Mem:0.00M, Peak:0.00M | Scene, ViewLayer | Synchronizing object | Secondary_glazing_rib.023
Fra:451 Mem:894.40M (Peak 1004.98M) | Time:00:02.17 | Mem:0.00M, Peak:0.00M | Scene, ViewLayer | Synchronizing object | Curved_roof_glazing.044
Fra:451 Mem:894.49M (Peak 1004.98M) | Time:00:02.17 | Mem:0.00M, Peak:0.00M | Scene, ViewLayer | Synchronizing object | Curved_roof_glazing.108
Fra:451 Mem:894.49M (Peak 1004.98M) | Time:00:02.17 | Mem:0.00M, Peak:0.00M | Scene, ViewLayer | Synchronizing object | Curved_roof_glazing.028
Fra:451 Mem:894.49M (Peak 1004.98M) | Time:00:02.17 | Mem:0.00M, Peak:0.00M | Scene, ViewLayer | Synchronizing object | End_wall_mullion.010
Fra:451 Mem:894.50M (Peak 1004.98M) | Time:00:02.17 | Mem:0.00M, Peak:0.00M | Scene, ViewLayer | Synchronizing object | Wall_stone_sill.039
Fra:451 Mem:894.55M (Peak 1004.98M) | Time:00:02.17 | Mem:0.00M, Peak:0.00M | Scene, ViewLayer | Synchronizing object | Curved_roof_glazing.009
Fra:451 Mem:894.55M (Peak 1004.98M) | Time:00:02.17 | Mem:0.00M, Peak:0.00M | Scene, ViewLayer | Synchronizing object | Column_base_plinth.016
Fra:451 Mem:894.55M (Peak 1004.98M) | Time:00:02.17 | Mem:0.00M, Peak:0.00M | Scene, ViewLayer | Synchronizing object | Curved_roof_glazing.201
Fra:451 Mem:894.59M (Peak 1004.98M) | Time:00:02.17 | Mem:0.00M, Peak:0.00M | Scene, ViewLayer | Synchronizing object | Side_wall_glass.027
Fra:451 Mem:894.58M (Peak 1004.98M) | Time:00:02.17 | Mem:0.00M, Peak:0.00M | Scene, ViewLayer | Synchronizing object | Side_wall_glass.047
Fra:451 Mem:894.59M (Peak 1004.98M) | Time:00:02.17 | Mem:0.00M, Peak:0.00M | Scene, ViewLayer | Synchronizing object | Curved_roof_glazing.134
Fra:451 Mem:894.60M (Peak 1004.98M) | Time:00:02.17 | Mem:0.00M, Peak:0.00M | Scene, ViewLayer | Synchronizing object | Wall_transom.110
Fra:451 Mem:894.64M (Peak 1004.98M) | Time:00:02.17 | Mem:0.00M, Peak:0.00M | Scene, ViewLayer | Synchronizing object | Ridge_vent_stanchion.009
Fra:451 Mem:894.62M (Peak 1004.98M) | Time:00:02.17 | Mem:0.00M, Peak:0.00M | Scene, ViewLayer | Synchronizing object | Wall_stone_sill.038
Fra:451 Mem:894.65M (Peak 1004.98M) | Time:00:02.17 | Mem:0.00M, Peak:0.00M | Scene, ViewLayer | Synchronizing object | Curved_roof_glazing.275
Fra:451 Mem:894.65M (Peak 1004.98M) | Time:00:02.17 | Mem:0.00M, Peak:0.00M | Scene, ViewLayer | Synchronizing object | Load_column.009
Fra:451 Mem:894.68M (Peak 1004.98M) | Time:00:02.17 | Mem:0.00M, Peak:0.00M | Scene, ViewLayer | Synchronizing object | Wall_stone_sill.023
Fra:451 Mem:894.66M (Peak 1004.98M) | Time:00:02.17 | Mem:0.00M, Peak:0.00M | Scene, ViewLayer | Synchronizing object | Wall_transom.014
Fra:451 Mem:894.73M (Peak 1004.98M) | Time:00:02.17 | Mem:0.00M, Peak:0.00M | Scene, ViewLayer | Synchronizing object | Wall_transom.090
Fra:451 Mem:894.71M (Peak 1004.98M) | Time:00:02.17 | Mem:0.00M, Peak:0.00M | Scene, ViewLayer | Synchronizing object | Curved_roof_glazing.224
Fra:451 Mem:894.75M (Peak 1004.98M) | Time:00:02.17 | Mem:0.00M, Peak:0.00M | Scene, ViewLayer | Synchronizing object | Wall_transom.082
Fra:451 Mem:894.77M (Peak 1004.98M) | Time:00:02.17 | Mem:0.00M, Peak:0.00M | Scene, ViewLayer | Synchronizing object | Wall_transom.155
Fra:451 Mem:894.81M (Peak 1004.98M) | Time:00:02.17 | Mem:0.00M, Peak:0.00M | Scene, ViewLayer | Synchronizing object | Curved_roof_glazing.029
Fra:451 Mem:894.80M (Peak 1004.98M) | Time:00:02.17 | Mem:0.00M, Peak:0.00M | Scene, ViewLayer | Synchronizing object | Curved_roof_glazing.045
Fra:451 Mem:894.80M (Peak 1004.98M) | Time:00:02.17 | Mem:0.00M, Peak:0.00M | Scene, ViewLayer | Synchronizing object | Curved_roof_glazing.109
Fra:451 Mem:894.81M (Peak 1004.98M) | Time:00:02.17 | Mem:0.00M, Peak:0.00M | Scene, ViewLayer | Synchronizing object | Hall_door_stile.002
Fra:451 Mem:894.81M (Peak 1004.98M) | Time:00:02.17 | Mem:0.00M, Peak:0.00M | Scene, ViewLayer | Synchronizing object | Side_wall_glass.078
Fra:451 Mem:894.85M (Peak 1004.98M) | Time:00:02.17 | Mem:0.00M, Peak:0.00M | Scene, ViewLayer | Synchronizing object | Wall_glazing_mullion.043
Fra:451 Mem:894.86M (Peak 1004.98M) | Time:00:02.17 | Mem:0.00M, Peak:0.00M | Scene, ViewLayer | Synchronizing object | Curved_roof_glazing.376
Fra:451 Mem:894.88M (Peak 1004.98M) | Time:00:02.17 | Mem:0.00M, Peak:0.00M | Scene, ViewLayer | Synchronizing object | Curved_roof_glazing.010
Fra:451 Mem:894.86M (Peak 1004.98M) | Time:00:02.17 | Mem:0.00M, Peak:0.00M | Scene, ViewLayer | Synchronizing object | Hall_door_rail.001
Fra:451 Mem:894.86M (Peak 1004.98M) | Time:00:02.17 | Mem:0.00M, Peak:0.00M | Scene, ViewLayer | Synchronizing object | Curved_roof_glazing.202
Fra:451 Mem:894.90M (Peak 1004.98M) | Time:00:02.17 | Mem:0.00M, Peak:0.00M | Scene, ViewLayer | Synchronizing object | Curved_roof_glazing.135
Fra:451 Mem:894.89M (Peak 1004.98M) | Time:00:02.17 | Mem:0.00M, Peak:0.00M | Scene, ViewLayer | Synchronizing object | End_wall_glazing.008
Fra:451 Mem:894.91M (Peak 1004.98M) | Time:00:02.17 | Mem:0.00M, Peak:0.00M | Scene, ViewLayer | Synchronizing object | Side_wall_glass.076
Fra:451 Mem:894.91M (Peak 1004.98M) | Time:00:02.17 | Mem:0.00M, Peak:0.00M | Scene, ViewLayer | Synchronizing object | Longitudinal_roof_purlin
Fra:451 Mem:894.94M (Peak 1004.98M) | Time:00:02.17 | Mem:0.00M, Peak:0.00M | Scene, ViewLayer | Synchronizing object | Curved_roof_glazing.225
Fra:451 Mem:894.94M (Peak 1004.98M) | Time:00:02.17 | Mem:0.00M, Peak:0.00M | Scene, ViewLayer | Synchronizing object | Wall_transom.121
Fra:451 Mem:894.96M (Peak 1004.98M) | Time:00:02.17 | Mem:0.00M, Peak:0.00M | Scene, ViewLayer | Synchronizing object | Curved_roof_glazing.030
Fra:451 Mem:894.97M (Peak 1004.98M) | Time:00:02.17 | Mem:0.00M, Peak:0.00M | Scene, ViewLayer | Synchronizing object | Curved_roof_glazing.046
Fra:451 Mem:894.97M (Peak 1004.98M) | Time:00:02.17 | Mem:0.00M, Peak:0.00M | Scene, ViewLayer | Synchronizing object | Curved_roof_glazing.110
Fra:451 Mem:894.97M (Peak 1004.98M) | Time:00:02.17 | Mem:0.00M, Peak:0.00M | Scene, ViewLayer | Synchronizing object | End_wall_mullion.019
Fra:451 Mem:894.98M (Peak 1004.98M) | Time:00:02.17 | Mem:0.00M, Peak:0.00M | Scene, ViewLayer | Synchronizing object | Wall_transom.101
Fra:451 Mem:895.05M (Peak 1004.98M) | Time:00:02.18 | Mem:0.00M, Peak:0.00M | Scene, ViewLayer | Synchronizing object | Curved_roof_glazing.011
Fra:451 Mem:895.03M (Peak 1004.98M) | Time:00:02.18 | Mem:0.00M, Peak:0.00M | Scene, ViewLayer | Synchronizing object | Wall_stone_sill.041
Fra:451 Mem:895.03M (Peak 1004.98M) | Time:00:02.18 | Mem:0.00M, Peak:0.00M | Scene, ViewLayer | Synchronizing object | Curved_roof_glazing.203
Fra:451 Mem:895.06M (Peak 1004.98M) | Time:00:02.18 | Mem:0.00M, Peak:0.00M | Scene, ViewLayer | Synchronizing object | Side_wall_glass.103
Fra:451 Mem:895.08M (Peak 1004.98M) | Time:00:02.18 | Mem:0.00M, Peak:0.00M | Scene, ViewLayer | Synchronizing object | Wall_transom.137
Fra:451 Mem:895.09M (Peak 1004.98M) | Time:00:02.18 | Mem:0.00M, Peak:0.00M | Scene, ViewLayer | Synchronizing object | Wall_transom.006
Fra:451 Mem:895.11M (Peak 1004.98M) | Time:00:02.18 | Mem:0.00M, Peak:0.00M | Scene, ViewLayer | Synchronizing object | Wall_transom.029
Fra:451 Mem:895.15M (Peak 1004.98M) | Time:00:02.18 | Mem:0.00M, Peak:0.00M | Scene, ViewLayer | Synchronizing object | Wall_transom.079
Fra:451 Mem:895.18M (Peak 1004.98M) | Time:00:02.18 | Mem:0.00M, Peak:0.00M | Scene, ViewLayer | Synchronizing object | Curved_roof_glazing.136
Fra:451 Mem:895.17M (Peak 1004.98M) | Time:00:02.18 | Mem:0.00M, Peak:0.00M | Scene, ViewLayer | Synchronizing object | Wall_glazing_mullion.011
Fra:451 Mem:895.20M (Peak 1004.98M) | Time:00:02.18 | Mem:0.00M, Peak:0.00M | Scene, ViewLayer | Synchronizing object | Wall_transom.178
Fra:451 Mem:895.23M (Peak 1004.98M) | Time:00:02.18 | Mem:0.00M, Peak:0.00M | Scene, ViewLayer | Synchronizing object | Wall_transom.047
Fra:451 Mem:895.25M (Peak 1004.98M) | Time:00:02.18 | Mem:0.00M, Peak:0.00M | Scene, ViewLayer | Synchronizing object | Curved_roof_glazing.226
Fra:451 Mem:895.26M (Peak 1004.98M) | Time:00:02.18 | Mem:0.00M, Peak:0.00M | Scene, ViewLayer | Synchronizing object | End_wall_mullion.002
Fra:451 Mem:895.27M (Peak 1004.98M) | Time:00:02.18 | Mem:0.00M, Peak:0.00M | Scene, ViewLayer | Synchronizing object | End_wall_sill.007
Fra:451 Mem:895.31M (Peak 1004.98M) | Time:00:02.18 | Mem:0.00M, Peak:0.00M | Scene, ViewLayer | Synchronizing object | End_wall_sill
Fra:451 Mem:895.33M (Peak 1004.98M) | Time:00:02.18 | Mem:0.00M, Peak:0.00M | Scene, ViewLayer | Synchronizing object | Wall_stone_sill.004
Fra:451 Mem:895.36M (Peak 1004.98M) | Time:00:02.18 | Mem:0.00M, Peak:0.00M | Scene, ViewLayer | Synchronizing object | Curved_roof_glazing.031
Fra:451 Mem:895.37M (Peak 1004.98M) | Time:00:02.18 | Mem:0.00M, Peak:0.00M | Scene, ViewLayer | Synchronizing object | Curved_roof_glazing.047
Fra:451 Mem:895.37M (Peak 1004.98M) | Time:00:02.18 | Mem:0.00M, Peak:0.00M | Scene, ViewLayer | Synchronizing object | Curved_roof_glazing.111
Fra:451 Mem:895.37M (Peak 1004.98M) | Time:00:02.18 | Mem:0.00M, Peak:0.00M | Scene, ViewLayer | Synchronizing object | Curved_roof_glazing.012
Fra:451 Mem:895.37M (Peak 1004.98M) | Time:00:02.18 | Mem:0.00M, Peak:0.00M | Scene, ViewLayer | Synchronizing object | Side_wall_glass.082
Fra:451 Mem:895.38M (Peak 1004.98M) | Time:00:02.18 | Mem:0.00M, Peak:0.00M | Scene, ViewLayer | Synchronizing object | Curved_roof_glazing.204
Fra:451 Mem:895.38M (Peak 1004.98M) | Time:00:02.18 | Mem:0.00M, Peak:0.00M | Scene, ViewLayer | Synchronizing object | Side_wall_glass.093
Fra:451 Mem:895.38M (Peak 1004.98M) | Time:00:02.18 | Mem:0.00M, Peak:0.00M | Scene, ViewLayer | Synchronizing object | Wall_transom.108
Fra:451 Mem:895.39M (Peak 1004.98M) | Time:00:02.18 | Mem:0.00M, Peak:0.00M | Scene, ViewLayer | Synchronizing object | Wall_transom.141
Fra:451 Mem:895.46M (Peak 1004.98M) | Time:00:02.18 | Mem:0.00M, Peak:0.00M | Scene, ViewLayer | Synchronizing object | Curved_roof_glazing.137
Fra:451 Mem:895.44M (Peak 1004.98M) | Time:00:02.18 | Mem:0.00M, Peak:0.00M | Scene, ViewLayer | Synchronizing object | Curved_roof_glazing.227
Fra:451 Mem:895.44M (Peak 1004.98M) | Time:00:02.18 | Mem:0.00M, Peak:0.00M | Scene, ViewLayer | Synchronizing object | Wall_transom.034
Fra:451 Mem:895.45M (Peak 1004.98M) | Time:00:02.18 | Mem:0.00M, Peak:0.00M | Scene, ViewLayer | Synchronizing object | Wall_transom.084
Fra:451 Mem:895.52M (Peak 1004.98M) | Time:00:02.18 | Mem:0.00M, Peak:0.00M | Scene, ViewLayer | Synchronizing object | End_wall_glazing.001
Fra:451 Mem:895.50M (Peak 1004.98M) | Time:00:02.18 | Mem:0.00M, Peak:0.00M | Scene, ViewLayer | Synchronizing object | Curved_roof_glazing.032
Fra:451 Mem:895.50M (Peak 1004.98M) | Time:00:02.18 | Mem:0.00M, Peak:0.00M | Scene, ViewLayer | Synchronizing object | Curved_roof_glazing.048
Fra:451 Mem:895.51M (Peak 1004.98M) | Time:00:02.18 | Mem:0.00M, Peak:0.00M | Scene, ViewLayer | Synchronizing object | Curved_roof_glazing.112
Fra:451 Mem:895.51M (Peak 1004.98M) | Time:00:02.18 | Mem:0.00M, Peak:0.00M | Scene, ViewLayer | Synchronizing object | Side_wall_glass.079
Fra:451 Mem:895.52M (Peak 1004.98M) | Time:00:02.18 | Mem:0.00M, Peak:0.00M | Scene, ViewLayer | Synchronizing object | Wall_transom.064
Fra:451 Mem:895.52M (Peak 1004.98M) | Time:00:02.18 | Mem:0.00M, Peak:0.00M | Scene, ViewLayer | Synchronizing object | Curved_roof_glazing.013
Fra:451 Mem:895.55M (Peak 1004.98M) | Time:00:02.18 | Mem:0.00M, Peak:0.00M | Scene, ViewLayer | Synchronizing object | Curved_roof_glazing.205
Fra:451 Mem:895.55M (Peak 1004.98M) | Time:00:02.18 | Mem:0.00M, Peak:0.00M | Scene, ViewLayer | Synchronizing object | Curved_roof_glazing.138
Fra:451 Mem:895.56M (Peak 1004.98M) | Time:00:02.18 | Mem:0.00M, Peak:0.00M | Scene, ViewLayer | Synchronizing object | Wall_transom.189
Fra:451 Mem:895.58M (Peak 1004.98M) | Time:00:02.18 | Mem:0.00M, Peak:0.00M | Scene, ViewLayer | Synchronizing object | Side_wall_glass.077
Fra:451 Mem:895.58M (Peak 1004.98M) | Time:00:02.18 | Mem:0.00M, Peak:0.00M | Scene, ViewLayer | Synchronizing object | Column_base_plinth.015
Fra:451 Mem:895.61M (Peak 1004.98M) | Time:00:02.18 | Mem:0.00M, Peak:0.00M | Scene, ViewLayer | Synchronizing object | Curved_roof_glazing.164
Fra:451 Mem:895.62M (Peak 1004.98M) | Time:00:02.18 | Mem:0.00M, Peak:0.00M | Scene, ViewLayer | Synchronizing object | Curved_roof_glazing.372
Fra:451 Mem:895.63M (Peak 1004.98M) | Time:00:02.18 | Mem:0.00M, Peak:0.00M | Scene, ViewLayer | Synchronizing object | Longitudinal_roof_purlin.007
Fra:451 Mem:895.63M (Peak 1004.98M) | Time:00:02.18 | Mem:0.00M, Peak:0.00M | Scene, ViewLayer | Synchronizing object | Side_wall_glass.008
Fra:451 Mem:895.66M (Peak 1004.98M) | Time:00:02.18 | Mem:0.00M, Peak:0.00M | Scene, ViewLayer | Synchronizing object | Curved_roof_glazing.033
Fra:451 Mem:895.65M (Peak 1004.98M) | Time:00:02.18 | Mem:0.00M, Peak:0.00M | Scene, ViewLayer | Synchronizing object | Curved_roof_glazing.049
Fra:451 Mem:895.66M (Peak 1004.98M) | Time:00:02.18 | Mem:0.00M, Peak:0.00M | Scene, ViewLayer | Synchronizing object | Curved_roof_glazing.113
Fra:451 Mem:895.66M (Peak 1004.98M) | Time:00:02.18 | Mem:0.00M, Peak:0.00M | Scene, ViewLayer | Synchronizing object | End_wall_sill.010
Fra:451 Mem:895.68M (Peak 1004.98M) | Time:00:02.18 | Mem:0.00M, Peak:0.00M | Scene, ViewLayer | Synchronizing object | Curved_roof_glazing.014
Fra:451 Mem:895.69M (Peak 1004.98M) | Time:00:02.18 | Mem:0.00M, Peak:0.00M | Scene, ViewLayer | Synchronizing object | End_wall_mullion.003
Fra:451 Mem:895.72M (Peak 1004.98M) | Time:00:02.18 | Mem:0.00M, Peak:0.00M | Scene, ViewLayer | Synchronizing object | Curved_roof_glazing.206
Fra:451 Mem:895.72M (Peak 1004.98M) | Time:00:02.18 | Mem:0.00M, Peak:0.00M | Scene, ViewLayer | Synchronizing object | Wall_transom.069
Fra:451 Mem:895.75M (Peak 1004.98M) | Time:00:02.18 | Mem:0.00M, Peak:0.00M | Scene, ViewLayer | Synchronizing object | Wall_transom.039
Fra:451 Mem:895.77M (Peak 1004.98M) | Time:00:02.18 | Mem:0.00M, Peak:0.00M | Scene, ViewLayer | Synchronizing object | Curved_roof_glazing.139
Fra:451 Mem:895.79M (Peak 1004.98M) | Time:00:02.18 | Mem:0.00M, Peak:0.00M | Scene, ViewLayer | Synchronizing object | Primary_elliptical_arch.002
Fra:451 Mem:895.79M (Peak 1004.98M) | Time:00:02.18 | Mem:0.00M, Peak:0.00M | Scene, ViewLayer | Synchronizing object | Wall_stone_sill.037
Fra:451 Mem:895.83M (Peak 1004.98M) | Time:00:02.18 | Mem:0.00M, Peak:0.00M | Scene, ViewLayer | Synchronizing object | Curved_roof_glazing.165
Fra:451 Mem:895.84M (Peak 1004.98M) | Time:00:02.18 | Mem:0.00M, Peak:0.00M | Scene, ViewLayer | Synchronizing object | Curved_roof_glazing.373
Fra:451 Mem:895.84M (Peak 1004.98M) | Time:00:02.18 | Mem:0.00M, Peak:0.00M | Scene, ViewLayer | Synchronizing object | Load_column.015
Fra:451 Mem:895.85M (Peak 1004.98M) | Time:00:02.18 | Mem:0.00M, Peak:0.00M | Scene, ViewLayer | Synchronizing object | Ridge_vent_stanchion.018
Fra:451 Mem:895.85M (Peak 1004.98M) | Time:00:02.18 | Mem:0.00M, Peak:0.00M | Scene, ViewLayer | Synchronizing object | Side_wall_glass.064
Fra:451 Mem:895.85M (Peak 1004.98M) | Time:00:02.18 | Mem:0.00M, Peak:0.00M | Scene, ViewLayer | Synchronizing object | Wall_transom.156
Fra:451 Mem:895.96M (Peak 1004.98M) | Time:00:02.18 | Mem:0.00M, Peak:0.00M | Scene, ViewLayer | Synchronizing object | Curved_roof_glazing.034
Fra:451 Mem:895.96M (Peak 1004.98M) | Time:00:02.18 | Mem:0.00M, Peak:0.00M | Scene, ViewLayer | Synchronizing object | Curved_roof_glazing.050
Fra:451 Mem:895.99M (Peak 1004.98M) | Time:00:02.18 | Mem:0.00M, Peak:0.00M | Scene, ViewLayer | Synchronizing object | Curved_roof_glazing.114
Fra:451 Mem:895.99M (Peak 1004.98M) | Time:00:02.18 | Mem:0.00M, Peak:0.00M | Scene, ViewLayer | Synchronizing object | Hall_door_stile.003
Fra:451 Mem:895.99M (Peak 1004.98M) | Time:00:02.18 | Mem:0.00M, Peak:0.00M | Scene, ViewLayer | Synchronizing object | Curved_roof_glazing.015
Fra:451 Mem:896.01M (Peak 1004.98M) | Time:00:02.18 | Mem:0.00M, Peak:0.00M | Scene, ViewLayer | Synchronizing object | Hall_door_rail.002
Fra:451 Mem:896.06M (Peak 1004.98M) | Time:00:02.18 | Mem:0.00M, Peak:0.00M | Scene, ViewLayer | Synchronizing object | Side_wall_glass.083
Fra:451 Mem:896.05M (Peak 1004.98M) | Time:00:02.18 | Mem:0.00M, Peak:0.00M | Scene, ViewLayer | Synchronizing object | Curved_roof_glazing.207
Fra:451 Mem:896.05M (Peak 1004.98M) | Time:00:02.18 | Mem:0.00M, Peak:0.00M | Scene, ViewLayer | Synchronizing object | Column_base_plinth.004
Fra:451 Mem:896.06M (Peak 1004.98M) | Time:00:02.18 | Mem:0.00M, Peak:0.00M | Scene, ViewLayer | Synchronizing object | Curved_roof_glazing.140
Fra:451 Mem:896.09M (Peak 1004.98M) | Time:00:02.18 | Mem:0.00M, Peak:0.00M | Scene, ViewLayer | Synchronizing object | Side_wall_glass.074
Fra:451 Mem:896.09M (Peak 1004.98M) | Time:00:02.18 | Mem:0.00M, Peak:0.00M | Scene, ViewLayer | Synchronizing object | Wall_transom.180
Fra:451 Mem:896.12M (Peak 1004.98M) | Time:00:02.18 | Mem:0.00M, Peak:0.00M | Scene, ViewLayer | Synchronizing object | End_wall_mullion.008
Fra:451 Mem:896.14M (Peak 1004.98M) | Time:00:02.18 | Mem:0.00M, Peak:0.00M | Scene, ViewLayer | Synchronizing object | Wall_transom.016
Fra:451 Mem:896.17M (Peak 1004.98M) | Time:00:02.18 | Mem:0.00M, Peak:0.00M | Scene, ViewLayer | Synchronizing object | Curved_roof_glazing.166
Fra:451 Mem:896.17M (Peak 1004.98M) | Time:00:02.18 | Mem:0.00M, Peak:0.00M | Scene, ViewLayer | Synchronizing object | Curved_roof_glazing.374
Fra:451 Mem:896.18M (Peak 1004.98M) | Time:00:02.18 | Mem:0.00M, Peak:0.00M | Scene, ViewLayer | Synchronizing object | End_wall_mullion.005
Fra:451 Mem:896.18M (Peak 1004.98M) | Time:00:02.18 | Mem:0.00M, Peak:0.00M | Scene, ViewLayer | Synchronizing object | Side_wall_glass.009
Fra:451 Mem:896.20M (Peak 1004.98M) | Time:00:02.18 | Mem:0.00M, Peak:0.00M | Scene, ViewLayer | Synchronizing object | Wall_stone_sill.034
Fra:451 Mem:896.23M (Peak 1004.98M) | Time:00:02.18 | Mem:0.00M, Peak:0.00M | Scene, ViewLayer | Synchronizing object | Curved_roof_glazing.035
Fra:451 Mem:896.24M (Peak 1004.98M) | Time:00:02.18 | Mem:0.00M, Peak:0.00M | Scene, ViewLayer | Synchronizing object | Curved_roof_glazing.051
Fra:451 Mem:896.23M (Peak 1004.98M) | Time:00:02.18 | Mem:0.00M, Peak:0.00M | Scene, ViewLayer | Synchronizing object | Curved_roof_glazing.115
Fra:451 Mem:896.24M (Peak 1004.98M) | Time:00:02.18 | Mem:0.00M, Peak:0.00M | Scene, ViewLayer | Synchronizing object | End_wall_glazing.011
Fra:451 Mem:896.26M (Peak 1004.98M) | Time:00:02.18 | Mem:0.00M, Peak:0.00M | Scene, ViewLayer | Synchronizing object | End_wall_sill.017
Fra:451 Mem:896.25M (Peak 1004.98M) | Time:00:02.18 | Mem:0.00M, Peak:0.00M | Scene, ViewLayer | Synchronizing object | Hall_door_glass.001
Fra:451 Mem:896.28M (Peak 1004.98M) | Time:00:02.18 | Mem:0.00M, Peak:0.00M | Scene, ViewLayer | Synchronizing object | Curved_roof_glazing.016
Fra:451 Mem:896.28M (Peak 1004.98M) | Time:00:02.18 | Mem:0.00M, Peak:0.00M | Scene, ViewLayer | Synchronizing object | Column_capital.016
Fra:451 Mem:896.30M (Peak 1004.98M) | Time:00:02.18 | Mem:0.00M, Peak:0.00M | Scene, ViewLayer | Synchronizing object | Curved_roof_glazing.208
Fra:451 Mem:896.31M (Peak 1004.98M) | Time:00:02.18 | Mem:0.00M, Peak:0.00M | Scene, ViewLayer | Synchronizing object | Wall_transom.151
Fra:451 Mem:896.35M (Peak 1004.98M) | Time:00:02.18 | Mem:0.00M, Peak:0.00M | Scene, ViewLayer | Synchronizing object | Wall_transom.007
Fra:451 Mem:896.36M (Peak 1004.98M) | Time:00:02.18 | Mem:0.00M, Peak:0.00M | Scene, ViewLayer | Synchronizing object | Wall_transom.080
Fra:451 Mem:896.38M (Peak 1004.98M) | Time:00:02.18 | Mem:0.00M, Peak:0.00M | Scene, ViewLayer | Synchronizing object | Curved_roof_glazing.141
Fra:451 Mem:896.39M (Peak 1004.98M) | Time:00:02.18 | Mem:0.00M, Peak:0.00M | Scene, ViewLayer | Synchronizing object | Load_column.004
Fra:451 Mem:896.39M (Peak 1004.98M) | Time:00:02.18 | Mem:0.00M, Peak:0.00M | Scene, ViewLayer | Synchronizing object | Wall_transom.179
Fra:451 Mem:896.42M (Peak 1004.98M) | Time:00:02.18 | Mem:0.00M, Peak:0.00M | Scene, ViewLayer | Synchronizing object | Wall_stone_sill.016
Fra:451 Mem:896.45M (Peak 1004.98M) | Time:00:02.18 | Mem:0.00M, Peak:0.00M | Scene, ViewLayer | Synchronizing object | Wall_stone_sill.051
Fra:451 Mem:896.47M (Peak 1004.98M) | Time:00:02.18 | Mem:0.00M, Peak:0.00M | Scene, ViewLayer | Synchronizing object | Wall_stone_sill.055
Fra:451 Mem:896.50M (Peak 1004.98M) | Time:00:02.18 | Mem:0.00M, Peak:0.00M | Scene, ViewLayer | Synchronizing object | Curved_roof_glazing.167
Fra:451 Mem:896.51M (Peak 1004.98M) | Time:00:02.18 | Mem:0.00M, Peak:0.00M | Scene, ViewLayer | Synchronizing object | Curved_roof_glazing.375
Fra:451 Mem:896.50M (Peak 1004.98M) | Time:00:02.18 | Mem:0.00M, Peak:0.00M | Scene, ViewLayer | Synchronizing object | Ridge_vent_stanchion.019
Fra:451 Mem:896.51M (Peak 1004.98M) | Time:00:02.18 | Mem:0.00M, Peak:0.00M | Scene, ViewLayer | Synchronizing object | Side_wall_glass.065
Fra:451 Mem:896.51M (Peak 1004.98M) | Time:00:02.18 | Mem:0.00M, Peak:0.00M | Scene, ViewLayer | Synchronizing object | Column_base_plinth.001
Fra:451 Mem:896.51M (Peak 1004.98M) | Time:00:02.18 | Mem:0.00M, Peak:0.00M | Scene, ViewLayer | Synchronizing object | Side_wall_glass.062
Fra:451 Mem:896.55M (Peak 1004.98M) | Time:00:02.18 | Mem:0.00M, Peak:0.00M | Scene, ViewLayer | Synchronizing object | Wall_transom.123
Fra:451 Mem:896.56M (Peak 1004.98M) | Time:00:02.18 | Mem:0.00M, Peak:0.00M | Scene, ViewLayer | Synchronizing object | Column_capital.007
Fra:451 Mem:896.60M (Peak 1004.98M) | Time:00:02.18 | Mem:0.00M, Peak:0.00M | Scene, ViewLayer | Synchronizing object | Curved_roof_glazing.017
Fra:451 Mem:896.59M (Peak 1004.98M) | Time:00:02.18 | Mem:0.00M, Peak:0.00M | Scene, ViewLayer | Synchronizing object | Hall_door_glass
Fra:451 Mem:896.60M (Peak 1004.98M) | Time:00:02.18 | Mem:0.00M, Peak:0.00M | Scene, ViewLayer | Synchronizing object | Wall_stone_sill.046
Fra:451 Mem:896.61M (Peak 1004.98M) | Time:00:02.18 | Mem:0.00M, Peak:0.00M | Scene, ViewLayer | Synchronizing object | Curved_roof_glazing.209
Fra:451 Mem:896.63M (Peak 1004.98M) | Time:00:02.18 | Mem:0.00M, Peak:0.00M | Scene, ViewLayer | Synchronizing object | Wall_transom.109
Fra:451 Mem:896.65M (Peak 1004.98M) | Time:00:02.18 | Mem:0.00M, Peak:0.00M | Scene, ViewLayer | Synchronizing object | Wall_stone_sill.010
Fra:451 Mem:896.68M (Peak 1004.98M) | Time:00:02.18 | Mem:0.00M, Peak:0.00M | Scene, ViewLayer | Synchronizing object | Curved_roof_glazing.142
Fra:451 Mem:896.68M (Peak 1004.98M) | Time:00:02.18 | Mem:0.00M, Peak:0.00M | Scene, ViewLayer | Synchronizing object | Wall_stone_sill
Fra:451 Mem:896.72M (Peak 1004.98M) | Time:00:02.18 | Mem:0.00M, Peak:0.00M | Scene, ViewLayer | Synchronizing object | Side_wall_glass.106
Fra:451 Mem:896.71M (Peak 1004.98M) | Time:00:02.18 | Mem:0.00M, Peak:0.00M | Scene, ViewLayer | Synchronizing object | Side_wall_glass.114
Fra:451 Mem:896.71M (Peak 1004.98M) | Time:00:02.18 | Mem:0.00M, Peak:0.00M | Scene, ViewLayer | Synchronizing object | Wall_glazing_mullion.036
Fra:451 Mem:896.74M (Peak 1004.98M) | Time:00:02.18 | Mem:0.00M, Peak:0.00M | Scene, ViewLayer | Synchronizing object | Wall_transom.091
Fra:451 Mem:896.76M (Peak 1004.98M) | Time:00:02.18 | Mem:0.00M, Peak:0.00M | Scene, ViewLayer | Synchronizing object | Wall_transom.160
Fra:451 Mem:896.79M (Peak 1004.98M) | Time:00:02.18 | Mem:0.00M, Peak:0.00M | Scene, ViewLayer | Synchronizing object | Curved_roof_glazing.168
Fra:451 Mem:896.80M (Peak 1004.98M) | Time:00:02.18 | Mem:0.00M, Peak:0.00M | Scene, ViewLayer | Synchronizing object | Column_capital
Fra:451 Mem:896.82M (Peak 1004.98M) | Time:00:02.18 | Mem:0.00M, Peak:0.00M | Scene, ViewLayer | Synchronizing object | End_wall_mullion.017
Fra:451 Mem:896.85M (Peak 1004.98M) | Time:00:02.18 | Mem:0.00M, Peak:0.00M | Scene, ViewLayer | Synchronizing object | Wall_transom.152
Fra:451 Mem:896.87M (Peak 1004.98M) | Time:00:02.18 | Mem:0.00M, Peak:0.00M | Scene, ViewLayer | Synchronizing object | Curved_roof_glazing.018
Fra:451 Mem:896.88M (Peak 1004.98M) | Time:00:02.18 | Mem:0.00M, Peak:0.00M | Scene, ViewLayer | Synchronizing object | Column_base_plinth.017
Fra:451 Mem:896.90M (Peak 1004.98M) | Time:00:02.18 | Mem:0.00M, Peak:0.00M | Scene, ViewLayer | Synchronizing object | Curved_roof_glazing.210
Fra:451 Mem:896.91M (Peak 1004.98M) | Time:00:02.18 | Mem:0.00M, Peak:0.00M | Scene, ViewLayer | Synchronizing object | Side_wall_glass.096
Fra:451 Mem:896.91M (Peak 1004.98M) | Time:00:02.18 | Mem:0.00M, Peak:0.00M | Scene, ViewLayer | Synchronizing object | Wall_transom.138
Fra:451 Mem:896.94M (Peak 1004.98M) | Time:00:02.18 | Mem:0.00M, Peak:0.00M | Scene, ViewLayer | Synchronizing object | Continuous_eaves_gutter.001
Fra:451 Mem:896.96M (Peak 1004.98M) | Time:00:02.18 | Mem:0.00M, Peak:0.00M | Scene, ViewLayer | Synchronizing object | Curved_roof_glazing.143
Fra:451 Mem:896.97M (Peak 1004.98M) | Time:00:02.18 | Mem:0.00M, Peak:0.00M | Scene, ViewLayer | Synchronizing object | Side_wall_glass.075
Fra:451 Mem:896.96M (Peak 1004.98M) | Time:00:02.18 | Mem:0.00M, Peak:0.00M | Scene, ViewLayer | Synchronizing object | Wall_glazing_mullion.037
Fra:451 Mem:896.97M (Peak 1004.98M) | Time:00:02.18 | Mem:0.00M, Peak:0.00M | Scene, ViewLayer | Synchronizing object | Curved_roof_glazing.169
Fra:451 Mem:897.00M (Peak 1004.98M) | Time:00:02.18 | Mem:0.00M, Peak:0.00M | Scene, ViewLayer | Synchronizing object | Curved_roof_glazing.377
Fra:451 Mem:897.00M (Peak 1004.98M) | Time:00:02.18 | Mem:0.00M, Peak:0.00M | Scene, ViewLayer | Synchronizing object | Longitudinal_roof_purlin.008
Fra:451 Mem:897.03M (Peak 1004.98M) | Time:00:02.18 | Mem:0.00M, Peak:0.00M | Scene, ViewLayer | Synchronizing object | Ridge_vent_stanchion.020
Fra:451 Mem:897.03M (Peak 1004.98M) | Time:00:02.18 | Mem:0.00M, Peak:0.00M | Scene, ViewLayer | Synchronizing object | Side_wall_glass.039
Fra:451 Mem:897.04M (Peak 1004.98M) | Time:00:02.18 | Mem:0.00M, Peak:0.00M | Scene, ViewLayer | Synchronizing object | Side_wall_glass.063
Fra:451 Mem:897.03M (Peak 1004.98M) | Time:00:02.18 | Mem:0.00M, Peak:0.00M | Scene, ViewLayer | Synchronizing object | Curved_roof_glazing.019
Fra:451 Mem:897.03M (Peak 1004.98M) | Time:00:02.18 | Mem:0.00M, Peak:0.00M | Scene, ViewLayer | Synchronizing object | End_wall_sill.003
Fra:451 Mem:897.04M (Peak 1004.98M) | Time:00:02.18 | Mem:0.00M, Peak:0.00M | Scene, ViewLayer | Synchronizing object | Wall_glazing_mullion.018
Fra:451 Mem:897.09M (Peak 1004.98M) | Time:00:02.18 | Mem:0.00M, Peak:0.00M | Scene, ViewLayer | Synchronizing object | Curved_roof_glazing.003
Fra:451 Mem:897.09M (Peak 1004.98M) | Time:00:02.18 | Mem:0.00M, Peak:0.00M | Scene, ViewLayer | Synchronizing object | Curved_roof_glazing.211
Fra:451 Mem:897.10M (Peak 1004.98M) | Time:00:02.18 | Mem:0.00M, Peak:0.00M | Scene, ViewLayer | Synchronizing object | Side_wall_glass.020
Fra:451 Mem:897.10M (Peak 1004.98M) | Time:00:02.18 | Mem:0.00M, Peak:0.00M | Scene, ViewLayer | Synchronizing object | Wall_transom.040
Fra:451 Mem:897.11M (Peak 1004.98M) | Time:00:02.18 | Mem:0.00M, Peak:0.00M | Scene, ViewLayer | Synchronizing object | Wall_transom.070
Fra:451 Mem:897.15M (Peak 1004.98M) | Time:00:02.18 | Mem:0.00M, Peak:0.00M | Scene, ViewLayer | Synchronizing object | Column_capital.004
Fra:451 Mem:897.18M (Peak 1004.98M) | Time:00:02.18 | Mem:0.00M, Peak:0.00M | Scene, ViewLayer | Synchronizing object | Curved_roof_glazing.144
Fra:451 Mem:897.18M (Peak 1004.98M) | Time:00:02.18 | Mem:0.00M, Peak:0.00M | Scene, ViewLayer | Synchronizing object | Side_wall_glass.032
Fra:451 Mem:897.19M (Peak 1004.98M) | Time:00:02.18 | Mem:0.00M, Peak:0.00M | Scene, ViewLayer | Synchronizing object | Column_capital.009
Fra:451 Mem:897.21M (Peak 1004.98M) | Time:00:02.18 | Mem:0.00M, Peak:0.00M | Scene, ViewLayer | Synchronizing object | Wall_transom.114
Fra:451 Mem:897.24M (Peak 1004.98M) | Time:00:02.18 | Mem:0.00M, Peak:0.00M | Scene, ViewLayer | Synchronizing object | Secondary_glazing_rib.020
Fra:451 Mem:897.31M (Peak 1004.98M) | Time:00:02.18 | Mem:0.00M, Peak:0.00M | Scene, ViewLayer | Synchronizing object | Curved_roof_glazing.170
Fra:451 Mem:897.32M (Peak 1004.98M) | Time:00:02.18 | Mem:0.00M, Peak:0.00M | Scene, ViewLayer | Synchronizing object | Curved_roof_glazing.378
Fra:451 Mem:897.33M (Peak 1004.98M) | Time:00:02.18 | Mem:0.00M, Peak:0.00M | Scene, ViewLayer | Synchronizing object | End_elevation_crossbar.002
Fra:451 Mem:897.34M (Peak 1004.98M) | Time:00:02.18 | Mem:0.00M, Peak:0.00M | Scene, ViewLayer | Synchronizing object | Hall_door_rail.003
Fra:451 Mem:897.39M (Peak 1004.98M) | Time:00:02.18 | Mem:0.00M, Peak:0.00M | Scene, ViewLayer | Synchronizing object | Wall_stone_sill.053
Fra:451 Mem:897.41M (Peak 1004.98M) | Time:00:02.18 | Mem:0.00M, Peak:0.00M | Scene, ViewLayer | Synchronizing object | Curved_roof_glazing.052
Fra:451 Mem:897.41M (Peak 1004.98M) | Time:00:02.18 | Mem:0.00M, Peak:0.00M | Scene, ViewLayer | Synchronizing object | Curved_roof_glazing.324
Fra:451 Mem:897.42M (Peak 1004.98M) | Time:00:02.18 | Mem:0.00M, Peak:0.00M | Scene, ViewLayer | Synchronizing object | Side_wall_glass.050
Fra:451 Mem:897.43M (Peak 1004.98M) | Time:00:02.18 | Mem:0.00M, Peak:0.00M | Scene, ViewLayer | Synchronizing object | Curved_roof_glazing.308
Fra:451 Mem:897.43M (Peak 1004.98M) | Time:00:02.18 | Mem:0.00M, Peak:0.00M | Scene, ViewLayer | Synchronizing object | Wall_transom.129
Fra:451 Mem:897.45M (Peak 1004.98M) | Time:00:02.18 | Mem:0.00M, Peak:0.00M | Scene, ViewLayer | Synchronizing object | Curved_roof_glazing.145
Fra:451 Mem:897.46M (Peak 1004.98M) | Time:00:02.18 | Mem:0.00M, Peak:0.00M | Scene, ViewLayer | Synchronizing object | Side_wall_glass.033
Fra:451 Mem:897.56M (Peak 1004.98M) | Time:00:02.18 | Mem:0.00M, Peak:0.00M | Scene, ViewLayer | Synchronizing object | End_wall_sill.008
Fra:451 Mem:897.57M (Peak 1004.98M) | Time:00:02.18 | Mem:0.00M, Peak:0.00M | Scene, ViewLayer | Synchronizing object | Wall_glazing_mullion.021
Fra:451 Mem:897.62M (Peak 1004.98M) | Time:00:02.18 | Mem:0.00M, Peak:0.00M | Scene, ViewLayer | Synchronizing object | Wall_glazing_mullion.034
Fra:451 Mem:897.65M (Peak 1004.98M) | Time:00:02.18 | Mem:0.00M, Peak:0.00M | Scene, ViewLayer | Synchronizing object | Side_wall_glass.107
Fra:451 Mem:897.64M (Peak 1004.98M) | Time:00:02.18 | Mem:0.00M, Peak:0.00M | Scene, ViewLayer | Synchronizing object | Side_wall_glass.115
Fra:451 Mem:897.65M (Peak 1004.98M) | Time:00:02.18 | Mem:0.00M, Peak:0.00M | Scene, ViewLayer | Synchronizing object | Wall_transom.017
Fra:451 Mem:897.68M (Peak 1004.98M) | Time:00:02.18 | Mem:0.00M, Peak:0.00M | Scene, ViewLayer | Synchronizing object | Curved_roof_glazing.171
Fra:451 Mem:897.68M (Peak 1004.98M) | Time:00:02.18 | Mem:0.00M, Peak:0.00M | Scene, ViewLayer | Synchronizing object | Curved_roof_glazing.379
Fra:451 Mem:897.69M (Peak 1004.98M) | Time:00:02.18 | Mem:0.00M, Peak:0.00M | Scene, ViewLayer | Synchronizing object | End_wall_sill.005
Fra:451 Mem:897.70M (Peak 1004.98M) | Time:00:02.18 | Mem:0.00M, Peak:0.00M | Scene, ViewLayer | Synchronizing object | Ridge_vent_stanchion.021
Fra:451 Mem:897.72M (Peak 1004.98M) | Time:00:02.18 | Mem:0.00M, Peak:0.00M | Scene, ViewLayer | Synchronizing object | Load_column.001
Fra:451 Mem:897.72M (Peak 1004.98M) | Time:00:02.18 | Mem:0.00M, Peak:0.00M | Scene, ViewLayer | Synchronizing object | Side_wall_glass.110
Fra:451 Mem:897.72M (Peak 1004.98M) | Time:00:02.18 | Mem:0.00M, Peak:0.00M | Scene, ViewLayer | Synchronizing object | Wall_transom.023
Fra:451 Mem:897.76M (Peak 1004.98M) | Time:00:02.18 | Mem:0.00M, Peak:0.00M | Scene, ViewLayer | Synchronizing object | Wall_transom.172
Fra:451 Mem:897.77M (Peak 1004.98M) | Time:00:02.18 | Mem:0.00M, Peak:0.00M | Scene, ViewLayer | Synchronizing object | Curved_roof_glazing.053
Fra:451 Mem:897.79M (Peak 1004.98M) | Time:00:02.18 | Mem:0.00M, Peak:0.00M | Scene, ViewLayer | Synchronizing object | Curved_roof_glazing.325
Fra:451 Mem:897.78M (Peak 1004.98M) | Time:00:02.18 | Mem:0.00M, Peak:0.00M | Scene, ViewLayer | Synchronizing object | Wall_transom.077
Fra:451 Mem:897.80M (Peak 1004.98M) | Time:00:02.18 | Mem:0.00M, Peak:0.00M | Scene, ViewLayer | Synchronizing object | Wall_transom.095
Fra:451 Mem:897.83M (Peak 1004.98M) | Time:00:02.18 | Mem:0.00M, Peak:0.00M | Scene, ViewLayer | Synchronizing object | Wall_transom.042
Fra:451 Mem:897.86M (Peak 1004.98M) | Time:00:02.18 | Mem:0.00M, Peak:0.00M | Scene, ViewLayer | Synchronizing object | Side_wall_glass.021
Fra:451 Mem:897.86M (Peak 1004.98M) | Time:00:02.18 | Mem:0.00M, Peak:0.00M | Scene, ViewLayer | Synchronizing object | Wall_transom.008
Fra:451 Mem:897.89M (Peak 1004.98M) | Time:00:02.18 | Mem:0.00M, Peak:0.00M | Scene, ViewLayer | Synchronizing object | Wall_stone_sill.027
Fra:451 Mem:897.92M (Peak 1004.98M) | Time:00:02.19 | Mem:0.00M, Peak:0.00M | Scene, ViewLayer | Synchronizing object | Curved_roof_glazing.146
Fra:451 Mem:897.93M (Peak 1004.98M) | Time:00:02.19 | Mem:0.00M, Peak:0.00M | Scene, ViewLayer | Synchronizing object | Load_column.005
Fra:451 Mem:897.93M (Peak 1004.98M) | Time:00:02.19 | Mem:0.00M, Peak:0.00M | Scene, ViewLayer | Synchronizing object | Side_wall_glass.001
Fra:451 Mem:897.94M (Peak 1004.98M) | Time:00:02.19 | Mem:0.00M, Peak:0.00M | Scene, ViewLayer | Synchronizing object | Secondary_glazing_rib.012
Fra:451 Mem:898.03M (Peak 1004.98M) | Time:00:02.19 | Mem:0.00M, Peak:0.00M | Scene, ViewLayer | Synchronizing object | Column_capital.014
Fra:451 Mem:898.06M (Peak 1004.98M) | Time:00:02.19 | Mem:0.00M, Peak:0.00M | Scene, ViewLayer | Synchronizing object | Wall_glazing_mullion.035
Fra:451 Mem:898.09M (Peak 1004.98M) | Time:00:02.19 | Mem:0.00M, Peak:0.00M | Scene, ViewLayer | Synchronizing object | Curved_roof_glazing.172
Fra:451 Mem:898.09M (Peak 1004.98M) | Time:00:02.19 | Mem:0.00M, Peak:0.00M | Scene, ViewLayer | Synchronizing object | Curved_roof_glazing.380
Fra:451 Mem:898.10M (Peak 1004.98M) | Time:00:02.19 | Mem:0.00M, Peak:0.00M | Scene, ViewLayer | Synchronizing object | End_wall_glazing.006
Fra:451 Mem:898.10M (Peak 1004.98M) | Time:00:02.19 | Mem:0.00M, Peak:0.00M | Scene, ViewLayer | Synchronizing object | Wall_transom.096
Fra:451 Mem:898.13M (Peak 1004.98M) | Time:00:02.19 | Mem:0.00M, Peak:0.00M | Scene, ViewLayer | Synchronizing object | Wall_glazing_mullion
Fra:451 Mem:898.16M (Peak 1004.98M) | Time:00:02.19 | Mem:0.00M, Peak:0.00M | Scene, ViewLayer | Synchronizing object | Wall_transom.124
Fra:451 Mem:898.19M (Peak 1004.98M) | Time:00:02.19 | Mem:0.00M, Peak:0.00M | Scene, ViewLayer | Synchronizing object | Curved_roof_glazing.054
Fra:451 Mem:898.19M (Peak 1004.98M) | Time:00:02.19 | Mem:0.00M, Peak:0.00M | Scene, ViewLayer | Synchronizing object | Curved_roof_glazing.326
Fra:451 Mem:898.20M (Peak 1004.98M) | Time:00:02.19 | Mem:0.00M, Peak:0.00M | Scene, ViewLayer | Synchronizing object | Side_wall_glass.051
Fra:451 Mem:898.20M (Peak 1004.98M) | Time:00:02.19 | Mem:0.00M, Peak:0.00M | Scene, ViewLayer | Synchronizing object | Curved_roof_glazing.310
Fra:451 Mem:898.20M (Peak 1004.98M) | Time:00:02.19 | Mem:0.00M, Peak:0.00M | Scene, ViewLayer | Synchronizing object | Side_wall_glass.059
Fra:451 Mem:898.21M (Peak 1004.98M) | Time:00:02.19 | Mem:0.00M, Peak:0.00M | Scene, ViewLayer | Synchronizing object | Side_wall_glass.054
Fra:451 Mem:898.21M (Peak 1004.98M) | Time:00:02.19 | Mem:0.00M, Peak:0.00M | Scene, ViewLayer | Synchronizing object | Curved_roof_glazing.147
Fra:451 Mem:898.21M (Peak 1004.98M) | Time:00:02.19 | Mem:0.00M, Peak:0.00M | Scene, ViewLayer | Synchronizing object | Column_base_plinth.005
Fra:451 Mem:898.24M (Peak 1004.98M) | Time:00:02.19 | Mem:0.00M, Peak:0.00M | Scene, ViewLayer | Synchronizing object | Side_wall_glass
Fra:451 Mem:898.24M (Peak 1004.98M) | Time:00:02.19 | Mem:0.00M, Peak:0.00M | Scene, ViewLayer | Synchronizing object | End_wall_glazing.009
Fra:451 Mem:898.25M (Peak 1004.98M) | Time:00:02.19 | Mem:0.00M, Peak:0.00M | Scene, ViewLayer | Synchronizing object | Secondary_glazing_rib.019
Fra:451 Mem:898.34M (Peak 1004.98M) | Time:00:02.19 | Mem:0.00M, Peak:0.00M | Scene, ViewLayer | Synchronizing object | Wall_transom.092
Fra:451 Mem:898.37M (Peak 1004.98M) | Time:00:02.19 | Mem:0.00M, Peak:0.00M | Scene, ViewLayer | Synchronizing object | Wall_transom.161
Fra:451 Mem:898.40M (Peak 1004.98M) | Time:00:02.19 | Mem:0.00M, Peak:0.00M | Scene, ViewLayer | Synchronizing object | Column_base_plinth
Fra:451 Mem:898.43M (Peak 1004.98M) | Time:00:02.19 | Mem:0.00M, Peak:0.00M | Scene, ViewLayer | Synchronizing object | Curved_roof_glazing.173
Fra:451 Mem:898.43M (Peak 1004.98M) | Time:00:02.19 | Mem:0.00M, Peak:0.00M | Scene, ViewLayer | Synchronizing object | Curved_roof_glazing.381
Fra:451 Mem:898.44M (Peak 1004.98M) | Time:00:02.19 | Mem:0.00M, Peak:0.00M | Scene, ViewLayer | Synchronizing object | Ridge_vent_stanchion.022
Fra:451 Mem:898.44M (Peak 1004.98M) | Time:00:02.19 | Mem:0.00M, Peak:0.00M | Scene, ViewLayer | Synchronizing object | Longitudinal_roof_purlin.001
Fra:451 Mem:898.47M (Peak 1004.98M) | Time:00:02.19 | Mem:0.00M, Peak:0.00M | Scene, ViewLayer | Synchronizing object | End_wall_sill.015
Fra:451 Mem:898.50M (Peak 1004.98M) | Time:00:02.19 | Mem:0.00M, Peak:0.00M | Scene, ViewLayer | Synchronizing object | Wall_transom.153
Fra:451 Mem:898.53M (Peak 1004.98M) | Time:00:02.19 | Mem:0.00M, Peak:0.00M | Scene, ViewLayer | Synchronizing object | Curved_roof_glazing.055
Fra:451 Mem:898.53M (Peak 1004.98M) | Time:00:02.19 | Mem:0.00M, Peak:0.00M | Scene, ViewLayer | Synchronizing object | Curved_roof_glazing.327
Fra:451 Mem:898.54M (Peak 1004.98M) | Time:00:02.19 | Mem:0.00M, Peak:0.00M | Scene, ViewLayer | Synchronizing object | Curved_roof_glazing.311
Fra:451 Mem:898.69M (Peak 1004.98M) | Time:00:02.19 | Mem:0.00M, Peak:0.00M | Scene, ViewLayer | Synchronizing object | Load_column.013
Fra:451 Mem:898.70M (Peak 1004.98M) | Time:00:02.19 | Mem:0.00M, Peak:0.00M | Scene, ViewLayer | Synchronizing object | Secondary_glazing_rib.009
Fra:451 Mem:898.79M (Peak 1004.98M) | Time:00:02.19 | Mem:0.00M, Peak:0.00M | Scene, ViewLayer | Synchronizing object | Curved_roof_glazing.174
Fra:451 Mem:898.80M (Peak 1004.98M) | Time:00:02.19 | Mem:0.00M, Peak:0.00M | Scene, ViewLayer | Synchronizing object | Curved_roof_glazing.382
Fra:451 Mem:898.80M (Peak 1004.98M) | Time:00:02.19 | Mem:0.00M, Peak:0.00M | Scene, ViewLayer | Synchronizing object | Longitudinal_roof_purlin.009
Fra:451 Mem:898.83M (Peak 1004.98M) | Time:00:02.19 | Mem:0.00M, Peak:0.00M | Scene, ViewLayer | Synchronizing object | Wall_transom.057
Fra:451 Mem:898.86M (Peak 1004.98M) | Time:00:02.19 | Mem:0.00M, Peak:0.00M | Scene, ViewLayer | Synchronizing object | Wall_transom.093
Fra:451 Mem:898.89M (Peak 1004.98M) | Time:00:02.19 | Mem:0.00M, Peak:0.00M | Scene, ViewLayer | Synchronizing object | Side_wall_glass.111
Fra:451 Mem:898.90M (Peak 1004.98M) | Time:00:02.19 | Mem:0.00M, Peak:0.00M | Scene, ViewLayer | Synchronizing object | Curved_roof_glazing.056
Fra:451 Mem:898.90M (Peak 1004.98M) | Time:00:02.19 | Mem:0.00M, Peak:0.00M | Scene, ViewLayer | Synchronizing object | Curved_roof_glazing.328
Fra:451 Mem:898.91M (Peak 1004.98M) | Time:00:02.19 | Mem:0.00M, Peak:0.00M | Scene, ViewLayer | Synchronizing object | Wall_transom.148
Fra:451 Mem:898.93M (Peak 1004.98M) | Time:00:02.19 | Mem:0.00M, Peak:0.00M | Scene, ViewLayer | Synchronizing object | Curved_roof_glazing.312
Fra:451 Mem:898.94M (Peak 1004.98M) | Time:00:02.19 | Mem:0.00M, Peak:0.00M | Scene, ViewLayer | Synchronizing object | Wall_transom.142
Fra:451 Mem:898.97M (Peak 1004.98M) | Time:00:02.19 | Mem:0.00M, Peak:0.00M | Scene, ViewLayer | Synchronizing object | Wall_stone_sill.009
Fra:451 Mem:899.00M (Peak 1004.98M) | Time:00:02.19 | Mem:0.00M, Peak:0.00M | Scene, ViewLayer | Synchronizing object | Wall_transom.071
Fra:451 Mem:899.03M (Peak 1004.98M) | Time:00:02.19 | Mem:0.00M, Peak:0.00M | Scene, ViewLayer | Synchronizing object | Longitudinal_roof_purlin.004
Fra:451 Mem:899.06M (Peak 1004.98M) | Time:00:02.19 | Mem:0.00M, Peak:0.00M | Scene, ViewLayer | Synchronizing object | Ridge_vent_stanchion.010
Fra:451 Mem:899.06M (Peak 1004.98M) | Time:00:02.19 | Mem:0.00M, Peak:0.00M | Scene, ViewLayer | Synchronizing object | Wall_transom.158
Fra:451 Mem:899.09M (Peak 1004.98M) | Time:00:02.19 | Mem:0.00M, Peak:0.00M | Scene, ViewLayer | Synchronizing object | Wall_transom.115
Fra:451 Mem:899.12M (Peak 1004.98M) | Time:00:02.19 | Mem:0.00M, Peak:0.00M | Scene, ViewLayer | Synchronizing object | Column_capital.015
Fra:451 Mem:899.15M (Peak 1004.98M) | Time:00:02.19 | Mem:0.00M, Peak:0.00M | Scene, ViewLayer | Synchronizing object | Curved_roof_glazing.175
Fra:451 Mem:899.15M (Peak 1004.98M) | Time:00:02.19 | Mem:0.00M, Peak:0.00M | Scene, ViewLayer | Synchronizing object | Curved_roof_glazing.383
Fra:451 Mem:899.16M (Peak 1004.98M) | Time:00:02.19 | Mem:0.00M, Peak:0.00M | Scene, ViewLayer | Synchronizing object | Load_column
Fra:451 Mem:899.16M (Peak 1004.98M) | Time:00:02.19 | Mem:0.00M, Peak:0.00M | Scene, ViewLayer | Synchronizing object | Ridge_vent_stanchion.023
Fra:451 Mem:899.16M (Peak 1004.98M) | Time:00:02.19 | Mem:0.00M, Peak:0.00M | Scene, ViewLayer | Synchronizing object | Column_capital.001
Fra:451 Mem:899.19M (Peak 1004.98M) | Time:00:02.19 | Mem:0.00M, Peak:0.00M | Scene, ViewLayer | Synchronizing object | End_wall_glazing.018
Fra:451 Mem:899.20M (Peak 1004.98M) | Time:00:02.19 | Mem:0.00M, Peak:0.00M | Scene, ViewLayer | Synchronizing object | End_elevation_crossbar.003
Fra:451 Mem:899.23M (Peak 1004.98M) | Time:00:02.19 | Mem:0.00M, Peak:0.00M | Scene, ViewLayer | Synchronizing object | Curved_roof_glazing.057
Fra:451 Mem:899.23M (Peak 1004.98M) | Time:00:02.19 | Mem:0.00M, Peak:0.00M | Scene, ViewLayer | Synchronizing object | Curved_roof_glazing.329
Fra:451 Mem:899.24M (Peak 1004.98M) | Time:00:02.19 | Mem:0.00M, Peak:0.00M | Scene, ViewLayer | Synchronizing object | Curved_roof_glazing.313
Fra:451 Mem:899.24M (Peak 1004.98M) | Time:00:02.19 | Mem:0.00M, Peak:0.00M | Scene, ViewLayer | Synchronizing object | Wall_transom.130
Fra:451 Mem:899.27M (Peak 1004.98M) | Time:00:02.19 | Mem:0.00M, Peak:0.00M | Scene, ViewLayer | Synchronizing object | Side_wall_glass.018
Fra:451 Mem:899.27M (Peak 1004.98M) | Time:00:02.19 | Mem:0.00M, Peak:0.00M | Scene, ViewLayer | Synchronizing object | Load_column.002
Fra:451 Mem:899.28M (Peak 1004.98M) | Time:00:02.19 | Mem:0.00M, Peak:0.00M | Scene, ViewLayer | Synchronizing object | Wall_transom.048
Fra:451 Mem:899.31M (Peak 1004.98M) | Time:00:02.19 | Mem:0.00M, Peak:0.00M | Scene, ViewLayer | Synchronizing object | Wall_stone_sill.006
Fra:451 Mem:899.34M (Peak 1004.98M) | Time:00:02.19 | Mem:0.00M, Peak:0.00M | Scene, ViewLayer | Synchronizing object | Wall_transom.157
Fra:451 Mem:899.37M (Peak 1004.98M) | Time:00:02.19 | Mem:0.00M, Peak:0.00M | Scene, ViewLayer | Synchronizing object | Wall_transom.169
Fra:451 Mem:899.40M (Peak 1004.98M) | Time:00:02.19 | Mem:0.00M, Peak:0.00M | Scene, ViewLayer | Synchronizing object | Curved_roof_glazing.176
Fra:451 Mem:899.40M (Peak 1004.98M) | Time:00:02.19 | Mem:0.00M, Peak:0.00M | Scene, ViewLayer | Synchronizing object | Primary_elliptical_arch
Fra:451 Mem:899.51M (Peak 1004.98M) | Time:00:02.19 | Mem:0.00M, Peak:0.00M | Scene, ViewLayer | Synchronizing object | Hall_door_rail.004
Fra:451 Mem:899.56M (Peak 1004.98M) | Time:00:02.19 | Mem:0.00M, Peak:0.00M | Scene, ViewLayer | Synchronizing object | Wall_stone_sill.008
Fra:451 Mem:899.55M (Peak 1004.98M) | Time:00:02.19 | Mem:0.00M, Peak:0.00M | Scene, ViewLayer | Synchronizing object | Wall_transom.173
Fra:451 Mem:899.61M (Peak 1004.98M) | Time:00:02.19 | Mem:0.00M, Peak:0.00M | Scene, ViewLayer | Synchronizing object | Curved_roof_glazing.058
Fra:451 Mem:899.60M (Peak 1004.98M) | Time:00:02.19 | Mem:0.00M, Peak:0.00M | Scene, ViewLayer | Synchronizing object | Curved_roof_glazing.330
Fra:451 Mem:899.60M (Peak 1004.98M) | Time:00:02.19 | Mem:0.00M, Peak:0.00M | Scene, ViewLayer | Synchronizing object | Curved_roof_glazing.314
Fra:451 Mem:899.60M (Peak 1004.98M) | Time:00:02.19 | Mem:0.00M, Peak:0.00M | Scene, ViewLayer | Synchronizing object | Wall_stone_sill.003
Fra:451 Mem:899.60M (Peak 1004.98M) | Time:00:02.19 | Mem:0.00M, Peak:0.00M | Scene, ViewLayer | Synchronizing object | Ridge_vent_stanchion.011
Fra:451 Mem:899.61M (Peak 1004.98M) | Time:00:02.19 | Mem:0.00M, Peak:0.00M | Scene, ViewLayer | Synchronizing object | Wall_stone_sill.007
Fra:451 Mem:899.66M (Peak 1004.98M) | Time:00:02.19 | Mem:0.00M, Peak:0.00M | Scene, ViewLayer | Synchronizing object | Curved_roof_glazing.228
Fra:451 Mem:899.65M (Peak 1004.98M) | Time:00:02.19 | Mem:0.00M, Peak:0.00M | Scene, ViewLayer | Synchronizing object | End_wall_glazing.004
Fra:451 Mem:899.66M (Peak 1004.98M) | Time:00:02.19 | Mem:0.00M, Peak:0.00M | Scene, ViewLayer | Synchronizing object | Secondary_glazing_rib.001
Fra:451 Mem:899.66M (Peak 1004.98M) | Time:00:02.19 | Mem:0.00M, Peak:0.00M | Scene, ViewLayer | Synchronizing object | Side_wall_glass.084
Fra:451 Mem:899.72M (Peak 1004.98M) | Time:00:02.19 | Mem:0.00M, Peak:0.00M | Scene, ViewLayer | Synchronizing object | Wall_transom.105
Fra:451 Mem:899.77M (Peak 1004.98M) | Time:00:02.19 | Mem:0.00M, Peak:0.00M | Scene, ViewLayer | Synchronizing object | Curved_roof_glazing.177
Fra:451 Mem:899.77M (Peak 1004.98M) | Time:00:02.19 | Mem:0.00M, Peak:0.00M | Scene, ViewLayer | Synchronizing object | Ridge_vent_stanchion.024
Fra:451 Mem:899.77M (Peak 1004.98M) | Time:00:02.19 | Mem:0.00M, Peak:0.00M | Scene, ViewLayer | Synchronizing object | Secondary_glazing_rib.021
Fra:451 Mem:900.02M (Peak 1004.98M) | Time:00:02.20 | Mem:0.00M, Peak:0.00M | Scene, ViewLayer | Synchronizing object | Wall_transom.097
Fra:451 Mem:900.14M (Peak 1004.98M) | Time:00:02.20 | Mem:0.00M, Peak:0.00M | Scene, ViewLayer | Synchronizing object | Secondary_glazing_rib
Fra:451 Mem:900.13M (Peak 1004.98M) | Time:00:02.20 | Mem:0.00M, Peak:0.00M | Scene, ViewLayer | Synchronizing object | Wall_transom.125
Fra:451 Mem:900.25M (Peak 1004.98M) | Time:00:02.20 | Mem:0.00M, Peak:0.00M | Scene, ViewLayer | Synchronizing object | Wall_transom.075
Fra:451 Mem:900.27M (Peak 1004.98M) | Time:00:02.20 | Mem:0.00M, Peak:0.00M | Scene, ViewLayer | Synchronizing object | Curved_roof_glazing.059
Fra:451 Mem:900.27M (Peak 1004.98M) | Time:00:02.20 | Mem:0.00M, Peak:0.00M | Scene, ViewLayer | Synchronizing object | Curved_roof_glazing.331
Fra:451 Mem:900.28M (Peak 1004.98M) | Time:00:02.20 | Mem:0.00M, Peak:0.00M | Scene, ViewLayer | Synchronizing object | Curved_roof_glazing.315
Fra:451 Mem:900.28M (Peak 1004.98M) | Time:00:02.20 | Mem:0.00M, Peak:0.00M | Scene, ViewLayer | Synchronizing object | Wall_transom.087
Fra:451 Mem:900.28M (Peak 1004.98M) | Time:00:02.20 | Mem:0.00M, Peak:0.00M | Scene, ViewLayer | Synchronizing object | Wall_glazing_mullion.030
Fra:451 Mem:900.35M (Peak 1004.98M) | Time:00:02.20 | Mem:0.00M, Peak:0.00M | Scene, ViewLayer | Synchronizing object | Wall_transom.061
Fra:451 Mem:900.33M (Peak 1004.98M) | Time:00:02.20 | Mem:0.00M, Peak:0.00M | Scene, ViewLayer | Synchronizing object | Wall_transom.166
Fra:451 Mem:900.37M (Peak 1004.98M) | Time:00:02.20 | Mem:0.00M, Peak:0.00M | Scene, ViewLayer | Synchronizing object | Wall_transom
Fra:451 Mem:900.37M (Peak 1004.98M) | Time:00:02.20 | Mem:0.00M, Peak:0.00M | Scene, ViewLayer | Synchronizing object | Curved_roof_glazing.149
Fra:451 Mem:900.40M (Peak 1004.98M) | Time:00:02.20 | Mem:0.00M, Peak:0.00M | Scene, ViewLayer | Synchronizing object | Curved_roof_glazing.229
Fra:451 Mem:900.39M (Peak 1004.98M) | Time:00:02.20 | Mem:0.00M, Peak:0.00M | Scene, ViewLayer | Synchronizing object | Wall_glazing_mullion.032
Fra:451 Mem:900.42M (Peak 1004.98M) | Time:00:02.20 | Mem:0.00M, Peak:0.00M | Scene, ViewLayer | Synchronizing object | Wall_transom.065
Fra:451 Mem:900.45M (Peak 1004.98M) | Time:00:02.20 | Mem:0.00M, Peak:0.00M | Scene, ViewLayer | Synchronizing object | Wall_transom.170
Fra:451 Mem:900.47M (Peak 1004.98M) | Time:00:02.20 | Mem:0.00M, Peak:0.00M | Scene, ViewLayer | Synchronizing object | Wall_transom.164
Fra:451 Mem:900.47M (Peak 1004.98M) | Time:00:02.20 | Mem:0.00M, Peak:0.00M | Scene, ViewLayer | Synchronizing object | Side_wall_glass.012
Fra:451 Mem:900.50M (Peak 1004.98M) | Time:00:02.20 | Mem:0.00M, Peak:0.00M | Scene, ViewLayer | Synchronizing object | Wall_stone_sill.031
Fra:451 Mem:900.53M (Peak 1004.98M) | Time:00:02.20 | Mem:0.00M, Peak:0.00M | Scene, ViewLayer | Synchronizing object | Wall_transom.162
Fra:451 Mem:900.52M (Peak 1004.98M) | Time:00:02.20 | Mem:0.00M, Peak:0.00M | Scene, ViewLayer | Synchronizing object | Curved_roof_glazing.178
Fra:451 Mem:900.54M (Peak 1004.98M) | Time:00:02.20 | Mem:0.00M, Peak:0.00M | Scene, ViewLayer | Synchronizing object | End_wall_mullion.006
Fra:451 Mem:900.59M (Peak 1004.98M) | Time:00:02.20 | Mem:0.00M, Peak:0.00M | Scene, ViewLayer | Synchronizing object | Wall_glazing_mullion.039
Fra:451 Mem:900.57M (Peak 1004.98M) | Time:00:02.20 | Mem:0.00M, Peak:0.00M | Scene, ViewLayer | Synchronizing object | Wall_glazing_mullion.002
Fra:451 Mem:900.63M (Peak 1004.98M) | Time:00:02.20 | Mem:0.00M, Peak:0.00M | Scene, ViewLayer | Synchronizing object | Side_wall_glass.016
Fra:451 Mem:900.61M (Peak 1004.98M) | Time:00:02.20 | Mem:0.00M, Peak:0.00M | Scene, ViewLayer | Synchronizing object | Wall_stone_sill.050
Fra:451 Mem:900.61M (Peak 1004.98M) | Time:00:02.20 | Mem:0.00M, Peak:0.00M | Scene, ViewLayer | Synchronizing object | Curved_roof_glazing.060
Fra:451 Mem:900.64M (Peak 1004.98M) | Time:00:02.20 | Mem:0.00M, Peak:0.00M | Scene, ViewLayer | Synchronizing object | Curved_roof_glazing.332
Fra:451 Mem:900.64M (Peak 1004.98M) | Time:00:02.20 | Mem:0.00M, Peak:0.00M | Scene, ViewLayer | Synchronizing object | Wall_stone_sill.026
Fra:451 Mem:900.67M (Peak 1004.98M) | Time:00:02.20 | Mem:0.00M, Peak:0.00M | Scene, ViewLayer | Synchronizing object | Continuous_eaves_gutter
Fra:451 Mem:900.69M (Peak 1004.98M) | Time:00:02.20 | Mem:0.00M, Peak:0.00M | Scene, ViewLayer | Synchronizing object | Curved_roof_glazing.316
Fra:451 Mem:900.69M (Peak 1004.98M) | Time:00:02.20 | Mem:0.00M, Peak:0.00M | Scene, ViewLayer | Synchronizing object | Side_wall_glass.019
Fra:451 Mem:900.69M (Peak 1004.98M) | Time:00:02.20 | Mem:0.00M, Peak:0.00M | Scene, ViewLayer | Synchronizing object | Wall_glazing_mullion.031
Fra:451 Mem:900.72M (Peak 1004.98M) | Time:00:02.20 | Mem:0.00M, Peak:0.00M | Scene, ViewLayer | Synchronizing object | Column_capital.002
Fra:451 Mem:900.75M (Peak 1004.98M) | Time:00:02.20 | Mem:0.00M, Peak:0.00M | Scene, ViewLayer | Synchronizing object | Ridge_vent_stanchion.012
Fra:451 Mem:900.74M (Peak 1004.98M) | Time:00:02.20 | Mem:0.00M, Peak:0.00M | Scene, ViewLayer | Synchronizing object | Curved_roof_glazing.230
Fra:451 Mem:900.74M (Peak 1004.98M) | Time:00:02.20 | Mem:0.00M, Peak:0.00M | Scene, ViewLayer | Synchronizing object | Wall_transom.030
Fra:451 Mem:900.74M (Peak 1004.98M) | Time:00:02.20 | Mem:0.00M, Peak:0.00M | Scene, ViewLayer | Synchronizing object | Wall_transom.020
Fra:451 Mem:900.79M (Peak 1004.98M) | Time:00:02.20 | Mem:0.00M, Peak:0.00M | Scene, ViewLayer | Synchronizing object | Side_wall_glass.117
Fra:451 Mem:900.78M (Peak 1004.98M) | Time:00:02.20 | Mem:0.00M, Peak:0.00M | Scene, ViewLayer | Synchronizing object | Curved_roof_glazing.179
Fra:451 Mem:900.79M (Peak 1004.98M) | Time:00:02.20 | Mem:0.00M, Peak:0.00M | Scene, ViewLayer | Synchronizing object | Longitudinal_roof_purlin.010
Fra:451 Mem:900.79M (Peak 1004.98M) | Time:00:02.20 | Mem:0.00M, Peak:0.00M | Scene, ViewLayer | Synchronizing object | Ridge_vent_stanchion.025
Fra:451 Mem:900.82M (Peak 1004.98M) | Time:00:02.20 | Mem:0.00M, Peak:0.00M | Scene, ViewLayer | Synchronizing object | Wall_transom.058
Fra:451 Mem:900.86M (Peak 1004.98M) | Time:00:02.20 | Mem:0.00M, Peak:0.00M | Scene, ViewLayer | Synchronizing object | Wall_transom.094
Fra:451 Mem:900.84M (Peak 1004.98M) | Time:00:02.20 | Mem:0.00M, Peak:0.00M | Scene, ViewLayer | Synchronizing object | Side_wall_glass.104
Fra:451 Mem:900.86M (Peak 1004.98M) | Time:00:02.20 | Mem:0.00M, Peak:0.00M | Scene, ViewLayer | Synchronizing object | Wall_transom.163
Fra:451 Mem:900.91M (Peak 1004.98M) | Time:00:02.20 | Mem:0.00M, Peak:0.00M | Scene, ViewLayer | Synchronizing object | Curved_roof_glazing.061
Fra:451 Mem:900.89M (Peak 1004.98M) | Time:00:02.20 | Mem:0.00M, Peak:0.00M | Scene, ViewLayer | Synchronizing object | Curved_roof_glazing.333
Fra:451 Mem:900.89M (Peak 1004.98M) | Time:00:02.20 | Mem:0.00M, Peak:0.00M | Scene, ViewLayer | Synchronizing object | Wall_transom.149
Fra:451 Mem:900.90M (Peak 1004.98M) | Time:00:02.20 | Mem:0.00M, Peak:0.00M | Scene, ViewLayer | Synchronizing object | Curved_roof_glazing.317
Fra:451 Mem:900.93M (Peak 1004.98M) | Time:00:02.20 | Mem:0.00M, Peak:0.00M | Scene, ViewLayer | Synchronizing object | Wall_transom.143
Fra:451 Mem:900.94M (Peak 1004.98M) | Time:00:02.20 | Mem:0.00M, Peak:0.00M | Scene, ViewLayer | Synchronizing object | Secondary_glazing_rib.017
Fra:451 Mem:900.98M (Peak 1004.98M) | Time:00:02.20 | Mem:0.00M, Peak:0.00M | Scene, ViewLayer | Synchronizing object | Wall_stone_sill.024
Fra:451 Mem:901.05M (Peak 1004.98M) | Time:00:02.20 | Mem:0.00M, Peak:0.00M | Scene, ViewLayer | Synchronizing object | Column_base_plinth.003
Fra:451 Mem:901.08M (Peak 1004.98M) | Time:00:02.20 | Mem:0.00M, Peak:0.00M | Scene, ViewLayer | Synchronizing object | Longitudinal_roof_purlin.005
Fra:451 Mem:901.11M (Peak 1004.98M) | Time:00:02.20 | Mem:0.00M, Peak:0.00M | Scene, ViewLayer | Synchronizing object | Wall_transom.159
Fra:451 Mem:901.14M (Peak 1004.98M) | Time:00:02.20 | Mem:0.00M, Peak:0.00M | Scene, ViewLayer | Synchronizing object | Side_wall_glass.085
Fra:451 Mem:901.15M (Peak 1004.98M) | Time:00:02.20 | Mem:0.00M, Peak:0.00M | Scene, ViewLayer | Synchronizing object | Side_wall_glass.014
Fra:451 Mem:901.15M (Peak 1004.98M) | Time:00:02.20 | Mem:0.00M, Peak:0.00M | Scene, ViewLayer | Synchronizing object | Curved_roof_glazing.231
Fra:451 Mem:901.15M (Peak 1004.98M) | Time:00:02.20 | Mem:0.00M, Peak:0.00M | Scene, ViewLayer | Synchronizing object | End_wall_mullion.011
Fra:451 Mem:901.18M (Peak 1004.98M) | Time:00:02.20 | Mem:0.00M, Peak:0.00M | Scene, ViewLayer | Synchronizing object | Curved_roof_glazing.244
Fra:451 Mem:901.19M (Peak 1004.98M) | Time:00:02.20 | Mem:0.00M, Peak:0.00M | Scene, ViewLayer | Synchronizing object | Curved_roof_glazing.276
Fra:451 Mem:901.19M (Peak 1004.98M) | Time:00:02.20 | Mem:0.00M, Peak:0.00M | Scene, ViewLayer | Synchronizing object | Curved_roof_glazing.068
Fra:451 Mem:901.20M (Peak 1004.98M) | Time:00:02.20 | Mem:0.00M, Peak:0.00M | Scene, ViewLayer | Synchronizing object | Curved_roof_glazing.116
Fra:451 Mem:901.20M (Peak 1004.98M) | Time:00:02.20 | Mem:0.00M, Peak:0.00M | Scene, ViewLayer | Synchronizing object | Curved_roof_glazing.148
Fra:451 Mem:901.21M (Peak 1004.98M) | Time:00:02.20 | Mem:0.00M, Peak:0.00M | Scene, ViewLayer | Synchronizing object | End_wall_mullion.018
Fra:451 Mem:901.24M (Peak 1004.98M) | Time:00:02.20 | Mem:0.00M, Peak:0.00M | Scene, ViewLayer | Synchronizing object | Ridge_vent_stanchion
Fra:451 Mem:901.24M (Peak 1004.98M) | Time:00:02.20 | Mem:0.00M, Peak:0.00M | Scene, ViewLayer | Synchronizing object | Side_wall_glass.017
Fra:451 Mem:901.24M (Peak 1004.98M) | Time:00:02.20 | Mem:0.00M, Peak:0.00M | Scene, ViewLayer | Synchronizing object | Curved_roof_glazing.062
Fra:451 Mem:901.25M (Peak 1004.98M) | Time:00:02.20 | Mem:0.00M, Peak:0.00M | Scene, ViewLayer | Synchronizing object | Curved_roof_glazing.334
Fra:451 Mem:901.25M (Peak 1004.98M) | Time:00:02.20 | Mem:0.00M, Peak:0.00M | Scene, ViewLayer | Synchronizing object | Side_wall_glass.052
Fra:451 Mem:901.25M (Peak 1004.98M) | Time:00:02.20 | Mem:0.00M, Peak:0.00M | Scene, ViewLayer | Synchronizing object | Curved_roof_glazing.318
Fra:451 Mem:901.26M (Peak 1004.98M) | Time:00:02.20 | Mem:0.00M, Peak:0.00M | Scene, ViewLayer | Synchronizing object | Wall_transom.131
Fra:451 Mem:901.29M (Peak 1004.98M) | Time:00:02.20 | Mem:0.00M, Peak:0.00M | Scene, ViewLayer | Synchronizing object | Side_wall_glass.007
Fra:451 Mem:901.29M (Peak 1004.98M) | Time:00:02.20 | Mem:0.00M, Peak:0.00M | Scene, ViewLayer | Synchronizing object | Ridge_vent_stanchion.013
Fra:451 Mem:901.29M (Peak 1004.98M) | Time:00:02.20 | Mem:0.00M, Peak:0.00M | Scene, ViewLayer | Synchronizing object | Wall_stone_sill.005
Fra:451 Mem:901.32M (Peak 1004.98M) | Time:00:02.20 | Mem:0.00M, Peak:0.00M | Scene, ViewLayer | Synchronizing object | Curved_roof_glazing.232
Fra:451 Mem:901.33M (Peak 1004.98M) | Time:00:02.20 | Mem:0.00M, Peak:0.00M | Scene, ViewLayer | Synchronizing object | Primary_elliptical_arch.006
Fra:451 Mem:907.86M (Peak 1004.98M) | Time:00:02.20 | Mem:0.00M, Peak:0.00M | Scene, ViewLayer | Synchronizing object | Wall_transom.055
Fra:451 Mem:907.89M (Peak 1004.98M) | Time:00:02.20 | Mem:0.00M, Peak:0.00M | Scene, ViewLayer | Synchronizing object | Wall_transom.004
Fra:451 Mem:920.89M (Peak 1004.98M) | Time:00:02.20 | Mem:0.00M, Peak:0.00M | Scene, ViewLayer | Synchronizing object | Curved_roof_glazing.245
Fra:451 Mem:920.89M (Peak 1004.98M) | Time:00:02.20 | Mem:0.00M, Peak:0.00M | Scene, ViewLayer | Synchronizing object | Curved_roof_glazing.277
Fra:451 Mem:920.90M (Peak 1004.98M) | Time:00:02.20 | Mem:0.00M, Peak:0.00M | Scene, ViewLayer | Synchronizing object | Wall_glazing_mullion.038
Fra:451 Mem:920.93M (Peak 1004.98M) | Time:00:02.20 | Mem:0.00M, Peak:0.00M | Scene, ViewLayer | Synchronizing object | Curved_roof_glazing.069
Fra:451 Mem:920.93M (Peak 1004.98M) | Time:00:02.20 | Mem:0.00M, Peak:0.00M | Scene, ViewLayer | Synchronizing object | Curved_roof_glazing.117
Fra:451 Mem:920.94M (Peak 1004.98M) | Time:00:02.20 | Mem:0.00M, Peak:0.00M | Scene, ViewLayer | Synchronizing object | Wall_transom.174
Fra:451 Mem:920.97M (Peak 1004.98M) | Time:00:02.20 | Mem:0.00M, Peak:0.00M | Scene, ViewLayer | Synchronizing object | Curved_roof_glazing.063
Fra:451 Mem:920.97M (Peak 1004.98M) | Time:00:02.20 | Mem:0.00M, Peak:0.00M | Scene, ViewLayer | Synchronizing object | Curved_roof_glazing.335
Fra:451 Mem:920.98M (Peak 1004.98M) | Time:00:02.20 | Mem:0.00M, Peak:0.00M | Scene, ViewLayer | Synchronizing object | Curved_roof_glazing.319
Fra:451 Mem:920.98M (Peak 1004.98M) | Time:00:02.20 | Mem:0.00M, Peak:0.00M | Scene, ViewLayer | Synchronizing object | Side_wall_glass.006
Fra:451 Mem:920.98M (Peak 1004.98M) | Time:00:02.20 | Mem:0.00M, Peak:0.00M | Scene, ViewLayer | Synchronizing object | Curved_roof_glazing.233
Fra:451 Mem:921.04M (Peak 1004.98M) | Time:00:02.20 | Mem:0.00M, Peak:0.00M | Scene, ViewLayer | Synchronizing object | Load_column.012
Fra:451 Mem:921.04M (Peak 1004.98M) | Time:00:02.20 | Mem:0.00M, Peak:0.00M | Scene, ViewLayer | Synchronizing object | Side_wall_glass.010
Fra:451 Mem:921.05M (Peak 1004.98M) | Time:00:02.20 | Mem:0.00M, Peak:0.00M | Scene, ViewLayer | Synchronizing object | Side_wall_glass.015
Fra:451 Mem:927.43M (Peak 1004.98M) | Time:00:02.20 | Mem:0.00M, Peak:0.00M | Scene, ViewLayer | Synchronizing object | Wall_transom.106
Fra:451 Mem:927.46M (Peak 1004.98M) | Time:00:02.20 | Mem:0.00M, Peak:0.00M | Scene, ViewLayer | Synchronizing object | Wall_glazing_mullion.007
Fra:451 Mem:927.49M (Peak 1004.98M) | Time:00:02.20 | Mem:0.00M, Peak:0.00M | Scene, ViewLayer | Synchronizing object | Wall_glazing_mullion.017
Fra:451 Mem:927.52M (Peak 1004.98M) | Time:00:02.20 | Mem:0.00M, Peak:0.00M | Scene, ViewLayer | Synchronizing object | Curved_roof_glazing.246
Fra:451 Mem:927.53M (Peak 1004.98M) | Time:00:02.20 | Mem:0.00M, Peak:0.00M | Scene, ViewLayer | Synchronizing object | Curved_roof_glazing.278
Fra:451 Mem:927.53M (Peak 1004.98M) | Time:00:02.20 | Mem:0.00M, Peak:0.00M | Scene, ViewLayer | Synchronizing object | Curved_roof_glazing.070
Fra:451 Mem:927.54M (Peak 1004.98M) | Time:00:02.20 | Mem:0.00M, Peak:0.00M | Scene, ViewLayer | Synchronizing object | Curved_roof_glazing.118
Fra:451 Mem:927.54M (Peak 1004.98M) | Time:00:02.20 | Mem:0.00M, Peak:0.00M | Scene, ViewLayer | Synchronizing object | Curved_roof_glazing.150
Fra:451 Mem:927.55M (Peak 1004.98M) | Time:00:02.20 | Mem:0.00M, Peak:0.00M | Scene, ViewLayer | Synchronizing object | Wall_stone_sill.042
Fra:451 Mem:927.58M (Peak 1004.98M) | Time:00:02.20 | Mem:0.00M, Peak:0.00M | Scene, ViewLayer | Synchronizing object | Wall_glazing_mullion.001
Fra:451 Mem:927.61M (Peak 1004.98M) | Time:00:02.20 | Mem:0.00M, Peak:0.00M | Scene, ViewLayer | Synchronizing object | Wall_stone_sill.032
Fra:451 Mem:927.64M (Peak 1004.98M) | Time:00:02.20 | Mem:0.00M, Peak:0.00M | Scene, ViewLayer | Synchronizing object | Hall_door_rail.005
Fra:451 Mem:927.67M (Peak 1004.98M) | Time:00:02.20 | Mem:0.00M, Peak:0.00M | Scene, ViewLayer | Synchronizing object | Ridge_vent_stanchion.001
Fra:451 Mem:927.67M (Peak 1004.98M) | Time:00:02.20 | Mem:0.00M, Peak:0.00M | Scene, ViewLayer | Synchronizing object | Side_wall_glass.105
Fra:451 Mem:927.68M (Peak 1004.98M) | Time:00:02.20 | Mem:0.00M, Peak:0.00M | Scene, ViewLayer | Synchronizing object | Wall_transom.076
Fra:451 Mem:927.71M (Peak 1004.98M) | Time:00:02.21 | Mem:0.00M, Peak:0.00M | Scene, ViewLayer | Synchronizing object | Curved_roof_glazing.064
Fra:451 Mem:927.71M (Peak 1004.98M) | Time:00:02.21 | Mem:0.00M, Peak:0.00M | Scene, ViewLayer | Synchronizing object | Curved_roof_glazing.336
Fra:451 Mem:927.71M (Peak 1004.98M) | Time:00:02.21 | Mem:0.00M, Peak:0.00M | Scene, ViewLayer | Synchronizing object | Side_wall_glass.053
Fra:451 Mem:927.72M (Peak 1004.98M) | Time:00:02.21 | Mem:0.00M, Peak:0.00M | Scene, ViewLayer | Synchronizing object | Curved_roof_glazing.320
Fra:451 Mem:927.72M (Peak 1004.98M) | Time:00:02.21 | Mem:0.00M, Peak:0.00M | Scene, ViewLayer | Synchronizing object | Wall_transom.088
Fra:451 Mem:927.75M (Peak 1004.98M) | Time:00:02.21 | Mem:0.00M, Peak:0.00M | Scene, ViewLayer | Synchronizing object | Wall_transom.062
Fra:451 Mem:927.78M (Peak 1004.98M) | Time:00:02.21 | Mem:0.00M, Peak:0.00M | Scene, ViewLayer | Synchronizing object | Side_wall_glass.048
Fra:451 Mem:927.78M (Peak 1004.98M) | Time:00:02.21 | Mem:0.00M, Peak:0.00M | Scene, ViewLayer | Synchronizing object | Wall_transom.167
Fra:451 Mem:927.81M (Peak 1004.98M) | Time:00:02.21 | Mem:0.00M, Peak:0.00M | Scene, ViewLayer | Synchronizing object | Wall_transom.001
Fra:451 Mem:927.84M (Peak 1004.98M) | Time:00:02.21 | Mem:0.00M, Peak:0.00M | Scene, ViewLayer | Synchronizing object | Load_column.003
Fra:451 Mem:927.86M (Peak 1004.98M) | Time:00:02.21 | Mem:0.00M, Peak:0.00M | Scene, ViewLayer | Synchronizing object | Ridge_vent_stanchion.014
Fra:451 Mem:927.84M (Peak 1004.98M) | Time:00:02.21 | Mem:0.00M, Peak:0.00M | Scene, ViewLayer | Synchronizing object | Wall_stone_sill.022
Fra:451 Mem:927.87M (Peak 1004.98M) | Time:00:02.21 | Mem:0.00M, Peak:0.00M | Scene, ViewLayer | Synchronizing object | Curved_roof_glazing.234
Fra:451 Mem:927.88M (Peak 1004.98M) | Time:00:02.21 | Mem:0.00M, Peak:0.00M | Scene, ViewLayer | Synchronizing object | End_wall_mullion.004
Fra:451 Mem:927.90M (Peak 1004.98M) | Time:00:02.21 | Mem:0.00M, Peak:0.00M | Scene, ViewLayer | Synchronizing object | Wall_transom.165
Fra:451 Mem:927.94M (Peak 1004.98M) | Time:00:02.21 | Mem:0.00M, Peak:0.00M | Scene, ViewLayer | Synchronizing object | Wall_glazing_mullion.008
Fra:451 Mem:927.93M (Peak 1004.98M) | Time:00:02.21 | Mem:0.00M, Peak:0.00M | Scene, ViewLayer | Synchronizing object | Curved_roof_glazing.247
Fra:451 Mem:927.96M (Peak 1004.98M) | Time:00:02.21 | Mem:0.00M, Peak:0.00M | Scene, ViewLayer | Synchronizing object | Curved_roof_glazing.279
Fra:451 Mem:927.96M (Peak 1004.98M) | Time:00:02.21 | Mem:0.00M, Peak:0.00M | Scene, ViewLayer | Synchronizing object | Primary_elliptical_arch.007
Fra:451 Mem:928.08M (Peak 1004.98M) | Time:00:02.21 | Mem:0.00M, Peak:0.00M | Scene, ViewLayer | Synchronizing object | Curved_roof_glazing.071
Fra:451 Mem:928.08M (Peak 1004.98M) | Time:00:02.21 | Mem:0.00M, Peak:0.00M | Scene, ViewLayer | Synchronizing object | Curved_roof_glazing.119
Fra:451 Mem:928.08M (Peak 1004.98M) | Time:00:02.21 | Mem:0.00M, Peak:0.00M | Scene, ViewLayer | Synchronizing object | Curved_roof_glazing.151
Fra:451 Mem:928.09M (Peak 1004.98M) | Time:00:02.21 | Mem:0.00M, Peak:0.00M | Scene, ViewLayer | Synchronizing object | Curved_roof_glazing.180
Fra:451 Mem:928.11M (Peak 1004.98M) | Time:00:02.21 | Mem:0.00M, Peak:0.00M | Scene, ViewLayer | Synchronizing object | Curved_roof_glazing.292
Fra:451 Mem:928.12M (Peak 1004.98M) | Time:00:02.21 | Mem:0.00M, Peak:0.00M | Scene, ViewLayer | Synchronizing object | Curved_roof_glazing.084
Fra:451 Mem:928.12M (Peak 1004.98M) | Time:00:02.21 | Mem:0.00M, Peak:0.00M | Scene, ViewLayer | Synchronizing object | End_wall_sill.013
Fra:451 Mem:928.15M (Peak 1004.98M) | Time:00:02.21 | Mem:0.00M, Peak:0.00M | Scene, ViewLayer | Synchronizing object | Curved_roof_glazing.065
Fra:451 Mem:928.16M (Peak 1004.98M) | Time:00:02.21 | Mem:0.00M, Peak:0.00M | Scene, ViewLayer | Synchronizing object | Curved_roof_glazing.337
Fra:451 Mem:928.16M (Peak 1004.98M) | Time:00:02.21 | Mem:0.00M, Peak:0.00M | Scene, ViewLayer | Synchronizing object | Curved_roof_glazing.321
Fra:451 Mem:928.17M (Peak 1004.98M) | Time:00:02.21 | Mem:0.00M, Peak:0.00M | Scene, ViewLayer | Synchronizing object | Column_capital.013
Fra:451 Mem:928.20M (Peak 1004.98M) | Time:00:02.21 | Mem:0.00M, Peak:0.00M | Scene, ViewLayer | Synchronizing object | Portal_transom_mullion
Fra:451 Mem:934.61M (Peak 1004.98M) | Time:00:02.21 | Mem:0.00M, Peak:0.00M | Scene, ViewLayer | Synchronizing object | Side_wall_glass.049
Fra:451 Mem:934.62M (Peak 1004.98M) | Time:00:02.21 | Mem:0.00M, Peak:0.00M | Scene, ViewLayer | Synchronizing object | Wall_transom.027
Fra:451 Mem:934.65M (Peak 1004.98M) | Time:00:02.21 | Mem:0.00M, Peak:0.00M | Scene, ViewLayer | Synchronizing object | Curved_roof_glazing.235
Fra:451 Mem:934.65M (Peak 1004.98M) | Time:00:02.21 | Mem:0.00M, Peak:0.00M | Scene, ViewLayer | Synchronizing object | Side_wall_glass.044
Fra:451 Mem:934.65M (Peak 1004.98M) | Time:00:02.21 | Mem:0.00M, Peak:0.00M | Scene, ViewLayer | Synchronizing object | Wall_glazing_mullion.003
Fra:451 Mem:934.68M (Peak 1004.98M) | Time:00:02.21 | Mem:0.00M, Peak:0.00M | Scene, ViewLayer | Synchronizing object | Wall_transom.031
Fra:451 Mem:934.72M (Peak 1004.98M) | Time:00:02.21 | Mem:0.00M, Peak:0.00M | Scene, ViewLayer | Synchronizing object | Curved_roof_glazing.248
Fra:451 Mem:934.72M (Peak 1004.98M) | Time:00:02.21 | Mem:0.00M, Peak:0.00M | Scene, ViewLayer | Synchronizing object | Curved_roof_glazing.280
Fra:451 Mem:934.73M (Peak 1004.98M) | Time:00:02.21 | Mem:0.00M, Peak:0.00M | Scene, ViewLayer | Synchronizing object | Secondary_glazing_rib.004
Fra:451 Mem:934.82M (Peak 1004.98M) | Time:00:02.21 | Mem:0.00M, Peak:0.00M | Scene, ViewLayer | Synchronizing object | Curved_roof_glazing.072
Fra:451 Mem:934.82M (Peak 1004.98M) | Time:00:02.21 | Mem:0.00M, Peak:0.00M | Scene, ViewLayer | Synchronizing object | Curved_roof_glazing.120
Fra:451 Mem:934.83M (Peak 1004.98M) | Time:00:02.21 | Mem:0.00M, Peak:0.00M | Scene, ViewLayer | Synchronizing object | Curved_roof_glazing.152
Fra:451 Mem:934.83M (Peak 1004.98M) | Time:00:02.21 | Mem:0.00M, Peak:0.00M | Scene, ViewLayer | Synchronizing object | Curved_roof_glazing.181
Fra:451 Mem:934.84M (Peak 1004.98M) | Time:00:02.21 | Mem:0.00M, Peak:0.00M | Scene, ViewLayer | Synchronizing object | Curved_roof_glazing.293
Fra:451 Mem:934.84M (Peak 1004.98M) | Time:00:02.21 | Mem:0.00M, Peak:0.00M | Scene, ViewLayer | Synchronizing object | Side_wall_glass.030
Fra:451 Mem:934.85M (Peak 1004.98M) | Time:00:02.21 | Mem:0.00M, Peak:0.00M | Scene, ViewLayer | Synchronizing object | Wall_transom.176
Fra:451 Mem:934.88M (Peak 1004.98M) | Time:00:02.21 | Mem:0.00M, Peak:0.00M | Scene, ViewLayer | Synchronizing object | Curved_roof_glazing.085
Fra:451 Mem:934.88M (Peak 1004.98M) | Time:00:02.21 | Mem:0.00M, Peak:0.00M | Scene, ViewLayer | Synchronizing object | End_wall_mullion.009
Fra:451 Mem:934.91M (Peak 1004.98M) | Time:00:02.21 | Mem:0.00M, Peak:0.00M | Scene, ViewLayer | Synchronizing object | Wall_transom.146
Fra:451 Mem:934.95M (Peak 1004.98M) | Time:00:02.21 | Mem:0.00M, Peak:0.00M | Scene, ViewLayer | Synchronizing object | Curved_roof_glazing.066
Fra:451 Mem:934.95M (Peak 1004.98M) | Time:00:02.21 | Mem:0.00M, Peak:0.00M | Scene, ViewLayer | Synchronizing object | Curved_roof_glazing.338
Fra:451 Mem:934.95M (Peak 1004.98M) | Time:00:02.21 | Mem:0.00M, Peak:0.00M | Scene, ViewLayer | Synchronizing object | Wall_transom.150
Fra:451 Mem:934.98M (Peak 1004.98M) | Time:00:02.21 | Mem:0.00M, Peak:0.00M | Scene, ViewLayer | Synchronizing object | Curved_roof_glazing.322
Fra:451 Mem:935.00M (Peak 1004.98M) | Time:00:02.21 | Mem:0.00M, Peak:0.00M | Scene, ViewLayer | Synchronizing object | Wall_transom.144
Fra:451 Mem:935.02M (Peak 1004.98M) | Time:00:02.21 | Mem:0.00M, Peak:0.00M | Scene, ViewLayer | Synchronizing object | Wall_glazing_mullion.033
Fra:451 Mem:935.06M (Peak 1004.98M) | Time:00:02.21 | Mem:0.00M, Peak:0.00M | Scene, ViewLayer | Synchronizing object | Longitudinal_roof_purlin.006
Fra:451 Mem:935.07M (Peak 1004.98M) | Time:00:02.21 | Mem:0.00M, Peak:0.00M | Scene, ViewLayer | Synchronizing object | Ridge_vent_stanchion.015
Fra:451 Mem:935.09M (Peak 1004.98M) | Time:00:02.21 | Mem:0.00M, Peak:0.00M | Scene, ViewLayer | Synchronizing object | Wall_glazing_mullion.006
Fra:451 Mem:935.08M (Peak 1004.98M) | Time:00:02.21 | Mem:0.00M, Peak:0.00M | Scene, ViewLayer | Synchronizing object | Wall_stone_sill.052
Fra:451 Mem:935.15M (Peak 1004.98M) | Time:00:02.21 | Mem:0.00M, Peak:0.00M | Scene, ViewLayer | Synchronizing object | Curved_roof_glazing.236
Fra:451 Mem:935.12M (Peak 1004.98M) | Time:00:02.21 | Mem:0.00M, Peak:0.00M | Scene, ViewLayer | Synchronizing object | Side_wall_glass.011
Fra:451 Mem:935.13M (Peak 1004.98M) | Time:00:02.21 | Mem:0.00M, Peak:0.00M | Scene, ViewLayer | Synchronizing object | Wall_transom.126
Fra:451 Mem:935.13M (Peak 1004.98M) | Time:00:02.21 | Mem:0.00M, Peak:0.00M | Scene, ViewLayer | Synchronizing object | Wall_transom.171
Fra:451 Mem:935.21M (Peak 1004.98M) | Time:00:02.21 | Mem:0.00M, Peak:0.00M | Scene, ViewLayer | Synchronizing object | End_wall_sill.011
Fra:451 Mem:935.22M (Peak 1004.98M) | Time:00:02.21 | Mem:0.00M, Peak:0.00M | Scene, ViewLayer | Synchronizing object | Curved_roof_glazing.249
Fra:451 Mem:935.21M (Peak 1004.98M) | Time:00:02.21 | Mem:0.00M, Peak:0.00M | Scene, ViewLayer | Synchronizing object | Curved_roof_glazing.281
Fra:451 Mem:935.22M (Peak 1004.98M) | Time:00:02.21 | Mem:0.00M, Peak:0.00M | Scene, ViewLayer | Synchronizing object | Load_column.006
Fra:451 Mem:935.22M (Peak 1004.98M) | Time:00:02.21 | Mem:0.00M, Peak:0.00M | Scene, ViewLayer | Synchronizing object | Curved_roof_glazing.073
Fra:451 Mem:935.22M (Peak 1004.98M) | Time:00:02.21 | Mem:0.00M, Peak:0.00M | Scene, ViewLayer | Synchronizing object | Curved_roof_glazing.121
Fra:451 Mem:935.23M (Peak 1004.98M) | Time:00:02.21 | Mem:0.00M, Peak:0.00M | Scene, ViewLayer | Synchronizing object | Curved_roof_glazing.153
Fra:451 Mem:935.23M (Peak 1004.98M) | Time:00:02.21 | Mem:0.00M, Peak:0.00M | Scene, ViewLayer | Synchronizing object | Curved_roof_glazing.182
Fra:451 Mem:935.23M (Peak 1004.98M) | Time:00:02.21 | Mem:0.00M, Peak:0.00M | Scene, ViewLayer | Synchronizing object | Curved_roof_glazing.294
Fra:451 Mem:935.24M (Peak 1004.98M) | Time:00:02.21 | Mem:0.00M, Peak:0.00M | Scene, ViewLayer | Synchronizing object | Side_wall_glass.031
Fra:451 Mem:935.24M (Peak 1004.98M) | Time:00:02.21 | Mem:0.00M, Peak:0.00M | Scene, ViewLayer | Synchronizing object | Wall_transom.104
Fra:451 Mem:935.24M (Peak 1004.98M) | Time:00:02.21 | Mem:0.00M, Peak:0.00M | Scene, ViewLayer | Synchronizing object | Curved_roof_glazing.086
Fra:451 Mem:935.26M (Peak 1004.98M) | Time:00:02.21 | Mem:0.00M, Peak:0.00M | Scene, ViewLayer | Synchronizing object | End_wall_glazing.014
Fra:451 Mem:935.27M (Peak 1004.98M) | Time:00:02.21 | Mem:0.00M, Peak:0.00M | Scene, ViewLayer | Synchronizing object | Curved_roof_glazing.067
Fra:451 Mem:935.29M (Peak 1004.98M) | Time:00:02.21 | Mem:0.00M, Peak:0.00M | Scene, ViewLayer | Synchronizing object | Curved_roof_glazing.339
Fra:451 Mem:935.29M (Peak 1004.98M) | Time:00:02.21 | Mem:0.00M, Peak:0.00M | Scene, ViewLayer | Synchronizing object | Wall_transom.078
Fra:451 Mem:935.31M (Peak 1004.98M) | Time:00:02.21 | Mem:0.00M, Peak:0.00M | Scene, ViewLayer | Synchronizing object | Curved_roof_glazing.323
Fra:451 Mem:935.32M (Peak 1004.98M) | Time:00:02.21 | Mem:0.00M, Peak:0.00M | Scene, ViewLayer | Synchronizing object | Wall_stone_sill.044
Fra:451 Mem:935.35M (Peak 1004.98M) | Time:00:02.21 | Mem:0.00M, Peak:0.00M | Scene, ViewLayer | Synchronizing object | Secondary_glazing_rib.018
Fra:451 Mem:935.42M (Peak 1004.98M) | Time:00:02.21 | Mem:0.00M, Peak:0.00M | Scene, ViewLayer | Synchronizing object | Wall_glazing_mullion.019
Fra:451 Mem:935.47M (Peak 1004.98M) | Time:00:02.21 | Mem:0.00M, Peak:0.00M | Scene, ViewLayer | Synchronizing object | Side_wall_glass.108
Fra:451 Mem:935.48M (Peak 1004.98M) | Time:00:02.21 | Mem:0.00M, Peak:0.00M | Scene, ViewLayer | Synchronizing object | Wall_glazing_mullion.004
Fra:451 Mem:935.49M (Peak 1004.98M) | Time:00:02.21 | Mem:0.00M, Peak:0.00M | Scene, ViewLayer | Synchronizing object | Curved_roof_glazing.237
Fra:451 Mem:935.50M (Peak 1004.98M) | Time:00:02.21 | Mem:0.00M, Peak:0.00M | Scene, ViewLayer | Synchronizing object | Wall_transom.056
Fra:451 Mem:935.52M (Peak 1004.98M) | Time:00:02.21 | Mem:0.00M, Peak:0.00M | Scene, ViewLayer | Synchronizing object | Curved_roof_glazing.250
Fra:451 Mem:935.54M (Peak 1004.98M) | Time:00:02.21 | Mem:0.00M, Peak:0.00M | Scene, ViewLayer | Synchronizing object | Curved_roof_glazing.282
Fra:451 Mem:935.53M (Peak 1004.98M) | Time:00:02.21 | Mem:0.00M, Peak:0.00M | Scene, ViewLayer | Synchronizing object | Primary_elliptical_arch.003
Fra:451 Mem:935.53M (Peak 1004.98M) | Time:00:02.21 | Mem:0.00M, Peak:0.00M | Scene, ViewLayer | Synchronizing object | Wall_transom.005
Fra:451 Mem:935.67M (Peak 1004.98M) | Time:00:02.21 | Mem:0.00M, Peak:0.00M | Scene, ViewLayer | Synchronizing object | Curved_roof_glazing.074
Fra:451 Mem:935.69M (Peak 1004.98M) | Time:00:02.21 | Mem:0.00M, Peak:0.00M | Scene, ViewLayer | Synchronizing object | Curved_roof_glazing.122
Fra:451 Mem:935.70M (Peak 1004.98M) | Time:00:02.21 | Mem:0.00M, Peak:0.00M | Scene, ViewLayer | Synchronizing object | Curved_roof_glazing.154
Fra:451 Mem:935.70M (Peak 1004.98M) | Time:00:02.21 | Mem:0.00M, Peak:0.00M | Scene, ViewLayer | Synchronizing object | Load_column.014
Fra:451 Mem:935.71M (Peak 1004.98M) | Time:00:02.21 | Mem:0.00M, Peak:0.00M | Scene, ViewLayer | Synchronizing object | Curved_roof_glazing.183
Fra:451 Mem:935.71M (Peak 1004.98M) | Time:00:02.21 | Mem:0.00M, Peak:0.00M | Scene, ViewLayer | Synchronizing object | Curved_roof_glazing.295
Fra:451 Mem:935.72M (Peak 1004.98M) | Time:00:02.21 | Mem:0.00M, Peak:0.00M | Scene, ViewLayer | Synchronizing object | Wall_stone_sill.045
Fra:451 Mem:935.74M (Peak 1004.98M) | Time:00:02.21 | Mem:0.00M, Peak:0.00M | Scene, ViewLayer | Synchronizing object | Curved_roof_glazing.087
Fra:451 Mem:935.74M (Peak 1004.98M) | Time:00:02.21 | Mem:0.00M, Peak:0.00M | Scene, ViewLayer | Synchronizing object | Curved_roof_glazing.356
Fra:451 Mem:935.75M (Peak 1004.98M) | Time:00:02.21 | Mem:0.00M, Peak:0.00M | Scene, ViewLayer | Synchronizing object | Load_column.011
Fra:451 Mem:935.75M (Peak 1004.98M) | Time:00:02.21 | Mem:0.00M, Peak:0.00M | Scene, ViewLayer | Synchronizing object | Wall_transom.117
Fra:451 Mem:935.78M (Peak 1004.98M) | Time:00:02.21 | Mem:0.00M, Peak:0.00M | Scene, ViewLayer | Synchronizing object | Secondary_glazing_rib.007
Fra:451 Mem:935.87M (Peak 1004.98M) | Time:00:02.21 | Mem:0.00M, Peak:0.00M | Scene, ViewLayer | Synchronizing object | Secondary_glazing_rib.010
Fra:451 Mem:935.97M (Peak 1004.98M) | Time:00:02.21 | Mem:0.00M, Peak:0.00M | Scene, ViewLayer | Synchronizing object | Wall_transom.009
Fra:451 Mem:936.00M (Peak 1004.98M) | Time:00:02.21 | Mem:0.00M, Peak:0.00M | Scene, ViewLayer | Synchronizing object | Column_capital.003
Fra:451 Mem:936.03M (Peak 1004.98M) | Time:00:02.21 | Mem:0.00M, Peak:0.00M | Scene, ViewLayer | Synchronizing object | Ridge_vent_stanchion.016
Fra:451 Mem:936.03M (Peak 1004.98M) | Time:00:02.21 | Mem:0.00M, Peak:0.00M | Scene, ViewLayer | Synchronizing object | Column_base_plinth.012
Fra:451 Mem:936.07M (Peak 1004.98M) | Time:00:02.21 | Mem:0.00M, Peak:0.00M | Scene, ViewLayer | Synchronizing object | Curved_roof_glazing.238
Fra:451 Mem:936.07M (Peak 1004.98M) | Time:00:02.21 | Mem:0.00M, Peak:0.00M | Scene, ViewLayer | Synchronizing object | Secondary_glazing_rib.002
Fra:451 Mem:936.17M (Peak 1004.98M) | Time:00:02.21 | Mem:0.00M, Peak:0.00M | Scene, ViewLayer | Synchronizing object | Side_wall_glass.045
Fra:451 Mem:936.17M (Peak 1004.98M) | Time:00:02.21 | Mem:0.00M, Peak:0.00M | Scene, ViewLayer | Synchronizing object | Wall_transom.021
Fra:451 Mem:936.20M (Peak 1004.98M) | Time:00:02.21 | Mem:0.00M, Peak:0.00M | Scene, ViewLayer | Synchronizing object | End_wall_glazing.012
Fra:451 Mem:936.21M (Peak 1004.98M) | Time:00:02.21 | Mem:0.00M, Peak:0.00M | Scene, ViewLayer | Synchronizing object | Wall_transom.107
Fra:451 Mem:936.24M (Peak 1004.98M) | Time:00:02.21 | Mem:0.00M, Peak:0.00M | Scene, ViewLayer | Synchronizing object | Curved_roof_glazing.251
Fra:451 Mem:936.25M (Peak 1004.98M) | Time:00:02.21 | Mem:0.00M, Peak:0.00M | Scene, ViewLayer | Synchronizing object | Curved_roof_glazing.283
Fra:451 Mem:936.25M (Peak 1004.98M) | Time:00:02.21 | Mem:0.00M, Peak:0.00M | Scene, ViewLayer | Synchronizing object | Curved_roof_glazing.075
Fra:451 Mem:936.26M (Peak 1004.98M) | Time:00:02.21 | Mem:0.00M, Peak:0.00M | Scene, ViewLayer | Synchronizing object | Curved_roof_glazing.123
Fra:451 Mem:936.26M (Peak 1004.98M) | Time:00:02.21 | Mem:0.00M, Peak:0.00M | Scene, ViewLayer | Synchronizing object | Curved_roof_glazing.155
Fra:451 Mem:936.27M (Peak 1004.98M) | Time:00:02.21 | Mem:0.00M, Peak:0.00M | Scene, ViewLayer | Synchronizing object | Longitudinal_roof_purlin.002
Fra:451 Mem:936.30M (Peak 1004.98M) | Time:00:02.21 | Mem:0.00M, Peak:0.00M | Scene, ViewLayer | Synchronizing object | Curved_roof_glazing.184
Fra:451 Mem:936.30M (Peak 1004.98M) | Time:00:02.21 | Mem:0.00M, Peak:0.00M | Scene, ViewLayer | Synchronizing object | Curved_roof_glazing.296
Fra:451 Mem:936.31M (Peak 1004.98M) | Time:00:02.21 | Mem:0.00M, Peak:0.00M | Scene, ViewLayer | Synchronizing object | Side_wall_glass.094
Fra:451 Mem:936.31M (Peak 1004.98M) | Time:00:02.21 | Mem:0.00M, Peak:0.00M | Scene, ViewLayer | Synchronizing object | Curved_roof_glazing.088
Fra:451 Mem:936.32M (Peak 1004.98M) | Time:00:02.21 | Mem:0.00M, Peak:0.00M | Scene, ViewLayer | Synchronizing object | Wall_transom.184
Fra:451 Mem:936.35M (Peak 1004.98M) | Time:00:02.21 | Mem:0.00M, Peak:0.00M | Scene, ViewLayer | Synchronizing object | Column_base_plinth.011
Fra:451 Mem:936.38M (Peak 1004.98M) | Time:00:02.21 | Mem:0.00M, Peak:0.00M | Scene, ViewLayer | Synchronizing object | Curved_roof_glazing.357
Fra:451 Mem:936.39M (Peak 1004.98M) | Time:00:02.21 | Mem:0.00M, Peak:0.00M | Scene, ViewLayer | Synchronizing object | Wall_stone_sill.021
Fra:451 Mem:936.42M (Peak 1004.98M) | Time:00:02.21 | Mem:0.00M, Peak:0.00M | Scene, ViewLayer | Synchronizing object | Wall_transom.168
Fra:451 Mem:936.45M (Peak 1004.98M) | Time:00:02.21 | Mem:0.00M, Peak:0.00M | Scene, ViewLayer | Synchronizing object | Wall_transom.002
Fra:451 Mem:936.48M (Peak 1004.98M) | Time:00:02.21 | Mem:0.00M, Peak:0.00M | Scene, ViewLayer | Synchronizing object | Column_base_plinth.002
Fra:451 Mem:936.51M (Peak 1004.98M) | Time:00:02.21 | Mem:0.00M, Peak:0.00M | Scene, ViewLayer | Synchronizing object | Curved_roof_glazing.239
Fra:451 Mem:936.52M (Peak 1004.98M) | Time:00:02.21 | Mem:0.00M, Peak:0.00M | Scene, ViewLayer | Synchronizing object | End_wall_sill.004
Fra:451 Mem:936.55M (Peak 1004.98M) | Time:00:02.21 | Mem:0.00M, Peak:0.00M | Scene, ViewLayer | Synchronizing object | Wall_stone_sill.054
Fra:451 Mem:936.58M (Peak 1004.98M) | Time:00:02.21 | Mem:0.00M, Peak:0.00M | Scene, ViewLayer | Synchronizing object | Curved_roof_glazing.252
Fra:451 Mem:936.59M (Peak 1004.98M) | Time:00:02.21 | Mem:0.00M, Peak:0.00M | Scene, ViewLayer | Synchronizing object | Curved_roof_glazing.284
Fra:451 Mem:936.59M (Peak 1004.98M) | Time:00:02.21 | Mem:0.00M, Peak:0.00M | Scene, ViewLayer | Synchronizing object | Curved_roof_glazing.076
Fra:451 Mem:936.60M (Peak 1004.98M) | Time:00:02.21 | Mem:0.00M, Peak:0.00M | Scene, ViewLayer | Synchronizing object | Curved_roof_glazing.124
Fra:451 Mem:936.60M (Peak 1004.98M) | Time:00:02.21 | Mem:0.00M, Peak:0.00M | Scene, ViewLayer | Synchronizing object | Curved_roof_glazing.156
Fra:451 Mem:936.61M (Peak 1004.98M) | Time:00:02.21 | Mem:0.00M, Peak:0.00M | Scene, ViewLayer | Synchronizing object | Curved_roof_glazing.185
Fra:451 Mem:936.61M (Peak 1004.98M) | Time:00:02.21 | Mem:0.00M, Peak:0.00M | Scene, ViewLayer | Synchronizing object | Curved_roof_glazing.297
Fra:451 Mem:936.62M (Peak 1004.98M) | Time:00:02.21 | Mem:0.00M, Peak:0.00M | Scene, ViewLayer | Synchronizing object | Curved_roof_glazing.089
Fra:451 Mem:936.62M (Peak 1004.98M) | Time:00:02.21 | Mem:0.00M, Peak:0.00M | Scene, ViewLayer | Synchronizing object | Curved_roof_glazing.358
Fra:451 Mem:936.63M (Peak 1004.98M) | Time:00:02.21 | Mem:0.00M, Peak:0.00M | Scene, ViewLayer | Synchronizing object | Wall_glazing_mullion.014
Fra:451 Mem:936.66M (Peak 1004.98M) | Time:00:02.21 | Mem:0.00M, Peak:0.00M | Scene, ViewLayer | Synchronizing object | Wall_transom.098
Fra:451 Mem:936.69M (Peak 1004.98M) | Time:00:02.21 | Mem:0.00M, Peak:0.00M | Scene, ViewLayer | Synchronizing object | Wall_transom.134
Fra:451 Mem:936.73M (Peak 1004.98M) | Time:00:02.22 | Mem:0.00M, Peak:0.00M | Scene, ViewLayer | Synchronizing object | Wall_transom.028
Fra:451 Mem:936.76M (Peak 1004.98M) | Time:00:02.22 | Mem:0.00M, Peak:0.00M | Scene, ViewLayer | Synchronizing object | Wall_transom.072
Fra:451 Mem:936.79M (Peak 1004.98M) | Time:00:02.22 | Mem:0.00M, Peak:0.00M | Scene, ViewLayer | Synchronizing object | Ridge_vent_stanchion.017
Fra:451 Mem:936.79M (Peak 1004.98M) | Time:00:02.22 | Mem:0.00M, Peak:0.00M | Scene, ViewLayer | Synchronizing object | Secondary_glazing_rib.003
Fra:451 Mem:936.83M (Peak 1004.98M) | Time:00:02.22 | Mem:0.00M, Peak:0.00M | Scene, ViewLayer | Synchronizing object | Side_wall_glass.109
Fra:451 Mem:936.87M (Peak 1004.98M) | Time:00:02.22 | Mem:0.00M, Peak:0.00M | Scene, ViewLayer | Synchronizing object | Curved_roof_glazing.240
Fra:451 Mem:936.87M (Peak 1004.98M) | Time:00:02.22 | Mem:0.00M, Peak:0.00M | Scene, ViewLayer | Synchronizing object | End_wall_glazing.005
Fra:451 Mem:936.87M (Peak 1004.98M) | Time:00:02.22 | Mem:0.00M, Peak:0.00M | Scene, ViewLayer | Synchronizing object | Wall_transom.032
Fra:451 Mem:936.92M (Peak 1004.98M) | Time:00:02.22 | Mem:0.00M, Peak:0.00M | Scene, ViewLayer | Synchronizing object | Side_wall_glass.112
Fra:451 Mem:936.91M (Peak 1004.98M) | Time:00:02.22 | Mem:0.00M, Peak:0.00M | Scene, ViewLayer | Synchronizing object | Curved_roof_glazing.253
Fra:451 Mem:936.92M (Peak 1004.98M) | Time:00:02.22 | Mem:0.00M, Peak:0.00M | Scene, ViewLayer | Synchronizing object | Curved_roof_glazing.285
Fra:451 Mem:936.93M (Peak 1004.98M) | Time:00:02.22 | Mem:0.00M, Peak:0.00M | Scene, ViewLayer | Synchronizing object | Curved_roof_glazing.077
Fra:451 Mem:936.95M (Peak 1004.98M) | Time:00:02.22 | Mem:0.00M, Peak:0.00M | Scene, ViewLayer | Synchronizing object | Curved_roof_glazing.125
Fra:451 Mem:936.93M (Peak 1004.98M) | Time:00:02.22 | Mem:0.00M, Peak:0.00M | Scene, ViewLayer | Synchronizing object | Curved_roof_glazing.157
Fra:451 Mem:936.93M (Peak 1004.98M) | Time:00:02.22 | Mem:0.00M, Peak:0.00M | Scene, ViewLayer | Synchronizing object | Curved_roof_glazing.186
Fra:451 Mem:936.94M (Peak 1004.98M) | Time:00:02.22 | Mem:0.00M, Peak:0.00M | Scene, ViewLayer | Synchronizing object | Curved_roof_glazing.298
Fra:451 Mem:936.94M (Peak 1004.98M) | Time:00:02.22 | Mem:0.00M, Peak:0.00M | Scene, ViewLayer | Synchronizing object | Curved_roof_glazing.090
Fra:451 Mem:936.95M (Peak 1004.98M) | Time:00:02.22 | Mem:0.00M, Peak:0.00M | Scene, ViewLayer | Synchronizing object | End_wall_sill.009
Fra:451 Mem:936.95M (Peak 1004.98M) | Time:00:02.22 | Mem:0.00M, Peak:0.00M | Scene, ViewLayer | Synchronizing object | Wall_transom.147
Fra:451 Mem:937.02M (Peak 1004.98M) | Time:00:02.22 | Mem:0.00M, Peak:0.00M | Scene, ViewLayer | Synchronizing object | Curved_roof_glazing.359
Fra:451 Mem:937.02M (Peak 1004.98M) | Time:00:02.22 | Mem:0.00M, Peak:0.00M | Scene, ViewLayer | Synchronizing object | Side_wall_glass.090
Fra:451 Mem:937.02M (Peak 1004.98M) | Time:00:02.22 | Mem:0.00M, Peak:0.00M | Scene, ViewLayer | Synchronizing object | Platform_portal_lintel
Fra:451 Mem:937.05M (Peak 1004.98M) | Time:00:02.22 | Mem:0.00M, Peak:0.00M | Scene, ViewLayer | Synchronizing object | Side_wall_glass.068
Fra:451 Mem:937.06M (Peak 1004.98M) | Time:00:02.22 | Mem:0.00M, Peak:0.00M | Scene, ViewLayer | Synchronizing object | Curved_roof_glazing.241
Fra:451 Mem:937.06M (Peak 1004.98M) | Time:00:02.22 | Mem:0.00M, Peak:0.00M | Scene, ViewLayer | Synchronizing object | Wall_transom.015
Fra:451 Mem:937.09M (Peak 1004.98M) | Time:00:02.22 | Mem:0.00M, Peak:0.00M | Scene, ViewLayer | Synchronizing object | Wall_stone_sill.056
Fra:451 Mem:937.12M (Peak 1004.98M) | Time:00:02.22 | Mem:0.00M, Peak:0.00M | Scene, ViewLayer | Synchronizing object | Wall_transom.127
Fra:451 Mem:937.15M (Peak 1004.98M) | Time:00:02.22 | Mem:0.00M, Peak:0.00M | Scene, ViewLayer | Synchronizing object | Column_base_plinth.006
Fra:451 Mem:937.18M (Peak 1004.98M) | Time:00:02.22 | Mem:0.00M, Peak:0.00M | Scene, ViewLayer | Synchronizing object | Curved_roof_glazing.254
Fra:451 Mem:937.18M (Peak 1004.98M) | Time:00:02.22 | Mem:0.00M, Peak:0.00M | Scene, ViewLayer | Synchronizing object | Curved_roof_glazing.286
Fra:451 Mem:937.19M (Peak 1004.98M) | Time:00:02.22 | Mem:0.00M, Peak:0.00M | Scene, ViewLayer | Synchronizing object | Curved_roof_glazing.078
Fra:451 Mem:937.19M (Peak 1004.98M) | Time:00:02.22 | Mem:0.00M, Peak:0.00M | Scene, ViewLayer | Synchronizing object | Curved_roof_glazing.126
Fra:451 Mem:937.20M (Peak 1004.98M) | Time:00:02.22 | Mem:0.00M, Peak:0.00M | Scene, ViewLayer | Synchronizing object | Curved_roof_glazing.158
Fra:451 Mem:937.20M (Peak 1004.98M) | Time:00:02.22 | Mem:0.00M, Peak:0.00M | Scene, ViewLayer | Synchronizing object | Curved_roof_glazing.187
Fra:451 Mem:937.21M (Peak 1004.98M) | Time:00:02.22 | Mem:0.00M, Peak:0.00M | Scene, ViewLayer | Synchronizing object | Curved_roof_glazing.299
Fra:451 Mem:937.21M (Peak 1004.98M) | Time:00:02.22 | Mem:0.00M, Peak:0.00M | Scene, ViewLayer | Synchronizing object | Side_wall_glass.095
Fra:451 Mem:937.22M (Peak 1004.98M) | Time:00:02.22 | Mem:0.00M, Peak:0.00M | Scene, ViewLayer | Synchronizing object | Wall_stone_sill.035
Fra:451 Mem:937.25M (Peak 1004.98M) | Time:00:02.22 | Mem:0.00M, Peak:0.00M | Scene, ViewLayer | Synchronizing object | Wall_transom.045
Fra:451 Mem:937.28M (Peak 1004.98M) | Time:00:02.22 | Mem:0.00M, Peak:0.00M | Scene, ViewLayer | Synchronizing object | Curved_roof_glazing.091
Fra:451 Mem:937.28M (Peak 1004.98M) | Time:00:02.22 | Mem:0.00M, Peak:0.00M | Scene, ViewLayer | Synchronizing object | End_wall_mullion.014
Fra:451 Mem:937.31M (Peak 1004.98M) | Time:00:02.22 | Mem:0.00M, Peak:0.00M | Scene, ViewLayer | Synchronizing object | Wall_glazing_mullion.028
Fra:451 Mem:937.34M (Peak 1004.98M) | Time:00:02.22 | Mem:0.00M, Peak:0.00M | Scene, ViewLayer | Synchronizing object | Curved_roof_glazing.360
Fra:451 Mem:937.35M (Peak 1004.98M) | Time:00:02.22 | Mem:0.00M, Peak:0.00M | Scene, ViewLayer | Synchronizing object | Wall_transom.049
Fra:451 Mem:937.38M (Peak 1004.98M) | Time:00:02.22 | Mem:0.00M, Peak:0.00M | Scene, ViewLayer | Synchronizing object | Wall_transom.037
Fra:451 Mem:937.41M (Peak 1004.98M) | Time:00:02.22 | Mem:0.00M, Peak:0.00M | Scene, ViewLayer | Synchronizing object | Wall_transom.053
Fra:451 Mem:937.43M (Peak 1004.98M) | Time:00:02.22 | Mem:0.00M, Peak:0.00M | Scene, ViewLayer | Synchronizing object | Wall_transom.182
Fra:451 Mem:937.49M (Peak 1004.98M) | Time:00:02.22 | Mem:0.00M, Peak:0.00M | Scene, ViewLayer | Synchronizing object | Wall_transom.041
Fra:451 Mem:937.47M (Peak 1004.98M) | Time:00:02.22 | Mem:0.00M, Peak:0.00M | Scene, ViewLayer | Synchronizing object | Column_capital.012
Fra:451 Mem:937.53M (Peak 1004.98M) | Time:00:02.22 | Mem:0.00M, Peak:0.00M | Scene, ViewLayer | Synchronizing object | Curved_roof_glazing.242
Fra:451 Mem:937.52M (Peak 1004.98M) | Time:00:02.22 | Mem:0.00M, Peak:0.00M | Scene, ViewLayer | Synchronizing object | Primary_elliptical_arch.001
Fra:451 Mem:937.54M (Peak 1004.98M) | Time:00:02.22 | Mem:0.00M, Peak:0.00M | Scene, ViewLayer | Synchronizing object | Side_wall_glass.116
Fra:451 Mem:937.60M (Peak 1004.98M) | Time:00:02.22 | Mem:0.00M, Peak:0.00M | Scene, ViewLayer | Synchronizing object | Wall_stone_sill.019
Fra:451 Mem:937.68M (Peak 1004.98M) | Time:00:02.22 | Mem:0.00M, Peak:0.00M | Scene, ViewLayer | Synchronizing object | Curved_roof_glazing.255
Fra:451 Mem:937.69M (Peak 1004.98M) | Time:00:02.22 | Mem:0.00M, Peak:0.00M | Scene, ViewLayer | Synchronizing object | Curved_roof_glazing.287
Fra:451 Mem:937.69M (Peak 1004.98M) | Time:00:02.22 | Mem:0.00M, Peak:0.00M | Scene, ViewLayer | Synchronizing object | Column_base_plinth.014
Fra:451 Mem:937.73M (Peak 1004.98M) | Time:00:02.22 | Mem:0.00M, Peak:0.00M | Scene, ViewLayer | Synchronizing object | Curved_roof_glazing.079
Fra:451 Mem:937.73M (Peak 1004.98M) | Time:00:02.22 | Mem:0.00M, Peak:0.00M | Scene, ViewLayer | Synchronizing object | Curved_roof_glazing.127
Fra:451 Mem:937.74M (Peak 1004.98M) | Time:00:02.22 | Mem:0.00M, Peak:0.00M | Scene, ViewLayer | Synchronizing object | Curved_roof_glazing.159
Fra:451 Mem:937.74M (Peak 1004.98M) | Time:00:02.22 | Mem:0.00M, Peak:0.00M | Scene, ViewLayer | Synchronizing object | Curved_roof_glazing.188
Fra:451 Mem:937.75M (Peak 1004.98M) | Time:00:02.22 | Mem:0.00M, Peak:0.00M | Scene, ViewLayer | Synchronizing object | Curved_roof_glazing.300
Fra:451 Mem:937.75M (Peak 1004.98M) | Time:00:02.22 | Mem:0.00M, Peak:0.00M | Scene, ViewLayer | Synchronizing object | Side_wall_glass.070
Fra:451 Mem:937.75M (Peak 1004.98M) | Time:00:02.22 | Mem:0.00M, Peak:0.00M | Scene, ViewLayer | Synchronizing object | Wall_transom.177
Fra:451 Mem:937.78M (Peak 1004.98M) | Time:00:02.22 | Mem:0.00M, Peak:0.00M | Scene, ViewLayer | Synchronizing object | Wall_glazing_mullion.029
Fra:451 Mem:937.90M (Peak 1004.98M) | Time:00:02.22 | Mem:0.00M, Peak:0.00M | Scene, ViewLayer | Synchronizing object | Column_capital.005
Fra:451 Mem:937.93M (Peak 1004.98M) | Time:00:02.22 | Mem:0.00M, Peak:0.00M | Scene, ViewLayer | Synchronizing object | Curved_roof_glazing.092
Fra:451 Mem:937.93M (Peak 1004.98M) | Time:00:02.22 | Mem:0.00M, Peak:0.00M | Scene, ViewLayer | Synchronizing object | Curved_roof_glazing.361
Fra:451 Mem:937.94M (Peak 1004.98M) | Time:00:02.22 | Mem:0.00M, Peak:0.00M | Scene, ViewLayer | Synchronizing object | Hall_door_kickpanel.001
Fra:451 Mem:937.97M (Peak 1004.98M) | Time:00:02.22 | Mem:0.00M, Peak:0.00M | Scene, ViewLayer | Synchronizing object | Side_wall_glass.038
Fra:451 Mem:937.97M (Peak 1004.98M) | Time:00:02.22 | Mem:0.00M, Peak:0.00M | Scene, ViewLayer | Synchronizing object | Wall_glazing_mullion.005
Fra:451 Mem:938.00M (Peak 1004.98M) | Time:00:02.22 | Mem:0.00M, Peak:0.00M | Scene, ViewLayer | Synchronizing object | Wall_transom.066
Fra:451 Mem:938.04M (Peak 1004.98M) | Time:00:02.22 | Mem:0.00M, Peak:0.00M | Scene, ViewLayer | Synchronizing object | Column_base_plinth.013
Fra:451 Mem:938.07M (Peak 1004.98M) | Time:00:02.22 | Mem:0.00M, Peak:0.00M | Scene, ViewLayer | Synchronizing object | Curved_roof_glazing.243
Fra:451 Mem:938.07M (Peak 1004.98M) | Time:00:02.22 | Mem:0.00M, Peak:0.00M | Scene, ViewLayer | Synchronizing object | Wall_transom.022
Fra:451 Mem:938.10M (Peak 1004.98M) | Time:00:02.22 | Mem:0.00M, Peak:0.00M | Scene, ViewLayer | Synchronizing object | Side_wall_glass.113
Fra:451 Mem:938.11M (Peak 1004.98M) | Time:00:02.22 | Mem:0.00M, Peak:0.00M | Scene, ViewLayer | Synchronizing object | End_wall_mullion.012
Fra:451 Mem:938.14M (Peak 1004.98M) | Time:00:02.22 | Mem:0.00M, Peak:0.00M | Scene, ViewLayer | Synchronizing object | Wall_stone_sill.036
Fra:451 Mem:938.17M (Peak 1004.98M) | Time:00:02.22 | Mem:0.00M, Peak:0.00M | Scene, ViewLayer | Synchronizing object | Curved_roof_glazing.162
Fra:451 Mem:938.17M (Peak 1004.98M) | Time:00:02.22 | Mem:0.00M, Peak:0.00M | Scene, ViewLayer | Synchronizing object | Curved_roof_glazing.256
Fra:451 Mem:938.18M (Peak 1004.98M) | Time:00:02.22 | Mem:0.00M, Peak:0.00M | Scene, ViewLayer | Synchronizing object | Curved_roof_glazing.288
Fra:451 Mem:938.18M (Peak 1004.98M) | Time:00:02.22 | Mem:0.00M, Peak:0.00M | Scene, ViewLayer | Synchronizing object | Curved_roof_glazing.080
Fra:451 Mem:956.49M (Peak 1004.98M) | Time:00:02.22 | Mem:0.00M, Peak:0.00M | Scene, ViewLayer | Synchronizing object | Curved_roof_glazing.128
Fra:451 Mem:956.50M (Peak 1004.98M) | Time:00:02.22 | Mem:0.00M, Peak:0.00M | Scene, ViewLayer | Synchronizing object | Curved_roof_glazing.160
Fra:451 Mem:956.50M (Peak 1004.98M) | Time:00:02.22 | Mem:0.00M, Peak:0.00M | Scene, ViewLayer | Synchronizing object | Longitudinal_roof_purlin.003
Fra:451 Mem:956.53M (Peak 1004.98M) | Time:00:02.22 | Mem:0.00M, Peak:0.00M | Scene, ViewLayer | Synchronizing object | Curved_roof_glazing.189
Fra:451 Mem:956.54M (Peak 1004.98M) | Time:00:02.22 | Mem:0.00M, Peak:0.00M | Scene, ViewLayer | Synchronizing object | Curved_roof_glazing.301
Fra:451 Mem:956.53M (Peak 1004.98M) | Time:00:02.22 | Mem:0.00M, Peak:0.00M | Scene, ViewLayer | Synchronizing object | Curved_roof_glazing.093
Fra:451 Mem:956.53M (Peak 1004.98M) | Time:00:02.22 | Mem:0.00M, Peak:0.00M | Scene, ViewLayer | Synchronizing object | End_wall_glazing.015
Fra:451 Mem:956.54M (Peak 1004.98M) | Time:00:02.22 | Mem:0.00M, Peak:0.00M | Scene, ViewLayer | Synchronizing object | Secondary_glazing_rib.006
Fra:451 Mem:956.55M (Peak 1004.98M) | Time:00:02.22 | Mem:0.00M, Peak:0.00M | Scene, ViewLayer | Synchronizing object | Secondary_glazing_rib.016
Fra:451 Mem:956.72M (Peak 1004.98M) | Time:00:02.22 | Mem:0.00M, Peak:0.00M | Scene, ViewLayer | Synchronizing object | Wall_transom.185
Fra:451 Mem:956.72M (Peak 1004.98M) | Time:00:02.22 | Mem:0.00M, Peak:0.00M | Scene, ViewLayer | Synchronizing object | Curved_roof_glazing.362
Fra:451 Mem:956.75M (Peak 1004.98M) | Time:00:02.22 | Mem:0.00M, Peak:0.00M | Scene, ViewLayer | Synchronizing object | Wall_transom.118
Fra:451 Mem:956.78M (Peak 1004.98M) | Time:00:02.22 | Mem:0.00M, Peak:0.00M | Scene, ViewLayer | Synchronizing object | Wall_glazing_mullion.022
Fra:451 Mem:956.80M (Peak 1004.98M) | Time:00:02.22 | Mem:0.00M, Peak:0.00M | Scene, ViewLayer | Synchronizing object | Hall_door_stile
Fra:451 Mem:956.83M (Peak 1004.98M) | Time:00:02.22 | Mem:0.00M, Peak:0.00M | Scene, ViewLayer | Synchronizing object | Side_wall_glass.069
Fra:451 Mem:956.84M (Peak 1004.98M) | Time:00:02.22 | Mem:0.00M, Peak:0.00M | Scene, ViewLayer | Synchronizing object | Curved_roof_glazing.340
Fra:451 Mem:956.83M (Peak 1004.98M) | Time:00:02.22 | Mem:0.00M, Peak:0.00M | Scene, ViewLayer | Synchronizing object | Wall_glazing_mullion.026
Fra:451 Mem:956.84M (Peak 1004.98M) | Time:00:02.22 | Mem:0.00M, Peak:0.00M | Scene, ViewLayer | Synchronizing object | Curved_roof_glazing.257
Fra:451 Mem:956.88M (Peak 1004.98M) | Time:00:02.22 | Mem:0.00M, Peak:0.00M | Scene, ViewLayer | Synchronizing object | Curved_roof_glazing.289
Fra:451 Mem:956.87M (Peak 1004.98M) | Time:00:02.22 | Mem:0.00M, Peak:0.00M | Scene, ViewLayer | Synchronizing object | Wall_glazing_mullion.009
Fra:451 Mem:956.90M (Peak 1004.98M) | Time:00:02.22 | Mem:0.00M, Peak:0.00M | Scene, ViewLayer | Synchronizing object | Curved_roof_glazing.081
Fra:451 Mem:956.90M (Peak 1004.98M) | Time:00:02.22 | Mem:0.00M, Peak:0.00M | Scene, ViewLayer | Synchronizing object | Curved_roof_glazing.129
Fra:451 Mem:956.93M (Peak 1004.98M) | Time:00:02.22 | Mem:0.00M, Peak:0.00M | Scene, ViewLayer | Synchronizing object | Curved_roof_glazing.161
Fra:451 Mem:956.91M (Peak 1004.98M) | Time:00:02.22 | Mem:0.00M, Peak:0.00M | Scene, ViewLayer | Synchronizing object | Curved_roof_glazing.190
Fra:451 Mem:956.91M (Peak 1004.98M) | Time:00:02.22 | Mem:0.00M, Peak:0.00M | Scene, ViewLayer | Synchronizing object | Curved_roof_glazing.302
Fra:451 Mem:956.92M (Peak 1004.98M) | Time:00:02.22 | Mem:0.00M, Peak:0.00M | Scene, ViewLayer | Synchronizing object | Curved_roof_glazing.094
Fra:451 Mem:956.92M (Peak 1004.98M) | Time:00:02.22 | Mem:0.00M, Peak:0.00M | Scene, ViewLayer | Synchronizing object | Curved_roof_glazing.363
Fra:451 Mem:956.92M (Peak 1004.98M) | Time:00:02.22 | Mem:0.00M, Peak:0.00M | Scene, ViewLayer | Synchronizing object | Wall_glazing_mullion.023
Fra:451 Mem:956.93M (Peak 1004.98M) | Time:00:02.22 | Mem:0.00M, Peak:0.00M | Scene, ViewLayer | Synchronizing object | Wall_stone_sill.033
Fra:451 Mem:957.00M (Peak 1004.98M) | Time:00:02.22 | Mem:0.00M, Peak:0.00M | Scene, ViewLayer | Synchronizing object | Wall_transom.085
Fra:451 Mem:956.99M (Peak 1004.98M) | Time:00:02.22 | Mem:0.00M, Peak:0.00M | Scene, ViewLayer | Synchronizing object | Wall_transom.043
Fra:451 Mem:957.03M (Peak 1004.98M) | Time:00:02.22 | Mem:0.00M, Peak:0.00M | Scene, ViewLayer | Synchronizing object | Wall_transom.073
Fra:451 Mem:957.05M (Peak 1004.98M) | Time:00:02.22 | Mem:0.00M, Peak:0.00M | Scene, ViewLayer | Synchronizing object | End_wall_sill.012
Fra:451 Mem:957.09M (Peak 1004.98M) | Time:00:02.22 | Mem:0.00M, Peak:0.00M | Scene, ViewLayer | Synchronizing object | Curved_roof_glazing.341
Fra:451 Mem:957.09M (Peak 1004.98M) | Time:00:02.22 | Mem:0.00M, Peak:0.00M | Scene, ViewLayer | Synchronizing object | Wall_transom.059
Fra:451 Mem:957.12M (Peak 1004.98M) | Time:00:02.22 | Mem:0.00M, Peak:0.00M | Scene, ViewLayer | Synchronizing object | Side_wall_glass.005
Fra:451 Mem:957.12M (Peak 1004.98M) | Time:00:02.22 | Mem:0.00M, Peak:0.00M | Scene, ViewLayer | Synchronizing object | Curved_roof_glazing.258
Fra:451 Mem:957.12M (Peak 1004.98M) | Time:00:02.22 | Mem:0.00M, Peak:0.00M | Scene, ViewLayer | Synchronizing object | Curved_roof_glazing.290
Fra:451 Mem:957.12M (Peak 1004.98M) | Time:00:02.22 | Mem:0.00M, Peak:0.00M | Scene, ViewLayer | Synchronizing object | Secondary_glazing_rib.005
Fra:451 Mem:957.12M (Peak 1004.98M) | Time:00:02.22 | Mem:0.00M, Peak:0.00M | Scene, ViewLayer | Synchronizing object | Curved_roof_glazing.082
Fra:451 Mem:957.18M (Peak 1004.98M) | Time:00:02.22 | Mem:0.00M, Peak:0.00M | Scene, ViewLayer | Synchronizing object | Curved_roof_glazing.130
Fra:451 Mem:957.21M (Peak 1004.98M) | Time:00:02.22 | Mem:0.00M, Peak:0.00M | Scene, ViewLayer | Synchronizing object | Curved_roof_glazing.191
Fra:451 Mem:957.21M (Peak 1004.98M) | Time:00:02.22 | Mem:0.00M, Peak:0.00M | Scene, ViewLayer | Synchronizing object | Curved_roof_glazing.303
Fra:451 Mem:957.22M (Peak 1004.98M) | Time:00:02.22 | Mem:0.00M, Peak:0.00M | Scene, ViewLayer | Synchronizing object | Side_wall_glass.071
Fra:451 Mem:957.23M (Peak 1004.98M) | Time:00:02.22 | Mem:0.00M, Peak:0.00M | Scene, ViewLayer | Synchronizing object | Curved_roof_glazing.095
Fra:451 Mem:957.24M (Peak 1004.98M) | Time:00:02.22 | Mem:0.00M, Peak:0.00M | Scene, ViewLayer | Synchronizing object | End_elevation_crossbar
Fra:451 Mem:957.24M (Peak 1004.98M) | Time:00:02.22 | Mem:0.00M, Peak:0.00M | Scene, ViewLayer | Synchronizing object | Wall_glazing_mullion.012
Fra:451 Mem:957.31M (Peak 1004.98M) | Time:00:02.22 | Mem:0.00M, Peak:0.00M | Scene, ViewLayer | Synchronizing object | Wall_stone_sill.048
Fra:451 Mem:957.30M (Peak 1004.98M) | Time:00:02.22 | Mem:0.00M, Peak:0.00M | Scene, ViewLayer | Synchronizing object | Curved_roof_glazing.364
Fra:451 Mem:957.33M (Peak 1004.98M) | Time:00:02.22 | Mem:0.00M, Peak:0.00M | Scene, ViewLayer | Synchronizing object | Secondary_glazing_rib.013
Fra:451 Mem:957.40M (Peak 1004.98M) | Time:00:02.22 | Mem:0.00M, Peak:0.00M | Scene, ViewLayer | Synchronizing object | Wall_glazing_mullion.015
Fra:451 Mem:957.44M (Peak 1004.98M) | Time:00:02.22 | Mem:0.00M, Peak:0.00M | Scene, ViewLayer | Synchronizing object | Curved_roof_glazing.342
Fra:451 Mem:957.44M (Peak 1004.98M) | Time:00:02.22 | Mem:0.00M, Peak:0.00M | Scene, ViewLayer | Synchronizing object | Wall_transom.128
Fra:451 Mem:957.47M (Peak 1004.98M) | Time:00:02.22 | Mem:0.00M, Peak:0.00M | Scene, ViewLayer | Synchronizing object | Wall_transom.024
Fra:451 Mem:957.50M (Peak 1004.98M) | Time:00:02.22 | Mem:0.00M, Peak:0.00M | Scene, ViewLayer | Synchronizing object | Side_wall_glass.004
Fra:451 Mem:957.52M (Peak 1004.98M) | Time:00:02.22 | Mem:0.00M, Peak:0.00M | Scene, ViewLayer | Synchronizing object | Curved_roof_glazing.259
Fra:451 Mem:957.50M (Peak 1004.98M) | Time:00:02.22 | Mem:0.00M, Peak:0.00M | Scene, ViewLayer | Synchronizing object | Curved_roof_glazing.291
Fra:451 Mem:957.51M (Peak 1004.98M) | Time:00:02.22 | Mem:0.00M, Peak:0.00M | Scene, ViewLayer | Synchronizing object | Curved_roof_glazing.163
Fra:451 Mem:957.51M (Peak 1004.98M) | Time:00:02.22 | Mem:0.00M, Peak:0.00M | Scene, ViewLayer | Synchronizing object | Curved_roof_glazing.083
Fra:451 Mem:957.52M (Peak 1004.98M) | Time:00:02.22 | Mem:0.00M, Peak:0.00M | Scene, ViewLayer | Synchronizing object | Curved_roof_glazing.131
Fra:451 Mem:957.52M (Peak 1004.98M) | Time:00:02.22 | Mem:0.00M, Peak:0.00M | Scene, ViewLayer | Synchronizing object | Curved_roof_glazing.192
Fra:451 Mem:957.52M (Peak 1004.98M) | Time:00:02.22 | Mem:0.00M, Peak:0.00M | Scene, ViewLayer | Synchronizing object | Curved_roof_glazing.304
Fra:451 Mem:957.52M (Peak 1004.98M) | Time:00:02.22 | Mem:0.00M, Peak:0.00M | Scene, ViewLayer | Synchronizing object | Wall_transom.046
Fra:451 Mem:957.53M (Peak 1004.98M) | Time:00:02.22 | Mem:0.00M, Peak:0.00M | Scene, ViewLayer | Synchronizing object | Wall_transom.139
Fra:451 Mem:957.61M (Peak 1004.98M) | Time:00:02.22 | Mem:0.00M, Peak:0.00M | Scene, ViewLayer | Synchronizing object | Curved_roof_glazing.096
Fra:451 Mem:957.58M (Peak 1004.98M) | Time:00:02.22 | Mem:0.00M, Peak:0.00M | Scene, ViewLayer | Synchronizing object | Side_wall_glass.100
Fra:451 Mem:957.59M (Peak 1004.98M) | Time:00:02.22 | Mem:0.00M, Peak:0.00M | Scene, ViewLayer | Synchronizing object | Curved_roof_glazing.365
Fra:451 Mem:957.59M (Peak 1004.98M) | Time:00:02.22 | Mem:0.00M, Peak:0.00M | Scene, ViewLayer | Synchronizing object | Wall_transom.050
Fra:451 Mem:957.60M (Peak 1004.98M) | Time:00:02.22 | Mem:0.00M, Peak:0.00M | Scene, ViewLayer | Synchronizing object | Side_wall_glass.066
Fra:451 Mem:957.63M (Peak 1004.98M) | Time:00:02.22 | Mem:0.00M, Peak:0.00M | Scene, ViewLayer | Synchronizing object | Wall_transom.038
Fra:451 Mem:957.65M (Peak 1004.98M) | Time:00:02.22 | Mem:0.00M, Peak:0.00M | Scene, ViewLayer | Synchronizing object | Wall_transom.135
Fra:451 Mem:957.67M (Peak 1004.98M) | Time:00:02.23 | Mem:0.00M, Peak:0.00M | Scene, ViewLayer | Synchronizing object | Wall_stone_sill.018
Fra:451 Mem:957.70M (Peak 1004.98M) | Time:00:02.23 | Mem:0.00M, Peak:0.00M | Scene, ViewLayer | Synchronizing object | Wall_transom.183
Fra:451 Mem:957.72M (Peak 1004.98M) | Time:00:02.23 | Mem:0.00M, Peak:0.00M | Scene, ViewLayer | Synchronizing object | End_wall_glazing.013
Fra:451 Mem:957.73M (Peak 1004.98M) | Time:00:02.23 | Mem:0.00M, Peak:0.00M | Scene, ViewLayer | Synchronizing object | Curved_roof_glazing.343
Fra:451 Mem:957.73M (Peak 1004.98M) | Time:00:02.23 | Mem:0.00M, Peak:0.00M | Scene, ViewLayer | Synchronizing object | Portal_transom_mullion.001
Fra:451 Mem:957.76M (Peak 1004.98M) | Time:00:02.23 | Mem:0.00M, Peak:0.00M | Scene, ViewLayer | Synchronizing object | Primary_elliptical_arch.005
Fra:451 Mem:957.88M (Peak 1004.98M) | Time:00:02.23 | Mem:0.00M, Peak:0.00M | Scene, ViewLayer | Synchronizing object | Wall_stone_sill.057
Fra:451 Mem:957.90M (Peak 1004.98M) | Time:00:02.23 | Mem:0.00M, Peak:0.00M | Scene, ViewLayer | Synchronizing object | Wall_stone_sill.061
Fra:451 Mem:957.93M (Peak 1004.98M) | Time:00:02.23 | Mem:0.00M, Peak:0.00M | Scene, ViewLayer | Synchronizing object | Curved_roof_glazing.260
Fra:451 Mem:957.94M (Peak 1004.98M) | Time:00:02.23 | Mem:0.00M, Peak:0.00M | Scene, ViewLayer | Synchronizing object | Primary_elliptical_arch.004
Fra:451 Mem:958.11M (Peak 1004.98M) | Time:00:02.23 | Mem:0.00M, Peak:0.00M | Scene, ViewLayer | Synchronizing object | Side_wall_glass.013
Fra:451 Mem:958.09M (Peak 1004.98M) | Time:00:02.23 | Mem:0.00M, Peak:0.00M | Scene, ViewLayer | Synchronizing object | End_wall_glazing.016
Fra:451 Mem:958.11M (Peak 1004.98M) | Time:00:02.23 | Mem:0.00M, Peak:0.00M | Scene, ViewLayer | Synchronizing object | Side_wall_glass.088
Fra:451 Mem:958.10M (Peak 1004.98M) | Time:00:02.23 | Mem:0.00M, Peak:0.00M | Scene, ViewLayer | Synchronizing object | Wall_transom.111
Fra:451 Mem:958.11M (Peak 1004.98M) | Time:00:02.23 | Mem:0.00M, Peak:0.00M | Scene, ViewLayer | Synchronizing object | Curved_roof_glazing.193
Fra:451 Mem:958.15M (Peak 1004.98M) | Time:00:02.23 | Mem:0.00M, Peak:0.00M | Scene, ViewLayer | Synchronizing object | Curved_roof_glazing.305
Fra:451 Mem:958.14M (Peak 1004.98M) | Time:00:02.23 | Mem:0.00M, Peak:0.00M | Scene, ViewLayer | Synchronizing object | Wall_stone_sill.058
Fra:451 Mem:958.16M (Peak 1004.98M) | Time:00:02.23 | Mem:0.00M, Peak:0.00M | Scene, ViewLayer | Synchronizing object | Curved_roof_glazing.097
Fra:451 Mem:958.17M (Peak 1004.98M) | Time:00:02.23 | Mem:0.00M, Peak:0.00M | Scene, ViewLayer | Synchronizing object | Curved_roof_glazing.366
Fra:451 Mem:958.17M (Peak 1004.98M) | Time:00:02.23 | Mem:0.00M, Peak:0.00M | Scene, ViewLayer | Synchronizing object | Secondary_glazing_rib.008
Fra:451 Mem:958.25M (Peak 1004.98M) | Time:00:02.23 | Mem:0.00M, Peak:0.00M | Scene, ViewLayer | Synchronizing object | Curved_roof_glazing.344
Fra:451 Mem:958.25M (Peak 1004.98M) | Time:00:02.23 | Mem:0.00M, Peak:0.00M | Scene, ViewLayer | Synchronizing object | Wall_glazing_mullion.020
Fra:451 Mem:958.28M (Peak 1004.98M) | Time:00:02.23 | Mem:0.00M, Peak:0.00M | Scene, ViewLayer | Synchronizing object | Load_column.010
Fra:451 Mem:958.29M (Peak 1004.98M) | Time:00:02.23 | Mem:0.00M, Peak:0.00M | Scene, ViewLayer | Synchronizing object | Side_wall_glass.118
Fra:451 Mem:958.29M (Peak 1004.98M) | Time:00:02.23 | Mem:0.00M, Peak:0.00M | Scene, ViewLayer | Synchronizing object | Side_wall_glass.126
Fra:451 Mem:958.29M (Peak 1004.98M) | Time:00:02.23 | Mem:0.00M, Peak:0.00M | Scene, ViewLayer | Synchronizing object | Wall_transom.035
Fra:451 Mem:958.32M (Peak 1004.98M) | Time:00:02.23 | Mem:0.00M, Peak:0.00M | Scene, ViewLayer | Synchronizing object | Curved_roof_glazing.261
Fra:451 Mem:958.33M (Peak 1004.98M) | Time:00:02.23 | Mem:0.00M, Peak:0.00M | Scene, ViewLayer | Synchronizing object | Ridge_vent_cap
Fra:451 Mem:958.36M (Peak 1004.98M) | Time:00:02.23 | Mem:0.00M, Peak:0.00M | Scene, ViewLayer | Synchronizing object | Wall_transom.089
Fra:451 Mem:958.39M (Peak 1004.98M) | Time:00:02.23 | Mem:0.00M, Peak:0.00M | Scene, ViewLayer | Synchronizing object | Ridge_vent_stanchion.002
Fra:451 Mem:958.39M (Peak 1004.98M) | Time:00:02.23 | Mem:0.00M, Peak:0.00M | Scene, ViewLayer | Synchronizing object | Side_wall_glass.034
Fra:451 Mem:958.39M (Peak 1004.98M) | Time:00:02.23 | Mem:0.00M, Peak:0.00M | Scene, ViewLayer | Synchronizing object | Curved_roof_glazing.194
Fra:451 Mem:958.40M (Peak 1004.98M) | Time:00:02.23 | Mem:0.00M, Peak:0.00M | Scene, ViewLayer | Synchronizing object | Curved_roof_glazing.306
Fra:451 Mem:958.40M (Peak 1004.98M) | Time:00:02.23 | Mem:0.00M, Peak:0.00M | Scene, ViewLayer | Synchronizing object | Side_wall_glass.120
Fra:451 Mem:958.40M (Peak 1004.98M) | Time:00:02.23 | Mem:0.00M, Peak:0.00M | Scene, ViewLayer | Synchronizing object | Curved_roof_glazing.098
Fra:451 Mem:958.41M (Peak 1004.98M) | Time:00:02.23 | Mem:0.00M, Peak:0.00M | Scene, ViewLayer | Synchronizing object | End_wall_mullion.015
Fra:451 Mem:958.44M (Peak 1004.98M) | Time:00:02.23 | Mem:0.00M, Peak:0.00M | Scene, ViewLayer | Synchronizing object | Wall_glazing_mullion.013
Fra:451 Mem:958.47M (Peak 1004.98M) | Time:00:02.23 | Mem:0.00M, Peak:0.00M | Scene, ViewLayer | Synchronizing object | Wall_transom.186
Fra:451 Mem:958.50M (Peak 1004.98M) | Time:00:02.23 | Mem:0.00M, Peak:0.00M | Scene, ViewLayer | Synchronizing object | Column_capital.011
Fra:451 Mem:958.53M (Peak 1004.98M) | Time:00:02.23 | Mem:0.00M, Peak:0.00M | Scene, ViewLayer | Synchronizing object | Curved_roof_glazing.367
Fra:451 Mem:958.53M (Peak 1004.98M) | Time:00:02.23 | Mem:0.00M, Peak:0.00M | Scene, ViewLayer | Synchronizing object | Wall_transom.119
Fra:451 Mem:958.56M (Peak 1004.98M) | Time:00:02.23 | Mem:0.00M, Peak:0.00M | Scene, ViewLayer | Synchronizing object | Side_wall_glass.067
Fra:451 Mem:958.57M (Peak 1004.98M) | Time:00:02.23 | Mem:0.00M, Peak:0.00M | Scene, ViewLayer | Synchronizing object | Side_wall_glass.091
Fra:451 Mem:958.57M (Peak 1004.98M) | Time:00:02.23 | Mem:0.00M, Peak:0.00M | Scene, ViewLayer | Synchronizing object | Wall_glazing_mullion.016
Fra:451 Mem:958.60M (Peak 1004.98M) | Time:00:02.23 | Mem:0.00M, Peak:0.00M | Scene, ViewLayer | Synchronizing object | Wall_transom.102
Fra:451 Mem:958.64M (Peak 1004.98M) | Time:00:02.23 | Mem:0.00M, Peak:0.00M | Scene, ViewLayer | Synchronizing object | Wall_stone_sill.014
Fra:451 Mem:958.67M (Peak 1004.98M) | Time:00:02.23 | Mem:0.00M, Peak:0.00M | Scene, ViewLayer | Synchronizing object | Curved_roof_glazing.345
Fra:451 Mem:958.68M (Peak 1004.98M) | Time:00:02.23 | Mem:0.00M, Peak:0.00M | Scene, ViewLayer | Synchronizing object | Secondary_glazing_rib.011
Fra:451 Mem:958.77M (Peak 1004.98M) | Time:00:02.23 | Mem:0.00M, Peak:0.00M | Scene, ViewLayer | Synchronizing object | Longitudinal_roof_purlin.011
Fra:451 Mem:958.80M (Peak 1004.98M) | Time:00:02.23 | Mem:0.00M, Peak:0.00M | Scene, ViewLayer | Synchronizing object | Curved_roof_glazing.262
Fra:451 Mem:958.81M (Peak 1004.98M) | Time:00:02.23 | Mem:0.00M, Peak:0.00M | Scene, ViewLayer | Synchronizing object | Load_column.008
Fra:451 Mem:958.81M (Peak 1004.98M) | Time:00:02.23 | Mem:0.00M, Peak:0.00M | Scene, ViewLayer | Synchronizing object | Side_wall_glass.035
Fra:451 Mem:958.82M (Peak 1004.98M) | Time:00:02.23 | Mem:0.00M, Peak:0.00M | Scene, ViewLayer | Synchronizing object | Curved_roof_glazing.195
Fra:451 Mem:958.82M (Peak 1004.98M) | Time:00:02.23 | Mem:0.00M, Peak:0.00M | Scene, ViewLayer | Synchronizing object | Curved_roof_glazing.307
Fra:451 Mem:958.83M (Peak 1004.98M) | Time:00:02.23 | Mem:0.00M, Peak:0.00M | Scene, ViewLayer | Synchronizing object | Side_wall_glass.097
Fra:451 Mem:958.83M (Peak 1004.98M) | Time:00:02.23 | Mem:0.00M, Peak:0.00M | Scene, ViewLayer | Synchronizing object | Curved_roof_glazing.099
Fra:451 Mem:958.83M (Peak 1004.98M) | Time:00:02.23 | Mem:0.00M, Peak:0.00M | Scene, ViewLayer | Synchronizing object | Side_wall_glass.101
Fra:451 Mem:958.84M (Peak 1004.98M) | Time:00:02.23 | Mem:0.00M, Peak:0.00M | Scene, ViewLayer | Synchronizing object | Curved_roof_glazing.368
Fra:451 Mem:958.85M (Peak 1004.98M) | Time:00:02.23 | Mem:0.00M, Peak:0.00M | Scene, ViewLayer | Synchronizing object | Wall_glazing_mullion.027
Fra:451 Mem:958.86M (Peak 1004.98M) | Time:00:02.23 | Mem:0.00M, Peak:0.00M | Scene, ViewLayer | Synchronizing object | Side_wall_glass.036
Fra:451 Mem:958.88M (Peak 1004.98M) | Time:00:02.23 | Mem:0.00M, Peak:0.00M | Scene, ViewLayer | Synchronizing object | Wall_transom.086
Fra:451 Mem:958.91M (Peak 1004.98M) | Time:00:02.23 | Mem:0.00M, Peak:0.00M | Scene, ViewLayer | Synchronizing object | Wall_transom.074
Fra:451 Mem:958.94M (Peak 1004.98M) | Time:00:02.23 | Mem:0.00M, Peak:0.00M | Scene, ViewLayer | Synchronizing object | Wall_glazing_mullion.040
Fra:451 Mem:958.96M (Peak 1004.98M) | Time:00:02.23 | Mem:0.00M, Peak:0.00M | Scene, ViewLayer | Synchronizing object | Wall_transom.044
Fra:451 Mem:958.99M (Peak 1004.98M) | Time:00:02.23 | Mem:0.00M, Peak:0.00M | Scene, ViewLayer | Synchronizing object | Curved_roof_glazing.346
Fra:451 Mem:959.00M (Peak 1004.98M) | Time:00:02.23 | Mem:0.00M, Peak:0.00M | Scene, ViewLayer | Synchronizing object | Wall_stone_sill.020
Fra:451 Mem:959.02M (Peak 1004.98M) | Time:00:02.23 | Mem:0.00M, Peak:0.00M | Scene, ViewLayer | Synchronizing object | Curved_roof_glazing.263
Fra:451 Mem:959.03M (Peak 1004.98M) | Time:00:02.23 | Mem:0.00M, Peak:0.00M | Scene, ViewLayer | Synchronizing object | Ridge_vent_stanchion.003
Fra:451 Mem:959.03M (Peak 1004.98M) | Time:00:02.23 | Mem:0.00M, Peak:0.00M | Scene, ViewLayer | Synchronizing object | Side_wall_glass.089
Fra:451 Mem:959.05M (Peak 1004.98M) | Time:00:02.23 | Mem:0.00M, Peak:0.00M | Scene, ViewLayer | Synchronizing object | Wall_stone_sill.001
Fra:451 Mem:959.03M (Peak 1004.98M) | Time:00:02.23 | Mem:0.00M, Peak:0.00M | Scene, ViewLayer | Synchronizing object | Wall_stone_sill.047
Fra:451 Mem:959.09M (Peak 1004.98M) | Time:00:02.23 | Mem:0.00M, Peak:0.00M | Scene, ViewLayer | Synchronizing object | Wall_stone_sill.059
Fra:451 Mem:959.12M (Peak 1004.98M) | Time:00:02.23 | Mem:0.00M, Peak:0.00M | Scene, ViewLayer | Synchronizing object | Curved_roof_glazing.212
Fra:451 Mem:959.11M (Peak 1004.98M) | Time:00:02.23 | Mem:0.00M, Peak:0.00M | Scene, ViewLayer | Synchronizing object | Load_column.017
Fra:451 Mem:959.12M (Peak 1004.98M) | Time:00:02.23 | Mem:0.00M, Peak:0.00M | Scene, ViewLayer | Synchronizing object | Curved_roof_glazing.369
Fra:451 Mem:959.12M (Peak 1004.98M) | Time:00:02.23 | Mem:0.00M, Peak:0.00M | Scene, ViewLayer | Synchronizing object | Secondary_glazing_rib.015
Fra:451 Mem:959.16M (Peak 1004.98M) | Time:00:02.23 | Mem:0.00M, Peak:0.00M | Scene, ViewLayer | Synchronizing object | Side_wall_glass.037
Fra:451 Mem:959.20M (Peak 1004.98M) | Time:00:02.23 | Mem:0.00M, Peak:0.00M | Scene, ViewLayer | Synchronizing object | Curved_roof_glazing.347
Fra:451 Mem:959.20M (Peak 1004.98M) | Time:00:02.23 | Mem:0.00M, Peak:0.00M | Scene, ViewLayer | Synchronizing object | Wall_stone_sill.043
Fra:451 Mem:959.24M (Peak 1004.98M) | Time:00:02.23 | Mem:0.00M, Peak:0.00M | Scene, ViewLayer | Synchronizing object | Side_wall_glass.119
Fra:451 Mem:959.25M (Peak 1004.98M) | Time:00:02.23 | Mem:0.00M, Peak:0.00M | Scene, ViewLayer | Synchronizing object | Side_wall_glass.127
Fra:451 Mem:959.25M (Peak 1004.98M) | Time:00:02.23 | Mem:0.00M, Peak:0.00M | Scene, ViewLayer | Synchronizing object | Wall_transom.025
Fra:451 Mem:959.25M (Peak 1004.98M) | Time:00:02.23 | Mem:0.00M, Peak:0.00M | Scene, ViewLayer | Synchronizing object | Curved_roof_glazing.264
Fra:451 Mem:959.25M (Peak 1004.98M) | Time:00:02.23 | Mem:0.00M, Peak:0.00M | Scene, ViewLayer | Synchronizing object | Wall_transom.067
Fra:451 Mem:959.32M (Peak 1004.98M) | Time:00:02.23 | Mem:0.00M, Peak:0.00M | Scene, ViewLayer | Synchronizing object | Side_wall_glass.098
Fra:451 Mem:959.33M (Peak 1004.98M) | Time:00:02.23 | Mem:0.00M, Peak:0.00M | Scene, ViewLayer | Synchronizing object | Side_wall_glass.122
Fra:451 Mem:959.31M (Peak 1004.98M) | Time:00:02.23 | Mem:0.00M, Peak:0.00M | Scene, ViewLayer | Synchronizing object | Curved_roof_glazing.213
Fra:451 Mem:959.31M (Peak 1004.98M) | Time:00:02.23 | Mem:0.00M, Peak:0.00M | Scene, ViewLayer | Synchronizing object | Side_wall_glass.080
Fra:451 Mem:959.31M (Peak 1004.98M) | Time:00:02.23 | Mem:0.00M, Peak:0.00M | Scene, ViewLayer | Synchronizing object | Wall_stone_sill.011
Fra:451 Mem:959.31M (Peak 1004.98M) | Time:00:02.23 | Mem:0.00M, Peak:0.00M | Scene, ViewLayer | Synchronizing object | Wall_transom.083
Fra:451 Mem:959.38M (Peak 1004.98M) | Time:00:02.23 | Mem:0.00M, Peak:0.00M | Scene, ViewLayer | Synchronizing object | Curved_roof_glazing.370
Fra:451 Mem:959.37M (Peak 1004.98M) | Time:00:02.23 | Mem:0.00M, Peak:0.00M | Scene, ViewLayer | Synchronizing object | Wall_stone_sill.017
Fra:451 Mem:959.37M (Peak 1004.98M) | Time:00:02.23 | Mem:0.00M, Peak:0.00M | Scene, ViewLayer | Synchronizing object | Wall_stone_sill.013
Fra:451 Mem:959.43M (Peak 1004.98M) | Time:00:02.23 | Mem:0.00M, Peak:0.00M | Scene, ViewLayer | Synchronizing object | Wall_stone_sill.060
Fra:451 Mem:959.47M (Peak 1004.98M) | Time:00:02.23 | Mem:0.00M, Peak:0.00M | Scene, ViewLayer | Synchronizing object | End_wall_mullion.013
Fra:451 Mem:959.48M (Peak 1004.98M) | Time:00:02.23 | Mem:0.00M, Peak:0.00M | Scene, ViewLayer | Synchronizing object | Secondary_glazing_rib.022
Fra:451 Mem:959.55M (Peak 1004.98M) | Time:00:02.23 | Mem:0.00M, Peak:0.00M | Scene, ViewLayer | Synchronizing object | Side_wall_glass.028
Fra:451 Mem:959.55M (Peak 1004.98M) | Time:00:02.23 | Mem:0.00M, Peak:0.00M | Scene, ViewLayer | Synchronizing object | Curved_roof_glazing.348
Fra:451 Mem:959.56M (Peak 1004.98M) | Time:00:02.23 | Mem:0.00M, Peak:0.00M | Scene, ViewLayer | Synchronizing object | Curved_roof_glazing.265
Fra:451 Mem:959.58M (Peak 1004.98M) | Time:00:02.23 | Mem:0.00M, Peak:0.00M | Scene, ViewLayer | Synchronizing object | Wall_transom.012
Fra:451 Mem:959.61M (Peak 1004.98M) | Time:00:02.23 | Mem:0.00M, Peak:0.00M | Scene, ViewLayer | Synchronizing object | Ridge_vent_stanchion.004
Fra:451 Mem:959.61M (Peak 1004.98M) | Time:00:02.23 | Mem:0.00M, Peak:0.00M | Scene, ViewLayer | Synchronizing object | Wall_transom.112
Fra:451 Mem:959.64M (Peak 1004.98M) | Time:00:02.23 | Mem:0.00M, Peak:0.00M | Scene, ViewLayer | Synchronizing object | Curved_roof_glazing.214
Fra:451 Mem:959.65M (Peak 1004.98M) | Time:00:02.23 | Mem:0.00M, Peak:0.00M | Scene, ViewLayer | Synchronizing object | End_wall_mullion.001
Fra:451 Mem:959.68M (Peak 1004.98M) | Time:00:02.23 | Mem:0.00M, Peak:0.00M | Scene, ViewLayer | Synchronizing object | Side_wall_glass.055
Fra:451 Mem:959.68M (Peak 1004.98M) | Time:00:02.23 | Mem:0.00M, Peak:0.00M | Scene, ViewLayer | Synchronizing object | Curved_roof_glazing.371
Fra:451 Mem:959.68M (Peak 1004.98M) | Time:00:02.23 | Mem:0.00M, Peak:0.00M | Scene, ViewLayer | Synchronizing object | Side_wall_glass.026
Fra:451 Mem:959.69M (Peak 1004.98M) | Time:00:02.23 | Mem:0.00M, Peak:0.00M | Scene, ViewLayer | Synchronizing object | Hall_door_stile.001
Fra:451 Mem:959.72M (Peak 1004.98M) | Time:00:02.23 | Mem:0.00M, Peak:0.00M | Scene, ViewLayer | Synchronizing object | Side_wall_glass.124
Fra:451 Mem:959.72M (Peak 1004.98M) | Time:00:02.23 | Mem:0.00M, Peak:0.00M | Scene, ViewLayer | Synchronizing object | Side_wall_glass.029
Fra:451 Mem:959.72M (Peak 1004.98M) | Time:00:02.23 | Mem:0.00M, Peak:0.00M | Scene, ViewLayer | Synchronizing object | Wall_glazing_mullion.041
Fra:451 Mem:959.75M (Peak 1004.98M) | Time:00:02.23 | Mem:0.00M, Peak:0.00M | Scene, ViewLayer | Synchronizing object | Curved_roof_glazing.349
Fra:451 Mem:959.76M (Peak 1004.98M) | Time:00:02.23 | Mem:0.00M, Peak:0.00M | Scene, ViewLayer | Synchronizing object | Side_wall_glass.086
Fra:451 Mem:959.76M (Peak 1004.98M) | Time:00:02.23 | Mem:0.00M, Peak:0.00M | Scene, ViewLayer | Synchronizing object | Column_base_plinth.010
Fra:451 Mem:959.79M (Peak 1004.98M) | Time:00:02.23 | Mem:0.00M, Peak:0.00M | Scene, ViewLayer | Synchronizing object | Side_wall_glass.040
Fra:451 Mem:959.79M (Peak 1004.98M) | Time:00:02.23 | Mem:0.00M, Peak:0.00M | Scene, ViewLayer | Synchronizing object | Curved_roof_glazing.266
Fra:451 Mem:959.80M (Peak 1004.98M) | Time:00:02.23 | Mem:0.00M, Peak:0.00M | Scene, ViewLayer | Synchronizing object | Platform_portal_jamb
Fra:451 Mem:959.83M (Peak 1004.98M) | Time:00:02.23 | Mem:0.00M, Peak:0.00M | Scene, ViewLayer | Synchronizing object | Wall_stone_sill.030
Fra:451 Mem:959.86M (Peak 1004.98M) | Time:00:02.23 | Mem:0.00M, Peak:0.00M | Scene, ViewLayer | Synchronizing object | Side_wall_glass.003
Fra:451 Mem:959.86M (Peak 1004.98M) | Time:00:02.23 | Mem:0.00M, Peak:0.00M | Scene, ViewLayer | Synchronizing object | Curved_roof_glazing.215
Fra:451 Mem:959.87M (Peak 1004.98M) | Time:00:02.23 | Mem:0.00M, Peak:0.00M | Scene, ViewLayer | Synchronizing object | End_wall_sill.006
Fra:451 Mem:959.90M (Peak 1004.98M) | Time:00:02.23 | Mem:0.00M, Peak:0.00M | Scene, ViewLayer | Synchronizing object | Side_wall_glass.022
Fra:451 Mem:959.90M (Peak 1004.98M) | Time:00:02.23 | Mem:0.00M, Peak:0.00M | Scene, ViewLayer | Synchronizing object | Side_wall_glass.081
Fra:451 Mem:959.90M (Peak 1004.98M) | Time:00:02.23 | Mem:0.00M, Peak:0.00M | Scene, ViewLayer | Synchronizing object | Curved_roof_glazing.020
Fra:451 Mem:959.91M (Peak 1004.98M) | Time:00:02.23 | Mem:0.00M, Peak:0.00M | Scene, ViewLayer | Synchronizing object | Curved_roof_glazing.036
Fra:451 Mem:959.91M (Peak 1004.98M) | Time:00:02.23 | Mem:0.00M, Peak:0.00M | Scene, ViewLayer | Synchronizing object | Curved_roof_glazing.100
Fra:451 Mem:959.92M (Peak 1004.98M) | Time:00:02.23 | Mem:0.00M, Peak:0.00M | Scene, ViewLayer | Synchronizing object | End_elevation_crossbar.001
Fra:451 Mem:959.95M (Peak 1004.98M) | Time:00:02.23 | Mem:0.00M, Peak:0.00M | Scene, ViewLayer | Synchronizing object | Wall_transom.099
Fra:451 Mem:960.03M (Peak 1004.98M) | Time:00:02.23 | Mem:0.00M, Peak:0.00M | Scene, ViewLayer | Synchronizing object | End_wall_glazing
Fra:451 Mem:960.01M (Peak 1004.98M) | Time:00:02.23 | Mem:0.00M, Peak:0.00M | Scene, ViewLayer | Synchronizing object | Wall_transom.103
Fra:451 Mem:960.01M (Peak 1004.98M) | Time:00:02.23 | Mem:0.00M, Peak:0.00M | Scene, ViewLayer | Synchronizing object | Wall_glazing_mullion.044
Fra:451 Mem:960.06M (Peak 1004.98M) | Time:00:02.23 | Mem:0.00M, Peak:0.00M | Scene, ViewLayer | Synchronizing object | Curved_roof_glazing.350
Fra:451 Mem:960.06M (Peak 1004.98M) | Time:00:02.23 | Mem:0.00M, Peak:0.00M | Scene, ViewLayer | Synchronizing object | Longitudinal_roof_purlin.012
Fra:451 Mem:960.09M (Peak 1004.98M) | Time:00:02.23 | Mem:0.00M, Peak:0.00M | Scene, ViewLayer | Synchronizing object | Side_wall_glass.041
Fra:451 Mem:960.10M (Peak 1004.98M) | Time:00:02.23 | Mem:0.00M, Peak:0.00M | Scene, ViewLayer | Synchronizing object | Wall_stone_sill.012
Fra:451 Mem:960.12M (Peak 1004.98M) | Time:00:02.23 | Mem:0.00M, Peak:0.00M | Scene, ViewLayer | Synchronizing object | Curved_roof_glazing.267
Fra:451 Mem:960.13M (Peak 1004.98M) | Time:00:02.23 | Mem:0.00M, Peak:0.00M | Scene, ViewLayer | Synchronizing object | Side_wall_glass.060
Fra:451 Mem:960.13M (Peak 1004.98M) | Time:00:02.23 | Mem:0.00M, Peak:0.00M | Scene, ViewLayer | Synchronizing object | Ridge_vent_stanchion.005
Fra:451 Mem:960.15M (Peak 1004.98M) | Time:00:02.23 | Mem:0.00M, Peak:0.00M | Scene, ViewLayer | Synchronizing object | Side_wall_glass.002
Fra:451 Mem:960.13M (Peak 1004.98M) | Time:00:02.23 | Mem:0.00M, Peak:0.00M | Scene, ViewLayer | Synchronizing object | Side_wall_glass.099
Fra:451 Mem:960.13M (Peak 1004.98M) | Time:00:02.23 | Mem:0.00M, Peak:0.00M | Scene, ViewLayer | Synchronizing object | Side_wall_glass.123
Fra:451 Mem:960.13M (Peak 1004.98M) | Time:00:02.23 | Mem:0.00M, Peak:0.00M | Scene, ViewLayer | Synchronizing object | Wall_transom.051
Fra:451 Mem:960.14M (Peak 1004.98M) | Time:00:02.23 | Mem:0.00M, Peak:0.00M | Scene, ViewLayer | Synchronizing object | Curved_roof_glazing.216
Fra:451 Mem:960.17M (Peak 1004.98M) | Time:00:02.23 | Mem:0.00M, Peak:0.00M | Scene, ViewLayer | Synchronizing object | End_wall_glazing.007
Fra:451 Mem:960.17M (Peak 1004.98M) | Time:00:02.23 | Mem:0.00M, Peak:0.00M | Scene, ViewLayer | Synchronizing object | Curved_roof_glazing.021
Fra:451 Mem:960.18M (Peak 1004.98M) | Time:00:02.23 | Mem:0.00M, Peak:0.00M | Scene, ViewLayer | Synchronizing object | Curved_roof_glazing.037
Fra:451 Mem:960.20M (Peak 1004.98M) | Time:00:02.23 | Mem:0.00M, Peak:0.00M | Scene, ViewLayer | Synchronizing object | Curved_roof_glazing.101
Fra:451 Mem:960.18M (Peak 1004.98M) | Time:00:02.23 | Mem:0.00M, Peak:0.00M | Scene, ViewLayer | Synchronizing object | Side_wall_glass.042
Fra:451 Mem:960.18M (Peak 1004.98M) | Time:00:02.23 | Mem:0.00M, Peak:0.00M | Scene, ViewLayer | Synchronizing object | Wall_transom.010
Fra:451 Mem:960.19M (Peak 1004.98M) | Time:00:02.23 | Mem:0.00M, Peak:0.00M | Scene, ViewLayer | Synchronizing object | Wall_stone_sill.029
Fra:451 Mem:960.24M (Peak 1004.98M) | Time:00:02.23 | Mem:0.00M, Peak:0.00M | Scene, ViewLayer | Synchronizing object | Wall_stone_sill.015
Fra:451 Mem:960.27M (Peak 1004.98M) | Time:00:02.23 | Mem:0.00M, Peak:0.00M | Scene, ViewLayer | Synchronizing object | Curved_roof_glazing.351
Fra:451 Mem:960.28M (Peak 1004.98M) | Time:00:02.23 | Mem:0.00M, Peak:0.00M | Scene, ViewLayer | Synchronizing object | Side_wall_glass.087
Fra:451 Mem:960.28M (Peak 1004.98M) | Time:00:02.23 | Mem:0.00M, Peak:0.00M | Scene, ViewLayer | Synchronizing object | Column_base_plinth.008
Fra:451 Mem:960.31M (Peak 1004.98M) | Time:00:02.23 | Mem:0.00M, Peak:0.00M | Scene, ViewLayer | Synchronizing object | Curved_roof_glazing.268
Fra:451 Mem:960.32M (Peak 1004.98M) | Time:00:02.23 | Mem:0.00M, Peak:0.00M | Scene, ViewLayer | Synchronizing object | Wall_transom.018
Fra:451 Mem:966.72M (Peak 1004.98M) | Time:00:02.23 | Mem:0.00M, Peak:0.00M | Scene, ViewLayer | Synchronizing object | Wall_transom.132
Fra:451 Mem:966.75M (Peak 1004.98M) | Time:00:02.24 | Mem:0.00M, Peak:0.00M | Scene, ViewLayer | Synchronizing object | Curved_roof_glazing.217
Fra:451 Mem:966.75M (Peak 1004.98M) | Time:00:02.24 | Mem:0.00M, Peak:0.00M | Scene, ViewLayer | Synchronizing object | Side_wall_glass.023
Fra:451 Mem:966.75M (Peak 1004.98M) | Time:00:02.24 | Mem:0.00M, Peak:0.00M | Scene, ViewLayer | Synchronizing object | Curved_roof_glazing.022
Fra:451 Mem:966.76M (Peak 1004.98M) | Time:00:02.24 | Mem:0.00M, Peak:0.00M | Scene, ViewLayer | Synchronizing object | Curved_roof_glazing.038
Fra:451 Mem:966.76M (Peak 1004.98M) | Time:00:02.24 | Mem:0.00M, Peak:0.00M | Scene, ViewLayer | Synchronizing object | Curved_roof_glazing.102
Fra:451 Mem:966.77M (Peak 1004.98M) | Time:00:02.24 | Mem:0.00M, Peak:0.00M | Scene, ViewLayer | Synchronizing object | End_wall_sill.016
Fra:451 Mem:966.80M (Peak 1004.98M) | Time:00:02.24 | Mem:0.00M, Peak:0.00M | Scene, ViewLayer | Synchronizing object | Hall_door_kickpanel
Fra:451 Mem:966.83M (Peak 1004.98M) | Time:00:02.24 | Mem:0.00M, Peak:0.00M | Scene, ViewLayer | Synchronizing object | Side_wall_glass.043
Fra:451 Mem:966.83M (Peak 1004.98M) | Time:00:02.24 | Mem:0.00M, Peak:0.00M | Scene, ViewLayer | Synchronizing object | Wall_transom.054
Fra:451 Mem:966.86M (Peak 1004.98M) | Time:00:02.24 | Mem:0.00M, Peak:0.00M | Scene, ViewLayer | Synchronizing object | Side_wall_glass.058
Fra:451 Mem:966.87M (Peak 1004.98M) | Time:00:02.24 | Mem:0.00M, Peak:0.00M | Scene, ViewLayer | Synchronizing object | Side_wall_glass.125
Fra:451 Mem:966.87M (Peak 1004.98M) | Time:00:02.24 | Mem:0.00M, Peak:0.00M | Scene, ViewLayer | Synchronizing object | Curved_roof_glazing.352
Fra:451 Mem:966.87M (Peak 1004.98M) | Time:00:02.24 | Mem:0.00M, Peak:0.00M | Scene, ViewLayer | Synchronizing object | Curved_roof_glazing.001
Fra:451 Mem:966.88M (Peak 1004.98M) | Time:00:02.24 | Mem:0.00M, Peak:0.00M | Scene, ViewLayer | Synchronizing object | Wall_transom.026
Fra:451 Mem:966.91M (Peak 1004.98M) | Time:00:02.24 | Mem:0.00M, Peak:0.00M | Scene, ViewLayer | Synchronizing object | Wall_transom.036
Fra:451 Mem:966.94M (Peak 1004.98M) | Time:00:02.24 | Mem:0.00M, Peak:0.00M | Scene, ViewLayer | Synchronizing object | Wall_transom.175
Fra:451 Mem:966.96M (Peak 1004.98M) | Time:00:02.24 | Mem:0.00M, Peak:0.00M | Scene, ViewLayer | Synchronizing object | Wall_transom.187
Fra:451 Mem:966.99M (Peak 1004.98M) | Time:00:02.24 | Mem:0.00M, Peak:0.00M | Scene, ViewLayer | Synchronizing object | Curved_roof_glazing.269
Fra:451 Mem:967.00M (Peak 1004.98M) | Time:00:02.24 | Mem:0.00M, Peak:0.00M | Scene, ViewLayer | Synchronizing object | Ridge_vent_stanchion.006
Fra:451 Mem:967.00M (Peak 1004.98M) | Time:00:02.24 | Mem:0.00M, Peak:0.00M | Scene, ViewLayer | Synchronizing object | Curved_roof_glazing.218
Fra:451 Mem:967.01M (Peak 1004.98M) | Time:00:02.24 | Mem:0.00M, Peak:0.00M | Scene, ViewLayer | Synchronizing object | Wall_stone_sill.028
Fra:451 Mem:967.04M (Peak 1004.98M) | Time:00:02.24 | Mem:0.00M, Peak:0.00M | Scene, ViewLayer | Synchronizing object | Curved_roof_glazing.023
Fra:451 Mem:967.04M (Peak 1004.98M) | Time:00:02.24 | Mem:0.00M, Peak:0.00M | Scene, ViewLayer | Synchronizing object | Curved_roof_glazing.039
Fra:451 Mem:967.05M (Peak 1004.98M) | Time:00:02.24 | Mem:0.00M, Peak:0.00M | Scene, ViewLayer | Synchronizing object | Curved_roof_glazing.103
Fra:451 Mem:967.05M (Peak 1004.98M) | Time:00:02.24 | Mem:0.00M, Peak:0.00M | Scene, ViewLayer | Synchronizing object | End_wall_glazing.010
Fra:451 Mem:967.06M (Peak 1004.98M) | Time:00:02.24 | Mem:0.00M, Peak:0.00M | Scene, ViewLayer | Synchronizing object | Wall_transom.116
Fra:451 Mem:967.09M (Peak 1004.98M) | Time:00:02.24 | Mem:0.00M, Peak:0.00M | Scene, ViewLayer | Synchronizing object | Wall_glazing_mullion.024
Fra:451 Mem:967.12M (Peak 1004.98M) | Time:00:02.24 | Mem:0.00M, Peak:0.00M | Scene, ViewLayer | Synchronizing object | Curved_roof_glazing.196
Fra:451 Mem:967.12M (Peak 1004.98M) | Time:00:02.24 | Mem:0.00M, Peak:0.00M | Scene, ViewLayer | Synchronizing object | Primary_elliptical_arch.008
Fra:451 Mem:967.26M (Peak 1004.98M) | Time:00:02.24 | Mem:0.00M, Peak:0.00M | Scene, ViewLayer | Synchronizing object | Side_wall_glass.072
Fra:451 Mem:967.30M (Peak 1004.98M) | Time:00:02.24 | Mem:0.00M, Peak:0.00M | Scene, ViewLayer | Synchronizing object | Wall_transom.136
Fra:451 Mem:967.32M (Peak 1004.98M) | Time:00:02.24 | Mem:0.00M, Peak:0.00M | Scene, ViewLayer | Synchronizing object | Curved_roof_glazing.004
Fra:451 Mem:967.32M (Peak 1004.98M) | Time:00:02.24 | Mem:0.00M, Peak:0.00M | Scene, ViewLayer | Synchronizing object | Curved_roof_glazing.353
Fra:451 Mem:967.32M (Peak 1004.98M) | Time:00:02.24 | Mem:0.00M, Peak:0.00M | Scene, ViewLayer | Synchronizing object | Curved_roof_glazing
Fra:451 Mem:967.33M (Peak 1004.98M) | Time:00:02.24 | Mem:0.00M, Peak:0.00M | Scene, ViewLayer | Synchronizing object | Side_wall_glass.024
Fra:451 Mem:967.33M (Peak 1004.98M) | Time:00:02.24 | Mem:0.00M, Peak:0.00M | Scene, ViewLayer | Synchronizing object | Curved_roof_glazing.270
Fra:451 Mem:967.33M (Peak 1004.98M) | Time:00:02.24 | Mem:0.00M, Peak:0.00M | Scene, ViewLayer | Synchronizing object | Side_wall_glass.061
Fra:451 Mem:967.34M (Peak 1004.98M) | Time:00:02.24 | Mem:0.00M, Peak:0.00M | Scene, ViewLayer | Synchronizing object | Wall_transom.013
Fra:451 Mem:967.34M (Peak 1004.98M) | Time:00:02.24 | Mem:0.00M, Peak:0.00M | Scene, ViewLayer | Synchronizing object | Wall_transom.068
Fra:451 Mem:967.40M (Peak 1004.98M) | Time:00:02.24 | Mem:0.00M, Peak:0.00M | Scene, ViewLayer | Synchronizing object | End_wall_sill.014
Fra:451 Mem:967.42M (Peak 1004.98M) | Time:00:02.24 | Mem:0.00M, Peak:0.00M | Scene, ViewLayer | Synchronizing object | Wall_transom.113
Fra:451 Mem:967.45M (Peak 1004.98M) | Time:00:02.24 | Mem:0.00M, Peak:0.00M | Scene, ViewLayer | Synchronizing object | Wall_transom.081
Fra:451 Mem:967.48M (Peak 1004.98M) | Time:00:02.24 | Mem:0.00M, Peak:0.00M | Scene, ViewLayer | Synchronizing object | Curved_roof_glazing.219
Fra:451 Mem:967.48M (Peak 1004.98M) | Time:00:02.24 | Mem:0.00M, Peak:0.00M | Scene, ViewLayer | Synchronizing object | End_wall_sill.001
Fra:451 Mem:967.52M (Peak 1004.98M) | Time:00:02.24 | Mem:0.00M, Peak:0.00M | Scene, ViewLayer | Synchronizing object | Side_wall_glass.056
Fra:451 Mem:967.51M (Peak 1004.98M) | Time:00:02.24 | Mem:0.00M, Peak:0.00M | Scene, ViewLayer | Synchronizing object | Curved_roof_glazing.024
Fra:451 Mem:967.51M (Peak 1004.98M) | Time:00:02.24 | Mem:0.00M, Peak:0.00M | Scene, ViewLayer | Synchronizing object | Curved_roof_glazing.040
Fra:451 Mem:967.52M (Peak 1004.98M) | Time:00:02.24 | Mem:0.00M, Peak:0.00M | Scene, ViewLayer | Synchronizing object | Curved_roof_glazing.104
Fra:451 Mem:967.52M (Peak 1004.98M) | Time:00:02.24 | Mem:0.00M, Peak:0.00M | Scene, ViewLayer | Synchronizing object | Wall_glazing_mullion.025
Fra:451 Mem:967.52M (Peak 1004.98M) | Time:00:02.24 | Mem:0.00M, Peak:0.00M | Scene, ViewLayer | Synchronizing object | Wall_transom.154
Fra:451 Mem:967.57M (Peak 1004.98M) | Time:00:02.24 | Mem:0.00M, Peak:0.00M | Scene, ViewLayer | Synchronizing object | Curved_roof_glazing.197
Fra:451 Mem:967.57M (Peak 1004.98M) | Time:00:02.24 | Mem:0.00M, Peak:0.00M | Scene, ViewLayer | Synchronizing object | Side_wall_glass.092
Fra:451 Mem:967.58M (Peak 1004.98M) | Time:00:02.24 | Mem:0.00M, Peak:0.00M | Scene, ViewLayer | Synchronizing object | Wall_transom.140
Fra:451 Mem:967.58M (Peak 1004.98M) | Time:00:02.24 | Mem:0.00M, Peak:0.00M | Scene, ViewLayer | Synchronizing object | Column_capital.006
Fra:451 Mem:967.63M (Peak 1004.98M) | Time:00:02.24 | Mem:0.00M, Peak:0.00M | Scene, ViewLayer | Synchronizing object | Curved_roof_glazing.005
Fra:451 Mem:967.63M (Peak 1004.98M) | Time:00:02.24 | Mem:0.00M, Peak:0.00M | Scene, ViewLayer | Synchronizing object | Hall_door_rail
Fra:451 Mem:967.64M (Peak 1004.98M) | Time:00:02.24 | Mem:0.00M, Peak:0.00M | Scene, ViewLayer | Synchronizing object | Curved_roof_glazing.354
Fra:451 Mem:967.67M (Peak 1004.98M) | Time:00:02.24 | Mem:0.00M, Peak:0.00M | Scene, ViewLayer | Synchronizing object | Column_capital.010
Fra:451 Mem:967.69M (Peak 1004.98M) | Time:00:02.24 | Mem:0.00M, Peak:0.00M | Scene, ViewLayer | Synchronizing object | Side_wall_glass.025
Fra:451 Mem:967.72M (Peak 1004.98M) | Time:00:02.24 | Mem:0.00M, Peak:0.00M | Scene, ViewLayer | Synchronizing object | Curved_roof_glazing.271
Fra:451 Mem:967.70M (Peak 1004.98M) | Time:00:02.24 | Mem:0.00M, Peak:0.00M | Scene, ViewLayer | Synchronizing object | Platform_portal_jamb.001
Fra:451 Mem:967.70M (Peak 1004.98M) | Time:00:02.24 | Mem:0.00M, Peak:0.00M | Scene, ViewLayer | Synchronizing object | Ridge_vent_stanchion.007
Fra:451 Mem:967.72M (Peak 1004.98M) | Time:00:02.24 | Mem:0.00M, Peak:0.00M | Scene, ViewLayer | Synchronizing object | Curved_roof_glazing.220
Fra:451 Mem:967.73M (Peak 1004.98M) | Time:00:02.24 | Mem:0.00M, Peak:0.00M | Scene, ViewLayer | Synchronizing object | End_wall_glazing.002
Fra:451 Mem:967.73M (Peak 1004.98M) | Time:00:02.24 | Mem:0.00M, Peak:0.00M | Scene, ViewLayer | Synchronizing object | Wall_transom.120
Fra:451 Mem:967.76M (Peak 1004.98M) | Time:00:02.24 | Mem:0.00M, Peak:0.00M | Scene, ViewLayer | Synchronizing object | Column_capital.017
Fra:451 Mem:967.79M (Peak 1004.98M) | Time:00:02.24 | Mem:0.00M, Peak:0.00M | Scene, ViewLayer | Synchronizing object | Curved_roof_glazing.025
Fra:451 Mem:967.79M (Peak 1004.98M) | Time:00:02.24 | Mem:0.00M, Peak:0.00M | Scene, ViewLayer | Synchronizing object | Curved_roof_glazing.041
Fra:451 Mem:967.80M (Peak 1004.98M) | Time:00:02.24 | Mem:0.00M, Peak:0.00M | Scene, ViewLayer | Synchronizing object | Curved_roof_glazing.105
Fra:451 Mem:967.79M (Peak 1004.98M) | Time:00:02.24 | Mem:0.00M, Peak:0.00M | Scene, ViewLayer | Synchronizing object | End_wall_glazing.019
Fra:451 Mem:967.80M (Peak 1004.98M) | Time:00:02.24 | Mem:0.00M, Peak:0.00M | Scene, ViewLayer | Synchronizing object | Wall_transom.100
Fra:451 Mem:967.80M (Peak 1004.98M) | Time:00:02.24 | Mem:0.00M, Peak:0.00M | Scene, ViewLayer | Synchronizing object | Secondary_glazing_rib.014
Fra:451 Mem:967.90M (Peak 1004.98M) | Time:00:02.24 | Mem:0.00M, Peak:0.00M | Scene, ViewLayer | Synchronizing object | Curved_roof_glazing.198
Fra:451 Mem:967.91M (Peak 1004.98M) | Time:00:02.24 | Mem:0.00M, Peak:0.00M | Scene, ViewLayer | Synchronizing object | Curved_roof_glazing.006
Fra:451 Mem:967.91M (Peak 1004.98M) | Time:00:02.24 | Mem:0.00M, Peak:0.00M | Scene, ViewLayer | Synchronizing object | Wall_transom.122
Fra:451 Mem:967.96M (Peak 1004.98M) | Time:00:02.24 | Mem:0.00M, Peak:0.00M | Scene, ViewLayer | Synchronizing object | Curved_roof_glazing.355
Fra:451 Mem:967.97M (Peak 1004.98M) | Time:00:02.24 | Mem:0.00M, Peak:0.00M | Scene, ViewLayer | Synchronizing object | Portal_transom_mullion.002
Fra:451 Mem:967.99M (Peak 1004.98M) | Time:00:02.24 | Mem:0.00M, Peak:0.00M | Scene, ViewLayer | Synchronizing object | Wall_transom.060
Fra:451 Mem:968.02M (Peak 1004.98M) | Time:00:02.24 | Mem:0.00M, Peak:0.00M | Scene, ViewLayer | Synchronizing object | Curved_roof_glazing.002
Fra:451 Mem:968.02M (Peak 1004.98M) | Time:00:02.24 | Mem:0.00M, Peak:0.00M | Scene, ViewLayer | Synchronizing object | Side_wall_glass.121
Fra:451 Mem:968.04M (Peak 1004.98M) | Time:00:02.24 | Mem:0.00M, Peak:0.00M | Scene, ViewLayer | Synchronizing object | Curved_roof_glazing.272
Fra:451 Mem:968.03M (Peak 1004.98M) | Time:00:02.24 | Mem:0.00M, Peak:0.00M | Scene, ViewLayer | Synchronizing object | Wall_transom.003
Fra:451 Mem:968.03M (Peak 1004.98M) | Time:00:02.24 | Mem:0.00M, Peak:0.00M | Scene, ViewLayer | Synchronizing object | Wall_transom.052
Fra:451 Mem:968.10M (Peak 1004.98M) | Time:00:02.24 | Mem:0.00M, Peak:0.00M | Scene, ViewLayer | Synchronizing object | End_wall_glazing.017
Fra:451 Mem:968.08M (Peak 1004.98M) | Time:00:02.24 | Mem:0.00M, Peak:0.00M | Scene, ViewLayer | Synchronizing object | Wall_transom.145
Fra:451 Mem:968.08M (Peak 1004.98M) | Time:00:02.24 | Mem:0.00M, Peak:0.00M | Scene, ViewLayer | Synchronizing object | Wall_transom.181
Fra:451 Mem:968.13M (Peak 1004.98M) | Time:00:02.24 | Mem:0.00M, Peak:0.00M | Scene, ViewLayer | Synchronizing object | Curved_roof_glazing.221
Fra:451 Mem:968.13M (Peak 1004.98M) | Time:00:02.24 | Mem:0.00M, Peak:0.00M | Scene, ViewLayer | Synchronizing object | End_wall_mullion.007
Fra:451 Mem:968.14M (Peak 1004.98M) | Time:00:02.24 | Mem:0.00M, Peak:0.00M | Scene, ViewLayer | Synchronizing object | Curved_roof_glazing.026
Fra:451 Mem:968.17M (Peak 1004.98M) | Time:00:02.24 | Mem:0.00M, Peak:0.00M | Scene, ViewLayer | Synchronizing object | Curved_roof_glazing.042
Fra:451 Mem:968.17M (Peak 1004.98M) | Time:00:02.24 | Mem:0.00M, Peak:0.00M | Scene, ViewLayer | Synchronizing object | Curved_roof_glazing.106
Fra:451 Mem:968.18M (Peak 1004.98M) | Time:00:02.24 | Mem:0.00M, Peak:0.00M | Scene, ViewLayer | Synchronizing object | Wall_glazing_mullion.042
Fra:451 Mem:968.21M (Peak 1004.98M) | Time:00:02.24 | Mem:0.00M, Peak:0.00M | Scene, ViewLayer | Synchronizing object | Wall_transom.011
Fra:451 Mem:968.23M (Peak 1004.98M) | Time:00:02.24 | Mem:0.00M, Peak:0.00M | Scene, ViewLayer | Synchronizing object | End_wall_mullion
Fra:451 Mem:968.26M (Peak 1004.98M) | Time:00:02.24 | Mem:0.00M, Peak:0.00M | Scene, ViewLayer | Synchronizing object | Side_wall_glass.073
Fra:451 Mem:968.26M (Peak 1004.98M) | Time:00:02.24 | Mem:0.00M, Peak:0.00M | Scene, ViewLayer | Synchronizing object | Wall_stone_sill.049
Fra:451 Mem:968.29M (Peak 1004.98M) | Time:00:02.24 | Mem:0.00M, Peak:0.00M | Scene, ViewLayer | Synchronizing object | Load_column.016
Fra:451 Mem:968.29M (Peak 1004.98M) | Time:00:02.24 | Mem:0.00M, Peak:0.00M | Scene, ViewLayer | Synchronizing object | Curved_roof_glazing.199
Fra:451 Mem:968.29M (Peak 1004.98M) | Time:00:02.24 | Mem:0.00M, Peak:0.00M | Scene, ViewLayer | Synchronizing object | Load_column.007
Fra:451 Mem:968.30M (Peak 1004.98M) | Time:00:02.24 | Mem:0.00M, Peak:0.00M | Scene, ViewLayer | Synchronizing object | Curved_roof_glazing.007
Fra:451 Mem:968.32M (Peak 1004.98M) | Time:00:02.24 | Mem:0.00M, Peak:0.00M | Scene, ViewLayer | Synchronizing object | End_wall_sill.002
Fra:451 Mem:968.31M (Peak 1004.98M) | Time:00:02.24 | Mem:0.00M, Peak:0.00M | Scene, ViewLayer | Synchronizing object | Platform_canopy_beam.003
Fra:451 Mem:961.97M (Peak 1004.98M) | Time:00:02.24 | Mem:0.00M, Peak:0.00M | Scene, ViewLayer | Synchronizing object | Platform_canopy_beam.001
Fra:451 Mem:962.00M (Peak 1004.98M) | Time:00:02.24 | Mem:0.00M, Peak:0.00M | Scene, ViewLayer | Synchronizing object | Platform_canopy_beam.002
Fra:451 Mem:980.33M (Peak 1004.98M) | Time:00:02.24 | Mem:0.00M, Peak:0.00M | Scene, ViewLayer | Synchronizing object | Canopy_edge_fascia
Fra:451 Mem:980.36M (Peak 1004.98M) | Time:00:02.24 | Mem:0.00M, Peak:0.00M | Scene, ViewLayer | Synchronizing object | Platform_canopy_beam.008
Fra:451 Mem:980.38M (Peak 1004.98M) | Time:00:02.24 | Mem:0.00M, Peak:0.00M | Scene, ViewLayer | Synchronizing object | Platform_canopy_beam.006
Fra:451 Mem:980.41M (Peak 1004.98M) | Time:00:02.24 | Mem:0.00M, Peak:0.00M | Scene, ViewLayer | Synchronizing object | Platform_canopy_beam.004
Fra:451 Mem:980.43M (Peak 1004.98M) | Time:00:02.24 | Mem:0.00M, Peak:0.00M | Scene, ViewLayer | Synchronizing object | Platform_canopy_beam.005
Fra:451 Mem:980.46M (Peak 1004.98M) | Time:00:02.24 | Mem:0.00M, Peak:0.00M | Scene, ViewLayer | Synchronizing object | Platform_canopy_beam.007
Fra:451 Mem:980.49M (Peak 1004.98M) | Time:00:02.24 | Mem:0.00M, Peak:0.00M | Scene, ViewLayer | Synchronizing object | Platform_canopy_glass.001
Fra:451 Mem:980.49M (Peak 1004.98M) | Time:00:02.24 | Mem:0.00M, Peak:0.00M | Scene, ViewLayer | Synchronizing object | Platform_canopy_beam
Fra:451 Mem:980.52M (Peak 1004.98M) | Time:00:02.24 | Mem:0.00M, Peak:0.00M | Scene, ViewLayer | Synchronizing object | Canopy_tension_brace.005
Fra:451 Mem:980.52M (Peak 1004.98M) | Time:00:02.24 | Mem:0.00M, Peak:0.00M | Scene, ViewLayer | Synchronizing object | Canopy_tension_brace.003
Fra:451 Mem:980.53M (Peak 1004.98M) | Time:00:02.24 | Mem:0.00M, Peak:0.00M | Scene, ViewLayer | Synchronizing object | Canopy_tension_brace.004
Fra:451 Mem:980.54M (Peak 1004.98M) | Time:00:02.24 | Mem:0.00M, Peak:0.00M | Scene, ViewLayer | Synchronizing object | Canopy_tension_brace.006
Fra:451 Mem:980.55M (Peak 1004.98M) | Time:00:02.24 | Mem:0.00M, Peak:0.00M | Scene, ViewLayer | Synchronizing object | Canopy_tension_brace.001
Fra:451 Mem:980.55M (Peak 1004.98M) | Time:00:02.24 | Mem:0.00M, Peak:0.00M | Scene, ViewLayer | Synchronizing object | Canopy_tension_brace.002
Fra:451 Mem:980.56M (Peak 1004.98M) | Time:00:02.24 | Mem:0.00M, Peak:0.00M | Scene, ViewLayer | Synchronizing object | Platform_canopy_glass.003
Fra:451 Mem:980.56M (Peak 1004.98M) | Time:00:02.24 | Mem:0.00M, Peak:0.00M | Scene, ViewLayer | Synchronizing object | Canopy_tension_brace.008
Fra:451 Mem:980.57M (Peak 1004.98M) | Time:00:02.24 | Mem:0.00M, Peak:0.00M | Scene, ViewLayer | Synchronizing object | Canopy_tension_brace
Fra:451 Mem:980.58M (Peak 1004.98M) | Time:00:02.24 | Mem:0.00M, Peak:0.00M | Scene, ViewLayer | Synchronizing object | Platform_canopy_glass.002
Fra:451 Mem:980.58M (Peak 1004.98M) | Time:00:02.24 | Mem:0.00M, Peak:0.00M | Scene, ViewLayer | Synchronizing object | Platform_canopy_glass
Fra:451 Mem:980.59M (Peak 1004.98M) | Time:00:02.24 | Mem:0.00M, Peak:0.00M | Scene, ViewLayer | Synchronizing object | Waiting_bench_support.001
Fra:451 Mem:980.62M (Peak 1004.98M) | Time:00:02.24 | Mem:0.00M, Peak:0.00M | Scene, ViewLayer | Synchronizing object | Waiting_bench_support.002
Fra:451 Mem:980.64M (Peak 1004.98M) | Time:00:02.24 | Mem:0.00M, Peak:0.00M | Scene, ViewLayer | Synchronizing object | Waiting_bench_support.006
Fra:451 Mem:980.67M (Peak 1004.98M) | Time:00:02.24 | Mem:0.00M, Peak:0.00M | Scene, ViewLayer | Synchronizing object | Waiting_bench_support.003
Fra:451 Mem:980.70M (Peak 1004.98M) | Time:00:02.24 | Mem:0.00M, Peak:0.00M | Scene, ViewLayer | Synchronizing object | Waiting_bench_support.004
Fra:451 Mem:980.74M (Peak 1004.98M) | Time:00:02.24 | Mem:0.00M, Peak:0.00M | Scene, ViewLayer | Synchronizing object | Waiting_bench_support.005
Fra:451 Mem:980.77M (Peak 1004.98M) | Time:00:02.24 | Mem:0.00M, Peak:0.00M | Scene, ViewLayer | Synchronizing object | Waiting_bench_support.007
Fra:451 Mem:980.80M (Peak 1004.98M) | Time:00:02.24 | Mem:0.00M, Peak:0.00M | Scene, ViewLayer | Synchronizing object | Waiting_bench_support
Fra:451 Mem:980.83M (Peak 1004.98M) | Time:00:02.24 | Mem:0.00M, Peak:0.00M | Scene, ViewLayer | Synchronizing object | Plant_stem_proxy.028
Fra:451 Mem:980.83M (Peak 1004.98M) | Time:00:02.24 | Mem:0.00M, Peak:0.00M | Scene, ViewLayer | Synchronizing object | Botanical_blade_proxy.026
Fra:451 Mem:980.89M (Peak 1004.98M) | Time:00:02.24 | Mem:0.00M, Peak:0.00M | Scene, ViewLayer | Synchronizing object | Plant_stem_proxy.045
Fra:451 Mem:980.89M (Peak 1004.98M) | Time:00:02.24 | Mem:0.00M, Peak:0.00M | Scene, ViewLayer | Synchronizing object | Botanical_blade_proxy.025
Fra:451 Mem:980.95M (Peak 1004.98M) | Time:00:02.24 | Mem:0.00M, Peak:0.00M | Scene, ViewLayer | Synchronizing object | Botanical_blade_proxy.049
Fra:451 Mem:981.00M (Peak 1004.98M) | Time:00:02.24 | Mem:0.00M, Peak:0.00M | Scene, ViewLayer | Synchronizing object | Plant_stem_proxy.025
Fra:451 Mem:981.00M (Peak 1004.98M) | Time:00:02.24 | Mem:0.00M, Peak:0.00M | Scene, ViewLayer | Synchronizing object | Botanical_blade_proxy.004
Fra:451 Mem:981.06M (Peak 1004.98M) | Time:00:02.24 | Mem:0.00M, Peak:0.00M | Scene, ViewLayer | Synchronizing object | Plant_stem_proxy.003
Fra:451 Mem:981.06M (Peak 1004.98M) | Time:00:02.24 | Mem:0.00M, Peak:0.00M | Scene, ViewLayer | Synchronizing object | Botanical_blade_proxy.003
Fra:451 Mem:981.11M (Peak 1004.98M) | Time:00:02.24 | Mem:0.00M, Peak:0.00M | Scene, ViewLayer | Synchronizing object | Plant_stem_proxy.002
Fra:451 Mem:981.13M (Peak 1004.98M) | Time:00:02.24 | Mem:0.00M, Peak:0.00M | Scene, ViewLayer | Synchronizing object | Botanical_blade_proxy.028
Fra:451 Mem:981.16M (Peak 1004.98M) | Time:00:02.24 | Mem:0.00M, Peak:0.00M | Scene, ViewLayer | Synchronizing object | Plant_stem_proxy.049
Fra:451 Mem:981.16M (Peak 1004.98M) | Time:00:02.24 | Mem:0.00M, Peak:0.00M | Scene, ViewLayer | Synchronizing object | Plant_stem_proxy.046
Fra:451 Mem:981.18M (Peak 1004.98M) | Time:00:02.24 | Mem:0.00M, Peak:0.00M | Scene, ViewLayer | Synchronizing object | Botanical_blade_proxy.027
Fra:451 Mem:981.19M (Peak 1004.98M) | Time:00:02.24 | Mem:0.00M, Peak:0.00M | Scene, ViewLayer | Synchronizing object | Botanical_blade_proxy.029
Fra:451 Mem:981.27M (Peak 1004.98M) | Time:00:02.24 | Mem:0.00M, Peak:0.00M | Scene, ViewLayer | Synchronizing object | Plant_stem_proxy.048
Fra:451 Mem:981.29M (Peak 1004.98M) | Time:00:02.24 | Mem:0.00M, Peak:0.00M | Scene, ViewLayer | Synchronizing object | Plant_stem_proxy.004
Fra:451 Mem:981.29M (Peak 1004.98M) | Time:00:02.24 | Mem:0.00M, Peak:0.00M | Scene, ViewLayer | Synchronizing object | Plant_stem_proxy.047
Fra:451 Mem:981.29M (Peak 1004.98M) | Time:00:02.24 | Mem:0.00M, Peak:0.00M | Scene, ViewLayer | Synchronizing object | Plant_stem_proxy.027
Fra:451 Mem:981.30M (Peak 1004.98M) | Time:00:02.24 | Mem:0.00M, Peak:0.00M | Scene, ViewLayer | Synchronizing object | Plant_stem_proxy.026
Fra:451 Mem:981.30M (Peak 1004.98M) | Time:00:02.24 | Mem:0.00M, Peak:0.00M | Scene, ViewLayer | Synchronizing object | Plant_stem_proxy
Fra:451 Mem:981.30M (Peak 1004.98M) | Time:00:02.24 | Mem:0.00M, Peak:0.00M | Scene, ViewLayer | Synchronizing object | Botanical_blade_proxy.048
Fra:451 Mem:981.30M (Peak 1004.98M) | Time:00:02.24 | Mem:0.00M, Peak:0.00M | Scene, ViewLayer | Synchronizing object | Botanical_blade_proxy.047
Fra:451 Mem:981.41M (Peak 1004.98M) | Time:00:02.24 | Mem:0.00M, Peak:0.00M | Scene, ViewLayer | Synchronizing object | Botanical_blade_proxy.046
Fra:451 Mem:981.41M (Peak 1004.98M) | Time:00:02.24 | Mem:0.00M, Peak:0.00M | Scene, ViewLayer | Synchronizing object | Plant_stem_proxy.001
Fra:451 Mem:981.45M (Peak 1004.98M) | Time:00:02.24 | Mem:0.00M, Peak:0.00M | Scene, ViewLayer | Synchronizing object | Botanical_blade_proxy.002
Fra:451 Mem:981.50M (Peak 1004.98M) | Time:00:02.24 | Mem:0.00M, Peak:0.00M | Scene, ViewLayer | Synchronizing object | Botanical_blade_proxy.045
Fra:451 Mem:981.55M (Peak 1004.98M) | Time:00:02.24 | Mem:0.00M, Peak:0.00M | Scene, ViewLayer | Synchronizing object | Botanical_blade_proxy.001
Fra:451 Mem:981.60M (Peak 1004.98M) | Time:00:02.24 | Mem:0.00M, Peak:0.00M | Scene, ViewLayer | Synchronizing object | Plant_stem_proxy.029
Fra:451 Mem:981.62M (Peak 1004.98M) | Time:00:02.24 | Mem:0.00M, Peak:0.00M | Scene, ViewLayer | Synchronizing object | Botanical_blade_proxy
Fra:451 Mem:981.63M (Peak 1004.98M) | Time:00:02.24 | Mem:0.00M, Peak:0.00M | Scene, ViewLayer | Synchronizing object | Car_window_horizontal_frame.004
Fra:451 Mem:981.72M (Peak 1004.98M) | Time:00:02.24 | Mem:0.00M, Peak:0.00M | Scene, ViewLayer | Synchronizing object | Car_window_pillar
Fra:451 Mem:981.72M (Peak 1004.98M) | Time:00:02.24 | Mem:0.00M, Peak:0.00M | Scene, ViewLayer | Synchronizing object | Primary_suspension.007
Fra:451 Mem:981.75M (Peak 1004.98M) | Time:00:02.24 | Mem:0.00M, Peak:0.00M | Scene, ViewLayer | Synchronizing object | Primary_suspension.004
Fra:451 Mem:981.72M (Peak 1004.98M) | Time:00:02.24 | Mem:0.00M, Peak:0.00M | Scene, ViewLayer | Synchronizing object | Cab_upper_cheek.002
Fra:451 Mem:981.73M (Peak 1004.98M) | Time:00:02.24 | Mem:0.00M, Peak:0.00M | Scene, ViewLayer | Synchronizing object | Car_window_horizontal_frame.033
Fra:451 Mem:981.73M (Peak 1004.98M) | Time:00:02.24 | Mem:0.00M, Peak:0.00M | Scene, ViewLayer | Synchronizing object | Wheel_flange.001
Fra:451 Mem:981.77M (Peak 1004.98M) | Time:00:02.24 | Mem:0.00M, Peak:0.00M | Scene, ViewLayer | Synchronizing object | Cab_cheek.002
Fra:451 Mem:981.76M (Peak 1004.98M) | Time:00:02.24 | Mem:0.00M, Peak:0.00M | Scene, ViewLayer | Synchronizing object | Train_headlamp_housing.003
Fra:451 Mem:981.78M (Peak 1004.98M) | Time:00:02.24 | Mem:0.00M, Peak:0.00M | Scene, ViewLayer | Synchronizing object | Car_side_window.006
Fra:451 Mem:981.78M (Peak 1004.98M) | Time:00:02.24 | Mem:0.00M, Peak:0.00M | Scene, ViewLayer | Synchronizing object | Car_window_horizontal_frame.020
Fra:451 Mem:981.81M (Peak 1004.98M) | Time:00:02.24 | Mem:0.00M, Peak:0.00M | Scene, ViewLayer | Synchronizing object | Car_curved_lower_shell.011
Fra:451 Mem:981.80M (Peak 1004.98M) | Time:00:02.24 | Mem:0.00M, Peak:0.00M | Scene, ViewLayer | Synchronizing object | Car_window_horizontal_frame.015
Fra:451 Mem:981.82M (Peak 1004.98M) | Time:00:02.24 | Mem:0.00M, Peak:0.00M | Scene, ViewLayer | Synchronizing object | Car_curved_lower_shell.013
Fra:451 Mem:981.82M (Peak 1004.98M) | Time:00:02.24 | Mem:0.00M, Peak:0.00M | Scene, ViewLayer | Synchronizing object | Car_window_pillar.027
Fra:451 Mem:981.87M (Peak 1004.98M) | Time:00:02.24 | Mem:0.00M, Peak:0.00M | Scene, ViewLayer | Synchronizing object | Primary_suspension.001
Fra:451 Mem:981.86M (Peak 1004.98M) | Time:00:02.24 | Mem:0.00M, Peak:0.00M | Scene, ViewLayer | Synchronizing object | Door_lower_panel.001
Fra:451 Mem:981.90M (Peak 1004.98M) | Time:00:02.24 | Mem:0.00M, Peak:0.00M | Scene, ViewLayer | Synchronizing object | Car_ceiling_light.002
Fra:451 Mem:981.92M (Peak 1004.98M) | Time:00:02.24 | Mem:0.00M, Peak:0.00M | Scene, ViewLayer | Synchronizing object | Primary_suspension.003
Fra:451 Mem:981.93M (Peak 1004.98M) | Time:00:02.25 | Mem:0.00M, Peak:0.00M | Scene, ViewLayer | Synchronizing object | Car_window_pillar.010
Fra:451 Mem:981.96M (Peak 1004.98M) | Time:00:02.25 | Mem:0.00M, Peak:0.00M | Scene, ViewLayer | Synchronizing object | Car_window_pillar.014
Fra:451 Mem:982.00M (Peak 1004.98M) | Time:00:02.25 | Mem:0.00M, Peak:0.00M | Scene, ViewLayer | Synchronizing object | Cab_windscreen_mullion.001
Fra:451 Mem:982.01M (Peak 1004.98M) | Time:00:02.25 | Mem:0.00M, Peak:0.00M | Scene, ViewLayer | Synchronizing object | Cab_floor_extension
Fra:451 Mem:982.03M (Peak 1004.98M) | Time:00:02.25 | Mem:0.00M, Peak:0.00M | Scene, ViewLayer | Synchronizing object | Cab_upper_cheek.001
Fra:451 Mem:982.04M (Peak 1004.98M) | Time:00:02.25 | Mem:0.00M, Peak:0.00M | Scene, ViewLayer | Synchronizing object | Car_curved_lower_shell.001
Fra:451 Mem:982.04M (Peak 1004.98M) | Time:00:02.25 | Mem:0.00M, Peak:0.00M | Scene, ViewLayer | Synchronizing object | Car_window_pillar.005
Fra:451 Mem:982.06M (Peak 1004.98M) | Time:00:02.25 | Mem:0.00M, Peak:0.00M | Scene, ViewLayer | Synchronizing object | Car_side_window.012
Fra:451 Mem:982.07M (Peak 1004.98M) | Time:00:02.25 | Mem:0.00M, Peak:0.00M | Scene, ViewLayer | Synchronizing object | Car_window_pillar.019
Fra:451 Mem:982.10M (Peak 1004.98M) | Time:00:02.25 | Mem:0.00M, Peak:0.00M | Scene, ViewLayer | Synchronizing object | Car_window_pillar.009
Fra:451 Mem:982.12M (Peak 1004.98M) | Time:00:02.25 | Mem:0.00M, Peak:0.00M | Scene, ViewLayer | Synchronizing object | Car_seat_base.002
Fra:451 Mem:982.15M (Peak 1004.98M) | Time:00:02.25 | Mem:0.00M, Peak:0.00M | Scene, ViewLayer | Synchronizing object | Cab_complete_roof_loft.001
Fra:451 Mem:982.17M (Peak 1004.98M) | Time:00:02.25 | Mem:0.00M, Peak:0.00M | Scene, ViewLayer | Synchronizing object | Primary_suspension.005
Fra:451 Mem:982.17M (Peak 1004.98M) | Time:00:02.25 | Mem:0.00M, Peak:0.00M | Scene, ViewLayer | Synchronizing object | Car_window_horizontal_frame.030
Fra:451 Mem:982.20M (Peak 1004.98M) | Time:00:02.25 | Mem:0.00M, Peak:0.00M | Scene, ViewLayer | Synchronizing object | Door_vertical_frame.003
Fra:451 Mem:982.23M (Peak 1004.98M) | Time:00:02.25 | Mem:0.00M, Peak:0.00M | Scene, ViewLayer | Synchronizing object | Primary_suspension.002
Fra:451 Mem:982.24M (Peak 1004.98M) | Time:00:02.25 | Mem:0.00M, Peak:0.00M | Scene, ViewLayer | Synchronizing object | Car_curved_lower_shell.016
Fra:451 Mem:982.24M (Peak 1004.98M) | Time:00:02.25 | Mem:0.00M, Peak:0.00M | Scene, ViewLayer | Synchronizing object | Car_window_horizontal_frame.026
Fra:451 Mem:982.24M (Peak 1004.98M) | Time:00:02.25 | Mem:0.00M, Peak:0.00M | Scene, ViewLayer | Synchronizing object | Car_window_horizontal_frame.022
Fra:451 Mem:982.29M (Peak 1004.98M) | Time:00:02.25 | Mem:0.00M, Peak:0.00M | Scene, ViewLayer | Synchronizing object | Car_seat_base.004
Fra:451 Mem:982.29M (Peak 1004.98M) | Time:00:02.25 | Mem:0.00M, Peak:0.00M | Scene, ViewLayer | Synchronizing object | Wheel_tread
Fra:451 Mem:982.34M (Peak 1004.98M) | Time:00:02.25 | Mem:0.00M, Peak:0.00M | Scene, ViewLayer | Synchronizing object | Wheel_hub.002
Fra:451 Mem:982.34M (Peak 1004.98M) | Time:00:02.25 | Mem:0.00M, Peak:0.00M | Scene, ViewLayer | Synchronizing object | Wheel_hub.003
Fra:451 Mem:982.34M (Peak 1004.98M) | Time:00:02.25 | Mem:0.00M, Peak:0.00M | Scene, ViewLayer | Synchronizing object | Car_curved_lower_shell.003
Fra:451 Mem:982.37M (Peak 1004.98M) | Time:00:02.25 | Mem:0.00M, Peak:0.00M | Scene, ViewLayer | Synchronizing object | Car_window_horizontal_frame.021
Fra:451 Mem:982.36M (Peak 1004.98M) | Time:00:02.25 | Mem:0.00M, Peak:0.00M | Scene, ViewLayer | Synchronizing object | Car_curved_lower_shell.007
Fra:451 Mem:982.39M (Peak 1004.98M) | Time:00:02.25 | Mem:0.00M, Peak:0.00M | Scene, ViewLayer | Synchronizing object | Cab_cheek.003
Fra:451 Mem:982.38M (Peak 1004.98M) | Time:00:02.25 | Mem:0.00M, Peak:0.00M | Scene, ViewLayer | Synchronizing object | Car_window_horizontal_frame.025
Fra:451 Mem:982.41M (Peak 1004.98M) | Time:00:02.25 | Mem:0.00M, Peak:0.00M | Scene, ViewLayer | Synchronizing object | Car_window_horizontal_frame.002
Fra:451 Mem:982.44M (Peak 1004.98M) | Time:00:02.25 | Mem:0.00M, Peak:0.00M | Scene, ViewLayer | Synchronizing object | Car_seat_back.001
Fra:451 Mem:982.48M (Peak 1004.98M) | Time:00:02.25 | Mem:0.00M, Peak:0.00M | Scene, ViewLayer | Synchronizing object | Primary_suspension.006
Fra:451 Mem:982.48M (Peak 1004.98M) | Time:00:02.25 | Mem:0.00M, Peak:0.00M | Scene, ViewLayer | Synchronizing object | Car_waist_trim.002
Fra:451 Mem:982.51M (Peak 1004.98M) | Time:00:02.25 | Mem:0.00M, Peak:0.00M | Scene, ViewLayer | Synchronizing object | Door_cross_frame
Fra:451 Mem:982.54M (Peak 1004.98M) | Time:00:02.25 | Mem:0.00M, Peak:0.00M | Scene, ViewLayer | Synchronizing object | Car_window_horizontal_frame.032
Fra:451 Mem:982.57M (Peak 1004.98M) | Time:00:02.25 | Mem:0.00M, Peak:0.00M | Scene, ViewLayer | Synchronizing object | Rear_luggage_bench
Fra:451 Mem:982.61M (Peak 1004.98M) | Time:00:02.25 | Mem:0.00M, Peak:0.00M | Scene, ViewLayer | Synchronizing object | Cab_front_fairing
Fra:451 Mem:982.62M (Peak 1004.98M) | Time:00:02.25 | Mem:0.00M, Peak:0.00M | Scene, ViewLayer | Synchronizing object | Car_seat_back
Fra:451 Mem:982.66M (Peak 1004.98M) | Time:00:02.25 | Mem:0.00M, Peak:0.00M | Scene, ViewLayer | Synchronizing object | Car_window_pillar.031
Fra:451 Mem:982.69M (Peak 1004.98M) | Time:00:02.25 | Mem:0.00M, Peak:0.00M | Scene, ViewLayer | Synchronizing object | Wheel_tread.002
Fra:451 Mem:982.70M (Peak 1004.98M) | Time:00:02.25 | Mem:0.00M, Peak:0.00M | Scene, ViewLayer | Synchronizing object | Train_headlamp_housing.001
Fra:451 Mem:982.72M (Peak 1004.98M) | Time:00:02.25 | Mem:0.00M, Peak:0.00M | Scene, ViewLayer | Synchronizing object | Car_side_window.010
Fra:451 Mem:982.72M (Peak 1004.98M) | Time:00:02.25 | Mem:0.00M, Peak:0.00M | Scene, ViewLayer | Synchronizing object | Car_window_horizontal_frame.014
Fra:451 Mem:982.75M (Peak 1004.98M) | Time:00:02.25 | Mem:0.00M, Peak:0.00M | Scene, ViewLayer | Synchronizing object | Door_glazing
Fra:451 Mem:982.75M (Peak 1004.98M) | Time:00:02.25 | Mem:0.00M, Peak:0.00M | Scene, ViewLayer | Synchronizing object | Car_curved_lower_shell.005
Fra:451 Mem:982.75M (Peak 1004.98M) | Time:00:02.25 | Mem:0.00M, Peak:0.00M | Scene, ViewLayer | Synchronizing object | Car_ceiling_light.001
Fra:451 Mem:982.78M (Peak 1004.98M) | Time:00:02.25 | Mem:0.00M, Peak:0.00M | Scene, ViewLayer | Synchronizing object | Wheel_flange.006
Fra:451 Mem:982.79M (Peak 1004.98M) | Time:00:02.25 | Mem:0.00M, Peak:0.00M | Scene, ViewLayer | Synchronizing object | Car_window_horizontal_frame.009
Fra:451 Mem:982.82M (Peak 1004.98M) | Time:00:02.25 | Mem:0.00M, Peak:0.00M | Scene, ViewLayer | Synchronizing object | Car_window_horizontal_frame.013
Fra:451 Mem:982.85M (Peak 1004.98M) | Time:00:02.25 | Mem:0.00M, Peak:0.00M | Scene, ViewLayer | Synchronizing object | Cab_cheek
Fra:451 Mem:982.85M (Peak 1004.98M) | Time:00:02.25 | Mem:0.00M, Peak:0.00M | Scene, ViewLayer | Synchronizing object | Cab_windscreen_mullion
Fra:451 Mem:982.88M (Peak 1004.98M) | Time:00:02.25 | Mem:0.00M, Peak:0.00M | Scene, ViewLayer | Synchronizing object | Car_window_pillar.018
Fra:451 Mem:982.92M (Peak 1004.98M) | Time:00:02.25 | Mem:0.00M, Peak:0.00M | Scene, ViewLayer | Synchronizing object | Wheel_hub.004
Fra:451 Mem:982.92M (Peak 1004.98M) | Time:00:02.25 | Mem:0.00M, Peak:0.00M | Scene, ViewLayer | Synchronizing object | Car_curved_lower_shell.014
Fra:451 Mem:982.93M (Peak 1004.98M) | Time:00:02.25 | Mem:0.00M, Peak:0.00M | Scene, ViewLayer | Synchronizing object | Car_inner_wainscot.002
Fra:451 Mem:982.95M (Peak 1004.98M) | Time:00:02.25 | Mem:0.00M, Peak:0.00M | Scene, ViewLayer | Synchronizing object | Car_seat_back.008
Fra:451 Mem:982.99M (Peak 1004.98M) | Time:00:02.25 | Mem:0.00M, Peak:0.00M | Scene, ViewLayer | Synchronizing object | Car_waist_trim.001
Fra:451 Mem:983.02M (Peak 1004.98M) | Time:00:02.25 | Mem:0.00M, Peak:0.00M | Scene, ViewLayer | Synchronizing object | Car_window_pillar.004
Fra:451 Mem:983.02M (Peak 1004.98M) | Time:00:02.25 | Mem:0.00M, Peak:0.00M | Scene, ViewLayer | Synchronizing object | Car_window_pillar.012
Fra:451 Mem:983.07M (Peak 1004.98M) | Time:00:02.25 | Mem:0.00M, Peak:0.00M | Scene, ViewLayer | Synchronizing object | Car_window_pillar.008
Fra:451 Mem:983.07M (Peak 1004.98M) | Time:00:02.25 | Mem:0.00M, Peak:0.00M | Scene, ViewLayer | Synchronizing object | Cab_side_glass.003
Fra:451 Mem:983.09M (Peak 1004.98M) | Time:00:02.25 | Mem:0.00M, Peak:0.00M | Scene, ViewLayer | Synchronizing object | Cab_side_glass.002
Fra:451 Mem:983.10M (Peak 1004.98M) | Time:00:02.25 | Mem:0.00M, Peak:0.00M | Scene, ViewLayer | Synchronizing object | Car_window_pillar.007
Fra:451 Mem:983.12M (Peak 1004.98M) | Time:00:02.25 | Mem:0.00M, Peak:0.00M | Scene, ViewLayer | Synchronizing object | Car_window_pillar.020
Fra:451 Mem:983.12M (Peak 1004.98M) | Time:00:02.25 | Mem:0.00M, Peak:0.00M | Scene, ViewLayer | Synchronizing object | Train_headlamp_lens.003
Fra:451 Mem:983.16M (Peak 1004.98M) | Time:00:02.25 | Mem:0.00M, Peak:0.00M | Scene, ViewLayer | Synchronizing object | Car_seat_back.007
Fra:451 Mem:983.19M (Peak 1004.98M) | Time:00:02.25 | Mem:0.00M, Peak:0.00M | Scene, ViewLayer | Synchronizing object | Door_cross_frame.001
Fra:451 Mem:983.22M (Peak 1004.98M) | Time:00:02.25 | Mem:0.00M, Peak:0.00M | Scene, ViewLayer | Synchronizing object | Car_window_horizontal_frame.007
Fra:451 Mem:964.94M (Peak 1004.98M) | Time:00:02.25 | Mem:0.00M, Peak:0.00M | Scene, ViewLayer | Synchronizing object | Car_side_window.011
Fra:451 Mem:964.94M (Peak 1004.98M) | Time:00:02.25 | Mem:0.00M, Peak:0.00M | Scene, ViewLayer | Synchronizing object | Car_seat_back.009
Fra:451 Mem:964.97M (Peak 1004.98M) | Time:00:02.25 | Mem:0.00M, Peak:0.00M | Scene, ViewLayer | Synchronizing object | Car_side_window.013
Fra:451 Mem:964.96M (Peak 1004.98M) | Time:00:02.25 | Mem:0.00M, Peak:0.00M | Scene, ViewLayer | Synchronizing object | Bogie_side_frame.001
Fra:451 Mem:964.97M (Peak 1004.98M) | Time:00:02.25 | Mem:0.00M, Peak:0.00M | Scene, ViewLayer | Synchronizing object | Wheel_flange.007
Fra:451 Mem:965.01M (Peak 1004.98M) | Time:00:02.25 | Mem:0.00M, Peak:0.00M | Scene, ViewLayer | Synchronizing object | Car_seat_back.006
Fra:451 Mem:965.06M (Peak 1004.98M) | Time:00:02.25 | Mem:0.00M, Peak:0.00M | Scene, ViewLayer | Synchronizing object | Cab_front_glass
Fra:451 Mem:965.05M (Peak 1004.98M) | Time:00:02.25 | Mem:0.00M, Peak:0.00M | Scene, ViewLayer | Synchronizing object | Car_curved_lower_shell.009
Fra:451 Mem:965.06M (Peak 1004.98M) | Time:00:02.25 | Mem:0.00M, Peak:0.00M | Scene, ViewLayer | Synchronizing object | Wheel_hub.005
Fra:451 Mem:965.06M (Peak 1004.98M) | Time:00:02.25 | Mem:0.00M, Peak:0.00M | Scene, ViewLayer | Synchronizing object | Car_side_window.001
Fra:451 Mem:965.07M (Peak 1004.98M) | Time:00:02.25 | Mem:0.00M, Peak:0.00M | Scene, ViewLayer | Synchronizing object | Train_headlamp_housing.002
Fra:451 Mem:965.10M (Peak 1004.98M) | Time:00:02.25 | Mem:0.00M, Peak:0.00M | Scene, ViewLayer | Synchronizing object | Car_seat_cushion.001
Fra:451 Mem:965.12M (Peak 1004.98M) | Time:00:02.25 | Mem:0.00M, Peak:0.00M | Scene, ViewLayer | Synchronizing object | Car_curved_lower_shell.002
Fra:451 Mem:965.13M (Peak 1004.98M) | Time:00:02.25 | Mem:0.00M, Peak:0.00M | Scene, ViewLayer | Synchronizing object | Car_window_pillar.013
Fra:451 Mem:965.16M (Peak 1004.98M) | Time:00:02.25 | Mem:0.00M, Peak:0.00M | Scene, ViewLayer | Synchronizing object | Car_seat_back.005
Fra:451 Mem:965.22M (Peak 1004.98M) | Time:00:02.25 | Mem:0.00M, Peak:0.00M | Scene, ViewLayer | Synchronizing object | Car_curved_lower_shell.004
Fra:451 Mem:965.19M (Peak 1004.98M) | Time:00:02.25 | Mem:0.00M, Peak:0.00M | Scene, ViewLayer | Synchronizing object | Door_vertical_frame
Fra:451 Mem:965.19M (Peak 1004.98M) | Time:00:02.25 | Mem:0.00M, Peak:0.00M | Scene, ViewLayer | Synchronizing object | Car_inner_wainscot
Fra:451 Mem:965.24M (Peak 1004.98M) | Time:00:02.25 | Mem:0.00M, Peak:0.00M | Scene, ViewLayer | Synchronizing object | Car_side_window.016
Fra:451 Mem:965.25M (Peak 1004.98M) | Time:00:02.25 | Mem:0.00M, Peak:0.00M | Scene, ViewLayer | Synchronizing object | Cab_driver_seat
Fra:451 Mem:965.29M (Peak 1004.98M) | Time:00:02.25 | Mem:0.00M, Peak:0.00M | Scene, ViewLayer | Synchronizing object | Car_seat_back.004
Fra:451 Mem:965.27M (Peak 1004.98M) | Time:00:02.25 | Mem:0.00M, Peak:0.00M | Scene, ViewLayer | Synchronizing object | Cab_side_glass
Fra:451 Mem:965.30M (Peak 1004.98M) | Time:00:02.25 | Mem:0.00M, Peak:0.00M | Scene, ViewLayer | Synchronizing object | Car_seat_cushion
Fra:451 Mem:965.33M (Peak 1004.98M) | Time:00:02.25 | Mem:0.00M, Peak:0.00M | Scene, ViewLayer | Synchronizing object | Car_window_pillar.030
Fra:451 Mem:965.38M (Peak 1004.98M) | Time:00:02.25 | Mem:0.00M, Peak:0.00M | Scene, ViewLayer | Synchronizing object | Wheel_flange
Fra:451 Mem:965.37M (Peak 1004.98M) | Time:00:02.25 | Mem:0.00M, Peak:0.00M | Scene, ViewLayer | Synchronizing object | Car_inner_wainscot.001
Fra:451 Mem:965.38M (Peak 1004.98M) | Time:00:02.25 | Mem:0.00M, Peak:0.00M | Scene, ViewLayer | Synchronizing object | Car_window_horizontal_frame.018
Fra:451 Mem:965.42M (Peak 1004.98M) | Time:00:02.25 | Mem:0.00M, Peak:0.00M | Scene, ViewLayer | Synchronizing object | Car_side_window.003
Fra:451 Mem:965.43M (Peak 1004.98M) | Time:00:02.25 | Mem:0.00M, Peak:0.00M | Scene, ViewLayer | Synchronizing object | Car_window_pillar.025
Fra:451 Mem:965.46M (Peak 1004.98M) | Time:00:02.25 | Mem:0.00M, Peak:0.00M | Scene, ViewLayer | Synchronizing object | Car_window_pillar.021
Fra:451 Mem:965.46M (Peak 1004.98M) | Time:00:02.25 | Mem:0.00M, Peak:0.00M | Scene, ViewLayer | Synchronizing object | Car_side_window.007
Fra:451 Mem:965.49M (Peak 1004.98M) | Time:00:02.25 | Mem:0.00M, Peak:0.00M | Scene, ViewLayer | Synchronizing object | Car_seat_back.003
Fra:451 Mem:965.51M (Peak 1004.98M) | Time:00:02.25 | Mem:0.00M, Peak:0.00M | Scene, ViewLayer | Synchronizing object | Cab_upper_cheek.003
Fra:451 Mem:965.53M (Peak 1004.98M) | Time:00:02.25 | Mem:0.00M, Peak:0.00M | Scene, ViewLayer | Synchronizing object | Bogie_side_frame.003
Fra:451 Mem:965.52M (Peak 1004.98M) | Time:00:02.25 | Mem:0.00M, Peak:0.00M | Scene, ViewLayer | Synchronizing object | Car_ceiling_light
Fra:451 Mem:965.56M (Peak 1004.98M) | Time:00:02.25 | Mem:0.00M, Peak:0.00M | Scene, ViewLayer | Synchronizing object | Door_glazing.001
Fra:451 Mem:965.57M (Peak 1004.98M) | Time:00:02.25 | Mem:0.00M, Peak:0.00M | Scene, ViewLayer | Synchronizing object | Car_window_horizontal_frame.008
Fra:451 Mem:965.61M (Peak 1004.98M) | Time:00:02.25 | Mem:0.00M, Peak:0.00M | Scene, ViewLayer | Synchronizing object | Car_window_horizontal_frame.012
Fra:451 Mem:965.59M (Peak 1004.98M) | Time:00:02.25 | Mem:0.00M, Peak:0.00M | Scene, ViewLayer | Synchronizing object | Car_window_horizontal_frame.017
Fra:451 Mem:965.64M (Peak 1004.98M) | Time:00:02.25 | Mem:0.00M, Peak:0.00M | Scene, ViewLayer | Synchronizing object | Car_seat_cushion.009
Fra:451 Mem:965.69M (Peak 1004.98M) | Time:00:02.25 | Mem:0.00M, Peak:0.00M | Scene, ViewLayer | Synchronizing object | Car_window_horizontal_frame.011
Fra:451 Mem:965.67M (Peak 1004.98M) | Time:00:02.25 | Mem:0.00M, Peak:0.00M | Scene, ViewLayer | Synchronizing object | Car_floor
Fra:451 Mem:965.72M (Peak 1004.98M) | Time:00:02.25 | Mem:0.00M, Peak:0.00M | Scene, ViewLayer | Synchronizing object | Car_seat_cushion.008
Fra:451 Mem:965.75M (Peak 1004.98M) | Time:00:02.25 | Mem:0.00M, Peak:0.00M | Scene, ViewLayer | Synchronizing object | Car_window_horizontal_frame.023
Fra:451 Mem:965.75M (Peak 1004.98M) | Time:00:02.25 | Mem:0.00M, Peak:0.00M | Scene, ViewLayer | Synchronizing object | Cab_front_fairing.001
Fra:451 Mem:965.83M (Peak 1004.98M) | Time:00:02.25 | Mem:0.00M, Peak:0.00M | Scene, ViewLayer | Synchronizing object | Car_curved_lower_shell.015
Fra:451 Mem:965.79M (Peak 1004.98M) | Time:00:02.25 | Mem:0.00M, Peak:0.00M | Scene, ViewLayer | Synchronizing object | Car_waist_trim
Fra:451 Mem:965.80M (Peak 1004.98M) | Time:00:02.25 | Mem:0.00M, Peak:0.00M | Scene, ViewLayer | Synchronizing object | Car_underframe
Fra:451 Mem:965.85M (Peak 1004.98M) | Time:00:02.25 | Mem:0.00M, Peak:0.00M | Scene, ViewLayer | Synchronizing object | Car_window_pillar.003
Fra:451 Mem:965.90M (Peak 1004.98M) | Time:00:02.25 | Mem:0.00M, Peak:0.00M | Scene, ViewLayer | Synchronizing object | Car_window_horizontal_frame.019
Fra:451 Mem:965.87M (Peak 1004.98M) | Time:00:02.25 | Mem:0.00M, Peak:0.00M | Scene, ViewLayer | Synchronizing object | Car_window_pillar.006
Fra:451 Mem:965.92M (Peak 1004.98M) | Time:00:02.25 | Mem:0.00M, Peak:0.00M | Scene, ViewLayer | Synchronizing object | Car_seat_cushion.007
Fra:451 Mem:965.95M (Peak 1004.98M) | Time:00:02.25 | Mem:0.00M, Peak:0.00M | Scene, ViewLayer | Synchronizing object | Car_window_horizontal_frame.006
Fra:451 Mem:965.95M (Peak 1004.98M) | Time:00:02.25 | Mem:0.00M, Peak:0.00M | Scene, ViewLayer | Synchronizing object | Car_window_pillar.035
Fra:451 Mem:966.00M (Peak 1004.98M) | Time:00:02.25 | Mem:0.00M, Peak:0.00M | Scene, ViewLayer | Synchronizing object | Door_vertical_frame.001
Fra:451 Mem:966.02M (Peak 1004.98M) | Time:00:02.25 | Mem:0.00M, Peak:0.00M | Scene, ViewLayer | Synchronizing object | Wheel_flange.002
Fra:451 Mem:966.04M (Peak 1004.98M) | Time:00:02.25 | Mem:0.00M, Peak:0.00M | Scene, ViewLayer | Synchronizing object | Wheel_hub.006
Fra:451 Mem:966.04M (Peak 1004.98M) | Time:00:02.25 | Mem:0.00M, Peak:0.00M | Scene, ViewLayer | Synchronizing object | Car_seat_cushion.006
Fra:451 Mem:966.08M (Peak 1004.98M) | Time:00:02.25 | Mem:0.00M, Peak:0.00M | Scene, ViewLayer | Synchronizing object | Cab_upper_cheek
Fra:451 Mem:966.07M (Peak 1004.98M) | Time:00:02.25 | Mem:0.00M, Peak:0.00M | Scene, ViewLayer | Synchronizing object | Wheel_tread.005
Fra:451 Mem:966.09M (Peak 1004.98M) | Time:00:02.25 | Mem:0.00M, Peak:0.00M | Scene, ViewLayer | Synchronizing object | Wheel_tread.003
Fra:451 Mem:966.10M (Peak 1004.98M) | Time:00:02.25 | Mem:0.00M, Peak:0.00M | Scene, ViewLayer | Synchronizing object | Car_side_window.014
Fra:451 Mem:966.10M (Peak 1004.98M) | Time:00:02.25 | Mem:0.00M, Peak:0.00M | Scene, ViewLayer | Synchronizing object | Train_headlamp_housing
Fra:451 Mem:966.10M (Peak 1004.98M) | Time:00:02.25 | Mem:0.00M, Peak:0.00M | Scene, ViewLayer | Synchronizing object | Cab_control_console
Fra:451 Mem:966.14M (Peak 1004.98M) | Time:00:02.25 | Mem:0.00M, Peak:0.00M | Scene, ViewLayer | Synchronizing object | Cab_buffer_beam.001
Fra:451 Mem:966.17M (Peak 1004.98M) | Time:00:02.25 | Mem:0.00M, Peak:0.00M | Scene, ViewLayer | Synchronizing object | Car_seat_base.001
Fra:451 Mem:966.20M (Peak 1004.98M) | Time:00:02.25 | Mem:0.00M, Peak:0.00M | Scene, ViewLayer | Synchronizing object | Car_curved_lower_shell.008
Fra:451 Mem:966.20M (Peak 1004.98M) | Time:00:02.25 | Mem:0.00M, Peak:0.00M | Scene, ViewLayer | Synchronizing object | Car_door_threshold
Fra:451 Mem:966.23M (Peak 1004.98M) | Time:00:02.25 | Mem:0.00M, Peak:0.00M | Scene, ViewLayer | Synchronizing object | Car_seat_cushion.005
Fra:451 Mem:966.25M (Peak 1004.98M) | Time:00:02.25 | Mem:0.00M, Peak:0.00M | Scene, ViewLayer | Synchronizing object | Wheel_flange.005
Fra:451 Mem:966.29M (Peak 1004.98M) | Time:00:02.25 | Mem:0.00M, Peak:0.00M | Scene, ViewLayer | Synchronizing object | Cab_front_fairing.002
Fra:451 Mem:966.27M (Peak 1004.98M) | Time:00:02.25 | Mem:0.00M, Peak:0.00M | Scene, ViewLayer | Synchronizing object | Axle.003
Fra:451 Mem:966.29M (Peak 1004.98M) | Time:00:02.25 | Mem:0.00M, Peak:0.00M | Scene, ViewLayer | Synchronizing object | Car_seat_cushion.004
Fra:451 Mem:966.29M (Peak 1004.98M) | Time:00:02.25 | Mem:0.00M, Peak:0.00M | Scene, ViewLayer | Synchronizing object | Car_seat_base
Fra:451 Mem:966.36M (Peak 1004.98M) | Time:00:02.25 | Mem:0.00M, Peak:0.00M | Scene, ViewLayer | Synchronizing object | Car_window_horizontal_frame.029
Fra:451 Mem:966.35M (Peak 1004.98M) | Time:00:02.25 | Mem:0.00M, Peak:0.00M | Scene, ViewLayer | Synchronizing object | Car_seat_back.002
Fra:451 Mem:966.41M (Peak 1004.98M) | Time:00:02.25 | Mem:0.00M, Peak:0.00M | Scene, ViewLayer | Synchronizing object | Car_side_window
Fra:451 Mem:966.41M (Peak 1004.98M) | Time:00:02.25 | Mem:0.00M, Peak:0.00M | Scene, ViewLayer | Synchronizing object | Wheel_tread.004
Fra:451 Mem:966.42M (Peak 1004.98M) | Time:00:02.25 | Mem:0.00M, Peak:0.00M | Scene, ViewLayer | Synchronizing object | Wheel_tread.001
Fra:451 Mem:966.43M (Peak 1004.98M) | Time:00:02.25 | Mem:0.00M, Peak:0.00M | Scene, ViewLayer | Synchronizing object | Bogie_side_frame
Fra:451 Mem:966.44M (Peak 1004.98M) | Time:00:02.25 | Mem:0.00M, Peak:0.00M | Scene, ViewLayer | Synchronizing object | Car_window_pillar.032
Fra:451 Mem:966.49M (Peak 1004.98M) | Time:00:02.25 | Mem:0.00M, Peak:0.00M | Scene, ViewLayer | Synchronizing object | Door_cross_frame.003
Fra:451 Mem:966.49M (Peak 1004.98M) | Time:00:02.25 | Mem:0.00M, Peak:0.00M | Scene, ViewLayer | Synchronizing object | Wheel_hub.007
Fra:451 Mem:966.52M (Peak 1004.98M) | Time:00:02.25 | Mem:0.00M, Peak:0.00M | Scene, ViewLayer | Synchronizing object | Car_window_pillar.028
Fra:451 Mem:966.55M (Peak 1004.98M) | Time:00:02.25 | Mem:0.00M, Peak:0.00M | Scene, ViewLayer | Synchronizing object | Cab_complete_roof_loft
Fra:451 Mem:966.56M (Peak 1004.98M) | Time:00:02.25 | Mem:0.00M, Peak:0.00M | Scene, ViewLayer | Synchronizing object | Car_seat_cushion.003
Fra:451 Mem:966.56M (Peak 1004.98M) | Time:00:02.25 | Mem:0.00M, Peak:0.00M | Scene, ViewLayer | Synchronizing object | Car_side_window.009
Fra:451 Mem:966.59M (Peak 1004.98M) | Time:00:02.25 | Mem:0.00M, Peak:0.00M | Scene, ViewLayer | Synchronizing object | Car_window_horizontal_frame.001
Fra:451 Mem:966.64M (Peak 1004.98M) | Time:00:02.25 | Mem:0.00M, Peak:0.00M | Scene, ViewLayer | Synchronizing object | Car_seat_base.009
Fra:451 Mem:966.63M (Peak 1004.98M) | Time:00:02.25 | Mem:0.00M, Peak:0.00M | Scene, ViewLayer | Synchronizing object | Bogie_side_frame.002
Fra:451 Mem:966.68M (Peak 1004.98M) | Time:00:02.25 | Mem:0.00M, Peak:0.00M | Scene, ViewLayer | Synchronizing object | Train_headlamp_lens.002
Fra:451 Mem:966.69M (Peak 1004.98M) | Time:00:02.25 | Mem:0.00M, Peak:0.00M | Scene, ViewLayer | Synchronizing object | Car_curved_lower_shell.006
Fra:451 Mem:966.69M (Peak 1004.98M) | Time:00:02.25 | Mem:0.00M, Peak:0.00M | Scene, ViewLayer | Synchronizing object | Car_side_window.002
Fra:451 Mem:966.69M (Peak 1004.98M) | Time:00:02.25 | Mem:0.00M, Peak:0.00M | Scene, ViewLayer | Synchronizing object | Car_window_horizontal_frame.016
Fra:451 Mem:966.70M (Peak 1004.98M) | Time:00:02.25 | Mem:0.00M, Peak:0.00M | Scene, ViewLayer | Synchronizing object | Car_window_pillar.023
Fra:451 Mem:966.77M (Peak 1004.98M) | Time:00:02.25 | Mem:0.00M, Peak:0.00M | Scene, ViewLayer | Synchronizing object | Car_side_window.004
Fra:451 Mem:966.75M (Peak 1004.98M) | Time:00:02.25 | Mem:0.00M, Peak:0.00M | Scene, ViewLayer | Synchronizing object | Car_window_horizontal_frame.010
Fra:451 Mem:966.75M (Peak 1004.98M) | Time:00:02.25 | Mem:0.00M, Peak:0.00M | Scene, ViewLayer | Synchronizing object | Car_seat_base.008
Fra:451 Mem:966.81M (Peak 1004.98M) | Time:00:02.25 | Mem:0.00M, Peak:0.00M | Scene, ViewLayer | Synchronizing object | Cab_cheek.001
Fra:451 Mem:966.81M (Peak 1004.98M) | Time:00:02.25 | Mem:0.00M, Peak:0.00M | Scene, ViewLayer | Synchronizing object | Car_window_pillar.017
Fra:451 Mem:966.82M (Peak 1004.98M) | Time:00:02.25 | Mem:0.00M, Peak:0.00M | Scene, ViewLayer | Synchronizing object | Car_window_pillar.002
Fra:451 Mem:966.86M (Peak 1004.98M) | Time:00:02.25 | Mem:0.00M, Peak:0.00M | Scene, ViewLayer | Synchronizing object | Wheel_hub
Fra:451 Mem:966.87M (Peak 1004.98M) | Time:00:02.25 | Mem:0.00M, Peak:0.00M | Scene, ViewLayer | Synchronizing object | Car_window_horizontal_frame.005
Fra:451 Mem:966.87M (Peak 1004.98M) | Time:00:02.25 | Mem:0.00M, Peak:0.00M | Scene, ViewLayer | Synchronizing object | Car_window_pillar.001
Fra:451 Mem:966.92M (Peak 1004.98M) | Time:00:02.25 | Mem:0.00M, Peak:0.00M | Scene, ViewLayer | Synchronizing object | Car_seat_base.007
Fra:451 Mem:966.92M (Peak 1004.98M) | Time:00:02.25 | Mem:0.00M, Peak:0.00M | Scene, ViewLayer | Synchronizing object | Door_lower_panel
Fra:451 Mem:966.98M (Peak 1004.98M) | Time:00:02.25 | Mem:0.00M, Peak:0.00M | Scene, ViewLayer | Synchronizing object | Car_curved_lower_shell.012
Fra:451 Mem:966.98M (Peak 1004.98M) | Time:00:02.25 | Mem:0.00M, Peak:0.00M | Scene, ViewLayer | Synchronizing object | Cab_front_glass.001
Fra:451 Mem:966.99M (Peak 1004.98M) | Time:00:02.25 | Mem:0.00M, Peak:0.00M | Scene, ViewLayer | Synchronizing object | Car_window_pillar.034
Fra:451 Mem:967.00M (Peak 1004.98M) | Time:00:02.25 | Mem:0.00M, Peak:0.00M | Scene, ViewLayer | Synchronizing object | Wheel_flange.003
Fra:451 Mem:967.04M (Peak 1004.98M) | Time:00:02.26 | Mem:0.00M, Peak:0.00M | Scene, ViewLayer | Synchronizing object | Car_seat_base.006
Fra:451 Mem:967.06M (Peak 1004.98M) | Time:00:02.26 | Mem:0.00M, Peak:0.00M | Scene, ViewLayer | Synchronizing object | Car_window_pillar.033
Fra:451 Mem:967.09M (Peak 1004.98M) | Time:00:02.26 | Mem:0.00M, Peak:0.00M | Scene, ViewLayer | Synchronizing object | Car_complete_barrel_roof
Fra:451 Mem:967.13M (Peak 1004.98M) | Time:00:02.26 | Mem:0.00M, Peak:0.00M | Scene, ViewLayer | Synchronizing object | Car_window_pillar.016
Fra:451 Mem:967.13M (Peak 1004.98M) | Time:00:02.26 | Mem:0.00M, Peak:0.00M | Scene, ViewLayer | Synchronizing object | Axle
Fra:451 Mem:967.16M (Peak 1004.98M) | Time:00:02.26 | Mem:0.00M, Peak:0.00M | Scene, ViewLayer | Synchronizing object | Door_vertical_frame.002
Fra:451 Mem:967.19M (Peak 1004.98M) | Time:00:02.26 | Mem:0.00M, Peak:0.00M | Scene, ViewLayer | Synchronizing object | Car_ceiling_light.003
Fra:451 Mem:967.22M (Peak 1004.98M) | Time:00:02.26 | Mem:0.00M, Peak:0.00M | Scene, ViewLayer | Synchronizing object | Car_curved_lower_shell
Fra:451 Mem:967.23M (Peak 1004.98M) | Time:00:02.26 | Mem:0.00M, Peak:0.00M | Scene, ViewLayer | Synchronizing object | Car_window_pillar.011
Fra:451 Mem:967.21M (Peak 1004.98M) | Time:00:02.26 | Mem:0.00M, Peak:0.00M | Scene, ViewLayer | Synchronizing object | Car_window_pillar.015
Fra:451 Mem:967.27M (Peak 1004.98M) | Time:00:02.26 | Mem:0.00M, Peak:0.00M | Scene, ViewLayer | Synchronizing object | Cab_floor_extension.001
Fra:451 Mem:967.30M (Peak 1004.98M) | Time:00:02.26 | Mem:0.00M, Peak:0.00M | Scene, ViewLayer | Synchronizing object | Car_seat_base.005
Fra:451 Mem:967.29M (Peak 1004.98M) | Time:00:02.26 | Mem:0.00M, Peak:0.00M | Scene, ViewLayer | Synchronizing object | Car_window_pillar.024
Fra:451 Mem:967.35M (Peak 1004.98M) | Time:00:02.26 | Mem:0.00M, Peak:0.00M | Scene, ViewLayer | Synchronizing object | Car_side_window.015
Fra:451 Mem:967.38M (Peak 1004.98M) | Time:00:02.26 | Mem:0.00M, Peak:0.00M | Scene, ViewLayer | Synchronizing object | Train_headlamp_lens.001
Fra:451 Mem:967.38M (Peak 1004.98M) | Time:00:02.26 | Mem:0.00M, Peak:0.00M | Scene, ViewLayer | Synchronizing object | Axle.002
Fra:451 Mem:967.36M (Peak 1004.98M) | Time:00:02.26 | Mem:0.00M, Peak:0.00M | Scene, ViewLayer | Synchronizing object | Car_window_horizontal_frame.024
Fra:451 Mem:967.37M (Peak 1004.98M) | Time:00:02.26 | Mem:0.00M, Peak:0.00M | Scene, ViewLayer | Synchronizing object | Car_seat_cushion.002
Fra:451 Mem:967.38M (Peak 1004.98M) | Time:00:02.26 | Mem:0.00M, Peak:0.00M | Scene, ViewLayer | Synchronizing object | Bogie_cross_frame
Fra:451 Mem:967.47M (Peak 1004.98M) | Time:00:02.26 | Mem:0.00M, Peak:0.00M | Scene, ViewLayer | Synchronizing object | Car_window_horizontal_frame.031
Fra:451 Mem:967.46M (Peak 1004.98M) | Time:00:02.26 | Mem:0.00M, Peak:0.00M | Scene, ViewLayer | Synchronizing object | Door_cross_frame.002
Fra:451 Mem:967.48M (Peak 1004.98M) | Time:00:02.26 | Mem:0.00M, Peak:0.00M | Scene, ViewLayer | Synchronizing object | Wheel_tread.007
Fra:451 Mem:967.52M (Peak 1004.98M) | Time:00:02.26 | Mem:0.00M, Peak:0.00M | Scene, ViewLayer | Synchronizing object | Car_window_horizontal_frame.027
Fra:451 Mem:967.54M (Peak 1004.98M) | Time:00:02.26 | Mem:0.00M, Peak:0.00M | Scene, ViewLayer | Synchronizing object | Cab_side_glass.001
Fra:451 Mem:967.54M (Peak 1004.98M) | Time:00:02.26 | Mem:0.00M, Peak:0.00M | Scene, ViewLayer | Synchronizing object | Car_seat_base.003
Fra:451 Mem:967.54M (Peak 1004.98M) | Time:00:02.26 | Mem:0.00M, Peak:0.00M | Scene, ViewLayer | Synchronizing object | Car_window_horizontal_frame
Fra:451 Mem:967.61M (Peak 1004.98M) | Time:00:02.26 | Mem:0.00M, Peak:0.00M | Scene, ViewLayer | Synchronizing object | Axle.001
Fra:451 Mem:967.60M (Peak 1004.98M) | Time:00:02.26 | Mem:0.00M, Peak:0.00M | Scene, ViewLayer | Synchronizing object | Train_headlamp_lens
Fra:451 Mem:967.62M (Peak 1004.98M) | Time:00:02.26 | Mem:0.00M, Peak:0.00M | Scene, ViewLayer | Synchronizing object | Bogie_cross_frame.001
Fra:451 Mem:967.64M (Peak 1004.98M) | Time:00:02.26 | Mem:0.00M, Peak:0.00M | Scene, ViewLayer | Synchronizing object | Car_side_window.008
Fra:451 Mem:967.63M (Peak 1004.98M) | Time:00:02.26 | Mem:0.00M, Peak:0.00M | Scene, ViewLayer | Synchronizing object | Car_curved_lower_shell.010
Fra:451 Mem:967.65M (Peak 1004.98M) | Time:00:02.26 | Mem:0.00M, Peak:0.00M | Scene, ViewLayer | Synchronizing object | Car_window_pillar.022
Fra:451 Mem:967.63M (Peak 1004.98M) | Time:00:02.26 | Mem:0.00M, Peak:0.00M | Scene, ViewLayer | Synchronizing object | Cab_front_fairing.003
Fra:451 Mem:967.69M (Peak 1004.98M) | Time:00:02.26 | Mem:0.00M, Peak:0.00M | Scene, ViewLayer | Synchronizing object | Car_window_pillar.026
Fra:451 Mem:967.71M (Peak 1004.98M) | Time:00:02.26 | Mem:0.00M, Peak:0.00M | Scene, ViewLayer | Synchronizing object | Cab_buffer_beam
Fra:451 Mem:967.74M (Peak 1004.98M) | Time:00:02.26 | Mem:0.00M, Peak:0.00M | Scene, ViewLayer | Synchronizing object | Wheel_tread.006
Fra:451 Mem:967.74M (Peak 1004.98M) | Time:00:02.26 | Mem:0.00M, Peak:0.00M | Scene, ViewLayer | Synchronizing object | Car_window_horizontal_frame.003
Fra:451 Mem:967.74M (Peak 1004.98M) | Time:00:02.26 | Mem:0.00M, Peak:0.00M | Scene, ViewLayer | Synchronizing object | Wheel_flange.004
Fra:451 Mem:967.79M (Peak 1004.98M) | Time:00:02.26 | Mem:0.00M, Peak:0.00M | Scene, ViewLayer | Synchronizing object | Car_window_pillar.029
Fra:451 Mem:967.80M (Peak 1004.98M) | Time:00:02.26 | Mem:0.00M, Peak:0.00M | Scene, ViewLayer | Synchronizing object | Primary_suspension
Fra:451 Mem:967.80M (Peak 1004.98M) | Time:00:02.26 | Mem:0.00M, Peak:0.00M | Scene, ViewLayer | Synchronizing object | Car_side_window.005
Fra:451 Mem:967.82M (Peak 1004.98M) | Time:00:02.26 | Mem:0.00M, Peak:0.00M | Scene, ViewLayer | Synchronizing object | G3_glass_retaining_clip
Fra:451 Mem:967.82M (Peak 1004.98M) | Time:00:02.26 | Mem:0.00M, Peak:0.00M | Scene, ViewLayer | Synchronizing object | G3_clip_slotted_fastener
Fra:451 Mem:967.87M (Peak 1004.98M) | Time:00:02.26 | Mem:0.00M, Peak:0.00M | Scene, ViewLayer | Synchronizing object | G3_glass_retaining_clip.001
Fra:451 Mem:967.84M (Peak 1004.98M) | Time:00:02.26 | Mem:0.00M, Peak:0.00M | Scene, ViewLayer | Synchronizing object | G3_clip_slotted_fastener.001
Fra:451 Mem:967.87M (Peak 1004.98M) | Time:00:02.26 | Mem:0.00M, Peak:0.00M | Scene, ViewLayer | Synchronizing object | G3_glass_retaining_clip.002
Fra:451 Mem:967.89M (Peak 1004.98M) | Time:00:02.26 | Mem:0.00M, Peak:0.00M | Scene, ViewLayer | Synchronizing object | G3_clip_slotted_fastener.002
Fra:451 Mem:967.92M (Peak 1004.98M) | Time:00:02.26 | Mem:0.00M, Peak:0.00M | Scene, ViewLayer | Synchronizing object | G3_glass_retaining_clip.003
Fra:451 Mem:967.90M (Peak 1004.98M) | Time:00:02.26 | Mem:0.00M, Peak:0.00M | Scene, ViewLayer | Synchronizing object | G3_clip_slotted_fastener.003
Fra:451 Mem:967.94M (Peak 1004.98M) | Time:00:02.26 | Mem:0.00M, Peak:0.00M | Scene, ViewLayer | Synchronizing object | G3_glass_retaining_clip.004
Fra:451 Mem:967.93M (Peak 1004.98M) | Time:00:02.26 | Mem:0.00M, Peak:0.00M | Scene, ViewLayer | Synchronizing object | G3_clip_slotted_fastener.004
Fra:451 Mem:967.96M (Peak 1004.98M) | Time:00:02.26 | Mem:0.00M, Peak:0.00M | Scene, ViewLayer | Synchronizing object | G3_glass_retaining_clip.005
Fra:451 Mem:967.98M (Peak 1004.98M) | Time:00:02.26 | Mem:0.00M, Peak:0.00M | Scene, ViewLayer | Synchronizing object | G3_clip_slotted_fastener.005
Fra:451 Mem:967.98M (Peak 1004.98M) | Time:00:02.26 | Mem:0.00M, Peak:0.00M | Scene, ViewLayer | Synchronizing object | G3_glass_retaining_clip.006
Fra:451 Mem:968.01M (Peak 1004.98M) | Time:00:02.26 | Mem:0.00M, Peak:0.00M | Scene, ViewLayer | Synchronizing object | G3_glass_retaining_clip.007
Fra:451 Mem:968.03M (Peak 1004.98M) | Time:00:02.26 | Mem:0.00M, Peak:0.00M | Scene, ViewLayer | Synchronizing object | G3_clip_slotted_fastener.007
Fra:451 Mem:968.03M (Peak 1004.98M) | Time:00:02.26 | Mem:0.00M, Peak:0.00M | Scene, ViewLayer | Synchronizing object | G3_glass_retaining_clip.008
Fra:451 Mem:968.03M (Peak 1004.98M) | Time:00:02.26 | Mem:0.00M, Peak:0.00M | Scene, ViewLayer | Synchronizing object | G3_clip_slotted_fastener.008
Fra:451 Mem:968.06M (Peak 1004.98M) | Time:00:02.26 | Mem:0.00M, Peak:0.00M | Scene, ViewLayer | Synchronizing object | G3_glass_retaining_clip.009
Fra:451 Mem:968.09M (Peak 1004.98M) | Time:00:02.26 | Mem:0.00M, Peak:0.00M | Scene, ViewLayer | Synchronizing object | G3_clip_slotted_fastener.009
Fra:451 Mem:968.09M (Peak 1004.98M) | Time:00:02.26 | Mem:0.00M, Peak:0.00M | Scene, ViewLayer | Synchronizing object | G3_glass_retaining_clip.010
Fra:451 Mem:968.10M (Peak 1004.98M) | Time:00:02.26 | Mem:0.00M, Peak:0.00M | Scene, ViewLayer | Synchronizing object | G3_clip_slotted_fastener.010
Fra:451 Mem:968.12M (Peak 1004.98M) | Time:00:02.26 | Mem:0.00M, Peak:0.00M | Scene, ViewLayer | Synchronizing object | G3_glass_retaining_clip.011
Fra:451 Mem:968.15M (Peak 1004.98M) | Time:00:02.26 | Mem:0.00M, Peak:0.00M | Scene, ViewLayer | Synchronizing object | G3_clip_slotted_fastener.011
Fra:451 Mem:968.15M (Peak 1004.98M) | Time:00:02.26 | Mem:0.00M, Peak:0.00M | Scene, ViewLayer | Synchronizing object | G3_glass_retaining_clip.012
Fra:451 Mem:968.19M (Peak 1004.98M) | Time:00:02.26 | Mem:0.00M, Peak:0.00M | Scene, ViewLayer | Synchronizing object | G3_clip_slotted_fastener.012
Fra:451 Mem:968.18M (Peak 1004.98M) | Time:00:02.26 | Mem:0.00M, Peak:0.00M | Scene, ViewLayer | Synchronizing object | G3_glass_retaining_clip.013
Fra:451 Mem:968.20M (Peak 1004.98M) | Time:00:02.26 | Mem:0.00M, Peak:0.00M | Scene, ViewLayer | Synchronizing object | G3_clip_slotted_fastener.013
Fra:451 Mem:968.21M (Peak 1004.98M) | Time:00:02.26 | Mem:0.00M, Peak:0.00M | Scene, ViewLayer | Synchronizing object | G3_glass_retaining_clip.014
Fra:451 Mem:968.24M (Peak 1004.98M) | Time:00:02.26 | Mem:0.00M, Peak:0.00M | Scene, ViewLayer | Synchronizing object | G3_clip_slotted_fastener.014
Fra:451 Mem:968.24M (Peak 1004.98M) | Time:00:02.26 | Mem:0.00M, Peak:0.00M | Scene, ViewLayer | Synchronizing object | G3_glass_retaining_clip.015
Fra:451 Mem:968.27M (Peak 1004.98M) | Time:00:02.26 | Mem:0.00M, Peak:0.00M | Scene, ViewLayer | Synchronizing object | G3_clip_slotted_fastener.015
Fra:451 Mem:968.26M (Peak 1004.98M) | Time:00:02.26 | Mem:0.00M, Peak:0.00M | Scene, ViewLayer | Synchronizing object | G3_glass_retaining_clip.016
Fra:451 Mem:968.30M (Peak 1004.98M) | Time:00:02.26 | Mem:0.00M, Peak:0.00M | Scene, ViewLayer | Synchronizing object | G3_clip_slotted_fastener.016
Fra:451 Mem:968.33M (Peak 1004.98M) | Time:00:02.26 | Mem:0.00M, Peak:0.00M | Scene, ViewLayer | Synchronizing object | G3_glass_retaining_clip.017
Fra:451 Mem:968.30M (Peak 1004.98M) | Time:00:02.26 | Mem:0.00M, Peak:0.00M | Scene, ViewLayer | Synchronizing object | G3_clip_slotted_fastener.017
Fra:451 Mem:968.33M (Peak 1004.98M) | Time:00:02.26 | Mem:0.00M, Peak:0.00M | Scene, ViewLayer | Synchronizing object | G3_glass_retaining_clip.018
Fra:451 Mem:968.36M (Peak 1004.98M) | Time:00:02.26 | Mem:0.00M, Peak:0.00M | Scene, ViewLayer | Synchronizing object | G3_clip_slotted_fastener.018
Fra:451 Mem:968.36M (Peak 1004.98M) | Time:00:02.26 | Mem:0.00M, Peak:0.00M | Scene, ViewLayer | Synchronizing object | G3_glass_retaining_clip.019
Fra:451 Mem:968.37M (Peak 1004.98M) | Time:00:02.26 | Mem:0.00M, Peak:0.00M | Scene, ViewLayer | Synchronizing object | G3_clip_slotted_fastener.019
Fra:451 Mem:968.41M (Peak 1004.98M) | Time:00:02.26 | Mem:0.00M, Peak:0.00M | Scene, ViewLayer | Synchronizing object | G3_glass_retaining_clip.020
Fra:451 Mem:968.42M (Peak 1004.98M) | Time:00:02.26 | Mem:0.00M, Peak:0.00M | Scene, ViewLayer | Synchronizing object | G3_clip_slotted_fastener.020
Fra:451 Mem:968.42M (Peak 1004.98M) | Time:00:02.26 | Mem:0.00M, Peak:0.00M | Scene, ViewLayer | Synchronizing object | G3_glass_retaining_clip.021
Fra:451 Mem:968.46M (Peak 1004.98M) | Time:00:02.26 | Mem:0.00M, Peak:0.00M | Scene, ViewLayer | Synchronizing object | G3_clip_slotted_fastener.021
Fra:451 Mem:968.45M (Peak 1004.98M) | Time:00:02.26 | Mem:0.00M, Peak:0.00M | Scene, ViewLayer | Synchronizing object | G3_glass_retaining_clip.022
Fra:451 Mem:968.48M (Peak 1004.98M) | Time:00:02.26 | Mem:0.00M, Peak:0.00M | Scene, ViewLayer | Synchronizing object | G3_clip_slotted_fastener.022
Fra:451 Mem:968.48M (Peak 1004.98M) | Time:00:02.26 | Mem:0.00M, Peak:0.00M | Scene, ViewLayer | Synchronizing object | G3_glass_retaining_clip.023
Fra:451 Mem:968.51M (Peak 1004.98M) | Time:00:02.26 | Mem:0.00M, Peak:0.00M | Scene, ViewLayer | Synchronizing object | G3_clip_slotted_fastener.023
Fra:451 Mem:968.51M (Peak 1004.98M) | Time:00:02.26 | Mem:0.00M, Peak:0.00M | Scene, ViewLayer | Synchronizing object | G3_glass_retaining_clip.024
Fra:451 Mem:968.53M (Peak 1004.98M) | Time:00:02.26 | Mem:0.00M, Peak:0.00M | Scene, ViewLayer | Synchronizing object | G3_clip_slotted_fastener.024
Fra:451 Mem:968.54M (Peak 1004.98M) | Time:00:02.26 | Mem:0.00M, Peak:0.00M | Scene, ViewLayer | Synchronizing object | G3_glass_retaining_clip.025
Fra:451 Mem:968.57M (Peak 1004.98M) | Time:00:02.26 | Mem:0.00M, Peak:0.00M | Scene, ViewLayer | Synchronizing object | G3_clip_slotted_fastener.025
Fra:451 Mem:968.58M (Peak 1004.98M) | Time:00:02.26 | Mem:0.00M, Peak:0.00M | Scene, ViewLayer | Synchronizing object | G3_glass_retaining_clip.026
Fra:451 Mem:968.60M (Peak 1004.98M) | Time:00:02.26 | Mem:0.00M, Peak:0.00M | Scene, ViewLayer | Synchronizing object | G3_clip_slotted_fastener.026
Fra:451 Mem:968.61M (Peak 1004.98M) | Time:00:02.26 | Mem:0.00M, Peak:0.00M | Scene, ViewLayer | Synchronizing object | G3_glass_retaining_clip.027
Fra:451 Mem:968.63M (Peak 1004.98M) | Time:00:02.26 | Mem:0.00M, Peak:0.00M | Scene, ViewLayer | Synchronizing object | G3_clip_slotted_fastener.027
Fra:451 Mem:968.63M (Peak 1004.98M) | Time:00:02.26 | Mem:0.00M, Peak:0.00M | Scene, ViewLayer | Synchronizing object | G3_glass_retaining_clip.028
Fra:451 Mem:968.63M (Peak 1004.98M) | Time:00:02.26 | Mem:0.00M, Peak:0.00M | Scene, ViewLayer | Synchronizing object | G3_clip_slotted_fastener.028
Fra:451 Mem:968.65M (Peak 1004.98M) | Time:00:02.26 | Mem:0.00M, Peak:0.00M | Scene, ViewLayer | Synchronizing object | G3_glass_retaining_clip.029
Fra:451 Mem:968.70M (Peak 1004.98M) | Time:00:02.26 | Mem:0.00M, Peak:0.00M | Scene, ViewLayer | Synchronizing object | G3_clip_slotted_fastener.029
Fra:451 Mem:968.69M (Peak 1004.98M) | Time:00:02.26 | Mem:0.00M, Peak:0.00M | Scene, ViewLayer | Synchronizing object | G3_glass_retaining_clip.030
Fra:451 Mem:968.72M (Peak 1004.98M) | Time:00:02.26 | Mem:0.00M, Peak:0.00M | Scene, ViewLayer | Synchronizing object | G3_clip_slotted_fastener.030
Fra:451 Mem:968.73M (Peak 1004.98M) | Time:00:02.26 | Mem:0.00M, Peak:0.00M | Scene, ViewLayer | Synchronizing object | G3_glass_retaining_clip.031
Fra:451 Mem:968.75M (Peak 1004.98M) | Time:00:02.26 | Mem:0.00M, Peak:0.00M | Scene, ViewLayer | Synchronizing object | G3_clip_slotted_fastener.031
Fra:451 Mem:968.76M (Peak 1004.98M) | Time:00:02.26 | Mem:0.00M, Peak:0.00M | Scene, ViewLayer | Synchronizing object | G3_column_anchor_bolt
Fra:451 Mem:968.76M (Peak 1004.98M) | Time:00:02.26 | Mem:0.00M, Peak:0.00M | Scene, ViewLayer | Synchronizing object | G3_column_anchor_bolt.001
Fra:451 Mem:968.77M (Peak 1004.98M) | Time:00:02.26 | Mem:0.00M, Peak:0.00M | Scene, ViewLayer | Synchronizing object | G3_column_anchor_bolt.002
Fra:451 Mem:968.76M (Peak 1004.98M) | Time:00:02.26 | Mem:0.00M, Peak:0.00M | Scene, ViewLayer | Synchronizing object | G3_column_anchor_bolt.003
Fra:451 Mem:968.76M (Peak 1004.98M) | Time:00:02.26 | Mem:0.00M, Peak:0.00M | Scene, ViewLayer | Synchronizing object | G3_column_cap_plate
Fra:451 Mem:968.77M (Peak 1004.98M) | Time:00:02.26 | Mem:0.00M, Peak:0.00M | Scene, ViewLayer | Synchronizing object | G3_cap_rivet
Fra:451 Mem:968.80M (Peak 1004.98M) | Time:00:02.26 | Mem:0.00M, Peak:0.00M | Scene, ViewLayer | Synchronizing object | G3_cap_rivet.001
Fra:451 Mem:968.80M (Peak 1004.98M) | Time:00:02.26 | Mem:0.00M, Peak:0.00M | Scene, ViewLayer | Synchronizing object | G3_column_anchor_bolt.004
Fra:451 Mem:968.81M (Peak 1004.98M) | Time:00:02.26 | Mem:0.00M, Peak:0.00M | Scene, ViewLayer | Synchronizing object | G3_column_anchor_bolt.005
Fra:451 Mem:968.81M (Peak 1004.98M) | Time:00:02.26 | Mem:0.00M, Peak:0.00M | Scene, ViewLayer | Synchronizing object | G3_column_anchor_bolt.006
Fra:451 Mem:968.80M (Peak 1004.98M) | Time:00:02.26 | Mem:0.00M, Peak:0.00M | Scene, ViewLayer | Synchronizing object | G3_column_anchor_bolt.007
Fra:451 Mem:968.81M (Peak 1004.98M) | Time:00:02.26 | Mem:0.00M, Peak:0.00M | Scene, ViewLayer | Synchronizing object | G3_cap_rivet.002
Fra:451 Mem:968.83M (Peak 1004.98M) | Time:00:02.26 | Mem:0.00M, Peak:0.00M | Scene, ViewLayer | Synchronizing object | G3_cap_rivet.003
Fra:451 Mem:968.85M (Peak 1004.98M) | Time:00:02.26 | Mem:0.00M, Peak:0.00M | Scene, ViewLayer | Synchronizing object | G3_hall_hinge_barrel
Fra:451 Mem:968.86M (Peak 1004.98M) | Time:00:02.26 | Mem:0.00M, Peak:0.00M | Scene, ViewLayer | Synchronizing object | G3_hall_hinge_barrel.001
Fra:451 Mem:968.86M (Peak 1004.98M) | Time:00:02.26 | Mem:0.00M, Peak:0.00M | Scene, ViewLayer | Synchronizing object | G3_hall_hinge_barrel.002
Fra:451 Mem:968.87M (Peak 1004.98M) | Time:00:02.26 | Mem:0.00M, Peak:0.00M | Scene, ViewLayer | Synchronizing object | G3_hall_hinge_barrel.003
Fra:451 Mem:968.87M (Peak 1004.98M) | Time:00:02.26 | Mem:0.00M, Peak:0.00M | Scene, ViewLayer | Synchronizing object | G3_hall_hinge_barrel.004
Fra:451 Mem:968.89M (Peak 1004.98M) | Time:00:02.26 | Mem:0.00M, Peak:0.00M | Scene, ViewLayer | Synchronizing object | G3_hall_hinge_barrel.005
Fra:451 Mem:968.89M (Peak 1004.98M) | Time:00:02.26 | Mem:0.00M, Peak:0.00M | Scene, ViewLayer | Synchronizing object | G3_drain_grate
Fra:451 Mem:968.92M (Peak 1004.98M) | Time:00:02.26 | Mem:0.00M, Peak:0.00M | Scene, ViewLayer | Synchronizing object | G3_drain_grate.001
Fra:451 Mem:968.95M (Peak 1004.98M) | Time:00:02.26 | Mem:0.00M, Peak:0.00M | Scene, ViewLayer | Synchronizing object | G3_drain_grate.002
Fra:451 Mem:968.98M (Peak 1004.98M) | Time:00:02.26 | Mem:0.00M, Peak:0.00M | Scene, ViewLayer | Synchronizing object | G3_drain_grate.003
Fra:451 Mem:968.97M (Peak 1004.98M) | Time:00:02.26 | Mem:0.00M, Peak:0.00M | Scene, ViewLayer | Synchronizing object | G3_drain_grate.004
Fra:451 Mem:969.04M (Peak 1004.98M) | Time:00:02.26 | Mem:0.00M, Peak:0.00M | Scene, ViewLayer | Synchronizing object | G3_drain_grate.005
Fra:451 Mem:969.05M (Peak 1004.98M) | Time:00:02.26 | Mem:0.00M, Peak:0.00M | Scene, ViewLayer | Synchronizing object | G3_drain_grate.006
Fra:451 Mem:969.05M (Peak 1004.98M) | Time:00:02.26 | Mem:0.00M, Peak:0.00M | Scene, ViewLayer | Synchronizing object | G3_drain_grate.007
Fra:451 Mem:969.10M (Peak 1004.98M) | Time:00:02.26 | Mem:0.00M, Peak:0.00M | Scene, ViewLayer | Synchronizing object | G3_drain_grate.008
Fra:451 Mem:969.12M (Peak 1004.98M) | Time:00:02.26 | Mem:0.00M, Peak:0.00M | Scene, ViewLayer | Synchronizing object | G3_drain_grate.009
Fra:451 Mem:969.12M (Peak 1004.98M) | Time:00:02.26 | Mem:0.00M, Peak:0.00M | Scene, ViewLayer | Synchronizing object | G3_drain_grate.010
Fra:451 Mem:969.18M (Peak 1004.98M) | Time:00:02.26 | Mem:0.00M, Peak:0.00M | Scene, ViewLayer | Synchronizing object | G3_drain_grate.011
Fra:451 Mem:969.23M (Peak 1004.98M) | Time:00:02.26 | Mem:0.00M, Peak:0.00M | Scene, ViewLayer | Synchronizing object | G3_drain_grate.012
Fra:451 Mem:969.19M (Peak 1004.98M) | Time:00:02.26 | Mem:0.00M, Peak:0.00M | Scene, ViewLayer | Synchronizing object | G3_drain_grate.013
Fra:451 Mem:969.25M (Peak 1004.98M) | Time:00:02.26 | Mem:0.00M, Peak:0.00M | Scene, ViewLayer | Synchronizing object | G3_drain_grate.014
Fra:451 Mem:969.26M (Peak 1004.98M) | Time:00:02.26 | Mem:0.00M, Peak:0.00M | Scene, ViewLayer | Synchronizing object | G3_drain_grate.015
Fra:451 Mem:969.31M (Peak 1004.98M) | Time:00:02.26 | Mem:0.00M, Peak:0.00M | Scene, ViewLayer | Synchronizing object | G3_drain_grate.016
Fra:451 Mem:969.33M (Peak 1004.98M) | Time:00:02.26 | Mem:0.00M, Peak:0.00M | Scene, ViewLayer | Synchronizing object | G3_drain_grate.017
Fra:451 Mem:969.33M (Peak 1004.98M) | Time:00:02.26 | Mem:0.00M, Peak:0.00M | Scene, ViewLayer | Synchronizing object | G3_drain_grate.018
Fra:451 Mem:969.33M (Peak 1004.98M) | Time:00:02.26 | Mem:0.00M, Peak:0.00M | Scene, ViewLayer | Synchronizing object | G3_drain_grate.019
Fra:451 Mem:969.40M (Peak 1004.98M) | Time:00:02.26 | Mem:0.00M, Peak:0.00M | Scene, ViewLayer | Synchronizing object | G3_drain_grate.020
Fra:451 Mem:969.40M (Peak 1004.98M) | Time:00:02.26 | Mem:0.00M, Peak:0.00M | Scene, ViewLayer | Synchronizing object | G3_table_edge_inlay
Fra:451 Mem:969.55M (Peak 1004.98M) | Time:00:02.26 | Mem:0.00M, Peak:0.00M | Scene, ViewLayer | Synchronizing object | G3_turned_pedestal
Fra:451 Mem:969.68M (Peak 1004.98M) | Time:00:02.26 | Mem:0.00M, Peak:0.00M | Scene, ViewLayer | Synchronizing object | G3_foot_felt_contact
Fra:451 Mem:969.75M (Peak 1004.98M) | Time:00:02.26 | Mem:0.00M, Peak:0.00M | Scene, ViewLayer | Synchronizing object | G3_foot_felt_contact.001
Fra:451 Mem:969.76M (Peak 1004.98M) | Time:00:02.26 | Mem:0.00M, Peak:0.00M | Scene, ViewLayer | Synchronizing object | G3_foot_felt_contact.002
Fra:451 Mem:969.76M (Peak 1004.98M) | Time:00:02.26 | Mem:0.00M, Peak:0.00M | Scene, ViewLayer | Synchronizing object | G3_sideboard_carcass
Fra:451 Mem:969.84M (Peak 1004.98M) | Time:00:02.26 | Mem:0.00M, Peak:0.00M | Scene, ViewLayer | Synchronizing object | G3_sideboard_top
Fra:451 Mem:969.86M (Peak 1004.98M) | Time:00:02.26 | Mem:0.00M, Peak:0.00M | Scene, ViewLayer | Synchronizing object | G3_cabinet_stile
Fra:451 Mem:969.89M (Peak 1004.98M) | Time:00:02.26 | Mem:0.00M, Peak:0.00M | Scene, ViewLayer | Synchronizing object | G3_cabinet_stile.001
Fra:451 Mem:969.91M (Peak 1004.98M) | Time:00:02.26 | Mem:0.00M, Peak:0.00M | Scene, ViewLayer | Synchronizing object | G3_cabinet_rail
Fra:451 Mem:969.95M (Peak 1004.98M) | Time:00:02.26 | Mem:0.00M, Peak:0.00M | Scene, ViewLayer | Synchronizing object | G3_cabinet_rail.001
Fra:451 Mem:969.97M (Peak 1004.98M) | Time:00:02.26 | Mem:0.00M, Peak:0.00M | Scene, ViewLayer | Synchronizing object | G3_cabinet_recessed_panel
Fra:451 Mem:970.01M (Peak 1004.98M) | Time:00:02.26 | Mem:0.00M, Peak:0.00M | Scene, ViewLayer | Synchronizing object | G3_panel_border
Fra:451 Mem:970.04M (Peak 1004.98M) | Time:00:02.26 | Mem:0.00M, Peak:0.00M | Scene, ViewLayer | Synchronizing object | G3_panel_border.001
Fra:451 Mem:970.03M (Peak 1004.98M) | Time:00:02.26 | Mem:0.00M, Peak:0.00M | Scene, ViewLayer | Synchronizing object | G3_cabinet_pull_mount
Fra:451 Mem:970.07M (Peak 1004.98M) | Time:00:02.26 | Mem:0.00M, Peak:0.00M | Scene, ViewLayer | Synchronizing object | G3_cabinet_pull
Fra:451 Mem:970.08M (Peak 1004.98M) | Time:00:02.26 | Mem:0.00M, Peak:0.00M | Scene, ViewLayer | Synchronizing object | G3_cabinet_recessed_panel.001
Fra:451 Mem:970.10M (Peak 1004.98M) | Time:00:02.26 | Mem:0.00M, Peak:0.00M | Scene, ViewLayer | Synchronizing object | G3_panel_border.002
Fra:451 Mem:970.13M (Peak 1004.98M) | Time:00:02.26 | Mem:0.00M, Peak:0.00M | Scene, ViewLayer | Synchronizing object | G3_panel_border.003
Fra:451 Mem:970.16M (Peak 1004.98M) | Time:00:02.26 | Mem:0.00M, Peak:0.00M | Scene, ViewLayer | Synchronizing object | G3_cabinet_pull_mount.001
Fra:451 Mem:970.16M (Peak 1004.98M) | Time:00:02.26 | Mem:0.00M, Peak:0.00M | Scene, ViewLayer | Synchronizing object | G3_cabinet_pull.001
Fra:451 Mem:970.19M (Peak 1004.98M) | Time:00:02.26 | Mem:0.00M, Peak:0.00M | Scene, ViewLayer | Synchronizing object | G3_cabinet_foot
Fra:451 Mem:970.17M (Peak 1004.98M) | Time:00:02.26 | Mem:0.00M, Peak:0.00M | Scene, ViewLayer | Synchronizing object | G3_cabinet_foot.001
Fra:451 Mem:970.18M (Peak 1004.98M) | Time:00:02.26 | Mem:0.00M, Peak:0.00M | Scene, ViewLayer | Synchronizing object | G3_cabinet_foot.002
Fra:451 Mem:970.19M (Peak 1004.98M) | Time:00:02.26 | Mem:0.00M, Peak:0.00M | Scene, ViewLayer | Synchronizing object | G3_cabinet_foot.003
Fra:451 Mem:970.20M (Peak 1004.98M) | Time:00:02.26 | Mem:0.00M, Peak:0.00M | Scene, ViewLayer | Synchronizing object | G3_porcelain_saucer
Fra:451 Mem:970.22M (Peak 1004.98M) | Time:00:02.26 | Mem:0.00M, Peak:0.00M | Scene, ViewLayer | Synchronizing object | G3_porcelain_cup
Fra:451 Mem:970.41M (Peak 1004.98M) | Time:00:02.26 | Mem:0.00M, Peak:0.00M | Scene, ViewLayer | Synchronizing object | G3_coffee_meniscus
Fra:451 Mem:970.46M (Peak 1004.98M) | Time:00:02.26 | Mem:0.00M, Peak:0.00M | Scene, ViewLayer | Synchronizing object | G3_lamp_base
Fra:451 Mem:970.46M (Peak 1004.98M) | Time:00:02.26 | Mem:0.00M, Peak:0.00M | Scene, ViewLayer | Synchronizing object | G3_lamp_stem
Fra:451 Mem:970.50M (Peak 1004.98M) | Time:00:02.26 | Mem:0.00M, Peak:0.00M | Scene, ViewLayer | Synchronizing object | G3_lamp_shade
Fra:451 Mem:970.55M (Peak 1004.98M) | Time:00:02.26 | Mem:0.00M, Peak:0.00M | Scene, ViewLayer | Synchronizing object | G3_lamp_diffuser
Fra:451 Mem:970.58M (Peak 1004.98M) | Time:00:02.26 | Mem:0.00M, Peak:0.00M | Scene, ViewLayer | Synchronizing object | GreenChair_01
Fra:451 Mem:970.65M (Peak 1004.98M) | Time:00:02.26 | Mem:0.00M, Peak:0.00M | Scene, ViewLayer | Synchronizing object | GreenChair_01.001
Fra:451 Mem:971.32M (Peak 1004.98M) | Time:00:02.26 | Mem:0.00M, Peak:0.00M | Scene, ViewLayer | Synchronizing object | potted_plant_01_stem
Fra:451 Mem:972.48M (Peak 1004.98M) | Time:00:02.26 | Mem:0.00M, Peak:0.00M | Scene, ViewLayer | Synchronizing object | potted_plant_01_pebbles
Fra:451 Mem:980.85M (Peak 1004.98M) | Time:00:02.27 | Mem:0.00M, Peak:0.00M | Scene, ViewLayer | Synchronizing object | potted_plant_01_pot
Fra:451 Mem:983.13M (Peak 1004.98M) | Time:00:02.27 | Mem:0.00M, Peak:0.00M | Scene, ViewLayer | Synchronizing object | G4R03_eave_drips
Fra:451 Mem:983.04M (Peak 1004.98M) | Time:00:02.28 | Mem:0.00M, Peak:0.00M | Scene, ViewLayer | Synchronizing object | G4R03_adherent_rivulet
Fra:451 Mem:983.06M (Peak 1004.98M) | Time:00:02.28 | Mem:0.00M, Peak:0.00M | Scene, ViewLayer | Synchronizing object | G4R03_adherent_rivulet.001
Fra:451 Mem:983.08M (Peak 1004.98M) | Time:00:02.28 | Mem:0.00M, Peak:0.00M | Scene, ViewLayer | Synchronizing object | G4R03_adherent_rivulet.002
Fra:451 Mem:983.10M (Peak 1004.98M) | Time:00:02.28 | Mem:0.00M, Peak:0.00M | Scene, ViewLayer | Synchronizing object | G4R03_adherent_rivulet.003
Fra:451 Mem:983.12M (Peak 1004.98M) | Time:00:02.28 | Mem:0.00M, Peak:0.00M | Scene, ViewLayer | Synchronizing object | G4R03_adherent_rivulet.004
Fra:451 Mem:983.14M (Peak 1004.98M) | Time:00:02.28 | Mem:0.00M, Peak:0.00M | Scene, ViewLayer | Synchronizing object | G4R03_adherent_rivulet.005
Fra:451 Mem:983.16M (Peak 1004.98M) | Time:00:02.28 | Mem:0.00M, Peak:0.00M | Scene, ViewLayer | Synchronizing object | G4R03_adherent_rivulet.006
Fra:451 Mem:983.18M (Peak 1004.98M) | Time:00:02.28 | Mem:0.00M, Peak:0.00M | Scene, ViewLayer | Synchronizing object | G4R03_adherent_rivulet.007
Fra:451 Mem:983.85M (Peak 1004.98M) | Time:00:02.28 | Mem:0.00M, Peak:0.00M | Scene, ViewLayer | Synchronizing object | G4R03_adherent_rivulet.008
Fra:451 Mem:984.02M (Peak 1004.98M) | Time:00:02.28 | Mem:0.00M, Peak:0.00M | Scene, ViewLayer | Synchronizing object | G4R03_adherent_rivulet.009
Fra:451 Mem:984.04M (Peak 1004.98M) | Time:00:02.28 | Mem:0.00M, Peak:0.00M | Scene, ViewLayer | Synchronizing object | G4R03_adherent_rivulet.010
Fra:451 Mem:984.06M (Peak 1004.98M) | Time:00:02.28 | Mem:0.00M, Peak:0.00M | Scene, ViewLayer | Synchronizing object | G4R03_adherent_rivulet.011
Fra:451 Mem:984.08M (Peak 1004.98M) | Time:00:02.28 | Mem:0.00M, Peak:0.00M | Scene, ViewLayer | Synchronizing object | G4R03_adherent_rivulet.012
Fra:451 Mem:984.10M (Peak 1004.98M) | Time:00:02.28 | Mem:0.00M, Peak:0.00M | Scene, ViewLayer | Synchronizing object | G4R03_adherent_rivulet.013
Fra:451 Mem:984.12M (Peak 1004.98M) | Time:00:02.28 | Mem:0.00M, Peak:0.00M | Scene, ViewLayer | Synchronizing object | G4R03_adherent_rivulet.014
Fra:451 Mem:984.14M (Peak 1004.98M) | Time:00:02.28 | Mem:0.00M, Peak:0.00M | Scene, ViewLayer | Synchronizing object | G4R03_adherent_rivulet.015
Fra:451 Mem:984.16M (Peak 1004.98M) | Time:00:02.28 | Mem:0.00M, Peak:0.00M | Scene, ViewLayer | Synchronizing object | G4R03_adherent_rivulet.016
Fra:451 Mem:984.18M (Peak 1004.98M) | Time:00:02.28 | Mem:0.00M, Peak:0.00M | Scene, ViewLayer | Synchronizing object | G4R03_adherent_rivulet.017
Fra:451 Mem:984.20M (Peak 1004.98M) | Time:00:02.28 | Mem:0.00M, Peak:0.00M | Scene, ViewLayer | Synchronizing object | G4R03_adherent_rivulet.018
Fra:451 Mem:984.22M (Peak 1004.98M) | Time:00:02.28 | Mem:0.00M, Peak:0.00M | Scene, ViewLayer | Synchronizing object | G4R03_adherent_rivulet.019
Fra:451 Mem:984.24M (Peak 1004.98M) | Time:00:02.28 | Mem:0.00M, Peak:0.00M | Scene, ViewLayer | Synchronizing object | G4R03_adherent_rivulet.020
Fra:451 Mem:984.26M (Peak 1004.98M) | Time:00:02.28 | Mem:0.00M, Peak:0.00M | Scene, ViewLayer | Synchronizing object | G4R03_adherent_rivulet.021
Fra:451 Mem:984.28M (Peak 1004.98M) | Time:00:02.28 | Mem:0.00M, Peak:0.00M | Scene, ViewLayer | Synchronizing object | G4R03_adherent_rivulet.022
Fra:451 Mem:984.30M (Peak 1004.98M) | Time:00:02.28 | Mem:0.00M, Peak:0.00M | Scene, ViewLayer | Synchronizing object | G4R03_adherent_rivulet.023
Fra:451 Mem:984.32M (Peak 1004.98M) | Time:00:02.28 | Mem:0.00M, Peak:0.00M | Scene, ViewLayer | Synchronizing object | G4R03_adherent_rivulet.024
Fra:451 Mem:984.34M (Peak 1004.98M) | Time:00:02.28 | Mem:0.00M, Peak:0.00M | Scene, ViewLayer | Synchronizing object | G4R03_adherent_rivulet.025
Fra:451 Mem:984.36M (Peak 1004.98M) | Time:00:02.28 | Mem:0.00M, Peak:0.00M | Scene, ViewLayer | Synchronizing object | G4R03_adherent_rivulet.026
Fra:451 Mem:984.38M (Peak 1004.98M) | Time:00:02.28 | Mem:0.00M, Peak:0.00M | Scene, ViewLayer | Synchronizing object | G4R03_adherent_rivulet.027
Fra:451 Mem:984.40M (Peak 1004.98M) | Time:00:02.28 | Mem:0.00M, Peak:0.00M | Scene, ViewLayer | Synchronizing object | G4R03_adherent_rivulet.028
Fra:451 Mem:984.42M (Peak 1004.98M) | Time:00:02.28 | Mem:0.00M, Peak:0.00M | Scene, ViewLayer | Synchronizing object | G4R03_adherent_rivulet.029
Fra:451 Mem:984.44M (Peak 1004.98M) | Time:00:02.28 | Mem:0.00M, Peak:0.00M | Scene, ViewLayer | Synchronizing object | G4R03_adherent_rivulet.030
Fra:451 Mem:984.46M (Peak 1004.98M) | Time:00:02.28 | Mem:0.00M, Peak:0.00M | Scene, ViewLayer | Synchronizing object | G4R03_adherent_rivulet.031
Fra:451 Mem:984.48M (Peak 1004.98M) | Time:00:02.28 | Mem:0.00M, Peak:0.00M | Scene, ViewLayer | Synchronizing object | G4R03_adherent_rivulet.032
Fra:451 Mem:984.50M (Peak 1004.98M) | Time:00:02.28 | Mem:0.00M, Peak:0.00M | Scene, ViewLayer | Synchronizing object | G4R03_adherent_rivulet.033
Fra:451 Mem:984.52M (Peak 1004.98M) | Time:00:02.28 | Mem:0.00M, Peak:0.00M | Scene, ViewLayer | Synchronizing object | G4R03_adherent_rivulet.034
Fra:451 Mem:984.54M (Peak 1004.98M) | Time:00:02.28 | Mem:0.00M, Peak:0.00M | Scene, ViewLayer | Synchronizing object | G4R03_adherent_rivulet.035
Fra:451 Mem:984.56M (Peak 1004.98M) | Time:00:02.28 | Mem:0.00M, Peak:0.00M | Scene, ViewLayer | Synchronizing object | G4R03_adherent_rivulet.036
Fra:451 Mem:984.44M (Peak 1004.98M) | Time:00:02.28 | Mem:0.00M, Peak:0.00M | Scene, ViewLayer | Synchronizing object | G4R03_adherent_rivulet.037
Fra:451 Mem:984.46M (Peak 1004.98M) | Time:00:02.28 | Mem:0.00M, Peak:0.00M | Scene, ViewLayer | Synchronizing object | G4R03_adherent_rivulet.038
Fra:451 Mem:984.48M (Peak 1004.98M) | Time:00:02.28 | Mem:0.00M, Peak:0.00M | Scene, ViewLayer | Synchronizing object | G4R03_adherent_rivulet.039
Fra:451 Mem:984.50M (Peak 1004.98M) | Time:00:02.28 | Mem:0.00M, Peak:0.00M | Scene, ViewLayer | Synchronizing object | G4R03_adherent_rivulet.040
Fra:451 Mem:984.52M (Peak 1004.98M) | Time:00:02.28 | Mem:0.00M, Peak:0.00M | Scene, ViewLayer | Synchronizing object | G4R03_adherent_rivulet.041
Fra:451 Mem:984.54M (Peak 1004.98M) | Time:00:02.28 | Mem:0.00M, Peak:0.00M | Scene, ViewLayer | Synchronizing object | G4R03_adherent_rivulet.042
Fra:451 Mem:984.56M (Peak 1004.98M) | Time:00:02.28 | Mem:0.00M, Peak:0.00M | Scene, ViewLayer | Synchronizing object | G4R03_adherent_rivulet.043
Fra:451 Mem:984.58M (Peak 1004.98M) | Time:00:02.28 | Mem:0.00M, Peak:0.00M | Scene, ViewLayer | Synchronizing object | G4R03_adherent_rivulet.044
Fra:451 Mem:984.60M (Peak 1004.98M) | Time:00:02.28 | Mem:0.00M, Peak:0.00M | Scene, ViewLayer | Synchronizing object | G4R03_adherent_rivulet.045
Fra:451 Mem:984.62M (Peak 1004.98M) | Time:00:02.28 | Mem:0.00M, Peak:0.00M | Scene, ViewLayer | Synchronizing object | G4R03_adherent_rivulet.046
Fra:451 Mem:984.64M (Peak 1004.98M) | Time:00:02.28 | Mem:0.00M, Peak:0.00M | Scene, ViewLayer | Synchronizing object | G4R03_adherent_rivulet.047
Fra:451 Mem:984.66M (Peak 1004.98M) | Time:00:02.28 | Mem:0.00M, Peak:0.00M | Scene, ViewLayer | Synchronizing object | G4R03_adherent_rivulet.048
Fra:451 Mem:984.68M (Peak 1004.98M) | Time:00:02.28 | Mem:0.00M, Peak:0.00M | Scene, ViewLayer | Synchronizing object | G4R03_adherent_rivulet.049
Fra:451 Mem:984.70M (Peak 1004.98M) | Time:00:02.28 | Mem:0.00M, Peak:0.00M | Scene, ViewLayer | Synchronizing object | G4R03_adherent_rivulet.050
Fra:451 Mem:984.72M (Peak 1004.98M) | Time:00:02.28 | Mem:0.00M, Peak:0.00M | Scene, ViewLayer | Synchronizing object | G4R03_adherent_rivulet.051
Fra:451 Mem:984.74M (Peak 1004.98M) | Time:00:02.28 | Mem:0.00M, Peak:0.00M | Scene, ViewLayer | Synchronizing object | G4R03_adherent_rivulet.052
Fra:451 Mem:984.76M (Peak 1004.98M) | Time:00:02.28 | Mem:0.00M, Peak:0.00M | Scene, ViewLayer | Synchronizing object | G4R03_adherent_rivulet.053
Fra:451 Mem:984.78M (Peak 1004.98M) | Time:00:02.28 | Mem:0.00M, Peak:0.00M | Scene, ViewLayer | Synchronizing object | G4R03_adherent_rivulet.054
Fra:451 Mem:984.80M (Peak 1004.98M) | Time:00:02.28 | Mem:0.00M, Peak:0.00M | Scene, ViewLayer | Synchronizing object | G4R03_adherent_rivulet.055
Fra:451 Mem:984.82M (Peak 1004.98M) | Time:00:02.28 | Mem:0.00M, Peak:0.00M | Scene, ViewLayer | Synchronizing object | G4R03_adherent_rivulet.056
Fra:451 Mem:984.84M (Peak 1004.98M) | Time:00:02.28 | Mem:0.00M, Peak:0.00M | Scene, ViewLayer | Synchronizing object | G4R03_adherent_rivulet.057
Fra:451 Mem:984.86M (Peak 1004.98M) | Time:00:02.28 | Mem:0.00M, Peak:0.00M | Scene, ViewLayer | Synchronizing object | G4R03_adherent_rivulet.058
Fra:451 Mem:984.88M (Peak 1004.98M) | Time:00:02.28 | Mem:0.00M, Peak:0.00M | Scene, ViewLayer | Synchronizing object | G4R03_adherent_rivulet.059
Fra:451 Mem:984.90M (Peak 1004.98M) | Time:00:02.28 | Mem:0.00M, Peak:0.00M | Scene, ViewLayer | Synchronizing object | G4R03_adherent_rivulet.060
Fra:451 Mem:984.92M (Peak 1004.98M) | Time:00:02.28 | Mem:0.00M, Peak:0.00M | Scene, ViewLayer | Synchronizing object | G4R03_adherent_rivulet.061
Fra:451 Mem:984.94M (Peak 1004.98M) | Time:00:02.28 | Mem:0.00M, Peak:0.00M | Scene, ViewLayer | Synchronizing object | G4R03_adherent_rivulet.062
Fra:451 Mem:984.96M (Peak 1004.98M) | Time:00:02.28 | Mem:0.00M, Peak:0.00M | Scene, ViewLayer | Synchronizing object | G4R03_adherent_rivulet.063
Fra:451 Mem:984.99M (Peak 1004.98M) | Time:00:02.28 | Mem:0.00M, Peak:0.00M | Scene, ViewLayer | Synchronizing object | G4R03_adherent_rivulet.064
Fra:451 Mem:985.01M (Peak 1004.98M) | Time:00:02.28 | Mem:0.00M, Peak:0.00M | Scene, ViewLayer | Synchronizing object | G4R03_adherent_rivulet.065
Fra:451 Mem:985.03M (Peak 1004.98M) | Time:00:02.28 | Mem:0.00M, Peak:0.00M | Scene, ViewLayer | Synchronizing object | G4R03_adherent_rivulet.066
Fra:451 Mem:985.05M (Peak 1004.98M) | Time:00:02.28 | Mem:0.00M, Peak:0.00M | Scene, ViewLayer | Synchronizing object | G4R03_adherent_rivulet.067
Fra:451 Mem:985.07M (Peak 1004.98M) | Time:00:02.28 | Mem:0.00M, Peak:0.00M | Scene, ViewLayer | Synchronizing object | G4R03_adherent_rivulet.068
Fra:451 Mem:985.09M (Peak 1004.98M) | Time:00:02.28 | Mem:0.00M, Peak:0.00M | Scene, ViewLayer | Synchronizing object | G4R03_adherent_rivulet.069
Fra:451 Mem:985.11M (Peak 1004.98M) | Time:00:02.28 | Mem:0.00M, Peak:0.00M | Scene, ViewLayer | Synchronizing object | G4R03_adherent_rivulet.070
Fra:451 Mem:985.13M (Peak 1004.98M) | Time:00:02.28 | Mem:0.00M, Peak:0.00M | Scene, ViewLayer | Synchronizing object | G4R03_adherent_rivulet.071
Fra:451 Mem:985.15M (Peak 1004.98M) | Time:00:02.28 | Mem:0.00M, Peak:0.00M | Scene, ViewLayer | Synchronizing object | G4R03_puddle_impact_wave
Fra:451 Mem:985.22M (Peak 1004.98M) | Time:00:02.28 | Mem:0.00M, Peak:0.00M | Scene, ViewLayer | Synchronizing object | G4R03_puddle_impact_wave.001
Fra:451 Mem:985.30M (Peak 1004.98M) | Time:00:02.28 | Mem:0.00M, Peak:0.00M | Scene, ViewLayer | Synchronizing object | G4R03_puddle_impact_wave.002
Fra:451 Mem:985.38M (Peak 1004.98M) | Time:00:02.28 | Mem:0.00M, Peak:0.00M | Scene, ViewLayer | Synchronizing object | G4R03_puddle_impact_wave.003
Fra:451 Mem:985.46M (Peak 1004.98M) | Time:00:02.28 | Mem:0.00M, Peak:0.00M | Scene, ViewLayer | Synchronizing object | G4R03_puddle_impact_wave.004
Fra:451 Mem:985.54M (Peak 1004.98M) | Time:00:02.28 | Mem:0.00M, Peak:0.00M | Scene, ViewLayer | Synchronizing object | G4R03_puddle_impact_wave.005
Fra:451 Mem:985.61M (Peak 1004.98M) | Time:00:02.28 | Mem:0.00M, Peak:0.00M | Scene, ViewLayer | Synchronizing object | G4R03_puddle_impact_wave.006
Fra:451 Mem:985.69M (Peak 1004.98M) | Time:00:02.28 | Mem:0.00M, Peak:0.00M | Scene, ViewLayer | Synchronizing object | G4R03_puddle_impact_wave.007
Fra:451 Mem:985.77M (Peak 1004.98M) | Time:00:02.28 | Mem:0.00M, Peak:0.00M | Scene, ViewLayer | Synchronizing object | G4R03_puddle_impact_wave.008
Fra:451 Mem:985.85M (Peak 1004.98M) | Time:00:02.28 | Mem:0.00M, Peak:0.00M | Scene, ViewLayer | Synchronizing object | G4R03_puddle_impact_wave.009
Fra:451 Mem:985.92M (Peak 1004.98M) | Time:00:02.28 | Mem:0.00M, Peak:0.00M | Scene, ViewLayer | Synchronizing object | G4R03_puddle_impact_wave.010
Fra:451 Mem:986.00M (Peak 1004.98M) | Time:00:02.28 | Mem:0.00M, Peak:0.00M | Scene, ViewLayer | Synchronizing object | G4R03_puddle_impact_wave.011
Fra:451 Mem:986.08M (Peak 1004.98M) | Time:00:02.28 | Mem:0.00M, Peak:0.00M | Scene, ViewLayer | Synchronizing object | G4R03_puddle_impact_wave.012
Fra:451 Mem:986.16M (Peak 1004.98M) | Time:00:02.28 | Mem:0.00M, Peak:0.00M | Scene, ViewLayer | Synchronizing object | G4R03_puddle_impact_wave.013
Fra:451 Mem:986.23M (Peak 1004.98M) | Time:00:02.28 | Mem:0.00M, Peak:0.00M | Scene, ViewLayer | Synchronizing object | G4R03_puddle_impact_wave.014
Fra:451 Mem:987.91M (Peak 1004.98M) | Time:00:02.28 | Mem:0.00M, Peak:0.00M | Scene, ViewLayer | Synchronizing object | G4COAST_R06_exterior_round_rain
Fra:451 Mem:986.08M (Peak 1004.98M) | Time:00:02.30 | Mem:0.00M, Peak:0.00M | Scene, ViewLayer | Synchronizing object | G3_door_jamb_cover
Fra:451 Mem:986.11M (Peak 1004.98M) | Time:00:02.30 | Mem:0.00M, Peak:0.00M | Scene, ViewLayer | Synchronizing object | G3_door_jamb_cover.001
Fra:451 Mem:986.14M (Peak 1004.98M) | Time:00:02.30 | Mem:0.00M, Peak:0.00M | Scene, ViewLayer | Synchronizing object | G3_door_track_housing
Fra:451 Mem:986.16M (Peak 1004.98M) | Time:00:02.30 | Mem:0.00M, Peak:0.00M | Scene, ViewLayer | Synchronizing object | G3_door_roller_bracket
Fra:451 Mem:986.19M (Peak 1004.98M) | Time:00:02.30 | Mem:0.00M, Peak:0.00M | Scene, ViewLayer | Synchronizing object | G3_door_carriage_roller
Fra:451 Mem:986.20M (Peak 1004.98M) | Time:00:02.30 | Mem:0.00M, Peak:0.00M | Scene, ViewLayer | Synchronizing object | G3_door_roller_bracket.001
Fra:451 Mem:986.23M (Peak 1004.98M) | Time:00:02.30 | Mem:0.00M, Peak:0.00M | Scene, ViewLayer | Synchronizing object | G3_door_carriage_roller.001
Fra:451 Mem:986.24M (Peak 1004.98M) | Time:00:02.30 | Mem:0.00M, Peak:0.00M | Scene, ViewLayer | Synchronizing object | G3_door_lower_kickplate
Fra:451 Mem:986.27M (Peak 1004.98M) | Time:00:02.30 | Mem:0.00M, Peak:0.00M | Scene, ViewLayer | Synchronizing object | G3_kickplate_fastener
Fra:451 Mem:986.27M (Peak 1004.98M) | Time:00:02.30 | Mem:0.00M, Peak:0.00M | Scene, ViewLayer | Synchronizing object | G3_kickplate_fastener.001
Fra:451 Mem:986.27M (Peak 1004.98M) | Time:00:02.30 | Mem:0.00M, Peak:0.00M | Scene, ViewLayer | Synchronizing object | G3_kickplate_fastener.002
Fra:451 Mem:986.28M (Peak 1004.98M) | Time:00:02.30 | Mem:0.00M, Peak:0.00M | Scene, ViewLayer | Synchronizing object | G3_kickplate_fastener.003
Fra:451 Mem:986.28M (Peak 1004.98M) | Time:00:02.30 | Mem:0.00M, Peak:0.00M | Scene, ViewLayer | Synchronizing object | G3_door_roller_bracket.002
Fra:451 Mem:986.31M (Peak 1004.98M) | Time:00:02.30 | Mem:0.00M, Peak:0.00M | Scene, ViewLayer | Synchronizing object | G3_door_carriage_roller.002
Fra:451 Mem:986.32M (Peak 1004.98M) | Time:00:02.30 | Mem:0.00M, Peak:0.00M | Scene, ViewLayer | Synchronizing object | G3_door_roller_bracket.003
Fra:451 Mem:986.35M (Peak 1004.98M) | Time:00:02.30 | Mem:0.00M, Peak:0.00M | Scene, ViewLayer | Synchronizing object | G3_door_carriage_roller.003
Fra:451 Mem:986.36M (Peak 1004.98M) | Time:00:02.30 | Mem:0.00M, Peak:0.00M | Scene, ViewLayer | Synchronizing object | G3_door_lower_kickplate.001
Fra:451 Mem:986.38M (Peak 1004.98M) | Time:00:02.30 | Mem:0.00M, Peak:0.00M | Scene, ViewLayer | Synchronizing object | G3_kickplate_fastener.004
Fra:451 Mem:986.39M (Peak 1004.98M) | Time:00:02.30 | Mem:0.00M, Peak:0.00M | Scene, ViewLayer | Synchronizing object | G3_kickplate_fastener.005
Fra:451 Mem:986.39M (Peak 1004.98M) | Time:00:02.30 | Mem:0.00M, Peak:0.00M | Scene, ViewLayer | Synchronizing object | G3_kickplate_fastener.006
Fra:451 Mem:986.40M (Peak 1004.98M) | Time:00:02.30 | Mem:0.00M, Peak:0.00M | Scene, ViewLayer | Synchronizing object | G3_kickplate_fastener.007
Fra:451 Mem:986.40M (Peak 1004.98M) | Time:00:02.30 | Mem:0.00M, Peak:0.00M | Scene, ViewLayer | Synchronizing object | G3_threshold_traction_groove
Fra:451 Mem:986.43M (Peak 1004.98M) | Time:00:02.30 | Mem:0.00M, Peak:0.00M | Scene, ViewLayer | Synchronizing object | G3_threshold_traction_groove.001
Fra:451 Mem:986.46M (Peak 1004.98M) | Time:00:02.30 | Mem:0.00M, Peak:0.00M | Scene, ViewLayer | Synchronizing object | G3_threshold_traction_groove.002
Fra:451 Mem:986.48M (Peak 1004.98M) | Time:00:02.30 | Mem:0.00M, Peak:0.00M | Scene, ViewLayer | Synchronizing object | G3_threshold_traction_groove.003
Fra:451 Mem:986.51M (Peak 1004.98M) | Time:00:02.30 | Mem:0.00M, Peak:0.00M | Scene, ViewLayer | Synchronizing object | G3_threshold_traction_groove.004
Fra:451 Mem:986.54M (Peak 1004.98M) | Time:00:02.30 | Mem:0.00M, Peak:0.00M | Scene, ViewLayer | Synchronizing object | G3_threshold_traction_groove.005
Fra:451 Mem:986.56M (Peak 1004.98M) | Time:00:02.30 | Mem:0.00M, Peak:0.00M | Scene, ViewLayer | Synchronizing object | G3_threshold_traction_groove.006
Fra:451 Mem:986.58M (Peak 1004.98M) | Time:00:02.30 | Mem:0.00M, Peak:0.00M | Scene, ViewLayer | Synchronizing object | G3_night_sky
Fra:451 Mem:986.59M (Peak 1004.98M) | Time:00:02.30 | Mem:0.00M, Peak:0.00M | Scene, ViewLayer | Synchronizing object | G3_interior_softbox
Fra:451 Mem:986.59M (Peak 1004.98M) | Time:00:02.30 | Mem:0.00M, Peak:0.00M | Scene, ViewLayer | Synchronizing object | G3_window_rim
Fra:451 Mem:986.59M (Peak 1004.98M) | Time:00:02.30 | Mem:0.00M, Peak:0.00M | Scene, ViewLayer | Synchronizing object | G3_cafe_practical
Fra:451 Mem:986.59M (Peak 1004.98M) | Time:00:02.30 | Mem:0.00M, Peak:0.00M | Scene, ViewLayer | Synchronizing object | G3_door_practical
Fra:451 Mem:986.59M (Peak 1004.98M) | Time:00:02.30 | Mem:0.00M, Peak:0.00M | Scene, ViewLayer | Synchronizing object | G3_pendant_drop
Fra:451 Mem:986.60M (Peak 1004.98M) | Time:00:02.30 | Mem:0.00M, Peak:0.00M | Scene, ViewLayer | Synchronizing object | G3_pendant_shade
Fra:451 Mem:986.65M (Peak 1004.98M) | Time:00:02.30 | Mem:0.00M, Peak:0.00M | Scene, ViewLayer | Synchronizing object | G3_pendant_diffuser
Fra:451 Mem:986.67M (Peak 1004.98M) | Time:00:02.30 | Mem:0.00M, Peak:0.00M | Scene, ViewLayer | Synchronizing object | G3_pendant_light
Fra:451 Mem:986.67M (Peak 1004.98M) | Time:00:02.30 | Mem:0.00M, Peak:0.00M | Scene, ViewLayer | Synchronizing object | G3R03_wood_recess_panel
Fra:451 Mem:986.70M (Peak 1004.98M) | Time:00:02.30 | Mem:0.00M, Peak:0.00M | Scene, ViewLayer | Synchronizing object | G3R03_panel_horizontal_bead
Fra:451 Mem:986.73M (Peak 1004.98M) | Time:00:02.30 | Mem:0.00M, Peak:0.00M | Scene, ViewLayer | Synchronizing object | G3R03_panel_horizontal_bead.001
Fra:451 Mem:986.75M (Peak 1004.98M) | Time:00:02.30 | Mem:0.00M, Peak:0.00M | Scene, ViewLayer | Synchronizing object | G3R03_wood_recess_panel.001
Fra:451 Mem:986.79M (Peak 1004.98M) | Time:00:02.30 | Mem:0.00M, Peak:0.00M | Scene, ViewLayer | Synchronizing object | G3R03_panel_horizontal_bead.002
Fra:451 Mem:986.81M (Peak 1004.98M) | Time:00:02.30 | Mem:0.00M, Peak:0.00M | Scene, ViewLayer | Synchronizing object | G3R03_panel_horizontal_bead.003
Fra:451 Mem:986.84M (Peak 1004.98M) | Time:00:02.30 | Mem:0.00M, Peak:0.00M | Scene, ViewLayer | Synchronizing object | G3R03_wood_recess_panel.002
Fra:451 Mem:989.67M (Peak 1004.98M) | Time:00:02.30 | Mem:0.00M, Peak:0.00M | Scene, ViewLayer | Synchronizing object | G3R03_panel_horizontal_bead.004
Fra:451 Mem:989.70M (Peak 1004.98M) | Time:00:02.30 | Mem:0.00M, Peak:0.00M | Scene, ViewLayer | Synchronizing object | G3R03_panel_horizontal_bead.005
Fra:451 Mem:990.80M (Peak 1004.98M) | Time:00:02.30 | Mem:0.00M, Peak:0.00M | Scene, ViewLayer | Synchronizing object | G3R03_wood_recess_panel.003
Fra:451 Mem:990.83M (Peak 1004.98M) | Time:00:02.30 | Mem:0.00M, Peak:0.00M | Scene, ViewLayer | Synchronizing object | G3R03_panel_horizontal_bead.006
Fra:451 Mem:990.85M (Peak 1004.98M) | Time:00:02.30 | Mem:0.00M, Peak:0.00M | Scene, ViewLayer | Synchronizing object | G3R03_panel_horizontal_bead.007
Fra:451 Mem:990.88M (Peak 1004.98M) | Time:00:02.30 | Mem:0.00M, Peak:0.00M | Scene, ViewLayer | Synchronizing object | G3R03_panel_vertical_stile
Fra:451 Mem:991.98M (Peak 1004.98M) | Time:00:02.30 | Mem:0.00M, Peak:0.00M | Scene, ViewLayer | Synchronizing object | G3R03_panel_vertical_stile.001
Fra:451 Mem:992.01M (Peak 1004.98M) | Time:00:02.30 | Mem:0.00M, Peak:0.00M | Scene, ViewLayer | Synchronizing object | G3R03_panel_vertical_stile.002
Fra:451 Mem:992.05M (Peak 1004.98M) | Time:00:02.30 | Mem:0.00M, Peak:0.00M | Scene, ViewLayer | Synchronizing object | G3R03_panel_vertical_stile.003
Fra:451 Mem:992.08M (Peak 1004.98M) | Time:00:02.30 | Mem:0.00M, Peak:0.00M | Scene, ViewLayer | Synchronizing object | G3R03_panel_vertical_stile.004
Fra:451 Mem:992.11M (Peak 1004.98M) | Time:00:02.30 | Mem:0.00M, Peak:0.00M | Scene, ViewLayer | Synchronizing object | G3R03_door_light_rim
Fra:451 Mem:992.55M (Peak 1004.98M) | Time:00:02.30 | Mem:0.00M, Peak:0.00M | Scene, ViewLayer | Synchronizing object | G3R03_door_light_diffuser
Fra:451 Mem:992.58M (Peak 1004.98M) | Time:00:02.30 | Mem:0.00M, Peak:0.00M | Scene, ViewLayer | Synchronizing object | G3R03_threshold_countersink
Fra:451 Mem:992.58M (Peak 1004.98M) | Time:00:02.30 | Mem:0.00M, Peak:0.00M | Scene, ViewLayer | Synchronizing object | G3R03_threshold_countersink.001
Fra:451 Mem:992.59M (Peak 1004.98M) | Time:00:02.30 | Mem:0.00M, Peak:0.00M | Scene, ViewLayer | Synchronizing object | G3R04_eave_splice_plate
Fra:451 Mem:992.62M (Peak 1004.98M) | Time:00:02.30 | Mem:0.00M, Peak:0.00M | Scene, ViewLayer | Synchronizing object | G3R04_splice_washer
Fra:451 Mem:992.63M (Peak 1004.98M) | Time:00:02.30 | Mem:0.00M, Peak:0.00M | Scene, ViewLayer | Synchronizing object | G3R04_splice_hexbolt
Fra:451 Mem:992.63M (Peak 1004.98M) | Time:00:02.30 | Mem:0.00M, Peak:0.00M | Scene, ViewLayer | Synchronizing object | G3R04_splice_washer.001
Fra:451 Mem:992.64M (Peak 1004.98M) | Time:00:02.30 | Mem:0.00M, Peak:0.00M | Scene, ViewLayer | Synchronizing object | G3R04_splice_hexbolt.001
Fra:451 Mem:992.65M (Peak 1004.98M) | Time:00:02.30 | Mem:0.00M, Peak:0.00M | Scene, ViewLayer | Synchronizing object | G3R04_splice_washer.002
Fra:451 Mem:992.66M (Peak 1004.98M) | Time:00:02.30 | Mem:0.00M, Peak:0.00M | Scene, ViewLayer | Synchronizing object | G3R04_splice_hexbolt.002
Fra:451 Mem:992.66M (Peak 1004.98M) | Time:00:02.30 | Mem:0.00M, Peak:0.00M | Scene, ViewLayer | Synchronizing object | G3R04_splice_washer.003
Fra:451 Mem:992.67M (Peak 1004.98M) | Time:00:02.30 | Mem:0.00M, Peak:0.00M | Scene, ViewLayer | Synchronizing object | G3R04_splice_hexbolt.003
Fra:451 Mem:992.67M (Peak 1004.98M) | Time:00:02.30 | Mem:0.00M, Peak:0.00M | Scene, ViewLayer | Synchronizing object | G3R04_eave_splice_plate.001
Fra:451 Mem:992.70M (Peak 1004.98M) | Time:00:02.30 | Mem:0.00M, Peak:0.00M | Scene, ViewLayer | Synchronizing object | G3R04_splice_washer.004
Fra:451 Mem:992.71M (Peak 1004.98M) | Time:00:02.30 | Mem:0.00M, Peak:0.00M | Scene, ViewLayer | Synchronizing object | G3R04_splice_hexbolt.004
Fra:451 Mem:992.71M (Peak 1004.98M) | Time:00:02.30 | Mem:0.00M, Peak:0.00M | Scene, ViewLayer | Synchronizing object | G3R04_splice_washer.005
Fra:451 Mem:992.72M (Peak 1004.98M) | Time:00:02.30 | Mem:0.00M, Peak:0.00M | Scene, ViewLayer | Synchronizing object | G3R04_splice_hexbolt.005
Fra:451 Mem:992.72M (Peak 1004.98M) | Time:00:02.30 | Mem:0.00M, Peak:0.00M | Scene, ViewLayer | Synchronizing object | G3R04_splice_washer.006
Fra:451 Mem:992.73M (Peak 1004.98M) | Time:00:02.30 | Mem:0.00M, Peak:0.00M | Scene, ViewLayer | Synchronizing object | G3R04_splice_hexbolt.006
Fra:451 Mem:992.74M (Peak 1004.98M) | Time:00:02.30 | Mem:0.00M, Peak:0.00M | Scene, ViewLayer | Synchronizing object | G3R04_splice_washer.007
Fra:451 Mem:992.74M (Peak 1004.98M) | Time:00:02.30 | Mem:0.00M, Peak:0.00M | Scene, ViewLayer | Synchronizing object | G3R04_splice_hexbolt.007
Fra:451 Mem:992.75M (Peak 1004.98M) | Time:00:02.30 | Mem:0.00M, Peak:0.00M | Scene, ViewLayer | Synchronizing object | G3R04_eave_splice_plate.002
Fra:451 Mem:992.75M (Peak 1004.98M) | Time:00:02.30 | Mem:0.00M, Peak:0.00M | Scene, ViewLayer | Synchronizing object | G3R04_splice_washer.008
Fra:451 Mem:995.24M (Peak 1004.98M) | Time:00:02.30 | Mem:0.00M, Peak:0.00M | Scene, ViewLayer | Synchronizing object | G3R04_splice_hexbolt.008
Fra:451 Mem:995.25M (Peak 1004.98M) | Time:00:02.30 | Mem:0.00M, Peak:0.00M | Scene, ViewLayer | Synchronizing object | G3R04_splice_washer.009
Fra:451 Mem:995.25M (Peak 1004.98M) | Time:00:02.30 | Mem:0.00M, Peak:0.00M | Scene, ViewLayer | Synchronizing object | G3R04_splice_hexbolt.009
Fra:451 Mem:995.25M (Peak 1004.98M) | Time:00:02.30 | Mem:0.00M, Peak:0.00M | Scene, ViewLayer | Synchronizing object | G3R04_splice_washer.010
Fra:451 Mem:995.26M (Peak 1004.98M) | Time:00:02.30 | Mem:0.00M, Peak:0.00M | Scene, ViewLayer | Synchronizing object | G3R04_splice_hexbolt.010
Fra:451 Mem:995.28M (Peak 1004.98M) | Time:00:02.30 | Mem:0.00M, Peak:0.00M | Scene, ViewLayer | Synchronizing object | G3R04_splice_washer.011
Fra:451 Mem:995.27M (Peak 1004.98M) | Time:00:02.30 | Mem:0.00M, Peak:0.00M | Scene, ViewLayer | Synchronizing object | G3R04_splice_hexbolt.011
Fra:451 Mem:995.27M (Peak 1004.98M) | Time:00:02.30 | Mem:0.00M, Peak:0.00M | Scene, ViewLayer | Synchronizing object | G3R04_eave_splice_plate.003
Fra:451 Mem:995.28M (Peak 1004.98M) | Time:00:02.30 | Mem:0.00M, Peak:0.00M | Scene, ViewLayer | Synchronizing object | G3R04_splice_washer.012
Fra:451 Mem:995.30M (Peak 1004.98M) | Time:00:02.30 | Mem:0.00M, Peak:0.00M | Scene, ViewLayer | Synchronizing object | G3R04_splice_hexbolt.012
Fra:451 Mem:995.31M (Peak 1004.98M) | Time:00:02.30 | Mem:0.00M, Peak:0.00M | Scene, ViewLayer | Synchronizing object | G3R04_splice_washer.013
Fra:451 Mem:995.34M (Peak 1004.98M) | Time:00:02.30 | Mem:0.00M, Peak:0.00M | Scene, ViewLayer | Synchronizing object | G3R04_splice_hexbolt.013
Fra:451 Mem:995.32M (Peak 1004.98M) | Time:00:02.30 | Mem:0.00M, Peak:0.00M | Scene, ViewLayer | Synchronizing object | G3R04_splice_washer.014
Fra:451 Mem:995.33M (Peak 1004.98M) | Time:00:02.30 | Mem:0.00M, Peak:0.00M | Scene, ViewLayer | Synchronizing object | G3R04_splice_hexbolt.014
Fra:451 Mem:995.33M (Peak 1004.98M) | Time:00:02.30 | Mem:0.00M, Peak:0.00M | Scene, ViewLayer | Synchronizing object | G3R04_splice_washer.015
Fra:451 Mem:995.34M (Peak 1004.98M) | Time:00:02.30 | Mem:0.00M, Peak:0.00M | Scene, ViewLayer | Synchronizing object | G3R04_splice_hexbolt.015
Fra:451 Mem:995.34M (Peak 1004.98M) | Time:00:02.30 | Mem:0.00M, Peak:0.00M | Scene, ViewLayer | Synchronizing object | G3R04_sconce_mount
Fra:451 Mem:995.35M (Peak 1004.98M) | Time:00:02.30 | Mem:0.00M, Peak:0.00M | Scene, ViewLayer | Synchronizing object | G3R04_opal_diffuser
Fra:451 Mem:995.40M (Peak 1004.98M) | Time:00:02.30 | Mem:0.00M, Peak:0.00M | Scene, ViewLayer | Synchronizing object | G3R04_sconce_cap
Fra:451 Mem:995.43M (Peak 1004.98M) | Time:00:02.30 | Mem:0.00M, Peak:0.00M | Scene, ViewLayer | Synchronizing object | G3R04_sconce_cap.001
Fra:451 Mem:995.45M (Peak 1004.98M) | Time:00:02.30 | Mem:0.00M, Peak:0.00M | Scene, ViewLayer | Synchronizing object | G3R04_sconce_cage
Fra:451 Mem:995.47M (Peak 1004.98M) | Time:00:02.30 | Mem:0.00M, Peak:0.00M | Scene, ViewLayer | Synchronizing object | G3R04_sconce_cage.001
Fra:451 Mem:995.45M (Peak 1004.98M) | Time:00:02.30 | Mem:0.00M, Peak:0.00M | Scene, ViewLayer | Synchronizing object | G3R04_sconce_mount.001
Fra:451 Mem:995.46M (Peak 1004.98M) | Time:00:02.30 | Mem:0.00M, Peak:0.00M | Scene, ViewLayer | Synchronizing object | G3R04_opal_diffuser.001
Fra:451 Mem:995.51M (Peak 1004.98M) | Time:00:02.30 | Mem:0.00M, Peak:0.00M | Scene, ViewLayer | Synchronizing object | G3R04_sconce_cap.002
Fra:451 Mem:995.51M (Peak 1004.98M) | Time:00:02.30 | Mem:0.00M, Peak:0.00M | Scene, ViewLayer | Synchronizing object | G3R04_sconce_cap.003
Fra:451 Mem:995.58M (Peak 1004.98M) | Time:00:02.30 | Mem:0.00M, Peak:0.00M | Scene, ViewLayer | Synchronizing object | G3R04_sconce_cage.002
Fra:451 Mem:995.59M (Peak 1004.98M) | Time:00:02.30 | Mem:0.00M, Peak:0.00M | Scene, ViewLayer | Synchronizing object | G3R04_sconce_cage.003
Fra:451 Mem:995.57M (Peak 1004.98M) | Time:00:02.30 | Mem:0.00M, Peak:0.00M | Scene, ViewLayer | Synchronizing object | G3R04_right_wall_sconce
Fra:451 Mem:995.57M (Peak 1004.98M) | Time:00:02.30 | Mem:0.00M, Peak:0.00M | Scene, ViewLayer | Synchronizing object | G3R05_uplight_foot
Fra:451 Mem:995.57M (Peak 1004.98M) | Time:00:02.30 | Mem:0.00M, Peak:0.00M | Scene, ViewLayer | Synchronizing object | G3R05_uplight_body
Fra:451 Mem:995.61M (Peak 1004.98M) | Time:00:02.30 | Mem:0.00M, Peak:0.00M | Scene, ViewLayer | Synchronizing object | G3R05_uplight_bezel
Fra:451 Mem:996.69M (Peak 1004.98M) | Time:00:02.30 | Mem:0.00M, Peak:0.00M | Scene, ViewLayer | Synchronizing object | G3R05_uplight_lens
Fra:451 Mem:996.70M (Peak 1004.98M) | Time:00:02.30 | Mem:0.00M, Peak:0.00M | Scene, ViewLayer | Synchronizing object | G3R05_arch_wash
Fra:451 Mem:996.70M (Peak 1004.98M) | Time:00:02.30 | Mem:0.00M, Peak:0.00M | Scene, ViewLayer | Synchronizing object | G3R05_uplight_foot.001
Fra:451 Mem:996.73M (Peak 1004.98M) | Time:00:02.30 | Mem:0.00M, Peak:0.00M | Scene, ViewLayer | Synchronizing object | G3R05_uplight_body.001
Fra:451 Mem:996.74M (Peak 1004.98M) | Time:00:02.30 | Mem:0.00M, Peak:0.00M | Scene, ViewLayer | Synchronizing object | G3R05_uplight_bezel.001
Fra:451 Mem:996.77M (Peak 1004.98M) | Time:00:02.30 | Mem:0.00M, Peak:0.00M | Scene, ViewLayer | Synchronizing object | G3R05_uplight_lens.001
Fra:451 Mem:996.76M (Peak 1004.98M) | Time:00:02.31 | Mem:0.00M, Peak:0.00M | Scene, ViewLayer | Synchronizing object | G3R05_arch_wash.001
Fra:451 Mem:996.76M (Peak 1004.98M) | Time:00:02.31 | Mem:0.00M, Peak:0.00M | Scene, ViewLayer | Synchronizing object | G3R06_purlin_clamp
Fra:451 Mem:996.78M (Peak 1004.98M) | Time:00:02.31 | Mem:0.00M, Peak:0.00M | Scene, ViewLayer | Synchronizing object | G3R06_projector_stem
Fra:451 Mem:996.80M (Peak 1004.98M) | Time:00:02.31 | Mem:0.00M, Peak:0.00M | Scene, ViewLayer | Synchronizing object | G3R06_clamp_fastener
Fra:451 Mem:996.81M (Peak 1004.98M) | Time:00:02.31 | Mem:0.00M, Peak:0.00M | Scene, ViewLayer | Synchronizing object | G3R06_clamp_fastener.001
Fra:451 Mem:996.81M (Peak 1004.98M) | Time:00:02.31 | Mem:0.00M, Peak:0.00M | Scene, ViewLayer | Synchronizing object | G3R06_projector_housing
Fra:451 Mem:996.82M (Peak 1004.98M) | Time:00:02.31 | Mem:0.00M, Peak:0.00M | Scene, ViewLayer | Synchronizing object | G3R06_projector_bezel
Fra:451 Mem:996.83M (Peak 1004.98M) | Time:00:02.31 | Mem:0.00M, Peak:0.00M | Scene, ViewLayer | Synchronizing object | G3R06_projector_optic
Fra:451 Mem:996.85M (Peak 1004.98M) | Time:00:02.31 | Mem:0.00M, Peak:0.00M | Scene, ViewLayer | Synchronizing object | G3R06_upper_node_wash
Fra:451 Mem:996.85M (Peak 1004.98M) | Time:00:02.31 | Mem:0.00M, Peak:0.00M | Scene, ViewLayer | Synchronizing object | G3R06_purlin_clamp.001
Fra:451 Mem:996.88M (Peak 1004.98M) | Time:00:02.31 | Mem:0.00M, Peak:0.00M | Scene, ViewLayer | Synchronizing object | G3R06_projector_stem.001
Fra:451 Mem:996.89M (Peak 1004.98M) | Time:00:02.31 | Mem:0.00M, Peak:0.00M | Scene, ViewLayer | Synchronizing object | G3R06_clamp_fastener.002
Fra:451 Mem:996.89M (Peak 1004.98M) | Time:00:02.31 | Mem:0.00M, Peak:0.00M | Scene, ViewLayer | Synchronizing object | G3R06_clamp_fastener.003
Fra:451 Mem:996.91M (Peak 1004.98M) | Time:00:02.31 | Mem:0.00M, Peak:0.00M | Scene, ViewLayer | Synchronizing object | G3R06_projector_housing.001
Fra:451 Mem:996.90M (Peak 1004.98M) | Time:00:02.31 | Mem:0.00M, Peak:0.00M | Scene, ViewLayer | Synchronizing object | G3R06_projector_bezel.001
Fra:451 Mem:996.92M (Peak 1004.98M) | Time:00:02.31 | Mem:0.00M, Peak:0.00M | Scene, ViewLayer | Synchronizing object | G3R06_projector_optic.001
Fra:451 Mem:996.92M (Peak 1004.98M) | Time:00:02.31 | Mem:0.00M, Peak:0.00M | Scene, ViewLayer | Synchronizing object | G3R06_upper_node_wash.001
Fra:451 Mem:996.93M (Peak 1004.98M) | Time:00:02.31 | Mem:0.00M, Peak:0.00M | Scene, ViewLayer | Synchronizing object | G4_joint_G3_column_anchor_bolt
Fra:451 Mem:996.94M (Peak 1004.98M) | Time:00:02.31 | Mem:0.00M, Peak:0.00M | Scene, ViewLayer | Synchronizing object | G4_joint_G3_column_anchor_bolt.001
Fra:451 Mem:996.94M (Peak 1004.98M) | Time:00:02.31 | Mem:0.00M, Peak:0.00M | Scene, ViewLayer | Synchronizing object | G4_joint_G3_column_anchor_bolt.002
Fra:451 Mem:996.94M (Peak 1004.98M) | Time:00:02.31 | Mem:0.00M, Peak:0.00M | Scene, ViewLayer | Synchronizing object | G4_joint_G3_column_anchor_bolt.003
Fra:451 Mem:996.95M (Peak 1004.98M) | Time:00:02.31 | Mem:0.00M, Peak:0.00M | Scene, ViewLayer | Synchronizing object | G4_joint_G3_column_cap_plate
Fra:451 Mem:996.95M (Peak 1004.98M) | Time:00:02.31 | Mem:0.00M, Peak:0.00M | Scene, ViewLayer | Synchronizing object | G4_joint_G3_cap_rivet
Fra:451 Mem:996.96M (Peak 1004.98M) | Time:00:02.31 | Mem:0.00M, Peak:0.00M | Scene, ViewLayer | Synchronizing object | G4_joint_G3_cap_rivet.001
Fra:451 Mem:997.00M (Peak 1004.98M) | Time:00:02.31 | Mem:0.00M, Peak:0.00M | Scene, ViewLayer | Synchronizing object | G4_joint_G3R04_eave_splice_plate
Fra:451 Mem:995.95M (Peak 1004.98M) | Time:00:02.31 | Mem:0.00M, Peak:0.00M | Scene, ViewLayer | Synchronizing object | G4_joint_G3R04_splice_washer
Fra:451 Mem:995.95M (Peak 1004.98M) | Time:00:02.31 | Mem:0.00M, Peak:0.00M | Scene, ViewLayer | Synchronizing object | G4_joint_G3R04_splice_hexbolt
Fra:451 Mem:995.95M (Peak 1004.98M) | Time:00:02.31 | Mem:0.00M, Peak:0.00M | Scene, ViewLayer | Synchronizing object | G4_joint_G3R04_splice_washer.001
Fra:451 Mem:995.96M (Peak 1004.98M) | Time:00:02.31 | Mem:0.00M, Peak:0.00M | Scene, ViewLayer | Synchronizing object | G4_joint_G3R04_splice_hexbolt.001
Fra:451 Mem:995.98M (Peak 1004.98M) | Time:00:02.31 | Mem:0.00M, Peak:0.00M | Scene, ViewLayer | Synchronizing object | G4_joint_G3R04_splice_washer.002
Fra:451 Mem:998.42M (Peak 1004.98M) | Time:00:02.31 | Mem:0.00M, Peak:0.00M | Scene, ViewLayer | Synchronizing object | G4_joint_G3R04_splice_hexbolt.002
Fra:451 Mem:998.42M (Peak 1004.98M) | Time:00:02.31 | Mem:0.00M, Peak:0.00M | Scene, ViewLayer | Synchronizing object | G4_joint_G3R04_splice_washer.003
Fra:451 Mem:998.43M (Peak 1004.98M) | Time:00:02.31 | Mem:0.00M, Peak:0.00M | Scene, ViewLayer | Synchronizing object | G4_joint_G3R04_splice_hexbolt.003
Fra:451 Mem:998.44M (Peak 1004.98M) | Time:00:02.31 | Mem:0.00M, Peak:0.00M | Scene, ViewLayer | Synchronizing object | G4_joint_G3R04_eave_splice_plate.001
Fra:451 Mem:998.46M (Peak 1004.98M) | Time:00:02.31 | Mem:0.00M, Peak:0.00M | Scene, ViewLayer | Synchronizing object | G4_joint_G3R04_splice_washer.004
Fra:451 Mem:998.47M (Peak 1004.98M) | Time:00:02.31 | Mem:0.00M, Peak:0.00M | Scene, ViewLayer | Synchronizing object | G4_joint_G3R04_splice_hexbolt.004
Fra:451 Mem:998.48M (Peak 1004.98M) | Time:00:02.31 | Mem:0.00M, Peak:0.00M | Scene, ViewLayer | Synchronizing object | G4_joint_G3R04_splice_washer.005
Fra:451 Mem:998.49M (Peak 1004.98M) | Time:00:02.31 | Mem:0.00M, Peak:0.00M | Scene, ViewLayer | Synchronizing object | G4_joint_G3R04_splice_hexbolt.005
Fra:451 Mem:998.49M (Peak 1004.98M) | Time:00:02.31 | Mem:0.00M, Peak:0.00M | Scene, ViewLayer | Synchronizing object | G4_joint_G3R04_splice_washer.006
Fra:451 Mem:998.50M (Peak 1004.98M) | Time:00:02.31 | Mem:0.00M, Peak:0.00M | Scene, ViewLayer | Synchronizing object | G4_joint_G3R04_splice_hexbolt.006
Fra:451 Mem:998.50M (Peak 1004.98M) | Time:00:02.31 | Mem:0.00M, Peak:0.00M | Scene, ViewLayer | Synchronizing object | G4_joint_G3R04_splice_washer.007
Fra:451 Mem:998.51M (Peak 1004.98M) | Time:00:02.31 | Mem:0.00M, Peak:0.00M | Scene, ViewLayer | Synchronizing object | G4_joint_G3R04_splice_hexbolt.007
Fra:451 Mem:998.51M (Peak 1004.98M) | Time:00:02.31 | Mem:0.00M, Peak:0.00M | Scene, ViewLayer | Synchronizing object | G4_sconce_G3R04_sconce_mount
Fra:451 Mem:998.54M (Peak 1004.98M) | Time:00:02.31 | Mem:0.00M, Peak:0.00M | Scene, ViewLayer | Synchronizing object | G4_sconce_G3R04_opal_diffuser
Fra:451 Mem:998.57M (Peak 1004.98M) | Time:00:02.31 | Mem:0.00M, Peak:0.00M | Scene, ViewLayer | Synchronizing object | G4_sconce_G3R04_sconce_cap
Fra:451 Mem:998.60M (Peak 1004.98M) | Time:00:02.31 | Mem:0.00M, Peak:0.00M | Scene, ViewLayer | Synchronizing object | G4_sconce_G3R04_sconce_cap.001
Fra:451 Mem:996.18M (Peak 1004.98M) | Time:00:02.31 | Mem:0.00M, Peak:0.00M | Scene, ViewLayer | Synchronizing object | G4_sconce_G3R04_sconce_cage
Fra:451 Mem:996.19M (Peak 1004.98M) | Time:00:02.31 | Mem:0.00M, Peak:0.00M | Scene, ViewLayer | Synchronizing object | G4_sconce_G3R04_sconce_cage.001
Fra:451 Mem:996.18M (Peak 1004.98M) | Time:00:02.31 | Mem:0.00M, Peak:0.00M | Scene, ViewLayer | Synchronizing object | G4_column_sconce
Fra:451 Mem:996.19M (Peak 1004.98M) | Time:00:02.31 | Mem:0.00M, Peak:0.00M | Scene, ViewLayer | Synchronizing object | G4_joint_G3_column_anchor_bolt.004
Fra:451 Mem:996.19M (Peak 1004.98M) | Time:00:02.31 | Mem:0.00M, Peak:0.00M | Scene, ViewLayer | Synchronizing object | G4_joint_G3_column_anchor_bolt.005
Fra:451 Mem:996.19M (Peak 1004.98M) | Time:00:02.31 | Mem:0.00M, Peak:0.00M | Scene, ViewLayer | Synchronizing object | G4_joint_G3_column_anchor_bolt.006
Fra:451 Mem:996.19M (Peak 1004.98M) | Time:00:02.31 | Mem:0.00M, Peak:0.00M | Scene, ViewLayer | Synchronizing object | G4_joint_G3_column_anchor_bolt.007
Fra:451 Mem:996.19M (Peak 1004.98M) | Time:00:02.31 | Mem:0.00M, Peak:0.00M | Scene, ViewLayer | Synchronizing object | G4_joint_G3_column_cap_plate.001
Fra:451 Mem:996.20M (Peak 1004.98M) | Time:00:02.31 | Mem:0.00M, Peak:0.00M | Scene, ViewLayer | Synchronizing object | G4_joint_G3_cap_rivet.002
Fra:451 Mem:996.21M (Peak 1004.98M) | Time:00:02.31 | Mem:0.00M, Peak:0.00M | Scene, ViewLayer | Synchronizing object | G4_joint_G3_cap_rivet.003
Fra:451 Mem:996.24M (Peak 1004.98M) | Time:00:02.31 | Mem:0.00M, Peak:0.00M | Scene, ViewLayer | Synchronizing object | G4_joint_G3R04_eave_splice_plate.002
Fra:451 Mem:996.26M (Peak 1004.98M) | Time:00:02.31 | Mem:0.00M, Peak:0.00M | Scene, ViewLayer | Synchronizing object | G4_joint_G3R04_splice_washer.008
Fra:451 Mem:996.27M (Peak 1004.98M) | Time:00:02.31 | Mem:0.00M, Peak:0.00M | Scene, ViewLayer | Synchronizing object | G4_joint_G3R04_splice_hexbolt.008
Fra:451 Mem:996.27M (Peak 1004.98M) | Time:00:02.31 | Mem:0.00M, Peak:0.00M | Scene, ViewLayer | Synchronizing object | G4_joint_G3R04_splice_hexbolt.009
Fra:451 Mem:996.28M (Peak 1004.98M) | Time:00:02.31 | Mem:0.00M, Peak:0.00M | Scene, ViewLayer | Synchronizing object | G4_joint_G3R04_splice_washer.010
Fra:451 Mem:996.29M (Peak 1004.98M) | Time:00:02.31 | Mem:0.00M, Peak:0.00M | Scene, ViewLayer | Synchronizing object | G4_joint_G3R04_splice_hexbolt.010
Fra:451 Mem:996.29M (Peak 1004.98M) | Time:00:02.31 | Mem:0.00M, Peak:0.00M | Scene, ViewLayer | Synchronizing object | G4_joint_G3R04_splice_washer.011
Fra:451 Mem:996.29M (Peak 1004.98M) | Time:00:02.31 | Mem:0.00M, Peak:0.00M | Scene, ViewLayer | Synchronizing object | G4_joint_G3R04_splice_hexbolt.011
Fra:451 Mem:996.30M (Peak 1004.98M) | Time:00:02.31 | Mem:0.00M, Peak:0.00M | Scene, ViewLayer | Synchronizing object | G4_joint_G3R04_eave_splice_plate.003
Fra:451 Mem:996.30M (Peak 1004.98M) | Time:00:02.31 | Mem:0.00M, Peak:0.00M | Scene, ViewLayer | Synchronizing object | G4_joint_G3R04_splice_washer.012
Fra:451 Mem:996.34M (Peak 1004.98M) | Time:00:02.31 | Mem:0.00M, Peak:0.00M | Scene, ViewLayer | Synchronizing object | G4_joint_G3R04_splice_hexbolt.012
Fra:451 Mem:996.34M (Peak 1004.98M) | Time:00:02.31 | Mem:0.00M, Peak:0.00M | Scene, ViewLayer | Synchronizing object | G4_joint_G3R04_splice_washer.013
Fra:451 Mem:996.35M (Peak 1004.98M) | Time:00:02.31 | Mem:0.00M, Peak:0.00M | Scene, ViewLayer | Synchronizing object | G4_joint_G3R04_splice_hexbolt.013
Fra:451 Mem:996.35M (Peak 1004.98M) | Time:00:02.31 | Mem:0.00M, Peak:0.00M | Scene, ViewLayer | Synchronizing object | G4_joint_G3R04_splice_washer.014
Fra:451 Mem:996.36M (Peak 1004.98M) | Time:00:02.31 | Mem:0.00M, Peak:0.00M | Scene, ViewLayer | Synchronizing object | G4_joint_G3R04_splice_hexbolt.014
Fra:451 Mem:996.36M (Peak 1004.98M) | Time:00:02.31 | Mem:0.00M, Peak:0.00M | Scene, ViewLayer | Synchronizing object | G4_joint_G3R04_splice_washer.015
Fra:451 Mem:996.36M (Peak 1004.98M) | Time:00:02.31 | Mem:0.00M, Peak:0.00M | Scene, ViewLayer | Synchronizing object | G4_joint_G3R04_splice_hexbolt.015
Fra:451 Mem:996.37M (Peak 1004.98M) | Time:00:02.31 | Mem:0.00M, Peak:0.00M | Scene, ViewLayer | Synchronizing object | G4_sconce_G3R04_sconce_mount.001
Fra:451 Mem:996.37M (Peak 1004.98M) | Time:00:02.31 | Mem:0.00M, Peak:0.00M | Scene, ViewLayer | Synchronizing object | G4_sconce_G3R04_opal_diffuser.001
Fra:451 Mem:996.42M (Peak 1004.98M) | Time:00:02.31 | Mem:0.00M, Peak:0.00M | Scene, ViewLayer | Synchronizing object | G4_sconce_G3R04_sconce_cap.002
Fra:451 Mem:996.43M (Peak 1004.98M) | Time:00:02.31 | Mem:0.00M, Peak:0.00M | Scene, ViewLayer | Synchronizing object | G4_sconce_G3R04_sconce_cap.003
Fra:451 Mem:996.47M (Peak 1004.98M) | Time:00:02.31 | Mem:0.00M, Peak:0.00M | Scene, ViewLayer | Synchronizing object | G4_sconce_G3R04_sconce_cage.002
Fra:451 Mem:996.49M (Peak 1004.98M) | Time:00:02.31 | Mem:0.00M, Peak:0.00M | Scene, ViewLayer | Synchronizing object | G4_sconce_G3R04_sconce_cage.003
Fra:451 Mem:996.48M (Peak 1004.98M) | Time:00:02.31 | Mem:0.00M, Peak:0.00M | Scene, ViewLayer | Synchronizing object | G4_column_sconce.001
Fra:451 Mem:996.48M (Peak 1004.98M) | Time:00:02.31 | Mem:0.00M, Peak:0.00M | Scene, ViewLayer | Synchronizing object | G4_joint_G3_column_anchor_bolt.008
Fra:451 Mem:996.48M (Peak 1004.98M) | Time:00:02.31 | Mem:0.00M, Peak:0.00M | Scene, ViewLayer | Synchronizing object | G4_joint_G3_column_anchor_bolt.009
Fra:451 Mem:996.48M (Peak 1004.98M) | Time:00:02.31 | Mem:0.00M, Peak:0.00M | Scene, ViewLayer | Synchronizing object | G4_joint_G3_column_anchor_bolt.010
Fra:451 Mem:996.48M (Peak 1004.98M) | Time:00:02.31 | Mem:0.00M, Peak:0.00M | Scene, ViewLayer | Synchronizing object | G4_joint_G3_column_anchor_bolt.011
Fra:451 Mem:996.49M (Peak 1004.98M) | Time:00:02.31 | Mem:0.00M, Peak:0.00M | Scene, ViewLayer | Synchronizing object | G4_joint_G3_column_cap_plate.002
Fra:451 Mem:996.49M (Peak 1004.98M) | Time:00:02.31 | Mem:0.00M, Peak:0.00M | Scene, ViewLayer | Synchronizing object | G4_joint_G3_cap_rivet.004
Fra:451 Mem:996.52M (Peak 1004.98M) | Time:00:02.31 | Mem:0.00M, Peak:0.00M | Scene, ViewLayer | Synchronizing object | G4_joint_G3_cap_rivet.005
Fra:451 Mem:996.53M (Peak 1004.98M) | Time:00:02.31 | Mem:0.00M, Peak:0.00M | Scene, ViewLayer | Synchronizing object | G4_joint_G3R04_eave_splice_plate.004
Fra:451 Mem:996.55M (Peak 1004.98M) | Time:00:02.31 | Mem:0.00M, Peak:0.00M | Scene, ViewLayer | Synchronizing object | G4_joint_G3R04_splice_washer.016
Fra:451 Mem:996.56M (Peak 1004.98M) | Time:00:02.31 | Mem:0.00M, Peak:0.00M | Scene, ViewLayer | Synchronizing object | G4_joint_G3R04_splice_hexbolt.016
Fra:451 Mem:996.57M (Peak 1004.98M) | Time:00:02.31 | Mem:0.00M, Peak:0.00M | Scene, ViewLayer | Synchronizing object | G4_joint_G3R04_splice_washer.017
Fra:451 Mem:996.57M (Peak 1004.98M) | Time:00:02.31 | Mem:0.00M, Peak:0.00M | Scene, ViewLayer | Synchronizing object | G4_joint_G3R04_splice_hexbolt.017
Fra:451 Mem:996.57M (Peak 1004.98M) | Time:00:02.31 | Mem:0.00M, Peak:0.00M | Scene, ViewLayer | Synchronizing object | G4_joint_G3R04_splice_washer.018
Fra:451 Mem:996.58M (Peak 1004.98M) | Time:00:02.31 | Mem:0.00M, Peak:0.00M | Scene, ViewLayer | Synchronizing object | G4_joint_G3R04_splice_hexbolt.018
Fra:451 Mem:996.58M (Peak 1004.98M) | Time:00:02.31 | Mem:0.00M, Peak:0.00M | Scene, ViewLayer | Synchronizing object | G4_joint_G3R04_splice_washer.019
Fra:451 Mem:996.58M (Peak 1004.98M) | Time:00:02.31 | Mem:0.00M, Peak:0.00M | Scene, ViewLayer | Synchronizing object | G4_joint_G3R04_splice_hexbolt.019
Fra:451 Mem:996.59M (Peak 1004.98M) | Time:00:02.31 | Mem:0.00M, Peak:0.00M | Scene, ViewLayer | Synchronizing object | G4_joint_G3R04_eave_splice_plate.005
Fra:451 Mem:996.59M (Peak 1004.98M) | Time:00:02.31 | Mem:0.00M, Peak:0.00M | Scene, ViewLayer | Synchronizing object | G4_joint_G3R04_splice_washer.020
Fra:451 Mem:996.64M (Peak 1004.98M) | Time:00:02.31 | Mem:0.00M, Peak:0.00M | Scene, ViewLayer | Synchronizing object | G4_joint_G3R04_splice_hexbolt.020
Fra:451 Mem:996.63M (Peak 1004.98M) | Time:00:02.31 | Mem:0.00M, Peak:0.00M | Scene, ViewLayer | Synchronizing object | G4_joint_G3R04_splice_washer.021
Fra:451 Mem:996.64M (Peak 1004.98M) | Time:00:02.31 | Mem:0.00M, Peak:0.00M | Scene, ViewLayer | Synchronizing object | G4_joint_G3R04_splice_hexbolt.021
Fra:451 Mem:996.64M (Peak 1004.98M) | Time:00:02.31 | Mem:0.00M, Peak:0.00M | Scene, ViewLayer | Synchronizing object | G4_joint_G3R04_splice_washer.022
Fra:451 Mem:996.66M (Peak 1004.98M) | Time:00:02.31 | Mem:0.00M, Peak:0.00M | Scene, ViewLayer | Synchronizing object | G4_joint_G3R04_splice_hexbolt.022
Fra:451 Mem:996.65M (Peak 1004.98M) | Time:00:02.31 | Mem:0.00M, Peak:0.00M | Scene, ViewLayer | Synchronizing object | G4_joint_G3R04_splice_washer.023
Fra:451 Mem:996.67M (Peak 1004.98M) | Time:00:02.31 | Mem:0.00M, Peak:0.00M | Scene, ViewLayer | Synchronizing object | G4_joint_G3R04_splice_hexbolt.023
Fra:451 Mem:996.66M (Peak 1004.98M) | Time:00:02.31 | Mem:0.00M, Peak:0.00M | Scene, ViewLayer | Synchronizing object | G4_sconce_G3R04_sconce_mount.002
Fra:451 Mem:996.66M (Peak 1004.98M) | Time:00:02.31 | Mem:0.00M, Peak:0.00M | Scene, ViewLayer | Synchronizing object | G4_sconce_G3R04_opal_diffuser.002
Fra:451 Mem:996.71M (Peak 1004.98M) | Time:00:02.31 | Mem:0.00M, Peak:0.00M | Scene, ViewLayer | Synchronizing object | G4_sconce_G3R04_sconce_cap.004
Fra:451 Mem:996.75M (Peak 1004.98M) | Time:00:02.31 | Mem:0.00M, Peak:0.00M | Scene, ViewLayer | Synchronizing object | G4_sconce_G3R04_sconce_cap.005
Fra:451 Mem:996.77M (Peak 1004.98M) | Time:00:02.31 | Mem:0.00M, Peak:0.00M | Scene, ViewLayer | Synchronizing object | G4_sconce_G3R04_sconce_cage.004
Fra:451 Mem:996.78M (Peak 1004.98M) | Time:00:02.31 | Mem:0.00M, Peak:0.00M | Scene, ViewLayer | Synchronizing object | G4_sconce_G3R04_sconce_cage.005
Fra:451 Mem:996.77M (Peak 1004.98M) | Time:00:02.31 | Mem:0.00M, Peak:0.00M | Scene, ViewLayer | Synchronizing object | G4_column_sconce.002
Fra:451 Mem:996.78M (Peak 1004.98M) | Time:00:02.31 | Mem:0.00M, Peak:0.00M | Scene, ViewLayer | Synchronizing object | G4_joint_G3_column_anchor_bolt.012
Fra:451 Mem:996.78M (Peak 1004.98M) | Time:00:02.31 | Mem:0.00M, Peak:0.00M | Scene, ViewLayer | Synchronizing object | G4_joint_G3_column_anchor_bolt.013
Fra:451 Mem:996.78M (Peak 1004.98M) | Time:00:02.31 | Mem:0.00M, Peak:0.00M | Scene, ViewLayer | Synchronizing object | G4_joint_G3_column_anchor_bolt.014
Fra:451 Mem:996.78M (Peak 1004.98M) | Time:00:02.31 | Mem:0.00M, Peak:0.00M | Scene, ViewLayer | Synchronizing object | G4_joint_G3_column_anchor_bolt.015
Fra:451 Mem:996.78M (Peak 1004.98M) | Time:00:02.31 | Mem:0.00M, Peak:0.00M | Scene, ViewLayer | Synchronizing object | G4_joint_G3_column_cap_plate.003
Fra:451 Mem:996.79M (Peak 1004.98M) | Time:00:02.31 | Mem:0.00M, Peak:0.00M | Scene, ViewLayer | Synchronizing object | G4_joint_G3_cap_rivet.006
Fra:451 Mem:996.81M (Peak 1004.98M) | Time:00:02.31 | Mem:0.00M, Peak:0.00M | Scene, ViewLayer | Synchronizing object | G4_joint_G3_cap_rivet.007
Fra:451 Mem:996.82M (Peak 1004.98M) | Time:00:02.31 | Mem:0.00M, Peak:0.00M | Scene, ViewLayer | Synchronizing object | G4_joint_G3R04_eave_splice_plate.006
Fra:451 Mem:996.86M (Peak 1004.98M) | Time:00:02.31 | Mem:0.00M, Peak:0.00M | Scene, ViewLayer | Synchronizing object | G4_joint_G3R04_splice_washer.024
Fra:451 Mem:996.86M (Peak 1004.98M) | Time:00:02.31 | Mem:0.00M, Peak:0.00M | Scene, ViewLayer | Synchronizing object | G4_joint_G3R04_splice_hexbolt.024
Fra:451 Mem:996.86M (Peak 1004.98M) | Time:00:02.31 | Mem:0.00M, Peak:0.00M | Scene, ViewLayer | Synchronizing object | G4_joint_G3R04_splice_washer.025
Fra:451 Mem:996.89M (Peak 1004.98M) | Time:00:02.31 | Mem:0.00M, Peak:0.00M | Scene, ViewLayer | Synchronizing object | G4_joint_G3R04_splice_hexbolt.025
Fra:451 Mem:996.87M (Peak 1004.98M) | Time:00:02.31 | Mem:0.00M, Peak:0.00M | Scene, ViewLayer | Synchronizing object | G4_joint_G3R04_splice_washer.026
Fra:451 Mem:996.87M (Peak 1004.98M) | Time:00:02.31 | Mem:0.00M, Peak:0.00M | Scene, ViewLayer | Synchronizing object | G4_joint_G3R04_splice_hexbolt.026
Fra:451 Mem:996.88M (Peak 1004.98M) | Time:00:02.31 | Mem:0.00M, Peak:0.00M | Scene, ViewLayer | Synchronizing object | G4_joint_G3R04_splice_washer.027
Fra:451 Mem:996.89M (Peak 1004.98M) | Time:00:02.31 | Mem:0.00M, Peak:0.00M | Scene, ViewLayer | Synchronizing object | G4_joint_G3R04_splice_hexbolt.027
Fra:451 Mem:996.89M (Peak 1004.98M) | Time:00:02.31 | Mem:0.00M, Peak:0.00M | Scene, ViewLayer | Synchronizing object | G4_joint_G3R04_eave_splice_plate.007
Fra:451 Mem:996.90M (Peak 1004.98M) | Time:00:02.31 | Mem:0.00M, Peak:0.00M | Scene, ViewLayer | Synchronizing object | G4_joint_G3R04_splice_washer.028
Fra:451 Mem:996.92M (Peak 1004.98M) | Time:00:02.31 | Mem:0.00M, Peak:0.00M | Scene, ViewLayer | Synchronizing object | G4_joint_G3R04_splice_hexbolt.028
Fra:451 Mem:996.93M (Peak 1004.98M) | Time:00:02.31 | Mem:0.00M, Peak:0.00M | Scene, ViewLayer | Synchronizing object | G4_joint_G3R04_splice_washer.029
Fra:451 Mem:996.96M (Peak 1004.98M) | Time:00:02.31 | Mem:0.00M, Peak:0.00M | Scene, ViewLayer | Synchronizing object | G4_joint_G3R04_splice_hexbolt.029
Fra:451 Mem:996.94M (Peak 1004.98M) | Time:00:02.31 | Mem:0.00M, Peak:0.00M | Scene, ViewLayer | Synchronizing object | G4_joint_G3R04_splice_washer.030
Fra:451 Mem:996.95M (Peak 1004.98M) | Time:00:02.31 | Mem:0.00M, Peak:0.00M | Scene, ViewLayer | Synchronizing object | G4_joint_G3R04_splice_hexbolt.030
Fra:451 Mem:996.95M (Peak 1004.98M) | Time:00:02.31 | Mem:0.00M, Peak:0.00M | Scene, ViewLayer | Synchronizing object | G4_joint_G3R04_splice_washer.031
Fra:451 Mem:996.96M (Peak 1004.98M) | Time:00:02.31 | Mem:0.00M, Peak:0.00M | Scene, ViewLayer | Synchronizing object | G4_joint_G3R04_splice_hexbolt.031
Fra:451 Mem:996.96M (Peak 1004.98M) | Time:00:02.31 | Mem:0.00M, Peak:0.00M | Scene, ViewLayer | Synchronizing object | G4_sconce_G3R04_sconce_mount.003
Fra:451 Mem:996.97M (Peak 1004.98M) | Time:00:02.31 | Mem:0.00M, Peak:0.00M | Scene, ViewLayer | Synchronizing object | G4_sconce_G3R04_opal_diffuser.003
Fra:451 Mem:997.02M (Peak 1004.98M) | Time:00:02.31 | Mem:0.00M, Peak:0.00M | Scene, ViewLayer | Synchronizing object | G4_sconce_G3R04_sconce_cap.006
Fra:451 Mem:997.04M (Peak 1004.98M) | Time:00:02.31 | Mem:0.00M, Peak:0.00M | Scene, ViewLayer | Synchronizing object | G4_sconce_G3R04_sconce_cap.007
Fra:451 Mem:997.07M (Peak 1004.98M) | Time:00:02.31 | Mem:0.00M, Peak:0.00M | Scene, ViewLayer | Synchronizing object | G4_sconce_G3R04_sconce_cage.006
Fra:451 Mem:997.09M (Peak 1004.98M) | Time:00:02.31 | Mem:0.00M, Peak:0.00M | Scene, ViewLayer | Synchronizing object | G4_sconce_G3R04_sconce_cage.007
Fra:451 Mem:997.07M (Peak 1004.98M) | Time:00:02.31 | Mem:0.00M, Peak:0.00M | Scene, ViewLayer | Synchronizing object | G4_column_sconce.003
Fra:451 Mem:997.07M (Peak 1004.98M) | Time:00:02.31 | Mem:0.00M, Peak:0.00M | Scene, ViewLayer | Synchronizing object | G4_joint_G3_column_anchor_bolt.016
Fra:451 Mem:997.08M (Peak 1004.98M) | Time:00:02.31 | Mem:0.00M, Peak:0.00M | Scene, ViewLayer | Synchronizing object | G4_joint_G3_column_anchor_bolt.017
Fra:451 Mem:997.08M (Peak 1004.98M) | Time:00:02.31 | Mem:0.00M, Peak:0.00M | Scene, ViewLayer | Synchronizing object | G4_joint_G3_column_anchor_bolt.018
Fra:451 Mem:997.08M (Peak 1004.98M) | Time:00:02.31 | Mem:0.00M, Peak:0.00M | Scene, ViewLayer | Synchronizing object | G4_joint_G3_column_anchor_bolt.019
Fra:451 Mem:997.08M (Peak 1004.98M) | Time:00:02.31 | Mem:0.00M, Peak:0.00M | Scene, ViewLayer | Synchronizing object | G4_joint_G3_column_cap_plate.004
Fra:451 Mem:997.09M (Peak 1004.98M) | Time:00:02.31 | Mem:0.00M, Peak:0.00M | Scene, ViewLayer | Synchronizing object | G4_joint_G3_cap_rivet.008
Fra:451 Mem:997.12M (Peak 1004.98M) | Time:00:02.31 | Mem:0.00M, Peak:0.00M | Scene, ViewLayer | Synchronizing object | G4_joint_G3_cap_rivet.009
Fra:451 Mem:997.12M (Peak 1004.98M) | Time:00:02.31 | Mem:0.00M, Peak:0.00M | Scene, ViewLayer | Synchronizing object | G4_joint_G3R04_eave_splice_plate.008
Fra:451 Mem:997.15M (Peak 1004.98M) | Time:00:02.31 | Mem:0.00M, Peak:0.00M | Scene, ViewLayer | Synchronizing object | G4_joint_G3R04_splice_washer.032
Fra:451 Mem:997.16M (Peak 1004.98M) | Time:00:02.31 | Mem:0.00M, Peak:0.00M | Scene, ViewLayer | Synchronizing object | G4_joint_G3R04_splice_hexbolt.032
Fra:451 Mem:997.18M (Peak 1004.98M) | Time:00:02.31 | Mem:0.00M, Peak:0.00M | Scene, ViewLayer | Synchronizing object | G4_joint_G3R04_splice_washer.033
Fra:451 Mem:997.16M (Peak 1004.98M) | Time:00:02.31 | Mem:0.00M, Peak:0.00M | Scene, ViewLayer | Synchronizing object | G4_joint_G3R04_splice_hexbolt.033
Fra:451 Mem:997.16M (Peak 1004.98M) | Time:00:02.31 | Mem:0.00M, Peak:0.00M | Scene, ViewLayer | Synchronizing object | G4_joint_G3R04_splice_washer.034
Fra:451 Mem:997.17M (Peak 1004.98M) | Time:00:02.31 | Mem:0.00M, Peak:0.00M | Scene, ViewLayer | Synchronizing object | G4_joint_G3R04_splice_hexbolt.034
Fra:451 Mem:997.18M (Peak 1004.98M) | Time:00:02.31 | Mem:0.00M, Peak:0.00M | Scene, ViewLayer | Synchronizing object | G4_joint_G3R04_splice_washer.035
Fra:451 Mem:997.18M (Peak 1004.98M) | Time:00:02.31 | Mem:0.00M, Peak:0.00M | Scene, ViewLayer | Synchronizing object | G4_joint_G3R04_splice_hexbolt.035
Fra:451 Mem:997.19M (Peak 1004.98M) | Time:00:02.31 | Mem:0.00M, Peak:0.00M | Scene, ViewLayer | Synchronizing object | G4_joint_G3R04_eave_splice_plate.009
Fra:451 Mem:997.19M (Peak 1004.98M) | Time:00:02.31 | Mem:0.00M, Peak:0.00M | Scene, ViewLayer | Synchronizing object | G4_joint_G3R04_splice_washer.036
Fra:451 Mem:997.23M (Peak 1004.98M) | Time:00:02.31 | Mem:0.00M, Peak:0.00M | Scene, ViewLayer | Synchronizing object | G4_joint_G3R04_splice_hexbolt.036
Fra:451 Mem:997.23M (Peak 1004.98M) | Time:00:02.31 | Mem:0.00M, Peak:0.00M | Scene, ViewLayer | Synchronizing object | G4_joint_G3R04_splice_washer.037
Fra:451 Mem:997.24M (Peak 1004.98M) | Time:00:02.31 | Mem:0.00M, Peak:0.00M | Scene, ViewLayer | Synchronizing object | G4_joint_G3R04_splice_hexbolt.037
Fra:451 Mem:997.24M (Peak 1004.98M) | Time:00:02.31 | Mem:0.00M, Peak:0.00M | Scene, ViewLayer | Synchronizing object | G4_joint_G3R04_splice_washer.038
Fra:451 Mem:997.24M (Peak 1004.98M) | Time:00:02.31 | Mem:0.00M, Peak:0.00M | Scene, ViewLayer | Synchronizing object | G4_joint_G3R04_splice_hexbolt.038
Fra:451 Mem:997.24M (Peak 1004.98M) | Time:00:02.31 | Mem:0.00M, Peak:0.00M | Scene, ViewLayer | Synchronizing object | G4_joint_G3R04_splice_washer.039
Fra:451 Mem:997.25M (Peak 1004.98M) | Time:00:02.31 | Mem:0.00M, Peak:0.00M | Scene, ViewLayer | Synchronizing object | G4_joint_G3R04_splice_hexbolt.039
Fra:451 Mem:997.26M (Peak 1004.98M) | Time:00:02.31 | Mem:0.00M, Peak:0.00M | Scene, ViewLayer | Synchronizing object | G4_sconce_G3R04_sconce_mount.004
Fra:451 Mem:997.26M (Peak 1004.98M) | Time:00:02.31 | Mem:0.00M, Peak:0.00M | Scene, ViewLayer | Synchronizing object | G4_sconce_G3R04_opal_diffuser.004
Fra:451 Mem:997.31M (Peak 1004.98M) | Time:00:02.31 | Mem:0.00M, Peak:0.00M | Scene, ViewLayer | Synchronizing object | G4_sconce_G3R04_sconce_cap.008
Fra:451 Mem:997.31M (Peak 1004.98M) | Time:00:02.31 | Mem:0.00M, Peak:0.00M | Scene, ViewLayer | Synchronizing object | G4_sconce_G3R04_sconce_cap.009
Fra:451 Mem:997.36M (Peak 1004.98M) | Time:00:02.31 | Mem:0.00M, Peak:0.00M | Scene, ViewLayer | Synchronizing object | G4_sconce_G3R04_sconce_cage.008
Fra:451 Mem:997.36M (Peak 1004.98M) | Time:00:02.31 | Mem:0.00M, Peak:0.00M | Scene, ViewLayer | Synchronizing object | G4_column_sconce.004
Fra:451 Mem:997.36M (Peak 1004.98M) | Time:00:02.31 | Mem:0.00M, Peak:0.00M | Scene, ViewLayer | Synchronizing object | G4_joint_G3_column_anchor_bolt.020
Fra:451 Mem:997.37M (Peak 1004.98M) | Time:00:02.31 | Mem:0.00M, Peak:0.00M | Scene, ViewLayer | Synchronizing object | G4_joint_G3_column_anchor_bolt.021
Fra:451 Mem:997.37M (Peak 1004.98M) | Time:00:02.31 | Mem:0.00M, Peak:0.00M | Scene, ViewLayer | Synchronizing object | G4_joint_G3_column_anchor_bolt.022
Fra:451 Mem:997.37M (Peak 1004.98M) | Time:00:02.31 | Mem:0.00M, Peak:0.00M | Scene, ViewLayer | Synchronizing object | G4_joint_G3_column_anchor_bolt.023
Fra:451 Mem:997.37M (Peak 1004.98M) | Time:00:02.31 | Mem:0.00M, Peak:0.00M | Scene, ViewLayer | Synchronizing object | G4_joint_G3_column_cap_plate.005
Fra:451 Mem:997.38M (Peak 1004.98M) | Time:00:02.31 | Mem:0.00M, Peak:0.00M | Scene, ViewLayer | Synchronizing object | G4_joint_G3_cap_rivet.010
Fra:451 Mem:997.39M (Peak 1004.98M) | Time:00:02.31 | Mem:0.00M, Peak:0.00M | Scene, ViewLayer | Synchronizing object | G4_joint_G3_cap_rivet.011
Fra:451 Mem:997.40M (Peak 1004.98M) | Time:00:02.31 | Mem:0.00M, Peak:0.00M | Scene, ViewLayer | Synchronizing object | G4_joint_G3R04_eave_splice_plate.010
Fra:451 Mem:997.42M (Peak 1004.98M) | Time:00:02.31 | Mem:0.00M, Peak:0.00M | Scene, ViewLayer | Synchronizing object | G4_joint_G3R04_splice_washer.040
Fra:451 Mem:997.45M (Peak 1004.98M) | Time:00:02.31 | Mem:0.00M, Peak:0.00M | Scene, ViewLayer | Synchronizing object | G4_joint_G3R04_splice_hexbolt.040
Fra:451 Mem:997.47M (Peak 1004.98M) | Time:00:02.31 | Mem:0.00M, Peak:0.00M | Scene, ViewLayer | Synchronizing object | G4_joint_G3R04_splice_washer.041
Fra:451 Mem:997.46M (Peak 1004.98M) | Time:00:02.31 | Mem:0.00M, Peak:0.00M | Scene, ViewLayer | Synchronizing object | G4_joint_G3R04_splice_hexbolt.041
Fra:451 Mem:997.47M (Peak 1004.98M) | Time:00:02.31 | Mem:0.00M, Peak:0.00M | Scene, ViewLayer | Synchronizing object | G4_joint_G3R04_splice_washer.042
Fra:451 Mem:997.50M (Peak 1004.98M) | Time:00:02.31 | Mem:0.00M, Peak:0.00M | Scene, ViewLayer | Synchronizing object | G4_joint_G3R04_splice_hexbolt.042
Fra:451 Mem:997.47M (Peak 1004.98M) | Time:00:02.31 | Mem:0.00M, Peak:0.00M | Scene, ViewLayer | Synchronizing object | G4_joint_G3R04_splice_washer.043
Fra:451 Mem:997.47M (Peak 1004.98M) | Time:00:02.31 | Mem:0.00M, Peak:0.00M | Scene, ViewLayer | Synchronizing object | G4_joint_G3R04_splice_hexbolt.043
Fra:451 Mem:997.49M (Peak 1004.98M) | Time:00:02.31 | Mem:0.00M, Peak:0.00M | Scene, ViewLayer | Synchronizing object | G4_joint_G3R04_eave_splice_plate.011
Fra:451 Mem:997.50M (Peak 1004.98M) | Time:00:02.31 | Mem:0.00M, Peak:0.00M | Scene, ViewLayer | Synchronizing object | G4_joint_G3R04_splice_washer.044
Fra:451 Mem:997.52M (Peak 1004.98M) | Time:00:02.31 | Mem:0.00M, Peak:0.00M | Scene, ViewLayer | Synchronizing object | G4_joint_G3R04_splice_hexbolt.044
Fra:451 Mem:997.53M (Peak 1004.98M) | Time:00:02.31 | Mem:0.00M, Peak:0.00M | Scene, ViewLayer | Synchronizing object | G4_joint_G3R04_splice_washer.045
Fra:451 Mem:997.54M (Peak 1004.98M) | Time:00:02.31 | Mem:0.00M, Peak:0.00M | Scene, ViewLayer | Synchronizing object | G4_joint_G3R04_splice_hexbolt.045
Fra:451 Mem:997.53M (Peak 1004.98M) | Time:00:02.31 | Mem:0.00M, Peak:0.00M | Scene, ViewLayer | Synchronizing object | G4_joint_G3R04_splice_washer.046
Fra:451 Mem:997.54M (Peak 1004.98M) | Time:00:02.31 | Mem:0.00M, Peak:0.00M | Scene, ViewLayer | Synchronizing object | G4_joint_G3R04_splice_hexbolt.046
Fra:451 Mem:997.54M (Peak 1004.98M) | Time:00:02.31 | Mem:0.00M, Peak:0.00M | Scene, ViewLayer | Synchronizing object | G4_joint_G3R04_splice_washer.047
Fra:451 Mem:997.55M (Peak 1004.98M) | Time:00:02.31 | Mem:0.00M, Peak:0.00M | Scene, ViewLayer | Synchronizing object | G4_joint_G3R04_splice_hexbolt.047
Fra:451 Mem:997.56M (Peak 1004.98M) | Time:00:02.31 | Mem:0.00M, Peak:0.00M | Scene, ViewLayer | Synchronizing object | G4_sconce_G3R04_sconce_mount.005
Fra:451 Mem:997.57M (Peak 1004.98M) | Time:00:02.31 | Mem:0.00M, Peak:0.00M | Scene, ViewLayer | Synchronizing object | G4_sconce_G3R04_opal_diffuser.005
Fra:451 Mem:997.61M (Peak 1004.98M) | Time:00:02.31 | Mem:0.00M, Peak:0.00M | Scene, ViewLayer | Synchronizing object | G4_sconce_G3R04_sconce_cap.010
Fra:451 Mem:997.64M (Peak 1004.98M) | Time:00:02.31 | Mem:0.00M, Peak:0.00M | Scene, ViewLayer | Synchronizing object | G4_sconce_G3R04_sconce_cap.011
Fra:451 Mem:997.66M (Peak 1004.98M) | Time:00:02.31 | Mem:0.00M, Peak:0.00M | Scene, ViewLayer | Synchronizing object | G4_sconce_G3R04_sconce_cage.010
Fra:451 Mem:997.67M (Peak 1004.98M) | Time:00:02.31 | Mem:0.00M, Peak:0.00M | Scene, ViewLayer | Synchronizing object | G4_sconce_G3R04_sconce_cage.011
Fra:451 Mem:997.67M (Peak 1004.98M) | Time:00:02.31 | Mem:0.00M, Peak:0.00M | Scene, ViewLayer | Synchronizing object | G4_column_sconce.005
Fra:451 Mem:997.67M (Peak 1004.98M) | Time:00:02.31 | Mem:0.00M, Peak:0.00M | Scene, ViewLayer | Synchronizing object | G4_joint_G3_column_anchor_bolt.024
Fra:451 Mem:997.67M (Peak 1004.98M) | Time:00:02.31 | Mem:0.00M, Peak:0.00M | Scene, ViewLayer | Synchronizing object | G4_joint_G3_column_anchor_bolt.025
Fra:451 Mem:997.67M (Peak 1004.98M) | Time:00:02.31 | Mem:0.00M, Peak:0.00M | Scene, ViewLayer | Synchronizing object | G4_joint_G3_column_anchor_bolt.026
Fra:451 Mem:997.67M (Peak 1004.98M) | Time:00:02.31 | Mem:0.00M, Peak:0.00M | Scene, ViewLayer | Synchronizing object | G4_joint_G3_column_anchor_bolt.027
Fra:451 Mem:997.68M (Peak 1004.98M) | Time:00:02.31 | Mem:0.00M, Peak:0.00M | Scene, ViewLayer | Synchronizing object | G4_joint_G3_column_cap_plate.006
Fra:451 Mem:997.68M (Peak 1004.98M) | Time:00:02.31 | Mem:0.00M, Peak:0.00M | Scene, ViewLayer | Synchronizing object | G4_joint_G3_cap_rivet.012
Fra:451 Mem:997.71M (Peak 1004.98M) | Time:00:02.31 | Mem:0.00M, Peak:0.00M | Scene, ViewLayer | Synchronizing object | G4_joint_G3_cap_rivet.013
Fra:451 Mem:997.71M (Peak 1004.98M) | Time:00:02.31 | Mem:0.00M, Peak:0.00M | Scene, ViewLayer | Synchronizing object | G4_joint_G3R04_eave_splice_plate.012
Fra:451 Mem:997.74M (Peak 1004.98M) | Time:00:02.31 | Mem:0.00M, Peak:0.00M | Scene, ViewLayer | Synchronizing object | G4_joint_G3R04_splice_washer.048
Fra:451 Mem:997.75M (Peak 1004.98M) | Time:00:02.31 | Mem:0.00M, Peak:0.00M | Scene, ViewLayer | Synchronizing object | G4_joint_G3R04_splice_hexbolt.048
Fra:451 Mem:997.75M (Peak 1004.98M) | Time:00:02.31 | Mem:0.00M, Peak:0.00M | Scene, ViewLayer | Synchronizing object | G4_joint_G3R04_splice_washer.049
Fra:451 Mem:997.75M (Peak 1004.98M) | Time:00:02.31 | Mem:0.00M, Peak:0.00M | Scene, ViewLayer | Synchronizing object | G4_joint_G3R04_splice_hexbolt.049
Fra:451 Mem:997.76M (Peak 1004.98M) | Time:00:02.31 | Mem:0.00M, Peak:0.00M | Scene, ViewLayer | Synchronizing object | G4_joint_G3R04_splice_washer.050
Fra:451 Mem:997.77M (Peak 1004.98M) | Time:00:02.31 | Mem:0.00M, Peak:0.00M | Scene, ViewLayer | Synchronizing object | G4_joint_G3R04_splice_hexbolt.050
Fra:451 Mem:997.77M (Peak 1004.98M) | Time:00:02.31 | Mem:0.00M, Peak:0.00M | Scene, ViewLayer | Synchronizing object | G4_joint_G3R04_splice_washer.051
Fra:451 Mem:997.78M (Peak 1004.98M) | Time:00:02.31 | Mem:0.00M, Peak:0.00M | Scene, ViewLayer | Synchronizing object | G4_joint_G3R04_splice_hexbolt.051
Fra:451 Mem:997.78M (Peak 1004.98M) | Time:00:02.31 | Mem:0.00M, Peak:0.00M | Scene, ViewLayer | Synchronizing object | G4_joint_G3R04_eave_splice_plate.013
Fra:451 Mem:997.79M (Peak 1004.98M) | Time:00:02.31 | Mem:0.00M, Peak:0.00M | Scene, ViewLayer | Synchronizing object | G4_joint_G3R04_splice_washer.052
Fra:451 Mem:997.82M (Peak 1004.98M) | Time:00:02.31 | Mem:0.00M, Peak:0.00M | Scene, ViewLayer | Synchronizing object | G4_joint_G3R04_splice_hexbolt.052
Fra:451 Mem:997.82M (Peak 1004.98M) | Time:00:02.31 | Mem:0.00M, Peak:0.00M | Scene, ViewLayer | Synchronizing object | G4_joint_G3R04_splice_washer.053
Fra:451 Mem:997.83M (Peak 1004.98M) | Time:00:02.31 | Mem:0.00M, Peak:0.00M | Scene, ViewLayer | Synchronizing object | G4_joint_G3R04_splice_hexbolt.053
Fra:451 Mem:997.83M (Peak 1004.98M) | Time:00:02.31 | Mem:0.00M, Peak:0.00M | Scene, ViewLayer | Synchronizing object | G4_joint_G3R04_splice_washer.054
Fra:451 Mem:997.84M (Peak 1004.98M) | Time:00:02.31 | Mem:0.00M, Peak:0.00M | Scene, ViewLayer | Synchronizing object | G4_joint_G3R04_splice_hexbolt.054
Fra:451 Mem:997.84M (Peak 1004.98M) | Time:00:02.31 | Mem:0.00M, Peak:0.00M | Scene, ViewLayer | Synchronizing object | G4_joint_G3R04_splice_washer.055
Fra:451 Mem:997.85M (Peak 1004.98M) | Time:00:02.31 | Mem:0.00M, Peak:0.00M | Scene, ViewLayer | Synchronizing object | G4_joint_G3R04_splice_hexbolt.055
Fra:451 Mem:997.85M (Peak 1004.98M) | Time:00:02.31 | Mem:0.00M, Peak:0.00M | Scene, ViewLayer | Synchronizing object | G4_sconce_G3R04_sconce_mount.006
Fra:451 Mem:997.86M (Peak 1004.98M) | Time:00:02.31 | Mem:0.00M, Peak:0.00M | Scene, ViewLayer | Synchronizing object | G4_sconce_G3R04_opal_diffuser.006
Fra:451 Mem:997.90M (Peak 1004.98M) | Time:00:02.31 | Mem:0.00M, Peak:0.00M | Scene, ViewLayer | Synchronizing object | G4_sconce_G3R04_sconce_cap.012
Fra:451 Mem:997.93M (Peak 1004.98M) | Time:00:02.31 | Mem:0.00M, Peak:0.00M | Scene, ViewLayer | Synchronizing object | G4_sconce_G3R04_sconce_cap.013
Fra:451 Mem:997.95M (Peak 1004.98M) | Time:00:02.31 | Mem:0.00M, Peak:0.00M | Scene, ViewLayer | Synchronizing object | G4_sconce_G3R04_sconce_cage.012
Fra:451 Mem:997.98M (Peak 1004.98M) | Time:00:02.31 | Mem:0.00M, Peak:0.00M | Scene, ViewLayer | Synchronizing object | G4_sconce_G3R04_sconce_cage.013
Fra:451 Mem:997.96M (Peak 1004.98M) | Time:00:02.31 | Mem:0.00M, Peak:0.00M | Scene, ViewLayer | Synchronizing object | G4_column_sconce.006
Fra:451 Mem:997.96M (Peak 1004.98M) | Time:00:02.31 | Mem:0.00M, Peak:0.00M | Scene, ViewLayer | Synchronizing object | G4_joint_G3_column_anchor_bolt.028
Fra:451 Mem:997.96M (Peak 1004.98M) | Time:00:02.31 | Mem:0.00M, Peak:0.00M | Scene, ViewLayer | Synchronizing object | G4_joint_G3_column_anchor_bolt.029
Fra:451 Mem:997.96M (Peak 1004.98M) | Time:00:02.31 | Mem:0.00M, Peak:0.00M | Scene, ViewLayer | Synchronizing object | G4_joint_G3_column_anchor_bolt.030
Fra:451 Mem:997.96M (Peak 1004.98M) | Time:00:02.31 | Mem:0.00M, Peak:0.00M | Scene, ViewLayer | Synchronizing object | G4_joint_G3_column_anchor_bolt.031
Fra:451 Mem:997.96M (Peak 1004.98M) | Time:00:02.31 | Mem:0.00M, Peak:0.00M | Scene, ViewLayer | Synchronizing object | G4_joint_G3_column_cap_plate.007
Fra:451 Mem:997.97M (Peak 1004.98M) | Time:00:02.31 | Mem:0.00M, Peak:0.00M | Scene, ViewLayer | Synchronizing object | G4_joint_G3_cap_rivet.014
Fra:451 Mem:998.01M (Peak 1004.98M) | Time:00:02.31 | Mem:0.00M, Peak:0.00M | Scene, ViewLayer | Synchronizing object | G4_joint_G3_cap_rivet.015
Fra:451 Mem:998.00M (Peak 1004.98M) | Time:00:02.31 | Mem:0.00M, Peak:0.00M | Scene, ViewLayer | Synchronizing object | G4_joint_G3R04_eave_splice_plate.014
Fra:451 Mem:998.03M (Peak 1004.98M) | Time:00:02.31 | Mem:0.00M, Peak:0.00M | Scene, ViewLayer | Synchronizing object | G4_joint_G3R04_splice_washer.056
Fra:451 Mem:998.06M (Peak 1004.98M) | Time:00:02.31 | Mem:0.00M, Peak:0.00M | Scene, ViewLayer | Synchronizing object | G4_joint_G3R04_splice_hexbolt.056
Fra:451 Mem:998.03M (Peak 1004.98M) | Time:00:02.31 | Mem:0.00M, Peak:0.00M | Scene, ViewLayer | Synchronizing object | G4_joint_G3R04_splice_washer.057
Fra:451 Mem:998.04M (Peak 1004.98M) | Time:00:02.31 | Mem:0.00M, Peak:0.00M | Scene, ViewLayer | Synchronizing object | G4_joint_G3R04_splice_hexbolt.057
Fra:451 Mem:998.05M (Peak 1004.98M) | Time:00:02.31 | Mem:0.00M, Peak:0.00M | Scene, ViewLayer | Synchronizing object | G4_joint_G3R04_splice_washer.058
Fra:451 Mem:998.06M (Peak 1004.98M) | Time:00:02.31 | Mem:0.00M, Peak:0.00M | Scene, ViewLayer | Synchronizing object | G4_joint_G3R04_splice_hexbolt.058
Fra:451 Mem:998.06M (Peak 1004.98M) | Time:00:02.31 | Mem:0.00M, Peak:0.00M | Scene, ViewLayer | Synchronizing object | G4_joint_G3R04_splice_washer.059
Fra:451 Mem:998.07M (Peak 1004.98M) | Time:00:02.31 | Mem:0.00M, Peak:0.00M | Scene, ViewLayer | Synchronizing object | G4_joint_G3R04_splice_hexbolt.059
Fra:451 Mem:998.07M (Peak 1004.98M) | Time:00:02.31 | Mem:0.00M, Peak:0.00M | Scene, ViewLayer | Synchronizing object | G4_joint_G3R04_eave_splice_plate.015
Fra:451 Mem:998.10M (Peak 1004.98M) | Time:00:02.31 | Mem:0.00M, Peak:0.00M | Scene, ViewLayer | Synchronizing object | G4_joint_G3R04_splice_washer.060
Fra:451 Mem:998.11M (Peak 1004.98M) | Time:00:02.31 | Mem:0.00M, Peak:0.00M | Scene, ViewLayer | Synchronizing object | G4_joint_G3R04_splice_hexbolt.060
Fra:451 Mem:998.11M (Peak 1004.98M) | Time:00:02.31 | Mem:0.00M, Peak:0.00M | Scene, ViewLayer | Synchronizing object | G4_joint_G3R04_splice_washer.061
Fra:451 Mem:998.14M (Peak 1004.98M) | Time:00:02.31 | Mem:0.00M, Peak:0.00M | Scene, ViewLayer | Synchronizing object | G4_joint_G3R04_splice_hexbolt.061
Fra:451 Mem:998.12M (Peak 1004.98M) | Time:00:02.31 | Mem:0.00M, Peak:0.00M | Scene, ViewLayer | Synchronizing object | G4_joint_G3R04_splice_washer.062
Fra:451 Mem:998.13M (Peak 1004.98M) | Time:00:02.31 | Mem:0.00M, Peak:0.00M | Scene, ViewLayer | Synchronizing object | G4_joint_G3R04_splice_hexbolt.062
Fra:451 Mem:998.13M (Peak 1004.98M) | Time:00:02.31 | Mem:0.00M, Peak:0.00M | Scene, ViewLayer | Synchronizing object | G4_joint_G3R04_splice_washer.063
Fra:451 Mem:998.14M (Peak 1004.98M) | Time:00:02.31 | Mem:0.00M, Peak:0.00M | Scene, ViewLayer | Synchronizing object | G4_joint_G3R04_splice_hexbolt.063
Fra:451 Mem:998.14M (Peak 1004.98M) | Time:00:02.31 | Mem:0.00M, Peak:0.00M | Scene, ViewLayer | Synchronizing object | G4_sconce_G3R04_sconce_mount.007
Fra:451 Mem:998.15M (Peak 1004.98M) | Time:00:02.31 | Mem:0.00M, Peak:0.00M | Scene, ViewLayer | Synchronizing object | G4_sconce_G3R04_opal_diffuser.007
Fra:451 Mem:998.22M (Peak 1004.98M) | Time:00:02.31 | Mem:0.00M, Peak:0.00M | Scene, ViewLayer | Synchronizing object | G4_sconce_G3R04_sconce_cap.014
Fra:451 Mem:998.20M (Peak 1004.98M) | Time:00:02.31 | Mem:0.00M, Peak:0.00M | Scene, ViewLayer | Synchronizing object | G4_sconce_G3R04_sconce_cap.015
Fra:451 Mem:998.25M (Peak 1004.98M) | Time:00:02.31 | Mem:0.00M, Peak:0.00M | Scene, ViewLayer | Synchronizing object | G4_sconce_G3R04_sconce_cage.014
Fra:451 Mem:998.24M (Peak 1004.98M) | Time:00:02.31 | Mem:0.00M, Peak:0.00M | Scene, ViewLayer | Synchronizing object | G4_sconce_G3R04_sconce_cage.015
Fra:451 Mem:998.25M (Peak 1004.98M) | Time:00:02.31 | Mem:0.00M, Peak:0.00M | Scene, ViewLayer | Synchronizing object | G4_column_sconce.007
Fra:451 Mem:998.25M (Peak 1004.98M) | Time:00:02.31 | Mem:0.00M, Peak:0.00M | Scene, ViewLayer | Synchronizing object | G4_joint_G3_column_anchor_bolt.032
Fra:451 Mem:998.25M (Peak 1004.98M) | Time:00:02.31 | Mem:0.00M, Peak:0.00M | Scene, ViewLayer | Synchronizing object | G4_joint_G3_column_anchor_bolt.034
Fra:451 Mem:998.26M (Peak 1004.98M) | Time:00:02.31 | Mem:0.00M, Peak:0.00M | Scene, ViewLayer | Synchronizing object | G4_joint_G3_column_anchor_bolt.035
Fra:451 Mem:998.26M (Peak 1004.98M) | Time:00:02.31 | Mem:0.00M, Peak:0.00M | Scene, ViewLayer | Synchronizing object | G4_joint_G3_column_cap_plate.008
Fra:451 Mem:998.27M (Peak 1004.98M) | Time:00:02.31 | Mem:0.00M, Peak:0.00M | Scene, ViewLayer | Synchronizing object | G4_joint_G3_cap_rivet.016
Fra:451 Mem:998.30M (Peak 1004.98M) | Time:00:02.31 | Mem:0.00M, Peak:0.00M | Scene, ViewLayer | Synchronizing object | G4_joint_G3_cap_rivet.017
Fra:451 Mem:998.30M (Peak 1004.98M) | Time:00:02.31 | Mem:0.00M, Peak:0.00M | Scene, ViewLayer | Synchronizing object | G4_joint_G3R04_eave_splice_plate.016
Fra:451 Mem:998.32M (Peak 1004.98M) | Time:00:02.31 | Mem:0.00M, Peak:0.00M | Scene, ViewLayer | Synchronizing object | G4_joint_G3R04_splice_washer.064
Fra:451 Mem:998.33M (Peak 1004.98M) | Time:00:02.31 | Mem:0.00M, Peak:0.00M | Scene, ViewLayer | Synchronizing object | G4_joint_G3R04_splice_hexbolt.064
Fra:451 Mem:998.33M (Peak 1004.98M) | Time:00:02.31 | Mem:0.00M, Peak:0.00M | Scene, ViewLayer | Synchronizing object | G4_joint_G3R04_splice_washer.065
Fra:451 Mem:998.34M (Peak 1004.98M) | Time:00:02.31 | Mem:0.00M, Peak:0.00M | Scene, ViewLayer | Synchronizing object | G4_joint_G3R04_splice_hexbolt.065
Fra:451 Mem:998.34M (Peak 1004.98M) | Time:00:02.31 | Mem:0.00M, Peak:0.00M | Scene, ViewLayer | Synchronizing object | G4_joint_G3R04_splice_washer.066
Fra:451 Mem:998.35M (Peak 1004.98M) | Time:00:02.31 | Mem:0.00M, Peak:0.00M | Scene, ViewLayer | Synchronizing object | G4_joint_G3R04_splice_hexbolt.066
Fra:451 Mem:998.35M (Peak 1004.98M) | Time:00:02.31 | Mem:0.00M, Peak:0.00M | Scene, ViewLayer | Synchronizing object | G4_joint_G3R04_splice_washer.067
Fra:451 Mem:998.37M (Peak 1004.98M) | Time:00:02.31 | Mem:0.00M, Peak:0.00M | Scene, ViewLayer | Synchronizing object | G4_joint_G3R04_splice_hexbolt.067
Fra:451 Mem:998.37M (Peak 1004.98M) | Time:00:02.31 | Mem:0.00M, Peak:0.00M | Scene, ViewLayer | Synchronizing object | G4_joint_G3R04_eave_splice_plate.017
Fra:451 Mem:998.37M (Peak 1004.98M) | Time:00:02.31 | Mem:0.00M, Peak:0.00M | Scene, ViewLayer | Synchronizing object | G4_joint_G3R04_splice_washer.068
Fra:451 Mem:998.41M (Peak 1004.98M) | Time:00:02.31 | Mem:0.00M, Peak:0.00M | Scene, ViewLayer | Synchronizing object | G4_joint_G3R04_splice_hexbolt.068
Fra:451 Mem:998.40M (Peak 1004.98M) | Time:00:02.31 | Mem:0.00M, Peak:0.00M | Scene, ViewLayer | Synchronizing object | G4_joint_G3R04_splice_washer.069
Fra:451 Mem:998.41M (Peak 1004.98M) | Time:00:02.31 | Mem:0.00M, Peak:0.00M | Scene, ViewLayer | Synchronizing object | G4_joint_G3R04_splice_hexbolt.069
Fra:451 Mem:998.42M (Peak 1004.98M) | Time:00:02.31 | Mem:0.00M, Peak:0.00M | Scene, ViewLayer | Synchronizing object | G4_joint_G3R04_splice_washer.070
Fra:451 Mem:998.42M (Peak 1004.98M) | Time:00:02.31 | Mem:0.00M, Peak:0.00M | Scene, ViewLayer | Synchronizing object | G4_joint_G3R04_splice_hexbolt.070
Fra:451 Mem:998.42M (Peak 1004.98M) | Time:00:02.31 | Mem:0.00M, Peak:0.00M | Scene, ViewLayer | Synchronizing object | G4_joint_G3R04_splice_washer.071
Fra:451 Mem:998.44M (Peak 1004.98M) | Time:00:02.31 | Mem:0.00M, Peak:0.00M | Scene, ViewLayer | Synchronizing object | G4_joint_G3R04_splice_hexbolt.071
Fra:451 Mem:998.44M (Peak 1004.98M) | Time:00:02.31 | Mem:0.00M, Peak:0.00M | Scene, ViewLayer | Synchronizing object | G4_sconce_G3R04_sconce_mount.008
Fra:451 Mem:998.43M (Peak 1004.98M) | Time:00:02.31 | Mem:0.00M, Peak:0.00M | Scene, ViewLayer | Synchronizing object | G4_sconce_G3R04_opal_diffuser.008
Fra:451 Mem:998.48M (Peak 1004.98M) | Time:00:02.31 | Mem:0.00M, Peak:0.00M | Scene, ViewLayer | Synchronizing object | G4_sconce_G3R04_sconce_cap.016
Fra:451 Mem:998.49M (Peak 1004.98M) | Time:00:02.31 | Mem:0.00M, Peak:0.00M | Scene, ViewLayer | Synchronizing object | G4_sconce_G3R04_sconce_cap.017
Fra:451 Mem:998.54M (Peak 1004.98M) | Time:00:02.31 | Mem:0.00M, Peak:0.00M | Scene, ViewLayer | Synchronizing object | G4_sconce_G3R04_sconce_cage.016
Fra:451 Mem:998.54M (Peak 1004.98M) | Time:00:02.31 | Mem:0.00M, Peak:0.00M | Scene, ViewLayer | Synchronizing object | G4_sconce_G3R04_sconce_cage.017
Fra:451 Mem:998.54M (Peak 1004.98M) | Time:00:02.31 | Mem:0.00M, Peak:0.00M | Scene, ViewLayer | Synchronizing object | G4_column_sconce.008
Fra:451 Mem:998.55M (Peak 1004.98M) | Time:00:02.31 | Mem:0.00M, Peak:0.00M | Scene, ViewLayer | Synchronizing object | G4_joint_G3_column_anchor_bolt.036
Fra:451 Mem:998.55M (Peak 1004.98M) | Time:00:02.31 | Mem:0.00M, Peak:0.00M | Scene, ViewLayer | Synchronizing object | G4_joint_G3_column_anchor_bolt.037
Fra:451 Mem:998.55M (Peak 1004.98M) | Time:00:02.31 | Mem:0.00M, Peak:0.00M | Scene, ViewLayer | Synchronizing object | G4_joint_G3_column_anchor_bolt.038
Fra:451 Mem:998.55M (Peak 1004.98M) | Time:00:02.31 | Mem:0.00M, Peak:0.00M | Scene, ViewLayer | Synchronizing object | G4_joint_G3_column_anchor_bolt.039
Fra:451 Mem:998.55M (Peak 1004.98M) | Time:00:02.31 | Mem:0.00M, Peak:0.00M | Scene, ViewLayer | Synchronizing object | G4_joint_G3_column_cap_plate.009
Fra:451 Mem:998.55M (Peak 1004.98M) | Time:00:02.31 | Mem:0.00M, Peak:0.00M | Scene, ViewLayer | Synchronizing object | G4_joint_G3_cap_rivet.018
Fra:451 Mem:998.59M (Peak 1004.98M) | Time:00:02.31 | Mem:0.00M, Peak:0.00M | Scene, ViewLayer | Synchronizing object | G4_joint_G3_cap_rivet.019
Fra:451 Mem:998.59M (Peak 1004.98M) | Time:00:02.31 | Mem:0.00M, Peak:0.00M | Scene, ViewLayer | Synchronizing object | G4_joint_G3R04_eave_splice_plate.018
Fra:451 Mem:998.62M (Peak 1004.98M) | Time:00:02.31 | Mem:0.00M, Peak:0.00M | Scene, ViewLayer | Synchronizing object | G4_joint_G3R04_splice_washer.072
Fra:451 Mem:998.63M (Peak 1004.98M) | Time:00:02.31 | Mem:0.00M, Peak:0.00M | Scene, ViewLayer | Synchronizing object | G4_joint_G3R04_splice_hexbolt.072
Fra:451 Mem:998.65M (Peak 1004.98M) | Time:00:02.31 | Mem:0.00M, Peak:0.00M | Scene, ViewLayer | Synchronizing object | G4_joint_G3R04_splice_washer.073
Fra:451 Mem:998.63M (Peak 1004.98M) | Time:00:02.31 | Mem:0.00M, Peak:0.00M | Scene, ViewLayer | Synchronizing object | G4_joint_G3R04_splice_hexbolt.073
Fra:451 Mem:998.63M (Peak 1004.98M) | Time:00:02.31 | Mem:0.00M, Peak:0.00M | Scene, ViewLayer | Synchronizing object | G4_joint_G3R04_splice_washer.074
Fra:451 Mem:998.63M (Peak 1004.98M) | Time:00:02.31 | Mem:0.00M, Peak:0.00M | Scene, ViewLayer | Synchronizing object | G4_joint_G3R04_splice_hexbolt.074
Fra:451 Mem:998.65M (Peak 1004.98M) | Time:00:02.31 | Mem:0.00M, Peak:0.00M | Scene, ViewLayer | Synchronizing object | G4_joint_G3R04_splice_washer.075
Fra:451 Mem:998.65M (Peak 1004.98M) | Time:00:02.31 | Mem:0.00M, Peak:0.00M | Scene, ViewLayer | Synchronizing object | G4_joint_G3R04_splice_hexbolt.075
Fra:451 Mem:998.66M (Peak 1004.98M) | Time:00:02.31 | Mem:0.00M, Peak:0.00M | Scene, ViewLayer | Synchronizing object | G4_joint_G3R04_eave_splice_plate.019
Fra:451 Mem:998.67M (Peak 1004.98M) | Time:00:02.31 | Mem:0.00M, Peak:0.00M | Scene, ViewLayer | Synchronizing object | G4_joint_G3R04_splice_washer.076
Fra:451 Mem:998.70M (Peak 1004.98M) | Time:00:02.31 | Mem:0.00M, Peak:0.00M | Scene, ViewLayer | Synchronizing object | G4_joint_G3R04_splice_hexbolt.076
Fra:451 Mem:998.70M (Peak 1004.98M) | Time:00:02.31 | Mem:0.00M, Peak:0.00M | Scene, ViewLayer | Synchronizing object | G4_joint_G3R04_splice_washer.077
Fra:451 Mem:998.71M (Peak 1004.98M) | Time:00:02.31 | Mem:0.00M, Peak:0.00M | Scene, ViewLayer | Synchronizing object | G4_joint_G3R04_splice_hexbolt.077
Fra:451 Mem:998.73M (Peak 1004.98M) | Time:00:02.31 | Mem:0.00M, Peak:0.00M | Scene, ViewLayer | Synchronizing object | G4_joint_G3R04_splice_washer.078
Fra:451 Mem:998.71M (Peak 1004.98M) | Time:00:02.31 | Mem:0.00M, Peak:0.00M | Scene, ViewLayer | Synchronizing object | G4_joint_G3R04_splice_hexbolt.078
Fra:451 Mem:998.72M (Peak 1004.98M) | Time:00:02.31 | Mem:0.00M, Peak:0.00M | Scene, ViewLayer | Synchronizing object | G4_joint_G3R04_splice_washer.079
Fra:451 Mem:998.73M (Peak 1004.98M) | Time:00:02.31 | Mem:0.00M, Peak:0.00M | Scene, ViewLayer | Synchronizing object | G4_joint_G3R04_splice_hexbolt.079
Fra:451 Mem:998.73M (Peak 1004.98M) | Time:00:02.31 | Mem:0.00M, Peak:0.00M | Scene, ViewLayer | Synchronizing object | G4_sconce_G3R04_sconce_mount.009
Fra:451 Mem:998.73M (Peak 1004.98M) | Time:00:02.31 | Mem:0.00M, Peak:0.00M | Scene, ViewLayer | Synchronizing object | G4_sconce_G3R04_opal_diffuser.009
Fra:451 Mem:998.80M (Peak 1004.98M) | Time:00:02.32 | Mem:0.00M, Peak:0.00M | Scene, ViewLayer | Synchronizing object | G4_sconce_G3R04_sconce_cap.018
Fra:451 Mem:998.79M (Peak 1004.98M) | Time:00:02.32 | Mem:0.00M, Peak:0.00M | Scene, ViewLayer | Synchronizing object | G4_sconce_G3R04_sconce_cap.019
Fra:451 Mem:998.83M (Peak 1004.98M) | Time:00:02.32 | Mem:0.00M, Peak:0.00M | Scene, ViewLayer | Synchronizing object | G4_sconce_G3R04_sconce_cage.018
Fra:451 Mem:998.84M (Peak 1004.98M) | Time:00:02.32 | Mem:0.00M, Peak:0.00M | Scene, ViewLayer | Synchronizing object | G4_sconce_G3R04_sconce_cage.019
Fra:451 Mem:998.84M (Peak 1004.98M) | Time:00:02.32 | Mem:0.00M, Peak:0.00M | Scene, ViewLayer | Synchronizing object | G4_column_sconce.009
Fra:451 Mem:998.84M (Peak 1004.98M) | Time:00:02.32 | Mem:0.00M, Peak:0.00M | Scene, ViewLayer | Synchronizing object | G4_joint_G3_column_anchor_bolt.040
Fra:451 Mem:998.84M (Peak 1004.98M) | Time:00:02.32 | Mem:0.00M, Peak:0.00M | Scene, ViewLayer | Synchronizing object | G4_joint_G3_column_anchor_bolt.041
Fra:451 Mem:998.84M (Peak 1004.98M) | Time:00:02.32 | Mem:0.00M, Peak:0.00M | Scene, ViewLayer | Synchronizing object | G4_joint_G3_column_anchor_bolt.042
Fra:451 Mem:998.84M (Peak 1004.98M) | Time:00:02.32 | Mem:0.00M, Peak:0.00M | Scene, ViewLayer | Synchronizing object | G4_joint_G3_column_anchor_bolt.043
Fra:451 Mem:998.85M (Peak 1004.98M) | Time:00:02.32 | Mem:0.00M, Peak:0.00M | Scene, ViewLayer | Synchronizing object | G4_joint_G3_column_cap_plate.010
Fra:451 Mem:998.85M (Peak 1004.98M) | Time:00:02.32 | Mem:0.00M, Peak:0.00M | Scene, ViewLayer | Synchronizing object | G4_joint_G3_cap_rivet.020
Fra:451 Mem:998.88M (Peak 1004.98M) | Time:00:02.32 | Mem:0.00M, Peak:0.00M | Scene, ViewLayer | Synchronizing object | G4_joint_G3_cap_rivet.021
Fra:451 Mem:998.88M (Peak 1004.98M) | Time:00:02.32 | Mem:0.00M, Peak:0.00M | Scene, ViewLayer | Synchronizing object | G4_joint_G3R04_eave_splice_plate.020
Fra:451 Mem:998.91M (Peak 1004.98M) | Time:00:02.32 | Mem:0.00M, Peak:0.00M | Scene, ViewLayer | Synchronizing object | G4_joint_G3R04_splice_washer.080
Fra:451 Mem:998.92M (Peak 1004.98M) | Time:00:02.32 | Mem:0.00M, Peak:0.00M | Scene, ViewLayer | Synchronizing object | G4_joint_G3R04_splice_hexbolt.080
Fra:451 Mem:998.92M (Peak 1004.98M) | Time:00:02.32 | Mem:0.00M, Peak:0.00M | Scene, ViewLayer | Synchronizing object | G4_joint_G3R04_splice_washer.081
Fra:451 Mem:998.92M (Peak 1004.98M) | Time:00:02.32 | Mem:0.00M, Peak:0.00M | Scene, ViewLayer | Synchronizing object | G4_joint_G3R04_splice_hexbolt.081
Fra:451 Mem:998.93M (Peak 1004.98M) | Time:00:02.32 | Mem:0.00M, Peak:0.00M | Scene, ViewLayer | Synchronizing object | G4_joint_G3R04_splice_washer.082
Fra:451 Mem:998.93M (Peak 1004.98M) | Time:00:02.32 | Mem:0.00M, Peak:0.00M | Scene, ViewLayer | Synchronizing object | G4_joint_G3R04_splice_hexbolt.082
Fra:451 Mem:998.94M (Peak 1004.98M) | Time:00:02.32 | Mem:0.00M, Peak:0.00M | Scene, ViewLayer | Synchronizing object | G4_joint_G3R04_splice_washer.083
Fra:451 Mem:998.95M (Peak 1004.98M) | Time:00:02.32 | Mem:0.00M, Peak:0.00M | Scene, ViewLayer | Synchronizing object | G4_joint_G3R04_eave_splice_plate.021
Fra:451 Mem:998.98M (Peak 1004.98M) | Time:00:02.32 | Mem:0.00M, Peak:0.00M | Scene, ViewLayer | Synchronizing object | G4_joint_G3R04_splice_washer.084
Fra:451 Mem:998.99M (Peak 1004.98M) | Time:00:02.32 | Mem:0.00M, Peak:0.00M | Scene, ViewLayer | Synchronizing object | G4_joint_G3R04_splice_hexbolt.084
Fra:451 Mem:999.01M (Peak 1004.98M) | Time:00:02.32 | Mem:0.00M, Peak:0.00M | Scene, ViewLayer | Synchronizing object | G4_joint_G3R04_splice_washer.085
Fra:451 Mem:998.99M (Peak 1004.98M) | Time:00:02.32 | Mem:0.00M, Peak:0.00M | Scene, ViewLayer | Synchronizing object | G4_joint_G3R04_splice_hexbolt.085
Fra:451 Mem:999.00M (Peak 1004.98M) | Time:00:02.32 | Mem:0.00M, Peak:0.00M | Scene, ViewLayer | Synchronizing object | G4_joint_G3R04_splice_washer.086
Fra:451 Mem:999.01M (Peak 1004.98M) | Time:00:02.32 | Mem:0.00M, Peak:0.00M | Scene, ViewLayer | Synchronizing object | G4_joint_G3R04_splice_hexbolt.086
Fra:451 Mem:999.03M (Peak 1004.98M) | Time:00:02.32 | Mem:0.00M, Peak:0.00M | Scene, ViewLayer | Synchronizing object | G4_joint_G3R04_splice_washer.087
Fra:451 Mem:999.02M (Peak 1004.98M) | Time:00:02.32 | Mem:0.00M, Peak:0.00M | Scene, ViewLayer | Synchronizing object | G4_joint_G3R04_splice_hexbolt.087
Fra:451 Mem:999.02M (Peak 1004.98M) | Time:00:02.32 | Mem:0.00M, Peak:0.00M | Scene, ViewLayer | Synchronizing object | G4_sconce_G3R04_sconce_mount.010
Fra:451 Mem:999.03M (Peak 1004.98M) | Time:00:02.32 | Mem:0.00M, Peak:0.00M | Scene, ViewLayer | Synchronizing object | G4_sconce_G3R04_opal_diffuser.010
Fra:451 Mem:999.08M (Peak 1004.98M) | Time:00:02.32 | Mem:0.00M, Peak:0.00M | Scene, ViewLayer | Synchronizing object | G4_sconce_G3R04_sconce_cap.020
Fra:451 Mem:999.08M (Peak 1004.98M) | Time:00:02.32 | Mem:0.00M, Peak:0.00M | Scene, ViewLayer | Synchronizing object | G4_sconce_G3R04_sconce_cap.021
Fra:451 Mem:999.15M (Peak 1004.98M) | Time:00:02.32 | Mem:0.00M, Peak:0.00M | Scene, ViewLayer | Synchronizing object | G4_sconce_G3R04_sconce_cage.020
Fra:451 Mem:999.13M (Peak 1004.98M) | Time:00:02.32 | Mem:0.00M, Peak:0.00M | Scene, ViewLayer | Synchronizing object | G4_sconce_G3R04_sconce_cage.021
Fra:451 Mem:999.13M (Peak 1004.98M) | Time:00:02.32 | Mem:0.00M, Peak:0.00M | Scene, ViewLayer | Synchronizing object | G4_column_sconce.010
Fra:451 Mem:999.14M (Peak 1004.98M) | Time:00:02.32 | Mem:0.00M, Peak:0.00M | Scene, ViewLayer | Synchronizing object | G4_joint_G3_column_anchor_bolt.044
Fra:451 Mem:999.15M (Peak 1004.98M) | Time:00:02.32 | Mem:0.00M, Peak:0.00M | Scene, ViewLayer | Synchronizing object | G4_joint_G3_column_anchor_bolt.045
Fra:451 Mem:999.14M (Peak 1004.98M) | Time:00:02.32 | Mem:0.00M, Peak:0.00M | Scene, ViewLayer | Synchronizing object | G4_joint_G3_column_anchor_bolt.046
Fra:451 Mem:999.14M (Peak 1004.98M) | Time:00:02.32 | Mem:0.00M, Peak:0.00M | Scene, ViewLayer | Synchronizing object | G4_joint_G3_column_anchor_bolt.047
Fra:451 Mem:999.14M (Peak 1004.98M) | Time:00:02.32 | Mem:0.00M, Peak:0.00M | Scene, ViewLayer | Synchronizing object | G4_joint_G3_column_cap_plate.011
Fra:451 Mem:999.14M (Peak 1004.98M) | Time:00:02.32 | Mem:0.00M, Peak:0.00M | Scene, ViewLayer | Synchronizing object | G4_joint_G3_cap_rivet.022
Fra:451 Mem:999.16M (Peak 1004.98M) | Time:00:02.32 | Mem:0.00M, Peak:0.00M | Scene, ViewLayer | Synchronizing object | G4_joint_G3_cap_rivet.023
Fra:451 Mem:999.19M (Peak 1004.98M) | Time:00:02.32 | Mem:0.00M, Peak:0.00M | Scene, ViewLayer | Synchronizing object | G4_joint_G3R04_eave_splice_plate.022
Fra:451 Mem:999.21M (Peak 1004.98M) | Time:00:02.32 | Mem:0.00M, Peak:0.00M | Scene, ViewLayer | Synchronizing object | G4_joint_G3R04_splice_washer.088
Fra:451 Mem:999.21M (Peak 1004.98M) | Time:00:02.32 | Mem:0.00M, Peak:0.00M | Scene, ViewLayer | Synchronizing object | G4_joint_G3R04_splice_hexbolt.088
Fra:451 Mem:999.21M (Peak 1004.98M) | Time:00:02.32 | Mem:0.00M, Peak:0.00M | Scene, ViewLayer | Synchronizing object | G4_joint_G3R04_splice_washer.089
Fra:451 Mem:999.22M (Peak 1004.98M) | Time:00:02.32 | Mem:0.00M, Peak:0.00M | Scene, ViewLayer | Synchronizing object | G4_joint_G3R04_splice_hexbolt.089
Fra:451 Mem:999.23M (Peak 1004.98M) | Time:00:02.32 | Mem:0.00M, Peak:0.00M | Scene, ViewLayer | Synchronizing object | G4_joint_G3R04_splice_washer.090
Fra:451 Mem:999.24M (Peak 1004.98M) | Time:00:02.32 | Mem:0.00M, Peak:0.00M | Scene, ViewLayer | Synchronizing object | G4_joint_G3R04_splice_hexbolt.090
Fra:451 Mem:999.24M (Peak 1004.98M) | Time:00:02.32 | Mem:0.00M, Peak:0.00M | Scene, ViewLayer | Synchronizing object | G4_joint_G3R04_splice_washer.091
Fra:451 Mem:999.25M (Peak 1004.98M) | Time:00:02.32 | Mem:0.00M, Peak:0.00M | Scene, ViewLayer | Synchronizing object | G4_joint_G3R04_splice_hexbolt.091
Fra:451 Mem:999.25M (Peak 1004.98M) | Time:00:02.32 | Mem:0.00M, Peak:0.00M | Scene, ViewLayer | Synchronizing object | G4_joint_G3R04_eave_splice_plate.023
Fra:451 Mem:999.28M (Peak 1004.98M) | Time:00:02.32 | Mem:0.00M, Peak:0.00M | Scene, ViewLayer | Synchronizing object | G4_joint_G3R04_splice_washer.092
Fra:451 Mem:999.29M (Peak 1004.98M) | Time:00:02.32 | Mem:0.00M, Peak:0.00M | Scene, ViewLayer | Synchronizing object | G4_joint_G3R04_splice_hexbolt.092
Fra:451 Mem:999.29M (Peak 1004.98M) | Time:00:02.32 | Mem:0.00M, Peak:0.00M | Scene, ViewLayer | Synchronizing object | G4_joint_G3R04_splice_washer.093
Fra:451 Mem:999.30M (Peak 1004.98M) | Time:00:02.32 | Mem:0.00M, Peak:0.00M | Scene, ViewLayer | Synchronizing object | G4_joint_G3R04_splice_hexbolt.093
Fra:451 Mem:999.30M (Peak 1004.98M) | Time:00:02.32 | Mem:0.00M, Peak:0.00M | Scene, ViewLayer | Synchronizing object | G4_joint_G3R04_splice_washer.094
Fra:451 Mem:999.31M (Peak 1004.98M) | Time:00:02.32 | Mem:0.00M, Peak:0.00M | Scene, ViewLayer | Synchronizing object | G4_joint_G3R04_splice_hexbolt.094
Fra:451 Mem:999.31M (Peak 1004.98M) | Time:00:02.32 | Mem:0.00M, Peak:0.00M | Scene, ViewLayer | Synchronizing object | G4_joint_G3R04_splice_washer.095
Fra:451 Mem:999.33M (Peak 1004.98M) | Time:00:02.32 | Mem:0.00M, Peak:0.00M | Scene, ViewLayer | Synchronizing object | G4_joint_G3R04_splice_hexbolt.095
Fra:451 Mem:999.32M (Peak 1004.98M) | Time:00:02.32 | Mem:0.00M, Peak:0.00M | Scene, ViewLayer | Synchronizing object | G4_sconce_G3R04_sconce_mount.011
Fra:451 Mem:999.33M (Peak 1004.98M) | Time:00:02.32 | Mem:0.00M, Peak:0.00M | Scene, ViewLayer | Synchronizing object | G4_sconce_G3R04_opal_diffuser.011
Fra:451 Mem:999.38M (Peak 1004.98M) | Time:00:02.32 | Mem:0.00M, Peak:0.00M | Scene, ViewLayer | Synchronizing object | G4_sconce_G3R04_sconce_cap.022
Fra:451 Mem:999.40M (Peak 1004.98M) | Time:00:02.32 | Mem:0.00M, Peak:0.00M | Scene, ViewLayer | Synchronizing object | G4_sconce_G3R04_sconce_cap.023
Fra:451 Mem:999.43M (Peak 1004.98M) | Time:00:02.32 | Mem:0.00M, Peak:0.00M | Scene, ViewLayer | Synchronizing object | G4_sconce_G3R04_sconce_cage.022
Fra:451 Mem:999.39M (Peak 1004.98M) | Time:00:02.32 | Mem:0.00M, Peak:0.00M | Scene, ViewLayer | Synchronizing object | G4_sconce_G3R04_sconce_cage.023
Fra:451 Mem:999.28M (Peak 1004.98M) | Time:00:02.32 | Mem:0.00M, Peak:0.00M | Scene, ViewLayer | Synchronizing object | G4_column_sconce.011
Fra:451 Mem:999.22M (Peak 1004.98M) | Time:00:02.32 | Mem:0.00M, Peak:0.00M | Scene, ViewLayer | Synchronizing object | G4_joint_G3_column_anchor_bolt.048
Fra:451 Mem:999.16M (Peak 1004.98M) | Time:00:02.32 | Mem:0.00M, Peak:0.00M | Scene, ViewLayer | Synchronizing object | G4_joint_G3_column_anchor_bolt.049
Fra:451 Mem:999.11M (Peak 1004.98M) | Time:00:02.32 | Mem:0.00M, Peak:0.00M | Scene, ViewLayer | Synchronizing object | G4_joint_G3_column_anchor_bolt.050
Fra:451 Mem:999.06M (Peak 1004.98M) | Time:00:02.32 | Mem:0.00M, Peak:0.00M | Scene, ViewLayer | Synchronizing object | G4_joint_G3_column_anchor_bolt.051
Fra:451 Mem:999.02M (Peak 1004.98M) | Time:00:02.32 | Mem:0.00M, Peak:0.00M | Scene, ViewLayer | Synchronizing object | G4_joint_G3_column_cap_plate.012
Fra:451 Mem:998.98M (Peak 1004.98M) | Time:00:02.32 | Mem:0.00M, Peak:0.00M | Scene, ViewLayer | Synchronizing object | G4_joint_G3_cap_rivet.024
Fra:451 Mem:998.90M (Peak 1004.98M) | Time:00:02.32 | Mem:0.00M, Peak:0.00M | Scene, ViewLayer | Synchronizing object | G4_joint_G3_cap_rivet.025
Fra:451 Mem:998.79M (Peak 1004.98M) | Time:00:02.32 | Mem:0.00M, Peak:0.00M | Scene, ViewLayer | Synchronizing object | G4_joint_G3R04_eave_splice_plate.024
Fra:451 Mem:998.46M (Peak 1004.98M) | Time:00:02.32 | Mem:0.00M, Peak:0.00M | Scene, ViewLayer | Synchronizing object | G4_joint_G3R04_splice_washer.096
Fra:451 Mem:998.37M (Peak 1004.98M) | Time:00:02.32 | Mem:0.00M, Peak:0.00M | Scene, ViewLayer | Synchronizing object | G4_joint_G3R04_splice_hexbolt.096
Fra:451 Mem:998.34M (Peak 1004.98M) | Time:00:02.32 | Mem:0.00M, Peak:0.00M | Scene, ViewLayer | Synchronizing object | G4_joint_G3R04_splice_washer.097
Fra:451 Mem:998.28M (Peak 1004.98M) | Time:00:02.32 | Mem:0.00M, Peak:0.00M | Scene, ViewLayer | Synchronizing object | G4_joint_G3R04_splice_hexbolt.097
Fra:451 Mem:998.25M (Peak 1004.98M) | Time:00:02.32 | Mem:0.00M, Peak:0.00M | Scene, ViewLayer | Synchronizing object | G4_joint_G3R04_splice_washer.098
Fra:451 Mem:998.23M (Peak 1004.98M) | Time:00:02.32 | Mem:0.00M, Peak:0.00M | Scene, ViewLayer | Synchronizing object | G4_joint_G3R04_splice_hexbolt.098
Fra:451 Mem:998.18M (Peak 1004.98M) | Time:00:02.32 | Mem:0.00M, Peak:0.00M | Scene, ViewLayer | Synchronizing object | G4_joint_G3R04_splice_washer.099
Fra:451 Mem:998.17M (Peak 1004.98M) | Time:00:02.32 | Mem:0.00M, Peak:0.00M | Scene, ViewLayer | Synchronizing object | G4_joint_G3R04_splice_hexbolt.099
Fra:451 Mem:998.10M (Peak 1004.98M) | Time:00:02.32 | Mem:0.00M, Peak:0.00M | Scene, ViewLayer | Synchronizing object | G4_joint_G3R04_eave_splice_plate.025
Fra:451 Mem:998.08M (Peak 1004.98M) | Time:00:02.32 | Mem:0.00M, Peak:0.00M | Scene, ViewLayer | Synchronizing object | G4_joint_G3R04_splice_washer.100
Fra:451 Mem:998.00M (Peak 1004.98M) | Time:00:02.32 | Mem:0.00M, Peak:0.00M | Scene, ViewLayer | Synchronizing object | G4_joint_G3R04_splice_hexbolt.100
Fra:451 Mem:997.98M (Peak 1004.98M) | Time:00:02.32 | Mem:0.00M, Peak:0.00M | Scene, ViewLayer | Synchronizing object | G4_joint_G3R04_splice_washer.101
Fra:451 Mem:998.03M (Peak 1004.98M) | Time:00:02.32 | Mem:0.00M, Peak:0.00M | Scene, ViewLayer | Synchronizing object | G4_joint_G3R04_splice_hexbolt.101
Fra:451 Mem:998.04M (Peak 1004.98M) | Time:00:02.32 | Mem:0.00M, Peak:0.00M | Scene, ViewLayer | Synchronizing object | G4_joint_G3R04_splice_washer.102
Fra:451 Mem:998.06M (Peak 1004.98M) | Time:00:02.32 | Mem:0.00M, Peak:0.00M | Scene, ViewLayer | Synchronizing object | G4_joint_G3R04_splice_hexbolt.102
Fra:451 Mem:998.07M (Peak 1004.98M) | Time:00:02.32 | Mem:0.00M, Peak:0.00M | Scene, ViewLayer | Synchronizing object | G4_joint_G3R04_splice_washer.103
Fra:451 Mem:998.09M (Peak 1004.98M) | Time:00:02.32 | Mem:0.00M, Peak:0.00M | Scene, ViewLayer | Synchronizing object | G4_joint_G3R04_splice_hexbolt.103
Fra:451 Mem:998.11M (Peak 1004.98M) | Time:00:02.32 | Mem:0.00M, Peak:0.00M | Scene, ViewLayer | Synchronizing object | G4_sconce_G3R04_sconce_mount.012
Fra:451 Mem:998.14M (Peak 1004.98M) | Time:00:02.32 | Mem:0.00M, Peak:0.00M | Scene, ViewLayer | Synchronizing object | G4_sconce_G3R04_opal_diffuser.012
Fra:451 Mem:998.18M (Peak 1004.98M) | Time:00:02.32 | Mem:0.00M, Peak:0.00M | Scene, ViewLayer | Synchronizing object | G4COAST_R07_surface_runoff
Fra:451 Mem:998.21M (Peak 1004.98M) | Time:00:02.32 | Mem:0.00M, Peak:0.00M | Scene, ViewLayer | Synchronizing object | G4_sconce_G3R04_sconce_cap.024
Fra:451 Mem:998.25M (Peak 1004.98M) | Time:00:02.32 | Mem:0.00M, Peak:0.00M | Scene, ViewLayer | Synchronizing object | G4_sconce_G3R04_sconce_cap.025
Fra:451 Mem:998.27M (Peak 1004.98M) | Time:00:02.32 | Mem:0.00M, Peak:0.00M | Scene, ViewLayer | Synchronizing object | G4_sconce_G3R04_sconce_cage.024
Fra:451 Mem:998.27M (Peak 1004.98M) | Time:00:02.32 | Mem:0.00M, Peak:0.00M | Scene, ViewLayer | Synchronizing object | G4_sconce_G3R04_sconce_cage.025
Fra:451 Mem:998.27M (Peak 1004.98M) | Time:00:02.32 | Mem:0.00M, Peak:0.00M | Scene, ViewLayer | Synchronizing object | G4_column_sconce.012
Fra:451 Mem:998.28M (Peak 1004.98M) | Time:00:02.32 | Mem:0.00M, Peak:0.00M | Scene, ViewLayer | Synchronizing object | G4_joint_G3_column_anchor_bolt.052
Fra:451 Mem:998.28M (Peak 1004.98M) | Time:00:02.32 | Mem:0.00M, Peak:0.00M | Scene, ViewLayer | Synchronizing object | G4_joint_G3_column_anchor_bolt.053
Fra:451 Mem:998.28M (Peak 1004.98M) | Time:00:02.32 | Mem:0.00M, Peak:0.00M | Scene, ViewLayer | Synchronizing object | G4_joint_G3_column_anchor_bolt.054
Fra:451 Mem:998.28M (Peak 1004.98M) | Time:00:02.32 | Mem:0.00M, Peak:0.00M | Scene, ViewLayer | Synchronizing object | G4_joint_G3_column_anchor_bolt.055
Fra:451 Mem:998.30M (Peak 1004.98M) | Time:00:02.32 | Mem:0.00M, Peak:0.00M | Scene, ViewLayer | Synchronizing object | G4_joint_G3_column_cap_plate.013
Fra:451 Mem:998.29M (Peak 1004.98M) | Time:00:02.32 | Mem:0.00M, Peak:0.00M | Scene, ViewLayer | Synchronizing object | G4_joint_G3_cap_rivet.026
Fra:451 Mem:998.32M (Peak 1004.98M) | Time:00:02.32 | Mem:0.00M, Peak:0.00M | Scene, ViewLayer | Synchronizing object | G4_joint_G3_cap_rivet.027
Fra:451 Mem:998.32M (Peak 1004.98M) | Time:00:02.32 | Mem:0.00M, Peak:0.00M | Scene, ViewLayer | Synchronizing object | G4_joint_G3R04_eave_splice_plate.026
Fra:451 Mem:998.35M (Peak 1004.98M) | Time:00:02.32 | Mem:0.00M, Peak:0.00M | Scene, ViewLayer | Synchronizing object | G4_joint_G3R04_splice_washer.104
Fra:451 Mem:998.38M (Peak 1004.98M) | Time:00:02.32 | Mem:0.00M, Peak:0.00M | Scene, ViewLayer | Synchronizing object | G4_joint_G3R04_splice_hexbolt.104
Fra:451 Mem:998.36M (Peak 1004.98M) | Time:00:02.32 | Mem:0.00M, Peak:0.00M | Scene, ViewLayer | Synchronizing object | G4_joint_G3R04_splice_washer.105
Fra:451 Mem:998.36M (Peak 1004.98M) | Time:00:02.32 | Mem:0.00M, Peak:0.00M | Scene, ViewLayer | Synchronizing object | G4_joint_G3R04_splice_hexbolt.105
Fra:451 Mem:998.37M (Peak 1004.98M) | Time:00:02.32 | Mem:0.00M, Peak:0.00M | Scene, ViewLayer | Synchronizing object | G4_joint_G3R04_splice_washer.106
Fra:451 Mem:998.37M (Peak 1004.98M) | Time:00:02.32 | Mem:0.00M, Peak:0.00M | Scene, ViewLayer | Synchronizing object | G4_joint_G3R04_splice_hexbolt.106
Fra:451 Mem:998.38M (Peak 1004.98M) | Time:00:02.32 | Mem:0.00M, Peak:0.00M | Scene, ViewLayer | Synchronizing object | G4_joint_G3R04_splice_washer.107
Fra:451 Mem:998.39M (Peak 1004.98M) | Time:00:02.32 | Mem:0.00M, Peak:0.00M | Scene, ViewLayer | Synchronizing object | G4_joint_G3R04_splice_hexbolt.107
Fra:451 Mem:998.40M (Peak 1004.98M) | Time:00:02.32 | Mem:0.00M, Peak:0.00M | Scene, ViewLayer | Synchronizing object | G4_joint_G3R04_eave_splice_plate.027
Fra:451 Mem:998.40M (Peak 1004.98M) | Time:00:02.32 | Mem:0.00M, Peak:0.00M | Scene, ViewLayer | Synchronizing object | G4_joint_G3R04_splice_washer.108
Fra:451 Mem:998.43M (Peak 1004.98M) | Time:00:02.32 | Mem:0.00M, Peak:0.00M | Scene, ViewLayer | Synchronizing object | G4_joint_G3R04_splice_hexbolt.108
Fra:451 Mem:998.43M (Peak 1004.98M) | Time:00:02.32 | Mem:0.00M, Peak:0.00M | Scene, ViewLayer | Synchronizing object | G4_joint_G3R04_splice_washer.109
Fra:451 Mem:998.45M (Peak 1004.98M) | Time:00:02.32 | Mem:0.00M, Peak:0.00M | Scene, ViewLayer | Synchronizing object | G4_joint_G3R04_splice_hexbolt.109
Fra:451 Mem:998.45M (Peak 1004.98M) | Time:00:02.32 | Mem:0.00M, Peak:0.00M | Scene, ViewLayer | Synchronizing object | G4_joint_G3R04_splice_washer.110
Fra:451 Mem:998.46M (Peak 1004.98M) | Time:00:02.32 | Mem:0.00M, Peak:0.00M | Scene, ViewLayer | Synchronizing object | G4_joint_G3R04_splice_hexbolt.110
Fra:451 Mem:998.46M (Peak 1004.98M) | Time:00:02.32 | Mem:0.00M, Peak:0.00M | Scene, ViewLayer | Synchronizing object | G4_joint_G3R04_splice_washer.111
Fra:451 Mem:998.46M (Peak 1004.98M) | Time:00:02.32 | Mem:0.00M, Peak:0.00M | Scene, ViewLayer | Synchronizing object | G4_joint_G3R04_splice_hexbolt.111
Fra:451 Mem:998.47M (Peak 1004.98M) | Time:00:02.32 | Mem:0.00M, Peak:0.00M | Scene, ViewLayer | Synchronizing object | G4_sconce_G3R04_sconce_mount.013
Fra:451 Mem:998.48M (Peak 1004.98M) | Time:00:02.32 | Mem:0.00M, Peak:0.00M | Scene, ViewLayer | Synchronizing object | G4_sconce_G3R04_opal_diffuser.013
Fra:451 Mem:998.53M (Peak 1004.98M) | Time:00:02.32 | Mem:0.00M, Peak:0.00M | Scene, ViewLayer | Synchronizing object | G4_sconce_G3R04_sconce_cap.026
Fra:451 Mem:998.55M (Peak 1004.98M) | Time:00:02.32 | Mem:0.00M, Peak:0.00M | Scene, ViewLayer | Synchronizing object | G4_sconce_G3R04_sconce_cap.027
Fra:451 Mem:998.58M (Peak 1004.98M) | Time:00:02.32 | Mem:0.00M, Peak:0.00M | Scene, ViewLayer | Synchronizing object | G4_sconce_G3R04_sconce_cage.026
Fra:451 Mem:998.61M (Peak 1004.98M) | Time:00:02.32 | Mem:0.00M, Peak:0.00M | Scene, ViewLayer | Synchronizing object | G4_sconce_G3R04_sconce_cage.027
Fra:451 Mem:998.59M (Peak 1004.98M) | Time:00:02.32 | Mem:0.00M, Peak:0.00M | Scene, ViewLayer | Synchronizing object | G4_column_sconce.013
Fra:451 Mem:998.59M (Peak 1004.98M) | Time:00:02.32 | Mem:0.00M, Peak:0.00M | Scene, ViewLayer | Synchronizing object | G4_joint_G3_column_anchor_bolt.056
Fra:451 Mem:998.59M (Peak 1004.98M) | Time:00:02.32 | Mem:0.00M, Peak:0.00M | Scene, ViewLayer | Synchronizing object | G4_joint_G3_column_anchor_bolt.057
Fra:451 Mem:998.59M (Peak 1004.98M) | Time:00:02.32 | Mem:0.00M, Peak:0.00M | Scene, ViewLayer | Synchronizing object | G4_joint_G3_column_anchor_bolt.058
Fra:451 Mem:998.60M (Peak 1004.98M) | Time:00:02.32 | Mem:0.00M, Peak:0.00M | Scene, ViewLayer | Synchronizing object | G4_joint_G3_column_anchor_bolt.059
Fra:451 Mem:998.60M (Peak 1004.98M) | Time:00:02.32 | Mem:0.00M, Peak:0.00M | Scene, ViewLayer | Synchronizing object | G4_joint_G3_column_cap_plate.014
Fra:451 Mem:998.60M (Peak 1004.98M) | Time:00:02.32 | Mem:0.00M, Peak:0.00M | Scene, ViewLayer | Synchronizing object | G4_joint_G3_cap_rivet.028
Fra:451 Mem:998.63M (Peak 1004.98M) | Time:00:02.32 | Mem:0.00M, Peak:0.00M | Scene, ViewLayer | Synchronizing object | G4_joint_G3_cap_rivet.029
Fra:451 Mem:998.65M (Peak 1004.98M) | Time:00:02.32 | Mem:0.00M, Peak:0.00M | Scene, ViewLayer | Synchronizing object | G4_joint_G3R04_eave_splice_plate.028
Fra:451 Mem:998.67M (Peak 1004.98M) | Time:00:02.32 | Mem:0.00M, Peak:0.00M | Scene, ViewLayer | Synchronizing object | G4_joint_G3R04_splice_washer.112
Fra:451 Mem:998.67M (Peak 1004.98M) | Time:00:02.32 | Mem:0.00M, Peak:0.00M | Scene, ViewLayer | Synchronizing object | G4_joint_G3R04_splice_hexbolt.112
Fra:451 Mem:998.68M (Peak 1004.98M) | Time:00:02.32 | Mem:0.00M, Peak:0.00M | Scene, ViewLayer | Synchronizing object | G4_joint_G3R04_splice_washer.113
Fra:451 Mem:998.69M (Peak 1004.98M) | Time:00:02.32 | Mem:0.00M, Peak:0.00M | Scene, ViewLayer | Synchronizing object | G4_joint_G3R04_splice_hexbolt.113
Fra:451 Mem:998.69M (Peak 1004.98M) | Time:00:02.32 | Mem:0.00M, Peak:0.00M | Scene, ViewLayer | Synchronizing object | G4_joint_G3R04_splice_washer.114
Fra:451 Mem:998.69M (Peak 1004.98M) | Time:00:02.32 | Mem:0.00M, Peak:0.00M | Scene, ViewLayer | Synchronizing object | G4_joint_G3R04_splice_hexbolt.114
Fra:451 Mem:998.69M (Peak 1004.98M) | Time:00:02.32 | Mem:0.00M, Peak:0.00M | Scene, ViewLayer | Synchronizing object | G4_joint_G3R04_splice_washer.115
Fra:451 Mem:998.71M (Peak 1004.98M) | Time:00:02.32 | Mem:0.00M, Peak:0.00M | Scene, ViewLayer | Synchronizing object | G4_joint_G3R04_splice_hexbolt.115
Fra:451 Mem:998.71M (Peak 1004.98M) | Time:00:02.32 | Mem:0.00M, Peak:0.00M | Scene, ViewLayer | Synchronizing object | G4_joint_G3R04_eave_splice_plate.029
Fra:451 Mem:998.71M (Peak 1004.98M) | Time:00:02.32 | Mem:0.00M, Peak:0.00M | Scene, ViewLayer | Synchronizing object | G4_joint_G3R04_splice_hexbolt.116
Fra:451 Mem:998.75M (Peak 1004.98M) | Time:00:02.32 | Mem:0.00M, Peak:0.00M | Scene, ViewLayer | Synchronizing object | G4_joint_G3R04_splice_washer.117
Fra:451 Mem:998.75M (Peak 1004.98M) | Time:00:02.32 | Mem:0.00M, Peak:0.00M | Scene, ViewLayer | Synchronizing object | G4_joint_G3R04_splice_hexbolt.117
Fra:451 Mem:998.77M (Peak 1004.98M) | Time:00:02.32 | Mem:0.00M, Peak:0.00M | Scene, ViewLayer | Synchronizing object | G4_joint_G3R04_splice_washer.118
Fra:451 Mem:998.77M (Peak 1004.98M) | Time:00:02.32 | Mem:0.00M, Peak:0.00M | Scene, ViewLayer | Synchronizing object | G4_joint_G3R04_splice_hexbolt.118
Fra:451 Mem:998.77M (Peak 1004.98M) | Time:00:02.32 | Mem:0.00M, Peak:0.00M | Scene, ViewLayer | Synchronizing object | G4_joint_G3R04_splice_washer.119
Fra:451 Mem:998.77M (Peak 1004.98M) | Time:00:02.32 | Mem:0.00M, Peak:0.00M | Scene, ViewLayer | Synchronizing object | G4_joint_G3R04_splice_hexbolt.119
Fra:451 Mem:998.78M (Peak 1004.98M) | Time:00:02.32 | Mem:0.00M, Peak:0.00M | Scene, ViewLayer | Synchronizing object | G4_sconce_G3R04_sconce_mount.014
Fra:451 Mem:998.78M (Peak 1004.98M) | Time:00:02.32 | Mem:0.00M, Peak:0.00M | Scene, ViewLayer | Synchronizing object | G4_sconce_G3R04_opal_diffuser.014
Fra:451 Mem:998.83M (Peak 1004.98M) | Time:00:02.32 | Mem:0.00M, Peak:0.00M | Scene, ViewLayer | Synchronizing object | G4_sconce_G3R04_sconce_cap.028
Fra:451 Mem:998.85M (Peak 1004.98M) | Time:00:02.32 | Mem:0.00M, Peak:0.00M | Scene, ViewLayer | Synchronizing object | G4_sconce_G3R04_sconce_cap.029
Fra:451 Mem:998.85M (Peak 1004.98M) | Time:00:02.32 | Mem:0.00M, Peak:0.00M | Scene, ViewLayer | Synchronizing object | G4_sconce_G3R04_sconce_cage.028
Fra:451 Mem:998.88M (Peak 1004.98M) | Time:00:02.32 | Mem:0.00M, Peak:0.00M | Scene, ViewLayer | Synchronizing object | G4_sconce_G3R04_sconce_cage.029
Fra:451 Mem:998.92M (Peak 1004.98M) | Time:00:02.32 | Mem:0.00M, Peak:0.00M | Scene, ViewLayer | Synchronizing object | G4_column_sconce.014
Fra:451 Mem:998.88M (Peak 1004.98M) | Time:00:02.32 | Mem:0.00M, Peak:0.00M | Scene, ViewLayer | Synchronizing object | G4_joint_G3_column_anchor_bolt.060
Fra:451 Mem:998.88M (Peak 1004.98M) | Time:00:02.32 | Mem:0.00M, Peak:0.00M | Scene, ViewLayer | Synchronizing object | G4_joint_G3_column_anchor_bolt.061
Fra:451 Mem:998.88M (Peak 1004.98M) | Time:00:02.32 | Mem:0.00M, Peak:0.00M | Scene, ViewLayer | Synchronizing object | G4_joint_G3_column_anchor_bolt.062
Fra:451 Mem:998.88M (Peak 1004.98M) | Time:00:02.32 | Mem:0.00M, Peak:0.00M | Scene, ViewLayer | Synchronizing object | G4_joint_G3_column_anchor_bolt.063
Fra:451 Mem:998.88M (Peak 1004.98M) | Time:00:02.32 | Mem:0.00M, Peak:0.00M | Scene, ViewLayer | Synchronizing object | G4_joint_G3_column_cap_plate.015
Fra:451 Mem:998.89M (Peak 1004.98M) | Time:00:02.32 | Mem:0.00M, Peak:0.00M | Scene, ViewLayer | Synchronizing object | G4_joint_G3_cap_rivet.030
Fra:451 Mem:998.94M (Peak 1004.98M) | Time:00:02.32 | Mem:0.00M, Peak:0.00M | Scene, ViewLayer | Synchronizing object | G4_joint_G3_cap_rivet.031
Fra:451 Mem:998.91M (Peak 1004.98M) | Time:00:02.32 | Mem:0.00M, Peak:0.00M | Scene, ViewLayer | Synchronizing object | G4_joint_G3R04_eave_splice_plate.030
Fra:451 Mem:998.92M (Peak 1004.98M) | Time:00:02.32 | Mem:0.00M, Peak:0.00M | Scene, ViewLayer | Synchronizing object | G4_joint_G3R04_splice_washer.120
Fra:451 Mem:998.97M (Peak 1004.98M) | Time:00:02.32 | Mem:0.00M, Peak:0.00M | Scene, ViewLayer | Synchronizing object | G4_joint_G3R04_splice_hexbolt.120
Fra:451 Mem:998.95M (Peak 1004.98M) | Time:00:02.32 | Mem:0.00M, Peak:0.00M | Scene, ViewLayer | Synchronizing object | G4_joint_G3R04_splice_washer.121
Fra:451 Mem:998.96M (Peak 1004.98M) | Time:00:02.32 | Mem:0.00M, Peak:0.00M | Scene, ViewLayer | Synchronizing object | G4_joint_G3R04_splice_hexbolt.121
Fra:451 Mem:998.96M (Peak 1004.98M) | Time:00:02.32 | Mem:0.00M, Peak:0.00M | Scene, ViewLayer | Synchronizing object | G4_joint_G3R04_splice_washer.122
Fra:451 Mem:998.97M (Peak 1004.98M) | Time:00:02.32 | Mem:0.00M, Peak:0.00M | Scene, ViewLayer | Synchronizing object | G4_joint_G3R04_splice_hexbolt.122
Fra:451 Mem:998.98M (Peak 1004.98M) | Time:00:02.32 | Mem:0.00M, Peak:0.00M | Scene, ViewLayer | Synchronizing object | G4_joint_G3R04_splice_washer.123
Fra:451 Mem:998.99M (Peak 1004.98M) | Time:00:02.32 | Mem:0.00M, Peak:0.00M | Scene, ViewLayer | Synchronizing object | G4_joint_G3R04_splice_hexbolt.123
Fra:451 Mem:998.98M (Peak 1004.98M) | Time:00:02.32 | Mem:0.00M, Peak:0.00M | Scene, ViewLayer | Synchronizing object | G4_joint_G3R04_eave_splice_plate.031
Fra:451 Mem:998.98M (Peak 1004.98M) | Time:00:02.32 | Mem:0.00M, Peak:0.00M | Scene, ViewLayer | Synchronizing object | G4_joint_G3R04_splice_washer.124
Fra:451 Mem:998.98M (Peak 1004.98M) | Time:00:02.32 | Mem:0.00M, Peak:0.00M | Scene, ViewLayer | Synchronizing object | G4_joint_G3R04_splice_hexbolt.124
Fra:451 Mem:999.01M (Peak 1004.98M) | Time:00:02.32 | Mem:0.00M, Peak:0.00M | Scene, ViewLayer | Synchronizing object | G4_joint_G3R04_splice_washer.125
Fra:451 Mem:999.02M (Peak 1004.98M) | Time:00:02.32 | Mem:0.00M, Peak:0.00M | Scene, ViewLayer | Synchronizing object | G4_joint_G3R04_splice_hexbolt.125
Fra:451 Mem:999.03M (Peak 1004.98M) | Time:00:02.32 | Mem:0.00M, Peak:0.00M | Scene, ViewLayer | Synchronizing object | G4_joint_G3R04_splice_washer.126
Fra:451 Mem:999.03M (Peak 1004.98M) | Time:00:02.32 | Mem:0.00M, Peak:0.00M | Scene, ViewLayer | Synchronizing object | G4_joint_G3R04_splice_hexbolt.126
Fra:451 Mem:999.04M (Peak 1004.98M) | Time:00:02.32 | Mem:0.00M, Peak:0.00M | Scene, ViewLayer | Synchronizing object | G4_joint_G3R04_splice_washer.127
Fra:451 Mem:999.04M (Peak 1004.98M) | Time:00:02.32 | Mem:0.00M, Peak:0.00M | Scene, ViewLayer | Synchronizing object | G4_joint_G3R04_splice_hexbolt.127
Fra:451 Mem:999.05M (Peak 1004.98M) | Time:00:02.32 | Mem:0.00M, Peak:0.00M | Scene, ViewLayer | Synchronizing object | G4_sconce_G3R04_sconce_mount.015
Fra:451 Mem:999.05M (Peak 1004.98M) | Time:00:02.32 | Mem:0.00M, Peak:0.00M | Scene, ViewLayer | Synchronizing object | G4_sconce_G3R04_opal_diffuser.015
Fra:451 Mem:999.10M (Peak 1004.98M) | Time:00:02.32 | Mem:0.00M, Peak:0.00M | Scene, ViewLayer | Synchronizing object | G4_sconce_G3R04_sconce_cap.030
Fra:451 Mem:999.10M (Peak 1004.98M) | Time:00:02.32 | Mem:0.00M, Peak:0.00M | Scene, ViewLayer | Synchronizing object | G4_sconce_G3R04_sconce_cap.031
Fra:451 Mem:999.10M (Peak 1004.98M) | Time:00:02.32 | Mem:0.00M, Peak:0.00M | Scene, ViewLayer | Synchronizing object | G4_sconce_G3R04_sconce_cage.030
Fra:451 Mem:999.13M (Peak 1004.98M) | Time:00:02.32 | Mem:0.00M, Peak:0.00M | Scene, ViewLayer | Synchronizing object | G4_sconce_G3R04_sconce_cage.031
Fra:451 Mem:999.12M (Peak 1004.98M) | Time:00:02.32 | Mem:0.00M, Peak:0.00M | Scene, ViewLayer | Synchronizing object | G4_column_sconce.015
Fra:451 Mem:999.13M (Peak 1004.98M) | Time:00:02.32 | Mem:0.00M, Peak:0.00M | Scene, ViewLayer | Synchronizing object | G4_platform_edge_inlay
Fra:451 Mem:999.16M (Peak 1004.98M) | Time:00:02.32 | Mem:0.00M, Peak:0.00M | Scene, ViewLayer | Synchronizing object | G4_drain_grate_bar
Fra:451 Mem:999.20M (Peak 1004.98M) | Time:00:02.32 | Mem:0.00M, Peak:0.00M | Scene, ViewLayer | Synchronizing object | G4_drain_grate_bar.001
Fra:451 Mem:999.22M (Peak 1004.98M) | Time:00:02.32 | Mem:0.00M, Peak:0.00M | Scene, ViewLayer | Synchronizing object | G4_drain_grate_bar.002
Fra:451 Mem:999.24M (Peak 1004.98M) | Time:00:02.32 | Mem:0.00M, Peak:0.00M | Scene, ViewLayer | Synchronizing object | G4_drain_grate_bar.003
Fra:451 Mem:999.24M (Peak 1004.98M) | Time:00:02.32 | Mem:0.00M, Peak:0.00M | Scene, ViewLayer | Synchronizing object | G4_drain_grate_bar.004
Fra:451 Mem:999.29M (Peak 1004.98M) | Time:00:02.32 | Mem:0.00M, Peak:0.00M | Scene, ViewLayer | Synchronizing object | G4_drain_grate_bar.005
Fra:451 Mem:999.31M (Peak 1004.98M) | Time:00:02.32 | Mem:0.00M, Peak:0.00M | Scene, ViewLayer | Synchronizing object | G4_drain_grate_bar.006
Fra:451 Mem:999.34M (Peak 1004.98M) | Time:00:02.32 | Mem:0.00M, Peak:0.00M | Scene, ViewLayer | Synchronizing object | G4_drain_grate_bar.007
Fra:451 Mem:999.36M (Peak 1004.98M) | Time:00:02.32 | Mem:0.00M, Peak:0.00M | Scene, ViewLayer | Synchronizing object | G4_drain_grate_bar.008
Fra:451 Mem:999.36M (Peak 1004.98M) | Time:00:02.32 | Mem:0.00M, Peak:0.00M | Scene, ViewLayer | Synchronizing object | G4_drain_grate_bar.009
Fra:451 Mem:999.40M (Peak 1004.98M) | Time:00:02.32 | Mem:0.00M, Peak:0.00M | Scene, ViewLayer | Synchronizing object | G4_drain_grate_bar.010
Fra:451 Mem:999.43M (Peak 1004.98M) | Time:00:02.32 | Mem:0.00M, Peak:0.00M | Scene, ViewLayer | Synchronizing object | G4_drain_grate_bar.011
Fra:451 Mem:999.42M (Peak 1004.98M) | Time:00:02.32 | Mem:0.00M, Peak:0.00M | Scene, ViewLayer | Synchronizing object | G4_drain_grate_bar.012
Fra:451 Mem:999.47M (Peak 1004.98M) | Time:00:02.32 | Mem:0.00M, Peak:0.00M | Scene, ViewLayer | Synchronizing object | G4_drain_grate_bar.013
Fra:451 Mem:999.49M (Peak 1004.98M) | Time:00:02.32 | Mem:0.00M, Peak:0.00M | Scene, ViewLayer | Synchronizing object | G4_drain_grate_bar.014
Fra:451 Mem:999.49M (Peak 1004.98M) | Time:00:02.32 | Mem:0.00M, Peak:0.00M | Scene, ViewLayer | Synchronizing object | G4_drain_grate_bar.015
Fra:451 Mem:999.54M (Peak 1004.98M) | Time:00:02.32 | Mem:0.00M, Peak:0.00M | Scene, ViewLayer | Synchronizing object | G4_drain_grate_bar.016
Fra:451 Mem:999.56M (Peak 1004.98M) | Time:00:02.32 | Mem:0.00M, Peak:0.00M | Scene, ViewLayer | Synchronizing object | G4_drain_grate_bar.017
Fra:451 Mem:999.56M (Peak 1004.98M) | Time:00:02.32 | Mem:0.00M, Peak:0.00M | Scene, ViewLayer | Synchronizing object | G4_drain_grate_bar.018
Fra:451 Mem:999.61M (Peak 1004.98M) | Time:00:02.32 | Mem:0.00M, Peak:0.00M | Scene, ViewLayer | Synchronizing object | G4_drain_grate_bar.019
Fra:451 Mem:999.63M (Peak 1004.98M) | Time:00:02.32 | Mem:0.00M, Peak:0.00M | Scene, ViewLayer | Synchronizing object | G4_drain_grate_bar.021
Fra:451 Mem:999.68M (Peak 1004.98M) | Time:00:02.32 | Mem:0.00M, Peak:0.00M | Scene, ViewLayer | Synchronizing object | G4_drain_grate_bar.022
Fra:451 Mem:999.69M (Peak 1004.98M) | Time:00:02.32 | Mem:0.00M, Peak:0.00M | Scene, ViewLayer | Synchronizing object | G4_drain_grate_bar.023
Fra:451 Mem:999.70M (Peak 1004.98M) | Time:00:02.32 | Mem:0.00M, Peak:0.00M | Scene, ViewLayer | Synchronizing object | G4_drain_grate_bar.024
Fra:451 Mem:999.74M (Peak 1004.98M) | Time:00:02.32 | Mem:0.00M, Peak:0.00M | Scene, ViewLayer | Synchronizing object | G4_drain_grate_bar.025
Fra:451 Mem:999.76M (Peak 1004.98M) | Time:00:02.32 | Mem:0.00M, Peak:0.00M | Scene, ViewLayer | Synchronizing object | G4_drain_grate_bar.026
Fra:451 Mem:999.78M (Peak 1004.98M) | Time:00:02.32 | Mem:0.00M, Peak:0.00M | Scene, ViewLayer | Synchronizing object | G4_drain_grate_bar.027
Fra:451 Mem:999.82M (Peak 1004.98M) | Time:00:02.32 | Mem:0.00M, Peak:0.00M | Scene, ViewLayer | Synchronizing object | G4_drain_grate_bar.028
Fra:451 Mem:999.84M (Peak 1004.98M) | Time:00:02.32 | Mem:0.00M, Peak:0.00M | Scene, ViewLayer | Synchronizing object | G4_drain_grate_bar.029
Fra:451 Mem:999.86M (Peak 1004.98M) | Time:00:02.32 | Mem:0.00M, Peak:0.00M | Scene, ViewLayer | Synchronizing object | G4_drain_grate_bar.030
Fra:451 Mem:999.88M (Peak 1004.98M) | Time:00:02.32 | Mem:0.00M, Peak:0.00M | Scene, ViewLayer | Synchronizing object | G4_drain_grate_bar.031
Fra:451 Mem:999.90M (Peak 1004.98M) | Time:00:02.32 | Mem:0.00M, Peak:0.00M | Scene, ViewLayer | Synchronizing object | G4_drain_grate_bar.032
Fra:451 Mem:999.93M (Peak 1004.98M) | Time:00:02.32 | Mem:0.00M, Peak:0.00M | Scene, ViewLayer | Synchronizing object | G4_drain_grate_bar.033
Fra:451 Mem:999.96M (Peak 1004.98M) | Time:00:02.32 | Mem:0.00M, Peak:0.00M | Scene, ViewLayer | Synchronizing object | G4_drain_grate_bar.034
Fra:451 Mem:999.96M (Peak 1004.98M) | Time:00:02.32 | Mem:0.00M, Peak:0.00M | Scene, ViewLayer | Synchronizing object | G4_drain_grate_bar.035
Fra:451 Mem:999.99M (Peak 1004.98M) | Time:00:02.32 | Mem:0.00M, Peak:0.00M | Scene, ViewLayer | Synchronizing object | G4_drain_grate_bar.036
Fra:451 Mem:1000.00M (Peak 1004.98M) | Time:00:02.32 | Mem:0.00M, Peak:0.00M | Scene, ViewLayer | Synchronizing object | G4_drain_grate_bar.037
Fra:451 Mem:1000.05M (Peak 1004.98M) | Time:00:02.32 | Mem:0.00M, Peak:0.00M | Scene, ViewLayer | Synchronizing object | G4_drain_grate_bar.038
Fra:451 Mem:1000.06M (Peak 1004.98M) | Time:00:02.32 | Mem:0.00M, Peak:0.00M | Scene, ViewLayer | Synchronizing object | G4_drain_grate_bar.039
Fra:451 Mem:1000.06M (Peak 1004.98M) | Time:00:02.32 | Mem:0.00M, Peak:0.00M | Scene, ViewLayer | Synchronizing object | G4_drain_grate_bar.040
Fra:451 Mem:1000.10M (Peak 1004.98M) | Time:00:02.32 | Mem:0.00M, Peak:0.00M | Scene, ViewLayer | Synchronizing object | G4_drain_grate_bar.041
Fra:451 Mem:1000.13M (Peak 1004.98M) | Time:00:02.32 | Mem:0.00M, Peak:0.00M | Scene, ViewLayer | Synchronizing object | G4_drain_grate_bar.042
Fra:451 Mem:1000.11M (Peak 1004.98M) | Time:00:02.32 | Mem:0.00M, Peak:0.00M | Scene, ViewLayer | Synchronizing object | G4_drain_grate_bar.043
Fra:451 Mem:1000.17M (Peak 1004.98M) | Time:00:02.32 | Mem:0.00M, Peak:0.00M | Scene, ViewLayer | Synchronizing object | G4_drain_grate_bar.044
Fra:451 Mem:1000.18M (Peak 1004.98M) | Time:00:02.32 | Mem:0.00M, Peak:0.00M | Scene, ViewLayer | Synchronizing object | G4_drain_grate_bar.045
Fra:451 Mem:1000.22M (Peak 1004.98M) | Time:00:02.32 | Mem:0.00M, Peak:0.00M | Scene, ViewLayer | Synchronizing object | G4_drain_grate_bar.046
Fra:451 Mem:1000.24M (Peak 1004.98M) | Time:00:02.32 | Mem:0.00M, Peak:0.00M | Scene, ViewLayer | Synchronizing object | G4_drain_grate_bar.047
Fra:451 Mem:1000.24M (Peak 1004.98M) | Time:00:02.32 | Mem:0.00M, Peak:0.00M | Scene, ViewLayer | Synchronizing object | G4_drain_grate_bar.048
Fra:451 Mem:1000.29M (Peak 1004.98M) | Time:00:02.32 | Mem:0.00M, Peak:0.00M | Scene, ViewLayer | Synchronizing object | G4_drain_grate_bar.049
Fra:451 Mem:1000.31M (Peak 1004.98M) | Time:00:02.32 | Mem:0.00M, Peak:0.00M | Scene, ViewLayer | Synchronizing object | G4_drain_grate_bar.050
Fra:451 Mem:1000.34M (Peak 1004.98M) | Time:00:02.32 | Mem:0.00M, Peak:0.00M | Scene, ViewLayer | Synchronizing object | G4_drain_grate_bar.052
Fra:451 Mem:1000.36M (Peak 1004.98M) | Time:00:02.32 | Mem:0.00M, Peak:0.00M | Scene, ViewLayer | Synchronizing object | G4_drain_grate_bar.053
Fra:451 Mem:1000.39M (Peak 1004.98M) | Time:00:02.32 | Mem:0.00M, Peak:0.00M | Scene, ViewLayer | Synchronizing object | G4_drain_grate_bar.054
Fra:451 Mem:1000.41M (Peak 1004.98M) | Time:00:02.32 | Mem:0.00M, Peak:0.00M | Scene, ViewLayer | Synchronizing object | G4_drain_grate_bar.055
Fra:451 Mem:1000.44M (Peak 1004.98M) | Time:00:02.32 | Mem:0.00M, Peak:0.00M | Scene, ViewLayer | Synchronizing object | G4_drain_grate_bar.056
Fra:451 Mem:1000.47M (Peak 1004.98M) | Time:00:02.32 | Mem:0.00M, Peak:0.00M | Scene, ViewLayer | Synchronizing object | G4_drain_grate_bar.057
Fra:451 Mem:1000.49M (Peak 1004.98M) | Time:00:02.32 | Mem:0.00M, Peak:0.00M | Scene, ViewLayer | Synchronizing object | G4_drain_grate_bar.058
Fra:451 Mem:1000.52M (Peak 1004.98M) | Time:00:02.32 | Mem:0.00M, Peak:0.00M | Scene, ViewLayer | Synchronizing object | G4_drain_grate_bar.059
Fra:451 Mem:1000.55M (Peak 1004.98M) | Time:00:02.32 | Mem:0.00M, Peak:0.00M | Scene, ViewLayer | Synchronizing object | G4_drain_grate_bar.060
Fra:451 Mem:1000.57M (Peak 1004.98M) | Time:00:02.32 | Mem:0.00M, Peak:0.00M | Scene, ViewLayer | Synchronizing object | G4_drain_grate_bar.061
Fra:451 Mem:1000.60M (Peak 1004.98M) | Time:00:02.32 | Mem:0.00M, Peak:0.00M | Scene, ViewLayer | Synchronizing object | G4_drain_grate_bar.062
Fra:451 Mem:1000.62M (Peak 1004.98M) | Time:00:02.32 | Mem:0.00M, Peak:0.00M | Scene, ViewLayer | Synchronizing object | G4_drain_grate_bar.063
Fra:451 Mem:1000.65M (Peak 1004.98M) | Time:00:02.32 | Mem:0.00M, Peak:0.00M | Scene, ViewLayer | Synchronizing object | G4_drain_grate_bar.064
Fra:451 Mem:1000.68M (Peak 1004.98M) | Time:00:02.32 | Mem:0.00M, Peak:0.00M | Scene, ViewLayer | Synchronizing object | G4_drain_grate_bar.065
Fra:451 Mem:1000.58M (Peak 1004.98M) | Time:00:02.32 | Mem:0.00M, Peak:0.00M | Scene, ViewLayer | Synchronizing object | G4_drain_grate_bar.066
Fra:451 Mem:1000.61M (Peak 1004.98M) | Time:00:02.32 | Mem:0.00M, Peak:0.00M | Scene, ViewLayer | Synchronizing object | G4_drain_grate_bar.067
Fra:451 Mem:1000.63M (Peak 1004.98M) | Time:00:02.32 | Mem:0.00M, Peak:0.00M | Scene, ViewLayer | Synchronizing object | G4_drain_grate_bar.068
Fra:451 Mem:1000.66M (Peak 1004.98M) | Time:00:02.32 | Mem:0.00M, Peak:0.00M | Scene, ViewLayer | Synchronizing object | G4_drain_grate_bar.069
Fra:451 Mem:1000.66M (Peak 1004.98M) | Time:00:02.32 | Mem:0.00M, Peak:0.00M | Scene, ViewLayer | Synchronizing object | G4COAST_R07_walkway_wash.003
Fra:451 Mem:1000.68M (Peak 1004.98M) | Time:00:02.32 | Mem:0.00M, Peak:0.00M | Scene, ViewLayer | Synchronizing object | G4COAST_R07_step_light_bezel.003
Fra:451 Mem:1000.69M (Peak 1004.98M) | Time:00:02.32 | Mem:0.00M, Peak:0.00M | Scene, ViewLayer | Synchronizing object | G4_drain_grate_bar.070
Fra:451 Mem:1000.73M (Peak 1004.98M) | Time:00:02.32 | Mem:0.00M, Peak:0.00M | Scene, ViewLayer | Synchronizing object | G4_drain_grate_bar.071
Fra:451 Mem:1000.74M (Peak 1004.98M) | Time:00:02.32 | Mem:0.00M, Peak:0.00M | Scene, ViewLayer | Synchronizing object | G4COAST_R07_shielded_step_light.003
Fra:451 Mem:1000.78M (Peak 1004.98M) | Time:00:02.32 | Mem:0.00M, Peak:0.00M | Scene, ViewLayer | Synchronizing object | G4_drain_grate_bar.072
Fra:451 Mem:1000.81M (Peak 1004.98M) | Time:00:02.32 | Mem:0.00M, Peak:0.00M | Scene, ViewLayer | Synchronizing object | G4_drain_grate_bar.073
Fra:451 Mem:1000.82M (Peak 1004.98M) | Time:00:02.32 | Mem:0.00M, Peak:0.00M | Scene, ViewLayer | Synchronizing object | G4COAST_R07_plinth_fixture_back.003
Fra:451 Mem:1000.84M (Peak 1004.98M) | Time:00:02.32 | Mem:0.00M, Peak:0.00M | Scene, ViewLayer | Synchronizing object | G4_drain_grate_bar.074
Fra:451 Mem:1000.84M (Peak 1004.98M) | Time:00:02.32 | Mem:0.00M, Peak:0.00M | Scene, ViewLayer | Synchronizing object | G4_drain_grate_bar.075
Fra:451 Mem:1000.89M (Peak 1004.98M) | Time:00:02.32 | Mem:0.00M, Peak:0.00M | Scene, ViewLayer | Synchronizing object | G4COAST_R07_walkway_wash.002
Fra:451 Mem:1000.89M (Peak 1004.98M) | Time:00:02.32 | Mem:0.00M, Peak:0.00M | Scene, ViewLayer | Synchronizing object | G4COAST_R07_step_light_bezel.002
Fra:451 Mem:1000.91M (Peak 1004.98M) | Time:00:02.32 | Mem:0.00M, Peak:0.00M | Scene, ViewLayer | Synchronizing object | G4_drain_grate_bar.076
Fra:451 Mem:1000.91M (Peak 1004.98M) | Time:00:02.32 | Mem:0.00M, Peak:0.00M | Scene, ViewLayer | Synchronizing object | G4_drain_grate_bar.077
Fra:451 Mem:1000.96M (Peak 1004.98M) | Time:00:02.32 | Mem:0.00M, Peak:0.00M | Scene, ViewLayer | Synchronizing object | G4COAST_R07_shielded_step_light.002
Fra:451 Mem:1001.00M (Peak 1004.98M) | Time:00:02.32 | Mem:0.00M, Peak:0.00M | Scene, ViewLayer | Synchronizing object | G4_drain_grate_bar.078
Fra:451 Mem:1000.99M (Peak 1004.98M) | Time:00:02.32 | Mem:0.00M, Peak:0.00M | Scene, ViewLayer | Synchronizing object | G4_drain_grate_bar.079
Fra:451 Mem:1001.03M (Peak 1004.98M) | Time:00:02.32 | Mem:0.00M, Peak:0.00M | Scene, ViewLayer | Synchronizing object | G4COAST_R07_plinth_fixture_back.002
Fra:451 Mem:1001.06M (Peak 1004.98M) | Time:00:02.33 | Mem:0.00M, Peak:0.00M | Scene, ViewLayer | Synchronizing object | G4_drain_grate_bar.080
Fra:451 Mem:1001.08M (Peak 1004.98M) | Time:00:02.33 | Mem:0.00M, Peak:0.00M | Scene, ViewLayer | Synchronizing object | G4_drain_grate_bar.081
Fra:451 Mem:1001.10M (Peak 1004.98M) | Time:00:02.33 | Mem:0.00M, Peak:0.00M | Scene, ViewLayer | Synchronizing object | G4COAST_R07_walkway_wash.001
Fra:451 Mem:1001.10M (Peak 1004.98M) | Time:00:02.33 | Mem:0.00M, Peak:0.00M | Scene, ViewLayer | Synchronizing object | G4COAST_R07_step_light_bezel.001
Fra:451 Mem:1001.12M (Peak 1004.98M) | Time:00:02.33 | Mem:0.00M, Peak:0.00M | Scene, ViewLayer | Synchronizing object | G4_drain_grate_bar.082
Fra:451 Mem:1001.14M (Peak 1004.98M) | Time:00:02.33 | Mem:0.00M, Peak:0.00M | Scene, ViewLayer | Synchronizing object | G4_drain_grate_bar.083
Fra:451 Mem:1001.16M (Peak 1004.98M) | Time:00:02.33 | Mem:0.00M, Peak:0.00M | Scene, ViewLayer | Synchronizing object | G4COAST_R07_shielded_step_light.001
Fra:451 Mem:1001.17M (Peak 1004.98M) | Time:00:02.33 | Mem:0.00M, Peak:0.00M | Scene, ViewLayer | Synchronizing object | G4_drain_grate_bar.084
Fra:451 Mem:1001.21M (Peak 1004.98M) | Time:00:02.33 | Mem:0.00M, Peak:0.00M | Scene, ViewLayer | Synchronizing object | G4_drain_grate_bar.085
Fra:451 Mem:1001.23M (Peak 1004.98M) | Time:00:02.33 | Mem:0.00M, Peak:0.00M | Scene, ViewLayer | Synchronizing object | G4_drain_grate_bar.086
Fra:451 Mem:1001.23M (Peak 1004.98M) | Time:00:02.33 | Mem:0.00M, Peak:0.00M | Scene, ViewLayer | Synchronizing object | G4_drain_grate_bar.087
Fra:451 Mem:1001.28M (Peak 1004.98M) | Time:00:02.33 | Mem:0.00M, Peak:0.00M | Scene, ViewLayer | Synchronizing object | G4_drain_grate_bar.088
Fra:451 Mem:1001.30M (Peak 1004.98M) | Time:00:02.33 | Mem:0.00M, Peak:0.00M | Scene, ViewLayer | Synchronizing object | G4_drain_grate_bar.089
Fra:451 Mem:1001.30M (Peak 1004.98M) | Time:00:02.33 | Mem:0.00M, Peak:0.00M | Scene, ViewLayer | Synchronizing object | G4_drain_grate_bar.090
Fra:451 Mem:1001.35M (Peak 1004.98M) | Time:00:02.33 | Mem:0.00M, Peak:0.00M | Scene, ViewLayer | Synchronizing object | G4_drain_grate_bar.091
Fra:451 Mem:1001.37M (Peak 1004.98M) | Time:00:02.33 | Mem:0.00M, Peak:0.00M | Scene, ViewLayer | Synchronizing object | G4_drain_grate_bar.092
Fra:451 Mem:1001.37M (Peak 1004.98M) | Time:00:02.33 | Mem:0.00M, Peak:0.00M | Scene, ViewLayer | Synchronizing object | G4_drain_grate_bar.093
Fra:451 Mem:1001.41M (Peak 1004.98M) | Time:00:02.33 | Mem:0.00M, Peak:0.00M | Scene, ViewLayer | Synchronizing object | G4_drain_grate_bar.094
Fra:451 Mem:1001.47M (Peak 1004.98M) | Time:00:02.33 | Mem:0.00M, Peak:0.00M | Scene, ViewLayer | Synchronizing object | G4_drain_grate_bar.095
Fra:451 Mem:1001.44M (Peak 1004.98M) | Time:00:02.33 | Mem:0.00M, Peak:0.00M | Scene, ViewLayer | Synchronizing object | G4_drain_grate_bar.096
Fra:451 Mem:1001.48M (Peak 1004.98M) | Time:00:02.33 | Mem:0.00M, Peak:0.00M | Scene, ViewLayer | Synchronizing object | G4_drain_grate_bar.097
Fra:451 Mem:1001.50M (Peak 1004.98M) | Time:00:02.33 | Mem:0.00M, Peak:0.00M | Scene, ViewLayer | Synchronizing object | G4_drain_grate_bar.098
Fra:451 Mem:1001.51M (Peak 1004.98M) | Time:00:02.33 | Mem:0.00M, Peak:0.00M | Scene, ViewLayer | Synchronizing object | G4_drain_grate_bar.099
Fra:451 Mem:1001.56M (Peak 1004.98M) | Time:00:02.33 | Mem:0.00M, Peak:0.00M | Scene, ViewLayer | Synchronizing object | G4_drain_grate_bar.100
Fra:451 Mem:1001.55M (Peak 1004.98M) | Time:00:02.33 | Mem:0.00M, Peak:0.00M | Scene, ViewLayer | Synchronizing object | G4_drain_grate_bar.101
Fra:451 Mem:1001.55M (Peak 1004.98M) | Time:00:02.33 | Mem:0.00M, Peak:0.00M | Scene, ViewLayer | Synchronizing object | G4_drain_grate_bar.102
Fra:451 Mem:1001.62M (Peak 1004.98M) | Time:00:02.33 | Mem:0.00M, Peak:0.00M | Scene, ViewLayer | Synchronizing object | G4_drain_grate_bar.103
Fra:451 Mem:1001.61M (Peak 1004.98M) | Time:00:02.33 | Mem:0.00M, Peak:0.00M | Scene, ViewLayer | Synchronizing object | G4_drain_grate_bar.105
Fra:451 Mem:1001.69M (Peak 1004.98M) | Time:00:02.33 | Mem:0.00M, Peak:0.00M | Scene, ViewLayer | Synchronizing object | G4_drain_grate_bar.106
Fra:451 Mem:1001.68M (Peak 1004.98M) | Time:00:02.33 | Mem:0.00M, Peak:0.00M | Scene, ViewLayer | Synchronizing object | G4_drain_grate_bar.107
Fra:451 Mem:1001.70M (Peak 1004.98M) | Time:00:02.33 | Mem:0.00M, Peak:0.00M | Scene, ViewLayer | Synchronizing object | G4_drain_grate_bar.108
Fra:451 Mem:1001.76M (Peak 1004.98M) | Time:00:02.33 | Mem:0.00M, Peak:0.00M | Scene, ViewLayer | Synchronizing object | G4_drain_grate_bar.109
Fra:451 Mem:1001.77M (Peak 1004.98M) | Time:00:02.33 | Mem:0.00M, Peak:0.00M | Scene, ViewLayer | Synchronizing object | G4_drain_grate_bar.110
Fra:451 Mem:1001.81M (Peak 1004.98M) | Time:00:02.33 | Mem:0.00M, Peak:0.00M | Scene, ViewLayer | Synchronizing object | G4_drain_grate_bar.111
Fra:451 Mem:1001.82M (Peak 1004.98M) | Time:00:02.33 | Mem:0.00M, Peak:0.00M | Scene, ViewLayer | Synchronizing object | G4_drain_grate_bar.112
Fra:451 Mem:1001.82M (Peak 1004.98M) | Time:00:02.33 | Mem:0.00M, Peak:0.00M | Scene, ViewLayer | Synchronizing object | G4_drain_grate_bar.113
Fra:451 Mem:1001.87M (Peak 1004.98M) | Time:00:02.33 | Mem:0.00M, Peak:0.00M | Scene, ViewLayer | Synchronizing object | G4_drain_grate_bar.114
Fra:451 Mem:1001.92M (Peak 1004.98M) | Time:00:02.33 | Mem:0.00M, Peak:0.00M | Scene, ViewLayer | Synchronizing object | G4_drain_grate_bar.115
Fra:451 Mem:1001.90M (Peak 1004.98M) | Time:00:02.33 | Mem:0.00M, Peak:0.00M | Scene, ViewLayer | Synchronizing object | G4_drain_grate_bar.116
Fra:451 Mem:1001.94M (Peak 1004.98M) | Time:00:02.33 | Mem:0.00M, Peak:0.00M | Scene, ViewLayer | Synchronizing object | G4_drain_grate_bar.117
Fra:451 Mem:1001.97M (Peak 1004.98M) | Time:00:02.33 | Mem:0.00M, Peak:0.00M | Scene, ViewLayer | Synchronizing object | G4_drain_grate_bar.118
Fra:451 Mem:1001.96M (Peak 1004.98M) | Time:00:02.33 | Mem:0.00M, Peak:0.00M | Scene, ViewLayer | Synchronizing object | G4_drain_grate_bar.119
Fra:451 Mem:1002.01M (Peak 1004.98M) | Time:00:02.33 | Mem:0.00M, Peak:0.00M | Scene, ViewLayer | Synchronizing object | G4_drain_grate_bar.120
Fra:451 Mem:1002.03M (Peak 1004.98M) | Time:00:02.33 | Mem:0.00M, Peak:0.00M | Scene, ViewLayer | Synchronizing object | G4_drain_grate_bar.121
Fra:451 Mem:1002.03M (Peak 1004.98M) | Time:00:02.33 | Mem:0.00M, Peak:0.00M | Scene, ViewLayer | Synchronizing object | G4_cafe_G3_walnut_cafe_top
Fra:451 Mem:1002.18M (Peak 1004.98M) | Time:00:02.33 | Mem:0.00M, Peak:0.00M | Scene, ViewLayer | Synchronizing object | G4_cafe_G3_table_edge_inlay
Fra:451 Mem:1002.22M (Peak 1004.98M) | Time:00:02.33 | Mem:0.00M, Peak:0.00M | Scene, ViewLayer | Synchronizing object | G4_cafe_G3_turned_pedestal
Fra:451 Mem:1002.37M (Peak 1004.98M) | Time:00:02.33 | Mem:0.00M, Peak:0.00M | Scene, ViewLayer | Synchronizing object | G4_cafe_G3_walnut_cafe_top.001
Fra:451 Mem:1002.60M (Peak 1004.98M) | Time:00:02.33 | Mem:0.00M, Peak:0.00M | Scene, ViewLayer | Synchronizing object | G4_cafe_G3_table_edge_inlay.001
Fra:451 Mem:1002.57M (Peak 1004.98M) | Time:00:02.33 | Mem:0.00M, Peak:0.00M | Scene, ViewLayer | Synchronizing object | G4_cafe_G3_turned_pedestal.001
Fra:451 Mem:1002.74M (Peak 1004.98M) | Time:00:02.33 | Mem:0.00M, Peak:0.00M | Scene, ViewLayer | Synchronizing object | G4_waiting_bench_wood_frame
Fra:451 Mem:1002.90M (Peak 1004.98M) | Time:00:02.33 | Mem:0.00M, Peak:0.00M | Scene, ViewLayer | Synchronizing object | G4_bench_back_upright
Fra:451 Mem:1002.90M (Peak 1004.98M) | Time:00:02.33 | Mem:0.00M, Peak:0.00M | Scene, ViewLayer | Synchronizing object | G4_bench_arm_support
Fra:451 Mem:1002.92M (Peak 1004.98M) | Time:00:02.33 | Mem:0.00M, Peak:0.00M | Scene, ViewLayer | Synchronizing object | G4_bench_wood_arm
Fra:451 Mem:1002.92M (Peak 1004.98M) | Time:00:02.33 | Mem:0.00M, Peak:0.00M | Scene, ViewLayer | Synchronizing object | G4_bench_back_upright.001
Fra:451 Mem:1002.97M (Peak 1004.98M) | Time:00:02.33 | Mem:0.00M, Peak:0.00M | Scene, ViewLayer | Synchronizing object | G4_bench_arm_support.001
Fra:451 Mem:1002.98M (Peak 1004.98M) | Time:00:02.33 | Mem:0.00M, Peak:0.00M | Scene, ViewLayer | Synchronizing object | G4_bench_wood_arm.001
Fra:451 Mem:1003.01M (Peak 1004.98M) | Time:00:02.33 | Mem:0.00M, Peak:0.00M | Scene, ViewLayer | Synchronizing object | G4_bench_top_rail
Fra:451 Mem:1003.02M (Peak 1004.98M) | Time:00:02.33 | Mem:0.00M, Peak:0.00M | Scene, ViewLayer | Synchronizing object | G4_bench_seat_cushion
Fra:451 Mem:1003.06M (Peak 1004.98M) | Time:00:02.33 | Mem:0.00M, Peak:0.00M | Scene, ViewLayer | Synchronizing object | G4_bench_back_cushion
Fra:451 Mem:1003.09M (Peak 1004.98M) | Time:00:02.33 | Mem:0.00M, Peak:0.00M | Scene, ViewLayer | Synchronizing object | G4_bench_seat_cushion.001
Fra:451 Mem:1003.10M (Peak 1004.98M) | Time:00:02.33 | Mem:0.00M, Peak:0.00M | Scene, ViewLayer | Synchronizing object | G4_bench_back_cushion.001
Fra:451 Mem:1003.16M (Peak 1004.98M) | Time:00:02.33 | Mem:0.00M, Peak:0.00M | Scene, ViewLayer | Synchronizing object | G4_bench_seat_cushion.002
Fra:451 Mem:1003.17M (Peak 1004.98M) | Time:00:02.33 | Mem:0.00M, Peak:0.00M | Scene, ViewLayer | Synchronizing object | G4_bench_back_cushion.002
Fra:451 Mem:1003.17M (Peak 1004.98M) | Time:00:02.33 | Mem:0.00M, Peak:0.00M | Scene, ViewLayer | Synchronizing object | G4_waiting_bench_wood_frame.001
Fra:451 Mem:1003.26M (Peak 1004.98M) | Time:00:02.33 | Mem:0.00M, Peak:0.00M | Scene, ViewLayer | Synchronizing object | G4_bench_back_upright.002
Fra:451 Mem:1003.23M (Peak 1004.98M) | Time:00:02.33 | Mem:0.00M, Peak:0.00M | Scene, ViewLayer | Synchronizing object | G4_bench_arm_support.002
Fra:451 Mem:1003.23M (Peak 1004.98M) | Time:00:02.33 | Mem:0.00M, Peak:0.00M | Scene, ViewLayer | Synchronizing object | G4_bench_wood_arm.002
Fra:451 Mem:1003.29M (Peak 1004.98M) | Time:00:02.33 | Mem:0.00M, Peak:0.00M | Scene, ViewLayer | Synchronizing object | G4_bench_back_upright.003
Fra:451 Mem:1003.34M (Peak 1004.98M) | Time:00:02.33 | Mem:0.00M, Peak:0.00M | Scene, ViewLayer | Synchronizing object | G4_bench_arm_support.003
Fra:451 Mem:1003.33M (Peak 1004.98M) | Time:00:02.33 | Mem:0.00M, Peak:0.00M | Scene, ViewLayer | Synchronizing object | G4_bench_wood_arm.003
Fra:451 Mem:1003.33M (Peak 1004.98M) | Time:00:02.33 | Mem:0.00M, Peak:0.00M | Scene, ViewLayer | Synchronizing object | G4_bench_top_rail.001
Fra:451 Mem:1003.37M (Peak 1004.98M) | Time:00:02.33 | Mem:0.00M, Peak:0.00M | Scene, ViewLayer | Synchronizing object | G4_bench_seat_cushion.003
Fra:451 Mem:1003.40M (Peak 1004.98M) | Time:00:02.33 | Mem:0.00M, Peak:0.00M | Scene, ViewLayer | Synchronizing object | G4_bench_back_cushion.003
Fra:451 Mem:1003.43M (Peak 1004.98M) | Time:00:02.33 | Mem:0.00M, Peak:0.00M | Scene, ViewLayer | Synchronizing object | G4_bench_seat_cushion.004
Fra:451 Mem:1003.46M (Peak 1004.98M) | Time:00:02.33 | Mem:0.00M, Peak:0.00M | Scene, ViewLayer | Synchronizing object | G4_bench_back_cushion.004
Fra:451 Mem:1003.48M (Peak 1004.98M) | Time:00:02.33 | Mem:0.00M, Peak:0.00M | Scene, ViewLayer | Synchronizing object | G4_bench_seat_cushion.005
Fra:451 Mem:1003.51M (Peak 1004.98M) | Time:00:02.33 | Mem:0.00M, Peak:0.00M | Scene, ViewLayer | Synchronizing object | G4_bench_back_cushion.005
Fra:451 Mem:1003.54M (Peak 1004.98M) | Time:00:02.33 | Mem:0.00M, Peak:0.00M | Scene, ViewLayer | Synchronizing object | G4_waiting_bench_wood_frame.002
Fra:451 Mem:1003.57M (Peak 1004.98M) | Time:00:02.33 | Mem:0.00M, Peak:0.00M | Scene, ViewLayer | Synchronizing object | G4_bench_back_upright.004
Fra:451 Mem:1003.59M (Peak 1004.98M) | Time:00:02.33 | Mem:0.00M, Peak:0.00M | Scene, ViewLayer | Synchronizing object | G4_bench_arm_support.004
Fra:451 Mem:1003.62M (Peak 1004.98M) | Time:00:02.33 | Mem:0.00M, Peak:0.00M | Scene, ViewLayer | Synchronizing object | G4_bench_wood_arm.004
Fra:451 Mem:1003.62M (Peak 1004.98M) | Time:00:02.33 | Mem:0.00M, Peak:0.00M | Scene, ViewLayer | Synchronizing object | G4_bench_back_upright.005
Fra:451 Mem:1003.61M (Peak 1004.98M) | Time:00:02.33 | Mem:0.00M, Peak:0.00M | Scene, ViewLayer | Synchronizing object | G4_bench_arm_support.005
Fra:451 Mem:1003.66M (Peak 1004.98M) | Time:00:02.33 | Mem:0.00M, Peak:0.00M | Scene, ViewLayer | Synchronizing object | G4_bench_wood_arm.005
Fra:451 Mem:1003.68M (Peak 1004.98M) | Time:00:02.33 | Mem:0.00M, Peak:0.00M | Scene, ViewLayer | Synchronizing object | G4_bench_top_rail.002
Fra:451 Mem:1003.73M (Peak 1004.98M) | Time:00:02.33 | Mem:0.00M, Peak:0.00M | Scene, ViewLayer | Synchronizing object | G4_bench_seat_cushion.006
Fra:451 Mem:1003.72M (Peak 1004.98M) | Time:00:02.33 | Mem:0.00M, Peak:0.00M | Scene, ViewLayer | Synchronizing object | G4_bench_back_cushion.006
Fra:451 Mem:1003.81M (Peak 1004.98M) | Time:00:02.33 | Mem:0.00M, Peak:0.00M | Scene, ViewLayer | Synchronizing object | G4COAST_R07_plinth_fixture_back.001
Fra:451 Mem:1003.79M (Peak 1004.98M) | Time:00:02.33 | Mem:0.00M, Peak:0.00M | Scene, ViewLayer | Synchronizing object | G4_bench_seat_cushion.007
Fra:451 Mem:1003.80M (Peak 1004.98M) | Time:00:02.33 | Mem:0.00M, Peak:0.00M | Scene, ViewLayer | Synchronizing object | G4_bench_back_cushion.007
Fra:451 Mem:1003.87M (Peak 1004.98M) | Time:00:02.33 | Mem:0.00M, Peak:0.00M | Scene, ViewLayer | Synchronizing object | G4COAST_R07_walkway_wash
Fra:451 Mem:1003.88M (Peak 1004.98M) | Time:00:02.33 | Mem:0.00M, Peak:0.00M | Scene, ViewLayer | Synchronizing object | G4_bench_seat_cushion.008
Fra:451 Mem:1003.89M (Peak 1004.98M) | Time:00:02.33 | Mem:0.00M, Peak:0.00M | Scene, ViewLayer | Synchronizing object | G4COAST_R07_step_light_bezel
Fra:451 Mem:1003.93M (Peak 1004.98M) | Time:00:02.33 | Mem:0.00M, Peak:0.00M | Scene, ViewLayer | Synchronizing object | G4_bench_back_cushion.008
Fra:451 Mem:1003.95M (Peak 1004.98M) | Time:00:02.33 | Mem:0.00M, Peak:0.00M | Scene, ViewLayer | Synchronizing object | G4_waiting_bench_wood_frame.003
Fra:451 Mem:1003.94M (Peak 1004.98M) | Time:00:02.33 | Mem:0.00M, Peak:0.00M | Scene, ViewLayer | Synchronizing object | G4COAST_R07_shielded_step_light
Fra:451 Mem:1004.00M (Peak 1004.98M) | Time:00:02.33 | Mem:0.00M, Peak:0.00M | Scene, ViewLayer | Synchronizing object | G4_bench_back_upright.006
Fra:451 Mem:1004.02M (Peak 1004.98M) | Time:00:02.33 | Mem:0.00M, Peak:0.00M | Scene, ViewLayer | Synchronizing object | G4_bench_arm_support.006
Fra:451 Mem:1004.02M (Peak 1004.98M) | Time:00:02.33 | Mem:0.00M, Peak:0.00M | Scene, ViewLayer | Synchronizing object | G4COAST_R07_plinth_fixture_back
Fra:451 Mem:1004.03M (Peak 1004.98M) | Time:00:02.33 | Mem:0.00M, Peak:0.00M | Scene, ViewLayer | Synchronizing object | G4_bench_wood_arm.006
Fra:451 Mem:1004.08M (Peak 1004.98M) | Time:00:02.33 | Mem:0.00M, Peak:0.00M | Scene, ViewLayer | Synchronizing object | G4_bench_back_upright.007
Fra:451 Mem:1004.10M (Peak 1004.98M) | Time:00:02.33 | Mem:0.00M, Peak:0.00M | Scene, ViewLayer | Synchronizing object | G4COAST_R07_surface_runoff
Fra:451 Mem:1004.11M (Peak 1004.98M) | Time:00:02.33 | Mem:0.00M, Peak:0.00M | Scene, ViewLayer | Synchronizing object | G4COAST_R06_exterior_round_rain
Fra:451 Mem:1004.10M (Peak 1004.98M) | Time:00:02.33 | Mem:0.00M, Peak:0.00M | Scene, ViewLayer | Synchronizing object | G4_bench_arm_support.007
Fra:451 Mem:1004.10M (Peak 1004.98M) | Time:00:02.33 | Mem:0.00M, Peak:0.00M | Scene, ViewLayer | Synchronizing object | G4COAST_R06_roof_and_leeward_water_caps
Fra:451 Mem:1006.52M (Peak 1006.52M) | Time:00:02.33 | Mem:0.00M, Peak:0.00M | Scene, ViewLayer | Synchronizing object | G4_bench_wood_arm.007
Fra:451 Mem:1006.54M (Peak 1006.54M) | Time:00:02.33 | Mem:0.00M, Peak:0.00M | Scene, ViewLayer | Synchronizing object | G4_bench_top_rail.003
Fra:451 Mem:1006.57M (Peak 1006.57M) | Time:00:02.33 | Mem:0.00M, Peak:0.00M | Scene, ViewLayer | Synchronizing object | G4_bench_seat_cushion.009
Fra:451 Mem:1006.60M (Peak 1006.60M) | Time:00:02.33 | Mem:0.00M, Peak:0.00M | Scene, ViewLayer | Synchronizing object | G4_bench_back_cushion.009
Fra:451 Mem:1006.63M (Peak 1006.63M) | Time:00:02.33 | Mem:0.00M, Peak:0.00M | Scene, ViewLayer | Synchronizing object | G4_bench_seat_cushion.010
Fra:451 Mem:1006.65M (Peak 1006.65M) | Time:00:02.33 | Mem:0.00M, Peak:0.00M | Scene, ViewLayer | Synchronizing object | G4_bench_back_cushion.010
Fra:451 Mem:1006.68M (Peak 1006.68M) | Time:00:02.33 | Mem:0.00M, Peak:0.00M | Scene, ViewLayer | Synchronizing object | G4_bench_seat_cushion.011
Fra:451 Mem:1006.71M (Peak 1006.71M) | Time:00:02.33 | Mem:0.00M, Peak:0.00M | Scene, ViewLayer | Synchronizing object | G4_bench_back_cushion.011
Fra:451 Mem:1006.74M (Peak 1006.74M) | Time:00:02.33 | Mem:0.00M, Peak:0.00M | Scene, ViewLayer | Synchronizing object | G4_broadleaf_clay_planter
Fra:451 Mem:1006.81M (Peak 1006.81M) | Time:00:02.33 | Mem:0.00M, Peak:0.00M | Scene, ViewLayer | Synchronizing object | G4_planter_soil
Fra:451 Mem:1006.83M (Peak 1006.83M) | Time:00:02.33 | Mem:0.00M, Peak:0.00M | Scene, ViewLayer | Synchronizing object | G4_broadleaf_clay_planter.001
Fra:451 Mem:1006.88M (Peak 1006.88M) | Time:00:02.33 | Mem:0.00M, Peak:0.00M | Scene, ViewLayer | Synchronizing object | G4_planter_soil.001
Fra:451 Mem:1006.93M (Peak 1006.93M) | Time:00:02.33 | Mem:0.00M, Peak:0.00M | Scene, ViewLayer | Synchronizing object | G4_broadleaf_clay_planter.002
Fra:451 Mem:1007.02M (Peak 1007.02M) | Time:00:02.33 | Mem:0.00M, Peak:0.00M | Scene, ViewLayer | Synchronizing object | G4_planter_soil.002
Fra:451 Mem:1007.05M (Peak 1007.05M) | Time:00:02.33 | Mem:0.00M, Peak:0.00M | Scene, ViewLayer | Synchronizing object | G4_hall_G3_pendant_drop
Fra:451 Mem:1007.05M (Peak 1007.05M) | Time:00:02.33 | Mem:0.00M, Peak:0.00M | Scene, ViewLayer | Synchronizing object | G4_hall_G3_pendant_shade
Fra:451 Mem:1007.07M (Peak 1007.07M) | Time:00:02.33 | Mem:0.00M, Peak:0.00M | Scene, ViewLayer | Synchronizing object | G4_hall_G3_pendant_light
Fra:451 Mem:1007.09M (Peak 1007.09M) | Time:00:02.33 | Mem:0.00M, Peak:0.00M | Scene, ViewLayer | Synchronizing object | G4_hall_G3_pendant_drop.001
Fra:451 Mem:1007.10M (Peak 1007.10M) | Time:00:02.33 | Mem:0.00M, Peak:0.00M | Scene, ViewLayer | Synchronizing object | G4_hall_G3_pendant_shade.001
Fra:451 Mem:1007.15M (Peak 1007.15M) | Time:00:02.33 | Mem:0.00M, Peak:0.00M | Scene, ViewLayer | Synchronizing object | G4_hall_G3_pendant_light.001
Fra:451 Mem:1007.15M (Peak 1007.15M) | Time:00:02.33 | Mem:0.00M, Peak:0.00M | Scene, ViewLayer | Synchronizing object | G4_hall_G3_pendant_drop.002
Fra:451 Mem:1007.16M (Peak 1007.16M) | Time:00:02.33 | Mem:0.00M, Peak:0.00M | Scene, ViewLayer | Synchronizing object | G4_hall_G3_pendant_shade.002
Fra:451 Mem:1007.20M (Peak 1007.20M) | Time:00:02.33 | Mem:0.00M, Peak:0.00M | Scene, ViewLayer | Synchronizing object | G4_hall_G3_pendant_light.002
Fra:451 Mem:1007.21M (Peak 1007.21M) | Time:00:02.33 | Mem:0.00M, Peak:0.00M | Scene, ViewLayer | Synchronizing object | G4_hall_G3_pendant_drop.003
Fra:451 Mem:1007.21M (Peak 1007.21M) | Time:00:02.33 | Mem:0.00M, Peak:0.00M | Scene, ViewLayer | Synchronizing object | G4_hall_G3_pendant_shade.003
Fra:451 Mem:1007.26M (Peak 1007.26M) | Time:00:02.33 | Mem:0.00M, Peak:0.00M | Scene, ViewLayer | Synchronizing object | G4_hall_G3_pendant_light.003
Fra:451 Mem:1007.26M (Peak 1007.26M) | Time:00:02.33 | Mem:0.00M, Peak:0.00M | Scene, ViewLayer | Synchronizing object | G4_hall_G3_pendant_drop.004
Fra:451 Mem:1007.27M (Peak 1007.27M) | Time:00:02.33 | Mem:0.00M, Peak:0.00M | Scene, ViewLayer | Synchronizing object | G4_hall_G3_pendant_shade.004
Fra:451 Mem:1007.33M (Peak 1007.33M) | Time:00:02.33 | Mem:0.00M, Peak:0.00M | Scene, ViewLayer | Synchronizing object | G4_hall_G3_pendant_light.004
Fra:451 Mem:1007.33M (Peak 1007.33M) | Time:00:02.33 | Mem:0.00M, Peak:0.00M | Scene, ViewLayer | Synchronizing object | G4_hall_G3_pendant_drop.005
Fra:451 Mem:1007.33M (Peak 1007.33M) | Time:00:02.33 | Mem:0.00M, Peak:0.00M | Scene, ViewLayer | Synchronizing object | G4_hall_G3_pendant_shade.005
Fra:451 Mem:1007.38M (Peak 1007.38M) | Time:00:02.33 | Mem:0.00M, Peak:0.00M | Scene, ViewLayer | Synchronizing object | G4_hall_G3_pendant_light.005
Fra:451 Mem:1007.38M (Peak 1007.38M) | Time:00:02.33 | Mem:0.00M, Peak:0.00M | Scene, ViewLayer | Synchronizing object | G4_hall_G3_pendant_drop.006
Fra:451 Mem:1007.39M (Peak 1007.39M) | Time:00:02.33 | Mem:0.00M, Peak:0.00M | Scene, ViewLayer | Synchronizing object | G4_hall_G3_pendant_shade.006
Fra:451 Mem:1007.39M (Peak 1007.39M) | Time:00:02.33 | Mem:0.00M, Peak:0.00M | Scene, ViewLayer | Synchronizing object | G4_hall_G3_pendant_light.006
Fra:451 Mem:1007.42M (Peak 1007.42M) | Time:00:02.33 | Mem:0.00M, Peak:0.00M | Scene, ViewLayer | Synchronizing object | G4_hall_G3_pendant_drop.007
Fra:451 Mem:1007.44M (Peak 1007.44M) | Time:00:02.33 | Mem:0.00M, Peak:0.00M | Scene, ViewLayer | Synchronizing object | G4_hall_G3_pendant_shade.007
Fra:451 Mem:1007.49M (Peak 1007.49M) | Time:00:02.33 | Mem:0.00M, Peak:0.00M | Scene, ViewLayer | Synchronizing object | G4_hall_G3_pendant_light.007
Fra:451 Mem:1007.49M (Peak 1007.49M) | Time:00:02.33 | Mem:0.00M, Peak:0.00M | Scene, ViewLayer | Synchronizing object | G4_hall_G3_pendant_drop.008
Fra:451 Mem:1007.50M (Peak 1007.50M) | Time:00:02.33 | Mem:0.00M, Peak:0.00M | Scene, ViewLayer | Synchronizing object | G4_hall_G3_pendant_shade.008
Fra:451 Mem:1007.51M (Peak 1007.51M) | Time:00:02.33 | Mem:0.00M, Peak:0.00M | Scene, ViewLayer | Synchronizing object | G4_hall_G3_pendant_light.008
Fra:451 Mem:1007.53M (Peak 1007.53M) | Time:00:02.33 | Mem:0.00M, Peak:0.00M | Scene, ViewLayer | Synchronizing object | G4_hall_G3_pendant_drop.009
Fra:451 Mem:1007.55M (Peak 1007.55M) | Time:00:02.33 | Mem:0.00M, Peak:0.00M | Scene, ViewLayer | Synchronizing object | G4_hall_G3_pendant_shade.009
Fra:451 Mem:1007.60M (Peak 1007.60M) | Time:00:02.33 | Mem:0.00M, Peak:0.00M | Scene, ViewLayer | Synchronizing object | G4_hall_G3_pendant_light.009
Fra:451 Mem:1007.60M (Peak 1007.60M) | Time:00:02.33 | Mem:0.00M, Peak:0.00M | Scene, ViewLayer | Synchronizing object | G4_hall_G3_pendant_drop.010
Fra:451 Mem:1007.62M (Peak 1007.62M) | Time:00:02.33 | Mem:0.00M, Peak:0.00M | Scene, ViewLayer | Synchronizing object | G4_hall_G3_pendant_shade.010
Fra:451 Mem:1007.62M (Peak 1007.62M) | Time:00:02.33 | Mem:0.00M, Peak:0.00M | Scene, ViewLayer | Synchronizing object | G4_hall_G3_pendant_light.010
Fra:451 Mem:1007.64M (Peak 1007.64M) | Time:00:02.33 | Mem:0.00M, Peak:0.00M | Scene, ViewLayer | Synchronizing object | G4_hall_G3_pendant_drop.011
Fra:451 Mem:1007.66M (Peak 1007.66M) | Time:00:02.33 | Mem:0.00M, Peak:0.00M | Scene, ViewLayer | Synchronizing object | G4_hall_G3_pendant_shade.011
Fra:451 Mem:1007.71M (Peak 1007.71M) | Time:00:02.33 | Mem:0.00M, Peak:0.00M | Scene, ViewLayer | Synchronizing object | G4_hall_G3_pendant_light.011
Fra:451 Mem:1007.71M (Peak 1007.71M) | Time:00:02.33 | Mem:0.00M, Peak:0.00M | Scene, ViewLayer | Synchronizing object | G4_hall_G3_pendant_drop.012
Fra:451 Mem:1007.72M (Peak 1007.72M) | Time:00:02.33 | Mem:0.00M, Peak:0.00M | Scene, ViewLayer | Synchronizing object | G4_hall_G3_pendant_shade.012
Fra:451 Mem:1007.76M (Peak 1007.76M) | Time:00:02.33 | Mem:0.00M, Peak:0.00M | Scene, ViewLayer | Synchronizing object | G4_hall_G3_pendant_light.012
Fra:451 Mem:1007.77M (Peak 1007.77M) | Time:00:02.33 | Mem:0.00M, Peak:0.00M | Scene, ViewLayer | Synchronizing object | G4_hall_G3_pendant_drop.013
Fra:451 Mem:1007.78M (Peak 1007.78M) | Time:00:02.33 | Mem:0.00M, Peak:0.00M | Scene, ViewLayer | Synchronizing object | G4_hall_G3_pendant_shade.013
Fra:451 Mem:1007.83M (Peak 1007.83M) | Time:00:02.33 | Mem:0.00M, Peak:0.00M | Scene, ViewLayer | Synchronizing object | G4_hall_G3_pendant_light.013
Fra:451 Mem:1007.83M (Peak 1007.83M) | Time:00:02.33 | Mem:0.00M, Peak:0.00M | Scene, ViewLayer | Synchronizing object | G4_canopy_lamp_mount
Fra:451 Mem:1007.87M (Peak 1007.87M) | Time:00:02.33 | Mem:0.00M, Peak:0.00M | Scene, ViewLayer | Synchronizing object | G4_canopy_lamp_housing
Fra:451 Mem:1007.88M (Peak 1007.88M) | Time:00:02.33 | Mem:0.00M, Peak:0.00M | Scene, ViewLayer | Synchronizing object | G4_canopy_lamp_opal
Fra:451 Mem:1007.93M (Peak 1007.94M) | Time:00:02.33 | Mem:0.00M, Peak:0.00M | Scene, ViewLayer | Synchronizing object | G4_canopy_practical
Fra:451 Mem:1007.92M (Peak 1007.94M) | Time:00:02.33 | Mem:0.00M, Peak:0.00M | Scene, ViewLayer | Synchronizing object | G4_canopy_lamp_mount.001
Fra:451 Mem:1007.94M (Peak 1007.94M) | Time:00:02.33 | Mem:0.00M, Peak:0.00M | Scene, ViewLayer | Synchronizing object | G4_canopy_lamp_housing.001
Fra:451 Mem:1007.96M (Peak 1007.96M) | Time:00:02.33 | Mem:0.00M, Peak:0.00M | Scene, ViewLayer | Synchronizing object | G4_canopy_lamp_opal.001
Fra:451 Mem:1007.99M (Peak 1007.99M) | Time:00:02.33 | Mem:0.00M, Peak:0.00M | Scene, ViewLayer | Synchronizing object | G4_canopy_practical.001
Fra:451 Mem:1007.97M (Peak 1007.99M) | Time:00:02.33 | Mem:0.00M, Peak:0.00M | Scene, ViewLayer | Synchronizing object | G4_canopy_lamp_mount.002
Fra:451 Mem:1008.00M (Peak 1008.00M) | Time:00:02.33 | Mem:0.00M, Peak:0.00M | Scene, ViewLayer | Synchronizing object | G4_canopy_lamp_housing.002
Fra:451 Mem:1008.02M (Peak 1008.02M) | Time:00:02.33 | Mem:0.00M, Peak:0.00M | Scene, ViewLayer | Synchronizing object | G4_canopy_lamp_opal.002
Fra:451 Mem:1008.06M (Peak 1008.06M) | Time:00:02.33 | Mem:0.00M, Peak:0.00M | Scene, ViewLayer | Synchronizing object | G4_canopy_practical.002
Fra:451 Mem:1008.06M (Peak 1008.06M) | Time:00:02.33 | Mem:0.00M, Peak:0.00M | Scene, ViewLayer | Synchronizing object | G4_canopy_lamp_mount.003
Fra:451 Mem:1008.08M (Peak 1008.08M) | Time:00:02.33 | Mem:0.00M, Peak:0.00M | Scene, ViewLayer | Synchronizing object | G4_canopy_lamp_housing.003
Fra:451 Mem:1008.09M (Peak 1008.09M) | Time:00:02.33 | Mem:0.00M, Peak:0.00M | Scene, ViewLayer | Synchronizing object | G4_canopy_lamp_opal.003
Fra:451 Mem:1008.13M (Peak 1008.13M) | Time:00:02.33 | Mem:0.00M, Peak:0.00M | Scene, ViewLayer | Synchronizing object | G4_canopy_practical.003
Fra:451 Mem:1008.13M (Peak 1008.13M) | Time:00:02.33 | Mem:0.00M, Peak:0.00M | Scene, ViewLayer | Synchronizing object | G4_canopy_lamp_mount.004
Fra:451 Mem:1008.16M (Peak 1008.16M) | Time:00:02.33 | Mem:0.00M, Peak:0.00M | Scene, ViewLayer | Synchronizing object | G4_canopy_lamp_housing.004
Fra:451 Mem:1008.14M (Peak 1008.16M) | Time:00:02.33 | Mem:0.00M, Peak:0.00M | Scene, ViewLayer | Synchronizing object | G4_canopy_lamp_opal.004
Fra:451 Mem:1008.20M (Peak 1008.20M) | Time:00:02.33 | Mem:0.00M, Peak:0.00M | Scene, ViewLayer | Synchronizing object | G4_canopy_practical.004
Fra:451 Mem:1008.18M (Peak 1008.20M) | Time:00:02.33 | Mem:0.00M, Peak:0.00M | Scene, ViewLayer | Synchronizing object | G4_canopy_lamp_mount.005
Fra:451 Mem:1008.23M (Peak 1008.23M) | Time:00:02.33 | Mem:0.00M, Peak:0.00M | Scene, ViewLayer | Synchronizing object | G4_canopy_lamp_housing.005
Fra:451 Mem:1008.21M (Peak 1008.23M) | Time:00:02.33 | Mem:0.00M, Peak:0.00M | Scene, ViewLayer | Synchronizing object | G4_canopy_lamp_opal.005
Fra:451 Mem:1008.26M (Peak 1008.26M) | Time:00:02.33 | Mem:0.00M, Peak:0.00M | Scene, ViewLayer | Synchronizing object | G4_canopy_practical.005
Fra:451 Mem:1008.25M (Peak 1008.26M) | Time:00:02.33 | Mem:0.00M, Peak:0.00M | Scene, ViewLayer | Synchronizing object | G4_canopy_lamp_mount.006
Fra:451 Mem:1008.27M (Peak 1008.27M) | Time:00:02.33 | Mem:0.00M, Peak:0.00M | Scene, ViewLayer | Synchronizing object | G4_canopy_lamp_housing.006
Fra:451 Mem:1008.28M (Peak 1008.28M) | Time:00:02.33 | Mem:0.00M, Peak:0.00M | Scene, ViewLayer | Synchronizing object | G4_canopy_lamp_opal.006
Fra:451 Mem:1008.33M (Peak 1008.33M) | Time:00:02.33 | Mem:0.00M, Peak:0.00M | Scene, ViewLayer | Synchronizing object | G4_canopy_practical.006
Fra:451 Mem:1008.31M (Peak 1008.33M) | Time:00:02.33 | Mem:0.00M, Peak:0.00M | Scene, ViewLayer | Synchronizing object | G4_canopy_lamp_mount.007
Fra:451 Mem:1008.36M (Peak 1008.36M) | Time:00:02.33 | Mem:0.00M, Peak:0.00M | Scene, ViewLayer | Synchronizing object | G4_canopy_lamp_housing.007
Fra:451 Mem:1008.37M (Peak 1008.37M) | Time:00:02.33 | Mem:0.00M, Peak:0.00M | Scene, ViewLayer | Synchronizing object | G4_canopy_lamp_opal.007
Fra:451 Mem:1008.40M (Peak 1008.40M) | Time:00:02.33 | Mem:0.00M, Peak:0.00M | Scene, ViewLayer | Synchronizing object | G4_canopy_practical.007
Fra:451 Mem:1008.40M (Peak 1008.40M) | Time:00:02.33 | Mem:0.00M, Peak:0.00M | Scene, ViewLayer | Synchronizing object | G4_train_curved_inner_vault
Fra:451 Mem:1008.42M (Peak 1008.42M) | Time:00:02.33 | Mem:0.00M, Peak:0.00M | Scene, ViewLayer | Synchronizing object | G4_car_lamp_stem
Fra:451 Mem:1008.44M (Peak 1008.44M) | Time:00:02.33 | Mem:0.00M, Peak:0.00M | Scene, ViewLayer | Synchronizing object | G4_car_ceiling_practical
Fra:451 Mem:1008.45M (Peak 1008.45M) | Time:00:02.33 | Mem:0.00M, Peak:0.00M | Scene, ViewLayer | Synchronizing object | G4_car_lamp_stem.001
Fra:451 Mem:1008.44M (Peak 1008.45M) | Time:00:02.33 | Mem:0.00M, Peak:0.00M | Scene, ViewLayer | Synchronizing object | G4_car_ceiling_practical.001
Fra:451 Mem:1008.43M (Peak 1008.45M) | Time:00:02.33 | Mem:0.00M, Peak:0.00M | Scene, ViewLayer | Synchronizing object | G4_car_lamp_stem.003
Fra:451 Mem:1008.43M (Peak 1008.45M) | Time:00:02.33 | Mem:0.00M, Peak:0.00M | Scene, ViewLayer | Synchronizing object | G4_car_ceiling_practical.002
Fra:451 Mem:1008.44M (Peak 1008.45M) | Time:00:02.33 | Mem:0.00M, Peak:0.00M | Scene, ViewLayer | Synchronizing object | G4_car_ceiling_practical.003
Fra:451 Mem:1008.44M (Peak 1008.45M) | Time:00:02.33 | Mem:0.00M, Peak:0.00M | Scene, ViewLayer | Synchronizing object | G4_car_recessed_walnut_panel
Fra:451 Mem:1008.47M (Peak 1008.47M) | Time:00:02.33 | Mem:0.00M, Peak:0.00M | Scene, ViewLayer | Synchronizing object | G4_car_panel_bead
Fra:451 Mem:1008.50M (Peak 1008.50M) | Time:00:02.33 | Mem:0.00M, Peak:0.00M | Scene, ViewLayer | Synchronizing object | G4_car_panel_bead.001
Fra:451 Mem:1008.52M (Peak 1008.52M) | Time:00:02.33 | Mem:0.00M, Peak:0.00M | Scene, ViewLayer | Synchronizing object | G4_car_panel_stile
Fra:451 Mem:1008.54M (Peak 1008.54M) | Time:00:02.33 | Mem:0.00M, Peak:0.00M | Scene, ViewLayer | Synchronizing object | G4_car_panel_stile.001
Fra:451 Mem:1008.58M (Peak 1008.58M) | Time:00:02.33 | Mem:0.00M, Peak:0.00M | Scene, ViewLayer | Synchronizing object | G4_car_recessed_walnut_panel.001
Fra:451 Mem:1008.59M (Peak 1008.59M) | Time:00:02.33 | Mem:0.00M, Peak:0.00M | Scene, ViewLayer | Synchronizing object | G4_car_panel_bead.002
Fra:451 Mem:1008.62M (Peak 1008.62M) | Time:00:02.33 | Mem:0.00M, Peak:0.00M | Scene, ViewLayer | Synchronizing object | G4_car_panel_bead.003
Fra:451 Mem:1008.64M (Peak 1008.64M) | Time:00:02.33 | Mem:0.00M, Peak:0.00M | Scene, ViewLayer | Synchronizing object | G4_car_panel_stile.002
Fra:451 Mem:1008.66M (Peak 1008.66M) | Time:00:02.33 | Mem:0.00M, Peak:0.00M | Scene, ViewLayer | Synchronizing object | G4_car_panel_stile.003
Fra:451 Mem:1008.69M (Peak 1008.69M) | Time:00:02.33 | Mem:0.00M, Peak:0.00M | Scene, ViewLayer | Synchronizing object | G4_car_recessed_walnut_panel.002
Fra:451 Mem:1008.72M (Peak 1008.72M) | Time:00:02.33 | Mem:0.00M, Peak:0.00M | Scene, ViewLayer | Synchronizing object | G4_car_panel_bead.004
Fra:451 Mem:1008.75M (Peak 1008.75M) | Time:00:02.33 | Mem:0.00M, Peak:0.00M | Scene, ViewLayer | Synchronizing object | G4_car_panel_bead.005
Fra:451 Mem:1008.77M (Peak 1008.77M) | Time:00:02.33 | Mem:0.00M, Peak:0.00M | Scene, ViewLayer | Synchronizing object | G4_car_panel_stile.004
Fra:451 Mem:1010.46M (Peak 1010.50M) | Time:00:02.33 | Mem:0.00M, Peak:0.00M | Scene, ViewLayer | Synchronizing object | G4_car_panel_stile.005
Fra:451 Mem:1010.48M (Peak 1010.50M) | Time:00:02.33 | Mem:0.00M, Peak:0.00M | Scene, ViewLayer | Synchronizing object | G4_car_recessed_walnut_panel.003
Fra:451 Mem:1010.53M (Peak 1010.53M) | Time:00:02.33 | Mem:0.00M, Peak:0.00M | Scene, ViewLayer | Synchronizing object | G4_car_panel_bead.006
Fra:451 Mem:1010.54M (Peak 1010.54M) | Time:00:02.33 | Mem:0.00M, Peak:0.00M | Scene, ViewLayer | Synchronizing object | G4_car_panel_bead.007
Fra:451 Mem:1012.96M (Peak 1012.96M) | Time:00:02.33 | Mem:0.00M, Peak:0.00M | Scene, ViewLayer | Synchronizing object | G4_car_panel_stile.006
Fra:451 Mem:1012.99M (Peak 1012.99M) | Time:00:02.33 | Mem:0.00M, Peak:0.00M | Scene, ViewLayer | Synchronizing object | G4_car_panel_stile.007
Fra:451 Mem:1013.01M (Peak 1013.01M) | Time:00:02.33 | Mem:0.00M, Peak:0.00M | Scene, ViewLayer | Synchronizing object | G4_car_recessed_walnut_panel.004
Fra:451 Mem:1013.03M (Peak 1013.03M) | Time:00:02.33 | Mem:0.00M, Peak:0.00M | Scene, ViewLayer | Synchronizing object | G4_car_panel_bead.008
Fra:451 Mem:1014.06M (Peak 1014.06M) | Time:00:02.33 | Mem:0.00M, Peak:0.00M | Scene, ViewLayer | Synchronizing object | G4_car_panel_bead.009
Fra:451 Mem:1014.08M (Peak 1014.08M) | Time:00:02.33 | Mem:0.00M, Peak:0.00M | Scene, ViewLayer | Synchronizing object | G4_car_panel_stile.008
Fra:451 Mem:1014.10M (Peak 1014.10M) | Time:00:02.34 | Mem:0.00M, Peak:0.00M | Scene, ViewLayer | Synchronizing object | G4_car_panel_stile.009
Fra:451 Mem:1014.13M (Peak 1014.13M) | Time:00:02.34 | Mem:0.00M, Peak:0.00M | Scene, ViewLayer | Synchronizing object | G4_car_recessed_walnut_panel.005
Fra:451 Mem:1015.84M (Peak 1015.84M) | Time:00:02.34 | Mem:0.00M, Peak:0.00M | Scene, ViewLayer | Synchronizing object | G4_car_panel_bead.010
Fra:451 Mem:1015.86M (Peak 1015.86M) | Time:00:02.34 | Mem:0.00M, Peak:0.00M | Scene, ViewLayer | Synchronizing object | G4_car_panel_bead.011
Fra:451 Mem:1015.90M (Peak 1015.90M) | Time:00:02.34 | Mem:0.00M, Peak:0.00M | Scene, ViewLayer | Synchronizing object | G4_car_panel_stile.010
Fra:451 Mem:1015.91M (Peak 1015.91M) | Time:00:02.34 | Mem:0.00M, Peak:0.00M | Scene, ViewLayer | Synchronizing object | G4_car_panel_stile.011
Fra:451 Mem:1015.94M (Peak 1015.94M) | Time:00:02.34 | Mem:0.00M, Peak:0.00M | Scene, ViewLayer | Synchronizing object | G4_car_recessed_walnut_panel.006
Fra:451 Mem:1015.96M (Peak 1015.96M) | Time:00:02.34 | Mem:0.00M, Peak:0.00M | Scene, ViewLayer | Synchronizing object | G4_car_panel_bead.012
Fra:451 Mem:1015.97M (Peak 1015.97M) | Time:00:02.34 | Mem:0.00M, Peak:0.00M | Scene, ViewLayer | Synchronizing object | G4_car_panel_bead.013
Fra:451 Mem:1016.03M (Peak 1016.03M) | Time:00:02.34 | Mem:0.00M, Peak:0.00M | Scene, ViewLayer | Synchronizing object | G4_car_panel_stile.012
Fra:451 Mem:1016.01M (Peak 1016.03M) | Time:00:02.34 | Mem:0.00M, Peak:0.00M | Scene, ViewLayer | Synchronizing object | G4_car_panel_stile.013
Fra:451 Mem:1016.06M (Peak 1016.06M) | Time:00:02.34 | Mem:0.00M, Peak:0.00M | Scene, ViewLayer | Synchronizing object | G4_car_recessed_walnut_panel.007
Fra:451 Mem:1016.07M (Peak 1016.07M) | Time:00:02.34 | Mem:0.00M, Peak:0.00M | Scene, ViewLayer | Synchronizing object | G4_car_panel_bead.014
Fra:451 Mem:1016.14M (Peak 1016.14M) | Time:00:02.34 | Mem:0.00M, Peak:0.00M | Scene, ViewLayer | Synchronizing object | G4_car_panel_bead.015
Fra:451 Mem:1016.12M (Peak 1016.14M) | Time:00:02.34 | Mem:0.00M, Peak:0.00M | Scene, ViewLayer | Synchronizing object | G4_car_panel_stile.014
Fra:451 Mem:1017.42M (Peak 1017.44M) | Time:00:02.34 | Mem:0.00M, Peak:0.00M | Scene, ViewLayer | Synchronizing object | G4_car_panel_stile.015
Fra:451 Mem:1017.46M (Peak 1017.46M) | Time:00:02.34 | Mem:0.00M, Peak:0.00M | Scene, ViewLayer | Synchronizing object | G4_car_recessed_walnut_panel.008
Fra:451 Mem:1017.48M (Peak 1017.48M) | Time:00:02.34 | Mem:0.00M, Peak:0.00M | Scene, ViewLayer | Synchronizing object | G4_car_panel_bead.016
Fra:451 Mem:1017.49M (Peak 1017.49M) | Time:00:02.34 | Mem:0.00M, Peak:0.00M | Scene, ViewLayer | Synchronizing object | G4_car_panel_bead.017
Fra:451 Mem:1017.53M (Peak 1017.53M) | Time:00:02.34 | Mem:0.00M, Peak:0.00M | Scene, ViewLayer | Synchronizing object | G4_car_panel_stile.016
Fra:451 Mem:1017.55M (Peak 1017.55M) | Time:00:02.34 | Mem:0.00M, Peak:0.00M | Scene, ViewLayer | Synchronizing object | G4_car_panel_stile.017
Fra:451 Mem:1017.59M (Peak 1017.59M) | Time:00:02.34 | Mem:0.00M, Peak:0.00M | Scene, ViewLayer | Synchronizing object | G4_car_recessed_walnut_panel.009
Fra:451 Mem:1017.60M (Peak 1017.60M) | Time:00:02.34 | Mem:0.00M, Peak:0.00M | Scene, ViewLayer | Synchronizing object | G4_car_panel_bead.018
Fra:451 Mem:1017.63M (Peak 1017.63M) | Time:00:02.34 | Mem:0.00M, Peak:0.00M | Scene, ViewLayer | Synchronizing object | G4_car_panel_bead.019
Fra:451 Mem:1017.65M (Peak 1017.65M) | Time:00:02.34 | Mem:0.00M, Peak:0.00M | Scene, ViewLayer | Synchronizing object | G4_car_panel_stile.018
Fra:451 Mem:1017.68M (Peak 1017.68M) | Time:00:02.34 | Mem:0.00M, Peak:0.00M | Scene, ViewLayer | Synchronizing object | G4_car_panel_stile.019
Fra:451 Mem:1017.72M (Peak 1017.72M) | Time:00:02.34 | Mem:0.00M, Peak:0.00M | Scene, ViewLayer | Synchronizing object | G4_car_recessed_walnut_panel.010
Fra:451 Mem:1017.70M (Peak 1017.72M) | Time:00:02.34 | Mem:0.00M, Peak:0.00M | Scene, ViewLayer | Synchronizing object | G4_car_panel_bead.020
Fra:451 Mem:1017.77M (Peak 1017.77M) | Time:00:02.34 | Mem:0.00M, Peak:0.00M | Scene, ViewLayer | Synchronizing object | G4_car_panel_bead.021
Fra:451 Mem:1017.78M (Peak 1017.78M) | Time:00:02.34 | Mem:0.00M, Peak:0.00M | Scene, ViewLayer | Synchronizing object | G4_car_panel_stile.020
Fra:451 Mem:1017.82M (Peak 1017.82M) | Time:00:02.34 | Mem:0.00M, Peak:0.00M | Scene, ViewLayer | Synchronizing object | G4_car_panel_stile.021
Fra:451 Mem:1017.81M (Peak 1017.82M) | Time:00:02.34 | Mem:0.00M, Peak:0.00M | Scene, ViewLayer | Synchronizing object | G4_car_recessed_walnut_panel.011
Fra:451 Mem:1017.87M (Peak 1017.87M) | Time:00:02.34 | Mem:0.00M, Peak:0.00M | Scene, ViewLayer | Synchronizing object | G4_car_panel_bead.022
Fra:451 Mem:1017.90M (Peak 1017.90M) | Time:00:02.34 | Mem:0.00M, Peak:0.00M | Scene, ViewLayer | Synchronizing object | G4_car_panel_bead.023
Fra:451 Mem:1017.93M (Peak 1017.93M) | Time:00:02.34 | Mem:0.00M, Peak:0.00M | Scene, ViewLayer | Synchronizing object | G4_car_panel_stile.022
Fra:451 Mem:1017.92M (Peak 1017.93M) | Time:00:02.34 | Mem:0.00M, Peak:0.00M | Scene, ViewLayer | Synchronizing object | G4_car_panel_stile.023
Fra:451 Mem:1017.96M (Peak 1017.96M) | Time:00:02.34 | Mem:0.00M, Peak:0.00M | Scene, ViewLayer | Synchronizing object | G4_car_recessed_walnut_panel.012
Fra:451 Mem:1017.97M (Peak 1017.97M) | Time:00:02.34 | Mem:0.00M, Peak:0.00M | Scene, ViewLayer | Synchronizing object | G4_car_panel_bead.024
Fra:451 Mem:1017.99M (Peak 1017.99M) | Time:00:02.34 | Mem:0.00M, Peak:0.00M | Scene, ViewLayer | Synchronizing object | G4_car_panel_bead.025
Fra:451 Mem:1019.06M (Peak 1019.06M) | Time:00:02.34 | Mem:0.00M, Peak:0.00M | Scene, ViewLayer | Synchronizing object | G4_car_panel_stile.024
Fra:451 Mem:1019.04M (Peak 1019.06M) | Time:00:02.34 | Mem:0.00M, Peak:0.00M | Scene, ViewLayer | Synchronizing object | G4_car_panel_stile.025
Fra:451 Mem:1019.11M (Peak 1019.11M) | Time:00:02.34 | Mem:0.00M, Peak:0.00M | Scene, ViewLayer | Synchronizing object | G4_car_recessed_walnut_panel.013
Fra:451 Mem:1019.12M (Peak 1019.12M) | Time:00:02.34 | Mem:0.00M, Peak:0.00M | Scene, ViewLayer | Synchronizing object | G4_car_panel_bead.026
Fra:451 Mem:1019.15M (Peak 1019.15M) | Time:00:02.34 | Mem:0.00M, Peak:0.00M | Scene, ViewLayer | Synchronizing object | G4_car_panel_bead.027
Fra:451 Mem:1019.18M (Peak 1019.18M) | Time:00:02.34 | Mem:0.00M, Peak:0.00M | Scene, ViewLayer | Synchronizing object | G4_car_panel_stile.026
Fra:451 Mem:1019.19M (Peak 1019.19M) | Time:00:02.34 | Mem:0.00M, Peak:0.00M | Scene, ViewLayer | Synchronizing object | G4_car_panel_stile.027
Fra:451 Mem:1019.22M (Peak 1019.22M) | Time:00:02.34 | Mem:0.00M, Peak:0.00M | Scene, ViewLayer | Synchronizing object | G4_wheelset_brake_disc
Fra:451 Mem:1019.23M (Peak 1019.23M) | Time:00:02.34 | Mem:0.00M, Peak:0.00M | Scene, ViewLayer | Synchronizing object | G4_wheelset_brake_disc.001
Fra:451 Mem:1019.24M (Peak 1019.24M) | Time:00:02.34 | Mem:0.00M, Peak:0.00M | Scene, ViewLayer | Synchronizing object | G4_wheelset_brake_disc.002
Fra:451 Mem:1019.26M (Peak 1019.26M) | Time:00:02.34 | Mem:0.00M, Peak:0.00M | Scene, ViewLayer | Synchronizing object | G4_wheelset_brake_disc.003
Fra:451 Mem:1019.28M (Peak 1019.28M) | Time:00:02.34 | Mem:0.00M, Peak:0.00M | Scene, ViewLayer | Synchronizing object | G4_wheelset_brake_disc.004
Fra:451 Mem:1019.29M (Peak 1019.29M) | Time:00:02.34 | Mem:0.00M, Peak:0.00M | Scene, ViewLayer | Synchronizing object | G4_wheelset_brake_disc.005
Fra:451 Mem:1019.29M (Peak 1019.29M) | Time:00:02.34 | Mem:0.00M, Peak:0.00M | Scene, ViewLayer | Synchronizing object | G4_wheelset_brake_disc.006
Fra:451 Mem:1019.31M (Peak 1019.31M) | Time:00:02.34 | Mem:0.00M, Peak:0.00M | Scene, ViewLayer | Synchronizing object | G4_wheelset_brake_disc.007
Fra:451 Mem:1019.32M (Peak 1019.32M) | Time:00:02.34 | Mem:0.00M, Peak:0.00M | Scene, ViewLayer | Synchronizing object | G4_train_headlight
Fra:451 Mem:1019.33M (Peak 1019.33M) | Time:00:02.34 | Mem:0.00M, Peak:0.00M | Scene, ViewLayer | Synchronizing object | G4_train_headlight.001
Fra:451 Mem:1019.33M (Peak 1019.33M) | Time:00:02.34 | Mem:0.00M, Peak:0.00M | Scene, ViewLayer | Synchronizing object | G4_cab_gauge_bezel
Fra:451 Mem:1019.33M (Peak 1019.33M) | Time:00:02.34 | Mem:0.00M, Peak:0.00M | Scene, ViewLayer | Synchronizing object | G4_cab_gauge_face
Fra:451 Mem:1019.35M (Peak 1019.35M) | Time:00:02.34 | Mem:0.00M, Peak:0.00M | Scene, ViewLayer | Synchronizing object | G4_cab_gauge_bezel.001
Fra:451 Mem:1019.37M (Peak 1019.37M) | Time:00:02.34 | Mem:0.00M, Peak:0.00M | Scene, ViewLayer | Synchronizing object | G4_cab_gauge_face.001
Fra:451 Mem:1019.37M (Peak 1019.37M) | Time:00:02.34 | Mem:0.00M, Peak:0.00M | Scene, ViewLayer | Synchronizing object | G4_cab_gauge_bezel.002
Fra:451 Mem:1019.39M (Peak 1019.39M) | Time:00:02.34 | Mem:0.00M, Peak:0.00M | Scene, ViewLayer | Synchronizing object | G4_cab_gauge_face.002
Fra:451 Mem:1019.40M (Peak 1019.40M) | Time:00:02.34 | Mem:0.00M, Peak:0.00M | Scene, ViewLayer | Synchronizing object | G4_overcast_environment
Fra:451 Mem:1019.41M (Peak 1019.41M) | Time:00:02.34 | Mem:0.00M, Peak:0.00M | Scene, ViewLayer | Synchronizing object | G4R03_roof_clipped_rain
Fra:451 Mem:1019.41M (Peak 1019.41M) | Time:00:02.34 | Mem:0.00M, Peak:0.00M | Scene, ViewLayer | Synchronizing object | G4R03_eave_drips
Fra:451 Mem:1019.41M (Peak 1019.41M) | Time:00:02.34 | Mem:0.00M, Peak:0.00M | Scene, ViewLayer | Synchronizing object | G4R03_convex_glass_water_beads
Fra:451 Mem:1019.41M (Peak 1019.41M) | Time:00:02.34 | Mem:0.00M, Peak:0.00M | Scene, ViewLayer | Synchronizing object | G4R03_shallow_rain_puddle
Fra:451 Mem:1024.84M (Peak 1024.84M) | Time:00:02.34 | Mem:0.00M, Peak:0.00M | Scene, ViewLayer | Synchronizing object | G4R03_shallow_rain_puddle.001
Fra:451 Mem:1024.99M (Peak 1024.99M) | Time:00:02.34 | Mem:0.00M, Peak:0.00M | Scene, ViewLayer | Synchronizing object | G4R03_shallow_rain_puddle.002
Fra:451 Mem:1025.58M (Peak 1025.58M) | Time:00:02.34 | Mem:0.00M, Peak:0.00M | Scene, ViewLayer | Synchronizing object | G4R03_shallow_rain_puddle.003
Fra:451 Mem:1025.71M (Peak 1025.71M) | Time:00:02.34 | Mem:0.00M, Peak:0.00M | Scene, ViewLayer | Synchronizing object | G4R03_shallow_rain_puddle.004
Fra:451 Mem:1059.09M (Peak 1062.70M) | Time:00:02.37 | Mem:0.00M, Peak:0.00M | Scene, ViewLayer | Initializing
Fra:451 Mem:974.77M (Peak 1288.15M) | Time:00:09.80 | Mem:0.00M, Peak:0.00M | Scene, ViewLayer | Updating Images | Loading slate_floor_finished_diff_2k.jpg
Fra:451 Mem:974.77M (Peak 1288.15M) | Time:00:09.80 | Mem:0.00M, Peak:0.00M | Scene, ViewLayer | Updating Images | Loading kloofendal_overcast_puresky_2k.hdr
Fra:451 Mem:1054.79M (Peak 1288.15M) | Time:00:09.83 | Mem:16.00M, Peak:16.00M | Scene, ViewLayer | Updating Images | Loading potted_plant_01_leaves_rough.png
Fra:451 Mem:1070.78M (Peak 1288.15M) | Time:00:09.85 | Mem:32.00M, Peak:32.00M | Scene, ViewLayer | Updating Images | Loading slate_floor_nor_gl_2k.jpg
Fra:451 Mem:1142.79M (Peak 1288.15M) | Time:00:09.86 | Mem:48.00M, Peak:48.00M | Scene, ViewLayer | Updating Images | Loading seaside_rock_diff_4k.jpg
Fra:451 Mem:1190.78M (Peak 1288.15M) | Time:00:09.86 | Mem:64.00M, Peak:64.00M | Scene, ViewLayer | Updating Images | Loading potted_plant_01_leaves_diff.png
Fra:451 Mem:1206.78M (Peak 1288.15M) | Time:00:09.89 | Mem:80.00M, Peak:80.00M | Scene, ViewLayer | Updating Images | Loading potted_plant_01_pot_nor_gl
Fra:451 Mem:1190.78M (Peak 1288.15M) | Time:00:09.91 | Mem:96.00M, Peak:96.00M | Scene, ViewLayer | Updating Images | Loading seaside_rock_disp_2k.png
Fra:451 Mem:1278.79M (Peak 1294.80M) | Time:00:09.92 | Mem:112.00M, Peak:112.00M | Scene, ViewLayer | Updating Images | Loading potted_plant_01_pot_rough
Fra:451 Mem:1262.78M (Peak 1294.80M) | Time:00:09.93 | Mem:144.00M, Peak:144.00M | Scene, ViewLayer | Updating Images | Loading seaside_rock_rough_4k.jpg
Fra:451 Mem:1326.78M (Peak 1342.79M) | Time:00:09.94 | Mem:160.00M, Peak:160.00M | Scene, ViewLayer | Updating Images | Loading potted_plant_01_pot_diff
Fra:451 Mem:1342.78M (Peak 1358.79M) | Time:00:09.97 | Mem:176.00M, Peak:176.00M | Scene, ViewLayer | Updating Images | Loading GreenChair_01_nor_gl
Fra:451 Mem:1358.78M (Peak 1374.79M) | Time:00:10.01 | Mem:192.00M, Peak:192.00M | Scene, ViewLayer | Updating Images | Loading GreenChair_01_metallic-GreenChair_01_roughness
Fra:451 Mem:1390.79M (Peak 1454.80M) | Time:00:10.04 | Mem:256.00M, Peak:256.00M | Scene, ViewLayer | Updating Images | Loading coastal_cliff_04_diff
Fra:451 Mem:1390.78M (Peak 1454.80M) | Time:00:10.05 | Mem:272.00M, Peak:272.00M | Scene, ViewLayer | Updating Images | Loading GreenChair_01_diff
Fra:451 Mem:1470.79M (Peak 1534.80M) | Time:00:10.07 | Mem:336.00M, Peak:336.00M | Scene, ViewLayer | Updating Images | Loading coastal_cliff_04_rough
Fra:451 Mem:1486.79M (Peak 1534.80M) | Time:00:10.08 | Mem:352.00M, Peak:352.00M | Scene, ViewLayer | Updating Images | Loading poly_wool_herringbone_rough_4k.jpg
Fra:451 Mem:1552.12M (Peak 1568.13M) | Time:00:10.10 | Mem:368.00M, Peak:368.00M | Scene, ViewLayer | Updating Images | Loading coastal_cliff_04_nor_gl
Fra:451 Mem:1504.11M (Peak 1568.13M) | Time:00:10.11 | Mem:432.00M, Peak:432.00M | Scene, ViewLayer | Updating Images | Loading american_walnut_veneer_finished_diff_2k.jpg
Fra:451 Mem:1520.11M (Peak 1568.13M) | Time:00:10.12 | Mem:448.00M, Peak:448.00M | Scene, ViewLayer | Updating Images | Loading american_walnut_veneer_rough_2k.jpg
Fra:451 Mem:1568.13M (Peak 1584.14M) | Time:00:10.16 | Mem:464.00M, Peak:464.00M | Scene, ViewLayer | Updating Images | Loading american_walnut_veneer_nor_gl_2k.jpg
Fra:451 Mem:1568.12M (Peak 1584.14M) | Time:00:10.16 | Mem:480.00M, Peak:480.00M | Scene, ViewLayer | Updating Images | Loading poly_wool_herringbone_diff_4k.jpg
Fra:451 Mem:1552.11M (Peak 1584.14M) | Time:00:10.16 | Mem:496.00M, Peak:496.00M | Scene, ViewLayer | Updating Images | Loading poly_wool_herringbone_nor_gl_4k.jpg
Fra:451 Mem:1580.58M (Peak 1813.44M) | Time:00:10.42 | Mem:707.98M, Peak:707.98M | Scene, ViewLayer | Waiting for render to start
Fra:451 Mem:1580.58M (Peak 1813.44M) | Time:00:10.42 | Mem:707.98M, Peak:707.98M | Scene, ViewLayer | Updating Scene
Fra:451 Mem:1580.58M (Peak 1813.44M) | Time:00:10.42 | Mem:707.98M, Peak:707.98M | Scene, ViewLayer | Updating Shaders
Fra:451 Mem:1580.58M (Peak 1813.44M) | Time:00:10.42 | Mem:707.98M, Peak:707.98M | Scene, ViewLayer | Loading render kernels (may take a few minutes the first time)
Fra:451 Mem:1580.74M (Peak 1813.44M) | Time:00:10.42 | Mem:708.07M, Peak:708.07M | Scene, ViewLayer | Updating Procedurals
Fra:451 Mem:1580.74M (Peak 1813.44M) | Time:00:10.42 | Mem:708.07M, Peak:708.07M | Scene, ViewLayer | Updating Background
Fra:451 Mem:1580.74M (Peak 1813.44M) | Time:00:10.42 | Mem:708.07M, Peak:708.07M | Scene, ViewLayer | Updating Camera
Fra:451 Mem:1580.74M (Peak 1813.44M) | Time:00:10.42 | Mem:708.07M, Peak:708.07M | Scene, ViewLayer | Updating Meshes Flags
Fra:451 Mem:1580.74M (Peak 1813.44M) | Time:00:10.42 | Mem:708.07M, Peak:708.07M | Scene, ViewLayer | Updating Objects
Fra:451 Mem:1580.74M (Peak 1813.44M) | Time:00:10.42 | Mem:708.07M, Peak:708.07M | Scene, ViewLayer | Updating Objects | Copying Transformations to device
Fra:451 Mem:1599.65M (Peak 1813.44M) | Time:00:10.43 | Mem:727.13M, Peak:727.13M | Scene, ViewLayer | Updating Particle Systems
Fra:451 Mem:1599.65M (Peak 1813.44M) | Time:00:10.43 | Mem:727.13M, Peak:727.13M | Scene, ViewLayer | Updating Particle Systems | Copying Particles to device
Fra:451 Mem:1599.65M (Peak 1813.44M) | Time:00:10.43 | Mem:727.13M, Peak:727.13M | Scene, ViewLayer | Updating Meshes
Fra:451 Mem:1660.06M (Peak 1813.44M) | Time:00:10.87 | Mem:727.13M, Peak:727.13M | Scene, ViewLayer | Updating Objects | Applying Static Transformations
Fra:451 Mem:1660.06M (Peak 1813.44M) | Time:00:10.88 | Mem:727.13M, Peak:727.13M | Scene, ViewLayer | Updating Mesh | Computing attributes
Fra:451 Mem:1775.76M (Peak 1813.44M) | Time:00:10.92 | Mem:727.98M, Peak:727.98M | Scene, ViewLayer | Updating Mesh | Copying Attributes to device
Fra:451 Mem:1772.10M (Peak 1813.44M) | Time:00:10.92 | Mem:839.17M, Peak:839.17M | Scene, ViewLayer | Updating Geometry BVH G4COAST_R07_runoff_source_cap_mesh 30/29 | Building BVH
Fra:451 Mem:1772.10M (Peak 1813.44M) | Time:00:10.92 | Mem:839.18M, Peak:839.18M | Scene, ViewLayer | Updating Geometry BVH G4COAST_R07_runoff_source_cap_mesh 30/29 | Building BVH 0%
Fra:451 Mem:1772.10M (Peak 1813.44M) | Time:00:10.92 | Mem:839.20M, Peak:839.22M | Scene, ViewLayer | Updating Geometry BVH Mesh 29/29 | Building BVH
Fra:451 Mem:1772.10M (Peak 1813.44M) | Time:00:10.92 | Mem:839.24M, Peak:839.26M | Scene, ViewLayer | Updating Geometry BVH G4R03_puddle_impact_wave_curve.014 28/29 | Building BVH
Fra:451 Mem:1772.10M (Peak 1813.44M) | Time:00:10.92 | Mem:839.30M, Peak:839.33M | Scene, ViewLayer | Updating Geometry BVH G4R03_puddle_impact_wave_curve.013 27/29 | Building BVH
Fra:451 Mem:1772.10M (Peak 1813.44M) | Time:00:10.92 | Mem:839.36M, Peak:839.39M | Scene, ViewLayer | Updating Geometry BVH G4R03_puddle_impact_wave_curve.012 26/29 | Building BVH
Fra:451 Mem:1772.10M (Peak 1813.44M) | Time:00:10.92 | Mem:839.41M, Peak:839.45M | Scene, ViewLayer | Updating Geometry BVH G4R03_puddle_impact_wave_curve.011 25/29 | Building BVH
Fra:451 Mem:1772.10M (Peak 1813.44M) | Time:00:10.92 | Mem:839.47M, Peak:839.50M | Scene, ViewLayer | Updating Geometry BVH G4R03_puddle_impact_wave_curve.010 24/29 | Building BVH
Fra:451 Mem:1772.10M (Peak 1813.44M) | Time:00:10.92 | Mem:839.53M, Peak:839.56M | Scene, ViewLayer | Updating Geometry BVH G4R03_puddle_impact_wave_curve.009 23/29 | Building BVH
Fra:451 Mem:1772.10M (Peak 1813.44M) | Time:00:10.92 | Mem:839.59M, Peak:839.62M | Scene, ViewLayer | Updating Geometry BVH G4R03_puddle_impact_wave_curve.008 22/29 | Building BVH
Fra:451 Mem:1772.10M (Peak 1813.44M) | Time:00:10.92 | Mem:839.65M, Peak:839.68M | Scene, ViewLayer | Updating Geometry BVH G4R03_puddle_impact_wave_curve.007 21/29 | Building BVH
Fra:451 Mem:1772.10M (Peak 1813.44M) | Time:00:10.92 | Mem:839.70M, Peak:839.74M | Scene, ViewLayer | Updating Geometry BVH G4R03_puddle_impact_wave_curve.006 20/29 | Building BVH
Fra:451 Mem:1772.10M (Peak 1813.44M) | Time:00:10.92 | Mem:839.76M, Peak:839.79M | Scene, ViewLayer | Updating Geometry BVH G4R03_puddle_impact_wave_curve.005 19/29 | Building BVH
Fra:451 Mem:1772.10M (Peak 1813.44M) | Time:00:10.92 | Mem:839.82M, Peak:839.85M | Scene, ViewLayer | Updating Geometry BVH G4R03_puddle_impact_wave_curve.004 18/29 | Building BVH
Fra:451 Mem:1772.10M (Peak 1813.44M) | Time:00:10.92 | Mem:839.88M, Peak:839.91M | Scene, ViewLayer | Updating Geometry BVH G4R03_puddle_impact_wave_curve.003 17/29 | Building BVH
Fra:451 Mem:1772.10M (Peak 1813.44M) | Time:00:10.92 | Mem:839.95M, Peak:839.95M | Scene, ViewLayer | Updating Geometry BVH Cylinder.310 2/29 | Building BVH
Fra:451 Mem:1772.10M (Peak 1813.44M) | Time:00:10.92 | Mem:839.94M, Peak:839.97M | Scene, ViewLayer | Updating Geometry BVH Cylinder.312 4/29 | Building BVH
Fra:451 Mem:1772.10M (Peak 1813.44M) | Time:00:10.92 | Mem:839.94M, Peak:839.97M | Scene, ViewLayer | Updating Geometry BVH G4R03_puddle_impact_wave_curve.002 16/29 | Building BVH
Fra:451 Mem:1772.10M (Peak 1813.44M) | Time:00:10.92 | Mem:840.02M, Peak:840.02M | Scene, ViewLayer | Updating Geometry BVH classic-chair.003 5/29 | Building BVH
Fra:451 Mem:1772.10M (Peak 1813.44M) | Time:00:10.92 | Mem:840.03M, Peak:840.03M | Scene, ViewLayer | Updating Geometry BVH potted_plant_01_base_low 7/29 | Building BVH
Fra:451 Mem:1772.10M (Peak 1813.44M) | Time:00:10.92 | Mem:840.49M, Peak:840.49M | Scene, ViewLayer | Updating Geometry BVH G4R03_puddle_impact_wave_curve.001 15/29 | Building BVH
Fra:451 Mem:1772.10M (Peak 1813.44M) | Time:00:10.92 | Mem:840.55M, Peak:840.58M | Scene, ViewLayer | Updating Geometry BVH G4R03_puddle_impact_wave_curve 14/29 | Building BVH
Fra:451 Mem:1772.10M (Peak 1813.44M) | Time:00:10.92 | Mem:841.19M, Peak:841.38M | Scene, ViewLayer | Updating Geometry BVH Plane.070 8/29 | Building BVH
Fra:451 Mem:1772.10M (Peak 1813.44M) | Time:00:10.92 | Mem:844.50M, Peak:844.50M | Scene, ViewLayer | Updating Geometry BVH Mesh 13/29 | Building BVH
Fra:451 Mem:1772.10M (Peak 1813.44M) | Time:00:10.92 | Mem:844.50M, Peak:844.50M | Scene, ViewLayer | Updating Geometry BVH Circle.008 9/29 | Building BVH
Fra:451 Mem:1772.10M (Peak 1813.44M) | Time:00:10.92 | Mem:846.32M, Peak:846.33M | Scene, ViewLayer | Updating Geometry BVH Mesh 12/29 | Building BVH
Fra:451 Mem:1772.10M (Peak 1813.44M) | Time:00:10.92 | Mem:846.21M, Peak:846.42M | Scene, ViewLayer | Updating Geometry BVH Circle.002 10/29 | Building BVH
Fra:451 Mem:1772.10M (Peak 1813.44M) | Time:00:10.92 | Mem:846.60M, Peak:846.60M | Scene, ViewLayer | Updating Geometry BVH Cylinder.337 11/29 | Building BVH
Fra:451 Mem:1772.10M (Peak 1813.44M) | Time:00:11.14 | Mem:852.01M, Peak:855.37M | Scene, ViewLayer | Updating Scene BVH | Building
Fra:451 Mem:1772.43M (Peak 1813.44M) | Time:00:11.14 | Mem:852.01M, Peak:855.37M | Scene, ViewLayer | Updating Scene BVH | Building BVH
Fra:451 Mem:1772.43M (Peak 1813.44M) | Time:00:11.28 | Mem:1008.01M, Peak:1008.01M | Scene, ViewLayer | Updating Scene BVH | Building BVH 0%
Fra:451 Mem:1772.43M (Peak 1813.44M) | Time:00:11.53 | Mem:1088.29M, Peak:1088.29M | Scene, ViewLayer | Updating Scene BVH | Building BVH 53%
Fra:451 Mem:1772.43M (Peak 1813.44M) | Time:00:11.78 | Mem:1108.56M, Peak:1154.58M | Scene, ViewLayer | Updating Scene BVH | Building BVH 110%
Fra:451 Mem:1772.43M (Peak 1813.44M) | Time:00:12.06 | Mem:1057.34M, Peak:1154.58M | Scene, ViewLayer | Updating Scene BVH | Building BVH 116%
Fra:451 Mem:1772.43M (Peak 1813.44M) | Time:00:12.32 | Mem:1059.02M, Peak:1154.58M | Scene, ViewLayer | Updating Scene BVH | Building BVH 117%
Fra:451 Mem:1772.43M (Peak 1813.44M) | Time:00:13.09 | Mem:1065.73M, Peak:1154.58M | Scene, ViewLayer | Updating Scene BVH | Building BVH 118%
Fra:451 Mem:1772.43M (Peak 1813.44M) | Time:00:13.60 | Mem:1070.41M, Peak:1154.58M | Scene, ViewLayer | Updating Scene BVH | Building BVH 119%
Fra:451 Mem:1772.43M (Peak 1813.44M) | Time:00:13.68 | Mem:1067.06M, Peak:1154.58M | Scene, ViewLayer | Updating Scene BVH | Copying BVH to device
Fra:451 Mem:1772.43M (Peak 1813.44M) | Time:00:13.68 | Mem:1067.06M, Peak:1154.58M | Scene, ViewLayer | Updating Mesh | Computing normals
Fra:451 Mem:1856.10M (Peak 1856.10M) | Time:00:13.71 | Mem:1067.06M, Peak:1154.58M | Scene, ViewLayer | Updating Mesh | Copying Mesh to device
Fra:451 Mem:1856.10M (Peak 1856.10M) | Time:00:13.71 | Mem:1150.73M, Peak:1154.58M | Scene, ViewLayer | Updating Objects Flags
Fra:451 Mem:1856.10M (Peak 1856.10M) | Time:00:13.72 | Mem:1151.03M, Peak:1154.58M | Scene, ViewLayer | Updating Primitive Offsets
Fra:451 Mem:1856.25M (Peak 1856.25M) | Time:00:13.72 | Mem:1151.18M, Peak:1154.58M | Scene, ViewLayer | Updating Images
Fra:451 Mem:1840.25M (Peak 1856.25M) | Time:00:13.72 | Mem:1135.18M, Peak:1154.58M | Scene, ViewLayer | Updating Camera Volume
Fra:451 Mem:1840.25M (Peak 1856.25M) | Time:00:13.72 | Mem:1135.18M, Peak:1154.58M | Scene, ViewLayer | Updating Lookup Tables
Fra:451 Mem:1840.25M (Peak 1856.25M) | Time:00:13.72 | Mem:1135.27M, Peak:1154.58M | Scene, ViewLayer | Updating Lights
Fra:451 Mem:1840.26M (Peak 1856.25M) | Time:00:13.72 | Mem:1135.27M, Peak:1154.58M | Scene, ViewLayer | Updating Lights | Importance map
Fra:451 Mem:1904.29M (Peak 2192.26M) | Time:00:14.22 | Mem:1199.32M, Peak:1359.29M | Scene, ViewLayer | Updating Lights | Computing tree
Fra:451 Mem:1905.76M (Peak 2192.26M) | Time:00:14.23 | Mem:1200.78M, Peak:1359.29M | Scene, ViewLayer | Updating Integrator
Fra:451 Mem:1905.76M (Peak 2192.26M) | Time:00:14.23 | Mem:1200.78M, Peak:1359.29M | Scene, ViewLayer | Updating Film
Fra:451 Mem:1905.76M (Peak 2192.26M) | Time:00:14.23 | Mem:1200.70M, Peak:1359.29M | Scene, ViewLayer | Updating Lookup Tables
Fra:451 Mem:1905.76M (Peak 2192.26M) | Time:00:14.23 | Mem:1200.79M, Peak:1359.29M | Scene, ViewLayer | Updating Baking
Fra:451 Mem:1905.76M (Peak 2192.26M) | Time:00:14.23 | Mem:1200.79M, Peak:1359.29M | Scene, ViewLayer | Updating Device | Writing constant memory
Fra:451 Mem:1906.36M (Peak 2192.26M) | Time:00:14.23 | Mem:1200.79M, Peak:1359.29M | Scene, ViewLayer | Loading denoising kernels (may take a few minutes the first time)
Fra:451 Mem:1906.36M (Peak 2192.26M) | Time:00:14.23 | Mem:1200.79M, Peak:1359.29M | Scene, ViewLayer | Sample 0/64
Fra:451 Mem:1980.62M (Peak 2192.26M) | Time:00:16.96 | Remaining:02:52.04 | Mem:1275.00M, Peak:1359.29M | Scene, ViewLayer | Sample 1/64
Fra:451 Mem:1980.62M (Peak 2192.26M) | Time:00:16.96 | Remaining:02:52.04 | Mem:1275.00M, Peak:1359.29M | Scene, ViewLayer | Updating Scene
Fra:451 Mem:1980.62M (Peak 2192.26M) | Time:00:16.96 | Remaining:02:52.04 | Mem:1275.00M, Peak:1359.29M | Scene, ViewLayer | Updating Shaders
Fra:451 Mem:1980.62M (Peak 2192.26M) | Time:00:16.96 | Remaining:02:52.17 | Mem:1275.00M, Peak:1359.29M | Scene, ViewLayer | Updating Background
Fra:451 Mem:1980.62M (Peak 2192.26M) | Time:00:16.96 | Remaining:02:52.17 | Mem:1275.00M, Peak:1359.29M | Scene, ViewLayer | Updating Camera
Fra:451 Mem:1980.62M (Peak 2192.26M) | Time:00:16.97 | Remaining:02:52.17 | Mem:1275.00M, Peak:1359.29M | Scene, ViewLayer | Updating Objects
Fra:451 Mem:1980.62M (Peak 2192.26M) | Time:00:16.97 | Remaining:02:52.17 | Mem:1275.00M, Peak:1359.29M | Scene, ViewLayer | Updating Particle Systems
Fra:451 Mem:1980.62M (Peak 2192.26M) | Time:00:16.97 | Remaining:02:52.18 | Mem:1275.00M, Peak:1359.29M | Scene, ViewLayer | Updating Meshes
Fra:451 Mem:1980.62M (Peak 2192.26M) | Time:00:16.97 | Remaining:02:52.18 | Mem:1275.00M, Peak:1359.29M | Scene, ViewLayer | Updating Objects Flags
Fra:451 Mem:1980.62M (Peak 2192.26M) | Time:00:16.97 | Remaining:02:52.18 | Mem:1275.00M, Peak:1359.29M | Scene, ViewLayer | Updating Primitive Offsets
Fra:451 Mem:1980.62M (Peak 2192.26M) | Time:00:16.97 | Remaining:02:52.23 | Mem:1275.00M, Peak:1359.29M | Scene, ViewLayer | Updating Images
Fra:451 Mem:1980.62M (Peak 2192.26M) | Time:00:16.97 | Remaining:02:52.23 | Mem:1275.00M, Peak:1359.29M | Scene, ViewLayer | Updating Camera Volume
Fra:451 Mem:1980.62M (Peak 2192.26M) | Time:00:16.97 | Remaining:02:52.24 | Mem:1275.00M, Peak:1359.29M | Scene, ViewLayer | Updating Lookup Tables
Fra:451 Mem:1980.62M (Peak 2192.26M) | Time:00:16.97 | Remaining:02:52.24 | Mem:1275.00M, Peak:1359.29M | Scene, ViewLayer | Updating Lights
Fra:451 Mem:1980.62M (Peak 2192.26M) | Time:00:16.97 | Remaining:02:52.24 | Mem:1275.00M, Peak:1359.29M | Scene, ViewLayer | Updating Integrator
Fra:451 Mem:1980.62M (Peak 2192.26M) | Time:00:16.97 | Remaining:02:52.24 | Mem:1275.00M, Peak:1359.29M | Scene, ViewLayer | Updating Film
Fra:451 Mem:1980.62M (Peak 2192.26M) | Time:00:16.97 | Remaining:02:52.24 | Mem:1275.00M, Peak:1359.29M | Scene, ViewLayer | Updating Lookup Tables
Fra:451 Mem:1980.62M (Peak 2192.26M) | Time:00:16.97 | Remaining:02:52.24 | Mem:1275.00M, Peak:1359.29M | Scene, ViewLayer | Updating Baking
Fra:451 Mem:1980.62M (Peak 2192.26M) | Time:00:16.97 | Remaining:02:52.26 | Mem:1275.00M, Peak:1359.29M | Scene, ViewLayer | Updating Device | Writing constant memory
Fra:451 Mem:1980.62M (Peak 2192.26M) | Time:00:16.97 | Remaining:02:52.27 | Mem:1275.00M, Peak:1359.29M | Scene, ViewLayer | Sample 1/64
Fra:451 Mem:1980.62M (Peak 2192.26M) | Time:00:38.09 | Remaining:02:25.76 | Mem:1275.00M, Peak:1359.29M | Scene, ViewLayer | Sample 9/64
Fra:451 Mem:1980.62M (Peak 2192.26M) | Time:00:59.19 | Remaining:02:04.29 | Mem:1275.00M, Peak:1359.29M | Scene, ViewLayer | Sample 17/64
Fra:451 Mem:1980.62M (Peak 2192.26M) | Time:01:20.37 | Remaining:01:43.17 | Mem:1275.00M, Peak:1359.29M | Scene, ViewLayer | Sample 25/64
Fra:451 Mem:1980.62M (Peak 2192.26M) | Time:01:38.99 | Remaining:01:24.75 | Mem:1275.00M, Peak:1359.29M | Scene, ViewLayer | Sample 32/64
Fra:451 Mem:1980.62M (Peak 2192.26M) | Time:01:47.47 | Remaining:00:55.94 | Mem:1275.00M, Peak:1359.29M | Scene, ViewLayer | Sample 40/64
Fra:451 Mem:1980.62M (Peak 2192.26M) | Time:01:56.05 | Remaining:00:33.93 | Mem:1275.00M, Peak:1359.29M | Scene, ViewLayer | Sample 48/64
Fra:451 Mem:2011.88M (Peak 2192.26M) | Time:02:14.50 | Mem:1275.00M, Peak:1359.29M | Scene, ViewLayer | Sample 64/64
Fra:451 Mem:2011.88M (Peak 2192.26M) | Time:02:14.50 | Mem:1275.00M, Peak:1359.29M | Scene, ViewLayer | Finished
Saved: '/home/runner/work/future/future/workspaces/glasshouse-terminus/output/g4-r08-observations/BEFORE-cab-unoccluded.png'
Time: 02:14.68 (Saving: 00:00.15)

ACTUAL_CRAFT_OBSERVATION_SAVED before-cab BEFORE-cab-unoccluded.png

Blender quit
