Blender 4.5.13 LTS (hash daeeeca98fb0 built 2026-08-25 01:31:19)
Read blend: "/home/runner/work/future/future/workspaces/glasshouse-terminus/output/g4-coast-r08/g4-full-scene-candidate.blend"
Fra:451 Mem:679.23M (Peak 906.66M) | Time:00:01.92 | Mem:0.00M, Peak:0.00M | Scene, ViewLayer | Synchronizing object | QA_sky_key
Fra:451 Mem:679.23M (Peak 906.66M) | Time:00:01.92 | Mem:0.00M, Peak:0.00M | Scene, ViewLayer | Synchronizing object | QA_front_fill
Fra:451 Mem:679.23M (Peak 906.66M) | Time:00:01.92 | Mem:0.00M, Peak:0.00M | Scene, ViewLayer | Synchronizing object | QA_interior_fill
Fra:451 Mem:679.23M (Peak 906.66M) | Time:00:01.92 | Mem:0.00M, Peak:0.00M | Scene, ViewLayer | Synchronizing object | QA_interior_fill.001
Fra:451 Mem:679.23M (Peak 906.66M) | Time:00:01.92 | Mem:0.00M, Peak:0.00M | Scene, ViewLayer | Synchronizing object | QA_interior_fill.002
Fra:451 Mem:679.23M (Peak 906.66M) | Time:00:01.92 | Mem:0.00M, Peak:0.00M | Scene, ViewLayer | Synchronizing object | Platform_coping_edge
Fra:451 Mem:679.24M (Peak 906.66M) | Time:00:01.92 | Mem:0.00M, Peak:0.00M | Scene, ViewLayer | Synchronizing object | Terrace_guard_post.008
Fra:451 Mem:679.24M (Peak 906.66M) | Time:00:01.92 | Mem:0.00M, Peak:0.00M | Scene, ViewLayer | Synchronizing object | Terrace_guard_rail
Fra:451 Mem:679.28M (Peak 906.66M) | Time:00:01.92 | Mem:0.00M, Peak:0.00M | Scene, ViewLayer | Synchronizing object | Terrace_guard_post.017
Fra:451 Mem:679.29M (Peak 906.66M) | Time:00:01.92 | Mem:0.00M, Peak:0.00M | Scene, ViewLayer | Synchronizing object | Terrace_guard_post.022
Fra:451 Mem:679.28M (Peak 906.66M) | Time:00:01.92 | Mem:0.00M, Peak:0.00M | Scene, ViewLayer | Synchronizing object | Terrace_guard_post.029
Fra:451 Mem:679.29M (Peak 906.66M) | Time:00:01.92 | Mem:0.00M, Peak:0.00M | Scene, ViewLayer | Synchronizing object | Hall_continuous_floor
Fra:451 Mem:679.30M (Peak 906.66M) | Time:00:01.92 | Mem:0.00M, Peak:0.00M | Scene, ViewLayer | Synchronizing object | Terrace_guard_rail.003
Fra:451 Mem:679.32M (Peak 906.66M) | Time:00:01.92 | Mem:0.00M, Peak:0.00M | Scene, ViewLayer | Synchronizing object | Terrace_guard_post.001
Fra:451 Mem:679.33M (Peak 906.66M) | Time:00:01.92 | Mem:0.00M, Peak:0.00M | Scene, ViewLayer | Synchronizing object | Terrace_guard_post.007
Fra:451 Mem:679.34M (Peak 906.66M) | Time:00:01.92 | Mem:0.00M, Peak:0.00M | Scene, ViewLayer | Synchronizing object | Terrace_guard_post.016
Fra:451 Mem:679.34M (Peak 906.66M) | Time:00:01.92 | Mem:0.00M, Peak:0.00M | Scene, ViewLayer | Synchronizing object | Terrace_guard_post.021
Fra:451 Mem:679.35M (Peak 906.66M) | Time:00:01.92 | Mem:0.00M, Peak:0.00M | Scene, ViewLayer | Synchronizing object | Terrace_guard_rail.005
Fra:451 Mem:679.35M (Peak 906.66M) | Time:00:01.92 | Mem:0.00M, Peak:0.00M | Scene, ViewLayer | Synchronizing object | Terrace_guard_post.028
Fra:451 Mem:679.35M (Peak 906.66M) | Time:00:01.92 | Mem:0.00M, Peak:0.00M | Scene, ViewLayer | Synchronizing object | Hall_entry_step.002
Fra:451 Mem:679.38M (Peak 906.66M) | Time:00:01.92 | Mem:0.00M, Peak:0.00M | Scene, ViewLayer | Synchronizing object | Hall_entry_step.001
Fra:451 Mem:679.43M (Peak 906.66M) | Time:00:01.92 | Mem:0.00M, Peak:0.00M | Scene, ViewLayer | Synchronizing object | Terrace_guard_rail.002
Fra:451 Mem:679.41M (Peak 906.66M) | Time:00:01.92 | Mem:0.00M, Peak:0.00M | Scene, ViewLayer | Synchronizing object | Platform_drain_channel
Fra:451 Mem:679.41M (Peak 906.66M) | Time:00:01.92 | Mem:0.00M, Peak:0.00M | Scene, ViewLayer | Synchronizing object | Terrace_guard_post.003
Fra:451 Mem:679.42M (Peak 906.66M) | Time:00:01.92 | Mem:0.00M, Peak:0.00M | Scene, ViewLayer | Synchronizing object | Terrace_guard_post.006
Fra:451 Mem:679.42M (Peak 906.66M) | Time:00:01.92 | Mem:0.00M, Peak:0.00M | Scene, ViewLayer | Synchronizing object | Terrace_guard_post.015
Fra:451 Mem:679.43M (Peak 906.66M) | Time:00:01.92 | Mem:0.00M, Peak:0.00M | Scene, ViewLayer | Synchronizing object | Terrace_guard_post.020
Fra:451 Mem:679.43M (Peak 906.66M) | Time:00:01.92 | Mem:0.00M, Peak:0.00M | Scene, ViewLayer | Synchronizing object | Terrace_guard_post.027
Fra:451 Mem:679.45M (Peak 906.66M) | Time:00:01.92 | Mem:0.00M, Peak:0.00M | Scene, ViewLayer | Synchronizing object | Terrace_guard_post.035
Fra:451 Mem:679.45M (Peak 906.66M) | Time:00:01.92 | Mem:0.00M, Peak:0.00M | Scene, ViewLayer | Synchronizing object | Terrace_guard_rail.004
Fra:451 Mem:679.45M (Peak 906.66M) | Time:00:01.92 | Mem:0.00M, Peak:0.00M | Scene, ViewLayer | Synchronizing object | Terrace_guard_post.014
Fra:451 Mem:679.46M (Peak 906.66M) | Time:00:01.92 | Mem:0.00M, Peak:0.00M | Scene, ViewLayer | Synchronizing object | Terrace_guard_post.019
Fra:451 Mem:679.47M (Peak 906.66M) | Time:00:01.92 | Mem:0.00M, Peak:0.00M | Scene, ViewLayer | Synchronizing object | Terrace_guard_post.034
Fra:451 Mem:679.48M (Peak 906.66M) | Time:00:01.92 | Mem:0.00M, Peak:0.00M | Scene, ViewLayer | Synchronizing object | Hall_entry_step
Fra:451 Mem:679.54M (Peak 906.66M) | Time:00:01.92 | Mem:0.00M, Peak:0.00M | Scene, ViewLayer | Synchronizing object | Hall_entry_step.004
Fra:451 Mem:679.56M (Peak 906.66M) | Time:00:01.92 | Mem:0.00M, Peak:0.00M | Scene, ViewLayer | Synchronizing object | Terrace_guard_rail.001
Fra:451 Mem:679.56M (Peak 906.66M) | Time:00:01.92 | Mem:0.00M, Peak:0.00M | Scene, ViewLayer | Synchronizing object | Terrace_guard_post.005
Fra:451 Mem:679.56M (Peak 906.66M) | Time:00:01.92 | Mem:0.00M, Peak:0.00M | Scene, ViewLayer | Synchronizing object | Terrace_guard_post.013
Fra:451 Mem:679.56M (Peak 906.66M) | Time:00:01.92 | Mem:0.00M, Peak:0.00M | Scene, ViewLayer | Synchronizing object | Terrace_guard_post.018
Fra:451 Mem:679.57M (Peak 906.66M) | Time:00:01.92 | Mem:0.00M, Peak:0.00M | Scene, ViewLayer | Synchronizing object | Terrace_guard_post.033
Fra:451 Mem:679.58M (Peak 906.66M) | Time:00:01.92 | Mem:0.00M, Peak:0.00M | Scene, ViewLayer | Synchronizing object | Bridge_continuous_guard.002
Fra:451 Mem:679.58M (Peak 906.66M) | Time:00:01.92 | Mem:0.00M, Peak:0.00M | Scene, ViewLayer | Synchronizing object | Terrace_guard_post
Fra:451 Mem:679.65M (Peak 906.66M) | Time:00:01.92 | Mem:0.00M, Peak:0.00M | Scene, ViewLayer | Synchronizing object | Terrace_guard_post.002
Fra:451 Mem:679.73M (Peak 906.66M) | Time:00:01.92 | Mem:0.00M, Peak:0.00M | Scene, ViewLayer | Synchronizing object | Terrace_guard_post.012
Fra:451 Mem:679.74M (Peak 906.66M) | Time:00:01.92 | Mem:0.00M, Peak:0.00M | Scene, ViewLayer | Synchronizing object | Terrace_guard_post.025
Fra:451 Mem:679.74M (Peak 906.66M) | Time:00:01.92 | Mem:0.00M, Peak:0.00M | Scene, ViewLayer | Synchronizing object | Terrace_guard_post.032
Fra:451 Mem:679.75M (Peak 906.66M) | Time:00:01.92 | Mem:0.00M, Peak:0.00M | Scene, ViewLayer | Synchronizing object | Hall_entry_step.006
Fra:451 Mem:679.79M (Peak 906.66M) | Time:00:01.92 | Mem:0.00M, Peak:0.00M | Scene, ViewLayer | Synchronizing object | Terrace_guard_post.004
Fra:451 Mem:679.80M (Peak 906.66M) | Time:00:01.92 | Mem:0.00M, Peak:0.00M | Scene, ViewLayer | Synchronizing object | Terrace_guard_post.011
Fra:451 Mem:679.81M (Peak 906.66M) | Time:00:01.92 | Mem:0.00M, Peak:0.00M | Scene, ViewLayer | Synchronizing object | Terrace_guard_post.024
Fra:451 Mem:679.82M (Peak 906.66M) | Time:00:01.92 | Mem:0.00M, Peak:0.00M | Scene, ViewLayer | Synchronizing object | Terrace_guard_post.026
Fra:451 Mem:679.82M (Peak 906.66M) | Time:00:01.92 | Mem:0.00M, Peak:0.00M | Scene, ViewLayer | Synchronizing object | Terrace_guard_post.031
Fra:451 Mem:679.82M (Peak 906.66M) | Time:00:01.92 | Mem:0.00M, Peak:0.00M | Scene, ViewLayer | Synchronizing object | Hall_plinth
Fra:451 Mem:679.83M (Peak 906.66M) | Time:00:01.92 | Mem:0.00M, Peak:0.00M | Scene, ViewLayer | Synchronizing object | Load_bearing_masonry_terrace
Fra:451 Mem:679.86M (Peak 906.66M) | Time:00:01.92 | Mem:0.00M, Peak:0.00M | Scene, ViewLayer | Synchronizing object | Bridge_continuous_guard.003
Fra:451 Mem:679.98M (Peak 906.66M) | Time:00:01.92 | Mem:0.00M, Peak:0.00M | Scene, ViewLayer | Synchronizing object | Ocean_extent
Fra:451 Mem:680.00M (Peak 906.66M) | Time:00:01.92 | Mem:0.00M, Peak:0.00M | Scene, ViewLayer | Synchronizing object | Complete_cliff_mass
Fra:451 Mem:680.00M (Peak 906.66M) | Time:00:01.92 | Mem:0.00M, Peak:0.00M | Scene, ViewLayer | Synchronizing object | G4COAST_adapted_scanned_cliff_ring
Fra:451 Mem:680.00M (Peak 906.66M) | Time:00:01.92 | Mem:0.00M, Peak:0.00M | Scene, ViewLayer | Synchronizing object | Viaduct_pier.003
Fra:451 Mem:681.20M (Peak 906.66M) | Time:00:01.92 | Mem:0.00M, Peak:0.00M | Scene, ViewLayer | Synchronizing object | Viaduct_bedrock_footing.003
Fra:451 Mem:681.22M (Peak 906.66M) | Time:00:01.92 | Mem:0.00M, Peak:0.00M | Scene, ViewLayer | Synchronizing object | Viaduct_pier
Fra:451 Mem:681.26M (Peak 906.66M) | Time:00:01.92 | Mem:0.00M, Peak:0.00M | Scene, ViewLayer | Synchronizing object | Viaduct_pier.011
Fra:451 Mem:681.28M (Peak 906.66M) | Time:00:01.92 | Mem:0.00M, Peak:0.00M | Scene, ViewLayer | Synchronizing object | Viaduct_bedrock_footing.005
Fra:451 Mem:681.31M (Peak 906.66M) | Time:00:01.92 | Mem:0.00M, Peak:0.00M | Scene, ViewLayer | Synchronizing object | Viaduct_bedrock_footing.011
Fra:451 Mem:681.31M (Peak 906.66M) | Time:00:01.92 | Mem:0.00M, Peak:0.00M | Scene, ViewLayer | Synchronizing object | Viaduct_bedrock_footing
Fra:451 Mem:689.36M (Peak 906.66M) | Time:00:01.93 | Mem:0.00M, Peak:0.00M | Scene, ViewLayer | Synchronizing object | Bridge_continuous_guard
Fra:451 Mem:689.51M (Peak 906.66M) | Time:00:01.93 | Mem:0.00M, Peak:0.00M | Scene, ViewLayer | Synchronizing object | Bridge_continuous_guard.001
Fra:451 Mem:689.53M (Peak 906.66M) | Time:00:01.93 | Mem:0.00M, Peak:0.00M | Scene, ViewLayer | Synchronizing object | Viaduct_pier.009
Fra:451 Mem:689.67M (Peak 906.66M) | Time:00:01.93 | Mem:0.00M, Peak:0.00M | Scene, ViewLayer | Synchronizing object | Viaduct_pier.007
Fra:451 Mem:689.70M (Peak 906.66M) | Time:00:01.93 | Mem:0.00M, Peak:0.00M | Scene, ViewLayer | Synchronizing object | Viaduct_bedrock_footing.009
Fra:451 Mem:689.72M (Peak 906.66M) | Time:00:01.93 | Mem:0.00M, Peak:0.00M | Scene, ViewLayer | Synchronizing object | Viaduct_bedrock_footing.001
Fra:451 Mem:726.41M (Peak 906.66M) | Time:00:01.93 | Mem:0.00M, Peak:0.00M | Scene, ViewLayer | Synchronizing object | Downpipe.002
Fra:451 Mem:726.45M (Peak 906.66M) | Time:00:01.93 | Mem:0.00M, Peak:0.00M | Scene, ViewLayer | Synchronizing object | Downpipe.003
Fra:451 Mem:726.49M (Peak 906.66M) | Time:00:01.93 | Mem:0.00M, Peak:0.00M | Scene, ViewLayer | Synchronizing object | Downpipe
Fra:451 Mem:726.51M (Peak 906.66M) | Time:00:01.93 | Mem:0.00M, Peak:0.00M | Scene, ViewLayer | Synchronizing object | Downpipe.001
Fra:451 Mem:726.57M (Peak 906.66M) | Time:00:01.94 | Mem:0.00M, Peak:0.00M | Scene, ViewLayer | Synchronizing object | Viaduct_bedrock_footing.007
Fra:451 Mem:726.60M (Peak 906.66M) | Time:00:01.94 | Mem:0.00M, Peak:0.00M | Scene, ViewLayer | Synchronizing object | Viaduct_pier.005
Fra:451 Mem:726.64M (Peak 906.66M) | Time:00:01.94 | Mem:0.00M, Peak:0.00M | Scene, ViewLayer | Synchronizing object | Platform_continuous_slab
Fra:451 Mem:726.67M (Peak 906.66M) | Time:00:01.94 | Mem:0.00M, Peak:0.00M | Scene, ViewLayer | Synchronizing object | Terrace_guard_post.009
Fra:451 Mem:726.68M (Peak 906.66M) | Time:00:01.94 | Mem:0.00M, Peak:0.00M | Scene, ViewLayer | Synchronizing object | Terrace_guard_post.010
Fra:451 Mem:726.69M (Peak 906.66M) | Time:00:01.94 | Mem:0.00M, Peak:0.00M | Scene, ViewLayer | Synchronizing object | Terrace_guard_post.023
Fra:451 Mem:726.70M (Peak 906.66M) | Time:00:01.94 | Mem:0.00M, Peak:0.00M | Scene, ViewLayer | Synchronizing object | Terrace_guard_post.030
Fra:451 Mem:726.71M (Peak 906.66M) | Time:00:01.94 | Mem:0.00M, Peak:0.00M | Scene, ViewLayer | Synchronizing object | Track_sleeper.010
Fra:451 Mem:726.74M (Peak 906.66M) | Time:00:01.94 | Mem:0.00M, Peak:0.00M | Scene, ViewLayer | Synchronizing object | Track_sleeper.088
Fra:451 Mem:726.77M (Peak 906.66M) | Time:00:01.94 | Mem:0.00M, Peak:0.00M | Scene, ViewLayer | Synchronizing object | Track_sleeper.098
Fra:451 Mem:726.80M (Peak 906.66M) | Time:00:01.94 | Mem:0.00M, Peak:0.00M | Scene, ViewLayer | Synchronizing object | Track_sleeper.114
Fra:451 Mem:726.83M (Peak 906.66M) | Time:00:01.94 | Mem:0.00M, Peak:0.00M | Scene, ViewLayer | Synchronizing object | Bridge_guard_post.059
Fra:451 Mem:726.83M (Peak 906.66M) | Time:00:01.94 | Mem:0.00M, Peak:0.00M | Scene, ViewLayer | Synchronizing object | Track_sleeper.045
Fra:451 Mem:726.84M (Peak 906.66M) | Time:00:01.94 | Mem:0.00M, Peak:0.00M | Scene, ViewLayer | Synchronizing object | Track_sleeper.091
Fra:451 Mem:728.49M (Peak 906.66M) | Time:00:01.94 | Mem:0.00M, Peak:0.00M | Scene, ViewLayer | Synchronizing object | Track_sleeper.042
Fra:451 Mem:728.49M (Peak 906.66M) | Time:00:01.94 | Mem:0.00M, Peak:0.00M | Scene, ViewLayer | Synchronizing object | Track_sleeper.072
Fra:451 Mem:728.62M (Peak 906.66M) | Time:00:01.94 | Mem:0.00M, Peak:0.00M | Scene, ViewLayer | Synchronizing object | Car_armrest.013
Fra:451 Mem:728.62M (Peak 906.66M) | Time:00:01.94 | Mem:0.00M, Peak:0.00M | Scene, ViewLayer | Synchronizing object | Cab_windscreen_surround.001
Fra:451 Mem:728.65M (Peak 906.66M) | Time:00:01.94 | Mem:0.00M, Peak:0.00M | Scene, ViewLayer | Synchronizing object | Car_armrest.002
Fra:451 Mem:728.65M (Peak 906.66M) | Time:00:01.94 | Mem:0.00M, Peak:0.00M | Scene, ViewLayer | Synchronizing object | Car_armrest.011
Fra:451 Mem:728.66M (Peak 906.66M) | Time:00:01.94 | Mem:0.00M, Peak:0.00M | Scene, ViewLayer | Synchronizing object | Car_armrest.009
Fra:451 Mem:728.67M (Peak 906.66M) | Time:00:01.94 | Mem:0.00M, Peak:0.00M | Scene, ViewLayer | Synchronizing object | Cab_windscreen_surround.002
Fra:451 Mem:728.70M (Peak 906.66M) | Time:00:01.94 | Mem:0.00M, Peak:0.00M | Scene, ViewLayer | Synchronizing object | Car_armrest.005
Fra:451 Mem:728.71M (Peak 906.66M) | Time:00:01.94 | Mem:0.00M, Peak:0.00M | Scene, ViewLayer | Synchronizing object | Car_armrest.003
Fra:451 Mem:728.71M (Peak 906.66M) | Time:00:01.94 | Mem:0.00M, Peak:0.00M | Scene, ViewLayer | Synchronizing object | Car_armrest.006
Fra:451 Mem:728.72M (Peak 906.66M) | Time:00:01.94 | Mem:0.00M, Peak:0.00M | Scene, ViewLayer | Synchronizing object | Cab_windscreen_surround.003
Fra:451 Mem:728.75M (Peak 906.66M) | Time:00:01.94 | Mem:0.00M, Peak:0.00M | Scene, ViewLayer | Synchronizing object | Car_armrest
Fra:451 Mem:728.76M (Peak 906.66M) | Time:00:01.94 | Mem:0.00M, Peak:0.00M | Scene, ViewLayer | Synchronizing object | Car_armrest.018
Fra:451 Mem:728.76M (Peak 906.66M) | Time:00:01.94 | Mem:0.00M, Peak:0.00M | Scene, ViewLayer | Synchronizing object | Car_armrest.016
Fra:451 Mem:728.77M (Peak 906.66M) | Time:00:01.94 | Mem:0.00M, Peak:0.00M | Scene, ViewLayer | Synchronizing object | Car_armrest.014
Fra:451 Mem:728.77M (Peak 906.66M) | Time:00:01.94 | Mem:0.00M, Peak:0.00M | Scene, ViewLayer | Synchronizing object | Car_armrest.012
Fra:451 Mem:728.78M (Peak 906.66M) | Time:00:01.94 | Mem:0.00M, Peak:0.00M | Scene, ViewLayer | Synchronizing object | Car_armrest.010
Fra:451 Mem:728.78M (Peak 906.66M) | Time:00:01.94 | Mem:0.00M, Peak:0.00M | Scene, ViewLayer | Synchronizing object | Car_armrest.007
Fra:451 Mem:728.78M (Peak 906.66M) | Time:00:01.94 | Mem:0.00M, Peak:0.00M | Scene, ViewLayer | Synchronizing object | Car_armrest.008
Fra:451 Mem:728.79M (Peak 906.66M) | Time:00:01.94 | Mem:0.00M, Peak:0.00M | Scene, ViewLayer | Synchronizing object | Car_luggage_rail
Fra:451 Mem:728.79M (Peak 906.66M) | Time:00:01.94 | Mem:0.00M, Peak:0.00M | Scene, ViewLayer | Synchronizing object | Door_handle.001
Fra:451 Mem:728.80M (Peak 906.66M) | Time:00:01.94 | Mem:0.00M, Peak:0.00M | Scene, ViewLayer | Synchronizing object | Car_armrest.001
Fra:451 Mem:728.80M (Peak 906.66M) | Time:00:01.94 | Mem:0.00M, Peak:0.00M | Scene, ViewLayer | Synchronizing object | Car_luggage_rail.001
Fra:451 Mem:728.80M (Peak 906.66M) | Time:00:01.94 | Mem:0.00M, Peak:0.00M | Scene, ViewLayer | Synchronizing object | Car_armrest.019
Fra:451 Mem:728.81M (Peak 906.66M) | Time:00:01.94 | Mem:0.00M, Peak:0.00M | Scene, ViewLayer | Synchronizing object | Car_armrest.017
Fra:451 Mem:728.81M (Peak 906.66M) | Time:00:01.94 | Mem:0.00M, Peak:0.00M | Scene, ViewLayer | Synchronizing object | Cab_windscreen_surround
Fra:451 Mem:728.84M (Peak 906.66M) | Time:00:01.94 | Mem:0.00M, Peak:0.00M | Scene, ViewLayer | Synchronizing object | Car_armrest.015
Fra:451 Mem:728.84M (Peak 906.66M) | Time:00:01.94 | Mem:0.00M, Peak:0.00M | Scene, ViewLayer | Synchronizing object | Car_armrest.004
Fra:451 Mem:728.84M (Peak 906.66M) | Time:00:01.94 | Mem:0.00M, Peak:0.00M | Scene, ViewLayer | Synchronizing object | Door_handle
Fra:451 Mem:728.85M (Peak 906.66M) | Time:00:01.94 | Mem:0.00M, Peak:0.00M | Scene, ViewLayer | Synchronizing object | G3_glazing_compression_gasket
Fra:451 Mem:728.85M (Peak 906.66M) | Time:00:01.94 | Mem:0.00M, Peak:0.00M | Scene, ViewLayer | Synchronizing object | G3_glazing_compression_gasket.001
Fra:451 Mem:728.85M (Peak 906.66M) | Time:00:01.94 | Mem:0.00M, Peak:0.00M | Scene, ViewLayer | Synchronizing object | G3_glazing_compression_gasket.002
Fra:451 Mem:728.85M (Peak 906.66M) | Time:00:01.94 | Mem:0.00M, Peak:0.00M | Scene, ViewLayer | Synchronizing object | G3_glazing_compression_gasket.003
Fra:451 Mem:728.86M (Peak 906.66M) | Time:00:01.94 | Mem:0.00M, Peak:0.00M | Scene, ViewLayer | Synchronizing object | G3_glazing_compression_gasket.004
Fra:451 Mem:728.86M (Peak 906.66M) | Time:00:01.94 | Mem:0.00M, Peak:0.00M | Scene, ViewLayer | Synchronizing object | G3_glazing_compression_gasket.005
Fra:451 Mem:728.86M (Peak 906.66M) | Time:00:01.94 | Mem:0.00M, Peak:0.00M | Scene, ViewLayer | Synchronizing object | G3_glazing_compression_gasket.006
Fra:451 Mem:728.86M (Peak 906.66M) | Time:00:01.94 | Mem:0.00M, Peak:0.00M | Scene, ViewLayer | Synchronizing object | G3_glazing_compression_gasket.007
Fra:451 Mem:728.87M (Peak 906.66M) | Time:00:01.94 | Mem:0.00M, Peak:0.00M | Scene, ViewLayer | Synchronizing object | G3_glazing_compression_gasket.008
Fra:451 Mem:728.87M (Peak 906.66M) | Time:00:01.94 | Mem:0.00M, Peak:0.00M | Scene, ViewLayer | Synchronizing object | G3_glazing_compression_gasket.009
Fra:451 Mem:728.87M (Peak 906.66M) | Time:00:01.94 | Mem:0.00M, Peak:0.00M | Scene, ViewLayer | Synchronizing object | G3_glazing_compression_gasket.010
Fra:451 Mem:728.87M (Peak 906.66M) | Time:00:01.94 | Mem:0.00M, Peak:0.00M | Scene, ViewLayer | Synchronizing object | G3_glazing_compression_gasket.011
Fra:451 Mem:728.88M (Peak 906.66M) | Time:00:01.94 | Mem:0.00M, Peak:0.00M | Scene, ViewLayer | Synchronizing object | G3_glazing_compression_gasket.012
Fra:451 Mem:728.88M (Peak 906.66M) | Time:00:01.94 | Mem:0.00M, Peak:0.00M | Scene, ViewLayer | Synchronizing object | G3_glazing_compression_gasket.013
Fra:451 Mem:728.88M (Peak 906.66M) | Time:00:01.94 | Mem:0.00M, Peak:0.00M | Scene, ViewLayer | Synchronizing object | G3_glazing_compression_gasket.014
Fra:451 Mem:728.88M (Peak 906.66M) | Time:00:01.94 | Mem:0.00M, Peak:0.00M | Scene, ViewLayer | Synchronizing object | G3_glazing_compression_gasket.015
Fra:451 Mem:728.88M (Peak 906.66M) | Time:00:01.94 | Mem:0.00M, Peak:0.00M | Scene, ViewLayer | Synchronizing object | G3_glazing_compression_gasket.016
Fra:451 Mem:728.89M (Peak 906.66M) | Time:00:01.94 | Mem:0.00M, Peak:0.00M | Scene, ViewLayer | Synchronizing object | G3_glazing_compression_gasket.017
Fra:451 Mem:728.89M (Peak 906.66M) | Time:00:01.94 | Mem:0.00M, Peak:0.00M | Scene, ViewLayer | Synchronizing object | G3_glazing_compression_gasket.018
Fra:451 Mem:728.89M (Peak 906.66M) | Time:00:01.94 | Mem:0.00M, Peak:0.00M | Scene, ViewLayer | Synchronizing object | G3_glazing_compression_gasket.019
Fra:451 Mem:728.89M (Peak 906.66M) | Time:00:01.94 | Mem:0.00M, Peak:0.00M | Scene, ViewLayer | Synchronizing object | G3_glazing_compression_gasket.020
Fra:451 Mem:728.89M (Peak 906.66M) | Time:00:01.94 | Mem:0.00M, Peak:0.00M | Scene, ViewLayer | Synchronizing object | G3_glazing_compression_gasket.021
Fra:451 Mem:728.90M (Peak 906.66M) | Time:00:01.94 | Mem:0.00M, Peak:0.00M | Scene, ViewLayer | Synchronizing object | G3_glazing_compression_gasket.022
Fra:451 Mem:728.90M (Peak 906.66M) | Time:00:01.94 | Mem:0.00M, Peak:0.00M | Scene, ViewLayer | Synchronizing object | G3_glazing_compression_gasket.023
Fra:451 Mem:728.90M (Peak 906.66M) | Time:00:01.94 | Mem:0.00M, Peak:0.00M | Scene, ViewLayer | Synchronizing object | G3_glazing_compression_gasket.024
Fra:451 Mem:728.90M (Peak 906.66M) | Time:00:01.94 | Mem:0.00M, Peak:0.00M | Scene, ViewLayer | Synchronizing object | G3_glazing_compression_gasket.025
Fra:451 Mem:728.90M (Peak 906.66M) | Time:00:01.94 | Mem:0.00M, Peak:0.00M | Scene, ViewLayer | Synchronizing object | G3_glazing_compression_gasket.026
Fra:451 Mem:728.91M (Peak 906.66M) | Time:00:01.94 | Mem:0.00M, Peak:0.00M | Scene, ViewLayer | Synchronizing object | G3_glazing_compression_gasket.027
Fra:451 Mem:728.91M (Peak 906.66M) | Time:00:01.94 | Mem:0.00M, Peak:0.00M | Scene, ViewLayer | Synchronizing object | G3_glazing_compression_gasket.028
Fra:451 Mem:728.91M (Peak 906.66M) | Time:00:01.94 | Mem:0.00M, Peak:0.00M | Scene, ViewLayer | Synchronizing object | G3_glazing_compression_gasket.029
Fra:451 Mem:728.91M (Peak 906.66M) | Time:00:01.94 | Mem:0.00M, Peak:0.00M | Scene, ViewLayer | Synchronizing object | G3_glazing_compression_gasket.030
Fra:451 Mem:728.92M (Peak 906.66M) | Time:00:01.94 | Mem:0.00M, Peak:0.00M | Scene, ViewLayer | Synchronizing object | G3_glazing_compression_gasket.031
Fra:451 Mem:728.92M (Peak 906.66M) | Time:00:01.94 | Mem:0.00M, Peak:0.00M | Scene, ViewLayer | Synchronizing object | G3_glazing_compression_gasket.032
Fra:451 Mem:728.92M (Peak 906.66M) | Time:00:01.94 | Mem:0.00M, Peak:0.00M | Scene, ViewLayer | Synchronizing object | G3_glazing_compression_gasket.033
Fra:451 Mem:728.92M (Peak 906.66M) | Time:00:01.94 | Mem:0.00M, Peak:0.00M | Scene, ViewLayer | Synchronizing object | G3_glazing_compression_gasket.034
Fra:451 Mem:728.92M (Peak 906.66M) | Time:00:01.94 | Mem:0.00M, Peak:0.00M | Scene, ViewLayer | Synchronizing object | G3_glazing_compression_gasket.035
Fra:451 Mem:728.93M (Peak 906.66M) | Time:00:01.94 | Mem:0.00M, Peak:0.00M | Scene, ViewLayer | Synchronizing object | G3_glazing_compression_gasket.036
Fra:451 Mem:728.93M (Peak 906.66M) | Time:00:01.94 | Mem:0.00M, Peak:0.00M | Scene, ViewLayer | Synchronizing object | G3_glazing_compression_gasket.037
Fra:451 Mem:728.93M (Peak 906.66M) | Time:00:01.94 | Mem:0.00M, Peak:0.00M | Scene, ViewLayer | Synchronizing object | G3_glazing_compression_gasket.038
Fra:451 Mem:728.93M (Peak 906.66M) | Time:00:01.94 | Mem:0.00M, Peak:0.00M | Scene, ViewLayer | Synchronizing object | G3_glazing_compression_gasket.039
Fra:451 Mem:728.93M (Peak 906.66M) | Time:00:01.94 | Mem:0.00M, Peak:0.00M | Scene, ViewLayer | Synchronizing object | G3_glazing_compression_gasket.040
Fra:451 Mem:728.94M (Peak 906.66M) | Time:00:01.94 | Mem:0.00M, Peak:0.00M | Scene, ViewLayer | Synchronizing object | G3_glazing_compression_gasket.041
Fra:451 Mem:728.94M (Peak 906.66M) | Time:00:01.94 | Mem:0.00M, Peak:0.00M | Scene, ViewLayer | Synchronizing object | G3_glazing_compression_gasket.042
Fra:451 Mem:728.94M (Peak 906.66M) | Time:00:01.94 | Mem:0.00M, Peak:0.00M | Scene, ViewLayer | Synchronizing object | G3_glazing_compression_gasket.043
Fra:451 Mem:728.94M (Peak 906.66M) | Time:00:01.94 | Mem:0.00M, Peak:0.00M | Scene, ViewLayer | Synchronizing object | G3_glazing_compression_gasket.044
Fra:451 Mem:728.94M (Peak 906.66M) | Time:00:01.94 | Mem:0.00M, Peak:0.00M | Scene, ViewLayer | Synchronizing object | G3_glazing_compression_gasket.045
Fra:451 Mem:728.95M (Peak 906.66M) | Time:00:01.94 | Mem:0.00M, Peak:0.00M | Scene, ViewLayer | Synchronizing object | G3_glazing_compression_gasket.046
Fra:451 Mem:728.95M (Peak 906.66M) | Time:00:01.94 | Mem:0.00M, Peak:0.00M | Scene, ViewLayer | Synchronizing object | G3_glazing_compression_gasket.047
Fra:451 Mem:728.95M (Peak 906.66M) | Time:00:01.94 | Mem:0.00M, Peak:0.00M | Scene, ViewLayer | Synchronizing object | Track_sleeper.046
Fra:451 Mem:728.95M (Peak 906.66M) | Time:00:01.94 | Mem:0.00M, Peak:0.00M | Scene, ViewLayer | Synchronizing object | G3_glazing_compression_gasket.048
Fra:451 Mem:728.96M (Peak 906.66M) | Time:00:01.94 | Mem:0.00M, Peak:0.00M | Scene, ViewLayer | Synchronizing object | G3_glazing_compression_gasket.049
Fra:451 Mem:728.99M (Peak 906.66M) | Time:00:01.94 | Mem:0.00M, Peak:0.00M | Scene, ViewLayer | Synchronizing object | G3_glazing_compression_gasket.050
Fra:451 Mem:728.99M (Peak 906.66M) | Time:00:01.94 | Mem:0.00M, Peak:0.00M | Scene, ViewLayer | Synchronizing object | Track_sleeper.109
Fra:451 Mem:728.98M (Peak 906.66M) | Time:00:01.94 | Mem:0.00M, Peak:0.00M | Scene, ViewLayer | Synchronizing object | G3_glazing_compression_gasket.051
Fra:451 Mem:729.03M (Peak 906.66M) | Time:00:01.94 | Mem:0.00M, Peak:0.00M | Scene, ViewLayer | Synchronizing object | G3_glazing_compression_gasket.052
Fra:451 Mem:729.02M (Peak 906.66M) | Time:00:01.94 | Mem:0.00M, Peak:0.00M | Scene, ViewLayer | Synchronizing object | G3_glazing_compression_gasket.053
Fra:451 Mem:729.03M (Peak 906.66M) | Time:00:01.94 | Mem:0.00M, Peak:0.00M | Scene, ViewLayer | Synchronizing object | G3_glazing_compression_gasket.054
Fra:451 Mem:729.03M (Peak 906.66M) | Time:00:01.94 | Mem:0.00M, Peak:0.00M | Scene, ViewLayer | Synchronizing object | G3_glazing_compression_gasket.055
Fra:451 Mem:729.02M (Peak 906.66M) | Time:00:01.94 | Mem:0.00M, Peak:0.00M | Scene, ViewLayer | Synchronizing object | Running_rail.001
Fra:451 Mem:729.02M (Peak 906.66M) | Time:00:01.94 | Mem:0.00M, Peak:0.00M | Scene, ViewLayer | Synchronizing object | G3_glazing_compression_gasket.056
Fra:451 Mem:729.12M (Peak 906.66M) | Time:00:01.94 | Mem:0.00M, Peak:0.00M | Scene, ViewLayer | Synchronizing object | G3_glazing_compression_gasket.057
Fra:451 Mem:729.13M (Peak 906.66M) | Time:00:01.94 | Mem:0.00M, Peak:0.00M | Scene, ViewLayer | Synchronizing object | G3_glazing_compression_gasket.058
Fra:451 Mem:729.13M (Peak 906.66M) | Time:00:01.95 | Mem:0.00M, Peak:0.00M | Scene, ViewLayer | Synchronizing object | G3_glazing_compression_gasket.059
Fra:451 Mem:729.13M (Peak 906.66M) | Time:00:01.95 | Mem:0.00M, Peak:0.00M | Scene, ViewLayer | Synchronizing object | G3_glazing_compression_gasket.060
Fra:451 Mem:729.13M (Peak 906.66M) | Time:00:01.95 | Mem:0.00M, Peak:0.00M | Scene, ViewLayer | Synchronizing object | G3_glazing_compression_gasket.061
Fra:451 Mem:738.33M (Peak 906.66M) | Time:00:01.95 | Mem:0.00M, Peak:0.00M | Scene, ViewLayer | Synchronizing object | G3_glazing_compression_gasket.062
Fra:451 Mem:739.93M (Peak 906.66M) | Time:00:01.95 | Mem:0.00M, Peak:0.00M | Scene, ViewLayer | Synchronizing object | Track_sleeper.030
Fra:451 Mem:739.93M (Peak 906.66M) | Time:00:01.95 | Mem:0.00M, Peak:0.00M | Scene, ViewLayer | Synchronizing object | G3_glazing_compression_gasket.063
Fra:451 Mem:739.96M (Peak 906.66M) | Time:00:01.95 | Mem:0.00M, Peak:0.00M | Scene, ViewLayer | Synchronizing object | G3_glazing_compression_gasket.064
Fra:451 Mem:739.97M (Peak 906.66M) | Time:00:01.95 | Mem:0.00M, Peak:0.00M | Scene, ViewLayer | Synchronizing object | G3_glazing_compression_gasket.065
Fra:451 Mem:739.96M (Peak 906.66M) | Time:00:01.95 | Mem:0.00M, Peak:0.00M | Scene, ViewLayer | Synchronizing object | G3_glazing_compression_gasket.066
Fra:451 Mem:739.96M (Peak 906.66M) | Time:00:01.95 | Mem:0.00M, Peak:0.00M | Scene, ViewLayer | Synchronizing object | G3_glazing_compression_gasket.067
Fra:451 Mem:739.96M (Peak 906.66M) | Time:00:01.95 | Mem:0.00M, Peak:0.00M | Scene, ViewLayer | Synchronizing object | G3_glazing_compression_gasket.068
Fra:451 Mem:739.97M (Peak 906.66M) | Time:00:01.95 | Mem:0.00M, Peak:0.00M | Scene, ViewLayer | Synchronizing object | G3_glazing_compression_gasket.069
Fra:451 Mem:739.97M (Peak 906.66M) | Time:00:01.95 | Mem:0.00M, Peak:0.00M | Scene, ViewLayer | Synchronizing object | G3_glazing_compression_gasket.070
Fra:451 Mem:739.97M (Peak 906.66M) | Time:00:01.95 | Mem:0.00M, Peak:0.00M | Scene, ViewLayer | Synchronizing object | G3_glazing_compression_gasket.071
Fra:451 Mem:739.97M (Peak 906.66M) | Time:00:01.95 | Mem:0.00M, Peak:0.00M | Scene, ViewLayer | Synchronizing object | G3_glazing_compression_gasket.072
Fra:451 Mem:739.97M (Peak 906.66M) | Time:00:01.95 | Mem:0.00M, Peak:0.00M | Scene, ViewLayer | Synchronizing object | G3_glazing_compression_gasket.073
Fra:451 Mem:739.98M (Peak 906.66M) | Time:00:01.95 | Mem:0.00M, Peak:0.00M | Scene, ViewLayer | Synchronizing object | G3_glazing_compression_gasket.074
Fra:451 Mem:739.98M (Peak 906.66M) | Time:00:01.95 | Mem:0.00M, Peak:0.00M | Scene, ViewLayer | Synchronizing object | G3_glazing_compression_gasket.075
Fra:451 Mem:739.98M (Peak 906.66M) | Time:00:01.95 | Mem:0.00M, Peak:0.00M | Scene, ViewLayer | Synchronizing object | G3_glazing_compression_gasket.076
Fra:451 Mem:739.98M (Peak 906.66M) | Time:00:01.95 | Mem:0.00M, Peak:0.00M | Scene, ViewLayer | Synchronizing object | G3_glazing_compression_gasket.077
Fra:451 Mem:739.99M (Peak 906.66M) | Time:00:01.95 | Mem:0.00M, Peak:0.00M | Scene, ViewLayer | Synchronizing object | G3_glazing_compression_gasket.078
Fra:451 Mem:739.99M (Peak 906.66M) | Time:00:01.95 | Mem:0.00M, Peak:0.00M | Scene, ViewLayer | Synchronizing object | G3_glazing_compression_gasket.079
Fra:451 Mem:739.99M (Peak 906.66M) | Time:00:01.95 | Mem:0.00M, Peak:0.00M | Scene, ViewLayer | Synchronizing object | G3_glazing_compression_gasket.080
Fra:451 Mem:739.99M (Peak 906.66M) | Time:00:01.95 | Mem:0.00M, Peak:0.00M | Scene, ViewLayer | Synchronizing object | G3_glazing_compression_gasket.081
Fra:451 Mem:739.99M (Peak 906.66M) | Time:00:01.95 | Mem:0.00M, Peak:0.00M | Scene, ViewLayer | Synchronizing object | G3_glazing_compression_gasket.082
Fra:451 Mem:740.00M (Peak 906.66M) | Time:00:01.95 | Mem:0.00M, Peak:0.00M | Scene, ViewLayer | Synchronizing object | G3_glazing_compression_gasket.083
Fra:451 Mem:740.00M (Peak 906.66M) | Time:00:01.95 | Mem:0.00M, Peak:0.00M | Scene, ViewLayer | Synchronizing object | G3_glazing_compression_gasket.084
Fra:451 Mem:740.00M (Peak 906.66M) | Time:00:01.95 | Mem:0.00M, Peak:0.00M | Scene, ViewLayer | Synchronizing object | G3_glazing_compression_gasket.085
Fra:451 Mem:740.00M (Peak 906.66M) | Time:00:01.95 | Mem:0.00M, Peak:0.00M | Scene, ViewLayer | Synchronizing object | G3_glazing_compression_gasket.086
Fra:451 Mem:740.00M (Peak 906.66M) | Time:00:01.95 | Mem:0.00M, Peak:0.00M | Scene, ViewLayer | Synchronizing object | G3_glazing_compression_gasket.087
Fra:451 Mem:740.01M (Peak 906.66M) | Time:00:01.95 | Mem:0.00M, Peak:0.00M | Scene, ViewLayer | Synchronizing object | G3_glazing_compression_gasket.088
Fra:451 Mem:740.01M (Peak 906.66M) | Time:00:01.95 | Mem:0.00M, Peak:0.00M | Scene, ViewLayer | Synchronizing object | G3_glazing_compression_gasket.089
Fra:451 Mem:740.01M (Peak 906.66M) | Time:00:01.95 | Mem:0.00M, Peak:0.00M | Scene, ViewLayer | Synchronizing object | G3_glazing_compression_gasket.090
Fra:451 Mem:740.01M (Peak 906.66M) | Time:00:01.95 | Mem:0.00M, Peak:0.00M | Scene, ViewLayer | Synchronizing object | G3_glazing_compression_gasket.091
Fra:451 Mem:740.01M (Peak 906.66M) | Time:00:01.95 | Mem:0.00M, Peak:0.00M | Scene, ViewLayer | Synchronizing object | G3_glazing_compression_gasket.092
Fra:451 Mem:740.02M (Peak 906.66M) | Time:00:01.95 | Mem:0.00M, Peak:0.00M | Scene, ViewLayer | Synchronizing object | G3_glazing_compression_gasket.093
Fra:451 Mem:740.02M (Peak 906.66M) | Time:00:01.95 | Mem:0.00M, Peak:0.00M | Scene, ViewLayer | Synchronizing object | G3_glazing_compression_gasket.094
Fra:451 Mem:740.02M (Peak 906.66M) | Time:00:01.95 | Mem:0.00M, Peak:0.00M | Scene, ViewLayer | Synchronizing object | G3_glazing_compression_gasket.095
Fra:451 Mem:740.02M (Peak 906.66M) | Time:00:01.95 | Mem:0.00M, Peak:0.00M | Scene, ViewLayer | Synchronizing object | G3_glazing_compression_gasket.096
Fra:451 Mem:740.03M (Peak 906.66M) | Time:00:01.95 | Mem:0.00M, Peak:0.00M | Scene, ViewLayer | Synchronizing object | G3_glazing_compression_gasket.097
Fra:451 Mem:740.03M (Peak 906.66M) | Time:00:01.95 | Mem:0.00M, Peak:0.00M | Scene, ViewLayer | Synchronizing object | G3_glazing_compression_gasket.098
Fra:451 Mem:740.03M (Peak 906.66M) | Time:00:01.95 | Mem:0.00M, Peak:0.00M | Scene, ViewLayer | Synchronizing object | G3_glazing_compression_gasket.099
Fra:451 Mem:740.03M (Peak 906.66M) | Time:00:01.95 | Mem:0.00M, Peak:0.00M | Scene, ViewLayer | Synchronizing object | G3_glazing_compression_gasket.100
Fra:451 Mem:740.03M (Peak 906.66M) | Time:00:01.95 | Mem:0.00M, Peak:0.00M | Scene, ViewLayer | Synchronizing object | G3_glazing_compression_gasket.101
Fra:451 Mem:740.04M (Peak 906.66M) | Time:00:01.95 | Mem:0.00M, Peak:0.00M | Scene, ViewLayer | Synchronizing object | G3_glazing_compression_gasket.102
Fra:451 Mem:740.04M (Peak 906.66M) | Time:00:01.95 | Mem:0.00M, Peak:0.00M | Scene, ViewLayer | Synchronizing object | G3_glazing_compression_gasket.103
Fra:451 Mem:740.04M (Peak 906.66M) | Time:00:01.95 | Mem:0.00M, Peak:0.00M | Scene, ViewLayer | Synchronizing object | G3_glazing_compression_gasket.104
Fra:451 Mem:740.04M (Peak 906.66M) | Time:00:01.95 | Mem:0.00M, Peak:0.00M | Scene, ViewLayer | Synchronizing object | G3_glazing_compression_gasket.105
Fra:451 Mem:740.04M (Peak 906.66M) | Time:00:01.95 | Mem:0.00M, Peak:0.00M | Scene, ViewLayer | Synchronizing object | G3_glazing_compression_gasket.106
Fra:451 Mem:740.05M (Peak 906.66M) | Time:00:01.95 | Mem:0.00M, Peak:0.00M | Scene, ViewLayer | Synchronizing object | G3_glazing_compression_gasket.107
Fra:451 Mem:740.05M (Peak 906.66M) | Time:00:01.95 | Mem:0.00M, Peak:0.00M | Scene, ViewLayer | Synchronizing object | G3_glazing_compression_gasket.108
Fra:451 Mem:740.05M (Peak 906.66M) | Time:00:01.95 | Mem:0.00M, Peak:0.00M | Scene, ViewLayer | Synchronizing object | G3_glazing_compression_gasket.109
Fra:451 Mem:740.05M (Peak 906.66M) | Time:00:01.95 | Mem:0.00M, Peak:0.00M | Scene, ViewLayer | Synchronizing object | G3_glazing_compression_gasket.110
Fra:451 Mem:740.05M (Peak 906.66M) | Time:00:01.95 | Mem:0.00M, Peak:0.00M | Scene, ViewLayer | Synchronizing object | G3_glazing_compression_gasket.111
Fra:451 Mem:740.06M (Peak 906.66M) | Time:00:01.95 | Mem:0.00M, Peak:0.00M | Scene, ViewLayer | Synchronizing object | G3_glazing_compression_gasket.112
Fra:451 Mem:740.06M (Peak 906.66M) | Time:00:01.95 | Mem:0.00M, Peak:0.00M | Scene, ViewLayer | Synchronizing object | G3_glazing_compression_gasket.113
Fra:451 Mem:740.06M (Peak 906.66M) | Time:00:01.95 | Mem:0.00M, Peak:0.00M | Scene, ViewLayer | Synchronizing object | G3_glazing_compression_gasket.114
Fra:451 Mem:740.06M (Peak 906.66M) | Time:00:01.95 | Mem:0.00M, Peak:0.00M | Scene, ViewLayer | Synchronizing object | G3_glazing_compression_gasket.115
Fra:451 Mem:740.07M (Peak 906.66M) | Time:00:01.95 | Mem:0.00M, Peak:0.00M | Scene, ViewLayer | Synchronizing object | G3_glazing_compression_gasket.116
Fra:451 Mem:740.07M (Peak 906.66M) | Time:00:01.95 | Mem:0.00M, Peak:0.00M | Scene, ViewLayer | Synchronizing object | G3_glazing_compression_gasket.117
Fra:451 Mem:740.07M (Peak 906.66M) | Time:00:01.95 | Mem:0.00M, Peak:0.00M | Scene, ViewLayer | Synchronizing object | G3_glazing_compression_gasket.118
Fra:451 Mem:740.07M (Peak 906.66M) | Time:00:01.95 | Mem:0.00M, Peak:0.00M | Scene, ViewLayer | Synchronizing object | G3_glazing_compression_gasket.119
Fra:451 Mem:740.07M (Peak 906.66M) | Time:00:01.95 | Mem:0.00M, Peak:0.00M | Scene, ViewLayer | Synchronizing object | G3_glazing_compression_gasket.120
Fra:451 Mem:740.08M (Peak 906.66M) | Time:00:01.95 | Mem:0.00M, Peak:0.00M | Scene, ViewLayer | Synchronizing object | G3_glazing_compression_gasket.121
Fra:451 Mem:740.08M (Peak 906.66M) | Time:00:01.95 | Mem:0.00M, Peak:0.00M | Scene, ViewLayer | Synchronizing object | G3_glazing_compression_gasket.122
Fra:451 Mem:740.08M (Peak 906.66M) | Time:00:01.95 | Mem:0.00M, Peak:0.00M | Scene, ViewLayer | Synchronizing object | G3_glazing_compression_gasket.123
Fra:451 Mem:740.08M (Peak 906.66M) | Time:00:01.95 | Mem:0.00M, Peak:0.00M | Scene, ViewLayer | Synchronizing object | G3_glazing_compression_gasket.124
Fra:451 Mem:740.08M (Peak 906.66M) | Time:00:01.95 | Mem:0.00M, Peak:0.00M | Scene, ViewLayer | Synchronizing object | G3_glazing_compression_gasket.125
Fra:451 Mem:740.09M (Peak 906.66M) | Time:00:01.95 | Mem:0.00M, Peak:0.00M | Scene, ViewLayer | Synchronizing object | G3_glazing_compression_gasket.126
Fra:451 Mem:740.09M (Peak 906.66M) | Time:00:01.95 | Mem:0.00M, Peak:0.00M | Scene, ViewLayer | Synchronizing object | G3_glazing_compression_gasket.127
Fra:451 Mem:740.09M (Peak 906.66M) | Time:00:01.95 | Mem:0.00M, Peak:0.00M | Scene, ViewLayer | Synchronizing object | G3_glazing_compression_gasket.128
Fra:451 Mem:740.09M (Peak 906.66M) | Time:00:01.95 | Mem:0.00M, Peak:0.00M | Scene, ViewLayer | Synchronizing object | G3_glazing_compression_gasket.129
Fra:451 Mem:740.09M (Peak 906.66M) | Time:00:01.95 | Mem:0.00M, Peak:0.00M | Scene, ViewLayer | Synchronizing object | G3_glazing_compression_gasket.130
Fra:451 Mem:740.10M (Peak 906.66M) | Time:00:01.95 | Mem:0.00M, Peak:0.00M | Scene, ViewLayer | Synchronizing object | G3_glazing_compression_gasket.131
Fra:451 Mem:740.10M (Peak 906.66M) | Time:00:01.95 | Mem:0.00M, Peak:0.00M | Scene, ViewLayer | Synchronizing object | G3_glazing_compression_gasket.132
Fra:451 Mem:740.10M (Peak 906.66M) | Time:00:01.95 | Mem:0.00M, Peak:0.00M | Scene, ViewLayer | Synchronizing object | G3_glazing_compression_gasket.133
Fra:451 Mem:740.10M (Peak 906.66M) | Time:00:01.95 | Mem:0.00M, Peak:0.00M | Scene, ViewLayer | Synchronizing object | G3_glazing_compression_gasket.134
Fra:451 Mem:740.10M (Peak 906.66M) | Time:00:01.95 | Mem:0.00M, Peak:0.00M | Scene, ViewLayer | Synchronizing object | G3_glazing_compression_gasket.135
Fra:451 Mem:740.11M (Peak 906.66M) | Time:00:01.95 | Mem:0.00M, Peak:0.00M | Scene, ViewLayer | Synchronizing object | G3_glazing_compression_gasket.136
Fra:451 Mem:740.11M (Peak 906.66M) | Time:00:01.95 | Mem:0.00M, Peak:0.00M | Scene, ViewLayer | Synchronizing object | G3_glazing_compression_gasket.137
Fra:451 Mem:740.11M (Peak 906.66M) | Time:00:01.95 | Mem:0.00M, Peak:0.00M | Scene, ViewLayer | Synchronizing object | G3_glazing_compression_gasket.138
Fra:451 Mem:740.11M (Peak 906.66M) | Time:00:01.95 | Mem:0.00M, Peak:0.00M | Scene, ViewLayer | Synchronizing object | G3_glazing_compression_gasket.139
Fra:451 Mem:740.12M (Peak 906.66M) | Time:00:01.95 | Mem:0.00M, Peak:0.00M | Scene, ViewLayer | Synchronizing object | G3_glazing_compression_gasket.140
Fra:451 Mem:740.12M (Peak 906.66M) | Time:00:01.95 | Mem:0.00M, Peak:0.00M | Scene, ViewLayer | Synchronizing object | G3_glazing_compression_gasket.141
Fra:451 Mem:740.12M (Peak 906.66M) | Time:00:01.95 | Mem:0.00M, Peak:0.00M | Scene, ViewLayer | Synchronizing object | G3_glazing_compression_gasket.142
Fra:451 Mem:740.12M (Peak 906.66M) | Time:00:01.95 | Mem:0.00M, Peak:0.00M | Scene, ViewLayer | Synchronizing object | G3_glazing_compression_gasket.143
Fra:451 Mem:740.12M (Peak 906.66M) | Time:00:01.95 | Mem:0.00M, Peak:0.00M | Scene, ViewLayer | Synchronizing object | G3_glazing_compression_gasket.144
Fra:451 Mem:740.13M (Peak 906.66M) | Time:00:01.95 | Mem:0.00M, Peak:0.00M | Scene, ViewLayer | Synchronizing object | G3_glazing_compression_gasket.145
Fra:451 Mem:740.13M (Peak 906.66M) | Time:00:01.95 | Mem:0.00M, Peak:0.00M | Scene, ViewLayer | Synchronizing object | G3_glazing_compression_gasket.146
Fra:451 Mem:740.13M (Peak 906.66M) | Time:00:01.95 | Mem:0.00M, Peak:0.00M | Scene, ViewLayer | Synchronizing object | G3_glazing_compression_gasket.147
Fra:451 Mem:740.13M (Peak 906.66M) | Time:00:01.95 | Mem:0.00M, Peak:0.00M | Scene, ViewLayer | Synchronizing object | G3_glazing_compression_gasket.148
Fra:451 Mem:740.13M (Peak 906.66M) | Time:00:01.95 | Mem:0.00M, Peak:0.00M | Scene, ViewLayer | Synchronizing object | G3_glazing_compression_gasket.149
Fra:451 Mem:740.14M (Peak 906.66M) | Time:00:01.95 | Mem:0.00M, Peak:0.00M | Scene, ViewLayer | Synchronizing object | G3_glazing_compression_gasket.150
Fra:451 Mem:740.33M (Peak 906.66M) | Time:00:01.95 | Mem:0.00M, Peak:0.00M | Scene, ViewLayer | Synchronizing object | G3_glazing_compression_gasket.151
Fra:451 Mem:740.40M (Peak 906.66M) | Time:00:01.95 | Mem:0.00M, Peak:0.00M | Scene, ViewLayer | Synchronizing object | G3_glazing_compression_gasket.152
Fra:451 Mem:740.50M (Peak 906.66M) | Time:00:01.95 | Mem:0.00M, Peak:0.00M | Scene, ViewLayer | Synchronizing object | G3_glazing_compression_gasket.153
Fra:451 Mem:740.50M (Peak 906.66M) | Time:00:01.95 | Mem:0.00M, Peak:0.00M | Scene, ViewLayer | Synchronizing object | G3_glazing_compression_gasket.154
Fra:451 Mem:740.50M (Peak 906.66M) | Time:00:01.95 | Mem:0.00M, Peak:0.00M | Scene, ViewLayer | Synchronizing object | G3_glazing_compression_gasket.155
Fra:451 Mem:740.52M (Peak 906.66M) | Time:00:01.95 | Mem:0.00M, Peak:0.00M | Scene, ViewLayer | Synchronizing object | G3_glazing_compression_gasket.156
Fra:451 Mem:740.52M (Peak 906.66M) | Time:00:01.95 | Mem:0.00M, Peak:0.00M | Scene, ViewLayer | Synchronizing object | G3_glazing_compression_gasket.157
Fra:451 Mem:740.53M (Peak 906.66M) | Time:00:01.95 | Mem:0.00M, Peak:0.00M | Scene, ViewLayer | Synchronizing object | G3_glazing_compression_gasket.158
Fra:451 Mem:740.53M (Peak 906.66M) | Time:00:01.95 | Mem:0.00M, Peak:0.00M | Scene, ViewLayer | Synchronizing object | G3_glazing_compression_gasket.159
Fra:451 Mem:740.53M (Peak 906.66M) | Time:00:01.95 | Mem:0.00M, Peak:0.00M | Scene, ViewLayer | Synchronizing object | G3_glazing_compression_gasket.160
Fra:451 Mem:740.53M (Peak 906.66M) | Time:00:01.95 | Mem:0.00M, Peak:0.00M | Scene, ViewLayer | Synchronizing object | G3_glazing_compression_gasket.161
Fra:451 Mem:740.53M (Peak 906.66M) | Time:00:01.95 | Mem:0.00M, Peak:0.00M | Scene, ViewLayer | Synchronizing object | G3_glazing_compression_gasket.162
Fra:451 Mem:740.54M (Peak 906.66M) | Time:00:01.95 | Mem:0.00M, Peak:0.00M | Scene, ViewLayer | Synchronizing object | G3_glazing_compression_gasket.163
Fra:451 Mem:740.62M (Peak 906.66M) | Time:00:01.95 | Mem:0.00M, Peak:0.00M | Scene, ViewLayer | Synchronizing object | G3_glazing_compression_gasket.164
Fra:451 Mem:740.62M (Peak 906.66M) | Time:00:01.95 | Mem:0.00M, Peak:0.00M | Scene, ViewLayer | Synchronizing object | G3_glazing_compression_gasket.165
Fra:451 Mem:740.63M (Peak 906.66M) | Time:00:01.95 | Mem:0.00M, Peak:0.00M | Scene, ViewLayer | Synchronizing object | G3_glazing_compression_gasket.166
Fra:451 Mem:740.63M (Peak 906.66M) | Time:00:01.95 | Mem:0.00M, Peak:0.00M | Scene, ViewLayer | Synchronizing object | G3_glazing_compression_gasket.167
Fra:451 Mem:740.63M (Peak 906.66M) | Time:00:01.95 | Mem:0.00M, Peak:0.00M | Scene, ViewLayer | Synchronizing object | G3_glazing_compression_gasket.168
Fra:451 Mem:740.63M (Peak 906.66M) | Time:00:01.95 | Mem:0.00M, Peak:0.00M | Scene, ViewLayer | Synchronizing object | G3_glazing_compression_gasket.169
Fra:451 Mem:740.63M (Peak 906.66M) | Time:00:01.95 | Mem:0.00M, Peak:0.00M | Scene, ViewLayer | Synchronizing object | G3_glazing_compression_gasket.170
Fra:451 Mem:740.64M (Peak 906.66M) | Time:00:01.95 | Mem:0.00M, Peak:0.00M | Scene, ViewLayer | Synchronizing object | G3_glazing_compression_gasket.171
Fra:451 Mem:740.64M (Peak 906.66M) | Time:00:01.95 | Mem:0.00M, Peak:0.00M | Scene, ViewLayer | Synchronizing object | G3_glazing_compression_gasket.172
Fra:451 Mem:740.62M (Peak 906.66M) | Time:00:01.95 | Mem:0.00M, Peak:0.00M | Scene, ViewLayer | Synchronizing object | G3_glazing_compression_gasket.173
Fra:451 Mem:740.63M (Peak 906.66M) | Time:00:01.95 | Mem:0.00M, Peak:0.00M | Scene, ViewLayer | Synchronizing object | G3_glazing_compression_gasket.174
Fra:451 Mem:740.63M (Peak 906.66M) | Time:00:01.95 | Mem:0.00M, Peak:0.00M | Scene, ViewLayer | Synchronizing object | G3_glazing_compression_gasket.175
Fra:451 Mem:740.63M (Peak 906.66M) | Time:00:01.95 | Mem:0.00M, Peak:0.00M | Scene, ViewLayer | Synchronizing object | G3_glazing_compression_gasket.176
Fra:451 Mem:740.63M (Peak 906.66M) | Time:00:01.95 | Mem:0.00M, Peak:0.00M | Scene, ViewLayer | Synchronizing object | G3_glazing_compression_gasket.177
Fra:451 Mem:740.64M (Peak 906.66M) | Time:00:01.95 | Mem:0.00M, Peak:0.00M | Scene, ViewLayer | Synchronizing object | G3_glazing_compression_gasket.178
Fra:451 Mem:740.64M (Peak 906.66M) | Time:00:01.95 | Mem:0.00M, Peak:0.00M | Scene, ViewLayer | Synchronizing object | G3_glazing_compression_gasket.179
Fra:451 Mem:740.64M (Peak 906.66M) | Time:00:01.95 | Mem:0.00M, Peak:0.00M | Scene, ViewLayer | Synchronizing object | G3_glazing_compression_gasket.180
Fra:451 Mem:740.64M (Peak 906.66M) | Time:00:01.95 | Mem:0.00M, Peak:0.00M | Scene, ViewLayer | Synchronizing object | G3_glazing_compression_gasket.181
Fra:451 Mem:740.71M (Peak 906.66M) | Time:00:01.95 | Mem:0.00M, Peak:0.00M | Scene, ViewLayer | Synchronizing object | G3_glazing_compression_gasket.182
Fra:451 Mem:740.71M (Peak 906.66M) | Time:00:01.95 | Mem:0.00M, Peak:0.00M | Scene, ViewLayer | Synchronizing object | G3_glazing_compression_gasket.183
Fra:451 Mem:740.75M (Peak 906.66M) | Time:00:01.95 | Mem:0.00M, Peak:0.00M | Scene, ViewLayer | Synchronizing object | G3_glazing_compression_gasket.184
Fra:451 Mem:740.82M (Peak 906.66M) | Time:00:01.95 | Mem:0.00M, Peak:0.00M | Scene, ViewLayer | Synchronizing object | G3_glazing_compression_gasket.185
Fra:451 Mem:740.82M (Peak 906.66M) | Time:00:01.95 | Mem:0.00M, Peak:0.00M | Scene, ViewLayer | Synchronizing object | G3_glazing_compression_gasket.186
Fra:451 Mem:740.76M (Peak 906.66M) | Time:00:01.95 | Mem:0.00M, Peak:0.00M | Scene, ViewLayer | Synchronizing object | G3_glazing_compression_gasket.187
Fra:451 Mem:740.76M (Peak 906.66M) | Time:00:01.95 | Mem:0.00M, Peak:0.00M | Scene, ViewLayer | Synchronizing object | G3_glazing_compression_gasket.188
Fra:451 Mem:740.76M (Peak 906.66M) | Time:00:01.95 | Mem:0.00M, Peak:0.00M | Scene, ViewLayer | Synchronizing object | G3_glazing_compression_gasket.189
Fra:451 Mem:740.76M (Peak 906.66M) | Time:00:01.95 | Mem:0.00M, Peak:0.00M | Scene, ViewLayer | Synchronizing object | G3_glazing_compression_gasket.190
Fra:451 Mem:740.76M (Peak 906.66M) | Time:00:01.95 | Mem:0.00M, Peak:0.00M | Scene, ViewLayer | Synchronizing object | G3_glazing_compression_gasket.191
Fra:451 Mem:740.77M (Peak 906.66M) | Time:00:01.95 | Mem:0.00M, Peak:0.00M | Scene, ViewLayer | Synchronizing object | G3_glazing_compression_gasket.192
Fra:451 Mem:740.77M (Peak 906.66M) | Time:00:01.95 | Mem:0.00M, Peak:0.00M | Scene, ViewLayer | Synchronizing object | G3_glazing_compression_gasket.193
Fra:451 Mem:740.77M (Peak 906.66M) | Time:00:01.95 | Mem:0.00M, Peak:0.00M | Scene, ViewLayer | Synchronizing object | G3_glazing_compression_gasket.194
Fra:451 Mem:740.77M (Peak 906.66M) | Time:00:01.95 | Mem:0.00M, Peak:0.00M | Scene, ViewLayer | Synchronizing object | G3_glazing_compression_gasket.195
Fra:451 Mem:740.77M (Peak 906.66M) | Time:00:01.95 | Mem:0.00M, Peak:0.00M | Scene, ViewLayer | Synchronizing object | G3_glazing_compression_gasket.196
Fra:451 Mem:740.78M (Peak 906.66M) | Time:00:01.95 | Mem:0.00M, Peak:0.00M | Scene, ViewLayer | Synchronizing object | G3_glazing_compression_gasket.197
Fra:451 Mem:740.78M (Peak 906.66M) | Time:00:01.95 | Mem:0.00M, Peak:0.00M | Scene, ViewLayer | Synchronizing object | G3_glazing_compression_gasket.198
Fra:451 Mem:740.78M (Peak 906.66M) | Time:00:01.95 | Mem:0.00M, Peak:0.00M | Scene, ViewLayer | Synchronizing object | G3_glazing_compression_gasket.199
Fra:451 Mem:740.78M (Peak 906.66M) | Time:00:01.95 | Mem:0.00M, Peak:0.00M | Scene, ViewLayer | Synchronizing object | G3_glazing_compression_gasket.200
Fra:451 Mem:740.78M (Peak 906.66M) | Time:00:01.95 | Mem:0.00M, Peak:0.00M | Scene, ViewLayer | Synchronizing object | G3_glazing_compression_gasket.201
Fra:451 Mem:740.79M (Peak 906.66M) | Time:00:01.95 | Mem:0.00M, Peak:0.00M | Scene, ViewLayer | Synchronizing object | G3_glazing_compression_gasket.202
Fra:451 Mem:740.79M (Peak 906.66M) | Time:00:01.95 | Mem:0.00M, Peak:0.00M | Scene, ViewLayer | Synchronizing object | G3_glazing_compression_gasket.203
Fra:451 Mem:740.79M (Peak 906.66M) | Time:00:01.95 | Mem:0.00M, Peak:0.00M | Scene, ViewLayer | Synchronizing object | G3_glazing_compression_gasket.204
Fra:451 Mem:740.79M (Peak 906.66M) | Time:00:01.95 | Mem:0.00M, Peak:0.00M | Scene, ViewLayer | Synchronizing object | G3_glazing_compression_gasket.205
Fra:451 Mem:740.80M (Peak 906.66M) | Time:00:01.95 | Mem:0.00M, Peak:0.00M | Scene, ViewLayer | Synchronizing object | G3_glazing_compression_gasket.206
Fra:451 Mem:740.80M (Peak 906.66M) | Time:00:01.95 | Mem:0.00M, Peak:0.00M | Scene, ViewLayer | Synchronizing object | G3_glazing_compression_gasket.207
Fra:451 Mem:740.80M (Peak 906.66M) | Time:00:01.95 | Mem:0.00M, Peak:0.00M | Scene, ViewLayer | Synchronizing object | G3_glazing_compression_gasket.208
Fra:451 Mem:740.80M (Peak 906.66M) | Time:00:01.95 | Mem:0.00M, Peak:0.00M | Scene, ViewLayer | Synchronizing object | G3_glazing_compression_gasket.209
Fra:451 Mem:740.80M (Peak 906.66M) | Time:00:01.95 | Mem:0.00M, Peak:0.00M | Scene, ViewLayer | Synchronizing object | G3_glazing_compression_gasket.210
Fra:451 Mem:740.81M (Peak 906.66M) | Time:00:01.95 | Mem:0.00M, Peak:0.00M | Scene, ViewLayer | Synchronizing object | G3_glazing_compression_gasket.211
Fra:451 Mem:740.81M (Peak 906.66M) | Time:00:01.95 | Mem:0.00M, Peak:0.00M | Scene, ViewLayer | Synchronizing object | G3_glazing_compression_gasket.212
Fra:451 Mem:740.81M (Peak 906.66M) | Time:00:01.95 | Mem:0.00M, Peak:0.00M | Scene, ViewLayer | Synchronizing object | G3_glazing_compression_gasket.213
Fra:451 Mem:740.82M (Peak 906.66M) | Time:00:01.95 | Mem:0.00M, Peak:0.00M | Scene, ViewLayer | Synchronizing object | G3_glazing_compression_gasket.214
Fra:451 Mem:740.82M (Peak 906.66M) | Time:00:01.95 | Mem:0.00M, Peak:0.00M | Scene, ViewLayer | Synchronizing object | G3_glazing_compression_gasket.215
Fra:451 Mem:740.82M (Peak 906.66M) | Time:00:01.95 | Mem:0.00M, Peak:0.00M | Scene, ViewLayer | Synchronizing object | G3_glazing_compression_gasket.216
Fra:451 Mem:740.82M (Peak 906.66M) | Time:00:01.95 | Mem:0.00M, Peak:0.00M | Scene, ViewLayer | Synchronizing object | G3_glazing_compression_gasket.217
Fra:451 Mem:740.82M (Peak 906.66M) | Time:00:01.95 | Mem:0.00M, Peak:0.00M | Scene, ViewLayer | Synchronizing object | G3_glazing_compression_gasket.218
Fra:451 Mem:740.83M (Peak 906.66M) | Time:00:01.95 | Mem:0.00M, Peak:0.00M | Scene, ViewLayer | Synchronizing object | G3_glazing_compression_gasket.219
Fra:451 Mem:740.83M (Peak 906.66M) | Time:00:01.95 | Mem:0.00M, Peak:0.00M | Scene, ViewLayer | Synchronizing object | G3_glazing_compression_gasket.220
Fra:451 Mem:740.83M (Peak 906.66M) | Time:00:01.95 | Mem:0.00M, Peak:0.00M | Scene, ViewLayer | Synchronizing object | G3_glazing_compression_gasket.221
Fra:451 Mem:740.83M (Peak 906.66M) | Time:00:01.95 | Mem:0.00M, Peak:0.00M | Scene, ViewLayer | Synchronizing object | G3_glazing_compression_gasket.222
Fra:451 Mem:740.83M (Peak 906.66M) | Time:00:01.95 | Mem:0.00M, Peak:0.00M | Scene, ViewLayer | Synchronizing object | G3_glazing_compression_gasket.223
Fra:451 Mem:740.84M (Peak 906.66M) | Time:00:01.95 | Mem:0.00M, Peak:0.00M | Scene, ViewLayer | Synchronizing object | G3_glazing_compression_gasket.224
Fra:451 Mem:740.84M (Peak 906.66M) | Time:00:01.95 | Mem:0.00M, Peak:0.00M | Scene, ViewLayer | Synchronizing object | G3_glazing_compression_gasket.225
Fra:451 Mem:740.84M (Peak 906.66M) | Time:00:01.95 | Mem:0.00M, Peak:0.00M | Scene, ViewLayer | Synchronizing object | G3_glazing_compression_gasket.226
Fra:451 Mem:740.85M (Peak 906.66M) | Time:00:01.95 | Mem:0.00M, Peak:0.00M | Scene, ViewLayer | Synchronizing object | G3_glazing_compression_gasket.227
Fra:451 Mem:740.85M (Peak 906.66M) | Time:00:01.95 | Mem:0.00M, Peak:0.00M | Scene, ViewLayer | Synchronizing object | G3_glazing_compression_gasket.228
Fra:451 Mem:740.85M (Peak 906.66M) | Time:00:01.95 | Mem:0.00M, Peak:0.00M | Scene, ViewLayer | Synchronizing object | G3_glazing_compression_gasket.229
Fra:451 Mem:740.85M (Peak 906.66M) | Time:00:01.95 | Mem:0.00M, Peak:0.00M | Scene, ViewLayer | Synchronizing object | G3_glazing_compression_gasket.230
Fra:451 Mem:740.85M (Peak 906.66M) | Time:00:01.95 | Mem:0.00M, Peak:0.00M | Scene, ViewLayer | Synchronizing object | G3_glazing_compression_gasket.231
Fra:451 Mem:740.86M (Peak 906.66M) | Time:00:01.95 | Mem:0.00M, Peak:0.00M | Scene, ViewLayer | Synchronizing object | G3_glazing_compression_gasket.232
Fra:451 Mem:740.86M (Peak 906.66M) | Time:00:01.95 | Mem:0.00M, Peak:0.00M | Scene, ViewLayer | Synchronizing object | G3_glazing_compression_gasket.233
Fra:451 Mem:740.86M (Peak 906.66M) | Time:00:01.95 | Mem:0.00M, Peak:0.00M | Scene, ViewLayer | Synchronizing object | G3_glazing_compression_gasket.234
Fra:451 Mem:740.86M (Peak 906.66M) | Time:00:01.95 | Mem:0.00M, Peak:0.00M | Scene, ViewLayer | Synchronizing object | G3_glazing_compression_gasket.235
Fra:451 Mem:740.86M (Peak 906.66M) | Time:00:01.95 | Mem:0.00M, Peak:0.00M | Scene, ViewLayer | Synchronizing object | G3_glazing_compression_gasket.236
Fra:451 Mem:740.87M (Peak 906.66M) | Time:00:01.95 | Mem:0.00M, Peak:0.00M | Scene, ViewLayer | Synchronizing object | G3_glazing_compression_gasket.237
Fra:451 Mem:740.87M (Peak 906.66M) | Time:00:01.95 | Mem:0.00M, Peak:0.00M | Scene, ViewLayer | Synchronizing object | G3_glazing_compression_gasket.238
Fra:451 Mem:740.87M (Peak 906.66M) | Time:00:01.95 | Mem:0.00M, Peak:0.00M | Scene, ViewLayer | Synchronizing object | G3_glazing_compression_gasket.239
Fra:451 Mem:740.87M (Peak 906.66M) | Time:00:01.95 | Mem:0.00M, Peak:0.00M | Scene, ViewLayer | Synchronizing object | G3_glazing_compression_gasket.240
Fra:451 Mem:740.88M (Peak 906.66M) | Time:00:01.95 | Mem:0.00M, Peak:0.00M | Scene, ViewLayer | Synchronizing object | G3_glazing_compression_gasket.241
Fra:451 Mem:740.88M (Peak 906.66M) | Time:00:01.95 | Mem:0.00M, Peak:0.00M | Scene, ViewLayer | Synchronizing object | G3_glazing_compression_gasket.242
Fra:451 Mem:740.88M (Peak 906.66M) | Time:00:01.95 | Mem:0.00M, Peak:0.00M | Scene, ViewLayer | Synchronizing object | G3_glazing_compression_gasket.243
Fra:451 Mem:740.88M (Peak 906.66M) | Time:00:01.95 | Mem:0.00M, Peak:0.00M | Scene, ViewLayer | Synchronizing object | G3_glazing_compression_gasket.244
Fra:451 Mem:740.88M (Peak 906.66M) | Time:00:01.95 | Mem:0.00M, Peak:0.00M | Scene, ViewLayer | Synchronizing object | G3_glazing_compression_gasket.245
Fra:451 Mem:740.89M (Peak 906.66M) | Time:00:01.95 | Mem:0.00M, Peak:0.00M | Scene, ViewLayer | Synchronizing object | G3_glazing_compression_gasket.246
Fra:451 Mem:740.89M (Peak 906.66M) | Time:00:01.95 | Mem:0.00M, Peak:0.00M | Scene, ViewLayer | Synchronizing object | G3_glazing_compression_gasket.247
Fra:451 Mem:740.89M (Peak 906.66M) | Time:00:01.95 | Mem:0.00M, Peak:0.00M | Scene, ViewLayer | Synchronizing object | G3_glazing_compression_gasket.248
Fra:451 Mem:740.89M (Peak 906.66M) | Time:00:01.95 | Mem:0.00M, Peak:0.00M | Scene, ViewLayer | Synchronizing object | G3_glazing_compression_gasket.249
Fra:451 Mem:740.89M (Peak 906.66M) | Time:00:01.95 | Mem:0.00M, Peak:0.00M | Scene, ViewLayer | Synchronizing object | G3_glazing_compression_gasket.250
Fra:451 Mem:740.90M (Peak 906.66M) | Time:00:01.95 | Mem:0.00M, Peak:0.00M | Scene, ViewLayer | Synchronizing object | G3_glazing_compression_gasket.251
Fra:451 Mem:740.90M (Peak 906.66M) | Time:00:01.95 | Mem:0.00M, Peak:0.00M | Scene, ViewLayer | Synchronizing object | G3_glazing_compression_gasket.252
Fra:451 Mem:740.90M (Peak 906.66M) | Time:00:01.95 | Mem:0.00M, Peak:0.00M | Scene, ViewLayer | Synchronizing object | G3_glazing_compression_gasket.253
Fra:451 Mem:740.90M (Peak 906.66M) | Time:00:01.95 | Mem:0.00M, Peak:0.00M | Scene, ViewLayer | Synchronizing object | G3_glazing_compression_gasket.254
Fra:451 Mem:740.90M (Peak 906.66M) | Time:00:01.95 | Mem:0.00M, Peak:0.00M | Scene, ViewLayer | Synchronizing object | G3_glazing_compression_gasket.255
Fra:451 Mem:740.91M (Peak 906.66M) | Time:00:01.95 | Mem:0.00M, Peak:0.00M | Scene, ViewLayer | Synchronizing object | G3_glazing_compression_gasket.256
Fra:451 Mem:740.91M (Peak 906.66M) | Time:00:01.95 | Mem:0.00M, Peak:0.00M | Scene, ViewLayer | Synchronizing object | G3_glazing_compression_gasket.257
Fra:451 Mem:740.91M (Peak 906.66M) | Time:00:01.95 | Mem:0.00M, Peak:0.00M | Scene, ViewLayer | Synchronizing object | G3_glazing_compression_gasket.258
Fra:451 Mem:740.91M (Peak 906.66M) | Time:00:01.95 | Mem:0.00M, Peak:0.00M | Scene, ViewLayer | Synchronizing object | G3_glazing_compression_gasket.259
Fra:451 Mem:740.92M (Peak 906.66M) | Time:00:01.95 | Mem:0.00M, Peak:0.00M | Scene, ViewLayer | Synchronizing object | G3_glazing_compression_gasket.260
Fra:451 Mem:740.92M (Peak 906.66M) | Time:00:01.95 | Mem:0.00M, Peak:0.00M | Scene, ViewLayer | Synchronizing object | G3_glazing_compression_gasket.261
Fra:451 Mem:740.92M (Peak 906.66M) | Time:00:01.95 | Mem:0.00M, Peak:0.00M | Scene, ViewLayer | Synchronizing object | G3_glazing_compression_gasket.262
Fra:451 Mem:740.92M (Peak 906.66M) | Time:00:01.95 | Mem:0.00M, Peak:0.00M | Scene, ViewLayer | Synchronizing object | G3_glazing_compression_gasket.263
Fra:451 Mem:740.93M (Peak 906.66M) | Time:00:01.95 | Mem:0.00M, Peak:0.00M | Scene, ViewLayer | Synchronizing object | G3_glazing_compression_gasket.264
Fra:451 Mem:740.93M (Peak 906.66M) | Time:00:01.95 | Mem:0.00M, Peak:0.00M | Scene, ViewLayer | Synchronizing object | G3_glazing_compression_gasket.265
Fra:451 Mem:740.93M (Peak 906.66M) | Time:00:01.95 | Mem:0.00M, Peak:0.00M | Scene, ViewLayer | Synchronizing object | G3_glazing_compression_gasket.266
Fra:451 Mem:740.94M (Peak 906.66M) | Time:00:01.95 | Mem:0.00M, Peak:0.00M | Scene, ViewLayer | Synchronizing object | G3_glazing_compression_gasket.267
Fra:451 Mem:740.94M (Peak 906.66M) | Time:00:01.95 | Mem:0.00M, Peak:0.00M | Scene, ViewLayer | Synchronizing object | G3_glazing_compression_gasket.268
Fra:451 Mem:740.94M (Peak 906.66M) | Time:00:01.95 | Mem:0.00M, Peak:0.00M | Scene, ViewLayer | Synchronizing object | G3_glazing_compression_gasket.269
Fra:451 Mem:740.95M (Peak 906.66M) | Time:00:01.95 | Mem:0.00M, Peak:0.00M | Scene, ViewLayer | Synchronizing object | G3_glazing_compression_gasket.270
Fra:451 Mem:740.95M (Peak 906.66M) | Time:00:01.95 | Mem:0.00M, Peak:0.00M | Scene, ViewLayer | Synchronizing object | G3_glazing_compression_gasket.271
Fra:451 Mem:740.96M (Peak 906.66M) | Time:00:01.95 | Mem:0.00M, Peak:0.00M | Scene, ViewLayer | Synchronizing object | G3_hall_pull_handle
Fra:451 Mem:740.97M (Peak 906.66M) | Time:00:01.95 | Mem:0.00M, Peak:0.00M | Scene, ViewLayer | Synchronizing object | G3_hall_pull_handle.001
Fra:451 Mem:740.98M (Peak 906.66M) | Time:00:01.95 | Mem:0.00M, Peak:0.00M | Scene, ViewLayer | Synchronizing object | G3_carved_pedestal_foot
Fra:451 Mem:741.02M (Peak 906.66M) | Time:00:01.95 | Mem:0.00M, Peak:0.00M | Scene, ViewLayer | Synchronizing object | G3_carved_pedestal_foot.001
Fra:451 Mem:741.02M (Peak 906.66M) | Time:00:01.95 | Mem:0.00M, Peak:0.00M | Scene, ViewLayer | Synchronizing object | G3_carved_pedestal_foot.002
Fra:451 Mem:741.04M (Peak 906.66M) | Time:00:01.95 | Mem:0.00M, Peak:0.00M | Scene, ViewLayer | Synchronizing object | G3_cup_handle
Fra:451 Mem:741.07M (Peak 906.66M) | Time:00:01.95 | Mem:0.00M, Peak:0.00M | Scene, ViewLayer | Synchronizing object | G3_door_jamb_gasket
Fra:451 Mem:741.07M (Peak 906.66M) | Time:00:01.95 | Mem:0.00M, Peak:0.00M | Scene, ViewLayer | Synchronizing object | G3_door_jamb_gasket.001
Fra:451 Mem:741.08M (Peak 906.66M) | Time:00:01.95 | Mem:0.00M, Peak:0.00M | Scene, ViewLayer | Synchronizing object | Track_sleeper.032
Fra:451 Mem:741.08M (Peak 906.66M) | Time:00:01.95 | Mem:0.00M, Peak:0.00M | Scene, ViewLayer | Synchronizing object | G3_slide_guide_rail
Fra:451 Mem:741.11M (Peak 906.66M) | Time:00:01.95 | Mem:0.00M, Peak:0.00M | Scene, ViewLayer | Synchronizing object | G3_slide_guide_rail.001
Fra:451 Mem:741.15M (Peak 906.66M) | Time:00:01.96 | Mem:0.00M, Peak:0.00M | Scene, ViewLayer | Synchronizing object | G3R04_sconce_bracket
Fra:451 Mem:741.15M (Peak 906.66M) | Time:00:01.96 | Mem:0.00M, Peak:0.00M | Scene, ViewLayer | Synchronizing object | G3R04_sconce_bracket.001
Fra:451 Mem:741.17M (Peak 906.66M) | Time:00:01.96 | Mem:0.00M, Peak:0.00M | Scene, ViewLayer | Synchronizing object | G4_full_pane_perimeter_seals
Fra:451 Mem:745.25M (Peak 906.66M) | Time:00:01.96 | Mem:0.00M, Peak:0.00M | Scene, ViewLayer | Synchronizing object | Bridge_guard_post.049
Fra:451 Mem:745.26M (Peak 906.66M) | Time:00:01.96 | Mem:0.00M, Peak:0.00M | Scene, ViewLayer | Synchronizing object | Track_sleeper.050
Fra:451 Mem:745.29M (Peak 906.66M) | Time:00:01.96 | Mem:0.00M, Peak:0.00M | Scene, ViewLayer | Synchronizing object | Track_sleeper.134
Fra:451 Mem:745.29M (Peak 906.66M) | Time:00:01.96 | Mem:0.00M, Peak:0.00M | Scene, ViewLayer | Synchronizing object | Bridge_guard_post.036
Fra:451 Mem:745.32M (Peak 906.66M) | Time:00:01.96 | Mem:0.00M, Peak:0.00M | Scene, ViewLayer | Synchronizing object | Bridge_guard_post.008
Fra:451 Mem:745.33M (Peak 906.66M) | Time:00:01.96 | Mem:0.00M, Peak:0.00M | Scene, ViewLayer | Synchronizing object | Track_sleeper.008
Fra:451 Mem:745.94M (Peak 906.66M) | Time:00:01.96 | Mem:0.00M, Peak:0.00M | Scene, ViewLayer | Synchronizing object | Track_sleeper.143
Fra:451 Mem:745.97M (Peak 906.66M) | Time:00:01.96 | Mem:0.00M, Peak:0.00M | Scene, ViewLayer | Synchronizing object | Bridge_guard_post.011
Fra:451 Mem:745.98M (Peak 906.66M) | Time:00:01.96 | Mem:0.00M, Peak:0.00M | Scene, ViewLayer | Synchronizing object | Bridge_guard_post.012
Fra:451 Mem:745.79M (Peak 906.66M) | Time:00:01.96 | Mem:0.00M, Peak:0.00M | Scene, ViewLayer | Synchronizing object | Bridge_guard_post.057
Fra:451 Mem:745.79M (Peak 906.66M) | Time:00:01.96 | Mem:0.00M, Peak:0.00M | Scene, ViewLayer | Synchronizing object | Track_sleeper.024
Fra:451 Mem:746.61M (Peak 906.66M) | Time:00:01.96 | Mem:0.00M, Peak:0.00M | Scene, ViewLayer | Synchronizing object | Track_sleeper.106
Fra:451 Mem:746.64M (Peak 906.66M) | Time:00:01.96 | Mem:0.00M, Peak:0.00M | Scene, ViewLayer | Synchronizing object | Track_sleeper.069
Fra:451 Mem:746.66M (Peak 906.66M) | Time:00:01.96 | Mem:0.00M, Peak:0.00M | Scene, ViewLayer | Synchronizing object | Track_sleeper.122
Fra:451 Mem:746.89M (Peak 906.66M) | Time:00:01.96 | Mem:0.00M, Peak:0.00M | Scene, ViewLayer | Synchronizing object | Bridge_guard_post.035
Fra:451 Mem:746.89M (Peak 906.66M) | Time:00:01.96 | Mem:0.00M, Peak:0.00M | Scene, ViewLayer | Synchronizing object | Bridge_guard_post.038
Fra:451 Mem:745.31M (Peak 906.66M) | Time:00:01.97 | Mem:0.00M, Peak:0.00M | Scene, ViewLayer | Synchronizing object | G4_sconce_G3R04_sconce_bracket
Fra:451 Mem:745.32M (Peak 906.66M) | Time:00:01.97 | Mem:0.00M, Peak:0.00M | Scene, ViewLayer | Synchronizing object | G4_sconce_G3R04_sconce_bracket.001
Fra:451 Mem:745.33M (Peak 906.66M) | Time:00:01.97 | Mem:0.00M, Peak:0.00M | Scene, ViewLayer | Synchronizing object | Track_sleeper.002
Fra:451 Mem:745.36M (Peak 906.66M) | Time:00:01.97 | Mem:0.00M, Peak:0.00M | Scene, ViewLayer | Synchronizing object | G4_sconce_G3R04_sconce_bracket.002
Fra:451 Mem:745.37M (Peak 906.66M) | Time:00:01.97 | Mem:0.00M, Peak:0.00M | Scene, ViewLayer | Synchronizing object | G4_sconce_G3R04_sconce_bracket.003
Fra:451 Mem:745.39M (Peak 906.66M) | Time:00:01.97 | Mem:0.00M, Peak:0.00M | Scene, ViewLayer | Synchronizing object | G4_sconce_G3R04_sconce_bracket.004
Fra:451 Mem:745.40M (Peak 906.66M) | Time:00:01.97 | Mem:0.00M, Peak:0.00M | Scene, ViewLayer | Synchronizing object | G4_sconce_G3R04_sconce_bracket.005
Fra:451 Mem:745.41M (Peak 906.66M) | Time:00:01.97 | Mem:0.00M, Peak:0.00M | Scene, ViewLayer | Synchronizing object | G4_sconce_G3R04_sconce_bracket.006
Fra:451 Mem:745.42M (Peak 906.66M) | Time:00:01.97 | Mem:0.00M, Peak:0.00M | Scene, ViewLayer | Synchronizing object | G4_sconce_G3R04_sconce_bracket.007
Fra:451 Mem:745.43M (Peak 906.66M) | Time:00:01.97 | Mem:0.00M, Peak:0.00M | Scene, ViewLayer | Synchronizing object | G4_sconce_G3R04_sconce_bracket.008
Fra:451 Mem:745.45M (Peak 906.66M) | Time:00:01.97 | Mem:0.00M, Peak:0.00M | Scene, ViewLayer | Synchronizing object | G4_sconce_G3R04_sconce_bracket.009
Fra:451 Mem:745.46M (Peak 906.66M) | Time:00:01.97 | Mem:0.00M, Peak:0.00M | Scene, ViewLayer | Synchronizing object | G4_sconce_G3R04_sconce_bracket.010
Fra:451 Mem:745.47M (Peak 906.66M) | Time:00:01.97 | Mem:0.00M, Peak:0.00M | Scene, ViewLayer | Synchronizing object | G4_sconce_G3R04_sconce_bracket.011
Fra:451 Mem:745.48M (Peak 906.66M) | Time:00:01.97 | Mem:0.00M, Peak:0.00M | Scene, ViewLayer | Synchronizing object | G4_sconce_G3R04_sconce_bracket.012
Fra:451 Mem:745.49M (Peak 906.66M) | Time:00:01.97 | Mem:0.00M, Peak:0.00M | Scene, ViewLayer | Synchronizing object | G4_sconce_G3R04_sconce_bracket.013
Fra:451 Mem:745.51M (Peak 906.66M) | Time:00:01.97 | Mem:0.00M, Peak:0.00M | Scene, ViewLayer | Synchronizing object | G4_sconce_G3R04_sconce_bracket.014
Fra:451 Mem:745.52M (Peak 906.66M) | Time:00:01.97 | Mem:0.00M, Peak:0.00M | Scene, ViewLayer | Synchronizing object | G4_sconce_G3R04_sconce_bracket.015
Fra:451 Mem:745.57M (Peak 906.66M) | Time:00:01.97 | Mem:0.00M, Peak:0.00M | Scene, ViewLayer | Synchronizing object | G4_cafe_G3_carved_pedestal_foot
Fra:451 Mem:745.58M (Peak 906.66M) | Time:00:01.97 | Mem:0.00M, Peak:0.00M | Scene, ViewLayer | Synchronizing object | G4_cafe_G3_carved_pedestal_foot.001
Fra:451 Mem:745.59M (Peak 906.66M) | Time:00:01.97 | Mem:0.00M, Peak:0.00M | Scene, ViewLayer | Synchronizing object | G4_cafe_G3_carved_pedestal_foot.002
Fra:451 Mem:745.59M (Peak 906.66M) | Time:00:01.97 | Mem:0.00M, Peak:0.00M | Scene, ViewLayer | Synchronizing object | G4_cafe_G3_carved_pedestal_foot.003
Fra:451 Mem:745.60M (Peak 906.66M) | Time:00:01.97 | Mem:0.00M, Peak:0.00M | Scene, ViewLayer | Synchronizing object | G4_cafe_G3_carved_pedestal_foot.004
Fra:451 Mem:745.60M (Peak 906.66M) | Time:00:01.97 | Mem:0.00M, Peak:0.00M | Scene, ViewLayer | Synchronizing object | G4_cafe_G3_carved_pedestal_foot.005
Fra:451 Mem:745.61M (Peak 906.66M) | Time:00:01.97 | Mem:0.00M, Peak:0.00M | Scene, ViewLayer | Synchronizing object | G4_bench_seat_piping
Fra:451 Mem:745.65M (Peak 906.66M) | Time:00:01.97 | Mem:0.00M, Peak:0.00M | Scene, ViewLayer | Synchronizing object | G4_bench_seat_piping.001
Fra:451 Mem:745.68M (Peak 906.66M) | Time:00:01.97 | Mem:0.00M, Peak:0.00M | Scene, ViewLayer | Synchronizing object | G4_bench_seat_piping.002
Fra:451 Mem:745.72M (Peak 906.66M) | Time:00:01.97 | Mem:0.00M, Peak:0.00M | Scene, ViewLayer | Synchronizing object | G4_bench_seat_piping.003
Fra:451 Mem:745.76M (Peak 906.66M) | Time:00:01.97 | Mem:0.00M, Peak:0.00M | Scene, ViewLayer | Synchronizing object | G4_bench_seat_piping.004
Fra:451 Mem:745.79M (Peak 906.66M) | Time:00:01.97 | Mem:0.00M, Peak:0.00M | Scene, ViewLayer | Synchronizing object | G4_bench_seat_piping.005
Fra:451 Mem:745.83M (Peak 906.66M) | Time:00:01.97 | Mem:0.00M, Peak:0.00M | Scene, ViewLayer | Synchronizing object | G4_bench_seat_piping.006
Fra:451 Mem:745.87M (Peak 906.66M) | Time:00:01.97 | Mem:0.00M, Peak:0.00M | Scene, ViewLayer | Synchronizing object | G4_bench_seat_piping.007
Fra:451 Mem:745.90M (Peak 906.66M) | Time:00:01.97 | Mem:0.00M, Peak:0.00M | Scene, ViewLayer | Synchronizing object | G4_bench_seat_piping.008
Fra:451 Mem:745.94M (Peak 906.66M) | Time:00:01.97 | Mem:0.00M, Peak:0.00M | Scene, ViewLayer | Synchronizing object | G4_bench_seat_piping.009
Fra:451 Mem:745.97M (Peak 906.66M) | Time:00:01.97 | Mem:0.00M, Peak:0.00M | Scene, ViewLayer | Synchronizing object | G4_bench_seat_piping.010
Fra:451 Mem:746.01M (Peak 906.66M) | Time:00:01.97 | Mem:0.00M, Peak:0.00M | Scene, ViewLayer | Synchronizing object | G4_bench_seat_piping.011
Fra:451 Mem:746.08M (Peak 906.66M) | Time:00:01.98 | Mem:0.00M, Peak:0.00M | Scene, ViewLayer | Synchronizing object | G4_car_vault_rib
Fra:451 Mem:746.13M (Peak 906.66M) | Time:00:01.98 | Mem:0.00M, Peak:0.00M | Scene, ViewLayer | Synchronizing object | G4_car_vault_rib.001
Fra:451 Mem:746.18M (Peak 906.66M) | Time:00:01.98 | Mem:0.00M, Peak:0.00M | Scene, ViewLayer | Synchronizing object | G4_car_vault_rib.002
Fra:451 Mem:746.23M (Peak 906.66M) | Time:00:01.98 | Mem:0.00M, Peak:0.00M | Scene, ViewLayer | Synchronizing object | G4_car_vault_rib.003
Fra:451 Mem:746.28M (Peak 906.66M) | Time:00:01.98 | Mem:0.00M, Peak:0.00M | Scene, ViewLayer | Synchronizing object | G4_car_vault_rib.004
Fra:451 Mem:746.33M (Peak 906.66M) | Time:00:01.98 | Mem:0.00M, Peak:0.00M | Scene, ViewLayer | Synchronizing object | G4_car_vault_rib.005
Fra:451 Mem:746.38M (Peak 906.66M) | Time:00:01.98 | Mem:0.00M, Peak:0.00M | Scene, ViewLayer | Synchronizing object | G4_car_vault_rib.006
Fra:451 Mem:746.43M (Peak 906.66M) | Time:00:01.98 | Mem:0.00M, Peak:0.00M | Scene, ViewLayer | Synchronizing object | G4_car_vault_rib.007
Fra:451 Mem:746.50M (Peak 906.66M) | Time:00:01.98 | Mem:0.00M, Peak:0.00M | Scene, ViewLayer | Synchronizing object | G4_car_seat_piping
Fra:451 Mem:746.54M (Peak 906.66M) | Time:00:01.98 | Mem:0.00M, Peak:0.00M | Scene, ViewLayer | Synchronizing object | G4_car_seat_piping.001
Fra:451 Mem:746.57M (Peak 906.66M) | Time:00:01.98 | Mem:0.00M, Peak:0.00M | Scene, ViewLayer | Synchronizing object | G4_car_seat_piping.002
Fra:451 Mem:746.61M (Peak 906.66M) | Time:00:01.98 | Mem:0.00M, Peak:0.00M | Scene, ViewLayer | Synchronizing object | G4_car_seat_piping.003
Fra:451 Mem:746.64M (Peak 906.66M) | Time:00:01.98 | Mem:0.00M, Peak:0.00M | Scene, ViewLayer | Synchronizing object | G4_car_seat_piping.004
Fra:451 Mem:746.68M (Peak 906.66M) | Time:00:01.98 | Mem:0.00M, Peak:0.00M | Scene, ViewLayer | Synchronizing object | G4_car_seat_piping.005
Fra:451 Mem:746.71M (Peak 906.66M) | Time:00:01.98 | Mem:0.00M, Peak:0.00M | Scene, ViewLayer | Synchronizing object | G4_car_seat_piping.006
Fra:451 Mem:746.74M (Peak 906.66M) | Time:00:01.98 | Mem:0.00M, Peak:0.00M | Scene, ViewLayer | Synchronizing object | G4_car_seat_piping.007
Fra:451 Mem:746.78M (Peak 906.66M) | Time:00:01.98 | Mem:0.00M, Peak:0.00M | Scene, ViewLayer | Synchronizing object | G4_car_seat_piping.008
Fra:451 Mem:746.81M (Peak 906.66M) | Time:00:01.98 | Mem:0.00M, Peak:0.00M | Scene, ViewLayer | Synchronizing object | G4_car_seat_piping.009
Fra:451 Mem:746.85M (Peak 906.66M) | Time:00:01.98 | Mem:0.00M, Peak:0.00M | Scene, ViewLayer | Synchronizing object | G4_seat_back_grab_rail
Fra:451 Mem:746.85M (Peak 906.66M) | Time:00:01.98 | Mem:0.00M, Peak:0.00M | Scene, ViewLayer | Synchronizing object | G4_seat_back_grab_rail.001
Fra:451 Mem:746.85M (Peak 906.66M) | Time:00:01.98 | Mem:0.00M, Peak:0.00M | Scene, ViewLayer | Synchronizing object | G4_seat_back_grab_rail.002
Fra:451 Mem:746.85M (Peak 906.66M) | Time:00:01.98 | Mem:0.00M, Peak:0.00M | Scene, ViewLayer | Synchronizing object | G4_seat_back_grab_rail.003
Fra:451 Mem:746.85M (Peak 906.66M) | Time:00:01.98 | Mem:0.00M, Peak:0.00M | Scene, ViewLayer | Synchronizing object | G4_seat_back_grab_rail.004
Fra:451 Mem:746.86M (Peak 906.66M) | Time:00:01.98 | Mem:0.00M, Peak:0.00M | Scene, ViewLayer | Synchronizing object | G4_seat_back_grab_rail.005
Fra:451 Mem:746.86M (Peak 906.66M) | Time:00:01.98 | Mem:0.00M, Peak:0.00M | Scene, ViewLayer | Synchronizing object | G4_seat_back_grab_rail.006
Fra:451 Mem:746.86M (Peak 906.66M) | Time:00:01.98 | Mem:0.00M, Peak:0.00M | Scene, ViewLayer | Synchronizing object | G4_seat_back_grab_rail.007
Fra:451 Mem:746.86M (Peak 906.66M) | Time:00:01.98 | Mem:0.00M, Peak:0.00M | Scene, ViewLayer | Synchronizing object | G4_seat_back_grab_rail.008
Fra:451 Mem:746.87M (Peak 906.66M) | Time:00:01.98 | Mem:0.00M, Peak:0.00M | Scene, ViewLayer | Synchronizing object | G4_seat_back_grab_rail.009
Fra:451 Mem:746.87M (Peak 906.66M) | Time:00:01.98 | Mem:0.00M, Peak:0.00M | Scene, ViewLayer | Synchronizing object | G4_suspension_helix
Fra:451 Mem:746.98M (Peak 906.66M) | Time:00:01.98 | Mem:0.00M, Peak:0.00M | Scene, ViewLayer | Synchronizing object | G4_suspension_helix.001
Fra:451 Mem:747.09M (Peak 906.66M) | Time:00:01.98 | Mem:0.00M, Peak:0.00M | Scene, ViewLayer | Synchronizing object | G4_suspension_helix.002
Fra:451 Mem:747.20M (Peak 906.66M) | Time:00:01.98 | Mem:0.00M, Peak:0.00M | Scene, ViewLayer | Synchronizing object | G4_suspension_helix.003
Fra:451 Mem:747.31M (Peak 906.66M) | Time:00:01.98 | Mem:0.00M, Peak:0.00M | Scene, ViewLayer | Synchronizing object | G4_suspension_helix.004
Fra:451 Mem:747.41M (Peak 906.66M) | Time:00:01.98 | Mem:0.00M, Peak:0.00M | Scene, ViewLayer | Synchronizing object | G4_suspension_helix.005
Fra:451 Mem:747.52M (Peak 906.66M) | Time:00:01.98 | Mem:0.00M, Peak:0.00M | Scene, ViewLayer | Synchronizing object | G4_suspension_helix.006
Fra:451 Mem:747.63M (Peak 906.66M) | Time:00:01.98 | Mem:0.00M, Peak:0.00M | Scene, ViewLayer | Synchronizing object | G4_suspension_helix.007
Fra:451 Mem:747.75M (Peak 906.66M) | Time:00:01.98 | Mem:0.00M, Peak:0.00M | Scene, ViewLayer | Synchronizing object | G4_cab_gauge_needle
Fra:451 Mem:747.75M (Peak 906.66M) | Time:00:01.98 | Mem:0.00M, Peak:0.00M | Scene, ViewLayer | Synchronizing object | G4_cab_gauge_needle.001
Fra:451 Mem:747.75M (Peak 906.66M) | Time:00:01.98 | Mem:0.00M, Peak:0.00M | Scene, ViewLayer | Synchronizing object | G4_cab_gauge_needle.002
Fra:451 Mem:747.76M (Peak 906.66M) | Time:00:01.98 | Mem:0.00M, Peak:0.00M | Scene, ViewLayer | Synchronizing object | G4_viaduct_arch_edge_course
Fra:451 Mem:747.79M (Peak 906.66M) | Time:00:01.98 | Mem:0.00M, Peak:0.00M | Scene, ViewLayer | Synchronizing object | G4_viaduct_arch_edge_course.001
Fra:451 Mem:747.82M (Peak 906.66M) | Time:00:01.98 | Mem:0.00M, Peak:0.00M | Scene, ViewLayer | Synchronizing object | G4_viaduct_arch_edge_course.002
Fra:451 Mem:747.85M (Peak 906.66M) | Time:00:01.98 | Mem:0.00M, Peak:0.00M | Scene, ViewLayer | Synchronizing object | G4_viaduct_arch_edge_course.003
Fra:451 Mem:747.87M (Peak 906.66M) | Time:00:01.98 | Mem:0.00M, Peak:0.00M | Scene, ViewLayer | Synchronizing object | G4_viaduct_arch_edge_course.004
Fra:451 Mem:747.90M (Peak 906.66M) | Time:00:01.98 | Mem:0.00M, Peak:0.00M | Scene, ViewLayer | Synchronizing object | G4_viaduct_arch_edge_course.005
Fra:451 Mem:747.93M (Peak 906.66M) | Time:00:01.98 | Mem:0.00M, Peak:0.00M | Scene, ViewLayer | Synchronizing object | G4_viaduct_arch_edge_course.006
Fra:451 Mem:747.96M (Peak 906.66M) | Time:00:01.98 | Mem:0.00M, Peak:0.00M | Scene, ViewLayer | Synchronizing object | G4_viaduct_arch_edge_course.007
Fra:451 Mem:747.99M (Peak 906.66M) | Time:00:01.98 | Mem:0.00M, Peak:0.00M | Scene, ViewLayer | Synchronizing object | G4_viaduct_arch_edge_course.008
Fra:451 Mem:748.02M (Peak 906.66M) | Time:00:01.98 | Mem:0.00M, Peak:0.00M | Scene, ViewLayer | Synchronizing object | G4_viaduct_arch_edge_course.009
Fra:451 Mem:748.05M (Peak 906.66M) | Time:00:01.98 | Mem:0.00M, Peak:0.00M | Scene, ViewLayer | Synchronizing object | G4_viaduct_arch_edge_course.010
Fra:451 Mem:748.08M (Peak 906.66M) | Time:00:01.98 | Mem:0.00M, Peak:0.00M | Scene, ViewLayer | Synchronizing object | G4_viaduct_arch_edge_course.011
Fra:451 Mem:754.31M (Peak 906.66M) | Time:00:01.99 | Mem:0.00M, Peak:0.00M | Scene, ViewLayer | Synchronizing object | G4R03_roof_clipped_rain
Fra:451 Mem:757.33M (Peak 906.66M) | Time:00:02.05 | Mem:0.00M, Peak:0.00M | Scene, ViewLayer | Synchronizing object | Track_sleeper.048
Fra:451 Mem:757.37M (Peak 906.66M) | Time:00:02.05 | Mem:0.00M, Peak:0.00M | Scene, ViewLayer | Synchronizing object | Track_sleeper.060
Fra:451 Mem:757.40M (Peak 906.66M) | Time:00:02.05 | Mem:0.00M, Peak:0.00M | Scene, ViewLayer | Synchronizing object | Track_sleeper.062
Fra:451 Mem:757.44M (Peak 906.66M) | Time:00:02.05 | Mem:0.00M, Peak:0.00M | Scene, ViewLayer | Synchronizing object | Track_sleeper.040
Fra:451 Mem:757.47M (Peak 906.66M) | Time:00:02.05 | Mem:0.00M, Peak:0.00M | Scene, ViewLayer | Synchronizing object | Bridge_guard_post.029
Fra:451 Mem:757.48M (Peak 906.66M) | Time:00:02.05 | Mem:0.00M, Peak:0.00M | Scene, ViewLayer | Synchronizing object | Track_sleeper.124
Fra:451 Mem:757.52M (Peak 906.66M) | Time:00:02.05 | Mem:0.00M, Peak:0.00M | Scene, ViewLayer | Synchronizing object | Track_sleeper.117
Fra:451 Mem:757.55M (Peak 906.66M) | Time:00:02.05 | Mem:0.00M, Peak:0.00M | Scene, ViewLayer | Synchronizing object | Track_sleeper.101
Fra:451 Mem:757.59M (Peak 906.66M) | Time:00:02.05 | Mem:0.00M, Peak:0.00M | Scene, ViewLayer | Synchronizing object | Track_sleeper.076
Fra:451 Mem:757.62M (Peak 906.66M) | Time:00:02.05 | Mem:0.00M, Peak:0.00M | Scene, ViewLayer | Synchronizing object | Track_sleeper.103
Fra:451 Mem:757.66M (Peak 906.66M) | Time:00:02.05 | Mem:0.00M, Peak:0.00M | Scene, ViewLayer | Synchronizing object | Track_sleeper.094
Fra:451 Mem:757.69M (Peak 906.66M) | Time:00:02.05 | Mem:0.00M, Peak:0.00M | Scene, ViewLayer | Synchronizing object | Bridge_guard_post.026
Fra:451 Mem:757.70M (Peak 906.66M) | Time:00:02.05 | Mem:0.00M, Peak:0.00M | Scene, ViewLayer | Synchronizing object | Track_sleeper.119
Fra:451 Mem:757.74M (Peak 906.66M) | Time:00:02.05 | Mem:0.00M, Peak:0.00M | Scene, ViewLayer | Synchronizing object | Viaduct_arch_spandrel.004
Fra:451 Mem:757.77M (Peak 906.66M) | Time:00:02.05 | Mem:0.00M, Peak:0.00M | Scene, ViewLayer | Synchronizing object | Bridge_guard_post.052
Fra:451 Mem:757.78M (Peak 906.66M) | Time:00:02.05 | Mem:0.00M, Peak:0.00M | Scene, ViewLayer | Synchronizing object | Track_sleeper.021
Fra:451 Mem:757.81M (Peak 906.66M) | Time:00:02.05 | Mem:0.00M, Peak:0.00M | Scene, ViewLayer | Synchronizing object | Track_sleeper.081
Fra:451 Mem:757.97M (Peak 906.66M) | Time:00:02.05 | Mem:0.00M, Peak:0.00M | Scene, ViewLayer | Synchronizing object | Track_sleeper.013
Fra:451 Mem:758.01M (Peak 906.66M) | Time:00:02.05 | Mem:0.00M, Peak:0.00M | Scene, ViewLayer | Synchronizing object | Track_sleeper.096
Fra:451 Mem:758.05M (Peak 906.66M) | Time:00:02.05 | Mem:0.00M, Peak:0.00M | Scene, ViewLayer | Synchronizing object | Track_sleeper.128
Fra:451 Mem:758.08M (Peak 906.66M) | Time:00:02.05 | Mem:0.00M, Peak:0.00M | Scene, ViewLayer | Synchronizing object | Viaduct_arch_spandrel
Fra:451 Mem:758.11M (Peak 906.66M) | Time:00:02.05 | Mem:0.00M, Peak:0.00M | Scene, ViewLayer | Synchronizing object | Track_sleeper.089
Fra:451 Mem:758.11M (Peak 906.66M) | Time:00:02.05 | Mem:0.00M, Peak:0.00M | Scene, ViewLayer | Synchronizing object | Bridge_guard_post.004
Fra:451 Mem:758.15M (Peak 906.66M) | Time:00:02.05 | Mem:0.00M, Peak:0.00M | Scene, ViewLayer | Synchronizing object | Viaduct_arch_spandrel.002
Fra:451 Mem:758.18M (Peak 906.66M) | Time:00:02.05 | Mem:0.00M, Peak:0.00M | Scene, ViewLayer | Synchronizing object | Track_sleeper.087
Fra:451 Mem:758.21M (Peak 906.66M) | Time:00:02.05 | Mem:0.00M, Peak:0.00M | Scene, ViewLayer | Synchronizing object | Viaduct_arch_spandrel.001
Fra:451 Mem:758.24M (Peak 906.66M) | Time:00:02.05 | Mem:0.00M, Peak:0.00M | Scene, ViewLayer | Synchronizing object | Buffer_stop_crossbar
Fra:451 Mem:758.27M (Peak 906.66M) | Time:00:02.05 | Mem:0.00M, Peak:0.00M | Scene, ViewLayer | Synchronizing object | Track_sleeper.146
Fra:451 Mem:758.30M (Peak 906.66M) | Time:00:02.05 | Mem:0.00M, Peak:0.00M | Scene, ViewLayer | Synchronizing object | Track_sleeper.047
Fra:451 Mem:758.31M (Peak 906.66M) | Time:00:02.05 | Mem:0.00M, Peak:0.00M | Scene, ViewLayer | Synchronizing object | Track_sleeper.149
Fra:451 Mem:758.35M (Peak 906.66M) | Time:00:02.06 | Mem:0.00M, Peak:0.00M | Scene, ViewLayer | Synchronizing object | Bridge_guard_post.045
Fra:451 Mem:758.39M (Peak 906.66M) | Time:00:02.06 | Mem:0.00M, Peak:0.00M | Scene, ViewLayer | Synchronizing object | Track_sleeper.139
Fra:451 Mem:758.41M (Peak 906.66M) | Time:00:02.06 | Mem:0.00M, Peak:0.00M | Scene, ViewLayer | Synchronizing object | Bridge_guard_post.023
Fra:451 Mem:758.43M (Peak 906.66M) | Time:00:02.06 | Mem:0.00M, Peak:0.00M | Scene, ViewLayer | Synchronizing object | Track_sleeper.025
Fra:451 Mem:758.45M (Peak 906.66M) | Time:00:02.06 | Mem:0.00M, Peak:0.00M | Scene, ViewLayer | Synchronizing object | Track_sleeper.052
Fra:451 Mem:758.48M (Peak 906.66M) | Time:00:02.06 | Mem:0.00M, Peak:0.00M | Scene, ViewLayer | Synchronizing object | Track_sleeper.073
Fra:451 Mem:758.51M (Peak 906.66M) | Time:00:02.06 | Mem:0.00M, Peak:0.00M | Scene, ViewLayer | Synchronizing object | Bridge_guard_post.043
Fra:451 Mem:758.53M (Peak 906.66M) | Time:00:02.06 | Mem:0.00M, Peak:0.00M | Scene, ViewLayer | Synchronizing object | Track_sleeper.011
Fra:451 Mem:758.52M (Peak 906.66M) | Time:00:02.06 | Mem:0.00M, Peak:0.00M | Scene, ViewLayer | Synchronizing object | Track_sleeper.141
Fra:451 Mem:758.59M (Peak 906.66M) | Time:00:02.06 | Mem:0.00M, Peak:0.00M | Scene, ViewLayer | Synchronizing object | Track_sleeper.150
Fra:451 Mem:758.58M (Peak 906.66M) | Time:00:02.06 | Mem:0.00M, Peak:0.00M | Scene, ViewLayer | Synchronizing object | Bridge_guard_post.007
Fra:451 Mem:758.62M (Peak 906.66M) | Time:00:02.06 | Mem:0.00M, Peak:0.00M | Scene, ViewLayer | Synchronizing object | Bridge_guard_post.048
Fra:451 Mem:758.62M (Peak 906.66M) | Time:00:02.06 | Mem:0.00M, Peak:0.00M | Scene, ViewLayer | Synchronizing object | Track_sleeper.084
Fra:451 Mem:758.65M (Peak 906.66M) | Time:00:02.06 | Mem:0.00M, Peak:0.00M | Scene, ViewLayer | Synchronizing object | Track_sleeper.133
Fra:451 Mem:758.69M (Peak 906.66M) | Time:00:02.06 | Mem:0.00M, Peak:0.00M | Scene, ViewLayer | Synchronizing object | Track_sleeper.006
Fra:451 Mem:758.71M (Peak 906.66M) | Time:00:02.06 | Mem:0.00M, Peak:0.00M | Scene, ViewLayer | Synchronizing object | Track_sleeper
Fra:451 Mem:758.75M (Peak 906.66M) | Time:00:02.06 | Mem:0.00M, Peak:0.00M | Scene, ViewLayer | Synchronizing object | Track_sleeper.016
Fra:451 Mem:758.77M (Peak 906.66M) | Time:00:02.06 | Mem:0.00M, Peak:0.00M | Scene, ViewLayer | Synchronizing object | Track_sleeper.085
Fra:451 Mem:758.81M (Peak 906.66M) | Time:00:02.06 | Mem:0.00M, Peak:0.00M | Scene, ViewLayer | Synchronizing object | Track_sleeper.113
Fra:451 Mem:758.85M (Peak 906.66M) | Time:00:02.06 | Mem:0.00M, Peak:0.00M | Scene, ViewLayer | Synchronizing object | Bridge_guard_post
Fra:451 Mem:758.85M (Peak 906.66M) | Time:00:02.06 | Mem:0.00M, Peak:0.00M | Scene, ViewLayer | Synchronizing object | Bridge_guard_post.025
Fra:451 Mem:758.85M (Peak 906.66M) | Time:00:02.06 | Mem:0.00M, Peak:0.00M | Scene, ViewLayer | Synchronizing object | Track_sleeper.099
Fra:451 Mem:758.90M (Peak 906.66M) | Time:00:02.06 | Mem:0.00M, Peak:0.00M | Scene, ViewLayer | Synchronizing object | Track_sleeper.043
Fra:451 Mem:758.91M (Peak 906.66M) | Time:00:02.06 | Mem:0.00M, Peak:0.00M | Scene, ViewLayer | Synchronizing object | Track_sleeper.115
Fra:451 Mem:758.95M (Peak 906.66M) | Time:00:02.06 | Mem:0.00M, Peak:0.00M | Scene, ViewLayer | Synchronizing object | Track_sleeper.092
Fra:451 Mem:758.98M (Peak 906.66M) | Time:00:02.06 | Mem:0.00M, Peak:0.00M | Scene, ViewLayer | Synchronizing object | Bridge_guard_post.030
Fra:451 Mem:758.98M (Peak 906.66M) | Time:00:02.06 | Mem:0.00M, Peak:0.00M | Scene, ViewLayer | Synchronizing object | Track_sleeper.070
Fra:451 Mem:759.02M (Peak 906.66M) | Time:00:02.06 | Mem:0.00M, Peak:0.00M | Scene, ViewLayer | Synchronizing object | Bridge_guard_post.028
Fra:451 Mem:759.02M (Peak 906.66M) | Time:00:02.06 | Mem:0.00M, Peak:0.00M | Scene, ViewLayer | Synchronizing object | Track_sleeper.077
Fra:451 Mem:759.05M (Peak 906.66M) | Time:00:02.06 | Mem:0.00M, Peak:0.00M | Scene, ViewLayer | Synchronizing object | Track_sleeper.110
Fra:451 Mem:759.08M (Peak 906.66M) | Time:00:02.06 | Mem:0.00M, Peak:0.00M | Scene, ViewLayer | Synchronizing object | Bridge_guard_post.019
Fra:451 Mem:759.09M (Peak 906.66M) | Time:00:02.06 | Mem:0.00M, Peak:0.00M | Scene, ViewLayer | Synchronizing object | Bridge_guard_post.020
Fra:451 Mem:759.10M (Peak 906.66M) | Time:00:02.06 | Mem:0.00M, Peak:0.00M | Scene, ViewLayer | Synchronizing object | Track_sleeper.033
Fra:451 Mem:759.10M (Peak 906.66M) | Time:00:02.06 | Mem:0.00M, Peak:0.00M | Scene, ViewLayer | Synchronizing object | Track_sleeper.135
Fra:451 Mem:759.17M (Peak 906.66M) | Time:00:02.06 | Mem:0.00M, Peak:0.00M | Scene, ViewLayer | Synchronizing object | Track_sleeper.014
Fra:451 Mem:759.16M (Peak 906.66M) | Time:00:02.06 | Mem:0.00M, Peak:0.00M | Scene, ViewLayer | Synchronizing object | Track_sleeper.034
Fra:451 Mem:759.25M (Peak 906.66M) | Time:00:02.06 | Mem:0.00M, Peak:0.00M | Scene, ViewLayer | Synchronizing object | Track_sleeper.051
Fra:451 Mem:759.23M (Peak 906.66M) | Time:00:02.06 | Mem:0.00M, Peak:0.00M | Scene, ViewLayer | Synchronizing object | Track_sleeper.064
Fra:451 Mem:759.28M (Peak 906.66M) | Time:00:02.06 | Mem:0.00M, Peak:0.00M | Scene, ViewLayer | Synchronizing object | Bridge_guard_post.037
Fra:451 Mem:759.28M (Peak 906.66M) | Time:00:02.06 | Mem:0.00M, Peak:0.00M | Scene, ViewLayer | Synchronizing object | Track_sleeper.147
Fra:451 Mem:759.32M (Peak 906.66M) | Time:00:02.06 | Mem:0.00M, Peak:0.00M | Scene, ViewLayer | Synchronizing object | Bridge_guard_post.055
Fra:451 Mem:759.33M (Peak 906.66M) | Time:00:02.06 | Mem:0.00M, Peak:0.00M | Scene, ViewLayer | Synchronizing object | Track_sleeper.144
Fra:451 Mem:759.36M (Peak 906.66M) | Time:00:02.06 | Mem:0.00M, Peak:0.00M | Scene, ViewLayer | Synchronizing object | Track_sleeper.066
Fra:451 Mem:759.40M (Peak 906.66M) | Time:00:02.06 | Mem:0.00M, Peak:0.00M | Scene, ViewLayer | Synchronizing object | Track_sleeper.068
Fra:451 Mem:759.43M (Peak 906.66M) | Time:00:02.06 | Mem:0.00M, Peak:0.00M | Scene, ViewLayer | Synchronizing object | Track_sleeper.137
Fra:451 Mem:759.47M (Peak 906.66M) | Time:00:02.06 | Mem:0.00M, Peak:0.00M | Scene, ViewLayer | Synchronizing object | Track_sleeper.038
Fra:451 Mem:759.50M (Peak 906.66M) | Time:00:02.06 | Mem:0.00M, Peak:0.00M | Scene, ViewLayer | Synchronizing object | Bridge_guard_post.016
Fra:451 Mem:759.51M (Peak 906.66M) | Time:00:02.06 | Mem:0.00M, Peak:0.00M | Scene, ViewLayer | Synchronizing object | Track_sleeper.107
Fra:451 Mem:759.55M (Peak 906.66M) | Time:00:02.06 | Mem:0.00M, Peak:0.00M | Scene, ViewLayer | Synchronizing object | Bridge_guard_post.046
Fra:451 Mem:759.56M (Peak 906.66M) | Time:00:02.06 | Mem:0.00M, Peak:0.00M | Scene, ViewLayer | Synchronizing object | Track_sleeper.067
Fra:451 Mem:759.59M (Peak 906.66M) | Time:00:02.06 | Mem:0.00M, Peak:0.00M | Scene, ViewLayer | Synchronizing object | Track_sleeper.123
Fra:451 Mem:759.63M (Peak 906.66M) | Time:00:02.06 | Mem:0.00M, Peak:0.00M | Scene, ViewLayer | Synchronizing object | Bridge_guard_post.039
Fra:451 Mem:759.63M (Peak 906.66M) | Time:00:02.06 | Mem:0.00M, Peak:0.00M | Scene, ViewLayer | Synchronizing object | Track_sleeper.003
Fra:451 Mem:759.67M (Peak 906.66M) | Time:00:02.06 | Mem:0.00M, Peak:0.00M | Scene, ViewLayer | Synchronizing object | Track_sleeper.026
Fra:451 Mem:759.70M (Peak 906.66M) | Time:00:02.06 | Mem:0.00M, Peak:0.00M | Scene, ViewLayer | Synchronizing object | Track_sleeper.053
Fra:451 Mem:759.74M (Peak 906.66M) | Time:00:02.06 | Mem:0.00M, Peak:0.00M | Scene, ViewLayer | Synchronizing object | Track_sleeper.074
Fra:451 Mem:759.77M (Peak 906.66M) | Time:00:02.06 | Mem:0.00M, Peak:0.00M | Scene, ViewLayer | Synchronizing object | Track_sleeper.129
Fra:451 Mem:759.81M (Peak 906.66M) | Time:00:02.06 | Mem:0.00M, Peak:0.00M | Scene, ViewLayer | Synchronizing object | Bridge_guard_post.032
Fra:451 Mem:759.82M (Peak 906.66M) | Time:00:02.06 | Mem:0.00M, Peak:0.00M | Scene, ViewLayer | Synchronizing object | Bridge_guard_post.040
Fra:451 Mem:759.83M (Peak 906.66M) | Time:00:02.06 | Mem:0.00M, Peak:0.00M | Scene, ViewLayer | Synchronizing object | Track_sleeper.063
Fra:451 Mem:759.86M (Peak 906.66M) | Time:00:02.06 | Mem:0.00M, Peak:0.00M | Scene, ViewLayer | Synchronizing object | Track_sleeper.125
Fra:451 Mem:759.90M (Peak 906.66M) | Time:00:02.06 | Mem:0.00M, Peak:0.00M | Scene, ViewLayer | Synchronizing object | Bridge_guard_post.003
Fra:451 Mem:759.90M (Peak 906.66M) | Time:00:02.06 | Mem:0.00M, Peak:0.00M | Scene, ViewLayer | Synchronizing object | Bridge_guard_post.050
Fra:451 Mem:759.91M (Peak 906.66M) | Time:00:02.06 | Mem:0.00M, Peak:0.00M | Scene, ViewLayer | Synchronizing object | Track_sleeper.009
Fra:451 Mem:759.95M (Peak 906.66M) | Time:00:02.06 | Mem:0.00M, Peak:0.00M | Scene, ViewLayer | Synchronizing object | Track_sleeper.131
Fra:451 Mem:759.98M (Peak 906.66M) | Time:00:02.06 | Mem:0.00M, Peak:0.00M | Scene, ViewLayer | Synchronizing object | Track_sleeper.019
Fra:451 Mem:760.01M (Peak 906.66M) | Time:00:02.06 | Mem:0.00M, Peak:0.00M | Scene, ViewLayer | Synchronizing object | Track_sleeper.029
Fra:451 Mem:760.04M (Peak 906.66M) | Time:00:02.06 | Mem:0.00M, Peak:0.00M | Scene, ViewLayer | Synchronizing object | Track_sleeper.036
Fra:451 Mem:760.07M (Peak 906.66M) | Time:00:02.06 | Mem:0.00M, Peak:0.00M | Scene, ViewLayer | Synchronizing object | Track_sleeper.079
Fra:451 Mem:760.11M (Peak 906.66M) | Time:00:02.06 | Mem:0.00M, Peak:0.00M | Scene, ViewLayer | Synchronizing object | Track_sleeper.111
Fra:451 Mem:760.14M (Peak 906.66M) | Time:00:02.06 | Mem:0.00M, Peak:0.00M | Scene, ViewLayer | Synchronizing object | Bridge_guard_post.027
Fra:451 Mem:760.16M (Peak 906.66M) | Time:00:02.06 | Mem:0.00M, Peak:0.00M | Scene, ViewLayer | Synchronizing object | Track_sleeper.017
Fra:451 Mem:760.15M (Peak 906.66M) | Time:00:02.06 | Mem:0.00M, Peak:0.00M | Scene, ViewLayer | Synchronizing object | Track_sleeper.086
Fra:451 Mem:760.21M (Peak 906.66M) | Time:00:02.06 | Mem:0.00M, Peak:0.00M | Scene, ViewLayer | Synchronizing object | Track_sleeper.028
Fra:451 Mem:760.21M (Peak 906.66M) | Time:00:02.06 | Mem:0.00M, Peak:0.00M | Scene, ViewLayer | Synchronizing object | Track_sleeper.120
Fra:451 Mem:760.28M (Peak 906.66M) | Time:00:02.06 | Mem:0.00M, Peak:0.00M | Scene, ViewLayer | Synchronizing object | Bridge_guard_post.053
Fra:451 Mem:760.27M (Peak 906.66M) | Time:00:02.06 | Mem:0.00M, Peak:0.00M | Scene, ViewLayer | Synchronizing object | Bridge_guard_post.054
Fra:451 Mem:760.28M (Peak 906.66M) | Time:00:02.06 | Mem:0.00M, Peak:0.00M | Scene, ViewLayer | Synchronizing object | Bridge_guard_post.014
Fra:451 Mem:760.29M (Peak 906.66M) | Time:00:02.06 | Mem:0.00M, Peak:0.00M | Scene, ViewLayer | Synchronizing object | Track_sleeper.097
Fra:451 Mem:760.30M (Peak 906.66M) | Time:00:02.06 | Mem:0.00M, Peak:0.00M | Scene, ViewLayer | Synchronizing object | Track_sleeper.090
Fra:451 Mem:760.35M (Peak 906.66M) | Time:00:02.06 | Mem:0.00M, Peak:0.00M | Scene, ViewLayer | Synchronizing object | Bridge_guard_post.005
Fra:451 Mem:760.36M (Peak 906.66M) | Time:00:02.06 | Mem:0.00M, Peak:0.00M | Scene, ViewLayer | Synchronizing object | Bridge_guard_post.058
Fra:451 Mem:760.37M (Peak 906.66M) | Time:00:02.06 | Mem:0.00M, Peak:0.00M | Scene, ViewLayer | Synchronizing object | Track_sleeper.044
Fra:451 Mem:760.40M (Peak 906.66M) | Time:00:02.06 | Mem:0.00M, Peak:0.00M | Scene, ViewLayer | Synchronizing object | Track_sleeper.108
Fra:451 Mem:760.44M (Peak 906.66M) | Time:00:02.06 | Mem:0.00M, Peak:0.00M | Scene, ViewLayer | Synchronizing object | Track_sleeper.041
Fra:451 Mem:760.47M (Peak 906.66M) | Time:00:02.06 | Mem:0.00M, Peak:0.00M | Scene, ViewLayer | Synchronizing object | Track_sleeper.071
Fra:451 Mem:760.51M (Peak 906.66M) | Time:00:02.06 | Mem:0.00M, Peak:0.00M | Scene, ViewLayer | Synchronizing object | Bridge_guard_post.021
Fra:451 Mem:760.52M (Peak 906.66M) | Time:00:02.06 | Mem:0.00M, Peak:0.00M | Scene, ViewLayer | Synchronizing object | Bridge_guard_post.018
Fra:451 Mem:760.52M (Peak 906.66M) | Time:00:02.06 | Mem:0.00M, Peak:0.00M | Scene, ViewLayer | Synchronizing object | Track_sleeper.022
Fra:451 Mem:760.55M (Peak 906.66M) | Time:00:02.06 | Mem:0.00M, Peak:0.00M | Scene, ViewLayer | Synchronizing object | Bridge_guard_post.013
Fra:451 Mem:760.56M (Peak 906.66M) | Time:00:02.06 | Mem:0.00M, Peak:0.00M | Scene, ViewLayer | Synchronizing object | Bridge_guard_post.001
Fra:451 Mem:760.56M (Peak 906.66M) | Time:00:02.06 | Mem:0.00M, Peak:0.00M | Scene, ViewLayer | Synchronizing object | Bridge_guard_post.047
Fra:451 Mem:760.57M (Peak 906.66M) | Time:00:02.06 | Mem:0.00M, Peak:0.00M | Scene, ViewLayer | Synchronizing object | Track_sleeper.140
Fra:451 Mem:760.60M (Peak 906.66M) | Time:00:02.06 | Mem:0.00M, Peak:0.00M | Scene, ViewLayer | Synchronizing object | Track_sleeper.035
Fra:451 Mem:760.64M (Peak 906.66M) | Time:00:02.06 | Mem:0.00M, Peak:0.00M | Scene, ViewLayer | Synchronizing object | Track_sleeper.012
Fra:451 Mem:760.67M (Peak 906.66M) | Time:00:02.06 | Mem:0.00M, Peak:0.00M | Scene, ViewLayer | Synchronizing object | Track_sleeper.104
Fra:451 Mem:760.71M (Peak 906.66M) | Time:00:02.06 | Mem:0.00M, Peak:0.00M | Scene, ViewLayer | Synchronizing object | Track_sleeper.142
Fra:451 Mem:760.74M (Peak 906.66M) | Time:00:02.06 | Mem:0.00M, Peak:0.00M | Scene, ViewLayer | Synchronizing object | Track_sleeper.055
Fra:451 Mem:760.77M (Peak 906.66M) | Time:00:02.06 | Mem:0.00M, Peak:0.00M | Scene, ViewLayer | Synchronizing object | Track_sleeper.082
Fra:451 Mem:760.81M (Peak 906.66M) | Time:00:02.06 | Mem:0.00M, Peak:0.00M | Scene, ViewLayer | Synchronizing object | Track_sleeper.121
Fra:451 Mem:760.84M (Peak 906.66M) | Time:00:02.06 | Mem:0.00M, Peak:0.00M | Scene, ViewLayer | Synchronizing object | Track_sleeper.105
Fra:451 Mem:760.88M (Peak 906.66M) | Time:00:02.06 | Mem:0.00M, Peak:0.00M | Scene, ViewLayer | Synchronizing object | Bridge_guard_post.010
Fra:451 Mem:760.88M (Peak 906.66M) | Time:00:02.06 | Mem:0.00M, Peak:0.00M | Scene, ViewLayer | Synchronizing object | Bridge_guard_post.015
Fra:451 Mem:760.89M (Peak 906.66M) | Time:00:02.06 | Mem:0.00M, Peak:0.00M | Scene, ViewLayer | Synchronizing object | Bridge_guard_post.056
Fra:451 Mem:760.90M (Peak 906.66M) | Time:00:02.06 | Mem:0.00M, Peak:0.00M | Scene, ViewLayer | Synchronizing object | Track_sleeper.018
Fra:451 Mem:760.94M (Peak 906.66M) | Time:00:02.06 | Mem:0.00M, Peak:0.00M | Scene, ViewLayer | Synchronizing object | Track_sleeper.059
Fra:451 Mem:760.97M (Peak 906.66M) | Time:00:02.06 | Mem:0.00M, Peak:0.00M | Scene, ViewLayer | Synchronizing object | Bridge_guard_post.022
Fra:451 Mem:760.98M (Peak 906.66M) | Time:00:02.06 | Mem:0.00M, Peak:0.00M | Scene, ViewLayer | Synchronizing object | Track_sleeper.027
Fra:451 Mem:761.01M (Peak 906.66M) | Time:00:02.06 | Mem:0.00M, Peak:0.00M | Scene, ViewLayer | Synchronizing object | Track_sleeper.058
Fra:451 Mem:761.05M (Peak 906.66M) | Time:00:02.06 | Mem:0.00M, Peak:0.00M | Scene, ViewLayer | Synchronizing object | Track_sleeper.065
Fra:451 Mem:761.08M (Peak 906.66M) | Time:00:02.06 | Mem:0.00M, Peak:0.00M | Scene, ViewLayer | Synchronizing object | Track_sleeper.100
Fra:451 Mem:761.12M (Peak 906.66M) | Time:00:02.06 | Mem:0.00M, Peak:0.00M | Scene, ViewLayer | Synchronizing object | Track_sleeper.116
Fra:451 Mem:761.15M (Peak 906.66M) | Time:00:02.06 | Mem:0.00M, Peak:0.00M | Scene, ViewLayer | Synchronizing object | Bridge_guard_post.031
Fra:451 Mem:761.16M (Peak 906.66M) | Time:00:02.06 | Mem:0.00M, Peak:0.00M | Scene, ViewLayer | Synchronizing object | Track_sleeper.004
Fra:451 Mem:761.19M (Peak 906.66M) | Time:00:02.06 | Mem:0.00M, Peak:0.00M | Scene, ViewLayer | Synchronizing object | Track_sleeper.093
Fra:451 Mem:761.23M (Peak 906.66M) | Time:00:02.06 | Mem:0.00M, Peak:0.00M | Scene, ViewLayer | Synchronizing object | Track_sleeper.102
Fra:451 Mem:761.26M (Peak 906.66M) | Time:00:02.07 | Mem:0.00M, Peak:0.00M | Scene, ViewLayer | Synchronizing object | Track_sleeper.080
Fra:451 Mem:761.30M (Peak 906.66M) | Time:00:02.07 | Mem:0.00M, Peak:0.00M | Scene, ViewLayer | Synchronizing object | Buffer_stop_brace
Fra:451 Mem:761.30M (Peak 906.66M) | Time:00:02.07 | Mem:0.00M, Peak:0.00M | Scene, ViewLayer | Synchronizing object | Continuous_bridge_trackbed
Fra:451 Mem:761.54M (Peak 906.66M) | Time:00:02.07 | Mem:0.00M, Peak:0.00M | Scene, ViewLayer | Synchronizing object | Track_sleeper.020
Fra:451 Mem:761.57M (Peak 906.66M) | Time:00:02.07 | Mem:0.00M, Peak:0.00M | Scene, ViewLayer | Synchronizing object | Track_sleeper.031
Fra:451 Mem:761.61M (Peak 906.66M) | Time:00:02.07 | Mem:0.00M, Peak:0.00M | Scene, ViewLayer | Synchronizing object | Track_sleeper.078
Fra:451 Mem:761.64M (Peak 906.66M) | Time:00:02.07 | Mem:0.00M, Peak:0.00M | Scene, ViewLayer | Synchronizing object | Track_sleeper.118
Fra:451 Mem:761.68M (Peak 906.66M) | Time:00:02.07 | Mem:0.00M, Peak:0.00M | Scene, ViewLayer | Synchronizing object | Track_sleeper.057
Fra:451 Mem:761.71M (Peak 906.66M) | Time:00:02.07 | Mem:0.00M, Peak:0.00M | Scene, ViewLayer | Synchronizing object | Track_sleeper.095
Fra:451 Mem:761.75M (Peak 906.66M) | Time:00:02.07 | Mem:0.00M, Peak:0.00M | Scene, ViewLayer | Synchronizing object | Track_sleeper.127
Fra:451 Mem:761.78M (Peak 906.66M) | Time:00:02.07 | Mem:0.00M, Peak:0.00M | Scene, ViewLayer | Synchronizing object | Track_sleeper.136
Fra:451 Mem:761.81M (Peak 906.66M) | Time:00:02.07 | Mem:0.00M, Peak:0.00M | Scene, ViewLayer | Synchronizing object | Bridge_guard_post.034
Fra:451 Mem:761.82M (Peak 906.66M) | Time:00:02.07 | Mem:0.00M, Peak:0.00M | Scene, ViewLayer | Synchronizing object | Track_sleeper.015
Fra:451 Mem:761.86M (Peak 906.66M) | Time:00:02.07 | Mem:0.00M, Peak:0.00M | Scene, ViewLayer | Synchronizing object | Track_sleeper.007
Fra:451 Mem:761.89M (Peak 906.66M) | Time:00:02.07 | Mem:0.00M, Peak:0.00M | Scene, ViewLayer | Synchronizing object | Track_sleeper.148
Fra:451 Mem:761.92M (Peak 906.66M) | Time:00:02.07 | Mem:0.00M, Peak:0.00M | Scene, ViewLayer | Synchronizing object | Track_sleeper.145
Fra:451 Mem:761.97M (Peak 906.66M) | Time:00:02.07 | Mem:0.00M, Peak:0.00M | Scene, ViewLayer | Synchronizing object | Bridge_guard_post.044
Fra:451 Mem:761.96M (Peak 906.66M) | Time:00:02.07 | Mem:0.00M, Peak:0.00M | Scene, ViewLayer | Synchronizing object | Buffer_stop_brace.001
Fra:451 Mem:761.97M (Peak 906.66M) | Time:00:02.07 | Mem:0.00M, Peak:0.00M | Scene, ViewLayer | Synchronizing object | Track_sleeper.138
Fra:451 Mem:762.01M (Peak 906.66M) | Time:00:02.07 | Mem:0.00M, Peak:0.00M | Scene, ViewLayer | Synchronizing object | Track_sleeper.023
Fra:451 Mem:762.03M (Peak 906.66M) | Time:00:02.07 | Mem:0.00M, Peak:0.00M | Scene, ViewLayer | Synchronizing object | Track_sleeper.039
Fra:451 Mem:762.04M (Peak 906.66M) | Time:00:02.07 | Mem:0.00M, Peak:0.00M | Scene, ViewLayer | Synchronizing object | Track_sleeper.061
Fra:451 Mem:768.46M (Peak 906.66M) | Time:00:02.07 | Mem:0.00M, Peak:0.00M | Scene, ViewLayer | Synchronizing object | Bridge_guard_post.017
Fra:451 Mem:768.48M (Peak 906.66M) | Time:00:02.07 | Mem:0.00M, Peak:0.00M | Scene, ViewLayer | Synchronizing object | Track_sleeper.001
Fra:451 Mem:768.52M (Peak 906.66M) | Time:00:02.07 | Mem:0.00M, Peak:0.00M | Scene, ViewLayer | Synchronizing object | Track_sleeper.049
Fra:451 Mem:768.55M (Peak 906.66M) | Time:00:02.07 | Mem:0.00M, Peak:0.00M | Scene, ViewLayer | Synchronizing object | Bridge_guard_post.002
Fra:451 Mem:768.55M (Peak 906.66M) | Time:00:02.07 | Mem:0.00M, Peak:0.00M | Scene, ViewLayer | Synchronizing object | Track_sleeper.054
Fra:451 Mem:781.55M (Peak 906.66M) | Time:00:02.07 | Mem:0.00M, Peak:0.00M | Scene, ViewLayer | Synchronizing object | Track_sleeper.075
Fra:451 Mem:781.58M (Peak 906.66M) | Time:00:02.07 | Mem:0.00M, Peak:0.00M | Scene, ViewLayer | Synchronizing object | Track_sleeper.130
Fra:451 Mem:781.61M (Peak 906.66M) | Time:00:02.07 | Mem:0.00M, Peak:0.00M | Scene, ViewLayer | Synchronizing object | Bridge_guard_post.033
Fra:451 Mem:781.61M (Peak 906.66M) | Time:00:02.07 | Mem:0.00M, Peak:0.00M | Scene, ViewLayer | Synchronizing object | Bridge_guard_post.041
Fra:451 Mem:781.65M (Peak 906.66M) | Time:00:02.07 | Mem:0.00M, Peak:0.00M | Scene, ViewLayer | Synchronizing object | Bridge_guard_post.042
Fra:451 Mem:781.62M (Peak 906.66M) | Time:00:02.07 | Mem:0.00M, Peak:0.00M | Scene, ViewLayer | Synchronizing object | Track_sleeper.056
Fra:451 Mem:781.64M (Peak 906.66M) | Time:00:02.07 | Mem:0.00M, Peak:0.00M | Scene, ViewLayer | Synchronizing object | Track_sleeper.126
Fra:451 Mem:781.71M (Peak 906.66M) | Time:00:02.07 | Mem:0.00M, Peak:0.00M | Scene, ViewLayer | Synchronizing object | Track_sleeper.005
Fra:451 Mem:781.69M (Peak 906.66M) | Time:00:02.07 | Mem:0.00M, Peak:0.00M | Scene, ViewLayer | Synchronizing object | Bridge_guard_post.006
Fra:451 Mem:781.73M (Peak 906.66M) | Time:00:02.07 | Mem:0.00M, Peak:0.00M | Scene, ViewLayer | Synchronizing object | Bridge_guard_post.051
Fra:451 Mem:781.73M (Peak 906.66M) | Time:00:02.07 | Mem:0.00M, Peak:0.00M | Scene, ViewLayer | Synchronizing object | Track_sleeper.083
Fra:451 Mem:781.76M (Peak 906.66M) | Time:00:02.07 | Mem:0.00M, Peak:0.00M | Scene, ViewLayer | Synchronizing object | Track_sleeper.132
Fra:451 Mem:781.79M (Peak 906.66M) | Time:00:02.07 | Mem:0.00M, Peak:0.00M | Scene, ViewLayer | Synchronizing object | Bridge_guard_post.024
Fra:451 Mem:781.80M (Peak 906.66M) | Time:00:02.07 | Mem:0.00M, Peak:0.00M | Scene, ViewLayer | Synchronizing object | Running_rail
Fra:451 Mem:781.90M (Peak 906.66M) | Time:00:02.07 | Mem:0.00M, Peak:0.00M | Scene, ViewLayer | Synchronizing object | Viaduct_arch_spandrel.003
Fra:451 Mem:782.20M (Peak 906.66M) | Time:00:02.07 | Mem:0.00M, Peak:0.00M | Scene, ViewLayer | Synchronizing object | Viaduct_arch_spandrel.005
Fra:451 Mem:782.33M (Peak 906.66M) | Time:00:02.07 | Mem:0.00M, Peak:0.00M | Scene, ViewLayer | Synchronizing object | Track_sleeper.112
Fra:451 Mem:782.46M (Peak 906.66M) | Time:00:02.07 | Mem:0.00M, Peak:0.00M | Scene, ViewLayer | Synchronizing object | Bridge_guard_post.009
Fra:451 Mem:782.58M (Peak 906.66M) | Time:00:02.07 | Mem:0.00M, Peak:0.00M | Scene, ViewLayer | Synchronizing object | Viaduct_bearing_cap_G2R01_00
Fra:451 Mem:788.99M (Peak 906.66M) | Time:00:02.07 | Mem:0.00M, Peak:0.00M | Scene, ViewLayer | Synchronizing object | Viaduct_bearing_cap_G2R01_01
Fra:451 Mem:789.02M (Peak 906.66M) | Time:00:02.07 | Mem:0.00M, Peak:0.00M | Scene, ViewLayer | Synchronizing object | Viaduct_bearing_cap_G2R01_02
Fra:451 Mem:789.05M (Peak 906.66M) | Time:00:02.07 | Mem:0.00M, Peak:0.00M | Scene, ViewLayer | Synchronizing object | Viaduct_bearing_cap_G2R01_03
Fra:451 Mem:789.08M (Peak 906.66M) | Time:00:02.07 | Mem:0.00M, Peak:0.00M | Scene, ViewLayer | Synchronizing object | Viaduct_bearing_cap_G2R01_04
Fra:451 Mem:789.11M (Peak 906.66M) | Time:00:02.07 | Mem:0.00M, Peak:0.00M | Scene, ViewLayer | Synchronizing object | Viaduct_bearing_cap_G2R01_05
Fra:451 Mem:789.14M (Peak 906.66M) | Time:00:02.07 | Mem:0.00M, Peak:0.00M | Scene, ViewLayer | Synchronizing object | Viaduct_bearing_cap_G2R01_06
Fra:451 Mem:789.16M (Peak 906.66M) | Time:00:02.07 | Mem:0.00M, Peak:0.00M | Scene, ViewLayer | Synchronizing object | Curved_roof_glazing.132
Fra:451 Mem:789.17M (Peak 906.66M) | Time:00:02.07 | Mem:0.00M, Peak:0.00M | Scene, ViewLayer | Synchronizing object | Wall_glazing_mullion.010
Fra:451 Mem:789.20M (Peak 906.66M) | Time:00:02.07 | Mem:0.00M, Peak:0.00M | Scene, ViewLayer | Synchronizing object | Ridge_vent_stanchion.008
Fra:451 Mem:789.20M (Peak 906.66M) | Time:00:02.07 | Mem:0.00M, Peak:0.00M | Scene, ViewLayer | Synchronizing object | Wall_stone_sill.040
Fra:451 Mem:789.23M (Peak 906.66M) | Time:00:02.07 | Mem:0.00M, Peak:0.00M | Scene, ViewLayer | Synchronizing object | Wall_transom.133
Fra:451 Mem:789.26M (Peak 906.66M) | Time:00:02.07 | Mem:0.00M, Peak:0.00M | Scene, ViewLayer | Synchronizing object | Column_capital.008
Fra:451 Mem:789.26M (Peak 906.66M) | Time:00:02.07 | Mem:0.00M, Peak:0.00M | Scene, ViewLayer | Synchronizing object | Curved_roof_glazing.273
Fra:451 Mem:789.29M (Peak 906.66M) | Time:00:02.07 | Mem:0.00M, Peak:0.00M | Scene, ViewLayer | Synchronizing object | Wall_transom.019
Fra:451 Mem:789.33M (Peak 906.66M) | Time:00:02.07 | Mem:0.00M, Peak:0.00M | Scene, ViewLayer | Synchronizing object | Curved_roof_glazing.222
Fra:451 Mem:789.32M (Peak 906.66M) | Time:00:02.07 | Mem:0.00M, Peak:0.00M | Scene, ViewLayer | Synchronizing object | Side_wall_glass.057
Fra:451 Mem:789.32M (Peak 906.66M) | Time:00:02.07 | Mem:0.00M, Peak:0.00M | Scene, ViewLayer | Synchronizing object | Wall_transom.033
Fra:451 Mem:789.33M (Peak 906.66M) | Time:00:02.07 | Mem:0.00M, Peak:0.00M | Scene, ViewLayer | Synchronizing object | Curved_roof_glazing.027
Fra:451 Mem:789.37M (Peak 906.66M) | Time:00:02.07 | Mem:0.00M, Peak:0.00M | Scene, ViewLayer | Synchronizing object | Curved_roof_glazing.043
Fra:451 Mem:789.36M (Peak 906.66M) | Time:00:02.07 | Mem:0.00M, Peak:0.00M | Scene, ViewLayer | Synchronizing object | Curved_roof_glazing.107
Fra:451 Mem:789.36M (Peak 906.66M) | Time:00:02.07 | Mem:0.00M, Peak:0.00M | Scene, ViewLayer | Synchronizing object | Wall_transom.063
Fra:451 Mem:789.38M (Peak 906.66M) | Time:00:02.07 | Mem:0.00M, Peak:0.00M | Scene, ViewLayer | Synchronizing object | Column_base_plinth.007
Fra:451 Mem:789.41M (Peak 906.66M) | Time:00:02.07 | Mem:0.00M, Peak:0.00M | Scene, ViewLayer | Synchronizing object | Curved_roof_glazing.008
Fra:451 Mem:789.42M (Peak 906.66M) | Time:00:02.07 | Mem:0.00M, Peak:0.00M | Scene, ViewLayer | Synchronizing object | End_wall_glazing.003
Fra:451 Mem:789.42M (Peak 906.66M) | Time:00:02.07 | Mem:0.00M, Peak:0.00M | Scene, ViewLayer | Synchronizing object | Curved_roof_glazing.200
Fra:451 Mem:789.42M (Peak 906.66M) | Time:00:02.07 | Mem:0.00M, Peak:0.00M | Scene, ViewLayer | Synchronizing object | Side_wall_glass.102
Fra:451 Mem:789.42M (Peak 906.66M) | Time:00:02.07 | Mem:0.00M, Peak:0.00M | Scene, ViewLayer | Synchronizing object | Side_wall_glass.046
Fra:451 Mem:789.42M (Peak 906.66M) | Time:00:02.07 | Mem:0.00M, Peak:0.00M | Scene, ViewLayer | Synchronizing object | Curved_roof_glazing.133
Fra:451 Mem:789.43M (Peak 906.66M) | Time:00:02.07 | Mem:0.00M, Peak:0.00M | Scene, ViewLayer | Synchronizing object | Wall_transom.188
Fra:451 Mem:789.43M (Peak 906.66M) | Time:00:02.07 | Mem:0.00M, Peak:0.00M | Scene, ViewLayer | Synchronizing object | Column_base_plinth.009
Fra:451 Mem:789.48M (Peak 906.66M) | Time:00:02.07 | Mem:0.00M, Peak:0.00M | Scene, ViewLayer | Synchronizing object | Curved_roof_glazing.274
Fra:451 Mem:789.48M (Peak 906.66M) | Time:00:02.07 | Mem:0.00M, Peak:0.00M | Scene, ViewLayer | Synchronizing object | Curved_roof_glazing.223
Fra:451 Mem:789.49M (Peak 906.66M) | Time:00:02.07 | Mem:0.00M, Peak:0.00M | Scene, ViewLayer | Synchronizing object | Secondary_glazing_rib.023
Fra:451 Mem:789.49M (Peak 906.66M) | Time:00:02.07 | Mem:0.00M, Peak:0.00M | Scene, ViewLayer | Synchronizing object | Curved_roof_glazing.044
Fra:451 Mem:789.56M (Peak 906.66M) | Time:00:02.07 | Mem:0.00M, Peak:0.00M | Scene, ViewLayer | Synchronizing object | Curved_roof_glazing.108
Fra:451 Mem:789.57M (Peak 906.66M) | Time:00:02.07 | Mem:0.00M, Peak:0.00M | Scene, ViewLayer | Synchronizing object | Curved_roof_glazing.028
Fra:451 Mem:789.58M (Peak 906.66M) | Time:00:02.07 | Mem:0.00M, Peak:0.00M | Scene, ViewLayer | Synchronizing object | End_wall_mullion.010
Fra:451 Mem:789.62M (Peak 906.66M) | Time:00:02.07 | Mem:0.00M, Peak:0.00M | Scene, ViewLayer | Synchronizing object | Wall_stone_sill.039
Fra:451 Mem:789.65M (Peak 906.66M) | Time:00:02.07 | Mem:0.00M, Peak:0.00M | Scene, ViewLayer | Synchronizing object | Curved_roof_glazing.009
Fra:451 Mem:789.65M (Peak 906.66M) | Time:00:02.07 | Mem:0.00M, Peak:0.00M | Scene, ViewLayer | Synchronizing object | Column_base_plinth.016
Fra:451 Mem:789.69M (Peak 906.66M) | Time:00:02.07 | Mem:0.00M, Peak:0.00M | Scene, ViewLayer | Synchronizing object | Curved_roof_glazing.201
Fra:451 Mem:789.68M (Peak 906.66M) | Time:00:02.07 | Mem:0.00M, Peak:0.00M | Scene, ViewLayer | Synchronizing object | Side_wall_glass.027
Fra:451 Mem:789.68M (Peak 906.66M) | Time:00:02.07 | Mem:0.00M, Peak:0.00M | Scene, ViewLayer | Synchronizing object | Side_wall_glass.047
Fra:451 Mem:789.69M (Peak 906.66M) | Time:00:02.07 | Mem:0.00M, Peak:0.00M | Scene, ViewLayer | Synchronizing object | Curved_roof_glazing.134
Fra:451 Mem:789.71M (Peak 906.66M) | Time:00:02.07 | Mem:0.00M, Peak:0.00M | Scene, ViewLayer | Synchronizing object | Wall_transom.110
Fra:451 Mem:789.74M (Peak 906.66M) | Time:00:02.07 | Mem:0.00M, Peak:0.00M | Scene, ViewLayer | Synchronizing object | Ridge_vent_stanchion.009
Fra:451 Mem:789.74M (Peak 906.66M) | Time:00:02.07 | Mem:0.00M, Peak:0.00M | Scene, ViewLayer | Synchronizing object | Wall_stone_sill.038
Fra:451 Mem:789.76M (Peak 906.66M) | Time:00:02.07 | Mem:0.00M, Peak:0.00M | Scene, ViewLayer | Synchronizing object | Curved_roof_glazing.275
Fra:451 Mem:789.77M (Peak 906.66M) | Time:00:02.07 | Mem:0.00M, Peak:0.00M | Scene, ViewLayer | Synchronizing object | Load_column.009
Fra:451 Mem:789.77M (Peak 906.66M) | Time:00:02.07 | Mem:0.00M, Peak:0.00M | Scene, ViewLayer | Synchronizing object | Wall_stone_sill.023
Fra:451 Mem:789.80M (Peak 906.66M) | Time:00:02.07 | Mem:0.00M, Peak:0.00M | Scene, ViewLayer | Synchronizing object | Wall_transom.014
Fra:451 Mem:789.83M (Peak 906.66M) | Time:00:02.07 | Mem:0.00M, Peak:0.00M | Scene, ViewLayer | Synchronizing object | Wall_transom.090
Fra:451 Mem:789.86M (Peak 906.66M) | Time:00:02.07 | Mem:0.00M, Peak:0.00M | Scene, ViewLayer | Synchronizing object | Curved_roof_glazing.224
Fra:451 Mem:789.87M (Peak 906.66M) | Time:00:02.07 | Mem:0.00M, Peak:0.00M | Scene, ViewLayer | Synchronizing object | Wall_transom.082
Fra:451 Mem:789.90M (Peak 906.66M) | Time:00:02.07 | Mem:0.00M, Peak:0.00M | Scene, ViewLayer | Synchronizing object | Wall_transom.155
Fra:451 Mem:789.92M (Peak 906.66M) | Time:00:02.07 | Mem:0.00M, Peak:0.00M | Scene, ViewLayer | Synchronizing object | Curved_roof_glazing.029
Fra:451 Mem:789.93M (Peak 906.66M) | Time:00:02.07 | Mem:0.00M, Peak:0.00M | Scene, ViewLayer | Synchronizing object | Curved_roof_glazing.045
Fra:451 Mem:789.93M (Peak 906.66M) | Time:00:02.07 | Mem:0.00M, Peak:0.00M | Scene, ViewLayer | Synchronizing object | Curved_roof_glazing.109
Fra:451 Mem:789.94M (Peak 906.66M) | Time:00:02.07 | Mem:0.00M, Peak:0.00M | Scene, ViewLayer | Synchronizing object | Hall_door_stile.002
Fra:451 Mem:789.96M (Peak 906.66M) | Time:00:02.07 | Mem:0.00M, Peak:0.00M | Scene, ViewLayer | Synchronizing object | Side_wall_glass.078
Fra:451 Mem:789.97M (Peak 906.66M) | Time:00:02.07 | Mem:0.00M, Peak:0.00M | Scene, ViewLayer | Synchronizing object | Wall_glazing_mullion.043
Fra:451 Mem:789.99M (Peak 906.66M) | Time:00:02.07 | Mem:0.00M, Peak:0.00M | Scene, ViewLayer | Synchronizing object | Curved_roof_glazing.376
Fra:451 Mem:790.00M (Peak 906.66M) | Time:00:02.07 | Mem:0.00M, Peak:0.00M | Scene, ViewLayer | Synchronizing object | Curved_roof_glazing.010
Fra:451 Mem:790.00M (Peak 906.66M) | Time:00:02.07 | Mem:0.00M, Peak:0.00M | Scene, ViewLayer | Synchronizing object | Hall_door_rail.001
Fra:451 Mem:790.03M (Peak 906.66M) | Time:00:02.07 | Mem:0.00M, Peak:0.00M | Scene, ViewLayer | Synchronizing object | Curved_roof_glazing.202
Fra:451 Mem:790.03M (Peak 906.66M) | Time:00:02.07 | Mem:0.00M, Peak:0.00M | Scene, ViewLayer | Synchronizing object | Curved_roof_glazing.135
Fra:451 Mem:790.04M (Peak 906.66M) | Time:00:02.07 | Mem:0.00M, Peak:0.00M | Scene, ViewLayer | Synchronizing object | End_wall_glazing.008
Fra:451 Mem:790.04M (Peak 906.66M) | Time:00:02.07 | Mem:0.00M, Peak:0.00M | Scene, ViewLayer | Synchronizing object | Side_wall_glass.076
Fra:451 Mem:790.04M (Peak 906.66M) | Time:00:02.07 | Mem:0.00M, Peak:0.00M | Scene, ViewLayer | Synchronizing object | Longitudinal_roof_purlin
Fra:451 Mem:796.46M (Peak 906.66M) | Time:00:02.07 | Mem:0.00M, Peak:0.00M | Scene, ViewLayer | Synchronizing object | Curved_roof_glazing.225
Fra:451 Mem:796.46M (Peak 906.66M) | Time:00:02.07 | Mem:0.00M, Peak:0.00M | Scene, ViewLayer | Synchronizing object | Wall_transom.121
Fra:451 Mem:796.49M (Peak 906.66M) | Time:00:02.07 | Mem:0.00M, Peak:0.00M | Scene, ViewLayer | Synchronizing object | Curved_roof_glazing.030
Fra:451 Mem:796.49M (Peak 906.66M) | Time:00:02.07 | Mem:0.00M, Peak:0.00M | Scene, ViewLayer | Synchronizing object | Curved_roof_glazing.046
Fra:451 Mem:796.50M (Peak 906.66M) | Time:00:02.07 | Mem:0.00M, Peak:0.00M | Scene, ViewLayer | Synchronizing object | Curved_roof_glazing.110
Fra:451 Mem:796.50M (Peak 906.66M) | Time:00:02.07 | Mem:0.00M, Peak:0.00M | Scene, ViewLayer | Synchronizing object | End_wall_mullion.019
Fra:451 Mem:796.53M (Peak 906.66M) | Time:00:02.07 | Mem:0.00M, Peak:0.00M | Scene, ViewLayer | Synchronizing object | Wall_transom.101
Fra:451 Mem:796.56M (Peak 906.66M) | Time:00:02.07 | Mem:0.00M, Peak:0.00M | Scene, ViewLayer | Synchronizing object | Curved_roof_glazing.011
Fra:451 Mem:796.57M (Peak 906.66M) | Time:00:02.07 | Mem:0.00M, Peak:0.00M | Scene, ViewLayer | Synchronizing object | Wall_stone_sill.041
Fra:451 Mem:796.60M (Peak 906.66M) | Time:00:02.07 | Mem:0.00M, Peak:0.00M | Scene, ViewLayer | Synchronizing object | Curved_roof_glazing.203
Fra:451 Mem:796.60M (Peak 906.66M) | Time:00:02.07 | Mem:0.00M, Peak:0.00M | Scene, ViewLayer | Synchronizing object | Side_wall_glass.103
Fra:451 Mem:796.60M (Peak 906.66M) | Time:00:02.07 | Mem:0.00M, Peak:0.00M | Scene, ViewLayer | Synchronizing object | Wall_transom.137
Fra:451 Mem:796.63M (Peak 906.66M) | Time:00:02.07 | Mem:0.00M, Peak:0.00M | Scene, ViewLayer | Synchronizing object | Wall_transom.006
Fra:451 Mem:796.66M (Peak 906.66M) | Time:00:02.07 | Mem:0.00M, Peak:0.00M | Scene, ViewLayer | Synchronizing object | Wall_transom.029
Fra:451 Mem:796.68M (Peak 906.66M) | Time:00:02.08 | Mem:0.00M, Peak:0.00M | Scene, ViewLayer | Synchronizing object | Wall_transom.079
Fra:451 Mem:796.69M (Peak 906.66M) | Time:00:02.08 | Mem:0.00M, Peak:0.00M | Scene, ViewLayer | Synchronizing object | Curved_roof_glazing.136
Fra:451 Mem:796.70M (Peak 906.66M) | Time:00:02.08 | Mem:0.00M, Peak:0.00M | Scene, ViewLayer | Synchronizing object | Wall_glazing_mullion.011
Fra:451 Mem:796.69M (Peak 906.66M) | Time:00:02.08 | Mem:0.00M, Peak:0.00M | Scene, ViewLayer | Synchronizing object | Wall_transom.178
Fra:451 Mem:796.74M (Peak 906.66M) | Time:00:02.08 | Mem:0.00M, Peak:0.00M | Scene, ViewLayer | Synchronizing object | Wall_transom.047
Fra:451 Mem:796.74M (Peak 906.66M) | Time:00:02.08 | Mem:0.00M, Peak:0.00M | Scene, ViewLayer | Synchronizing object | Curved_roof_glazing.226
Fra:451 Mem:796.78M (Peak 906.66M) | Time:00:02.08 | Mem:0.00M, Peak:0.00M | Scene, ViewLayer | Synchronizing object | End_wall_mullion.002
Fra:451 Mem:796.79M (Peak 906.66M) | Time:00:02.08 | Mem:0.00M, Peak:0.00M | Scene, ViewLayer | Synchronizing object | End_wall_sill.007
Fra:451 Mem:796.82M (Peak 906.66M) | Time:00:02.08 | Mem:0.00M, Peak:0.00M | Scene, ViewLayer | Synchronizing object | End_wall_sill
Fra:451 Mem:796.84M (Peak 906.66M) | Time:00:02.08 | Mem:0.00M, Peak:0.00M | Scene, ViewLayer | Synchronizing object | Wall_stone_sill.004
Fra:451 Mem:796.87M (Peak 906.66M) | Time:00:02.08 | Mem:0.00M, Peak:0.00M | Scene, ViewLayer | Synchronizing object | Curved_roof_glazing.031
Fra:451 Mem:796.87M (Peak 906.66M) | Time:00:02.08 | Mem:0.00M, Peak:0.00M | Scene, ViewLayer | Synchronizing object | Curved_roof_glazing.047
Fra:451 Mem:796.87M (Peak 906.66M) | Time:00:02.08 | Mem:0.00M, Peak:0.00M | Scene, ViewLayer | Synchronizing object | Curved_roof_glazing.111
Fra:451 Mem:796.88M (Peak 906.66M) | Time:00:02.08 | Mem:0.00M, Peak:0.00M | Scene, ViewLayer | Synchronizing object | Curved_roof_glazing.012
Fra:451 Mem:796.91M (Peak 906.66M) | Time:00:02.08 | Mem:0.00M, Peak:0.00M | Scene, ViewLayer | Synchronizing object | Side_wall_glass.082
Fra:451 Mem:796.88M (Peak 906.66M) | Time:00:02.08 | Mem:0.00M, Peak:0.00M | Scene, ViewLayer | Synchronizing object | Curved_roof_glazing.204
Fra:451 Mem:796.88M (Peak 906.66M) | Time:00:02.08 | Mem:0.00M, Peak:0.00M | Scene, ViewLayer | Synchronizing object | Side_wall_glass.093
Fra:451 Mem:796.89M (Peak 906.66M) | Time:00:02.08 | Mem:0.00M, Peak:0.00M | Scene, ViewLayer | Synchronizing object | Wall_transom.108
Fra:451 Mem:796.89M (Peak 906.66M) | Time:00:02.08 | Mem:0.00M, Peak:0.00M | Scene, ViewLayer | Synchronizing object | Wall_transom.141
Fra:451 Mem:796.95M (Peak 906.66M) | Time:00:02.08 | Mem:0.00M, Peak:0.00M | Scene, ViewLayer | Synchronizing object | Curved_roof_glazing.137
Fra:451 Mem:796.94M (Peak 906.66M) | Time:00:02.08 | Mem:0.00M, Peak:0.00M | Scene, ViewLayer | Synchronizing object | Curved_roof_glazing.227
Fra:451 Mem:796.94M (Peak 906.66M) | Time:00:02.08 | Mem:0.00M, Peak:0.00M | Scene, ViewLayer | Synchronizing object | Wall_transom.034
Fra:451 Mem:796.95M (Peak 906.66M) | Time:00:02.08 | Mem:0.00M, Peak:0.00M | Scene, ViewLayer | Synchronizing object | Wall_transom.084
Fra:451 Mem:797.00M (Peak 906.66M) | Time:00:02.08 | Mem:0.00M, Peak:0.00M | Scene, ViewLayer | Synchronizing object | End_wall_glazing.001
Fra:451 Mem:796.99M (Peak 906.66M) | Time:00:02.08 | Mem:0.00M, Peak:0.00M | Scene, ViewLayer | Synchronizing object | Curved_roof_glazing.032
Fra:451 Mem:797.00M (Peak 906.66M) | Time:00:02.08 | Mem:0.00M, Peak:0.00M | Scene, ViewLayer | Synchronizing object | Curved_roof_glazing.048
Fra:451 Mem:797.00M (Peak 906.66M) | Time:00:02.08 | Mem:0.00M, Peak:0.00M | Scene, ViewLayer | Synchronizing object | Curved_roof_glazing.112
Fra:451 Mem:797.01M (Peak 906.66M) | Time:00:02.08 | Mem:0.00M, Peak:0.00M | Scene, ViewLayer | Synchronizing object | Side_wall_glass.079
Fra:451 Mem:797.01M (Peak 906.66M) | Time:00:02.08 | Mem:0.00M, Peak:0.00M | Scene, ViewLayer | Synchronizing object | Wall_transom.064
Fra:451 Mem:797.04M (Peak 906.66M) | Time:00:02.08 | Mem:0.00M, Peak:0.00M | Scene, ViewLayer | Synchronizing object | Curved_roof_glazing.013
Fra:451 Mem:797.05M (Peak 906.66M) | Time:00:02.08 | Mem:0.00M, Peak:0.00M | Scene, ViewLayer | Synchronizing object | Curved_roof_glazing.205
Fra:451 Mem:797.05M (Peak 906.66M) | Time:00:02.08 | Mem:0.00M, Peak:0.00M | Scene, ViewLayer | Synchronizing object | Curved_roof_glazing.138
Fra:451 Mem:797.05M (Peak 906.66M) | Time:00:02.08 | Mem:0.00M, Peak:0.00M | Scene, ViewLayer | Synchronizing object | Wall_transom.189
Fra:451 Mem:797.07M (Peak 906.66M) | Time:00:02.08 | Mem:0.00M, Peak:0.00M | Scene, ViewLayer | Synchronizing object | Side_wall_glass.077
Fra:451 Mem:797.08M (Peak 906.66M) | Time:00:02.08 | Mem:0.00M, Peak:0.00M | Scene, ViewLayer | Synchronizing object | Column_base_plinth.015
Fra:451 Mem:797.11M (Peak 906.66M) | Time:00:02.08 | Mem:0.00M, Peak:0.00M | Scene, ViewLayer | Synchronizing object | Curved_roof_glazing.164
Fra:451 Mem:797.11M (Peak 906.66M) | Time:00:02.08 | Mem:0.00M, Peak:0.00M | Scene, ViewLayer | Synchronizing object | Curved_roof_glazing.372
Fra:451 Mem:797.12M (Peak 906.66M) | Time:00:02.08 | Mem:0.00M, Peak:0.00M | Scene, ViewLayer | Synchronizing object | Longitudinal_roof_purlin.007
Fra:451 Mem:797.14M (Peak 906.66M) | Time:00:02.08 | Mem:0.00M, Peak:0.00M | Scene, ViewLayer | Synchronizing object | Side_wall_glass.008
Fra:451 Mem:797.14M (Peak 906.66M) | Time:00:02.08 | Mem:0.00M, Peak:0.00M | Scene, ViewLayer | Synchronizing object | Curved_roof_glazing.033
Fra:451 Mem:797.15M (Peak 906.66M) | Time:00:02.08 | Mem:0.00M, Peak:0.00M | Scene, ViewLayer | Synchronizing object | Curved_roof_glazing.049
Fra:451 Mem:797.15M (Peak 906.66M) | Time:00:02.08 | Mem:0.00M, Peak:0.00M | Scene, ViewLayer | Synchronizing object | Curved_roof_glazing.113
Fra:451 Mem:797.16M (Peak 906.66M) | Time:00:02.08 | Mem:0.00M, Peak:0.00M | Scene, ViewLayer | Synchronizing object | End_wall_sill.010
Fra:451 Mem:797.18M (Peak 906.66M) | Time:00:02.08 | Mem:0.00M, Peak:0.00M | Scene, ViewLayer | Synchronizing object | Curved_roof_glazing.014
Fra:451 Mem:797.18M (Peak 906.66M) | Time:00:02.08 | Mem:0.00M, Peak:0.00M | Scene, ViewLayer | Synchronizing object | End_wall_mullion.003
Fra:451 Mem:797.21M (Peak 906.66M) | Time:00:02.08 | Mem:0.00M, Peak:0.00M | Scene, ViewLayer | Synchronizing object | Curved_roof_glazing.206
Fra:451 Mem:797.22M (Peak 906.66M) | Time:00:02.08 | Mem:0.00M, Peak:0.00M | Scene, ViewLayer | Synchronizing object | Wall_transom.069
Fra:451 Mem:797.25M (Peak 906.66M) | Time:00:02.08 | Mem:0.00M, Peak:0.00M | Scene, ViewLayer | Synchronizing object | Wall_transom.039
Fra:451 Mem:797.27M (Peak 906.66M) | Time:00:02.08 | Mem:0.00M, Peak:0.00M | Scene, ViewLayer | Synchronizing object | Curved_roof_glazing.139
Fra:451 Mem:797.27M (Peak 906.66M) | Time:00:02.08 | Mem:0.00M, Peak:0.00M | Scene, ViewLayer | Synchronizing object | Primary_elliptical_arch.002
Fra:451 Mem:797.27M (Peak 906.66M) | Time:00:02.08 | Mem:0.00M, Peak:0.00M | Scene, ViewLayer | Synchronizing object | Wall_stone_sill.037
Fra:451 Mem:797.41M (Peak 906.66M) | Time:00:02.08 | Mem:0.00M, Peak:0.00M | Scene, ViewLayer | Synchronizing object | Curved_roof_glazing.165
Fra:451 Mem:797.41M (Peak 906.66M) | Time:00:02.08 | Mem:0.00M, Peak:0.00M | Scene, ViewLayer | Synchronizing object | Curved_roof_glazing.373
Fra:451 Mem:797.45M (Peak 906.66M) | Time:00:02.08 | Mem:0.00M, Peak:0.00M | Scene, ViewLayer | Synchronizing object | Load_column.015
Fra:451 Mem:797.43M (Peak 906.66M) | Time:00:02.08 | Mem:0.00M, Peak:0.00M | Scene, ViewLayer | Synchronizing object | Ridge_vent_stanchion.018
Fra:451 Mem:797.44M (Peak 906.66M) | Time:00:02.08 | Mem:0.00M, Peak:0.00M | Scene, ViewLayer | Synchronizing object | Side_wall_glass.064
Fra:451 Mem:797.44M (Peak 906.66M) | Time:00:02.08 | Mem:0.00M, Peak:0.00M | Scene, ViewLayer | Synchronizing object | Curved_roof_glazing.034
Fra:451 Mem:797.45M (Peak 906.66M) | Time:00:02.08 | Mem:0.00M, Peak:0.00M | Scene, ViewLayer | Synchronizing object | Curved_roof_glazing.050
Fra:451 Mem:797.45M (Peak 906.66M) | Time:00:02.08 | Mem:0.00M, Peak:0.00M | Scene, ViewLayer | Synchronizing object | Curved_roof_glazing.114
Fra:451 Mem:797.46M (Peak 906.66M) | Time:00:02.08 | Mem:0.00M, Peak:0.00M | Scene, ViewLayer | Synchronizing object | Hall_door_stile.003
Fra:451 Mem:797.49M (Peak 906.66M) | Time:00:02.08 | Mem:0.00M, Peak:0.00M | Scene, ViewLayer | Synchronizing object | Curved_roof_glazing.015
Fra:451 Mem:797.49M (Peak 906.66M) | Time:00:02.08 | Mem:0.00M, Peak:0.00M | Scene, ViewLayer | Synchronizing object | Hall_door_rail.002
Fra:451 Mem:797.52M (Peak 906.66M) | Time:00:02.08 | Mem:0.00M, Peak:0.00M | Scene, ViewLayer | Synchronizing object | Side_wall_glass.083
Fra:451 Mem:797.52M (Peak 906.66M) | Time:00:02.08 | Mem:0.00M, Peak:0.00M | Scene, ViewLayer | Synchronizing object | Curved_roof_glazing.207
Fra:451 Mem:797.53M (Peak 906.66M) | Time:00:02.08 | Mem:0.00M, Peak:0.00M | Scene, ViewLayer | Synchronizing object | Column_base_plinth.004
Fra:451 Mem:797.56M (Peak 906.66M) | Time:00:02.08 | Mem:0.00M, Peak:0.00M | Scene, ViewLayer | Synchronizing object | Curved_roof_glazing.140
Fra:451 Mem:797.56M (Peak 906.66M) | Time:00:02.08 | Mem:0.00M, Peak:0.00M | Scene, ViewLayer | Synchronizing object | Side_wall_glass.074
Fra:451 Mem:797.56M (Peak 906.66M) | Time:00:02.08 | Mem:0.00M, Peak:0.00M | Scene, ViewLayer | Synchronizing object | Wall_transom.180
Fra:451 Mem:797.59M (Peak 906.66M) | Time:00:02.08 | Mem:0.00M, Peak:0.00M | Scene, ViewLayer | Synchronizing object | End_wall_mullion.008
Fra:451 Mem:797.62M (Peak 906.66M) | Time:00:02.08 | Mem:0.00M, Peak:0.00M | Scene, ViewLayer | Synchronizing object | Wall_transom.016
Fra:451 Mem:797.65M (Peak 906.66M) | Time:00:02.08 | Mem:0.00M, Peak:0.00M | Scene, ViewLayer | Synchronizing object | Curved_roof_glazing.166
Fra:451 Mem:797.65M (Peak 906.66M) | Time:00:02.08 | Mem:0.00M, Peak:0.00M | Scene, ViewLayer | Synchronizing object | Curved_roof_glazing.374
Fra:451 Mem:797.66M (Peak 906.66M) | Time:00:02.08 | Mem:0.00M, Peak:0.00M | Scene, ViewLayer | Synchronizing object | End_wall_mullion.005
Fra:451 Mem:797.68M (Peak 906.66M) | Time:00:02.08 | Mem:0.00M, Peak:0.00M | Scene, ViewLayer | Synchronizing object | Side_wall_glass.009
Fra:451 Mem:797.69M (Peak 906.66M) | Time:00:02.08 | Mem:0.00M, Peak:0.00M | Scene, ViewLayer | Synchronizing object | Wall_stone_sill.034
Fra:451 Mem:797.71M (Peak 906.66M) | Time:00:02.08 | Mem:0.00M, Peak:0.00M | Scene, ViewLayer | Synchronizing object | Curved_roof_glazing.035
Fra:451 Mem:797.72M (Peak 906.66M) | Time:00:02.08 | Mem:0.00M, Peak:0.00M | Scene, ViewLayer | Synchronizing object | Curved_roof_glazing.051
Fra:451 Mem:797.72M (Peak 906.66M) | Time:00:02.08 | Mem:0.00M, Peak:0.00M | Scene, ViewLayer | Synchronizing object | Curved_roof_glazing.115
Fra:451 Mem:797.73M (Peak 906.66M) | Time:00:02.08 | Mem:0.00M, Peak:0.00M | Scene, ViewLayer | Synchronizing object | End_wall_glazing.011
Fra:451 Mem:797.73M (Peak 906.66M) | Time:00:02.08 | Mem:0.00M, Peak:0.00M | Scene, ViewLayer | Synchronizing object | End_wall_sill.017
Fra:451 Mem:797.76M (Peak 906.66M) | Time:00:02.08 | Mem:0.00M, Peak:0.00M | Scene, ViewLayer | Synchronizing object | Hall_door_glass.001
Fra:451 Mem:797.76M (Peak 906.66M) | Time:00:02.08 | Mem:0.00M, Peak:0.00M | Scene, ViewLayer | Synchronizing object | Curved_roof_glazing.016
Fra:451 Mem:797.77M (Peak 906.66M) | Time:00:02.08 | Mem:0.00M, Peak:0.00M | Scene, ViewLayer | Synchronizing object | Column_capital.016
Fra:451 Mem:797.79M (Peak 906.66M) | Time:00:02.08 | Mem:0.00M, Peak:0.00M | Scene, ViewLayer | Synchronizing object | Curved_roof_glazing.208
Fra:451 Mem:797.80M (Peak 906.66M) | Time:00:02.08 | Mem:0.00M, Peak:0.00M | Scene, ViewLayer | Synchronizing object | Wall_transom.151
Fra:451 Mem:797.83M (Peak 906.66M) | Time:00:02.08 | Mem:0.00M, Peak:0.00M | Scene, ViewLayer | Synchronizing object | Wall_transom.007
Fra:451 Mem:797.86M (Peak 906.66M) | Time:00:02.08 | Mem:0.00M, Peak:0.00M | Scene, ViewLayer | Synchronizing object | Wall_transom.080
Fra:451 Mem:797.91M (Peak 906.66M) | Time:00:02.08 | Mem:0.00M, Peak:0.00M | Scene, ViewLayer | Synchronizing object | Curved_roof_glazing.141
Fra:451 Mem:797.91M (Peak 906.66M) | Time:00:02.08 | Mem:0.00M, Peak:0.00M | Scene, ViewLayer | Synchronizing object | Load_column.004
Fra:451 Mem:797.91M (Peak 906.66M) | Time:00:02.08 | Mem:0.00M, Peak:0.00M | Scene, ViewLayer | Synchronizing object | Wall_transom.179
Fra:451 Mem:797.92M (Peak 906.66M) | Time:00:02.08 | Mem:0.00M, Peak:0.00M | Scene, ViewLayer | Synchronizing object | Wall_stone_sill.016
Fra:451 Mem:797.99M (Peak 906.66M) | Time:00:02.08 | Mem:0.00M, Peak:0.00M | Scene, ViewLayer | Synchronizing object | Wall_stone_sill.051
Fra:451 Mem:797.97M (Peak 906.66M) | Time:00:02.08 | Mem:0.00M, Peak:0.00M | Scene, ViewLayer | Synchronizing object | Wall_stone_sill.055
Fra:451 Mem:798.04M (Peak 906.66M) | Time:00:02.08 | Mem:0.00M, Peak:0.00M | Scene, ViewLayer | Synchronizing object | Curved_roof_glazing.167
Fra:451 Mem:798.02M (Peak 906.66M) | Time:00:02.08 | Mem:0.00M, Peak:0.00M | Scene, ViewLayer | Synchronizing object | Curved_roof_glazing.375
Fra:451 Mem:798.02M (Peak 906.66M) | Time:00:02.08 | Mem:0.00M, Peak:0.00M | Scene, ViewLayer | Synchronizing object | Ridge_vent_stanchion.019
Fra:451 Mem:798.03M (Peak 906.66M) | Time:00:02.08 | Mem:0.00M, Peak:0.00M | Scene, ViewLayer | Synchronizing object | Side_wall_glass.065
Fra:451 Mem:798.03M (Peak 906.66M) | Time:00:02.08 | Mem:0.00M, Peak:0.00M | Scene, ViewLayer | Synchronizing object | Column_base_plinth.001
Fra:451 Mem:798.04M (Peak 906.66M) | Time:00:02.08 | Mem:0.00M, Peak:0.00M | Scene, ViewLayer | Synchronizing object | Side_wall_glass.062
Fra:451 Mem:798.07M (Peak 906.66M) | Time:00:02.08 | Mem:0.00M, Peak:0.00M | Scene, ViewLayer | Synchronizing object | Wall_transom.123
Fra:451 Mem:798.09M (Peak 906.66M) | Time:00:02.08 | Mem:0.00M, Peak:0.00M | Scene, ViewLayer | Synchronizing object | Column_capital.007
Fra:451 Mem:798.10M (Peak 906.66M) | Time:00:02.08 | Mem:0.00M, Peak:0.00M | Scene, ViewLayer | Synchronizing object | Curved_roof_glazing.017
Fra:451 Mem:798.11M (Peak 906.66M) | Time:00:02.08 | Mem:0.00M, Peak:0.00M | Scene, ViewLayer | Synchronizing object | Hall_door_glass
Fra:451 Mem:798.12M (Peak 906.66M) | Time:00:02.08 | Mem:0.00M, Peak:0.00M | Scene, ViewLayer | Synchronizing object | Wall_stone_sill.046
Fra:451 Mem:798.14M (Peak 906.66M) | Time:00:02.08 | Mem:0.00M, Peak:0.00M | Scene, ViewLayer | Synchronizing object | Curved_roof_glazing.209
Fra:451 Mem:798.15M (Peak 906.66M) | Time:00:02.08 | Mem:0.00M, Peak:0.00M | Scene, ViewLayer | Synchronizing object | Wall_transom.109
Fra:451 Mem:798.17M (Peak 906.66M) | Time:00:02.08 | Mem:0.00M, Peak:0.00M | Scene, ViewLayer | Synchronizing object | Wall_stone_sill.010
Fra:451 Mem:798.20M (Peak 906.66M) | Time:00:02.08 | Mem:0.00M, Peak:0.00M | Scene, ViewLayer | Synchronizing object | Curved_roof_glazing.142
Fra:451 Mem:798.20M (Peak 906.66M) | Time:00:02.08 | Mem:0.00M, Peak:0.00M | Scene, ViewLayer | Synchronizing object | Wall_stone_sill
Fra:451 Mem:798.23M (Peak 906.66M) | Time:00:02.08 | Mem:0.00M, Peak:0.00M | Scene, ViewLayer | Synchronizing object | Side_wall_glass.106
Fra:451 Mem:798.23M (Peak 906.66M) | Time:00:02.08 | Mem:0.00M, Peak:0.00M | Scene, ViewLayer | Synchronizing object | Side_wall_glass.114
Fra:451 Mem:798.23M (Peak 906.66M) | Time:00:02.08 | Mem:0.00M, Peak:0.00M | Scene, ViewLayer | Synchronizing object | Wall_glazing_mullion.036
Fra:451 Mem:798.25M (Peak 906.66M) | Time:00:02.08 | Mem:0.00M, Peak:0.00M | Scene, ViewLayer | Synchronizing object | Wall_transom.091
Fra:451 Mem:798.29M (Peak 906.66M) | Time:00:02.08 | Mem:0.00M, Peak:0.00M | Scene, ViewLayer | Synchronizing object | Wall_transom.160
Fra:451 Mem:798.32M (Peak 906.66M) | Time:00:02.08 | Mem:0.00M, Peak:0.00M | Scene, ViewLayer | Synchronizing object | Curved_roof_glazing.168
Fra:451 Mem:798.31M (Peak 906.66M) | Time:00:02.08 | Mem:0.00M, Peak:0.00M | Scene, ViewLayer | Synchronizing object | Column_capital
Fra:451 Mem:798.32M (Peak 906.66M) | Time:00:02.08 | Mem:0.00M, Peak:0.00M | Scene, ViewLayer | Synchronizing object | End_wall_mullion.017
Fra:451 Mem:798.39M (Peak 906.66M) | Time:00:02.08 | Mem:0.00M, Peak:0.00M | Scene, ViewLayer | Synchronizing object | Wall_transom.152
Fra:451 Mem:798.37M (Peak 906.66M) | Time:00:02.08 | Mem:0.00M, Peak:0.00M | Scene, ViewLayer | Synchronizing object | Curved_roof_glazing.018
Fra:451 Mem:798.40M (Peak 906.66M) | Time:00:02.08 | Mem:0.00M, Peak:0.00M | Scene, ViewLayer | Synchronizing object | Column_base_plinth.017
Fra:451 Mem:798.42M (Peak 906.66M) | Time:00:02.08 | Mem:0.00M, Peak:0.00M | Scene, ViewLayer | Synchronizing object | Curved_roof_glazing.210
Fra:451 Mem:798.42M (Peak 906.66M) | Time:00:02.08 | Mem:0.00M, Peak:0.00M | Scene, ViewLayer | Synchronizing object | Side_wall_glass.096
Fra:451 Mem:798.43M (Peak 906.66M) | Time:00:02.08 | Mem:0.00M, Peak:0.00M | Scene, ViewLayer | Synchronizing object | Wall_transom.138
Fra:451 Mem:798.42M (Peak 906.66M) | Time:00:02.08 | Mem:0.00M, Peak:0.00M | Scene, ViewLayer | Synchronizing object | Continuous_eaves_gutter.001
Fra:451 Mem:798.48M (Peak 906.66M) | Time:00:02.08 | Mem:0.00M, Peak:0.00M | Scene, ViewLayer | Synchronizing object | Curved_roof_glazing.143
Fra:451 Mem:798.47M (Peak 906.66M) | Time:00:02.08 | Mem:0.00M, Peak:0.00M | Scene, ViewLayer | Synchronizing object | Side_wall_glass.075
Fra:451 Mem:798.48M (Peak 906.66M) | Time:00:02.08 | Mem:0.00M, Peak:0.00M | Scene, ViewLayer | Synchronizing object | Wall_glazing_mullion.037
Fra:451 Mem:798.48M (Peak 906.66M) | Time:00:02.08 | Mem:0.00M, Peak:0.00M | Scene, ViewLayer | Synchronizing object | Curved_roof_glazing.169
Fra:451 Mem:798.51M (Peak 906.66M) | Time:00:02.08 | Mem:0.00M, Peak:0.00M | Scene, ViewLayer | Synchronizing object | Curved_roof_glazing.377
Fra:451 Mem:798.51M (Peak 906.66M) | Time:00:02.08 | Mem:0.00M, Peak:0.00M | Scene, ViewLayer | Synchronizing object | Longitudinal_roof_purlin.008
Fra:451 Mem:798.54M (Peak 906.66M) | Time:00:02.08 | Mem:0.00M, Peak:0.00M | Scene, ViewLayer | Synchronizing object | Ridge_vent_stanchion.020
Fra:451 Mem:798.54M (Peak 906.66M) | Time:00:02.08 | Mem:0.00M, Peak:0.00M | Scene, ViewLayer | Synchronizing object | Side_wall_glass.039
Fra:451 Mem:798.54M (Peak 906.66M) | Time:00:02.08 | Mem:0.00M, Peak:0.00M | Scene, ViewLayer | Synchronizing object | Side_wall_glass.063
Fra:451 Mem:798.54M (Peak 906.66M) | Time:00:02.08 | Mem:0.00M, Peak:0.00M | Scene, ViewLayer | Synchronizing object | Curved_roof_glazing.019
Fra:451 Mem:798.54M (Peak 906.66M) | Time:00:02.08 | Mem:0.00M, Peak:0.00M | Scene, ViewLayer | Synchronizing object | End_wall_sill.003
Fra:451 Mem:798.54M (Peak 906.66M) | Time:00:02.08 | Mem:0.00M, Peak:0.00M | Scene, ViewLayer | Synchronizing object | Wall_glazing_mullion.018
Fra:451 Mem:798.60M (Peak 906.66M) | Time:00:02.08 | Mem:0.00M, Peak:0.00M | Scene, ViewLayer | Synchronizing object | Curved_roof_glazing.003
Fra:451 Mem:798.59M (Peak 906.66M) | Time:00:02.08 | Mem:0.00M, Peak:0.00M | Scene, ViewLayer | Synchronizing object | Curved_roof_glazing.211
Fra:451 Mem:798.60M (Peak 906.66M) | Time:00:02.08 | Mem:0.00M, Peak:0.00M | Scene, ViewLayer | Synchronizing object | Side_wall_glass.020
Fra:451 Mem:798.60M (Peak 906.66M) | Time:00:02.08 | Mem:0.00M, Peak:0.00M | Scene, ViewLayer | Synchronizing object | Wall_transom.040
Fra:451 Mem:798.61M (Peak 906.66M) | Time:00:02.08 | Mem:0.00M, Peak:0.00M | Scene, ViewLayer | Synchronizing object | Wall_transom.070
Fra:451 Mem:798.67M (Peak 906.66M) | Time:00:02.08 | Mem:0.00M, Peak:0.00M | Scene, ViewLayer | Synchronizing object | Column_capital.004
Fra:451 Mem:798.66M (Peak 906.66M) | Time:00:02.08 | Mem:0.00M, Peak:0.00M | Scene, ViewLayer | Synchronizing object | Curved_roof_glazing.144
Fra:451 Mem:798.69M (Peak 906.66M) | Time:00:02.08 | Mem:0.00M, Peak:0.00M | Scene, ViewLayer | Synchronizing object | Side_wall_glass.032
Fra:451 Mem:798.69M (Peak 906.66M) | Time:00:02.08 | Mem:0.00M, Peak:0.00M | Scene, ViewLayer | Synchronizing object | Column_capital.009
Fra:451 Mem:798.71M (Peak 906.66M) | Time:00:02.08 | Mem:0.00M, Peak:0.00M | Scene, ViewLayer | Synchronizing object | Wall_transom.114
Fra:451 Mem:798.74M (Peak 906.66M) | Time:00:02.08 | Mem:0.00M, Peak:0.00M | Scene, ViewLayer | Synchronizing object | Secondary_glazing_rib.020
Fra:451 Mem:798.81M (Peak 906.66M) | Time:00:02.08 | Mem:0.00M, Peak:0.00M | Scene, ViewLayer | Synchronizing object | Curved_roof_glazing.170
Fra:451 Mem:798.81M (Peak 906.66M) | Time:00:02.08 | Mem:0.00M, Peak:0.00M | Scene, ViewLayer | Synchronizing object | Curved_roof_glazing.378
Fra:451 Mem:798.83M (Peak 906.66M) | Time:00:02.08 | Mem:0.00M, Peak:0.00M | Scene, ViewLayer | Synchronizing object | End_elevation_crossbar.002
Fra:451 Mem:798.84M (Peak 906.66M) | Time:00:02.08 | Mem:0.00M, Peak:0.00M | Scene, ViewLayer | Synchronizing object | Hall_door_rail.003
Fra:451 Mem:798.90M (Peak 906.66M) | Time:00:02.08 | Mem:0.00M, Peak:0.00M | Scene, ViewLayer | Synchronizing object | Wall_stone_sill.053
Fra:451 Mem:798.89M (Peak 906.66M) | Time:00:02.08 | Mem:0.00M, Peak:0.00M | Scene, ViewLayer | Synchronizing object | Curved_roof_glazing.052
Fra:451 Mem:798.93M (Peak 906.66M) | Time:00:02.08 | Mem:0.00M, Peak:0.00M | Scene, ViewLayer | Synchronizing object | Curved_roof_glazing.324
Fra:451 Mem:798.92M (Peak 906.66M) | Time:00:02.08 | Mem:0.00M, Peak:0.00M | Scene, ViewLayer | Synchronizing object | Side_wall_glass.050
Fra:451 Mem:798.92M (Peak 906.66M) | Time:00:02.08 | Mem:0.00M, Peak:0.00M | Scene, ViewLayer | Synchronizing object | Curved_roof_glazing.308
Fra:451 Mem:798.92M (Peak 906.66M) | Time:00:02.08 | Mem:0.00M, Peak:0.00M | Scene, ViewLayer | Synchronizing object | Wall_transom.129
Fra:451 Mem:798.94M (Peak 906.66M) | Time:00:02.08 | Mem:0.00M, Peak:0.00M | Scene, ViewLayer | Synchronizing object | Curved_roof_glazing.145
Fra:451 Mem:798.95M (Peak 906.66M) | Time:00:02.08 | Mem:0.00M, Peak:0.00M | Scene, ViewLayer | Synchronizing object | Side_wall_glass.033
Fra:451 Mem:798.95M (Peak 906.66M) | Time:00:02.08 | Mem:0.00M, Peak:0.00M | Scene, ViewLayer | Synchronizing object | End_wall_sill.008
Fra:451 Mem:798.99M (Peak 906.66M) | Time:00:02.08 | Mem:0.00M, Peak:0.00M | Scene, ViewLayer | Synchronizing object | Wall_glazing_mullion.021
Fra:451 Mem:799.02M (Peak 906.66M) | Time:00:02.08 | Mem:0.00M, Peak:0.00M | Scene, ViewLayer | Synchronizing object | Wall_glazing_mullion.034
Fra:451 Mem:799.04M (Peak 906.66M) | Time:00:02.08 | Mem:0.00M, Peak:0.00M | Scene, ViewLayer | Synchronizing object | Side_wall_glass.107
Fra:451 Mem:799.05M (Peak 906.66M) | Time:00:02.08 | Mem:0.00M, Peak:0.00M | Scene, ViewLayer | Synchronizing object | Side_wall_glass.115
Fra:451 Mem:799.05M (Peak 906.66M) | Time:00:02.08 | Mem:0.00M, Peak:0.00M | Scene, ViewLayer | Synchronizing object | Wall_transom.017
Fra:451 Mem:799.08M (Peak 906.66M) | Time:00:02.08 | Mem:0.00M, Peak:0.00M | Scene, ViewLayer | Synchronizing object | Curved_roof_glazing.171
Fra:451 Mem:799.08M (Peak 906.66M) | Time:00:02.08 | Mem:0.00M, Peak:0.00M | Scene, ViewLayer | Synchronizing object | Curved_roof_glazing.379
Fra:451 Mem:799.09M (Peak 906.66M) | Time:00:02.08 | Mem:0.00M, Peak:0.00M | Scene, ViewLayer | Synchronizing object | End_wall_sill.005
Fra:451 Mem:799.12M (Peak 906.66M) | Time:00:02.08 | Mem:0.00M, Peak:0.00M | Scene, ViewLayer | Synchronizing object | Ridge_vent_stanchion.021
Fra:451 Mem:799.12M (Peak 906.66M) | Time:00:02.08 | Mem:0.00M, Peak:0.00M | Scene, ViewLayer | Synchronizing object | Load_column.001
Fra:451 Mem:799.12M (Peak 906.66M) | Time:00:02.08 | Mem:0.00M, Peak:0.00M | Scene, ViewLayer | Synchronizing object | Side_wall_glass.110
Fra:451 Mem:799.12M (Peak 906.66M) | Time:00:02.08 | Mem:0.00M, Peak:0.00M | Scene, ViewLayer | Synchronizing object | Wall_transom.023
Fra:451 Mem:799.15M (Peak 906.66M) | Time:00:02.08 | Mem:0.00M, Peak:0.00M | Scene, ViewLayer | Synchronizing object | Wall_transom.172
Fra:451 Mem:799.18M (Peak 906.66M) | Time:00:02.08 | Mem:0.00M, Peak:0.00M | Scene, ViewLayer | Synchronizing object | Curved_roof_glazing.053
Fra:451 Mem:799.19M (Peak 906.66M) | Time:00:02.08 | Mem:0.00M, Peak:0.00M | Scene, ViewLayer | Synchronizing object | Curved_roof_glazing.325
Fra:451 Mem:799.19M (Peak 906.66M) | Time:00:02.08 | Mem:0.00M, Peak:0.00M | Scene, ViewLayer | Synchronizing object | Wall_transom.077
Fra:451 Mem:799.22M (Peak 906.66M) | Time:00:02.08 | Mem:0.00M, Peak:0.00M | Scene, ViewLayer | Synchronizing object | Curved_roof_glazing.309
Fra:451 Mem:799.22M (Peak 906.66M) | Time:00:02.08 | Mem:0.00M, Peak:0.00M | Scene, ViewLayer | Synchronizing object | Wall_transom.095
Fra:451 Mem:799.25M (Peak 906.66M) | Time:00:02.08 | Mem:0.00M, Peak:0.00M | Scene, ViewLayer | Synchronizing object | Wall_transom.042
Fra:451 Mem:799.28M (Peak 906.66M) | Time:00:02.08 | Mem:0.00M, Peak:0.00M | Scene, ViewLayer | Synchronizing object | Side_wall_glass.021
Fra:451 Mem:799.28M (Peak 906.66M) | Time:00:02.08 | Mem:0.00M, Peak:0.00M | Scene, ViewLayer | Synchronizing object | Wall_transom.008
Fra:451 Mem:799.31M (Peak 906.66M) | Time:00:02.08 | Mem:0.00M, Peak:0.00M | Scene, ViewLayer | Synchronizing object | Wall_stone_sill.027
Fra:451 Mem:799.34M (Peak 906.66M) | Time:00:02.08 | Mem:0.00M, Peak:0.00M | Scene, ViewLayer | Synchronizing object | Curved_roof_glazing.146
Fra:451 Mem:799.34M (Peak 906.66M) | Time:00:02.08 | Mem:0.00M, Peak:0.00M | Scene, ViewLayer | Synchronizing object | Load_column.005
Fra:451 Mem:799.35M (Peak 906.66M) | Time:00:02.08 | Mem:0.00M, Peak:0.00M | Scene, ViewLayer | Synchronizing object | Side_wall_glass.001
Fra:451 Mem:799.35M (Peak 906.66M) | Time:00:02.08 | Mem:0.00M, Peak:0.00M | Scene, ViewLayer | Synchronizing object | Secondary_glazing_rib.012
Fra:451 Mem:799.44M (Peak 906.66M) | Time:00:02.08 | Mem:0.00M, Peak:0.00M | Scene, ViewLayer | Synchronizing object | Column_capital.014
Fra:451 Mem:799.47M (Peak 906.66M) | Time:00:02.08 | Mem:0.00M, Peak:0.00M | Scene, ViewLayer | Synchronizing object | Wall_glazing_mullion.035
Fra:451 Mem:799.50M (Peak 906.66M) | Time:00:02.08 | Mem:0.00M, Peak:0.00M | Scene, ViewLayer | Synchronizing object | Curved_roof_glazing.172
Fra:451 Mem:799.50M (Peak 906.66M) | Time:00:02.08 | Mem:0.00M, Peak:0.00M | Scene, ViewLayer | Synchronizing object | Curved_roof_glazing.380
Fra:451 Mem:799.51M (Peak 906.66M) | Time:00:02.08 | Mem:0.00M, Peak:0.00M | Scene, ViewLayer | Synchronizing object | End_wall_glazing.006
Fra:451 Mem:799.51M (Peak 906.66M) | Time:00:02.09 | Mem:0.00M, Peak:0.00M | Scene, ViewLayer | Synchronizing object | Wall_transom.096
Fra:451 Mem:799.54M (Peak 906.66M) | Time:00:02.09 | Mem:0.00M, Peak:0.00M | Scene, ViewLayer | Synchronizing object | Wall_glazing_mullion
Fra:451 Mem:799.57M (Peak 906.66M) | Time:00:02.09 | Mem:0.00M, Peak:0.00M | Scene, ViewLayer | Synchronizing object | Wall_transom.124
Fra:451 Mem:799.60M (Peak 906.66M) | Time:00:02.09 | Mem:0.00M, Peak:0.00M | Scene, ViewLayer | Synchronizing object | Curved_roof_glazing.054
Fra:451 Mem:799.60M (Peak 906.66M) | Time:00:02.09 | Mem:0.00M, Peak:0.00M | Scene, ViewLayer | Synchronizing object | Curved_roof_glazing.326
Fra:451 Mem:799.61M (Peak 906.66M) | Time:00:02.09 | Mem:0.00M, Peak:0.00M | Scene, ViewLayer | Synchronizing object | Side_wall_glass.051
Fra:451 Mem:799.61M (Peak 906.66M) | Time:00:02.09 | Mem:0.00M, Peak:0.00M | Scene, ViewLayer | Synchronizing object | Curved_roof_glazing.310
Fra:451 Mem:799.62M (Peak 906.66M) | Time:00:02.09 | Mem:0.00M, Peak:0.00M | Scene, ViewLayer | Synchronizing object | Side_wall_glass.059
Fra:451 Mem:799.62M (Peak 906.66M) | Time:00:02.09 | Mem:0.00M, Peak:0.00M | Scene, ViewLayer | Synchronizing object | Side_wall_glass.054
Fra:451 Mem:799.62M (Peak 906.66M) | Time:00:02.09 | Mem:0.00M, Peak:0.00M | Scene, ViewLayer | Synchronizing object | Curved_roof_glazing.147
Fra:451 Mem:799.62M (Peak 906.66M) | Time:00:02.09 | Mem:0.00M, Peak:0.00M | Scene, ViewLayer | Synchronizing object | Column_base_plinth.005
Fra:451 Mem:799.65M (Peak 906.66M) | Time:00:02.09 | Mem:0.00M, Peak:0.00M | Scene, ViewLayer | Synchronizing object | Side_wall_glass
Fra:451 Mem:799.66M (Peak 906.66M) | Time:00:02.09 | Mem:0.00M, Peak:0.00M | Scene, ViewLayer | Synchronizing object | End_wall_glazing.009
Fra:451 Mem:799.66M (Peak 906.66M) | Time:00:02.09 | Mem:0.00M, Peak:0.00M | Scene, ViewLayer | Synchronizing object | Secondary_glazing_rib.019
Fra:451 Mem:799.75M (Peak 906.66M) | Time:00:02.09 | Mem:0.00M, Peak:0.00M | Scene, ViewLayer | Synchronizing object | Wall_transom.092
Fra:451 Mem:799.78M (Peak 906.66M) | Time:00:02.09 | Mem:0.00M, Peak:0.00M | Scene, ViewLayer | Synchronizing object | Wall_transom.161
Fra:451 Mem:799.81M (Peak 906.66M) | Time:00:02.09 | Mem:0.00M, Peak:0.00M | Scene, ViewLayer | Synchronizing object | Column_base_plinth
Fra:451 Mem:799.84M (Peak 906.66M) | Time:00:02.09 | Mem:0.00M, Peak:0.00M | Scene, ViewLayer | Synchronizing object | Curved_roof_glazing.173
Fra:451 Mem:799.84M (Peak 906.66M) | Time:00:02.09 | Mem:0.00M, Peak:0.00M | Scene, ViewLayer | Synchronizing object | Curved_roof_glazing.381
Fra:451 Mem:799.85M (Peak 906.66M) | Time:00:02.09 | Mem:0.00M, Peak:0.00M | Scene, ViewLayer | Synchronizing object | Ridge_vent_stanchion.022
Fra:451 Mem:799.85M (Peak 906.66M) | Time:00:02.09 | Mem:0.00M, Peak:0.00M | Scene, ViewLayer | Synchronizing object | Longitudinal_roof_purlin.001
Fra:451 Mem:799.88M (Peak 906.66M) | Time:00:02.09 | Mem:0.00M, Peak:0.00M | Scene, ViewLayer | Synchronizing object | End_wall_sill.015
Fra:451 Mem:799.92M (Peak 906.66M) | Time:00:02.09 | Mem:0.00M, Peak:0.00M | Scene, ViewLayer | Synchronizing object | Wall_transom.153
Fra:451 Mem:799.95M (Peak 906.66M) | Time:00:02.09 | Mem:0.00M, Peak:0.00M | Scene, ViewLayer | Synchronizing object | Curved_roof_glazing.055
Fra:451 Mem:799.96M (Peak 906.66M) | Time:00:02.09 | Mem:0.00M, Peak:0.00M | Scene, ViewLayer | Synchronizing object | Curved_roof_glazing.327
Fra:451 Mem:799.96M (Peak 906.66M) | Time:00:02.09 | Mem:0.00M, Peak:0.00M | Scene, ViewLayer | Synchronizing object | Curved_roof_glazing.311
Fra:451 Mem:799.96M (Peak 906.66M) | Time:00:02.09 | Mem:0.00M, Peak:0.00M | Scene, ViewLayer | Synchronizing object | Load_column.013
Fra:451 Mem:799.97M (Peak 906.66M) | Time:00:02.09 | Mem:0.00M, Peak:0.00M | Scene, ViewLayer | Synchronizing object | Secondary_glazing_rib.009
Fra:451 Mem:800.06M (Peak 906.66M) | Time:00:02.09 | Mem:0.00M, Peak:0.00M | Scene, ViewLayer | Synchronizing object | Curved_roof_glazing.174
Fra:451 Mem:800.07M (Peak 906.66M) | Time:00:02.09 | Mem:0.00M, Peak:0.00M | Scene, ViewLayer | Synchronizing object | Curved_roof_glazing.382
Fra:451 Mem:800.07M (Peak 906.66M) | Time:00:02.09 | Mem:0.00M, Peak:0.00M | Scene, ViewLayer | Synchronizing object | Longitudinal_roof_purlin.009
Fra:451 Mem:800.10M (Peak 906.66M) | Time:00:02.09 | Mem:0.00M, Peak:0.00M | Scene, ViewLayer | Synchronizing object | Wall_transom.057
Fra:451 Mem:800.13M (Peak 906.66M) | Time:00:02.09 | Mem:0.00M, Peak:0.00M | Scene, ViewLayer | Synchronizing object | Wall_transom.093
Fra:451 Mem:800.16M (Peak 906.66M) | Time:00:02.09 | Mem:0.00M, Peak:0.00M | Scene, ViewLayer | Synchronizing object | Side_wall_glass.111
Fra:451 Mem:800.16M (Peak 906.66M) | Time:00:02.09 | Mem:0.00M, Peak:0.00M | Scene, ViewLayer | Synchronizing object | Curved_roof_glazing.056
Fra:451 Mem:800.16M (Peak 906.66M) | Time:00:02.09 | Mem:0.00M, Peak:0.00M | Scene, ViewLayer | Synchronizing object | Curved_roof_glazing.328
Fra:451 Mem:800.17M (Peak 906.66M) | Time:00:02.09 | Mem:0.00M, Peak:0.00M | Scene, ViewLayer | Synchronizing object | Wall_transom.148
Fra:451 Mem:800.20M (Peak 906.66M) | Time:00:02.09 | Mem:0.00M, Peak:0.00M | Scene, ViewLayer | Synchronizing object | Curved_roof_glazing.312
Fra:451 Mem:800.20M (Peak 906.66M) | Time:00:02.09 | Mem:0.00M, Peak:0.00M | Scene, ViewLayer | Synchronizing object | Wall_transom.142
Fra:451 Mem:800.23M (Peak 906.66M) | Time:00:02.09 | Mem:0.00M, Peak:0.00M | Scene, ViewLayer | Synchronizing object | Wall_stone_sill.009
Fra:451 Mem:800.26M (Peak 906.66M) | Time:00:02.09 | Mem:0.00M, Peak:0.00M | Scene, ViewLayer | Synchronizing object | Wall_transom.071
Fra:451 Mem:800.29M (Peak 906.66M) | Time:00:02.09 | Mem:0.00M, Peak:0.00M | Scene, ViewLayer | Synchronizing object | Longitudinal_roof_purlin.004
Fra:451 Mem:800.32M (Peak 906.66M) | Time:00:02.09 | Mem:0.00M, Peak:0.00M | Scene, ViewLayer | Synchronizing object | Ridge_vent_stanchion.010
Fra:451 Mem:800.32M (Peak 906.66M) | Time:00:02.09 | Mem:0.00M, Peak:0.00M | Scene, ViewLayer | Synchronizing object | Wall_transom.158
Fra:451 Mem:800.35M (Peak 906.66M) | Time:00:02.09 | Mem:0.00M, Peak:0.00M | Scene, ViewLayer | Synchronizing object | Wall_transom.115
Fra:451 Mem:800.38M (Peak 906.66M) | Time:00:02.09 | Mem:0.00M, Peak:0.00M | Scene, ViewLayer | Synchronizing object | Column_capital.015
Fra:451 Mem:800.40M (Peak 906.66M) | Time:00:02.09 | Mem:0.00M, Peak:0.00M | Scene, ViewLayer | Synchronizing object | Curved_roof_glazing.175
Fra:451 Mem:800.41M (Peak 906.66M) | Time:00:02.09 | Mem:0.00M, Peak:0.00M | Scene, ViewLayer | Synchronizing object | Curved_roof_glazing.383
Fra:451 Mem:800.41M (Peak 906.66M) | Time:00:02.09 | Mem:0.00M, Peak:0.00M | Scene, ViewLayer | Synchronizing object | Load_column
Fra:451 Mem:800.42M (Peak 906.66M) | Time:00:02.09 | Mem:0.00M, Peak:0.00M | Scene, ViewLayer | Synchronizing object | Ridge_vent_stanchion.023
Fra:451 Mem:800.42M (Peak 906.66M) | Time:00:02.09 | Mem:0.00M, Peak:0.00M | Scene, ViewLayer | Synchronizing object | Column_capital.001
Fra:451 Mem:800.45M (Peak 906.66M) | Time:00:02.09 | Mem:0.00M, Peak:0.00M | Scene, ViewLayer | Synchronizing object | End_wall_glazing.018
Fra:451 Mem:800.45M (Peak 906.66M) | Time:00:02.09 | Mem:0.00M, Peak:0.00M | Scene, ViewLayer | Synchronizing object | End_elevation_crossbar.003
Fra:451 Mem:800.48M (Peak 906.66M) | Time:00:02.09 | Mem:0.00M, Peak:0.00M | Scene, ViewLayer | Synchronizing object | Curved_roof_glazing.057
Fra:451 Mem:800.49M (Peak 906.66M) | Time:00:02.09 | Mem:0.00M, Peak:0.00M | Scene, ViewLayer | Synchronizing object | Curved_roof_glazing.329
Fra:451 Mem:800.49M (Peak 906.66M) | Time:00:02.09 | Mem:0.00M, Peak:0.00M | Scene, ViewLayer | Synchronizing object | Curved_roof_glazing.313
Fra:451 Mem:800.50M (Peak 906.66M) | Time:00:02.09 | Mem:0.00M, Peak:0.00M | Scene, ViewLayer | Synchronizing object | Wall_transom.130
Fra:451 Mem:800.53M (Peak 906.66M) | Time:00:02.09 | Mem:0.00M, Peak:0.00M | Scene, ViewLayer | Synchronizing object | Side_wall_glass.018
Fra:451 Mem:800.53M (Peak 906.66M) | Time:00:02.09 | Mem:0.00M, Peak:0.00M | Scene, ViewLayer | Synchronizing object | Load_column.002
Fra:451 Mem:800.53M (Peak 906.66M) | Time:00:02.09 | Mem:0.00M, Peak:0.00M | Scene, ViewLayer | Synchronizing object | Wall_transom.048
Fra:451 Mem:800.56M (Peak 906.66M) | Time:00:02.09 | Mem:0.00M, Peak:0.00M | Scene, ViewLayer | Synchronizing object | Wall_stone_sill.006
Fra:451 Mem:800.59M (Peak 906.66M) | Time:00:02.09 | Mem:0.00M, Peak:0.00M | Scene, ViewLayer | Synchronizing object | Wall_transom.157
Fra:451 Mem:800.62M (Peak 906.66M) | Time:00:02.09 | Mem:0.00M, Peak:0.00M | Scene, ViewLayer | Synchronizing object | Wall_transom.169
Fra:451 Mem:800.64M (Peak 906.66M) | Time:00:02.09 | Mem:0.00M, Peak:0.00M | Scene, ViewLayer | Synchronizing object | Curved_roof_glazing.176
Fra:451 Mem:800.65M (Peak 906.66M) | Time:00:02.09 | Mem:0.00M, Peak:0.00M | Scene, ViewLayer | Synchronizing object | Primary_elliptical_arch
Fra:451 Mem:800.78M (Peak 906.66M) | Time:00:02.09 | Mem:0.00M, Peak:0.00M | Scene, ViewLayer | Synchronizing object | Hall_door_rail.004
Fra:451 Mem:800.80M (Peak 906.66M) | Time:00:02.09 | Mem:0.00M, Peak:0.00M | Scene, ViewLayer | Synchronizing object | Wall_stone_sill.008
Fra:451 Mem:803.88M (Peak 906.66M) | Time:00:02.09 | Mem:0.00M, Peak:0.00M | Scene, ViewLayer | Synchronizing object | Wall_transom.173
Fra:451 Mem:803.97M (Peak 906.66M) | Time:00:02.09 | Mem:0.00M, Peak:0.00M | Scene, ViewLayer | Synchronizing object | Curved_roof_glazing.058
Fra:451 Mem:803.97M (Peak 906.66M) | Time:00:02.09 | Mem:0.00M, Peak:0.00M | Scene, ViewLayer | Synchronizing object | Curved_roof_glazing.330
Fra:451 Mem:803.98M (Peak 906.66M) | Time:00:02.09 | Mem:0.00M, Peak:0.00M | Scene, ViewLayer | Synchronizing object | Curved_roof_glazing.314
Fra:451 Mem:803.98M (Peak 906.66M) | Time:00:02.09 | Mem:0.00M, Peak:0.00M | Scene, ViewLayer | Synchronizing object | Wall_stone_sill.003
Fra:451 Mem:804.01M (Peak 906.66M) | Time:00:02.09 | Mem:0.00M, Peak:0.00M | Scene, ViewLayer | Synchronizing object | Ridge_vent_stanchion.011
Fra:451 Mem:804.01M (Peak 906.66M) | Time:00:02.09 | Mem:0.00M, Peak:0.00M | Scene, ViewLayer | Synchronizing object | Wall_stone_sill.007
Fra:451 Mem:822.35M (Peak 906.66M) | Time:00:02.09 | Mem:0.00M, Peak:0.00M | Scene, ViewLayer | Synchronizing object | Curved_roof_glazing.228
Fra:451 Mem:822.35M (Peak 906.66M) | Time:00:02.09 | Mem:0.00M, Peak:0.00M | Scene, ViewLayer | Synchronizing object | End_wall_glazing.004
Fra:451 Mem:822.36M (Peak 906.66M) | Time:00:02.09 | Mem:0.00M, Peak:0.00M | Scene, ViewLayer | Synchronizing object | Secondary_glazing_rib.001
Fra:451 Mem:822.45M (Peak 906.66M) | Time:00:02.09 | Mem:0.00M, Peak:0.00M | Scene, ViewLayer | Synchronizing object | Side_wall_glass.084
Fra:451 Mem:822.45M (Peak 906.66M) | Time:00:02.09 | Mem:0.00M, Peak:0.00M | Scene, ViewLayer | Synchronizing object | Wall_transom.105
Fra:451 Mem:822.48M (Peak 906.66M) | Time:00:02.09 | Mem:0.00M, Peak:0.00M | Scene, ViewLayer | Synchronizing object | Curved_roof_glazing.177
Fra:451 Mem:822.49M (Peak 906.66M) | Time:00:02.09 | Mem:0.00M, Peak:0.00M | Scene, ViewLayer | Synchronizing object | Ridge_vent_stanchion.024
Fra:451 Mem:822.49M (Peak 906.66M) | Time:00:02.09 | Mem:0.00M, Peak:0.00M | Scene, ViewLayer | Synchronizing object | Secondary_glazing_rib.021
Fra:451 Mem:822.58M (Peak 906.66M) | Time:00:02.09 | Mem:0.00M, Peak:0.00M | Scene, ViewLayer | Synchronizing object | Wall_transom.097
Fra:451 Mem:822.61M (Peak 906.66M) | Time:00:02.09 | Mem:0.00M, Peak:0.00M | Scene, ViewLayer | Synchronizing object | Secondary_glazing_rib
Fra:451 Mem:822.70M (Peak 906.66M) | Time:00:02.09 | Mem:0.00M, Peak:0.00M | Scene, ViewLayer | Synchronizing object | Wall_transom.125
Fra:451 Mem:822.73M (Peak 906.66M) | Time:00:02.09 | Mem:0.00M, Peak:0.00M | Scene, ViewLayer | Synchronizing object | Wall_transom.075
Fra:451 Mem:822.76M (Peak 906.66M) | Time:00:02.09 | Mem:0.00M, Peak:0.00M | Scene, ViewLayer | Synchronizing object | Curved_roof_glazing.059
Fra:451 Mem:822.76M (Peak 906.66M) | Time:00:02.09 | Mem:0.00M, Peak:0.00M | Scene, ViewLayer | Synchronizing object | Curved_roof_glazing.331
Fra:451 Mem:822.77M (Peak 906.66M) | Time:00:02.09 | Mem:0.00M, Peak:0.00M | Scene, ViewLayer | Synchronizing object | Curved_roof_glazing.315
Fra:451 Mem:822.77M (Peak 906.66M) | Time:00:02.09 | Mem:0.00M, Peak:0.00M | Scene, ViewLayer | Synchronizing object | Wall_transom.087
Fra:451 Mem:822.80M (Peak 906.66M) | Time:00:02.09 | Mem:0.00M, Peak:0.00M | Scene, ViewLayer | Synchronizing object | Wall_glazing_mullion.030
Fra:451 Mem:822.83M (Peak 906.66M) | Time:00:02.09 | Mem:0.00M, Peak:0.00M | Scene, ViewLayer | Synchronizing object | Wall_transom.061
Fra:451 Mem:822.86M (Peak 906.66M) | Time:00:02.09 | Mem:0.00M, Peak:0.00M | Scene, ViewLayer | Synchronizing object | Wall_transom.166
Fra:451 Mem:822.88M (Peak 906.66M) | Time:00:02.09 | Mem:0.00M, Peak:0.00M | Scene, ViewLayer | Synchronizing object | Wall_transom
Fra:451 Mem:822.91M (Peak 906.66M) | Time:00:02.09 | Mem:0.00M, Peak:0.00M | Scene, ViewLayer | Synchronizing object | Curved_roof_glazing.149
Fra:451 Mem:822.92M (Peak 906.66M) | Time:00:02.09 | Mem:0.00M, Peak:0.00M | Scene, ViewLayer | Synchronizing object | Curved_roof_glazing.229
Fra:451 Mem:822.92M (Peak 906.66M) | Time:00:02.09 | Mem:0.00M, Peak:0.00M | Scene, ViewLayer | Synchronizing object | Wall_glazing_mullion.032
Fra:451 Mem:822.95M (Peak 906.66M) | Time:00:02.09 | Mem:0.00M, Peak:0.00M | Scene, ViewLayer | Synchronizing object | Wall_transom.065
Fra:451 Mem:822.98M (Peak 906.66M) | Time:00:02.09 | Mem:0.00M, Peak:0.00M | Scene, ViewLayer | Synchronizing object | Wall_transom.170
Fra:451 Mem:823.01M (Peak 906.66M) | Time:00:02.09 | Mem:0.00M, Peak:0.00M | Scene, ViewLayer | Synchronizing object | Wall_transom.164
Fra:451 Mem:823.04M (Peak 906.66M) | Time:00:02.09 | Mem:0.00M, Peak:0.00M | Scene, ViewLayer | Synchronizing object | Side_wall_glass.012
Fra:451 Mem:823.04M (Peak 906.66M) | Time:00:02.09 | Mem:0.00M, Peak:0.00M | Scene, ViewLayer | Synchronizing object | Wall_stone_sill.031
Fra:451 Mem:823.07M (Peak 906.66M) | Time:00:02.10 | Mem:0.00M, Peak:0.00M | Scene, ViewLayer | Synchronizing object | Wall_transom.162
Fra:451 Mem:823.09M (Peak 906.66M) | Time:00:02.10 | Mem:0.00M, Peak:0.00M | Scene, ViewLayer | Synchronizing object | Curved_roof_glazing.178
Fra:451 Mem:823.10M (Peak 906.66M) | Time:00:02.10 | Mem:0.00M, Peak:0.00M | Scene, ViewLayer | Synchronizing object | End_wall_mullion.006
Fra:451 Mem:823.10M (Peak 906.66M) | Time:00:02.10 | Mem:0.00M, Peak:0.00M | Scene, ViewLayer | Synchronizing object | Wall_glazing_mullion.039
Fra:451 Mem:823.13M (Peak 906.66M) | Time:00:02.10 | Mem:0.00M, Peak:0.00M | Scene, ViewLayer | Synchronizing object | Wall_glazing_mullion.002
Fra:451 Mem:823.16M (Peak 906.66M) | Time:00:02.10 | Mem:0.00M, Peak:0.00M | Scene, ViewLayer | Synchronizing object | Side_wall_glass.016
Fra:451 Mem:823.16M (Peak 906.66M) | Time:00:02.10 | Mem:0.00M, Peak:0.00M | Scene, ViewLayer | Synchronizing object | Wall_stone_sill.050
Fra:451 Mem:823.19M (Peak 906.66M) | Time:00:02.10 | Mem:0.00M, Peak:0.00M | Scene, ViewLayer | Synchronizing object | Curved_roof_glazing.060
Fra:451 Mem:823.20M (Peak 906.66M) | Time:00:02.10 | Mem:0.00M, Peak:0.00M | Scene, ViewLayer | Synchronizing object | Curved_roof_glazing.332
Fra:451 Mem:823.20M (Peak 906.66M) | Time:00:02.10 | Mem:0.00M, Peak:0.00M | Scene, ViewLayer | Synchronizing object | Wall_stone_sill.026
Fra:451 Mem:823.23M (Peak 906.66M) | Time:00:02.10 | Mem:0.00M, Peak:0.00M | Scene, ViewLayer | Synchronizing object | Continuous_eaves_gutter
Fra:451 Mem:823.26M (Peak 906.66M) | Time:00:02.10 | Mem:0.00M, Peak:0.00M | Scene, ViewLayer | Synchronizing object | Curved_roof_glazing.316
Fra:451 Mem:823.26M (Peak 906.66M) | Time:00:02.10 | Mem:0.00M, Peak:0.00M | Scene, ViewLayer | Synchronizing object | Side_wall_glass.019
Fra:451 Mem:823.26M (Peak 906.66M) | Time:00:02.10 | Mem:0.00M, Peak:0.00M | Scene, ViewLayer | Synchronizing object | Wall_glazing_mullion.031
Fra:451 Mem:823.29M (Peak 906.66M) | Time:00:02.10 | Mem:0.00M, Peak:0.00M | Scene, ViewLayer | Synchronizing object | Column_capital.002
Fra:451 Mem:823.32M (Peak 906.66M) | Time:00:02.10 | Mem:0.00M, Peak:0.00M | Scene, ViewLayer | Synchronizing object | Ridge_vent_stanchion.012
Fra:451 Mem:823.32M (Peak 906.66M) | Time:00:02.10 | Mem:0.00M, Peak:0.00M | Scene, ViewLayer | Synchronizing object | Curved_roof_glazing.230
Fra:451 Mem:823.32M (Peak 906.66M) | Time:00:02.10 | Mem:0.00M, Peak:0.00M | Scene, ViewLayer | Synchronizing object | Wall_transom.030
Fra:451 Mem:823.35M (Peak 906.66M) | Time:00:02.10 | Mem:0.00M, Peak:0.00M | Scene, ViewLayer | Synchronizing object | Wall_transom.020
Fra:451 Mem:823.38M (Peak 906.66M) | Time:00:02.10 | Mem:0.00M, Peak:0.00M | Scene, ViewLayer | Synchronizing object | Side_wall_glass.117
Fra:451 Mem:823.38M (Peak 906.66M) | Time:00:02.10 | Mem:0.00M, Peak:0.00M | Scene, ViewLayer | Synchronizing object | Curved_roof_glazing.179
Fra:451 Mem:823.39M (Peak 906.66M) | Time:00:02.10 | Mem:0.00M, Peak:0.00M | Scene, ViewLayer | Synchronizing object | Longitudinal_roof_purlin.010
Fra:451 Mem:823.42M (Peak 906.66M) | Time:00:02.10 | Mem:0.00M, Peak:0.00M | Scene, ViewLayer | Synchronizing object | Ridge_vent_stanchion.025
Fra:451 Mem:823.42M (Peak 906.66M) | Time:00:02.10 | Mem:0.00M, Peak:0.00M | Scene, ViewLayer | Synchronizing object | Wall_transom.058
Fra:451 Mem:823.45M (Peak 906.66M) | Time:00:02.10 | Mem:0.00M, Peak:0.00M | Scene, ViewLayer | Synchronizing object | Wall_transom.094
Fra:451 Mem:823.47M (Peak 906.66M) | Time:00:02.10 | Mem:0.00M, Peak:0.00M | Scene, ViewLayer | Synchronizing object | Side_wall_glass.104
Fra:451 Mem:823.47M (Peak 906.66M) | Time:00:02.10 | Mem:0.00M, Peak:0.00M | Scene, ViewLayer | Synchronizing object | Wall_transom.163
Fra:451 Mem:823.50M (Peak 906.66M) | Time:00:02.10 | Mem:0.00M, Peak:0.00M | Scene, ViewLayer | Synchronizing object | Curved_roof_glazing.061
Fra:451 Mem:823.51M (Peak 906.66M) | Time:00:02.10 | Mem:0.00M, Peak:0.00M | Scene, ViewLayer | Synchronizing object | Curved_roof_glazing.333
Fra:451 Mem:823.51M (Peak 906.66M) | Time:00:02.10 | Mem:0.00M, Peak:0.00M | Scene, ViewLayer | Synchronizing object | Wall_transom.149
Fra:451 Mem:823.54M (Peak 906.66M) | Time:00:02.10 | Mem:0.00M, Peak:0.00M | Scene, ViewLayer | Synchronizing object | Curved_roof_glazing.317
Fra:451 Mem:823.54M (Peak 906.66M) | Time:00:02.10 | Mem:0.00M, Peak:0.00M | Scene, ViewLayer | Synchronizing object | Wall_transom.143
Fra:451 Mem:823.57M (Peak 906.66M) | Time:00:02.10 | Mem:0.00M, Peak:0.00M | Scene, ViewLayer | Synchronizing object | Secondary_glazing_rib.017
Fra:451 Mem:823.67M (Peak 906.66M) | Time:00:02.10 | Mem:0.00M, Peak:0.00M | Scene, ViewLayer | Synchronizing object | Wall_stone_sill.024
Fra:451 Mem:823.70M (Peak 906.66M) | Time:00:02.10 | Mem:0.00M, Peak:0.00M | Scene, ViewLayer | Synchronizing object | Column_base_plinth.003
Fra:451 Mem:823.72M (Peak 906.66M) | Time:00:02.10 | Mem:0.00M, Peak:0.00M | Scene, ViewLayer | Synchronizing object | Longitudinal_roof_purlin.005
Fra:451 Mem:823.75M (Peak 906.66M) | Time:00:02.10 | Mem:0.00M, Peak:0.00M | Scene, ViewLayer | Synchronizing object | Wall_transom.159
Fra:451 Mem:823.78M (Peak 906.66M) | Time:00:02.10 | Mem:0.00M, Peak:0.00M | Scene, ViewLayer | Synchronizing object | Side_wall_glass.085
Fra:451 Mem:823.78M (Peak 906.66M) | Time:00:02.10 | Mem:0.00M, Peak:0.00M | Scene, ViewLayer | Synchronizing object | Side_wall_glass.014
Fra:451 Mem:823.78M (Peak 906.66M) | Time:00:02.10 | Mem:0.00M, Peak:0.00M | Scene, ViewLayer | Synchronizing object | Curved_roof_glazing.231
Fra:451 Mem:823.78M (Peak 906.66M) | Time:00:02.10 | Mem:0.00M, Peak:0.00M | Scene, ViewLayer | Synchronizing object | End_wall_mullion.011
Fra:451 Mem:823.81M (Peak 906.66M) | Time:00:02.10 | Mem:0.00M, Peak:0.00M | Scene, ViewLayer | Synchronizing object | Curved_roof_glazing.244
Fra:451 Mem:823.82M (Peak 906.66M) | Time:00:02.10 | Mem:0.00M, Peak:0.00M | Scene, ViewLayer | Synchronizing object | Curved_roof_glazing.276
Fra:451 Mem:823.82M (Peak 906.66M) | Time:00:02.10 | Mem:0.00M, Peak:0.00M | Scene, ViewLayer | Synchronizing object | Curved_roof_glazing.068
Fra:451 Mem:823.83M (Peak 906.66M) | Time:00:02.10 | Mem:0.00M, Peak:0.00M | Scene, ViewLayer | Synchronizing object | Curved_roof_glazing.116
Fra:451 Mem:823.83M (Peak 906.66M) | Time:00:02.10 | Mem:0.00M, Peak:0.00M | Scene, ViewLayer | Synchronizing object | Curved_roof_glazing.148
Fra:451 Mem:823.84M (Peak 906.66M) | Time:00:02.10 | Mem:0.00M, Peak:0.00M | Scene, ViewLayer | Synchronizing object | End_wall_mullion.018
Fra:451 Mem:823.87M (Peak 906.66M) | Time:00:02.10 | Mem:0.00M, Peak:0.00M | Scene, ViewLayer | Synchronizing object | Ridge_vent_stanchion
Fra:451 Mem:823.87M (Peak 906.66M) | Time:00:02.10 | Mem:0.00M, Peak:0.00M | Scene, ViewLayer | Synchronizing object | Side_wall_glass.017
Fra:451 Mem:823.87M (Peak 906.66M) | Time:00:02.10 | Mem:0.00M, Peak:0.00M | Scene, ViewLayer | Synchronizing object | Curved_roof_glazing.062
Fra:451 Mem:823.88M (Peak 906.66M) | Time:00:02.10 | Mem:0.00M, Peak:0.00M | Scene, ViewLayer | Synchronizing object | Curved_roof_glazing.334
Fra:451 Mem:823.88M (Peak 906.66M) | Time:00:02.10 | Mem:0.00M, Peak:0.00M | Scene, ViewLayer | Synchronizing object | Side_wall_glass.052
Fra:451 Mem:823.88M (Peak 906.66M) | Time:00:02.10 | Mem:0.00M, Peak:0.00M | Scene, ViewLayer | Synchronizing object | Curved_roof_glazing.318
Fra:451 Mem:823.89M (Peak 906.66M) | Time:00:02.10 | Mem:0.00M, Peak:0.00M | Scene, ViewLayer | Synchronizing object | Wall_transom.131
Fra:451 Mem:823.92M (Peak 906.66M) | Time:00:02.10 | Mem:0.00M, Peak:0.00M | Scene, ViewLayer | Synchronizing object | Side_wall_glass.007
Fra:451 Mem:823.92M (Peak 906.66M) | Time:00:02.10 | Mem:0.00M, Peak:0.00M | Scene, ViewLayer | Synchronizing object | Ridge_vent_stanchion.013
Fra:451 Mem:823.92M (Peak 906.66M) | Time:00:02.10 | Mem:0.00M, Peak:0.00M | Scene, ViewLayer | Synchronizing object | Wall_stone_sill.005
Fra:451 Mem:823.95M (Peak 906.66M) | Time:00:02.10 | Mem:0.00M, Peak:0.00M | Scene, ViewLayer | Synchronizing object | Curved_roof_glazing.232
Fra:451 Mem:823.95M (Peak 906.66M) | Time:00:02.10 | Mem:0.00M, Peak:0.00M | Scene, ViewLayer | Synchronizing object | Primary_elliptical_arch.006
Fra:451 Mem:824.09M (Peak 906.66M) | Time:00:02.10 | Mem:0.00M, Peak:0.00M | Scene, ViewLayer | Synchronizing object | Wall_transom.055
Fra:451 Mem:824.12M (Peak 906.66M) | Time:00:02.10 | Mem:0.00M, Peak:0.00M | Scene, ViewLayer | Synchronizing object | Wall_transom.004
Fra:451 Mem:824.15M (Peak 906.66M) | Time:00:02.10 | Mem:0.00M, Peak:0.00M | Scene, ViewLayer | Synchronizing object | Curved_roof_glazing.245
Fra:451 Mem:824.15M (Peak 906.66M) | Time:00:02.10 | Mem:0.00M, Peak:0.00M | Scene, ViewLayer | Synchronizing object | Curved_roof_glazing.277
Fra:451 Mem:824.16M (Peak 906.66M) | Time:00:02.10 | Mem:0.00M, Peak:0.00M | Scene, ViewLayer | Synchronizing object | Wall_glazing_mullion.038
Fra:451 Mem:824.19M (Peak 906.66M) | Time:00:02.10 | Mem:0.00M, Peak:0.00M | Scene, ViewLayer | Synchronizing object | Curved_roof_glazing.069
Fra:451 Mem:824.19M (Peak 906.66M) | Time:00:02.10 | Mem:0.00M, Peak:0.00M | Scene, ViewLayer | Synchronizing object | Curved_roof_glazing.117
Fra:451 Mem:824.20M (Peak 906.66M) | Time:00:02.10 | Mem:0.00M, Peak:0.00M | Scene, ViewLayer | Synchronizing object | Wall_transom.174
Fra:451 Mem:824.22M (Peak 906.66M) | Time:00:02.10 | Mem:0.00M, Peak:0.00M | Scene, ViewLayer | Synchronizing object | Curved_roof_glazing.063
Fra:451 Mem:824.23M (Peak 906.66M) | Time:00:02.10 | Mem:0.00M, Peak:0.00M | Scene, ViewLayer | Synchronizing object | Curved_roof_glazing.335
Fra:451 Mem:824.23M (Peak 906.66M) | Time:00:02.10 | Mem:0.00M, Peak:0.00M | Scene, ViewLayer | Synchronizing object | Curved_roof_glazing.319
Fra:451 Mem:824.24M (Peak 906.66M) | Time:00:02.10 | Mem:0.00M, Peak:0.00M | Scene, ViewLayer | Synchronizing object | Side_wall_glass.006
Fra:451 Mem:824.24M (Peak 906.66M) | Time:00:02.10 | Mem:0.00M, Peak:0.00M | Scene, ViewLayer | Synchronizing object | Curved_roof_glazing.233
Fra:451 Mem:824.24M (Peak 906.66M) | Time:00:02.10 | Mem:0.00M, Peak:0.00M | Scene, ViewLayer | Synchronizing object | Load_column.012
Fra:451 Mem:824.25M (Peak 906.66M) | Time:00:02.10 | Mem:0.00M, Peak:0.00M | Scene, ViewLayer | Synchronizing object | Side_wall_glass.010
Fra:451 Mem:824.25M (Peak 906.66M) | Time:00:02.10 | Mem:0.00M, Peak:0.00M | Scene, ViewLayer | Synchronizing object | Side_wall_glass.015
Fra:451 Mem:824.25M (Peak 906.66M) | Time:00:02.10 | Mem:0.00M, Peak:0.00M | Scene, ViewLayer | Synchronizing object | Wall_transom.106
Fra:451 Mem:824.29M (Peak 906.66M) | Time:00:02.10 | Mem:0.00M, Peak:0.00M | Scene, ViewLayer | Synchronizing object | Wall_glazing_mullion.007
Fra:451 Mem:824.32M (Peak 906.66M) | Time:00:02.10 | Mem:0.00M, Peak:0.00M | Scene, ViewLayer | Synchronizing object | Wall_glazing_mullion.017
Fra:451 Mem:824.35M (Peak 906.66M) | Time:00:02.10 | Mem:0.00M, Peak:0.00M | Scene, ViewLayer | Synchronizing object | Curved_roof_glazing.246
Fra:451 Mem:824.35M (Peak 906.66M) | Time:00:02.10 | Mem:0.00M, Peak:0.00M | Scene, ViewLayer | Synchronizing object | Curved_roof_glazing.278
Fra:451 Mem:824.36M (Peak 906.66M) | Time:00:02.10 | Mem:0.00M, Peak:0.00M | Scene, ViewLayer | Synchronizing object | Curved_roof_glazing.070
Fra:451 Mem:824.36M (Peak 906.66M) | Time:00:02.10 | Mem:0.00M, Peak:0.00M | Scene, ViewLayer | Synchronizing object | Curved_roof_glazing.118
Fra:451 Mem:824.37M (Peak 906.66M) | Time:00:02.10 | Mem:0.00M, Peak:0.00M | Scene, ViewLayer | Synchronizing object | Curved_roof_glazing.150
Fra:451 Mem:824.37M (Peak 906.66M) | Time:00:02.10 | Mem:0.00M, Peak:0.00M | Scene, ViewLayer | Synchronizing object | Wall_stone_sill.042
Fra:451 Mem:824.43M (Peak 906.66M) | Time:00:02.10 | Mem:0.00M, Peak:0.00M | Scene, ViewLayer | Synchronizing object | Wall_glazing_mullion.001
Fra:451 Mem:824.45M (Peak 906.66M) | Time:00:02.10 | Mem:0.00M, Peak:0.00M | Scene, ViewLayer | Synchronizing object | Wall_stone_sill.032
Fra:451 Mem:824.48M (Peak 906.66M) | Time:00:02.10 | Mem:0.00M, Peak:0.00M | Scene, ViewLayer | Synchronizing object | Hall_door_rail.005
Fra:451 Mem:824.51M (Peak 906.66M) | Time:00:02.10 | Mem:0.00M, Peak:0.00M | Scene, ViewLayer | Synchronizing object | Ridge_vent_stanchion.001
Fra:451 Mem:824.51M (Peak 906.66M) | Time:00:02.10 | Mem:0.00M, Peak:0.00M | Scene, ViewLayer | Synchronizing object | Side_wall_glass.105
Fra:451 Mem:824.51M (Peak 906.66M) | Time:00:02.10 | Mem:0.00M, Peak:0.00M | Scene, ViewLayer | Synchronizing object | Wall_transom.076
Fra:451 Mem:824.54M (Peak 906.66M) | Time:00:02.10 | Mem:0.00M, Peak:0.00M | Scene, ViewLayer | Synchronizing object | Curved_roof_glazing.064
Fra:451 Mem:824.55M (Peak 906.66M) | Time:00:02.10 | Mem:0.00M, Peak:0.00M | Scene, ViewLayer | Synchronizing object | Curved_roof_glazing.336
Fra:451 Mem:824.55M (Peak 906.66M) | Time:00:02.10 | Mem:0.00M, Peak:0.00M | Scene, ViewLayer | Synchronizing object | Side_wall_glass.053
Fra:451 Mem:824.55M (Peak 906.66M) | Time:00:02.10 | Mem:0.00M, Peak:0.00M | Scene, ViewLayer | Synchronizing object | Curved_roof_glazing.320
Fra:451 Mem:824.56M (Peak 906.66M) | Time:00:02.10 | Mem:0.00M, Peak:0.00M | Scene, ViewLayer | Synchronizing object | Wall_transom.088
Fra:451 Mem:824.58M (Peak 906.66M) | Time:00:02.10 | Mem:0.00M, Peak:0.00M | Scene, ViewLayer | Synchronizing object | Wall_transom.062
Fra:451 Mem:824.61M (Peak 906.66M) | Time:00:02.10 | Mem:0.00M, Peak:0.00M | Scene, ViewLayer | Synchronizing object | Side_wall_glass.048
Fra:451 Mem:824.61M (Peak 906.66M) | Time:00:02.10 | Mem:0.00M, Peak:0.00M | Scene, ViewLayer | Synchronizing object | Wall_transom.167
Fra:451 Mem:824.64M (Peak 906.66M) | Time:00:02.10 | Mem:0.00M, Peak:0.00M | Scene, ViewLayer | Synchronizing object | Wall_transom.001
Fra:451 Mem:824.67M (Peak 906.66M) | Time:00:02.10 | Mem:0.00M, Peak:0.00M | Scene, ViewLayer | Synchronizing object | Load_column.003
Fra:451 Mem:824.67M (Peak 906.66M) | Time:00:02.10 | Mem:0.00M, Peak:0.00M | Scene, ViewLayer | Synchronizing object | Ridge_vent_stanchion.014
Fra:451 Mem:824.67M (Peak 906.66M) | Time:00:02.10 | Mem:0.00M, Peak:0.00M | Scene, ViewLayer | Synchronizing object | Wall_stone_sill.022
Fra:451 Mem:824.70M (Peak 906.66M) | Time:00:02.10 | Mem:0.00M, Peak:0.00M | Scene, ViewLayer | Synchronizing object | Curved_roof_glazing.234
Fra:451 Mem:824.71M (Peak 906.66M) | Time:00:02.10 | Mem:0.00M, Peak:0.00M | Scene, ViewLayer | Synchronizing object | End_wall_mullion.004
Fra:451 Mem:824.74M (Peak 906.66M) | Time:00:02.10 | Mem:0.00M, Peak:0.00M | Scene, ViewLayer | Synchronizing object | Wall_transom.165
Fra:451 Mem:824.76M (Peak 906.66M) | Time:00:02.10 | Mem:0.00M, Peak:0.00M | Scene, ViewLayer | Synchronizing object | Wall_glazing_mullion.008
Fra:451 Mem:824.80M (Peak 906.66M) | Time:00:02.10 | Mem:0.00M, Peak:0.00M | Scene, ViewLayer | Synchronizing object | Curved_roof_glazing.247
Fra:451 Mem:824.81M (Peak 906.66M) | Time:00:02.10 | Mem:0.00M, Peak:0.00M | Scene, ViewLayer | Synchronizing object | Curved_roof_glazing.279
Fra:451 Mem:824.81M (Peak 906.66M) | Time:00:02.10 | Mem:0.00M, Peak:0.00M | Scene, ViewLayer | Synchronizing object | Primary_elliptical_arch.007
Fra:451 Mem:824.95M (Peak 906.66M) | Time:00:02.10 | Mem:0.00M, Peak:0.00M | Scene, ViewLayer | Synchronizing object | Curved_roof_glazing.071
Fra:451 Mem:824.96M (Peak 906.66M) | Time:00:02.10 | Mem:0.00M, Peak:0.00M | Scene, ViewLayer | Synchronizing object | Curved_roof_glazing.119
Fra:451 Mem:824.96M (Peak 906.66M) | Time:00:02.10 | Mem:0.00M, Peak:0.00M | Scene, ViewLayer | Synchronizing object | Curved_roof_glazing.151
Fra:451 Mem:824.97M (Peak 906.66M) | Time:00:02.10 | Mem:0.00M, Peak:0.00M | Scene, ViewLayer | Synchronizing object | Curved_roof_glazing.180
Fra:451 Mem:824.97M (Peak 906.66M) | Time:00:02.10 | Mem:0.00M, Peak:0.00M | Scene, ViewLayer | Synchronizing object | Curved_roof_glazing.292
Fra:451 Mem:824.98M (Peak 906.66M) | Time:00:02.10 | Mem:0.00M, Peak:0.00M | Scene, ViewLayer | Synchronizing object | Curved_roof_glazing.084
Fra:451 Mem:824.98M (Peak 906.66M) | Time:00:02.10 | Mem:0.00M, Peak:0.00M | Scene, ViewLayer | Synchronizing object | End_wall_sill.013
Fra:451 Mem:825.01M (Peak 906.66M) | Time:00:02.10 | Mem:0.00M, Peak:0.00M | Scene, ViewLayer | Synchronizing object | Curved_roof_glazing.065
Fra:451 Mem:825.01M (Peak 906.66M) | Time:00:02.10 | Mem:0.00M, Peak:0.00M | Scene, ViewLayer | Synchronizing object | Curved_roof_glazing.337
Fra:451 Mem:825.02M (Peak 906.66M) | Time:00:02.10 | Mem:0.00M, Peak:0.00M | Scene, ViewLayer | Synchronizing object | Curved_roof_glazing.321
Fra:451 Mem:825.02M (Peak 906.66M) | Time:00:02.10 | Mem:0.00M, Peak:0.00M | Scene, ViewLayer | Synchronizing object | Column_capital.013
Fra:451 Mem:825.05M (Peak 906.66M) | Time:00:02.10 | Mem:0.00M, Peak:0.00M | Scene, ViewLayer | Synchronizing object | Portal_transom_mullion
Fra:451 Mem:825.08M (Peak 906.66M) | Time:00:02.10 | Mem:0.00M, Peak:0.00M | Scene, ViewLayer | Synchronizing object | Side_wall_glass.049
Fra:451 Mem:825.08M (Peak 906.66M) | Time:00:02.10 | Mem:0.00M, Peak:0.00M | Scene, ViewLayer | Synchronizing object | Wall_transom.027
Fra:451 Mem:825.11M (Peak 906.66M) | Time:00:02.10 | Mem:0.00M, Peak:0.00M | Scene, ViewLayer | Synchronizing object | Curved_roof_glazing.235
Fra:451 Mem:831.50M (Peak 906.66M) | Time:00:02.10 | Mem:0.00M, Peak:0.00M | Scene, ViewLayer | Synchronizing object | Side_wall_glass.044
Fra:451 Mem:831.50M (Peak 906.66M) | Time:00:02.10 | Mem:0.00M, Peak:0.00M | Scene, ViewLayer | Synchronizing object | Wall_glazing_mullion.003
Fra:451 Mem:831.52M (Peak 906.66M) | Time:00:02.10 | Mem:0.00M, Peak:0.00M | Scene, ViewLayer | Synchronizing object | Wall_transom.031
Fra:451 Mem:831.54M (Peak 906.66M) | Time:00:02.10 | Mem:0.00M, Peak:0.00M | Scene, ViewLayer | Synchronizing object | Curved_roof_glazing.248
Fra:451 Mem:831.55M (Peak 906.66M) | Time:00:02.10 | Mem:0.00M, Peak:0.00M | Scene, ViewLayer | Synchronizing object | Curved_roof_glazing.280
Fra:451 Mem:831.55M (Peak 906.66M) | Time:00:02.10 | Mem:0.00M, Peak:0.00M | Scene, ViewLayer | Synchronizing object | Secondary_glazing_rib.004
Fra:451 Mem:831.65M (Peak 906.66M) | Time:00:02.11 | Mem:0.00M, Peak:0.00M | Scene, ViewLayer | Synchronizing object | Curved_roof_glazing.072
Fra:451 Mem:831.65M (Peak 906.66M) | Time:00:02.11 | Mem:0.00M, Peak:0.00M | Scene, ViewLayer | Synchronizing object | Curved_roof_glazing.120
Fra:451 Mem:831.65M (Peak 906.66M) | Time:00:02.11 | Mem:0.00M, Peak:0.00M | Scene, ViewLayer | Synchronizing object | Curved_roof_glazing.152
Fra:451 Mem:831.66M (Peak 906.66M) | Time:00:02.11 | Mem:0.00M, Peak:0.00M | Scene, ViewLayer | Synchronizing object | Curved_roof_glazing.181
Fra:451 Mem:831.66M (Peak 906.66M) | Time:00:02.11 | Mem:0.00M, Peak:0.00M | Scene, ViewLayer | Synchronizing object | Curved_roof_glazing.293
Fra:451 Mem:831.67M (Peak 906.66M) | Time:00:02.11 | Mem:0.00M, Peak:0.00M | Scene, ViewLayer | Synchronizing object | Side_wall_glass.030
Fra:451 Mem:831.67M (Peak 906.66M) | Time:00:02.11 | Mem:0.00M, Peak:0.00M | Scene, ViewLayer | Synchronizing object | Wall_transom.176
Fra:451 Mem:831.69M (Peak 906.66M) | Time:00:02.11 | Mem:0.00M, Peak:0.00M | Scene, ViewLayer | Synchronizing object | Curved_roof_glazing.085
Fra:451 Mem:831.70M (Peak 906.66M) | Time:00:02.11 | Mem:0.00M, Peak:0.00M | Scene, ViewLayer | Synchronizing object | End_wall_mullion.009
Fra:451 Mem:831.73M (Peak 906.66M) | Time:00:02.11 | Mem:0.00M, Peak:0.00M | Scene, ViewLayer | Synchronizing object | Wall_transom.146
Fra:451 Mem:831.76M (Peak 906.66M) | Time:00:02.11 | Mem:0.00M, Peak:0.00M | Scene, ViewLayer | Synchronizing object | Curved_roof_glazing.066
Fra:451 Mem:831.76M (Peak 906.66M) | Time:00:02.11 | Mem:0.00M, Peak:0.00M | Scene, ViewLayer | Synchronizing object | Curved_roof_glazing.338
Fra:451 Mem:831.77M (Peak 906.66M) | Time:00:02.11 | Mem:0.00M, Peak:0.00M | Scene, ViewLayer | Synchronizing object | Wall_transom.150
Fra:451 Mem:831.80M (Peak 906.66M) | Time:00:02.11 | Mem:0.00M, Peak:0.00M | Scene, ViewLayer | Synchronizing object | Curved_roof_glazing.322
Fra:451 Mem:831.80M (Peak 906.66M) | Time:00:02.11 | Mem:0.00M, Peak:0.00M | Scene, ViewLayer | Synchronizing object | Wall_transom.144
Fra:451 Mem:831.83M (Peak 906.66M) | Time:00:02.11 | Mem:0.00M, Peak:0.00M | Scene, ViewLayer | Synchronizing object | Wall_glazing_mullion.033
Fra:451 Mem:831.86M (Peak 906.66M) | Time:00:02.11 | Mem:0.00M, Peak:0.00M | Scene, ViewLayer | Synchronizing object | Longitudinal_roof_purlin.006
Fra:451 Mem:831.88M (Peak 906.66M) | Time:00:02.11 | Mem:0.00M, Peak:0.00M | Scene, ViewLayer | Synchronizing object | Ridge_vent_stanchion.015
Fra:451 Mem:831.88M (Peak 906.66M) | Time:00:02.11 | Mem:0.00M, Peak:0.00M | Scene, ViewLayer | Synchronizing object | Wall_glazing_mullion.006
Fra:451 Mem:831.91M (Peak 906.66M) | Time:00:02.11 | Mem:0.00M, Peak:0.00M | Scene, ViewLayer | Synchronizing object | Wall_stone_sill.052
Fra:451 Mem:831.94M (Peak 906.66M) | Time:00:02.11 | Mem:0.00M, Peak:0.00M | Scene, ViewLayer | Synchronizing object | Curved_roof_glazing.236
Fra:451 Mem:831.95M (Peak 906.66M) | Time:00:02.11 | Mem:0.00M, Peak:0.00M | Scene, ViewLayer | Synchronizing object | Side_wall_glass.011
Fra:451 Mem:831.95M (Peak 906.66M) | Time:00:02.11 | Mem:0.00M, Peak:0.00M | Scene, ViewLayer | Synchronizing object | Wall_transom.126
Fra:451 Mem:831.98M (Peak 906.66M) | Time:00:02.11 | Mem:0.00M, Peak:0.00M | Scene, ViewLayer | Synchronizing object | Wall_transom.171
Fra:451 Mem:832.01M (Peak 906.66M) | Time:00:02.11 | Mem:0.00M, Peak:0.00M | Scene, ViewLayer | Synchronizing object | End_wall_sill.011
Fra:451 Mem:832.04M (Peak 906.66M) | Time:00:02.11 | Mem:0.00M, Peak:0.00M | Scene, ViewLayer | Synchronizing object | Curved_roof_glazing.249
Fra:451 Mem:832.04M (Peak 906.66M) | Time:00:02.11 | Mem:0.00M, Peak:0.00M | Scene, ViewLayer | Synchronizing object | Curved_roof_glazing.281
Fra:451 Mem:832.04M (Peak 906.66M) | Time:00:02.11 | Mem:0.00M, Peak:0.00M | Scene, ViewLayer | Synchronizing object | Load_column.006
Fra:451 Mem:832.05M (Peak 906.66M) | Time:00:02.11 | Mem:0.00M, Peak:0.00M | Scene, ViewLayer | Synchronizing object | Curved_roof_glazing.073
Fra:451 Mem:832.05M (Peak 906.66M) | Time:00:02.11 | Mem:0.00M, Peak:0.00M | Scene, ViewLayer | Synchronizing object | Curved_roof_glazing.121
Fra:451 Mem:832.06M (Peak 906.66M) | Time:00:02.11 | Mem:0.00M, Peak:0.00M | Scene, ViewLayer | Synchronizing object | Curved_roof_glazing.153
Fra:451 Mem:832.06M (Peak 906.66M) | Time:00:02.11 | Mem:0.00M, Peak:0.00M | Scene, ViewLayer | Synchronizing object | Curved_roof_glazing.182
Fra:451 Mem:832.06M (Peak 906.66M) | Time:00:02.11 | Mem:0.00M, Peak:0.00M | Scene, ViewLayer | Synchronizing object | Curved_roof_glazing.294
Fra:451 Mem:832.07M (Peak 906.66M) | Time:00:02.11 | Mem:0.00M, Peak:0.00M | Scene, ViewLayer | Synchronizing object | Side_wall_glass.031
Fra:451 Mem:832.07M (Peak 906.66M) | Time:00:02.11 | Mem:0.00M, Peak:0.00M | Scene, ViewLayer | Synchronizing object | Wall_transom.104
Fra:451 Mem:832.10M (Peak 906.66M) | Time:00:02.11 | Mem:0.00M, Peak:0.00M | Scene, ViewLayer | Synchronizing object | Curved_roof_glazing.086
Fra:451 Mem:832.10M (Peak 906.66M) | Time:00:02.11 | Mem:0.00M, Peak:0.00M | Scene, ViewLayer | Synchronizing object | End_wall_glazing.014
Fra:451 Mem:832.10M (Peak 906.66M) | Time:00:02.11 | Mem:0.00M, Peak:0.00M | Scene, ViewLayer | Synchronizing object | Curved_roof_glazing.067
Fra:451 Mem:832.11M (Peak 906.66M) | Time:00:02.11 | Mem:0.00M, Peak:0.00M | Scene, ViewLayer | Synchronizing object | Curved_roof_glazing.339
Fra:451 Mem:832.11M (Peak 906.66M) | Time:00:02.11 | Mem:0.00M, Peak:0.00M | Scene, ViewLayer | Synchronizing object | Wall_transom.078
Fra:451 Mem:832.14M (Peak 906.66M) | Time:00:02.11 | Mem:0.00M, Peak:0.00M | Scene, ViewLayer | Synchronizing object | Curved_roof_glazing.323
Fra:451 Mem:832.15M (Peak 906.66M) | Time:00:02.11 | Mem:0.00M, Peak:0.00M | Scene, ViewLayer | Synchronizing object | Wall_stone_sill.044
Fra:451 Mem:832.18M (Peak 906.66M) | Time:00:02.11 | Mem:0.00M, Peak:0.00M | Scene, ViewLayer | Synchronizing object | Secondary_glazing_rib.018
Fra:451 Mem:832.27M (Peak 906.66M) | Time:00:02.11 | Mem:0.00M, Peak:0.00M | Scene, ViewLayer | Synchronizing object | Wall_glazing_mullion.019
Fra:451 Mem:832.30M (Peak 906.66M) | Time:00:02.11 | Mem:0.00M, Peak:0.00M | Scene, ViewLayer | Synchronizing object | Side_wall_glass.108
Fra:451 Mem:832.30M (Peak 906.66M) | Time:00:02.11 | Mem:0.00M, Peak:0.00M | Scene, ViewLayer | Synchronizing object | Wall_glazing_mullion.004
Fra:451 Mem:832.33M (Peak 906.66M) | Time:00:02.11 | Mem:0.00M, Peak:0.00M | Scene, ViewLayer | Synchronizing object | Curved_roof_glazing.237
Fra:451 Mem:832.33M (Peak 906.66M) | Time:00:02.11 | Mem:0.00M, Peak:0.00M | Scene, ViewLayer | Synchronizing object | Wall_transom.056
Fra:451 Mem:832.36M (Peak 906.66M) | Time:00:02.11 | Mem:0.00M, Peak:0.00M | Scene, ViewLayer | Synchronizing object | Curved_roof_glazing.250
Fra:451 Mem:832.37M (Peak 906.66M) | Time:00:02.11 | Mem:0.00M, Peak:0.00M | Scene, ViewLayer | Synchronizing object | Curved_roof_glazing.282
Fra:451 Mem:832.37M (Peak 906.66M) | Time:00:02.11 | Mem:0.00M, Peak:0.00M | Scene, ViewLayer | Synchronizing object | Primary_elliptical_arch.003
Fra:451 Mem:832.51M (Peak 906.66M) | Time:00:02.11 | Mem:0.00M, Peak:0.00M | Scene, ViewLayer | Synchronizing object | Wall_transom.005
Fra:451 Mem:832.54M (Peak 906.66M) | Time:00:02.11 | Mem:0.00M, Peak:0.00M | Scene, ViewLayer | Synchronizing object | Curved_roof_glazing.074
Fra:451 Mem:832.55M (Peak 906.66M) | Time:00:02.11 | Mem:0.00M, Peak:0.00M | Scene, ViewLayer | Synchronizing object | Curved_roof_glazing.122
Fra:451 Mem:832.55M (Peak 906.66M) | Time:00:02.11 | Mem:0.00M, Peak:0.00M | Scene, ViewLayer | Synchronizing object | Curved_roof_glazing.154
Fra:451 Mem:832.56M (Peak 906.66M) | Time:00:02.11 | Mem:0.00M, Peak:0.00M | Scene, ViewLayer | Synchronizing object | Load_column.014
Fra:451 Mem:832.56M (Peak 906.66M) | Time:00:02.11 | Mem:0.00M, Peak:0.00M | Scene, ViewLayer | Synchronizing object | Curved_roof_glazing.183
Fra:451 Mem:832.57M (Peak 906.66M) | Time:00:02.11 | Mem:0.00M, Peak:0.00M | Scene, ViewLayer | Synchronizing object | Curved_roof_glazing.295
Fra:451 Mem:832.57M (Peak 906.66M) | Time:00:02.11 | Mem:0.00M, Peak:0.00M | Scene, ViewLayer | Synchronizing object | Wall_stone_sill.045
Fra:451 Mem:832.60M (Peak 906.66M) | Time:00:02.11 | Mem:0.00M, Peak:0.00M | Scene, ViewLayer | Synchronizing object | Curved_roof_glazing.087
Fra:451 Mem:832.61M (Peak 906.66M) | Time:00:02.11 | Mem:0.00M, Peak:0.00M | Scene, ViewLayer | Synchronizing object | Curved_roof_glazing.356
Fra:451 Mem:832.61M (Peak 906.66M) | Time:00:02.11 | Mem:0.00M, Peak:0.00M | Scene, ViewLayer | Synchronizing object | Load_column.011
Fra:451 Mem:832.62M (Peak 906.66M) | Time:00:02.11 | Mem:0.00M, Peak:0.00M | Scene, ViewLayer | Synchronizing object | Wall_transom.117
Fra:451 Mem:832.65M (Peak 906.66M) | Time:00:02.11 | Mem:0.00M, Peak:0.00M | Scene, ViewLayer | Synchronizing object | Secondary_glazing_rib.007
Fra:451 Mem:832.74M (Peak 906.66M) | Time:00:02.11 | Mem:0.00M, Peak:0.00M | Scene, ViewLayer | Synchronizing object | Secondary_glazing_rib.010
Fra:451 Mem:832.83M (Peak 906.66M) | Time:00:02.11 | Mem:0.00M, Peak:0.00M | Scene, ViewLayer | Synchronizing object | Wall_transom.009
Fra:451 Mem:832.86M (Peak 906.66M) | Time:00:02.11 | Mem:0.00M, Peak:0.00M | Scene, ViewLayer | Synchronizing object | Column_capital.003
Fra:451 Mem:832.89M (Peak 906.66M) | Time:00:02.11 | Mem:0.00M, Peak:0.00M | Scene, ViewLayer | Synchronizing object | Ridge_vent_stanchion.016
Fra:451 Mem:832.90M (Peak 906.66M) | Time:00:02.11 | Mem:0.00M, Peak:0.00M | Scene, ViewLayer | Synchronizing object | Column_base_plinth.012
Fra:451 Mem:832.92M (Peak 906.66M) | Time:00:02.11 | Mem:0.00M, Peak:0.00M | Scene, ViewLayer | Synchronizing object | Curved_roof_glazing.238
Fra:451 Mem:832.93M (Peak 906.66M) | Time:00:02.11 | Mem:0.00M, Peak:0.00M | Scene, ViewLayer | Synchronizing object | Secondary_glazing_rib.002
Fra:451 Mem:826.64M (Peak 906.66M) | Time:00:02.11 | Mem:0.00M, Peak:0.00M | Scene, ViewLayer | Synchronizing object | Side_wall_glass.045
Fra:451 Mem:826.64M (Peak 906.66M) | Time:00:02.11 | Mem:0.00M, Peak:0.00M | Scene, ViewLayer | Synchronizing object | Wall_transom.021
Fra:451 Mem:826.67M (Peak 906.66M) | Time:00:02.11 | Mem:0.00M, Peak:0.00M | Scene, ViewLayer | Synchronizing object | End_wall_glazing.012
Fra:451 Mem:826.67M (Peak 906.66M) | Time:00:02.11 | Mem:0.00M, Peak:0.00M | Scene, ViewLayer | Synchronizing object | Wall_transom.107
Fra:451 Mem:845.00M (Peak 906.66M) | Time:00:02.11 | Mem:0.00M, Peak:0.00M | Scene, ViewLayer | Synchronizing object | Curved_roof_glazing.251
Fra:451 Mem:845.01M (Peak 906.66M) | Time:00:02.11 | Mem:0.00M, Peak:0.00M | Scene, ViewLayer | Synchronizing object | Curved_roof_glazing.283
Fra:451 Mem:845.01M (Peak 906.66M) | Time:00:02.11 | Mem:0.00M, Peak:0.00M | Scene, ViewLayer | Synchronizing object | Curved_roof_glazing.075
Fra:451 Mem:845.02M (Peak 906.66M) | Time:00:02.11 | Mem:0.00M, Peak:0.00M | Scene, ViewLayer | Synchronizing object | Curved_roof_glazing.123
Fra:451 Mem:845.02M (Peak 906.66M) | Time:00:02.11 | Mem:0.00M, Peak:0.00M | Scene, ViewLayer | Synchronizing object | Curved_roof_glazing.155
Fra:451 Mem:845.03M (Peak 906.66M) | Time:00:02.11 | Mem:0.00M, Peak:0.00M | Scene, ViewLayer | Synchronizing object | Longitudinal_roof_purlin.002
Fra:451 Mem:845.05M (Peak 906.66M) | Time:00:02.11 | Mem:0.00M, Peak:0.00M | Scene, ViewLayer | Synchronizing object | Curved_roof_glazing.184
Fra:451 Mem:845.06M (Peak 906.66M) | Time:00:02.11 | Mem:0.00M, Peak:0.00M | Scene, ViewLayer | Synchronizing object | Curved_roof_glazing.296
Fra:451 Mem:845.06M (Peak 906.66M) | Time:00:02.11 | Mem:0.00M, Peak:0.00M | Scene, ViewLayer | Synchronizing object | Side_wall_glass.094
Fra:451 Mem:845.07M (Peak 906.66M) | Time:00:02.11 | Mem:0.00M, Peak:0.00M | Scene, ViewLayer | Synchronizing object | Curved_roof_glazing.088
Fra:451 Mem:845.07M (Peak 906.66M) | Time:00:02.11 | Mem:0.00M, Peak:0.00M | Scene, ViewLayer | Synchronizing object | Wall_transom.184
Fra:451 Mem:845.10M (Peak 906.66M) | Time:00:02.11 | Mem:0.00M, Peak:0.00M | Scene, ViewLayer | Synchronizing object | Column_base_plinth.011
Fra:451 Mem:845.13M (Peak 906.66M) | Time:00:02.11 | Mem:0.00M, Peak:0.00M | Scene, ViewLayer | Synchronizing object | Curved_roof_glazing.357
Fra:451 Mem:845.13M (Peak 906.66M) | Time:00:02.11 | Mem:0.00M, Peak:0.00M | Scene, ViewLayer | Synchronizing object | Wall_stone_sill.021
Fra:451 Mem:845.16M (Peak 906.66M) | Time:00:02.11 | Mem:0.00M, Peak:0.00M | Scene, ViewLayer | Synchronizing object | Wall_transom.168
Fra:451 Mem:845.18M (Peak 906.66M) | Time:00:02.11 | Mem:0.00M, Peak:0.00M | Scene, ViewLayer | Synchronizing object | Wall_transom.002
Fra:451 Mem:845.21M (Peak 906.66M) | Time:00:02.11 | Mem:0.00M, Peak:0.00M | Scene, ViewLayer | Synchronizing object | Column_base_plinth.002
Fra:451 Mem:845.24M (Peak 906.66M) | Time:00:02.11 | Mem:0.00M, Peak:0.00M | Scene, ViewLayer | Synchronizing object | Curved_roof_glazing.239
Fra:451 Mem:845.25M (Peak 906.66M) | Time:00:02.11 | Mem:0.00M, Peak:0.00M | Scene, ViewLayer | Synchronizing object | End_wall_sill.004
Fra:451 Mem:845.28M (Peak 906.66M) | Time:00:02.11 | Mem:0.00M, Peak:0.00M | Scene, ViewLayer | Synchronizing object | Wall_stone_sill.054
Fra:451 Mem:845.31M (Peak 906.66M) | Time:00:02.11 | Mem:0.00M, Peak:0.00M | Scene, ViewLayer | Synchronizing object | Curved_roof_glazing.252
Fra:451 Mem:845.31M (Peak 906.66M) | Time:00:02.11 | Mem:0.00M, Peak:0.00M | Scene, ViewLayer | Synchronizing object | Curved_roof_glazing.284
Fra:451 Mem:845.32M (Peak 906.66M) | Time:00:02.11 | Mem:0.00M, Peak:0.00M | Scene, ViewLayer | Synchronizing object | Curved_roof_glazing.076
Fra:451 Mem:845.32M (Peak 906.66M) | Time:00:02.11 | Mem:0.00M, Peak:0.00M | Scene, ViewLayer | Synchronizing object | Curved_roof_glazing.124
Fra:451 Mem:845.33M (Peak 906.66M) | Time:00:02.11 | Mem:0.00M, Peak:0.00M | Scene, ViewLayer | Synchronizing object | Curved_roof_glazing.156
Fra:451 Mem:845.33M (Peak 906.66M) | Time:00:02.11 | Mem:0.00M, Peak:0.00M | Scene, ViewLayer | Synchronizing object | Curved_roof_glazing.185
Fra:451 Mem:845.34M (Peak 906.66M) | Time:00:02.11 | Mem:0.00M, Peak:0.00M | Scene, ViewLayer | Synchronizing object | Curved_roof_glazing.297
Fra:451 Mem:845.34M (Peak 906.66M) | Time:00:02.11 | Mem:0.00M, Peak:0.00M | Scene, ViewLayer | Synchronizing object | Curved_roof_glazing.089
Fra:451 Mem:845.34M (Peak 906.66M) | Time:00:02.11 | Mem:0.00M, Peak:0.00M | Scene, ViewLayer | Synchronizing object | Curved_roof_glazing.358
Fra:451 Mem:845.35M (Peak 906.66M) | Time:00:02.11 | Mem:0.00M, Peak:0.00M | Scene, ViewLayer | Synchronizing object | Wall_glazing_mullion.014
Fra:451 Mem:845.37M (Peak 906.66M) | Time:00:02.11 | Mem:0.00M, Peak:0.00M | Scene, ViewLayer | Synchronizing object | Wall_transom.098
Fra:451 Mem:845.40M (Peak 906.66M) | Time:00:02.11 | Mem:0.00M, Peak:0.00M | Scene, ViewLayer | Synchronizing object | Wall_transom.134
Fra:451 Mem:845.43M (Peak 906.66M) | Time:00:02.11 | Mem:0.00M, Peak:0.00M | Scene, ViewLayer | Synchronizing object | Wall_transom.028
Fra:451 Mem:845.46M (Peak 906.66M) | Time:00:02.11 | Mem:0.00M, Peak:0.00M | Scene, ViewLayer | Synchronizing object | Wall_transom.072
Fra:451 Mem:845.49M (Peak 906.66M) | Time:00:02.11 | Mem:0.00M, Peak:0.00M | Scene, ViewLayer | Synchronizing object | Ridge_vent_stanchion.017
Fra:451 Mem:845.49M (Peak 906.66M) | Time:00:02.11 | Mem:0.00M, Peak:0.00M | Scene, ViewLayer | Synchronizing object | Secondary_glazing_rib.003
Fra:451 Mem:845.59M (Peak 906.66M) | Time:00:02.11 | Mem:0.00M, Peak:0.00M | Scene, ViewLayer | Synchronizing object | Side_wall_glass.109
Fra:451 Mem:845.59M (Peak 906.66M) | Time:00:02.11 | Mem:0.00M, Peak:0.00M | Scene, ViewLayer | Synchronizing object | Curved_roof_glazing.240
Fra:451 Mem:845.59M (Peak 906.66M) | Time:00:02.11 | Mem:0.00M, Peak:0.00M | Scene, ViewLayer | Synchronizing object | End_wall_glazing.005
Fra:451 Mem:845.60M (Peak 906.66M) | Time:00:02.11 | Mem:0.00M, Peak:0.00M | Scene, ViewLayer | Synchronizing object | Wall_transom.032
Fra:451 Mem:845.62M (Peak 906.66M) | Time:00:02.11 | Mem:0.00M, Peak:0.00M | Scene, ViewLayer | Synchronizing object | Side_wall_glass.112
Fra:451 Mem:845.62M (Peak 906.66M) | Time:00:02.11 | Mem:0.00M, Peak:0.00M | Scene, ViewLayer | Synchronizing object | Curved_roof_glazing.253
Fra:451 Mem:845.63M (Peak 906.66M) | Time:00:02.11 | Mem:0.00M, Peak:0.00M | Scene, ViewLayer | Synchronizing object | Curved_roof_glazing.285
Fra:451 Mem:845.63M (Peak 906.66M) | Time:00:02.11 | Mem:0.00M, Peak:0.00M | Scene, ViewLayer | Synchronizing object | Curved_roof_glazing.077
Fra:451 Mem:845.64M (Peak 906.66M) | Time:00:02.11 | Mem:0.00M, Peak:0.00M | Scene, ViewLayer | Synchronizing object | Curved_roof_glazing.125
Fra:451 Mem:845.64M (Peak 906.66M) | Time:00:02.11 | Mem:0.00M, Peak:0.00M | Scene, ViewLayer | Synchronizing object | Curved_roof_glazing.157
Fra:451 Mem:845.65M (Peak 906.66M) | Time:00:02.11 | Mem:0.00M, Peak:0.00M | Scene, ViewLayer | Synchronizing object | Curved_roof_glazing.186
Fra:451 Mem:845.65M (Peak 906.66M) | Time:00:02.11 | Mem:0.00M, Peak:0.00M | Scene, ViewLayer | Synchronizing object | Curved_roof_glazing.298
Fra:451 Mem:845.66M (Peak 906.66M) | Time:00:02.11 | Mem:0.00M, Peak:0.00M | Scene, ViewLayer | Synchronizing object | Curved_roof_glazing.090
Fra:451 Mem:845.66M (Peak 906.66M) | Time:00:02.11 | Mem:0.00M, Peak:0.00M | Scene, ViewLayer | Synchronizing object | End_wall_sill.009
Fra:451 Mem:845.69M (Peak 906.66M) | Time:00:02.11 | Mem:0.00M, Peak:0.00M | Scene, ViewLayer | Synchronizing object | Wall_transom.147
Fra:451 Mem:845.72M (Peak 906.66M) | Time:00:02.11 | Mem:0.00M, Peak:0.00M | Scene, ViewLayer | Synchronizing object | Curved_roof_glazing.359
Fra:451 Mem:845.72M (Peak 906.66M) | Time:00:02.11 | Mem:0.00M, Peak:0.00M | Scene, ViewLayer | Synchronizing object | Side_wall_glass.090
Fra:451 Mem:845.73M (Peak 906.66M) | Time:00:02.11 | Mem:0.00M, Peak:0.00M | Scene, ViewLayer | Synchronizing object | Platform_portal_lintel
Fra:451 Mem:845.76M (Peak 906.66M) | Time:00:02.11 | Mem:0.00M, Peak:0.00M | Scene, ViewLayer | Synchronizing object | Side_wall_glass.068
Fra:451 Mem:845.76M (Peak 906.66M) | Time:00:02.11 | Mem:0.00M, Peak:0.00M | Scene, ViewLayer | Synchronizing object | Curved_roof_glazing.241
Fra:451 Mem:845.76M (Peak 906.66M) | Time:00:02.11 | Mem:0.00M, Peak:0.00M | Scene, ViewLayer | Synchronizing object | Wall_transom.015
Fra:451 Mem:845.79M (Peak 906.66M) | Time:00:02.11 | Mem:0.00M, Peak:0.00M | Scene, ViewLayer | Synchronizing object | Wall_stone_sill.056
Fra:451 Mem:845.81M (Peak 906.66M) | Time:00:02.11 | Mem:0.00M, Peak:0.00M | Scene, ViewLayer | Synchronizing object | Wall_transom.127
Fra:451 Mem:845.84M (Peak 906.66M) | Time:00:02.11 | Mem:0.00M, Peak:0.00M | Scene, ViewLayer | Synchronizing object | Column_base_plinth.006
Fra:451 Mem:845.87M (Peak 906.66M) | Time:00:02.11 | Mem:0.00M, Peak:0.00M | Scene, ViewLayer | Synchronizing object | Curved_roof_glazing.254
Fra:451 Mem:845.88M (Peak 906.66M) | Time:00:02.11 | Mem:0.00M, Peak:0.00M | Scene, ViewLayer | Synchronizing object | Curved_roof_glazing.286
Fra:451 Mem:845.88M (Peak 906.66M) | Time:00:02.11 | Mem:0.00M, Peak:0.00M | Scene, ViewLayer | Synchronizing object | Curved_roof_glazing.078
Fra:451 Mem:845.88M (Peak 906.66M) | Time:00:02.11 | Mem:0.00M, Peak:0.00M | Scene, ViewLayer | Synchronizing object | Curved_roof_glazing.126
Fra:451 Mem:845.89M (Peak 906.66M) | Time:00:02.11 | Mem:0.00M, Peak:0.00M | Scene, ViewLayer | Synchronizing object | Curved_roof_glazing.158
Fra:451 Mem:845.89M (Peak 906.66M) | Time:00:02.11 | Mem:0.00M, Peak:0.00M | Scene, ViewLayer | Synchronizing object | Curved_roof_glazing.187
Fra:451 Mem:845.90M (Peak 906.66M) | Time:00:02.11 | Mem:0.00M, Peak:0.00M | Scene, ViewLayer | Synchronizing object | Curved_roof_glazing.299
Fra:451 Mem:845.90M (Peak 906.66M) | Time:00:02.11 | Mem:0.00M, Peak:0.00M | Scene, ViewLayer | Synchronizing object | Side_wall_glass.095
Fra:451 Mem:845.90M (Peak 906.66M) | Time:00:02.11 | Mem:0.00M, Peak:0.00M | Scene, ViewLayer | Synchronizing object | Wall_stone_sill.035
Fra:451 Mem:845.93M (Peak 906.66M) | Time:00:02.11 | Mem:0.00M, Peak:0.00M | Scene, ViewLayer | Synchronizing object | Wall_transom.045
Fra:451 Mem:845.97M (Peak 906.66M) | Time:00:02.12 | Mem:0.00M, Peak:0.00M | Scene, ViewLayer | Synchronizing object | Curved_roof_glazing.091
Fra:451 Mem:845.97M (Peak 906.66M) | Time:00:02.12 | Mem:0.00M, Peak:0.00M | Scene, ViewLayer | Synchronizing object | End_wall_mullion.014
Fra:451 Mem:846.00M (Peak 906.66M) | Time:00:02.12 | Mem:0.00M, Peak:0.00M | Scene, ViewLayer | Synchronizing object | Wall_glazing_mullion.028
Fra:451 Mem:846.03M (Peak 906.66M) | Time:00:02.12 | Mem:0.00M, Peak:0.00M | Scene, ViewLayer | Synchronizing object | Curved_roof_glazing.360
Fra:451 Mem:846.04M (Peak 906.66M) | Time:00:02.12 | Mem:0.00M, Peak:0.00M | Scene, ViewLayer | Synchronizing object | Wall_transom.049
Fra:451 Mem:846.07M (Peak 906.66M) | Time:00:02.12 | Mem:0.00M, Peak:0.00M | Scene, ViewLayer | Synchronizing object | Wall_transom.037
Fra:451 Mem:846.10M (Peak 906.66M) | Time:00:02.12 | Mem:0.00M, Peak:0.00M | Scene, ViewLayer | Synchronizing object | Wall_transom.053
Fra:451 Mem:846.12M (Peak 906.66M) | Time:00:02.12 | Mem:0.00M, Peak:0.00M | Scene, ViewLayer | Synchronizing object | Wall_transom.182
Fra:451 Mem:846.15M (Peak 906.66M) | Time:00:02.12 | Mem:0.00M, Peak:0.00M | Scene, ViewLayer | Synchronizing object | Wall_transom.041
Fra:451 Mem:846.18M (Peak 906.66M) | Time:00:02.12 | Mem:0.00M, Peak:0.00M | Scene, ViewLayer | Synchronizing object | Column_capital.012
Fra:451 Mem:846.21M (Peak 906.66M) | Time:00:02.12 | Mem:0.00M, Peak:0.00M | Scene, ViewLayer | Synchronizing object | Curved_roof_glazing.242
Fra:451 Mem:846.21M (Peak 906.66M) | Time:00:02.12 | Mem:0.00M, Peak:0.00M | Scene, ViewLayer | Synchronizing object | Primary_elliptical_arch.001
Fra:451 Mem:846.36M (Peak 906.66M) | Time:00:02.12 | Mem:0.00M, Peak:0.00M | Scene, ViewLayer | Synchronizing object | Side_wall_glass.116
Fra:451 Mem:846.36M (Peak 906.66M) | Time:00:02.12 | Mem:0.00M, Peak:0.00M | Scene, ViewLayer | Synchronizing object | Wall_stone_sill.019
Fra:451 Mem:846.39M (Peak 906.66M) | Time:00:02.12 | Mem:0.00M, Peak:0.00M | Scene, ViewLayer | Synchronizing object | Curved_roof_glazing.255
Fra:451 Mem:846.39M (Peak 906.66M) | Time:00:02.12 | Mem:0.00M, Peak:0.00M | Scene, ViewLayer | Synchronizing object | Curved_roof_glazing.287
Fra:451 Mem:846.40M (Peak 906.66M) | Time:00:02.12 | Mem:0.00M, Peak:0.00M | Scene, ViewLayer | Synchronizing object | Wall_stone_sill.002
Fra:451 Mem:846.42M (Peak 906.66M) | Time:00:02.12 | Mem:0.00M, Peak:0.00M | Scene, ViewLayer | Synchronizing object | Column_base_plinth.014
Fra:451 Mem:846.46M (Peak 906.66M) | Time:00:02.12 | Mem:0.00M, Peak:0.00M | Scene, ViewLayer | Synchronizing object | Curved_roof_glazing.079
Fra:451 Mem:846.46M (Peak 906.66M) | Time:00:02.12 | Mem:0.00M, Peak:0.00M | Scene, ViewLayer | Synchronizing object | Curved_roof_glazing.127
Fra:451 Mem:846.46M (Peak 906.66M) | Time:00:02.12 | Mem:0.00M, Peak:0.00M | Scene, ViewLayer | Synchronizing object | Curved_roof_glazing.159
Fra:451 Mem:846.47M (Peak 906.66M) | Time:00:02.12 | Mem:0.00M, Peak:0.00M | Scene, ViewLayer | Synchronizing object | Curved_roof_glazing.188
Fra:451 Mem:846.47M (Peak 906.66M) | Time:00:02.12 | Mem:0.00M, Peak:0.00M | Scene, ViewLayer | Synchronizing object | Curved_roof_glazing.300
Fra:451 Mem:846.48M (Peak 906.66M) | Time:00:02.12 | Mem:0.00M, Peak:0.00M | Scene, ViewLayer | Synchronizing object | Side_wall_glass.070
Fra:451 Mem:846.48M (Peak 906.66M) | Time:00:02.12 | Mem:0.00M, Peak:0.00M | Scene, ViewLayer | Synchronizing object | Wall_transom.177
Fra:451 Mem:846.51M (Peak 906.66M) | Time:00:02.12 | Mem:0.00M, Peak:0.00M | Scene, ViewLayer | Synchronizing object | Wall_glazing_mullion.029
Fra:451 Mem:846.54M (Peak 906.66M) | Time:00:02.12 | Mem:0.00M, Peak:0.00M | Scene, ViewLayer | Synchronizing object | Column_capital.005
Fra:451 Mem:846.57M (Peak 906.66M) | Time:00:02.12 | Mem:0.00M, Peak:0.00M | Scene, ViewLayer | Synchronizing object | Curved_roof_glazing.092
Fra:451 Mem:846.57M (Peak 906.66M) | Time:00:02.12 | Mem:0.00M, Peak:0.00M | Scene, ViewLayer | Synchronizing object | Curved_roof_glazing.361
Fra:451 Mem:846.58M (Peak 906.66M) | Time:00:02.12 | Mem:0.00M, Peak:0.00M | Scene, ViewLayer | Synchronizing object | Hall_door_kickpanel.001
Fra:451 Mem:846.61M (Peak 906.66M) | Time:00:02.12 | Mem:0.00M, Peak:0.00M | Scene, ViewLayer | Synchronizing object | Side_wall_glass.038
Fra:451 Mem:846.61M (Peak 906.66M) | Time:00:02.12 | Mem:0.00M, Peak:0.00M | Scene, ViewLayer | Synchronizing object | Wall_glazing_mullion.005
Fra:451 Mem:846.64M (Peak 906.66M) | Time:00:02.12 | Mem:0.00M, Peak:0.00M | Scene, ViewLayer | Synchronizing object | Wall_transom.066
Fra:451 Mem:846.67M (Peak 906.66M) | Time:00:02.12 | Mem:0.00M, Peak:0.00M | Scene, ViewLayer | Synchronizing object | Column_base_plinth.013
Fra:451 Mem:846.70M (Peak 906.66M) | Time:00:02.12 | Mem:0.00M, Peak:0.00M | Scene, ViewLayer | Synchronizing object | Curved_roof_glazing.243
Fra:451 Mem:846.70M (Peak 906.66M) | Time:00:02.12 | Mem:0.00M, Peak:0.00M | Scene, ViewLayer | Synchronizing object | Wall_transom.022
Fra:451 Mem:846.73M (Peak 906.66M) | Time:00:02.12 | Mem:0.00M, Peak:0.00M | Scene, ViewLayer | Synchronizing object | Side_wall_glass.113
Fra:451 Mem:846.73M (Peak 906.66M) | Time:00:02.12 | Mem:0.00M, Peak:0.00M | Scene, ViewLayer | Synchronizing object | End_wall_mullion.012
Fra:451 Mem:846.76M (Peak 906.66M) | Time:00:02.12 | Mem:0.00M, Peak:0.00M | Scene, ViewLayer | Synchronizing object | Wall_stone_sill.036
Fra:451 Mem:846.79M (Peak 906.66M) | Time:00:02.12 | Mem:0.00M, Peak:0.00M | Scene, ViewLayer | Synchronizing object | Curved_roof_glazing.162
Fra:451 Mem:846.80M (Peak 906.66M) | Time:00:02.12 | Mem:0.00M, Peak:0.00M | Scene, ViewLayer | Synchronizing object | Curved_roof_glazing.256
Fra:451 Mem:846.80M (Peak 906.66M) | Time:00:02.12 | Mem:0.00M, Peak:0.00M | Scene, ViewLayer | Synchronizing object | Curved_roof_glazing.288
Fra:451 Mem:846.80M (Peak 906.66M) | Time:00:02.12 | Mem:0.00M, Peak:0.00M | Scene, ViewLayer | Synchronizing object | Curved_roof_glazing.080
Fra:451 Mem:846.81M (Peak 906.66M) | Time:00:02.12 | Mem:0.00M, Peak:0.00M | Scene, ViewLayer | Synchronizing object | Curved_roof_glazing.128
Fra:451 Mem:846.81M (Peak 906.66M) | Time:00:02.12 | Mem:0.00M, Peak:0.00M | Scene, ViewLayer | Synchronizing object | Curved_roof_glazing.160
Fra:451 Mem:846.82M (Peak 906.66M) | Time:00:02.12 | Mem:0.00M, Peak:0.00M | Scene, ViewLayer | Synchronizing object | Longitudinal_roof_purlin.003
Fra:451 Mem:846.84M (Peak 906.66M) | Time:00:02.12 | Mem:0.00M, Peak:0.00M | Scene, ViewLayer | Synchronizing object | Curved_roof_glazing.189
Fra:451 Mem:846.83M (Peak 906.66M) | Time:00:02.12 | Mem:0.00M, Peak:0.00M | Scene, ViewLayer | Synchronizing object | Curved_roof_glazing.301
Fra:451 Mem:846.84M (Peak 906.66M) | Time:00:02.12 | Mem:0.00M, Peak:0.00M | Scene, ViewLayer | Synchronizing object | Curved_roof_glazing.093
Fra:451 Mem:846.84M (Peak 906.66M) | Time:00:02.12 | Mem:0.00M, Peak:0.00M | Scene, ViewLayer | Synchronizing object | End_wall_glazing.015
Fra:451 Mem:846.84M (Peak 906.66M) | Time:00:02.12 | Mem:0.00M, Peak:0.00M | Scene, ViewLayer | Synchronizing object | Secondary_glazing_rib.006
Fra:451 Mem:828.63M (Peak 906.66M) | Time:00:02.12 | Mem:0.00M, Peak:0.00M | Scene, ViewLayer | Synchronizing object | Secondary_glazing_rib.016
Fra:451 Mem:829.55M (Peak 906.66M) | Time:00:02.12 | Mem:0.00M, Peak:0.00M | Scene, ViewLayer | Synchronizing object | Wall_transom.185
Fra:451 Mem:831.84M (Peak 906.66M) | Time:00:02.12 | Mem:0.00M, Peak:0.00M | Scene, ViewLayer | Synchronizing object | Curved_roof_glazing.362
Fra:451 Mem:831.84M (Peak 906.66M) | Time:00:02.12 | Mem:0.00M, Peak:0.00M | Scene, ViewLayer | Synchronizing object | Wall_transom.118
Fra:451 Mem:831.87M (Peak 906.66M) | Time:00:02.12 | Mem:0.00M, Peak:0.00M | Scene, ViewLayer | Synchronizing object | Wall_glazing_mullion.022
Fra:451 Mem:831.92M (Peak 906.66M) | Time:00:02.12 | Mem:0.00M, Peak:0.00M | Scene, ViewLayer | Synchronizing object | Hall_door_stile
Fra:451 Mem:831.95M (Peak 906.66M) | Time:00:02.12 | Mem:0.00M, Peak:0.00M | Scene, ViewLayer | Synchronizing object | Side_wall_glass.069
Fra:451 Mem:831.95M (Peak 906.66M) | Time:00:02.12 | Mem:0.00M, Peak:0.00M | Scene, ViewLayer | Synchronizing object | Curved_roof_glazing.340
Fra:451 Mem:832.02M (Peak 906.66M) | Time:00:02.12 | Mem:0.00M, Peak:0.00M | Scene, ViewLayer | Synchronizing object | Wall_glazing_mullion.026
Fra:451 Mem:832.06M (Peak 906.66M) | Time:00:02.12 | Mem:0.00M, Peak:0.00M | Scene, ViewLayer | Synchronizing object | Curved_roof_glazing.257
Fra:451 Mem:832.07M (Peak 906.66M) | Time:00:02.12 | Mem:0.00M, Peak:0.00M | Scene, ViewLayer | Synchronizing object | Curved_roof_glazing.289
Fra:451 Mem:832.07M (Peak 906.66M) | Time:00:02.12 | Mem:0.00M, Peak:0.00M | Scene, ViewLayer | Synchronizing object | Wall_glazing_mullion.009
Fra:451 Mem:832.65M (Peak 906.66M) | Time:00:02.12 | Mem:0.00M, Peak:0.00M | Scene, ViewLayer | Synchronizing object | Curved_roof_glazing.081
Fra:451 Mem:832.65M (Peak 906.66M) | Time:00:02.12 | Mem:0.00M, Peak:0.00M | Scene, ViewLayer | Synchronizing object | Curved_roof_glazing.129
Fra:451 Mem:832.66M (Peak 906.66M) | Time:00:02.12 | Mem:0.00M, Peak:0.00M | Scene, ViewLayer | Synchronizing object | Curved_roof_glazing.161
Fra:451 Mem:832.66M (Peak 906.66M) | Time:00:02.12 | Mem:0.00M, Peak:0.00M | Scene, ViewLayer | Synchronizing object | Curved_roof_glazing.190
Fra:451 Mem:832.67M (Peak 906.66M) | Time:00:02.12 | Mem:0.00M, Peak:0.00M | Scene, ViewLayer | Synchronizing object | Curved_roof_glazing.302
Fra:451 Mem:832.67M (Peak 906.66M) | Time:00:02.12 | Mem:0.00M, Peak:0.00M | Scene, ViewLayer | Synchronizing object | Curved_roof_glazing.094
Fra:451 Mem:832.68M (Peak 906.66M) | Time:00:02.12 | Mem:0.00M, Peak:0.00M | Scene, ViewLayer | Synchronizing object | Curved_roof_glazing.363
Fra:451 Mem:832.68M (Peak 906.66M) | Time:00:02.12 | Mem:0.00M, Peak:0.00M | Scene, ViewLayer | Synchronizing object | Wall_glazing_mullion.023
Fra:451 Mem:832.71M (Peak 906.66M) | Time:00:02.12 | Mem:0.00M, Peak:0.00M | Scene, ViewLayer | Synchronizing object | Wall_stone_sill.033
Fra:451 Mem:832.74M (Peak 906.66M) | Time:00:02.12 | Mem:0.00M, Peak:0.00M | Scene, ViewLayer | Synchronizing object | Wall_transom.085
Fra:451 Mem:833.04M (Peak 906.66M) | Time:00:02.12 | Mem:0.00M, Peak:0.00M | Scene, ViewLayer | Synchronizing object | Wall_transom.043
Fra:451 Mem:833.62M (Peak 906.66M) | Time:00:02.12 | Mem:0.00M, Peak:0.00M | Scene, ViewLayer | Synchronizing object | Wall_transom.073
Fra:451 Mem:833.65M (Peak 906.66M) | Time:00:02.12 | Mem:0.00M, Peak:0.00M | Scene, ViewLayer | Synchronizing object | End_wall_sill.012
Fra:451 Mem:833.68M (Peak 906.66M) | Time:00:02.12 | Mem:0.00M, Peak:0.00M | Scene, ViewLayer | Synchronizing object | Curved_roof_glazing.341
Fra:451 Mem:833.68M (Peak 906.66M) | Time:00:02.12 | Mem:0.00M, Peak:0.00M | Scene, ViewLayer | Synchronizing object | Wall_transom.059
Fra:451 Mem:833.17M (Peak 906.66M) | Time:00:02.12 | Mem:0.00M, Peak:0.00M | Scene, ViewLayer | Synchronizing object | Side_wall_glass.005
Fra:451 Mem:833.17M (Peak 906.66M) | Time:00:02.12 | Mem:0.00M, Peak:0.00M | Scene, ViewLayer | Synchronizing object | Curved_roof_glazing.258
Fra:451 Mem:833.17M (Peak 906.66M) | Time:00:02.12 | Mem:0.00M, Peak:0.00M | Scene, ViewLayer | Synchronizing object | Curved_roof_glazing.290
Fra:451 Mem:833.18M (Peak 906.66M) | Time:00:02.12 | Mem:0.00M, Peak:0.00M | Scene, ViewLayer | Synchronizing object | Secondary_glazing_rib.005
Fra:451 Mem:833.27M (Peak 906.66M) | Time:00:02.12 | Mem:0.00M, Peak:0.00M | Scene, ViewLayer | Synchronizing object | Curved_roof_glazing.082
Fra:451 Mem:833.27M (Peak 906.66M) | Time:00:02.12 | Mem:0.00M, Peak:0.00M | Scene, ViewLayer | Synchronizing object | Curved_roof_glazing.130
Fra:451 Mem:838.80M (Peak 906.66M) | Time:00:02.13 | Mem:0.00M, Peak:0.00M | Scene, ViewLayer | Synchronizing object | Curved_roof_glazing.191
Fra:451 Mem:842.30M (Peak 906.66M) | Time:00:02.13 | Mem:0.00M, Peak:0.00M | Scene, ViewLayer | Synchronizing object | Curved_roof_glazing.303
Fra:451 Mem:842.31M (Peak 906.66M) | Time:00:02.13 | Mem:0.00M, Peak:0.00M | Scene, ViewLayer | Synchronizing object | Side_wall_glass.071
Fra:451 Mem:842.31M (Peak 906.66M) | Time:00:02.13 | Mem:0.00M, Peak:0.00M | Scene, ViewLayer | Synchronizing object | Curved_roof_glazing.095
Fra:451 Mem:842.31M (Peak 906.66M) | Time:00:02.13 | Mem:0.00M, Peak:0.00M | Scene, ViewLayer | Synchronizing object | End_elevation_crossbar
Fra:451 Mem:849.78M (Peak 906.66M) | Time:00:02.13 | Mem:0.00M, Peak:0.00M | Scene, ViewLayer | Synchronizing object | Wall_glazing_mullion.012
Fra:451 Mem:849.81M (Peak 906.66M) | Time:00:02.13 | Mem:0.00M, Peak:0.00M | Scene, ViewLayer | Synchronizing object | Wall_stone_sill.048
Fra:451 Mem:849.84M (Peak 906.66M) | Time:00:02.13 | Mem:0.00M, Peak:0.00M | Scene, ViewLayer | Synchronizing object | Curved_roof_glazing.364
Fra:451 Mem:849.84M (Peak 906.66M) | Time:00:02.13 | Mem:0.00M, Peak:0.00M | Scene, ViewLayer | Synchronizing object | Secondary_glazing_rib.013
Fra:451 Mem:849.94M (Peak 906.66M) | Time:00:02.13 | Mem:0.00M, Peak:0.00M | Scene, ViewLayer | Synchronizing object | Wall_glazing_mullion.015
Fra:451 Mem:853.47M (Peak 906.66M) | Time:00:02.13 | Mem:0.00M, Peak:0.00M | Scene, ViewLayer | Synchronizing object | Curved_roof_glazing.342
Fra:451 Mem:853.47M (Peak 906.66M) | Time:00:02.13 | Mem:0.00M, Peak:0.00M | Scene, ViewLayer | Synchronizing object | Wall_transom.128
Fra:451 Mem:853.50M (Peak 906.66M) | Time:00:02.13 | Mem:0.00M, Peak:0.00M | Scene, ViewLayer | Synchronizing object | Wall_transom.024
Fra:451 Mem:853.53M (Peak 906.66M) | Time:00:02.13 | Mem:0.00M, Peak:0.00M | Scene, ViewLayer | Synchronizing object | Side_wall_glass.004
Fra:451 Mem:853.53M (Peak 906.66M) | Time:00:02.13 | Mem:0.00M, Peak:0.00M | Scene, ViewLayer | Synchronizing object | Curved_roof_glazing.259
Fra:451 Mem:853.54M (Peak 906.66M) | Time:00:02.13 | Mem:0.00M, Peak:0.00M | Scene, ViewLayer | Synchronizing object | Curved_roof_glazing.291
Fra:451 Mem:853.54M (Peak 906.66M) | Time:00:02.13 | Mem:0.00M, Peak:0.00M | Scene, ViewLayer | Synchronizing object | Curved_roof_glazing.163
Fra:451 Mem:853.55M (Peak 906.66M) | Time:00:02.13 | Mem:0.00M, Peak:0.00M | Scene, ViewLayer | Synchronizing object | Curved_roof_glazing.083
Fra:451 Mem:853.55M (Peak 906.66M) | Time:00:02.13 | Mem:0.00M, Peak:0.00M | Scene, ViewLayer | Synchronizing object | Curved_roof_glazing.131
Fra:451 Mem:853.55M (Peak 906.66M) | Time:00:02.13 | Mem:0.00M, Peak:0.00M | Scene, ViewLayer | Synchronizing object | Curved_roof_glazing.192
Fra:451 Mem:853.56M (Peak 906.66M) | Time:00:02.13 | Mem:0.00M, Peak:0.00M | Scene, ViewLayer | Synchronizing object | Curved_roof_glazing.304
Fra:451 Mem:853.56M (Peak 906.66M) | Time:00:02.13 | Mem:0.00M, Peak:0.00M | Scene, ViewLayer | Synchronizing object | Wall_transom.046
Fra:451 Mem:853.59M (Peak 906.66M) | Time:00:02.13 | Mem:0.00M, Peak:0.00M | Scene, ViewLayer | Synchronizing object | Wall_transom.139
Fra:451 Mem:853.62M (Peak 906.66M) | Time:00:02.13 | Mem:0.00M, Peak:0.00M | Scene, ViewLayer | Synchronizing object | Curved_roof_glazing.096
Fra:451 Mem:853.62M (Peak 906.66M) | Time:00:02.13 | Mem:0.00M, Peak:0.00M | Scene, ViewLayer | Synchronizing object | Side_wall_glass.100
Fra:451 Mem:853.63M (Peak 906.66M) | Time:00:02.13 | Mem:0.00M, Peak:0.00M | Scene, ViewLayer | Synchronizing object | Curved_roof_glazing.365
Fra:451 Mem:853.63M (Peak 906.66M) | Time:00:02.13 | Mem:0.00M, Peak:0.00M | Scene, ViewLayer | Synchronizing object | Wall_transom.050
Fra:451 Mem:853.66M (Peak 906.66M) | Time:00:02.13 | Mem:0.00M, Peak:0.00M | Scene, ViewLayer | Synchronizing object | Side_wall_glass.066
Fra:451 Mem:853.66M (Peak 906.66M) | Time:00:02.13 | Mem:0.00M, Peak:0.00M | Scene, ViewLayer | Synchronizing object | Wall_transom.038
Fra:451 Mem:853.69M (Peak 906.66M) | Time:00:02.13 | Mem:0.00M, Peak:0.00M | Scene, ViewLayer | Synchronizing object | Wall_transom.135
Fra:451 Mem:853.71M (Peak 906.66M) | Time:00:02.13 | Mem:0.00M, Peak:0.00M | Scene, ViewLayer | Synchronizing object | Wall_stone_sill.018
Fra:451 Mem:853.74M (Peak 906.66M) | Time:00:02.13 | Mem:0.00M, Peak:0.00M | Scene, ViewLayer | Synchronizing object | Wall_transom.183
Fra:451 Mem:853.76M (Peak 906.66M) | Time:00:02.13 | Mem:0.00M, Peak:0.00M | Scene, ViewLayer | Synchronizing object | End_wall_glazing.013
Fra:451 Mem:853.77M (Peak 906.66M) | Time:00:02.13 | Mem:0.00M, Peak:0.00M | Scene, ViewLayer | Synchronizing object | Curved_roof_glazing.343
Fra:451 Mem:853.77M (Peak 906.66M) | Time:00:02.13 | Mem:0.00M, Peak:0.00M | Scene, ViewLayer | Synchronizing object | Portal_transom_mullion.001
Fra:451 Mem:856.42M (Peak 906.66M) | Time:00:02.13 | Mem:0.00M, Peak:0.00M | Scene, ViewLayer | Synchronizing object | Primary_elliptical_arch.005
Fra:451 Mem:859.29M (Peak 906.66M) | Time:00:02.13 | Mem:0.00M, Peak:0.00M | Scene, ViewLayer | Synchronizing object | Wall_stone_sill.057
Fra:451 Mem:860.20M (Peak 906.66M) | Time:00:02.13 | Mem:0.00M, Peak:0.00M | Scene, ViewLayer | Synchronizing object | Wall_stone_sill.061
Fra:451 Mem:860.23M (Peak 906.66M) | Time:00:02.14 | Mem:0.00M, Peak:0.00M | Scene, ViewLayer | Synchronizing object | Curved_roof_glazing.260
Fra:451 Mem:860.23M (Peak 906.66M) | Time:00:02.14 | Mem:0.00M, Peak:0.00M | Scene, ViewLayer | Synchronizing object | Primary_elliptical_arch.004
Fra:451 Mem:860.37M (Peak 906.66M) | Time:00:02.14 | Mem:0.00M, Peak:0.00M | Scene, ViewLayer | Synchronizing object | Side_wall_glass.013
Fra:451 Mem:854.41M (Peak 906.66M) | Time:00:02.14 | Mem:0.00M, Peak:0.00M | Scene, ViewLayer | Synchronizing object | End_wall_glazing.016
Fra:451 Mem:854.23M (Peak 906.66M) | Time:00:02.14 | Mem:0.00M, Peak:0.00M | Scene, ViewLayer | Synchronizing object | G4R03_eave_drips
Fra:451 Mem:854.23M (Peak 906.66M) | Time:00:02.14 | Mem:0.00M, Peak:0.00M | Scene, ViewLayer | Synchronizing object | Side_wall_glass.088
Fra:451 Mem:854.24M (Peak 906.66M) | Time:00:02.14 | Mem:0.00M, Peak:0.00M | Scene, ViewLayer | Synchronizing object | Wall_transom.111
Fra:451 Mem:854.30M (Peak 906.66M) | Time:00:02.14 | Mem:0.00M, Peak:0.00M | Scene, ViewLayer | Synchronizing object | Curved_roof_glazing.193
Fra:451 Mem:854.30M (Peak 906.66M) | Time:00:02.14 | Mem:0.00M, Peak:0.00M | Scene, ViewLayer | Synchronizing object | Curved_roof_glazing.305
Fra:451 Mem:854.31M (Peak 906.66M) | Time:00:02.14 | Mem:0.00M, Peak:0.00M | Scene, ViewLayer | Synchronizing object | Wall_stone_sill.058
Fra:451 Mem:857.84M (Peak 906.66M) | Time:00:02.14 | Mem:0.00M, Peak:0.00M | Scene, ViewLayer | Synchronizing object | Curved_roof_glazing.097
Fra:451 Mem:857.85M (Peak 906.66M) | Time:00:02.14 | Mem:0.00M, Peak:0.00M | Scene, ViewLayer | Synchronizing object | Curved_roof_glazing.366
Fra:451 Mem:857.85M (Peak 906.66M) | Time:00:02.14 | Mem:0.00M, Peak:0.00M | Scene, ViewLayer | Synchronizing object | Secondary_glazing_rib.008
Fra:451 Mem:858.78M (Peak 906.66M) | Time:00:02.14 | Mem:0.00M, Peak:0.00M | Scene, ViewLayer | Synchronizing object | G4R03_adherent_rivulet
Fra:451 Mem:858.78M (Peak 906.66M) | Time:00:02.14 | Mem:0.00M, Peak:0.00M | Scene, ViewLayer | Synchronizing object | Wall_glazing_mullion.020
Fra:451 Mem:858.81M (Peak 906.66M) | Time:00:02.14 | Mem:0.00M, Peak:0.00M | Scene, ViewLayer | Synchronizing object | G4R03_adherent_rivulet.001
Fra:451 Mem:858.83M (Peak 906.66M) | Time:00:02.14 | Mem:0.00M, Peak:0.00M | Scene, ViewLayer | Synchronizing object | G4R03_adherent_rivulet.002
Fra:451 Mem:858.85M (Peak 906.66M) | Time:00:02.14 | Mem:0.00M, Peak:0.00M | Scene, ViewLayer | Synchronizing object | G4R03_adherent_rivulet.003
Fra:451 Mem:858.87M (Peak 906.66M) | Time:00:02.14 | Mem:0.00M, Peak:0.00M | Scene, ViewLayer | Synchronizing object | G4R03_adherent_rivulet.004
Fra:451 Mem:858.89M (Peak 906.66M) | Time:00:02.14 | Mem:0.00M, Peak:0.00M | Scene, ViewLayer | Synchronizing object | G4R03_adherent_rivulet.005
Fra:451 Mem:858.91M (Peak 906.66M) | Time:00:02.14 | Mem:0.00M, Peak:0.00M | Scene, ViewLayer | Synchronizing object | G4R03_adherent_rivulet.006
Fra:451 Mem:858.93M (Peak 906.66M) | Time:00:02.14 | Mem:0.00M, Peak:0.00M | Scene, ViewLayer | Synchronizing object | G4R03_adherent_rivulet.007
Fra:451 Mem:858.95M (Peak 906.66M) | Time:00:02.14 | Mem:0.00M, Peak:0.00M | Scene, ViewLayer | Synchronizing object | G4R03_adherent_rivulet.008
Fra:451 Mem:858.97M (Peak 906.66M) | Time:00:02.14 | Mem:0.00M, Peak:0.00M | Scene, ViewLayer | Synchronizing object | G4R03_adherent_rivulet.009
Fra:451 Mem:858.99M (Peak 906.66M) | Time:00:02.14 | Mem:0.00M, Peak:0.00M | Scene, ViewLayer | Synchronizing object | G4R03_adherent_rivulet.010
Fra:451 Mem:859.01M (Peak 906.66M) | Time:00:02.14 | Mem:0.00M, Peak:0.00M | Scene, ViewLayer | Synchronizing object | G4R03_adherent_rivulet.011
Fra:451 Mem:859.03M (Peak 906.66M) | Time:00:02.14 | Mem:0.00M, Peak:0.00M | Scene, ViewLayer | Synchronizing object | G4R03_adherent_rivulet.012
Fra:451 Mem:859.05M (Peak 906.66M) | Time:00:02.14 | Mem:0.00M, Peak:0.00M | Scene, ViewLayer | Synchronizing object | G4R03_adherent_rivulet.013
Fra:451 Mem:859.07M (Peak 906.66M) | Time:00:02.14 | Mem:0.00M, Peak:0.00M | Scene, ViewLayer | Synchronizing object | G4R03_adherent_rivulet.014
Fra:451 Mem:859.09M (Peak 906.66M) | Time:00:02.14 | Mem:0.00M, Peak:0.00M | Scene, ViewLayer | Synchronizing object | G4R03_adherent_rivulet.015
Fra:451 Mem:859.11M (Peak 906.66M) | Time:00:02.14 | Mem:0.00M, Peak:0.00M | Scene, ViewLayer | Synchronizing object | G4R03_adherent_rivulet.016
Fra:451 Mem:859.13M (Peak 906.66M) | Time:00:02.14 | Mem:0.00M, Peak:0.00M | Scene, ViewLayer | Synchronizing object | G4R03_adherent_rivulet.017
Fra:451 Mem:859.15M (Peak 906.66M) | Time:00:02.14 | Mem:0.00M, Peak:0.00M | Scene, ViewLayer | Synchronizing object | G4R03_adherent_rivulet.018
Fra:451 Mem:859.17M (Peak 906.66M) | Time:00:02.14 | Mem:0.00M, Peak:0.00M | Scene, ViewLayer | Synchronizing object | G4R03_adherent_rivulet.019
Fra:451 Mem:859.19M (Peak 906.66M) | Time:00:02.14 | Mem:0.00M, Peak:0.00M | Scene, ViewLayer | Synchronizing object | G4R03_adherent_rivulet.020
Fra:451 Mem:859.21M (Peak 906.66M) | Time:00:02.14 | Mem:0.00M, Peak:0.00M | Scene, ViewLayer | Synchronizing object | G4R03_adherent_rivulet.021
Fra:451 Mem:859.23M (Peak 906.66M) | Time:00:02.14 | Mem:0.00M, Peak:0.00M | Scene, ViewLayer | Synchronizing object | G4R03_adherent_rivulet.022
Fra:451 Mem:859.25M (Peak 906.66M) | Time:00:02.14 | Mem:0.00M, Peak:0.00M | Scene, ViewLayer | Synchronizing object | G4R03_adherent_rivulet.023
Fra:451 Mem:859.27M (Peak 906.66M) | Time:00:02.14 | Mem:0.00M, Peak:0.00M | Scene, ViewLayer | Synchronizing object | G4R03_adherent_rivulet.024
Fra:451 Mem:859.29M (Peak 906.66M) | Time:00:02.14 | Mem:0.00M, Peak:0.00M | Scene, ViewLayer | Synchronizing object | G4R03_adherent_rivulet.025
Fra:451 Mem:859.31M (Peak 906.66M) | Time:00:02.14 | Mem:0.00M, Peak:0.00M | Scene, ViewLayer | Synchronizing object | G4R03_adherent_rivulet.026
Fra:451 Mem:859.33M (Peak 906.66M) | Time:00:02.14 | Mem:0.00M, Peak:0.00M | Scene, ViewLayer | Synchronizing object | G4R03_adherent_rivulet.027
Fra:451 Mem:859.35M (Peak 906.66M) | Time:00:02.14 | Mem:0.00M, Peak:0.00M | Scene, ViewLayer | Synchronizing object | G4R03_adherent_rivulet.028
Fra:451 Mem:859.37M (Peak 906.66M) | Time:00:02.14 | Mem:0.00M, Peak:0.00M | Scene, ViewLayer | Synchronizing object | G4R03_adherent_rivulet.029
Fra:451 Mem:859.39M (Peak 906.66M) | Time:00:02.14 | Mem:0.00M, Peak:0.00M | Scene, ViewLayer | Synchronizing object | G4R03_adherent_rivulet.030
Fra:451 Mem:859.41M (Peak 906.66M) | Time:00:02.14 | Mem:0.00M, Peak:0.00M | Scene, ViewLayer | Synchronizing object | G4R03_adherent_rivulet.031
Fra:451 Mem:859.43M (Peak 906.66M) | Time:00:02.14 | Mem:0.00M, Peak:0.00M | Scene, ViewLayer | Synchronizing object | G4R03_adherent_rivulet.032
Fra:451 Mem:859.45M (Peak 906.66M) | Time:00:02.14 | Mem:0.00M, Peak:0.00M | Scene, ViewLayer | Synchronizing object | G4R03_adherent_rivulet.033
Fra:451 Mem:859.47M (Peak 906.66M) | Time:00:02.14 | Mem:0.00M, Peak:0.00M | Scene, ViewLayer | Synchronizing object | G4R03_adherent_rivulet.034
Fra:451 Mem:859.49M (Peak 906.66M) | Time:00:02.14 | Mem:0.00M, Peak:0.00M | Scene, ViewLayer | Synchronizing object | G4R03_adherent_rivulet.035
Fra:451 Mem:859.51M (Peak 906.66M) | Time:00:02.14 | Mem:0.00M, Peak:0.00M | Scene, ViewLayer | Synchronizing object | G4R03_adherent_rivulet.036
Fra:451 Mem:859.53M (Peak 906.66M) | Time:00:02.14 | Mem:0.00M, Peak:0.00M | Scene, ViewLayer | Synchronizing object | G4R03_adherent_rivulet.037
Fra:451 Mem:859.56M (Peak 906.66M) | Time:00:02.14 | Mem:0.00M, Peak:0.00M | Scene, ViewLayer | Synchronizing object | G4R03_adherent_rivulet.038
Fra:451 Mem:859.58M (Peak 906.66M) | Time:00:02.14 | Mem:0.00M, Peak:0.00M | Scene, ViewLayer | Synchronizing object | G4R03_adherent_rivulet.039
Fra:451 Mem:859.60M (Peak 906.66M) | Time:00:02.14 | Mem:0.00M, Peak:0.00M | Scene, ViewLayer | Synchronizing object | G4R03_adherent_rivulet.040
Fra:451 Mem:859.62M (Peak 906.66M) | Time:00:02.14 | Mem:0.00M, Peak:0.00M | Scene, ViewLayer | Synchronizing object | G4R03_adherent_rivulet.041
Fra:451 Mem:859.67M (Peak 906.66M) | Time:00:02.14 | Mem:0.00M, Peak:0.00M | Scene, ViewLayer | Synchronizing object | G4R03_adherent_rivulet.042
Fra:451 Mem:859.68M (Peak 906.66M) | Time:00:02.14 | Mem:0.00M, Peak:0.00M | Scene, ViewLayer | Synchronizing object | G4R03_adherent_rivulet.043
Fra:451 Mem:859.70M (Peak 906.66M) | Time:00:02.14 | Mem:0.00M, Peak:0.00M | Scene, ViewLayer | Synchronizing object | Load_column.010
Fra:451 Mem:859.70M (Peak 906.66M) | Time:00:02.14 | Mem:0.00M, Peak:0.00M | Scene, ViewLayer | Synchronizing object | G4R03_adherent_rivulet.044
Fra:451 Mem:859.72M (Peak 906.66M) | Time:00:02.14 | Mem:0.00M, Peak:0.00M | Scene, ViewLayer | Synchronizing object | G4R03_adherent_rivulet.045
Fra:451 Mem:859.74M (Peak 906.66M) | Time:00:02.14 | Mem:0.00M, Peak:0.00M | Scene, ViewLayer | Synchronizing object | G4R03_adherent_rivulet.046
Fra:451 Mem:859.76M (Peak 906.66M) | Time:00:02.14 | Mem:0.00M, Peak:0.00M | Scene, ViewLayer | Synchronizing object | G4R03_adherent_rivulet.047
Fra:451 Mem:859.78M (Peak 906.66M) | Time:00:02.14 | Mem:0.00M, Peak:0.00M | Scene, ViewLayer | Synchronizing object | G4R03_adherent_rivulet.048
Fra:451 Mem:859.80M (Peak 906.66M) | Time:00:02.14 | Mem:0.00M, Peak:0.00M | Scene, ViewLayer | Synchronizing object | Side_wall_glass.118
Fra:451 Mem:859.80M (Peak 906.66M) | Time:00:02.14 | Mem:0.00M, Peak:0.00M | Scene, ViewLayer | Synchronizing object | G4R03_adherent_rivulet.049
Fra:451 Mem:859.82M (Peak 906.66M) | Time:00:02.14 | Mem:0.00M, Peak:0.00M | Scene, ViewLayer | Synchronizing object | Side_wall_glass.126
Fra:451 Mem:859.83M (Peak 906.66M) | Time:00:02.14 | Mem:0.00M, Peak:0.00M | Scene, ViewLayer | Synchronizing object | Wall_transom.035
Fra:451 Mem:859.83M (Peak 906.66M) | Time:00:02.14 | Mem:0.00M, Peak:0.00M | Scene, ViewLayer | Synchronizing object | G4R03_adherent_rivulet.050
Fra:451 Mem:859.87M (Peak 906.66M) | Time:00:02.14 | Mem:0.00M, Peak:0.00M | Scene, ViewLayer | Synchronizing object | G4R03_adherent_rivulet.051
Fra:451 Mem:859.89M (Peak 906.66M) | Time:00:02.14 | Mem:0.00M, Peak:0.00M | Scene, ViewLayer | Synchronizing object | G4R03_adherent_rivulet.052
Fra:451 Mem:859.91M (Peak 906.66M) | Time:00:02.14 | Mem:0.00M, Peak:0.00M | Scene, ViewLayer | Synchronizing object | G4R03_adherent_rivulet.053
Fra:451 Mem:859.93M (Peak 906.66M) | Time:00:02.14 | Mem:0.00M, Peak:0.00M | Scene, ViewLayer | Synchronizing object | G4R03_adherent_rivulet.054
Fra:451 Mem:859.95M (Peak 906.66M) | Time:00:02.14 | Mem:0.00M, Peak:0.00M | Scene, ViewLayer | Synchronizing object | G4R03_adherent_rivulet.055
Fra:451 Mem:859.97M (Peak 906.66M) | Time:00:02.14 | Mem:0.00M, Peak:0.00M | Scene, ViewLayer | Synchronizing object | G4R03_adherent_rivulet.056
Fra:451 Mem:859.99M (Peak 906.66M) | Time:00:02.14 | Mem:0.00M, Peak:0.00M | Scene, ViewLayer | Synchronizing object | G4R03_adherent_rivulet.057
Fra:451 Mem:860.01M (Peak 906.66M) | Time:00:02.14 | Mem:0.00M, Peak:0.00M | Scene, ViewLayer | Synchronizing object | G4R03_adherent_rivulet.058
Fra:451 Mem:860.03M (Peak 906.66M) | Time:00:02.14 | Mem:0.00M, Peak:0.00M | Scene, ViewLayer | Synchronizing object | G4R03_adherent_rivulet.059
Fra:451 Mem:860.05M (Peak 906.66M) | Time:00:02.14 | Mem:0.00M, Peak:0.00M | Scene, ViewLayer | Synchronizing object | G4R03_adherent_rivulet.060
Fra:451 Mem:860.07M (Peak 906.66M) | Time:00:02.14 | Mem:0.00M, Peak:0.00M | Scene, ViewLayer | Synchronizing object | G4R03_adherent_rivulet.061
Fra:451 Mem:860.09M (Peak 906.66M) | Time:00:02.14 | Mem:0.00M, Peak:0.00M | Scene, ViewLayer | Synchronizing object | G4R03_adherent_rivulet.062
Fra:451 Mem:860.11M (Peak 906.66M) | Time:00:02.14 | Mem:0.00M, Peak:0.00M | Scene, ViewLayer | Synchronizing object | G4R03_adherent_rivulet.063
Fra:451 Mem:860.13M (Peak 906.66M) | Time:00:02.14 | Mem:0.00M, Peak:0.00M | Scene, ViewLayer | Synchronizing object | G4R03_adherent_rivulet.064
Fra:451 Mem:860.15M (Peak 906.66M) | Time:00:02.14 | Mem:0.00M, Peak:0.00M | Scene, ViewLayer | Synchronizing object | Curved_roof_glazing.261
Fra:451 Mem:860.15M (Peak 906.66M) | Time:00:02.14 | Mem:0.00M, Peak:0.00M | Scene, ViewLayer | Synchronizing object | G4R03_adherent_rivulet.065
Fra:451 Mem:860.18M (Peak 906.66M) | Time:00:02.14 | Mem:0.00M, Peak:0.00M | Scene, ViewLayer | Synchronizing object | G4R03_adherent_rivulet.066
Fra:451 Mem:859.30M (Peak 906.66M) | Time:00:02.14 | Mem:0.00M, Peak:0.00M | Scene, ViewLayer | Synchronizing object | Ridge_vent_cap
Fra:451 Mem:859.35M (Peak 906.66M) | Time:00:02.14 | Mem:0.00M, Peak:0.00M | Scene, ViewLayer | Synchronizing object | G4R03_adherent_rivulet.067
Fra:451 Mem:859.37M (Peak 906.66M) | Time:00:02.14 | Mem:0.00M, Peak:0.00M | Scene, ViewLayer | Synchronizing object | G4R03_adherent_rivulet.068
Fra:451 Mem:859.38M (Peak 906.66M) | Time:00:02.14 | Mem:0.00M, Peak:0.00M | Scene, ViewLayer | Synchronizing object | Wall_transom.089
Fra:451 Mem:859.39M (Peak 906.66M) | Time:00:02.14 | Mem:0.00M, Peak:0.00M | Scene, ViewLayer | Synchronizing object | G4R03_adherent_rivulet.069
Fra:451 Mem:859.43M (Peak 906.66M) | Time:00:02.14 | Mem:0.00M, Peak:0.00M | Scene, ViewLayer | Synchronizing object | G4R03_adherent_rivulet.070
Fra:451 Mem:859.45M (Peak 906.66M) | Time:00:02.14 | Mem:0.00M, Peak:0.00M | Scene, ViewLayer | Synchronizing object | G4R03_adherent_rivulet.071
Fra:451 Mem:859.47M (Peak 906.66M) | Time:00:02.14 | Mem:0.00M, Peak:0.00M | Scene, ViewLayer | Synchronizing object | G4R03_puddle_impact_wave
Fra:451 Mem:859.55M (Peak 906.66M) | Time:00:02.14 | Mem:0.00M, Peak:0.00M | Scene, ViewLayer | Synchronizing object | G4R03_puddle_impact_wave.001
Fra:451 Mem:859.62M (Peak 906.66M) | Time:00:02.14 | Mem:0.00M, Peak:0.00M | Scene, ViewLayer | Synchronizing object | G4R03_puddle_impact_wave.002
Fra:451 Mem:859.70M (Peak 906.66M) | Time:00:02.15 | Mem:0.00M, Peak:0.00M | Scene, ViewLayer | Synchronizing object | G4R03_puddle_impact_wave.003
Fra:451 Mem:859.78M (Peak 906.66M) | Time:00:02.15 | Mem:0.00M, Peak:0.00M | Scene, ViewLayer | Synchronizing object | G4R03_puddle_impact_wave.004
Fra:451 Mem:859.86M (Peak 906.66M) | Time:00:02.15 | Mem:0.00M, Peak:0.00M | Scene, ViewLayer | Synchronizing object | G4R03_puddle_impact_wave.005
Fra:451 Mem:859.93M (Peak 906.66M) | Time:00:02.15 | Mem:0.00M, Peak:0.00M | Scene, ViewLayer | Synchronizing object | G4R03_puddle_impact_wave.006
Fra:451 Mem:860.01M (Peak 906.66M) | Time:00:02.15 | Mem:0.00M, Peak:0.00M | Scene, ViewLayer | Synchronizing object | G4R03_puddle_impact_wave.007
Fra:451 Mem:860.09M (Peak 906.66M) | Time:00:02.15 | Mem:0.00M, Peak:0.00M | Scene, ViewLayer | Synchronizing object | G4R03_puddle_impact_wave.008
Fra:451 Mem:860.17M (Peak 906.66M) | Time:00:02.15 | Mem:0.00M, Peak:0.00M | Scene, ViewLayer | Synchronizing object | G4R03_puddle_impact_wave.009
Fra:451 Mem:860.24M (Peak 906.66M) | Time:00:02.15 | Mem:0.00M, Peak:0.00M | Scene, ViewLayer | Synchronizing object | G4R03_puddle_impact_wave.010
Fra:451 Mem:860.32M (Peak 906.66M) | Time:00:02.15 | Mem:0.00M, Peak:0.00M | Scene, ViewLayer | Synchronizing object | G4R03_puddle_impact_wave.011
Fra:451 Mem:860.40M (Peak 906.66M) | Time:00:02.15 | Mem:0.00M, Peak:0.00M | Scene, ViewLayer | Synchronizing object | G4R03_puddle_impact_wave.012
Fra:451 Mem:860.48M (Peak 906.66M) | Time:00:02.15 | Mem:0.00M, Peak:0.00M | Scene, ViewLayer | Synchronizing object | G4R03_puddle_impact_wave.013
Fra:451 Mem:860.56M (Peak 906.66M) | Time:00:02.15 | Mem:0.00M, Peak:0.00M | Scene, ViewLayer | Synchronizing object | G4R03_puddle_impact_wave.014
Fra:451 Mem:860.70M (Peak 906.66M) | Time:00:02.15 | Mem:0.00M, Peak:0.00M | Scene, ViewLayer | Synchronizing object | Ridge_vent_stanchion.002
Fra:451 Mem:862.23M (Peak 906.66M) | Time:00:02.15 | Mem:0.00M, Peak:0.00M | Scene, ViewLayer | Synchronizing object | G4COAST_R06_exterior_round_rain
Fra:451 Mem:862.41M (Peak 906.66M) | Time:00:02.15 | Mem:0.00M, Peak:0.00M | Scene, ViewLayer | Synchronizing object | Side_wall_glass.034
Fra:451 Mem:862.42M (Peak 906.66M) | Time:00:02.15 | Mem:0.00M, Peak:0.00M | Scene, ViewLayer | Synchronizing object | Curved_roof_glazing.194
Fra:451 Mem:862.43M (Peak 906.66M) | Time:00:02.15 | Mem:0.00M, Peak:0.00M | Scene, ViewLayer | Synchronizing object | Curved_roof_glazing.306
Fra:451 Mem:862.43M (Peak 906.66M) | Time:00:02.15 | Mem:0.00M, Peak:0.00M | Scene, ViewLayer | Synchronizing object | Side_wall_glass.120
Fra:451 Mem:862.44M (Peak 906.66M) | Time:00:02.15 | Mem:0.00M, Peak:0.00M | Scene, ViewLayer | Synchronizing object | End_wall_mullion.015
Fra:451 Mem:862.44M (Peak 906.66M) | Time:00:02.15 | Mem:0.00M, Peak:0.00M | Scene, ViewLayer | Synchronizing object | Wall_glazing_mullion.013
Fra:451 Mem:862.50M (Peak 906.66M) | Time:00:02.15 | Mem:0.00M, Peak:0.00M | Scene, ViewLayer | Synchronizing object | Wall_transom.186
Fra:451 Mem:862.49M (Peak 906.66M) | Time:00:02.15 | Mem:0.00M, Peak:0.00M | Scene, ViewLayer | Synchronizing object | Column_capital.011
Fra:451 Mem:862.55M (Peak 906.66M) | Time:00:02.15 | Mem:0.00M, Peak:0.00M | Scene, ViewLayer | Synchronizing object | Curved_roof_glazing.367
Fra:451 Mem:862.54M (Peak 906.66M) | Time:00:02.15 | Mem:0.00M, Peak:0.00M | Scene, ViewLayer | Synchronizing object | Wall_transom.119
Fra:451 Mem:866.05M (Peak 906.66M) | Time:00:02.15 | Mem:0.00M, Peak:0.00M | Scene, ViewLayer | Synchronizing object | Side_wall_glass.067
Fra:451 Mem:866.09M (Peak 906.66M) | Time:00:02.15 | Mem:0.00M, Peak:0.00M | Scene, ViewLayer | Synchronizing object | Side_wall_glass.091
Fra:451 Mem:866.08M (Peak 906.66M) | Time:00:02.15 | Mem:0.00M, Peak:0.00M | Scene, ViewLayer | Synchronizing object | Wall_glazing_mullion.016
Fra:451 Mem:866.10M (Peak 906.66M) | Time:00:02.15 | Mem:0.00M, Peak:0.00M | Scene, ViewLayer | Synchronizing object | Wall_transom.102
Fra:451 Mem:866.13M (Peak 906.66M) | Time:00:02.15 | Mem:0.00M, Peak:0.00M | Scene, ViewLayer | Synchronizing object | Wall_stone_sill.014
Fra:451 Mem:866.66M (Peak 906.66M) | Time:00:02.15 | Mem:0.00M, Peak:0.00M | Scene, ViewLayer | Synchronizing object | Curved_roof_glazing.345
Fra:451 Mem:866.65M (Peak 906.66M) | Time:00:02.15 | Mem:0.00M, Peak:0.00M | Scene, ViewLayer | Synchronizing object | Secondary_glazing_rib.011
Fra:451 Mem:866.48M (Peak 906.66M) | Time:00:02.15 | Mem:0.00M, Peak:0.00M | Scene, ViewLayer | Synchronizing object | Longitudinal_roof_purlin.011
Fra:451 Mem:866.52M (Peak 906.66M) | Time:00:02.15 | Mem:0.00M, Peak:0.00M | Scene, ViewLayer | Synchronizing object | Curved_roof_glazing.262
Fra:451 Mem:866.52M (Peak 906.66M) | Time:00:02.15 | Mem:0.00M, Peak:0.00M | Scene, ViewLayer | Synchronizing object | Load_column.008
Fra:451 Mem:866.52M (Peak 906.66M) | Time:00:02.15 | Mem:0.00M, Peak:0.00M | Scene, ViewLayer | Synchronizing object | Side_wall_glass.035
Fra:451 Mem:866.52M (Peak 906.66M) | Time:00:02.15 | Mem:0.00M, Peak:0.00M | Scene, ViewLayer | Synchronizing object | Curved_roof_glazing.195
Fra:451 Mem:866.52M (Peak 906.66M) | Time:00:02.15 | Mem:0.00M, Peak:0.00M | Scene, ViewLayer | Synchronizing object | Curved_roof_glazing.307
Fra:451 Mem:866.53M (Peak 906.66M) | Time:00:02.15 | Mem:0.00M, Peak:0.00M | Scene, ViewLayer | Synchronizing object | Side_wall_glass.097
Fra:451 Mem:866.53M (Peak 906.66M) | Time:00:02.15 | Mem:0.00M, Peak:0.00M | Scene, ViewLayer | Synchronizing object | Curved_roof_glazing.099
Fra:451 Mem:866.53M (Peak 906.66M) | Time:00:02.15 | Mem:0.00M, Peak:0.00M | Scene, ViewLayer | Synchronizing object | Side_wall_glass.101
Fra:451 Mem:866.54M (Peak 906.66M) | Time:00:02.15 | Mem:0.00M, Peak:0.00M | Scene, ViewLayer | Synchronizing object | Curved_roof_glazing.368
Fra:451 Mem:866.54M (Peak 906.66M) | Time:00:02.15 | Mem:0.00M, Peak:0.00M | Scene, ViewLayer | Synchronizing object | Wall_glazing_mullion.027
Fra:451 Mem:866.55M (Peak 906.66M) | Time:00:02.15 | Mem:0.00M, Peak:0.00M | Scene, ViewLayer | Synchronizing object | Side_wall_glass.036
Fra:451 Mem:866.58M (Peak 906.66M) | Time:00:02.15 | Mem:0.00M, Peak:0.00M | Scene, ViewLayer | Synchronizing object | Wall_transom.086
Fra:451 Mem:866.60M (Peak 906.66M) | Time:00:02.15 | Mem:0.00M, Peak:0.00M | Scene, ViewLayer | Synchronizing object | Wall_transom.074
Fra:451 Mem:866.62M (Peak 906.66M) | Time:00:02.15 | Mem:0.00M, Peak:0.00M | Scene, ViewLayer | Synchronizing object | Wall_glazing_mullion.040
Fra:451 Mem:866.65M (Peak 906.66M) | Time:00:02.15 | Mem:0.00M, Peak:0.00M | Scene, ViewLayer | Synchronizing object | Wall_transom.044
Fra:451 Mem:866.67M (Peak 906.66M) | Time:00:02.15 | Mem:0.00M, Peak:0.00M | Scene, ViewLayer | Synchronizing object | Curved_roof_glazing.346
Fra:451 Mem:866.67M (Peak 906.66M) | Time:00:02.15 | Mem:0.00M, Peak:0.00M | Scene, ViewLayer | Synchronizing object | Wall_stone_sill.020
Fra:451 Mem:866.70M (Peak 906.66M) | Time:00:02.15 | Mem:0.00M, Peak:0.00M | Scene, ViewLayer | Synchronizing object | Curved_roof_glazing.263
Fra:451 Mem:866.70M (Peak 906.66M) | Time:00:02.15 | Mem:0.00M, Peak:0.00M | Scene, ViewLayer | Synchronizing object | Ridge_vent_stanchion.003
Fra:451 Mem:866.72M (Peak 906.66M) | Time:00:02.15 | Mem:0.00M, Peak:0.00M | Scene, ViewLayer | Synchronizing object | Side_wall_glass.089
Fra:451 Mem:866.70M (Peak 906.66M) | Time:00:02.15 | Mem:0.00M, Peak:0.00M | Scene, ViewLayer | Synchronizing object | Wall_stone_sill.001
Fra:451 Mem:866.71M (Peak 906.66M) | Time:00:02.15 | Mem:0.00M, Peak:0.00M | Scene, ViewLayer | Synchronizing object | Wall_stone_sill.047
Fra:451 Mem:866.77M (Peak 906.66M) | Time:00:02.16 | Mem:0.00M, Peak:0.00M | Scene, ViewLayer | Synchronizing object | Wall_stone_sill.059
Fra:451 Mem:866.78M (Peak 906.66M) | Time:00:02.16 | Mem:0.00M, Peak:0.00M | Scene, ViewLayer | Synchronizing object | Curved_roof_glazing.212
Fra:451 Mem:866.78M (Peak 906.66M) | Time:00:02.16 | Mem:0.00M, Peak:0.00M | Scene, ViewLayer | Synchronizing object | Load_column.017
Fra:451 Mem:866.78M (Peak 906.66M) | Time:00:02.16 | Mem:0.00M, Peak:0.00M | Scene, ViewLayer | Synchronizing object | Curved_roof_glazing.369
Fra:451 Mem:866.79M (Peak 906.66M) | Time:00:02.16 | Mem:0.00M, Peak:0.00M | Scene, ViewLayer | Synchronizing object | Secondary_glazing_rib.015
Fra:451 Mem:866.79M (Peak 906.66M) | Time:00:02.16 | Mem:0.00M, Peak:0.00M | Scene, ViewLayer | Synchronizing object | Side_wall_glass.037
Fra:451 Mem:866.85M (Peak 906.66M) | Time:00:02.16 | Mem:0.00M, Peak:0.00M | Scene, ViewLayer | Synchronizing object | Curved_roof_glazing.347
Fra:451 Mem:866.87M (Peak 906.66M) | Time:00:02.16 | Mem:0.00M, Peak:0.00M | Scene, ViewLayer | Synchronizing object | Wall_stone_sill.043
Fra:451 Mem:866.91M (Peak 906.66M) | Time:00:02.16 | Mem:0.00M, Peak:0.00M | Scene, ViewLayer | Synchronizing object | Side_wall_glass.119
Fra:451 Mem:866.91M (Peak 906.66M) | Time:00:02.16 | Mem:0.00M, Peak:0.00M | Scene, ViewLayer | Synchronizing object | Side_wall_glass.127
Fra:451 Mem:866.94M (Peak 906.66M) | Time:00:02.16 | Mem:0.00M, Peak:0.00M | Scene, ViewLayer | Synchronizing object | Wall_transom.025
Fra:451 Mem:866.91M (Peak 906.66M) | Time:00:02.16 | Mem:0.00M, Peak:0.00M | Scene, ViewLayer | Synchronizing object | Curved_roof_glazing.264
Fra:451 Mem:866.92M (Peak 906.66M) | Time:00:02.16 | Mem:0.00M, Peak:0.00M | Scene, ViewLayer | Synchronizing object | Wall_transom.067
Fra:451 Mem:866.95M (Peak 906.66M) | Time:00:02.16 | Mem:0.00M, Peak:0.00M | Scene, ViewLayer | Synchronizing object | Side_wall_glass.098
Fra:451 Mem:866.96M (Peak 906.66M) | Time:00:02.16 | Mem:0.00M, Peak:0.00M | Scene, ViewLayer | Synchronizing object | Side_wall_glass.122
Fra:451 Mem:866.96M (Peak 906.66M) | Time:00:02.16 | Mem:0.00M, Peak:0.00M | Scene, ViewLayer | Synchronizing object | Curved_roof_glazing.213
Fra:451 Mem:866.99M (Peak 906.66M) | Time:00:02.16 | Mem:0.00M, Peak:0.00M | Scene, ViewLayer | Synchronizing object | Side_wall_glass.080
Fra:451 Mem:866.98M (Peak 906.66M) | Time:00:02.16 | Mem:0.00M, Peak:0.00M | Scene, ViewLayer | Synchronizing object | Wall_stone_sill.011
Fra:451 Mem:867.01M (Peak 906.66M) | Time:00:02.16 | Mem:0.00M, Peak:0.00M | Scene, ViewLayer | Synchronizing object | Wall_transom.083
Fra:451 Mem:867.04M (Peak 906.66M) | Time:00:02.16 | Mem:0.00M, Peak:0.00M | Scene, ViewLayer | Synchronizing object | Curved_roof_glazing.370
Fra:451 Mem:867.04M (Peak 906.66M) | Time:00:02.16 | Mem:0.00M, Peak:0.00M | Scene, ViewLayer | Synchronizing object | Wall_stone_sill.017
Fra:451 Mem:867.06M (Peak 906.66M) | Time:00:02.16 | Mem:0.00M, Peak:0.00M | Scene, ViewLayer | Synchronizing object | Wall_stone_sill.013
Fra:451 Mem:867.09M (Peak 906.66M) | Time:00:02.16 | Mem:0.00M, Peak:0.00M | Scene, ViewLayer | Synchronizing object | Wall_stone_sill.060
Fra:451 Mem:867.11M (Peak 906.66M) | Time:00:02.16 | Mem:0.00M, Peak:0.00M | Scene, ViewLayer | Synchronizing object | End_wall_mullion.013
Fra:451 Mem:867.13M (Peak 906.66M) | Time:00:02.16 | Mem:0.00M, Peak:0.00M | Scene, ViewLayer | Synchronizing object | Secondary_glazing_rib.022
Fra:451 Mem:867.21M (Peak 906.66M) | Time:00:02.16 | Mem:0.00M, Peak:0.00M | Scene, ViewLayer | Synchronizing object | Side_wall_glass.028
Fra:451 Mem:867.21M (Peak 906.66M) | Time:00:02.16 | Mem:0.00M, Peak:0.00M | Scene, ViewLayer | Synchronizing object | Curved_roof_glazing.348
Fra:451 Mem:867.21M (Peak 906.66M) | Time:00:02.16 | Mem:0.00M, Peak:0.00M | Scene, ViewLayer | Synchronizing object | Curved_roof_glazing.265
Fra:451 Mem:867.24M (Peak 906.66M) | Time:00:02.16 | Mem:0.00M, Peak:0.00M | Scene, ViewLayer | Synchronizing object | Wall_transom.012
Fra:451 Mem:867.23M (Peak 906.66M) | Time:00:02.16 | Mem:0.00M, Peak:0.00M | Scene, ViewLayer | Synchronizing object | End_wall_mullion.016
Fra:451 Mem:867.29M (Peak 906.66M) | Time:00:02.16 | Mem:0.00M, Peak:0.00M | Scene, ViewLayer | Synchronizing object | Ridge_vent_stanchion.004
Fra:451 Mem:867.28M (Peak 906.66M) | Time:00:02.16 | Mem:0.00M, Peak:0.00M | Scene, ViewLayer | Synchronizing object | Wall_transom.112
Fra:451 Mem:867.29M (Peak 906.66M) | Time:00:02.16 | Mem:0.00M, Peak:0.00M | Scene, ViewLayer | Synchronizing object | Curved_roof_glazing.214
Fra:451 Mem:867.32M (Peak 906.66M) | Time:00:02.16 | Mem:0.00M, Peak:0.00M | Scene, ViewLayer | Synchronizing object | End_wall_mullion.001
Fra:451 Mem:867.34M (Peak 906.66M) | Time:00:02.16 | Mem:0.00M, Peak:0.00M | Scene, ViewLayer | Synchronizing object | Side_wall_glass.055
Fra:451 Mem:867.34M (Peak 906.66M) | Time:00:02.16 | Mem:0.00M, Peak:0.00M | Scene, ViewLayer | Synchronizing object | Curved_roof_glazing.371
Fra:451 Mem:867.34M (Peak 906.66M) | Time:00:02.16 | Mem:0.00M, Peak:0.00M | Scene, ViewLayer | Synchronizing object | Side_wall_glass.026
Fra:451 Mem:867.34M (Peak 906.66M) | Time:00:02.16 | Mem:0.00M, Peak:0.00M | Scene, ViewLayer | Synchronizing object | Hall_door_stile.001
Fra:451 Mem:867.35M (Peak 906.66M) | Time:00:02.16 | Mem:0.00M, Peak:0.00M | Scene, ViewLayer | Synchronizing object | Side_wall_glass.124
Fra:451 Mem:867.38M (Peak 906.66M) | Time:00:02.16 | Mem:0.00M, Peak:0.00M | Scene, ViewLayer | Synchronizing object | Side_wall_glass.029
Fra:451 Mem:867.37M (Peak 906.66M) | Time:00:02.16 | Mem:0.00M, Peak:0.00M | Scene, ViewLayer | Synchronizing object | Wall_glazing_mullion.041
Fra:451 Mem:867.40M (Peak 906.66M) | Time:00:02.16 | Mem:0.00M, Peak:0.00M | Scene, ViewLayer | Synchronizing object | Curved_roof_glazing.349
Fra:451 Mem:867.40M (Peak 906.66M) | Time:00:02.16 | Mem:0.00M, Peak:0.00M | Scene, ViewLayer | Synchronizing object | Side_wall_glass.086
Fra:451 Mem:867.41M (Peak 906.66M) | Time:00:02.16 | Mem:0.00M, Peak:0.00M | Scene, ViewLayer | Synchronizing object | Column_base_plinth.010
Fra:451 Mem:867.41M (Peak 906.66M) | Time:00:02.16 | Mem:0.00M, Peak:0.00M | Scene, ViewLayer | Synchronizing object | Side_wall_glass.040
Fra:451 Mem:867.44M (Peak 906.66M) | Time:00:02.16 | Mem:0.00M, Peak:0.00M | Scene, ViewLayer | Synchronizing object | Curved_roof_glazing.266
Fra:451 Mem:867.43M (Peak 906.66M) | Time:00:02.16 | Mem:0.00M, Peak:0.00M | Scene, ViewLayer | Synchronizing object | Platform_portal_jamb
Fra:451 Mem:867.46M (Peak 906.66M) | Time:00:02.16 | Mem:0.00M, Peak:0.00M | Scene, ViewLayer | Synchronizing object | Wall_stone_sill.030
Fra:451 Mem:867.48M (Peak 906.66M) | Time:00:02.16 | Mem:0.00M, Peak:0.00M | Scene, ViewLayer | Synchronizing object | Side_wall_glass.003
Fra:451 Mem:867.48M (Peak 906.66M) | Time:00:02.16 | Mem:0.00M, Peak:0.00M | Scene, ViewLayer | Synchronizing object | Curved_roof_glazing.215
Fra:451 Mem:867.49M (Peak 906.66M) | Time:00:02.16 | Mem:0.00M, Peak:0.00M | Scene, ViewLayer | Synchronizing object | End_wall_sill.006
Fra:451 Mem:867.51M (Peak 906.66M) | Time:00:02.16 | Mem:0.00M, Peak:0.00M | Scene, ViewLayer | Synchronizing object | Side_wall_glass.022
Fra:451 Mem:867.50M (Peak 906.66M) | Time:00:02.16 | Mem:0.00M, Peak:0.00M | Scene, ViewLayer | Synchronizing object | Side_wall_glass.081
Fra:451 Mem:867.51M (Peak 906.66M) | Time:00:02.16 | Mem:0.00M, Peak:0.00M | Scene, ViewLayer | Synchronizing object | Curved_roof_glazing.020
Fra:451 Mem:867.52M (Peak 906.66M) | Time:00:02.16 | Mem:0.00M, Peak:0.00M | Scene, ViewLayer | Synchronizing object | Curved_roof_glazing.036
Fra:451 Mem:867.52M (Peak 906.66M) | Time:00:02.16 | Mem:0.00M, Peak:0.00M | Scene, ViewLayer | Synchronizing object | Curved_roof_glazing.100
Fra:451 Mem:867.52M (Peak 906.66M) | Time:00:02.16 | Mem:0.00M, Peak:0.00M | Scene, ViewLayer | Synchronizing object | End_elevation_crossbar.001
Fra:451 Mem:867.53M (Peak 906.66M) | Time:00:02.16 | Mem:0.00M, Peak:0.00M | Scene, ViewLayer | Synchronizing object | Wall_transom.099
Fra:451 Mem:867.59M (Peak 906.66M) | Time:00:02.16 | Mem:0.00M, Peak:0.00M | Scene, ViewLayer | Synchronizing object | End_wall_glazing
Fra:451 Mem:867.57M (Peak 906.66M) | Time:00:02.16 | Mem:0.00M, Peak:0.00M | Scene, ViewLayer | Synchronizing object | Wall_transom.103
Fra:451 Mem:867.57M (Peak 906.66M) | Time:00:02.16 | Mem:0.00M, Peak:0.00M | Scene, ViewLayer | Synchronizing object | Wall_glazing_mullion.044
Fra:451 Mem:867.64M (Peak 906.66M) | Time:00:02.16 | Mem:0.00M, Peak:0.00M | Scene, ViewLayer | Synchronizing object | Curved_roof_glazing.350
Fra:451 Mem:867.62M (Peak 906.66M) | Time:00:02.16 | Mem:0.00M, Peak:0.00M | Scene, ViewLayer | Synchronizing object | Longitudinal_roof_purlin.012
Fra:451 Mem:867.63M (Peak 906.66M) | Time:00:02.16 | Mem:0.00M, Peak:0.00M | Scene, ViewLayer | Synchronizing object | Side_wall_glass.041
Fra:451 Mem:867.66M (Peak 906.66M) | Time:00:02.16 | Mem:0.00M, Peak:0.00M | Scene, ViewLayer | Synchronizing object | Wall_stone_sill.012
Fra:451 Mem:867.68M (Peak 906.66M) | Time:00:02.16 | Mem:0.00M, Peak:0.00M | Scene, ViewLayer | Synchronizing object | Curved_roof_glazing.267
Fra:451 Mem:867.70M (Peak 906.66M) | Time:00:02.16 | Mem:0.00M, Peak:0.00M | Scene, ViewLayer | Synchronizing object | Side_wall_glass.060
Fra:451 Mem:867.68M (Peak 906.66M) | Time:00:02.16 | Mem:0.00M, Peak:0.00M | Scene, ViewLayer | Synchronizing object | Ridge_vent_stanchion.005
Fra:451 Mem:867.68M (Peak 906.66M) | Time:00:02.16 | Mem:0.00M, Peak:0.00M | Scene, ViewLayer | Synchronizing object | Side_wall_glass.002
Fra:451 Mem:867.68M (Peak 906.66M) | Time:00:02.16 | Mem:0.00M, Peak:0.00M | Scene, ViewLayer | Synchronizing object | Side_wall_glass.099
Fra:451 Mem:867.68M (Peak 906.66M) | Time:00:02.16 | Mem:0.00M, Peak:0.00M | Scene, ViewLayer | Synchronizing object | Side_wall_glass.123
Fra:451 Mem:867.68M (Peak 906.66M) | Time:00:02.16 | Mem:0.00M, Peak:0.00M | Scene, ViewLayer | Synchronizing object | Wall_transom.051
Fra:451 Mem:867.69M (Peak 906.66M) | Time:00:02.16 | Mem:0.00M, Peak:0.00M | Scene, ViewLayer | Synchronizing object | Curved_roof_glazing.216
Fra:451 Mem:867.72M (Peak 906.66M) | Time:00:02.16 | Mem:0.00M, Peak:0.00M | Scene, ViewLayer | Synchronizing object | End_wall_glazing.007
Fra:451 Mem:867.72M (Peak 906.66M) | Time:00:02.16 | Mem:0.00M, Peak:0.00M | Scene, ViewLayer | Synchronizing object | Curved_roof_glazing.021
Fra:451 Mem:867.72M (Peak 906.66M) | Time:00:02.16 | Mem:0.00M, Peak:0.00M | Scene, ViewLayer | Synchronizing object | Curved_roof_glazing.037
Fra:451 Mem:867.72M (Peak 906.66M) | Time:00:02.16 | Mem:0.00M, Peak:0.00M | Scene, ViewLayer | Synchronizing object | Curved_roof_glazing.101
Fra:451 Mem:867.72M (Peak 906.66M) | Time:00:02.16 | Mem:0.00M, Peak:0.00M | Scene, ViewLayer | Synchronizing object | Side_wall_glass.042
Fra:451 Mem:869.49M (Peak 906.66M) | Time:00:02.16 | Mem:0.00M, Peak:0.00M | Scene, ViewLayer | Synchronizing object | Wall_transom.010
Fra:451 Mem:869.52M (Peak 906.66M) | Time:00:02.16 | Mem:0.00M, Peak:0.00M | Scene, ViewLayer | Synchronizing object | Wall_stone_sill.029
Fra:451 Mem:869.53M (Peak 906.66M) | Time:00:02.16 | Mem:0.00M, Peak:0.00M | Scene, ViewLayer | Synchronizing object | Wall_stone_sill.015
Fra:451 Mem:869.57M (Peak 906.66M) | Time:00:02.16 | Mem:0.00M, Peak:0.00M | Scene, ViewLayer | Synchronizing object | Wall_stone_sill.025
Fra:451 Mem:869.60M (Peak 906.66M) | Time:00:02.16 | Mem:0.00M, Peak:0.00M | Scene, ViewLayer | Synchronizing object | Curved_roof_glazing.351
Fra:451 Mem:869.59M (Peak 906.66M) | Time:00:02.16 | Mem:0.00M, Peak:0.00M | Scene, ViewLayer | Synchronizing object | Side_wall_glass.087
Fra:451 Mem:869.60M (Peak 906.66M) | Time:00:02.16 | Mem:0.00M, Peak:0.00M | Scene, ViewLayer | Synchronizing object | Column_base_plinth.008
Fra:451 Mem:869.60M (Peak 906.66M) | Time:00:02.16 | Mem:0.00M, Peak:0.00M | Scene, ViewLayer | Synchronizing object | Curved_roof_glazing.268
Fra:451 Mem:869.64M (Peak 906.66M) | Time:00:02.16 | Mem:0.00M, Peak:0.00M | Scene, ViewLayer | Synchronizing object | Wall_transom.018
Fra:451 Mem:869.65M (Peak 906.66M) | Time:00:02.16 | Mem:0.00M, Peak:0.00M | Scene, ViewLayer | Synchronizing object | Wall_transom.132
Fra:451 Mem:869.68M (Peak 906.66M) | Time:00:02.16 | Mem:0.00M, Peak:0.00M | Scene, ViewLayer | Synchronizing object | Curved_roof_glazing.217
Fra:451 Mem:869.68M (Peak 906.66M) | Time:00:02.16 | Mem:0.00M, Peak:0.00M | Scene, ViewLayer | Synchronizing object | Side_wall_glass.023
Fra:451 Mem:869.68M (Peak 906.66M) | Time:00:02.16 | Mem:0.00M, Peak:0.00M | Scene, ViewLayer | Synchronizing object | Curved_roof_glazing.022
Fra:451 Mem:874.93M (Peak 906.66M) | Time:00:02.16 | Mem:0.00M, Peak:0.00M | Scene, ViewLayer | Synchronizing object | Curved_roof_glazing.038
Fra:451 Mem:874.93M (Peak 906.66M) | Time:00:02.16 | Mem:0.00M, Peak:0.00M | Scene, ViewLayer | Synchronizing object | Curved_roof_glazing.102
Fra:451 Mem:874.94M (Peak 906.66M) | Time:00:02.16 | Mem:0.00M, Peak:0.00M | Scene, ViewLayer | Synchronizing object | End_wall_sill.016
Fra:451 Mem:874.94M (Peak 906.66M) | Time:00:02.16 | Mem:0.00M, Peak:0.00M | Scene, ViewLayer | Synchronizing object | Hall_door_kickpanel
Fra:451 Mem:874.99M (Peak 906.66M) | Time:00:02.16 | Mem:0.00M, Peak:0.00M | Scene, ViewLayer | Synchronizing object | Side_wall_glass.043
Fra:451 Mem:874.99M (Peak 906.66M) | Time:00:02.16 | Mem:0.00M, Peak:0.00M | Scene, ViewLayer | Synchronizing object | Wall_transom.054
Fra:451 Mem:875.00M (Peak 906.66M) | Time:00:02.16 | Mem:0.00M, Peak:0.00M | Scene, ViewLayer | Synchronizing object | Side_wall_glass.058
Fra:451 Mem:875.03M (Peak 906.66M) | Time:00:02.16 | Mem:0.00M, Peak:0.00M | Scene, ViewLayer | Synchronizing object | Side_wall_glass.125
Fra:451 Mem:875.03M (Peak 906.66M) | Time:00:02.16 | Mem:0.00M, Peak:0.00M | Scene, ViewLayer | Synchronizing object | Curved_roof_glazing.352
Fra:451 Mem:875.03M (Peak 906.66M) | Time:00:02.16 | Mem:0.00M, Peak:0.00M | Scene, ViewLayer | Synchronizing object | Curved_roof_glazing.001
Fra:451 Mem:875.03M (Peak 906.66M) | Time:00:02.16 | Mem:0.00M, Peak:0.00M | Scene, ViewLayer | Synchronizing object | Wall_transom.026
Fra:451 Mem:875.06M (Peak 906.66M) | Time:00:02.16 | Mem:0.00M, Peak:0.00M | Scene, ViewLayer | Synchronizing object | Wall_transom.036
Fra:451 Mem:875.09M (Peak 906.66M) | Time:00:02.16 | Mem:0.00M, Peak:0.00M | Scene, ViewLayer | Synchronizing object | Wall_transom.175
Fra:451 Mem:875.10M (Peak 906.66M) | Time:00:02.16 | Mem:0.00M, Peak:0.00M | Scene, ViewLayer | Synchronizing object | Wall_transom.187
Fra:451 Mem:875.15M (Peak 906.66M) | Time:00:02.16 | Mem:0.00M, Peak:0.00M | Scene, ViewLayer | Synchronizing object | Curved_roof_glazing.269
Fra:451 Mem:875.13M (Peak 906.66M) | Time:00:02.16 | Mem:0.00M, Peak:0.00M | Scene, ViewLayer | Synchronizing object | Ridge_vent_stanchion.006
Fra:451 Mem:875.13M (Peak 906.66M) | Time:00:02.16 | Mem:0.00M, Peak:0.00M | Scene, ViewLayer | Synchronizing object | Curved_roof_glazing.218
Fra:451 Mem:875.14M (Peak 906.66M) | Time:00:02.16 | Mem:0.00M, Peak:0.00M | Scene, ViewLayer | Synchronizing object | Wall_stone_sill.028
Fra:451 Mem:875.14M (Peak 906.66M) | Time:00:02.16 | Mem:0.00M, Peak:0.00M | Scene, ViewLayer | Synchronizing object | Curved_roof_glazing.023
Fra:451 Mem:875.17M (Peak 906.66M) | Time:00:02.16 | Mem:0.00M, Peak:0.00M | Scene, ViewLayer | Synchronizing object | Curved_roof_glazing.039
Fra:451 Mem:875.17M (Peak 906.66M) | Time:00:02.16 | Mem:0.00M, Peak:0.00M | Scene, ViewLayer | Synchronizing object | Curved_roof_glazing.103
Fra:451 Mem:875.18M (Peak 906.66M) | Time:00:02.16 | Mem:0.00M, Peak:0.00M | Scene, ViewLayer | Synchronizing object | End_wall_glazing.010
Fra:451 Mem:875.18M (Peak 906.66M) | Time:00:02.16 | Mem:0.00M, Peak:0.00M | Scene, ViewLayer | Synchronizing object | Wall_transom.116
Fra:451 Mem:875.20M (Peak 906.66M) | Time:00:02.16 | Mem:0.00M, Peak:0.00M | Scene, ViewLayer | Synchronizing object | Wall_glazing_mullion.024
Fra:451 Mem:875.23M (Peak 906.66M) | Time:00:02.16 | Mem:0.00M, Peak:0.00M | Scene, ViewLayer | Synchronizing object | Curved_roof_glazing.196
Fra:451 Mem:875.23M (Peak 906.66M) | Time:00:02.16 | Mem:0.00M, Peak:0.00M | Scene, ViewLayer | Synchronizing object | Primary_elliptical_arch.008
Fra:451 Mem:875.23M (Peak 906.66M) | Time:00:02.16 | Mem:0.00M, Peak:0.00M | Scene, ViewLayer | Synchronizing object | Side_wall_glass.072
Fra:451 Mem:875.27M (Peak 906.66M) | Time:00:02.16 | Mem:0.00M, Peak:0.00M | Scene, ViewLayer | Synchronizing object | Wall_transom.136
Fra:451 Mem:875.39M (Peak 906.66M) | Time:00:02.16 | Mem:0.00M, Peak:0.00M | Scene, ViewLayer | Synchronizing object | Curved_roof_glazing.004
Fra:451 Mem:875.40M (Peak 906.66M) | Time:00:02.16 | Mem:0.00M, Peak:0.00M | Scene, ViewLayer | Synchronizing object | Curved_roof_glazing.353
Fra:451 Mem:875.41M (Peak 906.66M) | Time:00:02.16 | Mem:0.00M, Peak:0.00M | Scene, ViewLayer | Synchronizing object | Curved_roof_glazing
Fra:451 Mem:875.40M (Peak 906.66M) | Time:00:02.16 | Mem:0.00M, Peak:0.00M | Scene, ViewLayer | Synchronizing object | Side_wall_glass.024
Fra:451 Mem:875.40M (Peak 906.66M) | Time:00:02.16 | Mem:0.00M, Peak:0.00M | Scene, ViewLayer | Synchronizing object | Curved_roof_glazing.270
Fra:451 Mem:875.40M (Peak 906.66M) | Time:00:02.16 | Mem:0.00M, Peak:0.00M | Scene, ViewLayer | Synchronizing object | Side_wall_glass.061
Fra:451 Mem:875.40M (Peak 906.66M) | Time:00:02.16 | Mem:0.00M, Peak:0.00M | Scene, ViewLayer | Synchronizing object | Wall_transom.013
Fra:451 Mem:875.41M (Peak 906.66M) | Time:00:02.16 | Mem:0.00M, Peak:0.00M | Scene, ViewLayer | Synchronizing object | Wall_transom.068
Fra:451 Mem:875.48M (Peak 906.66M) | Time:00:02.16 | Mem:0.00M, Peak:0.00M | Scene, ViewLayer | Synchronizing object | End_wall_sill.014
Fra:451 Mem:875.45M (Peak 906.66M) | Time:00:02.16 | Mem:0.00M, Peak:0.00M | Scene, ViewLayer | Synchronizing object | Wall_transom.113
Fra:451 Mem:875.50M (Peak 906.66M) | Time:00:02.16 | Mem:0.00M, Peak:0.00M | Scene, ViewLayer | Synchronizing object | Wall_transom.081
Fra:451 Mem:875.50M (Peak 906.66M) | Time:00:02.16 | Mem:0.00M, Peak:0.00M | Scene, ViewLayer | Synchronizing object | Curved_roof_glazing.219
Fra:451 Mem:875.53M (Peak 906.66M) | Time:00:02.16 | Mem:0.00M, Peak:0.00M | Scene, ViewLayer | Synchronizing object | End_wall_sill.001
Fra:451 Mem:875.56M (Peak 906.66M) | Time:00:02.16 | Mem:0.00M, Peak:0.00M | Scene, ViewLayer | Synchronizing object | Side_wall_glass.056
Fra:451 Mem:875.55M (Peak 906.66M) | Time:00:02.16 | Mem:0.00M, Peak:0.00M | Scene, ViewLayer | Synchronizing object | Curved_roof_glazing.024
Fra:451 Mem:875.55M (Peak 906.66M) | Time:00:02.16 | Mem:0.00M, Peak:0.00M | Scene, ViewLayer | Synchronizing object | Curved_roof_glazing.040
Fra:451 Mem:875.56M (Peak 906.66M) | Time:00:02.16 | Mem:0.00M, Peak:0.00M | Scene, ViewLayer | Synchronizing object | Wall_glazing_mullion.025
Fra:451 Mem:875.56M (Peak 906.66M) | Time:00:02.16 | Mem:0.00M, Peak:0.00M | Scene, ViewLayer | Synchronizing object | Curved_roof_glazing.104
Fra:451 Mem:875.60M (Peak 906.66M) | Time:00:02.16 | Mem:0.00M, Peak:0.00M | Scene, ViewLayer | Synchronizing object | Wall_transom.154
Fra:451 Mem:875.62M (Peak 906.66M) | Time:00:02.16 | Mem:0.00M, Peak:0.00M | Scene, ViewLayer | Synchronizing object | Curved_roof_glazing.197
Fra:451 Mem:875.63M (Peak 906.66M) | Time:00:02.16 | Mem:0.00M, Peak:0.00M | Scene, ViewLayer | Synchronizing object | Side_wall_glass.092
Fra:451 Mem:875.62M (Peak 906.66M) | Time:00:02.16 | Mem:0.00M, Peak:0.00M | Scene, ViewLayer | Synchronizing object | Wall_transom.140
Fra:451 Mem:875.63M (Peak 906.66M) | Time:00:02.16 | Mem:0.00M, Peak:0.00M | Scene, ViewLayer | Synchronizing object | Column_capital.006
Fra:451 Mem:875.69M (Peak 906.66M) | Time:00:02.16 | Mem:0.00M, Peak:0.00M | Scene, ViewLayer | Synchronizing object | Curved_roof_glazing.005
Fra:451 Mem:875.67M (Peak 906.66M) | Time:00:02.16 | Mem:0.00M, Peak:0.00M | Scene, ViewLayer | Synchronizing object | Hall_door_rail
Fra:451 Mem:875.68M (Peak 906.66M) | Time:00:02.16 | Mem:0.00M, Peak:0.00M | Scene, ViewLayer | Synchronizing object | Curved_roof_glazing.354
Fra:451 Mem:875.71M (Peak 906.66M) | Time:00:02.16 | Mem:0.00M, Peak:0.00M | Scene, ViewLayer | Synchronizing object | Column_capital.010
Fra:451 Mem:875.73M (Peak 906.66M) | Time:00:02.16 | Mem:0.00M, Peak:0.00M | Scene, ViewLayer | Synchronizing object | Side_wall_glass.025
Fra:451 Mem:875.75M (Peak 906.66M) | Time:00:02.16 | Mem:0.00M, Peak:0.00M | Scene, ViewLayer | Synchronizing object | Curved_roof_glazing.271
Fra:451 Mem:875.73M (Peak 906.66M) | Time:00:02.16 | Mem:0.00M, Peak:0.00M | Scene, ViewLayer | Synchronizing object | Platform_portal_jamb.001
Fra:451 Mem:875.74M (Peak 906.66M) | Time:00:02.16 | Mem:0.00M, Peak:0.00M | Scene, ViewLayer | Synchronizing object | Ridge_vent_stanchion.007
Fra:451 Mem:875.77M (Peak 906.66M) | Time:00:02.16 | Mem:0.00M, Peak:0.00M | Scene, ViewLayer | Synchronizing object | Curved_roof_glazing.220
Fra:451 Mem:875.77M (Peak 906.66M) | Time:00:02.16 | Mem:0.00M, Peak:0.00M | Scene, ViewLayer | Synchronizing object | End_wall_glazing.002
Fra:451 Mem:875.77M (Peak 906.66M) | Time:00:02.16 | Mem:0.00M, Peak:0.00M | Scene, ViewLayer | Synchronizing object | Wall_transom.120
Fra:451 Mem:875.80M (Peak 906.66M) | Time:00:02.16 | Mem:0.00M, Peak:0.00M | Scene, ViewLayer | Synchronizing object | Column_capital.017
Fra:451 Mem:875.82M (Peak 906.66M) | Time:00:02.16 | Mem:0.00M, Peak:0.00M | Scene, ViewLayer | Synchronizing object | Curved_roof_glazing.025
Fra:451 Mem:875.82M (Peak 906.66M) | Time:00:02.16 | Mem:0.00M, Peak:0.00M | Scene, ViewLayer | Synchronizing object | Curved_roof_glazing.041
Fra:451 Mem:875.82M (Peak 906.66M) | Time:00:02.16 | Mem:0.00M, Peak:0.00M | Scene, ViewLayer | Synchronizing object | Curved_roof_glazing.105
Fra:451 Mem:875.82M (Peak 906.66M) | Time:00:02.16 | Mem:0.00M, Peak:0.00M | Scene, ViewLayer | Synchronizing object | End_wall_glazing.019
Fra:451 Mem:875.82M (Peak 906.66M) | Time:00:02.16 | Mem:0.00M, Peak:0.00M | Scene, ViewLayer | Synchronizing object | Wall_transom.100
Fra:451 Mem:875.83M (Peak 906.66M) | Time:00:02.16 | Mem:0.00M, Peak:0.00M | Scene, ViewLayer | Synchronizing object | Secondary_glazing_rib.014
Fra:451 Mem:875.93M (Peak 906.66M) | Time:00:02.16 | Mem:0.00M, Peak:0.00M | Scene, ViewLayer | Synchronizing object | Curved_roof_glazing.198
Fra:451 Mem:875.95M (Peak 906.66M) | Time:00:02.16 | Mem:0.00M, Peak:0.00M | Scene, ViewLayer | Synchronizing object | Curved_roof_glazing.006
Fra:451 Mem:875.95M (Peak 906.66M) | Time:00:02.16 | Mem:0.00M, Peak:0.00M | Scene, ViewLayer | Synchronizing object | Curved_roof_glazing.355
Fra:451 Mem:875.95M (Peak 906.66M) | Time:00:02.16 | Mem:0.00M, Peak:0.00M | Scene, ViewLayer | Synchronizing object | Portal_transom_mullion.002
Fra:451 Mem:876.00M (Peak 906.66M) | Time:00:02.16 | Mem:0.00M, Peak:0.00M | Scene, ViewLayer | Synchronizing object | Wall_transom.060
Fra:451 Mem:876.00M (Peak 906.66M) | Time:00:02.16 | Mem:0.00M, Peak:0.00M | Scene, ViewLayer | Synchronizing object | Curved_roof_glazing.002
Fra:451 Mem:876.05M (Peak 906.66M) | Time:00:02.16 | Mem:0.00M, Peak:0.00M | Scene, ViewLayer | Synchronizing object | Side_wall_glass.121
Fra:451 Mem:876.04M (Peak 906.66M) | Time:00:02.16 | Mem:0.00M, Peak:0.00M | Scene, ViewLayer | Synchronizing object | Curved_roof_glazing.272
Fra:451 Mem:876.04M (Peak 906.66M) | Time:00:02.16 | Mem:0.00M, Peak:0.00M | Scene, ViewLayer | Synchronizing object | Wall_transom.003
Fra:451 Mem:876.07M (Peak 906.66M) | Time:00:02.16 | Mem:0.00M, Peak:0.00M | Scene, ViewLayer | Synchronizing object | Wall_transom.052
Fra:451 Mem:876.09M (Peak 906.66M) | Time:00:02.16 | Mem:0.00M, Peak:0.00M | Scene, ViewLayer | Synchronizing object | End_wall_glazing.017
Fra:451 Mem:876.10M (Peak 906.66M) | Time:00:02.16 | Mem:0.00M, Peak:0.00M | Scene, ViewLayer | Synchronizing object | Wall_transom.145
Fra:451 Mem:876.10M (Peak 906.66M) | Time:00:02.16 | Mem:0.00M, Peak:0.00M | Scene, ViewLayer | Synchronizing object | Wall_transom.181
Fra:451 Mem:876.14M (Peak 906.66M) | Time:00:02.16 | Mem:0.00M, Peak:0.00M | Scene, ViewLayer | Synchronizing object | Curved_roof_glazing.221
Fra:451 Mem:876.14M (Peak 906.66M) | Time:00:02.16 | Mem:0.00M, Peak:0.00M | Scene, ViewLayer | Synchronizing object | End_wall_mullion.007
Fra:451 Mem:876.17M (Peak 906.66M) | Time:00:02.16 | Mem:0.00M, Peak:0.00M | Scene, ViewLayer | Synchronizing object | Curved_roof_glazing.026
Fra:451 Mem:876.18M (Peak 906.66M) | Time:00:02.16 | Mem:0.00M, Peak:0.00M | Scene, ViewLayer | Synchronizing object | Curved_roof_glazing.042
Fra:451 Mem:876.18M (Peak 906.66M) | Time:00:02.16 | Mem:0.00M, Peak:0.00M | Scene, ViewLayer | Synchronizing object | Curved_roof_glazing.106
Fra:451 Mem:876.21M (Peak 906.66M) | Time:00:02.16 | Mem:0.00M, Peak:0.00M | Scene, ViewLayer | Synchronizing object | Wall_glazing_mullion.042
Fra:451 Mem:876.18M (Peak 906.66M) | Time:00:02.16 | Mem:0.00M, Peak:0.00M | Scene, ViewLayer | Synchronizing object | Wall_transom.011
Fra:451 Mem:876.24M (Peak 906.66M) | Time:00:02.16 | Mem:0.00M, Peak:0.00M | Scene, ViewLayer | Synchronizing object | End_wall_mullion
Fra:451 Mem:876.23M (Peak 906.66M) | Time:00:02.16 | Mem:0.00M, Peak:0.00M | Scene, ViewLayer | Synchronizing object | Side_wall_glass.073
Fra:451 Mem:876.27M (Peak 906.66M) | Time:00:02.16 | Mem:0.00M, Peak:0.00M | Scene, ViewLayer | Synchronizing object | Wall_stone_sill.049
Fra:451 Mem:876.28M (Peak 906.66M) | Time:00:02.16 | Mem:0.00M, Peak:0.00M | Scene, ViewLayer | Synchronizing object | Load_column.016
Fra:451 Mem:876.31M (Peak 906.66M) | Time:00:02.16 | Mem:0.00M, Peak:0.00M | Scene, ViewLayer | Synchronizing object | Curved_roof_glazing.199
Fra:451 Mem:876.29M (Peak 906.66M) | Time:00:02.16 | Mem:0.00M, Peak:0.00M | Scene, ViewLayer | Synchronizing object | Load_column.007
Fra:451 Mem:876.29M (Peak 906.66M) | Time:00:02.16 | Mem:0.00M, Peak:0.00M | Scene, ViewLayer | Synchronizing object | Curved_roof_glazing.007
Fra:451 Mem:876.29M (Peak 906.66M) | Time:00:02.16 | Mem:0.00M, Peak:0.00M | Scene, ViewLayer | Synchronizing object | End_wall_sill.002
Fra:451 Mem:876.30M (Peak 906.66M) | Time:00:02.16 | Mem:0.00M, Peak:0.00M | Scene, ViewLayer | Synchronizing object | Platform_canopy_beam.003
Fra:451 Mem:876.37M (Peak 906.66M) | Time:00:02.16 | Mem:0.00M, Peak:0.00M | Scene, ViewLayer | Synchronizing object | Platform_canopy_beam.001
Fra:451 Mem:876.35M (Peak 906.66M) | Time:00:02.16 | Mem:0.00M, Peak:0.00M | Scene, ViewLayer | Synchronizing object | Platform_canopy_beam.002
Fra:451 Mem:876.42M (Peak 906.66M) | Time:00:02.16 | Mem:0.00M, Peak:0.00M | Scene, ViewLayer | Synchronizing object | Canopy_edge_fascia
Fra:451 Mem:876.40M (Peak 906.66M) | Time:00:02.16 | Mem:0.00M, Peak:0.00M | Scene, ViewLayer | Synchronizing object | Platform_canopy_beam.008
Fra:451 Mem:876.44M (Peak 906.66M) | Time:00:02.16 | Mem:0.00M, Peak:0.00M | Scene, ViewLayer | Synchronizing object | Platform_canopy_beam.004
Fra:451 Mem:877.37M (Peak 906.66M) | Time:00:02.16 | Mem:0.00M, Peak:0.00M | Scene, ViewLayer | Synchronizing object | Platform_canopy_beam.005
Fra:451 Mem:877.37M (Peak 906.66M) | Time:00:02.16 | Mem:0.00M, Peak:0.00M | Scene, ViewLayer | Synchronizing object | Platform_canopy_beam.007
Fra:451 Mem:877.42M (Peak 906.66M) | Time:00:02.16 | Mem:0.00M, Peak:0.00M | Scene, ViewLayer | Synchronizing object | Platform_canopy_glass.001
Fra:451 Mem:877.42M (Peak 906.66M) | Time:00:02.16 | Mem:0.00M, Peak:0.00M | Scene, ViewLayer | Synchronizing object | Platform_canopy_beam
Fra:451 Mem:877.43M (Peak 906.66M) | Time:00:02.16 | Mem:0.00M, Peak:0.00M | Scene, ViewLayer | Synchronizing object | Canopy_tension_brace.007
Fra:451 Mem:877.45M (Peak 906.66M) | Time:00:02.16 | Mem:0.00M, Peak:0.00M | Scene, ViewLayer | Synchronizing object | Canopy_tension_brace.005
Fra:451 Mem:877.46M (Peak 906.66M) | Time:00:02.16 | Mem:0.00M, Peak:0.00M | Scene, ViewLayer | Synchronizing object | Canopy_tension_brace.003
Fra:451 Mem:877.48M (Peak 906.66M) | Time:00:02.16 | Mem:0.00M, Peak:0.00M | Scene, ViewLayer | Synchronizing object | Canopy_tension_brace.004
Fra:451 Mem:877.47M (Peak 906.66M) | Time:00:02.16 | Mem:0.00M, Peak:0.00M | Scene, ViewLayer | Synchronizing object | Canopy_tension_brace.006
Fra:451 Mem:877.48M (Peak 906.66M) | Time:00:02.16 | Mem:0.00M, Peak:0.00M | Scene, ViewLayer | Synchronizing object | Canopy_tension_brace.001
Fra:451 Mem:877.48M (Peak 906.66M) | Time:00:02.16 | Mem:0.00M, Peak:0.00M | Scene, ViewLayer | Synchronizing object | Canopy_tension_brace.002
Fra:451 Mem:877.49M (Peak 906.66M) | Time:00:02.16 | Mem:0.00M, Peak:0.00M | Scene, ViewLayer | Synchronizing object | Platform_canopy_glass.003
Fra:451 Mem:877.49M (Peak 906.66M) | Time:00:02.16 | Mem:0.00M, Peak:0.00M | Scene, ViewLayer | Synchronizing object | Canopy_tension_brace.008
Fra:451 Mem:877.50M (Peak 906.66M) | Time:00:02.16 | Mem:0.00M, Peak:0.00M | Scene, ViewLayer | Synchronizing object | Canopy_tension_brace
Fra:451 Mem:877.50M (Peak 906.66M) | Time:00:02.16 | Mem:0.00M, Peak:0.00M | Scene, ViewLayer | Synchronizing object | Platform_canopy_glass.002
Fra:451 Mem:877.51M (Peak 906.66M) | Time:00:02.16 | Mem:0.00M, Peak:0.00M | Scene, ViewLayer | Synchronizing object | Platform_canopy_glass
Fra:451 Mem:877.51M (Peak 906.66M) | Time:00:02.16 | Mem:0.00M, Peak:0.00M | Scene, ViewLayer | Synchronizing object | Waiting_bench_support.001
Fra:451 Mem:877.52M (Peak 906.66M) | Time:00:02.16 | Mem:0.00M, Peak:0.00M | Scene, ViewLayer | Synchronizing object | Waiting_bench_support.002
Fra:451 Mem:877.55M (Peak 906.66M) | Time:00:02.16 | Mem:0.00M, Peak:0.00M | Scene, ViewLayer | Synchronizing object | Waiting_bench_support.006
Fra:451 Mem:878.47M (Peak 906.66M) | Time:00:02.16 | Mem:0.00M, Peak:0.00M | Scene, ViewLayer | Synchronizing object | Waiting_bench_support.003
Fra:451 Mem:878.50M (Peak 906.66M) | Time:00:02.16 | Mem:0.00M, Peak:0.00M | Scene, ViewLayer | Synchronizing object | Waiting_bench_support.004
Fra:451 Mem:878.50M (Peak 906.66M) | Time:00:02.16 | Mem:0.00M, Peak:0.00M | Scene, ViewLayer | Synchronizing object | Waiting_bench_support.005
Fra:451 Mem:878.56M (Peak 906.66M) | Time:00:02.16 | Mem:0.00M, Peak:0.00M | Scene, ViewLayer | Synchronizing object | Waiting_bench_support.007
Fra:451 Mem:878.55M (Peak 906.66M) | Time:00:02.16 | Mem:0.00M, Peak:0.00M | Scene, ViewLayer | Synchronizing object | Waiting_bench_support
Fra:451 Mem:878.60M (Peak 906.66M) | Time:00:02.16 | Mem:0.00M, Peak:0.00M | Scene, ViewLayer | Synchronizing object | Plant_stem_proxy.028
Fra:451 Mem:878.59M (Peak 906.66M) | Time:00:02.16 | Mem:0.00M, Peak:0.00M | Scene, ViewLayer | Synchronizing object | Botanical_blade_proxy.026
Fra:451 Mem:878.59M (Peak 906.66M) | Time:00:02.16 | Mem:0.00M, Peak:0.00M | Scene, ViewLayer | Synchronizing object | Plant_stem_proxy.045
Fra:451 Mem:878.63M (Peak 906.66M) | Time:00:02.16 | Mem:0.00M, Peak:0.00M | Scene, ViewLayer | Synchronizing object | Botanical_blade_proxy.025
Fra:451 Mem:878.69M (Peak 906.66M) | Time:00:02.17 | Mem:0.00M, Peak:0.00M | Scene, ViewLayer | Synchronizing object | Botanical_blade_proxy.049
Fra:451 Mem:878.74M (Peak 906.66M) | Time:00:02.17 | Mem:0.00M, Peak:0.00M | Scene, ViewLayer | Synchronizing object | Plant_stem_proxy.025
Fra:451 Mem:878.74M (Peak 906.66M) | Time:00:02.17 | Mem:0.00M, Peak:0.00M | Scene, ViewLayer | Synchronizing object | Botanical_blade_proxy.004
Fra:451 Mem:878.79M (Peak 906.66M) | Time:00:02.17 | Mem:0.00M, Peak:0.00M | Scene, ViewLayer | Synchronizing object | Plant_stem_proxy.003
Fra:451 Mem:882.30M (Peak 906.66M) | Time:00:02.17 | Mem:0.00M, Peak:0.00M | Scene, ViewLayer | Synchronizing object | Botanical_blade_proxy.003
Fra:451 Mem:882.35M (Peak 906.66M) | Time:00:02.17 | Mem:0.00M, Peak:0.00M | Scene, ViewLayer | Synchronizing object | Plant_stem_proxy.002
Fra:451 Mem:882.35M (Peak 906.66M) | Time:00:02.17 | Mem:0.00M, Peak:0.00M | Scene, ViewLayer | Synchronizing object | Botanical_blade_proxy.028
Fra:451 Mem:882.41M (Peak 906.66M) | Time:00:02.17 | Mem:0.00M, Peak:0.00M | Scene, ViewLayer | Synchronizing object | Plant_stem_proxy.049
Fra:451 Mem:882.41M (Peak 906.66M) | Time:00:02.17 | Mem:0.00M, Peak:0.00M | Scene, ViewLayer | Synchronizing object | Plant_stem_proxy.046
Fra:451 Mem:882.43M (Peak 906.66M) | Time:00:02.17 | Mem:0.00M, Peak:0.00M | Scene, ViewLayer | Synchronizing object | Botanical_blade_proxy.027
Fra:451 Mem:882.43M (Peak 906.66M) | Time:00:02.17 | Mem:0.00M, Peak:0.00M | Scene, ViewLayer | Synchronizing object | Botanical_blade_proxy.029
Fra:451 Mem:882.54M (Peak 906.66M) | Time:00:02.17 | Mem:0.00M, Peak:0.00M | Scene, ViewLayer | Synchronizing object | Plant_stem_proxy.048
Fra:451 Mem:882.54M (Peak 906.66M) | Time:00:02.17 | Mem:0.00M, Peak:0.00M | Scene, ViewLayer | Synchronizing object | Plant_stem_proxy.004
Fra:451 Mem:882.54M (Peak 906.66M) | Time:00:02.17 | Mem:0.00M, Peak:0.00M | Scene, ViewLayer | Synchronizing object | Plant_stem_proxy.047
Fra:451 Mem:882.54M (Peak 906.66M) | Time:00:02.17 | Mem:0.00M, Peak:0.00M | Scene, ViewLayer | Synchronizing object | Plant_stem_proxy.027
Fra:451 Mem:882.55M (Peak 906.66M) | Time:00:02.17 | Mem:0.00M, Peak:0.00M | Scene, ViewLayer | Synchronizing object | Plant_stem_proxy.026
Fra:451 Mem:882.55M (Peak 906.66M) | Time:00:02.17 | Mem:0.00M, Peak:0.00M | Scene, ViewLayer | Synchronizing object | Plant_stem_proxy
Fra:451 Mem:882.55M (Peak 906.66M) | Time:00:02.17 | Mem:0.00M, Peak:0.00M | Scene, ViewLayer | Synchronizing object | Botanical_blade_proxy.048
Fra:451 Mem:882.55M (Peak 906.66M) | Time:00:02.17 | Mem:0.00M, Peak:0.00M | Scene, ViewLayer | Synchronizing object | Botanical_blade_proxy.047
Fra:451 Mem:882.66M (Peak 906.66M) | Time:00:02.17 | Mem:0.00M, Peak:0.00M | Scene, ViewLayer | Synchronizing object | Botanical_blade_proxy.046
Fra:451 Mem:882.66M (Peak 906.66M) | Time:00:02.17 | Mem:0.00M, Peak:0.00M | Scene, ViewLayer | Synchronizing object | Plant_stem_proxy.001
Fra:451 Mem:882.66M (Peak 906.66M) | Time:00:02.17 | Mem:0.00M, Peak:0.00M | Scene, ViewLayer | Synchronizing object | Botanical_blade_proxy.002
Fra:451 Mem:882.72M (Peak 906.66M) | Time:00:02.17 | Mem:0.00M, Peak:0.00M | Scene, ViewLayer | Synchronizing object | Botanical_blade_proxy.045
Fra:451 Mem:882.78M (Peak 906.66M) | Time:00:02.17 | Mem:0.00M, Peak:0.00M | Scene, ViewLayer | Synchronizing object | Botanical_blade_proxy.001
Fra:451 Mem:882.88M (Peak 906.66M) | Time:00:02.17 | Mem:0.00M, Peak:0.00M | Scene, ViewLayer | Synchronizing object | Plant_stem_proxy.029
Fra:451 Mem:882.88M (Peak 906.66M) | Time:00:02.17 | Mem:0.00M, Peak:0.00M | Scene, ViewLayer | Synchronizing object | Botanical_blade_proxy
Fra:451 Mem:882.90M (Peak 906.66M) | Time:00:02.17 | Mem:0.00M, Peak:0.00M | Scene, ViewLayer | Synchronizing object | Car_window_horizontal_frame.004
Fra:451 Mem:882.96M (Peak 906.66M) | Time:00:02.17 | Mem:0.00M, Peak:0.00M | Scene, ViewLayer | Synchronizing object | Car_window_pillar
Fra:451 Mem:882.99M (Peak 906.66M) | Time:00:02.17 | Mem:0.00M, Peak:0.00M | Scene, ViewLayer | Synchronizing object | Primary_suspension.007
Fra:451 Mem:882.99M (Peak 906.66M) | Time:00:02.17 | Mem:0.00M, Peak:0.00M | Scene, ViewLayer | Synchronizing object | Primary_suspension.004
Fra:451 Mem:882.99M (Peak 906.66M) | Time:00:02.17 | Mem:0.00M, Peak:0.00M | Scene, ViewLayer | Synchronizing object | Cab_upper_cheek.002
Fra:451 Mem:882.99M (Peak 906.66M) | Time:00:02.17 | Mem:0.00M, Peak:0.00M | Scene, ViewLayer | Synchronizing object | Car_window_horizontal_frame.033
Fra:451 Mem:883.00M (Peak 906.66M) | Time:00:02.17 | Mem:0.00M, Peak:0.00M | Scene, ViewLayer | Synchronizing object | Wheel_flange.001
Fra:451 Mem:883.03M (Peak 906.66M) | Time:00:02.17 | Mem:0.00M, Peak:0.00M | Scene, ViewLayer | Synchronizing object | Cab_cheek.002
Fra:451 Mem:883.04M (Peak 906.66M) | Time:00:02.17 | Mem:0.00M, Peak:0.00M | Scene, ViewLayer | Synchronizing object | Train_headlamp_housing.003
Fra:451 Mem:883.06M (Peak 906.66M) | Time:00:02.17 | Mem:0.00M, Peak:0.00M | Scene, ViewLayer | Synchronizing object | Car_side_window.006
Fra:451 Mem:883.04M (Peak 906.66M) | Time:00:02.17 | Mem:0.00M, Peak:0.00M | Scene, ViewLayer | Synchronizing object | Car_window_horizontal_frame.020
Fra:451 Mem:883.04M (Peak 906.66M) | Time:00:02.17 | Mem:0.00M, Peak:0.00M | Scene, ViewLayer | Synchronizing object | Car_curved_lower_shell.011
Fra:451 Mem:883.07M (Peak 906.66M) | Time:00:02.17 | Mem:0.00M, Peak:0.00M | Scene, ViewLayer | Synchronizing object | Car_window_horizontal_frame.015
Fra:451 Mem:883.10M (Peak 906.66M) | Time:00:02.17 | Mem:0.00M, Peak:0.00M | Scene, ViewLayer | Synchronizing object | Car_curved_lower_shell.013
Fra:451 Mem:883.12M (Peak 906.66M) | Time:00:02.17 | Mem:0.00M, Peak:0.00M | Scene, ViewLayer | Synchronizing object | Car_window_pillar.027
Fra:451 Mem:883.10M (Peak 906.66M) | Time:00:02.17 | Mem:0.00M, Peak:0.00M | Scene, ViewLayer | Synchronizing object | Primary_suspension.001
Fra:451 Mem:883.13M (Peak 906.66M) | Time:00:02.17 | Mem:0.00M, Peak:0.00M | Scene, ViewLayer | Synchronizing object | Door_lower_panel.001
Fra:451 Mem:883.15M (Peak 906.66M) | Time:00:02.17 | Mem:0.00M, Peak:0.00M | Scene, ViewLayer | Synchronizing object | Car_ceiling_light.002
Fra:451 Mem:883.18M (Peak 906.66M) | Time:00:02.17 | Mem:0.00M, Peak:0.00M | Scene, ViewLayer | Synchronizing object | Primary_suspension.003
Fra:451 Mem:883.18M (Peak 906.66M) | Time:00:02.17 | Mem:0.00M, Peak:0.00M | Scene, ViewLayer | Synchronizing object | Car_window_pillar.010
Fra:451 Mem:883.21M (Peak 906.66M) | Time:00:02.17 | Mem:0.00M, Peak:0.00M | Scene, ViewLayer | Synchronizing object | Car_window_pillar.014
Fra:451 Mem:883.23M (Peak 906.66M) | Time:00:02.17 | Mem:0.00M, Peak:0.00M | Scene, ViewLayer | Synchronizing object | Cab_windscreen_mullion.001
Fra:451 Mem:883.26M (Peak 906.66M) | Time:00:02.17 | Mem:0.00M, Peak:0.00M | Scene, ViewLayer | Synchronizing object | Cab_floor_extension
Fra:451 Mem:883.28M (Peak 906.66M) | Time:00:02.17 | Mem:0.00M, Peak:0.00M | Scene, ViewLayer | Synchronizing object | Cab_upper_cheek.001
Fra:451 Mem:883.28M (Peak 906.66M) | Time:00:02.17 | Mem:0.00M, Peak:0.00M | Scene, ViewLayer | Synchronizing object | Car_curved_lower_shell.001
Fra:451 Mem:883.28M (Peak 906.66M) | Time:00:02.17 | Mem:0.00M, Peak:0.00M | Scene, ViewLayer | Synchronizing object | Car_window_pillar.005
Fra:451 Mem:883.32M (Peak 906.66M) | Time:00:02.17 | Mem:0.00M, Peak:0.00M | Scene, ViewLayer | Synchronizing object | Car_side_window.012
Fra:451 Mem:883.31M (Peak 906.66M) | Time:00:02.17 | Mem:0.00M, Peak:0.00M | Scene, ViewLayer | Synchronizing object | Car_window_pillar.019
Fra:451 Mem:883.34M (Peak 906.66M) | Time:00:02.17 | Mem:0.00M, Peak:0.00M | Scene, ViewLayer | Synchronizing object | Car_window_pillar.009
Fra:451 Mem:883.36M (Peak 906.66M) | Time:00:02.17 | Mem:0.00M, Peak:0.00M | Scene, ViewLayer | Synchronizing object | Car_seat_base.002
Fra:451 Mem:883.39M (Peak 906.66M) | Time:00:02.17 | Mem:0.00M, Peak:0.00M | Scene, ViewLayer | Synchronizing object | Cab_complete_roof_loft.001
Fra:451 Mem:883.47M (Peak 906.66M) | Time:00:02.17 | Mem:0.00M, Peak:0.00M | Scene, ViewLayer | Synchronizing object | Primary_suspension.005
Fra:451 Mem:883.68M (Peak 906.66M) | Time:00:02.17 | Mem:0.00M, Peak:0.00M | Scene, ViewLayer | Synchronizing object | Car_window_horizontal_frame.030
Fra:451 Mem:883.79M (Peak 906.66M) | Time:00:02.17 | Mem:0.00M, Peak:0.00M | Scene, ViewLayer | Synchronizing object | Door_vertical_frame.003
Fra:451 Mem:883.88M (Peak 906.66M) | Time:00:02.17 | Mem:0.00M, Peak:0.00M | Scene, ViewLayer | Synchronizing object | Primary_suspension.002
Fra:451 Mem:883.96M (Peak 906.66M) | Time:00:02.17 | Mem:0.00M, Peak:0.00M | Scene, ViewLayer | Synchronizing object | Car_curved_lower_shell.016
Fra:451 Mem:884.01M (Peak 906.66M) | Time:00:02.17 | Mem:0.00M, Peak:0.00M | Scene, ViewLayer | Synchronizing object | Car_window_horizontal_frame.026
Fra:451 Mem:883.99M (Peak 906.66M) | Time:00:02.17 | Mem:0.00M, Peak:0.00M | Scene, ViewLayer | Synchronizing object | Car_window_horizontal_frame.022
Fra:451 Mem:884.02M (Peak 906.66M) | Time:00:02.17 | Mem:0.00M, Peak:0.00M | Scene, ViewLayer | Synchronizing object | Car_seat_base.004
Fra:451 Mem:884.04M (Peak 906.66M) | Time:00:02.17 | Mem:0.00M, Peak:0.00M | Scene, ViewLayer | Synchronizing object | Wheel_tread
Fra:451 Mem:884.05M (Peak 906.66M) | Time:00:02.17 | Mem:0.00M, Peak:0.00M | Scene, ViewLayer | Synchronizing object | Wheel_hub.002
Fra:451 Mem:884.06M (Peak 906.66M) | Time:00:02.17 | Mem:0.00M, Peak:0.00M | Scene, ViewLayer | Synchronizing object | Wheel_hub.003
Fra:451 Mem:884.07M (Peak 906.66M) | Time:00:02.17 | Mem:0.00M, Peak:0.00M | Scene, ViewLayer | Synchronizing object | Car_curved_lower_shell.003
Fra:451 Mem:884.07M (Peak 906.66M) | Time:00:02.17 | Mem:0.00M, Peak:0.00M | Scene, ViewLayer | Synchronizing object | Car_window_horizontal_frame.021
Fra:451 Mem:880.57M (Peak 906.66M) | Time:00:02.17 | Mem:0.00M, Peak:0.00M | Scene, ViewLayer | Synchronizing object | Car_curved_lower_shell.007
Fra:451 Mem:880.61M (Peak 906.66M) | Time:00:02.17 | Mem:0.00M, Peak:0.00M | Scene, ViewLayer | Synchronizing object | Cab_cheek.003
Fra:451 Mem:880.60M (Peak 906.66M) | Time:00:02.17 | Mem:0.00M, Peak:0.00M | Scene, ViewLayer | Synchronizing object | Car_window_horizontal_frame.025
Fra:451 Mem:880.62M (Peak 906.66M) | Time:00:02.17 | Mem:0.00M, Peak:0.00M | Scene, ViewLayer | Synchronizing object | Car_window_horizontal_frame.002
Fra:451 Mem:880.65M (Peak 906.66M) | Time:00:02.17 | Mem:0.00M, Peak:0.00M | Scene, ViewLayer | Synchronizing object | Car_seat_back.001
Fra:451 Mem:880.73M (Peak 906.66M) | Time:00:02.17 | Mem:0.00M, Peak:0.00M | Scene, ViewLayer | Synchronizing object | Primary_suspension.006
Fra:451 Mem:885.98M (Peak 906.66M) | Time:00:02.17 | Mem:0.00M, Peak:0.00M | Scene, ViewLayer | Synchronizing object | Car_waist_trim.002
Fra:451 Mem:886.06M (Peak 906.66M) | Time:00:02.17 | Mem:0.00M, Peak:0.00M | Scene, ViewLayer | Synchronizing object | Door_cross_frame
Fra:451 Mem:886.07M (Peak 906.66M) | Time:00:02.17 | Mem:0.00M, Peak:0.00M | Scene, ViewLayer | Synchronizing object | Car_window_horizontal_frame.032
Fra:451 Mem:886.11M (Peak 906.66M) | Time:00:02.17 | Mem:0.00M, Peak:0.00M | Scene, ViewLayer | Synchronizing object | Rear_luggage_bench
Fra:451 Mem:886.15M (Peak 906.66M) | Time:00:02.17 | Mem:0.00M, Peak:0.00M | Scene, ViewLayer | Synchronizing object | Cab_front_fairing
Fra:451 Mem:886.15M (Peak 906.66M) | Time:00:02.17 | Mem:0.00M, Peak:0.00M | Scene, ViewLayer | Synchronizing object | Car_seat_back
Fra:451 Mem:886.23M (Peak 906.66M) | Time:00:02.17 | Mem:0.00M, Peak:0.00M | Scene, ViewLayer | Synchronizing object | Car_window_pillar.031
Fra:451 Mem:886.31M (Peak 906.66M) | Time:00:02.17 | Mem:0.00M, Peak:0.00M | Scene, ViewLayer | Synchronizing object | Wheel_tread.002
Fra:451 Mem:886.30M (Peak 906.66M) | Time:00:02.17 | Mem:0.00M, Peak:0.00M | Scene, ViewLayer | Synchronizing object | Train_headlamp_housing.001
Fra:451 Mem:886.32M (Peak 906.66M) | Time:00:02.17 | Mem:0.00M, Peak:0.00M | Scene, ViewLayer | Synchronizing object | Car_side_window.010
Fra:451 Mem:886.32M (Peak 906.66M) | Time:00:02.17 | Mem:0.00M, Peak:0.00M | Scene, ViewLayer | Synchronizing object | Car_window_horizontal_frame.014
Fra:451 Mem:886.33M (Peak 906.66M) | Time:00:02.17 | Mem:0.00M, Peak:0.00M | Scene, ViewLayer | Synchronizing object | Door_glazing
Fra:451 Mem:886.36M (Peak 906.66M) | Time:00:02.17 | Mem:0.00M, Peak:0.00M | Scene, ViewLayer | Synchronizing object | Car_curved_lower_shell.005
Fra:451 Mem:886.36M (Peak 906.66M) | Time:00:02.17 | Mem:0.00M, Peak:0.00M | Scene, ViewLayer | Synchronizing object | Car_ceiling_light.001
Fra:451 Mem:886.38M (Peak 906.66M) | Time:00:02.17 | Mem:0.00M, Peak:0.00M | Scene, ViewLayer | Synchronizing object | Wheel_flange.006
Fra:451 Mem:886.39M (Peak 906.66M) | Time:00:02.17 | Mem:0.00M, Peak:0.00M | Scene, ViewLayer | Synchronizing object | Car_window_horizontal_frame.009
Fra:451 Mem:886.40M (Peak 906.66M) | Time:00:02.17 | Mem:0.00M, Peak:0.00M | Scene, ViewLayer | Synchronizing object | Car_window_horizontal_frame.013
Fra:451 Mem:886.45M (Peak 906.66M) | Time:00:02.17 | Mem:0.00M, Peak:0.00M | Scene, ViewLayer | Synchronizing object | Cab_cheek
Fra:451 Mem:886.44M (Peak 906.66M) | Time:00:02.17 | Mem:0.00M, Peak:0.00M | Scene, ViewLayer | Synchronizing object | Cab_windscreen_mullion
Fra:451 Mem:886.44M (Peak 906.66M) | Time:00:02.17 | Mem:0.00M, Peak:0.00M | Scene, ViewLayer | Synchronizing object | Car_window_pillar.018
Fra:451 Mem:886.51M (Peak 906.66M) | Time:00:02.17 | Mem:0.00M, Peak:0.00M | Scene, ViewLayer | Synchronizing object | Wheel_hub.004
Fra:451 Mem:886.49M (Peak 906.66M) | Time:00:02.17 | Mem:0.00M, Peak:0.00M | Scene, ViewLayer | Synchronizing object | Car_curved_lower_shell.014
Fra:451 Mem:886.49M (Peak 906.66M) | Time:00:02.17 | Mem:0.00M, Peak:0.00M | Scene, ViewLayer | Synchronizing object | Car_inner_wainscot.002
Fra:451 Mem:886.50M (Peak 906.66M) | Time:00:02.17 | Mem:0.00M, Peak:0.00M | Scene, ViewLayer | Synchronizing object | Car_seat_back.008
Fra:451 Mem:886.62M (Peak 906.66M) | Time:00:02.17 | Mem:0.00M, Peak:0.00M | Scene, ViewLayer | Synchronizing object | Car_waist_trim.001
Fra:451 Mem:886.68M (Peak 906.66M) | Time:00:02.17 | Mem:0.00M, Peak:0.00M | Scene, ViewLayer | Synchronizing object | Car_window_pillar.004
Fra:451 Mem:886.71M (Peak 906.66M) | Time:00:02.17 | Mem:0.00M, Peak:0.00M | Scene, ViewLayer | Synchronizing object | Car_window_pillar.012
Fra:451 Mem:886.72M (Peak 906.66M) | Time:00:02.17 | Mem:0.00M, Peak:0.00M | Scene, ViewLayer | Synchronizing object | Car_window_pillar.008
Fra:451 Mem:886.76M (Peak 906.66M) | Time:00:02.17 | Mem:0.00M, Peak:0.00M | Scene, ViewLayer | Synchronizing object | Cab_side_glass.003
Fra:451 Mem:886.76M (Peak 906.66M) | Time:00:02.17 | Mem:0.00M, Peak:0.00M | Scene, ViewLayer | Synchronizing object | Cab_side_glass.002
Fra:451 Mem:886.75M (Peak 906.66M) | Time:00:02.17 | Mem:0.00M, Peak:0.00M | Scene, ViewLayer | Synchronizing object | Car_window_pillar.007
Fra:451 Mem:886.78M (Peak 906.66M) | Time:00:02.17 | Mem:0.00M, Peak:0.00M | Scene, ViewLayer | Synchronizing object | Car_window_pillar.020
Fra:451 Mem:886.81M (Peak 906.66M) | Time:00:02.17 | Mem:0.00M, Peak:0.00M | Scene, ViewLayer | Synchronizing object | Train_headlamp_lens.003
Fra:451 Mem:886.82M (Peak 906.66M) | Time:00:02.17 | Mem:0.00M, Peak:0.00M | Scene, ViewLayer | Synchronizing object | Car_seat_back.007
Fra:451 Mem:886.88M (Peak 906.66M) | Time:00:02.17 | Mem:0.00M, Peak:0.00M | Scene, ViewLayer | Synchronizing object | Door_cross_frame.001
Fra:451 Mem:886.97M (Peak 906.66M) | Time:00:02.17 | Mem:0.00M, Peak:0.00M | Scene, ViewLayer | Synchronizing object | Car_window_horizontal_frame.007
Fra:451 Mem:886.97M (Peak 906.66M) | Time:00:02.17 | Mem:0.00M, Peak:0.00M | Scene, ViewLayer | Synchronizing object | Car_side_window.011
Fra:451 Mem:887.00M (Peak 906.66M) | Time:00:02.17 | Mem:0.00M, Peak:0.00M | Scene, ViewLayer | Synchronizing object | Car_seat_back.009
Fra:451 Mem:887.08M (Peak 906.66M) | Time:00:02.17 | Mem:0.00M, Peak:0.00M | Scene, ViewLayer | Synchronizing object | Car_side_window.013
Fra:451 Mem:887.09M (Peak 906.66M) | Time:00:02.17 | Mem:0.00M, Peak:0.00M | Scene, ViewLayer | Synchronizing object | Bogie_side_frame.001
Fra:451 Mem:887.15M (Peak 906.66M) | Time:00:02.17 | Mem:0.00M, Peak:0.00M | Scene, ViewLayer | Synchronizing object | Wheel_flange.007
Fra:451 Mem:887.16M (Peak 906.66M) | Time:00:02.17 | Mem:0.00M, Peak:0.00M | Scene, ViewLayer | Synchronizing object | Car_seat_back.006
Fra:451 Mem:887.23M (Peak 906.66M) | Time:00:02.17 | Mem:0.00M, Peak:0.00M | Scene, ViewLayer | Synchronizing object | Cab_front_glass
Fra:451 Mem:887.26M (Peak 906.66M) | Time:00:02.17 | Mem:0.00M, Peak:0.00M | Scene, ViewLayer | Synchronizing object | Car_curved_lower_shell.009
Fra:451 Mem:887.26M (Peak 906.66M) | Time:00:02.17 | Mem:0.00M, Peak:0.00M | Scene, ViewLayer | Synchronizing object | Wheel_hub.005
Fra:451 Mem:887.31M (Peak 906.66M) | Time:00:02.17 | Mem:0.00M, Peak:0.00M | Scene, ViewLayer | Synchronizing object | Car_window_horizontal_frame.028
Fra:451 Mem:882.97M (Peak 906.66M) | Time:00:02.17 | Mem:0.00M, Peak:0.00M | Scene, ViewLayer | Synchronizing object | Car_side_window.001
Fra:451 Mem:882.96M (Peak 906.66M) | Time:00:02.17 | Mem:0.00M, Peak:0.00M | Scene, ViewLayer | Synchronizing object | Train_headlamp_housing.002
Fra:451 Mem:882.97M (Peak 906.66M) | Time:00:02.17 | Mem:0.00M, Peak:0.00M | Scene, ViewLayer | Synchronizing object | Car_seat_cushion.001
Fra:451 Mem:882.97M (Peak 906.66M) | Time:00:02.17 | Mem:0.00M, Peak:0.00M | Scene, ViewLayer | Synchronizing object | Car_curved_lower_shell.002
Fra:451 Mem:882.97M (Peak 906.66M) | Time:00:02.17 | Mem:0.00M, Peak:0.00M | Scene, ViewLayer | Synchronizing object | Car_window_pillar.013
Fra:451 Mem:883.00M (Peak 906.66M) | Time:00:02.17 | Mem:0.00M, Peak:0.00M | Scene, ViewLayer | Synchronizing object | Car_seat_back.005
Fra:451 Mem:883.26M (Peak 906.66M) | Time:00:02.17 | Mem:0.00M, Peak:0.00M | Scene, ViewLayer | Synchronizing object | Door_vertical_frame
Fra:451 Mem:883.27M (Peak 906.66M) | Time:00:02.17 | Mem:0.00M, Peak:0.00M | Scene, ViewLayer | Synchronizing object | Car_inner_wainscot
Fra:451 Mem:882.47M (Peak 906.66M) | Time:00:02.17 | Mem:0.00M, Peak:0.00M | Scene, ViewLayer | Synchronizing object | Car_side_window.016
Fra:451 Mem:882.47M (Peak 906.66M) | Time:00:02.17 | Mem:0.00M, Peak:0.00M | Scene, ViewLayer | Synchronizing object | Cab_driver_seat
Fra:451 Mem:882.45M (Peak 906.66M) | Time:00:02.17 | Mem:0.00M, Peak:0.00M | Scene, ViewLayer | Synchronizing object | Car_seat_back.004
Fra:451 Mem:882.47M (Peak 906.66M) | Time:00:02.17 | Mem:0.00M, Peak:0.00M | Scene, ViewLayer | Synchronizing object | Cab_side_glass
Fra:451 Mem:882.49M (Peak 906.66M) | Time:00:02.17 | Mem:0.00M, Peak:0.00M | Scene, ViewLayer | Synchronizing object | Car_seat_cushion
Fra:451 Mem:882.56M (Peak 906.66M) | Time:00:02.17 | Mem:0.00M, Peak:0.00M | Scene, ViewLayer | Synchronizing object | Car_window_pillar.030
Fra:451 Mem:882.64M (Peak 906.66M) | Time:00:02.17 | Mem:0.00M, Peak:0.00M | Scene, ViewLayer | Synchronizing object | Wheel_flange
Fra:451 Mem:882.65M (Peak 906.66M) | Time:00:02.17 | Mem:0.00M, Peak:0.00M | Scene, ViewLayer | Synchronizing object | Car_inner_wainscot.001
Fra:451 Mem:882.77M (Peak 906.66M) | Time:00:02.17 | Mem:0.00M, Peak:0.00M | Scene, ViewLayer | Synchronizing object | Car_window_horizontal_frame.018
Fra:451 Mem:882.85M (Peak 906.66M) | Time:00:02.17 | Mem:0.00M, Peak:0.00M | Scene, ViewLayer | Synchronizing object | Car_side_window.003
Fra:451 Mem:882.83M (Peak 906.66M) | Time:00:02.17 | Mem:0.00M, Peak:0.00M | Scene, ViewLayer | Synchronizing object | Car_window_pillar.021
Fra:451 Mem:882.83M (Peak 906.66M) | Time:00:02.17 | Mem:0.00M, Peak:0.00M | Scene, ViewLayer | Synchronizing object | Car_side_window.007
Fra:451 Mem:882.86M (Peak 906.66M) | Time:00:02.17 | Mem:0.00M, Peak:0.00M | Scene, ViewLayer | Synchronizing object | Car_seat_back.003
Fra:451 Mem:882.97M (Peak 906.66M) | Time:00:02.17 | Mem:0.00M, Peak:0.00M | Scene, ViewLayer | Synchronizing object | Cab_upper_cheek.003
Fra:451 Mem:882.97M (Peak 906.66M) | Time:00:02.17 | Mem:0.00M, Peak:0.00M | Scene, ViewLayer | Synchronizing object | Bogie_side_frame.003
Fra:451 Mem:883.04M (Peak 906.66M) | Time:00:02.17 | Mem:0.00M, Peak:0.00M | Scene, ViewLayer | Synchronizing object | Car_ceiling_light
Fra:451 Mem:883.04M (Peak 906.66M) | Time:00:02.17 | Mem:0.00M, Peak:0.00M | Scene, ViewLayer | Synchronizing object | Door_glazing.001
Fra:451 Mem:883.09M (Peak 906.66M) | Time:00:02.17 | Mem:0.00M, Peak:0.00M | Scene, ViewLayer | Synchronizing object | Car_window_horizontal_frame.008
Fra:451 Mem:883.06M (Peak 906.66M) | Time:00:02.17 | Mem:0.00M, Peak:0.00M | Scene, ViewLayer | Synchronizing object | Car_window_horizontal_frame.012
Fra:451 Mem:883.12M (Peak 906.66M) | Time:00:02.17 | Mem:0.00M, Peak:0.00M | Scene, ViewLayer | Synchronizing object | Car_window_horizontal_frame.017
Fra:451 Mem:883.14M (Peak 906.66M) | Time:00:02.17 | Mem:0.00M, Peak:0.00M | Scene, ViewLayer | Synchronizing object | Car_seat_cushion.009
Fra:451 Mem:883.13M (Peak 906.66M) | Time:00:02.17 | Mem:0.00M, Peak:0.00M | Scene, ViewLayer | Synchronizing object | Car_window_horizontal_frame.011
Fra:451 Mem:883.24M (Peak 906.66M) | Time:00:02.17 | Mem:0.00M, Peak:0.00M | Scene, ViewLayer | Synchronizing object | Car_floor
Fra:451 Mem:883.27M (Peak 906.66M) | Time:00:02.17 | Mem:0.00M, Peak:0.00M | Scene, ViewLayer | Synchronizing object | Car_seat_cushion.008
Fra:451 Mem:883.40M (Peak 906.66M) | Time:00:02.17 | Mem:0.00M, Peak:0.00M | Scene, ViewLayer | Synchronizing object | Car_window_horizontal_frame.023
Fra:451 Mem:883.43M (Peak 906.66M) | Time:00:02.17 | Mem:0.00M, Peak:0.00M | Scene, ViewLayer | Synchronizing object | Cab_front_fairing.001
Fra:451 Mem:883.44M (Peak 906.66M) | Time:00:02.17 | Mem:0.00M, Peak:0.00M | Scene, ViewLayer | Synchronizing object | Car_curved_lower_shell.015
Fra:451 Mem:883.49M (Peak 906.66M) | Time:00:02.17 | Mem:0.00M, Peak:0.00M | Scene, ViewLayer | Synchronizing object | Car_waist_trim
Fra:451 Mem:883.52M (Peak 906.66M) | Time:00:02.17 | Mem:0.00M, Peak:0.00M | Scene, ViewLayer | Synchronizing object | Car_underframe
Fra:451 Mem:883.52M (Peak 906.66M) | Time:00:02.17 | Mem:0.00M, Peak:0.00M | Scene, ViewLayer | Synchronizing object | Car_window_pillar.003
Fra:451 Mem:883.57M (Peak 906.66M) | Time:00:02.17 | Mem:0.00M, Peak:0.00M | Scene, ViewLayer | Synchronizing object | Car_window_horizontal_frame.019
Fra:451 Mem:883.60M (Peak 906.66M) | Time:00:02.17 | Mem:0.00M, Peak:0.00M | Scene, ViewLayer | Synchronizing object | Car_window_pillar.006
Fra:451 Mem:883.58M (Peak 906.66M) | Time:00:02.17 | Mem:0.00M, Peak:0.00M | Scene, ViewLayer | Synchronizing object | Car_seat_cushion.007
Fra:451 Mem:883.69M (Peak 906.66M) | Time:00:02.17 | Mem:0.00M, Peak:0.00M | Scene, ViewLayer | Synchronizing object | Car_window_horizontal_frame.006
Fra:451 Mem:883.72M (Peak 906.66M) | Time:00:02.17 | Mem:0.00M, Peak:0.00M | Scene, ViewLayer | Synchronizing object | Car_window_pillar.035
Fra:451 Mem:883.79M (Peak 906.66M) | Time:00:02.17 | Mem:0.00M, Peak:0.00M | Scene, ViewLayer | Synchronizing object | Door_vertical_frame.001
Fra:451 Mem:883.82M (Peak 906.66M) | Time:00:02.17 | Mem:0.00M, Peak:0.00M | Scene, ViewLayer | Synchronizing object | Wheel_flange.002
Fra:451 Mem:883.82M (Peak 906.66M) | Time:00:02.17 | Mem:0.00M, Peak:0.00M | Scene, ViewLayer | Synchronizing object | Wheel_hub.001
Fra:451 Mem:883.82M (Peak 906.66M) | Time:00:02.17 | Mem:0.00M, Peak:0.00M | Scene, ViewLayer | Synchronizing object | Wheel_hub.006
Fra:451 Mem:883.86M (Peak 906.66M) | Time:00:02.17 | Mem:0.00M, Peak:0.00M | Scene, ViewLayer | Synchronizing object | Car_seat_cushion.006
Fra:451 Mem:883.85M (Peak 906.66M) | Time:00:02.17 | Mem:0.00M, Peak:0.00M | Scene, ViewLayer | Synchronizing object | Cab_upper_cheek
Fra:451 Mem:883.89M (Peak 906.66M) | Time:00:02.17 | Mem:0.00M, Peak:0.00M | Scene, ViewLayer | Synchronizing object | Wheel_tread.005
Fra:451 Mem:883.93M (Peak 906.66M) | Time:00:02.17 | Mem:0.00M, Peak:0.00M | Scene, ViewLayer | Synchronizing object | Wheel_tread.003
Fra:451 Mem:883.94M (Peak 906.66M) | Time:00:02.17 | Mem:0.00M, Peak:0.00M | Scene, ViewLayer | Synchronizing object | Car_side_window.014
Fra:451 Mem:883.96M (Peak 906.66M) | Time:00:02.17 | Mem:0.00M, Peak:0.00M | Scene, ViewLayer | Synchronizing object | Train_headlamp_housing
Fra:451 Mem:884.02M (Peak 906.66M) | Time:00:02.17 | Mem:0.00M, Peak:0.00M | Scene, ViewLayer | Synchronizing object | Cab_control_console
Fra:451 Mem:884.00M (Peak 906.66M) | Time:00:02.17 | Mem:0.00M, Peak:0.00M | Scene, ViewLayer | Synchronizing object | Cab_buffer_beam.001
Fra:451 Mem:884.05M (Peak 906.66M) | Time:00:02.17 | Mem:0.00M, Peak:0.00M | Scene, ViewLayer | Synchronizing object | Car_seat_base.001
Fra:451 Mem:884.05M (Peak 906.66M) | Time:00:02.17 | Mem:0.00M, Peak:0.00M | Scene, ViewLayer | Synchronizing object | Car_curved_lower_shell.008
Fra:451 Mem:884.08M (Peak 906.66M) | Time:00:02.17 | Mem:0.00M, Peak:0.00M | Scene, ViewLayer | Synchronizing object | Car_door_threshold
Fra:451 Mem:884.13M (Peak 906.66M) | Time:00:02.17 | Mem:0.00M, Peak:0.00M | Scene, ViewLayer | Synchronizing object | Car_seat_cushion.005
Fra:451 Mem:884.12M (Peak 906.66M) | Time:00:02.17 | Mem:0.00M, Peak:0.00M | Scene, ViewLayer | Synchronizing object | Wheel_flange.005
Fra:451 Mem:884.20M (Peak 906.66M) | Time:00:02.17 | Mem:0.00M, Peak:0.00M | Scene, ViewLayer | Synchronizing object | Cab_front_fairing.002
Fra:451 Mem:884.22M (Peak 906.66M) | Time:00:02.17 | Mem:0.00M, Peak:0.00M | Scene, ViewLayer | Synchronizing object | Axle.003
Fra:451 Mem:884.22M (Peak 906.66M) | Time:00:02.17 | Mem:0.00M, Peak:0.00M | Scene, ViewLayer | Synchronizing object | Car_seat_cushion.004
Fra:451 Mem:884.36M (Peak 906.66M) | Time:00:02.17 | Mem:0.00M, Peak:0.00M | Scene, ViewLayer | Synchronizing object | Car_seat_base
Fra:451 Mem:884.45M (Peak 906.66M) | Time:00:02.17 | Mem:0.00M, Peak:0.00M | Scene, ViewLayer | Synchronizing object | Car_window_horizontal_frame.029
Fra:451 Mem:884.43M (Peak 906.66M) | Time:00:02.17 | Mem:0.00M, Peak:0.00M | Scene, ViewLayer | Synchronizing object | Car_seat_back.002
Fra:451 Mem:884.55M (Peak 906.66M) | Time:00:02.17 | Mem:0.00M, Peak:0.00M | Scene, ViewLayer | Synchronizing object | Car_side_window
Fra:451 Mem:884.59M (Peak 906.66M) | Time:00:02.17 | Mem:0.00M, Peak:0.00M | Scene, ViewLayer | Synchronizing object | Wheel_tread.004
Fra:451 Mem:884.60M (Peak 906.66M) | Time:00:02.17 | Mem:0.00M, Peak:0.00M | Scene, ViewLayer | Synchronizing object | Wheel_tread.001
Fra:451 Mem:884.60M (Peak 906.66M) | Time:00:02.17 | Mem:0.00M, Peak:0.00M | Scene, ViewLayer | Synchronizing object | Bogie_side_frame
Fra:451 Mem:884.64M (Peak 906.66M) | Time:00:02.17 | Mem:0.00M, Peak:0.00M | Scene, ViewLayer | Synchronizing object | Car_window_pillar.032
Fra:451 Mem:884.67M (Peak 906.66M) | Time:00:02.17 | Mem:0.00M, Peak:0.00M | Scene, ViewLayer | Synchronizing object | Door_cross_frame.003
Fra:451 Mem:884.70M (Peak 906.66M) | Time:00:02.17 | Mem:0.00M, Peak:0.00M | Scene, ViewLayer | Synchronizing object | Wheel_hub.007
Fra:451 Mem:884.70M (Peak 906.66M) | Time:00:02.17 | Mem:0.00M, Peak:0.00M | Scene, ViewLayer | Synchronizing object | Car_window_pillar.028
Fra:451 Mem:884.73M (Peak 906.66M) | Time:00:02.17 | Mem:0.00M, Peak:0.00M | Scene, ViewLayer | Synchronizing object | Cab_complete_roof_loft
Fra:451 Mem:884.80M (Peak 906.66M) | Time:00:02.17 | Mem:0.00M, Peak:0.00M | Scene, ViewLayer | Synchronizing object | Car_seat_cushion.003
Fra:451 Mem:885.24M (Peak 906.66M) | Time:00:02.18 | Mem:0.00M, Peak:0.00M | Scene, ViewLayer | Synchronizing object | Car_side_window.009
Fra:451 Mem:885.24M (Peak 906.66M) | Time:00:02.18 | Mem:0.00M, Peak:0.00M | Scene, ViewLayer | Synchronizing object | Car_window_horizontal_frame.001
Fra:451 Mem:885.27M (Peak 906.66M) | Time:00:02.18 | Mem:0.00M, Peak:0.00M | Scene, ViewLayer | Synchronizing object | Car_seat_base.009
Fra:451 Mem:885.30M (Peak 906.66M) | Time:00:02.18 | Mem:0.00M, Peak:0.00M | Scene, ViewLayer | Synchronizing object | Bogie_side_frame.002
Fra:451 Mem:885.33M (Peak 906.66M) | Time:00:02.18 | Mem:0.00M, Peak:0.00M | Scene, ViewLayer | Synchronizing object | Train_headlamp_lens.002
Fra:451 Mem:885.34M (Peak 906.66M) | Time:00:02.18 | Mem:0.00M, Peak:0.00M | Scene, ViewLayer | Synchronizing object | Car_curved_lower_shell.006
Fra:451 Mem:885.34M (Peak 906.66M) | Time:00:02.18 | Mem:0.00M, Peak:0.00M | Scene, ViewLayer | Synchronizing object | Car_side_window.002
Fra:451 Mem:885.34M (Peak 906.66M) | Time:00:02.18 | Mem:0.00M, Peak:0.00M | Scene, ViewLayer | Synchronizing object | Car_window_horizontal_frame.016
Fra:451 Mem:885.37M (Peak 906.66M) | Time:00:02.18 | Mem:0.00M, Peak:0.00M | Scene, ViewLayer | Synchronizing object | Car_window_pillar.023
Fra:451 Mem:885.39M (Peak 906.66M) | Time:00:02.18 | Mem:0.00M, Peak:0.00M | Scene, ViewLayer | Synchronizing object | Car_side_window.004
Fra:451 Mem:885.39M (Peak 906.66M) | Time:00:02.18 | Mem:0.00M, Peak:0.00M | Scene, ViewLayer | Synchronizing object | Car_window_horizontal_frame.010
Fra:451 Mem:885.42M (Peak 906.66M) | Time:00:02.18 | Mem:0.00M, Peak:0.00M | Scene, ViewLayer | Synchronizing object | Car_seat_base.008
Fra:451 Mem:885.45M (Peak 906.66M) | Time:00:02.18 | Mem:0.00M, Peak:0.00M | Scene, ViewLayer | Synchronizing object | Cab_cheek.001
Fra:451 Mem:885.45M (Peak 906.66M) | Time:00:02.18 | Mem:0.00M, Peak:0.00M | Scene, ViewLayer | Synchronizing object | Car_window_pillar.017
Fra:451 Mem:885.48M (Peak 906.66M) | Time:00:02.18 | Mem:0.00M, Peak:0.00M | Scene, ViewLayer | Synchronizing object | Car_window_pillar.002
Fra:451 Mem:885.50M (Peak 906.66M) | Time:00:02.18 | Mem:0.00M, Peak:0.00M | Scene, ViewLayer | Synchronizing object | Wheel_hub
Fra:451 Mem:885.51M (Peak 906.66M) | Time:00:02.18 | Mem:0.00M, Peak:0.00M | Scene, ViewLayer | Synchronizing object | Car_window_horizontal_frame.005
Fra:451 Mem:885.54M (Peak 906.66M) | Time:00:02.18 | Mem:0.00M, Peak:0.00M | Scene, ViewLayer | Synchronizing object | Car_window_pillar.001
Fra:451 Mem:885.57M (Peak 906.66M) | Time:00:02.18 | Mem:0.00M, Peak:0.00M | Scene, ViewLayer | Synchronizing object | Car_seat_base.007
Fra:451 Mem:885.60M (Peak 906.66M) | Time:00:02.18 | Mem:0.00M, Peak:0.00M | Scene, ViewLayer | Synchronizing object | Door_lower_panel
Fra:451 Mem:885.75M (Peak 906.66M) | Time:00:02.18 | Mem:0.00M, Peak:0.00M | Scene, ViewLayer | Synchronizing object | Car_curved_lower_shell.012
Fra:451 Mem:885.75M (Peak 906.66M) | Time:00:02.18 | Mem:0.00M, Peak:0.00M | Scene, ViewLayer | Synchronizing object | Cab_front_glass.001
Fra:451 Mem:885.77M (Peak 906.66M) | Time:00:02.18 | Mem:0.00M, Peak:0.00M | Scene, ViewLayer | Synchronizing object | Car_window_pillar.034
Fra:451 Mem:885.80M (Peak 906.66M) | Time:00:02.18 | Mem:0.00M, Peak:0.00M | Scene, ViewLayer | Synchronizing object | Wheel_flange.003
Fra:451 Mem:885.81M (Peak 906.66M) | Time:00:02.18 | Mem:0.00M, Peak:0.00M | Scene, ViewLayer | Synchronizing object | Car_seat_base.006
Fra:451 Mem:885.87M (Peak 906.66M) | Time:00:02.18 | Mem:0.00M, Peak:0.00M | Scene, ViewLayer | Synchronizing object | Car_window_pillar.033
Fra:451 Mem:885.84M (Peak 906.66M) | Time:00:02.18 | Mem:0.00M, Peak:0.00M | Scene, ViewLayer | Synchronizing object | Car_complete_barrel_roof
Fra:451 Mem:885.90M (Peak 906.66M) | Time:00:02.18 | Mem:0.00M, Peak:0.00M | Scene, ViewLayer | Synchronizing object | Car_window_pillar.016
Fra:451 Mem:885.92M (Peak 906.66M) | Time:00:02.18 | Mem:0.00M, Peak:0.00M | Scene, ViewLayer | Synchronizing object | Axle
Fra:451 Mem:885.93M (Peak 906.66M) | Time:00:02.18 | Mem:0.00M, Peak:0.00M | Scene, ViewLayer | Synchronizing object | Door_vertical_frame.002
Fra:451 Mem:885.96M (Peak 906.66M) | Time:00:02.18 | Mem:0.00M, Peak:0.00M | Scene, ViewLayer | Synchronizing object | Car_ceiling_light.003
Fra:451 Mem:885.98M (Peak 906.66M) | Time:00:02.18 | Mem:0.00M, Peak:0.00M | Scene, ViewLayer | Synchronizing object | Car_curved_lower_shell
Fra:451 Mem:885.99M (Peak 906.66M) | Time:00:02.18 | Mem:0.00M, Peak:0.00M | Scene, ViewLayer | Synchronizing object | Car_window_pillar.011
Fra:451 Mem:886.03M (Peak 906.66M) | Time:00:02.18 | Mem:0.00M, Peak:0.00M | Scene, ViewLayer | Synchronizing object | Cab_floor_extension.001
Fra:451 Mem:886.03M (Peak 906.66M) | Time:00:02.18 | Mem:0.00M, Peak:0.00M | Scene, ViewLayer | Synchronizing object | Car_seat_base.005
Fra:451 Mem:886.10M (Peak 906.66M) | Time:00:02.18 | Mem:0.00M, Peak:0.00M | Scene, ViewLayer | Synchronizing object | Car_window_pillar.024
Fra:451 Mem:886.09M (Peak 906.66M) | Time:00:02.18 | Mem:0.00M, Peak:0.00M | Scene, ViewLayer | Synchronizing object | Car_side_window.015
Fra:451 Mem:886.12M (Peak 906.66M) | Time:00:02.18 | Mem:0.00M, Peak:0.00M | Scene, ViewLayer | Synchronizing object | Train_headlamp_lens.001
Fra:451 Mem:886.13M (Peak 906.66M) | Time:00:02.18 | Mem:0.00M, Peak:0.00M | Scene, ViewLayer | Synchronizing object | Axle.002
Fra:451 Mem:886.14M (Peak 906.66M) | Time:00:02.18 | Mem:0.00M, Peak:0.00M | Scene, ViewLayer | Synchronizing object | Car_window_horizontal_frame.024
Fra:451 Mem:886.19M (Peak 906.66M) | Time:00:02.18 | Mem:0.00M, Peak:0.00M | Scene, ViewLayer | Synchronizing object | Car_seat_cushion.002
Fra:451 Mem:886.25M (Peak 906.66M) | Time:00:02.18 | Mem:0.00M, Peak:0.00M | Scene, ViewLayer | Synchronizing object | Bogie_cross_frame
Fra:451 Mem:886.37M (Peak 906.66M) | Time:00:02.18 | Mem:0.00M, Peak:0.00M | Scene, ViewLayer | Synchronizing object | Car_window_horizontal_frame.031
Fra:451 Mem:886.34M (Peak 906.66M) | Time:00:02.18 | Mem:0.00M, Peak:0.00M | Scene, ViewLayer | Synchronizing object | Door_cross_frame.002
Fra:451 Mem:886.39M (Peak 906.66M) | Time:00:02.18 | Mem:0.00M, Peak:0.00M | Scene, ViewLayer | Synchronizing object | Wheel_tread.007
Fra:451 Mem:886.39M (Peak 906.66M) | Time:00:02.18 | Mem:0.00M, Peak:0.00M | Scene, ViewLayer | Synchronizing object | Car_window_horizontal_frame.027
Fra:451 Mem:886.43M (Peak 906.66M) | Time:00:02.18 | Mem:0.00M, Peak:0.00M | Scene, ViewLayer | Synchronizing object | Cab_side_glass.001
Fra:451 Mem:886.43M (Peak 906.66M) | Time:00:02.18 | Mem:0.00M, Peak:0.00M | Scene, ViewLayer | Synchronizing object | Car_seat_base.003
Fra:451 Mem:886.46M (Peak 906.66M) | Time:00:02.18 | Mem:0.00M, Peak:0.00M | Scene, ViewLayer | Synchronizing object | Car_window_horizontal_frame
Fra:451 Mem:886.49M (Peak 906.66M) | Time:00:02.18 | Mem:0.00M, Peak:0.00M | Scene, ViewLayer | Synchronizing object | Axle.001
Fra:451 Mem:886.49M (Peak 906.66M) | Time:00:02.18 | Mem:0.00M, Peak:0.00M | Scene, ViewLayer | Synchronizing object | Bogie_cross_frame.001
Fra:451 Mem:886.52M (Peak 906.66M) | Time:00:02.18 | Mem:0.00M, Peak:0.00M | Scene, ViewLayer | Synchronizing object | Car_side_window.008
Fra:451 Mem:886.52M (Peak 906.66M) | Time:00:02.18 | Mem:0.00M, Peak:0.00M | Scene, ViewLayer | Synchronizing object | Car_curved_lower_shell.010
Fra:451 Mem:886.53M (Peak 906.66M) | Time:00:02.18 | Mem:0.00M, Peak:0.00M | Scene, ViewLayer | Synchronizing object | Car_window_pillar.022
Fra:451 Mem:886.55M (Peak 906.66M) | Time:00:02.18 | Mem:0.00M, Peak:0.00M | Scene, ViewLayer | Synchronizing object | Cab_front_fairing.003
Fra:451 Mem:886.57M (Peak 906.66M) | Time:00:02.18 | Mem:0.00M, Peak:0.00M | Scene, ViewLayer | Synchronizing object | Car_window_pillar.026
Fra:451 Mem:886.60M (Peak 906.66M) | Time:00:02.18 | Mem:0.00M, Peak:0.00M | Scene, ViewLayer | Synchronizing object | Cab_buffer_beam
Fra:451 Mem:886.62M (Peak 906.66M) | Time:00:02.18 | Mem:0.00M, Peak:0.00M | Scene, ViewLayer | Synchronizing object | Wheel_tread.006
Fra:451 Mem:886.64M (Peak 906.66M) | Time:00:02.18 | Mem:0.00M, Peak:0.00M | Scene, ViewLayer | Synchronizing object | Car_window_horizontal_frame.003
Fra:451 Mem:886.66M (Peak 906.66M) | Time:00:02.18 | Mem:0.00M, Peak:0.00M | Scene, ViewLayer | Synchronizing object | Wheel_flange.004
Fra:451 Mem:886.68M (Peak 906.66M) | Time:00:02.18 | Mem:0.00M, Peak:0.00M | Scene, ViewLayer | Synchronizing object | Car_window_pillar.029
Fra:451 Mem:886.70M (Peak 906.66M) | Time:00:02.18 | Mem:0.00M, Peak:0.00M | Scene, ViewLayer | Synchronizing object | Primary_suspension
Fra:451 Mem:886.71M (Peak 906.66M) | Time:00:02.18 | Mem:0.00M, Peak:0.00M | Scene, ViewLayer | Synchronizing object | Car_side_window.005
Fra:451 Mem:886.71M (Peak 906.66M) | Time:00:02.18 | Mem:0.00M, Peak:0.00M | Scene, ViewLayer | Synchronizing object | G3_glass_retaining_clip
Fra:451 Mem:886.74M (Peak 906.66M) | Time:00:02.18 | Mem:0.00M, Peak:0.00M | Scene, ViewLayer | Synchronizing object | G3_clip_slotted_fastener
Fra:451 Mem:886.75M (Peak 906.66M) | Time:00:02.18 | Mem:0.00M, Peak:0.00M | Scene, ViewLayer | Synchronizing object | G3_glass_retaining_clip.001
Fra:451 Mem:886.77M (Peak 906.66M) | Time:00:02.18 | Mem:0.00M, Peak:0.00M | Scene, ViewLayer | Synchronizing object | G3_clip_slotted_fastener.001
Fra:451 Mem:886.78M (Peak 906.66M) | Time:00:02.18 | Mem:0.00M, Peak:0.00M | Scene, ViewLayer | Synchronizing object | G3_glass_retaining_clip.002
Fra:451 Mem:886.81M (Peak 906.66M) | Time:00:02.18 | Mem:0.00M, Peak:0.00M | Scene, ViewLayer | Synchronizing object | G3_clip_slotted_fastener.002
Fra:451 Mem:886.81M (Peak 906.66M) | Time:00:02.18 | Mem:0.00M, Peak:0.00M | Scene, ViewLayer | Synchronizing object | G3_glass_retaining_clip.003
Fra:451 Mem:886.83M (Peak 906.66M) | Time:00:02.18 | Mem:0.00M, Peak:0.00M | Scene, ViewLayer | Synchronizing object | G3_clip_slotted_fastener.003
Fra:451 Mem:886.84M (Peak 906.66M) | Time:00:02.18 | Mem:0.00M, Peak:0.00M | Scene, ViewLayer | Synchronizing object | G3_glass_retaining_clip.004
Fra:451 Mem:886.86M (Peak 906.66M) | Time:00:02.18 | Mem:0.00M, Peak:0.00M | Scene, ViewLayer | Synchronizing object | G3_clip_slotted_fastener.004
Fra:451 Mem:886.87M (Peak 906.66M) | Time:00:02.18 | Mem:0.00M, Peak:0.00M | Scene, ViewLayer | Synchronizing object | G3_glass_retaining_clip.005
Fra:451 Mem:886.90M (Peak 906.66M) | Time:00:02.18 | Mem:0.00M, Peak:0.00M | Scene, ViewLayer | Synchronizing object | G3_clip_slotted_fastener.005
Fra:451 Mem:886.90M (Peak 906.66M) | Time:00:02.18 | Mem:0.00M, Peak:0.00M | Scene, ViewLayer | Synchronizing object | G3_glass_retaining_clip.006
Fra:451 Mem:886.94M (Peak 906.66M) | Time:00:02.18 | Mem:0.00M, Peak:0.00M | Scene, ViewLayer | Synchronizing object | G3_clip_slotted_fastener.006
Fra:451 Mem:886.95M (Peak 906.66M) | Time:00:02.18 | Mem:0.00M, Peak:0.00M | Scene, ViewLayer | Synchronizing object | G3_glass_retaining_clip.007
Fra:451 Mem:886.94M (Peak 906.66M) | Time:00:02.18 | Mem:0.00M, Peak:0.00M | Scene, ViewLayer | Synchronizing object | G3_clip_slotted_fastener.007
Fra:451 Mem:886.97M (Peak 906.66M) | Time:00:02.18 | Mem:0.00M, Peak:0.00M | Scene, ViewLayer | Synchronizing object | G3_glass_retaining_clip.008
Fra:451 Mem:887.00M (Peak 906.66M) | Time:00:02.18 | Mem:0.00M, Peak:0.00M | Scene, ViewLayer | Synchronizing object | G3_clip_slotted_fastener.008
Fra:451 Mem:887.00M (Peak 906.66M) | Time:00:02.18 | Mem:0.00M, Peak:0.00M | Scene, ViewLayer | Synchronizing object | G3_glass_retaining_clip.009
Fra:451 Mem:887.00M (Peak 906.66M) | Time:00:02.18 | Mem:0.00M, Peak:0.00M | Scene, ViewLayer | Synchronizing object | G3_clip_slotted_fastener.009
Fra:451 Mem:887.03M (Peak 906.66M) | Time:00:02.18 | Mem:0.00M, Peak:0.00M | Scene, ViewLayer | Synchronizing object | G3_glass_retaining_clip.010
Fra:451 Mem:887.05M (Peak 906.66M) | Time:00:02.18 | Mem:0.00M, Peak:0.00M | Scene, ViewLayer | Synchronizing object | G3_clip_slotted_fastener.010
Fra:451 Mem:887.06M (Peak 906.66M) | Time:00:02.18 | Mem:0.00M, Peak:0.00M | Scene, ViewLayer | Synchronizing object | G3_glass_retaining_clip.011
Fra:451 Mem:887.05M (Peak 906.66M) | Time:00:02.18 | Mem:0.00M, Peak:0.00M | Scene, ViewLayer | Synchronizing object | G3_clip_slotted_fastener.011
Fra:451 Mem:887.08M (Peak 906.66M) | Time:00:02.18 | Mem:0.00M, Peak:0.00M | Scene, ViewLayer | Synchronizing object | G3_glass_retaining_clip.012
Fra:451 Mem:887.11M (Peak 906.66M) | Time:00:02.18 | Mem:0.00M, Peak:0.00M | Scene, ViewLayer | Synchronizing object | G3_clip_slotted_fastener.012
Fra:451 Mem:887.12M (Peak 906.66M) | Time:00:02.18 | Mem:0.00M, Peak:0.00M | Scene, ViewLayer | Synchronizing object | G3_glass_retaining_clip.013
Fra:451 Mem:887.11M (Peak 906.66M) | Time:00:02.18 | Mem:0.00M, Peak:0.00M | Scene, ViewLayer | Synchronizing object | G3_clip_slotted_fastener.013
Fra:451 Mem:887.14M (Peak 906.66M) | Time:00:02.18 | Mem:0.00M, Peak:0.00M | Scene, ViewLayer | Synchronizing object | G3_glass_retaining_clip.014
Fra:451 Mem:887.17M (Peak 906.66M) | Time:00:02.18 | Mem:0.00M, Peak:0.00M | Scene, ViewLayer | Synchronizing object | G3_clip_slotted_fastener.014
Fra:451 Mem:887.17M (Peak 906.66M) | Time:00:02.18 | Mem:0.00M, Peak:0.00M | Scene, ViewLayer | Synchronizing object | G3_glass_retaining_clip.015
Fra:451 Mem:887.17M (Peak 906.66M) | Time:00:02.18 | Mem:0.00M, Peak:0.00M | Scene, ViewLayer | Synchronizing object | G3_clip_slotted_fastener.015
Fra:451 Mem:887.20M (Peak 906.66M) | Time:00:02.18 | Mem:0.00M, Peak:0.00M | Scene, ViewLayer | Synchronizing object | G3_glass_retaining_clip.016
Fra:451 Mem:887.23M (Peak 906.66M) | Time:00:02.18 | Mem:0.00M, Peak:0.00M | Scene, ViewLayer | Synchronizing object | G3_clip_slotted_fastener.016
Fra:451 Mem:887.23M (Peak 906.66M) | Time:00:02.18 | Mem:0.00M, Peak:0.00M | Scene, ViewLayer | Synchronizing object | G3_glass_retaining_clip.017
Fra:451 Mem:887.23M (Peak 906.66M) | Time:00:02.18 | Mem:0.00M, Peak:0.00M | Scene, ViewLayer | Synchronizing object | G3_clip_slotted_fastener.017
Fra:451 Mem:887.26M (Peak 906.66M) | Time:00:02.18 | Mem:0.00M, Peak:0.00M | Scene, ViewLayer | Synchronizing object | G3_glass_retaining_clip.018
Fra:451 Mem:887.28M (Peak 906.66M) | Time:00:02.18 | Mem:0.00M, Peak:0.00M | Scene, ViewLayer | Synchronizing object | G3_clip_slotted_fastener.018
Fra:451 Mem:887.29M (Peak 906.66M) | Time:00:02.18 | Mem:0.00M, Peak:0.00M | Scene, ViewLayer | Synchronizing object | G3_glass_retaining_clip.019
Fra:451 Mem:887.28M (Peak 906.66M) | Time:00:02.18 | Mem:0.00M, Peak:0.00M | Scene, ViewLayer | Synchronizing object | G3_clip_slotted_fastener.019
Fra:451 Mem:887.31M (Peak 906.66M) | Time:00:02.18 | Mem:0.00M, Peak:0.00M | Scene, ViewLayer | Synchronizing object | G3_glass_retaining_clip.020
Fra:451 Mem:887.34M (Peak 906.66M) | Time:00:02.18 | Mem:0.00M, Peak:0.00M | Scene, ViewLayer | Synchronizing object | G3_clip_slotted_fastener.020
Fra:451 Mem:887.34M (Peak 906.66M) | Time:00:02.18 | Mem:0.00M, Peak:0.00M | Scene, ViewLayer | Synchronizing object | G3_glass_retaining_clip.021
Fra:451 Mem:887.34M (Peak 906.66M) | Time:00:02.18 | Mem:0.00M, Peak:0.00M | Scene, ViewLayer | Synchronizing object | G3_clip_slotted_fastener.021
Fra:451 Mem:887.37M (Peak 906.66M) | Time:00:02.18 | Mem:0.00M, Peak:0.00M | Scene, ViewLayer | Synchronizing object | G3_glass_retaining_clip.022
Fra:451 Mem:887.40M (Peak 906.66M) | Time:00:02.18 | Mem:0.00M, Peak:0.00M | Scene, ViewLayer | Synchronizing object | G3_clip_slotted_fastener.022
Fra:451 Mem:887.40M (Peak 906.66M) | Time:00:02.18 | Mem:0.00M, Peak:0.00M | Scene, ViewLayer | Synchronizing object | G3_glass_retaining_clip.023
Fra:451 Mem:887.40M (Peak 906.66M) | Time:00:02.18 | Mem:0.00M, Peak:0.00M | Scene, ViewLayer | Synchronizing object | G3_glass_retaining_clip.024
Fra:451 Mem:887.43M (Peak 906.66M) | Time:00:02.18 | Mem:0.00M, Peak:0.00M | Scene, ViewLayer | Synchronizing object | G3_clip_slotted_fastener.024
Fra:451 Mem:887.43M (Peak 906.66M) | Time:00:02.18 | Mem:0.00M, Peak:0.00M | Scene, ViewLayer | Synchronizing object | G3_glass_retaining_clip.025
Fra:451 Mem:887.46M (Peak 906.66M) | Time:00:02.18 | Mem:0.00M, Peak:0.00M | Scene, ViewLayer | Synchronizing object | G3_clip_slotted_fastener.025
Fra:451 Mem:887.46M (Peak 906.66M) | Time:00:02.18 | Mem:0.00M, Peak:0.00M | Scene, ViewLayer | Synchronizing object | G3_glass_retaining_clip.026
Fra:451 Mem:887.48M (Peak 906.66M) | Time:00:02.18 | Mem:0.00M, Peak:0.00M | Scene, ViewLayer | Synchronizing object | G3_clip_slotted_fastener.026
Fra:451 Mem:887.48M (Peak 906.66M) | Time:00:02.18 | Mem:0.00M, Peak:0.00M | Scene, ViewLayer | Synchronizing object | G3_glass_retaining_clip.027
Fra:451 Mem:887.51M (Peak 906.66M) | Time:00:02.18 | Mem:0.00M, Peak:0.00M | Scene, ViewLayer | Synchronizing object | G3_clip_slotted_fastener.027
Fra:451 Mem:887.52M (Peak 906.66M) | Time:00:02.18 | Mem:0.00M, Peak:0.00M | Scene, ViewLayer | Synchronizing object | G3_glass_retaining_clip.028
Fra:451 Mem:887.54M (Peak 906.66M) | Time:00:02.18 | Mem:0.00M, Peak:0.00M | Scene, ViewLayer | Synchronizing object | G3_clip_slotted_fastener.028
Fra:451 Mem:887.54M (Peak 906.66M) | Time:00:02.18 | Mem:0.00M, Peak:0.00M | Scene, ViewLayer | Synchronizing object | G3_glass_retaining_clip.029
Fra:451 Mem:887.57M (Peak 906.66M) | Time:00:02.18 | Mem:0.00M, Peak:0.00M | Scene, ViewLayer | Synchronizing object | G3_clip_slotted_fastener.029
Fra:451 Mem:887.57M (Peak 906.66M) | Time:00:02.18 | Mem:0.00M, Peak:0.00M | Scene, ViewLayer | Synchronizing object | G3_glass_retaining_clip.030
Fra:451 Mem:887.60M (Peak 906.66M) | Time:00:02.18 | Mem:0.00M, Peak:0.00M | Scene, ViewLayer | Synchronizing object | G3_clip_slotted_fastener.030
Fra:451 Mem:887.60M (Peak 906.66M) | Time:00:02.18 | Mem:0.00M, Peak:0.00M | Scene, ViewLayer | Synchronizing object | G3_glass_retaining_clip.031
Fra:451 Mem:887.63M (Peak 906.66M) | Time:00:02.18 | Mem:0.00M, Peak:0.00M | Scene, ViewLayer | Synchronizing object | G3_clip_slotted_fastener.031
Fra:451 Mem:887.63M (Peak 906.66M) | Time:00:02.18 | Mem:0.00M, Peak:0.00M | Scene, ViewLayer | Synchronizing object | G3_column_anchor_bolt
Fra:451 Mem:887.65M (Peak 906.66M) | Time:00:02.18 | Mem:0.00M, Peak:0.00M | Scene, ViewLayer | Synchronizing object | G3_column_anchor_bolt.001
Fra:451 Mem:887.63M (Peak 906.66M) | Time:00:02.18 | Mem:0.00M, Peak:0.00M | Scene, ViewLayer | Synchronizing object | G3_column_anchor_bolt.002
Fra:451 Mem:887.63M (Peak 906.66M) | Time:00:02.18 | Mem:0.00M, Peak:0.00M | Scene, ViewLayer | Synchronizing object | G3_column_anchor_bolt.003
Fra:451 Mem:887.63M (Peak 906.66M) | Time:00:02.18 | Mem:0.00M, Peak:0.00M | Scene, ViewLayer | Synchronizing object | G3_column_cap_plate
Fra:451 Mem:887.64M (Peak 906.66M) | Time:00:02.18 | Mem:0.00M, Peak:0.00M | Scene, ViewLayer | Synchronizing object | G3_cap_rivet
Fra:451 Mem:887.68M (Peak 906.66M) | Time:00:02.18 | Mem:0.00M, Peak:0.00M | Scene, ViewLayer | Synchronizing object | G3_cap_rivet.001
Fra:451 Mem:887.67M (Peak 906.66M) | Time:00:02.18 | Mem:0.00M, Peak:0.00M | Scene, ViewLayer | Synchronizing object | G3_column_anchor_bolt.004
Fra:451 Mem:887.68M (Peak 906.66M) | Time:00:02.18 | Mem:0.00M, Peak:0.00M | Scene, ViewLayer | Synchronizing object | G3_column_anchor_bolt.005
Fra:451 Mem:887.68M (Peak 906.66M) | Time:00:02.18 | Mem:0.00M, Peak:0.00M | Scene, ViewLayer | Synchronizing object | G3_column_anchor_bolt.006
Fra:451 Mem:887.69M (Peak 906.66M) | Time:00:02.18 | Mem:0.00M, Peak:0.00M | Scene, ViewLayer | Synchronizing object | G3_column_anchor_bolt.007
Fra:451 Mem:887.68M (Peak 906.66M) | Time:00:02.18 | Mem:0.00M, Peak:0.00M | Scene, ViewLayer | Synchronizing object | G3_column_cap_plate.001
Fra:451 Mem:887.68M (Peak 906.66M) | Time:00:02.18 | Mem:0.00M, Peak:0.00M | Scene, ViewLayer | Synchronizing object | G3_cap_rivet.002
Fra:451 Mem:887.75M (Peak 906.66M) | Time:00:02.18 | Mem:0.00M, Peak:0.00M | Scene, ViewLayer | Synchronizing object | G3_cap_rivet.003
Fra:451 Mem:887.73M (Peak 906.66M) | Time:00:02.18 | Mem:0.00M, Peak:0.00M | Scene, ViewLayer | Synchronizing object | G3_hall_hinge_barrel
Fra:451 Mem:887.74M (Peak 906.66M) | Time:00:02.18 | Mem:0.00M, Peak:0.00M | Scene, ViewLayer | Synchronizing object | G3_hall_hinge_barrel.001
Fra:451 Mem:887.75M (Peak 906.66M) | Time:00:02.18 | Mem:0.00M, Peak:0.00M | Scene, ViewLayer | Synchronizing object | G3_hall_hinge_barrel.002
Fra:451 Mem:887.75M (Peak 906.66M) | Time:00:02.18 | Mem:0.00M, Peak:0.00M | Scene, ViewLayer | Synchronizing object | G3_hall_hinge_barrel.003
Fra:451 Mem:887.76M (Peak 906.66M) | Time:00:02.18 | Mem:0.00M, Peak:0.00M | Scene, ViewLayer | Synchronizing object | G3_hall_hinge_barrel.004
Fra:451 Mem:887.77M (Peak 906.66M) | Time:00:02.18 | Mem:0.00M, Peak:0.00M | Scene, ViewLayer | Synchronizing object | G3_hall_hinge_barrel.005
Fra:451 Mem:887.77M (Peak 906.66M) | Time:00:02.18 | Mem:0.00M, Peak:0.00M | Scene, ViewLayer | Synchronizing object | G3_drain_grate
Fra:451 Mem:887.78M (Peak 906.66M) | Time:00:02.18 | Mem:0.00M, Peak:0.00M | Scene, ViewLayer | Synchronizing object | G3_drain_grate.001
Fra:451 Mem:887.85M (Peak 906.66M) | Time:00:02.18 | Mem:0.00M, Peak:0.00M | Scene, ViewLayer | Synchronizing object | G3_drain_grate.002
Fra:451 Mem:887.83M (Peak 906.66M) | Time:00:02.18 | Mem:0.00M, Peak:0.00M | Scene, ViewLayer | Synchronizing object | G3_drain_grate.003
Fra:451 Mem:887.88M (Peak 906.66M) | Time:00:02.18 | Mem:0.00M, Peak:0.00M | Scene, ViewLayer | Synchronizing object | G3_drain_grate.004
Fra:451 Mem:887.88M (Peak 906.66M) | Time:00:02.18 | Mem:0.00M, Peak:0.00M | Scene, ViewLayer | Synchronizing object | G3_drain_grate.005
Fra:451 Mem:887.81M (Peak 906.66M) | Time:00:02.18 | Mem:0.00M, Peak:0.00M | Scene, ViewLayer | Synchronizing object | G3_drain_grate.006
Fra:451 Mem:887.76M (Peak 906.66M) | Time:00:02.19 | Mem:0.00M, Peak:0.00M | Scene, ViewLayer | Synchronizing object | G3_drain_grate.007
Fra:451 Mem:887.47M (Peak 906.66M) | Time:00:02.19 | Mem:0.00M, Peak:0.00M | Scene, ViewLayer | Synchronizing object | G3_drain_grate.008
Fra:451 Mem:887.41M (Peak 906.66M) | Time:00:02.19 | Mem:0.00M, Peak:0.00M | Scene, ViewLayer | Synchronizing object | G3_drain_grate.009
Fra:451 Mem:887.03M (Peak 906.66M) | Time:00:02.19 | Mem:0.00M, Peak:0.00M | Scene, ViewLayer | Synchronizing object | G3_drain_grate.010
Fra:451 Mem:886.53M (Peak 906.66M) | Time:00:02.19 | Mem:0.00M, Peak:0.00M | Scene, ViewLayer | Synchronizing object | G3_drain_grate.012
Fra:451 Mem:886.56M (Peak 906.66M) | Time:00:02.19 | Mem:0.00M, Peak:0.00M | Scene, ViewLayer | Synchronizing object | G3_drain_grate.013
Fra:451 Mem:886.62M (Peak 906.66M) | Time:00:02.19 | Mem:0.00M, Peak:0.00M | Scene, ViewLayer | Synchronizing object | G4COAST_R07_surface_runoff
Fra:451 Mem:886.64M (Peak 906.66M) | Time:00:02.19 | Mem:0.00M, Peak:0.00M | Scene, ViewLayer | Synchronizing object | G3_drain_grate.014
Fra:451 Mem:886.68M (Peak 906.66M) | Time:00:02.19 | Mem:0.00M, Peak:0.00M | Scene, ViewLayer | Synchronizing object | G3_drain_grate.015
Fra:451 Mem:886.71M (Peak 906.66M) | Time:00:02.19 | Mem:0.00M, Peak:0.00M | Scene, ViewLayer | Synchronizing object | G3_drain_grate.016
Fra:451 Mem:886.74M (Peak 906.66M) | Time:00:02.19 | Mem:0.00M, Peak:0.00M | Scene, ViewLayer | Synchronizing object | G3_drain_grate.017
Fra:451 Mem:886.77M (Peak 906.66M) | Time:00:02.19 | Mem:0.00M, Peak:0.00M | Scene, ViewLayer | Synchronizing object | G3_drain_grate.018
Fra:451 Mem:886.80M (Peak 906.66M) | Time:00:02.19 | Mem:0.00M, Peak:0.00M | Scene, ViewLayer | Synchronizing object | G3_drain_grate.019
Fra:451 Mem:886.83M (Peak 906.66M) | Time:00:02.19 | Mem:0.00M, Peak:0.00M | Scene, ViewLayer | Synchronizing object | G3_drain_grate.020
Fra:451 Mem:886.86M (Peak 906.66M) | Time:00:02.19 | Mem:0.00M, Peak:0.00M | Scene, ViewLayer | Synchronizing object | G3_walnut_cafe_top
Fra:451 Mem:887.11M (Peak 906.66M) | Time:00:02.19 | Mem:0.00M, Peak:0.00M | Scene, ViewLayer | Synchronizing object | G3_table_edge_inlay
Fra:451 Mem:887.18M (Peak 906.66M) | Time:00:02.19 | Mem:0.00M, Peak:0.00M | Scene, ViewLayer | Synchronizing object | G3_turned_pedestal
Fra:451 Mem:887.27M (Peak 906.66M) | Time:00:02.19 | Mem:0.00M, Peak:0.00M | Scene, ViewLayer | Synchronizing object | G3_foot_felt_contact
Fra:451 Mem:887.27M (Peak 906.66M) | Time:00:02.19 | Mem:0.00M, Peak:0.00M | Scene, ViewLayer | Synchronizing object | G3_foot_felt_contact.001
Fra:451 Mem:887.28M (Peak 906.66M) | Time:00:02.19 | Mem:0.00M, Peak:0.00M | Scene, ViewLayer | Synchronizing object | G3_foot_felt_contact.002
Fra:451 Mem:887.29M (Peak 906.66M) | Time:00:02.19 | Mem:0.00M, Peak:0.00M | Scene, ViewLayer | Synchronizing object | G3_sideboard_carcass
Fra:451 Mem:887.33M (Peak 906.66M) | Time:00:02.19 | Mem:0.00M, Peak:0.00M | Scene, ViewLayer | Synchronizing object | G3_sideboard_top
Fra:451 Mem:887.36M (Peak 906.66M) | Time:00:02.19 | Mem:0.00M, Peak:0.00M | Scene, ViewLayer | Synchronizing object | G3_cabinet_stile
Fra:451 Mem:887.32M (Peak 906.66M) | Time:00:02.19 | Mem:0.00M, Peak:0.00M | Scene, ViewLayer | Synchronizing object | G3_cabinet_stile.001
Fra:451 Mem:887.36M (Peak 906.66M) | Time:00:02.19 | Mem:0.00M, Peak:0.00M | Scene, ViewLayer | Synchronizing object | G3_cabinet_rail
Fra:451 Mem:887.38M (Peak 906.66M) | Time:00:02.19 | Mem:0.00M, Peak:0.00M | Scene, ViewLayer | Synchronizing object | R08_rolled_cab_lip_Cab_complete_roof_loft
Fra:451 Mem:887.45M (Peak 906.66M) | Time:00:02.19 | Mem:0.00M, Peak:0.00M | Scene, ViewLayer | Synchronizing object | G3_cabinet_rail.001
Fra:451 Mem:887.47M (Peak 906.66M) | Time:00:02.19 | Mem:0.00M, Peak:0.00M | Scene, ViewLayer | Synchronizing object | G3_cabinet_recessed_panel
Fra:451 Mem:887.51M (Peak 906.66M) | Time:00:02.19 | Mem:0.00M, Peak:0.00M | Scene, ViewLayer | Synchronizing object | G3_panel_border
Fra:451 Mem:887.61M (Peak 906.66M) | Time:00:02.19 | Mem:0.00M, Peak:0.00M | Scene, ViewLayer | Synchronizing object | G3_panel_border.001
Fra:451 Mem:887.63M (Peak 906.66M) | Time:00:02.19 | Mem:0.00M, Peak:0.00M | Scene, ViewLayer | Synchronizing object | G3_cabinet_pull_mount
Fra:451 Mem:887.64M (Peak 906.66M) | Time:00:02.19 | Mem:0.00M, Peak:0.00M | Scene, ViewLayer | Synchronizing object | G3_cabinet_pull
Fra:451 Mem:887.65M (Peak 906.66M) | Time:00:02.19 | Mem:0.00M, Peak:0.00M | Scene, ViewLayer | Synchronizing object | G3_cabinet_recessed_panel.001
Fra:451 Mem:887.71M (Peak 906.66M) | Time:00:02.19 | Mem:0.00M, Peak:0.00M | Scene, ViewLayer | Synchronizing object | G3_panel_border.002
Fra:451 Mem:887.72M (Peak 906.66M) | Time:00:02.19 | Mem:0.00M, Peak:0.00M | Scene, ViewLayer | Synchronizing object | R08_rolled_cab_lip_Cab_complete_roof_loft.001
Fra:451 Mem:887.84M (Peak 906.66M) | Time:00:02.19 | Mem:0.00M, Peak:0.00M | Scene, ViewLayer | Synchronizing object | G3_panel_border.003
Fra:451 Mem:887.87M (Peak 906.66M) | Time:00:02.19 | Mem:0.00M, Peak:0.00M | Scene, ViewLayer | Synchronizing object | G3_cabinet_pull_mount.001
Fra:451 Mem:887.87M (Peak 906.66M) | Time:00:02.19 | Mem:0.00M, Peak:0.00M | Scene, ViewLayer | Synchronizing object | G3_cabinet_pull.001
Fra:451 Mem:887.88M (Peak 906.66M) | Time:00:02.19 | Mem:0.00M, Peak:0.00M | Scene, ViewLayer | Synchronizing object | G3_cabinet_foot
Fra:451 Mem:887.92M (Peak 906.66M) | Time:00:02.19 | Mem:0.00M, Peak:0.00M | Scene, ViewLayer | Synchronizing object | G3_cabinet_foot.001
Fra:451 Mem:887.92M (Peak 906.66M) | Time:00:02.19 | Mem:0.00M, Peak:0.00M | Scene, ViewLayer | Synchronizing object | G3_cabinet_foot.003
Fra:451 Mem:887.92M (Peak 906.66M) | Time:00:02.19 | Mem:0.00M, Peak:0.00M | Scene, ViewLayer | Synchronizing object | R08_tailored_welt_Car_seat_back
Fra:451 Mem:887.92M (Peak 906.66M) | Time:00:02.19 | Mem:0.00M, Peak:0.00M | Scene, ViewLayer | Synchronizing object | G3_porcelain_saucer
Fra:451 Mem:887.94M (Peak 906.66M) | Time:00:02.19 | Mem:0.00M, Peak:0.00M | Scene, ViewLayer | Synchronizing object | G3_porcelain_cup
Fra:451 Mem:888.22M (Peak 906.66M) | Time:00:02.19 | Mem:0.00M, Peak:0.00M | Scene, ViewLayer | Synchronizing object | R08_seam_stitches_Car_seat_back
Fra:451 Mem:888.23M (Peak 906.66M) | Time:00:02.19 | Mem:0.00M, Peak:0.00M | Scene, ViewLayer | Synchronizing object | G3_coffee_meniscus
Fra:451 Mem:888.30M (Peak 906.66M) | Time:00:02.19 | Mem:0.00M, Peak:0.00M | Scene, ViewLayer | Synchronizing object | G3_lamp_base
Fra:451 Mem:888.49M (Peak 906.66M) | Time:00:02.19 | Mem:0.00M, Peak:0.00M | Scene, ViewLayer | Synchronizing object | G3_lamp_stem
Fra:451 Mem:888.58M (Peak 906.66M) | Time:00:02.19 | Mem:0.00M, Peak:0.00M | Scene, ViewLayer | Synchronizing object | G3_lamp_shade
Fra:451 Mem:888.66M (Peak 906.66M) | Time:00:02.19 | Mem:0.00M, Peak:0.00M | Scene, ViewLayer | Synchronizing object | G3_lamp_diffuser
Fra:451 Mem:888.75M (Peak 906.66M) | Time:00:02.19 | Mem:0.00M, Peak:0.00M | Scene, ViewLayer | Synchronizing object | GreenChair_01
Fra:451 Mem:888.76M (Peak 906.66M) | Time:00:02.19 | Mem:0.00M, Peak:0.00M | Scene, ViewLayer | Synchronizing object | GreenChair_01.001
Fra:451 Mem:889.45M (Peak 906.66M) | Time:00:02.19 | Mem:0.00M, Peak:0.00M | Scene, ViewLayer | Synchronizing object | R08_tailored_welt_Car_seat_back.001
Fra:451 Mem:889.60M (Peak 906.66M) | Time:00:02.19 | Mem:0.00M, Peak:0.00M | Scene, ViewLayer | Synchronizing object | R08_seam_stitches_Car_seat_back.001
Fra:451 Mem:890.07M (Peak 906.66M) | Time:00:02.19 | Mem:0.00M, Peak:0.00M | Scene, ViewLayer | Synchronizing object | R08_tailored_welt_Car_seat_back.002
Fra:451 Mem:890.17M (Peak 906.66M) | Time:00:02.19 | Mem:0.00M, Peak:0.00M | Scene, ViewLayer | Synchronizing object | R08_seam_stitches_Car_seat_back.002
Fra:451 Mem:891.33M (Peak 906.66M) | Time:00:02.19 | Mem:0.00M, Peak:0.00M | Scene, ViewLayer | Synchronizing object | potted_plant_01_stem
Fra:451 Mem:891.38M (Peak 906.66M) | Time:00:02.19 | Mem:0.00M, Peak:0.00M | Scene, ViewLayer | Synchronizing object | R08_tailored_welt_Car_seat_back.003
Fra:451 Mem:891.34M (Peak 906.66M) | Time:00:02.19 | Mem:0.00M, Peak:0.00M | Scene, ViewLayer | Synchronizing object | potted_plant_01_leaves
Fra:451 Mem:891.56M (Peak 906.66M) | Time:00:02.19 | Mem:0.00M, Peak:0.00M | Scene, ViewLayer | Synchronizing object | R08_seam_stitches_Car_seat_back.003
Fra:451 Mem:893.10M (Peak 906.66M) | Time:00:02.19 | Mem:0.00M, Peak:0.00M | Scene, ViewLayer | Synchronizing object | R08_tailored_welt_Car_seat_back.004
Fra:451 Mem:893.19M (Peak 906.66M) | Time:00:02.19 | Mem:0.00M, Peak:0.00M | Scene, ViewLayer | Synchronizing object | R08_seam_stitches_Car_seat_back.004
Fra:451 Mem:894.02M (Peak 906.66M) | Time:00:02.19 | Mem:0.00M, Peak:0.00M | Scene, ViewLayer | Synchronizing object | potted_plant_01_pebbles
Fra:451 Mem:894.30M (Peak 906.66M) | Time:00:02.19 | Mem:0.00M, Peak:0.00M | Scene, ViewLayer | Synchronizing object | R08_tailored_welt_Car_seat_back.005
Fra:451 Mem:894.42M (Peak 906.66M) | Time:00:02.19 | Mem:0.00M, Peak:0.00M | Scene, ViewLayer | Synchronizing object | R08_seam_stitches_Car_seat_back.005
Fra:451 Mem:895.02M (Peak 906.66M) | Time:00:02.19 | Mem:0.00M, Peak:0.00M | Scene, ViewLayer | Synchronizing object | R08_tailored_welt_Car_seat_back.006
Fra:451 Mem:895.11M (Peak 906.66M) | Time:00:02.19 | Mem:0.00M, Peak:0.00M | Scene, ViewLayer | Synchronizing object | R08_seam_stitches_Car_seat_back.006
Fra:451 Mem:896.70M (Peak 906.66M) | Time:00:02.19 | Mem:0.00M, Peak:0.00M | Scene, ViewLayer | Synchronizing object | R08_tailored_welt_Car_seat_back.007
Fra:451 Mem:896.99M (Peak 906.66M) | Time:00:02.19 | Mem:0.00M, Peak:0.00M | Scene, ViewLayer | Synchronizing object | R08_seam_stitches_Car_seat_back.007
Fra:451 Mem:897.38M (Peak 906.66M) | Time:00:02.20 | Mem:0.00M, Peak:0.00M | Scene, ViewLayer | Synchronizing object | potted_plant_01_pot
Fra:451 Mem:901.47M (Peak 906.66M) | Time:00:02.20 | Mem:0.00M, Peak:0.00M | Scene, ViewLayer | Synchronizing object | R08_tailored_welt_Car_seat_back.008
Fra:451 Mem:902.85M (Peak 906.66M) | Time:00:02.20 | Mem:0.00M, Peak:0.00M | Scene, ViewLayer | Synchronizing object | R08_seam_stitches_Car_seat_back.008
Fra:451 Mem:903.34M (Peak 906.66M) | Time:00:02.20 | Mem:0.00M, Peak:0.00M | Scene, ViewLayer | Synchronizing object | R08_tailored_welt_Car_seat_back.009
Fra:451 Mem:903.44M (Peak 906.66M) | Time:00:02.20 | Mem:0.00M, Peak:0.00M | Scene, ViewLayer | Synchronizing object | R08_seam_stitches_Car_seat_back.009
Fra:451 Mem:904.21M (Peak 906.66M) | Time:00:02.20 | Mem:0.00M, Peak:0.00M | Scene, ViewLayer | Synchronizing object | G3_door_jamb_cover
Fra:451 Mem:904.31M (Peak 906.66M) | Time:00:02.20 | Mem:0.00M, Peak:0.00M | Scene, ViewLayer | Synchronizing object | G3_door_jamb_cover.001
Fra:451 Mem:904.35M (Peak 906.66M) | Time:00:02.20 | Mem:0.00M, Peak:0.00M | Scene, ViewLayer | Synchronizing object | R08_tailored_welt_Car_seat_cushion
Fra:451 Mem:904.45M (Peak 906.66M) | Time:00:02.20 | Mem:0.00M, Peak:0.00M | Scene, ViewLayer | Synchronizing object | R08_seam_stitches_Car_seat_cushion
Fra:451 Mem:905.04M (Peak 906.66M) | Time:00:02.20 | Mem:0.00M, Peak:0.00M | Scene, ViewLayer | Synchronizing object | G3_door_track_housing
Fra:451 Mem:905.42M (Peak 906.66M) | Time:00:02.20 | Mem:0.00M, Peak:0.00M | Scene, ViewLayer | Synchronizing object | R08_tailored_welt_Car_seat_cushion.001
Fra:451 Mem:905.51M (Peak 906.66M) | Time:00:02.20 | Mem:0.00M, Peak:0.00M | Scene, ViewLayer | Synchronizing object | R08_seam_stitches_Car_seat_cushion.001
Fra:451 Mem:905.91M (Peak 906.66M) | Time:00:02.20 | Mem:0.00M, Peak:0.00M | Scene, ViewLayer | Synchronizing object | G3_door_roller_bracket
Fra:451 Mem:905.92M (Peak 906.66M) | Time:00:02.20 | Mem:0.00M, Peak:0.00M | Scene, ViewLayer | Synchronizing object | G3_door_carriage_roller
Fra:451 Mem:905.93M (Peak 906.66M) | Time:00:02.20 | Mem:0.00M, Peak:0.00M | Scene, ViewLayer | Synchronizing object | G3_door_roller_bracket.001
Fra:451 Mem:906.04M (Peak 906.66M) | Time:00:02.20 | Mem:0.00M, Peak:0.00M | Scene, ViewLayer | Synchronizing object | G3_door_carriage_roller.001
Fra:451 Mem:906.04M (Peak 906.66M) | Time:00:02.20 | Mem:0.00M, Peak:0.00M | Scene, ViewLayer | Synchronizing object | R08_tailored_welt_Car_seat_cushion.002
Fra:451 Mem:906.14M (Peak 906.66M) | Time:00:02.20 | Mem:0.00M, Peak:0.00M | Scene, ViewLayer | Synchronizing object | R08_seam_stitches_Car_seat_cushion.002
Fra:451 Mem:907.62M (Peak 907.62M) | Time:00:02.20 | Mem:0.00M, Peak:0.00M | Scene, ViewLayer | Synchronizing object | R08_tailored_welt_Car_seat_cushion.003
Fra:451 Mem:907.70M (Peak 907.70M) | Time:00:02.20 | Mem:0.00M, Peak:0.00M | Scene, ViewLayer | Synchronizing object | G3_door_lower_kickplate
Fra:451 Mem:907.75M (Peak 907.75M) | Time:00:02.20 | Mem:0.00M, Peak:0.00M | Scene, ViewLayer | Synchronizing object | R08_seam_stitches_Car_seat_cushion.003
Fra:451 Mem:908.08M (Peak 908.08M) | Time:00:02.20 | Mem:0.00M, Peak:0.00M | Scene, ViewLayer | Synchronizing object | G3_kickplate_fastener
Fra:451 Mem:908.09M (Peak 908.09M) | Time:00:02.20 | Mem:0.00M, Peak:0.00M | Scene, ViewLayer | Synchronizing object | G3_kickplate_fastener.001
Fra:451 Mem:908.09M (Peak 908.09M) | Time:00:02.20 | Mem:0.00M, Peak:0.00M | Scene, ViewLayer | Synchronizing object | G3_kickplate_fastener.002
Fra:451 Mem:908.15M (Peak 908.15M) | Time:00:02.20 | Mem:0.00M, Peak:0.00M | Scene, ViewLayer | Synchronizing object | G3_kickplate_fastener.003
Fra:451 Mem:908.15M (Peak 908.15M) | Time:00:02.20 | Mem:0.00M, Peak:0.00M | Scene, ViewLayer | Synchronizing object | G3_door_roller_bracket.002
Fra:451 Mem:908.22M (Peak 908.22M) | Time:00:02.20 | Mem:0.00M, Peak:0.00M | Scene, ViewLayer | Synchronizing object | G3_door_carriage_roller.002
Fra:451 Mem:909.72M (Peak 909.72M) | Time:00:02.20 | Mem:0.00M, Peak:0.00M | Scene, ViewLayer | Synchronizing object | G3_door_roller_bracket.003
Fra:451 Mem:909.76M (Peak 909.76M) | Time:00:02.20 | Mem:0.00M, Peak:0.00M | Scene, ViewLayer | Synchronizing object | R08_tailored_welt_Car_seat_cushion.004
Fra:451 Mem:909.86M (Peak 909.86M) | Time:00:02.20 | Mem:0.00M, Peak:0.00M | Scene, ViewLayer | Synchronizing object | R08_seam_stitches_Car_seat_cushion.004
Fra:451 Mem:910.32M (Peak 910.32M) | Time:00:02.20 | Mem:0.00M, Peak:0.00M | Scene, ViewLayer | Synchronizing object | R08_tailored_welt_Car_seat_cushion.005
Fra:451 Mem:910.42M (Peak 910.42M) | Time:00:02.20 | Mem:0.00M, Peak:0.00M | Scene, ViewLayer | Synchronizing object | R08_seam_stitches_Car_seat_cushion.005
Fra:451 Mem:910.68M (Peak 910.68M) | Time:00:02.20 | Mem:0.00M, Peak:0.00M | Scene, ViewLayer | Synchronizing object | G3_door_carriage_roller.003
Fra:451 Mem:910.78M (Peak 910.78M) | Time:00:02.20 | Mem:0.00M, Peak:0.00M | Scene, ViewLayer | Synchronizing object | G3_door_lower_kickplate.001
Fra:451 Mem:910.84M (Peak 910.84M) | Time:00:02.20 | Mem:0.00M, Peak:0.00M | Scene, ViewLayer | Synchronizing object | G3_kickplate_fastener.004
Fra:451 Mem:910.87M (Peak 910.87M) | Time:00:02.20 | Mem:0.00M, Peak:0.00M | Scene, ViewLayer | Synchronizing object | G3_kickplate_fastener.005
Fra:451 Mem:910.85M (Peak 910.87M) | Time:00:02.20 | Mem:0.00M, Peak:0.00M | Scene, ViewLayer | Synchronizing object | G3_kickplate_fastener.006
Fra:451 Mem:910.85M (Peak 910.87M) | Time:00:02.20 | Mem:0.00M, Peak:0.00M | Scene, ViewLayer | Synchronizing object | G3_kickplate_fastener.007
Fra:451 Mem:910.85M (Peak 910.87M) | Time:00:02.20 | Mem:0.00M, Peak:0.00M | Scene, ViewLayer | Synchronizing object | G3_threshold_traction_groove
Fra:451 Mem:911.17M (Peak 911.17M) | Time:00:02.20 | Mem:0.00M, Peak:0.00M | Scene, ViewLayer | Synchronizing object | G3_threshold_traction_groove.001
Fra:451 Mem:911.93M (Peak 911.93M) | Time:00:02.20 | Mem:0.00M, Peak:0.00M | Scene, ViewLayer | Synchronizing object | G3_threshold_traction_groove.002
Fra:451 Mem:911.93M (Peak 911.93M) | Time:00:02.20 | Mem:0.00M, Peak:0.00M | Scene, ViewLayer | Synchronizing object | R08_tailored_welt_Car_seat_cushion.006
Fra:451 Mem:912.73M (Peak 912.73M) | Time:00:02.20 | Mem:0.00M, Peak:0.00M | Scene, ViewLayer | Synchronizing object | G3_threshold_traction_groove.003
Fra:451 Mem:913.41M (Peak 913.41M) | Time:00:02.20 | Mem:0.00M, Peak:0.00M | Scene, ViewLayer | Synchronizing object | R08_seam_stitches_Car_seat_cushion.006
Fra:451 Mem:914.44M (Peak 914.44M) | Time:00:02.20 | Mem:0.00M, Peak:0.00M | Scene, ViewLayer | Synchronizing object | G3_threshold_traction_groove.004
Fra:451 Mem:914.59M (Peak 914.59M) | Time:00:02.20 | Mem:0.00M, Peak:0.00M | Scene, ViewLayer | Synchronizing object | G3_threshold_traction_groove.005
Fra:451 Mem:914.61M (Peak 914.61M) | Time:00:02.20 | Mem:0.00M, Peak:0.00M | Scene, ViewLayer | Synchronizing object | G3_threshold_traction_groove.006
Fra:451 Mem:915.34M (Peak 915.34M) | Time:00:02.20 | Mem:0.00M, Peak:0.00M | Scene, ViewLayer | Synchronizing object | G3_night_sky
Fra:451 Mem:915.36M (Peak 915.36M) | Time:00:02.20 | Mem:0.00M, Peak:0.00M | Scene, ViewLayer | Synchronizing object | R08_tailored_welt_Car_seat_cushion.007
Fra:451 Mem:915.46M (Peak 915.46M) | Time:00:02.20 | Mem:0.00M, Peak:0.00M | Scene, ViewLayer | Synchronizing object | R08_seam_stitches_Car_seat_cushion.007
Fra:451 Mem:915.45M (Peak 915.46M) | Time:00:02.20 | Mem:0.00M, Peak:0.00M | Scene, ViewLayer | Synchronizing object | G3_interior_softbox
Fra:451 Mem:915.46M (Peak 915.46M) | Time:00:02.21 | Mem:0.00M, Peak:0.00M | Scene, ViewLayer | Synchronizing object | R08_tailored_welt_Car_seat_cushion.008
Fra:451 Mem:914.46M (Peak 915.46M) | Time:00:02.21 | Mem:0.00M, Peak:0.00M | Scene, ViewLayer | Synchronizing object | R08_seam_stitches_Car_seat_cushion.008
Fra:451 Mem:917.53M (Peak 917.53M) | Time:00:02.21 | Mem:0.00M, Peak:0.00M | Scene, ViewLayer | Synchronizing object | R08_tailored_welt_Car_seat_cushion.009
Fra:451 Mem:917.63M (Peak 917.63M) | Time:00:02.21 | Mem:0.00M, Peak:0.00M | Scene, ViewLayer | Synchronizing object | R08_seam_stitches_Car_seat_cushion.009
Fra:451 Mem:918.23M (Peak 918.23M) | Time:00:02.21 | Mem:0.00M, Peak:0.00M | Scene, ViewLayer | Synchronizing object | R08_tailored_welt_G4_bench_seat_cushion
Fra:451 Mem:918.33M (Peak 918.33M) | Time:00:02.21 | Mem:0.00M, Peak:0.00M | Scene, ViewLayer | Synchronizing object | R08_seam_stitches_G4_bench_seat_cushion
Fra:451 Mem:919.51M (Peak 919.51M) | Time:00:02.21 | Mem:0.00M, Peak:0.00M | Scene, ViewLayer | Synchronizing object | R08_tailored_welt_G4_bench_seat_cushion.001
Fra:451 Mem:919.60M (Peak 919.60M) | Time:00:02.21 | Mem:0.00M, Peak:0.00M | Scene, ViewLayer | Synchronizing object | R08_seam_stitches_G4_bench_seat_cushion.001
Fra:451 Mem:919.99M (Peak 919.99M) | Time:00:02.21 | Mem:0.00M, Peak:0.00M | Scene, ViewLayer | Synchronizing object | R08_tailored_welt_G4_bench_seat_cushion.002
Fra:451 Mem:920.08M (Peak 920.08M) | Time:00:02.21 | Mem:0.00M, Peak:0.00M | Scene, ViewLayer | Synchronizing object | R08_seam_stitches_G4_bench_seat_cushion.002
Fra:451 Mem:920.47M (Peak 920.47M) | Time:00:02.21 | Mem:0.00M, Peak:0.00M | Scene, ViewLayer | Synchronizing object | R08_tailored_welt_G4_bench_seat_cushion.003
Fra:451 Mem:920.57M (Peak 920.57M) | Time:00:02.21 | Mem:0.00M, Peak:0.00M | Scene, ViewLayer | Synchronizing object | R08_seam_stitches_G4_bench_seat_cushion.003
Fra:451 Mem:920.95M (Peak 920.95M) | Time:00:02.21 | Mem:0.00M, Peak:0.00M | Scene, ViewLayer | Synchronizing object | R08_tailored_welt_G4_bench_seat_cushion.004
Fra:451 Mem:921.05M (Peak 921.05M) | Time:00:02.21 | Mem:0.00M, Peak:0.00M | Scene, ViewLayer | Synchronizing object | R08_seam_stitches_G4_bench_seat_cushion.004
Fra:451 Mem:921.43M (Peak 921.43M) | Time:00:02.21 | Mem:0.00M, Peak:0.00M | Scene, ViewLayer | Synchronizing object | R08_tailored_welt_G4_bench_seat_cushion.005
Fra:451 Mem:921.53M (Peak 921.53M) | Time:00:02.21 | Mem:0.00M, Peak:0.00M | Scene, ViewLayer | Synchronizing object | R08_seam_stitches_G4_bench_seat_cushion.005
Fra:451 Mem:921.91M (Peak 921.91M) | Time:00:02.21 | Mem:0.00M, Peak:0.00M | Scene, ViewLayer | Synchronizing object | R08_tailored_welt_G4_bench_seat_cushion.006
Fra:451 Mem:922.01M (Peak 922.01M) | Time:00:02.21 | Mem:0.00M, Peak:0.00M | Scene, ViewLayer | Synchronizing object | R08_seam_stitches_G4_bench_seat_cushion.006
Fra:451 Mem:922.39M (Peak 922.39M) | Time:00:02.21 | Mem:0.00M, Peak:0.00M | Scene, ViewLayer | Synchronizing object | R08_tailored_welt_G4_bench_seat_cushion.007
Fra:451 Mem:922.49M (Peak 922.49M) | Time:00:02.21 | Mem:0.00M, Peak:0.00M | Scene, ViewLayer | Synchronizing object | R08_seam_stitches_G4_bench_seat_cushion.007
Fra:451 Mem:922.87M (Peak 922.87M) | Time:00:02.21 | Mem:0.00M, Peak:0.00M | Scene, ViewLayer | Synchronizing object | R08_tailored_welt_G4_bench_seat_cushion.008
Fra:451 Mem:922.97M (Peak 922.97M) | Time:00:02.21 | Mem:0.00M, Peak:0.00M | Scene, ViewLayer | Synchronizing object | R08_seam_stitches_G4_bench_seat_cushion.008
Fra:451 Mem:923.21M (Peak 923.21M) | Time:00:02.21 | Mem:0.00M, Peak:0.00M | Scene, ViewLayer | Synchronizing object | R08_tailored_welt_G4_bench_seat_cushion.009
Fra:451 Mem:923.31M (Peak 923.31M) | Time:00:02.21 | Mem:0.00M, Peak:0.00M | Scene, ViewLayer | Synchronizing object | R08_seam_stitches_G4_bench_seat_cushion.009
Fra:451 Mem:923.69M (Peak 923.69M) | Time:00:02.21 | Mem:0.00M, Peak:0.00M | Scene, ViewLayer | Synchronizing object | R08_tailored_welt_G4_bench_seat_cushion.010
Fra:451 Mem:923.79M (Peak 923.79M) | Time:00:02.22 | Mem:0.00M, Peak:0.00M | Scene, ViewLayer | Synchronizing object | R08_seam_stitches_G4_bench_seat_cushion.010
Fra:451 Mem:924.18M (Peak 924.18M) | Time:00:02.22 | Mem:0.00M, Peak:0.00M | Scene, ViewLayer | Synchronizing object | R08_tailored_welt_G4_bench_seat_cushion.011
Fra:451 Mem:924.27M (Peak 924.27M) | Time:00:02.22 | Mem:0.00M, Peak:0.00M | Scene, ViewLayer | Synchronizing object | R08_seam_stitches_G4_bench_seat_cushion.011
Fra:451 Mem:924.66M (Peak 924.66M) | Time:00:02.22 | Mem:0.00M, Peak:0.00M | Scene, ViewLayer | Synchronizing object | G4COAST_R07_walkway_wash.003
Fra:451 Mem:924.66M (Peak 924.66M) | Time:00:02.22 | Mem:0.00M, Peak:0.00M | Scene, ViewLayer | Synchronizing object | G4COAST_R07_step_light_bezel.003
Fra:451 Mem:924.68M (Peak 924.68M) | Time:00:02.22 | Mem:0.00M, Peak:0.00M | Scene, ViewLayer | Synchronizing object | G4COAST_R07_shielded_step_light.003
Fra:451 Mem:924.70M (Peak 924.70M) | Time:00:02.22 | Mem:0.00M, Peak:0.00M | Scene, ViewLayer | Synchronizing object | G4COAST_R07_plinth_fixture_back.003
Fra:451 Mem:924.72M (Peak 924.72M) | Time:00:02.22 | Mem:0.00M, Peak:0.00M | Scene, ViewLayer | Synchronizing object | G4COAST_R07_walkway_wash.002
Fra:451 Mem:924.72M (Peak 924.72M) | Time:00:02.22 | Mem:0.00M, Peak:0.00M | Scene, ViewLayer | Synchronizing object | G4COAST_R07_step_light_bezel.002
Fra:451 Mem:924.75M (Peak 924.75M) | Time:00:02.22 | Mem:0.00M, Peak:0.00M | Scene, ViewLayer | Synchronizing object | G4COAST_R07_shielded_step_light.002
Fra:451 Mem:924.77M (Peak 924.77M) | Time:00:02.22 | Mem:0.00M, Peak:0.00M | Scene, ViewLayer | Synchronizing object | G4COAST_R07_plinth_fixture_back.002
Fra:451 Mem:924.79M (Peak 924.79M) | Time:00:02.22 | Mem:0.00M, Peak:0.00M | Scene, ViewLayer | Synchronizing object | G4COAST_R07_walkway_wash.001
Fra:451 Mem:924.79M (Peak 924.79M) | Time:00:02.22 | Mem:0.00M, Peak:0.00M | Scene, ViewLayer | Synchronizing object | G4COAST_R07_step_light_bezel.001
Fra:451 Mem:924.82M (Peak 924.82M) | Time:00:02.22 | Mem:0.00M, Peak:0.00M | Scene, ViewLayer | Synchronizing object | G4COAST_R07_shielded_step_light.001
Fra:451 Mem:924.84M (Peak 924.84M) | Time:00:02.22 | Mem:0.00M, Peak:0.00M | Scene, ViewLayer | Synchronizing object | G4COAST_R07_plinth_fixture_back.001
Fra:451 Mem:924.86M (Peak 924.86M) | Time:00:02.22 | Mem:0.00M, Peak:0.00M | Scene, ViewLayer | Synchronizing object | G4COAST_R07_walkway_wash
Fra:451 Mem:924.86M (Peak 924.86M) | Time:00:02.22 | Mem:0.00M, Peak:0.00M | Scene, ViewLayer | Synchronizing object | G4COAST_R07_step_light_bezel
Fra:451 Mem:924.88M (Peak 924.88M) | Time:00:02.22 | Mem:0.00M, Peak:0.00M | Scene, ViewLayer | Synchronizing object | G4COAST_R07_shielded_step_light
Fra:451 Mem:924.91M (Peak 924.91M) | Time:00:02.22 | Mem:0.00M, Peak:0.00M | Scene, ViewLayer | Synchronizing object | G4COAST_R07_plinth_fixture_back
Fra:451 Mem:924.93M (Peak 924.93M) | Time:00:02.22 | Mem:0.00M, Peak:0.00M | Scene, ViewLayer | Synchronizing object | G4COAST_R07_surface_runoff
Fra:451 Mem:924.93M (Peak 924.93M) | Time:00:02.22 | Mem:0.00M, Peak:0.00M | Scene, ViewLayer | Synchronizing object | G4COAST_R06_exterior_round_rain
Fra:451 Mem:924.93M (Peak 924.93M) | Time:00:02.22 | Mem:0.00M, Peak:0.00M | Scene, ViewLayer | Synchronizing object | G4COAST_R06_roof_and_leeward_water_caps
Fra:451 Mem:941.83M (Peak 941.83M) | Time:00:02.22 | Mem:0.00M, Peak:0.00M | Scene, ViewLayer | Synchronizing object | G3_window_rim
Fra:451 Mem:941.83M (Peak 941.83M) | Time:00:02.22 | Mem:0.00M, Peak:0.00M | Scene, ViewLayer | Synchronizing object | G3_cafe_practical
Fra:451 Mem:941.83M (Peak 941.83M) | Time:00:02.22 | Mem:0.00M, Peak:0.00M | Scene, ViewLayer | Synchronizing object | G3_door_practical
Fra:451 Mem:941.83M (Peak 941.83M) | Time:00:02.22 | Mem:0.00M, Peak:0.00M | Scene, ViewLayer | Synchronizing object | G3_pendant_drop
Fra:451 Mem:941.84M (Peak 941.84M) | Time:00:02.22 | Mem:0.00M, Peak:0.00M | Scene, ViewLayer | Synchronizing object | G3_pendant_shade
Fra:451 Mem:941.89M (Peak 941.89M) | Time:00:02.22 | Mem:0.00M, Peak:0.00M | Scene, ViewLayer | Synchronizing object | G3_pendant_diffuser
Fra:451 Mem:941.91M (Peak 941.91M) | Time:00:02.22 | Mem:0.00M, Peak:0.00M | Scene, ViewLayer | Synchronizing object | G3_pendant_light
Fra:451 Mem:941.91M (Peak 941.91M) | Time:00:02.22 | Mem:0.00M, Peak:0.00M | Scene, ViewLayer | Synchronizing object | G3R03_wood_recess_panel
Fra:451 Mem:943.42M (Peak 943.42M) | Time:00:02.23 | Mem:0.00M, Peak:0.00M | Scene, ViewLayer | Synchronizing object | G3R03_panel_horizontal_bead
Fra:451 Mem:943.85M (Peak 943.85M) | Time:00:02.23 | Mem:0.00M, Peak:0.00M | Scene, ViewLayer | Synchronizing object | G3R03_panel_horizontal_bead.001
Fra:451 Mem:944.44M (Peak 944.44M) | Time:00:02.23 | Mem:0.00M, Peak:0.00M | Scene, ViewLayer | Synchronizing object | G3R03_wood_recess_panel.001
Fra:451 Mem:944.46M (Peak 944.46M) | Time:00:02.23 | Mem:0.00M, Peak:0.00M | Scene, ViewLayer | Synchronizing object | G3R03_panel_horizontal_bead.002
Fra:451 Mem:945.12M (Peak 945.12M) | Time:00:02.23 | Mem:0.00M, Peak:0.00M | Scene, ViewLayer | Synchronizing object | G3R03_panel_horizontal_bead.003
Fra:451 Mem:945.15M (Peak 945.15M) | Time:00:02.23 | Mem:0.00M, Peak:0.00M | Scene, ViewLayer | Synchronizing object | G3R03_wood_recess_panel.002
Fra:451 Mem:945.17M (Peak 945.17M) | Time:00:02.23 | Mem:0.00M, Peak:0.00M | Scene, ViewLayer | Synchronizing object | G3R03_panel_horizontal_bead.004
Fra:451 Mem:946.50M (Peak 946.50M) | Time:00:02.23 | Mem:0.00M, Peak:0.00M | Scene, ViewLayer | Synchronizing object | G3R03_panel_horizontal_bead.005
Fra:451 Mem:946.52M (Peak 946.52M) | Time:00:02.23 | Mem:0.00M, Peak:0.00M | Scene, ViewLayer | Synchronizing object | G3R03_wood_recess_panel.003
Fra:451 Mem:946.55M (Peak 946.55M) | Time:00:02.23 | Mem:0.00M, Peak:0.00M | Scene, ViewLayer | Synchronizing object | G3R03_panel_horizontal_bead.006
Fra:451 Mem:946.57M (Peak 946.57M) | Time:00:02.23 | Mem:0.00M, Peak:0.00M | Scene, ViewLayer | Synchronizing object | G3R03_panel_horizontal_bead.007
Fra:451 Mem:949.04M (Peak 949.04M) | Time:00:02.23 | Mem:0.00M, Peak:0.00M | Scene, ViewLayer | Synchronizing object | G3R03_panel_vertical_stile
Fra:451 Mem:949.07M (Peak 949.07M) | Time:00:02.23 | Mem:0.00M, Peak:0.00M | Scene, ViewLayer | Synchronizing object | G3R03_panel_vertical_stile.001
Fra:451 Mem:949.09M (Peak 949.09M) | Time:00:02.23 | Mem:0.00M, Peak:0.00M | Scene, ViewLayer | Synchronizing object | G3R03_panel_vertical_stile.002
Fra:451 Mem:942.51M (Peak 949.09M) | Time:00:02.23 | Mem:0.00M, Peak:0.00M | Scene, ViewLayer | Synchronizing object | G3R03_panel_vertical_stile.003
Fra:451 Mem:943.10M (Peak 949.09M) | Time:00:02.23 | Mem:0.00M, Peak:0.00M | Scene, ViewLayer | Synchronizing object | G3R03_panel_vertical_stile.004
Fra:451 Mem:943.13M (Peak 949.09M) | Time:00:02.23 | Mem:0.00M, Peak:0.00M | Scene, ViewLayer | Synchronizing object | G3R03_door_light_rim
Fra:451 Mem:943.15M (Peak 949.09M) | Time:00:02.23 | Mem:0.00M, Peak:0.00M | Scene, ViewLayer | Synchronizing object | G3R03_door_light_diffuser
Fra:451 Mem:943.91M (Peak 949.09M) | Time:00:02.23 | Mem:0.00M, Peak:0.00M | Scene, ViewLayer | Synchronizing object | G3R03_threshold_countersink
Fra:451 Mem:943.92M (Peak 949.09M) | Time:00:02.23 | Mem:0.00M, Peak:0.00M | Scene, ViewLayer | Synchronizing object | G3R03_threshold_countersink.001
Fra:451 Mem:943.93M (Peak 949.09M) | Time:00:02.23 | Mem:0.00M, Peak:0.00M | Scene, ViewLayer | Synchronizing object | G3R04_eave_splice_plate
Fra:451 Mem:943.95M (Peak 949.09M) | Time:00:02.23 | Mem:0.00M, Peak:0.00M | Scene, ViewLayer | Synchronizing object | G3R04_splice_washer
Fra:451 Mem:943.96M (Peak 949.09M) | Time:00:02.23 | Mem:0.00M, Peak:0.00M | Scene, ViewLayer | Synchronizing object | G3R04_splice_hexbolt
Fra:451 Mem:943.96M (Peak 949.09M) | Time:00:02.23 | Mem:0.00M, Peak:0.00M | Scene, ViewLayer | Synchronizing object | G3R04_splice_washer.001
Fra:451 Mem:943.97M (Peak 949.09M) | Time:00:02.23 | Mem:0.00M, Peak:0.00M | Scene, ViewLayer | Synchronizing object | G3R04_splice_hexbolt.001
Fra:451 Mem:943.97M (Peak 949.09M) | Time:00:02.23 | Mem:0.00M, Peak:0.00M | Scene, ViewLayer | Synchronizing object | G3R04_splice_washer.002
Fra:451 Mem:943.98M (Peak 949.09M) | Time:00:02.23 | Mem:0.00M, Peak:0.00M | Scene, ViewLayer | Synchronizing object | G3R04_splice_hexbolt.002
Fra:451 Mem:943.98M (Peak 949.09M) | Time:00:02.23 | Mem:0.00M, Peak:0.00M | Scene, ViewLayer | Synchronizing object | G3R04_splice_washer.003
Fra:451 Mem:942.69M (Peak 949.09M) | Time:00:02.23 | Mem:0.00M, Peak:0.00M | Scene, ViewLayer | Synchronizing object | G3R04_splice_hexbolt.003
Fra:451 Mem:942.69M (Peak 949.09M) | Time:00:02.23 | Mem:0.00M, Peak:0.00M | Scene, ViewLayer | Synchronizing object | G3R04_eave_splice_plate.001
Fra:451 Mem:942.69M (Peak 949.09M) | Time:00:02.23 | Mem:0.00M, Peak:0.00M | Scene, ViewLayer | Synchronizing object | G3R04_splice_washer.004
Fra:451 Mem:942.73M (Peak 949.09M) | Time:00:02.23 | Mem:0.00M, Peak:0.00M | Scene, ViewLayer | Synchronizing object | G3R04_splice_hexbolt.004
Fra:451 Mem:942.73M (Peak 949.09M) | Time:00:02.23 | Mem:0.00M, Peak:0.00M | Scene, ViewLayer | Synchronizing object | G3R04_splice_washer.005
Fra:451 Mem:942.74M (Peak 949.09M) | Time:00:02.23 | Mem:0.00M, Peak:0.00M | Scene, ViewLayer | Synchronizing object | G3R04_splice_hexbolt.005
Fra:451 Mem:942.74M (Peak 949.09M) | Time:00:02.23 | Mem:0.00M, Peak:0.00M | Scene, ViewLayer | Synchronizing object | G3R04_splice_washer.006
Fra:451 Mem:943.81M (Peak 949.09M) | Time:00:02.23 | Mem:0.00M, Peak:0.00M | Scene, ViewLayer | Synchronizing object | G3R04_splice_hexbolt.006
Fra:451 Mem:943.83M (Peak 949.09M) | Time:00:02.23 | Mem:0.00M, Peak:0.00M | Scene, ViewLayer | Synchronizing object | G3R04_splice_washer.007
Fra:451 Mem:943.81M (Peak 949.09M) | Time:00:02.23 | Mem:0.00M, Peak:0.00M | Scene, ViewLayer | Synchronizing object | G3R04_splice_hexbolt.007
Fra:451 Mem:943.82M (Peak 949.09M) | Time:00:02.23 | Mem:0.00M, Peak:0.00M | Scene, ViewLayer | Synchronizing object | G3R04_eave_splice_plate.002
Fra:451 Mem:943.82M (Peak 949.09M) | Time:00:02.23 | Mem:0.00M, Peak:0.00M | Scene, ViewLayer | Synchronizing object | G3R04_splice_washer.008
Fra:451 Mem:943.87M (Peak 949.09M) | Time:00:02.23 | Mem:0.00M, Peak:0.00M | Scene, ViewLayer | Synchronizing object | G3R04_splice_hexbolt.008
Fra:451 Mem:943.85M (Peak 949.09M) | Time:00:02.23 | Mem:0.00M, Peak:0.00M | Scene, ViewLayer | Synchronizing object | G3R04_splice_washer.009
Fra:451 Mem:943.86M (Peak 949.09M) | Time:00:02.23 | Mem:0.00M, Peak:0.00M | Scene, ViewLayer | Synchronizing object | G3R04_splice_hexbolt.009
Fra:451 Mem:945.36M (Peak 949.09M) | Time:00:02.23 | Mem:0.00M, Peak:0.00M | Scene, ViewLayer | Synchronizing object | G3R04_splice_washer.010
Fra:451 Mem:945.34M (Peak 949.09M) | Time:00:02.23 | Mem:0.00M, Peak:0.00M | Scene, ViewLayer | Synchronizing object | G3R04_splice_hexbolt.010
Fra:451 Mem:945.34M (Peak 949.09M) | Time:00:02.23 | Mem:0.00M, Peak:0.00M | Scene, ViewLayer | Synchronizing object | G3R04_splice_washer.011
Fra:451 Mem:945.35M (Peak 949.09M) | Time:00:02.23 | Mem:0.00M, Peak:0.00M | Scene, ViewLayer | Synchronizing object | G3R04_splice_hexbolt.011
Fra:451 Mem:945.35M (Peak 949.09M) | Time:00:02.23 | Mem:0.00M, Peak:0.00M | Scene, ViewLayer | Synchronizing object | G3R04_eave_splice_plate.003
Fra:451 Mem:945.35M (Peak 949.09M) | Time:00:02.23 | Mem:0.00M, Peak:0.00M | Scene, ViewLayer | Synchronizing object | G3R04_splice_washer.012
Fra:451 Mem:945.39M (Peak 949.09M) | Time:00:02.23 | Mem:0.00M, Peak:0.00M | Scene, ViewLayer | Synchronizing object | G3R04_splice_hexbolt.012
Fra:451 Mem:945.38M (Peak 949.09M) | Time:00:02.23 | Mem:0.00M, Peak:0.00M | Scene, ViewLayer | Synchronizing object | G3R04_splice_washer.013
Fra:451 Mem:945.40M (Peak 949.09M) | Time:00:02.23 | Mem:0.00M, Peak:0.00M | Scene, ViewLayer | Synchronizing object | G3R04_splice_hexbolt.013
Fra:451 Mem:945.40M (Peak 949.09M) | Time:00:02.23 | Mem:0.00M, Peak:0.00M | Scene, ViewLayer | Synchronizing object | G3R04_splice_washer.014
Fra:451 Mem:945.40M (Peak 949.09M) | Time:00:02.23 | Mem:0.00M, Peak:0.00M | Scene, ViewLayer | Synchronizing object | G3R04_splice_hexbolt.014
Fra:451 Mem:945.41M (Peak 949.09M) | Time:00:02.23 | Mem:0.00M, Peak:0.00M | Scene, ViewLayer | Synchronizing object | G3R04_splice_washer.015
Fra:451 Mem:945.83M (Peak 949.09M) | Time:00:02.23 | Mem:0.00M, Peak:0.00M | Scene, ViewLayer | Synchronizing object | G3R04_splice_hexbolt.015
Fra:451 Mem:945.84M (Peak 949.09M) | Time:00:02.23 | Mem:0.00M, Peak:0.00M | Scene, ViewLayer | Synchronizing object | G3R04_sconce_mount
Fra:451 Mem:945.84M (Peak 949.09M) | Time:00:02.23 | Mem:0.00M, Peak:0.00M | Scene, ViewLayer | Synchronizing object | G3R04_opal_diffuser
Fra:451 Mem:945.89M (Peak 949.09M) | Time:00:02.23 | Mem:0.00M, Peak:0.00M | Scene, ViewLayer | Synchronizing object | G3R04_sconce_cap
Fra:451 Mem:945.92M (Peak 949.09M) | Time:00:02.23 | Mem:0.00M, Peak:0.00M | Scene, ViewLayer | Synchronizing object | G3R04_sconce_cap.001
Fra:451 Mem:945.93M (Peak 949.09M) | Time:00:02.23 | Mem:0.00M, Peak:0.00M | Scene, ViewLayer | Synchronizing object | G3R04_sconce_cage
Fra:451 Mem:945.95M (Peak 949.09M) | Time:00:02.23 | Mem:0.00M, Peak:0.00M | Scene, ViewLayer | Synchronizing object | G3R04_sconce_cage.001
Fra:451 Mem:945.94M (Peak 949.09M) | Time:00:02.23 | Mem:0.00M, Peak:0.00M | Scene, ViewLayer | Synchronizing object | G3R04_sconce_mount.001
Fra:451 Mem:945.95M (Peak 949.09M) | Time:00:02.23 | Mem:0.00M, Peak:0.00M | Scene, ViewLayer | Synchronizing object | G3R04_opal_diffuser.001
Fra:451 Mem:946.01M (Peak 949.09M) | Time:00:02.23 | Mem:0.00M, Peak:0.00M | Scene, ViewLayer | Synchronizing object | G3R04_sconce_cap.002
Fra:451 Mem:945.99M (Peak 949.09M) | Time:00:02.23 | Mem:0.00M, Peak:0.00M | Scene, ViewLayer | Synchronizing object | G3R04_sconce_cap.003
Fra:451 Mem:947.41M (Peak 949.09M) | Time:00:02.23 | Mem:0.00M, Peak:0.00M | Scene, ViewLayer | Synchronizing object | G3R04_sconce_cage.002
Fra:451 Mem:947.41M (Peak 949.09M) | Time:00:02.23 | Mem:0.00M, Peak:0.00M | Scene, ViewLayer | Synchronizing object | G3R04_sconce_cage.003
Fra:451 Mem:947.42M (Peak 949.09M) | Time:00:02.23 | Mem:0.00M, Peak:0.00M | Scene, ViewLayer | Synchronizing object | G3R04_right_wall_sconce
Fra:451 Mem:947.42M (Peak 949.09M) | Time:00:02.23 | Mem:0.00M, Peak:0.00M | Scene, ViewLayer | Synchronizing object | G3R05_uplight_foot
Fra:451 Mem:947.42M (Peak 949.09M) | Time:00:02.23 | Mem:0.00M, Peak:0.00M | Scene, ViewLayer | Synchronizing object | G3R05_uplight_body
Fra:451 Mem:947.46M (Peak 949.09M) | Time:00:02.23 | Mem:0.00M, Peak:0.00M | Scene, ViewLayer | Synchronizing object | G3R05_uplight_bezel
Fra:451 Mem:947.47M (Peak 949.09M) | Time:00:02.23 | Mem:0.00M, Peak:0.00M | Scene, ViewLayer | Synchronizing object | G3R05_uplight_lens
Fra:451 Mem:947.51M (Peak 949.09M) | Time:00:02.23 | Mem:0.00M, Peak:0.00M | Scene, ViewLayer | Synchronizing object | G3R05_arch_wash
Fra:451 Mem:947.48M (Peak 949.09M) | Time:00:02.23 | Mem:0.00M, Peak:0.00M | Scene, ViewLayer | Synchronizing object | G3R05_uplight_foot.001
Fra:451 Mem:947.48M (Peak 949.09M) | Time:00:02.23 | Mem:0.00M, Peak:0.00M | Scene, ViewLayer | Synchronizing object | G3R05_uplight_body.001
Fra:451 Mem:947.53M (Peak 949.09M) | Time:00:02.23 | Mem:0.00M, Peak:0.00M | Scene, ViewLayer | Synchronizing object | G3R05_uplight_bezel.001
Fra:451 Mem:947.54M (Peak 949.09M) | Time:00:02.23 | Mem:0.00M, Peak:0.00M | Scene, ViewLayer | Synchronizing object | G3R05_uplight_lens.001
Fra:451 Mem:947.55M (Peak 949.09M) | Time:00:02.23 | Mem:0.00M, Peak:0.00M | Scene, ViewLayer | Synchronizing object | G3R05_arch_wash.001
Fra:451 Mem:947.56M (Peak 949.09M) | Time:00:02.23 | Mem:0.00M, Peak:0.00M | Scene, ViewLayer | Synchronizing object | G3R06_purlin_clamp
Fra:451 Mem:947.55M (Peak 949.09M) | Time:00:02.23 | Mem:0.00M, Peak:0.00M | Scene, ViewLayer | Synchronizing object | G3R06_projector_stem
Fra:451 Mem:947.58M (Peak 949.09M) | Time:00:02.23 | Mem:0.00M, Peak:0.00M | Scene, ViewLayer | Synchronizing object | G3R06_clamp_fastener
Fra:451 Mem:947.60M (Peak 949.09M) | Time:00:02.23 | Mem:0.00M, Peak:0.00M | Scene, ViewLayer | Synchronizing object | G3R06_clamp_fastener.001
Fra:451 Mem:947.59M (Peak 949.09M) | Time:00:02.23 | Mem:0.00M, Peak:0.00M | Scene, ViewLayer | Synchronizing object | G3R06_projector_housing
Fra:451 Mem:947.60M (Peak 949.09M) | Time:00:02.23 | Mem:0.00M, Peak:0.00M | Scene, ViewLayer | Synchronizing object | G3R06_projector_bezel
Fra:451 Mem:947.64M (Peak 949.09M) | Time:00:02.23 | Mem:0.00M, Peak:0.00M | Scene, ViewLayer | Synchronizing object | G3R06_projector_optic
Fra:451 Mem:947.62M (Peak 949.09M) | Time:00:02.23 | Mem:0.00M, Peak:0.00M | Scene, ViewLayer | Synchronizing object | G3R06_upper_node_wash
Fra:451 Mem:947.63M (Peak 949.09M) | Time:00:02.23 | Mem:0.00M, Peak:0.00M | Scene, ViewLayer | Synchronizing object | G3R06_purlin_clamp.001
Fra:451 Mem:947.62M (Peak 949.09M) | Time:00:02.23 | Mem:0.00M, Peak:0.00M | Scene, ViewLayer | Synchronizing object | G3R06_projector_stem.001
Fra:451 Mem:947.64M (Peak 949.09M) | Time:00:02.23 | Mem:0.00M, Peak:0.00M | Scene, ViewLayer | Synchronizing object | G3R06_clamp_fastener.002
Fra:451 Mem:947.65M (Peak 949.09M) | Time:00:02.23 | Mem:0.00M, Peak:0.00M | Scene, ViewLayer | Synchronizing object | G3R06_clamp_fastener.003
Fra:451 Mem:947.67M (Peak 949.09M) | Time:00:02.23 | Mem:0.00M, Peak:0.00M | Scene, ViewLayer | Synchronizing object | G3R06_projector_housing.001
Fra:451 Mem:947.68M (Peak 949.09M) | Time:00:02.23 | Mem:0.00M, Peak:0.00M | Scene, ViewLayer | Synchronizing object | G3R06_projector_bezel.001
Fra:451 Mem:947.69M (Peak 949.09M) | Time:00:02.23 | Mem:0.00M, Peak:0.00M | Scene, ViewLayer | Synchronizing object | G3R06_projector_optic.001
Fra:451 Mem:947.69M (Peak 949.09M) | Time:00:02.23 | Mem:0.00M, Peak:0.00M | Scene, ViewLayer | Synchronizing object | G3R06_upper_node_wash.001
Fra:451 Mem:947.70M (Peak 949.09M) | Time:00:02.23 | Mem:0.00M, Peak:0.00M | Scene, ViewLayer | Synchronizing object | G4_joint_G3_column_anchor_bolt
Fra:451 Mem:947.70M (Peak 949.09M) | Time:00:02.23 | Mem:0.00M, Peak:0.00M | Scene, ViewLayer | Synchronizing object | G4_joint_G3_column_anchor_bolt.001
Fra:451 Mem:947.70M (Peak 949.09M) | Time:00:02.23 | Mem:0.00M, Peak:0.00M | Scene, ViewLayer | Synchronizing object | G4_joint_G3_column_anchor_bolt.002
Fra:451 Mem:947.71M (Peak 949.09M) | Time:00:02.23 | Mem:0.00M, Peak:0.00M | Scene, ViewLayer | Synchronizing object | G4_joint_G3_column_anchor_bolt.003
Fra:451 Mem:947.71M (Peak 949.09M) | Time:00:02.23 | Mem:0.00M, Peak:0.00M | Scene, ViewLayer | Synchronizing object | G4_joint_G3_column_cap_plate
Fra:451 Mem:947.71M (Peak 949.09M) | Time:00:02.23 | Mem:0.00M, Peak:0.00M | Scene, ViewLayer | Synchronizing object | G4_joint_G3_cap_rivet
Fra:451 Mem:947.75M (Peak 949.09M) | Time:00:02.23 | Mem:0.00M, Peak:0.00M | Scene, ViewLayer | Synchronizing object | G4_joint_G3_cap_rivet.001
Fra:451 Mem:947.75M (Peak 949.09M) | Time:00:02.23 | Mem:0.00M, Peak:0.00M | Scene, ViewLayer | Synchronizing object | G4_joint_G3R04_eave_splice_plate
Fra:451 Mem:947.77M (Peak 949.09M) | Time:00:02.23 | Mem:0.00M, Peak:0.00M | Scene, ViewLayer | Synchronizing object | G4_joint_G3R04_splice_washer
Fra:451 Mem:947.78M (Peak 949.09M) | Time:00:02.23 | Mem:0.00M, Peak:0.00M | Scene, ViewLayer | Synchronizing object | G4_joint_G3R04_splice_hexbolt
Fra:451 Mem:947.80M (Peak 949.09M) | Time:00:02.23 | Mem:0.00M, Peak:0.00M | Scene, ViewLayer | Synchronizing object | G4_joint_G3R04_splice_washer.001
Fra:451 Mem:947.79M (Peak 949.09M) | Time:00:02.23 | Mem:0.00M, Peak:0.00M | Scene, ViewLayer | Synchronizing object | G4_joint_G3R04_splice_hexbolt.001
Fra:451 Mem:947.78M (Peak 949.09M) | Time:00:02.23 | Mem:0.00M, Peak:0.00M | Scene, ViewLayer | Synchronizing object | G4_joint_G3R04_splice_washer.002
Fra:451 Mem:947.78M (Peak 949.09M) | Time:00:02.23 | Mem:0.00M, Peak:0.00M | Scene, ViewLayer | Synchronizing object | G4_joint_G3R04_splice_hexbolt.002
Fra:451 Mem:945.35M (Peak 949.09M) | Time:00:02.23 | Mem:0.00M, Peak:0.00M | Scene, ViewLayer | Synchronizing object | G4_joint_G3R04_splice_washer.003
Fra:451 Mem:945.35M (Peak 949.09M) | Time:00:02.23 | Mem:0.00M, Peak:0.00M | Scene, ViewLayer | Synchronizing object | G4_joint_G3R04_splice_hexbolt.003
Fra:451 Mem:945.35M (Peak 949.09M) | Time:00:02.23 | Mem:0.00M, Peak:0.00M | Scene, ViewLayer | Synchronizing object | G4_joint_G3R04_eave_splice_plate.001
Fra:451 Mem:945.36M (Peak 949.09M) | Time:00:02.23 | Mem:0.00M, Peak:0.00M | Scene, ViewLayer | Synchronizing object | G4_joint_G3R04_splice_washer.004
Fra:451 Mem:945.39M (Peak 949.09M) | Time:00:02.23 | Mem:0.00M, Peak:0.00M | Scene, ViewLayer | Synchronizing object | G4_joint_G3R04_splice_hexbolt.004
Fra:451 Mem:945.41M (Peak 949.09M) | Time:00:02.23 | Mem:0.00M, Peak:0.00M | Scene, ViewLayer | Synchronizing object | G4_joint_G3R04_splice_washer.005
Fra:451 Mem:945.39M (Peak 949.09M) | Time:00:02.23 | Mem:0.00M, Peak:0.00M | Scene, ViewLayer | Synchronizing object | G4_joint_G3R04_splice_hexbolt.005
Fra:451 Mem:945.41M (Peak 949.09M) | Time:00:02.23 | Mem:0.00M, Peak:0.00M | Scene, ViewLayer | Synchronizing object | G4_joint_G3R04_splice_washer.006
Fra:451 Mem:945.41M (Peak 949.09M) | Time:00:02.23 | Mem:0.00M, Peak:0.00M | Scene, ViewLayer | Synchronizing object | G4_joint_G3R04_splice_hexbolt.006
Fra:451 Mem:945.42M (Peak 949.09M) | Time:00:02.23 | Mem:0.00M, Peak:0.00M | Scene, ViewLayer | Synchronizing object | G4_joint_G3R04_splice_washer.007
Fra:451 Mem:945.44M (Peak 949.09M) | Time:00:02.23 | Mem:0.00M, Peak:0.00M | Scene, ViewLayer | Synchronizing object | G4_joint_G3R04_splice_hexbolt.007
Fra:451 Mem:945.42M (Peak 949.09M) | Time:00:02.23 | Mem:0.00M, Peak:0.00M | Scene, ViewLayer | Synchronizing object | G4_sconce_G3R04_sconce_mount
Fra:451 Mem:945.43M (Peak 949.09M) | Time:00:02.23 | Mem:0.00M, Peak:0.00M | Scene, ViewLayer | Synchronizing object | G4_sconce_G3R04_opal_diffuser
Fra:451 Mem:945.43M (Peak 949.09M) | Time:00:02.23 | Mem:0.00M, Peak:0.00M | Scene, ViewLayer | Synchronizing object | G4_sconce_G3R04_sconce_cap
Fra:451 Mem:945.52M (Peak 949.09M) | Time:00:02.23 | Mem:0.00M, Peak:0.00M | Scene, ViewLayer | Synchronizing object | G4_sconce_G3R04_sconce_cap.001
Fra:451 Mem:945.52M (Peak 949.09M) | Time:00:02.23 | Mem:0.00M, Peak:0.00M | Scene, ViewLayer | Synchronizing object | G4_sconce_G3R04_sconce_cage
Fra:451 Mem:945.52M (Peak 949.09M) | Time:00:02.23 | Mem:0.00M, Peak:0.00M | Scene, ViewLayer | Synchronizing object | G4_sconce_G3R04_sconce_cage.001
Fra:451 Mem:945.55M (Peak 949.09M) | Time:00:02.23 | Mem:0.00M, Peak:0.00M | Scene, ViewLayer | Synchronizing object | G4_column_sconce
Fra:451 Mem:945.53M (Peak 949.09M) | Time:00:02.23 | Mem:0.00M, Peak:0.00M | Scene, ViewLayer | Synchronizing object | G4_joint_G3_column_anchor_bolt.004
Fra:451 Mem:945.53M (Peak 949.09M) | Time:00:02.23 | Mem:0.00M, Peak:0.00M | Scene, ViewLayer | Synchronizing object | G4_joint_G3_column_anchor_bolt.005
Fra:451 Mem:945.53M (Peak 949.09M) | Time:00:02.23 | Mem:0.00M, Peak:0.00M | Scene, ViewLayer | Synchronizing object | G4_joint_G3_column_anchor_bolt.006
Fra:451 Mem:945.53M (Peak 949.09M) | Time:00:02.23 | Mem:0.00M, Peak:0.00M | Scene, ViewLayer | Synchronizing object | G4_joint_G3_column_anchor_bolt.007
Fra:451 Mem:945.53M (Peak 949.09M) | Time:00:02.23 | Mem:0.00M, Peak:0.00M | Scene, ViewLayer | Synchronizing object | G4_joint_G3_column_cap_plate.001
Fra:451 Mem:945.54M (Peak 949.09M) | Time:00:02.23 | Mem:0.00M, Peak:0.00M | Scene, ViewLayer | Synchronizing object | G4_joint_G3_cap_rivet.002
Fra:451 Mem:945.56M (Peak 949.09M) | Time:00:02.23 | Mem:0.00M, Peak:0.00M | Scene, ViewLayer | Synchronizing object | G4_joint_G3_cap_rivet.003
Fra:451 Mem:945.58M (Peak 949.09M) | Time:00:02.23 | Mem:0.00M, Peak:0.00M | Scene, ViewLayer | Synchronizing object | G4_joint_G3R04_eave_splice_plate.002
Fra:451 Mem:945.57M (Peak 949.09M) | Time:00:02.23 | Mem:0.00M, Peak:0.00M | Scene, ViewLayer | Synchronizing object | G4_joint_G3R04_splice_washer.008
Fra:451 Mem:945.59M (Peak 949.09M) | Time:00:02.23 | Mem:0.00M, Peak:0.00M | Scene, ViewLayer | Synchronizing object | G4_joint_G3R04_splice_hexbolt.008
Fra:451 Mem:945.61M (Peak 949.09M) | Time:00:02.23 | Mem:0.00M, Peak:0.00M | Scene, ViewLayer | Synchronizing object | G4_joint_G3R04_splice_washer.009
Fra:451 Mem:945.60M (Peak 949.09M) | Time:00:02.23 | Mem:0.00M, Peak:0.00M | Scene, ViewLayer | Synchronizing object | G4_joint_G3R04_splice_hexbolt.009
Fra:451 Mem:945.63M (Peak 949.09M) | Time:00:02.23 | Mem:0.00M, Peak:0.00M | Scene, ViewLayer | Synchronizing object | G4_joint_G3R04_splice_washer.010
Fra:451 Mem:945.61M (Peak 949.09M) | Time:00:02.23 | Mem:0.00M, Peak:0.00M | Scene, ViewLayer | Synchronizing object | G4_joint_G3R04_splice_washer.011
Fra:451 Mem:945.62M (Peak 949.09M) | Time:00:02.23 | Mem:0.00M, Peak:0.00M | Scene, ViewLayer | Synchronizing object | G4_joint_G3R04_splice_hexbolt.011
Fra:451 Mem:945.63M (Peak 949.09M) | Time:00:02.23 | Mem:0.00M, Peak:0.00M | Scene, ViewLayer | Synchronizing object | G4_joint_G3R04_eave_splice_plate.003
Fra:451 Mem:945.63M (Peak 949.09M) | Time:00:02.23 | Mem:0.00M, Peak:0.00M | Scene, ViewLayer | Synchronizing object | G4_joint_G3R04_splice_washer.012
Fra:451 Mem:945.67M (Peak 949.09M) | Time:00:02.23 | Mem:0.00M, Peak:0.00M | Scene, ViewLayer | Synchronizing object | G4_joint_G3R04_splice_hexbolt.012
Fra:451 Mem:945.67M (Peak 949.09M) | Time:00:02.23 | Mem:0.00M, Peak:0.00M | Scene, ViewLayer | Synchronizing object | G4_joint_G3R04_splice_washer.013
Fra:451 Mem:945.66M (Peak 949.09M) | Time:00:02.23 | Mem:0.00M, Peak:0.00M | Scene, ViewLayer | Synchronizing object | G4_joint_G3R04_splice_hexbolt.013
Fra:451 Mem:945.68M (Peak 949.09M) | Time:00:02.23 | Mem:0.00M, Peak:0.00M | Scene, ViewLayer | Synchronizing object | G4_joint_G3R04_splice_washer.014
Fra:451 Mem:945.70M (Peak 949.09M) | Time:00:02.23 | Mem:0.00M, Peak:0.00M | Scene, ViewLayer | Synchronizing object | G4_joint_G3R04_splice_hexbolt.014
Fra:451 Mem:945.68M (Peak 949.09M) | Time:00:02.23 | Mem:0.00M, Peak:0.00M | Scene, ViewLayer | Synchronizing object | G4_joint_G3R04_splice_washer.015
Fra:451 Mem:945.68M (Peak 949.09M) | Time:00:02.23 | Mem:0.00M, Peak:0.00M | Scene, ViewLayer | Synchronizing object | G4_sconce_G3R04_sconce_mount.001
Fra:451 Mem:945.70M (Peak 949.09M) | Time:00:02.23 | Mem:0.00M, Peak:0.00M | Scene, ViewLayer | Synchronizing object | G4_sconce_G3R04_opal_diffuser.001
Fra:451 Mem:945.73M (Peak 949.09M) | Time:00:02.23 | Mem:0.00M, Peak:0.00M | Scene, ViewLayer | Synchronizing object | G4_sconce_G3R04_sconce_cap.002
Fra:451 Mem:945.77M (Peak 949.09M) | Time:00:02.23 | Mem:0.00M, Peak:0.00M | Scene, ViewLayer | Synchronizing object | G4_sconce_G3R04_sconce_cap.003
Fra:451 Mem:945.81M (Peak 949.09M) | Time:00:02.23 | Mem:0.00M, Peak:0.00M | Scene, ViewLayer | Synchronizing object | G4_sconce_G3R04_sconce_cage.002
Fra:451 Mem:945.78M (Peak 949.09M) | Time:00:02.23 | Mem:0.00M, Peak:0.00M | Scene, ViewLayer | Synchronizing object | G4_sconce_G3R04_sconce_cage.003
Fra:451 Mem:945.81M (Peak 949.09M) | Time:00:02.23 | Mem:0.00M, Peak:0.00M | Scene, ViewLayer | Synchronizing object | G4_column_sconce.001
Fra:451 Mem:945.80M (Peak 949.09M) | Time:00:02.23 | Mem:0.00M, Peak:0.00M | Scene, ViewLayer | Synchronizing object | G4_joint_G3_column_anchor_bolt.008
Fra:451 Mem:945.80M (Peak 949.09M) | Time:00:02.23 | Mem:0.00M, Peak:0.00M | Scene, ViewLayer | Synchronizing object | G4_joint_G3_column_anchor_bolt.009
Fra:451 Mem:945.80M (Peak 949.09M) | Time:00:02.23 | Mem:0.00M, Peak:0.00M | Scene, ViewLayer | Synchronizing object | G4_joint_G3_column_anchor_bolt.010
Fra:451 Mem:945.82M (Peak 949.09M) | Time:00:02.23 | Mem:0.00M, Peak:0.00M | Scene, ViewLayer | Synchronizing object | G4_joint_G3_column_anchor_bolt.011
Fra:451 Mem:945.80M (Peak 949.09M) | Time:00:02.23 | Mem:0.00M, Peak:0.00M | Scene, ViewLayer | Synchronizing object | G4_joint_G3_column_cap_plate.002
Fra:451 Mem:945.80M (Peak 949.09M) | Time:00:02.23 | Mem:0.00M, Peak:0.00M | Scene, ViewLayer | Synchronizing object | G4_joint_G3_cap_rivet.004
Fra:451 Mem:945.81M (Peak 949.09M) | Time:00:02.23 | Mem:0.00M, Peak:0.00M | Scene, ViewLayer | Synchronizing object | G4_joint_G3_cap_rivet.005
Fra:451 Mem:945.84M (Peak 949.09M) | Time:00:02.23 | Mem:0.00M, Peak:0.00M | Scene, ViewLayer | Synchronizing object | G4_joint_G3R04_eave_splice_plate.004
Fra:451 Mem:945.83M (Peak 949.09M) | Time:00:02.23 | Mem:0.00M, Peak:0.00M | Scene, ViewLayer | Synchronizing object | G4_joint_G3R04_splice_washer.016
Fra:451 Mem:945.88M (Peak 949.09M) | Time:00:02.23 | Mem:0.00M, Peak:0.00M | Scene, ViewLayer | Synchronizing object | G4_joint_G3R04_splice_hexbolt.016
Fra:451 Mem:945.89M (Peak 949.09M) | Time:00:02.23 | Mem:0.00M, Peak:0.00M | Scene, ViewLayer | Synchronizing object | G4_joint_G3R04_splice_washer.017
Fra:451 Mem:945.87M (Peak 949.09M) | Time:00:02.23 | Mem:0.00M, Peak:0.00M | Scene, ViewLayer | Synchronizing object | G4_joint_G3R04_splice_hexbolt.017
Fra:451 Mem:945.88M (Peak 949.09M) | Time:00:02.23 | Mem:0.00M, Peak:0.00M | Scene, ViewLayer | Synchronizing object | G4_joint_G3R04_splice_washer.018
Fra:451 Mem:945.88M (Peak 949.09M) | Time:00:02.23 | Mem:0.00M, Peak:0.00M | Scene, ViewLayer | Synchronizing object | G4_joint_G3R04_splice_hexbolt.018
Fra:451 Mem:945.88M (Peak 949.09M) | Time:00:02.23 | Mem:0.00M, Peak:0.00M | Scene, ViewLayer | Synchronizing object | G4_joint_G3R04_splice_washer.019
Fra:451 Mem:945.89M (Peak 949.09M) | Time:00:02.23 | Mem:0.00M, Peak:0.00M | Scene, ViewLayer | Synchronizing object | G4_joint_G3R04_eave_splice_plate.005
Fra:451 Mem:945.90M (Peak 949.09M) | Time:00:02.23 | Mem:0.00M, Peak:0.00M | Scene, ViewLayer | Synchronizing object | G4_joint_G3R04_splice_washer.020
Fra:451 Mem:945.92M (Peak 949.09M) | Time:00:02.23 | Mem:0.00M, Peak:0.00M | Scene, ViewLayer | Synchronizing object | G4_joint_G3R04_splice_hexbolt.020
Fra:451 Mem:945.93M (Peak 949.09M) | Time:00:02.23 | Mem:0.00M, Peak:0.00M | Scene, ViewLayer | Synchronizing object | G4_joint_G3R04_splice_washer.021
Fra:451 Mem:945.93M (Peak 949.09M) | Time:00:02.23 | Mem:0.00M, Peak:0.00M | Scene, ViewLayer | Synchronizing object | G4_joint_G3R04_splice_hexbolt.021
Fra:451 Mem:945.94M (Peak 949.09M) | Time:00:02.23 | Mem:0.00M, Peak:0.00M | Scene, ViewLayer | Synchronizing object | G4_joint_G3R04_splice_washer.022
Fra:451 Mem:945.94M (Peak 949.09M) | Time:00:02.23 | Mem:0.00M, Peak:0.00M | Scene, ViewLayer | Synchronizing object | G4_joint_G3R04_splice_hexbolt.022
Fra:451 Mem:945.97M (Peak 949.09M) | Time:00:02.23 | Mem:0.00M, Peak:0.00M | Scene, ViewLayer | Synchronizing object | G4_joint_G3R04_splice_washer.023
Fra:451 Mem:945.96M (Peak 949.09M) | Time:00:02.23 | Mem:0.00M, Peak:0.00M | Scene, ViewLayer | Synchronizing object | G4_joint_G3R04_splice_hexbolt.023
Fra:451 Mem:945.96M (Peak 949.09M) | Time:00:02.23 | Mem:0.00M, Peak:0.00M | Scene, ViewLayer | Synchronizing object | G4_sconce_G3R04_sconce_mount.002
Fra:451 Mem:945.96M (Peak 949.09M) | Time:00:02.23 | Mem:0.00M, Peak:0.00M | Scene, ViewLayer | Synchronizing object | G4_sconce_G3R04_opal_diffuser.002
Fra:451 Mem:945.99M (Peak 949.09M) | Time:00:02.23 | Mem:0.00M, Peak:0.00M | Scene, ViewLayer | Synchronizing object | G4_sconce_G3R04_sconce_cap.004
Fra:451 Mem:946.04M (Peak 949.09M) | Time:00:02.23 | Mem:0.00M, Peak:0.00M | Scene, ViewLayer | Synchronizing object | G4_sconce_G3R04_sconce_cap.005
Fra:451 Mem:946.06M (Peak 949.09M) | Time:00:02.23 | Mem:0.00M, Peak:0.00M | Scene, ViewLayer | Synchronizing object | G4_sconce_G3R04_sconce_cage.004
Fra:451 Mem:946.06M (Peak 949.09M) | Time:00:02.23 | Mem:0.00M, Peak:0.00M | Scene, ViewLayer | Synchronizing object | G4_sconce_G3R04_sconce_cage.005
Fra:451 Mem:946.08M (Peak 949.09M) | Time:00:02.23 | Mem:0.00M, Peak:0.00M | Scene, ViewLayer | Synchronizing object | G4_column_sconce.002
Fra:451 Mem:946.06M (Peak 949.09M) | Time:00:02.23 | Mem:0.00M, Peak:0.00M | Scene, ViewLayer | Synchronizing object | G4_joint_G3_column_anchor_bolt.012
Fra:451 Mem:946.07M (Peak 949.09M) | Time:00:02.23 | Mem:0.00M, Peak:0.00M | Scene, ViewLayer | Synchronizing object | G4_joint_G3_column_anchor_bolt.013
Fra:451 Mem:946.07M (Peak 949.09M) | Time:00:02.23 | Mem:0.00M, Peak:0.00M | Scene, ViewLayer | Synchronizing object | G4_joint_G3_column_anchor_bolt.014
Fra:451 Mem:946.07M (Peak 949.09M) | Time:00:02.23 | Mem:0.00M, Peak:0.00M | Scene, ViewLayer | Synchronizing object | G4_joint_G3_column_anchor_bolt.015
Fra:451 Mem:946.07M (Peak 949.09M) | Time:00:02.23 | Mem:0.00M, Peak:0.00M | Scene, ViewLayer | Synchronizing object | G4_joint_G3_column_cap_plate.003
Fra:451 Mem:946.07M (Peak 949.09M) | Time:00:02.23 | Mem:0.00M, Peak:0.00M | Scene, ViewLayer | Synchronizing object | G4_joint_G3_cap_rivet.006
Fra:451 Mem:946.10M (Peak 949.09M) | Time:00:02.23 | Mem:0.00M, Peak:0.00M | Scene, ViewLayer | Synchronizing object | G4_joint_G3_cap_rivet.007
Fra:451 Mem:946.10M (Peak 949.09M) | Time:00:02.23 | Mem:0.00M, Peak:0.00M | Scene, ViewLayer | Synchronizing object | G4_joint_G3R04_eave_splice_plate.006
Fra:451 Mem:946.10M (Peak 949.09M) | Time:00:02.23 | Mem:0.00M, Peak:0.00M | Scene, ViewLayer | Synchronizing object | G4_joint_G3R04_splice_washer.024
Fra:451 Mem:946.15M (Peak 949.09M) | Time:00:02.23 | Mem:0.00M, Peak:0.00M | Scene, ViewLayer | Synchronizing object | G4_joint_G3R04_splice_hexbolt.024
Fra:451 Mem:946.16M (Peak 949.09M) | Time:00:02.23 | Mem:0.00M, Peak:0.00M | Scene, ViewLayer | Synchronizing object | G4_joint_G3R04_splice_washer.025
Fra:451 Mem:946.14M (Peak 949.09M) | Time:00:02.23 | Mem:0.00M, Peak:0.00M | Scene, ViewLayer | Synchronizing object | G4_joint_G3R04_splice_hexbolt.025
Fra:451 Mem:946.15M (Peak 949.09M) | Time:00:02.23 | Mem:0.00M, Peak:0.00M | Scene, ViewLayer | Synchronizing object | G4_joint_G3R04_splice_washer.026
Fra:451 Mem:946.15M (Peak 949.09M) | Time:00:02.23 | Mem:0.00M, Peak:0.00M | Scene, ViewLayer | Synchronizing object | G4_joint_G3R04_splice_hexbolt.026
Fra:451 Mem:946.18M (Peak 949.09M) | Time:00:02.23 | Mem:0.00M, Peak:0.00M | Scene, ViewLayer | Synchronizing object | G4_joint_G3R04_splice_washer.027
Fra:451 Mem:946.18M (Peak 949.09M) | Time:00:02.23 | Mem:0.00M, Peak:0.00M | Scene, ViewLayer | Synchronizing object | G4_joint_G3R04_splice_hexbolt.027
Fra:451 Mem:946.16M (Peak 949.09M) | Time:00:02.23 | Mem:0.00M, Peak:0.00M | Scene, ViewLayer | Synchronizing object | G4_joint_G3R04_eave_splice_plate.007
Fra:451 Mem:946.16M (Peak 949.09M) | Time:00:02.23 | Mem:0.00M, Peak:0.00M | Scene, ViewLayer | Synchronizing object | G4_joint_G3R04_splice_hexbolt.028
Fra:451 Mem:946.18M (Peak 949.09M) | Time:00:02.23 | Mem:0.00M, Peak:0.00M | Scene, ViewLayer | Synchronizing object | G4_joint_G3R04_splice_washer.029
Fra:451 Mem:946.22M (Peak 949.09M) | Time:00:02.23 | Mem:0.00M, Peak:0.00M | Scene, ViewLayer | Synchronizing object | G4_joint_G3R04_splice_hexbolt.029
Fra:451 Mem:946.23M (Peak 949.09M) | Time:00:02.23 | Mem:0.00M, Peak:0.00M | Scene, ViewLayer | Synchronizing object | G4_joint_G3R04_splice_washer.030
Fra:451 Mem:946.22M (Peak 949.09M) | Time:00:02.23 | Mem:0.00M, Peak:0.00M | Scene, ViewLayer | Synchronizing object | G4_joint_G3R04_splice_hexbolt.030
Fra:451 Mem:946.22M (Peak 949.09M) | Time:00:02.23 | Mem:0.00M, Peak:0.00M | Scene, ViewLayer | Synchronizing object | G4_joint_G3R04_splice_washer.031
Fra:451 Mem:946.22M (Peak 949.09M) | Time:00:02.23 | Mem:0.00M, Peak:0.00M | Scene, ViewLayer | Synchronizing object | G4_joint_G3R04_splice_hexbolt.031
Fra:451 Mem:946.23M (Peak 949.09M) | Time:00:02.23 | Mem:0.00M, Peak:0.00M | Scene, ViewLayer | Synchronizing object | G4_sconce_G3R04_sconce_mount.003
Fra:451 Mem:946.25M (Peak 949.09M) | Time:00:02.23 | Mem:0.00M, Peak:0.00M | Scene, ViewLayer | Synchronizing object | G4_sconce_G3R04_opal_diffuser.003
Fra:451 Mem:946.26M (Peak 949.09M) | Time:00:02.23 | Mem:0.00M, Peak:0.00M | Scene, ViewLayer | Synchronizing object | G4_sconce_G3R04_sconce_cap.006
Fra:451 Mem:946.33M (Peak 949.09M) | Time:00:02.23 | Mem:0.00M, Peak:0.00M | Scene, ViewLayer | Synchronizing object | G4_sconce_G3R04_sconce_cap.007
Fra:451 Mem:946.32M (Peak 949.09M) | Time:00:02.23 | Mem:0.00M, Peak:0.00M | Scene, ViewLayer | Synchronizing object | G4_sconce_G3R04_sconce_cage.006
Fra:451 Mem:946.33M (Peak 949.09M) | Time:00:02.23 | Mem:0.00M, Peak:0.00M | Scene, ViewLayer | Synchronizing object | G4_sconce_G3R04_sconce_cage.007
Fra:451 Mem:946.33M (Peak 949.09M) | Time:00:02.23 | Mem:0.00M, Peak:0.00M | Scene, ViewLayer | Synchronizing object | G4_column_sconce.003
Fra:451 Mem:946.35M (Peak 949.09M) | Time:00:02.23 | Mem:0.00M, Peak:0.00M | Scene, ViewLayer | Synchronizing object | G4_joint_G3_column_anchor_bolt.016
Fra:451 Mem:946.32M (Peak 949.09M) | Time:00:02.23 | Mem:0.00M, Peak:0.00M | Scene, ViewLayer | Synchronizing object | G4_joint_G3_column_anchor_bolt.017
Fra:451 Mem:946.34M (Peak 949.09M) | Time:00:02.23 | Mem:0.00M, Peak:0.00M | Scene, ViewLayer | Synchronizing object | G4_joint_G3_column_anchor_bolt.018
Fra:451 Mem:946.34M (Peak 949.09M) | Time:00:02.23 | Mem:0.00M, Peak:0.00M | Scene, ViewLayer | Synchronizing object | G4_joint_G3_column_anchor_bolt.019
Fra:451 Mem:946.34M (Peak 949.09M) | Time:00:02.23 | Mem:0.00M, Peak:0.00M | Scene, ViewLayer | Synchronizing object | G4_joint_G3_column_cap_plate.004
Fra:451 Mem:946.34M (Peak 949.09M) | Time:00:02.23 | Mem:0.00M, Peak:0.00M | Scene, ViewLayer | Synchronizing object | G4_joint_G3_cap_rivet.008
Fra:451 Mem:946.36M (Peak 949.09M) | Time:00:02.23 | Mem:0.00M, Peak:0.00M | Scene, ViewLayer | Synchronizing object | G4_joint_G3_cap_rivet.009
Fra:451 Mem:946.38M (Peak 949.09M) | Time:00:02.23 | Mem:0.00M, Peak:0.00M | Scene, ViewLayer | Synchronizing object | G4_joint_G3R04_eave_splice_plate.008
Fra:451 Mem:946.38M (Peak 949.09M) | Time:00:02.23 | Mem:0.00M, Peak:0.00M | Scene, ViewLayer | Synchronizing object | G4_joint_G3R04_splice_washer.032
Fra:451 Mem:946.42M (Peak 949.09M) | Time:00:02.23 | Mem:0.00M, Peak:0.00M | Scene, ViewLayer | Synchronizing object | G4_joint_G3R04_splice_hexbolt.032
Fra:451 Mem:946.41M (Peak 949.09M) | Time:00:02.23 | Mem:0.00M, Peak:0.00M | Scene, ViewLayer | Synchronizing object | G4_joint_G3R04_splice_washer.033
Fra:451 Mem:946.41M (Peak 949.09M) | Time:00:02.23 | Mem:0.00M, Peak:0.00M | Scene, ViewLayer | Synchronizing object | G4_joint_G3R04_splice_hexbolt.033
Fra:451 Mem:946.42M (Peak 949.09M) | Time:00:02.23 | Mem:0.00M, Peak:0.00M | Scene, ViewLayer | Synchronizing object | G4_joint_G3R04_splice_washer.034
Fra:451 Mem:946.42M (Peak 949.09M) | Time:00:02.23 | Mem:0.00M, Peak:0.00M | Scene, ViewLayer | Synchronizing object | G4_joint_G3R04_splice_hexbolt.034
Fra:451 Mem:946.45M (Peak 949.09M) | Time:00:02.23 | Mem:0.00M, Peak:0.00M | Scene, ViewLayer | Synchronizing object | G4_joint_G3R04_splice_washer.035
Fra:451 Mem:946.42M (Peak 949.09M) | Time:00:02.23 | Mem:0.00M, Peak:0.00M | Scene, ViewLayer | Synchronizing object | G4_joint_G3R04_splice_hexbolt.035
Fra:451 Mem:946.43M (Peak 949.09M) | Time:00:02.23 | Mem:0.00M, Peak:0.00M | Scene, ViewLayer | Synchronizing object | G4_joint_G3R04_eave_splice_plate.009
Fra:451 Mem:946.44M (Peak 949.09M) | Time:00:02.23 | Mem:0.00M, Peak:0.00M | Scene, ViewLayer | Synchronizing object | G4_joint_G3R04_splice_washer.036
Fra:451 Mem:946.44M (Peak 949.09M) | Time:00:02.23 | Mem:0.00M, Peak:0.00M | Scene, ViewLayer | Synchronizing object | G4_joint_G3R04_splice_hexbolt.036
Fra:451 Mem:946.47M (Peak 949.09M) | Time:00:02.23 | Mem:0.00M, Peak:0.00M | Scene, ViewLayer | Synchronizing object | G4_joint_G3R04_splice_washer.037
Fra:451 Mem:946.48M (Peak 949.09M) | Time:00:02.23 | Mem:0.00M, Peak:0.00M | Scene, ViewLayer | Synchronizing object | G4_joint_G3R04_splice_hexbolt.037
Fra:451 Mem:946.48M (Peak 949.09M) | Time:00:02.23 | Mem:0.00M, Peak:0.00M | Scene, ViewLayer | Synchronizing object | G4_joint_G3R04_splice_washer.038
Fra:451 Mem:946.48M (Peak 949.09M) | Time:00:02.23 | Mem:0.00M, Peak:0.00M | Scene, ViewLayer | Synchronizing object | G4_joint_G3R04_splice_hexbolt.038
Fra:451 Mem:946.49M (Peak 949.09M) | Time:00:02.23 | Mem:0.00M, Peak:0.00M | Scene, ViewLayer | Synchronizing object | G4_joint_G3R04_splice_washer.039
Fra:451 Mem:946.49M (Peak 949.09M) | Time:00:02.23 | Mem:0.00M, Peak:0.00M | Scene, ViewLayer | Synchronizing object | G4_joint_G3R04_splice_hexbolt.039
Fra:451 Mem:946.10M (Peak 949.09M) | Time:00:02.23 | Mem:0.00M, Peak:0.00M | Scene, ViewLayer | Synchronizing object | G4_sconce_G3R04_sconce_mount.004
Fra:451 Mem:946.10M (Peak 949.09M) | Time:00:02.23 | Mem:0.00M, Peak:0.00M | Scene, ViewLayer | Synchronizing object | G4_sconce_G3R04_opal_diffuser.004
Fra:451 Mem:946.09M (Peak 949.09M) | Time:00:02.23 | Mem:0.00M, Peak:0.00M | Scene, ViewLayer | Synchronizing object | G4_sconce_G3R04_sconce_cap.008
Fra:451 Mem:946.15M (Peak 949.09M) | Time:00:02.23 | Mem:0.00M, Peak:0.00M | Scene, ViewLayer | Synchronizing object | G4_sconce_G3R04_sconce_cap.009
Fra:451 Mem:946.15M (Peak 949.09M) | Time:00:02.23 | Mem:0.00M, Peak:0.00M | Scene, ViewLayer | Synchronizing object | G4_sconce_G3R04_sconce_cage.009
Fra:451 Mem:946.18M (Peak 949.09M) | Time:00:02.23 | Mem:0.00M, Peak:0.00M | Scene, ViewLayer | Synchronizing object | G4_column_sconce.004
Fra:451 Mem:946.19M (Peak 949.09M) | Time:00:02.23 | Mem:0.00M, Peak:0.00M | Scene, ViewLayer | Synchronizing object | G4_joint_G3_column_anchor_bolt.020
Fra:451 Mem:946.19M (Peak 949.09M) | Time:00:02.23 | Mem:0.00M, Peak:0.00M | Scene, ViewLayer | Synchronizing object | G4_joint_G3_column_anchor_bolt.021
Fra:451 Mem:946.18M (Peak 949.09M) | Time:00:02.23 | Mem:0.00M, Peak:0.00M | Scene, ViewLayer | Synchronizing object | G4_joint_G3_column_anchor_bolt.022
Fra:451 Mem:946.18M (Peak 949.09M) | Time:00:02.23 | Mem:0.00M, Peak:0.00M | Scene, ViewLayer | Synchronizing object | G4_joint_G3_column_anchor_bolt.023
Fra:451 Mem:946.19M (Peak 949.09M) | Time:00:02.23 | Mem:0.00M, Peak:0.00M | Scene, ViewLayer | Synchronizing object | G4_joint_G3_column_cap_plate.005
Fra:451 Mem:946.19M (Peak 949.09M) | Time:00:02.23 | Mem:0.00M, Peak:0.00M | Scene, ViewLayer | Synchronizing object | G4_joint_G3_cap_rivet.010
Fra:451 Mem:946.23M (Peak 949.09M) | Time:00:02.23 | Mem:0.00M, Peak:0.00M | Scene, ViewLayer | Synchronizing object | G4_joint_G3_cap_rivet.011
Fra:451 Mem:946.21M (Peak 949.09M) | Time:00:02.23 | Mem:0.00M, Peak:0.00M | Scene, ViewLayer | Synchronizing object | G4_joint_G3R04_eave_splice_plate.010
Fra:451 Mem:946.22M (Peak 949.09M) | Time:00:02.23 | Mem:0.00M, Peak:0.00M | Scene, ViewLayer | Synchronizing object | G4_joint_G3R04_splice_washer.040
Fra:451 Mem:946.26M (Peak 949.09M) | Time:00:02.23 | Mem:0.00M, Peak:0.00M | Scene, ViewLayer | Synchronizing object | G4_joint_G3R04_splice_hexbolt.040
Fra:451 Mem:946.26M (Peak 949.09M) | Time:00:02.23 | Mem:0.00M, Peak:0.00M | Scene, ViewLayer | Synchronizing object | G4_joint_G3R04_splice_washer.041
Fra:451 Mem:946.26M (Peak 949.09M) | Time:00:02.23 | Mem:0.00M, Peak:0.00M | Scene, ViewLayer | Synchronizing object | G4_joint_G3R04_splice_hexbolt.041
Fra:451 Mem:946.26M (Peak 949.09M) | Time:00:02.23 | Mem:0.00M, Peak:0.00M | Scene, ViewLayer | Synchronizing object | G4_joint_G3R04_splice_hexbolt.042
Fra:451 Mem:946.27M (Peak 949.09M) | Time:00:02.23 | Mem:0.00M, Peak:0.00M | Scene, ViewLayer | Synchronizing object | G4_joint_G3R04_splice_washer.043
Fra:451 Mem:946.26M (Peak 949.09M) | Time:00:02.23 | Mem:0.00M, Peak:0.00M | Scene, ViewLayer | Synchronizing object | G4_joint_G3R04_splice_hexbolt.043
Fra:451 Mem:946.27M (Peak 949.09M) | Time:00:02.23 | Mem:0.00M, Peak:0.00M | Scene, ViewLayer | Synchronizing object | G4_joint_G3R04_eave_splice_plate.011
Fra:451 Mem:946.27M (Peak 949.09M) | Time:00:02.23 | Mem:0.00M, Peak:0.00M | Scene, ViewLayer | Synchronizing object | G4_joint_G3R04_splice_washer.044
Fra:451 Mem:946.32M (Peak 949.09M) | Time:00:02.23 | Mem:0.00M, Peak:0.00M | Scene, ViewLayer | Synchronizing object | G4_joint_G3R04_splice_hexbolt.044
Fra:451 Mem:946.31M (Peak 949.09M) | Time:00:02.23 | Mem:0.00M, Peak:0.00M | Scene, ViewLayer | Synchronizing object | G4_joint_G3R04_splice_washer.045
Fra:451 Mem:946.33M (Peak 949.09M) | Time:00:02.23 | Mem:0.00M, Peak:0.00M | Scene, ViewLayer | Synchronizing object | G4_joint_G3R04_splice_hexbolt.045
Fra:451 Mem:946.33M (Peak 949.09M) | Time:00:02.23 | Mem:0.00M, Peak:0.00M | Scene, ViewLayer | Synchronizing object | G4_joint_G3R04_splice_washer.046
Fra:451 Mem:946.33M (Peak 949.09M) | Time:00:02.23 | Mem:0.00M, Peak:0.00M | Scene, ViewLayer | Synchronizing object | G4_joint_G3R04_splice_hexbolt.046
Fra:451 Mem:946.34M (Peak 949.09M) | Time:00:02.23 | Mem:0.00M, Peak:0.00M | Scene, ViewLayer | Synchronizing object | G4_joint_G3R04_splice_washer.047
Fra:451 Mem:946.33M (Peak 949.09M) | Time:00:02.23 | Mem:0.00M, Peak:0.00M | Scene, ViewLayer | Synchronizing object | G4_joint_G3R04_splice_hexbolt.047
Fra:451 Mem:946.34M (Peak 949.09M) | Time:00:02.23 | Mem:0.00M, Peak:0.00M | Scene, ViewLayer | Synchronizing object | G4_sconce_G3R04_sconce_mount.005
Fra:451 Mem:946.35M (Peak 949.09M) | Time:00:02.23 | Mem:0.00M, Peak:0.00M | Scene, ViewLayer | Synchronizing object | G4_sconce_G3R04_opal_diffuser.005
Fra:451 Mem:946.37M (Peak 949.09M) | Time:00:02.23 | Mem:0.00M, Peak:0.00M | Scene, ViewLayer | Synchronizing object | G4_sconce_G3R04_sconce_cap.010
Fra:451 Mem:946.45M (Peak 949.09M) | Time:00:02.23 | Mem:0.00M, Peak:0.00M | Scene, ViewLayer | Synchronizing object | G4_sconce_G3R04_sconce_cap.011
Fra:451 Mem:946.43M (Peak 949.09M) | Time:00:02.23 | Mem:0.00M, Peak:0.00M | Scene, ViewLayer | Synchronizing object | G4_sconce_G3R04_sconce_cage.010
Fra:451 Mem:946.42M (Peak 949.09M) | Time:00:02.23 | Mem:0.00M, Peak:0.00M | Scene, ViewLayer | Synchronizing object | G4_sconce_G3R04_sconce_cage.011
Fra:451 Mem:946.46M (Peak 949.09M) | Time:00:02.23 | Mem:0.00M, Peak:0.00M | Scene, ViewLayer | Synchronizing object | G4_column_sconce.005
Fra:451 Mem:946.46M (Peak 949.09M) | Time:00:02.23 | Mem:0.00M, Peak:0.00M | Scene, ViewLayer | Synchronizing object | G4_joint_G3_column_anchor_bolt.024
Fra:451 Mem:946.45M (Peak 949.09M) | Time:00:02.23 | Mem:0.00M, Peak:0.00M | Scene, ViewLayer | Synchronizing object | G4_joint_G3_column_anchor_bolt.025
Fra:451 Mem:946.45M (Peak 949.09M) | Time:00:02.23 | Mem:0.00M, Peak:0.00M | Scene, ViewLayer | Synchronizing object | G4_joint_G3_column_anchor_bolt.026
Fra:451 Mem:946.45M (Peak 949.09M) | Time:00:02.23 | Mem:0.00M, Peak:0.00M | Scene, ViewLayer | Synchronizing object | G4_joint_G3_column_anchor_bolt.027
Fra:451 Mem:946.46M (Peak 949.09M) | Time:00:02.23 | Mem:0.00M, Peak:0.00M | Scene, ViewLayer | Synchronizing object | G4_joint_G3_column_cap_plate.006
Fra:451 Mem:946.46M (Peak 949.09M) | Time:00:02.23 | Mem:0.00M, Peak:0.00M | Scene, ViewLayer | Synchronizing object | G4_joint_G3_cap_rivet.012
Fra:451 Mem:946.49M (Peak 949.09M) | Time:00:02.23 | Mem:0.00M, Peak:0.00M | Scene, ViewLayer | Synchronizing object | G4_joint_G3_cap_rivet.013
Fra:451 Mem:946.49M (Peak 949.09M) | Time:00:02.23 | Mem:0.00M, Peak:0.00M | Scene, ViewLayer | Synchronizing object | G4_joint_G3R04_eave_splice_plate.012
Fra:451 Mem:946.48M (Peak 949.09M) | Time:00:02.23 | Mem:0.00M, Peak:0.00M | Scene, ViewLayer | Synchronizing object | G4_joint_G3R04_splice_washer.048
Fra:451 Mem:946.53M (Peak 949.09M) | Time:00:02.23 | Mem:0.00M, Peak:0.00M | Scene, ViewLayer | Synchronizing object | G4_joint_G3R04_splice_hexbolt.048
Fra:451 Mem:946.53M (Peak 949.09M) | Time:00:02.23 | Mem:0.00M, Peak:0.00M | Scene, ViewLayer | Synchronizing object | G4_joint_G3R04_splice_washer.049
Fra:451 Mem:946.54M (Peak 949.09M) | Time:00:02.23 | Mem:0.00M, Peak:0.00M | Scene, ViewLayer | Synchronizing object | G4_joint_G3R04_splice_hexbolt.049
Fra:451 Mem:946.54M (Peak 949.09M) | Time:00:02.23 | Mem:0.00M, Peak:0.00M | Scene, ViewLayer | Synchronizing object | G4_joint_G3R04_splice_washer.050
Fra:451 Mem:946.54M (Peak 949.09M) | Time:00:02.23 | Mem:0.00M, Peak:0.00M | Scene, ViewLayer | Synchronizing object | G4_joint_G3R04_splice_hexbolt.050
Fra:451 Mem:946.56M (Peak 949.09M) | Time:00:02.23 | Mem:0.00M, Peak:0.00M | Scene, ViewLayer | Synchronizing object | G4_joint_G3R04_splice_washer.051
Fra:451 Mem:946.54M (Peak 949.09M) | Time:00:02.23 | Mem:0.00M, Peak:0.00M | Scene, ViewLayer | Synchronizing object | G4_joint_G3R04_splice_hexbolt.051
Fra:451 Mem:946.55M (Peak 949.09M) | Time:00:02.23 | Mem:0.00M, Peak:0.00M | Scene, ViewLayer | Synchronizing object | G4_joint_G3R04_eave_splice_plate.013
Fra:451 Mem:946.55M (Peak 949.09M) | Time:00:02.23 | Mem:0.00M, Peak:0.00M | Scene, ViewLayer | Synchronizing object | G4_joint_G3R04_splice_washer.052
Fra:451 Mem:946.56M (Peak 949.09M) | Time:00:02.23 | Mem:0.00M, Peak:0.00M | Scene, ViewLayer | Synchronizing object | G4_joint_G3R04_splice_hexbolt.052
Fra:451 Mem:946.59M (Peak 949.09M) | Time:00:02.23 | Mem:0.00M, Peak:0.00M | Scene, ViewLayer | Synchronizing object | G4_joint_G3R04_splice_washer.053
Fra:451 Mem:946.58M (Peak 949.09M) | Time:00:02.23 | Mem:0.00M, Peak:0.00M | Scene, ViewLayer | Synchronizing object | G4_joint_G3R04_splice_hexbolt.053
Fra:451 Mem:946.60M (Peak 949.09M) | Time:00:02.23 | Mem:0.00M, Peak:0.00M | Scene, ViewLayer | Synchronizing object | G4_joint_G3R04_splice_washer.054
Fra:451 Mem:946.60M (Peak 949.09M) | Time:00:02.23 | Mem:0.00M, Peak:0.00M | Scene, ViewLayer | Synchronizing object | G4_joint_G3R04_splice_hexbolt.054
Fra:451 Mem:946.61M (Peak 949.09M) | Time:00:02.23 | Mem:0.00M, Peak:0.00M | Scene, ViewLayer | Synchronizing object | G4_joint_G3R04_splice_washer.055
Fra:451 Mem:946.61M (Peak 949.09M) | Time:00:02.23 | Mem:0.00M, Peak:0.00M | Scene, ViewLayer | Synchronizing object | G4_joint_G3R04_splice_hexbolt.055
Fra:451 Mem:946.64M (Peak 949.09M) | Time:00:02.23 | Mem:0.00M, Peak:0.00M | Scene, ViewLayer | Synchronizing object | G4_sconce_G3R04_sconce_mount.006
Fra:451 Mem:946.62M (Peak 949.09M) | Time:00:02.23 | Mem:0.00M, Peak:0.00M | Scene, ViewLayer | Synchronizing object | G4_sconce_G3R04_opal_diffuser.006
Fra:451 Mem:946.62M (Peak 949.09M) | Time:00:02.23 | Mem:0.00M, Peak:0.00M | Scene, ViewLayer | Synchronizing object | G4_sconce_G3R04_sconce_cap.012
Fra:451 Mem:946.67M (Peak 949.09M) | Time:00:02.23 | Mem:0.00M, Peak:0.00M | Scene, ViewLayer | Synchronizing object | G4_sconce_G3R04_sconce_cap.013
Fra:451 Mem:946.67M (Peak 949.09M) | Time:00:02.23 | Mem:0.00M, Peak:0.00M | Scene, ViewLayer | Synchronizing object | G4_sconce_G3R04_sconce_cage.012
Fra:451 Mem:946.70M (Peak 949.09M) | Time:00:02.23 | Mem:0.00M, Peak:0.00M | Scene, ViewLayer | Synchronizing object | G4_sconce_G3R04_sconce_cage.013
Fra:451 Mem:946.70M (Peak 949.09M) | Time:00:02.23 | Mem:0.00M, Peak:0.00M | Scene, ViewLayer | Synchronizing object | G4_column_sconce.006
Fra:451 Mem:946.70M (Peak 949.09M) | Time:00:02.23 | Mem:0.00M, Peak:0.00M | Scene, ViewLayer | Synchronizing object | G4_joint_G3_column_anchor_bolt.028
Fra:451 Mem:946.71M (Peak 949.09M) | Time:00:02.23 | Mem:0.00M, Peak:0.00M | Scene, ViewLayer | Synchronizing object | G4_joint_G3_column_anchor_bolt.029
Fra:451 Mem:946.71M (Peak 949.09M) | Time:00:02.23 | Mem:0.00M, Peak:0.00M | Scene, ViewLayer | Synchronizing object | G4_joint_G3_column_anchor_bolt.030
Fra:451 Mem:946.73M (Peak 949.09M) | Time:00:02.23 | Mem:0.00M, Peak:0.00M | Scene, ViewLayer | Synchronizing object | G4_joint_G3_column_anchor_bolt.031
Fra:451 Mem:946.71M (Peak 949.09M) | Time:00:02.23 | Mem:0.00M, Peak:0.00M | Scene, ViewLayer | Synchronizing object | G4_joint_G3_column_cap_plate.007
Fra:451 Mem:946.73M (Peak 949.09M) | Time:00:02.23 | Mem:0.00M, Peak:0.00M | Scene, ViewLayer | Synchronizing object | G4_joint_G3_cap_rivet.014
Fra:451 Mem:946.77M (Peak 949.09M) | Time:00:02.23 | Mem:0.00M, Peak:0.00M | Scene, ViewLayer | Synchronizing object | G4_joint_G3_cap_rivet.015
Fra:451 Mem:946.76M (Peak 949.09M) | Time:00:02.23 | Mem:0.00M, Peak:0.00M | Scene, ViewLayer | Synchronizing object | G4_joint_G3R04_eave_splice_plate.014
Fra:451 Mem:946.79M (Peak 949.09M) | Time:00:02.23 | Mem:0.00M, Peak:0.00M | Scene, ViewLayer | Synchronizing object | G4_joint_G3R04_splice_washer.056
Fra:451 Mem:946.78M (Peak 949.09M) | Time:00:02.23 | Mem:0.00M, Peak:0.00M | Scene, ViewLayer | Synchronizing object | G4_joint_G3R04_splice_hexbolt.056
Fra:451 Mem:946.80M (Peak 949.09M) | Time:00:02.23 | Mem:0.00M, Peak:0.00M | Scene, ViewLayer | Synchronizing object | G4_joint_G3R04_splice_washer.057
Fra:451 Mem:946.81M (Peak 949.09M) | Time:00:02.23 | Mem:0.00M, Peak:0.00M | Scene, ViewLayer | Synchronizing object | G4_joint_G3R04_splice_hexbolt.057
Fra:451 Mem:946.79M (Peak 949.09M) | Time:00:02.23 | Mem:0.00M, Peak:0.00M | Scene, ViewLayer | Synchronizing object | G4_joint_G3R04_splice_washer.058
Fra:451 Mem:946.80M (Peak 949.09M) | Time:00:02.23 | Mem:0.00M, Peak:0.00M | Scene, ViewLayer | Synchronizing object | G4_joint_G3R04_splice_hexbolt.058
Fra:451 Mem:946.80M (Peak 949.09M) | Time:00:02.23 | Mem:0.00M, Peak:0.00M | Scene, ViewLayer | Synchronizing object | G4_joint_G3R04_splice_washer.059
Fra:451 Mem:946.81M (Peak 949.09M) | Time:00:02.23 | Mem:0.00M, Peak:0.00M | Scene, ViewLayer | Synchronizing object | G4_joint_G3R04_splice_hexbolt.059
Fra:451 Mem:946.82M (Peak 949.09M) | Time:00:02.23 | Mem:0.00M, Peak:0.00M | Scene, ViewLayer | Synchronizing object | G4_joint_G3R04_eave_splice_plate.015
Fra:451 Mem:946.82M (Peak 949.09M) | Time:00:02.23 | Mem:0.00M, Peak:0.00M | Scene, ViewLayer | Synchronizing object | G4_joint_G3R04_splice_washer.060
Fra:451 Mem:946.82M (Peak 949.09M) | Time:00:02.23 | Mem:0.00M, Peak:0.00M | Scene, ViewLayer | Synchronizing object | G4_joint_G3R04_splice_hexbolt.060
Fra:451 Mem:946.86M (Peak 949.09M) | Time:00:02.23 | Mem:0.00M, Peak:0.00M | Scene, ViewLayer | Synchronizing object | G4_joint_G3R04_splice_washer.061
Fra:451 Mem:946.85M (Peak 949.09M) | Time:00:02.23 | Mem:0.00M, Peak:0.00M | Scene, ViewLayer | Synchronizing object | G4_joint_G3R04_splice_hexbolt.061
Fra:451 Mem:946.86M (Peak 949.09M) | Time:00:02.23 | Mem:0.00M, Peak:0.00M | Scene, ViewLayer | Synchronizing object | G4_joint_G3R04_splice_washer.062
Fra:451 Mem:946.86M (Peak 949.09M) | Time:00:02.23 | Mem:0.00M, Peak:0.00M | Scene, ViewLayer | Synchronizing object | G4_joint_G3R04_splice_hexbolt.062
Fra:451 Mem:946.88M (Peak 949.09M) | Time:00:02.24 | Mem:0.00M, Peak:0.00M | Scene, ViewLayer | Synchronizing object | G4_joint_G3R04_splice_washer.063
Fra:451 Mem:946.88M (Peak 949.09M) | Time:00:02.24 | Mem:0.00M, Peak:0.00M | Scene, ViewLayer | Synchronizing object | G4_joint_G3R04_splice_hexbolt.063
Fra:451 Mem:946.89M (Peak 949.09M) | Time:00:02.24 | Mem:0.00M, Peak:0.00M | Scene, ViewLayer | Synchronizing object | G4_sconce_G3R04_sconce_mount.007
Fra:451 Mem:946.90M (Peak 949.09M) | Time:00:02.24 | Mem:0.00M, Peak:0.00M | Scene, ViewLayer | Synchronizing object | G4_sconce_G3R04_opal_diffuser.007
Fra:451 Mem:946.89M (Peak 949.09M) | Time:00:02.24 | Mem:0.00M, Peak:0.00M | Scene, ViewLayer | Synchronizing object | G4_sconce_G3R04_sconce_cap.014
Fra:451 Mem:946.96M (Peak 949.09M) | Time:00:02.24 | Mem:0.00M, Peak:0.00M | Scene, ViewLayer | Synchronizing object | G4_sconce_G3R04_sconce_cap.015
Fra:451 Mem:946.96M (Peak 949.09M) | Time:00:02.24 | Mem:0.00M, Peak:0.00M | Scene, ViewLayer | Synchronizing object | G4_sconce_G3R04_sconce_cage.014
Fra:451 Mem:946.97M (Peak 949.09M) | Time:00:02.24 | Mem:0.00M, Peak:0.00M | Scene, ViewLayer | Synchronizing object | G4_sconce_G3R04_sconce_cage.015
Fra:451 Mem:946.97M (Peak 949.09M) | Time:00:02.24 | Mem:0.00M, Peak:0.00M | Scene, ViewLayer | Synchronizing object | G4_column_sconce.007
Fra:451 Mem:946.97M (Peak 949.09M) | Time:00:02.24 | Mem:0.00M, Peak:0.00M | Scene, ViewLayer | Synchronizing object | G4_joint_G3_column_anchor_bolt.032
Fra:451 Mem:946.97M (Peak 949.09M) | Time:00:02.24 | Mem:0.00M, Peak:0.00M | Scene, ViewLayer | Synchronizing object | G4_joint_G3_column_anchor_bolt.033
Fra:451 Mem:946.99M (Peak 949.09M) | Time:00:02.24 | Mem:0.00M, Peak:0.00M | Scene, ViewLayer | Synchronizing object | G4_joint_G3_column_anchor_bolt.034
Fra:451 Mem:947.00M (Peak 949.09M) | Time:00:02.24 | Mem:0.00M, Peak:0.00M | Scene, ViewLayer | Synchronizing object | G4_joint_G3_column_anchor_bolt.035
Fra:451 Mem:947.01M (Peak 949.09M) | Time:00:02.24 | Mem:0.00M, Peak:0.00M | Scene, ViewLayer | Synchronizing object | G4_joint_G3_column_cap_plate.008
Fra:451 Mem:946.99M (Peak 949.09M) | Time:00:02.24 | Mem:0.00M, Peak:0.00M | Scene, ViewLayer | Synchronizing object | G4_joint_G3_cap_rivet.016
Fra:451 Mem:947.03M (Peak 949.09M) | Time:00:02.24 | Mem:0.00M, Peak:0.00M | Scene, ViewLayer | Synchronizing object | G4_joint_G3_cap_rivet.017
Fra:451 Mem:947.03M (Peak 949.09M) | Time:00:02.24 | Mem:0.00M, Peak:0.00M | Scene, ViewLayer | Synchronizing object | G4_joint_G3R04_eave_splice_plate.016
Fra:451 Mem:947.06M (Peak 949.09M) | Time:00:02.24 | Mem:0.00M, Peak:0.00M | Scene, ViewLayer | Synchronizing object | G4_joint_G3R04_splice_washer.064
Fra:451 Mem:947.06M (Peak 949.09M) | Time:00:02.24 | Mem:0.00M, Peak:0.00M | Scene, ViewLayer | Synchronizing object | G4_joint_G3R04_splice_hexbolt.064
Fra:451 Mem:947.06M (Peak 949.09M) | Time:00:02.24 | Mem:0.00M, Peak:0.00M | Scene, ViewLayer | Synchronizing object | G4_joint_G3R04_splice_washer.065
Fra:451 Mem:947.07M (Peak 949.09M) | Time:00:02.24 | Mem:0.00M, Peak:0.00M | Scene, ViewLayer | Synchronizing object | G4_joint_G3R04_splice_hexbolt.065
Fra:451 Mem:947.08M (Peak 949.09M) | Time:00:02.24 | Mem:0.00M, Peak:0.00M | Scene, ViewLayer | Synchronizing object | G4_joint_G3R04_splice_washer.066
Fra:451 Mem:947.09M (Peak 949.09M) | Time:00:02.24 | Mem:0.00M, Peak:0.00M | Scene, ViewLayer | Synchronizing object | G4_joint_G3R04_splice_hexbolt.066
Fra:451 Mem:947.07M (Peak 949.09M) | Time:00:02.24 | Mem:0.00M, Peak:0.00M | Scene, ViewLayer | Synchronizing object | G4_joint_G3R04_splice_washer.067
Fra:451 Mem:947.08M (Peak 949.09M) | Time:00:02.24 | Mem:0.00M, Peak:0.00M | Scene, ViewLayer | Synchronizing object | G4_joint_G3R04_splice_hexbolt.067
Fra:451 Mem:947.08M (Peak 949.09M) | Time:00:02.24 | Mem:0.00M, Peak:0.00M | Scene, ViewLayer | Synchronizing object | G4_joint_G3R04_eave_splice_plate.017
Fra:451 Mem:947.09M (Peak 949.09M) | Time:00:02.24 | Mem:0.00M, Peak:0.00M | Scene, ViewLayer | Synchronizing object | G4_joint_G3R04_splice_washer.068
Fra:451 Mem:947.09M (Peak 949.09M) | Time:00:02.24 | Mem:0.00M, Peak:0.00M | Scene, ViewLayer | Synchronizing object | G4_joint_G3R04_splice_hexbolt.068
Fra:451 Mem:947.13M (Peak 949.09M) | Time:00:02.24 | Mem:0.00M, Peak:0.00M | Scene, ViewLayer | Synchronizing object | G4_joint_G3R04_splice_washer.069
Fra:451 Mem:947.13M (Peak 949.09M) | Time:00:02.24 | Mem:0.00M, Peak:0.00M | Scene, ViewLayer | Synchronizing object | G4_joint_G3R04_splice_hexbolt.069
Fra:451 Mem:947.13M (Peak 949.09M) | Time:00:02.24 | Mem:0.00M, Peak:0.00M | Scene, ViewLayer | Synchronizing object | G4_joint_G3R04_splice_washer.070
Fra:451 Mem:947.13M (Peak 949.09M) | Time:00:02.24 | Mem:0.00M, Peak:0.00M | Scene, ViewLayer | Synchronizing object | G4_joint_G3R04_splice_hexbolt.070
Fra:451 Mem:947.14M (Peak 949.09M) | Time:00:02.24 | Mem:0.00M, Peak:0.00M | Scene, ViewLayer | Synchronizing object | G4_joint_G3R04_splice_washer.071
Fra:451 Mem:947.14M (Peak 949.09M) | Time:00:02.24 | Mem:0.00M, Peak:0.00M | Scene, ViewLayer | Synchronizing object | G4_joint_G3R04_splice_hexbolt.071
Fra:451 Mem:947.16M (Peak 949.09M) | Time:00:02.24 | Mem:0.00M, Peak:0.00M | Scene, ViewLayer | Synchronizing object | G4_sconce_G3R04_sconce_mount.008
Fra:451 Mem:947.18M (Peak 949.09M) | Time:00:02.24 | Mem:0.00M, Peak:0.00M | Scene, ViewLayer | Synchronizing object | G4_sconce_G3R04_opal_diffuser.008
Fra:451 Mem:947.18M (Peak 949.09M) | Time:00:02.24 | Mem:0.00M, Peak:0.00M | Scene, ViewLayer | Synchronizing object | G4_sconce_G3R04_sconce_cap.016
Fra:451 Mem:947.26M (Peak 949.09M) | Time:00:02.24 | Mem:0.00M, Peak:0.00M | Scene, ViewLayer | Synchronizing object | G4_sconce_G3R04_sconce_cap.017
Fra:451 Mem:947.22M (Peak 949.09M) | Time:00:02.24 | Mem:0.00M, Peak:0.00M | Scene, ViewLayer | Synchronizing object | G4_sconce_G3R04_sconce_cage.016
Fra:451 Mem:947.24M (Peak 949.09M) | Time:00:02.24 | Mem:0.00M, Peak:0.00M | Scene, ViewLayer | Synchronizing object | G4_sconce_G3R04_sconce_cage.017
Fra:451 Mem:947.24M (Peak 949.09M) | Time:00:02.24 | Mem:0.00M, Peak:0.00M | Scene, ViewLayer | Synchronizing object | G4_column_sconce.008
Fra:451 Mem:947.25M (Peak 949.09M) | Time:00:02.24 | Mem:0.00M, Peak:0.00M | Scene, ViewLayer | Synchronizing object | G4_joint_G3_column_anchor_bolt.036
Fra:451 Mem:947.26M (Peak 949.09M) | Time:00:02.24 | Mem:0.00M, Peak:0.00M | Scene, ViewLayer | Synchronizing object | G4_joint_G3_column_anchor_bolt.037
Fra:451 Mem:947.26M (Peak 949.09M) | Time:00:02.24 | Mem:0.00M, Peak:0.00M | Scene, ViewLayer | Synchronizing object | G4_joint_G3_column_anchor_bolt.038
Fra:451 Mem:947.26M (Peak 949.09M) | Time:00:02.24 | Mem:0.00M, Peak:0.00M | Scene, ViewLayer | Synchronizing object | G4_joint_G3_column_anchor_bolt.039
Fra:451 Mem:947.26M (Peak 949.09M) | Time:00:02.24 | Mem:0.00M, Peak:0.00M | Scene, ViewLayer | Synchronizing object | G4_joint_G3_column_cap_plate.009
Fra:451 Mem:947.29M (Peak 949.09M) | Time:00:02.24 | Mem:0.00M, Peak:0.00M | Scene, ViewLayer | Synchronizing object | G4_joint_G3_cap_rivet.018
Fra:451 Mem:947.29M (Peak 949.09M) | Time:00:02.24 | Mem:0.00M, Peak:0.00M | Scene, ViewLayer | Synchronizing object | G4_joint_G3_cap_rivet.019
Fra:451 Mem:947.30M (Peak 949.09M) | Time:00:02.24 | Mem:0.00M, Peak:0.00M | Scene, ViewLayer | Synchronizing object | G4_joint_G3R04_eave_splice_plate.018
Fra:451 Mem:947.29M (Peak 949.09M) | Time:00:02.24 | Mem:0.00M, Peak:0.00M | Scene, ViewLayer | Synchronizing object | G4_joint_G3R04_splice_washer.072
Fra:451 Mem:947.34M (Peak 949.09M) | Time:00:02.24 | Mem:0.00M, Peak:0.00M | Scene, ViewLayer | Synchronizing object | G4_joint_G3R04_splice_hexbolt.072
Fra:451 Mem:947.32M (Peak 949.09M) | Time:00:02.24 | Mem:0.00M, Peak:0.00M | Scene, ViewLayer | Synchronizing object | G4_joint_G3R04_splice_washer.073
Fra:451 Mem:947.34M (Peak 949.09M) | Time:00:02.24 | Mem:0.00M, Peak:0.00M | Scene, ViewLayer | Synchronizing object | G4_joint_G3R04_splice_hexbolt.073
Fra:451 Mem:947.35M (Peak 949.09M) | Time:00:02.24 | Mem:0.00M, Peak:0.00M | Scene, ViewLayer | Synchronizing object | G4_joint_G3R04_splice_washer.074
Fra:451 Mem:947.34M (Peak 949.09M) | Time:00:02.24 | Mem:0.00M, Peak:0.00M | Scene, ViewLayer | Synchronizing object | G4_joint_G3R04_splice_hexbolt.074
Fra:451 Mem:947.36M (Peak 949.09M) | Time:00:02.24 | Mem:0.00M, Peak:0.00M | Scene, ViewLayer | Synchronizing object | G4_joint_G3R04_splice_washer.075
Fra:451 Mem:947.37M (Peak 949.09M) | Time:00:02.24 | Mem:0.00M, Peak:0.00M | Scene, ViewLayer | Synchronizing object | G4_joint_G3R04_splice_hexbolt.075
Fra:451 Mem:947.35M (Peak 949.09M) | Time:00:02.24 | Mem:0.00M, Peak:0.00M | Scene, ViewLayer | Synchronizing object | G4_joint_G3R04_eave_splice_plate.019
Fra:451 Mem:947.35M (Peak 949.09M) | Time:00:02.24 | Mem:0.00M, Peak:0.00M | Scene, ViewLayer | Synchronizing object | G4_joint_G3R04_splice_washer.076
Fra:451 Mem:947.36M (Peak 949.09M) | Time:00:02.24 | Mem:0.00M, Peak:0.00M | Scene, ViewLayer | Synchronizing object | G4_joint_G3R04_splice_hexbolt.076
Fra:451 Mem:947.40M (Peak 949.09M) | Time:00:02.24 | Mem:0.00M, Peak:0.00M | Scene, ViewLayer | Synchronizing object | G4_joint_G3R04_splice_washer.077
Fra:451 Mem:947.41M (Peak 949.09M) | Time:00:02.24 | Mem:0.00M, Peak:0.00M | Scene, ViewLayer | Synchronizing object | G4_joint_G3R04_splice_hexbolt.077
Fra:451 Mem:947.40M (Peak 949.09M) | Time:00:02.24 | Mem:0.00M, Peak:0.00M | Scene, ViewLayer | Synchronizing object | G4_joint_G3R04_splice_washer.078
Fra:451 Mem:947.41M (Peak 949.09M) | Time:00:02.24 | Mem:0.00M, Peak:0.00M | Scene, ViewLayer | Synchronizing object | G4_joint_G3R04_splice_hexbolt.078
Fra:451 Mem:947.41M (Peak 949.09M) | Time:00:02.24 | Mem:0.00M, Peak:0.00M | Scene, ViewLayer | Synchronizing object | G4_joint_G3R04_splice_washer.079
Fra:451 Mem:947.42M (Peak 949.09M) | Time:00:02.24 | Mem:0.00M, Peak:0.00M | Scene, ViewLayer | Synchronizing object | G4_joint_G3R04_splice_hexbolt.079
Fra:451 Mem:947.44M (Peak 949.09M) | Time:00:02.24 | Mem:0.00M, Peak:0.00M | Scene, ViewLayer | Synchronizing object | G4_sconce_G3R04_sconce_mount.009
Fra:451 Mem:947.45M (Peak 949.09M) | Time:00:02.24 | Mem:0.00M, Peak:0.00M | Scene, ViewLayer | Synchronizing object | G4_sconce_G3R04_opal_diffuser.009
Fra:451 Mem:947.43M (Peak 949.09M) | Time:00:02.24 | Mem:0.00M, Peak:0.00M | Scene, ViewLayer | Synchronizing object | G4_sconce_G3R04_sconce_cap.018
Fra:451 Mem:947.50M (Peak 949.09M) | Time:00:02.24 | Mem:0.00M, Peak:0.00M | Scene, ViewLayer | Synchronizing object | G4_sconce_G3R04_sconce_cap.019
Fra:451 Mem:947.49M (Peak 949.09M) | Time:00:02.24 | Mem:0.00M, Peak:0.00M | Scene, ViewLayer | Synchronizing object | G4_sconce_G3R04_sconce_cage.018
Fra:451 Mem:947.53M (Peak 949.09M) | Time:00:02.24 | Mem:0.00M, Peak:0.00M | Scene, ViewLayer | Synchronizing object | G4_column_sconce.009
Fra:451 Mem:947.53M (Peak 949.09M) | Time:00:02.24 | Mem:0.00M, Peak:0.00M | Scene, ViewLayer | Synchronizing object | G4_joint_G3_column_anchor_bolt.040
Fra:451 Mem:947.52M (Peak 949.09M) | Time:00:02.24 | Mem:0.00M, Peak:0.00M | Scene, ViewLayer | Synchronizing object | G4_joint_G3_column_anchor_bolt.041
Fra:451 Mem:947.52M (Peak 949.09M) | Time:00:02.24 | Mem:0.00M, Peak:0.00M | Scene, ViewLayer | Synchronizing object | G4_joint_G3_column_anchor_bolt.042
Fra:451 Mem:947.52M (Peak 949.09M) | Time:00:02.24 | Mem:0.00M, Peak:0.00M | Scene, ViewLayer | Synchronizing object | G4_joint_G3_column_anchor_bolt.043
Fra:451 Mem:947.55M (Peak 949.09M) | Time:00:02.24 | Mem:0.00M, Peak:0.00M | Scene, ViewLayer | Synchronizing object | G4_joint_G3_column_cap_plate.010
Fra:451 Mem:947.53M (Peak 949.09M) | Time:00:02.24 | Mem:0.00M, Peak:0.00M | Scene, ViewLayer | Synchronizing object | G4_joint_G3_cap_rivet.021
Fra:451 Mem:947.57M (Peak 949.09M) | Time:00:02.24 | Mem:0.00M, Peak:0.00M | Scene, ViewLayer | Synchronizing object | G4_joint_G3R04_eave_splice_plate.020
Fra:451 Mem:947.58M (Peak 949.09M) | Time:00:02.24 | Mem:0.00M, Peak:0.00M | Scene, ViewLayer | Synchronizing object | G4_joint_G3R04_splice_washer.080
Fra:451 Mem:947.59M (Peak 949.09M) | Time:00:02.24 | Mem:0.00M, Peak:0.00M | Scene, ViewLayer | Synchronizing object | G4_joint_G3R04_splice_hexbolt.080
Fra:451 Mem:947.60M (Peak 949.09M) | Time:00:02.24 | Mem:0.00M, Peak:0.00M | Scene, ViewLayer | Synchronizing object | G4_joint_G3R04_splice_washer.081
Fra:451 Mem:947.62M (Peak 949.09M) | Time:00:02.24 | Mem:0.00M, Peak:0.00M | Scene, ViewLayer | Synchronizing object | G4_joint_G3R04_splice_hexbolt.081
Fra:451 Mem:947.60M (Peak 949.09M) | Time:00:02.24 | Mem:0.00M, Peak:0.00M | Scene, ViewLayer | Synchronizing object | G4_joint_G3R04_splice_washer.082
Fra:451 Mem:947.60M (Peak 949.09M) | Time:00:02.24 | Mem:0.00M, Peak:0.00M | Scene, ViewLayer | Synchronizing object | G4_joint_G3R04_splice_hexbolt.082
Fra:451 Mem:947.61M (Peak 949.09M) | Time:00:02.24 | Mem:0.00M, Peak:0.00M | Scene, ViewLayer | Synchronizing object | G4_joint_G3R04_splice_washer.083
Fra:451 Mem:947.63M (Peak 949.09M) | Time:00:02.24 | Mem:0.00M, Peak:0.00M | Scene, ViewLayer | Synchronizing object | G4_joint_G3R04_splice_hexbolt.083
Fra:451 Mem:947.62M (Peak 949.09M) | Time:00:02.24 | Mem:0.00M, Peak:0.00M | Scene, ViewLayer | Synchronizing object | G4_joint_G3R04_eave_splice_plate.021
Fra:451 Mem:947.63M (Peak 949.09M) | Time:00:02.24 | Mem:0.00M, Peak:0.00M | Scene, ViewLayer | Synchronizing object | G4_joint_G3R04_splice_washer.084
Fra:451 Mem:947.63M (Peak 949.09M) | Time:00:02.24 | Mem:0.00M, Peak:0.00M | Scene, ViewLayer | Synchronizing object | G4_joint_G3R04_splice_hexbolt.084
Fra:451 Mem:947.67M (Peak 949.09M) | Time:00:02.24 | Mem:0.00M, Peak:0.00M | Scene, ViewLayer | Synchronizing object | G4_joint_G3R04_splice_washer.085
Fra:451 Mem:947.67M (Peak 949.09M) | Time:00:02.24 | Mem:0.00M, Peak:0.00M | Scene, ViewLayer | Synchronizing object | G4_joint_G3R04_splice_hexbolt.085
Fra:451 Mem:947.67M (Peak 949.09M) | Time:00:02.24 | Mem:0.00M, Peak:0.00M | Scene, ViewLayer | Synchronizing object | G4_joint_G3R04_splice_washer.086
Fra:451 Mem:947.67M (Peak 949.09M) | Time:00:02.24 | Mem:0.00M, Peak:0.00M | Scene, ViewLayer | Synchronizing object | G4_joint_G3R04_splice_hexbolt.086
Fra:451 Mem:947.68M (Peak 949.09M) | Time:00:02.24 | Mem:0.00M, Peak:0.00M | Scene, ViewLayer | Synchronizing object | G4_joint_G3R04_splice_washer.087
Fra:451 Mem:947.69M (Peak 949.09M) | Time:00:02.24 | Mem:0.00M, Peak:0.00M | Scene, ViewLayer | Synchronizing object | G4_joint_G3R04_splice_hexbolt.087
Fra:451 Mem:947.69M (Peak 949.09M) | Time:00:02.24 | Mem:0.00M, Peak:0.00M | Scene, ViewLayer | Synchronizing object | G4_sconce_G3R04_sconce_mount.010
Fra:451 Mem:947.71M (Peak 949.09M) | Time:00:02.24 | Mem:0.00M, Peak:0.00M | Scene, ViewLayer | Synchronizing object | G4_sconce_G3R04_opal_diffuser.010
Fra:451 Mem:947.70M (Peak 949.09M) | Time:00:02.24 | Mem:0.00M, Peak:0.00M | Scene, ViewLayer | Synchronizing object | G4_sconce_G3R04_sconce_cap.020
Fra:451 Mem:947.79M (Peak 949.09M) | Time:00:02.24 | Mem:0.00M, Peak:0.00M | Scene, ViewLayer | Synchronizing object | G4_sconce_G3R04_sconce_cap.021
Fra:451 Mem:947.77M (Peak 949.09M) | Time:00:02.24 | Mem:0.00M, Peak:0.00M | Scene, ViewLayer | Synchronizing object | G4_sconce_G3R04_sconce_cage.020
Fra:451 Mem:947.79M (Peak 949.09M) | Time:00:02.24 | Mem:0.00M, Peak:0.00M | Scene, ViewLayer | Synchronizing object | G4_sconce_G3R04_sconce_cage.021
Fra:451 Mem:947.80M (Peak 949.09M) | Time:00:02.24 | Mem:0.00M, Peak:0.00M | Scene, ViewLayer | Synchronizing object | G4_column_sconce.010
Fra:451 Mem:947.79M (Peak 949.09M) | Time:00:02.24 | Mem:0.00M, Peak:0.00M | Scene, ViewLayer | Synchronizing object | G4_joint_G3_column_anchor_bolt.044
Fra:451 Mem:947.79M (Peak 949.09M) | Time:00:02.24 | Mem:0.00M, Peak:0.00M | Scene, ViewLayer | Synchronizing object | G4_joint_G3_column_anchor_bolt.045
Fra:451 Mem:947.81M (Peak 949.09M) | Time:00:02.24 | Mem:0.00M, Peak:0.00M | Scene, ViewLayer | Synchronizing object | G4_joint_G3_column_anchor_bolt.046
Fra:451 Mem:947.80M (Peak 949.09M) | Time:00:02.24 | Mem:0.00M, Peak:0.00M | Scene, ViewLayer | Synchronizing object | G4_joint_G3_column_anchor_bolt.047
Fra:451 Mem:947.80M (Peak 949.09M) | Time:00:02.24 | Mem:0.00M, Peak:0.00M | Scene, ViewLayer | Synchronizing object | G4_joint_G3_column_cap_plate.011
Fra:451 Mem:947.81M (Peak 949.09M) | Time:00:02.24 | Mem:0.00M, Peak:0.00M | Scene, ViewLayer | Synchronizing object | G4_joint_G3_cap_rivet.022
Fra:451 Mem:947.84M (Peak 949.09M) | Time:00:02.24 | Mem:0.00M, Peak:0.00M | Scene, ViewLayer | Synchronizing object | G4_joint_G3_cap_rivet.023
Fra:451 Mem:947.82M (Peak 949.09M) | Time:00:02.24 | Mem:0.00M, Peak:0.00M | Scene, ViewLayer | Synchronizing object | G4_joint_G3R04_eave_splice_plate.022
Fra:451 Mem:947.83M (Peak 949.09M) | Time:00:02.24 | Mem:0.00M, Peak:0.00M | Scene, ViewLayer | Synchronizing object | G4_joint_G3R04_splice_washer.088
Fra:451 Mem:947.86M (Peak 949.09M) | Time:00:02.24 | Mem:0.00M, Peak:0.00M | Scene, ViewLayer | Synchronizing object | G4_joint_G3R04_splice_hexbolt.088
Fra:451 Mem:947.88M (Peak 949.09M) | Time:00:02.24 | Mem:0.00M, Peak:0.00M | Scene, ViewLayer | Synchronizing object | G4_joint_G3R04_splice_washer.089
Fra:451 Mem:947.88M (Peak 949.09M) | Time:00:02.24 | Mem:0.00M, Peak:0.00M | Scene, ViewLayer | Synchronizing object | G4_joint_G3R04_splice_hexbolt.089
Fra:451 Mem:947.87M (Peak 949.09M) | Time:00:02.24 | Mem:0.00M, Peak:0.00M | Scene, ViewLayer | Synchronizing object | G4_joint_G3R04_splice_washer.090
Fra:451 Mem:947.90M (Peak 949.09M) | Time:00:02.24 | Mem:0.00M, Peak:0.00M | Scene, ViewLayer | Synchronizing object | G4_joint_G3R04_splice_washer.091
Fra:451 Mem:947.89M (Peak 949.09M) | Time:00:02.24 | Mem:0.00M, Peak:0.00M | Scene, ViewLayer | Synchronizing object | G4_joint_G3R04_splice_hexbolt.091
Fra:451 Mem:947.89M (Peak 949.09M) | Time:00:02.24 | Mem:0.00M, Peak:0.00M | Scene, ViewLayer | Synchronizing object | G4_joint_G3R04_splice_washer.092
Fra:451 Mem:947.91M (Peak 949.09M) | Time:00:02.24 | Mem:0.00M, Peak:0.00M | Scene, ViewLayer | Synchronizing object | G4_joint_G3R04_splice_hexbolt.092
Fra:451 Mem:947.92M (Peak 949.09M) | Time:00:02.24 | Mem:0.00M, Peak:0.00M | Scene, ViewLayer | Synchronizing object | G4_joint_G3R04_splice_washer.093
Fra:451 Mem:947.95M (Peak 949.09M) | Time:00:02.24 | Mem:0.00M, Peak:0.00M | Scene, ViewLayer | Synchronizing object | G4_joint_G3R04_splice_hexbolt.093
Fra:451 Mem:947.94M (Peak 949.09M) | Time:00:02.24 | Mem:0.00M, Peak:0.00M | Scene, ViewLayer | Synchronizing object | G4_joint_G3R04_splice_washer.094
Fra:451 Mem:947.94M (Peak 949.09M) | Time:00:02.24 | Mem:0.00M, Peak:0.00M | Scene, ViewLayer | Synchronizing object | G4_joint_G3R04_splice_hexbolt.094
Fra:451 Mem:947.95M (Peak 949.09M) | Time:00:02.24 | Mem:0.00M, Peak:0.00M | Scene, ViewLayer | Synchronizing object | G4_joint_G3R04_splice_washer.095
Fra:451 Mem:947.95M (Peak 949.09M) | Time:00:02.24 | Mem:0.00M, Peak:0.00M | Scene, ViewLayer | Synchronizing object | G4_joint_G3R04_splice_hexbolt.095
Fra:451 Mem:947.96M (Peak 949.09M) | Time:00:02.24 | Mem:0.00M, Peak:0.00M | Scene, ViewLayer | Synchronizing object | G4_sconce_G3R04_sconce_mount.011
Fra:451 Mem:947.96M (Peak 949.09M) | Time:00:02.24 | Mem:0.00M, Peak:0.00M | Scene, ViewLayer | Synchronizing object | G4_sconce_G3R04_opal_diffuser.011
Fra:451 Mem:948.01M (Peak 949.09M) | Time:00:02.24 | Mem:0.00M, Peak:0.00M | Scene, ViewLayer | Synchronizing object | G4_sconce_G3R04_sconce_cap.022
Fra:451 Mem:948.05M (Peak 949.09M) | Time:00:02.24 | Mem:0.00M, Peak:0.00M | Scene, ViewLayer | Synchronizing object | G4_sconce_G3R04_sconce_cap.023
Fra:451 Mem:948.05M (Peak 949.09M) | Time:00:02.24 | Mem:0.00M, Peak:0.00M | Scene, ViewLayer | Synchronizing object | G4_sconce_G3R04_sconce_cage.022
Fra:451 Mem:948.05M (Peak 949.09M) | Time:00:02.24 | Mem:0.00M, Peak:0.00M | Scene, ViewLayer | Synchronizing object | G4_sconce_G3R04_sconce_cage.023
Fra:451 Mem:948.07M (Peak 949.09M) | Time:00:02.24 | Mem:0.00M, Peak:0.00M | Scene, ViewLayer | Synchronizing object | G4_column_sconce.011
Fra:451 Mem:948.06M (Peak 949.09M) | Time:00:02.24 | Mem:0.00M, Peak:0.00M | Scene, ViewLayer | Synchronizing object | G4_joint_G3_column_anchor_bolt.048
Fra:451 Mem:948.06M (Peak 949.09M) | Time:00:02.24 | Mem:0.00M, Peak:0.00M | Scene, ViewLayer | Synchronizing object | G4_joint_G3_column_anchor_bolt.049
Fra:451 Mem:948.06M (Peak 949.09M) | Time:00:02.24 | Mem:0.00M, Peak:0.00M | Scene, ViewLayer | Synchronizing object | G4_joint_G3_column_anchor_bolt.050
Fra:451 Mem:948.06M (Peak 949.09M) | Time:00:02.24 | Mem:0.00M, Peak:0.00M | Scene, ViewLayer | Synchronizing object | G4_joint_G3_column_anchor_bolt.051
Fra:451 Mem:948.09M (Peak 949.09M) | Time:00:02.24 | Mem:0.00M, Peak:0.00M | Scene, ViewLayer | Synchronizing object | G4_joint_G3_cap_rivet.024
Fra:451 Mem:948.07M (Peak 949.09M) | Time:00:02.24 | Mem:0.00M, Peak:0.00M | Scene, ViewLayer | Synchronizing object | G4_joint_G3_cap_rivet.025
Fra:451 Mem:948.10M (Peak 949.09M) | Time:00:02.24 | Mem:0.00M, Peak:0.00M | Scene, ViewLayer | Synchronizing object | G4_joint_G3R04_eave_splice_plate.024
Fra:451 Mem:948.11M (Peak 949.09M) | Time:00:02.24 | Mem:0.00M, Peak:0.00M | Scene, ViewLayer | Synchronizing object | G4_joint_G3R04_splice_washer.096
Fra:451 Mem:948.15M (Peak 949.09M) | Time:00:02.24 | Mem:0.00M, Peak:0.00M | Scene, ViewLayer | Synchronizing object | G4_joint_G3R04_splice_hexbolt.096
Fra:451 Mem:948.13M (Peak 949.09M) | Time:00:02.24 | Mem:0.00M, Peak:0.00M | Scene, ViewLayer | Synchronizing object | G4_joint_G3R04_splice_washer.097
Fra:451 Mem:948.16M (Peak 949.09M) | Time:00:02.24 | Mem:0.00M, Peak:0.00M | Scene, ViewLayer | Synchronizing object | G4_joint_G3R04_splice_hexbolt.097
Fra:451 Mem:948.14M (Peak 949.09M) | Time:00:02.24 | Mem:0.00M, Peak:0.00M | Scene, ViewLayer | Synchronizing object | G4_joint_G3R04_splice_hexbolt.098
Fra:451 Mem:948.14M (Peak 949.09M) | Time:00:02.24 | Mem:0.00M, Peak:0.00M | Scene, ViewLayer | Synchronizing object | G4_joint_G3R04_splice_washer.098
Fra:451 Mem:948.14M (Peak 949.09M) | Time:00:02.24 | Mem:0.00M, Peak:0.00M | Scene, ViewLayer | Synchronizing object | G4_joint_G3R04_splice_washer.099
Fra:451 Mem:948.15M (Peak 949.09M) | Time:00:02.24 | Mem:0.00M, Peak:0.00M | Scene, ViewLayer | Synchronizing object | G4_joint_G3R04_splice_hexbolt.099
Fra:451 Mem:948.15M (Peak 949.09M) | Time:00:02.24 | Mem:0.00M, Peak:0.00M | Scene, ViewLayer | Synchronizing object | G4_joint_G3R04_eave_splice_plate.025
Fra:451 Mem:948.16M (Peak 949.09M) | Time:00:02.24 | Mem:0.00M, Peak:0.00M | Scene, ViewLayer | Synchronizing object | G4_joint_G3R04_splice_washer.100
Fra:451 Mem:948.16M (Peak 949.09M) | Time:00:02.24 | Mem:0.00M, Peak:0.00M | Scene, ViewLayer | Synchronizing object | G4_joint_G3R04_splice_hexbolt.100
Fra:451 Mem:948.20M (Peak 949.09M) | Time:00:02.24 | Mem:0.00M, Peak:0.00M | Scene, ViewLayer | Synchronizing object | G4_joint_G3R04_splice_washer.101
Fra:451 Mem:948.20M (Peak 949.09M) | Time:00:02.24 | Mem:0.00M, Peak:0.00M | Scene, ViewLayer | Synchronizing object | G4_joint_G3R04_splice_hexbolt.101
Fra:451 Mem:948.21M (Peak 949.09M) | Time:00:02.24 | Mem:0.00M, Peak:0.00M | Scene, ViewLayer | Synchronizing object | G4_joint_G3R04_splice_washer.102
Fra:451 Mem:948.21M (Peak 949.09M) | Time:00:02.24 | Mem:0.00M, Peak:0.00M | Scene, ViewLayer | Synchronizing object | G4_joint_G3R04_splice_hexbolt.102
Fra:451 Mem:948.22M (Peak 949.09M) | Time:00:02.24 | Mem:0.00M, Peak:0.00M | Scene, ViewLayer | Synchronizing object | G4_joint_G3R04_splice_washer.103
Fra:451 Mem:948.22M (Peak 949.09M) | Time:00:02.24 | Mem:0.00M, Peak:0.00M | Scene, ViewLayer | Synchronizing object | G4_joint_G3R04_splice_hexbolt.103
Fra:451 Mem:948.23M (Peak 949.09M) | Time:00:02.24 | Mem:0.00M, Peak:0.00M | Scene, ViewLayer | Synchronizing object | G4_sconce_G3R04_sconce_mount.012
Fra:451 Mem:948.25M (Peak 949.09M) | Time:00:02.24 | Mem:0.00M, Peak:0.00M | Scene, ViewLayer | Synchronizing object | G4_sconce_G3R04_opal_diffuser.012
Fra:451 Mem:948.25M (Peak 949.09M) | Time:00:02.24 | Mem:0.00M, Peak:0.00M | Scene, ViewLayer | Synchronizing object | G4_sconce_G3R04_sconce_cap.024
Fra:451 Mem:948.32M (Peak 949.09M) | Time:00:02.24 | Mem:0.00M, Peak:0.00M | Scene, ViewLayer | Synchronizing object | G4_sconce_G3R04_sconce_cap.025
Fra:451 Mem:948.33M (Peak 949.09M) | Time:00:02.24 | Mem:0.00M, Peak:0.00M | Scene, ViewLayer | Synchronizing object | G4_sconce_G3R04_sconce_cage.024
Fra:451 Mem:948.32M (Peak 949.09M) | Time:00:02.24 | Mem:0.00M, Peak:0.00M | Scene, ViewLayer | Synchronizing object | G4_sconce_G3R04_sconce_cage.025
Fra:451 Mem:948.32M (Peak 949.09M) | Time:00:02.24 | Mem:0.00M, Peak:0.00M | Scene, ViewLayer | Synchronizing object | G4_column_sconce.012
Fra:451 Mem:948.33M (Peak 949.09M) | Time:00:02.24 | Mem:0.00M, Peak:0.00M | Scene, ViewLayer | Synchronizing object | G4_joint_G3_column_anchor_bolt.052
Fra:451 Mem:948.33M (Peak 949.09M) | Time:00:02.24 | Mem:0.00M, Peak:0.00M | Scene, ViewLayer | Synchronizing object | G4_joint_G3_column_anchor_bolt.053
Fra:451 Mem:948.33M (Peak 949.09M) | Time:00:02.24 | Mem:0.00M, Peak:0.00M | Scene, ViewLayer | Synchronizing object | G4_joint_G3_column_anchor_bolt.054
Fra:451 Mem:948.33M (Peak 949.09M) | Time:00:02.24 | Mem:0.00M, Peak:0.00M | Scene, ViewLayer | Synchronizing object | G4_joint_G3_column_anchor_bolt.055
Fra:451 Mem:948.33M (Peak 949.09M) | Time:00:02.24 | Mem:0.00M, Peak:0.00M | Scene, ViewLayer | Synchronizing object | G4_joint_G3_column_cap_plate.013
Fra:451 Mem:948.33M (Peak 949.09M) | Time:00:02.24 | Mem:0.00M, Peak:0.00M | Scene, ViewLayer | Synchronizing object | G4_joint_G3_cap_rivet.026
Fra:451 Mem:948.38M (Peak 949.09M) | Time:00:02.24 | Mem:0.00M, Peak:0.00M | Scene, ViewLayer | Synchronizing object | G4_joint_G3_cap_rivet.027
Fra:451 Mem:948.37M (Peak 949.09M) | Time:00:02.24 | Mem:0.00M, Peak:0.00M | Scene, ViewLayer | Synchronizing object | G4_joint_G3R04_eave_splice_plate.026
Fra:451 Mem:948.36M (Peak 949.09M) | Time:00:02.24 | Mem:0.00M, Peak:0.00M | Scene, ViewLayer | Synchronizing object | G4_joint_G3R04_splice_washer.104
Fra:451 Mem:948.39M (Peak 949.09M) | Time:00:02.24 | Mem:0.00M, Peak:0.00M | Scene, ViewLayer | Synchronizing object | G4_joint_G3R04_splice_hexbolt.104
Fra:451 Mem:948.40M (Peak 949.09M) | Time:00:02.24 | Mem:0.00M, Peak:0.00M | Scene, ViewLayer | Synchronizing object | G4_joint_G3R04_splice_washer.105
Fra:451 Mem:948.41M (Peak 949.09M) | Time:00:02.24 | Mem:0.00M, Peak:0.00M | Scene, ViewLayer | Synchronizing object | G4_joint_G3R04_splice_hexbolt.105
Fra:451 Mem:948.41M (Peak 949.09M) | Time:00:02.24 | Mem:0.00M, Peak:0.00M | Scene, ViewLayer | Synchronizing object | G4_joint_G3R04_splice_washer.106
Fra:451 Mem:948.41M (Peak 949.09M) | Time:00:02.24 | Mem:0.00M, Peak:0.00M | Scene, ViewLayer | Synchronizing object | G4_joint_G3R04_splice_hexbolt.106
Fra:451 Mem:948.42M (Peak 949.09M) | Time:00:02.24 | Mem:0.00M, Peak:0.00M | Scene, ViewLayer | Synchronizing object | G4_joint_G3R04_splice_washer.107
Fra:451 Mem:948.43M (Peak 949.09M) | Time:00:02.24 | Mem:0.00M, Peak:0.00M | Scene, ViewLayer | Synchronizing object | G4_joint_G3R04_splice_hexbolt.107
Fra:451 Mem:948.42M (Peak 949.09M) | Time:00:02.24 | Mem:0.00M, Peak:0.00M | Scene, ViewLayer | Synchronizing object | G4_joint_G3R04_eave_splice_plate.027
Fra:451 Mem:948.43M (Peak 949.09M) | Time:00:02.24 | Mem:0.00M, Peak:0.00M | Scene, ViewLayer | Synchronizing object | G4_joint_G3R04_splice_washer.108
Fra:451 Mem:948.43M (Peak 949.09M) | Time:00:02.24 | Mem:0.00M, Peak:0.00M | Scene, ViewLayer | Synchronizing object | G4_joint_G3R04_splice_hexbolt.108
Fra:451 Mem:948.47M (Peak 949.09M) | Time:00:02.24 | Mem:0.00M, Peak:0.00M | Scene, ViewLayer | Synchronizing object | G4_joint_G3R04_splice_washer.109
Fra:451 Mem:948.45M (Peak 949.09M) | Time:00:02.24 | Mem:0.00M, Peak:0.00M | Scene, ViewLayer | Synchronizing object | G4_joint_G3R04_splice_hexbolt.109
Fra:451 Mem:948.47M (Peak 949.09M) | Time:00:02.24 | Mem:0.00M, Peak:0.00M | Scene, ViewLayer | Synchronizing object | G4_joint_G3R04_splice_washer.110
Fra:451 Mem:948.47M (Peak 949.09M) | Time:00:02.24 | Mem:0.00M, Peak:0.00M | Scene, ViewLayer | Synchronizing object | G4_joint_G3R04_splice_hexbolt.110
Fra:451 Mem:948.48M (Peak 949.09M) | Time:00:02.24 | Mem:0.00M, Peak:0.00M | Scene, ViewLayer | Synchronizing object | G4_joint_G3R04_splice_washer.111
Fra:451 Mem:948.48M (Peak 949.09M) | Time:00:02.24 | Mem:0.00M, Peak:0.00M | Scene, ViewLayer | Synchronizing object | G4_joint_G3R04_splice_hexbolt.111
Fra:451 Mem:948.51M (Peak 949.09M) | Time:00:02.24 | Mem:0.00M, Peak:0.00M | Scene, ViewLayer | Synchronizing object | G4_sconce_G3R04_sconce_mount.013
Fra:451 Mem:948.52M (Peak 949.09M) | Time:00:02.24 | Mem:0.00M, Peak:0.00M | Scene, ViewLayer | Synchronizing object | G4_sconce_G3R04_opal_diffuser.013
Fra:451 Mem:948.50M (Peak 949.09M) | Time:00:02.24 | Mem:0.00M, Peak:0.00M | Scene, ViewLayer | Synchronizing object | G4_sconce_G3R04_sconce_cap.026
Fra:451 Mem:948.59M (Peak 949.09M) | Time:00:02.24 | Mem:0.00M, Peak:0.00M | Scene, ViewLayer | Synchronizing object | G4_sconce_G3R04_sconce_cap.027
Fra:451 Mem:948.57M (Peak 949.09M) | Time:00:02.24 | Mem:0.00M, Peak:0.00M | Scene, ViewLayer | Synchronizing object | G4_sconce_G3R04_sconce_cage.026
Fra:451 Mem:948.56M (Peak 949.09M) | Time:00:02.24 | Mem:0.00M, Peak:0.00M | Scene, ViewLayer | Synchronizing object | G4_sconce_G3R04_sconce_cage.027
Fra:451 Mem:948.60M (Peak 949.09M) | Time:00:02.24 | Mem:0.00M, Peak:0.00M | Scene, ViewLayer | Synchronizing object | G4_column_sconce.013
Fra:451 Mem:948.61M (Peak 949.09M) | Time:00:02.24 | Mem:0.00M, Peak:0.00M | Scene, ViewLayer | Synchronizing object | G4_joint_G3_column_anchor_bolt.056
Fra:451 Mem:948.60M (Peak 949.09M) | Time:00:02.24 | Mem:0.00M, Peak:0.00M | Scene, ViewLayer | Synchronizing object | G4_joint_G3_column_anchor_bolt.057
Fra:451 Mem:948.60M (Peak 949.09M) | Time:00:02.24 | Mem:0.00M, Peak:0.00M | Scene, ViewLayer | Synchronizing object | G4_joint_G3_column_anchor_bolt.058
Fra:451 Mem:948.60M (Peak 949.09M) | Time:00:02.24 | Mem:0.00M, Peak:0.00M | Scene, ViewLayer | Synchronizing object | G4_joint_G3_column_anchor_bolt.059
Fra:451 Mem:948.60M (Peak 949.09M) | Time:00:02.24 | Mem:0.00M, Peak:0.00M | Scene, ViewLayer | Synchronizing object | G4_joint_G3_column_cap_plate.014
Fra:451 Mem:948.60M (Peak 949.09M) | Time:00:02.24 | Mem:0.00M, Peak:0.00M | Scene, ViewLayer | Synchronizing object | G4_joint_G3_cap_rivet.028
Fra:451 Mem:948.63M (Peak 949.09M) | Time:00:02.24 | Mem:0.00M, Peak:0.00M | Scene, ViewLayer | Synchronizing object | G4_joint_G3_cap_rivet.029
Fra:451 Mem:948.65M (Peak 949.09M) | Time:00:02.24 | Mem:0.00M, Peak:0.00M | Scene, ViewLayer | Synchronizing object | G4_joint_G3R04_eave_splice_plate.028
Fra:451 Mem:948.63M (Peak 949.09M) | Time:00:02.24 | Mem:0.00M, Peak:0.00M | Scene, ViewLayer | Synchronizing object | G4_joint_G3R04_splice_washer.112
Fra:451 Mem:948.68M (Peak 949.09M) | Time:00:02.24 | Mem:0.00M, Peak:0.00M | Scene, ViewLayer | Synchronizing object | G4_joint_G3R04_splice_hexbolt.112
Fra:451 Mem:948.67M (Peak 949.09M) | Time:00:02.24 | Mem:0.00M, Peak:0.00M | Scene, ViewLayer | Synchronizing object | G4_joint_G3R04_splice_washer.113
Fra:451 Mem:948.68M (Peak 949.09M) | Time:00:02.24 | Mem:0.00M, Peak:0.00M | Scene, ViewLayer | Synchronizing object | G4_joint_G3R04_splice_hexbolt.113
Fra:451 Mem:948.68M (Peak 949.09M) | Time:00:02.24 | Mem:0.00M, Peak:0.00M | Scene, ViewLayer | Synchronizing object | G4_joint_G3R04_splice_washer.114
Fra:451 Mem:948.68M (Peak 949.09M) | Time:00:02.24 | Mem:0.00M, Peak:0.00M | Scene, ViewLayer | Synchronizing object | G4_joint_G3R04_splice_hexbolt.114
Fra:451 Mem:948.71M (Peak 949.09M) | Time:00:02.24 | Mem:0.00M, Peak:0.00M | Scene, ViewLayer | Synchronizing object | G4_joint_G3R04_splice_washer.115
Fra:451 Mem:948.69M (Peak 949.09M) | Time:00:02.24 | Mem:0.00M, Peak:0.00M | Scene, ViewLayer | Synchronizing object | G4_joint_G3R04_splice_hexbolt.115
Fra:451 Mem:948.69M (Peak 949.09M) | Time:00:02.24 | Mem:0.00M, Peak:0.00M | Scene, ViewLayer | Synchronizing object | G4_joint_G3R04_eave_splice_plate.029
Fra:451 Mem:948.70M (Peak 949.09M) | Time:00:02.24 | Mem:0.00M, Peak:0.00M | Scene, ViewLayer | Synchronizing object | G4_joint_G3R04_splice_washer.116
Fra:451 Mem:948.70M (Peak 949.09M) | Time:00:02.24 | Mem:0.00M, Peak:0.00M | Scene, ViewLayer | Synchronizing object | G4_joint_G3R04_splice_hexbolt.116
Fra:451 Mem:948.74M (Peak 949.09M) | Time:00:02.24 | Mem:0.00M, Peak:0.00M | Scene, ViewLayer | Synchronizing object | G4_joint_G3R04_splice_washer.117
Fra:451 Mem:948.74M (Peak 949.09M) | Time:00:02.24 | Mem:0.00M, Peak:0.00M | Scene, ViewLayer | Synchronizing object | G4_joint_G3R04_splice_hexbolt.117
Fra:451 Mem:948.74M (Peak 949.09M) | Time:00:02.24 | Mem:0.00M, Peak:0.00M | Scene, ViewLayer | Synchronizing object | G4_joint_G3R04_splice_washer.118
Fra:451 Mem:948.74M (Peak 949.09M) | Time:00:02.24 | Mem:0.00M, Peak:0.00M | Scene, ViewLayer | Synchronizing object | G4_joint_G3R04_splice_hexbolt.118
Fra:451 Mem:948.75M (Peak 949.09M) | Time:00:02.24 | Mem:0.00M, Peak:0.00M | Scene, ViewLayer | Synchronizing object | G4_joint_G3R04_splice_washer.119
Fra:451 Mem:948.75M (Peak 949.09M) | Time:00:02.24 | Mem:0.00M, Peak:0.00M | Scene, ViewLayer | Synchronizing object | G4_joint_G3R04_splice_hexbolt.119
Fra:451 Mem:948.76M (Peak 949.09M) | Time:00:02.24 | Mem:0.00M, Peak:0.00M | Scene, ViewLayer | Synchronizing object | G4_sconce_G3R04_sconce_mount.014
Fra:451 Mem:948.78M (Peak 949.09M) | Time:00:02.24 | Mem:0.00M, Peak:0.00M | Scene, ViewLayer | Synchronizing object | G4_sconce_G3R04_opal_diffuser.014
Fra:451 Mem:948.77M (Peak 949.09M) | Time:00:02.24 | Mem:0.00M, Peak:0.00M | Scene, ViewLayer | Synchronizing object | G4_sconce_G3R04_sconce_cap.028
Fra:451 Mem:948.85M (Peak 949.09M) | Time:00:02.24 | Mem:0.00M, Peak:0.00M | Scene, ViewLayer | Synchronizing object | G4_sconce_G3R04_sconce_cap.029
Fra:451 Mem:948.84M (Peak 949.09M) | Time:00:02.24 | Mem:0.00M, Peak:0.00M | Scene, ViewLayer | Synchronizing object | G4_sconce_G3R04_sconce_cage.028
Fra:451 Mem:948.84M (Peak 949.09M) | Time:00:02.24 | Mem:0.00M, Peak:0.00M | Scene, ViewLayer | Synchronizing object | G4_sconce_G3R04_sconce_cage.029
Fra:451 Mem:948.86M (Peak 949.09M) | Time:00:02.24 | Mem:0.00M, Peak:0.00M | Scene, ViewLayer | Synchronizing object | G4_column_sconce.014
Fra:451 Mem:948.87M (Peak 949.09M) | Time:00:02.24 | Mem:0.00M, Peak:0.00M | Scene, ViewLayer | Synchronizing object | G4_joint_G3_column_anchor_bolt.060
Fra:451 Mem:948.87M (Peak 949.09M) | Time:00:02.24 | Mem:0.00M, Peak:0.00M | Scene, ViewLayer | Synchronizing object | G4_joint_G3_column_anchor_bolt.061
Fra:451 Mem:948.87M (Peak 949.09M) | Time:00:02.24 | Mem:0.00M, Peak:0.00M | Scene, ViewLayer | Synchronizing object | G4_joint_G3_column_anchor_bolt.062
Fra:451 Mem:948.87M (Peak 949.09M) | Time:00:02.24 | Mem:0.00M, Peak:0.00M | Scene, ViewLayer | Synchronizing object | G4_joint_G3_column_anchor_bolt.063
Fra:451 Mem:948.87M (Peak 949.09M) | Time:00:02.24 | Mem:0.00M, Peak:0.00M | Scene, ViewLayer | Synchronizing object | G4_joint_G3_column_cap_plate.015
Fra:451 Mem:948.87M (Peak 949.09M) | Time:00:02.24 | Mem:0.00M, Peak:0.00M | Scene, ViewLayer | Synchronizing object | G4_joint_G3_cap_rivet.030
Fra:451 Mem:948.91M (Peak 949.09M) | Time:00:02.24 | Mem:0.00M, Peak:0.00M | Scene, ViewLayer | Synchronizing object | G4_joint_G3_cap_rivet.031
Fra:451 Mem:948.90M (Peak 949.09M) | Time:00:02.24 | Mem:0.00M, Peak:0.00M | Scene, ViewLayer | Synchronizing object | G4_joint_G3R04_eave_splice_plate.030
Fra:451 Mem:948.91M (Peak 949.09M) | Time:00:02.24 | Mem:0.00M, Peak:0.00M | Scene, ViewLayer | Synchronizing object | G4_joint_G3R04_splice_washer.120
Fra:451 Mem:948.94M (Peak 949.09M) | Time:00:02.24 | Mem:0.00M, Peak:0.00M | Scene, ViewLayer | Synchronizing object | G4_joint_G3R04_splice_hexbolt.120
Fra:451 Mem:948.96M (Peak 949.09M) | Time:00:02.24 | Mem:0.00M, Peak:0.00M | Scene, ViewLayer | Synchronizing object | G4_joint_G3R04_splice_washer.121
Fra:451 Mem:948.94M (Peak 949.09M) | Time:00:02.24 | Mem:0.00M, Peak:0.00M | Scene, ViewLayer | Synchronizing object | G4_joint_G3R04_splice_hexbolt.121
Fra:451 Mem:948.95M (Peak 949.09M) | Time:00:02.24 | Mem:0.00M, Peak:0.00M | Scene, ViewLayer | Synchronizing object | G4_joint_G3R04_splice_washer.122
Fra:451 Mem:948.95M (Peak 949.09M) | Time:00:02.24 | Mem:0.00M, Peak:0.00M | Scene, ViewLayer | Synchronizing object | G4_joint_G3R04_splice_washer.123
Fra:451 Mem:948.95M (Peak 949.09M) | Time:00:02.24 | Mem:0.00M, Peak:0.00M | Scene, ViewLayer | Synchronizing object | G4_joint_G3R04_splice_hexbolt.123
Fra:451 Mem:948.96M (Peak 949.09M) | Time:00:02.24 | Mem:0.00M, Peak:0.00M | Scene, ViewLayer | Synchronizing object | G4_joint_G3R04_eave_splice_plate.031
Fra:451 Mem:948.96M (Peak 949.09M) | Time:00:02.24 | Mem:0.00M, Peak:0.00M | Scene, ViewLayer | Synchronizing object | G4_joint_G3R04_splice_washer.124
Fra:451 Mem:949.01M (Peak 949.09M) | Time:00:02.24 | Mem:0.00M, Peak:0.00M | Scene, ViewLayer | Synchronizing object | G4_joint_G3R04_splice_hexbolt.124
Fra:451 Mem:949.00M (Peak 949.09M) | Time:00:02.24 | Mem:0.00M, Peak:0.00M | Scene, ViewLayer | Synchronizing object | G4_joint_G3R04_splice_washer.125
Fra:451 Mem:949.00M (Peak 949.09M) | Time:00:02.24 | Mem:0.00M, Peak:0.00M | Scene, ViewLayer | Synchronizing object | G4_joint_G3R04_splice_hexbolt.125
Fra:451 Mem:949.01M (Peak 949.09M) | Time:00:02.24 | Mem:0.00M, Peak:0.00M | Scene, ViewLayer | Synchronizing object | G4_joint_G3R04_splice_washer.126
Fra:451 Mem:949.01M (Peak 949.09M) | Time:00:02.24 | Mem:0.00M, Peak:0.00M | Scene, ViewLayer | Synchronizing object | G4_joint_G3R04_splice_hexbolt.126
Fra:451 Mem:949.02M (Peak 949.09M) | Time:00:02.24 | Mem:0.00M, Peak:0.00M | Scene, ViewLayer | Synchronizing object | G4_joint_G3R04_splice_washer.127
Fra:451 Mem:949.02M (Peak 949.09M) | Time:00:02.24 | Mem:0.00M, Peak:0.00M | Scene, ViewLayer | Synchronizing object | G4_joint_G3R04_splice_hexbolt.127
Fra:451 Mem:949.03M (Peak 949.09M) | Time:00:02.24 | Mem:0.00M, Peak:0.00M | Scene, ViewLayer | Synchronizing object | G4_sconce_G3R04_sconce_mount.015
Fra:451 Mem:949.03M (Peak 949.09M) | Time:00:02.24 | Mem:0.00M, Peak:0.00M | Scene, ViewLayer | Synchronizing object | G4_sconce_G3R04_opal_diffuser.015
Fra:451 Mem:949.03M (Peak 949.09M) | Time:00:02.24 | Mem:0.00M, Peak:0.00M | Scene, ViewLayer | Synchronizing object | G4_sconce_G3R04_sconce_cap.030
Fra:451 Mem:949.11M (Peak 949.11M) | Time:00:02.24 | Mem:0.00M, Peak:0.00M | Scene, ViewLayer | Synchronizing object | G4_sconce_G3R04_sconce_cap.031
Fra:451 Mem:949.12M (Peak 949.12M) | Time:00:02.24 | Mem:0.00M, Peak:0.00M | Scene, ViewLayer | Synchronizing object | G4_sconce_G3R04_sconce_cage.030
Fra:451 Mem:949.13M (Peak 949.13M) | Time:00:02.24 | Mem:0.00M, Peak:0.00M | Scene, ViewLayer | Synchronizing object | G4_sconce_G3R04_sconce_cage.031
Fra:451 Mem:949.13M (Peak 949.13M) | Time:00:02.24 | Mem:0.00M, Peak:0.00M | Scene, ViewLayer | Synchronizing object | G4_column_sconce.015
Fra:451 Mem:949.14M (Peak 949.14M) | Time:00:02.24 | Mem:0.00M, Peak:0.00M | Scene, ViewLayer | Synchronizing object | G4_platform_edge_inlay
Fra:451 Mem:949.12M (Peak 949.14M) | Time:00:02.24 | Mem:0.00M, Peak:0.00M | Scene, ViewLayer | Synchronizing object | G4_drain_grate_bar
Fra:451 Mem:949.18M (Peak 949.18M) | Time:00:02.24 | Mem:0.00M, Peak:0.00M | Scene, ViewLayer | Synchronizing object | G4_drain_grate_bar.001
Fra:451 Mem:949.23M (Peak 949.23M) | Time:00:02.24 | Mem:0.00M, Peak:0.00M | Scene, ViewLayer | Synchronizing object | G4_drain_grate_bar.002
Fra:451 Mem:949.20M (Peak 949.23M) | Time:00:02.24 | Mem:0.00M, Peak:0.00M | Scene, ViewLayer | Synchronizing object | G4_drain_grate_bar.003
Fra:451 Mem:949.25M (Peak 949.25M) | Time:00:02.24 | Mem:0.00M, Peak:0.00M | Scene, ViewLayer | Synchronizing object | G4_drain_grate_bar.004
Fra:451 Mem:949.27M (Peak 949.27M) | Time:00:02.24 | Mem:0.00M, Peak:0.00M | Scene, ViewLayer | Synchronizing object | G4_drain_grate_bar.005
Fra:451 Mem:949.27M (Peak 949.27M) | Time:00:02.24 | Mem:0.00M, Peak:0.00M | Scene, ViewLayer | Synchronizing object | G4_drain_grate_bar.006
Fra:451 Mem:949.32M (Peak 949.32M) | Time:00:02.24 | Mem:0.00M, Peak:0.00M | Scene, ViewLayer | Synchronizing object | G4_drain_grate_bar.007
Fra:451 Mem:949.34M (Peak 949.34M) | Time:00:02.24 | Mem:0.00M, Peak:0.00M | Scene, ViewLayer | Synchronizing object | G4_drain_grate_bar.008
Fra:451 Mem:949.34M (Peak 949.34M) | Time:00:02.24 | Mem:0.00M, Peak:0.00M | Scene, ViewLayer | Synchronizing object | G4_drain_grate_bar.009
Fra:451 Mem:949.39M (Peak 949.39M) | Time:00:02.24 | Mem:0.00M, Peak:0.00M | Scene, ViewLayer | Synchronizing object | G4_drain_grate_bar.010
Fra:451 Mem:949.41M (Peak 949.41M) | Time:00:02.24 | Mem:0.00M, Peak:0.00M | Scene, ViewLayer | Synchronizing object | G4_drain_grate_bar.011
Fra:451 Mem:949.41M (Peak 949.41M) | Time:00:02.24 | Mem:0.00M, Peak:0.00M | Scene, ViewLayer | Synchronizing object | G4_drain_grate_bar.012
Fra:451 Mem:949.46M (Peak 949.46M) | Time:00:02.24 | Mem:0.00M, Peak:0.00M | Scene, ViewLayer | Synchronizing object | G4_drain_grate_bar.013
Fra:451 Mem:949.48M (Peak 949.48M) | Time:00:02.24 | Mem:0.00M, Peak:0.00M | Scene, ViewLayer | Synchronizing object | G4_drain_grate_bar.014
Fra:451 Mem:949.48M (Peak 949.48M) | Time:00:02.24 | Mem:0.00M, Peak:0.00M | Scene, ViewLayer | Synchronizing object | G4_drain_grate_bar.015
Fra:451 Mem:949.51M (Peak 949.51M) | Time:00:02.24 | Mem:0.00M, Peak:0.00M | Scene, ViewLayer | Synchronizing object | G4_drain_grate_bar.016
Fra:451 Mem:949.55M (Peak 949.55M) | Time:00:02.24 | Mem:0.00M, Peak:0.00M | Scene, ViewLayer | Synchronizing object | G4_drain_grate_bar.017
Fra:451 Mem:949.55M (Peak 949.55M) | Time:00:02.24 | Mem:0.00M, Peak:0.00M | Scene, ViewLayer | Synchronizing object | G4_drain_grate_bar.018
Fra:451 Mem:949.61M (Peak 949.61M) | Time:00:02.24 | Mem:0.00M, Peak:0.00M | Scene, ViewLayer | Synchronizing object | G4_drain_grate_bar.019
Fra:451 Mem:949.63M (Peak 949.63M) | Time:00:02.24 | Mem:0.00M, Peak:0.00M | Scene, ViewLayer | Synchronizing object | G4_drain_grate_bar.020
Fra:451 Mem:949.63M (Peak 949.63M) | Time:00:02.24 | Mem:0.00M, Peak:0.00M | Scene, ViewLayer | Synchronizing object | G4_drain_grate_bar.021
Fra:451 Mem:949.65M (Peak 949.65M) | Time:00:02.24 | Mem:0.00M, Peak:0.00M | Scene, ViewLayer | Synchronizing object | G4_drain_grate_bar.022
Fra:451 Mem:949.70M (Peak 949.70M) | Time:00:02.24 | Mem:0.00M, Peak:0.00M | Scene, ViewLayer | Synchronizing object | G4_drain_grate_bar.023
Fra:451 Mem:949.70M (Peak 949.70M) | Time:00:02.24 | Mem:0.00M, Peak:0.00M | Scene, ViewLayer | Synchronizing object | G4_drain_grate_bar.024
Fra:451 Mem:949.71M (Peak 949.71M) | Time:00:02.24 | Mem:0.00M, Peak:0.00M | Scene, ViewLayer | Synchronizing object | G4_drain_grate_bar.025
Fra:451 Mem:949.77M (Peak 949.77M) | Time:00:02.24 | Mem:0.00M, Peak:0.00M | Scene, ViewLayer | Synchronizing object | G4_drain_grate_bar.026
Fra:451 Mem:949.75M (Peak 949.77M) | Time:00:02.24 | Mem:0.00M, Peak:0.00M | Scene, ViewLayer | Synchronizing object | G4_drain_grate_bar.027
Fra:451 Mem:949.75M (Peak 949.77M) | Time:00:02.24 | Mem:0.00M, Peak:0.00M | Scene, ViewLayer | Synchronizing object | G4_drain_grate_bar.028
Fra:451 Mem:949.82M (Peak 949.82M) | Time:00:02.24 | Mem:0.00M, Peak:0.00M | Scene, ViewLayer | Synchronizing object | G4_drain_grate_bar.029
Fra:451 Mem:949.81M (Peak 949.82M) | Time:00:02.24 | Mem:0.00M, Peak:0.00M | Scene, ViewLayer | Synchronizing object | G4_drain_grate_bar.030
Fra:451 Mem:949.82M (Peak 949.82M) | Time:00:02.24 | Mem:0.00M, Peak:0.00M | Scene, ViewLayer | Synchronizing object | G4_drain_grate_bar.031
Fra:451 Mem:949.88M (Peak 949.88M) | Time:00:02.24 | Mem:0.00M, Peak:0.00M | Scene, ViewLayer | Synchronizing object | G4_drain_grate_bar.032
Fra:451 Mem:949.88M (Peak 949.88M) | Time:00:02.24 | Mem:0.00M, Peak:0.00M | Scene, ViewLayer | Synchronizing object | G4_drain_grate_bar.033
Fra:451 Mem:949.89M (Peak 949.89M) | Time:00:02.24 | Mem:0.00M, Peak:0.00M | Scene, ViewLayer | Synchronizing object | G4_drain_grate_bar.034
Fra:451 Mem:949.97M (Peak 949.97M) | Time:00:02.24 | Mem:0.00M, Peak:0.00M | Scene, ViewLayer | Synchronizing object | G4_drain_grate_bar.035
Fra:451 Mem:949.96M (Peak 949.97M) | Time:00:02.24 | Mem:0.00M, Peak:0.00M | Scene, ViewLayer | Synchronizing object | G4_drain_grate_bar.036
Fra:451 Mem:949.98M (Peak 949.98M) | Time:00:02.24 | Mem:0.00M, Peak:0.00M | Scene, ViewLayer | Synchronizing object | G4_drain_grate_bar.037
Fra:451 Mem:950.03M (Peak 950.03M) | Time:00:02.24 | Mem:0.00M, Peak:0.00M | Scene, ViewLayer | Synchronizing object | G4_drain_grate_bar.038
Fra:451 Mem:950.03M (Peak 950.03M) | Time:00:02.24 | Mem:0.00M, Peak:0.00M | Scene, ViewLayer | Synchronizing object | G4_drain_grate_bar.039
Fra:451 Mem:950.04M (Peak 950.04M) | Time:00:02.24 | Mem:0.00M, Peak:0.00M | Scene, ViewLayer | Synchronizing object | G4_drain_grate_bar.040
Fra:451 Mem:951.80M (Peak 951.80M) | Time:00:02.24 | Mem:0.00M, Peak:0.00M | Scene, ViewLayer | Synchronizing object | G4_drain_grate_bar.041
Fra:451 Mem:951.77M (Peak 951.80M) | Time:00:02.24 | Mem:0.00M, Peak:0.00M | Scene, ViewLayer | Synchronizing object | G4_drain_grate_bar.042
Fra:451 Mem:951.77M (Peak 951.80M) | Time:00:02.24 | Mem:0.00M, Peak:0.00M | Scene, ViewLayer | Synchronizing object | G4_drain_grate_bar.043
Fra:451 Mem:951.86M (Peak 951.86M) | Time:00:02.24 | Mem:0.00M, Peak:0.00M | Scene, ViewLayer | Synchronizing object | G4_drain_grate_bar.044
Fra:451 Mem:951.84M (Peak 951.86M) | Time:00:02.24 | Mem:0.00M, Peak:0.00M | Scene, ViewLayer | Synchronizing object | G4_drain_grate_bar.045
Fra:451 Mem:951.84M (Peak 951.86M) | Time:00:02.24 | Mem:0.00M, Peak:0.00M | Scene, ViewLayer | Synchronizing object | G4_drain_grate_bar.046
Fra:451 Mem:951.95M (Peak 951.95M) | Time:00:02.24 | Mem:0.00M, Peak:0.00M | Scene, ViewLayer | Synchronizing object | G4_drain_grate_bar.047
Fra:451 Mem:951.91M (Peak 951.95M) | Time:00:02.24 | Mem:0.00M, Peak:0.00M | Scene, ViewLayer | Synchronizing object | G4_drain_grate_bar.048
Fra:451 Mem:951.91M (Peak 951.95M) | Time:00:02.24 | Mem:0.00M, Peak:0.00M | Scene, ViewLayer | Synchronizing object | G4_drain_grate_bar.049
Fra:451 Mem:951.98M (Peak 951.98M) | Time:00:02.24 | Mem:0.00M, Peak:0.00M | Scene, ViewLayer | Synchronizing object | G4_drain_grate_bar.050
Fra:451 Mem:951.97M (Peak 951.98M) | Time:00:02.24 | Mem:0.00M, Peak:0.00M | Scene, ViewLayer | Synchronizing object | G4_drain_grate_bar.052
Fra:451 Mem:952.02M (Peak 952.02M) | Time:00:02.24 | Mem:0.00M, Peak:0.00M | Scene, ViewLayer | Synchronizing object | G4_drain_grate_bar.053
Fra:451 Mem:952.04M (Peak 952.04M) | Time:00:02.24 | Mem:0.00M, Peak:0.00M | Scene, ViewLayer | Synchronizing object | G4_drain_grate_bar.054
Fra:451 Mem:952.04M (Peak 952.04M) | Time:00:02.24 | Mem:0.00M, Peak:0.00M | Scene, ViewLayer | Synchronizing object | G4_drain_grate_bar.055
Fra:451 Mem:952.09M (Peak 952.09M) | Time:00:02.24 | Mem:0.00M, Peak:0.00M | Scene, ViewLayer | Synchronizing object | G4_drain_grate_bar.056
Fra:451 Mem:952.10M (Peak 952.10M) | Time:00:02.24 | Mem:0.00M, Peak:0.00M | Scene, ViewLayer | Synchronizing object | G4_drain_grate_bar.057
Fra:451 Mem:952.14M (Peak 952.14M) | Time:00:02.24 | Mem:0.00M, Peak:0.00M | Scene, ViewLayer | Synchronizing object | G4_drain_grate_bar.058
Fra:451 Mem:952.16M (Peak 952.16M) | Time:00:02.24 | Mem:0.00M, Peak:0.00M | Scene, ViewLayer | Synchronizing object | G4_drain_grate_bar.059
Fra:451 Mem:952.16M (Peak 952.16M) | Time:00:02.24 | Mem:0.00M, Peak:0.00M | Scene, ViewLayer | Synchronizing object | G4_drain_grate_bar.060
Fra:451 Mem:952.20M (Peak 952.20M) | Time:00:02.24 | Mem:0.00M, Peak:0.00M | Scene, ViewLayer | Synchronizing object | G4_drain_grate_bar.061
Fra:451 Mem:952.22M (Peak 952.22M) | Time:00:02.24 | Mem:0.00M, Peak:0.00M | Scene, ViewLayer | Synchronizing object | G4_drain_grate_bar.062
Fra:451 Mem:952.27M (Peak 952.27M) | Time:00:02.24 | Mem:0.00M, Peak:0.00M | Scene, ViewLayer | Synchronizing object | G4_drain_grate_bar.063
Fra:451 Mem:952.29M (Peak 952.29M) | Time:00:02.24 | Mem:0.00M, Peak:0.00M | Scene, ViewLayer | Synchronizing object | G4_drain_grate_bar.064
Fra:451 Mem:952.30M (Peak 952.30M) | Time:00:02.24 | Mem:0.00M, Peak:0.00M | Scene, ViewLayer | Synchronizing object | G4_drain_grate_bar.065
Fra:451 Mem:952.35M (Peak 952.35M) | Time:00:02.24 | Mem:0.00M, Peak:0.00M | Scene, ViewLayer | Synchronizing object | G4_drain_grate_bar.066
Fra:451 Mem:952.39M (Peak 952.39M) | Time:00:02.24 | Mem:0.00M, Peak:0.00M | Scene, ViewLayer | Synchronizing object | G4_drain_grate_bar.067
Fra:451 Mem:952.37M (Peak 952.39M) | Time:00:02.24 | Mem:0.00M, Peak:0.00M | Scene, ViewLayer | Synchronizing object | G4_drain_grate_bar.068
Fra:451 Mem:952.39M (Peak 952.39M) | Time:00:02.24 | Mem:0.00M, Peak:0.00M | Scene, ViewLayer | Synchronizing object | G4_drain_grate_bar.069
Fra:451 Mem:952.43M (Peak 952.43M) | Time:00:02.24 | Mem:0.00M, Peak:0.00M | Scene, ViewLayer | Synchronizing object | G4_drain_grate_bar.070
Fra:451 Mem:952.45M (Peak 952.45M) | Time:00:02.24 | Mem:0.00M, Peak:0.00M | Scene, ViewLayer | Synchronizing object | G4_drain_grate_bar.072
Fra:451 Mem:952.48M (Peak 952.48M) | Time:00:02.24 | Mem:0.00M, Peak:0.00M | Scene, ViewLayer | Synchronizing object | G4_drain_grate_bar.073
Fra:451 Mem:952.50M (Peak 952.50M) | Time:00:02.24 | Mem:0.00M, Peak:0.00M | Scene, ViewLayer | Synchronizing object | G4_drain_grate_bar.074
Fra:451 Mem:952.56M (Peak 952.56M) | Time:00:02.24 | Mem:0.00M, Peak:0.00M | Scene, ViewLayer | Synchronizing object | G4_drain_grate_bar.075
Fra:451 Mem:952.57M (Peak 952.57M) | Time:00:02.24 | Mem:0.00M, Peak:0.00M | Scene, ViewLayer | Synchronizing object | G4_drain_grate_bar.076
Fra:451 Mem:953.41M (Peak 953.41M) | Time:00:02.24 | Mem:0.00M, Peak:0.00M | Scene, ViewLayer | Synchronizing object | G4_drain_grate_bar.077
Fra:451 Mem:953.41M (Peak 953.41M) | Time:00:02.24 | Mem:0.00M, Peak:0.00M | Scene, ViewLayer | Synchronizing object | G4_drain_grate_bar.078
Fra:451 Mem:953.45M (Peak 953.45M) | Time:00:02.24 | Mem:0.00M, Peak:0.00M | Scene, ViewLayer | Synchronizing object | G4_drain_grate_bar.079
Fra:451 Mem:953.46M (Peak 953.46M) | Time:00:02.24 | Mem:0.00M, Peak:0.00M | Scene, ViewLayer | Synchronizing object | G4_drain_grate_bar.080
Fra:451 Mem:953.49M (Peak 953.49M) | Time:00:02.24 | Mem:0.00M, Peak:0.00M | Scene, ViewLayer | Synchronizing object | G4_drain_grate_bar.081
Fra:451 Mem:953.49M (Peak 953.49M) | Time:00:02.24 | Mem:0.00M, Peak:0.00M | Scene, ViewLayer | Synchronizing object | G4_drain_grate_bar.082
Fra:451 Mem:953.52M (Peak 953.52M) | Time:00:02.24 | Mem:0.00M, Peak:0.00M | Scene, ViewLayer | Synchronizing object | G4_drain_grate_bar.083
Fra:451 Mem:955.23M (Peak 955.23M) | Time:00:02.24 | Mem:0.00M, Peak:0.00M | Scene, ViewLayer | Synchronizing object | G4_drain_grate_bar.084
Fra:451 Mem:955.23M (Peak 955.23M) | Time:00:02.24 | Mem:0.00M, Peak:0.00M | Scene, ViewLayer | Synchronizing object | G4_drain_grate_bar.085
Fra:451 Mem:955.28M (Peak 955.28M) | Time:00:02.24 | Mem:0.00M, Peak:0.00M | Scene, ViewLayer | Synchronizing object | G4_drain_grate_bar.086
Fra:451 Mem:955.32M (Peak 955.32M) | Time:00:02.24 | Mem:0.00M, Peak:0.00M | Scene, ViewLayer | Synchronizing object | G4_drain_grate_bar.087
Fra:451 Mem:955.30M (Peak 955.32M) | Time:00:02.24 | Mem:0.00M, Peak:0.00M | Scene, ViewLayer | Synchronizing object | G4_drain_grate_bar.088
Fra:451 Mem:955.33M (Peak 955.33M) | Time:00:02.24 | Mem:0.00M, Peak:0.00M | Scene, ViewLayer | Synchronizing object | G4_drain_grate_bar.089
Fra:451 Mem:955.37M (Peak 955.37M) | Time:00:02.24 | Mem:0.00M, Peak:0.00M | Scene, ViewLayer | Synchronizing object | G4_drain_grate_bar.090
Fra:451 Mem:955.39M (Peak 955.39M) | Time:00:02.24 | Mem:0.00M, Peak:0.00M | Scene, ViewLayer | Synchronizing object | G4_drain_grate_bar.091
Fra:451 Mem:955.42M (Peak 955.42M) | Time:00:02.24 | Mem:0.00M, Peak:0.00M | Scene, ViewLayer | Synchronizing object | G4_drain_grate_bar.092
Fra:451 Mem:955.44M (Peak 955.44M) | Time:00:02.24 | Mem:0.00M, Peak:0.00M | Scene, ViewLayer | Synchronizing object | G4_drain_grate_bar.093
Fra:451 Mem:955.45M (Peak 955.45M) | Time:00:02.24 | Mem:0.00M, Peak:0.00M | Scene, ViewLayer | Synchronizing object | G4_drain_grate_bar.094
Fra:451 Mem:955.48M (Peak 955.48M) | Time:00:02.24 | Mem:0.00M, Peak:0.00M | Scene, ViewLayer | Synchronizing object | G4_drain_grate_bar.095
Fra:451 Mem:955.48M (Peak 955.48M) | Time:00:02.24 | Mem:0.00M, Peak:0.00M | Scene, ViewLayer | Synchronizing object | G4_drain_grate_bar.096
Fra:451 Mem:955.52M (Peak 955.52M) | Time:00:02.24 | Mem:0.00M, Peak:0.00M | Scene, ViewLayer | Synchronizing object | G4_drain_grate_bar.097
Fra:451 Mem:955.55M (Peak 955.55M) | Time:00:02.24 | Mem:0.00M, Peak:0.00M | Scene, ViewLayer | Synchronizing object | G4_drain_grate_bar.098
Fra:451 Mem:955.56M (Peak 955.56M) | Time:00:02.24 | Mem:0.00M, Peak:0.00M | Scene, ViewLayer | Synchronizing object | G4_drain_grate_bar.099
Fra:451 Mem:955.60M (Peak 955.60M) | Time:00:02.24 | Mem:0.00M, Peak:0.00M | Scene, ViewLayer | Synchronizing object | G4_drain_grate_bar.100
Fra:451 Mem:955.61M (Peak 955.61M) | Time:00:02.24 | Mem:0.00M, Peak:0.00M | Scene, ViewLayer | Synchronizing object | G4_drain_grate_bar.101
Fra:451 Mem:955.66M (Peak 955.66M) | Time:00:02.24 | Mem:0.00M, Peak:0.00M | Scene, ViewLayer | Synchronizing object | G4_drain_grate_bar.102
Fra:451 Mem:955.66M (Peak 955.66M) | Time:00:02.24 | Mem:0.00M, Peak:0.00M | Scene, ViewLayer | Synchronizing object | G4_drain_grate_bar.103
Fra:451 Mem:955.69M (Peak 955.69M) | Time:00:02.24 | Mem:0.00M, Peak:0.00M | Scene, ViewLayer | Synchronizing object | G4_drain_grate_bar.104
Fra:451 Mem:955.69M (Peak 955.69M) | Time:00:02.24 | Mem:0.00M, Peak:0.00M | Scene, ViewLayer | Synchronizing object | G4_drain_grate_bar.105
Fra:451 Mem:955.74M (Peak 955.74M) | Time:00:02.24 | Mem:0.00M, Peak:0.00M | Scene, ViewLayer | Synchronizing object | G4_drain_grate_bar.106
Fra:451 Mem:955.75M (Peak 955.75M) | Time:00:02.24 | Mem:0.00M, Peak:0.00M | Scene, ViewLayer | Synchronizing object | G4_drain_grate_bar.107
Fra:451 Mem:955.75M (Peak 955.75M) | Time:00:02.24 | Mem:0.00M, Peak:0.00M | Scene, ViewLayer | Synchronizing object | G4_drain_grate_bar.108
Fra:451 Mem:955.82M (Peak 955.82M) | Time:00:02.24 | Mem:0.00M, Peak:0.00M | Scene, ViewLayer | Synchronizing object | G4_drain_grate_bar.109
Fra:451 Mem:955.82M (Peak 955.82M) | Time:00:02.24 | Mem:0.00M, Peak:0.00M | Scene, ViewLayer | Synchronizing object | G4_drain_grate_bar.110
Fra:451 Mem:955.87M (Peak 955.87M) | Time:00:02.24 | Mem:0.00M, Peak:0.00M | Scene, ViewLayer | Synchronizing object | G4_drain_grate_bar.111
Fra:451 Mem:955.84M (Peak 955.87M) | Time:00:02.24 | Mem:0.00M, Peak:0.00M | Scene, ViewLayer | Synchronizing object | G4_drain_grate_bar.112
Fra:451 Mem:955.89M (Peak 955.89M) | Time:00:02.24 | Mem:0.00M, Peak:0.00M | Scene, ViewLayer | Synchronizing object | G4_drain_grate_bar.113
Fra:451 Mem:955.90M (Peak 955.90M) | Time:00:02.24 | Mem:0.00M, Peak:0.00M | Scene, ViewLayer | Synchronizing object | G4_drain_grate_bar.114
Fra:451 Mem:955.92M (Peak 955.92M) | Time:00:02.24 | Mem:0.00M, Peak:0.00M | Scene, ViewLayer | Synchronizing object | G4_drain_grate_bar.115
Fra:451 Mem:954.28M (Peak 955.92M) | Time:00:02.24 | Mem:0.00M, Peak:0.00M | Scene, ViewLayer | Synchronizing object | G4_drain_grate_bar.116
Fra:451 Mem:954.29M (Peak 955.92M) | Time:00:02.24 | Mem:0.00M, Peak:0.00M | Scene, ViewLayer | Synchronizing object | G4R03_shallow_rain_puddle.004
Fra:451 Mem:954.32M (Peak 955.92M) | Time:00:02.24 | Mem:0.00M, Peak:0.00M | Scene, ViewLayer | Synchronizing object | G4_drain_grate_bar.117
Fra:451 Mem:954.36M (Peak 955.92M) | Time:00:02.24 | Mem:0.00M, Peak:0.00M | Scene, ViewLayer | Synchronizing object | G4_drain_grate_bar.118
Fra:451 Mem:954.48M (Peak 955.92M) | Time:00:02.24 | Mem:0.00M, Peak:0.00M | Scene, ViewLayer | Synchronizing object | G4_drain_grate_bar.119
Fra:451 Mem:954.51M (Peak 955.92M) | Time:00:02.24 | Mem:0.00M, Peak:0.00M | Scene, ViewLayer | Synchronizing object | G4_drain_grate_bar.120
Fra:451 Mem:954.52M (Peak 955.92M) | Time:00:02.24 | Mem:0.00M, Peak:0.00M | Scene, ViewLayer | Synchronizing object | G4_drain_grate_bar.121
Fra:451 Mem:954.56M (Peak 955.92M) | Time:00:02.24 | Mem:0.00M, Peak:0.00M | Scene, ViewLayer | Synchronizing object | G4_cafe_G3_walnut_cafe_top
Fra:451 Mem:954.63M (Peak 955.92M) | Time:00:02.24 | Mem:0.00M, Peak:0.00M | Scene, ViewLayer | Synchronizing object | G4R03_shallow_rain_puddle.003
Fra:451 Mem:954.71M (Peak 955.92M) | Time:00:02.24 | Mem:0.00M, Peak:0.00M | Scene, ViewLayer | Synchronizing object | G4_cafe_G3_table_edge_inlay
Fra:451 Mem:954.74M (Peak 955.92M) | Time:00:02.24 | Mem:0.00M, Peak:0.00M | Scene, ViewLayer | Synchronizing object | G4_cafe_G3_turned_pedestal
Fra:451 Mem:954.90M (Peak 955.92M) | Time:00:02.24 | Mem:0.00M, Peak:0.00M | Scene, ViewLayer | Synchronizing object | G4_cafe_G3_walnut_cafe_top.001
Fra:451 Mem:955.01M (Peak 955.92M) | Time:00:02.24 | Mem:0.00M, Peak:0.00M | Scene, ViewLayer | Synchronizing object | G4R03_shallow_rain_puddle.002
Fra:451 Mem:955.03M (Peak 955.92M) | Time:00:02.24 | Mem:0.00M, Peak:0.00M | Scene, ViewLayer | Synchronizing object | G4_cafe_G3_table_edge_inlay.001
Fra:451 Mem:955.29M (Peak 955.92M) | Time:00:02.25 | Mem:0.00M, Peak:0.00M | Scene, ViewLayer | Synchronizing object | G4_cafe_G3_turned_pedestal.001
Fra:451 Mem:955.47M (Peak 955.92M) | Time:00:02.25 | Mem:0.00M, Peak:0.00M | Scene, ViewLayer | Synchronizing object | G4R03_shallow_rain_puddle.001
Fra:451 Mem:955.44M (Peak 955.92M) | Time:00:02.25 | Mem:0.00M, Peak:0.00M | Scene, ViewLayer | Synchronizing object | G4_waiting_bench_wood_frame
Fra:451 Mem:955.71M (Peak 955.92M) | Time:00:02.25 | Mem:0.00M, Peak:0.00M | Scene, ViewLayer | Synchronizing object | G4_bench_back_upright
Fra:451 Mem:955.72M (Peak 955.92M) | Time:00:02.25 | Mem:0.00M, Peak:0.00M | Scene, ViewLayer | Synchronizing object | G4_bench_arm_support
Fra:451 Mem:955.76M (Peak 955.92M) | Time:00:02.25 | Mem:0.00M, Peak:0.00M | Scene, ViewLayer | Synchronizing object | G4_bench_wood_arm
Fra:451 Mem:955.85M (Peak 955.92M) | Time:00:02.25 | Mem:0.00M, Peak:0.00M | Scene, ViewLayer | Synchronizing object | G4R03_shallow_rain_puddle
Fra:451 Mem:956.02M (Peak 956.02M) | Time:00:02.25 | Mem:0.00M, Peak:0.00M | Scene, ViewLayer | Synchronizing object | G4_bench_back_upright.001
Fra:451 Mem:956.04M (Peak 956.04M) | Time:00:02.25 | Mem:0.00M, Peak:0.00M | Scene, ViewLayer | Synchronizing object | G4_bench_arm_support.001
Fra:451 Mem:956.05M (Peak 956.05M) | Time:00:02.25 | Mem:0.00M, Peak:0.00M | Scene, ViewLayer | Synchronizing object | G4_bench_wood_arm.001
Fra:451 Mem:956.07M (Peak 956.07M) | Time:00:02.25 | Mem:0.00M, Peak:0.00M | Scene, ViewLayer | Synchronizing object | G4_bench_top_rail
Fra:451 Mem:956.15M (Peak 956.15M) | Time:00:02.25 | Mem:0.00M, Peak:0.00M | Scene, ViewLayer | Synchronizing object | G4R03_convex_glass_water_beads
Fra:451 Mem:956.14M (Peak 956.15M) | Time:00:02.25 | Mem:0.00M, Peak:0.00M | Scene, ViewLayer | Synchronizing object | G4_bench_seat_cushion
Fra:451 Mem:956.14M (Peak 956.15M) | Time:00:02.25 | Mem:0.00M, Peak:0.00M | Scene, ViewLayer | Synchronizing object | G4_bench_back_cushion
Fra:451 Mem:956.23M (Peak 956.23M) | Time:00:02.25 | Mem:0.00M, Peak:0.00M | Scene, ViewLayer | Synchronizing object | G4_bench_seat_cushion.001
Fra:451 Mem:961.65M (Peak 961.65M) | Time:00:02.25 | Mem:0.00M, Peak:0.00M | Scene, ViewLayer | Synchronizing object | G4_bench_back_cushion.001
Fra:451 Mem:961.72M (Peak 961.72M) | Time:00:02.25 | Mem:0.00M, Peak:0.00M | Scene, ViewLayer | Synchronizing object | G4_bench_seat_cushion.002
Fra:451 Mem:961.79M (Peak 961.79M) | Time:00:02.25 | Mem:0.00M, Peak:0.00M | Scene, ViewLayer | Synchronizing object | G4_bench_back_cushion.002
Fra:451 Mem:961.83M (Peak 961.83M) | Time:00:02.25 | Mem:0.00M, Peak:0.00M | Scene, ViewLayer | Synchronizing object | G4_waiting_bench_wood_frame.001
Fra:451 Mem:961.92M (Peak 961.92M) | Time:00:02.25 | Mem:0.00M, Peak:0.00M | Scene, ViewLayer | Synchronizing object | G4_bench_back_upright.002
Fra:451 Mem:961.90M (Peak 961.92M) | Time:00:02.25 | Mem:0.00M, Peak:0.00M | Scene, ViewLayer | Synchronizing object | G4_bench_arm_support.002
Fra:451 Mem:961.94M (Peak 961.94M) | Time:00:02.25 | Mem:0.00M, Peak:0.00M | Scene, ViewLayer | Synchronizing object | G4_bench_wood_arm.002
Fra:451 Mem:961.99M (Peak 961.99M) | Time:00:02.25 | Mem:0.00M, Peak:0.00M | Scene, ViewLayer | Synchronizing object | G4_bench_back_upright.003
Fra:451 Mem:961.97M (Peak 961.99M) | Time:00:02.25 | Mem:0.00M, Peak:0.00M | Scene, ViewLayer | Synchronizing object | G4_bench_arm_support.003
Fra:451 Mem:962.00M (Peak 962.00M) | Time:00:02.25 | Mem:0.00M, Peak:0.00M | Scene, ViewLayer | Synchronizing object | G4_bench_wood_arm.003
Fra:451 Mem:962.00M (Peak 962.00M) | Time:00:02.25 | Mem:0.00M, Peak:0.00M | Scene, ViewLayer | Synchronizing object | G4_bench_top_rail.001
Fra:451 Mem:962.06M (Peak 962.06M) | Time:00:02.25 | Mem:0.00M, Peak:0.00M | Scene, ViewLayer | Synchronizing object | G4_bench_seat_cushion.003
Fra:451 Mem:962.07M (Peak 962.07M) | Time:00:02.25 | Mem:0.00M, Peak:0.00M | Scene, ViewLayer | Synchronizing object | G4_bench_back_cushion.003
Fra:451 Mem:962.11M (Peak 962.11M) | Time:00:02.25 | Mem:0.00M, Peak:0.00M | Scene, ViewLayer | Synchronizing object | G4_bench_seat_cushion.004
Fra:451 Mem:962.29M (Peak 962.29M) | Time:00:02.25 | Mem:0.00M, Peak:0.00M | Scene, ViewLayer | Synchronizing object | G4_bench_back_cushion.004
Fra:451 Mem:962.37M (Peak 962.37M) | Time:00:02.25 | Mem:0.00M, Peak:0.00M | Scene, ViewLayer | Synchronizing object | G4_bench_seat_cushion.005
Fra:451 Mem:962.42M (Peak 962.42M) | Time:00:02.25 | Mem:0.00M, Peak:0.00M | Scene, ViewLayer | Synchronizing object | G4_bench_back_cushion.005
Fra:451 Mem:962.47M (Peak 962.47M) | Time:00:02.25 | Mem:0.00M, Peak:0.00M | Scene, ViewLayer | Synchronizing object | G4_waiting_bench_wood_frame.002
Fra:451 Mem:962.55M (Peak 962.55M) | Time:00:02.25 | Mem:0.00M, Peak:0.00M | Scene, ViewLayer | Synchronizing object | G4_bench_back_upright.004
Fra:451 Mem:962.55M (Peak 962.55M) | Time:00:02.25 | Mem:0.00M, Peak:0.00M | Scene, ViewLayer | Synchronizing object | G4_bench_arm_support.004
Fra:451 Mem:962.60M (Peak 962.60M) | Time:00:02.25 | Mem:0.00M, Peak:0.00M | Scene, ViewLayer | Synchronizing object | G4_bench_wood_arm.004
Fra:451 Mem:962.58M (Peak 962.60M) | Time:00:02.25 | Mem:0.00M, Peak:0.00M | Scene, ViewLayer | Synchronizing object | G4_bench_back_upright.005
Fra:451 Mem:962.63M (Peak 962.63M) | Time:00:02.25 | Mem:0.00M, Peak:0.00M | Scene, ViewLayer | Synchronizing object | G4_bench_arm_support.005
Fra:451 Mem:962.64M (Peak 962.64M) | Time:00:02.25 | Mem:0.00M, Peak:0.00M | Scene, ViewLayer | Synchronizing object | G4_bench_wood_arm.005
Fra:451 Mem:962.66M (Peak 962.66M) | Time:00:02.25 | Mem:0.00M, Peak:0.00M | Scene, ViewLayer | Synchronizing object | G4_bench_seat_cushion.006
Fra:451 Mem:962.76M (Peak 962.76M) | Time:00:02.25 | Mem:0.00M, Peak:0.00M | Scene, ViewLayer | Synchronizing object | G4_bench_back_cushion.006
Fra:451 Mem:962.81M (Peak 962.81M) | Time:00:02.25 | Mem:0.00M, Peak:0.00M | Scene, ViewLayer | Synchronizing object | G4_bench_seat_cushion.007
Fra:451 Mem:962.96M (Peak 962.96M) | Time:00:02.25 | Mem:0.00M, Peak:0.00M | Scene, ViewLayer | Synchronizing object | G4_bench_back_cushion.007
Fra:451 Mem:962.93M (Peak 962.96M) | Time:00:02.25 | Mem:0.00M, Peak:0.00M | Scene, ViewLayer | Synchronizing object | G4_bench_seat_cushion.008
Fra:451 Mem:963.08M (Peak 963.08M) | Time:00:02.25 | Mem:0.00M, Peak:0.00M | Scene, ViewLayer | Synchronizing object | G4_bench_back_cushion.008
Fra:451 Mem:963.11M (Peak 963.11M) | Time:00:02.25 | Mem:0.00M, Peak:0.00M | Scene, ViewLayer | Synchronizing object | G4_waiting_bench_wood_frame.003
Fra:451 Mem:963.20M (Peak 963.20M) | Time:00:02.25 | Mem:0.00M, Peak:0.00M | Scene, ViewLayer | Synchronizing object | G4_bench_back_upright.006
Fra:451 Mem:963.19M (Peak 963.20M) | Time:00:02.25 | Mem:0.00M, Peak:0.00M | Scene, ViewLayer | Synchronizing object | G4_bench_arm_support.006
Fra:451 Mem:963.24M (Peak 963.24M) | Time:00:02.25 | Mem:0.00M, Peak:0.00M | Scene, ViewLayer | Synchronizing object | G4_bench_wood_arm.006
Fra:451 Mem:963.21M (Peak 963.24M) | Time:00:02.25 | Mem:0.00M, Peak:0.00M | Scene, ViewLayer | Synchronizing object | G4_bench_back_upright.007
Fra:451 Mem:963.29M (Peak 963.29M) | Time:00:02.25 | Mem:0.00M, Peak:0.00M | Scene, ViewLayer | Synchronizing object | G4_bench_arm_support.007
Fra:451 Mem:963.29M (Peak 963.29M) | Time:00:02.25 | Mem:0.00M, Peak:0.00M | Scene, ViewLayer | Synchronizing object | G4_bench_wood_arm.007
Fra:451 Mem:963.29M (Peak 963.29M) | Time:00:02.25 | Mem:0.00M, Peak:0.00M | Scene, ViewLayer | Synchronizing object | G4_bench_top_rail.003
Fra:451 Mem:963.29M (Peak 963.29M) | Time:00:02.25 | Mem:0.00M, Peak:0.00M | Scene, ViewLayer | Synchronizing object | G4_bench_seat_cushion.009
Fra:451 Mem:963.41M (Peak 963.41M) | Time:00:02.25 | Mem:0.00M, Peak:0.00M | Scene, ViewLayer | Synchronizing object | G4_bench_back_cushion.009
Fra:451 Mem:963.49M (Peak 963.49M) | Time:00:02.25 | Mem:0.00M, Peak:0.00M | Scene, ViewLayer | Synchronizing object | G4_bench_seat_cushion.010
Fra:451 Mem:963.55M (Peak 963.55M) | Time:00:02.25 | Mem:0.00M, Peak:0.00M | Scene, ViewLayer | Synchronizing object | G4_bench_back_cushion.010
Fra:451 Mem:963.59M (Peak 963.59M) | Time:00:02.25 | Mem:0.00M, Peak:0.00M | Scene, ViewLayer | Synchronizing object | G4_bench_seat_cushion.011
Fra:451 Mem:963.69M (Peak 963.69M) | Time:00:02.25 | Mem:0.00M, Peak:0.00M | Scene, ViewLayer | Synchronizing object | G4_bench_back_cushion.011
Fra:451 Mem:963.79M (Peak 963.79M) | Time:00:02.25 | Mem:0.00M, Peak:0.00M | Scene, ViewLayer | Synchronizing object | G4_broadleaf_clay_planter
Fra:451 Mem:963.83M (Peak 963.83M) | Time:00:02.25 | Mem:0.00M, Peak:0.00M | Scene, ViewLayer | Synchronizing object | G4_planter_soil
Fra:451 Mem:963.86M (Peak 963.86M) | Time:00:02.25 | Mem:0.00M, Peak:0.00M | Scene, ViewLayer | Synchronizing object | G4_broadleaf_clay_planter.001
Fra:451 Mem:963.92M (Peak 963.92M) | Time:00:02.25 | Mem:0.00M, Peak:0.00M | Scene, ViewLayer | Synchronizing object | G4_planter_soil.001
Fra:451 Mem:963.97M (Peak 963.97M) | Time:00:02.25 | Mem:0.00M, Peak:0.00M | Scene, ViewLayer | Synchronizing object | G4_broadleaf_clay_planter.002
Fra:451 Mem:964.08M (Peak 964.08M) | Time:00:02.25 | Mem:0.00M, Peak:0.00M | Scene, ViewLayer | Synchronizing object | G4_planter_soil.002
Fra:451 Mem:964.09M (Peak 964.09M) | Time:00:02.25 | Mem:0.00M, Peak:0.00M | Scene, ViewLayer | Synchronizing object | G4_hall_G3_pendant_drop
Fra:451 Mem:964.11M (Peak 964.11M) | Time:00:02.25 | Mem:0.00M, Peak:0.00M | Scene, ViewLayer | Synchronizing object | G4_hall_G3_pendant_shade
Fra:451 Mem:964.13M (Peak 964.13M) | Time:00:02.25 | Mem:0.00M, Peak:0.00M | Scene, ViewLayer | Synchronizing object | G4_hall_G3_pendant_light
Fra:451 Mem:964.12M (Peak 964.13M) | Time:00:02.25 | Mem:0.00M, Peak:0.00M | Scene, ViewLayer | Synchronizing object | G4_hall_G3_pendant_drop.001
Fra:451 Mem:964.15M (Peak 964.15M) | Time:00:02.25 | Mem:0.00M, Peak:0.00M | Scene, ViewLayer | Synchronizing object | G4_hall_G3_pendant_shade.001
Fra:451 Mem:964.19M (Peak 964.19M) | Time:00:02.25 | Mem:0.00M, Peak:0.00M | Scene, ViewLayer | Synchronizing object | G4_hall_G3_pendant_light.001
Fra:451 Mem:964.20M (Peak 964.20M) | Time:00:02.25 | Mem:0.00M, Peak:0.00M | Scene, ViewLayer | Synchronizing object | G4_hall_G3_pendant_drop.002
Fra:451 Mem:964.22M (Peak 964.22M) | Time:00:02.25 | Mem:0.00M, Peak:0.00M | Scene, ViewLayer | Synchronizing object | G4_hall_G3_pendant_shade.002
Fra:451 Mem:964.27M (Peak 964.27M) | Time:00:02.25 | Mem:0.00M, Peak:0.00M | Scene, ViewLayer | Synchronizing object | G4_hall_G3_pendant_drop.003
Fra:451 Mem:964.27M (Peak 964.27M) | Time:00:02.25 | Mem:0.00M, Peak:0.00M | Scene, ViewLayer | Synchronizing object | G4_hall_G3_pendant_shade.003
Fra:451 Mem:964.31M (Peak 964.31M) | Time:00:02.25 | Mem:0.00M, Peak:0.00M | Scene, ViewLayer | Synchronizing object | G4_hall_G3_pendant_light.003
Fra:451 Mem:964.32M (Peak 964.32M) | Time:00:02.25 | Mem:0.00M, Peak:0.00M | Scene, ViewLayer | Synchronizing object | G4_hall_G3_pendant_drop.004
Fra:451 Mem:964.32M (Peak 964.32M) | Time:00:02.25 | Mem:0.00M, Peak:0.00M | Scene, ViewLayer | Synchronizing object | G4_hall_G3_pendant_shade.004
Fra:451 Mem:964.37M (Peak 964.37M) | Time:00:02.25 | Mem:0.00M, Peak:0.00M | Scene, ViewLayer | Synchronizing object | G4_hall_G3_pendant_light.004
Fra:451 Mem:964.38M (Peak 964.38M) | Time:00:02.25 | Mem:0.00M, Peak:0.00M | Scene, ViewLayer | Synchronizing object | G4_hall_G3_pendant_drop.005
Fra:451 Mem:964.39M (Peak 964.39M) | Time:00:02.25 | Mem:0.00M, Peak:0.00M | Scene, ViewLayer | Synchronizing object | G4_hall_G3_pendant_shade.005
Fra:451 Mem:964.42M (Peak 964.42M) | Time:00:02.25 | Mem:0.00M, Peak:0.00M | Scene, ViewLayer | Synchronizing object | G4_hall_G3_pendant_light.005
Fra:451 Mem:964.43M (Peak 964.43M) | Time:00:02.25 | Mem:0.00M, Peak:0.00M | Scene, ViewLayer | Synchronizing object | G4_hall_G3_pendant_drop.006
Fra:451 Mem:964.44M (Peak 964.44M) | Time:00:02.25 | Mem:0.00M, Peak:0.00M | Scene, ViewLayer | Synchronizing object | G4_hall_G3_pendant_shade.006
Fra:451 Mem:964.48M (Peak 964.48M) | Time:00:02.25 | Mem:0.00M, Peak:0.00M | Scene, ViewLayer | Synchronizing object | G4_hall_G3_pendant_light.006
Fra:451 Mem:964.48M (Peak 964.48M) | Time:00:02.25 | Mem:0.00M, Peak:0.00M | Scene, ViewLayer | Synchronizing object | G4_hall_G3_pendant_drop.007
Fra:451 Mem:964.50M (Peak 964.50M) | Time:00:02.25 | Mem:0.00M, Peak:0.00M | Scene, ViewLayer | Synchronizing object | G4_hall_G3_pendant_shade.007
Fra:451 Mem:964.50M (Peak 964.50M) | Time:00:02.25 | Mem:0.00M, Peak:0.00M | Scene, ViewLayer | Synchronizing object | G4_hall_G3_pendant_light.007
Fra:451 Mem:964.52M (Peak 964.52M) | Time:00:02.25 | Mem:0.00M, Peak:0.00M | Scene, ViewLayer | Synchronizing object | G4_hall_G3_pendant_drop.008
Fra:451 Mem:964.55M (Peak 964.55M) | Time:00:02.25 | Mem:0.00M, Peak:0.00M | Scene, ViewLayer | Synchronizing object | G4_hall_G3_pendant_shade.008
Fra:451 Mem:964.59M (Peak 964.59M) | Time:00:02.25 | Mem:0.00M, Peak:0.00M | Scene, ViewLayer | Synchronizing object | G4_hall_G3_pendant_light.008
Fra:451 Mem:964.59M (Peak 964.59M) | Time:00:02.25 | Mem:0.00M, Peak:0.00M | Scene, ViewLayer | Synchronizing object | G4_hall_G3_pendant_drop.009
Fra:451 Mem:964.61M (Peak 964.61M) | Time:00:02.25 | Mem:0.00M, Peak:0.00M | Scene, ViewLayer | Synchronizing object | G4_hall_G3_pendant_shade.009
Fra:451 Mem:964.63M (Peak 964.63M) | Time:00:02.25 | Mem:0.00M, Peak:0.00M | Scene, ViewLayer | Synchronizing object | G4_hall_G3_pendant_light.009
Fra:451 Mem:964.63M (Peak 964.63M) | Time:00:02.25 | Mem:0.00M, Peak:0.00M | Scene, ViewLayer | Synchronizing object | G4_hall_G3_pendant_drop.010
Fra:451 Mem:964.63M (Peak 964.63M) | Time:00:02.25 | Mem:0.00M, Peak:0.00M | Scene, ViewLayer | Synchronizing object | G4_hall_G3_pendant_shade.010
Fra:451 Mem:964.67M (Peak 964.67M) | Time:00:02.25 | Mem:0.00M, Peak:0.00M | Scene, ViewLayer | Synchronizing object | G4_hall_G3_pendant_light.010
Fra:451 Mem:964.67M (Peak 964.67M) | Time:00:02.25 | Mem:0.00M, Peak:0.00M | Scene, ViewLayer | Synchronizing object | G4_hall_G3_pendant_drop.011
Fra:451 Mem:964.68M (Peak 964.68M) | Time:00:02.25 | Mem:0.00M, Peak:0.00M | Scene, ViewLayer | Synchronizing object | G4_hall_G3_pendant_shade.011
Fra:451 Mem:964.73M (Peak 964.73M) | Time:00:02.25 | Mem:0.00M, Peak:0.00M | Scene, ViewLayer | Synchronizing object | G4_hall_G3_pendant_light.011
Fra:451 Mem:964.73M (Peak 964.73M) | Time:00:02.25 | Mem:0.00M, Peak:0.00M | Scene, ViewLayer | Synchronizing object | G4_hall_G3_pendant_drop.012
Fra:451 Mem:964.74M (Peak 964.74M) | Time:00:02.25 | Mem:0.00M, Peak:0.00M | Scene, ViewLayer | Synchronizing object | G4_hall_G3_pendant_shade.012
Fra:451 Mem:964.78M (Peak 964.78M) | Time:00:02.25 | Mem:0.00M, Peak:0.00M | Scene, ViewLayer | Synchronizing object | G4_hall_G3_pendant_light.012
Fra:451 Mem:964.79M (Peak 964.79M) | Time:00:02.25 | Mem:0.00M, Peak:0.00M | Scene, ViewLayer | Synchronizing object | G4_hall_G3_pendant_drop.013
Fra:451 Mem:964.80M (Peak 964.80M) | Time:00:02.25 | Mem:0.00M, Peak:0.00M | Scene, ViewLayer | Synchronizing object | G4_hall_G3_pendant_shade.013
Fra:451 Mem:964.84M (Peak 964.84M) | Time:00:02.25 | Mem:0.00M, Peak:0.00M | Scene, ViewLayer | Synchronizing object | G4_hall_G3_pendant_light.013
Fra:451 Mem:964.85M (Peak 964.85M) | Time:00:02.25 | Mem:0.00M, Peak:0.00M | Scene, ViewLayer | Synchronizing object | G4_canopy_lamp_mount
Fra:451 Mem:964.89M (Peak 964.89M) | Time:00:02.25 | Mem:0.00M, Peak:0.00M | Scene, ViewLayer | Synchronizing object | G4_canopy_lamp_housing
Fra:451 Mem:964.93M (Peak 964.93M) | Time:00:02.25 | Mem:0.00M, Peak:0.00M | Scene, ViewLayer | Synchronizing object | G4_canopy_lamp_opal
Fra:451 Mem:964.96M (Peak 964.96M) | Time:00:02.25 | Mem:0.00M, Peak:0.00M | Scene, ViewLayer | Synchronizing object | G4_canopy_practical
Fra:451 Mem:964.97M (Peak 964.97M) | Time:00:02.25 | Mem:0.00M, Peak:0.00M | Scene, ViewLayer | Synchronizing object | G4_canopy_lamp_mount.001
Fra:451 Mem:964.96M (Peak 964.97M) | Time:00:02.25 | Mem:0.00M, Peak:0.00M | Scene, ViewLayer | Synchronizing object | G4_canopy_lamp_housing.001
Fra:451 Mem:965.01M (Peak 965.01M) | Time:00:02.25 | Mem:0.00M, Peak:0.00M | Scene, ViewLayer | Synchronizing object | G4_canopy_lamp_opal.001
Fra:451 Mem:965.04M (Peak 965.04M) | Time:00:02.25 | Mem:0.00M, Peak:0.00M | Scene, ViewLayer | Synchronizing object | G4_canopy_practical.001
Fra:451 Mem:965.05M (Peak 965.05M) | Time:00:02.25 | Mem:0.00M, Peak:0.00M | Scene, ViewLayer | Synchronizing object | G4_canopy_lamp_mount.002
Fra:451 Mem:968.63M (Peak 968.63M) | Time:00:02.25 | Mem:0.00M, Peak:0.00M | Scene, ViewLayer | Synchronizing object | G4_canopy_lamp_opal.002
Fra:451 Mem:973.97M (Peak 973.97M) | Time:00:02.25 | Mem:0.00M, Peak:0.00M | Scene, ViewLayer | Synchronizing object | G4_canopy_practical.002
Fra:451 Mem:973.99M (Peak 973.99M) | Time:00:02.25 | Mem:0.00M, Peak:0.00M | Scene, ViewLayer | Synchronizing object | G4_canopy_lamp_mount.003
Fra:451 Mem:973.97M (Peak 973.99M) | Time:00:02.25 | Mem:0.00M, Peak:0.00M | Scene, ViewLayer | Synchronizing object | G4_canopy_lamp_housing.003
Fra:451 Mem:974.02M (Peak 974.02M) | Time:00:02.25 | Mem:0.00M, Peak:0.00M | Scene, ViewLayer | Synchronizing object | G4_canopy_lamp_opal.003
Fra:451 Mem:974.05M (Peak 974.05M) | Time:00:02.25 | Mem:0.00M, Peak:0.00M | Scene, ViewLayer | Synchronizing object | G4_canopy_practical.003
Fra:451 Mem:974.06M (Peak 974.06M) | Time:00:02.25 | Mem:0.00M, Peak:0.00M | Scene, ViewLayer | Synchronizing object | G4_canopy_lamp_mount.004
Fra:451 Mem:974.04M (Peak 974.06M) | Time:00:02.25 | Mem:0.00M, Peak:0.00M | Scene, ViewLayer | Synchronizing object | G4_canopy_lamp_housing.004
Fra:451 Mem:976.26M (Peak 976.26M) | Time:00:02.25 | Mem:0.00M, Peak:0.00M | Scene, ViewLayer | Synchronizing object | G4_canopy_lamp_opal.004
Fra:451 Mem:976.26M (Peak 976.26M) | Time:00:02.25 | Mem:0.00M, Peak:0.00M | Scene, ViewLayer | Synchronizing object | G4_canopy_practical.004
Fra:451 Mem:976.28M (Peak 976.28M) | Time:00:02.25 | Mem:0.00M, Peak:0.00M | Scene, ViewLayer | Synchronizing object | G4_canopy_lamp_mount.005
Fra:451 Mem:976.31M (Peak 976.31M) | Time:00:02.25 | Mem:0.00M, Peak:0.00M | Scene, ViewLayer | Synchronizing object | G4_canopy_lamp_housing.005
Fra:451 Mem:976.35M (Peak 976.35M) | Time:00:02.25 | Mem:0.00M, Peak:0.00M | Scene, ViewLayer | Synchronizing object | G4_canopy_lamp_opal.005
Fra:451 Mem:976.37M (Peak 976.37M) | Time:00:02.25 | Mem:0.00M, Peak:0.00M | Scene, ViewLayer | Synchronizing object | G4_canopy_practical.005
Fra:451 Mem:976.41M (Peak 976.41M) | Time:00:02.25 | Mem:0.00M, Peak:0.00M | Scene, ViewLayer | Synchronizing object | G4_canopy_lamp_mount.006
Fra:451 Mem:976.36M (Peak 976.41M) | Time:00:02.25 | Mem:0.00M, Peak:0.00M | Scene, ViewLayer | Synchronizing object | G4_canopy_lamp_housing.006
Fra:451 Mem:976.37M (Peak 976.41M) | Time:00:02.25 | Mem:0.00M, Peak:0.00M | Scene, ViewLayer | Synchronizing object | G4_canopy_lamp_opal.006
Fra:451 Mem:976.44M (Peak 976.44M) | Time:00:02.25 | Mem:0.00M, Peak:0.00M | Scene, ViewLayer | Synchronizing object | G4_canopy_practical.006
Fra:451 Mem:976.44M (Peak 976.44M) | Time:00:02.25 | Mem:0.00M, Peak:0.00M | Scene, ViewLayer | Synchronizing object | G4_canopy_lamp_mount.007
Fra:451 Mem:976.44M (Peak 976.44M) | Time:00:02.25 | Mem:0.00M, Peak:0.00M | Scene, ViewLayer | Synchronizing object | G4_canopy_lamp_housing.007
Fra:451 Mem:976.49M (Peak 976.49M) | Time:00:02.25 | Mem:0.00M, Peak:0.00M | Scene, ViewLayer | Synchronizing object | G4_canopy_lamp_opal.007
Fra:451 Mem:976.50M (Peak 976.50M) | Time:00:02.25 | Mem:0.00M, Peak:0.00M | Scene, ViewLayer | Synchronizing object | G4_canopy_practical.007
Fra:451 Mem:976.50M (Peak 976.50M) | Time:00:02.25 | Mem:0.00M, Peak:0.00M | Scene, ViewLayer | Synchronizing object | G4_car_lamp_stem
Fra:451 Mem:976.51M (Peak 976.51M) | Time:00:02.25 | Mem:0.00M, Peak:0.00M | Scene, ViewLayer | Synchronizing object | G4_car_ceiling_practical
Fra:451 Mem:976.51M (Peak 976.51M) | Time:00:02.25 | Mem:0.00M, Peak:0.00M | Scene, ViewLayer | Synchronizing object | G4_car_ceiling_practical.001
Fra:451 Mem:976.51M (Peak 976.51M) | Time:00:02.25 | Mem:0.00M, Peak:0.00M | Scene, ViewLayer | Synchronizing object | G4_car_lamp_stem.002
Fra:451 Mem:976.52M (Peak 976.52M) | Time:00:02.25 | Mem:0.00M, Peak:0.00M | Scene, ViewLayer | Synchronizing object | G4_car_ceiling_practical.002
Fra:451 Mem:976.52M (Peak 976.52M) | Time:00:02.25 | Mem:0.00M, Peak:0.00M | Scene, ViewLayer | Synchronizing object | G4_car_lamp_stem.003
Fra:451 Mem:976.52M (Peak 976.52M) | Time:00:02.25 | Mem:0.00M, Peak:0.00M | Scene, ViewLayer | Synchronizing object | G4_car_ceiling_practical.003
Fra:451 Mem:976.53M (Peak 976.53M) | Time:00:02.25 | Mem:0.00M, Peak:0.00M | Scene, ViewLayer | Synchronizing object | G4_car_recessed_walnut_panel
Fra:451 Mem:976.53M (Peak 976.53M) | Time:00:02.25 | Mem:0.00M, Peak:0.00M | Scene, ViewLayer | Synchronizing object | G4_car_panel_bead
Fra:451 Mem:976.60M (Peak 976.60M) | Time:00:02.25 | Mem:0.00M, Peak:0.00M | Scene, ViewLayer | Synchronizing object | G4_car_panel_bead.001
Fra:451 Mem:976.60M (Peak 976.60M) | Time:00:02.25 | Mem:0.00M, Peak:0.00M | Scene, ViewLayer | Synchronizing object | G4_car_panel_stile
Fra:451 Mem:976.63M (Peak 976.63M) | Time:00:02.25 | Mem:0.00M, Peak:0.00M | Scene, ViewLayer | Synchronizing object | G4_car_panel_stile.001
Fra:451 Mem:976.65M (Peak 976.65M) | Time:00:02.25 | Mem:0.00M, Peak:0.00M | Scene, ViewLayer | Synchronizing object | G4_car_recessed_walnut_panel.001
Fra:451 Mem:980.31M (Peak 980.31M) | Time:00:02.25 | Mem:0.00M, Peak:0.00M | Scene, ViewLayer | Synchronizing object | G4_car_panel_bead.002
Fra:451 Mem:980.32M (Peak 980.32M) | Time:00:02.25 | Mem:0.00M, Peak:0.00M | Scene, ViewLayer | Synchronizing object | G4_car_panel_bead.003
Fra:451 Mem:980.35M (Peak 980.35M) | Time:00:02.25 | Mem:0.00M, Peak:0.00M | Scene, ViewLayer | Synchronizing object | G4_car_panel_stile.002
Fra:451 Mem:980.37M (Peak 980.37M) | Time:00:02.25 | Mem:0.00M, Peak:0.00M | Scene, ViewLayer | Synchronizing object | G4_car_panel_stile.003
Fra:451 Mem:980.39M (Peak 980.39M) | Time:00:02.25 | Mem:0.00M, Peak:0.00M | Scene, ViewLayer | Synchronizing object | G4_car_recessed_walnut_panel.002
Fra:451 Mem:980.42M (Peak 980.42M) | Time:00:02.25 | Mem:0.00M, Peak:0.00M | Scene, ViewLayer | Synchronizing object | G4_car_panel_bead.004
Fra:451 Mem:980.44M (Peak 980.44M) | Time:00:02.25 | Mem:0.00M, Peak:0.00M | Scene, ViewLayer | Synchronizing object | G4_car_panel_bead.005
Fra:451 Mem:980.47M (Peak 980.47M) | Time:00:02.25 | Mem:0.00M, Peak:0.00M | Scene, ViewLayer | Synchronizing object | G4_car_panel_stile.004
Fra:451 Mem:980.49M (Peak 980.49M) | Time:00:02.25 | Mem:0.00M, Peak:0.00M | Scene, ViewLayer | Synchronizing object | G4_car_panel_stile.005
Fra:451 Mem:980.52M (Peak 980.52M) | Time:00:02.25 | Mem:0.00M, Peak:0.00M | Scene, ViewLayer | Synchronizing object | G4_car_recessed_walnut_panel.003
Fra:451 Mem:980.56M (Peak 980.56M) | Time:00:02.25 | Mem:0.00M, Peak:0.00M | Scene, ViewLayer | Synchronizing object | G4_car_panel_bead.006
Fra:451 Mem:980.58M (Peak 980.58M) | Time:00:02.25 | Mem:0.00M, Peak:0.00M | Scene, ViewLayer | Synchronizing object | G4_car_panel_bead.007
Fra:451 Mem:980.57M (Peak 980.58M) | Time:00:02.25 | Mem:0.00M, Peak:0.00M | Scene, ViewLayer | Synchronizing object | G4_car_panel_stile.006
Fra:451 Mem:980.62M (Peak 980.62M) | Time:00:02.25 | Mem:0.00M, Peak:0.00M | Scene, ViewLayer | Synchronizing object | G4_car_panel_stile.007
Fra:451 Mem:980.65M (Peak 980.65M) | Time:00:02.25 | Mem:0.00M, Peak:0.00M | Scene, ViewLayer | Synchronizing object | G4_car_recessed_walnut_panel.004
Fra:451 Mem:980.68M (Peak 980.68M) | Time:00:02.25 | Mem:0.00M, Peak:0.00M | Scene, ViewLayer | Synchronizing object | G4_car_panel_bead.008
Fra:451 Mem:980.70M (Peak 980.70M) | Time:00:02.25 | Mem:0.00M, Peak:0.00M | Scene, ViewLayer | Synchronizing object | G4_car_panel_bead.009
Fra:451 Mem:980.73M (Peak 980.73M) | Time:00:02.25 | Mem:0.00M, Peak:0.00M | Scene, ViewLayer | Synchronizing object | G4_car_panel_stile.008
Fra:451 Mem:980.75M (Peak 980.75M) | Time:00:02.25 | Mem:0.00M, Peak:0.00M | Scene, ViewLayer | Synchronizing object | G4_car_panel_stile.009
Fra:451 Mem:980.78M (Peak 980.78M) | Time:00:02.25 | Mem:0.00M, Peak:0.00M | Scene, ViewLayer | Synchronizing object | G4_car_recessed_walnut_panel.005
Fra:451 Mem:980.78M (Peak 980.78M) | Time:00:02.25 | Mem:0.00M, Peak:0.00M | Scene, ViewLayer | Synchronizing object | G4_car_panel_bead.010
Fra:451 Mem:980.83M (Peak 980.83M) | Time:00:02.25 | Mem:0.00M, Peak:0.00M | Scene, ViewLayer | Synchronizing object | G4_car_panel_bead.011
Fra:451 Mem:980.83M (Peak 980.83M) | Time:00:02.25 | Mem:0.00M, Peak:0.00M | Scene, ViewLayer | Synchronizing object | G4_car_panel_stile.010
Fra:451 Mem:980.87M (Peak 980.87M) | Time:00:02.25 | Mem:0.00M, Peak:0.00M | Scene, ViewLayer | Synchronizing object | G4_car_panel_stile.011
Fra:451 Mem:980.90M (Peak 980.90M) | Time:00:02.25 | Mem:0.00M, Peak:0.00M | Scene, ViewLayer | Synchronizing object | G4_car_recessed_walnut_panel.006
Fra:451 Mem:980.94M (Peak 980.94M) | Time:00:02.25 | Mem:0.00M, Peak:0.00M | Scene, ViewLayer | Synchronizing object | G4_car_panel_bead.012
Fra:451 Mem:983.66M (Peak 983.67M) | Time:00:02.25 | Mem:0.00M, Peak:0.00M | Scene, ViewLayer | Synchronizing object | G4_car_panel_bead.013
Fra:451 Mem:983.66M (Peak 983.67M) | Time:00:02.25 | Mem:0.00M, Peak:0.00M | Scene, ViewLayer | Synchronizing object | G4_car_panel_stile.012
Fra:451 Mem:983.71M (Peak 983.71M) | Time:00:02.25 | Mem:0.00M, Peak:0.00M | Scene, ViewLayer | Synchronizing object | G4_car_panel_stile.013
Fra:451 Mem:983.74M (Peak 983.74M) | Time:00:02.25 | Mem:0.00M, Peak:0.00M | Scene, ViewLayer | Synchronizing object | G4_car_recessed_walnut_panel.007
Fra:451 Mem:986.10M (Peak 986.10M) | Time:00:02.25 | Mem:0.00M, Peak:0.00M | Scene, ViewLayer | Synchronizing object | G4_car_panel_bead.014
Fra:451 Mem:986.15M (Peak 986.15M) | Time:00:02.25 | Mem:0.00M, Peak:0.00M | Scene, ViewLayer | Synchronizing object | G4_car_panel_bead.015
Fra:451 Mem:986.16M (Peak 986.16M) | Time:00:02.25 | Mem:0.00M, Peak:0.00M | Scene, ViewLayer | Synchronizing object | G4_car_panel_stile.014
Fra:451 Mem:986.21M (Peak 986.21M) | Time:00:02.25 | Mem:0.00M, Peak:0.00M | Scene, ViewLayer | Synchronizing object | G4_car_panel_stile.015
Fra:451 Mem:986.24M (Peak 986.24M) | Time:00:02.25 | Mem:0.00M, Peak:0.00M | Scene, ViewLayer | Synchronizing object | G4_car_recessed_walnut_panel.008
Fra:451 Mem:986.28M (Peak 986.28M) | Time:00:02.25 | Mem:0.00M, Peak:0.00M | Scene, ViewLayer | Synchronizing object | G4_car_panel_bead.016
Fra:451 Mem:986.27M (Peak 986.28M) | Time:00:02.25 | Mem:0.00M, Peak:0.00M | Scene, ViewLayer | Synchronizing object | G4_car_panel_bead.017
Fra:451 Mem:986.31M (Peak 986.31M) | Time:00:02.25 | Mem:0.00M, Peak:0.00M | Scene, ViewLayer | Synchronizing object | G4_car_panel_stile.016
Fra:451 Mem:986.33M (Peak 986.33M) | Time:00:02.25 | Mem:0.00M, Peak:0.00M | Scene, ViewLayer | Synchronizing object | G4_car_panel_stile.017
Fra:451 Mem:986.33M (Peak 986.33M) | Time:00:02.25 | Mem:0.00M, Peak:0.00M | Scene, ViewLayer | Synchronizing object | G4_car_recessed_walnut_panel.009
Fra:451 Mem:986.38M (Peak 986.38M) | Time:00:02.25 | Mem:0.00M, Peak:0.00M | Scene, ViewLayer | Synchronizing object | G4_car_panel_bead.018
Fra:451 Mem:986.41M (Peak 986.41M) | Time:00:02.25 | Mem:0.00M, Peak:0.00M | Scene, ViewLayer | Synchronizing object | G4_car_panel_bead.019
Fra:451 Mem:986.41M (Peak 986.41M) | Time:00:02.25 | Mem:0.00M, Peak:0.00M | Scene, ViewLayer | Synchronizing object | G4_car_panel_stile.018
Fra:451 Mem:986.46M (Peak 986.46M) | Time:00:02.25 | Mem:0.00M, Peak:0.00M | Scene, ViewLayer | Synchronizing object | G4_car_panel_stile.019
Fra:451 Mem:986.48M (Peak 986.48M) | Time:00:02.25 | Mem:0.00M, Peak:0.00M | Scene, ViewLayer | Synchronizing object | G4_car_recessed_walnut_panel.010
Fra:451 Mem:986.48M (Peak 986.48M) | Time:00:02.25 | Mem:0.00M, Peak:0.00M | Scene, ViewLayer | Synchronizing object | G4_car_panel_bead.020
Fra:451 Mem:986.53M (Peak 986.53M) | Time:00:02.25 | Mem:0.00M, Peak:0.00M | Scene, ViewLayer | Synchronizing object | G4_car_panel_bead.021
Fra:451 Mem:986.56M (Peak 986.56M) | Time:00:02.25 | Mem:0.00M, Peak:0.00M | Scene, ViewLayer | Synchronizing object | G4_car_panel_stile.020
Fra:451 Mem:986.58M (Peak 986.58M) | Time:00:02.26 | Mem:0.00M, Peak:0.00M | Scene, ViewLayer | Synchronizing object | G4_car_panel_stile.021
Fra:451 Mem:986.61M (Peak 986.61M) | Time:00:02.26 | Mem:0.00M, Peak:0.00M | Scene, ViewLayer | Synchronizing object | G4_car_recessed_walnut_panel.011
Fra:451 Mem:986.64M (Peak 986.64M) | Time:00:02.26 | Mem:0.00M, Peak:0.00M | Scene, ViewLayer | Synchronizing object | G4_car_panel_bead.022
Fra:451 Mem:986.64M (Peak 986.64M) | Time:00:02.26 | Mem:0.00M, Peak:0.00M | Scene, ViewLayer | Synchronizing object | G4_car_panel_bead.023
Fra:451 Mem:986.70M (Peak 986.70M) | Time:00:02.26 | Mem:0.00M, Peak:0.00M | Scene, ViewLayer | Synchronizing object | G4_car_panel_stile.022
Fra:451 Mem:986.73M (Peak 986.73M) | Time:00:02.26 | Mem:0.00M, Peak:0.00M | Scene, ViewLayer | Synchronizing object | G4_car_panel_stile.023
Fra:451 Mem:986.71M (Peak 986.73M) | Time:00:02.26 | Mem:0.00M, Peak:0.00M | Scene, ViewLayer | Synchronizing object | G4_car_recessed_walnut_panel.012
Fra:451 Mem:986.75M (Peak 986.75M) | Time:00:02.26 | Mem:0.00M, Peak:0.00M | Scene, ViewLayer | Synchronizing object | G4_car_panel_bead.024
Fra:451 Mem:986.79M (Peak 986.79M) | Time:00:02.26 | Mem:0.00M, Peak:0.00M | Scene, ViewLayer | Synchronizing object | G4_car_panel_bead.025
Fra:451 Mem:986.83M (Peak 986.83M) | Time:00:02.26 | Mem:0.00M, Peak:0.00M | Scene, ViewLayer | Synchronizing object | G4_car_panel_stile.024
Fra:451 Mem:986.83M (Peak 986.83M) | Time:00:02.26 | Mem:0.00M, Peak:0.00M | Scene, ViewLayer | Synchronizing object | G4_car_panel_stile.025
Fra:451 Mem:986.88M (Peak 986.88M) | Time:00:02.26 | Mem:0.00M, Peak:0.00M | Scene, ViewLayer | Synchronizing object | G4_car_recessed_walnut_panel.013
Fra:451 Mem:986.91M (Peak 986.91M) | Time:00:02.26 | Mem:0.00M, Peak:0.00M | Scene, ViewLayer | Synchronizing object | G4_car_panel_bead.026
Fra:451 Mem:986.90M (Peak 986.91M) | Time:00:02.26 | Mem:0.00M, Peak:0.00M | Scene, ViewLayer | Synchronizing object | G4_car_panel_bead.027
Fra:451 Mem:986.94M (Peak 986.94M) | Time:00:02.26 | Mem:0.00M, Peak:0.00M | Scene, ViewLayer | Synchronizing object | G4_car_panel_stile.026
Fra:451 Mem:986.96M (Peak 986.96M) | Time:00:02.26 | Mem:0.00M, Peak:0.00M | Scene, ViewLayer | Synchronizing object | G4_car_panel_stile.027
Fra:451 Mem:986.97M (Peak 986.97M) | Time:00:02.26 | Mem:0.00M, Peak:0.00M | Scene, ViewLayer | Synchronizing object | G4_wheelset_brake_disc
Fra:451 Mem:987.01M (Peak 987.01M) | Time:00:02.26 | Mem:0.00M, Peak:0.00M | Scene, ViewLayer | Synchronizing object | G4_wheelset_brake_disc.001
Fra:451 Mem:987.03M (Peak 987.03M) | Time:00:02.26 | Mem:0.00M, Peak:0.00M | Scene, ViewLayer | Synchronizing object | G4_wheelset_brake_disc.002
Fra:451 Mem:987.05M (Peak 987.05M) | Time:00:02.26 | Mem:0.00M, Peak:0.00M | Scene, ViewLayer | Synchronizing object | G4_wheelset_brake_disc.003
Fra:451 Mem:987.04M (Peak 987.05M) | Time:00:02.26 | Mem:0.00M, Peak:0.00M | Scene, ViewLayer | Synchronizing object | G4_wheelset_brake_disc.004
Fra:451 Mem:987.04M (Peak 987.05M) | Time:00:02.26 | Mem:0.00M, Peak:0.00M | Scene, ViewLayer | Synchronizing object | G4_wheelset_brake_disc.005
Fra:451 Mem:987.07M (Peak 987.07M) | Time:00:02.26 | Mem:0.00M, Peak:0.00M | Scene, ViewLayer | Synchronizing object | G4_wheelset_brake_disc.006
Fra:451 Mem:987.08M (Peak 987.08M) | Time:00:02.26 | Mem:0.00M, Peak:0.00M | Scene, ViewLayer | Synchronizing object | G4_wheelset_brake_disc.007
Fra:451 Mem:987.09M (Peak 987.09M) | Time:00:02.26 | Mem:0.00M, Peak:0.00M | Scene, ViewLayer | Synchronizing object | G4_train_headlight
Fra:451 Mem:987.09M (Peak 987.09M) | Time:00:02.26 | Mem:0.00M, Peak:0.00M | Scene, ViewLayer | Synchronizing object | G4_train_headlight.001
Fra:451 Mem:987.10M (Peak 987.10M) | Time:00:02.26 | Mem:0.00M, Peak:0.00M | Scene, ViewLayer | Synchronizing object | G4_cab_gauge_face
Fra:451 Mem:987.10M (Peak 987.10M) | Time:00:02.26 | Mem:0.00M, Peak:0.00M | Scene, ViewLayer | Synchronizing object | G4_cab_gauge_bezel.001
Fra:451 Mem:987.12M (Peak 987.12M) | Time:00:02.26 | Mem:0.00M, Peak:0.00M | Scene, ViewLayer | Synchronizing object | G4_cab_gauge_face.001
Fra:451 Mem:987.13M (Peak 987.13M) | Time:00:02.26 | Mem:0.00M, Peak:0.00M | Scene, ViewLayer | Synchronizing object | G4_cab_gauge_bezel.002
Fra:451 Mem:987.17M (Peak 987.17M) | Time:00:02.26 | Mem:0.00M, Peak:0.00M | Scene, ViewLayer | Synchronizing object | G4_cab_gauge_face.002
Fra:451 Mem:987.17M (Peak 987.17M) | Time:00:02.26 | Mem:0.00M, Peak:0.00M | Scene, ViewLayer | Synchronizing object | G4_overcast_environment
Fra:451 Mem:987.17M (Peak 987.17M) | Time:00:02.26 | Mem:0.00M, Peak:0.00M | Scene, ViewLayer | Synchronizing object | G4R03_roof_clipped_rain
Fra:451 Mem:987.18M (Peak 987.18M) | Time:00:02.26 | Mem:0.00M, Peak:0.00M | Scene, ViewLayer | Synchronizing object | G4R03_eave_drips
Fra:451 Mem:996.76M (Peak 1000.37M) | Time:00:02.28 | Mem:0.00M, Peak:0.00M | Scene, ViewLayer | Initializing
Fra:451 Mem:884.07M (Peak 1225.82M) | Time:00:09.68 | Mem:0.00M, Peak:0.00M | Scene, ViewLayer | Updating Images | Loading potted_plant_01_leaves_nor_gl.png
Fra:451 Mem:884.07M (Peak 1225.82M) | Time:00:09.68 | Mem:0.00M, Peak:0.00M | Scene, ViewLayer | Updating Images | Loading slate_floor_rough_2k.jpg
Fra:451 Mem:964.09M (Peak 1225.82M) | Time:00:09.71 | Mem:16.00M, Peak:16.00M | Scene, ViewLayer | Updating Images | Loading potted_plant_01_leaves_rough.png
Fra:451 Mem:980.09M (Peak 1225.82M) | Time:00:09.73 | Mem:32.00M, Peak:32.00M | Scene, ViewLayer | Updating Images | Loading slate_floor_nor_gl_2k.jpg
Fra:451 Mem:996.09M (Peak 1225.82M) | Time:00:09.73 | Mem:48.00M, Peak:48.00M | Scene, ViewLayer | Updating Images | Loading seaside_rock_diff_4k.jpg
Fra:451 Mem:1100.09M (Peak 1225.82M) | Time:00:09.74 | Mem:64.00M, Peak:64.00M | Scene, ViewLayer | Updating Images | Loading potted_plant_01_leaves_diff.png
Fra:451 Mem:1116.09M (Peak 1225.82M) | Time:00:09.77 | Mem:80.00M, Peak:80.00M | Scene, ViewLayer | Updating Images | Loading potted_plant_01_pot_nor_gl
Fra:451 Mem:1132.09M (Peak 1225.82M) | Time:00:09.78 | Mem:96.00M, Peak:96.00M | Scene, ViewLayer | Updating Images | Loading seaside_rock_disp_2k.png
Fra:451 Mem:1188.10M (Peak 1225.82M) | Time:00:09.81 | Mem:112.00M, Peak:112.00M | Scene, ViewLayer | Updating Images | Loading potted_plant_01_pot_rough
Fra:451 Mem:1172.09M (Peak 1225.82M) | Time:00:09.81 | Mem:144.00M, Peak:144.00M | Scene, ViewLayer | Updating Images | Loading seaside_rock_rough_4k.jpg
Fra:451 Mem:1236.09M (Peak 1252.10M) | Time:00:09.83 | Mem:160.00M, Peak:160.00M | Scene, ViewLayer | Updating Images | Loading potted_plant_01_pot_diff
Fra:451 Mem:1252.09M (Peak 1268.10M) | Time:00:09.86 | Mem:176.00M, Peak:176.00M | Scene, ViewLayer | Updating Images | Loading GreenChair_01_nor_gl
Fra:451 Mem:1268.09M (Peak 1284.10M) | Time:00:09.91 | Mem:192.00M, Peak:192.00M | Scene, ViewLayer | Updating Images | Loading GreenChair_01_metallic-GreenChair_01_roughness
Fra:451 Mem:1284.09M (Peak 1412.11M) | Time:00:09.94 | Mem:256.00M, Peak:256.00M | Scene, ViewLayer | Updating Images | Loading coastal_cliff_04_diff
Fra:451 Mem:1300.09M (Peak 1412.11M) | Time:00:09.94 | Mem:320.00M, Peak:320.00M | Scene, ViewLayer | Updating Images | Loading coastal_cliff_04_rough
Fra:451 Mem:1380.10M (Peak 1412.11M) | Time:00:09.95 | Mem:336.00M, Peak:336.00M | Scene, ViewLayer | Updating Images | Loading GreenChair_01_diff
Fra:451 Mem:1396.10M (Peak 1412.11M) | Time:00:09.98 | Mem:352.00M, Peak:352.00M | Scene, ViewLayer | Updating Images | Loading poly_wool_herringbone_rough_4k.jpg
Fra:451 Mem:1413.43M (Peak 1477.44M) | Time:00:09.99 | Mem:416.00M, Peak:416.00M | Scene, ViewLayer | Updating Images | Loading coastal_cliff_04_nor_gl
Fra:451 Mem:1413.42M (Peak 1477.44M) | Time:00:09.99 | Mem:432.00M, Peak:432.00M | Scene, ViewLayer | Updating Images | Loading american_walnut_veneer_finished_diff_2k.jpg
Fra:451 Mem:1429.42M (Peak 1477.44M) | Time:00:10.00 | Mem:448.00M, Peak:448.00M | Scene, ViewLayer | Updating Images | Loading american_walnut_veneer_rough_2k.jpg
Fra:451 Mem:1461.43M (Peak 1477.44M) | Time:00:10.03 | Mem:464.00M, Peak:464.00M | Scene, ViewLayer | Updating Images | Loading american_walnut_veneer_nor_gl_2k.jpg
Fra:451 Mem:1461.42M (Peak 1477.44M) | Time:00:10.03 | Mem:480.00M, Peak:480.00M | Scene, ViewLayer | Updating Images | Loading poly_wool_herringbone_diff_4k.jpg
Fra:451 Mem:1526.75M (Peak 1542.76M) | Time:00:10.05 | Mem:496.00M, Peak:496.00M | Scene, ViewLayer | Updating Images | Loading poly_wool_herringbone_nor_gl_4k.jpg
Fra:451 Mem:1486.57M (Peak 1722.75M) | Time:00:10.30 | Mem:707.98M, Peak:707.98M | Scene, ViewLayer | Waiting for render to start
Fra:451 Mem:1486.57M (Peak 1722.75M) | Time:00:10.30 | Mem:707.98M, Peak:707.98M | Scene, ViewLayer | Updating Scene
Fra:451 Mem:1486.57M (Peak 1722.75M) | Time:00:10.30 | Mem:707.98M, Peak:707.98M | Scene, ViewLayer | Updating Shaders
Fra:451 Mem:1486.57M (Peak 1722.75M) | Time:00:10.30 | Mem:707.98M, Peak:707.98M | Scene, ViewLayer | Loading render kernels (may take a few minutes the first time)
Fra:451 Mem:1486.74M (Peak 1722.75M) | Time:00:10.30 | Mem:708.07M, Peak:708.07M | Scene, ViewLayer | Updating Procedurals
Fra:451 Mem:1486.74M (Peak 1722.75M) | Time:00:10.30 | Mem:708.07M, Peak:708.07M | Scene, ViewLayer | Updating Background
Fra:451 Mem:1486.74M (Peak 1722.75M) | Time:00:10.30 | Mem:708.07M, Peak:708.07M | Scene, ViewLayer | Updating Camera
Fra:451 Mem:1486.74M (Peak 1722.75M) | Time:00:10.30 | Mem:708.07M, Peak:708.07M | Scene, ViewLayer | Updating Meshes Flags
Fra:451 Mem:1486.74M (Peak 1722.75M) | Time:00:10.30 | Mem:708.07M, Peak:708.07M | Scene, ViewLayer | Updating Objects
Fra:451 Mem:1486.74M (Peak 1722.75M) | Time:00:10.30 | Mem:708.07M, Peak:708.07M | Scene, ViewLayer | Updating Objects | Copying Transformations to device
Fra:451 Mem:1505.66M (Peak 1722.75M) | Time:00:10.31 | Mem:727.15M, Peak:727.15M | Scene, ViewLayer | Updating Particle Systems
Fra:451 Mem:1505.66M (Peak 1722.75M) | Time:00:10.31 | Mem:727.15M, Peak:727.15M | Scene, ViewLayer | Updating Particle Systems | Copying Particles to device
Fra:451 Mem:1505.66M (Peak 1722.75M) | Time:00:10.31 | Mem:727.15M, Peak:727.15M | Scene, ViewLayer | Updating Meshes
Fra:451 Mem:1568.07M (Peak 1722.75M) | Time:00:10.78 | Mem:727.15M, Peak:727.15M | Scene, ViewLayer | Updating Objects | Applying Static Transformations
Fra:451 Mem:1568.07M (Peak 1722.75M) | Time:00:10.79 | Mem:727.15M, Peak:727.15M | Scene, ViewLayer | Updating Mesh | Computing attributes
Fra:451 Mem:1688.16M (Peak 1722.75M) | Time:00:10.83 | Mem:728.02M, Peak:728.02M | Scene, ViewLayer | Updating Mesh | Copying Attributes to device
Fra:451 Mem:1684.48M (Peak 1722.75M) | Time:00:10.83 | Mem:843.56M, Peak:843.56M | Scene, ViewLayer | Updating Geometry BVH G4COAST_R07_runoff_source_cap_mesh 30/29 | Building BVH
Fra:451 Mem:1684.48M (Peak 1722.75M) | Time:00:10.84 | Mem:843.57M, Peak:843.57M | Scene, ViewLayer | Updating Geometry BVH G4COAST_R07_runoff_source_cap_mesh 30/29 | Building BVH 0%
Fra:451 Mem:1684.48M (Peak 1722.75M) | Time:00:10.84 | Mem:843.59M, Peak:843.60M | Scene, ViewLayer | Updating Geometry BVH Mesh 29/29 | Building BVH
Fra:451 Mem:1684.48M (Peak 1722.75M) | Time:00:10.84 | Mem:843.63M, Peak:843.64M | Scene, ViewLayer | Updating Geometry BVH G4R03_puddle_impact_wave_curve.014 28/29 | Building BVH
Fra:451 Mem:1684.48M (Peak 1722.75M) | Time:00:10.84 | Mem:843.66M, Peak:843.66M | Scene, ViewLayer | Updating Geometry BVH Cylinder.312 4/29 | Building BVH
Fra:451 Mem:1684.48M (Peak 1722.75M) | Time:00:10.84 | Mem:843.68M, Peak:843.68M | Scene, ViewLayer | Updating Geometry BVH classic-chair.003 5/29 | Building BVH
Fra:451 Mem:1684.48M (Peak 1722.75M) | Time:00:10.84 | Mem:843.68M, Peak:843.68M | Scene, ViewLayer | Updating Geometry BVH classic-chair.001 6/29 | Building BVH
Fra:451 Mem:1684.48M (Peak 1722.75M) | Time:00:10.84 | Mem:843.97M, Peak:844.00M | Scene, ViewLayer | Updating Geometry BVH G4R03_puddle_impact_wave_curve.013 27/29 | Building BVH
Fra:451 Mem:1684.48M (Peak 1722.75M) | Time:00:10.84 | Mem:844.00M, Peak:844.00M | Scene, ViewLayer | Updating Geometry BVH potted_plant_01_base_low 7/29 | Building BVH
Fra:451 Mem:1684.48M (Peak 1722.75M) | Time:00:10.84 | Mem:844.26M, Peak:844.27M | Scene, ViewLayer | Updating Geometry BVH G4R03_puddle_impact_wave_curve.012 26/29 | Building BVH
Fra:451 Mem:1684.48M (Peak 1722.75M) | Time:00:10.84 | Mem:844.38M, Peak:844.41M | Scene, ViewLayer | Updating Geometry BVH G4R03_puddle_impact_wave_curve.011 25/29 | Building BVH
Fra:451 Mem:1684.48M (Peak 1722.75M) | Time:00:10.84 | Mem:844.50M, Peak:844.53M | Scene, ViewLayer | Updating Geometry BVH G4R03_puddle_impact_wave_curve.010 24/29 | Building BVH
Fra:451 Mem:1684.48M (Peak 1722.75M) | Time:00:10.84 | Mem:844.66M, Peak:844.69M | Scene, ViewLayer | Updating Geometry BVH G4R03_puddle_impact_wave_curve.009 23/29 | Building BVH
Fra:451 Mem:1684.48M (Peak 1722.75M) | Time:00:10.84 | Mem:844.88M, Peak:844.89M | Scene, ViewLayer | Updating Geometry BVH G4R03_puddle_impact_wave_curve.008 22/29 | Building BVH
Fra:451 Mem:1684.48M (Peak 1722.75M) | Time:00:10.84 | Mem:845.05M, Peak:845.08M | Scene, ViewLayer | Updating Geometry BVH G4R03_puddle_impact_wave_curve.007 21/29 | Building BVH
Fra:451 Mem:1684.48M (Peak 1722.75M) | Time:00:10.84 | Mem:845.14M, Peak:845.21M | Scene, ViewLayer | Updating Geometry BVH G4R03_puddle_impact_wave_curve.006 20/29 | Building BVH
Fra:451 Mem:1684.48M (Peak 1722.75M) | Time:00:10.84 | Mem:845.30M, Peak:845.31M | Scene, ViewLayer | Updating Geometry BVH G4R03_puddle_impact_wave_curve.005 19/29 | Building BVH
Fra:451 Mem:1684.48M (Peak 1722.75M) | Time:00:10.84 | Mem:845.38M, Peak:845.38M | Scene, ViewLayer | Updating Geometry BVH Plane.070 8/29 | Building BVH
Fra:451 Mem:1684.48M (Peak 1722.75M) | Time:00:10.84 | Mem:848.71M, Peak:848.74M | Scene, ViewLayer | Updating Geometry BVH G4R03_puddle_impact_wave_curve.004 18/29 | Building BVH
Fra:451 Mem:1684.48M (Peak 1722.75M) | Time:00:10.84 | Mem:848.64M, Peak:848.82M | Scene, ViewLayer | Updating Geometry BVH G4R03_puddle_impact_wave_curve.003 17/29 | Building BVH
Fra:451 Mem:1684.48M (Peak 1722.75M) | Time:00:10.84 | Mem:848.61M, Peak:848.82M | Scene, ViewLayer | Updating Geometry BVH G4R03_puddle_impact_wave_curve.002 16/29 | Building BVH
Fra:451 Mem:1684.48M (Peak 1722.75M) | Time:00:10.84 | Mem:848.68M, Peak:848.82M | Scene, ViewLayer | Updating Geometry BVH Circle.008 9/29 | Building BVH
Fra:451 Mem:1684.48M (Peak 1722.75M) | Time:00:10.84 | Mem:850.40M, Peak:850.43M | Scene, ViewLayer | Updating Geometry BVH G4R03_puddle_impact_wave_curve.001 15/29 | Building BVH
Fra:451 Mem:1684.48M (Peak 1722.75M) | Time:00:10.84 | Mem:850.46M, Peak:850.49M | Scene, ViewLayer | Updating Geometry BVH G4R03_puddle_impact_wave_curve 14/29 | Building BVH
Fra:451 Mem:1684.48M (Peak 1722.75M) | Time:00:10.84 | Mem:850.52M, Peak:850.55M | Scene, ViewLayer | Updating Geometry BVH Circle.002 10/29 | Building BVH
Fra:451 Mem:1684.48M (Peak 1722.75M) | Time:00:10.84 | Mem:850.95M, Peak:850.95M | Scene, ViewLayer | Updating Geometry BVH Mesh 13/29 | Building BVH
Fra:451 Mem:1684.48M (Peak 1722.75M) | Time:00:10.84 | Mem:851.04M, Peak:851.05M | Scene, ViewLayer | Updating Geometry BVH Mesh 12/29 | Building BVH
Fra:451 Mem:1684.48M (Peak 1722.75M) | Time:00:10.84 | Mem:851.11M, Peak:851.11M | Scene, ViewLayer | Updating Geometry BVH Cylinder.337 11/29 | Building BVH
Fra:451 Mem:1684.48M (Peak 1722.75M) | Time:00:11.06 | Mem:856.39M, Peak:861.39M | Scene, ViewLayer | Updating Scene BVH | Building
Fra:451 Mem:1684.80M (Peak 1722.75M) | Time:00:11.06 | Mem:856.39M, Peak:861.39M | Scene, ViewLayer | Updating Scene BVH | Building BVH
Fra:451 Mem:1684.80M (Peak 1722.75M) | Time:00:11.19 | Mem:1019.31M, Peak:1019.31M | Scene, ViewLayer | Updating Scene BVH | Building BVH 0%
Fra:451 Mem:1684.80M (Peak 1722.75M) | Time:00:11.44 | Mem:1093.24M, Peak:1093.24M | Scene, ViewLayer | Updating Scene BVH | Building BVH 46%
Fra:451 Mem:1684.80M (Peak 1722.75M) | Time:00:11.89 | Mem:1073.70M, Peak:1169.88M | Scene, ViewLayer | Updating Scene BVH | Building BVH 115%
Fra:451 Mem:1684.80M (Peak 1722.75M) | Time:00:12.40 | Mem:1077.56M, Peak:1169.88M | Scene, ViewLayer | Updating Scene BVH | Building BVH 116%
Fra:451 Mem:1684.80M (Peak 1722.75M) | Time:00:13.16 | Mem:1084.28M, Peak:1169.88M | Scene, ViewLayer | Updating Scene BVH | Building BVH 117%
Fra:451 Mem:1684.80M (Peak 1722.75M) | Time:00:13.50 | Mem:1083.44M, Peak:1169.88M | Scene, ViewLayer | Updating Scene BVH | Copying BVH to device
Fra:451 Mem:1684.80M (Peak 1722.75M) | Time:00:13.50 | Mem:1083.44M, Peak:1169.88M | Scene, ViewLayer | Updating Mesh | Computing normals
Fra:451 Mem:1775.84M (Peak 1775.84M) | Time:00:13.54 | Mem:1083.44M, Peak:1169.88M | Scene, ViewLayer | Updating Mesh | Copying Mesh to device
Fra:451 Mem:1775.84M (Peak 1775.84M) | Time:00:13.54 | Mem:1174.49M, Peak:1174.49M | Scene, ViewLayer | Updating Objects Flags
Fra:451 Mem:1775.84M (Peak 1775.84M) | Time:00:13.54 | Mem:1174.79M, Peak:1174.79M | Scene, ViewLayer | Updating Primitive Offsets
Fra:451 Mem:1775.99M (Peak 1775.99M) | Time:00:13.54 | Mem:1174.94M, Peak:1174.94M | Scene, ViewLayer | Updating Images
Fra:451 Mem:1759.99M (Peak 1775.99M) | Time:00:13.54 | Mem:1158.94M, Peak:1174.94M | Scene, ViewLayer | Updating Camera Volume
Fra:451 Mem:1759.99M (Peak 1775.99M) | Time:00:13.54 | Mem:1158.94M, Peak:1174.94M | Scene, ViewLayer | Updating Lookup Tables
Fra:451 Mem:1759.99M (Peak 1775.99M) | Time:00:13.54 | Mem:1159.02M, Peak:1174.94M | Scene, ViewLayer | Updating Lights
Fra:451 Mem:1760.00M (Peak 1775.99M) | Time:00:13.54 | Mem:1159.02M, Peak:1174.94M | Scene, ViewLayer | Updating Lights | Importance map
Fra:451 Mem:1824.03M (Peak 2112.00M) | Time:00:13.98 | Mem:1223.07M, Peak:1383.04M | Scene, ViewLayer | Updating Lights | Computing tree
Fra:451 Mem:1825.50M (Peak 2112.00M) | Time:00:14.00 | Mem:1224.53M, Peak:1383.04M | Scene, ViewLayer | Updating Integrator
Fra:451 Mem:1825.50M (Peak 2112.00M) | Time:00:14.00 | Mem:1224.53M, Peak:1383.04M | Scene, ViewLayer | Updating Film
Fra:451 Mem:1825.50M (Peak 2112.00M) | Time:00:14.00 | Mem:1224.45M, Peak:1383.04M | Scene, ViewLayer | Updating Lookup Tables
Fra:451 Mem:1825.50M (Peak 2112.00M) | Time:00:14.00 | Mem:1224.54M, Peak:1383.04M | Scene, ViewLayer | Updating Baking
Fra:451 Mem:1825.50M (Peak 2112.00M) | Time:00:14.00 | Mem:1224.54M, Peak:1383.04M | Scene, ViewLayer | Updating Device | Writing constant memory
Fra:451 Mem:1826.11M (Peak 2112.00M) | Time:00:14.00 | Mem:1224.54M, Peak:1383.04M | Scene, ViewLayer | Loading denoising kernels (may take a few minutes the first time)
Fra:451 Mem:1826.11M (Peak 2112.00M) | Time:00:14.00 | Mem:1224.54M, Peak:1383.04M | Scene, ViewLayer | Sample 0/48
Fra:451 Mem:1920.08M (Peak 2112.00M) | Time:00:18.71 | Remaining:03:41.67 | Mem:1318.47M, Peak:1383.04M | Scene, ViewLayer | Sample 1/48
Fra:451 Mem:1920.08M (Peak 2112.00M) | Time:00:18.71 | Remaining:03:41.68 | Mem:1318.47M, Peak:1383.04M | Scene, ViewLayer | Updating Scene
Fra:451 Mem:1920.08M (Peak 2112.00M) | Time:00:18.71 | Remaining:03:41.68 | Mem:1318.47M, Peak:1383.04M | Scene, ViewLayer | Updating Shaders
Fra:451 Mem:1920.08M (Peak 2112.00M) | Time:00:18.72 | Remaining:03:41.76 | Mem:1318.47M, Peak:1383.04M | Scene, ViewLayer | Updating Background
Fra:451 Mem:1920.08M (Peak 2112.00M) | Time:00:18.72 | Remaining:03:41.77 | Mem:1318.47M, Peak:1383.04M | Scene, ViewLayer | Updating Camera
Fra:451 Mem:1920.08M (Peak 2112.00M) | Time:00:18.72 | Remaining:03:41.77 | Mem:1318.47M, Peak:1383.04M | Scene, ViewLayer | Updating Objects
Fra:451 Mem:1920.08M (Peak 2112.00M) | Time:00:18.72 | Remaining:03:41.77 | Mem:1318.47M, Peak:1383.04M | Scene, ViewLayer | Updating Particle Systems
Fra:451 Mem:1920.08M (Peak 2112.00M) | Time:00:18.72 | Remaining:03:41.77 | Mem:1318.47M, Peak:1383.04M | Scene, ViewLayer | Updating Meshes
Fra:451 Mem:1920.08M (Peak 2112.00M) | Time:00:18.72 | Remaining:03:41.77 | Mem:1318.47M, Peak:1383.04M | Scene, ViewLayer | Updating Objects Flags
Fra:451 Mem:1920.08M (Peak 2112.00M) | Time:00:18.72 | Remaining:03:41.77 | Mem:1318.47M, Peak:1383.04M | Scene, ViewLayer | Updating Primitive Offsets
Fra:451 Mem:1920.08M (Peak 2112.00M) | Time:00:18.72 | Remaining:03:41.80 | Mem:1318.47M, Peak:1383.04M | Scene, ViewLayer | Updating Images
Fra:451 Mem:1920.08M (Peak 2112.00M) | Time:00:18.72 | Remaining:03:41.80 | Mem:1318.47M, Peak:1383.04M | Scene, ViewLayer | Updating Camera Volume
Fra:451 Mem:1920.08M (Peak 2112.00M) | Time:00:18.72 | Remaining:03:41.81 | Mem:1318.47M, Peak:1383.04M | Scene, ViewLayer | Updating Lookup Tables
Fra:451 Mem:1920.08M (Peak 2112.00M) | Time:00:18.72 | Remaining:03:41.81 | Mem:1318.47M, Peak:1383.04M | Scene, ViewLayer | Updating Lights
Fra:451 Mem:1920.08M (Peak 2112.00M) | Time:00:18.72 | Remaining:03:41.81 | Mem:1318.47M, Peak:1383.04M | Scene, ViewLayer | Updating Integrator
Fra:451 Mem:1920.08M (Peak 2112.00M) | Time:00:18.72 | Remaining:03:41.81 | Mem:1318.47M, Peak:1383.04M | Scene, ViewLayer | Updating Film
Fra:451 Mem:1920.08M (Peak 2112.00M) | Time:00:18.72 | Remaining:03:41.81 | Mem:1318.47M, Peak:1383.04M | Scene, ViewLayer | Updating Lookup Tables
Fra:451 Mem:1920.08M (Peak 2112.00M) | Time:00:18.72 | Remaining:03:41.81 | Mem:1318.47M, Peak:1383.04M | Scene, ViewLayer | Updating Baking
Fra:451 Mem:1920.08M (Peak 2112.00M) | Time:00:18.72 | Remaining:03:41.83 | Mem:1318.47M, Peak:1383.04M | Scene, ViewLayer | Updating Device | Writing constant memory
Fra:451 Mem:1920.08M (Peak 2112.00M) | Time:00:18.72 | Remaining:03:41.83 | Mem:1318.47M, Peak:1383.04M | Scene, ViewLayer | Sample 1/48
Fra:451 Mem:1920.08M (Peak 2112.00M) | Time:00:55.48 | Remaining:02:59.78 | Mem:1318.47M, Peak:1383.04M | Scene, ViewLayer | Sample 9/48
Fra:451 Mem:1920.08M (Peak 2112.00M) | Time:01:32.07 | Remaining:02:22.37 | Mem:1318.47M, Peak:1383.04M | Scene, ViewLayer | Sample 17/48
Fra:451 Mem:1920.08M (Peak 2112.00M) | Time:02:08.77 | Remaining:01:45.59 | Mem:1318.47M, Peak:1383.04M | Scene, ViewLayer | Sample 25/48
Fra:451 Mem:1920.08M (Peak 2112.00M) | Time:02:41.51 | Remaining:01:13.75 | Mem:1318.47M, Peak:1383.04M | Scene, ViewLayer | Sample 32/48
Fra:451 Mem:1920.08M (Peak 2112.00M) | Time:02:51.09 | Remaining:00:31.41 | Mem:1318.47M, Peak:1383.04M | Scene, ViewLayer | Sample 40/48
Fra:451 Mem:1959.63M (Peak 2112.00M) | Time:03:07.00 | Mem:1318.47M, Peak:1383.04M | Scene, ViewLayer | Sample 48/48
Fra:451 Mem:1959.63M (Peak 2112.00M) | Time:03:07.00 | Mem:1318.47M, Peak:1383.04M | Scene, ViewLayer | Finished
Saved: '/home/runner/work/future/future/workspaces/glasshouse-terminus/output/g4-r08-observations/C01-craft-coast.png'
Time: 03:07.20 (Saving: 00:00.17)

ACTUAL_CRAFT_OBSERVATION_SAVED coast C01-craft-coast.png

Blender quit
