Blender 4.5.13 LTS (hash daeeeca98fb0 built 2026-08-25 01:31:19)
Read blend: "/home/runner/work/future/future/workspaces/glasshouse-terminus/output/g4-coast-r03/g4-full-scene-candidate.blend"
Fra:451 Mem:566.49M (Peak 793.97M) | Time:00:01.72 | Mem:0.00M, Peak:0.00M | Scene, ViewLayer | Synchronizing object | QA_sky_key
Fra:451 Mem:566.49M (Peak 793.97M) | Time:00:01.72 | Mem:0.00M, Peak:0.00M | Scene, ViewLayer | Synchronizing object | QA_interior_fill
Fra:451 Mem:566.49M (Peak 793.97M) | Time:00:01.72 | Mem:0.00M, Peak:0.00M | Scene, ViewLayer | Synchronizing object | QA_interior_fill.001
Fra:451 Mem:566.49M (Peak 793.97M) | Time:00:01.72 | Mem:0.00M, Peak:0.00M | Scene, ViewLayer | Synchronizing object | QA_interior_fill.002
Fra:451 Mem:566.49M (Peak 793.97M) | Time:00:01.72 | Mem:0.00M, Peak:0.00M | Scene, ViewLayer | Synchronizing object | Platform_coping_edge
Fra:451 Mem:566.49M (Peak 793.97M) | Time:00:01.72 | Mem:0.00M, Peak:0.00M | Scene, ViewLayer | Synchronizing object | Terrace_guard_rail
Fra:451 Mem:566.50M (Peak 793.97M) | Time:00:01.72 | Mem:0.00M, Peak:0.00M | Scene, ViewLayer | Synchronizing object | Terrace_guard_post.008
Fra:451 Mem:566.53M (Peak 793.97M) | Time:00:01.72 | Mem:0.00M, Peak:0.00M | Scene, ViewLayer | Synchronizing object | Terrace_guard_post.017
Fra:451 Mem:566.54M (Peak 793.97M) | Time:00:01.72 | Mem:0.00M, Peak:0.00M | Scene, ViewLayer | Synchronizing object | Terrace_guard_post.022
Fra:451 Mem:566.55M (Peak 793.97M) | Time:00:01.72 | Mem:0.00M, Peak:0.00M | Scene, ViewLayer | Synchronizing object | Terrace_guard_post.029
Fra:451 Mem:566.55M (Peak 793.97M) | Time:00:01.72 | Mem:0.00M, Peak:0.00M | Scene, ViewLayer | Synchronizing object | Hall_continuous_floor
Fra:451 Mem:566.56M (Peak 793.97M) | Time:00:01.72 | Mem:0.00M, Peak:0.00M | Scene, ViewLayer | Synchronizing object | Terrace_guard_rail.003
Fra:451 Mem:566.60M (Peak 793.97M) | Time:00:01.72 | Mem:0.00M, Peak:0.00M | Scene, ViewLayer | Synchronizing object | Terrace_guard_post.001
Fra:451 Mem:566.59M (Peak 793.97M) | Time:00:01.72 | Mem:0.00M, Peak:0.00M | Scene, ViewLayer | Synchronizing object | Terrace_guard_post.007
Fra:451 Mem:566.60M (Peak 793.97M) | Time:00:01.72 | Mem:0.00M, Peak:0.00M | Scene, ViewLayer | Synchronizing object | Terrace_guard_post.016
Fra:451 Mem:566.61M (Peak 793.97M) | Time:00:01.72 | Mem:0.00M, Peak:0.00M | Scene, ViewLayer | Synchronizing object | Terrace_guard_post.021
Fra:451 Mem:566.63M (Peak 793.97M) | Time:00:01.72 | Mem:0.00M, Peak:0.00M | Scene, ViewLayer | Synchronizing object | Terrace_guard_post.028
Fra:451 Mem:566.61M (Peak 793.97M) | Time:00:01.72 | Mem:0.00M, Peak:0.00M | Scene, ViewLayer | Synchronizing object | Hall_entry_step.001
Fra:451 Mem:566.64M (Peak 793.97M) | Time:00:01.72 | Mem:0.00M, Peak:0.00M | Scene, ViewLayer | Synchronizing object | Platform_drain_channel
Fra:451 Mem:566.64M (Peak 793.97M) | Time:00:01.72 | Mem:0.00M, Peak:0.00M | Scene, ViewLayer | Synchronizing object | Terrace_guard_post.003
Fra:451 Mem:566.67M (Peak 793.97M) | Time:00:01.72 | Mem:0.00M, Peak:0.00M | Scene, ViewLayer | Synchronizing object | Terrace_guard_post.006
Fra:451 Mem:566.65M (Peak 793.97M) | Time:00:01.72 | Mem:0.00M, Peak:0.00M | Scene, ViewLayer | Synchronizing object | Terrace_guard_post.015
Fra:451 Mem:566.65M (Peak 793.97M) | Time:00:01.72 | Mem:0.00M, Peak:0.00M | Scene, ViewLayer | Synchronizing object | Terrace_guard_post.020
Fra:451 Mem:566.67M (Peak 793.97M) | Time:00:01.72 | Mem:0.00M, Peak:0.00M | Scene, ViewLayer | Synchronizing object | Terrace_guard_post.027
Fra:451 Mem:566.71M (Peak 793.97M) | Time:00:01.72 | Mem:0.00M, Peak:0.00M | Scene, ViewLayer | Synchronizing object | Terrace_guard_post.035
Fra:451 Mem:566.70M (Peak 793.97M) | Time:00:01.72 | Mem:0.00M, Peak:0.00M | Scene, ViewLayer | Synchronizing object | Hall_entry_step.003
Fra:451 Mem:566.74M (Peak 793.97M) | Time:00:01.72 | Mem:0.00M, Peak:0.00M | Scene, ViewLayer | Synchronizing object | Terrace_guard_rail.002
Fra:451 Mem:566.74M (Peak 793.97M) | Time:00:01.72 | Mem:0.00M, Peak:0.00M | Scene, ViewLayer | Synchronizing object | Terrace_guard_post.014
Fra:451 Mem:566.74M (Peak 793.97M) | Time:00:01.72 | Mem:0.00M, Peak:0.00M | Scene, ViewLayer | Synchronizing object | Terrace_guard_post.019
Fra:451 Mem:566.74M (Peak 793.97M) | Time:00:01.72 | Mem:0.00M, Peak:0.00M | Scene, ViewLayer | Synchronizing object | Terrace_guard_post.034
Fra:451 Mem:566.75M (Peak 793.97M) | Time:00:01.72 | Mem:0.00M, Peak:0.00M | Scene, ViewLayer | Synchronizing object | Hall_entry_step
Fra:451 Mem:566.77M (Peak 793.97M) | Time:00:01.72 | Mem:0.00M, Peak:0.00M | Scene, ViewLayer | Synchronizing object | Hall_entry_step.004
Fra:451 Mem:566.77M (Peak 793.97M) | Time:00:01.72 | Mem:0.00M, Peak:0.00M | Scene, ViewLayer | Synchronizing object | Terrace_guard_rail.004
Fra:451 Mem:566.81M (Peak 793.97M) | Time:00:01.72 | Mem:0.00M, Peak:0.00M | Scene, ViewLayer | Synchronizing object | Terrace_guard_post.005
Fra:451 Mem:566.82M (Peak 793.97M) | Time:00:01.72 | Mem:0.00M, Peak:0.00M | Scene, ViewLayer | Synchronizing object | Terrace_guard_post.013
Fra:451 Mem:566.84M (Peak 793.97M) | Time:00:01.72 | Mem:0.00M, Peak:0.00M | Scene, ViewLayer | Synchronizing object | Terrace_guard_post.018
Fra:451 Mem:566.82M (Peak 793.97M) | Time:00:01.72 | Mem:0.00M, Peak:0.00M | Scene, ViewLayer | Synchronizing object | Terrace_guard_post.033
Fra:451 Mem:566.83M (Peak 793.97M) | Time:00:01.72 | Mem:0.00M, Peak:0.00M | Scene, ViewLayer | Synchronizing object | Hall_entry_step.005
Fra:451 Mem:566.86M (Peak 793.97M) | Time:00:01.72 | Mem:0.00M, Peak:0.00M | Scene, ViewLayer | Synchronizing object | Terrace_guard_post
Fra:451 Mem:566.86M (Peak 793.97M) | Time:00:01.72 | Mem:0.00M, Peak:0.00M | Scene, ViewLayer | Synchronizing object | Terrace_guard_post.002
Fra:451 Mem:566.87M (Peak 793.97M) | Time:00:01.72 | Mem:0.00M, Peak:0.00M | Scene, ViewLayer | Synchronizing object | Terrace_guard_post.012
Fra:451 Mem:566.89M (Peak 793.97M) | Time:00:01.72 | Mem:0.00M, Peak:0.00M | Scene, ViewLayer | Synchronizing object | Terrace_guard_post.025
Fra:451 Mem:566.88M (Peak 793.97M) | Time:00:01.72 | Mem:0.00M, Peak:0.00M | Scene, ViewLayer | Synchronizing object | Terrace_guard_post.032
Fra:451 Mem:566.88M (Peak 793.97M) | Time:00:01.72 | Mem:0.00M, Peak:0.00M | Scene, ViewLayer | Synchronizing object | Hall_entry_step.006
Fra:451 Mem:566.91M (Peak 793.97M) | Time:00:01.72 | Mem:0.00M, Peak:0.00M | Scene, ViewLayer | Synchronizing object | Terrace_guard_post.004
Fra:451 Mem:566.91M (Peak 793.97M) | Time:00:01.72 | Mem:0.00M, Peak:0.00M | Scene, ViewLayer | Synchronizing object | Terrace_guard_post.011
Fra:451 Mem:566.92M (Peak 793.97M) | Time:00:01.72 | Mem:0.00M, Peak:0.00M | Scene, ViewLayer | Synchronizing object | Terrace_guard_post.024
Fra:451 Mem:566.95M (Peak 793.97M) | Time:00:01.72 | Mem:0.00M, Peak:0.00M | Scene, ViewLayer | Synchronizing object | Terrace_guard_post.026
Fra:451 Mem:566.93M (Peak 793.97M) | Time:00:01.72 | Mem:0.00M, Peak:0.00M | Scene, ViewLayer | Synchronizing object | Terrace_guard_post.031
Fra:451 Mem:566.94M (Peak 793.97M) | Time:00:01.72 | Mem:0.00M, Peak:0.00M | Scene, ViewLayer | Synchronizing object | Hall_plinth
Fra:451 Mem:566.97M (Peak 793.97M) | Time:00:01.72 | Mem:0.00M, Peak:0.00M | Scene, ViewLayer | Synchronizing object | Load_bearing_masonry_terrace
Fra:451 Mem:567.00M (Peak 793.97M) | Time:00:01.72 | Mem:0.00M, Peak:0.00M | Scene, ViewLayer | Synchronizing object | Terrace_guard_rail.001
Fra:451 Mem:567.00M (Peak 793.97M) | Time:00:01.72 | Mem:0.00M, Peak:0.00M | Scene, ViewLayer | Synchronizing object | Ocean_extent
Fra:451 Mem:567.00M (Peak 793.97M) | Time:00:01.72 | Mem:0.00M, Peak:0.00M | Scene, ViewLayer | Synchronizing object | Complete_cliff_mass
Fra:451 Mem:567.82M (Peak 793.97M) | Time:00:01.72 | Mem:0.00M, Peak:0.00M | Scene, ViewLayer | Synchronizing object | Bridge_continuous_guard.002
Fra:451 Mem:573.20M (Peak 793.97M) | Time:00:01.72 | Mem:0.00M, Peak:0.00M | Scene, ViewLayer | Synchronizing object | Bridge_continuous_guard.003
Fra:451 Mem:575.63M (Peak 793.97M) | Time:00:01.73 | Mem:0.00M, Peak:0.00M | Scene, ViewLayer | Synchronizing object | G4COAST_adapted_scanned_cliff_ring
Fra:451 Mem:585.65M (Peak 793.97M) | Time:00:01.73 | Mem:0.00M, Peak:0.00M | Scene, ViewLayer | Synchronizing object | Bridge_continuous_guard
Fra:451 Mem:589.25M (Peak 793.97M) | Time:00:01.73 | Mem:0.00M, Peak:0.00M | Scene, ViewLayer | Synchronizing object | Viaduct_pier.003
Fra:451 Mem:594.53M (Peak 793.97M) | Time:00:01.73 | Mem:0.00M, Peak:0.00M | Scene, ViewLayer | Synchronizing object | Bridge_continuous_guard.001
Fra:451 Mem:596.85M (Peak 793.97M) | Time:00:01.73 | Mem:0.00M, Peak:0.00M | Scene, ViewLayer | Synchronizing object | Viaduct_bedrock_footing.003
Fra:451 Mem:596.88M (Peak 793.97M) | Time:00:01.73 | Mem:0.00M, Peak:0.00M | Scene, ViewLayer | Synchronizing object | Viaduct_pier
Fra:451 Mem:596.91M (Peak 793.97M) | Time:00:01.73 | Mem:0.00M, Peak:0.00M | Scene, ViewLayer | Synchronizing object | Viaduct_pier.011
Fra:451 Mem:600.44M (Peak 793.97M) | Time:00:01.73 | Mem:0.00M, Peak:0.00M | Scene, ViewLayer | Synchronizing object | Viaduct_bedrock_footing.005
Fra:451 Mem:627.92M (Peak 793.97M) | Time:00:01.73 | Mem:0.00M, Peak:0.00M | Scene, ViewLayer | Synchronizing object | Viaduct_bedrock_footing.011
Fra:451 Mem:627.94M (Peak 793.97M) | Time:00:01.74 | Mem:0.00M, Peak:0.00M | Scene, ViewLayer | Synchronizing object | Viaduct_bedrock_footing
Fra:451 Mem:637.12M (Peak 793.97M) | Time:00:01.74 | Mem:0.00M, Peak:0.00M | Scene, ViewLayer | Synchronizing object | Viaduct_pier.009
Fra:451 Mem:642.43M (Peak 793.97M) | Time:00:01.74 | Mem:0.00M, Peak:0.00M | Scene, ViewLayer | Synchronizing object | Downpipe.002
Fra:451 Mem:642.44M (Peak 793.97M) | Time:00:01.74 | Mem:0.00M, Peak:0.00M | Scene, ViewLayer | Synchronizing object | Downpipe.003
Fra:451 Mem:643.36M (Peak 793.97M) | Time:00:01.74 | Mem:0.00M, Peak:0.00M | Scene, ViewLayer | Synchronizing object | Downpipe
Fra:451 Mem:643.38M (Peak 793.97M) | Time:00:01.74 | Mem:0.00M, Peak:0.00M | Scene, ViewLayer | Synchronizing object | Downpipe.001
Fra:451 Mem:643.39M (Peak 793.97M) | Time:00:01.74 | Mem:0.00M, Peak:0.00M | Scene, ViewLayer | Synchronizing object | Viaduct_pier.007
Fra:451 Mem:646.91M (Peak 793.97M) | Time:00:01.75 | Mem:0.00M, Peak:0.00M | Scene, ViewLayer | Synchronizing object | Viaduct_pier.001
Fra:451 Mem:646.94M (Peak 793.97M) | Time:00:01.75 | Mem:0.00M, Peak:0.00M | Scene, ViewLayer | Synchronizing object | Viaduct_bedrock_footing.009
Fra:451 Mem:647.86M (Peak 793.97M) | Time:00:01.75 | Mem:0.00M, Peak:0.00M | Scene, ViewLayer | Synchronizing object | Viaduct_bedrock_footing.001
Fra:451 Mem:649.48M (Peak 793.97M) | Time:00:01.75 | Mem:0.00M, Peak:0.00M | Scene, ViewLayer | Synchronizing object | Viaduct_bedrock_footing.007
Fra:451 Mem:648.77M (Peak 793.97M) | Time:00:01.76 | Mem:0.00M, Peak:0.00M | Scene, ViewLayer | Synchronizing object | Car_armrest.013
Fra:451 Mem:648.77M (Peak 793.97M) | Time:00:01.76 | Mem:0.00M, Peak:0.00M | Scene, ViewLayer | Synchronizing object | Cab_windscreen_surround.001
Fra:451 Mem:648.80M (Peak 793.97M) | Time:00:01.76 | Mem:0.00M, Peak:0.00M | Scene, ViewLayer | Synchronizing object | Car_armrest.002
Fra:451 Mem:648.81M (Peak 793.97M) | Time:00:01.76 | Mem:0.00M, Peak:0.00M | Scene, ViewLayer | Synchronizing object | Car_armrest.011
Fra:451 Mem:648.81M (Peak 793.97M) | Time:00:01.76 | Mem:0.00M, Peak:0.00M | Scene, ViewLayer | Synchronizing object | Car_armrest.009
Fra:451 Mem:648.82M (Peak 793.97M) | Time:00:01.76 | Mem:0.00M, Peak:0.00M | Scene, ViewLayer | Synchronizing object | Cab_windscreen_surround.002
Fra:451 Mem:648.86M (Peak 793.97M) | Time:00:01.76 | Mem:0.00M, Peak:0.00M | Scene, ViewLayer | Synchronizing object | Car_armrest.005
Fra:451 Mem:648.86M (Peak 793.97M) | Time:00:01.76 | Mem:0.00M, Peak:0.00M | Scene, ViewLayer | Synchronizing object | Car_armrest.003
Fra:451 Mem:648.87M (Peak 793.97M) | Time:00:01.76 | Mem:0.00M, Peak:0.00M | Scene, ViewLayer | Synchronizing object | Car_armrest.006
Fra:451 Mem:648.88M (Peak 793.97M) | Time:00:01.76 | Mem:0.00M, Peak:0.00M | Scene, ViewLayer | Synchronizing object | Cab_windscreen_surround.003
Fra:451 Mem:648.91M (Peak 793.97M) | Time:00:01.76 | Mem:0.00M, Peak:0.00M | Scene, ViewLayer | Synchronizing object | Car_armrest
Fra:451 Mem:659.66M (Peak 793.97M) | Time:00:01.76 | Mem:0.00M, Peak:0.00M | Scene, ViewLayer | Synchronizing object | Car_armrest.018
Fra:451 Mem:659.67M (Peak 793.97M) | Time:00:01.76 | Mem:0.00M, Peak:0.00M | Scene, ViewLayer | Synchronizing object | Car_armrest.016
Fra:451 Mem:659.67M (Peak 793.97M) | Time:00:01.76 | Mem:0.00M, Peak:0.00M | Scene, ViewLayer | Synchronizing object | Car_armrest.014
Fra:451 Mem:659.67M (Peak 793.97M) | Time:00:01.76 | Mem:0.00M, Peak:0.00M | Scene, ViewLayer | Synchronizing object | Car_armrest.012
Fra:451 Mem:659.68M (Peak 793.97M) | Time:00:01.76 | Mem:0.00M, Peak:0.00M | Scene, ViewLayer | Synchronizing object | Car_armrest.010
Fra:451 Mem:659.68M (Peak 793.97M) | Time:00:01.76 | Mem:0.00M, Peak:0.00M | Scene, ViewLayer | Synchronizing object | Car_armrest.007
Fra:451 Mem:659.68M (Peak 793.97M) | Time:00:01.76 | Mem:0.00M, Peak:0.00M | Scene, ViewLayer | Synchronizing object | Car_armrest.008
Fra:451 Mem:659.69M (Peak 793.97M) | Time:00:01.76 | Mem:0.00M, Peak:0.00M | Scene, ViewLayer | Synchronizing object | Car_luggage_rail
Fra:451 Mem:659.69M (Peak 793.97M) | Time:00:01.76 | Mem:0.00M, Peak:0.00M | Scene, ViewLayer | Synchronizing object | Door_handle.001
Fra:451 Mem:659.70M (Peak 793.97M) | Time:00:01.76 | Mem:0.00M, Peak:0.00M | Scene, ViewLayer | Synchronizing object | Car_armrest.001
Fra:451 Mem:659.70M (Peak 793.97M) | Time:00:01.76 | Mem:0.00M, Peak:0.00M | Scene, ViewLayer | Synchronizing object | Car_luggage_rail.001
Fra:451 Mem:659.71M (Peak 793.97M) | Time:00:01.76 | Mem:0.00M, Peak:0.00M | Scene, ViewLayer | Synchronizing object | Car_armrest.019
Fra:451 Mem:659.71M (Peak 793.97M) | Time:00:01.76 | Mem:0.00M, Peak:0.00M | Scene, ViewLayer | Synchronizing object | Car_armrest.017
Fra:451 Mem:659.71M (Peak 793.97M) | Time:00:01.76 | Mem:0.00M, Peak:0.00M | Scene, ViewLayer | Synchronizing object | Cab_windscreen_surround
Fra:451 Mem:659.74M (Peak 793.97M) | Time:00:01.76 | Mem:0.00M, Peak:0.00M | Scene, ViewLayer | Synchronizing object | Car_armrest.015
Fra:451 Mem:659.74M (Peak 793.97M) | Time:00:01.76 | Mem:0.00M, Peak:0.00M | Scene, ViewLayer | Synchronizing object | Car_armrest.004
Fra:451 Mem:659.75M (Peak 793.97M) | Time:00:01.76 | Mem:0.00M, Peak:0.00M | Scene, ViewLayer | Synchronizing object | Door_handle
Fra:451 Mem:659.75M (Peak 793.97M) | Time:00:01.76 | Mem:0.00M, Peak:0.00M | Scene, ViewLayer | Synchronizing object | Viaduct_pier.005
Fra:451 Mem:659.75M (Peak 793.97M) | Time:00:01.76 | Mem:0.00M, Peak:0.00M | Scene, ViewLayer | Synchronizing object | G3_glazing_compression_gasket
Fra:451 Mem:659.79M (Peak 793.97M) | Time:00:01.76 | Mem:0.00M, Peak:0.00M | Scene, ViewLayer | Synchronizing object | G3_glazing_compression_gasket.001
Fra:451 Mem:659.78M (Peak 793.97M) | Time:00:01.76 | Mem:0.00M, Peak:0.00M | Scene, ViewLayer | Synchronizing object | G3_glazing_compression_gasket.002
Fra:451 Mem:659.78M (Peak 793.97M) | Time:00:01.76 | Mem:0.00M, Peak:0.00M | Scene, ViewLayer | Synchronizing object | G3_glazing_compression_gasket.003
Fra:451 Mem:659.78M (Peak 793.97M) | Time:00:01.76 | Mem:0.00M, Peak:0.00M | Scene, ViewLayer | Synchronizing object | G3_glazing_compression_gasket.004
Fra:451 Mem:659.79M (Peak 793.97M) | Time:00:01.76 | Mem:0.00M, Peak:0.00M | Scene, ViewLayer | Synchronizing object | G3_glazing_compression_gasket.005
Fra:451 Mem:659.79M (Peak 793.97M) | Time:00:01.76 | Mem:0.00M, Peak:0.00M | Scene, ViewLayer | Synchronizing object | G3_glazing_compression_gasket.006
Fra:451 Mem:659.79M (Peak 793.97M) | Time:00:01.76 | Mem:0.00M, Peak:0.00M | Scene, ViewLayer | Synchronizing object | G3_glazing_compression_gasket.007
Fra:451 Mem:659.79M (Peak 793.97M) | Time:00:01.76 | Mem:0.00M, Peak:0.00M | Scene, ViewLayer | Synchronizing object | G3_glazing_compression_gasket.008
Fra:451 Mem:659.79M (Peak 793.97M) | Time:00:01.76 | Mem:0.00M, Peak:0.00M | Scene, ViewLayer | Synchronizing object | G3_glazing_compression_gasket.009
Fra:451 Mem:659.80M (Peak 793.97M) | Time:00:01.76 | Mem:0.00M, Peak:0.00M | Scene, ViewLayer | Synchronizing object | G3_glazing_compression_gasket.010
Fra:451 Mem:659.80M (Peak 793.97M) | Time:00:01.76 | Mem:0.00M, Peak:0.00M | Scene, ViewLayer | Synchronizing object | G3_glazing_compression_gasket.011
Fra:451 Mem:659.80M (Peak 793.97M) | Time:00:01.76 | Mem:0.00M, Peak:0.00M | Scene, ViewLayer | Synchronizing object | G3_glazing_compression_gasket.012
Fra:451 Mem:659.80M (Peak 793.97M) | Time:00:01.76 | Mem:0.00M, Peak:0.00M | Scene, ViewLayer | Synchronizing object | G3_glazing_compression_gasket.013
Fra:451 Mem:659.80M (Peak 793.97M) | Time:00:01.76 | Mem:0.00M, Peak:0.00M | Scene, ViewLayer | Synchronizing object | G3_glazing_compression_gasket.014
Fra:451 Mem:659.81M (Peak 793.97M) | Time:00:01.76 | Mem:0.00M, Peak:0.00M | Scene, ViewLayer | Synchronizing object | G3_glazing_compression_gasket.015
Fra:451 Mem:659.81M (Peak 793.97M) | Time:00:01.76 | Mem:0.00M, Peak:0.00M | Scene, ViewLayer | Synchronizing object | G3_glazing_compression_gasket.016
Fra:451 Mem:659.81M (Peak 793.97M) | Time:00:01.76 | Mem:0.00M, Peak:0.00M | Scene, ViewLayer | Synchronizing object | G3_glazing_compression_gasket.017
Fra:451 Mem:659.81M (Peak 793.97M) | Time:00:01.76 | Mem:0.00M, Peak:0.00M | Scene, ViewLayer | Synchronizing object | G3_glazing_compression_gasket.018
Fra:451 Mem:663.32M (Peak 793.97M) | Time:00:01.77 | Mem:0.00M, Peak:0.00M | Scene, ViewLayer | Synchronizing object | G3_glazing_compression_gasket.019
Fra:451 Mem:663.32M (Peak 793.97M) | Time:00:01.77 | Mem:0.00M, Peak:0.00M | Scene, ViewLayer | Synchronizing object | G3_glazing_compression_gasket.020
Fra:451 Mem:663.32M (Peak 793.97M) | Time:00:01.77 | Mem:0.00M, Peak:0.00M | Scene, ViewLayer | Synchronizing object | G3_glazing_compression_gasket.021
Fra:451 Mem:663.32M (Peak 793.97M) | Time:00:01.77 | Mem:0.00M, Peak:0.00M | Scene, ViewLayer | Synchronizing object | G3_glazing_compression_gasket.022
Fra:451 Mem:663.32M (Peak 793.97M) | Time:00:01.77 | Mem:0.00M, Peak:0.00M | Scene, ViewLayer | Synchronizing object | G3_glazing_compression_gasket.023
Fra:451 Mem:663.33M (Peak 793.97M) | Time:00:01.77 | Mem:0.00M, Peak:0.00M | Scene, ViewLayer | Synchronizing object | G3_glazing_compression_gasket.024
Fra:451 Mem:663.33M (Peak 793.97M) | Time:00:01.77 | Mem:0.00M, Peak:0.00M | Scene, ViewLayer | Synchronizing object | G3_glazing_compression_gasket.025
Fra:451 Mem:663.33M (Peak 793.97M) | Time:00:01.77 | Mem:0.00M, Peak:0.00M | Scene, ViewLayer | Synchronizing object | G3_glazing_compression_gasket.026
Fra:451 Mem:663.33M (Peak 793.97M) | Time:00:01.77 | Mem:0.00M, Peak:0.00M | Scene, ViewLayer | Synchronizing object | G3_glazing_compression_gasket.027
Fra:451 Mem:663.33M (Peak 793.97M) | Time:00:01.77 | Mem:0.00M, Peak:0.00M | Scene, ViewLayer | Synchronizing object | G3_glazing_compression_gasket.028
Fra:451 Mem:663.34M (Peak 793.97M) | Time:00:01.77 | Mem:0.00M, Peak:0.00M | Scene, ViewLayer | Synchronizing object | G3_glazing_compression_gasket.029
Fra:451 Mem:663.34M (Peak 793.97M) | Time:00:01.77 | Mem:0.00M, Peak:0.00M | Scene, ViewLayer | Synchronizing object | G3_glazing_compression_gasket.030
Fra:451 Mem:663.34M (Peak 793.97M) | Time:00:01.77 | Mem:0.00M, Peak:0.00M | Scene, ViewLayer | Synchronizing object | G3_glazing_compression_gasket.031
Fra:451 Mem:663.34M (Peak 793.97M) | Time:00:01.77 | Mem:0.00M, Peak:0.00M | Scene, ViewLayer | Synchronizing object | G3_glazing_compression_gasket.032
Fra:451 Mem:663.35M (Peak 793.97M) | Time:00:01.77 | Mem:0.00M, Peak:0.00M | Scene, ViewLayer | Synchronizing object | G3_glazing_compression_gasket.033
Fra:451 Mem:663.35M (Peak 793.97M) | Time:00:01.77 | Mem:0.00M, Peak:0.00M | Scene, ViewLayer | Synchronizing object | G3_glazing_compression_gasket.034
Fra:451 Mem:663.35M (Peak 793.97M) | Time:00:01.77 | Mem:0.00M, Peak:0.00M | Scene, ViewLayer | Synchronizing object | G3_glazing_compression_gasket.035
Fra:451 Mem:663.35M (Peak 793.97M) | Time:00:01.77 | Mem:0.00M, Peak:0.00M | Scene, ViewLayer | Synchronizing object | G3_glazing_compression_gasket.036
Fra:451 Mem:663.35M (Peak 793.97M) | Time:00:01.77 | Mem:0.00M, Peak:0.00M | Scene, ViewLayer | Synchronizing object | G3_glazing_compression_gasket.037
Fra:451 Mem:663.36M (Peak 793.97M) | Time:00:01.77 | Mem:0.00M, Peak:0.00M | Scene, ViewLayer | Synchronizing object | G3_glazing_compression_gasket.038
Fra:451 Mem:663.36M (Peak 793.97M) | Time:00:01.77 | Mem:0.00M, Peak:0.00M | Scene, ViewLayer | Synchronizing object | G3_glazing_compression_gasket.039
Fra:451 Mem:663.36M (Peak 793.97M) | Time:00:01.77 | Mem:0.00M, Peak:0.00M | Scene, ViewLayer | Synchronizing object | G3_glazing_compression_gasket.040
Fra:451 Mem:663.36M (Peak 793.97M) | Time:00:01.77 | Mem:0.00M, Peak:0.00M | Scene, ViewLayer | Synchronizing object | G3_glazing_compression_gasket.041
Fra:451 Mem:663.36M (Peak 793.97M) | Time:00:01.77 | Mem:0.00M, Peak:0.00M | Scene, ViewLayer | Synchronizing object | G3_glazing_compression_gasket.042
Fra:451 Mem:663.37M (Peak 793.97M) | Time:00:01.77 | Mem:0.00M, Peak:0.00M | Scene, ViewLayer | Synchronizing object | G3_glazing_compression_gasket.043
Fra:451 Mem:663.37M (Peak 793.97M) | Time:00:01.77 | Mem:0.00M, Peak:0.00M | Scene, ViewLayer | Synchronizing object | G3_glazing_compression_gasket.044
Fra:451 Mem:663.37M (Peak 793.97M) | Time:00:01.77 | Mem:0.00M, Peak:0.00M | Scene, ViewLayer | Synchronizing object | G3_glazing_compression_gasket.045
Fra:451 Mem:663.37M (Peak 793.97M) | Time:00:01.77 | Mem:0.00M, Peak:0.00M | Scene, ViewLayer | Synchronizing object | G3_glazing_compression_gasket.046
Fra:451 Mem:663.37M (Peak 793.97M) | Time:00:01.77 | Mem:0.00M, Peak:0.00M | Scene, ViewLayer | Synchronizing object | G3_glazing_compression_gasket.047
Fra:451 Mem:663.38M (Peak 793.97M) | Time:00:01.77 | Mem:0.00M, Peak:0.00M | Scene, ViewLayer | Synchronizing object | G3_glazing_compression_gasket.048
Fra:451 Mem:663.38M (Peak 793.97M) | Time:00:01.77 | Mem:0.00M, Peak:0.00M | Scene, ViewLayer | Synchronizing object | G3_glazing_compression_gasket.049
Fra:451 Mem:663.38M (Peak 793.97M) | Time:00:01.77 | Mem:0.00M, Peak:0.00M | Scene, ViewLayer | Synchronizing object | G3_glazing_compression_gasket.050
Fra:451 Mem:663.38M (Peak 793.97M) | Time:00:01.77 | Mem:0.00M, Peak:0.00M | Scene, ViewLayer | Synchronizing object | G3_glazing_compression_gasket.051
Fra:451 Mem:663.39M (Peak 793.97M) | Time:00:01.77 | Mem:0.00M, Peak:0.00M | Scene, ViewLayer | Synchronizing object | G3_glazing_compression_gasket.052
Fra:451 Mem:663.39M (Peak 793.97M) | Time:00:01.77 | Mem:0.00M, Peak:0.00M | Scene, ViewLayer | Synchronizing object | G3_glazing_compression_gasket.053
Fra:451 Mem:663.39M (Peak 793.97M) | Time:00:01.77 | Mem:0.00M, Peak:0.00M | Scene, ViewLayer | Synchronizing object | G3_glazing_compression_gasket.054
Fra:451 Mem:663.39M (Peak 793.97M) | Time:00:01.77 | Mem:0.00M, Peak:0.00M | Scene, ViewLayer | Synchronizing object | G3_glazing_compression_gasket.055
Fra:451 Mem:663.39M (Peak 793.97M) | Time:00:01.77 | Mem:0.00M, Peak:0.00M | Scene, ViewLayer | Synchronizing object | G3_glazing_compression_gasket.056
Fra:451 Mem:663.40M (Peak 793.97M) | Time:00:01.77 | Mem:0.00M, Peak:0.00M | Scene, ViewLayer | Synchronizing object | G3_glazing_compression_gasket.057
Fra:451 Mem:663.40M (Peak 793.97M) | Time:00:01.77 | Mem:0.00M, Peak:0.00M | Scene, ViewLayer | Synchronizing object | G3_glazing_compression_gasket.058
Fra:451 Mem:663.40M (Peak 793.97M) | Time:00:01.77 | Mem:0.00M, Peak:0.00M | Scene, ViewLayer | Synchronizing object | G3_glazing_compression_gasket.059
Fra:451 Mem:663.40M (Peak 793.97M) | Time:00:01.77 | Mem:0.00M, Peak:0.00M | Scene, ViewLayer | Synchronizing object | G3_glazing_compression_gasket.060
Fra:451 Mem:663.40M (Peak 793.97M) | Time:00:01.77 | Mem:0.00M, Peak:0.00M | Scene, ViewLayer | Synchronizing object | G3_glazing_compression_gasket.061
Fra:451 Mem:663.41M (Peak 793.97M) | Time:00:01.77 | Mem:0.00M, Peak:0.00M | Scene, ViewLayer | Synchronizing object | G3_glazing_compression_gasket.062
Fra:451 Mem:663.41M (Peak 793.97M) | Time:00:01.77 | Mem:0.00M, Peak:0.00M | Scene, ViewLayer | Synchronizing object | G3_glazing_compression_gasket.063
Fra:451 Mem:663.41M (Peak 793.97M) | Time:00:01.77 | Mem:0.00M, Peak:0.00M | Scene, ViewLayer | Synchronizing object | G3_glazing_compression_gasket.064
Fra:451 Mem:663.41M (Peak 793.97M) | Time:00:01.77 | Mem:0.00M, Peak:0.00M | Scene, ViewLayer | Synchronizing object | G3_glazing_compression_gasket.065
Fra:451 Mem:663.41M (Peak 793.97M) | Time:00:01.77 | Mem:0.00M, Peak:0.00M | Scene, ViewLayer | Synchronizing object | G3_glazing_compression_gasket.066
Fra:451 Mem:663.42M (Peak 793.97M) | Time:00:01.77 | Mem:0.00M, Peak:0.00M | Scene, ViewLayer | Synchronizing object | G3_glazing_compression_gasket.067
Fra:451 Mem:663.42M (Peak 793.97M) | Time:00:01.77 | Mem:0.00M, Peak:0.00M | Scene, ViewLayer | Synchronizing object | G3_glazing_compression_gasket.068
Fra:451 Mem:663.42M (Peak 793.97M) | Time:00:01.77 | Mem:0.00M, Peak:0.00M | Scene, ViewLayer | Synchronizing object | G3_glazing_compression_gasket.069
Fra:451 Mem:663.42M (Peak 793.97M) | Time:00:01.77 | Mem:0.00M, Peak:0.00M | Scene, ViewLayer | Synchronizing object | G3_glazing_compression_gasket.070
Fra:451 Mem:663.43M (Peak 793.97M) | Time:00:01.77 | Mem:0.00M, Peak:0.00M | Scene, ViewLayer | Synchronizing object | G3_glazing_compression_gasket.071
Fra:451 Mem:663.43M (Peak 793.97M) | Time:00:01.77 | Mem:0.00M, Peak:0.00M | Scene, ViewLayer | Synchronizing object | G3_glazing_compression_gasket.072
Fra:451 Mem:663.43M (Peak 793.97M) | Time:00:01.77 | Mem:0.00M, Peak:0.00M | Scene, ViewLayer | Synchronizing object | G3_glazing_compression_gasket.073
Fra:451 Mem:663.43M (Peak 793.97M) | Time:00:01.77 | Mem:0.00M, Peak:0.00M | Scene, ViewLayer | Synchronizing object | G3_glazing_compression_gasket.074
Fra:451 Mem:663.43M (Peak 793.97M) | Time:00:01.77 | Mem:0.00M, Peak:0.00M | Scene, ViewLayer | Synchronizing object | G3_glazing_compression_gasket.075
Fra:451 Mem:663.44M (Peak 793.97M) | Time:00:01.77 | Mem:0.00M, Peak:0.00M | Scene, ViewLayer | Synchronizing object | G3_glazing_compression_gasket.076
Fra:451 Mem:663.44M (Peak 793.97M) | Time:00:01.77 | Mem:0.00M, Peak:0.00M | Scene, ViewLayer | Synchronizing object | G3_glazing_compression_gasket.077
Fra:451 Mem:665.19M (Peak 793.97M) | Time:00:01.77 | Mem:0.00M, Peak:0.00M | Scene, ViewLayer | Synchronizing object | G3_glazing_compression_gasket.078
Fra:451 Mem:665.19M (Peak 793.97M) | Time:00:01.77 | Mem:0.00M, Peak:0.00M | Scene, ViewLayer | Synchronizing object | G3_glazing_compression_gasket.079
Fra:451 Mem:665.19M (Peak 793.97M) | Time:00:01.77 | Mem:0.00M, Peak:0.00M | Scene, ViewLayer | Synchronizing object | G3_glazing_compression_gasket.080
Fra:451 Mem:665.20M (Peak 793.97M) | Time:00:01.77 | Mem:0.00M, Peak:0.00M | Scene, ViewLayer | Synchronizing object | G3_glazing_compression_gasket.081
Fra:451 Mem:665.20M (Peak 793.97M) | Time:00:01.77 | Mem:0.00M, Peak:0.00M | Scene, ViewLayer | Synchronizing object | G3_glazing_compression_gasket.082
Fra:451 Mem:665.20M (Peak 793.97M) | Time:00:01.77 | Mem:0.00M, Peak:0.00M | Scene, ViewLayer | Synchronizing object | G3_glazing_compression_gasket.083
Fra:451 Mem:665.20M (Peak 793.97M) | Time:00:01.77 | Mem:0.00M, Peak:0.00M | Scene, ViewLayer | Synchronizing object | G3_glazing_compression_gasket.084
Fra:451 Mem:670.46M (Peak 793.97M) | Time:00:01.77 | Mem:0.00M, Peak:0.00M | Scene, ViewLayer | Synchronizing object | G3_glazing_compression_gasket.085
Fra:451 Mem:670.46M (Peak 793.97M) | Time:00:01.77 | Mem:0.00M, Peak:0.00M | Scene, ViewLayer | Synchronizing object | G3_glazing_compression_gasket.086
Fra:451 Mem:670.46M (Peak 793.97M) | Time:00:01.77 | Mem:0.00M, Peak:0.00M | Scene, ViewLayer | Synchronizing object | G3_glazing_compression_gasket.087
Fra:451 Mem:670.46M (Peak 793.97M) | Time:00:01.77 | Mem:0.00M, Peak:0.00M | Scene, ViewLayer | Synchronizing object | G3_glazing_compression_gasket.088
Fra:451 Mem:670.47M (Peak 793.97M) | Time:00:01.77 | Mem:0.00M, Peak:0.00M | Scene, ViewLayer | Synchronizing object | G3_glazing_compression_gasket.089
Fra:451 Mem:670.47M (Peak 793.97M) | Time:00:01.77 | Mem:0.00M, Peak:0.00M | Scene, ViewLayer | Synchronizing object | G3_glazing_compression_gasket.090
Fra:451 Mem:670.47M (Peak 793.97M) | Time:00:01.77 | Mem:0.00M, Peak:0.00M | Scene, ViewLayer | Synchronizing object | G3_glazing_compression_gasket.091
Fra:451 Mem:670.47M (Peak 793.97M) | Time:00:01.77 | Mem:0.00M, Peak:0.00M | Scene, ViewLayer | Synchronizing object | G3_glazing_compression_gasket.092
Fra:451 Mem:670.47M (Peak 793.97M) | Time:00:01.77 | Mem:0.00M, Peak:0.00M | Scene, ViewLayer | Synchronizing object | G3_glazing_compression_gasket.093
Fra:451 Mem:670.48M (Peak 793.97M) | Time:00:01.77 | Mem:0.00M, Peak:0.00M | Scene, ViewLayer | Synchronizing object | G3_glazing_compression_gasket.094
Fra:451 Mem:670.48M (Peak 793.97M) | Time:00:01.77 | Mem:0.00M, Peak:0.00M | Scene, ViewLayer | Synchronizing object | G3_glazing_compression_gasket.095
Fra:451 Mem:670.48M (Peak 793.97M) | Time:00:01.77 | Mem:0.00M, Peak:0.00M | Scene, ViewLayer | Synchronizing object | G3_glazing_compression_gasket.096
Fra:451 Mem:670.48M (Peak 793.97M) | Time:00:01.77 | Mem:0.00M, Peak:0.00M | Scene, ViewLayer | Synchronizing object | G3_glazing_compression_gasket.097
Fra:451 Mem:670.48M (Peak 793.97M) | Time:00:01.77 | Mem:0.00M, Peak:0.00M | Scene, ViewLayer | Synchronizing object | G3_glazing_compression_gasket.098
Fra:451 Mem:670.49M (Peak 793.97M) | Time:00:01.77 | Mem:0.00M, Peak:0.00M | Scene, ViewLayer | Synchronizing object | G3_glazing_compression_gasket.099
Fra:451 Mem:670.49M (Peak 793.97M) | Time:00:01.77 | Mem:0.00M, Peak:0.00M | Scene, ViewLayer | Synchronizing object | G3_glazing_compression_gasket.100
Fra:451 Mem:670.49M (Peak 793.97M) | Time:00:01.77 | Mem:0.00M, Peak:0.00M | Scene, ViewLayer | Synchronizing object | G3_glazing_compression_gasket.101
Fra:451 Mem:670.49M (Peak 793.97M) | Time:00:01.77 | Mem:0.00M, Peak:0.00M | Scene, ViewLayer | Synchronizing object | G3_glazing_compression_gasket.102
Fra:451 Mem:670.49M (Peak 793.97M) | Time:00:01.77 | Mem:0.00M, Peak:0.00M | Scene, ViewLayer | Synchronizing object | G3_glazing_compression_gasket.103
Fra:451 Mem:670.50M (Peak 793.97M) | Time:00:01.77 | Mem:0.00M, Peak:0.00M | Scene, ViewLayer | Synchronizing object | G3_glazing_compression_gasket.104
Fra:451 Mem:670.50M (Peak 793.97M) | Time:00:01.77 | Mem:0.00M, Peak:0.00M | Scene, ViewLayer | Synchronizing object | G3_glazing_compression_gasket.105
Fra:451 Mem:670.50M (Peak 793.97M) | Time:00:01.77 | Mem:0.00M, Peak:0.00M | Scene, ViewLayer | Synchronizing object | G3_glazing_compression_gasket.106
Fra:451 Mem:670.50M (Peak 793.97M) | Time:00:01.77 | Mem:0.00M, Peak:0.00M | Scene, ViewLayer | Synchronizing object | G3_glazing_compression_gasket.107
Fra:451 Mem:670.51M (Peak 793.97M) | Time:00:01.77 | Mem:0.00M, Peak:0.00M | Scene, ViewLayer | Synchronizing object | G3_glazing_compression_gasket.108
Fra:451 Mem:670.51M (Peak 793.97M) | Time:00:01.77 | Mem:0.00M, Peak:0.00M | Scene, ViewLayer | Synchronizing object | G3_glazing_compression_gasket.109
Fra:451 Mem:670.51M (Peak 793.97M) | Time:00:01.77 | Mem:0.00M, Peak:0.00M | Scene, ViewLayer | Synchronizing object | G3_glazing_compression_gasket.110
Fra:451 Mem:670.51M (Peak 793.97M) | Time:00:01.77 | Mem:0.00M, Peak:0.00M | Scene, ViewLayer | Synchronizing object | G3_glazing_compression_gasket.111
Fra:451 Mem:670.51M (Peak 793.97M) | Time:00:01.77 | Mem:0.00M, Peak:0.00M | Scene, ViewLayer | Synchronizing object | G3_glazing_compression_gasket.112
Fra:451 Mem:670.52M (Peak 793.97M) | Time:00:01.77 | Mem:0.00M, Peak:0.00M | Scene, ViewLayer | Synchronizing object | G3_glazing_compression_gasket.113
Fra:451 Mem:670.52M (Peak 793.97M) | Time:00:01.77 | Mem:0.00M, Peak:0.00M | Scene, ViewLayer | Synchronizing object | G3_glazing_compression_gasket.114
Fra:451 Mem:670.52M (Peak 793.97M) | Time:00:01.77 | Mem:0.00M, Peak:0.00M | Scene, ViewLayer | Synchronizing object | G3_glazing_compression_gasket.115
Fra:451 Mem:670.52M (Peak 793.97M) | Time:00:01.77 | Mem:0.00M, Peak:0.00M | Scene, ViewLayer | Synchronizing object | G3_glazing_compression_gasket.116
Fra:451 Mem:670.52M (Peak 793.97M) | Time:00:01.77 | Mem:0.00M, Peak:0.00M | Scene, ViewLayer | Synchronizing object | G3_glazing_compression_gasket.117
Fra:451 Mem:670.53M (Peak 793.97M) | Time:00:01.77 | Mem:0.00M, Peak:0.00M | Scene, ViewLayer | Synchronizing object | G3_glazing_compression_gasket.118
Fra:451 Mem:670.53M (Peak 793.97M) | Time:00:01.77 | Mem:0.00M, Peak:0.00M | Scene, ViewLayer | Synchronizing object | G3_glazing_compression_gasket.119
Fra:451 Mem:670.53M (Peak 793.97M) | Time:00:01.77 | Mem:0.00M, Peak:0.00M | Scene, ViewLayer | Synchronizing object | G3_glazing_compression_gasket.120
Fra:451 Mem:670.53M (Peak 793.97M) | Time:00:01.77 | Mem:0.00M, Peak:0.00M | Scene, ViewLayer | Synchronizing object | G3_glazing_compression_gasket.121
Fra:451 Mem:670.53M (Peak 793.97M) | Time:00:01.77 | Mem:0.00M, Peak:0.00M | Scene, ViewLayer | Synchronizing object | G3_glazing_compression_gasket.122
Fra:451 Mem:670.54M (Peak 793.97M) | Time:00:01.77 | Mem:0.00M, Peak:0.00M | Scene, ViewLayer | Synchronizing object | G3_glazing_compression_gasket.123
Fra:451 Mem:670.54M (Peak 793.97M) | Time:00:01.77 | Mem:0.00M, Peak:0.00M | Scene, ViewLayer | Synchronizing object | G3_glazing_compression_gasket.124
Fra:451 Mem:670.54M (Peak 793.97M) | Time:00:01.77 | Mem:0.00M, Peak:0.00M | Scene, ViewLayer | Synchronizing object | G3_glazing_compression_gasket.125
Fra:451 Mem:670.54M (Peak 793.97M) | Time:00:01.77 | Mem:0.00M, Peak:0.00M | Scene, ViewLayer | Synchronizing object | G3_glazing_compression_gasket.126
Fra:451 Mem:670.55M (Peak 793.97M) | Time:00:01.77 | Mem:0.00M, Peak:0.00M | Scene, ViewLayer | Synchronizing object | G3_glazing_compression_gasket.127
Fra:451 Mem:670.55M (Peak 793.97M) | Time:00:01.77 | Mem:0.00M, Peak:0.00M | Scene, ViewLayer | Synchronizing object | G3_glazing_compression_gasket.128
Fra:451 Mem:670.55M (Peak 793.97M) | Time:00:01.77 | Mem:0.00M, Peak:0.00M | Scene, ViewLayer | Synchronizing object | G3_glazing_compression_gasket.129
Fra:451 Mem:670.55M (Peak 793.97M) | Time:00:01.77 | Mem:0.00M, Peak:0.00M | Scene, ViewLayer | Synchronizing object | G3_glazing_compression_gasket.130
Fra:451 Mem:670.55M (Peak 793.97M) | Time:00:01.77 | Mem:0.00M, Peak:0.00M | Scene, ViewLayer | Synchronizing object | G3_glazing_compression_gasket.131
Fra:451 Mem:670.56M (Peak 793.97M) | Time:00:01.77 | Mem:0.00M, Peak:0.00M | Scene, ViewLayer | Synchronizing object | G3_glazing_compression_gasket.132
Fra:451 Mem:670.56M (Peak 793.97M) | Time:00:01.77 | Mem:0.00M, Peak:0.00M | Scene, ViewLayer | Synchronizing object | G3_glazing_compression_gasket.133
Fra:451 Mem:670.56M (Peak 793.97M) | Time:00:01.77 | Mem:0.00M, Peak:0.00M | Scene, ViewLayer | Synchronizing object | G3_glazing_compression_gasket.134
Fra:451 Mem:670.56M (Peak 793.97M) | Time:00:01.77 | Mem:0.00M, Peak:0.00M | Scene, ViewLayer | Synchronizing object | G3_glazing_compression_gasket.135
Fra:451 Mem:670.56M (Peak 793.97M) | Time:00:01.77 | Mem:0.00M, Peak:0.00M | Scene, ViewLayer | Synchronizing object | G3_glazing_compression_gasket.136
Fra:451 Mem:670.57M (Peak 793.97M) | Time:00:01.77 | Mem:0.00M, Peak:0.00M | Scene, ViewLayer | Synchronizing object | G3_glazing_compression_gasket.137
Fra:451 Mem:670.57M (Peak 793.97M) | Time:00:01.77 | Mem:0.00M, Peak:0.00M | Scene, ViewLayer | Synchronizing object | G3_glazing_compression_gasket.138
Fra:451 Mem:670.57M (Peak 793.97M) | Time:00:01.77 | Mem:0.00M, Peak:0.00M | Scene, ViewLayer | Synchronizing object | G3_glazing_compression_gasket.139
Fra:451 Mem:670.57M (Peak 793.97M) | Time:00:01.77 | Mem:0.00M, Peak:0.00M | Scene, ViewLayer | Synchronizing object | G3_glazing_compression_gasket.140
Fra:451 Mem:670.57M (Peak 793.97M) | Time:00:01.77 | Mem:0.00M, Peak:0.00M | Scene, ViewLayer | Synchronizing object | G3_glazing_compression_gasket.141
Fra:451 Mem:670.58M (Peak 793.97M) | Time:00:01.77 | Mem:0.00M, Peak:0.00M | Scene, ViewLayer | Synchronizing object | G3_glazing_compression_gasket.142
Fra:451 Mem:670.58M (Peak 793.97M) | Time:00:01.77 | Mem:0.00M, Peak:0.00M | Scene, ViewLayer | Synchronizing object | G3_glazing_compression_gasket.143
Fra:451 Mem:670.58M (Peak 793.97M) | Time:00:01.77 | Mem:0.00M, Peak:0.00M | Scene, ViewLayer | Synchronizing object | G3_glazing_compression_gasket.144
Fra:451 Mem:670.58M (Peak 793.97M) | Time:00:01.77 | Mem:0.00M, Peak:0.00M | Scene, ViewLayer | Synchronizing object | G3_glazing_compression_gasket.145
Fra:451 Mem:670.58M (Peak 793.97M) | Time:00:01.77 | Mem:0.00M, Peak:0.00M | Scene, ViewLayer | Synchronizing object | G3_glazing_compression_gasket.146
Fra:451 Mem:670.59M (Peak 793.97M) | Time:00:01.77 | Mem:0.00M, Peak:0.00M | Scene, ViewLayer | Synchronizing object | G3_glazing_compression_gasket.147
Fra:451 Mem:670.59M (Peak 793.97M) | Time:00:01.77 | Mem:0.00M, Peak:0.00M | Scene, ViewLayer | Synchronizing object | G3_glazing_compression_gasket.148
Fra:451 Mem:670.59M (Peak 793.97M) | Time:00:01.77 | Mem:0.00M, Peak:0.00M | Scene, ViewLayer | Synchronizing object | G3_glazing_compression_gasket.149
Fra:451 Mem:670.59M (Peak 793.97M) | Time:00:01.77 | Mem:0.00M, Peak:0.00M | Scene, ViewLayer | Synchronizing object | G3_glazing_compression_gasket.150
Fra:451 Mem:670.60M (Peak 793.97M) | Time:00:01.77 | Mem:0.00M, Peak:0.00M | Scene, ViewLayer | Synchronizing object | G3_glazing_compression_gasket.151
Fra:451 Mem:670.60M (Peak 793.97M) | Time:00:01.77 | Mem:0.00M, Peak:0.00M | Scene, ViewLayer | Synchronizing object | G3_glazing_compression_gasket.152
Fra:451 Mem:670.60M (Peak 793.97M) | Time:00:01.77 | Mem:0.00M, Peak:0.00M | Scene, ViewLayer | Synchronizing object | G3_glazing_compression_gasket.153
Fra:451 Mem:670.60M (Peak 793.97M) | Time:00:01.77 | Mem:0.00M, Peak:0.00M | Scene, ViewLayer | Synchronizing object | G3_glazing_compression_gasket.154
Fra:451 Mem:670.60M (Peak 793.97M) | Time:00:01.77 | Mem:0.00M, Peak:0.00M | Scene, ViewLayer | Synchronizing object | G3_glazing_compression_gasket.155
Fra:451 Mem:670.61M (Peak 793.97M) | Time:00:01.77 | Mem:0.00M, Peak:0.00M | Scene, ViewLayer | Synchronizing object | G3_glazing_compression_gasket.156
Fra:451 Mem:671.48M (Peak 793.97M) | Time:00:01.77 | Mem:0.00M, Peak:0.00M | Scene, ViewLayer | Synchronizing object | G3_glazing_compression_gasket.157
Fra:451 Mem:671.49M (Peak 793.97M) | Time:00:01.77 | Mem:0.00M, Peak:0.00M | Scene, ViewLayer | Synchronizing object | G3_glazing_compression_gasket.158
Fra:451 Mem:671.49M (Peak 793.97M) | Time:00:01.77 | Mem:0.00M, Peak:0.00M | Scene, ViewLayer | Synchronizing object | G3_glazing_compression_gasket.159
Fra:451 Mem:671.49M (Peak 793.97M) | Time:00:01.77 | Mem:0.00M, Peak:0.00M | Scene, ViewLayer | Synchronizing object | G3_glazing_compression_gasket.160
Fra:451 Mem:671.49M (Peak 793.97M) | Time:00:01.77 | Mem:0.00M, Peak:0.00M | Scene, ViewLayer | Synchronizing object | G3_glazing_compression_gasket.161
Fra:451 Mem:675.87M (Peak 793.97M) | Time:00:01.78 | Mem:0.00M, Peak:0.00M | Scene, ViewLayer | Synchronizing object | Platform_continuous_slab
Fra:451 Mem:675.90M (Peak 793.97M) | Time:00:01.78 | Mem:0.00M, Peak:0.00M | Scene, ViewLayer | Synchronizing object | G3_glazing_compression_gasket.162
Fra:451 Mem:675.89M (Peak 793.97M) | Time:00:01.78 | Mem:0.00M, Peak:0.00M | Scene, ViewLayer | Synchronizing object | G3_glazing_compression_gasket.163
Fra:451 Mem:675.90M (Peak 793.97M) | Time:00:01.78 | Mem:0.00M, Peak:0.00M | Scene, ViewLayer | Synchronizing object | G3_glazing_compression_gasket.164
Fra:451 Mem:675.90M (Peak 793.97M) | Time:00:01.78 | Mem:0.00M, Peak:0.00M | Scene, ViewLayer | Synchronizing object | G3_glazing_compression_gasket.165
Fra:451 Mem:675.91M (Peak 793.97M) | Time:00:01.78 | Mem:0.00M, Peak:0.00M | Scene, ViewLayer | Synchronizing object | G3_glazing_compression_gasket.166
Fra:451 Mem:675.91M (Peak 793.97M) | Time:00:01.78 | Mem:0.00M, Peak:0.00M | Scene, ViewLayer | Synchronizing object | Terrace_guard_post.009
Fra:451 Mem:675.91M (Peak 793.97M) | Time:00:01.78 | Mem:0.00M, Peak:0.00M | Scene, ViewLayer | Synchronizing object | G3_glazing_compression_gasket.167
Fra:451 Mem:675.92M (Peak 793.97M) | Time:00:01.78 | Mem:0.00M, Peak:0.00M | Scene, ViewLayer | Synchronizing object | G3_glazing_compression_gasket.168
Fra:451 Mem:675.92M (Peak 793.97M) | Time:00:01.78 | Mem:0.00M, Peak:0.00M | Scene, ViewLayer | Synchronizing object | G3_glazing_compression_gasket.169
Fra:451 Mem:675.92M (Peak 793.97M) | Time:00:01.78 | Mem:0.00M, Peak:0.00M | Scene, ViewLayer | Synchronizing object | G3_glazing_compression_gasket.170
Fra:451 Mem:675.92M (Peak 793.97M) | Time:00:01.78 | Mem:0.00M, Peak:0.00M | Scene, ViewLayer | Synchronizing object | G3_glazing_compression_gasket.171
Fra:451 Mem:675.93M (Peak 793.97M) | Time:00:01.78 | Mem:0.00M, Peak:0.00M | Scene, ViewLayer | Synchronizing object | G3_glazing_compression_gasket.172
Fra:451 Mem:675.93M (Peak 793.97M) | Time:00:01.78 | Mem:0.00M, Peak:0.00M | Scene, ViewLayer | Synchronizing object | G3_glazing_compression_gasket.173
Fra:451 Mem:675.93M (Peak 793.97M) | Time:00:01.78 | Mem:0.00M, Peak:0.00M | Scene, ViewLayer | Synchronizing object | G3_glazing_compression_gasket.174
Fra:451 Mem:675.93M (Peak 793.97M) | Time:00:01.78 | Mem:0.00M, Peak:0.00M | Scene, ViewLayer | Synchronizing object | G3_glazing_compression_gasket.175
Fra:451 Mem:675.93M (Peak 793.97M) | Time:00:01.78 | Mem:0.00M, Peak:0.00M | Scene, ViewLayer | Synchronizing object | G3_glazing_compression_gasket.176
Fra:451 Mem:675.94M (Peak 793.97M) | Time:00:01.78 | Mem:0.00M, Peak:0.00M | Scene, ViewLayer | Synchronizing object | G3_glazing_compression_gasket.177
Fra:451 Mem:675.94M (Peak 793.97M) | Time:00:01.78 | Mem:0.00M, Peak:0.00M | Scene, ViewLayer | Synchronizing object | G3_glazing_compression_gasket.178
Fra:451 Mem:675.94M (Peak 793.97M) | Time:00:01.78 | Mem:0.00M, Peak:0.00M | Scene, ViewLayer | Synchronizing object | G3_glazing_compression_gasket.179
Fra:451 Mem:675.95M (Peak 793.97M) | Time:00:01.78 | Mem:0.00M, Peak:0.00M | Scene, ViewLayer | Synchronizing object | G3_glazing_compression_gasket.180
Fra:451 Mem:675.95M (Peak 793.97M) | Time:00:01.78 | Mem:0.00M, Peak:0.00M | Scene, ViewLayer | Synchronizing object | G3_glazing_compression_gasket.181
Fra:451 Mem:675.95M (Peak 793.97M) | Time:00:01.78 | Mem:0.00M, Peak:0.00M | Scene, ViewLayer | Synchronizing object | G3_glazing_compression_gasket.182
Fra:451 Mem:675.95M (Peak 793.97M) | Time:00:01.78 | Mem:0.00M, Peak:0.00M | Scene, ViewLayer | Synchronizing object | G3_glazing_compression_gasket.183
Fra:451 Mem:675.95M (Peak 793.97M) | Time:00:01.78 | Mem:0.00M, Peak:0.00M | Scene, ViewLayer | Synchronizing object | G3_glazing_compression_gasket.184
Fra:451 Mem:675.96M (Peak 793.97M) | Time:00:01.78 | Mem:0.00M, Peak:0.00M | Scene, ViewLayer | Synchronizing object | G3_glazing_compression_gasket.185
Fra:451 Mem:675.96M (Peak 793.97M) | Time:00:01.78 | Mem:0.00M, Peak:0.00M | Scene, ViewLayer | Synchronizing object | G3_glazing_compression_gasket.186
Fra:451 Mem:675.96M (Peak 793.97M) | Time:00:01.78 | Mem:0.00M, Peak:0.00M | Scene, ViewLayer | Synchronizing object | G3_glazing_compression_gasket.187
Fra:451 Mem:675.96M (Peak 793.97M) | Time:00:01.78 | Mem:0.00M, Peak:0.00M | Scene, ViewLayer | Synchronizing object | G3_glazing_compression_gasket.188
Fra:451 Mem:675.96M (Peak 793.97M) | Time:00:01.78 | Mem:0.00M, Peak:0.00M | Scene, ViewLayer | Synchronizing object | G3_glazing_compression_gasket.189
Fra:451 Mem:675.97M (Peak 793.97M) | Time:00:01.78 | Mem:0.00M, Peak:0.00M | Scene, ViewLayer | Synchronizing object | G3_glazing_compression_gasket.190
Fra:451 Mem:675.97M (Peak 793.97M) | Time:00:01.78 | Mem:0.00M, Peak:0.00M | Scene, ViewLayer | Synchronizing object | G3_glazing_compression_gasket.191
Fra:451 Mem:675.97M (Peak 793.97M) | Time:00:01.78 | Mem:0.00M, Peak:0.00M | Scene, ViewLayer | Synchronizing object | G3_glazing_compression_gasket.192
Fra:451 Mem:675.97M (Peak 793.97M) | Time:00:01.78 | Mem:0.00M, Peak:0.00M | Scene, ViewLayer | Synchronizing object | G3_glazing_compression_gasket.193
Fra:451 Mem:675.97M (Peak 793.97M) | Time:00:01.78 | Mem:0.00M, Peak:0.00M | Scene, ViewLayer | Synchronizing object | G3_glazing_compression_gasket.194
Fra:451 Mem:675.98M (Peak 793.97M) | Time:00:01.78 | Mem:0.00M, Peak:0.00M | Scene, ViewLayer | Synchronizing object | G3_glazing_compression_gasket.195
Fra:451 Mem:675.98M (Peak 793.97M) | Time:00:01.78 | Mem:0.00M, Peak:0.00M | Scene, ViewLayer | Synchronizing object | G3_glazing_compression_gasket.196
Fra:451 Mem:672.48M (Peak 793.97M) | Time:00:01.78 | Mem:0.00M, Peak:0.00M | Scene, ViewLayer | Synchronizing object | G3_glazing_compression_gasket.197
Fra:451 Mem:672.48M (Peak 793.97M) | Time:00:01.78 | Mem:0.00M, Peak:0.00M | Scene, ViewLayer | Synchronizing object | G3_glazing_compression_gasket.198
Fra:451 Mem:672.48M (Peak 793.97M) | Time:00:01.78 | Mem:0.00M, Peak:0.00M | Scene, ViewLayer | Synchronizing object | G3_glazing_compression_gasket.199
Fra:451 Mem:672.49M (Peak 793.97M) | Time:00:01.78 | Mem:0.00M, Peak:0.00M | Scene, ViewLayer | Synchronizing object | G3_glazing_compression_gasket.200
Fra:451 Mem:672.49M (Peak 793.97M) | Time:00:01.78 | Mem:0.00M, Peak:0.00M | Scene, ViewLayer | Synchronizing object | G3_glazing_compression_gasket.201
Fra:451 Mem:672.49M (Peak 793.97M) | Time:00:01.78 | Mem:0.00M, Peak:0.00M | Scene, ViewLayer | Synchronizing object | G3_glazing_compression_gasket.202
Fra:451 Mem:677.74M (Peak 793.97M) | Time:00:01.78 | Mem:0.00M, Peak:0.00M | Scene, ViewLayer | Synchronizing object | G3_glazing_compression_gasket.203
Fra:451 Mem:677.75M (Peak 793.97M) | Time:00:01.78 | Mem:0.00M, Peak:0.00M | Scene, ViewLayer | Synchronizing object | G3_glazing_compression_gasket.204
Fra:451 Mem:677.75M (Peak 793.97M) | Time:00:01.78 | Mem:0.00M, Peak:0.00M | Scene, ViewLayer | Synchronizing object | G3_glazing_compression_gasket.205
Fra:451 Mem:677.75M (Peak 793.97M) | Time:00:01.78 | Mem:0.00M, Peak:0.00M | Scene, ViewLayer | Synchronizing object | G3_glazing_compression_gasket.206
Fra:451 Mem:677.75M (Peak 793.97M) | Time:00:01.78 | Mem:0.00M, Peak:0.00M | Scene, ViewLayer | Synchronizing object | G3_glazing_compression_gasket.207
Fra:451 Mem:677.75M (Peak 793.97M) | Time:00:01.78 | Mem:0.00M, Peak:0.00M | Scene, ViewLayer | Synchronizing object | G3_glazing_compression_gasket.208
Fra:451 Mem:677.76M (Peak 793.97M) | Time:00:01.78 | Mem:0.00M, Peak:0.00M | Scene, ViewLayer | Synchronizing object | G3_glazing_compression_gasket.209
Fra:451 Mem:677.76M (Peak 793.97M) | Time:00:01.78 | Mem:0.00M, Peak:0.00M | Scene, ViewLayer | Synchronizing object | G3_glazing_compression_gasket.210
Fra:451 Mem:677.76M (Peak 793.97M) | Time:00:01.78 | Mem:0.00M, Peak:0.00M | Scene, ViewLayer | Synchronizing object | G3_glazing_compression_gasket.211
Fra:451 Mem:677.77M (Peak 793.97M) | Time:00:01.78 | Mem:0.00M, Peak:0.00M | Scene, ViewLayer | Synchronizing object | G3_glazing_compression_gasket.212
Fra:451 Mem:677.77M (Peak 793.97M) | Time:00:01.78 | Mem:0.00M, Peak:0.00M | Scene, ViewLayer | Synchronizing object | G3_glazing_compression_gasket.213
Fra:451 Mem:677.77M (Peak 793.97M) | Time:00:01.78 | Mem:0.00M, Peak:0.00M | Scene, ViewLayer | Synchronizing object | G3_glazing_compression_gasket.214
Fra:451 Mem:677.77M (Peak 793.97M) | Time:00:01.78 | Mem:0.00M, Peak:0.00M | Scene, ViewLayer | Synchronizing object | G3_glazing_compression_gasket.215
Fra:451 Mem:677.77M (Peak 793.97M) | Time:00:01.78 | Mem:0.00M, Peak:0.00M | Scene, ViewLayer | Synchronizing object | G3_glazing_compression_gasket.216
Fra:451 Mem:677.78M (Peak 793.97M) | Time:00:01.78 | Mem:0.00M, Peak:0.00M | Scene, ViewLayer | Synchronizing object | G3_glazing_compression_gasket.217
Fra:451 Mem:677.78M (Peak 793.97M) | Time:00:01.78 | Mem:0.00M, Peak:0.00M | Scene, ViewLayer | Synchronizing object | G3_glazing_compression_gasket.218
Fra:451 Mem:677.78M (Peak 793.97M) | Time:00:01.78 | Mem:0.00M, Peak:0.00M | Scene, ViewLayer | Synchronizing object | G3_glazing_compression_gasket.219
Fra:451 Mem:677.78M (Peak 793.97M) | Time:00:01.78 | Mem:0.00M, Peak:0.00M | Scene, ViewLayer | Synchronizing object | G3_glazing_compression_gasket.220
Fra:451 Mem:677.79M (Peak 793.97M) | Time:00:01.78 | Mem:0.00M, Peak:0.00M | Scene, ViewLayer | Synchronizing object | G3_glazing_compression_gasket.221
Fra:451 Mem:677.79M (Peak 793.97M) | Time:00:01.78 | Mem:0.00M, Peak:0.00M | Scene, ViewLayer | Synchronizing object | G3_glazing_compression_gasket.222
Fra:451 Mem:677.79M (Peak 793.97M) | Time:00:01.78 | Mem:0.00M, Peak:0.00M | Scene, ViewLayer | Synchronizing object | G3_glazing_compression_gasket.223
Fra:451 Mem:677.79M (Peak 793.97M) | Time:00:01.78 | Mem:0.00M, Peak:0.00M | Scene, ViewLayer | Synchronizing object | G3_glazing_compression_gasket.224
Fra:451 Mem:677.79M (Peak 793.97M) | Time:00:01.78 | Mem:0.00M, Peak:0.00M | Scene, ViewLayer | Synchronizing object | G3_glazing_compression_gasket.225
Fra:451 Mem:677.80M (Peak 793.97M) | Time:00:01.78 | Mem:0.00M, Peak:0.00M | Scene, ViewLayer | Synchronizing object | G3_glazing_compression_gasket.226
Fra:451 Mem:677.80M (Peak 793.97M) | Time:00:01.78 | Mem:0.00M, Peak:0.00M | Scene, ViewLayer | Synchronizing object | G3_glazing_compression_gasket.227
Fra:451 Mem:677.80M (Peak 793.97M) | Time:00:01.78 | Mem:0.00M, Peak:0.00M | Scene, ViewLayer | Synchronizing object | G3_glazing_compression_gasket.228
Fra:451 Mem:672.55M (Peak 793.97M) | Time:00:01.78 | Mem:0.00M, Peak:0.00M | Scene, ViewLayer | Synchronizing object | Terrace_guard_post.023
Fra:451 Mem:672.56M (Peak 793.97M) | Time:00:01.78 | Mem:0.00M, Peak:0.00M | Scene, ViewLayer | Synchronizing object | G3_glazing_compression_gasket.229
Fra:451 Mem:672.57M (Peak 793.97M) | Time:00:01.78 | Mem:0.00M, Peak:0.00M | Scene, ViewLayer | Synchronizing object | Terrace_guard_post.030
Fra:451 Mem:672.58M (Peak 793.97M) | Time:00:01.78 | Mem:0.00M, Peak:0.00M | Scene, ViewLayer | Synchronizing object | G3_glazing_compression_gasket.230
Fra:451 Mem:672.58M (Peak 793.97M) | Time:00:01.78 | Mem:0.00M, Peak:0.00M | Scene, ViewLayer | Synchronizing object | G3_glazing_compression_gasket.231
Fra:451 Mem:672.58M (Peak 793.97M) | Time:00:01.78 | Mem:0.00M, Peak:0.00M | Scene, ViewLayer | Synchronizing object | G3_glazing_compression_gasket.232
Fra:451 Mem:672.58M (Peak 793.97M) | Time:00:01.78 | Mem:0.00M, Peak:0.00M | Scene, ViewLayer | Synchronizing object | G3_glazing_compression_gasket.233
Fra:451 Mem:672.58M (Peak 793.97M) | Time:00:01.78 | Mem:0.00M, Peak:0.00M | Scene, ViewLayer | Synchronizing object | G3_glazing_compression_gasket.234
Fra:451 Mem:672.59M (Peak 793.97M) | Time:00:01.78 | Mem:0.00M, Peak:0.00M | Scene, ViewLayer | Synchronizing object | G3_glazing_compression_gasket.235
Fra:451 Mem:672.59M (Peak 793.97M) | Time:00:01.78 | Mem:0.00M, Peak:0.00M | Scene, ViewLayer | Synchronizing object | G3_glazing_compression_gasket.236
Fra:451 Mem:672.59M (Peak 793.97M) | Time:00:01.78 | Mem:0.00M, Peak:0.00M | Scene, ViewLayer | Synchronizing object | G3_glazing_compression_gasket.237
Fra:451 Mem:672.59M (Peak 793.97M) | Time:00:01.78 | Mem:0.00M, Peak:0.00M | Scene, ViewLayer | Synchronizing object | G3_glazing_compression_gasket.238
Fra:451 Mem:672.60M (Peak 793.97M) | Time:00:01.78 | Mem:0.00M, Peak:0.00M | Scene, ViewLayer | Synchronizing object | G3_glazing_compression_gasket.239
Fra:451 Mem:672.60M (Peak 793.97M) | Time:00:01.78 | Mem:0.00M, Peak:0.00M | Scene, ViewLayer | Synchronizing object | G3_glazing_compression_gasket.240
Fra:451 Mem:672.60M (Peak 793.97M) | Time:00:01.78 | Mem:0.00M, Peak:0.00M | Scene, ViewLayer | Synchronizing object | G3_glazing_compression_gasket.241
Fra:451 Mem:672.60M (Peak 793.97M) | Time:00:01.78 | Mem:0.00M, Peak:0.00M | Scene, ViewLayer | Synchronizing object | G3_glazing_compression_gasket.242
Fra:451 Mem:672.60M (Peak 793.97M) | Time:00:01.78 | Mem:0.00M, Peak:0.00M | Scene, ViewLayer | Synchronizing object | G3_glazing_compression_gasket.243
Fra:451 Mem:672.61M (Peak 793.97M) | Time:00:01.78 | Mem:0.00M, Peak:0.00M | Scene, ViewLayer | Synchronizing object | G3_glazing_compression_gasket.244
Fra:451 Mem:672.61M (Peak 793.97M) | Time:00:01.78 | Mem:0.00M, Peak:0.00M | Scene, ViewLayer | Synchronizing object | G3_glazing_compression_gasket.245
Fra:451 Mem:672.61M (Peak 793.97M) | Time:00:01.78 | Mem:0.00M, Peak:0.00M | Scene, ViewLayer | Synchronizing object | G3_glazing_compression_gasket.246
Fra:451 Mem:672.61M (Peak 793.97M) | Time:00:01.78 | Mem:0.00M, Peak:0.00M | Scene, ViewLayer | Synchronizing object | G3_glazing_compression_gasket.247
Fra:451 Mem:672.61M (Peak 793.97M) | Time:00:01.78 | Mem:0.00M, Peak:0.00M | Scene, ViewLayer | Synchronizing object | G3_glazing_compression_gasket.248
Fra:451 Mem:672.62M (Peak 793.97M) | Time:00:01.78 | Mem:0.00M, Peak:0.00M | Scene, ViewLayer | Synchronizing object | G3_glazing_compression_gasket.249
Fra:451 Mem:672.62M (Peak 793.97M) | Time:00:01.78 | Mem:0.00M, Peak:0.00M | Scene, ViewLayer | Synchronizing object | G3_glazing_compression_gasket.250
Fra:451 Mem:672.62M (Peak 793.97M) | Time:00:01.78 | Mem:0.00M, Peak:0.00M | Scene, ViewLayer | Synchronizing object | G3_glazing_compression_gasket.251
Fra:451 Mem:672.62M (Peak 793.97M) | Time:00:01.78 | Mem:0.00M, Peak:0.00M | Scene, ViewLayer | Synchronizing object | G3_glazing_compression_gasket.252
Fra:451 Mem:672.62M (Peak 793.97M) | Time:00:01.78 | Mem:0.00M, Peak:0.00M | Scene, ViewLayer | Synchronizing object | G3_glazing_compression_gasket.253
Fra:451 Mem:672.63M (Peak 793.97M) | Time:00:01.78 | Mem:0.00M, Peak:0.00M | Scene, ViewLayer | Synchronizing object | G3_glazing_compression_gasket.254
Fra:451 Mem:672.63M (Peak 793.97M) | Time:00:01.78 | Mem:0.00M, Peak:0.00M | Scene, ViewLayer | Synchronizing object | G3_glazing_compression_gasket.255
Fra:451 Mem:672.63M (Peak 793.97M) | Time:00:01.78 | Mem:0.00M, Peak:0.00M | Scene, ViewLayer | Synchronizing object | G3_glazing_compression_gasket.256
Fra:451 Mem:672.63M (Peak 793.97M) | Time:00:01.78 | Mem:0.00M, Peak:0.00M | Scene, ViewLayer | Synchronizing object | G3_glazing_compression_gasket.257
Fra:451 Mem:672.63M (Peak 793.97M) | Time:00:01.78 | Mem:0.00M, Peak:0.00M | Scene, ViewLayer | Synchronizing object | G3_glazing_compression_gasket.258
Fra:451 Mem:672.64M (Peak 793.97M) | Time:00:01.78 | Mem:0.00M, Peak:0.00M | Scene, ViewLayer | Synchronizing object | G3_glazing_compression_gasket.259
Fra:451 Mem:672.64M (Peak 793.97M) | Time:00:01.78 | Mem:0.00M, Peak:0.00M | Scene, ViewLayer | Synchronizing object | G3_glazing_compression_gasket.260
Fra:451 Mem:672.64M (Peak 793.97M) | Time:00:01.78 | Mem:0.00M, Peak:0.00M | Scene, ViewLayer | Synchronizing object | G3_glazing_compression_gasket.261
Fra:451 Mem:672.65M (Peak 793.97M) | Time:00:01.78 | Mem:0.00M, Peak:0.00M | Scene, ViewLayer | Synchronizing object | G3_glazing_compression_gasket.262
Fra:451 Mem:672.65M (Peak 793.97M) | Time:00:01.78 | Mem:0.00M, Peak:0.00M | Scene, ViewLayer | Synchronizing object | G3_glazing_compression_gasket.263
Fra:451 Mem:672.65M (Peak 793.97M) | Time:00:01.78 | Mem:0.00M, Peak:0.00M | Scene, ViewLayer | Synchronizing object | G3_glazing_compression_gasket.264
Fra:451 Mem:672.66M (Peak 793.97M) | Time:00:01.78 | Mem:0.00M, Peak:0.00M | Scene, ViewLayer | Synchronizing object | G3_glazing_compression_gasket.265
Fra:451 Mem:672.66M (Peak 793.97M) | Time:00:01.78 | Mem:0.00M, Peak:0.00M | Scene, ViewLayer | Synchronizing object | G3_glazing_compression_gasket.266
Fra:451 Mem:672.66M (Peak 793.97M) | Time:00:01.78 | Mem:0.00M, Peak:0.00M | Scene, ViewLayer | Synchronizing object | G3_glazing_compression_gasket.267
Fra:451 Mem:672.67M (Peak 793.97M) | Time:00:01.78 | Mem:0.00M, Peak:0.00M | Scene, ViewLayer | Synchronizing object | G3_glazing_compression_gasket.268
Fra:451 Mem:672.67M (Peak 793.97M) | Time:00:01.78 | Mem:0.00M, Peak:0.00M | Scene, ViewLayer | Synchronizing object | G3_glazing_compression_gasket.269
Fra:451 Mem:672.67M (Peak 793.97M) | Time:00:01.78 | Mem:0.00M, Peak:0.00M | Scene, ViewLayer | Synchronizing object | G3_glazing_compression_gasket.270
Fra:451 Mem:672.67M (Peak 793.97M) | Time:00:01.78 | Mem:0.00M, Peak:0.00M | Scene, ViewLayer | Synchronizing object | G3_glazing_compression_gasket.271
Fra:451 Mem:672.68M (Peak 793.97M) | Time:00:01.78 | Mem:0.00M, Peak:0.00M | Scene, ViewLayer | Synchronizing object | G3_hall_pull_handle
Fra:451 Mem:672.69M (Peak 793.97M) | Time:00:01.78 | Mem:0.00M, Peak:0.00M | Scene, ViewLayer | Synchronizing object | G3_hall_pull_handle.001
Fra:451 Mem:672.70M (Peak 793.97M) | Time:00:01.78 | Mem:0.00M, Peak:0.00M | Scene, ViewLayer | Synchronizing object | G3_carved_pedestal_foot
Fra:451 Mem:672.74M (Peak 793.97M) | Time:00:01.78 | Mem:0.00M, Peak:0.00M | Scene, ViewLayer | Synchronizing object | G3_carved_pedestal_foot.001
Fra:451 Mem:672.75M (Peak 793.97M) | Time:00:01.78 | Mem:0.00M, Peak:0.00M | Scene, ViewLayer | Synchronizing object | G3_carved_pedestal_foot.002
Fra:451 Mem:672.76M (Peak 793.97M) | Time:00:01.78 | Mem:0.00M, Peak:0.00M | Scene, ViewLayer | Synchronizing object | G3_cup_handle
Fra:451 Mem:671.20M (Peak 793.97M) | Time:00:01.79 | Mem:0.00M, Peak:0.00M | Scene, ViewLayer | Synchronizing object | G3_door_jamb_gasket
Fra:451 Mem:671.20M (Peak 793.97M) | Time:00:01.79 | Mem:0.00M, Peak:0.00M | Scene, ViewLayer | Synchronizing object | G3_door_jamb_gasket.001
Fra:451 Mem:671.21M (Peak 793.97M) | Time:00:01.79 | Mem:0.00M, Peak:0.00M | Scene, ViewLayer | Synchronizing object | G3_slide_guide_rail
Fra:451 Mem:671.21M (Peak 793.97M) | Time:00:01.79 | Mem:0.00M, Peak:0.00M | Scene, ViewLayer | Synchronizing object | G3_slide_guide_rail.001
Fra:451 Mem:671.25M (Peak 793.97M) | Time:00:01.79 | Mem:0.00M, Peak:0.00M | Scene, ViewLayer | Synchronizing object | G3R04_sconce_bracket
Fra:451 Mem:671.25M (Peak 793.97M) | Time:00:01.79 | Mem:0.00M, Peak:0.00M | Scene, ViewLayer | Synchronizing object | G3R04_sconce_bracket.001
Fra:451 Mem:671.27M (Peak 793.97M) | Time:00:01.79 | Mem:0.00M, Peak:0.00M | Scene, ViewLayer | Synchronizing object | G4_full_pane_perimeter_seals
Fra:451 Mem:674.32M (Peak 793.97M) | Time:00:01.79 | Mem:0.00M, Peak:0.00M | Scene, ViewLayer | Synchronizing object | Track_sleeper.098
Fra:451 Mem:674.36M (Peak 793.97M) | Time:00:01.79 | Mem:0.00M, Peak:0.00M | Scene, ViewLayer | Synchronizing object | Track_sleeper.114
Fra:451 Mem:674.38M (Peak 793.97M) | Time:00:01.79 | Mem:0.00M, Peak:0.00M | Scene, ViewLayer | Synchronizing object | Track_sleeper.045
Fra:451 Mem:674.41M (Peak 793.97M) | Time:00:01.79 | Mem:0.00M, Peak:0.00M | Scene, ViewLayer | Synchronizing object | Bridge_guard_post.059
Fra:451 Mem:676.88M (Peak 793.97M) | Time:00:01.80 | Mem:0.00M, Peak:0.00M | Scene, ViewLayer | Synchronizing object | G4_sconce_G3R04_sconce_bracket
Fra:451 Mem:676.89M (Peak 793.97M) | Time:00:01.80 | Mem:0.00M, Peak:0.00M | Scene, ViewLayer | Synchronizing object | G4_sconce_G3R04_sconce_bracket.001
Fra:451 Mem:676.90M (Peak 793.97M) | Time:00:01.80 | Mem:0.00M, Peak:0.00M | Scene, ViewLayer | Synchronizing object | G4_sconce_G3R04_sconce_bracket.002
Fra:451 Mem:676.92M (Peak 793.97M) | Time:00:01.81 | Mem:0.00M, Peak:0.00M | Scene, ViewLayer | Synchronizing object | G4_sconce_G3R04_sconce_bracket.003
Fra:451 Mem:676.93M (Peak 793.97M) | Time:00:01.81 | Mem:0.00M, Peak:0.00M | Scene, ViewLayer | Synchronizing object | G4_sconce_G3R04_sconce_bracket.004
Fra:451 Mem:676.94M (Peak 793.97M) | Time:00:01.81 | Mem:0.00M, Peak:0.00M | Scene, ViewLayer | Synchronizing object | G4_sconce_G3R04_sconce_bracket.005
Fra:451 Mem:676.95M (Peak 793.97M) | Time:00:01.81 | Mem:0.00M, Peak:0.00M | Scene, ViewLayer | Synchronizing object | G4_sconce_G3R04_sconce_bracket.006
Fra:451 Mem:676.96M (Peak 793.97M) | Time:00:01.81 | Mem:0.00M, Peak:0.00M | Scene, ViewLayer | Synchronizing object | G4_sconce_G3R04_sconce_bracket.007
Fra:451 Mem:676.98M (Peak 793.97M) | Time:00:01.81 | Mem:0.00M, Peak:0.00M | Scene, ViewLayer | Synchronizing object | G4_sconce_G3R04_sconce_bracket.008
Fra:451 Mem:676.99M (Peak 793.97M) | Time:00:01.81 | Mem:0.00M, Peak:0.00M | Scene, ViewLayer | Synchronizing object | G4_sconce_G3R04_sconce_bracket.009
Fra:451 Mem:677.00M (Peak 793.97M) | Time:00:01.81 | Mem:0.00M, Peak:0.00M | Scene, ViewLayer | Synchronizing object | G4_sconce_G3R04_sconce_bracket.010
Fra:451 Mem:677.01M (Peak 793.97M) | Time:00:01.81 | Mem:0.00M, Peak:0.00M | Scene, ViewLayer | Synchronizing object | G4_sconce_G3R04_sconce_bracket.011
Fra:451 Mem:677.02M (Peak 793.97M) | Time:00:01.81 | Mem:0.00M, Peak:0.00M | Scene, ViewLayer | Synchronizing object | G4_sconce_G3R04_sconce_bracket.012
Fra:451 Mem:677.04M (Peak 793.97M) | Time:00:01.81 | Mem:0.00M, Peak:0.00M | Scene, ViewLayer | Synchronizing object | G4_sconce_G3R04_sconce_bracket.013
Fra:451 Mem:677.05M (Peak 793.97M) | Time:00:01.81 | Mem:0.00M, Peak:0.00M | Scene, ViewLayer | Synchronizing object | G4_sconce_G3R04_sconce_bracket.014
Fra:451 Mem:677.06M (Peak 793.97M) | Time:00:01.81 | Mem:0.00M, Peak:0.00M | Scene, ViewLayer | Synchronizing object | G4_sconce_G3R04_sconce_bracket.015
Fra:451 Mem:677.12M (Peak 793.97M) | Time:00:01.81 | Mem:0.00M, Peak:0.00M | Scene, ViewLayer | Synchronizing object | G4_cafe_G3_carved_pedestal_foot
Fra:451 Mem:677.12M (Peak 793.97M) | Time:00:01.81 | Mem:0.00M, Peak:0.00M | Scene, ViewLayer | Synchronizing object | G4_cafe_G3_carved_pedestal_foot.001
Fra:451 Mem:677.13M (Peak 793.97M) | Time:00:01.81 | Mem:0.00M, Peak:0.00M | Scene, ViewLayer | Synchronizing object | G4_cafe_G3_carved_pedestal_foot.002
Fra:451 Mem:677.13M (Peak 793.97M) | Time:00:01.81 | Mem:0.00M, Peak:0.00M | Scene, ViewLayer | Synchronizing object | G4_cafe_G3_carved_pedestal_foot.003
Fra:451 Mem:677.14M (Peak 793.97M) | Time:00:01.81 | Mem:0.00M, Peak:0.00M | Scene, ViewLayer | Synchronizing object | G4_cafe_G3_carved_pedestal_foot.004
Fra:451 Mem:677.15M (Peak 793.97M) | Time:00:01.81 | Mem:0.00M, Peak:0.00M | Scene, ViewLayer | Synchronizing object | G4_cafe_G3_carved_pedestal_foot.005
Fra:451 Mem:677.16M (Peak 793.97M) | Time:00:01.81 | Mem:0.00M, Peak:0.00M | Scene, ViewLayer | Synchronizing object | G4_bench_seat_piping
Fra:451 Mem:677.19M (Peak 793.97M) | Time:00:01.81 | Mem:0.00M, Peak:0.00M | Scene, ViewLayer | Synchronizing object | G4_bench_seat_piping.001
Fra:451 Mem:677.23M (Peak 793.97M) | Time:00:01.82 | Mem:0.00M, Peak:0.00M | Scene, ViewLayer | Synchronizing object | G4_bench_seat_piping.002
Fra:451 Mem:677.26M (Peak 793.97M) | Time:00:01.82 | Mem:0.00M, Peak:0.00M | Scene, ViewLayer | Synchronizing object | G4_bench_seat_piping.003
Fra:451 Mem:677.30M (Peak 793.97M) | Time:00:01.82 | Mem:0.00M, Peak:0.00M | Scene, ViewLayer | Synchronizing object | G4_bench_seat_piping.004
Fra:451 Mem:677.33M (Peak 793.97M) | Time:00:01.82 | Mem:0.00M, Peak:0.00M | Scene, ViewLayer | Synchronizing object | G4_bench_seat_piping.005
Fra:451 Mem:677.37M (Peak 793.97M) | Time:00:01.82 | Mem:0.00M, Peak:0.00M | Scene, ViewLayer | Synchronizing object | G4_bench_seat_piping.006
Fra:451 Mem:677.41M (Peak 793.97M) | Time:00:01.82 | Mem:0.00M, Peak:0.00M | Scene, ViewLayer | Synchronizing object | G4_bench_seat_piping.007
Fra:451 Mem:677.44M (Peak 793.97M) | Time:00:01.82 | Mem:0.00M, Peak:0.00M | Scene, ViewLayer | Synchronizing object | G4_bench_seat_piping.008
Fra:451 Mem:677.48M (Peak 793.97M) | Time:00:01.82 | Mem:0.00M, Peak:0.00M | Scene, ViewLayer | Synchronizing object | G4_bench_seat_piping.009
Fra:451 Mem:677.52M (Peak 793.97M) | Time:00:01.82 | Mem:0.00M, Peak:0.00M | Scene, ViewLayer | Synchronizing object | G4_bench_seat_piping.010
Fra:451 Mem:677.55M (Peak 793.97M) | Time:00:01.82 | Mem:0.00M, Peak:0.00M | Scene, ViewLayer | Synchronizing object | G4_bench_seat_piping.011
Fra:451 Mem:677.63M (Peak 793.97M) | Time:00:01.82 | Mem:0.00M, Peak:0.00M | Scene, ViewLayer | Synchronizing object | G4_car_vault_rib
Fra:451 Mem:677.67M (Peak 793.97M) | Time:00:01.82 | Mem:0.00M, Peak:0.00M | Scene, ViewLayer | Synchronizing object | G4_car_vault_rib.001
Fra:451 Mem:677.72M (Peak 793.97M) | Time:00:01.82 | Mem:0.00M, Peak:0.00M | Scene, ViewLayer | Synchronizing object | G4_car_vault_rib.002
Fra:451 Mem:677.77M (Peak 793.97M) | Time:00:01.82 | Mem:0.00M, Peak:0.00M | Scene, ViewLayer | Synchronizing object | G4_car_vault_rib.003
Fra:451 Mem:677.82M (Peak 793.97M) | Time:00:01.82 | Mem:0.00M, Peak:0.00M | Scene, ViewLayer | Synchronizing object | G4_car_vault_rib.004
Fra:451 Mem:677.87M (Peak 793.97M) | Time:00:01.82 | Mem:0.00M, Peak:0.00M | Scene, ViewLayer | Synchronizing object | G4_car_vault_rib.005
Fra:451 Mem:677.92M (Peak 793.97M) | Time:00:01.82 | Mem:0.00M, Peak:0.00M | Scene, ViewLayer | Synchronizing object | G4_car_vault_rib.006
Fra:451 Mem:677.97M (Peak 793.97M) | Time:00:01.82 | Mem:0.00M, Peak:0.00M | Scene, ViewLayer | Synchronizing object | G4_car_vault_rib.007
Fra:451 Mem:678.05M (Peak 793.97M) | Time:00:01.82 | Mem:0.00M, Peak:0.00M | Scene, ViewLayer | Synchronizing object | G4_car_seat_piping
Fra:451 Mem:678.08M (Peak 793.97M) | Time:00:01.82 | Mem:0.00M, Peak:0.00M | Scene, ViewLayer | Synchronizing object | G4_car_seat_piping.001
Fra:451 Mem:678.11M (Peak 793.97M) | Time:00:01.82 | Mem:0.00M, Peak:0.00M | Scene, ViewLayer | Synchronizing object | G4_car_seat_piping.002
Fra:451 Mem:678.15M (Peak 793.97M) | Time:00:01.82 | Mem:0.00M, Peak:0.00M | Scene, ViewLayer | Synchronizing object | G4_car_seat_piping.003
Fra:451 Mem:678.18M (Peak 793.97M) | Time:00:01.82 | Mem:0.00M, Peak:0.00M | Scene, ViewLayer | Synchronizing object | G4_car_seat_piping.004
Fra:451 Mem:678.22M (Peak 793.97M) | Time:00:01.83 | Mem:0.00M, Peak:0.00M | Scene, ViewLayer | Synchronizing object | G4_car_seat_piping.005
Fra:451 Mem:678.25M (Peak 793.97M) | Time:00:01.83 | Mem:0.00M, Peak:0.00M | Scene, ViewLayer | Synchronizing object | G4_car_seat_piping.006
Fra:451 Mem:678.29M (Peak 793.97M) | Time:00:01.83 | Mem:0.00M, Peak:0.00M | Scene, ViewLayer | Synchronizing object | G4_car_seat_piping.007
Fra:451 Mem:678.32M (Peak 793.97M) | Time:00:01.83 | Mem:0.00M, Peak:0.00M | Scene, ViewLayer | Synchronizing object | G4_car_seat_piping.008
Fra:451 Mem:678.35M (Peak 793.97M) | Time:00:01.83 | Mem:0.00M, Peak:0.00M | Scene, ViewLayer | Synchronizing object | G4_car_seat_piping.009
Fra:451 Mem:678.39M (Peak 793.97M) | Time:00:01.83 | Mem:0.00M, Peak:0.00M | Scene, ViewLayer | Synchronizing object | G4_seat_back_grab_rail
Fra:451 Mem:678.39M (Peak 793.97M) | Time:00:01.83 | Mem:0.00M, Peak:0.00M | Scene, ViewLayer | Synchronizing object | G4_seat_back_grab_rail.001
Fra:451 Mem:678.39M (Peak 793.97M) | Time:00:01.83 | Mem:0.00M, Peak:0.00M | Scene, ViewLayer | Synchronizing object | G4_seat_back_grab_rail.002
Fra:451 Mem:678.39M (Peak 793.97M) | Time:00:01.83 | Mem:0.00M, Peak:0.00M | Scene, ViewLayer | Synchronizing object | G4_seat_back_grab_rail.003
Fra:451 Mem:678.40M (Peak 793.97M) | Time:00:01.83 | Mem:0.00M, Peak:0.00M | Scene, ViewLayer | Synchronizing object | G4_seat_back_grab_rail.004
Fra:451 Mem:678.40M (Peak 793.97M) | Time:00:01.83 | Mem:0.00M, Peak:0.00M | Scene, ViewLayer | Synchronizing object | G4_seat_back_grab_rail.005
Fra:451 Mem:678.40M (Peak 793.97M) | Time:00:01.83 | Mem:0.00M, Peak:0.00M | Scene, ViewLayer | Synchronizing object | G4_seat_back_grab_rail.006
Fra:451 Mem:678.40M (Peak 793.97M) | Time:00:01.83 | Mem:0.00M, Peak:0.00M | Scene, ViewLayer | Synchronizing object | G4_seat_back_grab_rail.007
Fra:451 Mem:678.41M (Peak 793.97M) | Time:00:01.83 | Mem:0.00M, Peak:0.00M | Scene, ViewLayer | Synchronizing object | G4_seat_back_grab_rail.008
Fra:451 Mem:678.41M (Peak 793.97M) | Time:00:01.83 | Mem:0.00M, Peak:0.00M | Scene, ViewLayer | Synchronizing object | G4_seat_back_grab_rail.009
Fra:451 Mem:678.41M (Peak 793.97M) | Time:00:01.83 | Mem:0.00M, Peak:0.00M | Scene, ViewLayer | Synchronizing object | G4_suspension_helix
Fra:451 Mem:678.52M (Peak 793.97M) | Time:00:01.83 | Mem:0.00M, Peak:0.00M | Scene, ViewLayer | Synchronizing object | G4_suspension_helix.001
Fra:451 Mem:678.63M (Peak 793.97M) | Time:00:01.83 | Mem:0.00M, Peak:0.00M | Scene, ViewLayer | Synchronizing object | G4_suspension_helix.002
Fra:451 Mem:678.74M (Peak 793.97M) | Time:00:01.83 | Mem:0.00M, Peak:0.00M | Scene, ViewLayer | Synchronizing object | G4_suspension_helix.003
Fra:451 Mem:678.85M (Peak 793.97M) | Time:00:01.83 | Mem:0.00M, Peak:0.00M | Scene, ViewLayer | Synchronizing object | G4_suspension_helix.004
Fra:451 Mem:678.96M (Peak 793.97M) | Time:00:01.83 | Mem:0.00M, Peak:0.00M | Scene, ViewLayer | Synchronizing object | G4_suspension_helix.005
Fra:451 Mem:679.07M (Peak 793.97M) | Time:00:01.83 | Mem:0.00M, Peak:0.00M | Scene, ViewLayer | Synchronizing object | G4_suspension_helix.006
Fra:451 Mem:679.17M (Peak 793.97M) | Time:00:01.83 | Mem:0.00M, Peak:0.00M | Scene, ViewLayer | Synchronizing object | G4_suspension_helix.007
Fra:451 Mem:679.29M (Peak 793.97M) | Time:00:01.83 | Mem:0.00M, Peak:0.00M | Scene, ViewLayer | Synchronizing object | G4_cab_gauge_needle
Fra:451 Mem:679.29M (Peak 793.97M) | Time:00:01.83 | Mem:0.00M, Peak:0.00M | Scene, ViewLayer | Synchronizing object | G4_cab_gauge_needle.001
Fra:451 Mem:679.30M (Peak 793.97M) | Time:00:01.83 | Mem:0.00M, Peak:0.00M | Scene, ViewLayer | Synchronizing object | G4_cab_gauge_needle.002
Fra:451 Mem:679.30M (Peak 793.97M) | Time:00:01.83 | Mem:0.00M, Peak:0.00M | Scene, ViewLayer | Synchronizing object | G4_viaduct_arch_edge_course
Fra:451 Mem:679.33M (Peak 793.97M) | Time:00:01.83 | Mem:0.00M, Peak:0.00M | Scene, ViewLayer | Synchronizing object | G4_viaduct_arch_edge_course.001
Fra:451 Mem:679.36M (Peak 793.97M) | Time:00:01.83 | Mem:0.00M, Peak:0.00M | Scene, ViewLayer | Synchronizing object | G4_viaduct_arch_edge_course.002
Fra:451 Mem:679.39M (Peak 793.97M) | Time:00:01.83 | Mem:0.00M, Peak:0.00M | Scene, ViewLayer | Synchronizing object | G4_viaduct_arch_edge_course.003
Fra:451 Mem:679.42M (Peak 793.97M) | Time:00:01.83 | Mem:0.00M, Peak:0.00M | Scene, ViewLayer | Synchronizing object | G4_viaduct_arch_edge_course.004
Fra:451 Mem:679.45M (Peak 793.97M) | Time:00:01.83 | Mem:0.00M, Peak:0.00M | Scene, ViewLayer | Synchronizing object | G4_viaduct_arch_edge_course.005
Fra:451 Mem:679.48M (Peak 793.97M) | Time:00:01.83 | Mem:0.00M, Peak:0.00M | Scene, ViewLayer | Synchronizing object | G4_viaduct_arch_edge_course.006
Fra:451 Mem:679.51M (Peak 793.97M) | Time:00:01.83 | Mem:0.00M, Peak:0.00M | Scene, ViewLayer | Synchronizing object | G4_viaduct_arch_edge_course.007
Fra:451 Mem:679.54M (Peak 793.97M) | Time:00:01.83 | Mem:0.00M, Peak:0.00M | Scene, ViewLayer | Synchronizing object | G4_viaduct_arch_edge_course.008
Fra:451 Mem:679.57M (Peak 793.97M) | Time:00:01.83 | Mem:0.00M, Peak:0.00M | Scene, ViewLayer | Synchronizing object | G4_viaduct_arch_edge_course.009
Fra:451 Mem:679.60M (Peak 793.97M) | Time:00:01.83 | Mem:0.00M, Peak:0.00M | Scene, ViewLayer | Synchronizing object | G4_viaduct_arch_edge_course.010
Fra:451 Mem:679.63M (Peak 793.97M) | Time:00:01.83 | Mem:0.00M, Peak:0.00M | Scene, ViewLayer | Synchronizing object | G4_viaduct_arch_edge_course.011
Fra:451 Mem:684.57M (Peak 793.97M) | Time:00:01.83 | Mem:0.00M, Peak:0.00M | Scene, ViewLayer | Synchronizing object | Track_sleeper.091
Fra:451 Mem:684.80M (Peak 793.97M) | Time:00:01.84 | Mem:0.00M, Peak:0.00M | Scene, ViewLayer | Synchronizing object | Track_sleeper.042
Fra:451 Mem:684.82M (Peak 793.97M) | Time:00:01.84 | Mem:0.00M, Peak:0.00M | Scene, ViewLayer | Synchronizing object | Track_sleeper.072
Fra:451 Mem:684.99M (Peak 793.97M) | Time:00:01.84 | Mem:0.00M, Peak:0.00M | Scene, ViewLayer | Synchronizing object | Track_sleeper.046
Fra:451 Mem:685.09M (Peak 793.97M) | Time:00:01.84 | Mem:0.00M, Peak:0.00M | Scene, ViewLayer | Synchronizing object | Track_sleeper.109
Fra:451 Mem:685.17M (Peak 793.97M) | Time:00:01.84 | Mem:0.00M, Peak:0.00M | Scene, ViewLayer | Synchronizing object | Track_sleeper.037
Fra:451 Mem:685.28M (Peak 793.97M) | Time:00:01.84 | Mem:0.00M, Peak:0.00M | Scene, ViewLayer | Synchronizing object | Running_rail.001
Fra:451 Mem:685.41M (Peak 793.97M) | Time:00:01.84 | Mem:0.00M, Peak:0.00M | Scene, ViewLayer | Synchronizing object | Track_sleeper.030
Fra:451 Mem:686.13M (Peak 793.97M) | Time:00:01.84 | Mem:0.00M, Peak:0.00M | Scene, ViewLayer | Synchronizing object | Track_sleeper.032
Fra:451 Mem:686.41M (Peak 793.97M) | Time:00:01.84 | Mem:0.00M, Peak:0.00M | Scene, ViewLayer | Synchronizing object | Bridge_guard_post.049
Fra:451 Mem:686.44M (Peak 793.97M) | Time:00:01.84 | Mem:0.00M, Peak:0.00M | Scene, ViewLayer | Synchronizing object | Track_sleeper.050
Fra:451 Mem:686.65M (Peak 793.97M) | Time:00:01.84 | Mem:0.00M, Peak:0.00M | Scene, ViewLayer | Synchronizing object | Track_sleeper.134
Fra:451 Mem:686.66M (Peak 793.97M) | Time:00:01.84 | Mem:0.00M, Peak:0.00M | Scene, ViewLayer | Synchronizing object | G4R03_roof_clipped_rain
Fra:451 Mem:686.88M (Peak 793.97M) | Time:00:01.84 | Mem:0.00M, Peak:0.00M | Scene, ViewLayer | Synchronizing object | Bridge_guard_post.036
Fra:451 Mem:686.82M (Peak 793.97M) | Time:00:01.84 | Mem:0.00M, Peak:0.00M | Scene, ViewLayer | Synchronizing object | Bridge_guard_post.008
Fra:451 Mem:686.83M (Peak 793.97M) | Time:00:01.84 | Mem:0.00M, Peak:0.00M | Scene, ViewLayer | Synchronizing object | Track_sleeper.008
Fra:451 Mem:686.84M (Peak 793.97M) | Time:00:01.84 | Mem:0.00M, Peak:0.00M | Scene, ViewLayer | Synchronizing object | Track_sleeper.143
Fra:451 Mem:686.89M (Peak 793.97M) | Time:00:01.84 | Mem:0.00M, Peak:0.00M | Scene, ViewLayer | Synchronizing object | Bridge_guard_post.011
Fra:451 Mem:686.90M (Peak 793.97M) | Time:00:01.84 | Mem:0.00M, Peak:0.00M | Scene, ViewLayer | Synchronizing object | Bridge_guard_post.012
Fra:451 Mem:686.90M (Peak 793.97M) | Time:00:01.84 | Mem:0.00M, Peak:0.00M | Scene, ViewLayer | Synchronizing object | Bridge_guard_post.057
Fra:451 Mem:686.91M (Peak 793.97M) | Time:00:01.84 | Mem:0.00M, Peak:0.00M | Scene, ViewLayer | Synchronizing object | Track_sleeper.024
Fra:451 Mem:686.92M (Peak 793.97M) | Time:00:01.84 | Mem:0.00M, Peak:0.00M | Scene, ViewLayer | Synchronizing object | Track_sleeper.106
Fra:451 Mem:687.00M (Peak 793.97M) | Time:00:01.84 | Mem:0.00M, Peak:0.00M | Scene, ViewLayer | Synchronizing object | Track_sleeper.069
Fra:451 Mem:686.98M (Peak 793.97M) | Time:00:01.84 | Mem:0.00M, Peak:0.00M | Scene, ViewLayer | Synchronizing object | Track_sleeper.122
Fra:451 Mem:687.06M (Peak 793.97M) | Time:00:01.84 | Mem:0.00M, Peak:0.00M | Scene, ViewLayer | Synchronizing object | Bridge_guard_post.035
Fra:451 Mem:687.05M (Peak 793.97M) | Time:00:01.84 | Mem:0.00M, Peak:0.00M | Scene, ViewLayer | Synchronizing object | Bridge_guard_post.038
Fra:451 Mem:687.06M (Peak 793.97M) | Time:00:01.84 | Mem:0.00M, Peak:0.00M | Scene, ViewLayer | Synchronizing object | Track_sleeper.002
Fra:451 Mem:687.06M (Peak 793.97M) | Time:00:01.84 | Mem:0.00M, Peak:0.00M | Scene, ViewLayer | Synchronizing object | Track_sleeper.048
Fra:451 Mem:687.12M (Peak 793.97M) | Time:00:01.84 | Mem:0.00M, Peak:0.00M | Scene, ViewLayer | Synchronizing object | Track_sleeper.060
Fra:451 Mem:687.14M (Peak 793.97M) | Time:00:01.84 | Mem:0.00M, Peak:0.00M | Scene, ViewLayer | Synchronizing object | Track_sleeper.062
Fra:451 Mem:687.18M (Peak 793.97M) | Time:00:01.84 | Mem:0.00M, Peak:0.00M | Scene, ViewLayer | Synchronizing object | Track_sleeper.040
Fra:451 Mem:687.21M (Peak 793.97M) | Time:00:01.84 | Mem:0.00M, Peak:0.00M | Scene, ViewLayer | Synchronizing object | Bridge_guard_post.029
Fra:451 Mem:687.22M (Peak 793.97M) | Time:00:01.84 | Mem:0.00M, Peak:0.00M | Scene, ViewLayer | Synchronizing object | Track_sleeper.124
Fra:451 Mem:687.24M (Peak 793.97M) | Time:00:01.84 | Mem:0.00M, Peak:0.00M | Scene, ViewLayer | Synchronizing object | Track_sleeper.117
Fra:451 Mem:687.27M (Peak 793.97M) | Time:00:01.84 | Mem:0.00M, Peak:0.00M | Scene, ViewLayer | Synchronizing object | Track_sleeper.101
Fra:451 Mem:687.30M (Peak 793.97M) | Time:00:01.84 | Mem:0.00M, Peak:0.00M | Scene, ViewLayer | Synchronizing object | Track_sleeper.076
Fra:451 Mem:687.33M (Peak 793.97M) | Time:00:01.84 | Mem:0.00M, Peak:0.00M | Scene, ViewLayer | Synchronizing object | Track_sleeper.103
Fra:451 Mem:687.36M (Peak 793.97M) | Time:00:01.84 | Mem:0.00M, Peak:0.00M | Scene, ViewLayer | Synchronizing object | Track_sleeper.094
Fra:451 Mem:687.39M (Peak 793.97M) | Time:00:01.84 | Mem:0.00M, Peak:0.00M | Scene, ViewLayer | Synchronizing object | Bridge_guard_post.026
Fra:451 Mem:687.40M (Peak 793.97M) | Time:00:01.84 | Mem:0.00M, Peak:0.00M | Scene, ViewLayer | Synchronizing object | Track_sleeper.119
Fra:451 Mem:687.43M (Peak 793.97M) | Time:00:01.84 | Mem:0.00M, Peak:0.00M | Scene, ViewLayer | Synchronizing object | Viaduct_arch_spandrel.004
Fra:451 Mem:687.46M (Peak 793.97M) | Time:00:01.84 | Mem:0.00M, Peak:0.00M | Scene, ViewLayer | Synchronizing object | Bridge_guard_post.052
Fra:451 Mem:687.47M (Peak 793.97M) | Time:00:01.84 | Mem:0.00M, Peak:0.00M | Scene, ViewLayer | Synchronizing object | Track_sleeper.021
Fra:451 Mem:687.47M (Peak 793.97M) | Time:00:01.84 | Mem:0.00M, Peak:0.00M | Scene, ViewLayer | Synchronizing object | Track_sleeper.081
Fra:451 Mem:687.55M (Peak 793.97M) | Time:00:01.84 | Mem:0.00M, Peak:0.00M | Scene, ViewLayer | Synchronizing object | Track_sleeper.013
Fra:451 Mem:687.54M (Peak 793.97M) | Time:00:01.84 | Mem:0.00M, Peak:0.00M | Scene, ViewLayer | Synchronizing object | Track_sleeper.096
Fra:451 Mem:687.61M (Peak 793.97M) | Time:00:01.84 | Mem:0.00M, Peak:0.00M | Scene, ViewLayer | Synchronizing object | Track_sleeper.128
Fra:451 Mem:687.62M (Peak 793.97M) | Time:00:01.84 | Mem:0.00M, Peak:0.00M | Scene, ViewLayer | Synchronizing object | Viaduct_arch_spandrel
Fra:451 Mem:687.66M (Peak 793.97M) | Time:00:01.84 | Mem:0.00M, Peak:0.00M | Scene, ViewLayer | Synchronizing object | Track_sleeper.089
Fra:451 Mem:687.67M (Peak 793.97M) | Time:00:01.84 | Mem:0.00M, Peak:0.00M | Scene, ViewLayer | Synchronizing object | Bridge_guard_post.004
Fra:451 Mem:687.70M (Peak 793.97M) | Time:00:01.84 | Mem:0.00M, Peak:0.00M | Scene, ViewLayer | Synchronizing object | Viaduct_arch_spandrel.002
Fra:451 Mem:687.73M (Peak 793.97M) | Time:00:01.84 | Mem:0.00M, Peak:0.00M | Scene, ViewLayer | Synchronizing object | Track_sleeper.087
Fra:451 Mem:687.75M (Peak 793.97M) | Time:00:01.84 | Mem:0.00M, Peak:0.00M | Scene, ViewLayer | Synchronizing object | Viaduct_arch_spandrel.001
Fra:451 Mem:687.79M (Peak 793.97M) | Time:00:01.84 | Mem:0.00M, Peak:0.00M | Scene, ViewLayer | Synchronizing object | Buffer_stop_crossbar
Fra:451 Mem:687.82M (Peak 793.97M) | Time:00:01.84 | Mem:0.00M, Peak:0.00M | Scene, ViewLayer | Synchronizing object | Track_sleeper.146
Fra:451 Mem:687.84M (Peak 793.97M) | Time:00:01.84 | Mem:0.00M, Peak:0.00M | Scene, ViewLayer | Synchronizing object | Track_sleeper.047
Fra:451 Mem:687.87M (Peak 793.97M) | Time:00:01.84 | Mem:0.00M, Peak:0.00M | Scene, ViewLayer | Synchronizing object | Track_sleeper.149
Fra:451 Mem:687.91M (Peak 793.97M) | Time:00:01.84 | Mem:0.00M, Peak:0.00M | Scene, ViewLayer | Synchronizing object | Bridge_guard_post.045
Fra:451 Mem:687.92M (Peak 793.97M) | Time:00:01.84 | Mem:0.00M, Peak:0.00M | Scene, ViewLayer | Synchronizing object | Track_sleeper.139
Fra:451 Mem:687.92M (Peak 793.97M) | Time:00:01.84 | Mem:0.00M, Peak:0.00M | Scene, ViewLayer | Synchronizing object | Bridge_guard_post.023
Fra:451 Mem:687.95M (Peak 793.97M) | Time:00:01.84 | Mem:0.00M, Peak:0.00M | Scene, ViewLayer | Synchronizing object | Track_sleeper.025
Fra:451 Mem:687.99M (Peak 793.97M) | Time:00:01.84 | Mem:0.00M, Peak:0.00M | Scene, ViewLayer | Synchronizing object | Track_sleeper.052
Fra:451 Mem:688.01M (Peak 793.97M) | Time:00:01.84 | Mem:0.00M, Peak:0.00M | Scene, ViewLayer | Synchronizing object | Track_sleeper.073
Fra:451 Mem:688.01M (Peak 793.97M) | Time:00:01.84 | Mem:0.00M, Peak:0.00M | Scene, ViewLayer | Synchronizing object | Bridge_guard_post.043
Fra:451 Mem:688.05M (Peak 793.97M) | Time:00:01.84 | Mem:0.00M, Peak:0.00M | Scene, ViewLayer | Synchronizing object | Track_sleeper.011
Fra:451 Mem:688.07M (Peak 793.97M) | Time:00:01.84 | Mem:0.00M, Peak:0.00M | Scene, ViewLayer | Synchronizing object | Track_sleeper.141
Fra:451 Mem:688.11M (Peak 793.97M) | Time:00:01.84 | Mem:0.00M, Peak:0.00M | Scene, ViewLayer | Synchronizing object | Track_sleeper.150
Fra:451 Mem:688.13M (Peak 793.97M) | Time:00:01.84 | Mem:0.00M, Peak:0.00M | Scene, ViewLayer | Synchronizing object | Bridge_guard_post.007
Fra:451 Mem:688.15M (Peak 793.97M) | Time:00:01.84 | Mem:0.00M, Peak:0.00M | Scene, ViewLayer | Synchronizing object | Bridge_guard_post.048
Fra:451 Mem:688.14M (Peak 793.97M) | Time:00:01.84 | Mem:0.00M, Peak:0.00M | Scene, ViewLayer | Synchronizing object | Track_sleeper.084
Fra:451 Mem:688.16M (Peak 793.97M) | Time:00:01.84 | Mem:0.00M, Peak:0.00M | Scene, ViewLayer | Synchronizing object | Track_sleeper.133
Fra:451 Mem:688.21M (Peak 793.97M) | Time:00:01.84 | Mem:0.00M, Peak:0.00M | Scene, ViewLayer | Synchronizing object | Track_sleeper.006
Fra:451 Mem:688.24M (Peak 793.97M) | Time:00:01.84 | Mem:0.00M, Peak:0.00M | Scene, ViewLayer | Synchronizing object | Track_sleeper
Fra:451 Mem:688.27M (Peak 793.97M) | Time:00:01.84 | Mem:0.00M, Peak:0.00M | Scene, ViewLayer | Synchronizing object | Track_sleeper.016
Fra:451 Mem:688.31M (Peak 793.97M) | Time:00:01.84 | Mem:0.00M, Peak:0.00M | Scene, ViewLayer | Synchronizing object | Track_sleeper.085
Fra:451 Mem:688.34M (Peak 793.97M) | Time:00:01.84 | Mem:0.00M, Peak:0.00M | Scene, ViewLayer | Synchronizing object | Track_sleeper.113
Fra:451 Mem:688.37M (Peak 793.97M) | Time:00:01.84 | Mem:0.00M, Peak:0.00M | Scene, ViewLayer | Synchronizing object | Bridge_guard_post
Fra:451 Mem:688.37M (Peak 793.97M) | Time:00:01.84 | Mem:0.00M, Peak:0.00M | Scene, ViewLayer | Synchronizing object | Bridge_guard_post.025
Fra:451 Mem:688.38M (Peak 793.97M) | Time:00:01.84 | Mem:0.00M, Peak:0.00M | Scene, ViewLayer | Synchronizing object | Track_sleeper.099
Fra:451 Mem:688.41M (Peak 793.97M) | Time:00:01.84 | Mem:0.00M, Peak:0.00M | Scene, ViewLayer | Synchronizing object | Track_sleeper.043
Fra:451 Mem:688.46M (Peak 793.97M) | Time:00:01.84 | Mem:0.00M, Peak:0.00M | Scene, ViewLayer | Synchronizing object | Track_sleeper.115
Fra:451 Mem:688.45M (Peak 793.97M) | Time:00:01.84 | Mem:0.00M, Peak:0.00M | Scene, ViewLayer | Synchronizing object | Track_sleeper.092
Fra:451 Mem:688.53M (Peak 793.97M) | Time:00:01.84 | Mem:0.00M, Peak:0.00M | Scene, ViewLayer | Synchronizing object | Bridge_guard_post.030
Fra:451 Mem:688.52M (Peak 793.97M) | Time:00:01.84 | Mem:0.00M, Peak:0.00M | Scene, ViewLayer | Synchronizing object | Track_sleeper.070
Fra:451 Mem:688.52M (Peak 793.97M) | Time:00:01.84 | Mem:0.00M, Peak:0.00M | Scene, ViewLayer | Synchronizing object | Bridge_guard_post.028
Fra:451 Mem:688.55M (Peak 793.97M) | Time:00:01.84 | Mem:0.00M, Peak:0.00M | Scene, ViewLayer | Synchronizing object | Track_sleeper.077
Fra:451 Mem:688.58M (Peak 793.97M) | Time:00:01.84 | Mem:0.00M, Peak:0.00M | Scene, ViewLayer | Synchronizing object | Track_sleeper.110
Fra:451 Mem:688.61M (Peak 793.97M) | Time:00:01.84 | Mem:0.00M, Peak:0.00M | Scene, ViewLayer | Synchronizing object | Bridge_guard_post.019
Fra:451 Mem:688.61M (Peak 793.97M) | Time:00:01.84 | Mem:0.00M, Peak:0.00M | Scene, ViewLayer | Synchronizing object | Bridge_guard_post.020
Fra:451 Mem:688.62M (Peak 793.97M) | Time:00:01.84 | Mem:0.00M, Peak:0.00M | Scene, ViewLayer | Synchronizing object | Track_sleeper.033
Fra:451 Mem:688.63M (Peak 793.97M) | Time:00:01.84 | Mem:0.00M, Peak:0.00M | Scene, ViewLayer | Synchronizing object | Track_sleeper.135
Fra:451 Mem:688.72M (Peak 793.97M) | Time:00:01.84 | Mem:0.00M, Peak:0.00M | Scene, ViewLayer | Synchronizing object | Track_sleeper.014
Fra:451 Mem:688.72M (Peak 793.97M) | Time:00:01.84 | Mem:0.00M, Peak:0.00M | Scene, ViewLayer | Synchronizing object | Track_sleeper.034
Fra:451 Mem:688.78M (Peak 793.97M) | Time:00:01.84 | Mem:0.00M, Peak:0.00M | Scene, ViewLayer | Synchronizing object | Track_sleeper.051
Fra:451 Mem:688.78M (Peak 793.97M) | Time:00:01.84 | Mem:0.00M, Peak:0.00M | Scene, ViewLayer | Synchronizing object | Track_sleeper.064
Fra:451 Mem:688.84M (Peak 793.97M) | Time:00:01.84 | Mem:0.00M, Peak:0.00M | Scene, ViewLayer | Synchronizing object | Bridge_guard_post.037
Fra:451 Mem:688.84M (Peak 793.97M) | Time:00:01.84 | Mem:0.00M, Peak:0.00M | Scene, ViewLayer | Synchronizing object | Track_sleeper.147
Fra:451 Mem:688.86M (Peak 793.97M) | Time:00:01.84 | Mem:0.00M, Peak:0.00M | Scene, ViewLayer | Synchronizing object | Bridge_guard_post.055
Fra:451 Mem:688.88M (Peak 793.97M) | Time:00:01.84 | Mem:0.00M, Peak:0.00M | Scene, ViewLayer | Synchronizing object | Track_sleeper.144
Fra:451 Mem:688.92M (Peak 793.97M) | Time:00:01.84 | Mem:0.00M, Peak:0.00M | Scene, ViewLayer | Synchronizing object | Track_sleeper.066
Fra:451 Mem:688.95M (Peak 793.97M) | Time:00:01.84 | Mem:0.00M, Peak:0.00M | Scene, ViewLayer | Synchronizing object | Track_sleeper.068
Fra:451 Mem:688.96M (Peak 793.97M) | Time:00:01.84 | Mem:0.00M, Peak:0.00M | Scene, ViewLayer | Synchronizing object | Track_sleeper.137
Fra:451 Mem:688.99M (Peak 793.97M) | Time:00:01.84 | Mem:0.00M, Peak:0.00M | Scene, ViewLayer | Synchronizing object | Track_sleeper.038
Fra:451 Mem:689.04M (Peak 793.97M) | Time:00:01.84 | Mem:0.00M, Peak:0.00M | Scene, ViewLayer | Synchronizing object | Bridge_guard_post.016
Fra:451 Mem:689.05M (Peak 793.97M) | Time:00:01.84 | Mem:0.00M, Peak:0.00M | Scene, ViewLayer | Synchronizing object | Track_sleeper.107
Fra:451 Mem:689.08M (Peak 793.97M) | Time:00:01.84 | Mem:0.00M, Peak:0.00M | Scene, ViewLayer | Synchronizing object | Bridge_guard_post.046
Fra:451 Mem:689.09M (Peak 793.97M) | Time:00:01.84 | Mem:0.00M, Peak:0.00M | Scene, ViewLayer | Synchronizing object | Track_sleeper.067
Fra:451 Mem:689.09M (Peak 793.97M) | Time:00:01.84 | Mem:0.00M, Peak:0.00M | Scene, ViewLayer | Synchronizing object | Track_sleeper.123
Fra:451 Mem:689.15M (Peak 793.97M) | Time:00:01.84 | Mem:0.00M, Peak:0.00M | Scene, ViewLayer | Synchronizing object | Bridge_guard_post.039
Fra:451 Mem:689.15M (Peak 793.97M) | Time:00:01.84 | Mem:0.00M, Peak:0.00M | Scene, ViewLayer | Synchronizing object | Track_sleeper.003
Fra:451 Mem:689.17M (Peak 793.97M) | Time:00:01.84 | Mem:0.00M, Peak:0.00M | Scene, ViewLayer | Synchronizing object | Track_sleeper.026
Fra:451 Mem:689.24M (Peak 793.97M) | Time:00:01.84 | Mem:0.00M, Peak:0.00M | Scene, ViewLayer | Synchronizing object | Track_sleeper.053
Fra:451 Mem:689.23M (Peak 793.97M) | Time:00:01.84 | Mem:0.00M, Peak:0.00M | Scene, ViewLayer | Synchronizing object | Track_sleeper.074
Fra:451 Mem:689.28M (Peak 793.97M) | Time:00:01.84 | Mem:0.00M, Peak:0.00M | Scene, ViewLayer | Synchronizing object | Track_sleeper.129
Fra:451 Mem:689.31M (Peak 793.97M) | Time:00:01.84 | Mem:0.00M, Peak:0.00M | Scene, ViewLayer | Synchronizing object | Bridge_guard_post.032
Fra:451 Mem:689.32M (Peak 793.97M) | Time:00:01.84 | Mem:0.00M, Peak:0.00M | Scene, ViewLayer | Synchronizing object | Bridge_guard_post.040
Fra:451 Mem:689.33M (Peak 793.97M) | Time:00:01.84 | Mem:0.00M, Peak:0.00M | Scene, ViewLayer | Synchronizing object | Track_sleeper.063
Fra:451 Mem:689.36M (Peak 793.97M) | Time:00:01.84 | Mem:0.00M, Peak:0.00M | Scene, ViewLayer | Synchronizing object | Track_sleeper.125
Fra:451 Mem:689.41M (Peak 793.97M) | Time:00:01.84 | Mem:0.00M, Peak:0.00M | Scene, ViewLayer | Synchronizing object | Bridge_guard_post.003
Fra:451 Mem:689.40M (Peak 793.97M) | Time:00:01.84 | Mem:0.00M, Peak:0.00M | Scene, ViewLayer | Synchronizing object | Bridge_guard_post.050
Fra:451 Mem:689.40M (Peak 793.97M) | Time:00:01.84 | Mem:0.00M, Peak:0.00M | Scene, ViewLayer | Synchronizing object | Track_sleeper.009
Fra:451 Mem:689.42M (Peak 793.97M) | Time:00:01.84 | Mem:0.00M, Peak:0.00M | Scene, ViewLayer | Synchronizing object | Track_sleeper.131
Fra:451 Mem:689.49M (Peak 793.97M) | Time:00:01.84 | Mem:0.00M, Peak:0.00M | Scene, ViewLayer | Synchronizing object | Track_sleeper.019
Fra:451 Mem:689.48M (Peak 793.97M) | Time:00:01.84 | Mem:0.00M, Peak:0.00M | Scene, ViewLayer | Synchronizing object | Track_sleeper.029
Fra:451 Mem:689.54M (Peak 793.97M) | Time:00:01.84 | Mem:0.00M, Peak:0.00M | Scene, ViewLayer | Synchronizing object | Track_sleeper.036
Fra:451 Mem:689.54M (Peak 793.97M) | Time:00:01.84 | Mem:0.00M, Peak:0.00M | Scene, ViewLayer | Synchronizing object | Track_sleeper.079
Fra:451 Mem:689.61M (Peak 793.97M) | Time:00:01.84 | Mem:0.00M, Peak:0.00M | Scene, ViewLayer | Synchronizing object | Track_sleeper.111
Fra:451 Mem:689.60M (Peak 793.97M) | Time:00:01.84 | Mem:0.00M, Peak:0.00M | Scene, ViewLayer | Synchronizing object | Bridge_guard_post.027
Fra:451 Mem:689.64M (Peak 793.97M) | Time:00:01.84 | Mem:0.00M, Peak:0.00M | Scene, ViewLayer | Synchronizing object | Track_sleeper.017
Fra:451 Mem:689.66M (Peak 793.97M) | Time:00:01.84 | Mem:0.00M, Peak:0.00M | Scene, ViewLayer | Synchronizing object | Track_sleeper.086
Fra:451 Mem:689.68M (Peak 793.97M) | Time:00:01.84 | Mem:0.00M, Peak:0.00M | Scene, ViewLayer | Synchronizing object | Track_sleeper.028
Fra:451 Mem:689.72M (Peak 793.97M) | Time:00:01.84 | Mem:0.00M, Peak:0.00M | Scene, ViewLayer | Synchronizing object | Track_sleeper.120
Fra:451 Mem:689.75M (Peak 793.97M) | Time:00:01.84 | Mem:0.00M, Peak:0.00M | Scene, ViewLayer | Synchronizing object | Bridge_guard_post.053
Fra:451 Mem:689.76M (Peak 793.97M) | Time:00:01.84 | Mem:0.00M, Peak:0.00M | Scene, ViewLayer | Synchronizing object | Bridge_guard_post.054
Fra:451 Mem:689.80M (Peak 793.97M) | Time:00:01.84 | Mem:0.00M, Peak:0.00M | Scene, ViewLayer | Synchronizing object | Bridge_guard_post.014
Fra:451 Mem:689.77M (Peak 793.97M) | Time:00:01.84 | Mem:0.00M, Peak:0.00M | Scene, ViewLayer | Synchronizing object | Track_sleeper.097
Fra:451 Mem:689.79M (Peak 793.97M) | Time:00:01.84 | Mem:0.00M, Peak:0.00M | Scene, ViewLayer | Synchronizing object | Track_sleeper.090
Fra:451 Mem:689.84M (Peak 793.97M) | Time:00:01.84 | Mem:0.00M, Peak:0.00M | Scene, ViewLayer | Synchronizing object | Bridge_guard_post.005
Fra:451 Mem:689.85M (Peak 793.97M) | Time:00:01.84 | Mem:0.00M, Peak:0.00M | Scene, ViewLayer | Synchronizing object | Bridge_guard_post.058
Fra:451 Mem:689.87M (Peak 793.97M) | Time:00:01.84 | Mem:0.00M, Peak:0.00M | Scene, ViewLayer | Synchronizing object | Track_sleeper.044
Fra:451 Mem:689.86M (Peak 793.97M) | Time:00:01.84 | Mem:0.00M, Peak:0.00M | Scene, ViewLayer | Synchronizing object | Track_sleeper.108
Fra:451 Mem:689.94M (Peak 793.97M) | Time:00:01.84 | Mem:0.00M, Peak:0.00M | Scene, ViewLayer | Synchronizing object | Track_sleeper.041
Fra:451 Mem:689.92M (Peak 793.97M) | Time:00:01.84 | Mem:0.00M, Peak:0.00M | Scene, ViewLayer | Synchronizing object | Track_sleeper.071
Fra:451 Mem:689.98M (Peak 793.97M) | Time:00:01.84 | Mem:0.00M, Peak:0.00M | Scene, ViewLayer | Synchronizing object | Bridge_guard_post.021
Fra:451 Mem:689.97M (Peak 793.97M) | Time:00:01.84 | Mem:0.00M, Peak:0.00M | Scene, ViewLayer | Synchronizing object | Bridge_guard_post.018
Fra:451 Mem:689.99M (Peak 793.97M) | Time:00:01.84 | Mem:0.00M, Peak:0.00M | Scene, ViewLayer | Synchronizing object | Track_sleeper.022
Fra:451 Mem:689.99M (Peak 793.97M) | Time:00:01.84 | Mem:0.00M, Peak:0.00M | Scene, ViewLayer | Synchronizing object | Bridge_guard_post.013
Fra:451 Mem:690.02M (Peak 793.97M) | Time:00:01.84 | Mem:0.00M, Peak:0.00M | Scene, ViewLayer | Synchronizing object | Bridge_guard_post.001
Fra:451 Mem:690.03M (Peak 793.97M) | Time:00:01.84 | Mem:0.00M, Peak:0.00M | Scene, ViewLayer | Synchronizing object | Bridge_guard_post.047
Fra:451 Mem:690.04M (Peak 793.97M) | Time:00:01.84 | Mem:0.00M, Peak:0.00M | Scene, ViewLayer | Synchronizing object | Track_sleeper.140
Fra:451 Mem:690.08M (Peak 793.97M) | Time:00:01.84 | Mem:0.00M, Peak:0.00M | Scene, ViewLayer | Synchronizing object | Track_sleeper.035
Fra:451 Mem:690.10M (Peak 793.97M) | Time:00:01.84 | Mem:0.00M, Peak:0.00M | Scene, ViewLayer | Synchronizing object | Track_sleeper.012
Fra:451 Mem:690.13M (Peak 793.97M) | Time:00:01.84 | Mem:0.00M, Peak:0.00M | Scene, ViewLayer | Synchronizing object | Track_sleeper.104
Fra:451 Mem:690.17M (Peak 793.97M) | Time:00:01.84 | Mem:0.00M, Peak:0.00M | Scene, ViewLayer | Synchronizing object | Track_sleeper.142
Fra:451 Mem:690.20M (Peak 793.97M) | Time:00:01.84 | Mem:0.00M, Peak:0.00M | Scene, ViewLayer | Synchronizing object | Track_sleeper.055
Fra:451 Mem:690.23M (Peak 793.97M) | Time:00:01.84 | Mem:0.00M, Peak:0.00M | Scene, ViewLayer | Synchronizing object | Track_sleeper.082
Fra:451 Mem:690.26M (Peak 793.97M) | Time:00:01.84 | Mem:0.00M, Peak:0.00M | Scene, ViewLayer | Synchronizing object | Track_sleeper.121
Fra:451 Mem:690.29M (Peak 793.97M) | Time:00:01.84 | Mem:0.00M, Peak:0.00M | Scene, ViewLayer | Synchronizing object | Track_sleeper.105
Fra:451 Mem:690.33M (Peak 793.97M) | Time:00:01.84 | Mem:0.00M, Peak:0.00M | Scene, ViewLayer | Synchronizing object | Bridge_guard_post.010
Fra:451 Mem:690.33M (Peak 793.97M) | Time:00:01.84 | Mem:0.00M, Peak:0.00M | Scene, ViewLayer | Synchronizing object | Bridge_guard_post.015
Fra:451 Mem:690.34M (Peak 793.97M) | Time:00:01.84 | Mem:0.00M, Peak:0.00M | Scene, ViewLayer | Synchronizing object | Bridge_guard_post.056
Fra:451 Mem:690.34M (Peak 793.97M) | Time:00:01.84 | Mem:0.00M, Peak:0.00M | Scene, ViewLayer | Synchronizing object | Track_sleeper.018
Fra:451 Mem:690.35M (Peak 793.97M) | Time:00:01.84 | Mem:0.00M, Peak:0.00M | Scene, ViewLayer | Synchronizing object | Track_sleeper.059
Fra:451 Mem:690.43M (Peak 793.97M) | Time:00:01.84 | Mem:0.00M, Peak:0.00M | Scene, ViewLayer | Synchronizing object | Bridge_guard_post.022
Fra:451 Mem:690.41M (Peak 793.97M) | Time:00:01.84 | Mem:0.00M, Peak:0.00M | Scene, ViewLayer | Synchronizing object | Track_sleeper.027
Fra:451 Mem:690.42M (Peak 793.97M) | Time:00:01.84 | Mem:0.00M, Peak:0.00M | Scene, ViewLayer | Synchronizing object | Track_sleeper.058
Fra:451 Mem:690.48M (Peak 793.97M) | Time:00:01.84 | Mem:0.00M, Peak:0.00M | Scene, ViewLayer | Synchronizing object | Track_sleeper.065
Fra:451 Mem:690.48M (Peak 793.97M) | Time:00:01.84 | Mem:0.00M, Peak:0.00M | Scene, ViewLayer | Synchronizing object | Track_sleeper.100
Fra:451 Mem:690.54M (Peak 793.97M) | Time:00:01.84 | Mem:0.00M, Peak:0.00M | Scene, ViewLayer | Synchronizing object | Track_sleeper.116
Fra:451 Mem:690.54M (Peak 793.97M) | Time:00:01.84 | Mem:0.00M, Peak:0.00M | Scene, ViewLayer | Synchronizing object | Bridge_guard_post.031
Fra:451 Mem:690.58M (Peak 793.97M) | Time:00:01.84 | Mem:0.00M, Peak:0.00M | Scene, ViewLayer | Synchronizing object | Track_sleeper.004
Fra:451 Mem:690.61M (Peak 793.97M) | Time:00:01.84 | Mem:0.00M, Peak:0.00M | Scene, ViewLayer | Synchronizing object | Track_sleeper.093
Fra:451 Mem:690.65M (Peak 793.97M) | Time:00:01.84 | Mem:0.00M, Peak:0.00M | Scene, ViewLayer | Synchronizing object | Track_sleeper.102
Fra:451 Mem:690.67M (Peak 793.97M) | Time:00:01.85 | Mem:0.00M, Peak:0.00M | Scene, ViewLayer | Synchronizing object | Track_sleeper.080
Fra:451 Mem:690.69M (Peak 793.97M) | Time:00:01.85 | Mem:0.00M, Peak:0.00M | Scene, ViewLayer | Synchronizing object | Buffer_stop_brace
Fra:451 Mem:690.71M (Peak 793.97M) | Time:00:01.85 | Mem:0.00M, Peak:0.00M | Scene, ViewLayer | Synchronizing object | Continuous_bridge_trackbed
Fra:451 Mem:690.83M (Peak 793.97M) | Time:00:01.85 | Mem:0.00M, Peak:0.00M | Scene, ViewLayer | Synchronizing object | Track_sleeper.020
Fra:451 Mem:690.93M (Peak 793.97M) | Time:00:01.85 | Mem:0.00M, Peak:0.00M | Scene, ViewLayer | Synchronizing object | Track_sleeper.031
Fra:451 Mem:690.99M (Peak 793.97M) | Time:00:01.85 | Mem:0.00M, Peak:0.00M | Scene, ViewLayer | Synchronizing object | Track_sleeper.078
Fra:451 Mem:691.03M (Peak 793.97M) | Time:00:01.85 | Mem:0.00M, Peak:0.00M | Scene, ViewLayer | Synchronizing object | Track_sleeper.118
Fra:451 Mem:691.06M (Peak 793.97M) | Time:00:01.85 | Mem:0.00M, Peak:0.00M | Scene, ViewLayer | Synchronizing object | Track_sleeper.057
Fra:451 Mem:691.10M (Peak 793.97M) | Time:00:01.85 | Mem:0.00M, Peak:0.00M | Scene, ViewLayer | Synchronizing object | Track_sleeper.095
Fra:451 Mem:691.12M (Peak 793.97M) | Time:00:01.85 | Mem:0.00M, Peak:0.00M | Scene, ViewLayer | Synchronizing object | Track_sleeper.127
Fra:451 Mem:691.14M (Peak 793.97M) | Time:00:01.85 | Mem:0.00M, Peak:0.00M | Scene, ViewLayer | Synchronizing object | Track_sleeper.136
Fra:451 Mem:691.18M (Peak 793.97M) | Time:00:01.85 | Mem:0.00M, Peak:0.00M | Scene, ViewLayer | Synchronizing object | Bridge_guard_post.034
Fra:451 Mem:691.21M (Peak 793.97M) | Time:00:01.85 | Mem:0.00M, Peak:0.00M | Scene, ViewLayer | Synchronizing object | Track_sleeper.015
Fra:451 Mem:691.19M (Peak 793.97M) | Time:00:01.85 | Mem:0.00M, Peak:0.00M | Scene, ViewLayer | Synchronizing object | Track_sleeper.007
Fra:451 Mem:691.26M (Peak 793.97M) | Time:00:01.85 | Mem:0.00M, Peak:0.00M | Scene, ViewLayer | Synchronizing object | Track_sleeper.148
Fra:451 Mem:691.30M (Peak 793.97M) | Time:00:01.85 | Mem:0.00M, Peak:0.00M | Scene, ViewLayer | Synchronizing object | Track_sleeper.145
Fra:451 Mem:691.34M (Peak 793.97M) | Time:00:01.85 | Mem:0.00M, Peak:0.00M | Scene, ViewLayer | Synchronizing object | Bridge_guard_post.044
Fra:451 Mem:691.34M (Peak 793.97M) | Time:00:01.85 | Mem:0.00M, Peak:0.00M | Scene, ViewLayer | Synchronizing object | Buffer_stop_brace.001
Fra:451 Mem:691.33M (Peak 793.97M) | Time:00:01.85 | Mem:0.00M, Peak:0.00M | Scene, ViewLayer | Synchronizing object | Track_sleeper.138
Fra:451 Mem:691.34M (Peak 793.97M) | Time:00:01.85 | Mem:0.00M, Peak:0.00M | Scene, ViewLayer | Synchronizing object | Track_sleeper.023
Fra:451 Mem:691.40M (Peak 793.97M) | Time:00:01.85 | Mem:0.00M, Peak:0.00M | Scene, ViewLayer | Synchronizing object | Track_sleeper.039
Fra:451 Mem:691.39M (Peak 793.97M) | Time:00:01.85 | Mem:0.00M, Peak:0.00M | Scene, ViewLayer | Synchronizing object | Track_sleeper.061
Fra:451 Mem:691.45M (Peak 793.97M) | Time:00:01.85 | Mem:0.00M, Peak:0.00M | Scene, ViewLayer | Synchronizing object | Bridge_guard_post.017
Fra:451 Mem:691.45M (Peak 793.97M) | Time:00:01.85 | Mem:0.00M, Peak:0.00M | Scene, ViewLayer | Synchronizing object | Track_sleeper.001
Fra:451 Mem:691.47M (Peak 793.97M) | Time:00:01.85 | Mem:0.00M, Peak:0.00M | Scene, ViewLayer | Synchronizing object | Track_sleeper.049
Fra:451 Mem:691.52M (Peak 793.97M) | Time:00:01.85 | Mem:0.00M, Peak:0.00M | Scene, ViewLayer | Synchronizing object | Bridge_guard_post.002
Fra:451 Mem:691.53M (Peak 793.97M) | Time:00:01.85 | Mem:0.00M, Peak:0.00M | Scene, ViewLayer | Synchronizing object | Track_sleeper.054
Fra:451 Mem:691.53M (Peak 793.97M) | Time:00:01.85 | Mem:0.00M, Peak:0.00M | Scene, ViewLayer | Synchronizing object | Track_sleeper.075
Fra:451 Mem:691.61M (Peak 793.97M) | Time:00:01.85 | Mem:0.00M, Peak:0.00M | Scene, ViewLayer | Synchronizing object | Track_sleeper.130
Fra:451 Mem:691.59M (Peak 793.97M) | Time:00:01.85 | Mem:0.00M, Peak:0.00M | Scene, ViewLayer | Synchronizing object | Bridge_guard_post.033
Fra:451 Mem:691.62M (Peak 793.97M) | Time:00:01.85 | Mem:0.00M, Peak:0.00M | Scene, ViewLayer | Synchronizing object | Bridge_guard_post.041
Fra:451 Mem:691.63M (Peak 793.97M) | Time:00:01.85 | Mem:0.00M, Peak:0.00M | Scene, ViewLayer | Synchronizing object | Bridge_guard_post.042
Fra:451 Mem:691.66M (Peak 793.97M) | Time:00:01.85 | Mem:0.00M, Peak:0.00M | Scene, ViewLayer | Synchronizing object | Track_sleeper.056
Fra:451 Mem:691.65M (Peak 793.97M) | Time:00:01.85 | Mem:0.00M, Peak:0.00M | Scene, ViewLayer | Synchronizing object | Track_sleeper.126
Fra:451 Mem:691.71M (Peak 793.97M) | Time:00:01.85 | Mem:0.00M, Peak:0.00M | Scene, ViewLayer | Synchronizing object | Track_sleeper.005
Fra:451 Mem:691.70M (Peak 793.97M) | Time:00:01.85 | Mem:0.00M, Peak:0.00M | Scene, ViewLayer | Synchronizing object | Bridge_guard_post.006
Fra:451 Mem:691.75M (Peak 793.97M) | Time:00:01.85 | Mem:0.00M, Peak:0.00M | Scene, ViewLayer | Synchronizing object | Bridge_guard_post.051
Fra:451 Mem:691.75M (Peak 793.97M) | Time:00:01.85 | Mem:0.00M, Peak:0.00M | Scene, ViewLayer | Synchronizing object | Track_sleeper.083
Fra:451 Mem:691.78M (Peak 793.97M) | Time:00:01.85 | Mem:0.00M, Peak:0.00M | Scene, ViewLayer | Synchronizing object | Track_sleeper.132
Fra:451 Mem:691.81M (Peak 793.97M) | Time:00:01.85 | Mem:0.00M, Peak:0.00M | Scene, ViewLayer | Synchronizing object | Bridge_guard_post.024
Fra:451 Mem:691.82M (Peak 793.97M) | Time:00:01.85 | Mem:0.00M, Peak:0.00M | Scene, ViewLayer | Synchronizing object | Running_rail
Fra:451 Mem:691.92M (Peak 793.97M) | Time:00:01.85 | Mem:0.00M, Peak:0.00M | Scene, ViewLayer | Synchronizing object | Viaduct_arch_spandrel.003
Fra:451 Mem:692.22M (Peak 793.97M) | Time:00:01.85 | Mem:0.00M, Peak:0.00M | Scene, ViewLayer | Synchronizing object | Viaduct_arch_spandrel.005
Fra:451 Mem:692.35M (Peak 793.97M) | Time:00:01.85 | Mem:0.00M, Peak:0.00M | Scene, ViewLayer | Synchronizing object | Track_sleeper.112
Fra:451 Mem:692.49M (Peak 793.97M) | Time:00:01.85 | Mem:0.00M, Peak:0.00M | Scene, ViewLayer | Synchronizing object | Bridge_guard_post.009
Fra:451 Mem:692.51M (Peak 793.97M) | Time:00:01.85 | Mem:0.00M, Peak:0.00M | Scene, ViewLayer | Synchronizing object | Viaduct_bearing_cap_G2R01_00
Fra:451 Mem:692.52M (Peak 793.97M) | Time:00:01.85 | Mem:0.00M, Peak:0.00M | Scene, ViewLayer | Synchronizing object | Viaduct_bearing_cap_G2R01_01
Fra:451 Mem:692.55M (Peak 793.97M) | Time:00:01.85 | Mem:0.00M, Peak:0.00M | Scene, ViewLayer | Synchronizing object | Viaduct_bearing_cap_G2R01_02
Fra:451 Mem:692.65M (Peak 793.97M) | Time:00:01.85 | Mem:0.00M, Peak:0.00M | Scene, ViewLayer | Synchronizing object | Viaduct_bearing_cap_G2R01_03
Fra:451 Mem:692.71M (Peak 793.97M) | Time:00:01.85 | Mem:0.00M, Peak:0.00M | Scene, ViewLayer | Synchronizing object | Viaduct_bearing_cap_G2R01_04
Fra:451 Mem:692.74M (Peak 793.97M) | Time:00:01.85 | Mem:0.00M, Peak:0.00M | Scene, ViewLayer | Synchronizing object | Viaduct_bearing_cap_G2R01_05
Fra:451 Mem:692.79M (Peak 793.97M) | Time:00:01.85 | Mem:0.00M, Peak:0.00M | Scene, ViewLayer | Synchronizing object | Viaduct_bearing_cap_G2R01_06
Fra:451 Mem:692.77M (Peak 793.97M) | Time:00:01.85 | Mem:0.00M, Peak:0.00M | Scene, ViewLayer | Synchronizing object | Curved_roof_glazing.132
Fra:451 Mem:692.81M (Peak 793.97M) | Time:00:01.85 | Mem:0.00M, Peak:0.00M | Scene, ViewLayer | Synchronizing object | Wall_glazing_mullion.010
Fra:451 Mem:692.82M (Peak 793.97M) | Time:00:01.85 | Mem:0.00M, Peak:0.00M | Scene, ViewLayer | Synchronizing object | Ridge_vent_stanchion.008
Fra:451 Mem:692.83M (Peak 793.97M) | Time:00:01.85 | Mem:0.00M, Peak:0.00M | Scene, ViewLayer | Synchronizing object | Wall_stone_sill.040
Fra:451 Mem:692.83M (Peak 793.97M) | Time:00:01.85 | Mem:0.00M, Peak:0.00M | Scene, ViewLayer | Synchronizing object | Wall_transom.133
Fra:451 Mem:692.88M (Peak 793.97M) | Time:00:01.85 | Mem:0.00M, Peak:0.00M | Scene, ViewLayer | Synchronizing object | Column_capital.008
Fra:451 Mem:692.88M (Peak 793.97M) | Time:00:01.85 | Mem:0.00M, Peak:0.00M | Scene, ViewLayer | Synchronizing object | Curved_roof_glazing.273
Fra:451 Mem:692.90M (Peak 793.97M) | Time:00:01.85 | Mem:0.00M, Peak:0.00M | Scene, ViewLayer | Synchronizing object | Wall_transom.019
Fra:451 Mem:692.94M (Peak 793.97M) | Time:00:01.85 | Mem:0.00M, Peak:0.00M | Scene, ViewLayer | Synchronizing object | Curved_roof_glazing.222
Fra:451 Mem:692.95M (Peak 793.97M) | Time:00:01.85 | Mem:0.00M, Peak:0.00M | Scene, ViewLayer | Synchronizing object | Side_wall_glass.057
Fra:451 Mem:692.94M (Peak 793.97M) | Time:00:01.85 | Mem:0.00M, Peak:0.00M | Scene, ViewLayer | Synchronizing object | Wall_transom.033
Fra:451 Mem:692.94M (Peak 793.97M) | Time:00:01.85 | Mem:0.00M, Peak:0.00M | Scene, ViewLayer | Synchronizing object | Curved_roof_glazing.027
Fra:451 Mem:692.98M (Peak 793.97M) | Time:00:01.85 | Mem:0.00M, Peak:0.00M | Scene, ViewLayer | Synchronizing object | Curved_roof_glazing.043
Fra:451 Mem:692.98M (Peak 793.97M) | Time:00:01.85 | Mem:0.00M, Peak:0.00M | Scene, ViewLayer | Synchronizing object | Curved_roof_glazing.107
Fra:451 Mem:692.98M (Peak 793.97M) | Time:00:01.85 | Mem:0.00M, Peak:0.00M | Scene, ViewLayer | Synchronizing object | Wall_transom.063
Fra:451 Mem:693.01M (Peak 793.97M) | Time:00:01.85 | Mem:0.00M, Peak:0.00M | Scene, ViewLayer | Synchronizing object | Column_base_plinth.007
Fra:451 Mem:693.03M (Peak 793.97M) | Time:00:01.85 | Mem:0.00M, Peak:0.00M | Scene, ViewLayer | Synchronizing object | Curved_roof_glazing.008
Fra:451 Mem:693.06M (Peak 793.97M) | Time:00:01.85 | Mem:0.00M, Peak:0.00M | Scene, ViewLayer | Synchronizing object | End_wall_glazing.003
Fra:451 Mem:693.05M (Peak 793.97M) | Time:00:01.85 | Mem:0.00M, Peak:0.00M | Scene, ViewLayer | Synchronizing object | Curved_roof_glazing.200
Fra:451 Mem:693.04M (Peak 793.97M) | Time:00:01.85 | Mem:0.00M, Peak:0.00M | Scene, ViewLayer | Synchronizing object | Side_wall_glass.102
Fra:451 Mem:693.04M (Peak 793.97M) | Time:00:01.85 | Mem:0.00M, Peak:0.00M | Scene, ViewLayer | Synchronizing object | Side_wall_glass.046
Fra:451 Mem:693.04M (Peak 793.97M) | Time:00:01.85 | Mem:0.00M, Peak:0.00M | Scene, ViewLayer | Synchronizing object | Curved_roof_glazing.133
Fra:451 Mem:693.05M (Peak 793.97M) | Time:00:01.85 | Mem:0.00M, Peak:0.00M | Scene, ViewLayer | Synchronizing object | Wall_transom.188
Fra:451 Mem:693.05M (Peak 793.97M) | Time:00:01.85 | Mem:0.00M, Peak:0.00M | Scene, ViewLayer | Synchronizing object | Column_base_plinth.009
Fra:451 Mem:693.10M (Peak 793.97M) | Time:00:01.85 | Mem:0.00M, Peak:0.00M | Scene, ViewLayer | Synchronizing object | Curved_roof_glazing.274
Fra:451 Mem:693.10M (Peak 793.97M) | Time:00:01.85 | Mem:0.00M, Peak:0.00M | Scene, ViewLayer | Synchronizing object | Curved_roof_glazing.223
Fra:451 Mem:693.10M (Peak 793.97M) | Time:00:01.85 | Mem:0.00M, Peak:0.00M | Scene, ViewLayer | Synchronizing object | Secondary_glazing_rib.023
Fra:451 Mem:693.10M (Peak 793.97M) | Time:00:01.85 | Mem:0.00M, Peak:0.00M | Scene, ViewLayer | Synchronizing object | Curved_roof_glazing.044
Fra:451 Mem:693.11M (Peak 793.97M) | Time:00:01.85 | Mem:0.00M, Peak:0.00M | Scene, ViewLayer | Synchronizing object | Curved_roof_glazing.108
Fra:451 Mem:693.11M (Peak 793.97M) | Time:00:01.85 | Mem:0.00M, Peak:0.00M | Scene, ViewLayer | Synchronizing object | Curved_roof_glazing.028
Fra:451 Mem:693.11M (Peak 793.97M) | Time:00:01.85 | Mem:0.00M, Peak:0.00M | Scene, ViewLayer | Synchronizing object | End_wall_mullion.010
Fra:451 Mem:693.14M (Peak 793.97M) | Time:00:01.85 | Mem:0.00M, Peak:0.00M | Scene, ViewLayer | Synchronizing object | Wall_stone_sill.039
Fra:451 Mem:693.24M (Peak 793.97M) | Time:00:01.85 | Mem:0.00M, Peak:0.00M | Scene, ViewLayer | Synchronizing object | Curved_roof_glazing.009
Fra:451 Mem:693.24M (Peak 793.97M) | Time:00:01.85 | Mem:0.00M, Peak:0.00M | Scene, ViewLayer | Synchronizing object | Column_base_plinth.016
Fra:451 Mem:693.29M (Peak 793.97M) | Time:00:01.85 | Mem:0.00M, Peak:0.00M | Scene, ViewLayer | Synchronizing object | Curved_roof_glazing.201
Fra:451 Mem:693.29M (Peak 793.97M) | Time:00:01.85 | Mem:0.00M, Peak:0.00M | Scene, ViewLayer | Synchronizing object | Side_wall_glass.027
Fra:451 Mem:693.29M (Peak 793.97M) | Time:00:01.85 | Mem:0.00M, Peak:0.00M | Scene, ViewLayer | Synchronizing object | Side_wall_glass.047
Fra:451 Mem:693.29M (Peak 793.97M) | Time:00:01.85 | Mem:0.00M, Peak:0.00M | Scene, ViewLayer | Synchronizing object | Curved_roof_glazing.134
Fra:451 Mem:693.30M (Peak 793.97M) | Time:00:01.85 | Mem:0.00M, Peak:0.00M | Scene, ViewLayer | Synchronizing object | Wall_transom.110
Fra:451 Mem:693.30M (Peak 793.97M) | Time:00:01.85 | Mem:0.00M, Peak:0.00M | Scene, ViewLayer | Synchronizing object | Ridge_vent_stanchion.009
Fra:451 Mem:693.33M (Peak 793.97M) | Time:00:01.85 | Mem:0.00M, Peak:0.00M | Scene, ViewLayer | Synchronizing object | Wall_stone_sill.038
Fra:451 Mem:693.35M (Peak 793.97M) | Time:00:01.85 | Mem:0.00M, Peak:0.00M | Scene, ViewLayer | Synchronizing object | Curved_roof_glazing.275
Fra:451 Mem:693.36M (Peak 793.97M) | Time:00:01.85 | Mem:0.00M, Peak:0.00M | Scene, ViewLayer | Synchronizing object | Load_column.009
Fra:451 Mem:693.36M (Peak 793.97M) | Time:00:01.85 | Mem:0.00M, Peak:0.00M | Scene, ViewLayer | Synchronizing object | Wall_stone_sill.023
Fra:451 Mem:693.36M (Peak 793.97M) | Time:00:01.85 | Mem:0.00M, Peak:0.00M | Scene, ViewLayer | Synchronizing object | Wall_transom.014
Fra:451 Mem:693.43M (Peak 793.97M) | Time:00:01.85 | Mem:0.00M, Peak:0.00M | Scene, ViewLayer | Synchronizing object | Wall_transom.090
Fra:451 Mem:693.41M (Peak 793.97M) | Time:00:01.85 | Mem:0.00M, Peak:0.00M | Scene, ViewLayer | Synchronizing object | Curved_roof_glazing.224
Fra:451 Mem:693.44M (Peak 793.97M) | Time:00:01.85 | Mem:0.00M, Peak:0.00M | Scene, ViewLayer | Synchronizing object | Wall_transom.082
Fra:451 Mem:693.47M (Peak 793.97M) | Time:00:01.85 | Mem:0.00M, Peak:0.00M | Scene, ViewLayer | Synchronizing object | Wall_transom.155
Fra:451 Mem:693.48M (Peak 793.97M) | Time:00:01.85 | Mem:0.00M, Peak:0.00M | Scene, ViewLayer | Synchronizing object | Curved_roof_glazing.029
Fra:451 Mem:693.51M (Peak 793.97M) | Time:00:01.85 | Mem:0.00M, Peak:0.00M | Scene, ViewLayer | Synchronizing object | Curved_roof_glazing.045
Fra:451 Mem:693.50M (Peak 793.97M) | Time:00:01.85 | Mem:0.00M, Peak:0.00M | Scene, ViewLayer | Synchronizing object | Curved_roof_glazing.109
Fra:451 Mem:693.51M (Peak 793.97M) | Time:00:01.85 | Mem:0.00M, Peak:0.00M | Scene, ViewLayer | Synchronizing object | Hall_door_stile.002
Fra:451 Mem:693.53M (Peak 793.97M) | Time:00:01.85 | Mem:0.00M, Peak:0.00M | Scene, ViewLayer | Synchronizing object | Side_wall_glass.078
Fra:451 Mem:693.53M (Peak 793.97M) | Time:00:01.85 | Mem:0.00M, Peak:0.00M | Scene, ViewLayer | Synchronizing object | Wall_glazing_mullion.043
Fra:451 Mem:693.56M (Peak 793.97M) | Time:00:01.85 | Mem:0.00M, Peak:0.00M | Scene, ViewLayer | Synchronizing object | Curved_roof_glazing.376
Fra:451 Mem:693.57M (Peak 793.97M) | Time:00:01.85 | Mem:0.00M, Peak:0.00M | Scene, ViewLayer | Synchronizing object | Curved_roof_glazing.010
Fra:451 Mem:693.57M (Peak 793.97M) | Time:00:01.85 | Mem:0.00M, Peak:0.00M | Scene, ViewLayer | Synchronizing object | Hall_door_rail.001
Fra:451 Mem:693.57M (Peak 793.97M) | Time:00:01.85 | Mem:0.00M, Peak:0.00M | Scene, ViewLayer | Synchronizing object | Curved_roof_glazing.202
Fra:451 Mem:693.60M (Peak 793.97M) | Time:00:01.85 | Mem:0.00M, Peak:0.00M | Scene, ViewLayer | Synchronizing object | Curved_roof_glazing.135
Fra:451 Mem:693.60M (Peak 793.97M) | Time:00:01.85 | Mem:0.00M, Peak:0.00M | Scene, ViewLayer | Synchronizing object | End_wall_glazing.008
Fra:451 Mem:693.61M (Peak 793.97M) | Time:00:01.85 | Mem:0.00M, Peak:0.00M | Scene, ViewLayer | Synchronizing object | Side_wall_glass.076
Fra:451 Mem:693.62M (Peak 793.97M) | Time:00:01.85 | Mem:0.00M, Peak:0.00M | Scene, ViewLayer | Synchronizing object | Longitudinal_roof_purlin
Fra:451 Mem:693.61M (Peak 793.97M) | Time:00:01.85 | Mem:0.00M, Peak:0.00M | Scene, ViewLayer | Synchronizing object | Curved_roof_glazing.225
Fra:451 Mem:693.63M (Peak 793.97M) | Time:00:01.85 | Mem:0.00M, Peak:0.00M | Scene, ViewLayer | Synchronizing object | Wall_transom.121
Fra:451 Mem:693.67M (Peak 793.97M) | Time:00:01.85 | Mem:0.00M, Peak:0.00M | Scene, ViewLayer | Synchronizing object | Curved_roof_glazing.030
Fra:451 Mem:693.67M (Peak 793.97M) | Time:00:01.85 | Mem:0.00M, Peak:0.00M | Scene, ViewLayer | Synchronizing object | Curved_roof_glazing.046
Fra:451 Mem:693.67M (Peak 793.97M) | Time:00:01.85 | Mem:0.00M, Peak:0.00M | Scene, ViewLayer | Synchronizing object | Curved_roof_glazing.110
Fra:451 Mem:693.67M (Peak 793.97M) | Time:00:01.85 | Mem:0.00M, Peak:0.00M | Scene, ViewLayer | Synchronizing object | End_wall_mullion.019
Fra:451 Mem:693.68M (Peak 793.97M) | Time:00:01.85 | Mem:0.00M, Peak:0.00M | Scene, ViewLayer | Synchronizing object | Wall_transom.101
Fra:451 Mem:693.73M (Peak 793.97M) | Time:00:01.85 | Mem:0.00M, Peak:0.00M | Scene, ViewLayer | Synchronizing object | Curved_roof_glazing.011
Fra:451 Mem:693.73M (Peak 793.97M) | Time:00:01.85 | Mem:0.00M, Peak:0.00M | Scene, ViewLayer | Synchronizing object | Wall_stone_sill.041
Fra:451 Mem:693.73M (Peak 793.97M) | Time:00:01.85 | Mem:0.00M, Peak:0.00M | Scene, ViewLayer | Synchronizing object | Curved_roof_glazing.203
Fra:451 Mem:693.76M (Peak 793.97M) | Time:00:01.85 | Mem:0.00M, Peak:0.00M | Scene, ViewLayer | Synchronizing object | Side_wall_glass.103
Fra:451 Mem:693.77M (Peak 793.97M) | Time:00:01.85 | Mem:0.00M, Peak:0.00M | Scene, ViewLayer | Synchronizing object | Wall_transom.137
Fra:451 Mem:693.79M (Peak 793.97M) | Time:00:01.85 | Mem:0.00M, Peak:0.00M | Scene, ViewLayer | Synchronizing object | Wall_transom.006
Fra:451 Mem:693.83M (Peak 793.97M) | Time:00:01.85 | Mem:0.00M, Peak:0.00M | Scene, ViewLayer | Synchronizing object | Wall_transom.029
Fra:451 Mem:693.84M (Peak 793.97M) | Time:00:01.85 | Mem:0.00M, Peak:0.00M | Scene, ViewLayer | Synchronizing object | Wall_transom.079
Fra:451 Mem:693.88M (Peak 793.97M) | Time:00:01.85 | Mem:0.00M, Peak:0.00M | Scene, ViewLayer | Synchronizing object | Curved_roof_glazing.136
Fra:451 Mem:693.87M (Peak 793.97M) | Time:00:01.85 | Mem:0.00M, Peak:0.00M | Scene, ViewLayer | Synchronizing object | Wall_glazing_mullion.011
Fra:451 Mem:693.90M (Peak 793.97M) | Time:00:01.85 | Mem:0.00M, Peak:0.00M | Scene, ViewLayer | Synchronizing object | Wall_transom.178
Fra:451 Mem:693.93M (Peak 793.97M) | Time:00:01.85 | Mem:0.00M, Peak:0.00M | Scene, ViewLayer | Synchronizing object | Wall_transom.047
Fra:451 Mem:693.95M (Peak 793.97M) | Time:00:01.85 | Mem:0.00M, Peak:0.00M | Scene, ViewLayer | Synchronizing object | Curved_roof_glazing.226
Fra:451 Mem:693.96M (Peak 793.97M) | Time:00:01.85 | Mem:0.00M, Peak:0.00M | Scene, ViewLayer | Synchronizing object | End_wall_mullion.002
Fra:451 Mem:693.96M (Peak 793.97M) | Time:00:01.85 | Mem:0.00M, Peak:0.00M | Scene, ViewLayer | Synchronizing object | End_wall_sill.007
Fra:451 Mem:694.01M (Peak 793.97M) | Time:00:01.85 | Mem:0.00M, Peak:0.00M | Scene, ViewLayer | Synchronizing object | End_wall_sill
Fra:451 Mem:694.03M (Peak 793.97M) | Time:00:01.85 | Mem:0.00M, Peak:0.00M | Scene, ViewLayer | Synchronizing object | Wall_stone_sill.004
Fra:451 Mem:694.06M (Peak 793.97M) | Time:00:01.85 | Mem:0.00M, Peak:0.00M | Scene, ViewLayer | Synchronizing object | Curved_roof_glazing.031
Fra:451 Mem:694.06M (Peak 793.97M) | Time:00:01.85 | Mem:0.00M, Peak:0.00M | Scene, ViewLayer | Synchronizing object | Curved_roof_glazing.047
Fra:451 Mem:694.06M (Peak 793.97M) | Time:00:01.85 | Mem:0.00M, Peak:0.00M | Scene, ViewLayer | Synchronizing object | Curved_roof_glazing.111
Fra:451 Mem:694.07M (Peak 793.97M) | Time:00:01.85 | Mem:0.00M, Peak:0.00M | Scene, ViewLayer | Synchronizing object | Curved_roof_glazing.012
Fra:451 Mem:694.07M (Peak 793.97M) | Time:00:01.85 | Mem:0.00M, Peak:0.00M | Scene, ViewLayer | Synchronizing object | Side_wall_glass.082
Fra:451 Mem:694.08M (Peak 793.97M) | Time:00:01.85 | Mem:0.00M, Peak:0.00M | Scene, ViewLayer | Synchronizing object | Curved_roof_glazing.204
Fra:451 Mem:694.08M (Peak 793.97M) | Time:00:01.85 | Mem:0.00M, Peak:0.00M | Scene, ViewLayer | Synchronizing object | Side_wall_glass.093
Fra:451 Mem:694.08M (Peak 793.97M) | Time:00:01.85 | Mem:0.00M, Peak:0.00M | Scene, ViewLayer | Synchronizing object | Wall_transom.108
Fra:451 Mem:694.08M (Peak 793.97M) | Time:00:01.85 | Mem:0.00M, Peak:0.00M | Scene, ViewLayer | Synchronizing object | Wall_transom.141
Fra:451 Mem:694.15M (Peak 793.97M) | Time:00:01.85 | Mem:0.00M, Peak:0.00M | Scene, ViewLayer | Synchronizing object | Curved_roof_glazing.137
Fra:451 Mem:694.14M (Peak 793.97M) | Time:00:01.85 | Mem:0.00M, Peak:0.00M | Scene, ViewLayer | Synchronizing object | Curved_roof_glazing.227
Fra:451 Mem:694.14M (Peak 793.97M) | Time:00:01.85 | Mem:0.00M, Peak:0.00M | Scene, ViewLayer | Synchronizing object | Wall_transom.034
Fra:451 Mem:694.15M (Peak 793.97M) | Time:00:01.85 | Mem:0.00M, Peak:0.00M | Scene, ViewLayer | Synchronizing object | Wall_transom.084
Fra:451 Mem:694.20M (Peak 793.97M) | Time:00:01.85 | Mem:0.00M, Peak:0.00M | Scene, ViewLayer | Synchronizing object | End_wall_glazing.001
Fra:451 Mem:694.20M (Peak 793.97M) | Time:00:01.85 | Mem:0.00M, Peak:0.00M | Scene, ViewLayer | Synchronizing object | Curved_roof_glazing.032
Fra:451 Mem:694.20M (Peak 793.97M) | Time:00:01.85 | Mem:0.00M, Peak:0.00M | Scene, ViewLayer | Synchronizing object | Curved_roof_glazing.048
Fra:451 Mem:694.20M (Peak 793.97M) | Time:00:01.85 | Mem:0.00M, Peak:0.00M | Scene, ViewLayer | Synchronizing object | Curved_roof_glazing.112
Fra:451 Mem:694.20M (Peak 793.97M) | Time:00:01.85 | Mem:0.00M, Peak:0.00M | Scene, ViewLayer | Synchronizing object | Side_wall_glass.079
Fra:451 Mem:694.21M (Peak 793.97M) | Time:00:01.85 | Mem:0.00M, Peak:0.00M | Scene, ViewLayer | Synchronizing object | Wall_transom.064
Fra:451 Mem:694.21M (Peak 793.97M) | Time:00:01.85 | Mem:0.00M, Peak:0.00M | Scene, ViewLayer | Synchronizing object | Curved_roof_glazing.013
Fra:451 Mem:694.24M (Peak 793.97M) | Time:00:01.85 | Mem:0.00M, Peak:0.00M | Scene, ViewLayer | Synchronizing object | Curved_roof_glazing.205
Fra:451 Mem:694.24M (Peak 793.97M) | Time:00:01.85 | Mem:0.00M, Peak:0.00M | Scene, ViewLayer | Synchronizing object | Curved_roof_glazing.138
Fra:451 Mem:694.24M (Peak 793.97M) | Time:00:01.85 | Mem:0.00M, Peak:0.00M | Scene, ViewLayer | Synchronizing object | Wall_transom.189
Fra:451 Mem:694.29M (Peak 793.97M) | Time:00:01.85 | Mem:0.00M, Peak:0.00M | Scene, ViewLayer | Synchronizing object | Side_wall_glass.077
Fra:451 Mem:694.27M (Peak 793.97M) | Time:00:01.85 | Mem:0.00M, Peak:0.00M | Scene, ViewLayer | Synchronizing object | Column_base_plinth.015
Fra:451 Mem:694.30M (Peak 793.97M) | Time:00:01.85 | Mem:0.00M, Peak:0.00M | Scene, ViewLayer | Synchronizing object | Curved_roof_glazing.164
Fra:451 Mem:694.30M (Peak 793.97M) | Time:00:01.85 | Mem:0.00M, Peak:0.00M | Scene, ViewLayer | Synchronizing object | Curved_roof_glazing.372
Fra:451 Mem:694.31M (Peak 793.97M) | Time:00:01.85 | Mem:0.00M, Peak:0.00M | Scene, ViewLayer | Synchronizing object | Longitudinal_roof_purlin.007
Fra:451 Mem:694.31M (Peak 793.97M) | Time:00:01.85 | Mem:0.00M, Peak:0.00M | Scene, ViewLayer | Synchronizing object | Side_wall_glass.008
Fra:451 Mem:694.33M (Peak 793.97M) | Time:00:01.85 | Mem:0.00M, Peak:0.00M | Scene, ViewLayer | Synchronizing object | Curved_roof_glazing.033
Fra:451 Mem:694.34M (Peak 793.97M) | Time:00:01.85 | Mem:0.00M, Peak:0.00M | Scene, ViewLayer | Synchronizing object | Curved_roof_glazing.049
Fra:451 Mem:694.34M (Peak 793.97M) | Time:00:01.85 | Mem:0.00M, Peak:0.00M | Scene, ViewLayer | Synchronizing object | Curved_roof_glazing.113
Fra:451 Mem:694.34M (Peak 793.97M) | Time:00:01.85 | Mem:0.00M, Peak:0.00M | Scene, ViewLayer | Synchronizing object | End_wall_sill.010
Fra:451 Mem:694.34M (Peak 793.97M) | Time:00:01.85 | Mem:0.00M, Peak:0.00M | Scene, ViewLayer | Synchronizing object | Curved_roof_glazing.014
Fra:451 Mem:694.38M (Peak 793.97M) | Time:00:01.85 | Mem:0.00M, Peak:0.00M | Scene, ViewLayer | Synchronizing object | End_wall_mullion.003
Fra:451 Mem:694.40M (Peak 793.97M) | Time:00:01.85 | Mem:0.00M, Peak:0.00M | Scene, ViewLayer | Synchronizing object | Curved_roof_glazing.206
Fra:451 Mem:694.41M (Peak 793.97M) | Time:00:01.85 | Mem:0.00M, Peak:0.00M | Scene, ViewLayer | Synchronizing object | Wall_transom.069
Fra:451 Mem:694.43M (Peak 793.97M) | Time:00:01.85 | Mem:0.00M, Peak:0.00M | Scene, ViewLayer | Synchronizing object | Wall_transom.039
Fra:451 Mem:694.46M (Peak 793.97M) | Time:00:01.85 | Mem:0.00M, Peak:0.00M | Scene, ViewLayer | Synchronizing object | Curved_roof_glazing.139
Fra:451 Mem:694.46M (Peak 793.97M) | Time:00:01.85 | Mem:0.00M, Peak:0.00M | Scene, ViewLayer | Synchronizing object | Primary_elliptical_arch.002
Fra:451 Mem:694.46M (Peak 793.97M) | Time:00:01.85 | Mem:0.00M, Peak:0.00M | Scene, ViewLayer | Synchronizing object | Wall_stone_sill.037
Fra:451 Mem:694.59M (Peak 793.97M) | Time:00:01.85 | Mem:0.00M, Peak:0.00M | Scene, ViewLayer | Synchronizing object | Curved_roof_glazing.165
Fra:451 Mem:694.59M (Peak 793.97M) | Time:00:01.85 | Mem:0.00M, Peak:0.00M | Scene, ViewLayer | Synchronizing object | Curved_roof_glazing.373
Fra:451 Mem:694.60M (Peak 793.97M) | Time:00:01.85 | Mem:0.00M, Peak:0.00M | Scene, ViewLayer | Synchronizing object | Load_column.015
Fra:451 Mem:694.60M (Peak 793.97M) | Time:00:01.85 | Mem:0.00M, Peak:0.00M | Scene, ViewLayer | Synchronizing object | Ridge_vent_stanchion.018
Fra:451 Mem:694.60M (Peak 793.97M) | Time:00:01.85 | Mem:0.00M, Peak:0.00M | Scene, ViewLayer | Synchronizing object | Side_wall_glass.064
Fra:451 Mem:694.62M (Peak 793.97M) | Time:00:01.85 | Mem:0.00M, Peak:0.00M | Scene, ViewLayer | Synchronizing object | Wall_transom.156
Fra:451 Mem:694.67M (Peak 793.97M) | Time:00:01.85 | Mem:0.00M, Peak:0.00M | Scene, ViewLayer | Synchronizing object | Curved_roof_glazing.034
Fra:451 Mem:694.67M (Peak 793.97M) | Time:00:01.85 | Mem:0.00M, Peak:0.00M | Scene, ViewLayer | Synchronizing object | Curved_roof_glazing.050
Fra:451 Mem:694.68M (Peak 793.97M) | Time:00:01.85 | Mem:0.00M, Peak:0.00M | Scene, ViewLayer | Synchronizing object | Curved_roof_glazing.114
Fra:451 Mem:694.68M (Peak 793.97M) | Time:00:01.85 | Mem:0.00M, Peak:0.00M | Scene, ViewLayer | Synchronizing object | Hall_door_stile.003
Fra:451 Mem:694.71M (Peak 793.97M) | Time:00:01.85 | Mem:0.00M, Peak:0.00M | Scene, ViewLayer | Synchronizing object | Curved_roof_glazing.015
Fra:451 Mem:694.73M (Peak 793.97M) | Time:00:01.85 | Mem:0.00M, Peak:0.00M | Scene, ViewLayer | Synchronizing object | Hall_door_rail.002
Fra:451 Mem:694.72M (Peak 793.97M) | Time:00:01.85 | Mem:0.00M, Peak:0.00M | Scene, ViewLayer | Synchronizing object | Side_wall_glass.083
Fra:451 Mem:694.74M (Peak 793.97M) | Time:00:01.85 | Mem:0.00M, Peak:0.00M | Scene, ViewLayer | Synchronizing object | Curved_roof_glazing.207
Fra:451 Mem:694.74M (Peak 793.97M) | Time:00:01.85 | Mem:0.00M, Peak:0.00M | Scene, ViewLayer | Synchronizing object | Column_base_plinth.004
Fra:451 Mem:694.78M (Peak 793.97M) | Time:00:01.85 | Mem:0.00M, Peak:0.00M | Scene, ViewLayer | Synchronizing object | Curved_roof_glazing.140
Fra:451 Mem:694.79M (Peak 793.97M) | Time:00:01.85 | Mem:0.00M, Peak:0.00M | Scene, ViewLayer | Synchronizing object | Side_wall_glass.074
Fra:451 Mem:694.78M (Peak 793.97M) | Time:00:01.85 | Mem:0.00M, Peak:0.00M | Scene, ViewLayer | Synchronizing object | Wall_transom.180
Fra:451 Mem:694.78M (Peak 793.97M) | Time:00:01.85 | Mem:0.00M, Peak:0.00M | Scene, ViewLayer | Synchronizing object | End_wall_mullion.008
Fra:451 Mem:694.83M (Peak 793.97M) | Time:00:01.85 | Mem:0.00M, Peak:0.00M | Scene, ViewLayer | Synchronizing object | Wall_transom.016
Fra:451 Mem:694.83M (Peak 793.97M) | Time:00:01.85 | Mem:0.00M, Peak:0.00M | Scene, ViewLayer | Synchronizing object | Curved_roof_glazing.166
Fra:451 Mem:694.86M (Peak 793.97M) | Time:00:01.85 | Mem:0.00M, Peak:0.00M | Scene, ViewLayer | Synchronizing object | Curved_roof_glazing.374
Fra:451 Mem:694.86M (Peak 793.97M) | Time:00:01.85 | Mem:0.00M, Peak:0.00M | Scene, ViewLayer | Synchronizing object | End_wall_mullion.005
Fra:451 Mem:694.90M (Peak 793.97M) | Time:00:01.85 | Mem:0.00M, Peak:0.00M | Scene, ViewLayer | Synchronizing object | Side_wall_glass.009
Fra:451 Mem:694.90M (Peak 793.97M) | Time:00:01.85 | Mem:0.00M, Peak:0.00M | Scene, ViewLayer | Synchronizing object | Wall_stone_sill.034
Fra:451 Mem:694.90M (Peak 793.97M) | Time:00:01.85 | Mem:0.00M, Peak:0.00M | Scene, ViewLayer | Synchronizing object | Curved_roof_glazing.035
Fra:451 Mem:694.94M (Peak 793.97M) | Time:00:01.85 | Mem:0.00M, Peak:0.00M | Scene, ViewLayer | Synchronizing object | Curved_roof_glazing.051
Fra:451 Mem:694.93M (Peak 793.97M) | Time:00:01.85 | Mem:0.00M, Peak:0.00M | Scene, ViewLayer | Synchronizing object | Curved_roof_glazing.115
Fra:451 Mem:694.93M (Peak 793.97M) | Time:00:01.85 | Mem:0.00M, Peak:0.00M | Scene, ViewLayer | Synchronizing object | End_wall_glazing.011
Fra:451 Mem:694.94M (Peak 793.97M) | Time:00:01.85 | Mem:0.00M, Peak:0.00M | Scene, ViewLayer | Synchronizing object | End_wall_sill.017
Fra:451 Mem:694.93M (Peak 793.97M) | Time:00:01.85 | Mem:0.00M, Peak:0.00M | Scene, ViewLayer | Synchronizing object | Hall_door_glass.001
Fra:451 Mem:694.97M (Peak 793.97M) | Time:00:01.85 | Mem:0.00M, Peak:0.00M | Scene, ViewLayer | Synchronizing object | Curved_roof_glazing.016
Fra:451 Mem:694.97M (Peak 793.97M) | Time:00:01.85 | Mem:0.00M, Peak:0.00M | Scene, ViewLayer | Synchronizing object | Column_capital.016
Fra:451 Mem:695.00M (Peak 793.97M) | Time:00:01.85 | Mem:0.00M, Peak:0.00M | Scene, ViewLayer | Synchronizing object | Curved_roof_glazing.208
Fra:451 Mem:695.00M (Peak 793.97M) | Time:00:01.85 | Mem:0.00M, Peak:0.00M | Scene, ViewLayer | Synchronizing object | Wall_transom.151
Fra:451 Mem:695.03M (Peak 793.97M) | Time:00:01.85 | Mem:0.00M, Peak:0.00M | Scene, ViewLayer | Synchronizing object | Wall_transom.007
Fra:451 Mem:695.05M (Peak 793.97M) | Time:00:01.85 | Mem:0.00M, Peak:0.00M | Scene, ViewLayer | Synchronizing object | Wall_transom.080
Fra:451 Mem:695.09M (Peak 793.97M) | Time:00:01.85 | Mem:0.00M, Peak:0.00M | Scene, ViewLayer | Synchronizing object | Curved_roof_glazing.141
Fra:451 Mem:695.08M (Peak 793.97M) | Time:00:01.85 | Mem:0.00M, Peak:0.00M | Scene, ViewLayer | Synchronizing object | Load_column.004
Fra:451 Mem:695.09M (Peak 793.97M) | Time:00:01.85 | Mem:0.00M, Peak:0.00M | Scene, ViewLayer | Synchronizing object | Wall_transom.179
Fra:451 Mem:695.09M (Peak 793.97M) | Time:00:01.85 | Mem:0.00M, Peak:0.00M | Scene, ViewLayer | Synchronizing object | Wall_stone_sill.016
Fra:451 Mem:695.14M (Peak 793.97M) | Time:00:01.85 | Mem:0.00M, Peak:0.00M | Scene, ViewLayer | Synchronizing object | Wall_stone_sill.051
Fra:451 Mem:695.15M (Peak 793.97M) | Time:00:01.85 | Mem:0.00M, Peak:0.00M | Scene, ViewLayer | Synchronizing object | Wall_stone_sill.055
Fra:451 Mem:695.19M (Peak 793.97M) | Time:00:01.86 | Mem:0.00M, Peak:0.00M | Scene, ViewLayer | Synchronizing object | Curved_roof_glazing.167
Fra:451 Mem:695.19M (Peak 793.97M) | Time:00:01.86 | Mem:0.00M, Peak:0.00M | Scene, ViewLayer | Synchronizing object | Curved_roof_glazing.375
Fra:451 Mem:695.19M (Peak 793.97M) | Time:00:01.86 | Mem:0.00M, Peak:0.00M | Scene, ViewLayer | Synchronizing object | Ridge_vent_stanchion.019
Fra:451 Mem:695.20M (Peak 793.97M) | Time:00:01.86 | Mem:0.00M, Peak:0.00M | Scene, ViewLayer | Synchronizing object | Side_wall_glass.065
Fra:451 Mem:695.20M (Peak 793.97M) | Time:00:01.86 | Mem:0.00M, Peak:0.00M | Scene, ViewLayer | Synchronizing object | Column_base_plinth.001
Fra:451 Mem:695.21M (Peak 793.97M) | Time:00:01.86 | Mem:0.00M, Peak:0.00M | Scene, ViewLayer | Synchronizing object | Side_wall_glass.062
Fra:451 Mem:695.24M (Peak 793.97M) | Time:00:01.86 | Mem:0.00M, Peak:0.00M | Scene, ViewLayer | Synchronizing object | Wall_transom.123
Fra:451 Mem:695.26M (Peak 793.97M) | Time:00:01.86 | Mem:0.00M, Peak:0.00M | Scene, ViewLayer | Synchronizing object | Column_capital.007
Fra:451 Mem:695.29M (Peak 793.97M) | Time:00:01.86 | Mem:0.00M, Peak:0.00M | Scene, ViewLayer | Synchronizing object | Curved_roof_glazing.017
Fra:451 Mem:695.29M (Peak 793.97M) | Time:00:01.86 | Mem:0.00M, Peak:0.00M | Scene, ViewLayer | Synchronizing object | Hall_door_glass
Fra:451 Mem:695.29M (Peak 793.97M) | Time:00:01.86 | Mem:0.00M, Peak:0.00M | Scene, ViewLayer | Synchronizing object | Wall_stone_sill.046
Fra:451 Mem:695.31M (Peak 793.97M) | Time:00:01.86 | Mem:0.00M, Peak:0.00M | Scene, ViewLayer | Synchronizing object | Curved_roof_glazing.209
Fra:451 Mem:695.32M (Peak 793.97M) | Time:00:01.86 | Mem:0.00M, Peak:0.00M | Scene, ViewLayer | Synchronizing object | Wall_transom.109
Fra:451 Mem:695.34M (Peak 793.97M) | Time:00:01.86 | Mem:0.00M, Peak:0.00M | Scene, ViewLayer | Synchronizing object | Wall_stone_sill.010
Fra:451 Mem:695.38M (Peak 793.97M) | Time:00:01.86 | Mem:0.00M, Peak:0.00M | Scene, ViewLayer | Synchronizing object | Curved_roof_glazing.142
Fra:451 Mem:695.37M (Peak 793.97M) | Time:00:01.86 | Mem:0.00M, Peak:0.00M | Scene, ViewLayer | Synchronizing object | Wall_stone_sill
Fra:451 Mem:695.40M (Peak 793.97M) | Time:00:01.86 | Mem:0.00M, Peak:0.00M | Scene, ViewLayer | Synchronizing object | Side_wall_glass.106
Fra:451 Mem:695.40M (Peak 793.97M) | Time:00:01.86 | Mem:0.00M, Peak:0.00M | Scene, ViewLayer | Synchronizing object | Side_wall_glass.114
Fra:451 Mem:695.40M (Peak 793.97M) | Time:00:01.86 | Mem:0.00M, Peak:0.00M | Scene, ViewLayer | Synchronizing object | Wall_glazing_mullion.036
Fra:451 Mem:695.40M (Peak 793.97M) | Time:00:01.86 | Mem:0.00M, Peak:0.00M | Scene, ViewLayer | Synchronizing object | Wall_transom.091
Fra:451 Mem:695.47M (Peak 793.97M) | Time:00:01.86 | Mem:0.00M, Peak:0.00M | Scene, ViewLayer | Synchronizing object | Wall_transom.160
Fra:451 Mem:695.45M (Peak 793.97M) | Time:00:01.86 | Mem:0.00M, Peak:0.00M | Scene, ViewLayer | Synchronizing object | Curved_roof_glazing.168
Fra:451 Mem:695.49M (Peak 793.97M) | Time:00:01.86 | Mem:0.00M, Peak:0.00M | Scene, ViewLayer | Synchronizing object | Column_capital
Fra:451 Mem:695.51M (Peak 793.97M) | Time:00:01.86 | Mem:0.00M, Peak:0.00M | Scene, ViewLayer | Synchronizing object | End_wall_mullion.017
Fra:451 Mem:695.54M (Peak 793.97M) | Time:00:01.86 | Mem:0.00M, Peak:0.00M | Scene, ViewLayer | Synchronizing object | Wall_transom.152
Fra:451 Mem:695.56M (Peak 793.97M) | Time:00:01.86 | Mem:0.00M, Peak:0.00M | Scene, ViewLayer | Synchronizing object | Curved_roof_glazing.018
Fra:451 Mem:695.56M (Peak 793.97M) | Time:00:01.86 | Mem:0.00M, Peak:0.00M | Scene, ViewLayer | Synchronizing object | Column_base_plinth.017
Fra:451 Mem:695.56M (Peak 793.97M) | Time:00:01.86 | Mem:0.00M, Peak:0.00M | Scene, ViewLayer | Synchronizing object | Curved_roof_glazing.210
Fra:451 Mem:695.59M (Peak 793.97M) | Time:00:01.86 | Mem:0.00M, Peak:0.00M | Scene, ViewLayer | Synchronizing object | Side_wall_glass.096
Fra:451 Mem:695.59M (Peak 793.97M) | Time:00:01.86 | Mem:0.00M, Peak:0.00M | Scene, ViewLayer | Synchronizing object | Wall_transom.138
Fra:451 Mem:695.62M (Peak 793.97M) | Time:00:01.86 | Mem:0.00M, Peak:0.00M | Scene, ViewLayer | Synchronizing object | Continuous_eaves_gutter.001
Fra:451 Mem:695.64M (Peak 793.97M) | Time:00:01.86 | Mem:0.00M, Peak:0.00M | Scene, ViewLayer | Synchronizing object | Curved_roof_glazing.143
Fra:451 Mem:695.65M (Peak 793.97M) | Time:00:01.86 | Mem:0.00M, Peak:0.00M | Scene, ViewLayer | Synchronizing object | Side_wall_glass.075
Fra:451 Mem:695.65M (Peak 793.97M) | Time:00:01.86 | Mem:0.00M, Peak:0.00M | Scene, ViewLayer | Synchronizing object | Wall_glazing_mullion.037
Fra:451 Mem:695.68M (Peak 793.97M) | Time:00:01.86 | Mem:0.00M, Peak:0.00M | Scene, ViewLayer | Synchronizing object | Curved_roof_glazing.169
Fra:451 Mem:695.68M (Peak 793.97M) | Time:00:01.86 | Mem:0.00M, Peak:0.00M | Scene, ViewLayer | Synchronizing object | Curved_roof_glazing.377
Fra:451 Mem:695.69M (Peak 793.97M) | Time:00:01.86 | Mem:0.00M, Peak:0.00M | Scene, ViewLayer | Synchronizing object | Longitudinal_roof_purlin.008
Fra:451 Mem:695.71M (Peak 793.97M) | Time:00:01.86 | Mem:0.00M, Peak:0.00M | Scene, ViewLayer | Synchronizing object | Ridge_vent_stanchion.020
Fra:451 Mem:695.71M (Peak 793.97M) | Time:00:01.86 | Mem:0.00M, Peak:0.00M | Scene, ViewLayer | Synchronizing object | Side_wall_glass.039
Fra:451 Mem:695.72M (Peak 793.97M) | Time:00:01.86 | Mem:0.00M, Peak:0.00M | Scene, ViewLayer | Synchronizing object | Side_wall_glass.063
Fra:451 Mem:695.72M (Peak 793.97M) | Time:00:01.86 | Mem:0.00M, Peak:0.00M | Scene, ViewLayer | Synchronizing object | Curved_roof_glazing.019
Fra:451 Mem:695.72M (Peak 793.97M) | Time:00:01.86 | Mem:0.00M, Peak:0.00M | Scene, ViewLayer | Synchronizing object | End_wall_sill.003
Fra:451 Mem:695.72M (Peak 793.97M) | Time:00:01.86 | Mem:0.00M, Peak:0.00M | Scene, ViewLayer | Synchronizing object | Wall_glazing_mullion.018
Fra:451 Mem:695.80M (Peak 793.97M) | Time:00:01.86 | Mem:0.00M, Peak:0.00M | Scene, ViewLayer | Synchronizing object | Curved_roof_glazing.003
Fra:451 Mem:695.77M (Peak 793.97M) | Time:00:01.86 | Mem:0.00M, Peak:0.00M | Scene, ViewLayer | Synchronizing object | Curved_roof_glazing.211
Fra:451 Mem:695.78M (Peak 793.97M) | Time:00:01.86 | Mem:0.00M, Peak:0.00M | Scene, ViewLayer | Synchronizing object | Side_wall_glass.020
Fra:451 Mem:695.78M (Peak 793.97M) | Time:00:01.86 | Mem:0.00M, Peak:0.00M | Scene, ViewLayer | Synchronizing object | Wall_transom.040
Fra:451 Mem:695.78M (Peak 793.97M) | Time:00:01.86 | Mem:0.00M, Peak:0.00M | Scene, ViewLayer | Synchronizing object | Wall_transom.070
Fra:451 Mem:695.84M (Peak 793.97M) | Time:00:01.86 | Mem:0.00M, Peak:0.00M | Scene, ViewLayer | Synchronizing object | Column_capital.004
Fra:451 Mem:695.86M (Peak 793.97M) | Time:00:01.86 | Mem:0.00M, Peak:0.00M | Scene, ViewLayer | Synchronizing object | Curved_roof_glazing.144
Fra:451 Mem:695.87M (Peak 793.97M) | Time:00:01.86 | Mem:0.00M, Peak:0.00M | Scene, ViewLayer | Synchronizing object | Side_wall_glass.032
Fra:451 Mem:695.87M (Peak 793.97M) | Time:00:01.86 | Mem:0.00M, Peak:0.00M | Scene, ViewLayer | Synchronizing object | Column_capital.009
Fra:451 Mem:695.91M (Peak 793.97M) | Time:00:01.86 | Mem:0.00M, Peak:0.00M | Scene, ViewLayer | Synchronizing object | Wall_transom.114
Fra:451 Mem:695.92M (Peak 793.97M) | Time:00:01.86 | Mem:0.00M, Peak:0.00M | Scene, ViewLayer | Synchronizing object | Secondary_glazing_rib.020
Fra:451 Mem:695.99M (Peak 793.97M) | Time:00:01.86 | Mem:0.00M, Peak:0.00M | Scene, ViewLayer | Synchronizing object | Curved_roof_glazing.170
Fra:451 Mem:696.00M (Peak 793.97M) | Time:00:01.86 | Mem:0.00M, Peak:0.00M | Scene, ViewLayer | Synchronizing object | Curved_roof_glazing.378
Fra:451 Mem:696.00M (Peak 793.97M) | Time:00:01.86 | Mem:0.00M, Peak:0.00M | Scene, ViewLayer | Synchronizing object | End_elevation_crossbar.002
Fra:451 Mem:696.05M (Peak 793.97M) | Time:00:01.86 | Mem:0.00M, Peak:0.00M | Scene, ViewLayer | Synchronizing object | Hall_door_rail.003
Fra:451 Mem:696.07M (Peak 793.97M) | Time:00:01.86 | Mem:0.00M, Peak:0.00M | Scene, ViewLayer | Synchronizing object | Wall_stone_sill.053
Fra:451 Mem:696.11M (Peak 793.97M) | Time:00:01.86 | Mem:0.00M, Peak:0.00M | Scene, ViewLayer | Synchronizing object | Curved_roof_glazing.052
Fra:451 Mem:696.10M (Peak 793.97M) | Time:00:01.86 | Mem:0.00M, Peak:0.00M | Scene, ViewLayer | Synchronizing object | Curved_roof_glazing.324
Fra:451 Mem:696.10M (Peak 793.97M) | Time:00:01.86 | Mem:0.00M, Peak:0.00M | Scene, ViewLayer | Synchronizing object | Side_wall_glass.050
Fra:451 Mem:696.11M (Peak 793.97M) | Time:00:01.86 | Mem:0.00M, Peak:0.00M | Scene, ViewLayer | Synchronizing object | Curved_roof_glazing.308
Fra:451 Mem:696.11M (Peak 793.97M) | Time:00:01.86 | Mem:0.00M, Peak:0.00M | Scene, ViewLayer | Synchronizing object | Wall_transom.129
Fra:451 Mem:696.11M (Peak 793.97M) | Time:00:01.86 | Mem:0.00M, Peak:0.00M | Scene, ViewLayer | Synchronizing object | Curved_roof_glazing.145
Fra:451 Mem:696.14M (Peak 793.97M) | Time:00:01.86 | Mem:0.00M, Peak:0.00M | Scene, ViewLayer | Synchronizing object | Side_wall_glass.033
Fra:451 Mem:696.14M (Peak 793.97M) | Time:00:01.86 | Mem:0.00M, Peak:0.00M | Scene, ViewLayer | Synchronizing object | End_wall_sill.008
Fra:451 Mem:696.17M (Peak 793.97M) | Time:00:01.86 | Mem:0.00M, Peak:0.00M | Scene, ViewLayer | Synchronizing object | Wall_glazing_mullion.021
Fra:451 Mem:696.20M (Peak 793.97M) | Time:00:01.86 | Mem:0.00M, Peak:0.00M | Scene, ViewLayer | Synchronizing object | Wall_glazing_mullion.034
Fra:451 Mem:696.22M (Peak 793.97M) | Time:00:01.86 | Mem:0.00M, Peak:0.00M | Scene, ViewLayer | Synchronizing object | Side_wall_glass.107
Fra:451 Mem:696.24M (Peak 793.97M) | Time:00:01.86 | Mem:0.00M, Peak:0.00M | Scene, ViewLayer | Synchronizing object | Side_wall_glass.115
Fra:451 Mem:696.22M (Peak 793.97M) | Time:00:01.86 | Mem:0.00M, Peak:0.00M | Scene, ViewLayer | Synchronizing object | Wall_transom.017
Fra:451 Mem:696.22M (Peak 793.97M) | Time:00:01.86 | Mem:0.00M, Peak:0.00M | Scene, ViewLayer | Synchronizing object | Curved_roof_glazing.171
Fra:451 Mem:696.26M (Peak 793.97M) | Time:00:01.86 | Mem:0.00M, Peak:0.00M | Scene, ViewLayer | Synchronizing object | Curved_roof_glazing.379
Fra:451 Mem:696.26M (Peak 793.97M) | Time:00:01.86 | Mem:0.00M, Peak:0.00M | Scene, ViewLayer | Synchronizing object | End_wall_sill.005
Fra:451 Mem:696.28M (Peak 793.97M) | Time:00:01.86 | Mem:0.00M, Peak:0.00M | Scene, ViewLayer | Synchronizing object | Ridge_vent_stanchion.021
Fra:451 Mem:696.28M (Peak 793.97M) | Time:00:01.86 | Mem:0.00M, Peak:0.00M | Scene, ViewLayer | Synchronizing object | Load_column.001
Fra:451 Mem:696.29M (Peak 793.97M) | Time:00:01.86 | Mem:0.00M, Peak:0.00M | Scene, ViewLayer | Synchronizing object | Side_wall_glass.110
Fra:451 Mem:696.29M (Peak 793.97M) | Time:00:01.86 | Mem:0.00M, Peak:0.00M | Scene, ViewLayer | Synchronizing object | Wall_transom.023
Fra:451 Mem:696.29M (Peak 793.97M) | Time:00:01.86 | Mem:0.00M, Peak:0.00M | Scene, ViewLayer | Synchronizing object | Wall_transom.172
Fra:451 Mem:696.36M (Peak 793.97M) | Time:00:01.86 | Mem:0.00M, Peak:0.00M | Scene, ViewLayer | Synchronizing object | Curved_roof_glazing.053
Fra:451 Mem:696.34M (Peak 793.97M) | Time:00:01.86 | Mem:0.00M, Peak:0.00M | Scene, ViewLayer | Synchronizing object | Curved_roof_glazing.325
Fra:451 Mem:696.35M (Peak 793.97M) | Time:00:01.86 | Mem:0.00M, Peak:0.00M | Scene, ViewLayer | Synchronizing object | Wall_transom.077
Fra:451 Mem:696.35M (Peak 793.97M) | Time:00:01.86 | Mem:0.00M, Peak:0.00M | Scene, ViewLayer | Synchronizing object | Curved_roof_glazing.309
Fra:451 Mem:696.38M (Peak 793.97M) | Time:00:01.86 | Mem:0.00M, Peak:0.00M | Scene, ViewLayer | Synchronizing object | Wall_transom.095
Fra:451 Mem:696.41M (Peak 793.97M) | Time:00:01.86 | Mem:0.00M, Peak:0.00M | Scene, ViewLayer | Synchronizing object | Wall_transom.042
Fra:451 Mem:696.43M (Peak 793.97M) | Time:00:01.86 | Mem:0.00M, Peak:0.00M | Scene, ViewLayer | Synchronizing object | Side_wall_glass.021
Fra:451 Mem:696.45M (Peak 793.97M) | Time:00:01.86 | Mem:0.00M, Peak:0.00M | Scene, ViewLayer | Synchronizing object | Wall_transom.008
Fra:451 Mem:696.46M (Peak 793.97M) | Time:00:01.86 | Mem:0.00M, Peak:0.00M | Scene, ViewLayer | Synchronizing object | Wall_stone_sill.027
Fra:451 Mem:696.55M (Peak 793.97M) | Time:00:01.86 | Mem:0.00M, Peak:0.00M | Scene, ViewLayer | Synchronizing object | Curved_roof_glazing.146
Fra:451 Mem:696.55M (Peak 793.97M) | Time:00:01.86 | Mem:0.00M, Peak:0.00M | Scene, ViewLayer | Synchronizing object | Load_column.005
Fra:451 Mem:696.55M (Peak 793.97M) | Time:00:01.86 | Mem:0.00M, Peak:0.00M | Scene, ViewLayer | Synchronizing object | Side_wall_glass.001
Fra:451 Mem:696.56M (Peak 793.97M) | Time:00:01.86 | Mem:0.00M, Peak:0.00M | Scene, ViewLayer | Synchronizing object | Secondary_glazing_rib.012
Fra:451 Mem:696.57M (Peak 793.97M) | Time:00:01.86 | Mem:0.00M, Peak:0.00M | Scene, ViewLayer | Synchronizing object | Column_capital.014
Fra:451 Mem:696.69M (Peak 793.97M) | Time:00:01.86 | Mem:0.00M, Peak:0.00M | Scene, ViewLayer | Synchronizing object | Wall_glazing_mullion.035
Fra:451 Mem:696.69M (Peak 793.97M) | Time:00:01.86 | Mem:0.00M, Peak:0.00M | Scene, ViewLayer | Synchronizing object | Curved_roof_glazing.172
Fra:451 Mem:696.69M (Peak 793.97M) | Time:00:01.86 | Mem:0.00M, Peak:0.00M | Scene, ViewLayer | Synchronizing object | Curved_roof_glazing.380
Fra:451 Mem:696.70M (Peak 793.97M) | Time:00:01.86 | Mem:0.00M, Peak:0.00M | Scene, ViewLayer | Synchronizing object | End_wall_glazing.006
Fra:451 Mem:696.70M (Peak 793.97M) | Time:00:01.86 | Mem:0.00M, Peak:0.00M | Scene, ViewLayer | Synchronizing object | Wall_transom.096
Fra:451 Mem:696.74M (Peak 793.97M) | Time:00:01.86 | Mem:0.00M, Peak:0.00M | Scene, ViewLayer | Synchronizing object | Wall_glazing_mullion
Fra:451 Mem:696.75M (Peak 793.97M) | Time:00:01.86 | Mem:0.00M, Peak:0.00M | Scene, ViewLayer | Synchronizing object | Wall_transom.124
Fra:451 Mem:696.79M (Peak 793.97M) | Time:00:01.86 | Mem:0.00M, Peak:0.00M | Scene, ViewLayer | Synchronizing object | Curved_roof_glazing.054
Fra:451 Mem:696.78M (Peak 793.97M) | Time:00:01.86 | Mem:0.00M, Peak:0.00M | Scene, ViewLayer | Synchronizing object | Curved_roof_glazing.326
Fra:451 Mem:696.79M (Peak 793.97M) | Time:00:01.86 | Mem:0.00M, Peak:0.00M | Scene, ViewLayer | Synchronizing object | Side_wall_glass.051
Fra:451 Mem:696.79M (Peak 793.97M) | Time:00:01.86 | Mem:0.00M, Peak:0.00M | Scene, ViewLayer | Synchronizing object | Curved_roof_glazing.310
Fra:451 Mem:696.79M (Peak 793.97M) | Time:00:01.86 | Mem:0.00M, Peak:0.00M | Scene, ViewLayer | Synchronizing object | Side_wall_glass.059
Fra:451 Mem:696.79M (Peak 793.97M) | Time:00:01.86 | Mem:0.00M, Peak:0.00M | Scene, ViewLayer | Synchronizing object | Side_wall_glass.054
Fra:451 Mem:696.79M (Peak 793.97M) | Time:00:01.86 | Mem:0.00M, Peak:0.00M | Scene, ViewLayer | Synchronizing object | Curved_roof_glazing.147
Fra:451 Mem:696.79M (Peak 793.97M) | Time:00:01.86 | Mem:0.00M, Peak:0.00M | Scene, ViewLayer | Synchronizing object | Column_base_plinth.005
Fra:451 Mem:696.80M (Peak 793.97M) | Time:00:01.86 | Mem:0.00M, Peak:0.00M | Scene, ViewLayer | Synchronizing object | Side_wall_glass
Fra:451 Mem:696.83M (Peak 793.97M) | Time:00:01.86 | Mem:0.00M, Peak:0.00M | Scene, ViewLayer | Synchronizing object | End_wall_glazing.009
Fra:451 Mem:696.83M (Peak 793.97M) | Time:00:01.86 | Mem:0.00M, Peak:0.00M | Scene, ViewLayer | Synchronizing object | Secondary_glazing_rib.019
Fra:451 Mem:696.90M (Peak 793.97M) | Time:00:01.86 | Mem:0.00M, Peak:0.00M | Scene, ViewLayer | Synchronizing object | Wall_transom.092
Fra:451 Mem:696.95M (Peak 793.97M) | Time:00:01.86 | Mem:0.00M, Peak:0.00M | Scene, ViewLayer | Synchronizing object | Wall_transom.161
Fra:451 Mem:696.97M (Peak 793.97M) | Time:00:01.86 | Mem:0.00M, Peak:0.00M | Scene, ViewLayer | Synchronizing object | Column_base_plinth
Fra:451 Mem:697.00M (Peak 793.97M) | Time:00:01.86 | Mem:0.00M, Peak:0.00M | Scene, ViewLayer | Synchronizing object | Curved_roof_glazing.173
Fra:451 Mem:697.00M (Peak 793.97M) | Time:00:01.86 | Mem:0.00M, Peak:0.00M | Scene, ViewLayer | Synchronizing object | Curved_roof_glazing.381
Fra:451 Mem:697.01M (Peak 793.97M) | Time:00:01.86 | Mem:0.00M, Peak:0.00M | Scene, ViewLayer | Synchronizing object | Ridge_vent_stanchion.022
Fra:451 Mem:697.00M (Peak 793.97M) | Time:00:01.86 | Mem:0.00M, Peak:0.00M | Scene, ViewLayer | Synchronizing object | Longitudinal_roof_purlin.001
Fra:451 Mem:697.00M (Peak 793.97M) | Time:00:01.86 | Mem:0.00M, Peak:0.00M | Scene, ViewLayer | Synchronizing object | End_wall_sill.015
Fra:451 Mem:697.06M (Peak 793.97M) | Time:00:01.86 | Mem:0.00M, Peak:0.00M | Scene, ViewLayer | Synchronizing object | Wall_transom.153
Fra:451 Mem:697.06M (Peak 793.97M) | Time:00:01.86 | Mem:0.00M, Peak:0.00M | Scene, ViewLayer | Synchronizing object | Curved_roof_glazing.055
Fra:451 Mem:697.09M (Peak 793.97M) | Time:00:01.86 | Mem:0.00M, Peak:0.00M | Scene, ViewLayer | Synchronizing object | Curved_roof_glazing.327
Fra:451 Mem:697.09M (Peak 793.97M) | Time:00:01.86 | Mem:0.00M, Peak:0.00M | Scene, ViewLayer | Synchronizing object | Curved_roof_glazing.311
Fra:451 Mem:697.10M (Peak 793.97M) | Time:00:01.86 | Mem:0.00M, Peak:0.00M | Scene, ViewLayer | Synchronizing object | Load_column.013
Fra:451 Mem:697.10M (Peak 793.97M) | Time:00:01.86 | Mem:0.00M, Peak:0.00M | Scene, ViewLayer | Synchronizing object | Secondary_glazing_rib.009
Fra:451 Mem:697.15M (Peak 793.97M) | Time:00:01.86 | Mem:0.00M, Peak:0.00M | Scene, ViewLayer | Synchronizing object | Curved_roof_glazing.174
Fra:451 Mem:697.18M (Peak 793.97M) | Time:00:01.86 | Mem:0.00M, Peak:0.00M | Scene, ViewLayer | Synchronizing object | Curved_roof_glazing.382
Fra:451 Mem:697.18M (Peak 793.97M) | Time:00:01.86 | Mem:0.00M, Peak:0.00M | Scene, ViewLayer | Synchronizing object | Longitudinal_roof_purlin.009
Fra:451 Mem:697.22M (Peak 793.97M) | Time:00:01.86 | Mem:0.00M, Peak:0.00M | Scene, ViewLayer | Synchronizing object | Wall_transom.057
Fra:451 Mem:697.25M (Peak 793.97M) | Time:00:01.86 | Mem:0.00M, Peak:0.00M | Scene, ViewLayer | Synchronizing object | Wall_transom.093
Fra:451 Mem:697.28M (Peak 793.97M) | Time:00:01.86 | Mem:0.00M, Peak:0.00M | Scene, ViewLayer | Synchronizing object | Side_wall_glass.111
Fra:451 Mem:697.28M (Peak 793.97M) | Time:00:01.86 | Mem:0.00M, Peak:0.00M | Scene, ViewLayer | Synchronizing object | Curved_roof_glazing.056
Fra:451 Mem:697.28M (Peak 793.97M) | Time:00:01.86 | Mem:0.00M, Peak:0.00M | Scene, ViewLayer | Synchronizing object | Curved_roof_glazing.328
Fra:451 Mem:697.28M (Peak 793.97M) | Time:00:01.86 | Mem:0.00M, Peak:0.00M | Scene, ViewLayer | Synchronizing object | Wall_transom.148
Fra:451 Mem:697.28M (Peak 793.97M) | Time:00:01.86 | Mem:0.00M, Peak:0.00M | Scene, ViewLayer | Synchronizing object | Curved_roof_glazing.312
Fra:451 Mem:697.31M (Peak 793.97M) | Time:00:01.86 | Mem:0.00M, Peak:0.00M | Scene, ViewLayer | Synchronizing object | Wall_transom.142
Fra:451 Mem:697.34M (Peak 793.97M) | Time:00:01.86 | Mem:0.00M, Peak:0.00M | Scene, ViewLayer | Synchronizing object | Wall_stone_sill.009
Fra:451 Mem:697.36M (Peak 793.97M) | Time:00:01.86 | Mem:0.00M, Peak:0.00M | Scene, ViewLayer | Synchronizing object | Wall_transom.071
Fra:451 Mem:697.39M (Peak 793.97M) | Time:00:01.86 | Mem:0.00M, Peak:0.00M | Scene, ViewLayer | Synchronizing object | Longitudinal_roof_purlin.004
Fra:451 Mem:697.42M (Peak 793.97M) | Time:00:01.86 | Mem:0.00M, Peak:0.00M | Scene, ViewLayer | Synchronizing object | Ridge_vent_stanchion.010
Fra:451 Mem:697.42M (Peak 793.97M) | Time:00:01.86 | Mem:0.00M, Peak:0.00M | Scene, ViewLayer | Synchronizing object | Wall_transom.158
Fra:451 Mem:697.46M (Peak 793.97M) | Time:00:01.86 | Mem:0.00M, Peak:0.00M | Scene, ViewLayer | Synchronizing object | Wall_transom.115
Fra:451 Mem:697.47M (Peak 793.97M) | Time:00:01.86 | Mem:0.00M, Peak:0.00M | Scene, ViewLayer | Synchronizing object | Column_capital.015
Fra:451 Mem:697.50M (Peak 793.97M) | Time:00:01.86 | Mem:0.00M, Peak:0.00M | Scene, ViewLayer | Synchronizing object | Curved_roof_glazing.175
Fra:451 Mem:697.52M (Peak 793.97M) | Time:00:01.86 | Mem:0.00M, Peak:0.00M | Scene, ViewLayer | Synchronizing object | Curved_roof_glazing.383
Fra:451 Mem:697.50M (Peak 793.97M) | Time:00:01.86 | Mem:0.00M, Peak:0.00M | Scene, ViewLayer | Synchronizing object | Load_column
Fra:451 Mem:697.50M (Peak 793.97M) | Time:00:01.86 | Mem:0.00M, Peak:0.00M | Scene, ViewLayer | Synchronizing object | Ridge_vent_stanchion.023
Fra:451 Mem:697.51M (Peak 793.97M) | Time:00:01.86 | Mem:0.00M, Peak:0.00M | Scene, ViewLayer | Synchronizing object | Column_capital.001
Fra:451 Mem:697.51M (Peak 793.97M) | Time:00:01.86 | Mem:0.00M, Peak:0.00M | Scene, ViewLayer | Synchronizing object | End_wall_glazing.018
Fra:451 Mem:697.54M (Peak 793.97M) | Time:00:01.86 | Mem:0.00M, Peak:0.00M | Scene, ViewLayer | Synchronizing object | End_elevation_crossbar.003
Fra:451 Mem:697.57M (Peak 793.97M) | Time:00:01.86 | Mem:0.00M, Peak:0.00M | Scene, ViewLayer | Synchronizing object | Curved_roof_glazing.057
Fra:451 Mem:697.57M (Peak 793.97M) | Time:00:01.86 | Mem:0.00M, Peak:0.00M | Scene, ViewLayer | Synchronizing object | Curved_roof_glazing.329
Fra:451 Mem:697.57M (Peak 793.97M) | Time:00:01.86 | Mem:0.00M, Peak:0.00M | Scene, ViewLayer | Synchronizing object | Curved_roof_glazing.313
Fra:451 Mem:697.57M (Peak 793.97M) | Time:00:01.86 | Mem:0.00M, Peak:0.00M | Scene, ViewLayer | Synchronizing object | Wall_transom.130
Fra:451 Mem:697.57M (Peak 793.97M) | Time:00:01.86 | Mem:0.00M, Peak:0.00M | Scene, ViewLayer | Synchronizing object | Side_wall_glass.018
Fra:451 Mem:697.60M (Peak 793.97M) | Time:00:01.86 | Mem:0.00M, Peak:0.00M | Scene, ViewLayer | Synchronizing object | Load_column.002
Fra:451 Mem:697.61M (Peak 793.97M) | Time:00:01.86 | Mem:0.00M, Peak:0.00M | Scene, ViewLayer | Synchronizing object | Wall_transom.048
Fra:451 Mem:697.64M (Peak 793.97M) | Time:00:01.86 | Mem:0.00M, Peak:0.00M | Scene, ViewLayer | Synchronizing object | Wall_stone_sill.006
Fra:451 Mem:697.66M (Peak 793.97M) | Time:00:01.86 | Mem:0.00M, Peak:0.00M | Scene, ViewLayer | Synchronizing object | Wall_transom.157
Fra:451 Mem:697.69M (Peak 793.97M) | Time:00:01.86 | Mem:0.00M, Peak:0.00M | Scene, ViewLayer | Synchronizing object | Wall_transom.169
Fra:451 Mem:697.71M (Peak 793.97M) | Time:00:01.86 | Mem:0.00M, Peak:0.00M | Scene, ViewLayer | Synchronizing object | Curved_roof_glazing.176
Fra:451 Mem:697.72M (Peak 793.97M) | Time:00:01.86 | Mem:0.00M, Peak:0.00M | Scene, ViewLayer | Synchronizing object | Primary_elliptical_arch
Fra:451 Mem:697.81M (Peak 793.97M) | Time:00:01.86 | Mem:0.00M, Peak:0.00M | Scene, ViewLayer | Synchronizing object | Hall_door_rail.004
Fra:451 Mem:697.89M (Peak 793.97M) | Time:00:01.86 | Mem:0.00M, Peak:0.00M | Scene, ViewLayer | Synchronizing object | Wall_stone_sill.008
Fra:451 Mem:697.88M (Peak 793.97M) | Time:00:01.86 | Mem:0.00M, Peak:0.00M | Scene, ViewLayer | Synchronizing object | Wall_transom.173
Fra:451 Mem:697.93M (Peak 793.97M) | Time:00:01.86 | Mem:0.00M, Peak:0.00M | Scene, ViewLayer | Synchronizing object | Curved_roof_glazing.058
Fra:451 Mem:697.93M (Peak 793.97M) | Time:00:01.86 | Mem:0.00M, Peak:0.00M | Scene, ViewLayer | Synchronizing object | Curved_roof_glazing.330
Fra:451 Mem:697.94M (Peak 793.97M) | Time:00:01.86 | Mem:0.00M, Peak:0.00M | Scene, ViewLayer | Synchronizing object | Curved_roof_glazing.314
Fra:451 Mem:697.94M (Peak 793.97M) | Time:00:01.86 | Mem:0.00M, Peak:0.00M | Scene, ViewLayer | Synchronizing object | Wall_stone_sill.003
Fra:451 Mem:697.95M (Peak 793.97M) | Time:00:01.86 | Mem:0.00M, Peak:0.00M | Scene, ViewLayer | Synchronizing object | Ridge_vent_stanchion.011
Fra:451 Mem:697.98M (Peak 793.97M) | Time:00:01.86 | Mem:0.00M, Peak:0.00M | Scene, ViewLayer | Synchronizing object | Wall_stone_sill.007
Fra:451 Mem:698.00M (Peak 793.97M) | Time:00:01.86 | Mem:0.00M, Peak:0.00M | Scene, ViewLayer | Synchronizing object | Curved_roof_glazing.228
Fra:451 Mem:698.02M (Peak 793.97M) | Time:00:01.86 | Mem:0.00M, Peak:0.00M | Scene, ViewLayer | Synchronizing object | End_wall_glazing.004
Fra:451 Mem:698.00M (Peak 793.97M) | Time:00:01.86 | Mem:0.00M, Peak:0.00M | Scene, ViewLayer | Synchronizing object | Secondary_glazing_rib.001
Fra:451 Mem:698.00M (Peak 793.97M) | Time:00:01.86 | Mem:0.00M, Peak:0.00M | Scene, ViewLayer | Synchronizing object | Side_wall_glass.084
Fra:451 Mem:698.04M (Peak 793.97M) | Time:00:01.86 | Mem:0.00M, Peak:0.00M | Scene, ViewLayer | Synchronizing object | Wall_transom.105
Fra:451 Mem:698.12M (Peak 793.97M) | Time:00:01.86 | Mem:0.00M, Peak:0.00M | Scene, ViewLayer | Synchronizing object | Curved_roof_glazing.177
Fra:451 Mem:698.12M (Peak 793.97M) | Time:00:01.86 | Mem:0.00M, Peak:0.00M | Scene, ViewLayer | Synchronizing object | Ridge_vent_stanchion.024
Fra:451 Mem:698.12M (Peak 793.97M) | Time:00:01.86 | Mem:0.00M, Peak:0.00M | Scene, ViewLayer | Synchronizing object | Secondary_glazing_rib.021
Fra:451 Mem:698.13M (Peak 793.97M) | Time:00:01.86 | Mem:0.00M, Peak:0.00M | Scene, ViewLayer | Synchronizing object | Wall_transom.097
Fra:451 Mem:698.26M (Peak 793.97M) | Time:00:01.86 | Mem:0.00M, Peak:0.00M | Scene, ViewLayer | Synchronizing object | Secondary_glazing_rib
Fra:451 Mem:698.25M (Peak 793.97M) | Time:00:01.86 | Mem:0.00M, Peak:0.00M | Scene, ViewLayer | Synchronizing object | Wall_transom.125
Fra:451 Mem:698.36M (Peak 793.97M) | Time:00:01.86 | Mem:0.00M, Peak:0.00M | Scene, ViewLayer | Synchronizing object | Wall_transom.075
Fra:451 Mem:698.35M (Peak 793.97M) | Time:00:01.86 | Mem:0.00M, Peak:0.00M | Scene, ViewLayer | Synchronizing object | Curved_roof_glazing.059
Fra:451 Mem:698.38M (Peak 793.97M) | Time:00:01.86 | Mem:0.00M, Peak:0.00M | Scene, ViewLayer | Synchronizing object | Curved_roof_glazing.331
Fra:451 Mem:698.40M (Peak 793.97M) | Time:00:01.86 | Mem:0.00M, Peak:0.00M | Scene, ViewLayer | Synchronizing object | Curved_roof_glazing.315
Fra:451 Mem:698.39M (Peak 793.97M) | Time:00:01.86 | Mem:0.00M, Peak:0.00M | Scene, ViewLayer | Synchronizing object | Wall_transom.087
Fra:451 Mem:698.42M (Peak 793.97M) | Time:00:01.86 | Mem:0.00M, Peak:0.00M | Scene, ViewLayer | Synchronizing object | Wall_glazing_mullion.030
Fra:451 Mem:698.44M (Peak 793.97M) | Time:00:01.86 | Mem:0.00M, Peak:0.00M | Scene, ViewLayer | Synchronizing object | Wall_transom.061
Fra:451 Mem:698.47M (Peak 793.97M) | Time:00:01.86 | Mem:0.00M, Peak:0.00M | Scene, ViewLayer | Synchronizing object | Wall_transom.166
Fra:451 Mem:698.50M (Peak 793.97M) | Time:00:01.86 | Mem:0.00M, Peak:0.00M | Scene, ViewLayer | Synchronizing object | Wall_transom
Fra:451 Mem:698.52M (Peak 793.97M) | Time:00:01.86 | Mem:0.00M, Peak:0.00M | Scene, ViewLayer | Synchronizing object | Curved_roof_glazing.149
Fra:451 Mem:698.53M (Peak 793.97M) | Time:00:01.86 | Mem:0.00M, Peak:0.00M | Scene, ViewLayer | Synchronizing object | Curved_roof_glazing.229
Fra:451 Mem:698.53M (Peak 793.97M) | Time:00:01.86 | Mem:0.00M, Peak:0.00M | Scene, ViewLayer | Synchronizing object | Wall_glazing_mullion.032
Fra:451 Mem:698.55M (Peak 793.97M) | Time:00:01.86 | Mem:0.00M, Peak:0.00M | Scene, ViewLayer | Synchronizing object | Wall_transom.065
Fra:451 Mem:698.58M (Peak 793.97M) | Time:00:01.86 | Mem:0.00M, Peak:0.00M | Scene, ViewLayer | Synchronizing object | Wall_transom.170
Fra:451 Mem:698.61M (Peak 793.97M) | Time:00:01.86 | Mem:0.00M, Peak:0.00M | Scene, ViewLayer | Synchronizing object | Wall_transom.164
Fra:451 Mem:698.63M (Peak 793.97M) | Time:00:01.86 | Mem:0.00M, Peak:0.00M | Scene, ViewLayer | Synchronizing object | Side_wall_glass.012
Fra:451 Mem:698.64M (Peak 793.97M) | Time:00:01.86 | Mem:0.00M, Peak:0.00M | Scene, ViewLayer | Synchronizing object | Wall_stone_sill.031
Fra:451 Mem:698.67M (Peak 793.97M) | Time:00:01.86 | Mem:0.00M, Peak:0.00M | Scene, ViewLayer | Synchronizing object | Wall_transom.162
Fra:451 Mem:698.71M (Peak 793.97M) | Time:00:01.86 | Mem:0.00M, Peak:0.00M | Scene, ViewLayer | Synchronizing object | Curved_roof_glazing.178
Fra:451 Mem:698.70M (Peak 793.97M) | Time:00:01.86 | Mem:0.00M, Peak:0.00M | Scene, ViewLayer | Synchronizing object | End_wall_mullion.006
Fra:451 Mem:698.72M (Peak 793.97M) | Time:00:01.86 | Mem:0.00M, Peak:0.00M | Scene, ViewLayer | Synchronizing object | Wall_glazing_mullion.039
Fra:451 Mem:698.75M (Peak 793.97M) | Time:00:01.86 | Mem:0.00M, Peak:0.00M | Scene, ViewLayer | Synchronizing object | Wall_glazing_mullion.002
Fra:451 Mem:698.78M (Peak 793.97M) | Time:00:01.86 | Mem:0.00M, Peak:0.00M | Scene, ViewLayer | Synchronizing object | Side_wall_glass.016
Fra:451 Mem:698.78M (Peak 793.97M) | Time:00:01.86 | Mem:0.00M, Peak:0.00M | Scene, ViewLayer | Synchronizing object | Wall_stone_sill.050
Fra:451 Mem:698.81M (Peak 793.97M) | Time:00:01.86 | Mem:0.00M, Peak:0.00M | Scene, ViewLayer | Synchronizing object | Curved_roof_glazing.060
Fra:451 Mem:698.81M (Peak 793.97M) | Time:00:01.86 | Mem:0.00M, Peak:0.00M | Scene, ViewLayer | Synchronizing object | Curved_roof_glazing.332
Fra:451 Mem:698.81M (Peak 793.97M) | Time:00:01.86 | Mem:0.00M, Peak:0.00M | Scene, ViewLayer | Synchronizing object | Wall_stone_sill.026
Fra:451 Mem:698.83M (Peak 793.97M) | Time:00:01.86 | Mem:0.00M, Peak:0.00M | Scene, ViewLayer | Synchronizing object | Continuous_eaves_gutter
Fra:451 Mem:698.86M (Peak 793.97M) | Time:00:01.86 | Mem:0.00M, Peak:0.00M | Scene, ViewLayer | Synchronizing object | Curved_roof_glazing.316
Fra:451 Mem:698.87M (Peak 793.97M) | Time:00:01.86 | Mem:0.00M, Peak:0.00M | Scene, ViewLayer | Synchronizing object | Side_wall_glass.019
Fra:451 Mem:698.89M (Peak 793.97M) | Time:00:01.86 | Mem:0.00M, Peak:0.00M | Scene, ViewLayer | Synchronizing object | Wall_glazing_mullion.031
Fra:451 Mem:698.87M (Peak 793.97M) | Time:00:01.86 | Mem:0.00M, Peak:0.00M | Scene, ViewLayer | Synchronizing object | Column_capital.002
Fra:451 Mem:698.93M (Peak 793.97M) | Time:00:01.86 | Mem:0.00M, Peak:0.00M | Scene, ViewLayer | Synchronizing object | Ridge_vent_stanchion.012
Fra:451 Mem:698.92M (Peak 793.97M) | Time:00:01.86 | Mem:0.00M, Peak:0.00M | Scene, ViewLayer | Synchronizing object | Curved_roof_glazing.230
Fra:451 Mem:698.92M (Peak 793.97M) | Time:00:01.86 | Mem:0.00M, Peak:0.00M | Scene, ViewLayer | Synchronizing object | Wall_transom.030
Fra:451 Mem:698.96M (Peak 793.97M) | Time:00:01.86 | Mem:0.00M, Peak:0.00M | Scene, ViewLayer | Synchronizing object | Wall_transom.020
Fra:451 Mem:698.98M (Peak 793.97M) | Time:00:01.86 | Mem:0.00M, Peak:0.00M | Scene, ViewLayer | Synchronizing object | Side_wall_glass.117
Fra:451 Mem:698.97M (Peak 793.97M) | Time:00:01.86 | Mem:0.00M, Peak:0.00M | Scene, ViewLayer | Synchronizing object | Curved_roof_glazing.179
Fra:451 Mem:698.99M (Peak 793.97M) | Time:00:01.86 | Mem:0.00M, Peak:0.00M | Scene, ViewLayer | Synchronizing object | Longitudinal_roof_purlin.010
Fra:451 Mem:699.01M (Peak 793.97M) | Time:00:01.86 | Mem:0.00M, Peak:0.00M | Scene, ViewLayer | Synchronizing object | Ridge_vent_stanchion.025
Fra:451 Mem:699.01M (Peak 793.97M) | Time:00:01.86 | Mem:0.00M, Peak:0.00M | Scene, ViewLayer | Synchronizing object | Wall_transom.058
Fra:451 Mem:699.05M (Peak 793.97M) | Time:00:01.86 | Mem:0.00M, Peak:0.00M | Scene, ViewLayer | Synchronizing object | Wall_transom.094
Fra:451 Mem:699.07M (Peak 793.97M) | Time:00:01.86 | Mem:0.00M, Peak:0.00M | Scene, ViewLayer | Synchronizing object | Side_wall_glass.104
Fra:451 Mem:699.09M (Peak 793.97M) | Time:00:01.86 | Mem:0.00M, Peak:0.00M | Scene, ViewLayer | Synchronizing object | Wall_transom.163
Fra:451 Mem:699.07M (Peak 793.97M) | Time:00:01.86 | Mem:0.00M, Peak:0.00M | Scene, ViewLayer | Synchronizing object | Curved_roof_glazing.061
Fra:451 Mem:699.11M (Peak 793.97M) | Time:00:01.86 | Mem:0.00M, Peak:0.00M | Scene, ViewLayer | Synchronizing object | Curved_roof_glazing.333
Fra:451 Mem:699.10M (Peak 793.97M) | Time:00:01.86 | Mem:0.00M, Peak:0.00M | Scene, ViewLayer | Synchronizing object | Wall_transom.149
Fra:451 Mem:699.13M (Peak 793.97M) | Time:00:01.86 | Mem:0.00M, Peak:0.00M | Scene, ViewLayer | Synchronizing object | Curved_roof_glazing.317
Fra:451 Mem:699.13M (Peak 793.97M) | Time:00:01.86 | Mem:0.00M, Peak:0.00M | Scene, ViewLayer | Synchronizing object | Wall_transom.143
Fra:451 Mem:699.15M (Peak 793.97M) | Time:00:01.86 | Mem:0.00M, Peak:0.00M | Scene, ViewLayer | Synchronizing object | Secondary_glazing_rib.017
Fra:451 Mem:699.23M (Peak 793.97M) | Time:00:01.86 | Mem:0.00M, Peak:0.00M | Scene, ViewLayer | Synchronizing object | Wall_stone_sill.024
Fra:451 Mem:699.27M (Peak 793.97M) | Time:00:01.86 | Mem:0.00M, Peak:0.00M | Scene, ViewLayer | Synchronizing object | Column_base_plinth.003
Fra:451 Mem:699.30M (Peak 793.97M) | Time:00:01.86 | Mem:0.00M, Peak:0.00M | Scene, ViewLayer | Synchronizing object | Longitudinal_roof_purlin.005
Fra:451 Mem:699.33M (Peak 793.97M) | Time:00:01.86 | Mem:0.00M, Peak:0.00M | Scene, ViewLayer | Synchronizing object | Wall_transom.159
Fra:451 Mem:699.35M (Peak 793.97M) | Time:00:01.86 | Mem:0.00M, Peak:0.00M | Scene, ViewLayer | Synchronizing object | Side_wall_glass.085
Fra:451 Mem:699.35M (Peak 793.97M) | Time:00:01.86 | Mem:0.00M, Peak:0.00M | Scene, ViewLayer | Synchronizing object | Side_wall_glass.014
Fra:451 Mem:699.37M (Peak 793.97M) | Time:00:01.86 | Mem:0.00M, Peak:0.00M | Scene, ViewLayer | Synchronizing object | Curved_roof_glazing.231
Fra:451 Mem:699.36M (Peak 793.97M) | Time:00:01.86 | Mem:0.00M, Peak:0.00M | Scene, ViewLayer | Synchronizing object | End_wall_mullion.011
Fra:451 Mem:699.36M (Peak 793.97M) | Time:00:01.86 | Mem:0.00M, Peak:0.00M | Scene, ViewLayer | Synchronizing object | Curved_roof_glazing.244
Fra:451 Mem:699.39M (Peak 793.97M) | Time:00:01.86 | Mem:0.00M, Peak:0.00M | Scene, ViewLayer | Synchronizing object | Curved_roof_glazing.276
Fra:451 Mem:699.38M (Peak 793.97M) | Time:00:01.86 | Mem:0.00M, Peak:0.00M | Scene, ViewLayer | Synchronizing object | Curved_roof_glazing.068
Fra:451 Mem:699.40M (Peak 793.97M) | Time:00:01.86 | Mem:0.00M, Peak:0.00M | Scene, ViewLayer | Synchronizing object | Curved_roof_glazing.116
Fra:451 Mem:699.40M (Peak 793.97M) | Time:00:01.86 | Mem:0.00M, Peak:0.00M | Scene, ViewLayer | Synchronizing object | Curved_roof_glazing.148
Fra:451 Mem:699.42M (Peak 793.97M) | Time:00:01.86 | Mem:0.00M, Peak:0.00M | Scene, ViewLayer | Synchronizing object | End_wall_mullion.018
Fra:451 Mem:699.41M (Peak 793.97M) | Time:00:01.86 | Mem:0.00M, Peak:0.00M | Scene, ViewLayer | Synchronizing object | Ridge_vent_stanchion
Fra:451 Mem:699.43M (Peak 793.97M) | Time:00:01.86 | Mem:0.00M, Peak:0.00M | Scene, ViewLayer | Synchronizing object | Side_wall_glass.017
Fra:451 Mem:699.43M (Peak 793.97M) | Time:00:01.86 | Mem:0.00M, Peak:0.00M | Scene, ViewLayer | Synchronizing object | Curved_roof_glazing.062
Fra:451 Mem:699.43M (Peak 793.97M) | Time:00:01.86 | Mem:0.00M, Peak:0.00M | Scene, ViewLayer | Synchronizing object | Curved_roof_glazing.334
Fra:451 Mem:699.43M (Peak 793.97M) | Time:00:01.86 | Mem:0.00M, Peak:0.00M | Scene, ViewLayer | Synchronizing object | Side_wall_glass.052
Fra:451 Mem:699.46M (Peak 793.97M) | Time:00:01.86 | Mem:0.00M, Peak:0.00M | Scene, ViewLayer | Synchronizing object | Curved_roof_glazing.318
Fra:451 Mem:699.43M (Peak 793.97M) | Time:00:01.86 | Mem:0.00M, Peak:0.00M | Scene, ViewLayer | Synchronizing object | Wall_transom.131
Fra:451 Mem:699.44M (Peak 793.97M) | Time:00:01.86 | Mem:0.00M, Peak:0.00M | Scene, ViewLayer | Synchronizing object | Side_wall_glass.007
Fra:451 Mem:699.47M (Peak 793.97M) | Time:00:01.86 | Mem:0.00M, Peak:0.00M | Scene, ViewLayer | Synchronizing object | Ridge_vent_stanchion.013
Fra:451 Mem:699.47M (Peak 793.97M) | Time:00:01.86 | Mem:0.00M, Peak:0.00M | Scene, ViewLayer | Synchronizing object | Wall_stone_sill.005
Fra:451 Mem:699.49M (Peak 793.97M) | Time:00:01.86 | Mem:0.00M, Peak:0.00M | Scene, ViewLayer | Synchronizing object | Curved_roof_glazing.232
Fra:451 Mem:699.50M (Peak 793.97M) | Time:00:01.86 | Mem:0.00M, Peak:0.00M | Scene, ViewLayer | Synchronizing object | Primary_elliptical_arch.006
Fra:451 Mem:699.59M (Peak 793.97M) | Time:00:01.86 | Mem:0.00M, Peak:0.00M | Scene, ViewLayer | Synchronizing object | Wall_transom.055
Fra:451 Mem:699.65M (Peak 793.97M) | Time:00:01.86 | Mem:0.00M, Peak:0.00M | Scene, ViewLayer | Synchronizing object | Wall_transom.004
Fra:451 Mem:699.66M (Peak 793.97M) | Time:00:01.86 | Mem:0.00M, Peak:0.00M | Scene, ViewLayer | Synchronizing object | Curved_roof_glazing.245
Fra:451 Mem:699.69M (Peak 793.97M) | Time:00:01.86 | Mem:0.00M, Peak:0.00M | Scene, ViewLayer | Synchronizing object | Curved_roof_glazing.277
Fra:451 Mem:699.69M (Peak 793.97M) | Time:00:01.86 | Mem:0.00M, Peak:0.00M | Scene, ViewLayer | Synchronizing object | Wall_glazing_mullion.038
Fra:451 Mem:699.72M (Peak 793.97M) | Time:00:01.86 | Mem:0.00M, Peak:0.00M | Scene, ViewLayer | Synchronizing object | Curved_roof_glazing.069
Fra:451 Mem:699.72M (Peak 793.97M) | Time:00:01.86 | Mem:0.00M, Peak:0.00M | Scene, ViewLayer | Synchronizing object | Curved_roof_glazing.117
Fra:451 Mem:699.72M (Peak 793.97M) | Time:00:01.86 | Mem:0.00M, Peak:0.00M | Scene, ViewLayer | Synchronizing object | Wall_transom.174
Fra:451 Mem:699.73M (Peak 793.97M) | Time:00:01.86 | Mem:0.00M, Peak:0.00M | Scene, ViewLayer | Synchronizing object | Curved_roof_glazing.063
Fra:451 Mem:699.75M (Peak 793.97M) | Time:00:01.87 | Mem:0.00M, Peak:0.00M | Scene, ViewLayer | Synchronizing object | Curved_roof_glazing.335
Fra:451 Mem:699.76M (Peak 793.97M) | Time:00:01.87 | Mem:0.00M, Peak:0.00M | Scene, ViewLayer | Synchronizing object | Curved_roof_glazing.319
Fra:451 Mem:699.76M (Peak 793.97M) | Time:00:01.87 | Mem:0.00M, Peak:0.00M | Scene, ViewLayer | Synchronizing object | Side_wall_glass.006
Fra:451 Mem:699.76M (Peak 793.97M) | Time:00:01.87 | Mem:0.00M, Peak:0.00M | Scene, ViewLayer | Synchronizing object | Curved_roof_glazing.233
Fra:451 Mem:699.76M (Peak 793.97M) | Time:00:01.87 | Mem:0.00M, Peak:0.00M | Scene, ViewLayer | Synchronizing object | Load_column.012
Fra:451 Mem:699.76M (Peak 793.97M) | Time:00:01.87 | Mem:0.00M, Peak:0.00M | Scene, ViewLayer | Synchronizing object | Side_wall_glass.010
Fra:451 Mem:699.77M (Peak 793.97M) | Time:00:01.87 | Mem:0.00M, Peak:0.00M | Scene, ViewLayer | Synchronizing object | Side_wall_glass.015
Fra:451 Mem:699.77M (Peak 793.97M) | Time:00:01.87 | Mem:0.00M, Peak:0.00M | Scene, ViewLayer | Synchronizing object | Wall_transom.106
Fra:451 Mem:699.78M (Peak 793.97M) | Time:00:01.87 | Mem:0.00M, Peak:0.00M | Scene, ViewLayer | Synchronizing object | Wall_glazing_mullion.007
Fra:451 Mem:699.85M (Peak 793.97M) | Time:00:01.87 | Mem:0.00M, Peak:0.00M | Scene, ViewLayer | Synchronizing object | Wall_glazing_mullion.017
Fra:451 Mem:699.83M (Peak 793.97M) | Time:00:01.87 | Mem:0.00M, Peak:0.00M | Scene, ViewLayer | Synchronizing object | Curved_roof_glazing.246
Fra:451 Mem:699.86M (Peak 793.97M) | Time:00:01.87 | Mem:0.00M, Peak:0.00M | Scene, ViewLayer | Synchronizing object | Curved_roof_glazing.278
Fra:451 Mem:699.86M (Peak 793.97M) | Time:00:01.87 | Mem:0.00M, Peak:0.00M | Scene, ViewLayer | Synchronizing object | Curved_roof_glazing.070
Fra:451 Mem:699.86M (Peak 793.97M) | Time:00:01.87 | Mem:0.00M, Peak:0.00M | Scene, ViewLayer | Synchronizing object | Curved_roof_glazing.118
Fra:451 Mem:699.86M (Peak 793.97M) | Time:00:01.87 | Mem:0.00M, Peak:0.00M | Scene, ViewLayer | Synchronizing object | Curved_roof_glazing.150
Fra:451 Mem:699.88M (Peak 793.97M) | Time:00:01.87 | Mem:0.00M, Peak:0.00M | Scene, ViewLayer | Synchronizing object | Wall_stone_sill.042
Fra:451 Mem:699.87M (Peak 793.97M) | Time:00:01.87 | Mem:0.00M, Peak:0.00M | Scene, ViewLayer | Synchronizing object | Wall_glazing_mullion.001
Fra:451 Mem:699.94M (Peak 793.97M) | Time:00:01.87 | Mem:0.00M, Peak:0.00M | Scene, ViewLayer | Synchronizing object | Wall_stone_sill.032
Fra:451 Mem:699.92M (Peak 793.97M) | Time:00:01.87 | Mem:0.00M, Peak:0.00M | Scene, ViewLayer | Synchronizing object | Hall_door_rail.005
Fra:451 Mem:699.97M (Peak 793.97M) | Time:00:01.87 | Mem:0.00M, Peak:0.00M | Scene, ViewLayer | Synchronizing object | Ridge_vent_stanchion.001
Fra:451 Mem:699.97M (Peak 793.97M) | Time:00:01.87 | Mem:0.00M, Peak:0.00M | Scene, ViewLayer | Synchronizing object | Side_wall_glass.105
Fra:451 Mem:699.97M (Peak 793.97M) | Time:00:01.87 | Mem:0.00M, Peak:0.00M | Scene, ViewLayer | Synchronizing object | Wall_transom.076
Fra:451 Mem:699.97M (Peak 793.97M) | Time:00:01.87 | Mem:0.00M, Peak:0.00M | Scene, ViewLayer | Synchronizing object | Curved_roof_glazing.064
Fra:451 Mem:700.00M (Peak 793.97M) | Time:00:01.87 | Mem:0.00M, Peak:0.00M | Scene, ViewLayer | Synchronizing object | Curved_roof_glazing.336
Fra:451 Mem:700.00M (Peak 793.97M) | Time:00:01.87 | Mem:0.00M, Peak:0.00M | Scene, ViewLayer | Synchronizing object | Side_wall_glass.053
Fra:451 Mem:700.01M (Peak 793.97M) | Time:00:01.87 | Mem:0.00M, Peak:0.00M | Scene, ViewLayer | Synchronizing object | Curved_roof_glazing.320
Fra:451 Mem:700.01M (Peak 793.97M) | Time:00:01.87 | Mem:0.00M, Peak:0.00M | Scene, ViewLayer | Synchronizing object | Wall_transom.088
Fra:451 Mem:700.05M (Peak 793.97M) | Time:00:01.87 | Mem:0.00M, Peak:0.00M | Scene, ViewLayer | Synchronizing object | Wall_transom.062
Fra:451 Mem:700.07M (Peak 793.97M) | Time:00:01.87 | Mem:0.00M, Peak:0.00M | Scene, ViewLayer | Synchronizing object | Side_wall_glass.048
Fra:451 Mem:700.08M (Peak 793.97M) | Time:00:01.87 | Mem:0.00M, Peak:0.00M | Scene, ViewLayer | Synchronizing object | Wall_transom.167
Fra:451 Mem:700.07M (Peak 793.97M) | Time:00:01.87 | Mem:0.00M, Peak:0.00M | Scene, ViewLayer | Synchronizing object | Wall_transom.001
Fra:451 Mem:700.14M (Peak 793.97M) | Time:00:01.87 | Mem:0.00M, Peak:0.00M | Scene, ViewLayer | Synchronizing object | Load_column.003
Fra:451 Mem:700.12M (Peak 793.97M) | Time:00:01.87 | Mem:0.00M, Peak:0.00M | Scene, ViewLayer | Synchronizing object | Ridge_vent_stanchion.014
Fra:451 Mem:700.12M (Peak 793.97M) | Time:00:01.87 | Mem:0.00M, Peak:0.00M | Scene, ViewLayer | Synchronizing object | Wall_stone_sill.022
Fra:451 Mem:700.13M (Peak 793.97M) | Time:00:01.87 | Mem:0.00M, Peak:0.00M | Scene, ViewLayer | Synchronizing object | Curved_roof_glazing.234
Fra:451 Mem:700.15M (Peak 793.97M) | Time:00:01.87 | Mem:0.00M, Peak:0.00M | Scene, ViewLayer | Synchronizing object | End_wall_mullion.004
Fra:451 Mem:700.18M (Peak 793.97M) | Time:00:01.87 | Mem:0.00M, Peak:0.00M | Scene, ViewLayer | Synchronizing object | Wall_transom.165
Fra:451 Mem:700.19M (Peak 793.97M) | Time:00:01.87 | Mem:0.00M, Peak:0.00M | Scene, ViewLayer | Synchronizing object | Wall_glazing_mullion.008
Fra:451 Mem:700.24M (Peak 793.97M) | Time:00:01.87 | Mem:0.00M, Peak:0.00M | Scene, ViewLayer | Synchronizing object | Curved_roof_glazing.247
Fra:451 Mem:700.24M (Peak 793.97M) | Time:00:01.87 | Mem:0.00M, Peak:0.00M | Scene, ViewLayer | Synchronizing object | Primary_elliptical_arch.007
Fra:451 Mem:700.26M (Peak 793.97M) | Time:00:01.87 | Mem:0.00M, Peak:0.00M | Scene, ViewLayer | Synchronizing object | Curved_roof_glazing.279
Fra:451 Mem:700.32M (Peak 793.97M) | Time:00:01.87 | Mem:0.00M, Peak:0.00M | Scene, ViewLayer | Synchronizing object | Curved_roof_glazing.071
Fra:451 Mem:700.34M (Peak 793.97M) | Time:00:01.87 | Mem:0.00M, Peak:0.00M | Scene, ViewLayer | Synchronizing object | Curved_roof_glazing.119
Fra:451 Mem:700.36M (Peak 793.97M) | Time:00:01.87 | Mem:0.00M, Peak:0.00M | Scene, ViewLayer | Synchronizing object | Curved_roof_glazing.151
Fra:451 Mem:700.36M (Peak 793.97M) | Time:00:01.87 | Mem:0.00M, Peak:0.00M | Scene, ViewLayer | Synchronizing object | Curved_roof_glazing.180
Fra:451 Mem:700.37M (Peak 793.97M) | Time:00:01.87 | Mem:0.00M, Peak:0.00M | Scene, ViewLayer | Synchronizing object | Curved_roof_glazing.292
Fra:451 Mem:700.37M (Peak 793.97M) | Time:00:01.87 | Mem:0.00M, Peak:0.00M | Scene, ViewLayer | Synchronizing object | Curved_roof_glazing.084
Fra:451 Mem:700.40M (Peak 793.97M) | Time:00:01.87 | Mem:0.00M, Peak:0.00M | Scene, ViewLayer | Synchronizing object | End_wall_sill.013
Fra:451 Mem:700.40M (Peak 793.97M) | Time:00:01.87 | Mem:0.00M, Peak:0.00M | Scene, ViewLayer | Synchronizing object | Curved_roof_glazing.065
Fra:451 Mem:700.43M (Peak 793.97M) | Time:00:01.87 | Mem:0.00M, Peak:0.00M | Scene, ViewLayer | Synchronizing object | Curved_roof_glazing.337
Fra:451 Mem:700.44M (Peak 793.97M) | Time:00:01.87 | Mem:0.00M, Peak:0.00M | Scene, ViewLayer | Synchronizing object | Curved_roof_glazing.321
Fra:451 Mem:700.43M (Peak 793.97M) | Time:00:01.87 | Mem:0.00M, Peak:0.00M | Scene, ViewLayer | Synchronizing object | Column_capital.013
Fra:451 Mem:700.46M (Peak 793.97M) | Time:00:01.87 | Mem:0.00M, Peak:0.00M | Scene, ViewLayer | Synchronizing object | Portal_transom_mullion
Fra:451 Mem:700.48M (Peak 793.97M) | Time:00:01.87 | Mem:0.00M, Peak:0.00M | Scene, ViewLayer | Synchronizing object | Side_wall_glass.049
Fra:451 Mem:700.49M (Peak 793.97M) | Time:00:01.87 | Mem:0.00M, Peak:0.00M | Scene, ViewLayer | Synchronizing object | Wall_transom.027
Fra:451 Mem:700.51M (Peak 793.97M) | Time:00:01.87 | Mem:0.00M, Peak:0.00M | Scene, ViewLayer | Synchronizing object | Curved_roof_glazing.235
Fra:451 Mem:700.50M (Peak 793.97M) | Time:00:01.87 | Mem:0.00M, Peak:0.00M | Scene, ViewLayer | Synchronizing object | Side_wall_glass.044
Fra:451 Mem:700.50M (Peak 793.97M) | Time:00:01.87 | Mem:0.00M, Peak:0.00M | Scene, ViewLayer | Synchronizing object | Wall_glazing_mullion.003
Fra:451 Mem:700.51M (Peak 793.97M) | Time:00:01.87 | Mem:0.00M, Peak:0.00M | Scene, ViewLayer | Synchronizing object | Wall_transom.031
Fra:451 Mem:700.58M (Peak 793.97M) | Time:00:01.87 | Mem:0.00M, Peak:0.00M | Scene, ViewLayer | Synchronizing object | Curved_roof_glazing.248
Fra:451 Mem:700.56M (Peak 793.97M) | Time:00:01.87 | Mem:0.00M, Peak:0.00M | Scene, ViewLayer | Synchronizing object | Curved_roof_glazing.280
Fra:451 Mem:700.56M (Peak 793.97M) | Time:00:01.87 | Mem:0.00M, Peak:0.00M | Scene, ViewLayer | Synchronizing object | Secondary_glazing_rib.004
Fra:451 Mem:700.58M (Peak 793.97M) | Time:00:01.87 | Mem:0.00M, Peak:0.00M | Scene, ViewLayer | Synchronizing object | Curved_roof_glazing.072
Fra:451 Mem:700.62M (Peak 793.97M) | Time:00:01.87 | Mem:0.00M, Peak:0.00M | Scene, ViewLayer | Synchronizing object | Curved_roof_glazing.120
Fra:451 Mem:700.65M (Peak 793.97M) | Time:00:01.87 | Mem:0.00M, Peak:0.00M | Scene, ViewLayer | Synchronizing object | Curved_roof_glazing.152
Fra:451 Mem:700.65M (Peak 793.97M) | Time:00:01.87 | Mem:0.00M, Peak:0.00M | Scene, ViewLayer | Synchronizing object | Curved_roof_glazing.181
Fra:451 Mem:700.65M (Peak 793.97M) | Time:00:01.87 | Mem:0.00M, Peak:0.00M | Scene, ViewLayer | Synchronizing object | Curved_roof_glazing.293
Fra:451 Mem:700.67M (Peak 793.97M) | Time:00:01.87 | Mem:0.00M, Peak:0.00M | Scene, ViewLayer | Synchronizing object | Side_wall_glass.030
Fra:451 Mem:700.67M (Peak 793.97M) | Time:00:01.87 | Mem:0.00M, Peak:0.00M | Scene, ViewLayer | Synchronizing object | Wall_transom.176
Fra:451 Mem:700.68M (Peak 793.97M) | Time:00:01.87 | Mem:0.00M, Peak:0.00M | Scene, ViewLayer | Synchronizing object | Curved_roof_glazing.085
Fra:451 Mem:700.71M (Peak 793.97M) | Time:00:01.87 | Mem:0.00M, Peak:0.00M | Scene, ViewLayer | Synchronizing object | End_wall_mullion.009
Fra:451 Mem:700.73M (Peak 793.97M) | Time:00:01.87 | Mem:0.00M, Peak:0.00M | Scene, ViewLayer | Synchronizing object | Wall_transom.146
Fra:451 Mem:700.76M (Peak 793.97M) | Time:00:01.87 | Mem:0.00M, Peak:0.00M | Scene, ViewLayer | Synchronizing object | Curved_roof_glazing.066
Fra:451 Mem:700.76M (Peak 793.97M) | Time:00:01.87 | Mem:0.00M, Peak:0.00M | Scene, ViewLayer | Synchronizing object | Curved_roof_glazing.338
Fra:451 Mem:700.76M (Peak 793.97M) | Time:00:01.87 | Mem:0.00M, Peak:0.00M | Scene, ViewLayer | Synchronizing object | Wall_transom.150
Fra:451 Mem:700.78M (Peak 793.97M) | Time:00:01.87 | Mem:0.00M, Peak:0.00M | Scene, ViewLayer | Synchronizing object | Curved_roof_glazing.322
Fra:451 Mem:700.79M (Peak 793.97M) | Time:00:01.87 | Mem:0.00M, Peak:0.00M | Scene, ViewLayer | Synchronizing object | Wall_transom.144
Fra:451 Mem:700.82M (Peak 793.97M) | Time:00:01.87 | Mem:0.00M, Peak:0.00M | Scene, ViewLayer | Synchronizing object | Wall_glazing_mullion.033
Fra:451 Mem:700.84M (Peak 793.97M) | Time:00:01.87 | Mem:0.00M, Peak:0.00M | Scene, ViewLayer | Synchronizing object | Longitudinal_roof_purlin.006
Fra:451 Mem:700.85M (Peak 793.97M) | Time:00:01.87 | Mem:0.00M, Peak:0.00M | Scene, ViewLayer | Synchronizing object | Ridge_vent_stanchion.015
Fra:451 Mem:700.85M (Peak 793.97M) | Time:00:01.87 | Mem:0.00M, Peak:0.00M | Scene, ViewLayer | Synchronizing object | Wall_glazing_mullion.006
Fra:451 Mem:700.87M (Peak 793.97M) | Time:00:01.87 | Mem:0.00M, Peak:0.00M | Scene, ViewLayer | Synchronizing object | Wall_stone_sill.052
Fra:451 Mem:700.90M (Peak 793.97M) | Time:00:01.87 | Mem:0.00M, Peak:0.00M | Scene, ViewLayer | Synchronizing object | Curved_roof_glazing.236
Fra:451 Mem:700.93M (Peak 793.97M) | Time:00:01.87 | Mem:0.00M, Peak:0.00M | Scene, ViewLayer | Synchronizing object | Side_wall_glass.011
Fra:451 Mem:700.94M (Peak 793.97M) | Time:00:01.87 | Mem:0.00M, Peak:0.00M | Scene, ViewLayer | Synchronizing object | Wall_transom.126
Fra:451 Mem:700.95M (Peak 793.97M) | Time:00:01.87 | Mem:0.00M, Peak:0.00M | Scene, ViewLayer | Synchronizing object | Wall_transom.171
Fra:451 Mem:700.96M (Peak 793.97M) | Time:00:01.87 | Mem:0.00M, Peak:0.00M | Scene, ViewLayer | Synchronizing object | End_wall_sill.011
Fra:451 Mem:701.00M (Peak 793.97M) | Time:00:01.87 | Mem:0.00M, Peak:0.00M | Scene, ViewLayer | Synchronizing object | Curved_roof_glazing.249
Fra:451 Mem:701.00M (Peak 793.97M) | Time:00:01.87 | Mem:0.00M, Peak:0.00M | Scene, ViewLayer | Synchronizing object | Curved_roof_glazing.281
Fra:451 Mem:701.00M (Peak 793.97M) | Time:00:01.87 | Mem:0.00M, Peak:0.00M | Scene, ViewLayer | Synchronizing object | Load_column.006
Fra:451 Mem:701.01M (Peak 793.97M) | Time:00:01.87 | Mem:0.00M, Peak:0.00M | Scene, ViewLayer | Synchronizing object | Curved_roof_glazing.073
Fra:451 Mem:701.01M (Peak 793.97M) | Time:00:01.87 | Mem:0.00M, Peak:0.00M | Scene, ViewLayer | Synchronizing object | Curved_roof_glazing.121
Fra:451 Mem:701.02M (Peak 793.97M) | Time:00:01.87 | Mem:0.00M, Peak:0.00M | Scene, ViewLayer | Synchronizing object | Curved_roof_glazing.153
Fra:451 Mem:701.02M (Peak 793.97M) | Time:00:01.87 | Mem:0.00M, Peak:0.00M | Scene, ViewLayer | Synchronizing object | Curved_roof_glazing.182
Fra:451 Mem:701.02M (Peak 793.97M) | Time:00:01.87 | Mem:0.00M, Peak:0.00M | Scene, ViewLayer | Synchronizing object | Curved_roof_glazing.294
Fra:451 Mem:701.03M (Peak 793.97M) | Time:00:01.87 | Mem:0.00M, Peak:0.00M | Scene, ViewLayer | Synchronizing object | Side_wall_glass.031
Fra:451 Mem:701.03M (Peak 793.97M) | Time:00:01.87 | Mem:0.00M, Peak:0.00M | Scene, ViewLayer | Synchronizing object | Wall_transom.104
Fra:451 Mem:701.03M (Peak 793.97M) | Time:00:01.87 | Mem:0.00M, Peak:0.00M | Scene, ViewLayer | Synchronizing object | Curved_roof_glazing.086
Fra:451 Mem:701.07M (Peak 793.97M) | Time:00:01.87 | Mem:0.00M, Peak:0.00M | Scene, ViewLayer | Synchronizing object | End_wall_glazing.014
Fra:451 Mem:701.06M (Peak 793.97M) | Time:00:01.87 | Mem:0.00M, Peak:0.00M | Scene, ViewLayer | Synchronizing object | Curved_roof_glazing.067
Fra:451 Mem:701.07M (Peak 793.97M) | Time:00:01.87 | Mem:0.00M, Peak:0.00M | Scene, ViewLayer | Synchronizing object | Curved_roof_glazing.339
Fra:451 Mem:701.07M (Peak 793.97M) | Time:00:01.87 | Mem:0.00M, Peak:0.00M | Scene, ViewLayer | Synchronizing object | Wall_transom.078
Fra:451 Mem:701.10M (Peak 793.97M) | Time:00:01.87 | Mem:0.00M, Peak:0.00M | Scene, ViewLayer | Synchronizing object | Curved_roof_glazing.323
Fra:451 Mem:701.11M (Peak 793.97M) | Time:00:01.87 | Mem:0.00M, Peak:0.00M | Scene, ViewLayer | Synchronizing object | Wall_stone_sill.044
Fra:451 Mem:701.13M (Peak 793.97M) | Time:00:01.87 | Mem:0.00M, Peak:0.00M | Scene, ViewLayer | Synchronizing object | Secondary_glazing_rib.018
Fra:451 Mem:701.20M (Peak 793.97M) | Time:00:01.87 | Mem:0.00M, Peak:0.00M | Scene, ViewLayer | Synchronizing object | Wall_glazing_mullion.019
Fra:451 Mem:701.24M (Peak 793.97M) | Time:00:01.87 | Mem:0.00M, Peak:0.00M | Scene, ViewLayer | Synchronizing object | Side_wall_glass.108
Fra:451 Mem:701.25M (Peak 793.97M) | Time:00:01.87 | Mem:0.00M, Peak:0.00M | Scene, ViewLayer | Synchronizing object | Wall_glazing_mullion.004
Fra:451 Mem:701.27M (Peak 793.97M) | Time:00:01.87 | Mem:0.00M, Peak:0.00M | Scene, ViewLayer | Synchronizing object | Curved_roof_glazing.237
Fra:451 Mem:701.28M (Peak 793.97M) | Time:00:01.87 | Mem:0.00M, Peak:0.00M | Scene, ViewLayer | Synchronizing object | Wall_transom.056
Fra:451 Mem:701.30M (Peak 793.97M) | Time:00:01.87 | Mem:0.00M, Peak:0.00M | Scene, ViewLayer | Synchronizing object | Curved_roof_glazing.250
Fra:451 Mem:701.31M (Peak 793.97M) | Time:00:01.87 | Mem:0.00M, Peak:0.00M | Scene, ViewLayer | Synchronizing object | Curved_roof_glazing.282
Fra:451 Mem:701.31M (Peak 793.97M) | Time:00:01.87 | Mem:0.00M, Peak:0.00M | Scene, ViewLayer | Synchronizing object | Primary_elliptical_arch.003
Fra:451 Mem:701.31M (Peak 793.97M) | Time:00:01.87 | Mem:0.00M, Peak:0.00M | Scene, ViewLayer | Synchronizing object | Wall_transom.005
Fra:451 Mem:701.45M (Peak 793.97M) | Time:00:01.87 | Mem:0.00M, Peak:0.00M | Scene, ViewLayer | Synchronizing object | Curved_roof_glazing.074
Fra:451 Mem:701.45M (Peak 793.97M) | Time:00:01.87 | Mem:0.00M, Peak:0.00M | Scene, ViewLayer | Synchronizing object | Curved_roof_glazing.122
Fra:451 Mem:701.49M (Peak 793.97M) | Time:00:01.87 | Mem:0.00M, Peak:0.00M | Scene, ViewLayer | Synchronizing object | Curved_roof_glazing.154
Fra:451 Mem:701.48M (Peak 793.97M) | Time:00:01.87 | Mem:0.00M, Peak:0.00M | Scene, ViewLayer | Synchronizing object | Load_column.014
Fra:451 Mem:701.50M (Peak 793.97M) | Time:00:01.87 | Mem:0.00M, Peak:0.00M | Scene, ViewLayer | Synchronizing object | Curved_roof_glazing.183
Fra:451 Mem:701.49M (Peak 793.97M) | Time:00:01.87 | Mem:0.00M, Peak:0.00M | Scene, ViewLayer | Synchronizing object | Curved_roof_glazing.295
Fra:451 Mem:701.49M (Peak 793.97M) | Time:00:01.87 | Mem:0.00M, Peak:0.00M | Scene, ViewLayer | Synchronizing object | Wall_stone_sill.045
Fra:451 Mem:701.50M (Peak 793.97M) | Time:00:01.87 | Mem:0.00M, Peak:0.00M | Scene, ViewLayer | Synchronizing object | Curved_roof_glazing.087
Fra:451 Mem:701.53M (Peak 793.97M) | Time:00:01.87 | Mem:0.00M, Peak:0.00M | Scene, ViewLayer | Synchronizing object | Curved_roof_glazing.356
Fra:451 Mem:701.53M (Peak 793.97M) | Time:00:01.87 | Mem:0.00M, Peak:0.00M | Scene, ViewLayer | Synchronizing object | Load_column.011
Fra:451 Mem:701.53M (Peak 793.97M) | Time:00:01.87 | Mem:0.00M, Peak:0.00M | Scene, ViewLayer | Synchronizing object | Wall_transom.117
Fra:451 Mem:701.56M (Peak 793.97M) | Time:00:01.87 | Mem:0.00M, Peak:0.00M | Scene, ViewLayer | Synchronizing object | Secondary_glazing_rib.007
Fra:451 Mem:701.63M (Peak 793.97M) | Time:00:01.87 | Mem:0.00M, Peak:0.00M | Scene, ViewLayer | Synchronizing object | Secondary_glazing_rib.010
Fra:451 Mem:701.72M (Peak 793.97M) | Time:00:01.87 | Mem:0.00M, Peak:0.00M | Scene, ViewLayer | Synchronizing object | Wall_transom.009
Fra:451 Mem:701.76M (Peak 793.97M) | Time:00:01.87 | Mem:0.00M, Peak:0.00M | Scene, ViewLayer | Synchronizing object | Column_capital.003
Fra:451 Mem:701.78M (Peak 793.97M) | Time:00:01.87 | Mem:0.00M, Peak:0.00M | Scene, ViewLayer | Synchronizing object | Ridge_vent_stanchion.016
Fra:451 Mem:701.79M (Peak 793.97M) | Time:00:01.87 | Mem:0.00M, Peak:0.00M | Scene, ViewLayer | Synchronizing object | Column_base_plinth.012
Fra:451 Mem:701.82M (Peak 793.97M) | Time:00:01.87 | Mem:0.00M, Peak:0.00M | Scene, ViewLayer | Synchronizing object | Curved_roof_glazing.238
Fra:451 Mem:701.82M (Peak 793.97M) | Time:00:01.87 | Mem:0.00M, Peak:0.00M | Scene, ViewLayer | Synchronizing object | Secondary_glazing_rib.002
Fra:451 Mem:701.89M (Peak 793.97M) | Time:00:01.87 | Mem:0.00M, Peak:0.00M | Scene, ViewLayer | Synchronizing object | Side_wall_glass.045
Fra:451 Mem:701.90M (Peak 793.97M) | Time:00:01.87 | Mem:0.00M, Peak:0.00M | Scene, ViewLayer | Synchronizing object | Wall_transom.021
Fra:451 Mem:701.94M (Peak 793.97M) | Time:00:01.87 | Mem:0.00M, Peak:0.00M | Scene, ViewLayer | Synchronizing object | End_wall_glazing.012
Fra:451 Mem:701.94M (Peak 793.97M) | Time:00:01.87 | Mem:0.00M, Peak:0.00M | Scene, ViewLayer | Synchronizing object | Wall_transom.107
Fra:451 Mem:701.97M (Peak 793.97M) | Time:00:01.87 | Mem:0.00M, Peak:0.00M | Scene, ViewLayer | Synchronizing object | Curved_roof_glazing.251
Fra:451 Mem:701.96M (Peak 793.97M) | Time:00:01.87 | Mem:0.00M, Peak:0.00M | Scene, ViewLayer | Synchronizing object | Curved_roof_glazing.283
Fra:451 Mem:701.98M (Peak 793.97M) | Time:00:01.87 | Mem:0.00M, Peak:0.00M | Scene, ViewLayer | Synchronizing object | Curved_roof_glazing.075
Fra:451 Mem:701.98M (Peak 793.97M) | Time:00:01.87 | Mem:0.00M, Peak:0.00M | Scene, ViewLayer | Synchronizing object | Curved_roof_glazing.123
Fra:451 Mem:702.00M (Peak 793.97M) | Time:00:01.87 | Mem:0.00M, Peak:0.00M | Scene, ViewLayer | Synchronizing object | Curved_roof_glazing.155
Fra:451 Mem:701.98M (Peak 793.97M) | Time:00:01.87 | Mem:0.00M, Peak:0.00M | Scene, ViewLayer | Synchronizing object | Longitudinal_roof_purlin.002
Fra:451 Mem:701.99M (Peak 793.97M) | Time:00:01.87 | Mem:0.00M, Peak:0.00M | Scene, ViewLayer | Synchronizing object | Curved_roof_glazing.184
Fra:451 Mem:702.02M (Peak 793.97M) | Time:00:01.87 | Mem:0.00M, Peak:0.00M | Scene, ViewLayer | Synchronizing object | Curved_roof_glazing.296
Fra:451 Mem:702.02M (Peak 793.97M) | Time:00:01.87 | Mem:0.00M, Peak:0.00M | Scene, ViewLayer | Synchronizing object | Side_wall_glass.094
Fra:451 Mem:702.02M (Peak 793.97M) | Time:00:01.87 | Mem:0.00M, Peak:0.00M | Scene, ViewLayer | Synchronizing object | Curved_roof_glazing.088
Fra:451 Mem:702.03M (Peak 793.97M) | Time:00:01.87 | Mem:0.00M, Peak:0.00M | Scene, ViewLayer | Synchronizing object | Wall_transom.184
Fra:451 Mem:702.06M (Peak 793.97M) | Time:00:01.87 | Mem:0.00M, Peak:0.00M | Scene, ViewLayer | Synchronizing object | Column_base_plinth.011
Fra:451 Mem:702.08M (Peak 793.97M) | Time:00:01.87 | Mem:0.00M, Peak:0.00M | Scene, ViewLayer | Synchronizing object | Curved_roof_glazing.357
Fra:451 Mem:702.10M (Peak 793.97M) | Time:00:01.87 | Mem:0.00M, Peak:0.00M | Scene, ViewLayer | Synchronizing object | Wall_stone_sill.021
Fra:451 Mem:702.08M (Peak 793.97M) | Time:00:01.87 | Mem:0.00M, Peak:0.00M | Scene, ViewLayer | Synchronizing object | Wall_transom.168
Fra:451 Mem:702.15M (Peak 793.97M) | Time:00:01.87 | Mem:0.00M, Peak:0.00M | Scene, ViewLayer | Synchronizing object | Wall_transom.002
Fra:451 Mem:702.13M (Peak 793.97M) | Time:00:01.87 | Mem:0.00M, Peak:0.00M | Scene, ViewLayer | Synchronizing object | Column_base_plinth.002
Fra:451 Mem:702.19M (Peak 793.97M) | Time:00:01.87 | Mem:0.00M, Peak:0.00M | Scene, ViewLayer | Synchronizing object | Curved_roof_glazing.239
Fra:451 Mem:702.18M (Peak 793.97M) | Time:00:01.87 | Mem:0.00M, Peak:0.00M | Scene, ViewLayer | Synchronizing object | End_wall_sill.004
Fra:451 Mem:702.19M (Peak 793.97M) | Time:00:01.87 | Mem:0.00M, Peak:0.00M | Scene, ViewLayer | Synchronizing object | Wall_stone_sill.054
Fra:451 Mem:702.26M (Peak 793.97M) | Time:00:01.87 | Mem:0.00M, Peak:0.00M | Scene, ViewLayer | Synchronizing object | Curved_roof_glazing.252
Fra:451 Mem:702.24M (Peak 793.97M) | Time:00:01.87 | Mem:0.00M, Peak:0.00M | Scene, ViewLayer | Synchronizing object | Curved_roof_glazing.284
Fra:451 Mem:702.24M (Peak 793.97M) | Time:00:01.87 | Mem:0.00M, Peak:0.00M | Scene, ViewLayer | Synchronizing object | Curved_roof_glazing.076
Fra:451 Mem:702.25M (Peak 793.97M) | Time:00:01.87 | Mem:0.00M, Peak:0.00M | Scene, ViewLayer | Synchronizing object | Curved_roof_glazing.124
Fra:451 Mem:702.25M (Peak 793.97M) | Time:00:01.87 | Mem:0.00M, Peak:0.00M | Scene, ViewLayer | Synchronizing object | Curved_roof_glazing.156
Fra:451 Mem:702.26M (Peak 793.97M) | Time:00:01.87 | Mem:0.00M, Peak:0.00M | Scene, ViewLayer | Synchronizing object | Curved_roof_glazing.185
Fra:451 Mem:702.26M (Peak 793.97M) | Time:00:01.87 | Mem:0.00M, Peak:0.00M | Scene, ViewLayer | Synchronizing object | Curved_roof_glazing.297
Fra:451 Mem:702.26M (Peak 793.97M) | Time:00:01.87 | Mem:0.00M, Peak:0.00M | Scene, ViewLayer | Synchronizing object | Curved_roof_glazing.089
Fra:451 Mem:702.27M (Peak 793.97M) | Time:00:01.87 | Mem:0.00M, Peak:0.00M | Scene, ViewLayer | Synchronizing object | Curved_roof_glazing.358
Fra:451 Mem:702.27M (Peak 793.97M) | Time:00:01.87 | Mem:0.00M, Peak:0.00M | Scene, ViewLayer | Synchronizing object | Wall_glazing_mullion.014
Fra:451 Mem:702.28M (Peak 793.97M) | Time:00:01.87 | Mem:0.00M, Peak:0.00M | Scene, ViewLayer | Synchronizing object | Wall_transom.098
Fra:451 Mem:702.34M (Peak 793.97M) | Time:00:01.87 | Mem:0.00M, Peak:0.00M | Scene, ViewLayer | Synchronizing object | Wall_transom.134
Fra:451 Mem:702.33M (Peak 793.97M) | Time:00:01.87 | Mem:0.00M, Peak:0.00M | Scene, ViewLayer | Synchronizing object | Wall_transom.028
Fra:451 Mem:702.39M (Peak 793.97M) | Time:00:01.87 | Mem:0.00M, Peak:0.00M | Scene, ViewLayer | Synchronizing object | Wall_transom.072
Fra:451 Mem:702.38M (Peak 793.97M) | Time:00:01.87 | Mem:0.00M, Peak:0.00M | Scene, ViewLayer | Synchronizing object | Ridge_vent_stanchion.017
Fra:451 Mem:702.41M (Peak 793.97M) | Time:00:01.87 | Mem:0.00M, Peak:0.00M | Scene, ViewLayer | Synchronizing object | Secondary_glazing_rib.003
Fra:451 Mem:702.47M (Peak 793.97M) | Time:00:01.87 | Mem:0.00M, Peak:0.00M | Scene, ViewLayer | Synchronizing object | Side_wall_glass.109
Fra:451 Mem:702.48M (Peak 793.97M) | Time:00:01.87 | Mem:0.00M, Peak:0.00M | Scene, ViewLayer | Synchronizing object | Curved_roof_glazing.240
Fra:451 Mem:702.49M (Peak 793.97M) | Time:00:01.87 | Mem:0.00M, Peak:0.00M | Scene, ViewLayer | Synchronizing object | End_wall_glazing.005
Fra:451 Mem:702.49M (Peak 793.97M) | Time:00:01.87 | Mem:0.00M, Peak:0.00M | Scene, ViewLayer | Synchronizing object | Wall_transom.032
Fra:451 Mem:702.50M (Peak 793.97M) | Time:00:01.87 | Mem:0.00M, Peak:0.00M | Scene, ViewLayer | Synchronizing object | Side_wall_glass.112
Fra:451 Mem:702.53M (Peak 793.97M) | Time:00:01.87 | Mem:0.00M, Peak:0.00M | Scene, ViewLayer | Synchronizing object | Curved_roof_glazing.253
Fra:451 Mem:702.53M (Peak 793.97M) | Time:00:01.87 | Mem:0.00M, Peak:0.00M | Scene, ViewLayer | Synchronizing object | Curved_roof_glazing.285
Fra:451 Mem:702.53M (Peak 793.97M) | Time:00:01.87 | Mem:0.00M, Peak:0.00M | Scene, ViewLayer | Synchronizing object | Curved_roof_glazing.077
Fra:451 Mem:702.54M (Peak 793.97M) | Time:00:01.87 | Mem:0.00M, Peak:0.00M | Scene, ViewLayer | Synchronizing object | Curved_roof_glazing.125
Fra:451 Mem:702.54M (Peak 793.97M) | Time:00:01.87 | Mem:0.00M, Peak:0.00M | Scene, ViewLayer | Synchronizing object | Curved_roof_glazing.157
Fra:451 Mem:702.54M (Peak 793.97M) | Time:00:01.87 | Mem:0.00M, Peak:0.00M | Scene, ViewLayer | Synchronizing object | Curved_roof_glazing.186
Fra:451 Mem:702.54M (Peak 793.97M) | Time:00:01.87 | Mem:0.00M, Peak:0.00M | Scene, ViewLayer | Synchronizing object | Curved_roof_glazing.298
Fra:451 Mem:702.55M (Peak 793.97M) | Time:00:01.87 | Mem:0.00M, Peak:0.00M | Scene, ViewLayer | Synchronizing object | Curved_roof_glazing.090
Fra:451 Mem:702.55M (Peak 793.97M) | Time:00:01.87 | Mem:0.00M, Peak:0.00M | Scene, ViewLayer | Synchronizing object | End_wall_sill.009
Fra:451 Mem:702.56M (Peak 793.97M) | Time:00:01.87 | Mem:0.00M, Peak:0.00M | Scene, ViewLayer | Synchronizing object | Wall_transom.147
Fra:451 Mem:702.61M (Peak 793.97M) | Time:00:01.87 | Mem:0.00M, Peak:0.00M | Scene, ViewLayer | Synchronizing object | Curved_roof_glazing.359
Fra:451 Mem:702.61M (Peak 793.97M) | Time:00:01.87 | Mem:0.00M, Peak:0.00M | Scene, ViewLayer | Synchronizing object | Side_wall_glass.090
Fra:451 Mem:702.61M (Peak 793.97M) | Time:00:01.87 | Mem:0.00M, Peak:0.00M | Scene, ViewLayer | Synchronizing object | Platform_portal_lintel
Fra:451 Mem:702.61M (Peak 793.97M) | Time:00:01.87 | Mem:0.00M, Peak:0.00M | Scene, ViewLayer | Synchronizing object | Side_wall_glass.068
Fra:451 Mem:702.64M (Peak 793.97M) | Time:00:01.87 | Mem:0.00M, Peak:0.00M | Scene, ViewLayer | Synchronizing object | Curved_roof_glazing.241
Fra:451 Mem:702.64M (Peak 793.97M) | Time:00:01.87 | Mem:0.00M, Peak:0.00M | Scene, ViewLayer | Synchronizing object | Wall_transom.015
Fra:451 Mem:702.67M (Peak 793.97M) | Time:00:01.87 | Mem:0.00M, Peak:0.00M | Scene, ViewLayer | Synchronizing object | Wall_stone_sill.056
Fra:451 Mem:702.69M (Peak 793.97M) | Time:00:01.87 | Mem:0.00M, Peak:0.00M | Scene, ViewLayer | Synchronizing object | Wall_transom.127
Fra:451 Mem:702.72M (Peak 793.97M) | Time:00:01.87 | Mem:0.00M, Peak:0.00M | Scene, ViewLayer | Synchronizing object | Column_base_plinth.006
Fra:451 Mem:702.75M (Peak 793.97M) | Time:00:01.87 | Mem:0.00M, Peak:0.00M | Scene, ViewLayer | Synchronizing object | Curved_roof_glazing.254
Fra:451 Mem:702.75M (Peak 793.97M) | Time:00:01.87 | Mem:0.00M, Peak:0.00M | Scene, ViewLayer | Synchronizing object | Curved_roof_glazing.286
Fra:451 Mem:702.75M (Peak 793.97M) | Time:00:01.87 | Mem:0.00M, Peak:0.00M | Scene, ViewLayer | Synchronizing object | Curved_roof_glazing.078
Fra:451 Mem:702.78M (Peak 793.97M) | Time:00:01.87 | Mem:0.00M, Peak:0.00M | Scene, ViewLayer | Synchronizing object | Curved_roof_glazing.126
Fra:451 Mem:702.76M (Peak 793.97M) | Time:00:01.87 | Mem:0.00M, Peak:0.00M | Scene, ViewLayer | Synchronizing object | Curved_roof_glazing.158
Fra:451 Mem:702.76M (Peak 793.97M) | Time:00:01.87 | Mem:0.00M, Peak:0.00M | Scene, ViewLayer | Synchronizing object | Curved_roof_glazing.187
Fra:451 Mem:702.76M (Peak 793.97M) | Time:00:01.87 | Mem:0.00M, Peak:0.00M | Scene, ViewLayer | Synchronizing object | Curved_roof_glazing.299
Fra:451 Mem:702.77M (Peak 793.97M) | Time:00:01.87 | Mem:0.00M, Peak:0.00M | Scene, ViewLayer | Synchronizing object | Side_wall_glass.095
Fra:451 Mem:702.77M (Peak 793.97M) | Time:00:01.87 | Mem:0.00M, Peak:0.00M | Scene, ViewLayer | Synchronizing object | Wall_stone_sill.035
Fra:451 Mem:702.78M (Peak 793.97M) | Time:00:01.87 | Mem:0.00M, Peak:0.00M | Scene, ViewLayer | Synchronizing object | Wall_transom.045
Fra:451 Mem:702.81M (Peak 793.97M) | Time:00:01.87 | Mem:0.00M, Peak:0.00M | Scene, ViewLayer | Synchronizing object | Curved_roof_glazing.091
Fra:451 Mem:702.81M (Peak 793.97M) | Time:00:01.87 | Mem:0.00M, Peak:0.00M | Scene, ViewLayer | Synchronizing object | End_wall_mullion.014
Fra:451 Mem:702.84M (Peak 793.97M) | Time:00:01.87 | Mem:0.00M, Peak:0.00M | Scene, ViewLayer | Synchronizing object | Wall_glazing_mullion.028
Fra:451 Mem:702.89M (Peak 793.97M) | Time:00:01.87 | Mem:0.00M, Peak:0.00M | Scene, ViewLayer | Synchronizing object | Curved_roof_glazing.360
Fra:451 Mem:702.89M (Peak 793.97M) | Time:00:01.87 | Mem:0.00M, Peak:0.00M | Scene, ViewLayer | Synchronizing object | Wall_transom.049
Fra:451 Mem:702.91M (Peak 793.97M) | Time:00:01.87 | Mem:0.00M, Peak:0.00M | Scene, ViewLayer | Synchronizing object | Wall_transom.037
Fra:451 Mem:702.94M (Peak 793.97M) | Time:00:01.87 | Mem:0.00M, Peak:0.00M | Scene, ViewLayer | Synchronizing object | Wall_transom.053
Fra:451 Mem:702.97M (Peak 793.97M) | Time:00:01.87 | Mem:0.00M, Peak:0.00M | Scene, ViewLayer | Synchronizing object | Wall_transom.182
Fra:451 Mem:703.00M (Peak 793.97M) | Time:00:01.87 | Mem:0.00M, Peak:0.00M | Scene, ViewLayer | Synchronizing object | Wall_transom.041
Fra:451 Mem:703.02M (Peak 793.97M) | Time:00:01.87 | Mem:0.00M, Peak:0.00M | Scene, ViewLayer | Synchronizing object | Column_capital.012
Fra:451 Mem:703.05M (Peak 793.97M) | Time:00:01.87 | Mem:0.00M, Peak:0.00M | Scene, ViewLayer | Synchronizing object | Curved_roof_glazing.242
Fra:451 Mem:703.05M (Peak 793.97M) | Time:00:01.87 | Mem:0.00M, Peak:0.00M | Scene, ViewLayer | Synchronizing object | Primary_elliptical_arch.001
Fra:451 Mem:703.13M (Peak 793.97M) | Time:00:01.87 | Mem:0.00M, Peak:0.00M | Scene, ViewLayer | Synchronizing object | Side_wall_glass.116
Fra:451 Mem:703.17M (Peak 793.97M) | Time:00:01.87 | Mem:0.00M, Peak:0.00M | Scene, ViewLayer | Synchronizing object | Wall_stone_sill.019
Fra:451 Mem:703.22M (Peak 793.97M) | Time:00:01.87 | Mem:0.00M, Peak:0.00M | Scene, ViewLayer | Synchronizing object | Curved_roof_glazing.255
Fra:451 Mem:703.21M (Peak 793.97M) | Time:00:01.87 | Mem:0.00M, Peak:0.00M | Scene, ViewLayer | Synchronizing object | Curved_roof_glazing.287
Fra:451 Mem:703.22M (Peak 793.97M) | Time:00:01.87 | Mem:0.00M, Peak:0.00M | Scene, ViewLayer | Synchronizing object | Wall_stone_sill.002
Fra:451 Mem:703.22M (Peak 793.97M) | Time:00:01.87 | Mem:0.00M, Peak:0.00M | Scene, ViewLayer | Synchronizing object | Column_base_plinth.014
Fra:451 Mem:703.30M (Peak 793.97M) | Time:00:01.87 | Mem:0.00M, Peak:0.00M | Scene, ViewLayer | Synchronizing object | Curved_roof_glazing.079
Fra:451 Mem:703.28M (Peak 793.97M) | Time:00:01.87 | Mem:0.00M, Peak:0.00M | Scene, ViewLayer | Synchronizing object | Curved_roof_glazing.127
Fra:451 Mem:703.28M (Peak 793.97M) | Time:00:01.87 | Mem:0.00M, Peak:0.00M | Scene, ViewLayer | Synchronizing object | Curved_roof_glazing.159
Fra:451 Mem:703.28M (Peak 793.97M) | Time:00:01.87 | Mem:0.00M, Peak:0.00M | Scene, ViewLayer | Synchronizing object | Curved_roof_glazing.188
Fra:451 Mem:703.29M (Peak 793.97M) | Time:00:01.87 | Mem:0.00M, Peak:0.00M | Scene, ViewLayer | Synchronizing object | Curved_roof_glazing.300
Fra:451 Mem:703.29M (Peak 793.97M) | Time:00:01.87 | Mem:0.00M, Peak:0.00M | Scene, ViewLayer | Synchronizing object | Side_wall_glass.070
Fra:451 Mem:703.29M (Peak 793.97M) | Time:00:01.87 | Mem:0.00M, Peak:0.00M | Scene, ViewLayer | Synchronizing object | Wall_transom.177
Fra:451 Mem:703.30M (Peak 793.97M) | Time:00:01.87 | Mem:0.00M, Peak:0.00M | Scene, ViewLayer | Synchronizing object | Wall_glazing_mullion.029
Fra:451 Mem:703.37M (Peak 793.97M) | Time:00:01.87 | Mem:0.00M, Peak:0.00M | Scene, ViewLayer | Synchronizing object | Column_capital.005
Fra:451 Mem:703.35M (Peak 793.97M) | Time:00:01.87 | Mem:0.00M, Peak:0.00M | Scene, ViewLayer | Synchronizing object | Curved_roof_glazing.092
Fra:451 Mem:703.38M (Peak 793.97M) | Time:00:01.87 | Mem:0.00M, Peak:0.00M | Scene, ViewLayer | Synchronizing object | Curved_roof_glazing.361
Fra:451 Mem:703.38M (Peak 793.97M) | Time:00:01.87 | Mem:0.00M, Peak:0.00M | Scene, ViewLayer | Synchronizing object | Hall_door_kickpanel.001
Fra:451 Mem:703.41M (Peak 793.97M) | Time:00:01.87 | Mem:0.00M, Peak:0.00M | Scene, ViewLayer | Synchronizing object | Side_wall_glass.038
Fra:451 Mem:703.41M (Peak 793.97M) | Time:00:01.87 | Mem:0.00M, Peak:0.00M | Scene, ViewLayer | Synchronizing object | Wall_glazing_mullion.005
Fra:451 Mem:703.45M (Peak 793.97M) | Time:00:01.87 | Mem:0.00M, Peak:0.00M | Scene, ViewLayer | Synchronizing object | Wall_transom.066
Fra:451 Mem:703.47M (Peak 793.97M) | Time:00:01.87 | Mem:0.00M, Peak:0.00M | Scene, ViewLayer | Synchronizing object | Column_base_plinth.013
Fra:451 Mem:703.51M (Peak 793.97M) | Time:00:01.87 | Mem:0.00M, Peak:0.00M | Scene, ViewLayer | Synchronizing object | Curved_roof_glazing.243
Fra:451 Mem:703.50M (Peak 793.97M) | Time:00:01.87 | Mem:0.00M, Peak:0.00M | Scene, ViewLayer | Synchronizing object | Wall_transom.022
Fra:451 Mem:703.52M (Peak 793.97M) | Time:00:01.87 | Mem:0.00M, Peak:0.00M | Scene, ViewLayer | Synchronizing object | Side_wall_glass.113
Fra:451 Mem:703.52M (Peak 793.97M) | Time:00:01.87 | Mem:0.00M, Peak:0.00M | Scene, ViewLayer | Synchronizing object | End_wall_mullion.012
Fra:451 Mem:703.54M (Peak 793.97M) | Time:00:01.87 | Mem:0.00M, Peak:0.00M | Scene, ViewLayer | Synchronizing object | Wall_stone_sill.036
Fra:451 Mem:703.58M (Peak 793.97M) | Time:00:01.87 | Mem:0.00M, Peak:0.00M | Scene, ViewLayer | Synchronizing object | Curved_roof_glazing.162
Fra:451 Mem:703.58M (Peak 793.97M) | Time:00:01.87 | Mem:0.00M, Peak:0.00M | Scene, ViewLayer | Synchronizing object | Curved_roof_glazing.256
Fra:451 Mem:703.63M (Peak 793.97M) | Time:00:01.87 | Mem:0.00M, Peak:0.00M | Scene, ViewLayer | Synchronizing object | Curved_roof_glazing.080
Fra:451 Mem:703.63M (Peak 793.97M) | Time:00:01.87 | Mem:0.00M, Peak:0.00M | Scene, ViewLayer | Synchronizing object | Curved_roof_glazing.128
Fra:451 Mem:703.63M (Peak 793.97M) | Time:00:01.87 | Mem:0.00M, Peak:0.00M | Scene, ViewLayer | Synchronizing object | Curved_roof_glazing.160
Fra:451 Mem:703.64M (Peak 793.97M) | Time:00:01.87 | Mem:0.00M, Peak:0.00M | Scene, ViewLayer | Synchronizing object | Longitudinal_roof_purlin.003
Fra:451 Mem:703.67M (Peak 793.97M) | Time:00:01.87 | Mem:0.00M, Peak:0.00M | Scene, ViewLayer | Synchronizing object | Curved_roof_glazing.189
Fra:451 Mem:703.67M (Peak 793.97M) | Time:00:01.87 | Mem:0.00M, Peak:0.00M | Scene, ViewLayer | Synchronizing object | Curved_roof_glazing.301
Fra:451 Mem:703.68M (Peak 793.97M) | Time:00:01.87 | Mem:0.00M, Peak:0.00M | Scene, ViewLayer | Synchronizing object | Curved_roof_glazing.093
Fra:451 Mem:703.68M (Peak 793.97M) | Time:00:01.87 | Mem:0.00M, Peak:0.00M | Scene, ViewLayer | Synchronizing object | End_wall_glazing.015
Fra:451 Mem:703.68M (Peak 793.97M) | Time:00:01.87 | Mem:0.00M, Peak:0.00M | Scene, ViewLayer | Synchronizing object | Secondary_glazing_rib.006
Fra:451 Mem:703.78M (Peak 793.97M) | Time:00:01.87 | Mem:0.00M, Peak:0.00M | Scene, ViewLayer | Synchronizing object | Secondary_glazing_rib.016
Fra:451 Mem:703.87M (Peak 793.97M) | Time:00:01.87 | Mem:0.00M, Peak:0.00M | Scene, ViewLayer | Synchronizing object | Wall_transom.185
Fra:451 Mem:703.90M (Peak 793.97M) | Time:00:01.87 | Mem:0.00M, Peak:0.00M | Scene, ViewLayer | Synchronizing object | Curved_roof_glazing.362
Fra:451 Mem:703.91M (Peak 793.97M) | Time:00:01.87 | Mem:0.00M, Peak:0.00M | Scene, ViewLayer | Synchronizing object | Wall_transom.118
Fra:451 Mem:703.94M (Peak 793.97M) | Time:00:01.88 | Mem:0.00M, Peak:0.00M | Scene, ViewLayer | Synchronizing object | Wall_glazing_mullion.022
Fra:451 Mem:703.97M (Peak 793.97M) | Time:00:01.88 | Mem:0.00M, Peak:0.00M | Scene, ViewLayer | Synchronizing object | Hall_door_stile
Fra:451 Mem:704.00M (Peak 793.97M) | Time:00:01.88 | Mem:0.00M, Peak:0.00M | Scene, ViewLayer | Synchronizing object | Side_wall_glass.069
Fra:451 Mem:704.00M (Peak 793.97M) | Time:00:01.88 | Mem:0.00M, Peak:0.00M | Scene, ViewLayer | Synchronizing object | Curved_roof_glazing.340
Fra:451 Mem:704.00M (Peak 793.97M) | Time:00:01.88 | Mem:0.00M, Peak:0.00M | Scene, ViewLayer | Synchronizing object | Wall_glazing_mullion.026
Fra:451 Mem:704.03M (Peak 793.97M) | Time:00:01.88 | Mem:0.00M, Peak:0.00M | Scene, ViewLayer | Synchronizing object | Curved_roof_glazing.257
Fra:451 Mem:704.04M (Peak 793.97M) | Time:00:01.88 | Mem:0.00M, Peak:0.00M | Scene, ViewLayer | Synchronizing object | Curved_roof_glazing.289
Fra:451 Mem:704.04M (Peak 793.97M) | Time:00:01.88 | Mem:0.00M, Peak:0.00M | Scene, ViewLayer | Synchronizing object | Wall_glazing_mullion.009
Fra:451 Mem:704.08M (Peak 793.97M) | Time:00:01.88 | Mem:0.00M, Peak:0.00M | Scene, ViewLayer | Synchronizing object | Curved_roof_glazing.081
Fra:451 Mem:704.08M (Peak 793.97M) | Time:00:01.88 | Mem:0.00M, Peak:0.00M | Scene, ViewLayer | Synchronizing object | Curved_roof_glazing.129
Fra:451 Mem:704.09M (Peak 793.97M) | Time:00:01.88 | Mem:0.00M, Peak:0.00M | Scene, ViewLayer | Synchronizing object | Curved_roof_glazing.161
Fra:451 Mem:704.09M (Peak 793.97M) | Time:00:01.88 | Mem:0.00M, Peak:0.00M | Scene, ViewLayer | Synchronizing object | Curved_roof_glazing.190
Fra:451 Mem:704.10M (Peak 793.97M) | Time:00:01.88 | Mem:0.00M, Peak:0.00M | Scene, ViewLayer | Synchronizing object | Curved_roof_glazing.302
Fra:451 Mem:704.10M (Peak 793.97M) | Time:00:01.88 | Mem:0.00M, Peak:0.00M | Scene, ViewLayer | Synchronizing object | Curved_roof_glazing.094
Fra:451 Mem:704.10M (Peak 793.97M) | Time:00:01.88 | Mem:0.00M, Peak:0.00M | Scene, ViewLayer | Synchronizing object | Curved_roof_glazing.363
Fra:451 Mem:704.11M (Peak 793.97M) | Time:00:01.88 | Mem:0.00M, Peak:0.00M | Scene, ViewLayer | Synchronizing object | Wall_glazing_mullion.023
Fra:451 Mem:704.14M (Peak 793.97M) | Time:00:01.88 | Mem:0.00M, Peak:0.00M | Scene, ViewLayer | Synchronizing object | Wall_stone_sill.033
Fra:451 Mem:704.17M (Peak 793.97M) | Time:00:01.88 | Mem:0.00M, Peak:0.00M | Scene, ViewLayer | Synchronizing object | Wall_transom.085
Fra:451 Mem:704.20M (Peak 793.97M) | Time:00:01.88 | Mem:0.00M, Peak:0.00M | Scene, ViewLayer | Synchronizing object | Wall_transom.043
Fra:451 Mem:704.23M (Peak 793.97M) | Time:00:01.88 | Mem:0.00M, Peak:0.00M | Scene, ViewLayer | Synchronizing object | Wall_transom.073
Fra:451 Mem:704.25M (Peak 793.97M) | Time:00:01.88 | Mem:0.00M, Peak:0.00M | Scene, ViewLayer | Synchronizing object | End_wall_sill.012
Fra:451 Mem:704.28M (Peak 793.97M) | Time:00:01.88 | Mem:0.00M, Peak:0.00M | Scene, ViewLayer | Synchronizing object | Curved_roof_glazing.341
Fra:451 Mem:704.28M (Peak 793.97M) | Time:00:01.88 | Mem:0.00M, Peak:0.00M | Scene, ViewLayer | Synchronizing object | Wall_transom.059
Fra:451 Mem:704.31M (Peak 793.97M) | Time:00:01.88 | Mem:0.00M, Peak:0.00M | Scene, ViewLayer | Synchronizing object | Side_wall_glass.005
Fra:451 Mem:704.31M (Peak 793.97M) | Time:00:01.88 | Mem:0.00M, Peak:0.00M | Scene, ViewLayer | Synchronizing object | Curved_roof_glazing.258
Fra:451 Mem:704.31M (Peak 793.97M) | Time:00:01.88 | Mem:0.00M, Peak:0.00M | Scene, ViewLayer | Synchronizing object | Curved_roof_glazing.290
Fra:451 Mem:704.34M (Peak 793.97M) | Time:00:01.88 | Mem:0.00M, Peak:0.00M | Scene, ViewLayer | Synchronizing object | Secondary_glazing_rib.005
Fra:451 Mem:704.33M (Peak 793.97M) | Time:00:01.88 | Mem:0.00M, Peak:0.00M | Scene, ViewLayer | Synchronizing object | Curved_roof_glazing.082
Fra:451 Mem:704.38M (Peak 793.97M) | Time:00:01.88 | Mem:0.00M, Peak:0.00M | Scene, ViewLayer | Synchronizing object | Curved_roof_glazing.130
Fra:451 Mem:704.40M (Peak 793.97M) | Time:00:01.88 | Mem:0.00M, Peak:0.00M | Scene, ViewLayer | Synchronizing object | Curved_roof_glazing.191
Fra:451 Mem:704.40M (Peak 793.97M) | Time:00:01.88 | Mem:0.00M, Peak:0.00M | Scene, ViewLayer | Synchronizing object | Curved_roof_glazing.303
Fra:451 Mem:704.40M (Peak 793.97M) | Time:00:01.88 | Mem:0.00M, Peak:0.00M | Scene, ViewLayer | Synchronizing object | Side_wall_glass.071
Fra:451 Mem:704.42M (Peak 793.97M) | Time:00:01.88 | Mem:0.00M, Peak:0.00M | Scene, ViewLayer | Synchronizing object | Curved_roof_glazing.095
Fra:451 Mem:704.42M (Peak 793.97M) | Time:00:01.88 | Mem:0.00M, Peak:0.00M | Scene, ViewLayer | Synchronizing object | End_elevation_crossbar
Fra:451 Mem:704.43M (Peak 793.97M) | Time:00:01.88 | Mem:0.00M, Peak:0.00M | Scene, ViewLayer | Synchronizing object | Wall_glazing_mullion.012
Fra:451 Mem:704.50M (Peak 793.97M) | Time:00:01.88 | Mem:0.00M, Peak:0.00M | Scene, ViewLayer | Synchronizing object | Wall_stone_sill.048
Fra:451 Mem:704.48M (Peak 793.97M) | Time:00:01.88 | Mem:0.00M, Peak:0.00M | Scene, ViewLayer | Synchronizing object | Curved_roof_glazing.364
Fra:451 Mem:704.51M (Peak 793.97M) | Time:00:01.88 | Mem:0.00M, Peak:0.00M | Scene, ViewLayer | Synchronizing object | Secondary_glazing_rib.013
Fra:451 Mem:704.58M (Peak 793.97M) | Time:00:01.88 | Mem:0.00M, Peak:0.00M | Scene, ViewLayer | Synchronizing object | Wall_glazing_mullion.015
Fra:451 Mem:704.63M (Peak 793.97M) | Time:00:01.88 | Mem:0.00M, Peak:0.00M | Scene, ViewLayer | Synchronizing object | Curved_roof_glazing.342
Fra:451 Mem:704.63M (Peak 793.97M) | Time:00:01.88 | Mem:0.00M, Peak:0.00M | Scene, ViewLayer | Synchronizing object | Wall_transom.128
Fra:451 Mem:704.65M (Peak 793.97M) | Time:00:01.88 | Mem:0.00M, Peak:0.00M | Scene, ViewLayer | Synchronizing object | Wall_transom.024
Fra:451 Mem:704.68M (Peak 793.97M) | Time:00:01.88 | Mem:0.00M, Peak:0.00M | Scene, ViewLayer | Synchronizing object | Side_wall_glass.004
Fra:451 Mem:704.68M (Peak 793.97M) | Time:00:01.88 | Mem:0.00M, Peak:0.00M | Scene, ViewLayer | Synchronizing object | Curved_roof_glazing.259
Fra:451 Mem:704.69M (Peak 793.97M) | Time:00:01.88 | Mem:0.00M, Peak:0.00M | Scene, ViewLayer | Synchronizing object | Curved_roof_glazing.291
Fra:451 Mem:704.69M (Peak 793.97M) | Time:00:01.88 | Mem:0.00M, Peak:0.00M | Scene, ViewLayer | Synchronizing object | Curved_roof_glazing.163
Fra:451 Mem:704.69M (Peak 793.97M) | Time:00:01.88 | Mem:0.00M, Peak:0.00M | Scene, ViewLayer | Synchronizing object | Curved_roof_glazing.083
Fra:451 Mem:704.69M (Peak 793.97M) | Time:00:01.88 | Mem:0.00M, Peak:0.00M | Scene, ViewLayer | Synchronizing object | Curved_roof_glazing.131
Fra:451 Mem:704.69M (Peak 793.97M) | Time:00:01.88 | Mem:0.00M, Peak:0.00M | Scene, ViewLayer | Synchronizing object | Curved_roof_glazing.192
Fra:451 Mem:704.70M (Peak 793.97M) | Time:00:01.88 | Mem:0.00M, Peak:0.00M | Scene, ViewLayer | Synchronizing object | Curved_roof_glazing.304
Fra:451 Mem:704.70M (Peak 793.97M) | Time:00:01.88 | Mem:0.00M, Peak:0.00M | Scene, ViewLayer | Synchronizing object | Wall_transom.046
Fra:451 Mem:704.71M (Peak 793.97M) | Time:00:01.88 | Mem:0.00M, Peak:0.00M | Scene, ViewLayer | Synchronizing object | Wall_transom.139
Fra:451 Mem:704.76M (Peak 793.97M) | Time:00:01.88 | Mem:0.00M, Peak:0.00M | Scene, ViewLayer | Synchronizing object | Curved_roof_glazing.096
Fra:451 Mem:704.76M (Peak 793.97M) | Time:00:01.88 | Mem:0.00M, Peak:0.00M | Scene, ViewLayer | Synchronizing object | Side_wall_glass.100
Fra:451 Mem:704.76M (Peak 793.97M) | Time:00:01.88 | Mem:0.00M, Peak:0.00M | Scene, ViewLayer | Synchronizing object | Curved_roof_glazing.365
Fra:451 Mem:704.76M (Peak 793.97M) | Time:00:01.88 | Mem:0.00M, Peak:0.00M | Scene, ViewLayer | Synchronizing object | Wall_transom.050
Fra:451 Mem:704.77M (Peak 793.97M) | Time:00:01.88 | Mem:0.00M, Peak:0.00M | Scene, ViewLayer | Synchronizing object | Side_wall_glass.066
Fra:451 Mem:704.79M (Peak 793.97M) | Time:00:01.88 | Mem:0.00M, Peak:0.00M | Scene, ViewLayer | Synchronizing object | Wall_transom.038
Fra:451 Mem:704.82M (Peak 793.97M) | Time:00:01.88 | Mem:0.00M, Peak:0.00M | Scene, ViewLayer | Synchronizing object | Wall_transom.135
Fra:451 Mem:704.85M (Peak 793.97M) | Time:00:01.88 | Mem:0.00M, Peak:0.00M | Scene, ViewLayer | Synchronizing object | Wall_stone_sill.018
Fra:451 Mem:704.87M (Peak 793.97M) | Time:00:01.88 | Mem:0.00M, Peak:0.00M | Scene, ViewLayer | Synchronizing object | Wall_transom.183
Fra:451 Mem:704.89M (Peak 793.97M) | Time:00:01.88 | Mem:0.00M, Peak:0.00M | Scene, ViewLayer | Synchronizing object | End_wall_glazing.013
Fra:451 Mem:704.90M (Peak 793.97M) | Time:00:01.88 | Mem:0.00M, Peak:0.00M | Scene, ViewLayer | Synchronizing object | Curved_roof_glazing.343
Fra:451 Mem:704.90M (Peak 793.97M) | Time:00:01.88 | Mem:0.00M, Peak:0.00M | Scene, ViewLayer | Synchronizing object | Portal_transom_mullion.001
Fra:451 Mem:704.90M (Peak 793.97M) | Time:00:01.88 | Mem:0.00M, Peak:0.00M | Scene, ViewLayer | Synchronizing object | Primary_elliptical_arch.005
Fra:451 Mem:705.03M (Peak 793.97M) | Time:00:01.88 | Mem:0.00M, Peak:0.00M | Scene, ViewLayer | Synchronizing object | Wall_stone_sill.057
Fra:451 Mem:705.10M (Peak 793.97M) | Time:00:01.88 | Mem:0.00M, Peak:0.00M | Scene, ViewLayer | Synchronizing object | Wall_stone_sill.061
Fra:451 Mem:705.08M (Peak 793.97M) | Time:00:01.88 | Mem:0.00M, Peak:0.00M | Scene, ViewLayer | Synchronizing object | Curved_roof_glazing.260
Fra:451 Mem:705.11M (Peak 793.97M) | Time:00:01.88 | Mem:0.00M, Peak:0.00M | Scene, ViewLayer | Synchronizing object | Primary_elliptical_arch.004
Fra:451 Mem:705.22M (Peak 793.97M) | Time:00:01.88 | Mem:0.00M, Peak:0.00M | Scene, ViewLayer | Synchronizing object | Side_wall_glass.013
Fra:451 Mem:705.22M (Peak 793.97M) | Time:00:01.88 | Mem:0.00M, Peak:0.00M | Scene, ViewLayer | Synchronizing object | End_wall_glazing.016
Fra:451 Mem:705.23M (Peak 793.97M) | Time:00:01.88 | Mem:0.00M, Peak:0.00M | Scene, ViewLayer | Synchronizing object | Side_wall_glass.088
Fra:451 Mem:705.25M (Peak 793.97M) | Time:00:01.88 | Mem:0.00M, Peak:0.00M | Scene, ViewLayer | Synchronizing object | Wall_transom.111
Fra:451 Mem:705.26M (Peak 793.97M) | Time:00:01.88 | Mem:0.00M, Peak:0.00M | Scene, ViewLayer | Synchronizing object | Curved_roof_glazing.193
Fra:451 Mem:705.29M (Peak 793.97M) | Time:00:01.88 | Mem:0.00M, Peak:0.00M | Scene, ViewLayer | Synchronizing object | Curved_roof_glazing.305
Fra:451 Mem:705.29M (Peak 793.97M) | Time:00:01.88 | Mem:0.00M, Peak:0.00M | Scene, ViewLayer | Synchronizing object | Wall_stone_sill.058
Fra:451 Mem:705.31M (Peak 793.97M) | Time:00:01.88 | Mem:0.00M, Peak:0.00M | Scene, ViewLayer | Synchronizing object | Curved_roof_glazing.097
Fra:451 Mem:705.31M (Peak 793.97M) | Time:00:01.88 | Mem:0.00M, Peak:0.00M | Scene, ViewLayer | Synchronizing object | Curved_roof_glazing.366
Fra:451 Mem:705.31M (Peak 793.97M) | Time:00:01.88 | Mem:0.00M, Peak:0.00M | Scene, ViewLayer | Synchronizing object | Secondary_glazing_rib.008
Fra:451 Mem:705.33M (Peak 793.97M) | Time:00:01.88 | Mem:0.00M, Peak:0.00M | Scene, ViewLayer | Synchronizing object | Curved_roof_glazing.344
Fra:451 Mem:705.39M (Peak 793.97M) | Time:00:01.88 | Mem:0.00M, Peak:0.00M | Scene, ViewLayer | Synchronizing object | Wall_glazing_mullion.020
Fra:451 Mem:705.44M (Peak 793.97M) | Time:00:01.88 | Mem:0.00M, Peak:0.00M | Scene, ViewLayer | Synchronizing object | Load_column.010
Fra:451 Mem:705.46M (Peak 793.97M) | Time:00:01.88 | Mem:0.00M, Peak:0.00M | Scene, ViewLayer | Synchronizing object | Side_wall_glass.118
Fra:451 Mem:705.44M (Peak 793.97M) | Time:00:01.88 | Mem:0.00M, Peak:0.00M | Scene, ViewLayer | Synchronizing object | Side_wall_glass.126
Fra:451 Mem:705.44M (Peak 793.97M) | Time:00:01.88 | Mem:0.00M, Peak:0.00M | Scene, ViewLayer | Synchronizing object | Wall_transom.035
Fra:451 Mem:705.45M (Peak 793.97M) | Time:00:01.88 | Mem:0.00M, Peak:0.00M | Scene, ViewLayer | Synchronizing object | Curved_roof_glazing.261
Fra:451 Mem:705.47M (Peak 793.97M) | Time:00:01.88 | Mem:0.00M, Peak:0.00M | Scene, ViewLayer | Synchronizing object | Ridge_vent_cap
Fra:451 Mem:705.52M (Peak 793.97M) | Time:00:01.88 | Mem:0.00M, Peak:0.00M | Scene, ViewLayer | Synchronizing object | Wall_transom.089
Fra:451 Mem:705.51M (Peak 793.97M) | Time:00:01.88 | Mem:0.00M, Peak:0.00M | Scene, ViewLayer | Synchronizing object | Ridge_vent_stanchion.002
Fra:451 Mem:705.53M (Peak 793.97M) | Time:00:01.88 | Mem:0.00M, Peak:0.00M | Scene, ViewLayer | Synchronizing object | Side_wall_glass.034
Fra:451 Mem:705.53M (Peak 793.97M) | Time:00:01.88 | Mem:0.00M, Peak:0.00M | Scene, ViewLayer | Synchronizing object | Curved_roof_glazing.194
Fra:451 Mem:705.53M (Peak 793.97M) | Time:00:01.88 | Mem:0.00M, Peak:0.00M | Scene, ViewLayer | Synchronizing object | Curved_roof_glazing.306
Fra:451 Mem:705.54M (Peak 793.97M) | Time:00:01.88 | Mem:0.00M, Peak:0.00M | Scene, ViewLayer | Synchronizing object | Side_wall_glass.120
Fra:451 Mem:705.54M (Peak 793.97M) | Time:00:01.88 | Mem:0.00M, Peak:0.00M | Scene, ViewLayer | Synchronizing object | Curved_roof_glazing.098
Fra:451 Mem:705.54M (Peak 793.97M) | Time:00:01.88 | Mem:0.00M, Peak:0.00M | Scene, ViewLayer | Synchronizing object | End_wall_mullion.015
Fra:451 Mem:705.54M (Peak 793.97M) | Time:00:01.88 | Mem:0.00M, Peak:0.00M | Scene, ViewLayer | Synchronizing object | Wall_glazing_mullion.013
Fra:451 Mem:705.61M (Peak 793.97M) | Time:00:01.88 | Mem:0.00M, Peak:0.00M | Scene, ViewLayer | Synchronizing object | Wall_transom.186
Fra:451 Mem:705.60M (Peak 793.97M) | Time:00:01.88 | Mem:0.00M, Peak:0.00M | Scene, ViewLayer | Synchronizing object | Column_capital.011
Fra:451 Mem:705.65M (Peak 793.97M) | Time:00:01.88 | Mem:0.00M, Peak:0.00M | Scene, ViewLayer | Synchronizing object | Curved_roof_glazing.367
Fra:451 Mem:705.65M (Peak 793.97M) | Time:00:01.88 | Mem:0.00M, Peak:0.00M | Scene, ViewLayer | Synchronizing object | Wall_transom.119
Fra:451 Mem:705.68M (Peak 793.97M) | Time:00:01.88 | Mem:0.00M, Peak:0.00M | Scene, ViewLayer | Synchronizing object | Side_wall_glass.091
Fra:451 Mem:705.68M (Peak 793.97M) | Time:00:01.88 | Mem:0.00M, Peak:0.00M | Scene, ViewLayer | Synchronizing object | Wall_glazing_mullion.016
Fra:451 Mem:705.71M (Peak 793.97M) | Time:00:01.88 | Mem:0.00M, Peak:0.00M | Scene, ViewLayer | Synchronizing object | Wall_transom.102
Fra:451 Mem:705.74M (Peak 793.97M) | Time:00:01.88 | Mem:0.00M, Peak:0.00M | Scene, ViewLayer | Synchronizing object | Wall_stone_sill.014
Fra:451 Mem:705.77M (Peak 793.97M) | Time:00:01.88 | Mem:0.00M, Peak:0.00M | Scene, ViewLayer | Synchronizing object | Curved_roof_glazing.345
Fra:451 Mem:705.77M (Peak 793.97M) | Time:00:01.88 | Mem:0.00M, Peak:0.00M | Scene, ViewLayer | Synchronizing object | Secondary_glazing_rib.011
Fra:451 Mem:705.86M (Peak 793.97M) | Time:00:01.88 | Mem:0.00M, Peak:0.00M | Scene, ViewLayer | Synchronizing object | Longitudinal_roof_purlin.011
Fra:451 Mem:705.89M (Peak 793.97M) | Time:00:01.88 | Mem:0.00M, Peak:0.00M | Scene, ViewLayer | Synchronizing object | Curved_roof_glazing.262
Fra:451 Mem:705.90M (Peak 793.97M) | Time:00:01.88 | Mem:0.00M, Peak:0.00M | Scene, ViewLayer | Synchronizing object | Load_column.008
Fra:451 Mem:705.90M (Peak 793.97M) | Time:00:01.88 | Mem:0.00M, Peak:0.00M | Scene, ViewLayer | Synchronizing object | Side_wall_glass.035
Fra:451 Mem:705.90M (Peak 793.97M) | Time:00:01.88 | Mem:0.00M, Peak:0.00M | Scene, ViewLayer | Synchronizing object | Curved_roof_glazing.195
Fra:451 Mem:705.91M (Peak 793.97M) | Time:00:01.88 | Mem:0.00M, Peak:0.00M | Scene, ViewLayer | Synchronizing object | Curved_roof_glazing.307
Fra:451 Mem:705.91M (Peak 793.97M) | Time:00:01.88 | Mem:0.00M, Peak:0.00M | Scene, ViewLayer | Synchronizing object | Side_wall_glass.097
Fra:451 Mem:705.91M (Peak 793.97M) | Time:00:01.88 | Mem:0.00M, Peak:0.00M | Scene, ViewLayer | Synchronizing object | Curved_roof_glazing.099
Fra:451 Mem:705.92M (Peak 793.97M) | Time:00:01.88 | Mem:0.00M, Peak:0.00M | Scene, ViewLayer | Synchronizing object | Side_wall_glass.101
Fra:451 Mem:705.92M (Peak 793.97M) | Time:00:01.88 | Mem:0.00M, Peak:0.00M | Scene, ViewLayer | Synchronizing object | Curved_roof_glazing.368
Fra:451 Mem:705.92M (Peak 793.97M) | Time:00:01.88 | Mem:0.00M, Peak:0.00M | Scene, ViewLayer | Synchronizing object | Wall_glazing_mullion.027
Fra:451 Mem:705.95M (Peak 793.97M) | Time:00:01.88 | Mem:0.00M, Peak:0.00M | Scene, ViewLayer | Synchronizing object | Side_wall_glass.036
Fra:451 Mem:705.95M (Peak 793.97M) | Time:00:01.88 | Mem:0.00M, Peak:0.00M | Scene, ViewLayer | Synchronizing object | Wall_transom.086
Fra:451 Mem:705.98M (Peak 793.97M) | Time:00:01.88 | Mem:0.00M, Peak:0.00M | Scene, ViewLayer | Synchronizing object | Wall_transom.074
Fra:451 Mem:706.01M (Peak 793.97M) | Time:00:01.88 | Mem:0.00M, Peak:0.00M | Scene, ViewLayer | Synchronizing object | Wall_glazing_mullion.040
Fra:451 Mem:706.04M (Peak 793.97M) | Time:00:01.88 | Mem:0.00M, Peak:0.00M | Scene, ViewLayer | Synchronizing object | Wall_transom.044
Fra:451 Mem:706.07M (Peak 793.97M) | Time:00:01.88 | Mem:0.00M, Peak:0.00M | Scene, ViewLayer | Synchronizing object | Curved_roof_glazing.346
Fra:451 Mem:706.08M (Peak 793.97M) | Time:00:01.88 | Mem:0.00M, Peak:0.00M | Scene, ViewLayer | Synchronizing object | Wall_stone_sill.020
Fra:451 Mem:706.11M (Peak 793.97M) | Time:00:01.88 | Mem:0.00M, Peak:0.00M | Scene, ViewLayer | Synchronizing object | Curved_roof_glazing.263
Fra:451 Mem:706.11M (Peak 793.97M) | Time:00:01.88 | Mem:0.00M, Peak:0.00M | Scene, ViewLayer | Synchronizing object | Ridge_vent_stanchion.003
Fra:451 Mem:706.11M (Peak 793.97M) | Time:00:01.88 | Mem:0.00M, Peak:0.00M | Scene, ViewLayer | Synchronizing object | Side_wall_glass.089
Fra:451 Mem:706.11M (Peak 793.97M) | Time:00:01.88 | Mem:0.00M, Peak:0.00M | Scene, ViewLayer | Synchronizing object | Wall_stone_sill.001
Fra:451 Mem:706.14M (Peak 793.97M) | Time:00:01.88 | Mem:0.00M, Peak:0.00M | Scene, ViewLayer | Synchronizing object | Wall_stone_sill.047
Fra:451 Mem:706.17M (Peak 793.97M) | Time:00:01.88 | Mem:0.00M, Peak:0.00M | Scene, ViewLayer | Synchronizing object | Wall_stone_sill.059
Fra:451 Mem:706.20M (Peak 793.97M) | Time:00:01.88 | Mem:0.00M, Peak:0.00M | Scene, ViewLayer | Synchronizing object | Curved_roof_glazing.212
Fra:451 Mem:706.20M (Peak 793.97M) | Time:00:01.88 | Mem:0.00M, Peak:0.00M | Scene, ViewLayer | Synchronizing object | Load_column.017
Fra:451 Mem:706.21M (Peak 793.97M) | Time:00:01.88 | Mem:0.00M, Peak:0.00M | Scene, ViewLayer | Synchronizing object | Curved_roof_glazing.369
Fra:451 Mem:706.21M (Peak 793.97M) | Time:00:01.88 | Mem:0.00M, Peak:0.00M | Scene, ViewLayer | Synchronizing object | Secondary_glazing_rib.015
Fra:451 Mem:706.30M (Peak 793.97M) | Time:00:01.88 | Mem:0.00M, Peak:0.00M | Scene, ViewLayer | Synchronizing object | Side_wall_glass.037
Fra:451 Mem:706.31M (Peak 793.97M) | Time:00:01.88 | Mem:0.00M, Peak:0.00M | Scene, ViewLayer | Synchronizing object | Curved_roof_glazing.347
Fra:451 Mem:706.31M (Peak 793.97M) | Time:00:01.88 | Mem:0.00M, Peak:0.00M | Scene, ViewLayer | Synchronizing object | Wall_stone_sill.043
Fra:451 Mem:706.32M (Peak 793.97M) | Time:00:01.88 | Mem:0.00M, Peak:0.00M | Scene, ViewLayer | Synchronizing object | Side_wall_glass.119
Fra:451 Mem:706.35M (Peak 793.97M) | Time:00:01.88 | Mem:0.00M, Peak:0.00M | Scene, ViewLayer | Synchronizing object | Side_wall_glass.127
Fra:451 Mem:706.33M (Peak 793.97M) | Time:00:01.88 | Mem:0.00M, Peak:0.00M | Scene, ViewLayer | Synchronizing object | Wall_transom.025
Fra:451 Mem:706.37M (Peak 793.97M) | Time:00:01.88 | Mem:0.00M, Peak:0.00M | Scene, ViewLayer | Synchronizing object | Curved_roof_glazing.264
Fra:451 Mem:706.39M (Peak 793.97M) | Time:00:01.88 | Mem:0.00M, Peak:0.00M | Scene, ViewLayer | Synchronizing object | Wall_transom.067
Fra:451 Mem:706.37M (Peak 793.97M) | Time:00:01.88 | Mem:0.00M, Peak:0.00M | Scene, ViewLayer | Synchronizing object | Side_wall_glass.098
Fra:451 Mem:706.41M (Peak 793.97M) | Time:00:01.88 | Mem:0.00M, Peak:0.00M | Scene, ViewLayer | Synchronizing object | Side_wall_glass.122
Fra:451 Mem:706.40M (Peak 793.97M) | Time:00:01.88 | Mem:0.00M, Peak:0.00M | Scene, ViewLayer | Synchronizing object | Curved_roof_glazing.213
Fra:451 Mem:706.41M (Peak 793.97M) | Time:00:01.88 | Mem:0.00M, Peak:0.00M | Scene, ViewLayer | Synchronizing object | Side_wall_glass.080
Fra:451 Mem:706.43M (Peak 793.97M) | Time:00:01.88 | Mem:0.00M, Peak:0.00M | Scene, ViewLayer | Synchronizing object | Wall_stone_sill.011
Fra:451 Mem:706.41M (Peak 793.97M) | Time:00:01.88 | Mem:0.00M, Peak:0.00M | Scene, ViewLayer | Synchronizing object | Wall_transom.083
Fra:451 Mem:706.46M (Peak 793.97M) | Time:00:01.88 | Mem:0.00M, Peak:0.00M | Scene, ViewLayer | Synchronizing object | Curved_roof_glazing.370
Fra:451 Mem:706.46M (Peak 793.97M) | Time:00:01.88 | Mem:0.00M, Peak:0.00M | Scene, ViewLayer | Synchronizing object | Wall_stone_sill.017
Fra:451 Mem:706.46M (Peak 793.97M) | Time:00:01.88 | Mem:0.00M, Peak:0.00M | Scene, ViewLayer | Synchronizing object | Wall_stone_sill.013
Fra:451 Mem:706.51M (Peak 793.97M) | Time:00:01.88 | Mem:0.00M, Peak:0.00M | Scene, ViewLayer | Synchronizing object | Wall_stone_sill.060
Fra:451 Mem:706.52M (Peak 793.97M) | Time:00:01.88 | Mem:0.00M, Peak:0.00M | Scene, ViewLayer | Synchronizing object | End_wall_mullion.013
Fra:451 Mem:706.59M (Peak 793.97M) | Time:00:01.88 | Mem:0.00M, Peak:0.00M | Scene, ViewLayer | Synchronizing object | Secondary_glazing_rib.022
Fra:451 Mem:706.60M (Peak 793.97M) | Time:00:01.88 | Mem:0.00M, Peak:0.00M | Scene, ViewLayer | Synchronizing object | Side_wall_glass.028
Fra:451 Mem:706.63M (Peak 793.97M) | Time:00:01.88 | Mem:0.00M, Peak:0.00M | Scene, ViewLayer | Synchronizing object | Curved_roof_glazing.348
Fra:451 Mem:706.65M (Peak 793.97M) | Time:00:01.88 | Mem:0.00M, Peak:0.00M | Scene, ViewLayer | Synchronizing object | Curved_roof_glazing.265
Fra:451 Mem:706.65M (Peak 793.97M) | Time:00:01.88 | Mem:0.00M, Peak:0.00M | Scene, ViewLayer | Synchronizing object | Wall_transom.012
Fra:451 Mem:706.71M (Peak 793.97M) | Time:00:01.88 | Mem:0.00M, Peak:0.00M | Scene, ViewLayer | Synchronizing object | End_wall_mullion.016
Fra:451 Mem:706.72M (Peak 793.97M) | Time:00:01.88 | Mem:0.00M, Peak:0.00M | Scene, ViewLayer | Synchronizing object | Ridge_vent_stanchion.004
Fra:451 Mem:706.72M (Peak 793.97M) | Time:00:01.88 | Mem:0.00M, Peak:0.00M | Scene, ViewLayer | Synchronizing object | Wall_transom.112
Fra:451 Mem:706.75M (Peak 793.97M) | Time:00:01.88 | Mem:0.00M, Peak:0.00M | Scene, ViewLayer | Synchronizing object | Curved_roof_glazing.214
Fra:451 Mem:706.75M (Peak 793.97M) | Time:00:01.88 | Mem:0.00M, Peak:0.00M | Scene, ViewLayer | Synchronizing object | End_wall_mullion.001
Fra:451 Mem:706.79M (Peak 793.97M) | Time:00:01.88 | Mem:0.00M, Peak:0.00M | Scene, ViewLayer | Synchronizing object | Side_wall_glass.055
Fra:451 Mem:706.78M (Peak 793.97M) | Time:00:01.88 | Mem:0.00M, Peak:0.00M | Scene, ViewLayer | Synchronizing object | Curved_roof_glazing.371
Fra:451 Mem:706.78M (Peak 793.97M) | Time:00:01.88 | Mem:0.00M, Peak:0.00M | Scene, ViewLayer | Synchronizing object | Side_wall_glass.026
Fra:451 Mem:706.79M (Peak 793.97M) | Time:00:01.88 | Mem:0.00M, Peak:0.00M | Scene, ViewLayer | Synchronizing object | Hall_door_stile.001
Fra:451 Mem:706.82M (Peak 793.97M) | Time:00:01.88 | Mem:0.00M, Peak:0.00M | Scene, ViewLayer | Synchronizing object | Side_wall_glass.124
Fra:451 Mem:706.81M (Peak 793.97M) | Time:00:01.88 | Mem:0.00M, Peak:0.00M | Scene, ViewLayer | Synchronizing object | Side_wall_glass.029
Fra:451 Mem:706.81M (Peak 793.97M) | Time:00:01.88 | Mem:0.00M, Peak:0.00M | Scene, ViewLayer | Synchronizing object | Wall_glazing_mullion.041
Fra:451 Mem:706.84M (Peak 793.97M) | Time:00:01.88 | Mem:0.00M, Peak:0.00M | Scene, ViewLayer | Synchronizing object | Curved_roof_glazing.349
Fra:451 Mem:706.84M (Peak 793.97M) | Time:00:01.88 | Mem:0.00M, Peak:0.00M | Scene, ViewLayer | Synchronizing object | Side_wall_glass.086
Fra:451 Mem:706.85M (Peak 793.97M) | Time:00:01.88 | Mem:0.00M, Peak:0.00M | Scene, ViewLayer | Synchronizing object | Column_base_plinth.010
Fra:451 Mem:706.87M (Peak 793.97M) | Time:00:01.88 | Mem:0.00M, Peak:0.00M | Scene, ViewLayer | Synchronizing object | Side_wall_glass.040
Fra:451 Mem:706.89M (Peak 793.97M) | Time:00:01.88 | Mem:0.00M, Peak:0.00M | Scene, ViewLayer | Synchronizing object | Curved_roof_glazing.266
Fra:451 Mem:706.88M (Peak 793.97M) | Time:00:01.88 | Mem:0.00M, Peak:0.00M | Scene, ViewLayer | Synchronizing object | Platform_portal_jamb
Fra:451 Mem:706.90M (Peak 793.97M) | Time:00:01.88 | Mem:0.00M, Peak:0.00M | Scene, ViewLayer | Synchronizing object | Wall_stone_sill.030
Fra:451 Mem:706.93M (Peak 793.97M) | Time:00:01.88 | Mem:0.00M, Peak:0.00M | Scene, ViewLayer | Synchronizing object | Side_wall_glass.003
Fra:451 Mem:706.93M (Peak 793.97M) | Time:00:01.88 | Mem:0.00M, Peak:0.00M | Scene, ViewLayer | Synchronizing object | Curved_roof_glazing.215
Fra:451 Mem:706.94M (Peak 793.97M) | Time:00:01.88 | Mem:0.00M, Peak:0.00M | Scene, ViewLayer | Synchronizing object | End_wall_sill.006
Fra:451 Mem:706.97M (Peak 793.97M) | Time:00:01.88 | Mem:0.00M, Peak:0.00M | Scene, ViewLayer | Synchronizing object | Side_wall_glass.022
Fra:451 Mem:706.97M (Peak 793.97M) | Time:00:01.88 | Mem:0.00M, Peak:0.00M | Scene, ViewLayer | Synchronizing object | Side_wall_glass.081
Fra:451 Mem:706.97M (Peak 793.97M) | Time:00:01.88 | Mem:0.00M, Peak:0.00M | Scene, ViewLayer | Synchronizing object | Curved_roof_glazing.020
Fra:451 Mem:706.97M (Peak 793.97M) | Time:00:01.88 | Mem:0.00M, Peak:0.00M | Scene, ViewLayer | Synchronizing object | Curved_roof_glazing.036
Fra:451 Mem:706.98M (Peak 793.97M) | Time:00:01.88 | Mem:0.00M, Peak:0.00M | Scene, ViewLayer | Synchronizing object | Curved_roof_glazing.100
Fra:451 Mem:706.98M (Peak 793.97M) | Time:00:01.88 | Mem:0.00M, Peak:0.00M | Scene, ViewLayer | Synchronizing object | End_elevation_crossbar.001
Fra:451 Mem:707.01M (Peak 793.97M) | Time:00:01.88 | Mem:0.00M, Peak:0.00M | Scene, ViewLayer | Synchronizing object | Wall_transom.099
Fra:451 Mem:707.04M (Peak 793.97M) | Time:00:01.88 | Mem:0.00M, Peak:0.00M | Scene, ViewLayer | Synchronizing object | End_wall_glazing
Fra:451 Mem:707.04M (Peak 793.97M) | Time:00:01.88 | Mem:0.00M, Peak:0.00M | Scene, ViewLayer | Synchronizing object | Wall_transom.103
Fra:451 Mem:707.07M (Peak 793.97M) | Time:00:01.88 | Mem:0.00M, Peak:0.00M | Scene, ViewLayer | Synchronizing object | Wall_glazing_mullion.044
Fra:451 Mem:707.10M (Peak 793.97M) | Time:00:01.88 | Mem:0.00M, Peak:0.00M | Scene, ViewLayer | Synchronizing object | Curved_roof_glazing.350
Fra:451 Mem:707.11M (Peak 793.97M) | Time:00:01.88 | Mem:0.00M, Peak:0.00M | Scene, ViewLayer | Synchronizing object | Longitudinal_roof_purlin.012
Fra:451 Mem:707.15M (Peak 793.97M) | Time:00:01.88 | Mem:0.00M, Peak:0.00M | Scene, ViewLayer | Synchronizing object | Side_wall_glass.041
Fra:451 Mem:707.15M (Peak 793.97M) | Time:00:01.88 | Mem:0.00M, Peak:0.00M | Scene, ViewLayer | Synchronizing object | Wall_stone_sill.012
Fra:451 Mem:707.18M (Peak 793.97M) | Time:00:01.88 | Mem:0.00M, Peak:0.00M | Scene, ViewLayer | Synchronizing object | Curved_roof_glazing.267
Fra:451 Mem:707.18M (Peak 793.97M) | Time:00:01.88 | Mem:0.00M, Peak:0.00M | Scene, ViewLayer | Synchronizing object | Side_wall_glass.060
Fra:451 Mem:707.18M (Peak 793.97M) | Time:00:01.88 | Mem:0.00M, Peak:0.00M | Scene, ViewLayer | Synchronizing object | Ridge_vent_stanchion.005
Fra:451 Mem:707.18M (Peak 793.97M) | Time:00:01.88 | Mem:0.00M, Peak:0.00M | Scene, ViewLayer | Synchronizing object | Side_wall_glass.002
Fra:451 Mem:707.19M (Peak 793.97M) | Time:00:01.88 | Mem:0.00M, Peak:0.00M | Scene, ViewLayer | Synchronizing object | Side_wall_glass.099
Fra:451 Mem:707.19M (Peak 793.97M) | Time:00:01.88 | Mem:0.00M, Peak:0.00M | Scene, ViewLayer | Synchronizing object | Side_wall_glass.123
Fra:451 Mem:707.19M (Peak 793.97M) | Time:00:01.88 | Mem:0.00M, Peak:0.00M | Scene, ViewLayer | Synchronizing object | Wall_transom.051
Fra:451 Mem:707.21M (Peak 793.97M) | Time:00:01.88 | Mem:0.00M, Peak:0.00M | Scene, ViewLayer | Synchronizing object | Curved_roof_glazing.216
Fra:451 Mem:707.24M (Peak 793.97M) | Time:00:01.88 | Mem:0.00M, Peak:0.00M | Scene, ViewLayer | Synchronizing object | End_wall_glazing.007
Fra:451 Mem:707.22M (Peak 793.97M) | Time:00:01.88 | Mem:0.00M, Peak:0.00M | Scene, ViewLayer | Synchronizing object | Curved_roof_glazing.037
Fra:451 Mem:707.22M (Peak 793.97M) | Time:00:01.88 | Mem:0.00M, Peak:0.00M | Scene, ViewLayer | Synchronizing object | Curved_roof_glazing.101
Fra:451 Mem:707.22M (Peak 793.97M) | Time:00:01.88 | Mem:0.00M, Peak:0.00M | Scene, ViewLayer | Synchronizing object | Side_wall_glass.042
Fra:451 Mem:707.22M (Peak 793.97M) | Time:00:01.88 | Mem:0.00M, Peak:0.00M | Scene, ViewLayer | Synchronizing object | Wall_transom.010
Fra:451 Mem:707.26M (Peak 793.97M) | Time:00:01.88 | Mem:0.00M, Peak:0.00M | Scene, ViewLayer | Synchronizing object | Wall_stone_sill.029
Fra:451 Mem:707.28M (Peak 793.97M) | Time:00:01.88 | Mem:0.00M, Peak:0.00M | Scene, ViewLayer | Synchronizing object | Wall_stone_sill.015
Fra:451 Mem:707.30M (Peak 793.97M) | Time:00:01.88 | Mem:0.00M, Peak:0.00M | Scene, ViewLayer | Synchronizing object | Wall_stone_sill.025
Fra:451 Mem:707.32M (Peak 793.97M) | Time:00:01.88 | Mem:0.00M, Peak:0.00M | Scene, ViewLayer | Synchronizing object | Curved_roof_glazing.351
Fra:451 Mem:707.32M (Peak 793.97M) | Time:00:01.88 | Mem:0.00M, Peak:0.00M | Scene, ViewLayer | Synchronizing object | Side_wall_glass.087
Fra:451 Mem:707.32M (Peak 793.97M) | Time:00:01.88 | Mem:0.00M, Peak:0.00M | Scene, ViewLayer | Synchronizing object | Column_base_plinth.008
Fra:451 Mem:707.33M (Peak 793.97M) | Time:00:01.88 | Mem:0.00M, Peak:0.00M | Scene, ViewLayer | Synchronizing object | Curved_roof_glazing.268
Fra:451 Mem:707.36M (Peak 793.97M) | Time:00:01.88 | Mem:0.00M, Peak:0.00M | Scene, ViewLayer | Synchronizing object | Wall_transom.018
Fra:451 Mem:707.37M (Peak 793.97M) | Time:00:01.88 | Mem:0.00M, Peak:0.00M | Scene, ViewLayer | Synchronizing object | Wall_transom.132
Fra:451 Mem:707.40M (Peak 793.97M) | Time:00:01.89 | Mem:0.00M, Peak:0.00M | Scene, ViewLayer | Synchronizing object | Curved_roof_glazing.217
Fra:451 Mem:707.40M (Peak 793.97M) | Time:00:01.89 | Mem:0.00M, Peak:0.00M | Scene, ViewLayer | Synchronizing object | Side_wall_glass.023
Fra:451 Mem:707.40M (Peak 793.97M) | Time:00:01.89 | Mem:0.00M, Peak:0.00M | Scene, ViewLayer | Synchronizing object | Curved_roof_glazing.022
Fra:451 Mem:707.40M (Peak 793.97M) | Time:00:01.89 | Mem:0.00M, Peak:0.00M | Scene, ViewLayer | Synchronizing object | Curved_roof_glazing.038
Fra:451 Mem:707.40M (Peak 793.97M) | Time:00:01.89 | Mem:0.00M, Peak:0.00M | Scene, ViewLayer | Synchronizing object | Curved_roof_glazing.102
Fra:451 Mem:707.40M (Peak 793.97M) | Time:00:01.89 | Mem:0.00M, Peak:0.00M | Scene, ViewLayer | Synchronizing object | End_wall_sill.016
Fra:451 Mem:707.41M (Peak 793.97M) | Time:00:01.89 | Mem:0.00M, Peak:0.00M | Scene, ViewLayer | Synchronizing object | Hall_door_kickpanel
Fra:451 Mem:707.45M (Peak 793.97M) | Time:00:01.89 | Mem:0.00M, Peak:0.00M | Scene, ViewLayer | Synchronizing object | Side_wall_glass.043
Fra:451 Mem:707.46M (Peak 793.97M) | Time:00:01.89 | Mem:0.00M, Peak:0.00M | Scene, ViewLayer | Synchronizing object | Wall_transom.054
Fra:451 Mem:707.48M (Peak 793.97M) | Time:00:01.89 | Mem:0.00M, Peak:0.00M | Scene, ViewLayer | Synchronizing object | Side_wall_glass.058
Fra:451 Mem:707.48M (Peak 793.97M) | Time:00:01.89 | Mem:0.00M, Peak:0.00M | Scene, ViewLayer | Synchronizing object | Side_wall_glass.125
Fra:451 Mem:707.48M (Peak 793.97M) | Time:00:01.89 | Mem:0.00M, Peak:0.00M | Scene, ViewLayer | Synchronizing object | Curved_roof_glazing.352
Fra:451 Mem:707.48M (Peak 793.97M) | Time:00:01.89 | Mem:0.00M, Peak:0.00M | Scene, ViewLayer | Synchronizing object | Curved_roof_glazing.001
Fra:451 Mem:707.49M (Peak 793.97M) | Time:00:01.89 | Mem:0.00M, Peak:0.00M | Scene, ViewLayer | Synchronizing object | Wall_transom.026
Fra:451 Mem:707.51M (Peak 793.97M) | Time:00:01.89 | Mem:0.00M, Peak:0.00M | Scene, ViewLayer | Synchronizing object | Wall_transom.036
Fra:451 Mem:707.53M (Peak 793.97M) | Time:00:01.89 | Mem:0.00M, Peak:0.00M | Scene, ViewLayer | Synchronizing object | Wall_transom.175
Fra:451 Mem:707.55M (Peak 793.97M) | Time:00:01.89 | Mem:0.00M, Peak:0.00M | Scene, ViewLayer | Synchronizing object | Wall_transom.187
Fra:451 Mem:707.58M (Peak 793.97M) | Time:00:01.89 | Mem:0.00M, Peak:0.00M | Scene, ViewLayer | Synchronizing object | Curved_roof_glazing.269
Fra:451 Mem:707.58M (Peak 793.97M) | Time:00:01.89 | Mem:0.00M, Peak:0.00M | Scene, ViewLayer | Synchronizing object | Ridge_vent_stanchion.006
Fra:451 Mem:707.58M (Peak 793.97M) | Time:00:01.89 | Mem:0.00M, Peak:0.00M | Scene, ViewLayer | Synchronizing object | Curved_roof_glazing.218
Fra:451 Mem:707.58M (Peak 793.97M) | Time:00:01.89 | Mem:0.00M, Peak:0.00M | Scene, ViewLayer | Synchronizing object | Wall_stone_sill.028
Fra:451 Mem:707.61M (Peak 793.97M) | Time:00:01.89 | Mem:0.00M, Peak:0.00M | Scene, ViewLayer | Synchronizing object | Curved_roof_glazing.023
Fra:451 Mem:707.61M (Peak 793.97M) | Time:00:01.89 | Mem:0.00M, Peak:0.00M | Scene, ViewLayer | Synchronizing object | Curved_roof_glazing.039
Fra:451 Mem:707.61M (Peak 793.97M) | Time:00:01.89 | Mem:0.00M, Peak:0.00M | Scene, ViewLayer | Synchronizing object | Curved_roof_glazing.103
Fra:451 Mem:707.62M (Peak 793.97M) | Time:00:01.89 | Mem:0.00M, Peak:0.00M | Scene, ViewLayer | Synchronizing object | End_wall_glazing.010
Fra:451 Mem:707.62M (Peak 793.97M) | Time:00:01.89 | Mem:0.00M, Peak:0.00M | Scene, ViewLayer | Synchronizing object | Wall_transom.116
Fra:451 Mem:707.64M (Peak 793.97M) | Time:00:01.89 | Mem:0.00M, Peak:0.00M | Scene, ViewLayer | Synchronizing object | Wall_glazing_mullion.024
Fra:451 Mem:707.66M (Peak 793.97M) | Time:00:01.89 | Mem:0.00M, Peak:0.00M | Scene, ViewLayer | Synchronizing object | Curved_roof_glazing.196
Fra:451 Mem:707.67M (Peak 793.97M) | Time:00:01.89 | Mem:0.00M, Peak:0.00M | Scene, ViewLayer | Synchronizing object | Primary_elliptical_arch.008
Fra:451 Mem:707.80M (Peak 793.97M) | Time:00:01.89 | Mem:0.00M, Peak:0.00M | Scene, ViewLayer | Synchronizing object | Side_wall_glass.072
Fra:451 Mem:707.80M (Peak 793.97M) | Time:00:01.89 | Mem:0.00M, Peak:0.00M | Scene, ViewLayer | Synchronizing object | Wall_transom.136
Fra:451 Mem:707.82M (Peak 793.97M) | Time:00:01.89 | Mem:0.00M, Peak:0.00M | Scene, ViewLayer | Synchronizing object | Curved_roof_glazing.004
Fra:451 Mem:707.83M (Peak 793.97M) | Time:00:01.89 | Mem:0.00M, Peak:0.00M | Scene, ViewLayer | Synchronizing object | Curved_roof_glazing.353
Fra:451 Mem:707.83M (Peak 793.97M) | Time:00:01.89 | Mem:0.00M, Peak:0.00M | Scene, ViewLayer | Synchronizing object | Curved_roof_glazing
Fra:451 Mem:707.83M (Peak 793.97M) | Time:00:01.89 | Mem:0.00M, Peak:0.00M | Scene, ViewLayer | Synchronizing object | Side_wall_glass.024
Fra:451 Mem:707.83M (Peak 793.97M) | Time:00:01.89 | Mem:0.00M, Peak:0.00M | Scene, ViewLayer | Synchronizing object | Curved_roof_glazing.270
Fra:451 Mem:707.84M (Peak 793.97M) | Time:00:01.89 | Mem:0.00M, Peak:0.00M | Scene, ViewLayer | Synchronizing object | Side_wall_glass.061
Fra:451 Mem:707.84M (Peak 793.97M) | Time:00:01.89 | Mem:0.00M, Peak:0.00M | Scene, ViewLayer | Synchronizing object | Wall_transom.013
Fra:451 Mem:707.84M (Peak 793.97M) | Time:00:01.89 | Mem:0.00M, Peak:0.00M | Scene, ViewLayer | Synchronizing object | Wall_transom.068
Fra:451 Mem:707.89M (Peak 793.97M) | Time:00:01.89 | Mem:0.00M, Peak:0.00M | Scene, ViewLayer | Synchronizing object | End_wall_sill.014
Fra:451 Mem:707.92M (Peak 793.97M) | Time:00:01.89 | Mem:0.00M, Peak:0.00M | Scene, ViewLayer | Synchronizing object | Wall_transom.113
Fra:451 Mem:707.94M (Peak 793.97M) | Time:00:01.89 | Mem:0.00M, Peak:0.00M | Scene, ViewLayer | Synchronizing object | Wall_transom.081
Fra:451 Mem:707.97M (Peak 793.97M) | Time:00:01.89 | Mem:0.00M, Peak:0.00M | Scene, ViewLayer | Synchronizing object | Curved_roof_glazing.219
Fra:451 Mem:707.97M (Peak 793.97M) | Time:00:01.89 | Mem:0.00M, Peak:0.00M | Scene, ViewLayer | Synchronizing object | End_wall_sill.001
Fra:451 Mem:708.00M (Peak 793.97M) | Time:00:01.89 | Mem:0.00M, Peak:0.00M | Scene, ViewLayer | Synchronizing object | Side_wall_glass.056
Fra:451 Mem:708.00M (Peak 793.97M) | Time:00:01.89 | Mem:0.00M, Peak:0.00M | Scene, ViewLayer | Synchronizing object | Curved_roof_glazing.024
Fra:451 Mem:708.01M (Peak 793.97M) | Time:00:01.89 | Mem:0.00M, Peak:0.00M | Scene, ViewLayer | Synchronizing object | Curved_roof_glazing.040
Fra:451 Mem:708.01M (Peak 793.97M) | Time:00:01.89 | Mem:0.00M, Peak:0.00M | Scene, ViewLayer | Synchronizing object | Curved_roof_glazing.104
Fra:451 Mem:708.01M (Peak 793.97M) | Time:00:01.89 | Mem:0.00M, Peak:0.00M | Scene, ViewLayer | Synchronizing object | Wall_glazing_mullion.025
Fra:451 Mem:708.04M (Peak 793.97M) | Time:00:01.89 | Mem:0.00M, Peak:0.00M | Scene, ViewLayer | Synchronizing object | Wall_transom.154
Fra:451 Mem:708.07M (Peak 793.97M) | Time:00:01.89 | Mem:0.00M, Peak:0.00M | Scene, ViewLayer | Synchronizing object | Curved_roof_glazing.197
Fra:451 Mem:708.08M (Peak 793.97M) | Time:00:01.89 | Mem:0.00M, Peak:0.00M | Scene, ViewLayer | Synchronizing object | Side_wall_glass.092
Fra:451 Mem:708.08M (Peak 793.97M) | Time:00:01.89 | Mem:0.00M, Peak:0.00M | Scene, ViewLayer | Synchronizing object | Wall_transom.140
Fra:451 Mem:708.11M (Peak 793.97M) | Time:00:01.89 | Mem:0.00M, Peak:0.00M | Scene, ViewLayer | Synchronizing object | Column_capital.006
Fra:451 Mem:708.15M (Peak 793.97M) | Time:00:01.89 | Mem:0.00M, Peak:0.00M | Scene, ViewLayer | Synchronizing object | Curved_roof_glazing.005
Fra:451 Mem:708.15M (Peak 793.97M) | Time:00:01.89 | Mem:0.00M, Peak:0.00M | Scene, ViewLayer | Synchronizing object | Hall_door_rail
Fra:451 Mem:708.18M (Peak 793.97M) | Time:00:01.89 | Mem:0.00M, Peak:0.00M | Scene, ViewLayer | Synchronizing object | Curved_roof_glazing.354
Fra:451 Mem:708.18M (Peak 793.97M) | Time:00:01.89 | Mem:0.00M, Peak:0.00M | Scene, ViewLayer | Synchronizing object | Column_capital.010
Fra:451 Mem:708.21M (Peak 793.97M) | Time:00:01.89 | Mem:0.00M, Peak:0.00M | Scene, ViewLayer | Synchronizing object | Side_wall_glass.025
Fra:451 Mem:708.22M (Peak 793.97M) | Time:00:01.89 | Mem:0.00M, Peak:0.00M | Scene, ViewLayer | Synchronizing object | Curved_roof_glazing.271
Fra:451 Mem:708.22M (Peak 793.97M) | Time:00:01.89 | Mem:0.00M, Peak:0.00M | Scene, ViewLayer | Synchronizing object | Platform_portal_jamb.001
Fra:451 Mem:708.25M (Peak 793.97M) | Time:00:01.89 | Mem:0.00M, Peak:0.00M | Scene, ViewLayer | Synchronizing object | Ridge_vent_stanchion.007
Fra:451 Mem:708.25M (Peak 793.97M) | Time:00:01.89 | Mem:0.00M, Peak:0.00M | Scene, ViewLayer | Synchronizing object | Curved_roof_glazing.220
Fra:451 Mem:708.26M (Peak 793.97M) | Time:00:01.89 | Mem:0.00M, Peak:0.00M | Scene, ViewLayer | Synchronizing object | End_wall_glazing.002
Fra:451 Mem:708.26M (Peak 793.97M) | Time:00:01.89 | Mem:0.00M, Peak:0.00M | Scene, ViewLayer | Synchronizing object | Wall_transom.120
Fra:451 Mem:708.29M (Peak 793.97M) | Time:00:01.89 | Mem:0.00M, Peak:0.00M | Scene, ViewLayer | Synchronizing object | Column_capital.017
Fra:451 Mem:708.32M (Peak 793.97M) | Time:00:01.89 | Mem:0.00M, Peak:0.00M | Scene, ViewLayer | Synchronizing object | Curved_roof_glazing.025
Fra:451 Mem:708.32M (Peak 793.97M) | Time:00:01.89 | Mem:0.00M, Peak:0.00M | Scene, ViewLayer | Synchronizing object | Curved_roof_glazing.041
Fra:451 Mem:708.33M (Peak 793.97M) | Time:00:01.89 | Mem:0.00M, Peak:0.00M | Scene, ViewLayer | Synchronizing object | Curved_roof_glazing.105
Fra:451 Mem:708.33M (Peak 793.97M) | Time:00:01.89 | Mem:0.00M, Peak:0.00M | Scene, ViewLayer | Synchronizing object | End_wall_glazing.019
Fra:451 Mem:708.33M (Peak 793.97M) | Time:00:01.89 | Mem:0.00M, Peak:0.00M | Scene, ViewLayer | Synchronizing object | Wall_transom.100
Fra:451 Mem:708.36M (Peak 793.97M) | Time:00:01.89 | Mem:0.00M, Peak:0.00M | Scene, ViewLayer | Synchronizing object | Secondary_glazing_rib.014
Fra:451 Mem:708.46M (Peak 793.97M) | Time:00:01.89 | Mem:0.00M, Peak:0.00M | Scene, ViewLayer | Synchronizing object | Curved_roof_glazing.198
Fra:451 Mem:708.46M (Peak 793.97M) | Time:00:01.89 | Mem:0.00M, Peak:0.00M | Scene, ViewLayer | Synchronizing object | Curved_roof_glazing.006
Fra:451 Mem:708.47M (Peak 793.97M) | Time:00:01.89 | Mem:0.00M, Peak:0.00M | Scene, ViewLayer | Synchronizing object | Wall_transom.122
Fra:451 Mem:708.50M (Peak 793.97M) | Time:00:01.89 | Mem:0.00M, Peak:0.00M | Scene, ViewLayer | Synchronizing object | Curved_roof_glazing.355
Fra:451 Mem:708.50M (Peak 793.97M) | Time:00:01.89 | Mem:0.00M, Peak:0.00M | Scene, ViewLayer | Synchronizing object | Portal_transom_mullion.002
Fra:451 Mem:708.53M (Peak 793.97M) | Time:00:01.89 | Mem:0.00M, Peak:0.00M | Scene, ViewLayer | Synchronizing object | Wall_transom.060
Fra:451 Mem:708.56M (Peak 793.97M) | Time:00:01.89 | Mem:0.00M, Peak:0.00M | Scene, ViewLayer | Synchronizing object | Curved_roof_glazing.002
Fra:451 Mem:708.56M (Peak 793.97M) | Time:00:01.89 | Mem:0.00M, Peak:0.00M | Scene, ViewLayer | Synchronizing object | Side_wall_glass.121
Fra:451 Mem:708.57M (Peak 793.97M) | Time:00:01.89 | Mem:0.00M, Peak:0.00M | Scene, ViewLayer | Synchronizing object | Curved_roof_glazing.272
Fra:451 Mem:708.57M (Peak 793.97M) | Time:00:01.89 | Mem:0.00M, Peak:0.00M | Scene, ViewLayer | Synchronizing object | Wall_transom.003
Fra:451 Mem:708.60M (Peak 793.97M) | Time:00:01.89 | Mem:0.00M, Peak:0.00M | Scene, ViewLayer | Synchronizing object | Wall_transom.052
Fra:451 Mem:708.63M (Peak 793.97M) | Time:00:01.89 | Mem:0.00M, Peak:0.00M | Scene, ViewLayer | Synchronizing object | End_wall_glazing.017
Fra:451 Mem:708.63M (Peak 793.97M) | Time:00:01.89 | Mem:0.00M, Peak:0.00M | Scene, ViewLayer | Synchronizing object | Wall_transom.145
Fra:451 Mem:708.66M (Peak 793.97M) | Time:00:01.89 | Mem:0.00M, Peak:0.00M | Scene, ViewLayer | Synchronizing object | Wall_transom.181
Fra:451 Mem:708.69M (Peak 793.97M) | Time:00:01.89 | Mem:0.00M, Peak:0.00M | Scene, ViewLayer | Synchronizing object | Curved_roof_glazing.221
Fra:451 Mem:708.70M (Peak 793.97M) | Time:00:01.89 | Mem:0.00M, Peak:0.00M | Scene, ViewLayer | Synchronizing object | End_wall_mullion.007
Fra:451 Mem:708.73M (Peak 793.97M) | Time:00:01.89 | Mem:0.00M, Peak:0.00M | Scene, ViewLayer | Synchronizing object | Curved_roof_glazing.026
Fra:451 Mem:708.73M (Peak 793.97M) | Time:00:01.89 | Mem:0.00M, Peak:0.00M | Scene, ViewLayer | Synchronizing object | Curved_roof_glazing.042
Fra:451 Mem:708.73M (Peak 793.97M) | Time:00:01.89 | Mem:0.00M, Peak:0.00M | Scene, ViewLayer | Synchronizing object | Curved_roof_glazing.106
Fra:451 Mem:708.74M (Peak 793.97M) | Time:00:01.89 | Mem:0.00M, Peak:0.00M | Scene, ViewLayer | Synchronizing object | Wall_glazing_mullion.042
Fra:451 Mem:708.77M (Peak 793.97M) | Time:00:01.89 | Mem:0.00M, Peak:0.00M | Scene, ViewLayer | Synchronizing object | Wall_transom.011
Fra:451 Mem:708.80M (Peak 793.97M) | Time:00:01.89 | Mem:0.00M, Peak:0.00M | Scene, ViewLayer | Synchronizing object | End_wall_mullion
Fra:451 Mem:708.83M (Peak 793.97M) | Time:00:01.89 | Mem:0.00M, Peak:0.00M | Scene, ViewLayer | Synchronizing object | Side_wall_glass.073
Fra:451 Mem:708.83M (Peak 793.97M) | Time:00:01.89 | Mem:0.00M, Peak:0.00M | Scene, ViewLayer | Synchronizing object | Wall_stone_sill.049
Fra:451 Mem:708.86M (Peak 793.97M) | Time:00:01.89 | Mem:0.00M, Peak:0.00M | Scene, ViewLayer | Synchronizing object | Load_column.016
Fra:451 Mem:708.86M (Peak 793.97M) | Time:00:01.89 | Mem:0.00M, Peak:0.00M | Scene, ViewLayer | Synchronizing object | Curved_roof_glazing.199
Fra:451 Mem:708.87M (Peak 793.97M) | Time:00:01.89 | Mem:0.00M, Peak:0.00M | Scene, ViewLayer | Synchronizing object | Load_column.007
Fra:451 Mem:708.87M (Peak 793.97M) | Time:00:01.89 | Mem:0.00M, Peak:0.00M | Scene, ViewLayer | Synchronizing object | Curved_roof_glazing.007
Fra:451 Mem:708.88M (Peak 793.97M) | Time:00:01.89 | Mem:0.00M, Peak:0.00M | Scene, ViewLayer | Synchronizing object | End_wall_sill.002
Fra:451 Mem:708.91M (Peak 793.97M) | Time:00:01.89 | Mem:0.00M, Peak:0.00M | Scene, ViewLayer | Synchronizing object | Platform_canopy_beam.003
Fra:451 Mem:708.94M (Peak 793.97M) | Time:00:01.89 | Mem:0.00M, Peak:0.00M | Scene, ViewLayer | Synchronizing object | Platform_canopy_beam.001
Fra:451 Mem:708.97M (Peak 793.97M) | Time:00:01.89 | Mem:0.00M, Peak:0.00M | Scene, ViewLayer | Synchronizing object | Platform_canopy_beam.002
Fra:451 Mem:708.99M (Peak 793.97M) | Time:00:01.89 | Mem:0.00M, Peak:0.00M | Scene, ViewLayer | Synchronizing object | Canopy_edge_fascia
Fra:451 Mem:709.02M (Peak 793.97M) | Time:00:01.89 | Mem:0.00M, Peak:0.00M | Scene, ViewLayer | Synchronizing object | Platform_canopy_beam.008
Fra:451 Mem:709.05M (Peak 793.97M) | Time:00:01.89 | Mem:0.00M, Peak:0.00M | Scene, ViewLayer | Synchronizing object | Platform_canopy_beam.006
Fra:451 Mem:709.08M (Peak 793.97M) | Time:00:01.89 | Mem:0.00M, Peak:0.00M | Scene, ViewLayer | Synchronizing object | Platform_canopy_beam.004
Fra:451 Mem:709.11M (Peak 793.97M) | Time:00:01.89 | Mem:0.00M, Peak:0.00M | Scene, ViewLayer | Synchronizing object | Platform_canopy_beam.005
Fra:451 Mem:709.14M (Peak 793.97M) | Time:00:01.89 | Mem:0.00M, Peak:0.00M | Scene, ViewLayer | Synchronizing object | Platform_canopy_beam.007
Fra:451 Mem:709.17M (Peak 793.97M) | Time:00:01.89 | Mem:0.00M, Peak:0.00M | Scene, ViewLayer | Synchronizing object | Platform_canopy_glass.001
Fra:451 Mem:709.17M (Peak 793.97M) | Time:00:01.89 | Mem:0.00M, Peak:0.00M | Scene, ViewLayer | Synchronizing object | Platform_canopy_beam
Fra:451 Mem:709.20M (Peak 793.97M) | Time:00:01.89 | Mem:0.00M, Peak:0.00M | Scene, ViewLayer | Synchronizing object | Canopy_tension_brace.007
Fra:451 Mem:709.21M (Peak 793.97M) | Time:00:01.89 | Mem:0.00M, Peak:0.00M | Scene, ViewLayer | Synchronizing object | Canopy_tension_brace.005
Fra:451 Mem:709.22M (Peak 793.97M) | Time:00:01.89 | Mem:0.00M, Peak:0.00M | Scene, ViewLayer | Synchronizing object | Canopy_tension_brace.003
Fra:451 Mem:709.23M (Peak 793.97M) | Time:00:01.89 | Mem:0.00M, Peak:0.00M | Scene, ViewLayer | Synchronizing object | Canopy_tension_brace.004
Fra:451 Mem:709.23M (Peak 793.97M) | Time:00:01.89 | Mem:0.00M, Peak:0.00M | Scene, ViewLayer | Synchronizing object | Canopy_tension_brace.006
Fra:451 Mem:709.24M (Peak 793.97M) | Time:00:01.89 | Mem:0.00M, Peak:0.00M | Scene, ViewLayer | Synchronizing object | Canopy_tension_brace.001
Fra:451 Mem:709.25M (Peak 793.97M) | Time:00:01.89 | Mem:0.00M, Peak:0.00M | Scene, ViewLayer | Synchronizing object | Canopy_tension_brace.002
Fra:451 Mem:709.26M (Peak 793.97M) | Time:00:01.89 | Mem:0.00M, Peak:0.00M | Scene, ViewLayer | Synchronizing object | Platform_canopy_glass.003
Fra:451 Mem:709.26M (Peak 793.97M) | Time:00:01.89 | Mem:0.00M, Peak:0.00M | Scene, ViewLayer | Synchronizing object | Canopy_tension_brace.008
Fra:451 Mem:709.27M (Peak 793.97M) | Time:00:01.89 | Mem:0.00M, Peak:0.00M | Scene, ViewLayer | Synchronizing object | Canopy_tension_brace
Fra:451 Mem:709.28M (Peak 793.97M) | Time:00:01.89 | Mem:0.00M, Peak:0.00M | Scene, ViewLayer | Synchronizing object | Platform_canopy_glass.002
Fra:451 Mem:709.28M (Peak 793.97M) | Time:00:01.89 | Mem:0.00M, Peak:0.00M | Scene, ViewLayer | Synchronizing object | Platform_canopy_glass
Fra:451 Mem:709.28M (Peak 793.97M) | Time:00:01.89 | Mem:0.00M, Peak:0.00M | Scene, ViewLayer | Synchronizing object | Waiting_bench_support.001
Fra:451 Mem:709.31M (Peak 793.97M) | Time:00:01.89 | Mem:0.00M, Peak:0.00M | Scene, ViewLayer | Synchronizing object | Waiting_bench_support.002
Fra:451 Mem:709.34M (Peak 793.97M) | Time:00:01.89 | Mem:0.00M, Peak:0.00M | Scene, ViewLayer | Synchronizing object | Waiting_bench_support.006
Fra:451 Mem:709.37M (Peak 793.97M) | Time:00:01.89 | Mem:0.00M, Peak:0.00M | Scene, ViewLayer | Synchronizing object | Waiting_bench_support.003
Fra:451 Mem:709.40M (Peak 793.97M) | Time:00:01.89 | Mem:0.00M, Peak:0.00M | Scene, ViewLayer | Synchronizing object | Waiting_bench_support.004
Fra:451 Mem:709.43M (Peak 793.97M) | Time:00:01.89 | Mem:0.00M, Peak:0.00M | Scene, ViewLayer | Synchronizing object | Waiting_bench_support.005
Fra:451 Mem:709.46M (Peak 793.97M) | Time:00:01.89 | Mem:0.00M, Peak:0.00M | Scene, ViewLayer | Synchronizing object | Waiting_bench_support.007
Fra:451 Mem:709.49M (Peak 793.97M) | Time:00:01.89 | Mem:0.00M, Peak:0.00M | Scene, ViewLayer | Synchronizing object | Waiting_bench_support
Fra:451 Mem:709.52M (Peak 793.97M) | Time:00:01.89 | Mem:0.00M, Peak:0.00M | Scene, ViewLayer | Synchronizing object | Plant_stem_proxy.028
Fra:451 Mem:709.53M (Peak 793.97M) | Time:00:01.89 | Mem:0.00M, Peak:0.00M | Scene, ViewLayer | Synchronizing object | Botanical_blade_proxy.026
Fra:451 Mem:709.58M (Peak 793.97M) | Time:00:01.89 | Mem:0.00M, Peak:0.00M | Scene, ViewLayer | Synchronizing object | Plant_stem_proxy.045
Fra:451 Mem:709.59M (Peak 793.97M) | Time:00:01.89 | Mem:0.00M, Peak:0.00M | Scene, ViewLayer | Synchronizing object | Botanical_blade_proxy.025
Fra:451 Mem:709.64M (Peak 793.97M) | Time:00:01.89 | Mem:0.00M, Peak:0.00M | Scene, ViewLayer | Synchronizing object | Botanical_blade_proxy.049
Fra:451 Mem:709.70M (Peak 793.97M) | Time:00:01.89 | Mem:0.00M, Peak:0.00M | Scene, ViewLayer | Synchronizing object | Plant_stem_proxy.025
Fra:451 Mem:709.70M (Peak 793.97M) | Time:00:01.89 | Mem:0.00M, Peak:0.00M | Scene, ViewLayer | Synchronizing object | Botanical_blade_proxy.004
Fra:451 Mem:709.76M (Peak 793.97M) | Time:00:01.89 | Mem:0.00M, Peak:0.00M | Scene, ViewLayer | Synchronizing object | Plant_stem_proxy.003
Fra:451 Mem:709.76M (Peak 793.97M) | Time:00:01.89 | Mem:0.00M, Peak:0.00M | Scene, ViewLayer | Synchronizing object | Botanical_blade_proxy.003
Fra:451 Mem:709.82M (Peak 793.97M) | Time:00:01.89 | Mem:0.00M, Peak:0.00M | Scene, ViewLayer | Synchronizing object | Plant_stem_proxy.002
Fra:451 Mem:709.82M (Peak 793.97M) | Time:00:01.89 | Mem:0.00M, Peak:0.00M | Scene, ViewLayer | Synchronizing object | Botanical_blade_proxy.028
Fra:451 Mem:709.88M (Peak 793.97M) | Time:00:01.89 | Mem:0.00M, Peak:0.00M | Scene, ViewLayer | Synchronizing object | Plant_stem_proxy.049
Fra:451 Mem:709.88M (Peak 793.97M) | Time:00:01.89 | Mem:0.00M, Peak:0.00M | Scene, ViewLayer | Synchronizing object | Plant_stem_proxy.046
Fra:451 Mem:709.89M (Peak 793.97M) | Time:00:01.89 | Mem:0.00M, Peak:0.00M | Scene, ViewLayer | Synchronizing object | Botanical_blade_proxy.027
Fra:451 Mem:709.94M (Peak 793.97M) | Time:00:01.89 | Mem:0.00M, Peak:0.00M | Scene, ViewLayer | Synchronizing object | Botanical_blade_proxy.029
Fra:451 Mem:710.00M (Peak 793.97M) | Time:00:01.89 | Mem:0.00M, Peak:0.00M | Scene, ViewLayer | Synchronizing object | Plant_stem_proxy.048
Fra:451 Mem:710.00M (Peak 793.97M) | Time:00:01.89 | Mem:0.00M, Peak:0.00M | Scene, ViewLayer | Synchronizing object | Plant_stem_proxy.004
Fra:451 Mem:710.01M (Peak 793.97M) | Time:00:01.89 | Mem:0.00M, Peak:0.00M | Scene, ViewLayer | Synchronizing object | Plant_stem_proxy.047
Fra:451 Mem:710.01M (Peak 793.97M) | Time:00:01.89 | Mem:0.00M, Peak:0.00M | Scene, ViewLayer | Synchronizing object | Plant_stem_proxy.027
Fra:451 Mem:710.01M (Peak 793.97M) | Time:00:01.89 | Mem:0.00M, Peak:0.00M | Scene, ViewLayer | Synchronizing object | Plant_stem_proxy.026
Fra:451 Mem:710.02M (Peak 793.97M) | Time:00:01.89 | Mem:0.00M, Peak:0.00M | Scene, ViewLayer | Synchronizing object | Plant_stem_proxy
Fra:451 Mem:710.02M (Peak 793.97M) | Time:00:01.89 | Mem:0.00M, Peak:0.00M | Scene, ViewLayer | Synchronizing object | Botanical_blade_proxy.048
Fra:451 Mem:710.08M (Peak 793.97M) | Time:00:01.89 | Mem:0.00M, Peak:0.00M | Scene, ViewLayer | Synchronizing object | Botanical_blade_proxy.047
Fra:451 Mem:710.13M (Peak 793.97M) | Time:00:01.89 | Mem:0.00M, Peak:0.00M | Scene, ViewLayer | Synchronizing object | Botanical_blade_proxy.046
Fra:451 Mem:710.19M (Peak 793.97M) | Time:00:01.89 | Mem:0.00M, Peak:0.00M | Scene, ViewLayer | Synchronizing object | Plant_stem_proxy.001
Fra:451 Mem:710.19M (Peak 793.97M) | Time:00:01.89 | Mem:0.00M, Peak:0.00M | Scene, ViewLayer | Synchronizing object | Botanical_blade_proxy.002
Fra:451 Mem:710.25M (Peak 793.97M) | Time:00:01.89 | Mem:0.00M, Peak:0.00M | Scene, ViewLayer | Synchronizing object | Botanical_blade_proxy.045
Fra:451 Mem:710.31M (Peak 793.97M) | Time:00:01.89 | Mem:0.00M, Peak:0.00M | Scene, ViewLayer | Synchronizing object | Botanical_blade_proxy.001
Fra:451 Mem:710.36M (Peak 793.97M) | Time:00:01.89 | Mem:0.00M, Peak:0.00M | Scene, ViewLayer | Synchronizing object | Plant_stem_proxy.029
Fra:451 Mem:710.37M (Peak 793.97M) | Time:00:01.89 | Mem:0.00M, Peak:0.00M | Scene, ViewLayer | Synchronizing object | Botanical_blade_proxy
Fra:451 Mem:710.42M (Peak 793.97M) | Time:00:01.89 | Mem:0.00M, Peak:0.00M | Scene, ViewLayer | Synchronizing object | Car_window_horizontal_frame.004
Fra:451 Mem:710.48M (Peak 793.97M) | Time:00:01.90 | Mem:0.00M, Peak:0.00M | Scene, ViewLayer | Synchronizing object | Car_window_pillar
Fra:451 Mem:710.51M (Peak 793.97M) | Time:00:01.90 | Mem:0.00M, Peak:0.00M | Scene, ViewLayer | Synchronizing object | Primary_suspension.007
Fra:451 Mem:710.52M (Peak 793.97M) | Time:00:01.90 | Mem:0.00M, Peak:0.00M | Scene, ViewLayer | Synchronizing object | Primary_suspension.004
Fra:451 Mem:710.52M (Peak 793.97M) | Time:00:01.90 | Mem:0.00M, Peak:0.00M | Scene, ViewLayer | Synchronizing object | Cab_upper_cheek.002
Fra:451 Mem:710.52M (Peak 793.97M) | Time:00:01.90 | Mem:0.00M, Peak:0.00M | Scene, ViewLayer | Synchronizing object | Car_window_horizontal_frame.033
Fra:451 Mem:710.55M (Peak 793.97M) | Time:00:01.90 | Mem:0.00M, Peak:0.00M | Scene, ViewLayer | Synchronizing object | Wheel_flange.001
Fra:451 Mem:710.59M (Peak 793.97M) | Time:00:01.90 | Mem:0.00M, Peak:0.00M | Scene, ViewLayer | Synchronizing object | Cab_cheek.002
Fra:451 Mem:710.56M (Peak 793.97M) | Time:00:01.90 | Mem:0.00M, Peak:0.00M | Scene, ViewLayer | Synchronizing object | Train_headlamp_housing.003
Fra:451 Mem:710.57M (Peak 793.97M) | Time:00:01.90 | Mem:0.00M, Peak:0.00M | Scene, ViewLayer | Synchronizing object | Car_side_window.006
Fra:451 Mem:710.58M (Peak 793.97M) | Time:00:01.90 | Mem:0.00M, Peak:0.00M | Scene, ViewLayer | Synchronizing object | Car_window_horizontal_frame.020
Fra:451 Mem:710.58M (Peak 793.97M) | Time:00:01.90 | Mem:0.00M, Peak:0.00M | Scene, ViewLayer | Synchronizing object | Car_curved_lower_shell.011
Fra:451 Mem:710.61M (Peak 793.97M) | Time:00:01.90 | Mem:0.00M, Peak:0.00M | Scene, ViewLayer | Synchronizing object | Car_window_horizontal_frame.015
Fra:451 Mem:710.63M (Peak 793.97M) | Time:00:01.90 | Mem:0.00M, Peak:0.00M | Scene, ViewLayer | Synchronizing object | Car_curved_lower_shell.013
Fra:451 Mem:710.64M (Peak 793.97M) | Time:00:01.90 | Mem:0.00M, Peak:0.00M | Scene, ViewLayer | Synchronizing object | Car_window_pillar.027
Fra:451 Mem:710.68M (Peak 793.97M) | Time:00:01.90 | Mem:0.00M, Peak:0.00M | Scene, ViewLayer | Synchronizing object | Primary_suspension.001
Fra:451 Mem:710.67M (Peak 793.97M) | Time:00:01.90 | Mem:0.00M, Peak:0.00M | Scene, ViewLayer | Synchronizing object | Door_lower_panel.001
Fra:451 Mem:710.70M (Peak 793.97M) | Time:00:01.90 | Mem:0.00M, Peak:0.00M | Scene, ViewLayer | Synchronizing object | Car_ceiling_light.002
Fra:451 Mem:710.72M (Peak 793.97M) | Time:00:01.90 | Mem:0.00M, Peak:0.00M | Scene, ViewLayer | Synchronizing object | Primary_suspension.003
Fra:451 Mem:710.73M (Peak 793.97M) | Time:00:01.90 | Mem:0.00M, Peak:0.00M | Scene, ViewLayer | Synchronizing object | Car_window_pillar.010
Fra:451 Mem:710.75M (Peak 793.97M) | Time:00:01.90 | Mem:0.00M, Peak:0.00M | Scene, ViewLayer | Synchronizing object | Car_window_pillar.014
Fra:451 Mem:710.80M (Peak 793.97M) | Time:00:01.90 | Mem:0.00M, Peak:0.00M | Scene, ViewLayer | Synchronizing object | Cab_windscreen_mullion.001
Fra:451 Mem:710.78M (Peak 793.97M) | Time:00:01.90 | Mem:0.00M, Peak:0.00M | Scene, ViewLayer | Synchronizing object | Cab_floor_extension
Fra:451 Mem:710.85M (Peak 793.97M) | Time:00:01.90 | Mem:0.00M, Peak:0.00M | Scene, ViewLayer | Synchronizing object | Cab_upper_cheek.001
Fra:451 Mem:710.83M (Peak 793.97M) | Time:00:01.90 | Mem:0.00M, Peak:0.00M | Scene, ViewLayer | Synchronizing object | Car_curved_lower_shell.001
Fra:451 Mem:710.83M (Peak 793.97M) | Time:00:01.90 | Mem:0.00M, Peak:0.00M | Scene, ViewLayer | Synchronizing object | Car_window_pillar.005
Fra:451 Mem:710.84M (Peak 793.97M) | Time:00:01.90 | Mem:0.00M, Peak:0.00M | Scene, ViewLayer | Synchronizing object | Car_side_window.012
Fra:451 Mem:710.87M (Peak 793.97M) | Time:00:01.90 | Mem:0.00M, Peak:0.00M | Scene, ViewLayer | Synchronizing object | Car_window_pillar.019
Fra:451 Mem:710.89M (Peak 793.97M) | Time:00:01.90 | Mem:0.00M, Peak:0.00M | Scene, ViewLayer | Synchronizing object | Car_window_pillar.009
Fra:451 Mem:710.92M (Peak 793.97M) | Time:00:01.90 | Mem:0.00M, Peak:0.00M | Scene, ViewLayer | Synchronizing object | Car_seat_base.002
Fra:451 Mem:710.95M (Peak 793.97M) | Time:00:01.90 | Mem:0.00M, Peak:0.00M | Scene, ViewLayer | Synchronizing object | Cab_complete_roof_loft.001
Fra:451 Mem:710.96M (Peak 793.97M) | Time:00:01.90 | Mem:0.00M, Peak:0.00M | Scene, ViewLayer | Synchronizing object | Primary_suspension.005
Fra:451 Mem:710.97M (Peak 793.97M) | Time:00:01.90 | Mem:0.00M, Peak:0.00M | Scene, ViewLayer | Synchronizing object | Car_window_horizontal_frame.030
Fra:451 Mem:710.97M (Peak 793.97M) | Time:00:01.90 | Mem:0.00M, Peak:0.00M | Scene, ViewLayer | Synchronizing object | Door_vertical_frame.003
Fra:451 Mem:711.14M (Peak 793.97M) | Time:00:01.90 | Mem:0.00M, Peak:0.00M | Scene, ViewLayer | Synchronizing object | Primary_suspension.002
Fra:451 Mem:711.14M (Peak 793.97M) | Time:00:01.90 | Mem:0.00M, Peak:0.00M | Scene, ViewLayer | Synchronizing object | Car_curved_lower_shell.016
Fra:451 Mem:711.15M (Peak 793.97M) | Time:00:01.90 | Mem:0.00M, Peak:0.00M | Scene, ViewLayer | Synchronizing object | Car_window_horizontal_frame.026
Fra:451 Mem:711.15M (Peak 793.97M) | Time:00:01.90 | Mem:0.00M, Peak:0.00M | Scene, ViewLayer | Synchronizing object | Car_window_horizontal_frame.022
Fra:451 Mem:711.23M (Peak 793.97M) | Time:00:01.90 | Mem:0.00M, Peak:0.00M | Scene, ViewLayer | Synchronizing object | Car_seat_base.004
Fra:451 Mem:711.21M (Peak 793.97M) | Time:00:01.90 | Mem:0.00M, Peak:0.00M | Scene, ViewLayer | Synchronizing object | Wheel_tread
Fra:451 Mem:711.25M (Peak 793.97M) | Time:00:01.90 | Mem:0.00M, Peak:0.00M | Scene, ViewLayer | Synchronizing object | Wheel_hub.002
Fra:451 Mem:711.25M (Peak 793.97M) | Time:00:01.90 | Mem:0.00M, Peak:0.00M | Scene, ViewLayer | Synchronizing object | Wheel_hub.003
Fra:451 Mem:711.26M (Peak 793.97M) | Time:00:01.90 | Mem:0.00M, Peak:0.00M | Scene, ViewLayer | Synchronizing object | Car_curved_lower_shell.003
Fra:451 Mem:711.27M (Peak 793.97M) | Time:00:01.90 | Mem:0.00M, Peak:0.00M | Scene, ViewLayer | Synchronizing object | Car_window_horizontal_frame.021
Fra:451 Mem:711.30M (Peak 793.97M) | Time:00:01.90 | Mem:0.00M, Peak:0.00M | Scene, ViewLayer | Synchronizing object | Car_curved_lower_shell.007
Fra:451 Mem:711.30M (Peak 793.97M) | Time:00:01.90 | Mem:0.00M, Peak:0.00M | Scene, ViewLayer | Synchronizing object | Cab_cheek.003
Fra:451 Mem:711.31M (Peak 793.97M) | Time:00:01.90 | Mem:0.00M, Peak:0.00M | Scene, ViewLayer | Synchronizing object | Car_window_horizontal_frame.025
Fra:451 Mem:711.33M (Peak 793.97M) | Time:00:01.90 | Mem:0.00M, Peak:0.00M | Scene, ViewLayer | Synchronizing object | Car_window_horizontal_frame.002
Fra:451 Mem:711.33M (Peak 793.97M) | Time:00:01.90 | Mem:0.00M, Peak:0.00M | Scene, ViewLayer | Synchronizing object | Car_seat_back.001
Fra:451 Mem:711.39M (Peak 793.97M) | Time:00:01.90 | Mem:0.00M, Peak:0.00M | Scene, ViewLayer | Synchronizing object | Primary_suspension.006
Fra:451 Mem:711.41M (Peak 793.97M) | Time:00:01.90 | Mem:0.00M, Peak:0.00M | Scene, ViewLayer | Synchronizing object | Car_waist_trim.002
Fra:451 Mem:711.40M (Peak 793.97M) | Time:00:01.90 | Mem:0.00M, Peak:0.00M | Scene, ViewLayer | Synchronizing object | Door_cross_frame
Fra:451 Mem:711.47M (Peak 793.97M) | Time:00:01.90 | Mem:0.00M, Peak:0.00M | Scene, ViewLayer | Synchronizing object | Car_window_horizontal_frame.032
Fra:451 Mem:711.45M (Peak 793.97M) | Time:00:01.90 | Mem:0.00M, Peak:0.00M | Scene, ViewLayer | Synchronizing object | Rear_luggage_bench
Fra:451 Mem:711.50M (Peak 793.97M) | Time:00:01.90 | Mem:0.00M, Peak:0.00M | Scene, ViewLayer | Synchronizing object | Cab_front_fairing
Fra:451 Mem:711.51M (Peak 793.97M) | Time:00:01.90 | Mem:0.00M, Peak:0.00M | Scene, ViewLayer | Synchronizing object | Car_seat_back
Fra:451 Mem:711.51M (Peak 793.97M) | Time:00:01.90 | Mem:0.00M, Peak:0.00M | Scene, ViewLayer | Synchronizing object | Car_window_pillar.031
Fra:451 Mem:711.59M (Peak 793.97M) | Time:00:01.90 | Mem:0.00M, Peak:0.00M | Scene, ViewLayer | Synchronizing object | Wheel_tread.002
Fra:451 Mem:711.57M (Peak 793.97M) | Time:00:01.90 | Mem:0.00M, Peak:0.00M | Scene, ViewLayer | Synchronizing object | Train_headlamp_housing.001
Fra:451 Mem:711.58M (Peak 793.97M) | Time:00:01.90 | Mem:0.00M, Peak:0.00M | Scene, ViewLayer | Synchronizing object | Car_side_window.010
Fra:451 Mem:711.58M (Peak 793.97M) | Time:00:01.90 | Mem:0.00M, Peak:0.00M | Scene, ViewLayer | Synchronizing object | Car_window_horizontal_frame.014
Fra:451 Mem:711.59M (Peak 793.97M) | Time:00:01.90 | Mem:0.00M, Peak:0.00M | Scene, ViewLayer | Synchronizing object | Door_glazing
Fra:451 Mem:711.62M (Peak 793.97M) | Time:00:01.90 | Mem:0.00M, Peak:0.00M | Scene, ViewLayer | Synchronizing object | Car_curved_lower_shell.005
Fra:451 Mem:711.62M (Peak 793.97M) | Time:00:01.90 | Mem:0.00M, Peak:0.00M | Scene, ViewLayer | Synchronizing object | Car_ceiling_light.001
Fra:451 Mem:711.64M (Peak 793.97M) | Time:00:01.90 | Mem:0.00M, Peak:0.00M | Scene, ViewLayer | Synchronizing object | Wheel_flange.006
Fra:451 Mem:711.66M (Peak 793.97M) | Time:00:01.90 | Mem:0.00M, Peak:0.00M | Scene, ViewLayer | Synchronizing object | Car_window_horizontal_frame.009
Fra:451 Mem:711.69M (Peak 793.97M) | Time:00:01.90 | Mem:0.00M, Peak:0.00M | Scene, ViewLayer | Synchronizing object | Car_window_horizontal_frame.013
Fra:451 Mem:711.71M (Peak 793.97M) | Time:00:01.90 | Mem:0.00M, Peak:0.00M | Scene, ViewLayer | Synchronizing object | Cab_cheek
Fra:451 Mem:711.73M (Peak 793.97M) | Time:00:01.90 | Mem:0.00M, Peak:0.00M | Scene, ViewLayer | Synchronizing object | Cab_windscreen_mullion
Fra:451 Mem:711.72M (Peak 793.97M) | Time:00:01.90 | Mem:0.00M, Peak:0.00M | Scene, ViewLayer | Synchronizing object | Car_window_pillar.018
Fra:451 Mem:711.78M (Peak 793.97M) | Time:00:01.90 | Mem:0.00M, Peak:0.00M | Scene, ViewLayer | Synchronizing object | Wheel_hub.004
Fra:451 Mem:711.77M (Peak 793.97M) | Time:00:01.90 | Mem:0.00M, Peak:0.00M | Scene, ViewLayer | Synchronizing object | Car_curved_lower_shell.014
Fra:451 Mem:711.77M (Peak 793.97M) | Time:00:01.90 | Mem:0.00M, Peak:0.00M | Scene, ViewLayer | Synchronizing object | Car_inner_wainscot.002
Fra:451 Mem:711.78M (Peak 793.97M) | Time:00:01.90 | Mem:0.00M, Peak:0.00M | Scene, ViewLayer | Synchronizing object | Car_seat_back.008
Fra:451 Mem:711.85M (Peak 793.97M) | Time:00:01.90 | Mem:0.00M, Peak:0.00M | Scene, ViewLayer | Synchronizing object | Car_waist_trim.001
Fra:451 Mem:711.83M (Peak 793.97M) | Time:00:01.90 | Mem:0.00M, Peak:0.00M | Scene, ViewLayer | Synchronizing object | Car_window_pillar.004
Fra:451 Mem:711.89M (Peak 793.97M) | Time:00:01.90 | Mem:0.00M, Peak:0.00M | Scene, ViewLayer | Synchronizing object | Car_window_pillar.012
Fra:451 Mem:711.89M (Peak 793.97M) | Time:00:01.90 | Mem:0.00M, Peak:0.00M | Scene, ViewLayer | Synchronizing object | Car_window_pillar.008
Fra:451 Mem:711.94M (Peak 793.97M) | Time:00:01.90 | Mem:0.00M, Peak:0.00M | Scene, ViewLayer | Synchronizing object | Cab_side_glass.003
Fra:451 Mem:711.93M (Peak 793.97M) | Time:00:01.90 | Mem:0.00M, Peak:0.00M | Scene, ViewLayer | Synchronizing object | Cab_side_glass.002
Fra:451 Mem:711.94M (Peak 793.97M) | Time:00:01.90 | Mem:0.00M, Peak:0.00M | Scene, ViewLayer | Synchronizing object | Car_window_pillar.020
Fra:451 Mem:711.97M (Peak 793.97M) | Time:00:01.90 | Mem:0.00M, Peak:0.00M | Scene, ViewLayer | Synchronizing object | Train_headlamp_lens.003
Fra:451 Mem:711.98M (Peak 793.97M) | Time:00:01.90 | Mem:0.00M, Peak:0.00M | Scene, ViewLayer | Synchronizing object | Car_seat_back.007
Fra:451 Mem:712.01M (Peak 793.97M) | Time:00:01.90 | Mem:0.00M, Peak:0.00M | Scene, ViewLayer | Synchronizing object | Door_cross_frame.001
Fra:451 Mem:712.04M (Peak 793.97M) | Time:00:01.90 | Mem:0.00M, Peak:0.00M | Scene, ViewLayer | Synchronizing object | Car_window_horizontal_frame.007
Fra:451 Mem:712.06M (Peak 793.97M) | Time:00:01.90 | Mem:0.00M, Peak:0.00M | Scene, ViewLayer | Synchronizing object | Car_side_window.011
Fra:451 Mem:712.07M (Peak 793.97M) | Time:00:01.90 | Mem:0.00M, Peak:0.00M | Scene, ViewLayer | Synchronizing object | Car_seat_back.009
Fra:451 Mem:712.10M (Peak 793.97M) | Time:00:01.90 | Mem:0.00M, Peak:0.00M | Scene, ViewLayer | Synchronizing object | Car_side_window.013
Fra:451 Mem:712.10M (Peak 793.97M) | Time:00:01.90 | Mem:0.00M, Peak:0.00M | Scene, ViewLayer | Synchronizing object | Bogie_side_frame.001
Fra:451 Mem:712.13M (Peak 793.97M) | Time:00:01.90 | Mem:0.00M, Peak:0.00M | Scene, ViewLayer | Synchronizing object | Wheel_flange.007
Fra:451 Mem:712.14M (Peak 793.97M) | Time:00:01.90 | Mem:0.00M, Peak:0.00M | Scene, ViewLayer | Synchronizing object | Car_seat_back.006
Fra:451 Mem:712.17M (Peak 793.97M) | Time:00:01.90 | Mem:0.00M, Peak:0.00M | Scene, ViewLayer | Synchronizing object | Cab_front_glass
Fra:451 Mem:712.19M (Peak 793.97M) | Time:00:01.90 | Mem:0.00M, Peak:0.00M | Scene, ViewLayer | Synchronizing object | Car_curved_lower_shell.009
Fra:451 Mem:712.19M (Peak 793.97M) | Time:00:01.90 | Mem:0.00M, Peak:0.00M | Scene, ViewLayer | Synchronizing object | Wheel_hub.005
Fra:451 Mem:712.20M (Peak 793.97M) | Time:00:01.90 | Mem:0.00M, Peak:0.00M | Scene, ViewLayer | Synchronizing object | Car_window_horizontal_frame.028
Fra:451 Mem:712.24M (Peak 793.97M) | Time:00:01.90 | Mem:0.00M, Peak:0.00M | Scene, ViewLayer | Synchronizing object | Car_side_window.001
Fra:451 Mem:712.24M (Peak 793.97M) | Time:00:01.90 | Mem:0.00M, Peak:0.00M | Scene, ViewLayer | Synchronizing object | Train_headlamp_housing.002
Fra:451 Mem:712.25M (Peak 793.97M) | Time:00:01.90 | Mem:0.00M, Peak:0.00M | Scene, ViewLayer | Synchronizing object | Car_seat_cushion.001
Fra:451 Mem:712.28M (Peak 793.97M) | Time:00:01.90 | Mem:0.00M, Peak:0.00M | Scene, ViewLayer | Synchronizing object | Car_curved_lower_shell.002
Fra:451 Mem:712.28M (Peak 793.97M) | Time:00:01.90 | Mem:0.00M, Peak:0.00M | Scene, ViewLayer | Synchronizing object | Car_window_pillar.013
Fra:451 Mem:712.31M (Peak 793.97M) | Time:00:01.90 | Mem:0.00M, Peak:0.00M | Scene, ViewLayer | Synchronizing object | Car_seat_back.005
Fra:451 Mem:712.34M (Peak 793.97M) | Time:00:01.90 | Mem:0.00M, Peak:0.00M | Scene, ViewLayer | Synchronizing object | Car_curved_lower_shell.004
Fra:451 Mem:712.34M (Peak 793.97M) | Time:00:01.90 | Mem:0.00M, Peak:0.00M | Scene, ViewLayer | Synchronizing object | Door_vertical_frame
Fra:451 Mem:712.37M (Peak 793.97M) | Time:00:01.90 | Mem:0.00M, Peak:0.00M | Scene, ViewLayer | Synchronizing object | Car_inner_wainscot
Fra:451 Mem:712.41M (Peak 793.97M) | Time:00:01.90 | Mem:0.00M, Peak:0.00M | Scene, ViewLayer | Synchronizing object | Car_side_window.016
Fra:451 Mem:712.41M (Peak 793.97M) | Time:00:01.90 | Mem:0.00M, Peak:0.00M | Scene, ViewLayer | Synchronizing object | Cab_driver_seat
Fra:451 Mem:712.44M (Peak 793.97M) | Time:00:01.90 | Mem:0.00M, Peak:0.00M | Scene, ViewLayer | Synchronizing object | Car_seat_back.004
Fra:451 Mem:712.47M (Peak 793.97M) | Time:00:01.90 | Mem:0.00M, Peak:0.00M | Scene, ViewLayer | Synchronizing object | Cab_side_glass
Fra:451 Mem:712.47M (Peak 793.97M) | Time:00:01.90 | Mem:0.00M, Peak:0.00M | Scene, ViewLayer | Synchronizing object | Car_seat_cushion
Fra:451 Mem:712.50M (Peak 793.97M) | Time:00:01.90 | Mem:0.00M, Peak:0.00M | Scene, ViewLayer | Synchronizing object | Car_window_pillar.030
Fra:451 Mem:712.54M (Peak 793.97M) | Time:00:01.90 | Mem:0.00M, Peak:0.00M | Scene, ViewLayer | Synchronizing object | Wheel_flange
Fra:451 Mem:712.55M (Peak 793.97M) | Time:00:01.90 | Mem:0.00M, Peak:0.00M | Scene, ViewLayer | Synchronizing object | Car_window_horizontal_frame.018
Fra:451 Mem:712.58M (Peak 793.97M) | Time:00:01.90 | Mem:0.00M, Peak:0.00M | Scene, ViewLayer | Synchronizing object | Car_side_window.003
Fra:451 Mem:712.58M (Peak 793.97M) | Time:00:01.90 | Mem:0.00M, Peak:0.00M | Scene, ViewLayer | Synchronizing object | Car_window_pillar.025
Fra:451 Mem:712.61M (Peak 793.97M) | Time:00:01.90 | Mem:0.00M, Peak:0.00M | Scene, ViewLayer | Synchronizing object | Car_window_pillar.021
Fra:451 Mem:712.64M (Peak 793.97M) | Time:00:01.90 | Mem:0.00M, Peak:0.00M | Scene, ViewLayer | Synchronizing object | Car_side_window.007
Fra:451 Mem:712.64M (Peak 793.97M) | Time:00:01.90 | Mem:0.00M, Peak:0.00M | Scene, ViewLayer | Synchronizing object | Car_seat_back.003
Fra:451 Mem:712.67M (Peak 793.97M) | Time:00:01.90 | Mem:0.00M, Peak:0.00M | Scene, ViewLayer | Synchronizing object | Cab_upper_cheek.003
Fra:451 Mem:712.67M (Peak 793.97M) | Time:00:01.90 | Mem:0.00M, Peak:0.00M | Scene, ViewLayer | Synchronizing object | Bogie_side_frame.003
Fra:451 Mem:712.70M (Peak 793.97M) | Time:00:01.90 | Mem:0.00M, Peak:0.00M | Scene, ViewLayer | Synchronizing object | Car_ceiling_light
Fra:451 Mem:712.73M (Peak 793.97M) | Time:00:01.90 | Mem:0.00M, Peak:0.00M | Scene, ViewLayer | Synchronizing object | Door_glazing.001
Fra:451 Mem:712.73M (Peak 793.97M) | Time:00:01.90 | Mem:0.00M, Peak:0.00M | Scene, ViewLayer | Synchronizing object | Car_window_horizontal_frame.008
Fra:451 Mem:712.76M (Peak 793.97M) | Time:00:01.90 | Mem:0.00M, Peak:0.00M | Scene, ViewLayer | Synchronizing object | Car_window_horizontal_frame.012
Fra:451 Mem:712.79M (Peak 793.97M) | Time:00:01.90 | Mem:0.00M, Peak:0.00M | Scene, ViewLayer | Synchronizing object | Car_window_horizontal_frame.017
Fra:451 Mem:712.82M (Peak 793.97M) | Time:00:01.90 | Mem:0.00M, Peak:0.00M | Scene, ViewLayer | Synchronizing object | Car_seat_cushion.009
Fra:451 Mem:712.85M (Peak 793.97M) | Time:00:01.90 | Mem:0.00M, Peak:0.00M | Scene, ViewLayer | Synchronizing object | Car_window_horizontal_frame.011
Fra:451 Mem:712.88M (Peak 793.97M) | Time:00:01.90 | Mem:0.00M, Peak:0.00M | Scene, ViewLayer | Synchronizing object | Car_floor
Fra:451 Mem:712.92M (Peak 793.97M) | Time:00:01.90 | Mem:0.00M, Peak:0.00M | Scene, ViewLayer | Synchronizing object | Car_seat_cushion.008
Fra:451 Mem:712.94M (Peak 793.97M) | Time:00:01.90 | Mem:0.00M, Peak:0.00M | Scene, ViewLayer | Synchronizing object | Car_window_horizontal_frame.023
Fra:451 Mem:712.97M (Peak 793.97M) | Time:00:01.90 | Mem:0.00M, Peak:0.00M | Scene, ViewLayer | Synchronizing object | Cab_front_fairing.001
Fra:451 Mem:712.99M (Peak 793.97M) | Time:00:01.90 | Mem:0.00M, Peak:0.00M | Scene, ViewLayer | Synchronizing object | Car_curved_lower_shell.015
Fra:451 Mem:712.99M (Peak 793.97M) | Time:00:01.90 | Mem:0.00M, Peak:0.00M | Scene, ViewLayer | Synchronizing object | Car_waist_trim
Fra:451 Mem:713.02M (Peak 793.97M) | Time:00:01.90 | Mem:0.00M, Peak:0.00M | Scene, ViewLayer | Synchronizing object | Car_underframe
Fra:451 Mem:713.05M (Peak 793.97M) | Time:00:01.90 | Mem:0.00M, Peak:0.00M | Scene, ViewLayer | Synchronizing object | Car_window_pillar.003
Fra:451 Mem:713.08M (Peak 793.97M) | Time:00:01.90 | Mem:0.00M, Peak:0.00M | Scene, ViewLayer | Synchronizing object | Car_window_horizontal_frame.019
Fra:451 Mem:713.11M (Peak 793.97M) | Time:00:01.90 | Mem:0.00M, Peak:0.00M | Scene, ViewLayer | Synchronizing object | Car_window_pillar.006
Fra:451 Mem:713.14M (Peak 793.97M) | Time:00:01.90 | Mem:0.00M, Peak:0.00M | Scene, ViewLayer | Synchronizing object | Car_seat_cushion.007
Fra:451 Mem:713.17M (Peak 793.97M) | Time:00:01.90 | Mem:0.00M, Peak:0.00M | Scene, ViewLayer | Synchronizing object | Car_window_horizontal_frame.006
Fra:451 Mem:713.20M (Peak 793.97M) | Time:00:01.90 | Mem:0.00M, Peak:0.00M | Scene, ViewLayer | Synchronizing object | Car_window_pillar.035
Fra:451 Mem:713.27M (Peak 793.97M) | Time:00:01.90 | Mem:0.00M, Peak:0.00M | Scene, ViewLayer | Synchronizing object | Door_vertical_frame.001
Fra:451 Mem:713.30M (Peak 793.97M) | Time:00:01.90 | Mem:0.00M, Peak:0.00M | Scene, ViewLayer | Synchronizing object | Wheel_flange.002
Fra:451 Mem:713.31M (Peak 793.97M) | Time:00:01.90 | Mem:0.00M, Peak:0.00M | Scene, ViewLayer | Synchronizing object | Wheel_hub.001
Fra:451 Mem:713.32M (Peak 793.97M) | Time:00:01.90 | Mem:0.00M, Peak:0.00M | Scene, ViewLayer | Synchronizing object | Wheel_hub.006
Fra:451 Mem:713.33M (Peak 793.97M) | Time:00:01.90 | Mem:0.00M, Peak:0.00M | Scene, ViewLayer | Synchronizing object | Car_seat_cushion.006
Fra:451 Mem:713.36M (Peak 793.97M) | Time:00:01.90 | Mem:0.00M, Peak:0.00M | Scene, ViewLayer | Synchronizing object | Cab_upper_cheek
Fra:451 Mem:713.36M (Peak 793.97M) | Time:00:01.90 | Mem:0.00M, Peak:0.00M | Scene, ViewLayer | Synchronizing object | Wheel_tread.005
Fra:451 Mem:713.37M (Peak 793.97M) | Time:00:01.90 | Mem:0.00M, Peak:0.00M | Scene, ViewLayer | Synchronizing object | Wheel_tread.003
Fra:451 Mem:713.38M (Peak 793.97M) | Time:00:01.90 | Mem:0.00M, Peak:0.00M | Scene, ViewLayer | Synchronizing object | Car_side_window.014
Fra:451 Mem:713.39M (Peak 793.97M) | Time:00:01.90 | Mem:0.00M, Peak:0.00M | Scene, ViewLayer | Synchronizing object | Train_headlamp_housing
Fra:451 Mem:713.40M (Peak 793.97M) | Time:00:01.90 | Mem:0.00M, Peak:0.00M | Scene, ViewLayer | Synchronizing object | Cab_control_console
Fra:451 Mem:713.43M (Peak 793.97M) | Time:00:01.91 | Mem:0.00M, Peak:0.00M | Scene, ViewLayer | Synchronizing object | Cab_buffer_beam.001
Fra:451 Mem:713.46M (Peak 793.97M) | Time:00:01.91 | Mem:0.00M, Peak:0.00M | Scene, ViewLayer | Synchronizing object | Car_seat_base.001
Fra:451 Mem:713.49M (Peak 793.97M) | Time:00:01.91 | Mem:0.00M, Peak:0.00M | Scene, ViewLayer | Synchronizing object | Car_curved_lower_shell.008
Fra:451 Mem:713.49M (Peak 793.97M) | Time:00:01.91 | Mem:0.00M, Peak:0.00M | Scene, ViewLayer | Synchronizing object | Car_door_threshold
Fra:451 Mem:713.52M (Peak 793.97M) | Time:00:01.91 | Mem:0.00M, Peak:0.00M | Scene, ViewLayer | Synchronizing object | Car_seat_cushion.005
Fra:451 Mem:713.55M (Peak 793.97M) | Time:00:01.91 | Mem:0.00M, Peak:0.00M | Scene, ViewLayer | Synchronizing object | Wheel_flange.005
Fra:451 Mem:713.56M (Peak 793.97M) | Time:00:01.91 | Mem:0.00M, Peak:0.00M | Scene, ViewLayer | Synchronizing object | Cab_front_fairing.002
Fra:451 Mem:713.58M (Peak 793.97M) | Time:00:01.91 | Mem:0.00M, Peak:0.00M | Scene, ViewLayer | Synchronizing object | Axle.003
Fra:451 Mem:713.59M (Peak 793.97M) | Time:00:01.91 | Mem:0.00M, Peak:0.00M | Scene, ViewLayer | Synchronizing object | Car_seat_cushion.004
Fra:451 Mem:713.62M (Peak 793.97M) | Time:00:01.91 | Mem:0.00M, Peak:0.00M | Scene, ViewLayer | Synchronizing object | Car_seat_base
Fra:451 Mem:713.65M (Peak 793.97M) | Time:00:01.91 | Mem:0.00M, Peak:0.00M | Scene, ViewLayer | Synchronizing object | Car_window_horizontal_frame.029
Fra:451 Mem:713.68M (Peak 793.97M) | Time:00:01.91 | Mem:0.00M, Peak:0.00M | Scene, ViewLayer | Synchronizing object | Car_seat_back.002
Fra:451 Mem:713.71M (Peak 793.97M) | Time:00:01.91 | Mem:0.00M, Peak:0.00M | Scene, ViewLayer | Synchronizing object | Car_side_window
Fra:451 Mem:713.71M (Peak 793.97M) | Time:00:01.91 | Mem:0.00M, Peak:0.00M | Scene, ViewLayer | Synchronizing object | Wheel_tread.004
Fra:451 Mem:713.72M (Peak 793.97M) | Time:00:01.91 | Mem:0.00M, Peak:0.00M | Scene, ViewLayer | Synchronizing object | Wheel_tread.001
Fra:451 Mem:713.74M (Peak 793.97M) | Time:00:01.91 | Mem:0.00M, Peak:0.00M | Scene, ViewLayer | Synchronizing object | Bogie_side_frame
Fra:451 Mem:713.77M (Peak 793.97M) | Time:00:01.91 | Mem:0.00M, Peak:0.00M | Scene, ViewLayer | Synchronizing object | Car_window_pillar.032
Fra:451 Mem:713.80M (Peak 793.97M) | Time:00:01.91 | Mem:0.00M, Peak:0.00M | Scene, ViewLayer | Synchronizing object | Door_cross_frame.003
Fra:451 Mem:713.83M (Peak 793.97M) | Time:00:01.91 | Mem:0.00M, Peak:0.00M | Scene, ViewLayer | Synchronizing object | Wheel_hub.007
Fra:451 Mem:713.83M (Peak 793.97M) | Time:00:01.91 | Mem:0.00M, Peak:0.00M | Scene, ViewLayer | Synchronizing object | Car_window_pillar.028
Fra:451 Mem:713.86M (Peak 793.97M) | Time:00:01.91 | Mem:0.00M, Peak:0.00M | Scene, ViewLayer | Synchronizing object | Cab_complete_roof_loft
Fra:451 Mem:713.88M (Peak 793.97M) | Time:00:01.91 | Mem:0.00M, Peak:0.00M | Scene, ViewLayer | Synchronizing object | Car_seat_cushion.003
Fra:451 Mem:713.91M (Peak 793.97M) | Time:00:01.91 | Mem:0.00M, Peak:0.00M | Scene, ViewLayer | Synchronizing object | Car_side_window.009
Fra:451 Mem:713.91M (Peak 793.97M) | Time:00:01.91 | Mem:0.00M, Peak:0.00M | Scene, ViewLayer | Synchronizing object | Car_window_horizontal_frame.001
Fra:451 Mem:713.94M (Peak 793.97M) | Time:00:01.91 | Mem:0.00M, Peak:0.00M | Scene, ViewLayer | Synchronizing object | Car_seat_base.009
Fra:451 Mem:713.97M (Peak 793.97M) | Time:00:01.91 | Mem:0.00M, Peak:0.00M | Scene, ViewLayer | Synchronizing object | Bogie_side_frame.002
Fra:451 Mem:714.00M (Peak 793.97M) | Time:00:01.91 | Mem:0.00M, Peak:0.00M | Scene, ViewLayer | Synchronizing object | Train_headlamp_lens.002
Fra:451 Mem:714.02M (Peak 793.97M) | Time:00:01.91 | Mem:0.00M, Peak:0.00M | Scene, ViewLayer | Synchronizing object | Car_curved_lower_shell.006
Fra:451 Mem:714.02M (Peak 793.97M) | Time:00:01.91 | Mem:0.00M, Peak:0.00M | Scene, ViewLayer | Synchronizing object | Car_side_window.002
Fra:451 Mem:714.02M (Peak 793.97M) | Time:00:01.91 | Mem:0.00M, Peak:0.00M | Scene, ViewLayer | Synchronizing object | Car_window_horizontal_frame.016
Fra:451 Mem:714.03M (Peak 793.97M) | Time:00:01.91 | Mem:0.00M, Peak:0.00M | Scene, ViewLayer | Synchronizing object | Car_window_pillar.023
Fra:451 Mem:729.60M (Peak 793.97M) | Time:00:01.91 | Mem:0.00M, Peak:0.00M | Scene, ViewLayer | Synchronizing object | Car_side_window.004
Fra:451 Mem:729.60M (Peak 793.97M) | Time:00:01.91 | Mem:0.00M, Peak:0.00M | Scene, ViewLayer | Synchronizing object | Car_window_horizontal_frame.010
Fra:451 Mem:729.63M (Peak 793.97M) | Time:00:01.91 | Mem:0.00M, Peak:0.00M | Scene, ViewLayer | Synchronizing object | Car_seat_base.008
Fra:451 Mem:729.66M (Peak 793.97M) | Time:00:01.91 | Mem:0.00M, Peak:0.00M | Scene, ViewLayer | Synchronizing object | Cab_cheek.001
Fra:451 Mem:729.66M (Peak 793.97M) | Time:00:01.91 | Mem:0.00M, Peak:0.00M | Scene, ViewLayer | Synchronizing object | Car_window_pillar.017
Fra:451 Mem:729.69M (Peak 793.97M) | Time:00:01.91 | Mem:0.00M, Peak:0.00M | Scene, ViewLayer | Synchronizing object | Car_window_pillar.002
Fra:451 Mem:733.54M (Peak 793.97M) | Time:00:01.91 | Mem:0.00M, Peak:0.00M | Scene, ViewLayer | Synchronizing object | Wheel_hub
Fra:451 Mem:733.54M (Peak 793.97M) | Time:00:01.91 | Mem:0.00M, Peak:0.00M | Scene, ViewLayer | Synchronizing object | Car_window_horizontal_frame.005
Fra:451 Mem:733.57M (Peak 793.97M) | Time:00:01.91 | Mem:0.00M, Peak:0.00M | Scene, ViewLayer | Synchronizing object | Car_window_pillar.001
Fra:451 Mem:733.60M (Peak 793.97M) | Time:00:01.91 | Mem:0.00M, Peak:0.00M | Scene, ViewLayer | Synchronizing object | Car_seat_base.007
Fra:451 Mem:733.64M (Peak 793.97M) | Time:00:01.91 | Mem:0.00M, Peak:0.00M | Scene, ViewLayer | Synchronizing object | Door_lower_panel
Fra:451 Mem:733.67M (Peak 793.97M) | Time:00:01.91 | Mem:0.00M, Peak:0.00M | Scene, ViewLayer | Synchronizing object | Car_curved_lower_shell.012
Fra:451 Mem:733.67M (Peak 793.97M) | Time:00:01.91 | Mem:0.00M, Peak:0.00M | Scene, ViewLayer | Synchronizing object | Cab_front_glass.001
Fra:451 Mem:733.69M (Peak 793.97M) | Time:00:01.91 | Mem:0.00M, Peak:0.00M | Scene, ViewLayer | Synchronizing object | Car_window_pillar.034
Fra:451 Mem:733.72M (Peak 793.97M) | Time:00:01.91 | Mem:0.00M, Peak:0.00M | Scene, ViewLayer | Synchronizing object | Wheel_flange.003
Fra:451 Mem:733.73M (Peak 793.97M) | Time:00:01.91 | Mem:0.00M, Peak:0.00M | Scene, ViewLayer | Synchronizing object | Car_seat_base.006
Fra:451 Mem:733.76M (Peak 793.97M) | Time:00:01.91 | Mem:0.00M, Peak:0.00M | Scene, ViewLayer | Synchronizing object | Car_window_pillar.033
Fra:451 Mem:733.79M (Peak 793.97M) | Time:00:01.91 | Mem:0.00M, Peak:0.00M | Scene, ViewLayer | Synchronizing object | Car_complete_barrel_roof
Fra:451 Mem:733.83M (Peak 793.97M) | Time:00:01.91 | Mem:0.00M, Peak:0.00M | Scene, ViewLayer | Synchronizing object | Car_window_pillar.016
Fra:451 Mem:733.86M (Peak 793.97M) | Time:00:01.91 | Mem:0.00M, Peak:0.00M | Scene, ViewLayer | Synchronizing object | Axle
Fra:451 Mem:733.86M (Peak 793.97M) | Time:00:01.91 | Mem:0.00M, Peak:0.00M | Scene, ViewLayer | Synchronizing object | Door_vertical_frame.002
Fra:451 Mem:733.89M (Peak 793.97M) | Time:00:01.91 | Mem:0.00M, Peak:0.00M | Scene, ViewLayer | Synchronizing object | Car_ceiling_light.003
Fra:451 Mem:733.92M (Peak 793.97M) | Time:00:01.91 | Mem:0.00M, Peak:0.00M | Scene, ViewLayer | Synchronizing object | Car_curved_lower_shell
Fra:451 Mem:733.92M (Peak 793.97M) | Time:00:01.91 | Mem:0.00M, Peak:0.00M | Scene, ViewLayer | Synchronizing object | Car_window_pillar.011
Fra:451 Mem:733.95M (Peak 793.97M) | Time:00:01.91 | Mem:0.00M, Peak:0.00M | Scene, ViewLayer | Synchronizing object | Car_window_pillar.015
Fra:451 Mem:733.98M (Peak 793.97M) | Time:00:01.91 | Mem:0.00M, Peak:0.00M | Scene, ViewLayer | Synchronizing object | Cab_floor_extension.001
Fra:451 Mem:740.40M (Peak 793.97M) | Time:00:01.91 | Mem:0.00M, Peak:0.00M | Scene, ViewLayer | Synchronizing object | Car_seat_base.005
Fra:451 Mem:740.44M (Peak 793.97M) | Time:00:01.91 | Mem:0.00M, Peak:0.00M | Scene, ViewLayer | Synchronizing object | Car_window_pillar.024
Fra:451 Mem:740.47M (Peak 793.97M) | Time:00:01.91 | Mem:0.00M, Peak:0.00M | Scene, ViewLayer | Synchronizing object | Car_side_window.015
Fra:451 Mem:740.47M (Peak 793.97M) | Time:00:01.91 | Mem:0.00M, Peak:0.00M | Scene, ViewLayer | Synchronizing object | Train_headlamp_lens.001
Fra:451 Mem:740.48M (Peak 793.97M) | Time:00:01.91 | Mem:0.00M, Peak:0.00M | Scene, ViewLayer | Synchronizing object | Axle.002
Fra:451 Mem:740.48M (Peak 793.97M) | Time:00:01.91 | Mem:0.00M, Peak:0.00M | Scene, ViewLayer | Synchronizing object | Car_window_horizontal_frame.024
Fra:451 Mem:740.51M (Peak 793.97M) | Time:00:01.91 | Mem:0.00M, Peak:0.00M | Scene, ViewLayer | Synchronizing object | Car_seat_cushion.002
Fra:451 Mem:740.57M (Peak 793.97M) | Time:00:01.91 | Mem:0.00M, Peak:0.00M | Scene, ViewLayer | Synchronizing object | Bogie_cross_frame
Fra:451 Mem:740.60M (Peak 793.97M) | Time:00:01.91 | Mem:0.00M, Peak:0.00M | Scene, ViewLayer | Synchronizing object | Car_window_horizontal_frame.031
Fra:451 Mem:740.63M (Peak 793.97M) | Time:00:01.91 | Mem:0.00M, Peak:0.00M | Scene, ViewLayer | Synchronizing object | Door_cross_frame.002
Fra:451 Mem:740.65M (Peak 793.97M) | Time:00:01.91 | Mem:0.00M, Peak:0.00M | Scene, ViewLayer | Synchronizing object | Wheel_tread.007
Fra:451 Mem:740.67M (Peak 793.97M) | Time:00:01.91 | Mem:0.00M, Peak:0.00M | Scene, ViewLayer | Synchronizing object | Car_window_horizontal_frame.027
Fra:451 Mem:740.70M (Peak 793.97M) | Time:00:01.91 | Mem:0.00M, Peak:0.00M | Scene, ViewLayer | Synchronizing object | Cab_side_glass.001
Fra:451 Mem:740.70M (Peak 793.97M) | Time:00:01.91 | Mem:0.00M, Peak:0.00M | Scene, ViewLayer | Synchronizing object | Car_seat_base.003
Fra:451 Mem:740.73M (Peak 793.97M) | Time:00:01.91 | Mem:0.00M, Peak:0.00M | Scene, ViewLayer | Synchronizing object | Car_window_horizontal_frame
Fra:451 Mem:740.76M (Peak 793.97M) | Time:00:01.91 | Mem:0.00M, Peak:0.00M | Scene, ViewLayer | Synchronizing object | Axle.001
Fra:451 Mem:740.77M (Peak 793.97M) | Time:00:01.91 | Mem:0.00M, Peak:0.00M | Scene, ViewLayer | Synchronizing object | Train_headlamp_lens
Fra:451 Mem:740.78M (Peak 793.97M) | Time:00:01.91 | Mem:0.00M, Peak:0.00M | Scene, ViewLayer | Synchronizing object | Bogie_cross_frame.001
Fra:451 Mem:740.81M (Peak 793.97M) | Time:00:01.91 | Mem:0.00M, Peak:0.00M | Scene, ViewLayer | Synchronizing object | Car_side_window.008
Fra:451 Mem:740.81M (Peak 793.97M) | Time:00:01.91 | Mem:0.00M, Peak:0.00M | Scene, ViewLayer | Synchronizing object | Car_curved_lower_shell.010
Fra:451 Mem:740.82M (Peak 793.97M) | Time:00:01.91 | Mem:0.00M, Peak:0.00M | Scene, ViewLayer | Synchronizing object | Car_window_pillar.022
Fra:451 Mem:740.85M (Peak 793.97M) | Time:00:01.91 | Mem:0.00M, Peak:0.00M | Scene, ViewLayer | Synchronizing object | Cab_front_fairing.003
Fra:451 Mem:740.86M (Peak 793.97M) | Time:00:01.91 | Mem:0.00M, Peak:0.00M | Scene, ViewLayer | Synchronizing object | Car_window_pillar.026
Fra:451 Mem:740.89M (Peak 793.97M) | Time:00:01.91 | Mem:0.00M, Peak:0.00M | Scene, ViewLayer | Synchronizing object | Cab_buffer_beam
Fra:451 Mem:740.92M (Peak 793.97M) | Time:00:01.91 | Mem:0.00M, Peak:0.00M | Scene, ViewLayer | Synchronizing object | Wheel_tread.006
Fra:451 Mem:740.93M (Peak 793.97M) | Time:00:01.91 | Mem:0.00M, Peak:0.00M | Scene, ViewLayer | Synchronizing object | Car_window_horizontal_frame.003
Fra:451 Mem:740.96M (Peak 793.97M) | Time:00:01.91 | Mem:0.00M, Peak:0.00M | Scene, ViewLayer | Synchronizing object | Wheel_flange.004
Fra:451 Mem:740.97M (Peak 793.97M) | Time:00:01.91 | Mem:0.00M, Peak:0.00M | Scene, ViewLayer | Synchronizing object | Car_window_pillar.029
Fra:451 Mem:740.99M (Peak 793.97M) | Time:00:01.91 | Mem:0.00M, Peak:0.00M | Scene, ViewLayer | Synchronizing object | Primary_suspension
Fra:451 Mem:741.00M (Peak 793.97M) | Time:00:01.91 | Mem:0.00M, Peak:0.00M | Scene, ViewLayer | Synchronizing object | Car_side_window.005
Fra:451 Mem:741.00M (Peak 793.97M) | Time:00:01.91 | Mem:0.00M, Peak:0.00M | Scene, ViewLayer | Synchronizing object | G3_glass_retaining_clip
Fra:451 Mem:741.03M (Peak 793.97M) | Time:00:01.91 | Mem:0.00M, Peak:0.00M | Scene, ViewLayer | Synchronizing object | G3_clip_slotted_fastener
Fra:451 Mem:741.04M (Peak 793.97M) | Time:00:01.91 | Mem:0.00M, Peak:0.00M | Scene, ViewLayer | Synchronizing object | G3_glass_retaining_clip.001
Fra:451 Mem:741.06M (Peak 793.97M) | Time:00:01.91 | Mem:0.00M, Peak:0.00M | Scene, ViewLayer | Synchronizing object | G3_clip_slotted_fastener.001
Fra:451 Mem:741.07M (Peak 793.97M) | Time:00:01.91 | Mem:0.00M, Peak:0.00M | Scene, ViewLayer | Synchronizing object | G3_glass_retaining_clip.002
Fra:451 Mem:741.10M (Peak 793.97M) | Time:00:01.91 | Mem:0.00M, Peak:0.00M | Scene, ViewLayer | Synchronizing object | G3_clip_slotted_fastener.002
Fra:451 Mem:741.10M (Peak 793.97M) | Time:00:01.91 | Mem:0.00M, Peak:0.00M | Scene, ViewLayer | Synchronizing object | G3_glass_retaining_clip.003
Fra:451 Mem:741.13M (Peak 793.97M) | Time:00:01.91 | Mem:0.00M, Peak:0.00M | Scene, ViewLayer | Synchronizing object | G3_clip_slotted_fastener.003
Fra:451 Mem:741.14M (Peak 793.97M) | Time:00:01.91 | Mem:0.00M, Peak:0.00M | Scene, ViewLayer | Synchronizing object | G3_glass_retaining_clip.004
Fra:451 Mem:741.17M (Peak 793.97M) | Time:00:01.91 | Mem:0.00M, Peak:0.00M | Scene, ViewLayer | Synchronizing object | G3_clip_slotted_fastener.004
Fra:451 Mem:741.17M (Peak 793.97M) | Time:00:01.91 | Mem:0.00M, Peak:0.00M | Scene, ViewLayer | Synchronizing object | G3_glass_retaining_clip.005
Fra:451 Mem:747.58M (Peak 793.97M) | Time:00:01.91 | Mem:0.00M, Peak:0.00M | Scene, ViewLayer | Synchronizing object | G3_clip_slotted_fastener.005
Fra:451 Mem:747.59M (Peak 793.97M) | Time:00:01.91 | Mem:0.00M, Peak:0.00M | Scene, ViewLayer | Synchronizing object | G3_glass_retaining_clip.006
Fra:451 Mem:747.62M (Peak 793.97M) | Time:00:01.91 | Mem:0.00M, Peak:0.00M | Scene, ViewLayer | Synchronizing object | G3_clip_slotted_fastener.006
Fra:451 Mem:747.62M (Peak 793.97M) | Time:00:01.91 | Mem:0.00M, Peak:0.00M | Scene, ViewLayer | Synchronizing object | G3_glass_retaining_clip.007
Fra:451 Mem:747.65M (Peak 793.97M) | Time:00:01.91 | Mem:0.00M, Peak:0.00M | Scene, ViewLayer | Synchronizing object | G3_clip_slotted_fastener.007
Fra:451 Mem:747.66M (Peak 793.97M) | Time:00:01.91 | Mem:0.00M, Peak:0.00M | Scene, ViewLayer | Synchronizing object | G3_glass_retaining_clip.008
Fra:451 Mem:747.69M (Peak 793.97M) | Time:00:01.91 | Mem:0.00M, Peak:0.00M | Scene, ViewLayer | Synchronizing object | G3_clip_slotted_fastener.008
Fra:451 Mem:747.69M (Peak 793.97M) | Time:00:01.91 | Mem:0.00M, Peak:0.00M | Scene, ViewLayer | Synchronizing object | G3_glass_retaining_clip.009
Fra:451 Mem:747.72M (Peak 793.97M) | Time:00:01.91 | Mem:0.00M, Peak:0.00M | Scene, ViewLayer | Synchronizing object | G3_clip_slotted_fastener.009
Fra:451 Mem:747.72M (Peak 793.97M) | Time:00:01.91 | Mem:0.00M, Peak:0.00M | Scene, ViewLayer | Synchronizing object | G3_glass_retaining_clip.010
Fra:451 Mem:747.75M (Peak 793.97M) | Time:00:01.91 | Mem:0.00M, Peak:0.00M | Scene, ViewLayer | Synchronizing object | G3_clip_slotted_fastener.010
Fra:451 Mem:747.76M (Peak 793.97M) | Time:00:01.91 | Mem:0.00M, Peak:0.00M | Scene, ViewLayer | Synchronizing object | G3_glass_retaining_clip.011
Fra:451 Mem:747.79M (Peak 793.97M) | Time:00:01.91 | Mem:0.00M, Peak:0.00M | Scene, ViewLayer | Synchronizing object | G3_clip_slotted_fastener.011
Fra:451 Mem:747.79M (Peak 793.97M) | Time:00:01.91 | Mem:0.00M, Peak:0.00M | Scene, ViewLayer | Synchronizing object | G3_glass_retaining_clip.012
Fra:451 Mem:747.82M (Peak 793.97M) | Time:00:01.91 | Mem:0.00M, Peak:0.00M | Scene, ViewLayer | Synchronizing object | G3_clip_slotted_fastener.012
Fra:451 Mem:747.82M (Peak 793.97M) | Time:00:01.91 | Mem:0.00M, Peak:0.00M | Scene, ViewLayer | Synchronizing object | G3_glass_retaining_clip.013
Fra:451 Mem:747.85M (Peak 793.97M) | Time:00:01.91 | Mem:0.00M, Peak:0.00M | Scene, ViewLayer | Synchronizing object | G3_clip_slotted_fastener.013
Fra:451 Mem:747.86M (Peak 793.97M) | Time:00:01.91 | Mem:0.00M, Peak:0.00M | Scene, ViewLayer | Synchronizing object | G3_glass_retaining_clip.014
Fra:451 Mem:747.89M (Peak 793.97M) | Time:00:01.91 | Mem:0.00M, Peak:0.00M | Scene, ViewLayer | Synchronizing object | G3_clip_slotted_fastener.014
Fra:451 Mem:747.89M (Peak 793.97M) | Time:00:01.91 | Mem:0.00M, Peak:0.00M | Scene, ViewLayer | Synchronizing object | G3_glass_retaining_clip.015
Fra:451 Mem:747.92M (Peak 793.97M) | Time:00:01.91 | Mem:0.00M, Peak:0.00M | Scene, ViewLayer | Synchronizing object | G3_clip_slotted_fastener.015
Fra:451 Mem:747.92M (Peak 793.97M) | Time:00:01.91 | Mem:0.00M, Peak:0.00M | Scene, ViewLayer | Synchronizing object | G3_glass_retaining_clip.016
Fra:451 Mem:747.95M (Peak 793.97M) | Time:00:01.91 | Mem:0.00M, Peak:0.00M | Scene, ViewLayer | Synchronizing object | G3_clip_slotted_fastener.016
Fra:451 Mem:747.96M (Peak 793.97M) | Time:00:01.91 | Mem:0.00M, Peak:0.00M | Scene, ViewLayer | Synchronizing object | G3_glass_retaining_clip.017
Fra:451 Mem:747.99M (Peak 793.97M) | Time:00:01.91 | Mem:0.00M, Peak:0.00M | Scene, ViewLayer | Synchronizing object | G3_clip_slotted_fastener.017
Fra:451 Mem:747.99M (Peak 793.97M) | Time:00:01.91 | Mem:0.00M, Peak:0.00M | Scene, ViewLayer | Synchronizing object | G3_glass_retaining_clip.018
Fra:451 Mem:748.02M (Peak 793.97M) | Time:00:01.92 | Mem:0.00M, Peak:0.00M | Scene, ViewLayer | Synchronizing object | G3_clip_slotted_fastener.018
Fra:451 Mem:748.03M (Peak 793.97M) | Time:00:01.92 | Mem:0.00M, Peak:0.00M | Scene, ViewLayer | Synchronizing object | G3_glass_retaining_clip.019
Fra:451 Mem:748.06M (Peak 793.97M) | Time:00:01.92 | Mem:0.00M, Peak:0.00M | Scene, ViewLayer | Synchronizing object | G3_clip_slotted_fastener.019
Fra:451 Mem:748.06M (Peak 793.97M) | Time:00:01.92 | Mem:0.00M, Peak:0.00M | Scene, ViewLayer | Synchronizing object | G3_glass_retaining_clip.020
Fra:451 Mem:748.09M (Peak 793.97M) | Time:00:01.92 | Mem:0.00M, Peak:0.00M | Scene, ViewLayer | Synchronizing object | G3_clip_slotted_fastener.020
Fra:451 Mem:748.09M (Peak 793.97M) | Time:00:01.92 | Mem:0.00M, Peak:0.00M | Scene, ViewLayer | Synchronizing object | G3_glass_retaining_clip.021
Fra:451 Mem:748.12M (Peak 793.97M) | Time:00:01.92 | Mem:0.00M, Peak:0.00M | Scene, ViewLayer | Synchronizing object | G3_clip_slotted_fastener.021
Fra:451 Mem:748.13M (Peak 793.97M) | Time:00:01.92 | Mem:0.00M, Peak:0.00M | Scene, ViewLayer | Synchronizing object | G3_glass_retaining_clip.022
Fra:451 Mem:748.16M (Peak 793.97M) | Time:00:01.92 | Mem:0.00M, Peak:0.00M | Scene, ViewLayer | Synchronizing object | G3_clip_slotted_fastener.022
Fra:451 Mem:748.16M (Peak 793.97M) | Time:00:01.92 | Mem:0.00M, Peak:0.00M | Scene, ViewLayer | Synchronizing object | G3_glass_retaining_clip.023
Fra:451 Mem:748.19M (Peak 793.97M) | Time:00:01.92 | Mem:0.00M, Peak:0.00M | Scene, ViewLayer | Synchronizing object | G3_clip_slotted_fastener.023
Fra:451 Mem:748.20M (Peak 793.97M) | Time:00:01.92 | Mem:0.00M, Peak:0.00M | Scene, ViewLayer | Synchronizing object | G3_glass_retaining_clip.024
Fra:451 Mem:748.22M (Peak 793.97M) | Time:00:01.92 | Mem:0.00M, Peak:0.00M | Scene, ViewLayer | Synchronizing object | G3_clip_slotted_fastener.024
Fra:451 Mem:748.23M (Peak 793.97M) | Time:00:01.92 | Mem:0.00M, Peak:0.00M | Scene, ViewLayer | Synchronizing object | G3_glass_retaining_clip.025
Fra:451 Mem:748.26M (Peak 793.97M) | Time:00:01.92 | Mem:0.00M, Peak:0.00M | Scene, ViewLayer | Synchronizing object | G3_clip_slotted_fastener.025
Fra:451 Mem:748.26M (Peak 793.97M) | Time:00:01.92 | Mem:0.00M, Peak:0.00M | Scene, ViewLayer | Synchronizing object | G3_glass_retaining_clip.026
Fra:451 Mem:748.30M (Peak 793.97M) | Time:00:01.92 | Mem:0.00M, Peak:0.00M | Scene, ViewLayer | Synchronizing object | G3_clip_slotted_fastener.026
Fra:451 Mem:748.31M (Peak 793.97M) | Time:00:01.92 | Mem:0.00M, Peak:0.00M | Scene, ViewLayer | Synchronizing object | G3_glass_retaining_clip.027
Fra:451 Mem:748.34M (Peak 793.97M) | Time:00:01.92 | Mem:0.00M, Peak:0.00M | Scene, ViewLayer | Synchronizing object | G3_clip_slotted_fastener.027
Fra:451 Mem:748.34M (Peak 793.97M) | Time:00:01.92 | Mem:0.00M, Peak:0.00M | Scene, ViewLayer | Synchronizing object | G3_glass_retaining_clip.028
Fra:451 Mem:748.37M (Peak 793.97M) | Time:00:01.92 | Mem:0.00M, Peak:0.00M | Scene, ViewLayer | Synchronizing object | G3_clip_slotted_fastener.028
Fra:451 Mem:748.37M (Peak 793.97M) | Time:00:01.92 | Mem:0.00M, Peak:0.00M | Scene, ViewLayer | Synchronizing object | G3_glass_retaining_clip.029
Fra:451 Mem:748.40M (Peak 793.97M) | Time:00:01.92 | Mem:0.00M, Peak:0.00M | Scene, ViewLayer | Synchronizing object | G3_clip_slotted_fastener.029
Fra:451 Mem:748.41M (Peak 793.97M) | Time:00:01.92 | Mem:0.00M, Peak:0.00M | Scene, ViewLayer | Synchronizing object | G3_glass_retaining_clip.030
Fra:451 Mem:748.44M (Peak 793.97M) | Time:00:01.92 | Mem:0.00M, Peak:0.00M | Scene, ViewLayer | Synchronizing object | G3_clip_slotted_fastener.030
Fra:451 Mem:748.44M (Peak 793.97M) | Time:00:01.92 | Mem:0.00M, Peak:0.00M | Scene, ViewLayer | Synchronizing object | G3_glass_retaining_clip.031
Fra:451 Mem:748.47M (Peak 793.97M) | Time:00:01.92 | Mem:0.00M, Peak:0.00M | Scene, ViewLayer | Synchronizing object | G3_clip_slotted_fastener.031
Fra:451 Mem:748.47M (Peak 793.97M) | Time:00:01.92 | Mem:0.00M, Peak:0.00M | Scene, ViewLayer | Synchronizing object | G3_column_anchor_bolt
Fra:451 Mem:748.48M (Peak 793.97M) | Time:00:01.92 | Mem:0.00M, Peak:0.00M | Scene, ViewLayer | Synchronizing object | G3_column_anchor_bolt.001
Fra:451 Mem:748.48M (Peak 793.97M) | Time:00:01.92 | Mem:0.00M, Peak:0.00M | Scene, ViewLayer | Synchronizing object | G3_column_anchor_bolt.002
Fra:451 Mem:748.48M (Peak 793.97M) | Time:00:01.92 | Mem:0.00M, Peak:0.00M | Scene, ViewLayer | Synchronizing object | G3_column_anchor_bolt.003
Fra:451 Mem:748.48M (Peak 793.97M) | Time:00:01.92 | Mem:0.00M, Peak:0.00M | Scene, ViewLayer | Synchronizing object | G3_column_cap_plate
Fra:451 Mem:748.51M (Peak 793.97M) | Time:00:01.92 | Mem:0.00M, Peak:0.00M | Scene, ViewLayer | Synchronizing object | G3_cap_rivet
Fra:451 Mem:748.52M (Peak 793.97M) | Time:00:01.92 | Mem:0.00M, Peak:0.00M | Scene, ViewLayer | Synchronizing object | G3_cap_rivet.001
Fra:451 Mem:748.52M (Peak 793.97M) | Time:00:01.92 | Mem:0.00M, Peak:0.00M | Scene, ViewLayer | Synchronizing object | G3_column_anchor_bolt.004
Fra:451 Mem:748.53M (Peak 793.97M) | Time:00:01.92 | Mem:0.00M, Peak:0.00M | Scene, ViewLayer | Synchronizing object | G3_column_anchor_bolt.005
Fra:451 Mem:748.53M (Peak 793.97M) | Time:00:01.92 | Mem:0.00M, Peak:0.00M | Scene, ViewLayer | Synchronizing object | G3_column_anchor_bolt.006
Fra:451 Mem:748.53M (Peak 793.97M) | Time:00:01.92 | Mem:0.00M, Peak:0.00M | Scene, ViewLayer | Synchronizing object | G3_column_anchor_bolt.007
Fra:451 Mem:748.53M (Peak 793.97M) | Time:00:01.92 | Mem:0.00M, Peak:0.00M | Scene, ViewLayer | Synchronizing object | G3_column_cap_plate.001
Fra:451 Mem:748.56M (Peak 793.97M) | Time:00:01.92 | Mem:0.00M, Peak:0.00M | Scene, ViewLayer | Synchronizing object | G3_cap_rivet.002
Fra:451 Mem:748.57M (Peak 793.97M) | Time:00:01.92 | Mem:0.00M, Peak:0.00M | Scene, ViewLayer | Synchronizing object | G3_cap_rivet.003
Fra:451 Mem:748.58M (Peak 793.97M) | Time:00:01.92 | Mem:0.00M, Peak:0.00M | Scene, ViewLayer | Synchronizing object | G3_hall_hinge_barrel
Fra:451 Mem:748.58M (Peak 793.97M) | Time:00:01.92 | Mem:0.00M, Peak:0.00M | Scene, ViewLayer | Synchronizing object | G3_hall_hinge_barrel.001
Fra:451 Mem:748.59M (Peak 793.97M) | Time:00:01.92 | Mem:0.00M, Peak:0.00M | Scene, ViewLayer | Synchronizing object | G3_hall_hinge_barrel.002
Fra:451 Mem:748.60M (Peak 793.97M) | Time:00:01.92 | Mem:0.00M, Peak:0.00M | Scene, ViewLayer | Synchronizing object | G3_hall_hinge_barrel.003
Fra:451 Mem:748.61M (Peak 793.97M) | Time:00:01.92 | Mem:0.00M, Peak:0.00M | Scene, ViewLayer | Synchronizing object | G3_hall_hinge_barrel.004
Fra:451 Mem:748.61M (Peak 793.97M) | Time:00:01.92 | Mem:0.00M, Peak:0.00M | Scene, ViewLayer | Synchronizing object | G3_hall_hinge_barrel.005
Fra:451 Mem:748.62M (Peak 793.97M) | Time:00:01.92 | Mem:0.00M, Peak:0.00M | Scene, ViewLayer | Synchronizing object | G3_drain_grate
Fra:451 Mem:748.65M (Peak 793.97M) | Time:00:01.92 | Mem:0.00M, Peak:0.00M | Scene, ViewLayer | Synchronizing object | G3_drain_grate.001
Fra:451 Mem:748.68M (Peak 793.97M) | Time:00:01.92 | Mem:0.00M, Peak:0.00M | Scene, ViewLayer | Synchronizing object | G3_drain_grate.002
Fra:451 Mem:748.71M (Peak 793.97M) | Time:00:01.92 | Mem:0.00M, Peak:0.00M | Scene, ViewLayer | Synchronizing object | G3_drain_grate.003
Fra:451 Mem:748.74M (Peak 793.97M) | Time:00:01.92 | Mem:0.00M, Peak:0.00M | Scene, ViewLayer | Synchronizing object | G3_drain_grate.004
Fra:451 Mem:748.77M (Peak 793.97M) | Time:00:01.92 | Mem:0.00M, Peak:0.00M | Scene, ViewLayer | Synchronizing object | G3_drain_grate.005
Fra:451 Mem:748.80M (Peak 793.97M) | Time:00:01.92 | Mem:0.00M, Peak:0.00M | Scene, ViewLayer | Synchronizing object | G3_drain_grate.006
Fra:451 Mem:748.83M (Peak 793.97M) | Time:00:01.92 | Mem:0.00M, Peak:0.00M | Scene, ViewLayer | Synchronizing object | G3_drain_grate.007
Fra:451 Mem:748.86M (Peak 793.97M) | Time:00:01.92 | Mem:0.00M, Peak:0.00M | Scene, ViewLayer | Synchronizing object | G3_drain_grate.008
Fra:451 Mem:748.89M (Peak 793.97M) | Time:00:01.92 | Mem:0.00M, Peak:0.00M | Scene, ViewLayer | Synchronizing object | G3_drain_grate.009
Fra:451 Mem:748.92M (Peak 793.97M) | Time:00:01.92 | Mem:0.00M, Peak:0.00M | Scene, ViewLayer | Synchronizing object | G3_drain_grate.010
Fra:451 Mem:748.94M (Peak 793.97M) | Time:00:01.92 | Mem:0.00M, Peak:0.00M | Scene, ViewLayer | Synchronizing object | G3_drain_grate.011
Fra:451 Mem:748.97M (Peak 793.97M) | Time:00:01.92 | Mem:0.00M, Peak:0.00M | Scene, ViewLayer | Synchronizing object | G3_drain_grate.012
Fra:451 Mem:749.00M (Peak 793.97M) | Time:00:01.92 | Mem:0.00M, Peak:0.00M | Scene, ViewLayer | Synchronizing object | G3_drain_grate.013
Fra:451 Mem:749.03M (Peak 793.97M) | Time:00:01.92 | Mem:0.00M, Peak:0.00M | Scene, ViewLayer | Synchronizing object | G3_drain_grate.014
Fra:451 Mem:749.06M (Peak 793.97M) | Time:00:01.92 | Mem:0.00M, Peak:0.00M | Scene, ViewLayer | Synchronizing object | G3_drain_grate.015
Fra:451 Mem:749.09M (Peak 793.97M) | Time:00:01.92 | Mem:0.00M, Peak:0.00M | Scene, ViewLayer | Synchronizing object | G3_drain_grate.016
Fra:451 Mem:749.12M (Peak 793.97M) | Time:00:01.92 | Mem:0.00M, Peak:0.00M | Scene, ViewLayer | Synchronizing object | G3_drain_grate.017
Fra:451 Mem:749.15M (Peak 793.97M) | Time:00:01.92 | Mem:0.00M, Peak:0.00M | Scene, ViewLayer | Synchronizing object | G3_drain_grate.018
Fra:451 Mem:749.18M (Peak 793.97M) | Time:00:01.92 | Mem:0.00M, Peak:0.00M | Scene, ViewLayer | Synchronizing object | G3_drain_grate.019
Fra:451 Mem:749.21M (Peak 793.97M) | Time:00:01.92 | Mem:0.00M, Peak:0.00M | Scene, ViewLayer | Synchronizing object | G3_drain_grate.020
Fra:451 Mem:749.24M (Peak 793.97M) | Time:00:01.92 | Mem:0.00M, Peak:0.00M | Scene, ViewLayer | Synchronizing object | G3_walnut_cafe_top
Fra:451 Mem:749.43M (Peak 793.97M) | Time:00:01.92 | Mem:0.00M, Peak:0.00M | Scene, ViewLayer | Synchronizing object | G3_table_edge_inlay
Fra:451 Mem:749.51M (Peak 793.97M) | Time:00:01.92 | Mem:0.00M, Peak:0.00M | Scene, ViewLayer | Synchronizing object | G3_turned_pedestal
Fra:451 Mem:749.63M (Peak 793.97M) | Time:00:01.92 | Mem:0.00M, Peak:0.00M | Scene, ViewLayer | Synchronizing object | G3_foot_felt_contact
Fra:451 Mem:749.64M (Peak 793.97M) | Time:00:01.92 | Mem:0.00M, Peak:0.00M | Scene, ViewLayer | Synchronizing object | G3_foot_felt_contact.001
Fra:451 Mem:749.64M (Peak 793.97M) | Time:00:01.92 | Mem:0.00M, Peak:0.00M | Scene, ViewLayer | Synchronizing object | G3_foot_felt_contact.002
Fra:451 Mem:749.65M (Peak 793.97M) | Time:00:01.92 | Mem:0.00M, Peak:0.00M | Scene, ViewLayer | Synchronizing object | G3_sideboard_carcass
Fra:451 Mem:749.69M (Peak 793.97M) | Time:00:01.92 | Mem:0.00M, Peak:0.00M | Scene, ViewLayer | Synchronizing object | G3_sideboard_top
Fra:451 Mem:749.72M (Peak 793.97M) | Time:00:01.92 | Mem:0.00M, Peak:0.00M | Scene, ViewLayer | Synchronizing object | G3_cabinet_stile
Fra:451 Mem:749.75M (Peak 793.97M) | Time:00:01.92 | Mem:0.00M, Peak:0.00M | Scene, ViewLayer | Synchronizing object | G3_cabinet_stile.001
Fra:451 Mem:749.79M (Peak 793.97M) | Time:00:01.92 | Mem:0.00M, Peak:0.00M | Scene, ViewLayer | Synchronizing object | G3_cabinet_rail
Fra:451 Mem:749.82M (Peak 793.97M) | Time:00:01.92 | Mem:0.00M, Peak:0.00M | Scene, ViewLayer | Synchronizing object | G3_cabinet_rail.001
Fra:451 Mem:749.86M (Peak 793.97M) | Time:00:01.92 | Mem:0.00M, Peak:0.00M | Scene, ViewLayer | Synchronizing object | G3_cabinet_recessed_panel
Fra:451 Mem:749.89M (Peak 793.97M) | Time:00:01.92 | Mem:0.00M, Peak:0.00M | Scene, ViewLayer | Synchronizing object | G3_panel_border
Fra:451 Mem:749.92M (Peak 793.97M) | Time:00:01.92 | Mem:0.00M, Peak:0.00M | Scene, ViewLayer | Synchronizing object | G3_panel_border.001
Fra:451 Mem:749.95M (Peak 793.97M) | Time:00:01.92 | Mem:0.00M, Peak:0.00M | Scene, ViewLayer | Synchronizing object | G3_cabinet_pull_mount
Fra:451 Mem:749.96M (Peak 793.97M) | Time:00:01.92 | Mem:0.00M, Peak:0.00M | Scene, ViewLayer | Synchronizing object | G3_cabinet_pull
Fra:451 Mem:749.97M (Peak 793.97M) | Time:00:01.92 | Mem:0.00M, Peak:0.00M | Scene, ViewLayer | Synchronizing object | G3_cabinet_recessed_panel.001
Fra:451 Mem:750.00M (Peak 793.97M) | Time:00:01.92 | Mem:0.00M, Peak:0.00M | Scene, ViewLayer | Synchronizing object | G3_panel_border.002
Fra:451 Mem:750.03M (Peak 793.97M) | Time:00:01.92 | Mem:0.00M, Peak:0.00M | Scene, ViewLayer | Synchronizing object | G3_panel_border.003
Fra:451 Mem:750.06M (Peak 793.97M) | Time:00:01.92 | Mem:0.00M, Peak:0.00M | Scene, ViewLayer | Synchronizing object | G3_cabinet_pull_mount.001
Fra:451 Mem:750.07M (Peak 793.97M) | Time:00:01.92 | Mem:0.00M, Peak:0.00M | Scene, ViewLayer | Synchronizing object | G3_cabinet_pull.001
Fra:451 Mem:750.07M (Peak 793.97M) | Time:00:01.92 | Mem:0.00M, Peak:0.00M | Scene, ViewLayer | Synchronizing object | G3_cabinet_foot
Fra:451 Mem:750.07M (Peak 793.97M) | Time:00:01.92 | Mem:0.00M, Peak:0.00M | Scene, ViewLayer | Synchronizing object | G3_cabinet_foot.001
Fra:451 Mem:750.09M (Peak 793.97M) | Time:00:01.92 | Mem:0.00M, Peak:0.00M | Scene, ViewLayer | Synchronizing object | G3_cabinet_foot.002
Fra:451 Mem:750.09M (Peak 793.97M) | Time:00:01.92 | Mem:0.00M, Peak:0.00M | Scene, ViewLayer | Synchronizing object | G3_cabinet_foot.003
Fra:451 Mem:750.11M (Peak 793.97M) | Time:00:01.92 | Mem:0.00M, Peak:0.00M | Scene, ViewLayer | Synchronizing object | G3_porcelain_saucer
Fra:451 Mem:750.12M (Peak 793.97M) | Time:00:01.92 | Mem:0.00M, Peak:0.00M | Scene, ViewLayer | Synchronizing object | G3_porcelain_cup
Fra:451 Mem:750.29M (Peak 793.97M) | Time:00:01.92 | Mem:0.00M, Peak:0.00M | Scene, ViewLayer | Synchronizing object | G3_coffee_meniscus
Fra:451 Mem:750.32M (Peak 793.97M) | Time:00:01.92 | Mem:0.00M, Peak:0.00M | Scene, ViewLayer | Synchronizing object | G3_lamp_base
Fra:451 Mem:750.36M (Peak 793.97M) | Time:00:01.92 | Mem:0.00M, Peak:0.00M | Scene, ViewLayer | Synchronizing object | G3_lamp_stem
Fra:451 Mem:750.37M (Peak 793.97M) | Time:00:01.92 | Mem:0.00M, Peak:0.00M | Scene, ViewLayer | Synchronizing object | G3_lamp_shade
Fra:451 Mem:750.46M (Peak 793.97M) | Time:00:01.92 | Mem:0.00M, Peak:0.00M | Scene, ViewLayer | Synchronizing object | G3_lamp_diffuser
Fra:451 Mem:750.48M (Peak 793.97M) | Time:00:01.92 | Mem:0.00M, Peak:0.00M | Scene, ViewLayer | Synchronizing object | GreenChair_01
Fra:451 Mem:750.73M (Peak 793.97M) | Time:00:01.92 | Mem:0.00M, Peak:0.00M | Scene, ViewLayer | Synchronizing object | GreenChair_01.001
Fra:451 Mem:751.76M (Peak 793.97M) | Time:00:01.92 | Mem:0.00M, Peak:0.00M | Scene, ViewLayer | Synchronizing object | potted_plant_01_stem
Fra:451 Mem:751.72M (Peak 793.97M) | Time:00:01.92 | Mem:0.00M, Peak:0.00M | Scene, ViewLayer | Synchronizing object | potted_plant_01_leaves
Fra:451 Mem:782.09M (Peak 793.97M) | Time:00:01.94 | Mem:0.00M, Peak:0.00M | Scene, ViewLayer | Synchronizing object | potted_plant_01_pebbles
Fra:451 Mem:796.08M (Peak 814.10M) | Time:00:01.96 | Mem:0.00M, Peak:0.00M | Scene, ViewLayer | Synchronizing object | potted_plant_01_pot
Fra:451 Mem:800.44M (Peak 814.10M) | Time:00:01.96 | Mem:0.00M, Peak:0.00M | Scene, ViewLayer | Synchronizing object | G3_door_jamb_cover
Fra:451 Mem:800.47M (Peak 814.10M) | Time:00:01.96 | Mem:0.00M, Peak:0.00M | Scene, ViewLayer | Synchronizing object | G3_door_jamb_cover.001
Fra:451 Mem:799.46M (Peak 814.10M) | Time:00:01.96 | Mem:0.00M, Peak:0.00M | Scene, ViewLayer | Synchronizing object | G3_door_track_housing
Fra:451 Mem:799.48M (Peak 814.10M) | Time:00:01.96 | Mem:0.00M, Peak:0.00M | Scene, ViewLayer | Synchronizing object | G3_door_roller_bracket
Fra:451 Mem:799.50M (Peak 814.10M) | Time:00:01.96 | Mem:0.00M, Peak:0.00M | Scene, ViewLayer | Synchronizing object | G3_door_carriage_roller
Fra:451 Mem:799.51M (Peak 814.10M) | Time:00:01.96 | Mem:0.00M, Peak:0.00M | Scene, ViewLayer | Synchronizing object | G3_door_roller_bracket.001
Fra:451 Mem:799.53M (Peak 814.10M) | Time:00:01.97 | Mem:0.00M, Peak:0.00M | Scene, ViewLayer | Synchronizing object | G3_door_carriage_roller.001
Fra:451 Mem:799.54M (Peak 814.10M) | Time:00:01.97 | Mem:0.00M, Peak:0.00M | Scene, ViewLayer | Synchronizing object | G3_door_lower_kickplate
Fra:451 Mem:799.56M (Peak 814.10M) | Time:00:01.97 | Mem:0.00M, Peak:0.00M | Scene, ViewLayer | Synchronizing object | G3_kickplate_fastener
Fra:451 Mem:799.57M (Peak 814.10M) | Time:00:01.97 | Mem:0.00M, Peak:0.00M | Scene, ViewLayer | Synchronizing object | G3_kickplate_fastener.001
Fra:451 Mem:799.57M (Peak 814.10M) | Time:00:01.97 | Mem:0.00M, Peak:0.00M | Scene, ViewLayer | Synchronizing object | G3_kickplate_fastener.002
Fra:451 Mem:799.57M (Peak 814.10M) | Time:00:01.97 | Mem:0.00M, Peak:0.00M | Scene, ViewLayer | Synchronizing object | G3_kickplate_fastener.003
Fra:451 Mem:799.58M (Peak 814.10M) | Time:00:01.97 | Mem:0.00M, Peak:0.00M | Scene, ViewLayer | Synchronizing object | G3_door_roller_bracket.002
Fra:451 Mem:799.60M (Peak 814.10M) | Time:00:01.97 | Mem:0.00M, Peak:0.00M | Scene, ViewLayer | Synchronizing object | G3_door_carriage_roller.002
Fra:451 Mem:799.61M (Peak 814.10M) | Time:00:01.97 | Mem:0.00M, Peak:0.00M | Scene, ViewLayer | Synchronizing object | G3_door_roller_bracket.003
Fra:451 Mem:799.63M (Peak 814.10M) | Time:00:01.97 | Mem:0.00M, Peak:0.00M | Scene, ViewLayer | Synchronizing object | G3_door_carriage_roller.003
Fra:451 Mem:799.64M (Peak 814.10M) | Time:00:01.97 | Mem:0.00M, Peak:0.00M | Scene, ViewLayer | Synchronizing object | G3_door_lower_kickplate.001
Fra:451 Mem:799.66M (Peak 814.10M) | Time:00:01.97 | Mem:0.00M, Peak:0.00M | Scene, ViewLayer | Synchronizing object | G3_kickplate_fastener.004
Fra:451 Mem:799.67M (Peak 814.10M) | Time:00:01.97 | Mem:0.00M, Peak:0.00M | Scene, ViewLayer | Synchronizing object | G3_kickplate_fastener.005
Fra:451 Mem:799.67M (Peak 814.10M) | Time:00:01.97 | Mem:0.00M, Peak:0.00M | Scene, ViewLayer | Synchronizing object | G3_kickplate_fastener.006
Fra:451 Mem:799.67M (Peak 814.10M) | Time:00:01.97 | Mem:0.00M, Peak:0.00M | Scene, ViewLayer | Synchronizing object | G3_kickplate_fastener.007
Fra:451 Mem:799.68M (Peak 814.10M) | Time:00:01.97 | Mem:0.00M, Peak:0.00M | Scene, ViewLayer | Synchronizing object | G3_threshold_traction_groove
Fra:451 Mem:799.70M (Peak 814.10M) | Time:00:01.97 | Mem:0.00M, Peak:0.00M | Scene, ViewLayer | Synchronizing object | G3_threshold_traction_groove.001
Fra:451 Mem:799.72M (Peak 814.10M) | Time:00:01.97 | Mem:0.00M, Peak:0.00M | Scene, ViewLayer | Synchronizing object | G3_threshold_traction_groove.002
Fra:451 Mem:799.75M (Peak 814.10M) | Time:00:01.97 | Mem:0.00M, Peak:0.00M | Scene, ViewLayer | Synchronizing object | G3_threshold_traction_groove.003
Fra:451 Mem:799.77M (Peak 814.10M) | Time:00:01.97 | Mem:0.00M, Peak:0.00M | Scene, ViewLayer | Synchronizing object | G3_threshold_traction_groove.004
Fra:451 Mem:799.80M (Peak 814.10M) | Time:00:01.97 | Mem:0.00M, Peak:0.00M | Scene, ViewLayer | Synchronizing object | G3_threshold_traction_groove.005
Fra:451 Mem:799.82M (Peak 814.10M) | Time:00:01.97 | Mem:0.00M, Peak:0.00M | Scene, ViewLayer | Synchronizing object | G3_threshold_traction_groove.006
Fra:451 Mem:799.85M (Peak 814.10M) | Time:00:01.97 | Mem:0.00M, Peak:0.00M | Scene, ViewLayer | Synchronizing object | G3_night_sky
Fra:451 Mem:799.85M (Peak 814.10M) | Time:00:01.97 | Mem:0.00M, Peak:0.00M | Scene, ViewLayer | Synchronizing object | G3_interior_softbox
Fra:451 Mem:799.85M (Peak 814.10M) | Time:00:01.97 | Mem:0.00M, Peak:0.00M | Scene, ViewLayer | Synchronizing object | G3_window_rim
Fra:451 Mem:799.85M (Peak 814.10M) | Time:00:01.97 | Mem:0.00M, Peak:0.00M | Scene, ViewLayer | Synchronizing object | G3_cafe_practical
Fra:451 Mem:799.85M (Peak 814.10M) | Time:00:01.97 | Mem:0.00M, Peak:0.00M | Scene, ViewLayer | Synchronizing object | G3_door_practical
Fra:451 Mem:799.85M (Peak 814.10M) | Time:00:01.97 | Mem:0.00M, Peak:0.00M | Scene, ViewLayer | Synchronizing object | G3_pendant_drop
Fra:451 Mem:799.85M (Peak 814.10M) | Time:00:01.97 | Mem:0.00M, Peak:0.00M | Scene, ViewLayer | Synchronizing object | G3_pendant_shade
Fra:451 Mem:799.91M (Peak 814.10M) | Time:00:01.97 | Mem:0.00M, Peak:0.00M | Scene, ViewLayer | Synchronizing object | G3_pendant_diffuser
Fra:451 Mem:799.93M (Peak 814.10M) | Time:00:01.97 | Mem:0.00M, Peak:0.00M | Scene, ViewLayer | Synchronizing object | G3_pendant_light
Fra:451 Mem:799.93M (Peak 814.10M) | Time:00:01.97 | Mem:0.00M, Peak:0.00M | Scene, ViewLayer | Synchronizing object | G3R03_wood_recess_panel
Fra:451 Mem:799.96M (Peak 814.10M) | Time:00:01.97 | Mem:0.00M, Peak:0.00M | Scene, ViewLayer | Synchronizing object | G3R03_panel_horizontal_bead
Fra:451 Mem:799.99M (Peak 814.10M) | Time:00:01.97 | Mem:0.00M, Peak:0.00M | Scene, ViewLayer | Synchronizing object | G3R03_panel_horizontal_bead.001
Fra:451 Mem:800.02M (Peak 814.10M) | Time:00:01.97 | Mem:0.00M, Peak:0.00M | Scene, ViewLayer | Synchronizing object | G3R03_wood_recess_panel.001
Fra:451 Mem:800.06M (Peak 814.10M) | Time:00:01.97 | Mem:0.00M, Peak:0.00M | Scene, ViewLayer | Synchronizing object | G3R03_panel_horizontal_bead.002
Fra:451 Mem:800.09M (Peak 814.10M) | Time:00:01.97 | Mem:0.00M, Peak:0.00M | Scene, ViewLayer | Synchronizing object | G3R03_panel_horizontal_bead.003
Fra:451 Mem:800.11M (Peak 814.10M) | Time:00:01.97 | Mem:0.00M, Peak:0.00M | Scene, ViewLayer | Synchronizing object | G3R03_wood_recess_panel.002
Fra:451 Mem:800.16M (Peak 814.10M) | Time:00:01.97 | Mem:0.00M, Peak:0.00M | Scene, ViewLayer | Synchronizing object | G3R03_panel_horizontal_bead.004
Fra:451 Mem:800.19M (Peak 814.10M) | Time:00:01.97 | Mem:0.00M, Peak:0.00M | Scene, ViewLayer | Synchronizing object | G3R03_panel_horizontal_bead.005
Fra:451 Mem:800.22M (Peak 814.10M) | Time:00:01.97 | Mem:0.00M, Peak:0.00M | Scene, ViewLayer | Synchronizing object | G3R03_wood_recess_panel.003
Fra:451 Mem:800.25M (Peak 814.10M) | Time:00:01.97 | Mem:0.00M, Peak:0.00M | Scene, ViewLayer | Synchronizing object | G3R03_panel_horizontal_bead.006
Fra:451 Mem:800.28M (Peak 814.10M) | Time:00:01.97 | Mem:0.00M, Peak:0.00M | Scene, ViewLayer | Synchronizing object | G3R03_panel_horizontal_bead.007
Fra:451 Mem:800.31M (Peak 814.10M) | Time:00:01.97 | Mem:0.00M, Peak:0.00M | Scene, ViewLayer | Synchronizing object | G3R03_panel_vertical_stile
Fra:451 Mem:800.34M (Peak 814.10M) | Time:00:01.97 | Mem:0.00M, Peak:0.00M | Scene, ViewLayer | Synchronizing object | G3R03_panel_vertical_stile.001
Fra:451 Mem:800.37M (Peak 814.10M) | Time:00:01.97 | Mem:0.00M, Peak:0.00M | Scene, ViewLayer | Synchronizing object | G3R03_panel_vertical_stile.002
Fra:451 Mem:800.41M (Peak 814.10M) | Time:00:01.97 | Mem:0.00M, Peak:0.00M | Scene, ViewLayer | Synchronizing object | G3R03_panel_vertical_stile.003
Fra:451 Mem:800.44M (Peak 814.10M) | Time:00:01.97 | Mem:0.00M, Peak:0.00M | Scene, ViewLayer | Synchronizing object | G3R03_panel_vertical_stile.004
Fra:451 Mem:800.48M (Peak 814.10M) | Time:00:01.97 | Mem:0.00M, Peak:0.00M | Scene, ViewLayer | Synchronizing object | G3R03_door_light_rim
Fra:451 Mem:800.51M (Peak 814.10M) | Time:00:01.97 | Mem:0.00M, Peak:0.00M | Scene, ViewLayer | Synchronizing object | G3R03_door_light_diffuser
Fra:451 Mem:800.51M (Peak 814.10M) | Time:00:01.97 | Mem:0.00M, Peak:0.00M | Scene, ViewLayer | Synchronizing object | G3R03_threshold_countersink
Fra:451 Mem:800.53M (Peak 814.10M) | Time:00:01.97 | Mem:0.00M, Peak:0.00M | Scene, ViewLayer | Synchronizing object | G3R03_threshold_countersink.001
Fra:451 Mem:800.55M (Peak 814.10M) | Time:00:01.97 | Mem:0.00M, Peak:0.00M | Scene, ViewLayer | Synchronizing object | G3R04_eave_splice_plate
Fra:451 Mem:800.57M (Peak 814.10M) | Time:00:01.97 | Mem:0.00M, Peak:0.00M | Scene, ViewLayer | Synchronizing object | G3R04_splice_washer
Fra:451 Mem:800.56M (Peak 814.10M) | Time:00:01.97 | Mem:0.00M, Peak:0.00M | Scene, ViewLayer | Synchronizing object | G3R04_splice_hexbolt
Fra:451 Mem:800.57M (Peak 814.10M) | Time:00:01.97 | Mem:0.00M, Peak:0.00M | Scene, ViewLayer | Synchronizing object | G3R04_splice_washer.001
Fra:451 Mem:800.58M (Peak 814.10M) | Time:00:01.97 | Mem:0.00M, Peak:0.00M | Scene, ViewLayer | Synchronizing object | G3R04_splice_hexbolt.001
Fra:451 Mem:800.58M (Peak 814.10M) | Time:00:01.97 | Mem:0.00M, Peak:0.00M | Scene, ViewLayer | Synchronizing object | G3R04_splice_washer.002
Fra:451 Mem:800.59M (Peak 814.10M) | Time:00:01.97 | Mem:0.00M, Peak:0.00M | Scene, ViewLayer | Synchronizing object | G3R04_splice_hexbolt.002
Fra:451 Mem:800.59M (Peak 814.10M) | Time:00:01.97 | Mem:0.00M, Peak:0.00M | Scene, ViewLayer | Synchronizing object | G3R04_splice_washer.003
Fra:451 Mem:800.59M (Peak 814.10M) | Time:00:01.97 | Mem:0.00M, Peak:0.00M | Scene, ViewLayer | Synchronizing object | G3R04_splice_hexbolt.003
Fra:451 Mem:800.60M (Peak 814.10M) | Time:00:01.97 | Mem:0.00M, Peak:0.00M | Scene, ViewLayer | Synchronizing object | G3R04_eave_splice_plate.001
Fra:451 Mem:800.60M (Peak 814.10M) | Time:00:01.97 | Mem:0.00M, Peak:0.00M | Scene, ViewLayer | Synchronizing object | G3R04_splice_washer.004
Fra:451 Mem:800.65M (Peak 814.10M) | Time:00:01.97 | Mem:0.00M, Peak:0.00M | Scene, ViewLayer | Synchronizing object | G3R04_splice_hexbolt.004
Fra:451 Mem:800.64M (Peak 814.10M) | Time:00:01.97 | Mem:0.00M, Peak:0.00M | Scene, ViewLayer | Synchronizing object | G3R04_splice_washer.005
Fra:451 Mem:800.65M (Peak 814.10M) | Time:00:01.97 | Mem:0.00M, Peak:0.00M | Scene, ViewLayer | Synchronizing object | G3R04_splice_hexbolt.005
Fra:451 Mem:800.66M (Peak 814.10M) | Time:00:01.97 | Mem:0.00M, Peak:0.00M | Scene, ViewLayer | Synchronizing object | G3R04_splice_washer.006
Fra:451 Mem:800.65M (Peak 814.10M) | Time:00:01.97 | Mem:0.00M, Peak:0.00M | Scene, ViewLayer | Synchronizing object | G3R04_splice_hexbolt.006
Fra:451 Mem:800.65M (Peak 814.10M) | Time:00:01.97 | Mem:0.00M, Peak:0.00M | Scene, ViewLayer | Synchronizing object | G3R04_splice_washer.007
Fra:451 Mem:800.66M (Peak 814.10M) | Time:00:01.97 | Mem:0.00M, Peak:0.00M | Scene, ViewLayer | Synchronizing object | G3R04_splice_hexbolt.007
Fra:451 Mem:800.67M (Peak 814.10M) | Time:00:01.97 | Mem:0.00M, Peak:0.00M | Scene, ViewLayer | Synchronizing object | G3R04_eave_splice_plate.002
Fra:451 Mem:800.67M (Peak 814.10M) | Time:00:01.97 | Mem:0.00M, Peak:0.00M | Scene, ViewLayer | Synchronizing object | G3R04_splice_washer.008
Fra:451 Mem:800.71M (Peak 814.10M) | Time:00:01.97 | Mem:0.00M, Peak:0.00M | Scene, ViewLayer | Synchronizing object | G3R04_splice_hexbolt.008
Fra:451 Mem:800.70M (Peak 814.10M) | Time:00:01.97 | Mem:0.00M, Peak:0.00M | Scene, ViewLayer | Synchronizing object | G3R04_splice_washer.009
Fra:451 Mem:800.71M (Peak 814.10M) | Time:00:01.97 | Mem:0.00M, Peak:0.00M | Scene, ViewLayer | Synchronizing object | G3R04_splice_hexbolt.009
Fra:451 Mem:800.73M (Peak 814.10M) | Time:00:01.97 | Mem:0.00M, Peak:0.00M | Scene, ViewLayer | Synchronizing object | G3R04_splice_washer.010
Fra:451 Mem:800.73M (Peak 814.10M) | Time:00:01.97 | Mem:0.00M, Peak:0.00M | Scene, ViewLayer | Synchronizing object | G3R04_splice_hexbolt.010
Fra:451 Mem:800.72M (Peak 814.10M) | Time:00:01.97 | Mem:0.00M, Peak:0.00M | Scene, ViewLayer | Synchronizing object | G3R04_splice_washer.011
Fra:451 Mem:800.73M (Peak 814.10M) | Time:00:01.97 | Mem:0.00M, Peak:0.00M | Scene, ViewLayer | Synchronizing object | G3R04_splice_hexbolt.011
Fra:451 Mem:800.73M (Peak 814.10M) | Time:00:01.97 | Mem:0.00M, Peak:0.00M | Scene, ViewLayer | Synchronizing object | G3R04_eave_splice_plate.003
Fra:451 Mem:800.73M (Peak 814.10M) | Time:00:01.97 | Mem:0.00M, Peak:0.00M | Scene, ViewLayer | Synchronizing object | G3R04_splice_washer.012
Fra:451 Mem:800.76M (Peak 814.10M) | Time:00:01.97 | Mem:0.00M, Peak:0.00M | Scene, ViewLayer | Synchronizing object | G3R04_splice_hexbolt.012
Fra:451 Mem:800.77M (Peak 814.10M) | Time:00:01.97 | Mem:0.00M, Peak:0.00M | Scene, ViewLayer | Synchronizing object | G3R04_splice_washer.013
Fra:451 Mem:800.78M (Peak 814.10M) | Time:00:01.97 | Mem:0.00M, Peak:0.00M | Scene, ViewLayer | Synchronizing object | G3R04_splice_hexbolt.013
Fra:451 Mem:800.78M (Peak 814.10M) | Time:00:01.97 | Mem:0.00M, Peak:0.00M | Scene, ViewLayer | Synchronizing object | G3R04_splice_washer.014
Fra:451 Mem:800.79M (Peak 814.10M) | Time:00:01.97 | Mem:0.00M, Peak:0.00M | Scene, ViewLayer | Synchronizing object | G3R04_splice_hexbolt.014
Fra:451 Mem:800.79M (Peak 814.10M) | Time:00:01.97 | Mem:0.00M, Peak:0.00M | Scene, ViewLayer | Synchronizing object | G3R04_splice_washer.015
Fra:451 Mem:800.79M (Peak 814.10M) | Time:00:01.97 | Mem:0.00M, Peak:0.00M | Scene, ViewLayer | Synchronizing object | G3R04_splice_hexbolt.015
Fra:451 Mem:800.80M (Peak 814.10M) | Time:00:01.97 | Mem:0.00M, Peak:0.00M | Scene, ViewLayer | Synchronizing object | G3R04_sconce_mount
Fra:451 Mem:800.80M (Peak 814.10M) | Time:00:01.97 | Mem:0.00M, Peak:0.00M | Scene, ViewLayer | Synchronizing object | G3R04_opal_diffuser
Fra:451 Mem:800.85M (Peak 814.10M) | Time:00:01.97 | Mem:0.00M, Peak:0.00M | Scene, ViewLayer | Synchronizing object | G3R04_sconce_cap
Fra:451 Mem:800.87M (Peak 814.10M) | Time:00:01.97 | Mem:0.00M, Peak:0.00M | Scene, ViewLayer | Synchronizing object | G3R04_sconce_cap.001
Fra:451 Mem:800.87M (Peak 814.10M) | Time:00:01.97 | Mem:0.00M, Peak:0.00M | Scene, ViewLayer | Synchronizing object | G3R04_sconce_cage
Fra:451 Mem:800.88M (Peak 814.10M) | Time:00:01.97 | Mem:0.00M, Peak:0.00M | Scene, ViewLayer | Synchronizing object | G3R04_sconce_cage.001
Fra:451 Mem:800.88M (Peak 814.10M) | Time:00:01.97 | Mem:0.00M, Peak:0.00M | Scene, ViewLayer | Synchronizing object | G3R04_sconce_mount.001
Fra:451 Mem:800.91M (Peak 814.10M) | Time:00:01.97 | Mem:0.00M, Peak:0.00M | Scene, ViewLayer | Synchronizing object | G3R04_opal_diffuser.001
Fra:451 Mem:801.50M (Peak 814.10M) | Time:00:01.97 | Mem:0.00M, Peak:0.00M | Scene, ViewLayer | Synchronizing object | G3R04_sconce_cap.002
Fra:451 Mem:801.53M (Peak 814.10M) | Time:00:01.97 | Mem:0.00M, Peak:0.00M | Scene, ViewLayer | Synchronizing object | G3R04_sconce_cap.003
Fra:451 Mem:801.56M (Peak 814.10M) | Time:00:01.97 | Mem:0.00M, Peak:0.00M | Scene, ViewLayer | Synchronizing object | G3R04_sconce_cage.002
Fra:451 Mem:802.48M (Peak 814.10M) | Time:00:01.97 | Mem:0.00M, Peak:0.00M | Scene, ViewLayer | Synchronizing object | G3R04_sconce_cage.003
Fra:451 Mem:802.51M (Peak 814.10M) | Time:00:01.97 | Mem:0.00M, Peak:0.00M | Scene, ViewLayer | Synchronizing object | G3R04_right_wall_sconce
Fra:451 Mem:802.48M (Peak 814.10M) | Time:00:01.97 | Mem:0.00M, Peak:0.00M | Scene, ViewLayer | Synchronizing object | G3R05_uplight_foot
Fra:451 Mem:802.49M (Peak 814.10M) | Time:00:01.97 | Mem:0.00M, Peak:0.00M | Scene, ViewLayer | Synchronizing object | G3R05_uplight_body
Fra:451 Mem:803.09M (Peak 814.10M) | Time:00:01.97 | Mem:0.00M, Peak:0.00M | Scene, ViewLayer | Synchronizing object | G3R05_uplight_bezel
Fra:451 Mem:803.10M (Peak 814.10M) | Time:00:01.97 | Mem:0.00M, Peak:0.00M | Scene, ViewLayer | Synchronizing object | G3R05_uplight_lens
Fra:451 Mem:803.12M (Peak 814.10M) | Time:00:01.97 | Mem:0.00M, Peak:0.00M | Scene, ViewLayer | Synchronizing object | G3R05_arch_wash
Fra:451 Mem:803.11M (Peak 814.10M) | Time:00:01.97 | Mem:0.00M, Peak:0.00M | Scene, ViewLayer | Synchronizing object | G3R05_uplight_foot.001
Fra:451 Mem:803.12M (Peak 814.10M) | Time:00:01.97 | Mem:0.00M, Peak:0.00M | Scene, ViewLayer | Synchronizing object | G3R05_uplight_body.001
Fra:451 Mem:803.15M (Peak 814.10M) | Time:00:01.97 | Mem:0.00M, Peak:0.00M | Scene, ViewLayer | Synchronizing object | G3R05_uplight_bezel.001
Fra:451 Mem:803.16M (Peak 814.10M) | Time:00:01.97 | Mem:0.00M, Peak:0.00M | Scene, ViewLayer | Synchronizing object | G3R05_uplight_lens.001
Fra:451 Mem:803.18M (Peak 814.10M) | Time:00:01.97 | Mem:0.00M, Peak:0.00M | Scene, ViewLayer | Synchronizing object | G3R05_arch_wash.001
Fra:451 Mem:803.17M (Peak 814.10M) | Time:00:01.97 | Mem:0.00M, Peak:0.00M | Scene, ViewLayer | Synchronizing object | G3R06_purlin_clamp
Fra:451 Mem:803.17M (Peak 814.10M) | Time:00:01.97 | Mem:0.00M, Peak:0.00M | Scene, ViewLayer | Synchronizing object | G3R06_projector_stem
Fra:451 Mem:803.21M (Peak 814.10M) | Time:00:01.97 | Mem:0.00M, Peak:0.00M | Scene, ViewLayer | Synchronizing object | G3R06_clamp_fastener
Fra:451 Mem:803.22M (Peak 814.10M) | Time:00:01.97 | Mem:0.00M, Peak:0.00M | Scene, ViewLayer | Synchronizing object | G3R06_clamp_fastener.001
Fra:451 Mem:803.21M (Peak 814.10M) | Time:00:01.97 | Mem:0.00M, Peak:0.00M | Scene, ViewLayer | Synchronizing object | G3R06_projector_housing
Fra:451 Mem:803.23M (Peak 814.10M) | Time:00:01.97 | Mem:0.00M, Peak:0.00M | Scene, ViewLayer | Synchronizing object | G3R06_projector_bezel
Fra:451 Mem:803.24M (Peak 814.10M) | Time:00:01.97 | Mem:0.00M, Peak:0.00M | Scene, ViewLayer | Synchronizing object | G3R06_projector_optic
Fra:451 Mem:803.82M (Peak 814.10M) | Time:00:01.97 | Mem:0.00M, Peak:0.00M | Scene, ViewLayer | Synchronizing object | G3R06_upper_node_wash
Fra:451 Mem:803.81M (Peak 814.10M) | Time:00:01.97 | Mem:0.00M, Peak:0.00M | Scene, ViewLayer | Synchronizing object | G3R06_purlin_clamp.001
Fra:451 Mem:803.82M (Peak 814.10M) | Time:00:01.97 | Mem:0.00M, Peak:0.00M | Scene, ViewLayer | Synchronizing object | G3R06_projector_stem.001
Fra:451 Mem:803.86M (Peak 814.10M) | Time:00:01.97 | Mem:0.00M, Peak:0.00M | Scene, ViewLayer | Synchronizing object | G3R06_clamp_fastener.002
Fra:451 Mem:803.85M (Peak 814.10M) | Time:00:01.97 | Mem:0.00M, Peak:0.00M | Scene, ViewLayer | Synchronizing object | G3R06_clamp_fastener.003
Fra:451 Mem:803.86M (Peak 814.10M) | Time:00:01.97 | Mem:0.00M, Peak:0.00M | Scene, ViewLayer | Synchronizing object | G3R06_projector_housing.001
Fra:451 Mem:803.87M (Peak 814.10M) | Time:00:01.97 | Mem:0.00M, Peak:0.00M | Scene, ViewLayer | Synchronizing object | G3R06_projector_bezel.001
Fra:451 Mem:803.87M (Peak 814.10M) | Time:00:01.97 | Mem:0.00M, Peak:0.00M | Scene, ViewLayer | Synchronizing object | G3R06_projector_optic.001
Fra:451 Mem:803.89M (Peak 814.10M) | Time:00:01.97 | Mem:0.00M, Peak:0.00M | Scene, ViewLayer | Synchronizing object | G3R06_upper_node_wash.001
Fra:451 Mem:803.89M (Peak 814.10M) | Time:00:01.97 | Mem:0.00M, Peak:0.00M | Scene, ViewLayer | Synchronizing object | G4_joint_G3_column_anchor_bolt
Fra:451 Mem:803.89M (Peak 814.10M) | Time:00:01.97 | Mem:0.00M, Peak:0.00M | Scene, ViewLayer | Synchronizing object | G4_joint_G3_column_anchor_bolt.001
Fra:451 Mem:803.90M (Peak 814.10M) | Time:00:01.97 | Mem:0.00M, Peak:0.00M | Scene, ViewLayer | Synchronizing object | G4_joint_G3_column_anchor_bolt.002
Fra:451 Mem:803.90M (Peak 814.10M) | Time:00:01.97 | Mem:0.00M, Peak:0.00M | Scene, ViewLayer | Synchronizing object | G4_joint_G3_column_anchor_bolt.003
Fra:451 Mem:803.90M (Peak 814.10M) | Time:00:01.97 | Mem:0.00M, Peak:0.00M | Scene, ViewLayer | Synchronizing object | G4_joint_G3_column_cap_plate
Fra:451 Mem:803.90M (Peak 814.10M) | Time:00:01.97 | Mem:0.00M, Peak:0.00M | Scene, ViewLayer | Synchronizing object | G4_joint_G3_cap_rivet
Fra:451 Mem:803.93M (Peak 814.10M) | Time:00:01.97 | Mem:0.00M, Peak:0.00M | Scene, ViewLayer | Synchronizing object | G4_joint_G3_cap_rivet.001
Fra:451 Mem:803.95M (Peak 814.10M) | Time:00:01.97 | Mem:0.00M, Peak:0.00M | Scene, ViewLayer | Synchronizing object | G4_joint_G3R04_eave_splice_plate
Fra:451 Mem:803.96M (Peak 814.10M) | Time:00:01.97 | Mem:0.00M, Peak:0.00M | Scene, ViewLayer | Synchronizing object | G4_joint_G3R04_splice_washer
Fra:451 Mem:804.19M (Peak 814.10M) | Time:00:01.97 | Mem:0.00M, Peak:0.00M | Scene, ViewLayer | Synchronizing object | G4_joint_G3R04_splice_hexbolt
Fra:451 Mem:804.18M (Peak 814.10M) | Time:00:01.97 | Mem:0.00M, Peak:0.00M | Scene, ViewLayer | Synchronizing object | G4_joint_G3R04_splice_washer.001
Fra:451 Mem:804.18M (Peak 814.10M) | Time:00:01.97 | Mem:0.00M, Peak:0.00M | Scene, ViewLayer | Synchronizing object | G4_joint_G3R04_splice_hexbolt.001
Fra:451 Mem:804.19M (Peak 814.10M) | Time:00:01.97 | Mem:0.00M, Peak:0.00M | Scene, ViewLayer | Synchronizing object | G4_joint_G3R04_splice_washer.002
Fra:451 Mem:804.20M (Peak 814.10M) | Time:00:01.97 | Mem:0.00M, Peak:0.00M | Scene, ViewLayer | Synchronizing object | G4_joint_G3R04_splice_hexbolt.002
Fra:451 Mem:804.20M (Peak 814.10M) | Time:00:01.97 | Mem:0.00M, Peak:0.00M | Scene, ViewLayer | Synchronizing object | G4_joint_G3R04_splice_washer.003
Fra:451 Mem:804.21M (Peak 814.10M) | Time:00:01.97 | Mem:0.00M, Peak:0.00M | Scene, ViewLayer | Synchronizing object | G4_joint_G3R04_splice_hexbolt.003
Fra:451 Mem:804.21M (Peak 814.10M) | Time:00:01.97 | Mem:0.00M, Peak:0.00M | Scene, ViewLayer | Synchronizing object | G4_joint_G3R04_eave_splice_plate.001
Fra:451 Mem:804.21M (Peak 814.10M) | Time:00:01.97 | Mem:0.00M, Peak:0.00M | Scene, ViewLayer | Synchronizing object | G4_joint_G3R04_splice_washer.004
Fra:451 Mem:804.25M (Peak 814.10M) | Time:00:01.97 | Mem:0.00M, Peak:0.00M | Scene, ViewLayer | Synchronizing object | G4_joint_G3R04_splice_hexbolt.004
Fra:451 Mem:804.26M (Peak 814.10M) | Time:00:01.97 | Mem:0.00M, Peak:0.00M | Scene, ViewLayer | Synchronizing object | G4_joint_G3R04_splice_washer.005
Fra:451 Mem:804.26M (Peak 814.10M) | Time:00:01.97 | Mem:0.00M, Peak:0.00M | Scene, ViewLayer | Synchronizing object | G4_joint_G3R04_splice_hexbolt.005
Fra:451 Mem:804.26M (Peak 814.10M) | Time:00:01.97 | Mem:0.00M, Peak:0.00M | Scene, ViewLayer | Synchronizing object | G4_joint_G3R04_splice_washer.006
Fra:451 Mem:804.27M (Peak 814.10M) | Time:00:01.97 | Mem:0.00M, Peak:0.00M | Scene, ViewLayer | Synchronizing object | G4_joint_G3R04_splice_hexbolt.006
Fra:451 Mem:804.27M (Peak 814.10M) | Time:00:01.97 | Mem:0.00M, Peak:0.00M | Scene, ViewLayer | Synchronizing object | G4_joint_G3R04_splice_washer.007
Fra:451 Mem:804.27M (Peak 814.10M) | Time:00:01.97 | Mem:0.00M, Peak:0.00M | Scene, ViewLayer | Synchronizing object | G4_joint_G3R04_splice_hexbolt.007
Fra:451 Mem:804.28M (Peak 814.10M) | Time:00:01.97 | Mem:0.00M, Peak:0.00M | Scene, ViewLayer | Synchronizing object | G4_sconce_G3R04_sconce_mount
Fra:451 Mem:804.28M (Peak 814.10M) | Time:00:01.97 | Mem:0.00M, Peak:0.00M | Scene, ViewLayer | Synchronizing object | G4_sconce_G3R04_opal_diffuser
Fra:451 Mem:804.33M (Peak 814.10M) | Time:00:01.97 | Mem:0.00M, Peak:0.00M | Scene, ViewLayer | Synchronizing object | G4_sconce_G3R04_sconce_cap
Fra:451 Mem:804.32M (Peak 814.10M) | Time:00:01.97 | Mem:0.00M, Peak:0.00M | Scene, ViewLayer | Synchronizing object | G4_sconce_G3R04_sconce_cap.001
Fra:451 Mem:804.40M (Peak 814.10M) | Time:00:01.97 | Mem:0.00M, Peak:0.00M | Scene, ViewLayer | Synchronizing object | G4_sconce_G3R04_sconce_cage
Fra:451 Mem:804.38M (Peak 814.10M) | Time:00:01.97 | Mem:0.00M, Peak:0.00M | Scene, ViewLayer | Synchronizing object | G4_sconce_G3R04_sconce_cage.001
Fra:451 Mem:804.38M (Peak 814.10M) | Time:00:01.97 | Mem:0.00M, Peak:0.00M | Scene, ViewLayer | Synchronizing object | G4_column_sconce
Fra:451 Mem:804.38M (Peak 814.10M) | Time:00:01.97 | Mem:0.00M, Peak:0.00M | Scene, ViewLayer | Synchronizing object | G4_joint_G3_column_anchor_bolt.004
Fra:451 Mem:804.38M (Peak 814.10M) | Time:00:01.97 | Mem:0.00M, Peak:0.00M | Scene, ViewLayer | Synchronizing object | G4_joint_G3_column_anchor_bolt.005
Fra:451 Mem:804.39M (Peak 814.10M) | Time:00:01.97 | Mem:0.00M, Peak:0.00M | Scene, ViewLayer | Synchronizing object | G4_joint_G3_column_anchor_bolt.006
Fra:451 Mem:804.39M (Peak 814.10M) | Time:00:01.97 | Mem:0.00M, Peak:0.00M | Scene, ViewLayer | Synchronizing object | G4_joint_G3_column_anchor_bolt.007
Fra:451 Mem:804.39M (Peak 814.10M) | Time:00:01.97 | Mem:0.00M, Peak:0.00M | Scene, ViewLayer | Synchronizing object | G4_joint_G3_column_cap_plate.001
Fra:451 Mem:804.39M (Peak 814.10M) | Time:00:01.97 | Mem:0.00M, Peak:0.00M | Scene, ViewLayer | Synchronizing object | G4_joint_G3_cap_rivet.002
Fra:451 Mem:804.42M (Peak 814.10M) | Time:00:01.97 | Mem:0.00M, Peak:0.00M | Scene, ViewLayer | Synchronizing object | G4_joint_G3_cap_rivet.003
Fra:451 Mem:804.42M (Peak 814.10M) | Time:00:01.97 | Mem:0.00M, Peak:0.00M | Scene, ViewLayer | Synchronizing object | G4_joint_G3R04_eave_splice_plate.002
Fra:451 Mem:804.46M (Peak 814.10M) | Time:00:01.97 | Mem:0.00M, Peak:0.00M | Scene, ViewLayer | Synchronizing object | G4_joint_G3R04_splice_washer.008
Fra:451 Mem:804.47M (Peak 814.10M) | Time:00:01.97 | Mem:0.00M, Peak:0.00M | Scene, ViewLayer | Synchronizing object | G4_joint_G3R04_splice_hexbolt.008
Fra:451 Mem:804.47M (Peak 814.10M) | Time:00:01.97 | Mem:0.00M, Peak:0.00M | Scene, ViewLayer | Synchronizing object | G4_joint_G3R04_splice_washer.009
Fra:451 Mem:804.48M (Peak 814.10M) | Time:00:01.97 | Mem:0.00M, Peak:0.00M | Scene, ViewLayer | Synchronizing object | G4_joint_G3R04_splice_hexbolt.009
Fra:451 Mem:804.48M (Peak 814.10M) | Time:00:01.97 | Mem:0.00M, Peak:0.00M | Scene, ViewLayer | Synchronizing object | G4_joint_G3R04_splice_hexbolt.010
Fra:451 Mem:804.48M (Peak 814.10M) | Time:00:01.97 | Mem:0.00M, Peak:0.00M | Scene, ViewLayer | Synchronizing object | G4_joint_G3R04_splice_washer.011
Fra:451 Mem:804.49M (Peak 814.10M) | Time:00:01.97 | Mem:0.00M, Peak:0.00M | Scene, ViewLayer | Synchronizing object | G4_joint_G3R04_splice_hexbolt.011
Fra:451 Mem:804.50M (Peak 814.10M) | Time:00:01.97 | Mem:0.00M, Peak:0.00M | Scene, ViewLayer | Synchronizing object | G4_joint_G3R04_eave_splice_plate.003
Fra:451 Mem:805.83M (Peak 814.10M) | Time:00:01.97 | Mem:0.00M, Peak:0.00M | Scene, ViewLayer | Synchronizing object | G4_joint_G3R04_splice_washer.012
Fra:451 Mem:805.84M (Peak 814.10M) | Time:00:01.97 | Mem:0.00M, Peak:0.00M | Scene, ViewLayer | Synchronizing object | G4_joint_G3R04_splice_hexbolt.012
Fra:451 Mem:805.84M (Peak 814.10M) | Time:00:01.97 | Mem:0.00M, Peak:0.00M | Scene, ViewLayer | Synchronizing object | G4_joint_G3R04_splice_washer.013
Fra:451 Mem:805.85M (Peak 814.10M) | Time:00:01.97 | Mem:0.00M, Peak:0.00M | Scene, ViewLayer | Synchronizing object | G4_joint_G3R04_splice_hexbolt.013
Fra:451 Mem:805.85M (Peak 814.10M) | Time:00:01.97 | Mem:0.00M, Peak:0.00M | Scene, ViewLayer | Synchronizing object | G4_joint_G3R04_splice_washer.014
Fra:451 Mem:805.86M (Peak 814.10M) | Time:00:01.97 | Mem:0.00M, Peak:0.00M | Scene, ViewLayer | Synchronizing object | G4_joint_G3R04_splice_hexbolt.014
Fra:451 Mem:805.87M (Peak 814.10M) | Time:00:01.97 | Mem:0.00M, Peak:0.00M | Scene, ViewLayer | Synchronizing object | G4_joint_G3R04_splice_washer.015
Fra:451 Mem:805.88M (Peak 814.10M) | Time:00:01.97 | Mem:0.00M, Peak:0.00M | Scene, ViewLayer | Synchronizing object | G4_joint_G3R04_splice_hexbolt.015
Fra:451 Mem:805.88M (Peak 814.10M) | Time:00:01.97 | Mem:0.00M, Peak:0.00M | Scene, ViewLayer | Synchronizing object | G4_sconce_G3R04_sconce_mount.001
Fra:451 Mem:805.91M (Peak 814.10M) | Time:00:01.97 | Mem:0.00M, Peak:0.00M | Scene, ViewLayer | Synchronizing object | G4_sconce_G3R04_opal_diffuser.001
Fra:451 Mem:805.94M (Peak 814.10M) | Time:00:01.97 | Mem:0.00M, Peak:0.00M | Scene, ViewLayer | Synchronizing object | G4_sconce_G3R04_sconce_cap.002
Fra:451 Mem:805.97M (Peak 814.10M) | Time:00:01.97 | Mem:0.00M, Peak:0.00M | Scene, ViewLayer | Synchronizing object | G4_sconce_G3R04_sconce_cap.003
Fra:451 Mem:799.95M (Peak 814.10M) | Time:00:01.97 | Mem:0.00M, Peak:0.00M | Scene, ViewLayer | Synchronizing object | G4_sconce_G3R04_sconce_cage.002
Fra:451 Mem:799.96M (Peak 814.10M) | Time:00:01.97 | Mem:0.00M, Peak:0.00M | Scene, ViewLayer | Synchronizing object | G4_sconce_G3R04_sconce_cage.003
Fra:451 Mem:799.96M (Peak 814.10M) | Time:00:01.97 | Mem:0.00M, Peak:0.00M | Scene, ViewLayer | Synchronizing object | G4_column_sconce.001
Fra:451 Mem:799.96M (Peak 814.10M) | Time:00:01.97 | Mem:0.00M, Peak:0.00M | Scene, ViewLayer | Synchronizing object | G4_joint_G3_column_anchor_bolt.008
Fra:451 Mem:799.97M (Peak 814.10M) | Time:00:01.97 | Mem:0.00M, Peak:0.00M | Scene, ViewLayer | Synchronizing object | G4_joint_G3_column_anchor_bolt.009
Fra:451 Mem:799.97M (Peak 814.10M) | Time:00:01.97 | Mem:0.00M, Peak:0.00M | Scene, ViewLayer | Synchronizing object | G4_joint_G3_column_anchor_bolt.010
Fra:451 Mem:799.97M (Peak 814.10M) | Time:00:01.97 | Mem:0.00M, Peak:0.00M | Scene, ViewLayer | Synchronizing object | G4_joint_G3_column_anchor_bolt.011
Fra:451 Mem:799.97M (Peak 814.10M) | Time:00:01.97 | Mem:0.00M, Peak:0.00M | Scene, ViewLayer | Synchronizing object | G4_joint_G3_column_cap_plate.002
Fra:451 Mem:800.00M (Peak 814.10M) | Time:00:01.97 | Mem:0.00M, Peak:0.00M | Scene, ViewLayer | Synchronizing object | G4_joint_G3_cap_rivet.004
Fra:451 Mem:800.75M (Peak 814.10M) | Time:00:01.97 | Mem:0.00M, Peak:0.00M | Scene, ViewLayer | Synchronizing object | G4_joint_G3_cap_rivet.005
Fra:451 Mem:800.75M (Peak 814.10M) | Time:00:01.97 | Mem:0.00M, Peak:0.00M | Scene, ViewLayer | Synchronizing object | G4_joint_G3R04_eave_splice_plate.004
Fra:451 Mem:800.78M (Peak 814.10M) | Time:00:01.97 | Mem:0.00M, Peak:0.00M | Scene, ViewLayer | Synchronizing object | G4_joint_G3R04_splice_washer.016
Fra:451 Mem:800.79M (Peak 814.10M) | Time:00:01.97 | Mem:0.00M, Peak:0.00M | Scene, ViewLayer | Synchronizing object | G4_joint_G3R04_splice_hexbolt.016
Fra:451 Mem:800.80M (Peak 814.10M) | Time:00:01.97 | Mem:0.00M, Peak:0.00M | Scene, ViewLayer | Synchronizing object | G4_joint_G3R04_splice_washer.017
Fra:451 Mem:800.81M (Peak 814.10M) | Time:00:01.97 | Mem:0.00M, Peak:0.00M | Scene, ViewLayer | Synchronizing object | G4_joint_G3R04_splice_hexbolt.017
Fra:451 Mem:800.81M (Peak 814.10M) | Time:00:01.97 | Mem:0.00M, Peak:0.00M | Scene, ViewLayer | Synchronizing object | G4_joint_G3R04_splice_washer.018
Fra:451 Mem:800.82M (Peak 814.10M) | Time:00:01.97 | Mem:0.00M, Peak:0.00M | Scene, ViewLayer | Synchronizing object | G4_joint_G3R04_splice_hexbolt.018
Fra:451 Mem:800.82M (Peak 814.10M) | Time:00:01.97 | Mem:0.00M, Peak:0.00M | Scene, ViewLayer | Synchronizing object | G4_joint_G3R04_splice_washer.019
Fra:451 Mem:800.83M (Peak 814.10M) | Time:00:01.97 | Mem:0.00M, Peak:0.00M | Scene, ViewLayer | Synchronizing object | G4_joint_G3R04_splice_hexbolt.019
Fra:451 Mem:800.83M (Peak 814.10M) | Time:00:01.97 | Mem:0.00M, Peak:0.00M | Scene, ViewLayer | Synchronizing object | G4_joint_G3R04_eave_splice_plate.005
Fra:451 Mem:799.55M (Peak 814.10M) | Time:00:01.97 | Mem:0.00M, Peak:0.00M | Scene, ViewLayer | Synchronizing object | G4_joint_G3R04_splice_washer.020
Fra:451 Mem:799.57M (Peak 814.10M) | Time:00:01.97 | Mem:0.00M, Peak:0.00M | Scene, ViewLayer | Synchronizing object | G4_joint_G3R04_splice_hexbolt.020
Fra:451 Mem:799.58M (Peak 814.10M) | Time:00:01.97 | Mem:0.00M, Peak:0.00M | Scene, ViewLayer | Synchronizing object | G4_joint_G3R04_splice_washer.021
Fra:451 Mem:799.59M (Peak 814.10M) | Time:00:01.97 | Mem:0.00M, Peak:0.00M | Scene, ViewLayer | Synchronizing object | G4_joint_G3R04_splice_hexbolt.021
Fra:451 Mem:799.59M (Peak 814.10M) | Time:00:01.97 | Mem:0.00M, Peak:0.00M | Scene, ViewLayer | Synchronizing object | G4_joint_G3R04_splice_washer.022
Fra:451 Mem:799.60M (Peak 814.10M) | Time:00:01.97 | Mem:0.00M, Peak:0.00M | Scene, ViewLayer | Synchronizing object | G4_joint_G3R04_splice_hexbolt.022
Fra:451 Mem:799.60M (Peak 814.10M) | Time:00:01.97 | Mem:0.00M, Peak:0.00M | Scene, ViewLayer | Synchronizing object | G4_joint_G3R04_splice_washer.023
Fra:451 Mem:799.61M (Peak 814.10M) | Time:00:01.97 | Mem:0.00M, Peak:0.00M | Scene, ViewLayer | Synchronizing object | G4_joint_G3R04_splice_hexbolt.023
Fra:451 Mem:799.62M (Peak 814.10M) | Time:00:01.97 | Mem:0.00M, Peak:0.00M | Scene, ViewLayer | Synchronizing object | G4_sconce_G3R04_sconce_mount.002
Fra:451 Mem:799.65M (Peak 814.10M) | Time:00:01.97 | Mem:0.00M, Peak:0.00M | Scene, ViewLayer | Synchronizing object | G4_sconce_G3R04_opal_diffuser.002
Fra:451 Mem:799.67M (Peak 814.10M) | Time:00:01.97 | Mem:0.00M, Peak:0.00M | Scene, ViewLayer | Synchronizing object | G4_sconce_G3R04_sconce_cap.004
Fra:451 Mem:799.70M (Peak 814.10M) | Time:00:01.97 | Mem:0.00M, Peak:0.00M | Scene, ViewLayer | Synchronizing object | G4_sconce_G3R04_sconce_cap.005
Fra:451 Mem:799.73M (Peak 814.10M) | Time:00:01.97 | Mem:0.00M, Peak:0.00M | Scene, ViewLayer | Synchronizing object | G4_sconce_G3R04_sconce_cage.004
Fra:451 Mem:799.75M (Peak 814.10M) | Time:00:01.97 | Mem:0.00M, Peak:0.00M | Scene, ViewLayer | Synchronizing object | G4_sconce_G3R04_sconce_cage.005
Fra:451 Mem:799.73M (Peak 814.10M) | Time:00:01.97 | Mem:0.00M, Peak:0.00M | Scene, ViewLayer | Synchronizing object | G4_column_sconce.002
Fra:451 Mem:799.73M (Peak 814.10M) | Time:00:01.97 | Mem:0.00M, Peak:0.00M | Scene, ViewLayer | Synchronizing object | G4_joint_G3_column_anchor_bolt.012
Fra:451 Mem:799.73M (Peak 814.10M) | Time:00:01.97 | Mem:0.00M, Peak:0.00M | Scene, ViewLayer | Synchronizing object | G4_joint_G3_column_anchor_bolt.014
Fra:451 Mem:799.74M (Peak 814.10M) | Time:00:01.97 | Mem:0.00M, Peak:0.00M | Scene, ViewLayer | Synchronizing object | G4_joint_G3_column_anchor_bolt.015
Fra:451 Mem:799.74M (Peak 814.10M) | Time:00:01.97 | Mem:0.00M, Peak:0.00M | Scene, ViewLayer | Synchronizing object | G4_joint_G3_column_cap_plate.003
Fra:451 Mem:799.75M (Peak 814.10M) | Time:00:01.97 | Mem:0.00M, Peak:0.00M | Scene, ViewLayer | Synchronizing object | G4_joint_G3_cap_rivet.006
Fra:451 Mem:799.78M (Peak 814.10M) | Time:00:01.97 | Mem:0.00M, Peak:0.00M | Scene, ViewLayer | Synchronizing object | G4_joint_G3_cap_rivet.007
Fra:451 Mem:799.78M (Peak 814.10M) | Time:00:01.97 | Mem:0.00M, Peak:0.00M | Scene, ViewLayer | Synchronizing object | G4_joint_G3R04_eave_splice_plate.006
Fra:451 Mem:799.81M (Peak 814.10M) | Time:00:01.97 | Mem:0.00M, Peak:0.00M | Scene, ViewLayer | Synchronizing object | G4_joint_G3R04_splice_washer.024
Fra:451 Mem:799.83M (Peak 814.10M) | Time:00:01.98 | Mem:0.00M, Peak:0.00M | Scene, ViewLayer | Synchronizing object | G4_joint_G3R04_splice_hexbolt.024
Fra:451 Mem:799.82M (Peak 814.10M) | Time:00:01.98 | Mem:0.00M, Peak:0.00M | Scene, ViewLayer | Synchronizing object | G4_joint_G3R04_splice_washer.025
Fra:451 Mem:799.83M (Peak 814.10M) | Time:00:01.98 | Mem:0.00M, Peak:0.00M | Scene, ViewLayer | Synchronizing object | G4_joint_G3R04_splice_hexbolt.025
Fra:451 Mem:799.83M (Peak 814.10M) | Time:00:01.98 | Mem:0.00M, Peak:0.00M | Scene, ViewLayer | Synchronizing object | G4_joint_G3R04_splice_washer.026
Fra:451 Mem:799.84M (Peak 814.10M) | Time:00:01.98 | Mem:0.00M, Peak:0.00M | Scene, ViewLayer | Synchronizing object | G4_joint_G3R04_splice_hexbolt.026
Fra:451 Mem:799.84M (Peak 814.10M) | Time:00:01.98 | Mem:0.00M, Peak:0.00M | Scene, ViewLayer | Synchronizing object | G4_joint_G3R04_splice_washer.027
Fra:451 Mem:799.84M (Peak 814.10M) | Time:00:01.98 | Mem:0.00M, Peak:0.00M | Scene, ViewLayer | Synchronizing object | G4_joint_G3R04_splice_hexbolt.027
Fra:451 Mem:799.85M (Peak 814.10M) | Time:00:01.98 | Mem:0.00M, Peak:0.00M | Scene, ViewLayer | Synchronizing object | G4_joint_G3R04_eave_splice_plate.007
Fra:451 Mem:799.86M (Peak 814.10M) | Time:00:01.98 | Mem:0.00M, Peak:0.00M | Scene, ViewLayer | Synchronizing object | G4_joint_G3R04_splice_washer.028
Fra:451 Mem:799.89M (Peak 814.10M) | Time:00:01.98 | Mem:0.00M, Peak:0.00M | Scene, ViewLayer | Synchronizing object | G4_joint_G3R04_splice_hexbolt.028
Fra:451 Mem:799.89M (Peak 814.10M) | Time:00:01.98 | Mem:0.00M, Peak:0.00M | Scene, ViewLayer | Synchronizing object | G4_joint_G3R04_splice_washer.029
Fra:451 Mem:799.90M (Peak 814.10M) | Time:00:01.98 | Mem:0.00M, Peak:0.00M | Scene, ViewLayer | Synchronizing object | G4_joint_G3R04_splice_hexbolt.029
Fra:451 Mem:799.90M (Peak 814.10M) | Time:00:01.98 | Mem:0.00M, Peak:0.00M | Scene, ViewLayer | Synchronizing object | G4_joint_G3R04_splice_washer.030
Fra:451 Mem:799.92M (Peak 814.10M) | Time:00:01.98 | Mem:0.00M, Peak:0.00M | Scene, ViewLayer | Synchronizing object | G4_joint_G3R04_splice_hexbolt.030
Fra:451 Mem:799.91M (Peak 814.10M) | Time:00:01.98 | Mem:0.00M, Peak:0.00M | Scene, ViewLayer | Synchronizing object | G4_joint_G3R04_splice_washer.031
Fra:451 Mem:799.91M (Peak 814.10M) | Time:00:01.98 | Mem:0.00M, Peak:0.00M | Scene, ViewLayer | Synchronizing object | G4_joint_G3R04_splice_hexbolt.031
Fra:451 Mem:799.92M (Peak 814.10M) | Time:00:01.98 | Mem:0.00M, Peak:0.00M | Scene, ViewLayer | Synchronizing object | G4_sconce_G3R04_sconce_mount.003
Fra:451 Mem:799.93M (Peak 814.10M) | Time:00:01.98 | Mem:0.00M, Peak:0.00M | Scene, ViewLayer | Synchronizing object | G4_sconce_G3R04_opal_diffuser.003
Fra:451 Mem:799.98M (Peak 814.10M) | Time:00:01.98 | Mem:0.00M, Peak:0.00M | Scene, ViewLayer | Synchronizing object | G4_sconce_G3R04_sconce_cap.006
Fra:451 Mem:799.98M (Peak 814.10M) | Time:00:01.98 | Mem:0.00M, Peak:0.00M | Scene, ViewLayer | Synchronizing object | G4_sconce_G3R04_sconce_cap.007
Fra:451 Mem:800.03M (Peak 814.10M) | Time:00:01.98 | Mem:0.00M, Peak:0.00M | Scene, ViewLayer | Synchronizing object | G4_sconce_G3R04_sconce_cage.006
Fra:451 Mem:800.03M (Peak 814.10M) | Time:00:01.98 | Mem:0.00M, Peak:0.00M | Scene, ViewLayer | Synchronizing object | G4_sconce_G3R04_sconce_cage.007
Fra:451 Mem:800.04M (Peak 814.10M) | Time:00:01.98 | Mem:0.00M, Peak:0.00M | Scene, ViewLayer | Synchronizing object | G4_column_sconce.003
Fra:451 Mem:800.04M (Peak 814.10M) | Time:00:01.98 | Mem:0.00M, Peak:0.00M | Scene, ViewLayer | Synchronizing object | G4_joint_G3_column_anchor_bolt.016
Fra:451 Mem:800.04M (Peak 814.10M) | Time:00:01.98 | Mem:0.00M, Peak:0.00M | Scene, ViewLayer | Synchronizing object | G4_joint_G3_column_anchor_bolt.018
Fra:451 Mem:800.05M (Peak 814.10M) | Time:00:01.98 | Mem:0.00M, Peak:0.00M | Scene, ViewLayer | Synchronizing object | G4_joint_G3_column_anchor_bolt.019
Fra:451 Mem:800.05M (Peak 814.10M) | Time:00:01.98 | Mem:0.00M, Peak:0.00M | Scene, ViewLayer | Synchronizing object | G4_joint_G3_column_cap_plate.004
Fra:451 Mem:800.06M (Peak 814.10M) | Time:00:01.98 | Mem:0.00M, Peak:0.00M | Scene, ViewLayer | Synchronizing object | G4_joint_G3_cap_rivet.008
Fra:451 Mem:800.10M (Peak 814.10M) | Time:00:01.98 | Mem:0.00M, Peak:0.00M | Scene, ViewLayer | Synchronizing object | G4_joint_G3_cap_rivet.009
Fra:451 Mem:800.09M (Peak 814.10M) | Time:00:01.98 | Mem:0.00M, Peak:0.00M | Scene, ViewLayer | Synchronizing object | G4_joint_G3R04_eave_splice_plate.008
Fra:451 Mem:800.11M (Peak 814.10M) | Time:00:01.98 | Mem:0.00M, Peak:0.00M | Scene, ViewLayer | Synchronizing object | G4_joint_G3R04_splice_washer.032
Fra:451 Mem:800.12M (Peak 814.10M) | Time:00:01.98 | Mem:0.00M, Peak:0.00M | Scene, ViewLayer | Synchronizing object | G4_joint_G3R04_splice_hexbolt.032
Fra:451 Mem:800.13M (Peak 814.10M) | Time:00:01.98 | Mem:0.00M, Peak:0.00M | Scene, ViewLayer | Synchronizing object | G4_joint_G3R04_splice_washer.033
Fra:451 Mem:800.13M (Peak 814.10M) | Time:00:01.98 | Mem:0.00M, Peak:0.00M | Scene, ViewLayer | Synchronizing object | G4_joint_G3R04_splice_hexbolt.033
Fra:451 Mem:800.13M (Peak 814.10M) | Time:00:01.98 | Mem:0.00M, Peak:0.00M | Scene, ViewLayer | Synchronizing object | G4_joint_G3R04_splice_washer.034
Fra:451 Mem:800.14M (Peak 814.10M) | Time:00:01.98 | Mem:0.00M, Peak:0.00M | Scene, ViewLayer | Synchronizing object | G4_joint_G3R04_splice_hexbolt.034
Fra:451 Mem:800.15M (Peak 814.10M) | Time:00:01.98 | Mem:0.00M, Peak:0.00M | Scene, ViewLayer | Synchronizing object | G4_joint_G3R04_splice_washer.035
Fra:451 Mem:800.15M (Peak 814.10M) | Time:00:01.98 | Mem:0.00M, Peak:0.00M | Scene, ViewLayer | Synchronizing object | G4_joint_G3R04_splice_hexbolt.035
Fra:451 Mem:800.16M (Peak 814.10M) | Time:00:01.98 | Mem:0.00M, Peak:0.00M | Scene, ViewLayer | Synchronizing object | G4_joint_G3R04_eave_splice_plate.009
Fra:451 Mem:800.16M (Peak 814.10M) | Time:00:01.98 | Mem:0.00M, Peak:0.00M | Scene, ViewLayer | Synchronizing object | G4_joint_G3R04_splice_washer.036
Fra:451 Mem:800.20M (Peak 814.10M) | Time:00:01.98 | Mem:0.00M, Peak:0.00M | Scene, ViewLayer | Synchronizing object | G4_joint_G3R04_splice_hexbolt.036
Fra:451 Mem:800.20M (Peak 814.10M) | Time:00:01.98 | Mem:0.00M, Peak:0.00M | Scene, ViewLayer | Synchronizing object | G4_joint_G3R04_splice_washer.037
Fra:451 Mem:800.21M (Peak 814.10M) | Time:00:01.98 | Mem:0.00M, Peak:0.00M | Scene, ViewLayer | Synchronizing object | G4_joint_G3R04_splice_hexbolt.037
Fra:451 Mem:800.21M (Peak 814.10M) | Time:00:01.98 | Mem:0.00M, Peak:0.00M | Scene, ViewLayer | Synchronizing object | G4_joint_G3R04_splice_washer.038
Fra:451 Mem:800.22M (Peak 814.10M) | Time:00:01.98 | Mem:0.00M, Peak:0.00M | Scene, ViewLayer | Synchronizing object | G4_joint_G3R04_splice_hexbolt.038
Fra:451 Mem:800.22M (Peak 814.10M) | Time:00:01.98 | Mem:0.00M, Peak:0.00M | Scene, ViewLayer | Synchronizing object | G4_joint_G3R04_splice_washer.039
Fra:451 Mem:800.22M (Peak 814.10M) | Time:00:01.98 | Mem:0.00M, Peak:0.00M | Scene, ViewLayer | Synchronizing object | G4_joint_G3R04_splice_hexbolt.039
Fra:451 Mem:800.23M (Peak 814.10M) | Time:00:01.98 | Mem:0.00M, Peak:0.00M | Scene, ViewLayer | Synchronizing object | G4_sconce_G3R04_sconce_mount.004
Fra:451 Mem:800.23M (Peak 814.10M) | Time:00:01.98 | Mem:0.00M, Peak:0.00M | Scene, ViewLayer | Synchronizing object | G4_sconce_G3R04_opal_diffuser.004
Fra:451 Mem:800.31M (Peak 814.10M) | Time:00:01.98 | Mem:0.00M, Peak:0.00M | Scene, ViewLayer | Synchronizing object | G4_sconce_G3R04_sconce_cap.008
Fra:451 Mem:800.29M (Peak 814.10M) | Time:00:01.98 | Mem:0.00M, Peak:0.00M | Scene, ViewLayer | Synchronizing object | G4_sconce_G3R04_sconce_cap.009
Fra:451 Mem:800.34M (Peak 814.10M) | Time:00:01.98 | Mem:0.00M, Peak:0.00M | Scene, ViewLayer | Synchronizing object | G4_sconce_G3R04_sconce_cage.008
Fra:451 Mem:800.34M (Peak 814.10M) | Time:00:01.98 | Mem:0.00M, Peak:0.00M | Scene, ViewLayer | Synchronizing object | G4_sconce_G3R04_sconce_cage.009
Fra:451 Mem:800.35M (Peak 814.10M) | Time:00:01.98 | Mem:0.00M, Peak:0.00M | Scene, ViewLayer | Synchronizing object | G4_joint_G3_column_anchor_bolt.020
Fra:451 Mem:800.35M (Peak 814.10M) | Time:00:01.98 | Mem:0.00M, Peak:0.00M | Scene, ViewLayer | Synchronizing object | G4_joint_G3_column_anchor_bolt.021
Fra:451 Mem:800.35M (Peak 814.10M) | Time:00:01.98 | Mem:0.00M, Peak:0.00M | Scene, ViewLayer | Synchronizing object | G4_joint_G3_column_anchor_bolt.022
Fra:451 Mem:800.35M (Peak 814.10M) | Time:00:01.98 | Mem:0.00M, Peak:0.00M | Scene, ViewLayer | Synchronizing object | G4_joint_G3_column_anchor_bolt.023
Fra:451 Mem:800.36M (Peak 814.10M) | Time:00:01.98 | Mem:0.00M, Peak:0.00M | Scene, ViewLayer | Synchronizing object | G4_joint_G3_column_cap_plate.005
Fra:451 Mem:800.36M (Peak 814.10M) | Time:00:01.98 | Mem:0.00M, Peak:0.00M | Scene, ViewLayer | Synchronizing object | G4_joint_G3_cap_rivet.010
Fra:451 Mem:800.39M (Peak 814.10M) | Time:00:01.98 | Mem:0.00M, Peak:0.00M | Scene, ViewLayer | Synchronizing object | G4_joint_G3_cap_rivet.011
Fra:451 Mem:800.39M (Peak 814.10M) | Time:00:01.98 | Mem:0.00M, Peak:0.00M | Scene, ViewLayer | Synchronizing object | G4_joint_G3R04_eave_splice_plate.010
Fra:451 Mem:800.42M (Peak 814.10M) | Time:00:01.98 | Mem:0.00M, Peak:0.00M | Scene, ViewLayer | Synchronizing object | G4_joint_G3R04_splice_washer.040
Fra:451 Mem:800.44M (Peak 814.10M) | Time:00:01.98 | Mem:0.00M, Peak:0.00M | Scene, ViewLayer | Synchronizing object | G4_joint_G3R04_splice_hexbolt.040
Fra:451 Mem:800.43M (Peak 814.10M) | Time:00:01.98 | Mem:0.00M, Peak:0.00M | Scene, ViewLayer | Synchronizing object | G4_joint_G3R04_splice_washer.041
Fra:451 Mem:800.43M (Peak 814.10M) | Time:00:01.98 | Mem:0.00M, Peak:0.00M | Scene, ViewLayer | Synchronizing object | G4_joint_G3R04_splice_hexbolt.041
Fra:451 Mem:800.44M (Peak 814.10M) | Time:00:01.98 | Mem:0.00M, Peak:0.00M | Scene, ViewLayer | Synchronizing object | G4_joint_G3R04_splice_washer.042
Fra:451 Mem:800.44M (Peak 814.10M) | Time:00:01.98 | Mem:0.00M, Peak:0.00M | Scene, ViewLayer | Synchronizing object | G4_joint_G3R04_splice_hexbolt.042
Fra:451 Mem:800.45M (Peak 814.10M) | Time:00:01.98 | Mem:0.00M, Peak:0.00M | Scene, ViewLayer | Synchronizing object | G4_joint_G3R04_splice_washer.043
Fra:451 Mem:800.45M (Peak 814.10M) | Time:00:01.98 | Mem:0.00M, Peak:0.00M | Scene, ViewLayer | Synchronizing object | G4_joint_G3R04_splice_hexbolt.043
Fra:451 Mem:800.47M (Peak 814.10M) | Time:00:01.98 | Mem:0.00M, Peak:0.00M | Scene, ViewLayer | Synchronizing object | G4_joint_G3R04_eave_splice_plate.011
Fra:451 Mem:800.47M (Peak 814.10M) | Time:00:01.98 | Mem:0.00M, Peak:0.00M | Scene, ViewLayer | Synchronizing object | G4_joint_G3R04_splice_washer.044
Fra:451 Mem:800.51M (Peak 814.10M) | Time:00:01.98 | Mem:0.00M, Peak:0.00M | Scene, ViewLayer | Synchronizing object | G4_joint_G3R04_splice_hexbolt.044
Fra:451 Mem:800.51M (Peak 814.10M) | Time:00:01.98 | Mem:0.00M, Peak:0.00M | Scene, ViewLayer | Synchronizing object | G4_joint_G3R04_splice_washer.045
Fra:451 Mem:800.52M (Peak 814.10M) | Time:00:01.98 | Mem:0.00M, Peak:0.00M | Scene, ViewLayer | Synchronizing object | G4_joint_G3R04_splice_hexbolt.045
Fra:451 Mem:800.52M (Peak 814.10M) | Time:00:01.98 | Mem:0.00M, Peak:0.00M | Scene, ViewLayer | Synchronizing object | G4_joint_G3R04_splice_washer.046
Fra:451 Mem:800.53M (Peak 814.10M) | Time:00:01.98 | Mem:0.00M, Peak:0.00M | Scene, ViewLayer | Synchronizing object | G4_joint_G3R04_splice_hexbolt.046
Fra:451 Mem:800.53M (Peak 814.10M) | Time:00:01.98 | Mem:0.00M, Peak:0.00M | Scene, ViewLayer | Synchronizing object | G4_joint_G3R04_splice_washer.047
Fra:451 Mem:800.54M (Peak 814.10M) | Time:00:01.98 | Mem:0.00M, Peak:0.00M | Scene, ViewLayer | Synchronizing object | G4_joint_G3R04_splice_hexbolt.047
Fra:451 Mem:800.54M (Peak 814.10M) | Time:00:01.98 | Mem:0.00M, Peak:0.00M | Scene, ViewLayer | Synchronizing object | G4_sconce_G3R04_sconce_mount.005
Fra:451 Mem:800.54M (Peak 814.10M) | Time:00:01.98 | Mem:0.00M, Peak:0.00M | Scene, ViewLayer | Synchronizing object | G4_sconce_G3R04_opal_diffuser.005
Fra:451 Mem:800.62M (Peak 814.10M) | Time:00:01.98 | Mem:0.00M, Peak:0.00M | Scene, ViewLayer | Synchronizing object | G4_sconce_G3R04_sconce_cap.010
Fra:451 Mem:800.62M (Peak 814.10M) | Time:00:01.98 | Mem:0.00M, Peak:0.00M | Scene, ViewLayer | Synchronizing object | G4_sconce_G3R04_sconce_cap.011
Fra:451 Mem:800.64M (Peak 814.10M) | Time:00:01.98 | Mem:0.00M, Peak:0.00M | Scene, ViewLayer | Synchronizing object | G4_sconce_G3R04_sconce_cage.010
Fra:451 Mem:800.66M (Peak 814.10M) | Time:00:01.98 | Mem:0.00M, Peak:0.00M | Scene, ViewLayer | Synchronizing object | G4_sconce_G3R04_sconce_cage.011
Fra:451 Mem:800.66M (Peak 814.10M) | Time:00:01.98 | Mem:0.00M, Peak:0.00M | Scene, ViewLayer | Synchronizing object | G4_column_sconce.005
Fra:451 Mem:800.66M (Peak 814.10M) | Time:00:01.98 | Mem:0.00M, Peak:0.00M | Scene, ViewLayer | Synchronizing object | G4_joint_G3_column_anchor_bolt.024
Fra:451 Mem:800.67M (Peak 814.10M) | Time:00:01.98 | Mem:0.00M, Peak:0.00M | Scene, ViewLayer | Synchronizing object | G4_joint_G3_column_anchor_bolt.025
Fra:451 Mem:800.66M (Peak 814.10M) | Time:00:01.98 | Mem:0.00M, Peak:0.00M | Scene, ViewLayer | Synchronizing object | G4_joint_G3_column_anchor_bolt.026
Fra:451 Mem:800.66M (Peak 814.10M) | Time:00:01.98 | Mem:0.00M, Peak:0.00M | Scene, ViewLayer | Synchronizing object | G4_joint_G3_column_cap_plate.006
Fra:451 Mem:800.67M (Peak 814.10M) | Time:00:01.98 | Mem:0.00M, Peak:0.00M | Scene, ViewLayer | Synchronizing object | G4_joint_G3_cap_rivet.012
Fra:451 Mem:800.67M (Peak 814.10M) | Time:00:01.98 | Mem:0.00M, Peak:0.00M | Scene, ViewLayer | Synchronizing object | G4_joint_G3_cap_rivet.013
Fra:451 Mem:800.69M (Peak 814.10M) | Time:00:01.98 | Mem:0.00M, Peak:0.00M | Scene, ViewLayer | Synchronizing object | G4_joint_G3R04_eave_splice_plate.012
Fra:451 Mem:800.68M (Peak 814.10M) | Time:00:01.98 | Mem:0.00M, Peak:0.00M | Scene, ViewLayer | Synchronizing object | G4_joint_G3R04_splice_washer.048
Fra:451 Mem:800.71M (Peak 814.10M) | Time:00:01.98 | Mem:0.00M, Peak:0.00M | Scene, ViewLayer | Synchronizing object | G4_joint_G3R04_splice_hexbolt.048
Fra:451 Mem:800.72M (Peak 814.10M) | Time:00:01.98 | Mem:0.00M, Peak:0.00M | Scene, ViewLayer | Synchronizing object | G4_joint_G3R04_splice_washer.049
Fra:451 Mem:800.73M (Peak 814.10M) | Time:00:01.98 | Mem:0.00M, Peak:0.00M | Scene, ViewLayer | Synchronizing object | G4_joint_G3R04_splice_hexbolt.049
Fra:451 Mem:800.75M (Peak 814.10M) | Time:00:01.98 | Mem:0.00M, Peak:0.00M | Scene, ViewLayer | Synchronizing object | G4_joint_G3R04_splice_washer.050
Fra:451 Mem:800.74M (Peak 814.10M) | Time:00:01.98 | Mem:0.00M, Peak:0.00M | Scene, ViewLayer | Synchronizing object | G4_joint_G3R04_splice_hexbolt.050
Fra:451 Mem:800.74M (Peak 814.10M) | Time:00:01.98 | Mem:0.00M, Peak:0.00M | Scene, ViewLayer | Synchronizing object | G4_joint_G3R04_splice_washer.051
Fra:451 Mem:800.74M (Peak 814.10M) | Time:00:01.98 | Mem:0.00M, Peak:0.00M | Scene, ViewLayer | Synchronizing object | G4_joint_G3R04_splice_hexbolt.051
Fra:451 Mem:800.75M (Peak 814.10M) | Time:00:01.98 | Mem:0.00M, Peak:0.00M | Scene, ViewLayer | Synchronizing object | G4_joint_G3R04_eave_splice_plate.013
Fra:451 Mem:800.75M (Peak 814.10M) | Time:00:01.98 | Mem:0.00M, Peak:0.00M | Scene, ViewLayer | Synchronizing object | G4_joint_G3R04_splice_washer.052
Fra:451 Mem:800.80M (Peak 814.10M) | Time:00:01.98 | Mem:0.00M, Peak:0.00M | Scene, ViewLayer | Synchronizing object | G4_joint_G3R04_splice_hexbolt.052
Fra:451 Mem:800.79M (Peak 814.10M) | Time:00:01.98 | Mem:0.00M, Peak:0.00M | Scene, ViewLayer | Synchronizing object | G4_joint_G3R04_splice_washer.053
Fra:451 Mem:800.80M (Peak 814.10M) | Time:00:01.98 | Mem:0.00M, Peak:0.00M | Scene, ViewLayer | Synchronizing object | G4_joint_G3R04_splice_hexbolt.053
Fra:451 Mem:800.81M (Peak 814.10M) | Time:00:01.98 | Mem:0.00M, Peak:0.00M | Scene, ViewLayer | Synchronizing object | G4_joint_G3R04_splice_washer.054
Fra:451 Mem:800.81M (Peak 814.10M) | Time:00:01.98 | Mem:0.00M, Peak:0.00M | Scene, ViewLayer | Synchronizing object | G4_joint_G3R04_splice_hexbolt.054
Fra:451 Mem:800.81M (Peak 814.10M) | Time:00:01.98 | Mem:0.00M, Peak:0.00M | Scene, ViewLayer | Synchronizing object | G4_joint_G3R04_splice_washer.055
Fra:451 Mem:800.82M (Peak 814.10M) | Time:00:01.98 | Mem:0.00M, Peak:0.00M | Scene, ViewLayer | Synchronizing object | G4_joint_G3R04_splice_hexbolt.055
Fra:451 Mem:800.82M (Peak 814.10M) | Time:00:01.98 | Mem:0.00M, Peak:0.00M | Scene, ViewLayer | Synchronizing object | G4_sconce_G3R04_sconce_mount.006
Fra:451 Mem:800.83M (Peak 814.10M) | Time:00:01.98 | Mem:0.00M, Peak:0.00M | Scene, ViewLayer | Synchronizing object | G4_sconce_G3R04_opal_diffuser.006
Fra:451 Mem:800.90M (Peak 814.10M) | Time:00:01.98 | Mem:0.00M, Peak:0.00M | Scene, ViewLayer | Synchronizing object | G4_sconce_G3R04_sconce_cap.012
Fra:451 Mem:800.89M (Peak 814.10M) | Time:00:01.98 | Mem:0.00M, Peak:0.00M | Scene, ViewLayer | Synchronizing object | G4_sconce_G3R04_sconce_cap.013
Fra:451 Mem:800.96M (Peak 814.10M) | Time:00:01.98 | Mem:0.00M, Peak:0.00M | Scene, ViewLayer | Synchronizing object | G4_sconce_G3R04_sconce_cage.012
Fra:451 Mem:800.93M (Peak 814.10M) | Time:00:01.98 | Mem:0.00M, Peak:0.00M | Scene, ViewLayer | Synchronizing object | G4_sconce_G3R04_sconce_cage.013
Fra:451 Mem:800.94M (Peak 814.10M) | Time:00:01.98 | Mem:0.00M, Peak:0.00M | Scene, ViewLayer | Synchronizing object | G4_column_sconce.006
Fra:451 Mem:800.94M (Peak 814.10M) | Time:00:01.98 | Mem:0.00M, Peak:0.00M | Scene, ViewLayer | Synchronizing object | G4_joint_G3_column_anchor_bolt.028
Fra:451 Mem:800.94M (Peak 814.10M) | Time:00:01.98 | Mem:0.00M, Peak:0.00M | Scene, ViewLayer | Synchronizing object | G4_joint_G3_column_anchor_bolt.029
Fra:451 Mem:800.94M (Peak 814.10M) | Time:00:01.98 | Mem:0.00M, Peak:0.00M | Scene, ViewLayer | Synchronizing object | G4_joint_G3_column_anchor_bolt.030
Fra:451 Mem:800.94M (Peak 814.10M) | Time:00:01.98 | Mem:0.00M, Peak:0.00M | Scene, ViewLayer | Synchronizing object | G4_joint_G3_column_anchor_bolt.031
Fra:451 Mem:800.95M (Peak 814.10M) | Time:00:01.98 | Mem:0.00M, Peak:0.00M | Scene, ViewLayer | Synchronizing object | G4_joint_G3_column_cap_plate.007
Fra:451 Mem:800.95M (Peak 814.10M) | Time:00:01.98 | Mem:0.00M, Peak:0.00M | Scene, ViewLayer | Synchronizing object | G4_joint_G3_cap_rivet.014
Fra:451 Mem:800.98M (Peak 814.10M) | Time:00:01.98 | Mem:0.00M, Peak:0.00M | Scene, ViewLayer | Synchronizing object | G4_joint_G3_cap_rivet.015
Fra:451 Mem:800.99M (Peak 814.10M) | Time:00:01.98 | Mem:0.00M, Peak:0.00M | Scene, ViewLayer | Synchronizing object | G4_joint_G3R04_eave_splice_plate.014
Fra:451 Mem:801.02M (Peak 814.10M) | Time:00:01.98 | Mem:0.00M, Peak:0.00M | Scene, ViewLayer | Synchronizing object | G4_joint_G3R04_splice_washer.056
Fra:451 Mem:801.03M (Peak 814.10M) | Time:00:01.98 | Mem:0.00M, Peak:0.00M | Scene, ViewLayer | Synchronizing object | G4_joint_G3R04_splice_hexbolt.056
Fra:451 Mem:801.03M (Peak 814.10M) | Time:00:01.98 | Mem:0.00M, Peak:0.00M | Scene, ViewLayer | Synchronizing object | G4_joint_G3R04_splice_washer.057
Fra:451 Mem:801.03M (Peak 814.10M) | Time:00:01.98 | Mem:0.00M, Peak:0.00M | Scene, ViewLayer | Synchronizing object | G4_joint_G3R04_splice_hexbolt.057
Fra:451 Mem:801.04M (Peak 814.10M) | Time:00:01.98 | Mem:0.00M, Peak:0.00M | Scene, ViewLayer | Synchronizing object | G4_joint_G3R04_splice_washer.058
Fra:451 Mem:801.04M (Peak 814.10M) | Time:00:01.98 | Mem:0.00M, Peak:0.00M | Scene, ViewLayer | Synchronizing object | G4_joint_G3R04_splice_hexbolt.058
Fra:451 Mem:801.05M (Peak 814.10M) | Time:00:01.98 | Mem:0.00M, Peak:0.00M | Scene, ViewLayer | Synchronizing object | G4_joint_G3R04_splice_washer.059
Fra:451 Mem:801.05M (Peak 814.10M) | Time:00:01.98 | Mem:0.00M, Peak:0.00M | Scene, ViewLayer | Synchronizing object | G4_joint_G3R04_splice_hexbolt.059
Fra:451 Mem:801.06M (Peak 814.10M) | Time:00:01.98 | Mem:0.00M, Peak:0.00M | Scene, ViewLayer | Synchronizing object | G4_joint_G3R04_eave_splice_plate.015
Fra:451 Mem:801.07M (Peak 814.10M) | Time:00:01.98 | Mem:0.00M, Peak:0.00M | Scene, ViewLayer | Synchronizing object | G4_joint_G3R04_splice_washer.060
Fra:451 Mem:801.11M (Peak 814.10M) | Time:00:01.98 | Mem:0.00M, Peak:0.00M | Scene, ViewLayer | Synchronizing object | G4_joint_G3R04_splice_hexbolt.060
Fra:451 Mem:801.10M (Peak 814.10M) | Time:00:01.98 | Mem:0.00M, Peak:0.00M | Scene, ViewLayer | Synchronizing object | G4_joint_G3R04_splice_washer.061
Fra:451 Mem:801.11M (Peak 814.10M) | Time:00:01.98 | Mem:0.00M, Peak:0.00M | Scene, ViewLayer | Synchronizing object | G4_joint_G3R04_splice_hexbolt.061
Fra:451 Mem:801.11M (Peak 814.10M) | Time:00:01.98 | Mem:0.00M, Peak:0.00M | Scene, ViewLayer | Synchronizing object | G4_joint_G3R04_splice_washer.062
Fra:451 Mem:801.13M (Peak 814.10M) | Time:00:01.98 | Mem:0.00M, Peak:0.00M | Scene, ViewLayer | Synchronizing object | G4_joint_G3R04_splice_hexbolt.062
Fra:451 Mem:801.15M (Peak 814.10M) | Time:00:01.98 | Mem:0.00M, Peak:0.00M | Scene, ViewLayer | Synchronizing object | G4_joint_G3R04_splice_washer.063
Fra:451 Mem:801.16M (Peak 814.10M) | Time:00:01.98 | Mem:0.00M, Peak:0.00M | Scene, ViewLayer | Synchronizing object | G4_joint_G3R04_splice_hexbolt.063
Fra:451 Mem:801.16M (Peak 814.10M) | Time:00:01.98 | Mem:0.00M, Peak:0.00M | Scene, ViewLayer | Synchronizing object | G4_sconce_G3R04_sconce_mount.007
Fra:451 Mem:801.16M (Peak 814.10M) | Time:00:01.98 | Mem:0.00M, Peak:0.00M | Scene, ViewLayer | Synchronizing object | G4_sconce_G3R04_opal_diffuser.007
Fra:451 Mem:801.24M (Peak 814.10M) | Time:00:01.98 | Mem:0.00M, Peak:0.00M | Scene, ViewLayer | Synchronizing object | G4_sconce_G3R04_sconce_cap.014
Fra:451 Mem:801.22M (Peak 814.10M) | Time:00:01.98 | Mem:0.00M, Peak:0.00M | Scene, ViewLayer | Synchronizing object | G4_sconce_G3R04_sconce_cap.015
Fra:451 Mem:801.27M (Peak 814.10M) | Time:00:01.98 | Mem:0.00M, Peak:0.00M | Scene, ViewLayer | Synchronizing object | G4_sconce_G3R04_sconce_cage.014
Fra:451 Mem:801.27M (Peak 814.10M) | Time:00:01.98 | Mem:0.00M, Peak:0.00M | Scene, ViewLayer | Synchronizing object | G4_sconce_G3R04_sconce_cage.015
Fra:451 Mem:801.27M (Peak 814.10M) | Time:00:01.98 | Mem:0.00M, Peak:0.00M | Scene, ViewLayer | Synchronizing object | G4_column_sconce.007
Fra:451 Mem:801.27M (Peak 814.10M) | Time:00:01.98 | Mem:0.00M, Peak:0.00M | Scene, ViewLayer | Synchronizing object | G4_joint_G3_column_anchor_bolt.032
Fra:451 Mem:801.27M (Peak 814.10M) | Time:00:01.98 | Mem:0.00M, Peak:0.00M | Scene, ViewLayer | Synchronizing object | G4_joint_G3_column_anchor_bolt.033
Fra:451 Mem:801.28M (Peak 814.10M) | Time:00:01.98 | Mem:0.00M, Peak:0.00M | Scene, ViewLayer | Synchronizing object | G4_joint_G3_column_anchor_bolt.034
Fra:451 Mem:801.28M (Peak 814.10M) | Time:00:01.98 | Mem:0.00M, Peak:0.00M | Scene, ViewLayer | Synchronizing object | G4_joint_G3_column_anchor_bolt.035
Fra:451 Mem:801.28M (Peak 814.10M) | Time:00:01.98 | Mem:0.00M, Peak:0.00M | Scene, ViewLayer | Synchronizing object | G4_joint_G3_column_cap_plate.008
Fra:451 Mem:801.28M (Peak 814.10M) | Time:00:01.98 | Mem:0.00M, Peak:0.00M | Scene, ViewLayer | Synchronizing object | G4_joint_G3_cap_rivet.016
Fra:451 Mem:801.32M (Peak 814.10M) | Time:00:01.98 | Mem:0.00M, Peak:0.00M | Scene, ViewLayer | Synchronizing object | G4_joint_G3_cap_rivet.017
Fra:451 Mem:801.32M (Peak 814.10M) | Time:00:01.98 | Mem:0.00M, Peak:0.00M | Scene, ViewLayer | Synchronizing object | G4_joint_G3R04_eave_splice_plate.016
Fra:451 Mem:801.35M (Peak 814.10M) | Time:00:01.98 | Mem:0.00M, Peak:0.00M | Scene, ViewLayer | Synchronizing object | G4_joint_G3R04_splice_washer.064
Fra:451 Mem:801.37M (Peak 814.10M) | Time:00:01.98 | Mem:0.00M, Peak:0.00M | Scene, ViewLayer | Synchronizing object | G4_joint_G3R04_splice_hexbolt.064
Fra:451 Mem:801.36M (Peak 814.10M) | Time:00:01.98 | Mem:0.00M, Peak:0.00M | Scene, ViewLayer | Synchronizing object | G4_joint_G3R04_splice_washer.065
Fra:451 Mem:801.37M (Peak 814.10M) | Time:00:01.98 | Mem:0.00M, Peak:0.00M | Scene, ViewLayer | Synchronizing object | G4_joint_G3R04_splice_washer.066
Fra:451 Mem:801.38M (Peak 814.10M) | Time:00:01.98 | Mem:0.00M, Peak:0.00M | Scene, ViewLayer | Synchronizing object | G4_joint_G3R04_splice_hexbolt.066
Fra:451 Mem:801.38M (Peak 814.10M) | Time:00:01.98 | Mem:0.00M, Peak:0.00M | Scene, ViewLayer | Synchronizing object | G4_joint_G3R04_splice_washer.067
Fra:451 Mem:801.39M (Peak 814.10M) | Time:00:01.98 | Mem:0.00M, Peak:0.00M | Scene, ViewLayer | Synchronizing object | G4_joint_G3R04_splice_hexbolt.067
Fra:451 Mem:801.39M (Peak 814.10M) | Time:00:01.98 | Mem:0.00M, Peak:0.00M | Scene, ViewLayer | Synchronizing object | G4_joint_G3R04_eave_splice_plate.017
Fra:451 Mem:801.39M (Peak 814.10M) | Time:00:01.98 | Mem:0.00M, Peak:0.00M | Scene, ViewLayer | Synchronizing object | G4_joint_G3R04_splice_washer.068
Fra:451 Mem:801.44M (Peak 814.10M) | Time:00:01.98 | Mem:0.00M, Peak:0.00M | Scene, ViewLayer | Synchronizing object | G4_joint_G3R04_splice_hexbolt.068
Fra:451 Mem:801.43M (Peak 814.10M) | Time:00:01.98 | Mem:0.00M, Peak:0.00M | Scene, ViewLayer | Synchronizing object | G4_joint_G3R04_splice_washer.069
Fra:451 Mem:801.44M (Peak 814.10M) | Time:00:01.98 | Mem:0.00M, Peak:0.00M | Scene, ViewLayer | Synchronizing object | G4_joint_G3R04_splice_hexbolt.069
Fra:451 Mem:801.45M (Peak 814.10M) | Time:00:01.98 | Mem:0.00M, Peak:0.00M | Scene, ViewLayer | Synchronizing object | G4_joint_G3R04_splice_washer.070
Fra:451 Mem:801.45M (Peak 814.10M) | Time:00:01.98 | Mem:0.00M, Peak:0.00M | Scene, ViewLayer | Synchronizing object | G4_joint_G3R04_splice_hexbolt.070
Fra:451 Mem:801.46M (Peak 814.10M) | Time:00:01.98 | Mem:0.00M, Peak:0.00M | Scene, ViewLayer | Synchronizing object | G4_joint_G3R04_splice_hexbolt.071
Fra:451 Mem:801.45M (Peak 814.10M) | Time:00:01.98 | Mem:0.00M, Peak:0.00M | Scene, ViewLayer | Synchronizing object | G4_sconce_G3R04_sconce_mount.008
Fra:451 Mem:801.49M (Peak 814.10M) | Time:00:01.98 | Mem:0.00M, Peak:0.00M | Scene, ViewLayer | Synchronizing object | G4_sconce_G3R04_opal_diffuser.008
Fra:451 Mem:801.52M (Peak 814.10M) | Time:00:01.98 | Mem:0.00M, Peak:0.00M | Scene, ViewLayer | Synchronizing object | G4_sconce_G3R04_sconce_cap.016
Fra:451 Mem:801.54M (Peak 814.10M) | Time:00:01.98 | Mem:0.00M, Peak:0.00M | Scene, ViewLayer | Synchronizing object | G4_sconce_G3R04_sconce_cap.017
Fra:451 Mem:801.57M (Peak 814.10M) | Time:00:01.98 | Mem:0.00M, Peak:0.00M | Scene, ViewLayer | Synchronizing object | G4_sconce_G3R04_sconce_cage.016
Fra:451 Mem:801.57M (Peak 814.10M) | Time:00:01.98 | Mem:0.00M, Peak:0.00M | Scene, ViewLayer | Synchronizing object | G4_sconce_G3R04_sconce_cage.017
Fra:451 Mem:801.57M (Peak 814.10M) | Time:00:01.98 | Mem:0.00M, Peak:0.00M | Scene, ViewLayer | Synchronizing object | G4_column_sconce.008
Fra:451 Mem:801.57M (Peak 814.10M) | Time:00:01.98 | Mem:0.00M, Peak:0.00M | Scene, ViewLayer | Synchronizing object | G4_joint_G3_column_anchor_bolt.036
Fra:451 Mem:801.58M (Peak 814.10M) | Time:00:01.98 | Mem:0.00M, Peak:0.00M | Scene, ViewLayer | Synchronizing object | G4_joint_G3_column_anchor_bolt.037
Fra:451 Mem:801.58M (Peak 814.10M) | Time:00:01.98 | Mem:0.00M, Peak:0.00M | Scene, ViewLayer | Synchronizing object | G4_joint_G3_column_anchor_bolt.038
Fra:451 Mem:801.58M (Peak 814.10M) | Time:00:01.98 | Mem:0.00M, Peak:0.00M | Scene, ViewLayer | Synchronizing object | G4_joint_G3_column_anchor_bolt.039
Fra:451 Mem:801.58M (Peak 814.10M) | Time:00:01.98 | Mem:0.00M, Peak:0.00M | Scene, ViewLayer | Synchronizing object | G4_joint_G3_column_cap_plate.009
Fra:451 Mem:801.59M (Peak 814.10M) | Time:00:01.98 | Mem:0.00M, Peak:0.00M | Scene, ViewLayer | Synchronizing object | G4_joint_G3_cap_rivet.018
Fra:451 Mem:801.62M (Peak 814.10M) | Time:00:01.98 | Mem:0.00M, Peak:0.00M | Scene, ViewLayer | Synchronizing object | G4_joint_G3_cap_rivet.019
Fra:451 Mem:801.62M (Peak 814.10M) | Time:00:01.98 | Mem:0.00M, Peak:0.00M | Scene, ViewLayer | Synchronizing object | G4_joint_G3R04_eave_splice_plate.018
Fra:451 Mem:801.64M (Peak 814.10M) | Time:00:01.98 | Mem:0.00M, Peak:0.00M | Scene, ViewLayer | Synchronizing object | G4_joint_G3R04_splice_washer.072
Fra:451 Mem:801.66M (Peak 814.10M) | Time:00:01.98 | Mem:0.00M, Peak:0.00M | Scene, ViewLayer | Synchronizing object | G4_joint_G3R04_splice_hexbolt.072
Fra:451 Mem:801.66M (Peak 814.10M) | Time:00:01.98 | Mem:0.00M, Peak:0.00M | Scene, ViewLayer | Synchronizing object | G4_joint_G3R04_splice_washer.073
Fra:451 Mem:801.66M (Peak 814.10M) | Time:00:01.98 | Mem:0.00M, Peak:0.00M | Scene, ViewLayer | Synchronizing object | G4_joint_G3R04_splice_hexbolt.073
Fra:451 Mem:801.67M (Peak 814.10M) | Time:00:01.98 | Mem:0.00M, Peak:0.00M | Scene, ViewLayer | Synchronizing object | G4_joint_G3R04_splice_washer.074
Fra:451 Mem:801.67M (Peak 814.10M) | Time:00:01.98 | Mem:0.00M, Peak:0.00M | Scene, ViewLayer | Synchronizing object | G4_joint_G3R04_splice_hexbolt.074
Fra:451 Mem:801.68M (Peak 814.10M) | Time:00:01.98 | Mem:0.00M, Peak:0.00M | Scene, ViewLayer | Synchronizing object | G4_joint_G3R04_splice_washer.075
Fra:451 Mem:801.68M (Peak 814.10M) | Time:00:01.98 | Mem:0.00M, Peak:0.00M | Scene, ViewLayer | Synchronizing object | G4_joint_G3R04_splice_hexbolt.075
Fra:451 Mem:801.69M (Peak 814.10M) | Time:00:01.98 | Mem:0.00M, Peak:0.00M | Scene, ViewLayer | Synchronizing object | G4_joint_G3R04_eave_splice_plate.019
Fra:451 Mem:801.69M (Peak 814.10M) | Time:00:01.98 | Mem:0.00M, Peak:0.00M | Scene, ViewLayer | Synchronizing object | G4_joint_G3R04_splice_washer.076
Fra:451 Mem:801.73M (Peak 814.10M) | Time:00:01.98 | Mem:0.00M, Peak:0.00M | Scene, ViewLayer | Synchronizing object | G4_joint_G3R04_splice_hexbolt.076
Fra:451 Mem:801.72M (Peak 814.10M) | Time:00:01.98 | Mem:0.00M, Peak:0.00M | Scene, ViewLayer | Synchronizing object | G4_joint_G3R04_splice_washer.077
Fra:451 Mem:801.74M (Peak 814.10M) | Time:00:01.98 | Mem:0.00M, Peak:0.00M | Scene, ViewLayer | Synchronizing object | G4_joint_G3R04_splice_hexbolt.077
Fra:451 Mem:801.74M (Peak 814.10M) | Time:00:01.98 | Mem:0.00M, Peak:0.00M | Scene, ViewLayer | Synchronizing object | G4_joint_G3R04_splice_washer.078
Fra:451 Mem:801.77M (Peak 814.10M) | Time:00:01.98 | Mem:0.00M, Peak:0.00M | Scene, ViewLayer | Synchronizing object | G4_joint_G3R04_splice_hexbolt.078
Fra:451 Mem:801.75M (Peak 814.10M) | Time:00:01.98 | Mem:0.00M, Peak:0.00M | Scene, ViewLayer | Synchronizing object | G4_joint_G3R04_splice_washer.079
Fra:451 Mem:801.75M (Peak 814.10M) | Time:00:01.98 | Mem:0.00M, Peak:0.00M | Scene, ViewLayer | Synchronizing object | G4_joint_G3R04_splice_hexbolt.079
Fra:451 Mem:801.76M (Peak 814.10M) | Time:00:01.98 | Mem:0.00M, Peak:0.00M | Scene, ViewLayer | Synchronizing object | G4_sconce_G3R04_sconce_mount.009
Fra:451 Mem:801.77M (Peak 814.10M) | Time:00:01.98 | Mem:0.00M, Peak:0.00M | Scene, ViewLayer | Synchronizing object | G4_sconce_G3R04_opal_diffuser.009
Fra:451 Mem:801.80M (Peak 814.10M) | Time:00:01.98 | Mem:0.00M, Peak:0.00M | Scene, ViewLayer | Synchronizing object | G4_sconce_G3R04_sconce_cap.018
Fra:451 Mem:801.85M (Peak 814.10M) | Time:00:01.98 | Mem:0.00M, Peak:0.00M | Scene, ViewLayer | Synchronizing object | G4_sconce_G3R04_sconce_cap.019
Fra:451 Mem:801.88M (Peak 814.10M) | Time:00:01.98 | Mem:0.00M, Peak:0.00M | Scene, ViewLayer | Synchronizing object | G4_sconce_G3R04_sconce_cage.018
Fra:451 Mem:801.88M (Peak 814.10M) | Time:00:01.98 | Mem:0.00M, Peak:0.00M | Scene, ViewLayer | Synchronizing object | G4_sconce_G3R04_sconce_cage.019
Fra:451 Mem:801.88M (Peak 814.10M) | Time:00:01.98 | Mem:0.00M, Peak:0.00M | Scene, ViewLayer | Synchronizing object | G4_column_sconce.009
Fra:451 Mem:801.88M (Peak 814.10M) | Time:00:01.98 | Mem:0.00M, Peak:0.00M | Scene, ViewLayer | Synchronizing object | G4_joint_G3_column_anchor_bolt.040
Fra:451 Mem:801.89M (Peak 814.10M) | Time:00:01.98 | Mem:0.00M, Peak:0.00M | Scene, ViewLayer | Synchronizing object | G4_joint_G3_column_anchor_bolt.041
Fra:451 Mem:801.89M (Peak 814.10M) | Time:00:01.98 | Mem:0.00M, Peak:0.00M | Scene, ViewLayer | Synchronizing object | G4_joint_G3_column_anchor_bolt.042
Fra:451 Mem:801.89M (Peak 814.10M) | Time:00:01.98 | Mem:0.00M, Peak:0.00M | Scene, ViewLayer | Synchronizing object | G4_joint_G3_column_anchor_bolt.043
Fra:451 Mem:801.89M (Peak 814.10M) | Time:00:01.98 | Mem:0.00M, Peak:0.00M | Scene, ViewLayer | Synchronizing object | G4_joint_G3_column_cap_plate.010
Fra:451 Mem:801.90M (Peak 814.10M) | Time:00:01.98 | Mem:0.00M, Peak:0.00M | Scene, ViewLayer | Synchronizing object | G4_joint_G3_cap_rivet.020
Fra:451 Mem:801.93M (Peak 814.10M) | Time:00:01.98 | Mem:0.00M, Peak:0.00M | Scene, ViewLayer | Synchronizing object | G4_joint_G3_cap_rivet.021
Fra:451 Mem:801.93M (Peak 814.10M) | Time:00:01.98 | Mem:0.00M, Peak:0.00M | Scene, ViewLayer | Synchronizing object | G4_joint_G3R04_eave_splice_plate.020
Fra:451 Mem:801.96M (Peak 814.10M) | Time:00:01.98 | Mem:0.00M, Peak:0.00M | Scene, ViewLayer | Synchronizing object | G4_joint_G3R04_splice_washer.080
Fra:451 Mem:801.97M (Peak 814.10M) | Time:00:01.98 | Mem:0.00M, Peak:0.00M | Scene, ViewLayer | Synchronizing object | G4_joint_G3R04_splice_hexbolt.080
Fra:451 Mem:801.97M (Peak 814.10M) | Time:00:01.98 | Mem:0.00M, Peak:0.00M | Scene, ViewLayer | Synchronizing object | G4_joint_G3R04_splice_washer.081
Fra:451 Mem:801.98M (Peak 814.10M) | Time:00:01.98 | Mem:0.00M, Peak:0.00M | Scene, ViewLayer | Synchronizing object | G4_joint_G3R04_splice_hexbolt.081
Fra:451 Mem:801.98M (Peak 814.10M) | Time:00:01.98 | Mem:0.00M, Peak:0.00M | Scene, ViewLayer | Synchronizing object | G4_joint_G3R04_splice_hexbolt.082
Fra:451 Mem:801.98M (Peak 814.10M) | Time:00:01.98 | Mem:0.00M, Peak:0.00M | Scene, ViewLayer | Synchronizing object | G4_joint_G3R04_splice_washer.083
Fra:451 Mem:802.00M (Peak 814.10M) | Time:00:01.98 | Mem:0.00M, Peak:0.00M | Scene, ViewLayer | Synchronizing object | G4_joint_G3R04_splice_hexbolt.083
Fra:451 Mem:802.00M (Peak 814.10M) | Time:00:01.98 | Mem:0.00M, Peak:0.00M | Scene, ViewLayer | Synchronizing object | G4_joint_G3R04_eave_splice_plate.021
Fra:451 Mem:802.01M (Peak 814.10M) | Time:00:01.98 | Mem:0.00M, Peak:0.00M | Scene, ViewLayer | Synchronizing object | G4_joint_G3R04_splice_washer.084
Fra:451 Mem:802.02M (Peak 814.10M) | Time:00:01.98 | Mem:0.00M, Peak:0.00M | Scene, ViewLayer | Synchronizing object | G4_joint_G3R04_splice_hexbolt.084
Fra:451 Mem:802.03M (Peak 814.10M) | Time:00:01.98 | Mem:0.00M, Peak:0.00M | Scene, ViewLayer | Synchronizing object | G4_joint_G3R04_splice_washer.085
Fra:451 Mem:802.04M (Peak 814.10M) | Time:00:01.98 | Mem:0.00M, Peak:0.00M | Scene, ViewLayer | Synchronizing object | G4_joint_G3R04_splice_hexbolt.085
Fra:451 Mem:802.04M (Peak 814.10M) | Time:00:01.98 | Mem:0.00M, Peak:0.00M | Scene, ViewLayer | Synchronizing object | G4_joint_G3R04_splice_washer.086
Fra:451 Mem:802.04M (Peak 814.10M) | Time:00:01.98 | Mem:0.00M, Peak:0.00M | Scene, ViewLayer | Synchronizing object | G4_joint_G3R04_splice_hexbolt.086
Fra:451 Mem:802.05M (Peak 814.10M) | Time:00:01.98 | Mem:0.00M, Peak:0.00M | Scene, ViewLayer | Synchronizing object | G4_joint_G3R04_splice_washer.087
Fra:451 Mem:802.05M (Peak 814.10M) | Time:00:01.98 | Mem:0.00M, Peak:0.00M | Scene, ViewLayer | Synchronizing object | G4_joint_G3R04_splice_hexbolt.087
Fra:451 Mem:802.06M (Peak 814.10M) | Time:00:01.98 | Mem:0.00M, Peak:0.00M | Scene, ViewLayer | Synchronizing object | G4_sconce_G3R04_sconce_mount.010
Fra:451 Mem:802.06M (Peak 814.10M) | Time:00:01.98 | Mem:0.00M, Peak:0.00M | Scene, ViewLayer | Synchronizing object | G4_sconce_G3R04_opal_diffuser.010
Fra:451 Mem:802.11M (Peak 814.10M) | Time:00:01.98 | Mem:0.00M, Peak:0.00M | Scene, ViewLayer | Synchronizing object | G4_sconce_G3R04_sconce_cap.020
Fra:451 Mem:802.13M (Peak 814.10M) | Time:00:01.98 | Mem:0.00M, Peak:0.00M | Scene, ViewLayer | Synchronizing object | G4_sconce_G3R04_sconce_cap.021
Fra:451 Mem:802.16M (Peak 814.10M) | Time:00:01.98 | Mem:0.00M, Peak:0.00M | Scene, ViewLayer | Synchronizing object | G4_sconce_G3R04_sconce_cage.020
Fra:451 Mem:802.16M (Peak 814.10M) | Time:00:01.98 | Mem:0.00M, Peak:0.00M | Scene, ViewLayer | Synchronizing object | G4_sconce_G3R04_sconce_cage.021
Fra:451 Mem:802.17M (Peak 814.10M) | Time:00:01.98 | Mem:0.00M, Peak:0.00M | Scene, ViewLayer | Synchronizing object | G4_column_sconce.010
Fra:451 Mem:802.19M (Peak 814.10M) | Time:00:01.98 | Mem:0.00M, Peak:0.00M | Scene, ViewLayer | Synchronizing object | G4_joint_G3_column_anchor_bolt.044
Fra:451 Mem:802.17M (Peak 814.10M) | Time:00:01.98 | Mem:0.00M, Peak:0.00M | Scene, ViewLayer | Synchronizing object | G4_joint_G3_column_anchor_bolt.045
Fra:451 Mem:802.17M (Peak 814.10M) | Time:00:01.98 | Mem:0.00M, Peak:0.00M | Scene, ViewLayer | Synchronizing object | G4_joint_G3_column_anchor_bolt.046
Fra:451 Mem:802.17M (Peak 814.10M) | Time:00:01.98 | Mem:0.00M, Peak:0.00M | Scene, ViewLayer | Synchronizing object | G4_joint_G3_column_anchor_bolt.047
Fra:451 Mem:802.17M (Peak 814.10M) | Time:00:01.98 | Mem:0.00M, Peak:0.00M | Scene, ViewLayer | Synchronizing object | G4_joint_G3_column_cap_plate.011
Fra:451 Mem:802.18M (Peak 814.10M) | Time:00:01.98 | Mem:0.00M, Peak:0.00M | Scene, ViewLayer | Synchronizing object | G4_joint_G3_cap_rivet.022
Fra:451 Mem:802.21M (Peak 814.10M) | Time:00:01.98 | Mem:0.00M, Peak:0.00M | Scene, ViewLayer | Synchronizing object | G4_joint_G3_cap_rivet.023
Fra:451 Mem:802.21M (Peak 814.10M) | Time:00:01.98 | Mem:0.00M, Peak:0.00M | Scene, ViewLayer | Synchronizing object | G4_joint_G3R04_eave_splice_plate.022
Fra:451 Mem:802.24M (Peak 814.10M) | Time:00:01.98 | Mem:0.00M, Peak:0.00M | Scene, ViewLayer | Synchronizing object | G4_joint_G3R04_splice_washer.088
Fra:451 Mem:802.25M (Peak 814.10M) | Time:00:01.98 | Mem:0.00M, Peak:0.00M | Scene, ViewLayer | Synchronizing object | G4_joint_G3R04_splice_hexbolt.088
Fra:451 Mem:802.27M (Peak 814.10M) | Time:00:01.98 | Mem:0.00M, Peak:0.00M | Scene, ViewLayer | Synchronizing object | G4_joint_G3R04_splice_washer.089
Fra:451 Mem:802.25M (Peak 814.10M) | Time:00:01.98 | Mem:0.00M, Peak:0.00M | Scene, ViewLayer | Synchronizing object | G4_joint_G3R04_splice_hexbolt.089
Fra:451 Mem:802.26M (Peak 814.10M) | Time:00:01.98 | Mem:0.00M, Peak:0.00M | Scene, ViewLayer | Synchronizing object | G4_joint_G3R04_splice_washer.090
Fra:451 Mem:802.26M (Peak 814.10M) | Time:00:01.98 | Mem:0.00M, Peak:0.00M | Scene, ViewLayer | Synchronizing object | G4_joint_G3R04_splice_hexbolt.090
Fra:451 Mem:802.27M (Peak 814.10M) | Time:00:01.98 | Mem:0.00M, Peak:0.00M | Scene, ViewLayer | Synchronizing object | G4_joint_G3R04_splice_washer.091
Fra:451 Mem:802.27M (Peak 814.10M) | Time:00:01.98 | Mem:0.00M, Peak:0.00M | Scene, ViewLayer | Synchronizing object | G4_joint_G3R04_splice_hexbolt.091
Fra:451 Mem:802.28M (Peak 814.10M) | Time:00:01.98 | Mem:0.00M, Peak:0.00M | Scene, ViewLayer | Synchronizing object | G4_joint_G3R04_eave_splice_plate.023
Fra:451 Mem:802.28M (Peak 814.10M) | Time:00:01.98 | Mem:0.00M, Peak:0.00M | Scene, ViewLayer | Synchronizing object | G4_joint_G3R04_splice_washer.092
Fra:451 Mem:802.32M (Peak 814.10M) | Time:00:01.98 | Mem:0.00M, Peak:0.00M | Scene, ViewLayer | Synchronizing object | G4_joint_G3R04_splice_hexbolt.092
Fra:451 Mem:802.31M (Peak 814.10M) | Time:00:01.98 | Mem:0.00M, Peak:0.00M | Scene, ViewLayer | Synchronizing object | G4_joint_G3R04_splice_washer.093
Fra:451 Mem:802.33M (Peak 814.10M) | Time:00:01.98 | Mem:0.00M, Peak:0.00M | Scene, ViewLayer | Synchronizing object | G4_joint_G3R04_splice_hexbolt.093
Fra:451 Mem:802.33M (Peak 814.10M) | Time:00:01.98 | Mem:0.00M, Peak:0.00M | Scene, ViewLayer | Synchronizing object | G4_joint_G3R04_splice_washer.094
Fra:451 Mem:802.34M (Peak 814.10M) | Time:00:01.98 | Mem:0.00M, Peak:0.00M | Scene, ViewLayer | Synchronizing object | G4_joint_G3R04_splice_hexbolt.094
Fra:451 Mem:802.34M (Peak 814.10M) | Time:00:01.98 | Mem:0.00M, Peak:0.00M | Scene, ViewLayer | Synchronizing object | G4_joint_G3R04_splice_washer.095
Fra:451 Mem:802.34M (Peak 814.10M) | Time:00:01.98 | Mem:0.00M, Peak:0.00M | Scene, ViewLayer | Synchronizing object | G4_joint_G3R04_splice_hexbolt.095
Fra:451 Mem:802.35M (Peak 814.10M) | Time:00:01.98 | Mem:0.00M, Peak:0.00M | Scene, ViewLayer | Synchronizing object | G4_sconce_G3R04_sconce_mount.011
Fra:451 Mem:802.36M (Peak 814.10M) | Time:00:01.98 | Mem:0.00M, Peak:0.00M | Scene, ViewLayer | Synchronizing object | G4_sconce_G3R04_opal_diffuser.011
Fra:451 Mem:802.41M (Peak 814.10M) | Time:00:01.98 | Mem:0.00M, Peak:0.00M | Scene, ViewLayer | Synchronizing object | G4_sconce_G3R04_sconce_cap.022
Fra:451 Mem:802.43M (Peak 814.10M) | Time:00:01.98 | Mem:0.00M, Peak:0.00M | Scene, ViewLayer | Synchronizing object | G4_sconce_G3R04_sconce_cap.023
Fra:451 Mem:802.46M (Peak 814.10M) | Time:00:01.98 | Mem:0.00M, Peak:0.00M | Scene, ViewLayer | Synchronizing object | G4_sconce_G3R04_sconce_cage.022
Fra:451 Mem:802.48M (Peak 814.10M) | Time:00:01.98 | Mem:0.00M, Peak:0.00M | Scene, ViewLayer | Synchronizing object | G4_sconce_G3R04_sconce_cage.023
Fra:451 Mem:802.47M (Peak 814.10M) | Time:00:01.98 | Mem:0.00M, Peak:0.00M | Scene, ViewLayer | Synchronizing object | G4_column_sconce.011
Fra:451 Mem:802.47M (Peak 814.10M) | Time:00:01.98 | Mem:0.00M, Peak:0.00M | Scene, ViewLayer | Synchronizing object | G4_joint_G3_column_anchor_bolt.049
Fra:451 Mem:802.47M (Peak 814.10M) | Time:00:01.98 | Mem:0.00M, Peak:0.00M | Scene, ViewLayer | Synchronizing object | G4_joint_G3_column_anchor_bolt.050
Fra:451 Mem:802.48M (Peak 814.10M) | Time:00:01.98 | Mem:0.00M, Peak:0.00M | Scene, ViewLayer | Synchronizing object | G4_joint_G3_column_anchor_bolt.051
Fra:451 Mem:802.48M (Peak 814.10M) | Time:00:01.98 | Mem:0.00M, Peak:0.00M | Scene, ViewLayer | Synchronizing object | G4_joint_G3_column_cap_plate.012
Fra:451 Mem:802.48M (Peak 814.10M) | Time:00:01.98 | Mem:0.00M, Peak:0.00M | Scene, ViewLayer | Synchronizing object | G4_joint_G3_cap_rivet.024
Fra:451 Mem:802.51M (Peak 814.10M) | Time:00:01.98 | Mem:0.00M, Peak:0.00M | Scene, ViewLayer | Synchronizing object | G4_joint_G3_cap_rivet.025
Fra:451 Mem:802.52M (Peak 814.10M) | Time:00:01.98 | Mem:0.00M, Peak:0.00M | Scene, ViewLayer | Synchronizing object | G4_joint_G3R04_eave_splice_plate.024
Fra:451 Mem:802.55M (Peak 814.10M) | Time:00:01.98 | Mem:0.00M, Peak:0.00M | Scene, ViewLayer | Synchronizing object | G4_joint_G3R04_splice_washer.096
Fra:451 Mem:802.56M (Peak 814.10M) | Time:00:01.98 | Mem:0.00M, Peak:0.00M | Scene, ViewLayer | Synchronizing object | G4_joint_G3R04_splice_hexbolt.096
Fra:451 Mem:802.56M (Peak 814.10M) | Time:00:01.98 | Mem:0.00M, Peak:0.00M | Scene, ViewLayer | Synchronizing object | G4_joint_G3R04_splice_washer.097
Fra:451 Mem:802.56M (Peak 814.10M) | Time:00:01.98 | Mem:0.00M, Peak:0.00M | Scene, ViewLayer | Synchronizing object | G4_joint_G3R04_splice_hexbolt.097
Fra:451 Mem:802.57M (Peak 814.10M) | Time:00:01.98 | Mem:0.00M, Peak:0.00M | Scene, ViewLayer | Synchronizing object | G4_joint_G3R04_splice_washer.098
Fra:451 Mem:802.57M (Peak 814.10M) | Time:00:01.98 | Mem:0.00M, Peak:0.00M | Scene, ViewLayer | Synchronizing object | G4_joint_G3R04_splice_hexbolt.098
Fra:451 Mem:802.58M (Peak 814.10M) | Time:00:01.98 | Mem:0.00M, Peak:0.00M | Scene, ViewLayer | Synchronizing object | G4_joint_G3R04_splice_washer.099
Fra:451 Mem:802.59M (Peak 814.10M) | Time:00:01.98 | Mem:0.00M, Peak:0.00M | Scene, ViewLayer | Synchronizing object | G4_joint_G3R04_splice_hexbolt.099
Fra:451 Mem:802.59M (Peak 814.10M) | Time:00:01.98 | Mem:0.00M, Peak:0.00M | Scene, ViewLayer | Synchronizing object | G4_joint_G3R04_eave_splice_plate.025
Fra:451 Mem:802.59M (Peak 814.10M) | Time:00:01.98 | Mem:0.00M, Peak:0.00M | Scene, ViewLayer | Synchronizing object | G4_joint_G3R04_splice_washer.100
Fra:451 Mem:802.63M (Peak 814.10M) | Time:00:01.98 | Mem:0.00M, Peak:0.00M | Scene, ViewLayer | Synchronizing object | G4_joint_G3R04_splice_hexbolt.100
Fra:451 Mem:802.63M (Peak 814.10M) | Time:00:01.98 | Mem:0.00M, Peak:0.00M | Scene, ViewLayer | Synchronizing object | G4_joint_G3R04_splice_washer.101
Fra:451 Mem:802.64M (Peak 814.10M) | Time:00:01.98 | Mem:0.00M, Peak:0.00M | Scene, ViewLayer | Synchronizing object | G4_joint_G3R04_splice_hexbolt.101
Fra:451 Mem:802.64M (Peak 814.10M) | Time:00:01.98 | Mem:0.00M, Peak:0.00M | Scene, ViewLayer | Synchronizing object | G4_joint_G3R04_splice_washer.102
Fra:451 Mem:802.65M (Peak 814.10M) | Time:00:01.98 | Mem:0.00M, Peak:0.00M | Scene, ViewLayer | Synchronizing object | G4_joint_G3R04_splice_hexbolt.102
Fra:451 Mem:802.65M (Peak 814.10M) | Time:00:01.98 | Mem:0.00M, Peak:0.00M | Scene, ViewLayer | Synchronizing object | G4_joint_G3R04_splice_washer.103
Fra:451 Mem:802.66M (Peak 814.10M) | Time:00:01.98 | Mem:0.00M, Peak:0.00M | Scene, ViewLayer | Synchronizing object | G4_joint_G3R04_splice_hexbolt.103
Fra:451 Mem:802.66M (Peak 814.10M) | Time:00:01.98 | Mem:0.00M, Peak:0.00M | Scene, ViewLayer | Synchronizing object | G4_sconce_G3R04_sconce_mount.012
Fra:451 Mem:802.67M (Peak 814.10M) | Time:00:01.98 | Mem:0.00M, Peak:0.00M | Scene, ViewLayer | Synchronizing object | G4_sconce_G3R04_opal_diffuser.012
Fra:451 Mem:802.72M (Peak 814.10M) | Time:00:01.98 | Mem:0.00M, Peak:0.00M | Scene, ViewLayer | Synchronizing object | G4_sconce_G3R04_sconce_cap.024
Fra:451 Mem:802.71M (Peak 814.10M) | Time:00:01.98 | Mem:0.00M, Peak:0.00M | Scene, ViewLayer | Synchronizing object | G4_sconce_G3R04_sconce_cap.025
Fra:451 Mem:802.77M (Peak 814.10M) | Time:00:01.98 | Mem:0.00M, Peak:0.00M | Scene, ViewLayer | Synchronizing object | G4_sconce_G3R04_sconce_cage.024
Fra:451 Mem:802.77M (Peak 814.10M) | Time:00:01.98 | Mem:0.00M, Peak:0.00M | Scene, ViewLayer | Synchronizing object | G4_sconce_G3R04_sconce_cage.025
Fra:451 Mem:802.78M (Peak 814.10M) | Time:00:01.98 | Mem:0.00M, Peak:0.00M | Scene, ViewLayer | Synchronizing object | G4_column_sconce.012
Fra:451 Mem:802.78M (Peak 814.10M) | Time:00:01.98 | Mem:0.00M, Peak:0.00M | Scene, ViewLayer | Synchronizing object | G4_joint_G3_column_anchor_bolt.052
Fra:451 Mem:802.78M (Peak 814.10M) | Time:00:01.98 | Mem:0.00M, Peak:0.00M | Scene, ViewLayer | Synchronizing object | G4_joint_G3_column_anchor_bolt.053
Fra:451 Mem:802.78M (Peak 814.10M) | Time:00:01.98 | Mem:0.00M, Peak:0.00M | Scene, ViewLayer | Synchronizing object | G4_joint_G3_column_anchor_bolt.054
Fra:451 Mem:802.78M (Peak 814.10M) | Time:00:01.98 | Mem:0.00M, Peak:0.00M | Scene, ViewLayer | Synchronizing object | G4_joint_G3_column_anchor_bolt.055
Fra:451 Mem:802.78M (Peak 814.10M) | Time:00:01.98 | Mem:0.00M, Peak:0.00M | Scene, ViewLayer | Synchronizing object | G4_joint_G3_column_cap_plate.013
Fra:451 Mem:802.79M (Peak 814.10M) | Time:00:01.98 | Mem:0.00M, Peak:0.00M | Scene, ViewLayer | Synchronizing object | G4_joint_G3_cap_rivet.026
Fra:451 Mem:802.83M (Peak 814.10M) | Time:00:01.98 | Mem:0.00M, Peak:0.00M | Scene, ViewLayer | Synchronizing object | G4_joint_G3_cap_rivet.027
Fra:451 Mem:802.82M (Peak 814.10M) | Time:00:01.98 | Mem:0.00M, Peak:0.00M | Scene, ViewLayer | Synchronizing object | G4_joint_G3R04_eave_splice_plate.026
Fra:451 Mem:802.85M (Peak 814.10M) | Time:00:01.98 | Mem:0.00M, Peak:0.00M | Scene, ViewLayer | Synchronizing object | G4_joint_G3R04_splice_washer.104
Fra:451 Mem:802.86M (Peak 814.10M) | Time:00:01.98 | Mem:0.00M, Peak:0.00M | Scene, ViewLayer | Synchronizing object | G4_joint_G3R04_splice_hexbolt.104
Fra:451 Mem:802.88M (Peak 814.10M) | Time:00:01.98 | Mem:0.00M, Peak:0.00M | Scene, ViewLayer | Synchronizing object | G4_joint_G3R04_splice_washer.105
Fra:451 Mem:802.87M (Peak 814.10M) | Time:00:01.98 | Mem:0.00M, Peak:0.00M | Scene, ViewLayer | Synchronizing object | G4_joint_G3R04_splice_hexbolt.105
Fra:451 Mem:802.87M (Peak 814.10M) | Time:00:01.98 | Mem:0.00M, Peak:0.00M | Scene, ViewLayer | Synchronizing object | G4_joint_G3R04_splice_washer.106
Fra:451 Mem:802.87M (Peak 814.10M) | Time:00:01.98 | Mem:0.00M, Peak:0.00M | Scene, ViewLayer | Synchronizing object | G4_joint_G3R04_splice_hexbolt.106
Fra:451 Mem:802.88M (Peak 814.10M) | Time:00:01.98 | Mem:0.00M, Peak:0.00M | Scene, ViewLayer | Synchronizing object | G4_joint_G3R04_splice_washer.107
Fra:451 Mem:802.89M (Peak 814.10M) | Time:00:01.98 | Mem:0.00M, Peak:0.00M | Scene, ViewLayer | Synchronizing object | G4_joint_G3R04_splice_hexbolt.107
Fra:451 Mem:802.89M (Peak 814.10M) | Time:00:01.98 | Mem:0.00M, Peak:0.00M | Scene, ViewLayer | Synchronizing object | G4_joint_G3R04_eave_splice_plate.027
Fra:451 Mem:802.90M (Peak 814.10M) | Time:00:01.98 | Mem:0.00M, Peak:0.00M | Scene, ViewLayer | Synchronizing object | G4_joint_G3R04_splice_washer.108
Fra:451 Mem:802.92M (Peak 814.10M) | Time:00:01.98 | Mem:0.00M, Peak:0.00M | Scene, ViewLayer | Synchronizing object | G4_joint_G3R04_splice_hexbolt.108
Fra:451 Mem:802.93M (Peak 814.10M) | Time:00:01.98 | Mem:0.00M, Peak:0.00M | Scene, ViewLayer | Synchronizing object | G4_joint_G3R04_splice_washer.109
Fra:451 Mem:802.94M (Peak 814.10M) | Time:00:01.98 | Mem:0.00M, Peak:0.00M | Scene, ViewLayer | Synchronizing object | G4_joint_G3R04_splice_hexbolt.109
Fra:451 Mem:802.95M (Peak 814.10M) | Time:00:01.98 | Mem:0.00M, Peak:0.00M | Scene, ViewLayer | Synchronizing object | G4_joint_G3R04_splice_washer.110
Fra:451 Mem:802.95M (Peak 814.10M) | Time:00:01.98 | Mem:0.00M, Peak:0.00M | Scene, ViewLayer | Synchronizing object | G4_joint_G3R04_splice_hexbolt.110
Fra:451 Mem:802.95M (Peak 814.10M) | Time:00:01.98 | Mem:0.00M, Peak:0.00M | Scene, ViewLayer | Synchronizing object | G4_joint_G3R04_splice_washer.111
Fra:451 Mem:802.96M (Peak 814.10M) | Time:00:01.98 | Mem:0.00M, Peak:0.00M | Scene, ViewLayer | Synchronizing object | G4_joint_G3R04_splice_hexbolt.111
Fra:451 Mem:802.97M (Peak 814.10M) | Time:00:01.98 | Mem:0.00M, Peak:0.00M | Scene, ViewLayer | Synchronizing object | G4_sconce_G3R04_sconce_mount.013
Fra:451 Mem:802.97M (Peak 814.10M) | Time:00:01.98 | Mem:0.00M, Peak:0.00M | Scene, ViewLayer | Synchronizing object | G4_sconce_G3R04_opal_diffuser.013
Fra:451 Mem:803.02M (Peak 814.10M) | Time:00:01.98 | Mem:0.00M, Peak:0.00M | Scene, ViewLayer | Synchronizing object | G4_sconce_G3R04_sconce_cap.026
Fra:451 Mem:803.02M (Peak 814.10M) | Time:00:01.98 | Mem:0.00M, Peak:0.00M | Scene, ViewLayer | Synchronizing object | G4_sconce_G3R04_sconce_cap.027
Fra:451 Mem:803.09M (Peak 814.10M) | Time:00:01.98 | Mem:0.00M, Peak:0.00M | Scene, ViewLayer | Synchronizing object | G4_sconce_G3R04_sconce_cage.026
Fra:451 Mem:803.08M (Peak 814.10M) | Time:00:01.98 | Mem:0.00M, Peak:0.00M | Scene, ViewLayer | Synchronizing object | G4_sconce_G3R04_sconce_cage.027
Fra:451 Mem:803.08M (Peak 814.10M) | Time:00:01.98 | Mem:0.00M, Peak:0.00M | Scene, ViewLayer | Synchronizing object | G4_column_sconce.013
Fra:451 Mem:803.08M (Peak 814.10M) | Time:00:01.98 | Mem:0.00M, Peak:0.00M | Scene, ViewLayer | Synchronizing object | G4_joint_G3_column_anchor_bolt.056
Fra:451 Mem:803.08M (Peak 814.10M) | Time:00:01.98 | Mem:0.00M, Peak:0.00M | Scene, ViewLayer | Synchronizing object | G4_joint_G3_column_anchor_bolt.057
Fra:451 Mem:803.08M (Peak 814.10M) | Time:00:01.98 | Mem:0.00M, Peak:0.00M | Scene, ViewLayer | Synchronizing object | G4_joint_G3_column_anchor_bolt.058
Fra:451 Mem:803.09M (Peak 814.10M) | Time:00:01.98 | Mem:0.00M, Peak:0.00M | Scene, ViewLayer | Synchronizing object | G4_joint_G3_column_anchor_bolt.059
Fra:451 Mem:803.09M (Peak 814.10M) | Time:00:01.98 | Mem:0.00M, Peak:0.00M | Scene, ViewLayer | Synchronizing object | G4_joint_G3_column_cap_plate.014
Fra:451 Mem:803.09M (Peak 814.10M) | Time:00:01.98 | Mem:0.00M, Peak:0.00M | Scene, ViewLayer | Synchronizing object | G4_joint_G3_cap_rivet.028
Fra:451 Mem:803.13M (Peak 814.10M) | Time:00:01.98 | Mem:0.00M, Peak:0.00M | Scene, ViewLayer | Synchronizing object | G4_joint_G3_cap_rivet.029
Fra:451 Mem:803.13M (Peak 814.10M) | Time:00:01.98 | Mem:0.00M, Peak:0.00M | Scene, ViewLayer | Synchronizing object | G4_joint_G3R04_eave_splice_plate.028
Fra:451 Mem:803.18M (Peak 814.10M) | Time:00:01.98 | Mem:0.00M, Peak:0.00M | Scene, ViewLayer | Synchronizing object | G4_joint_G3R04_splice_washer.112
Fra:451 Mem:803.19M (Peak 814.10M) | Time:00:01.98 | Mem:0.00M, Peak:0.00M | Scene, ViewLayer | Synchronizing object | G4_joint_G3R04_splice_hexbolt.112
Fra:451 Mem:803.19M (Peak 814.10M) | Time:00:01.98 | Mem:0.00M, Peak:0.00M | Scene, ViewLayer | Synchronizing object | G4_joint_G3R04_splice_washer.113
Fra:451 Mem:803.19M (Peak 814.10M) | Time:00:01.98 | Mem:0.00M, Peak:0.00M | Scene, ViewLayer | Synchronizing object | G4_joint_G3R04_splice_hexbolt.113
Fra:451 Mem:803.20M (Peak 814.10M) | Time:00:01.98 | Mem:0.00M, Peak:0.00M | Scene, ViewLayer | Synchronizing object | G4_joint_G3R04_splice_washer.114
Fra:451 Mem:803.20M (Peak 814.10M) | Time:00:01.98 | Mem:0.00M, Peak:0.00M | Scene, ViewLayer | Synchronizing object | G4_joint_G3R04_splice_hexbolt.114
Fra:451 Mem:803.21M (Peak 814.10M) | Time:00:01.98 | Mem:0.00M, Peak:0.00M | Scene, ViewLayer | Synchronizing object | G4_joint_G3R04_splice_washer.115
Fra:451 Mem:803.21M (Peak 814.10M) | Time:00:01.98 | Mem:0.00M, Peak:0.00M | Scene, ViewLayer | Synchronizing object | G4_joint_G3R04_splice_hexbolt.115
Fra:451 Mem:803.22M (Peak 814.10M) | Time:00:01.98 | Mem:0.00M, Peak:0.00M | Scene, ViewLayer | Synchronizing object | G4_joint_G3R04_eave_splice_plate.029
Fra:451 Mem:803.23M (Peak 814.10M) | Time:00:01.98 | Mem:0.00M, Peak:0.00M | Scene, ViewLayer | Synchronizing object | G4_joint_G3R04_splice_washer.116
Fra:451 Mem:803.27M (Peak 814.10M) | Time:00:01.98 | Mem:0.00M, Peak:0.00M | Scene, ViewLayer | Synchronizing object | G4_joint_G3R04_splice_hexbolt.116
Fra:451 Mem:803.27M (Peak 814.10M) | Time:00:01.98 | Mem:0.00M, Peak:0.00M | Scene, ViewLayer | Synchronizing object | G4_joint_G3R04_splice_washer.117
Fra:451 Mem:803.28M (Peak 814.10M) | Time:00:01.98 | Mem:0.00M, Peak:0.00M | Scene, ViewLayer | Synchronizing object | G4_joint_G3R04_splice_hexbolt.117
Fra:451 Mem:803.28M (Peak 814.10M) | Time:00:01.98 | Mem:0.00M, Peak:0.00M | Scene, ViewLayer | Synchronizing object | G4_joint_G3R04_splice_washer.118
Fra:451 Mem:803.28M (Peak 814.10M) | Time:00:01.98 | Mem:0.00M, Peak:0.00M | Scene, ViewLayer | Synchronizing object | G4_joint_G3R04_splice_hexbolt.118
Fra:451 Mem:803.28M (Peak 814.10M) | Time:00:01.98 | Mem:0.00M, Peak:0.00M | Scene, ViewLayer | Synchronizing object | G4_joint_G3R04_splice_washer.119
Fra:451 Mem:803.29M (Peak 814.10M) | Time:00:01.98 | Mem:0.00M, Peak:0.00M | Scene, ViewLayer | Synchronizing object | G4_joint_G3R04_splice_hexbolt.119
Fra:451 Mem:803.30M (Peak 814.10M) | Time:00:01.98 | Mem:0.00M, Peak:0.00M | Scene, ViewLayer | Synchronizing object | G4_sconce_G3R04_sconce_mount.014
Fra:451 Mem:803.30M (Peak 814.10M) | Time:00:01.98 | Mem:0.00M, Peak:0.00M | Scene, ViewLayer | Synchronizing object | G4_sconce_G3R04_opal_diffuser.014
Fra:451 Mem:803.37M (Peak 814.10M) | Time:00:01.98 | Mem:0.00M, Peak:0.00M | Scene, ViewLayer | Synchronizing object | G4_sconce_G3R04_sconce_cap.028
Fra:451 Mem:803.36M (Peak 814.10M) | Time:00:01.98 | Mem:0.00M, Peak:0.00M | Scene, ViewLayer | Synchronizing object | G4_sconce_G3R04_sconce_cap.029
Fra:451 Mem:803.42M (Peak 814.10M) | Time:00:01.98 | Mem:0.00M, Peak:0.00M | Scene, ViewLayer | Synchronizing object | G4_sconce_G3R04_sconce_cage.028
Fra:451 Mem:803.41M (Peak 814.10M) | Time:00:01.98 | Mem:0.00M, Peak:0.00M | Scene, ViewLayer | Synchronizing object | G4_sconce_G3R04_sconce_cage.029
Fra:451 Mem:803.41M (Peak 814.10M) | Time:00:01.98 | Mem:0.00M, Peak:0.00M | Scene, ViewLayer | Synchronizing object | G4_column_sconce.014
Fra:451 Mem:803.41M (Peak 814.10M) | Time:00:01.98 | Mem:0.00M, Peak:0.00M | Scene, ViewLayer | Synchronizing object | G4_joint_G3_column_anchor_bolt.060
Fra:451 Mem:803.42M (Peak 814.10M) | Time:00:01.98 | Mem:0.00M, Peak:0.00M | Scene, ViewLayer | Synchronizing object | G4_joint_G3_column_anchor_bolt.061
Fra:451 Mem:803.42M (Peak 814.10M) | Time:00:01.98 | Mem:0.00M, Peak:0.00M | Scene, ViewLayer | Synchronizing object | G4_joint_G3_column_anchor_bolt.062
Fra:451 Mem:803.42M (Peak 814.10M) | Time:00:01.98 | Mem:0.00M, Peak:0.00M | Scene, ViewLayer | Synchronizing object | G4_joint_G3_column_anchor_bolt.063
Fra:451 Mem:803.44M (Peak 814.10M) | Time:00:01.98 | Mem:0.00M, Peak:0.00M | Scene, ViewLayer | Synchronizing object | G4_joint_G3_column_cap_plate.015
Fra:451 Mem:803.43M (Peak 814.10M) | Time:00:01.98 | Mem:0.00M, Peak:0.00M | Scene, ViewLayer | Synchronizing object | G4_joint_G3_cap_rivet.030
Fra:451 Mem:803.46M (Peak 814.10M) | Time:00:01.98 | Mem:0.00M, Peak:0.00M | Scene, ViewLayer | Synchronizing object | G4_joint_G3_cap_rivet.031
Fra:451 Mem:803.46M (Peak 814.10M) | Time:00:01.98 | Mem:0.00M, Peak:0.00M | Scene, ViewLayer | Synchronizing object | G4_joint_G3R04_eave_splice_plate.030
Fra:451 Mem:803.49M (Peak 814.10M) | Time:00:01.98 | Mem:0.00M, Peak:0.00M | Scene, ViewLayer | Synchronizing object | G4_joint_G3R04_splice_washer.120
Fra:451 Mem:803.50M (Peak 814.10M) | Time:00:01.98 | Mem:0.00M, Peak:0.00M | Scene, ViewLayer | Synchronizing object | G4_joint_G3R04_splice_hexbolt.120
Fra:451 Mem:803.52M (Peak 814.10M) | Time:00:01.98 | Mem:0.00M, Peak:0.00M | Scene, ViewLayer | Synchronizing object | G4_joint_G3R04_splice_washer.121
Fra:451 Mem:803.50M (Peak 814.10M) | Time:00:01.98 | Mem:0.00M, Peak:0.00M | Scene, ViewLayer | Synchronizing object | G4_joint_G3R04_splice_hexbolt.121
Fra:451 Mem:803.51M (Peak 814.10M) | Time:00:01.98 | Mem:0.00M, Peak:0.00M | Scene, ViewLayer | Synchronizing object | G4_joint_G3R04_splice_washer.122
Fra:451 Mem:803.51M (Peak 814.10M) | Time:00:01.98 | Mem:0.00M, Peak:0.00M | Scene, ViewLayer | Synchronizing object | G4_joint_G3R04_splice_hexbolt.122
Fra:451 Mem:803.52M (Peak 814.10M) | Time:00:01.98 | Mem:0.00M, Peak:0.00M | Scene, ViewLayer | Synchronizing object | G4_joint_G3R04_splice_washer.123
Fra:451 Mem:803.53M (Peak 814.10M) | Time:00:01.98 | Mem:0.00M, Peak:0.00M | Scene, ViewLayer | Synchronizing object | G4_joint_G3R04_splice_hexbolt.123
Fra:451 Mem:803.53M (Peak 814.10M) | Time:00:01.98 | Mem:0.00M, Peak:0.00M | Scene, ViewLayer | Synchronizing object | G4_joint_G3R04_eave_splice_plate.031
Fra:451 Mem:803.53M (Peak 814.10M) | Time:00:01.98 | Mem:0.00M, Peak:0.00M | Scene, ViewLayer | Synchronizing object | G4_joint_G3R04_splice_washer.124
Fra:451 Mem:803.58M (Peak 814.10M) | Time:00:01.98 | Mem:0.00M, Peak:0.00M | Scene, ViewLayer | Synchronizing object | G4_joint_G3R04_splice_hexbolt.124
Fra:451 Mem:803.57M (Peak 814.10M) | Time:00:01.98 | Mem:0.00M, Peak:0.00M | Scene, ViewLayer | Synchronizing object | G4_joint_G3R04_splice_washer.125
Fra:451 Mem:803.58M (Peak 814.10M) | Time:00:01.98 | Mem:0.00M, Peak:0.00M | Scene, ViewLayer | Synchronizing object | G4_joint_G3R04_splice_hexbolt.125
Fra:451 Mem:803.60M (Peak 814.10M) | Time:00:01.98 | Mem:0.00M, Peak:0.00M | Scene, ViewLayer | Synchronizing object | G4_joint_G3R04_splice_washer.126
Fra:451 Mem:803.59M (Peak 814.10M) | Time:00:01.98 | Mem:0.00M, Peak:0.00M | Scene, ViewLayer | Synchronizing object | G4_joint_G3R04_splice_hexbolt.126
Fra:451 Mem:803.59M (Peak 814.10M) | Time:00:01.98 | Mem:0.00M, Peak:0.00M | Scene, ViewLayer | Synchronizing object | G4_joint_G3R04_splice_washer.127
Fra:451 Mem:803.60M (Peak 814.10M) | Time:00:01.98 | Mem:0.00M, Peak:0.00M | Scene, ViewLayer | Synchronizing object | G4_joint_G3R04_splice_hexbolt.127
Fra:451 Mem:803.60M (Peak 814.10M) | Time:00:01.98 | Mem:0.00M, Peak:0.00M | Scene, ViewLayer | Synchronizing object | G4_sconce_G3R04_sconce_mount.015
Fra:451 Mem:803.65M (Peak 814.10M) | Time:00:01.98 | Mem:0.00M, Peak:0.00M | Scene, ViewLayer | Synchronizing object | G4_sconce_G3R04_opal_diffuser.015
Fra:451 Mem:803.64M (Peak 814.10M) | Time:00:01.98 | Mem:0.00M, Peak:0.00M | Scene, ViewLayer | Synchronizing object | G4_sconce_G3R04_sconce_cap.030
Fra:451 Mem:803.69M (Peak 814.10M) | Time:00:01.98 | Mem:0.00M, Peak:0.00M | Scene, ViewLayer | Synchronizing object | G4_sconce_G3R04_sconce_cap.031
Fra:451 Mem:803.69M (Peak 814.10M) | Time:00:01.98 | Mem:0.00M, Peak:0.00M | Scene, ViewLayer | Synchronizing object | G4_sconce_G3R04_sconce_cage.030
Fra:451 Mem:803.72M (Peak 814.10M) | Time:00:01.98 | Mem:0.00M, Peak:0.00M | Scene, ViewLayer | Synchronizing object | G4_sconce_G3R04_sconce_cage.031
Fra:451 Mem:803.72M (Peak 814.10M) | Time:00:01.98 | Mem:0.00M, Peak:0.00M | Scene, ViewLayer | Synchronizing object | G4_column_sconce.015
Fra:451 Mem:803.73M (Peak 814.10M) | Time:00:01.98 | Mem:0.00M, Peak:0.00M | Scene, ViewLayer | Synchronizing object | G4_platform_edge_inlay
Fra:451 Mem:803.75M (Peak 814.10M) | Time:00:01.98 | Mem:0.00M, Peak:0.00M | Scene, ViewLayer | Synchronizing object | G4_drain_grate_bar
Fra:451 Mem:803.78M (Peak 814.10M) | Time:00:01.98 | Mem:0.00M, Peak:0.00M | Scene, ViewLayer | Synchronizing object | G4_drain_grate_bar.001
Fra:451 Mem:803.80M (Peak 814.10M) | Time:00:01.99 | Mem:0.00M, Peak:0.00M | Scene, ViewLayer | Synchronizing object | G4_drain_grate_bar.002
Fra:451 Mem:803.83M (Peak 814.10M) | Time:00:01.99 | Mem:0.00M, Peak:0.00M | Scene, ViewLayer | Synchronizing object | G4_drain_grate_bar.003
Fra:451 Mem:803.86M (Peak 814.10M) | Time:00:01.99 | Mem:0.00M, Peak:0.00M | Scene, ViewLayer | Synchronizing object | G4_drain_grate_bar.004
Fra:451 Mem:803.88M (Peak 814.10M) | Time:00:01.99 | Mem:0.00M, Peak:0.00M | Scene, ViewLayer | Synchronizing object | G4_drain_grate_bar.005
Fra:451 Mem:803.91M (Peak 814.10M) | Time:00:01.99 | Mem:0.00M, Peak:0.00M | Scene, ViewLayer | Synchronizing object | G4_drain_grate_bar.006
Fra:451 Mem:803.93M (Peak 814.10M) | Time:00:01.99 | Mem:0.00M, Peak:0.00M | Scene, ViewLayer | Synchronizing object | G4_drain_grate_bar.007
Fra:451 Mem:803.96M (Peak 814.10M) | Time:00:01.99 | Mem:0.00M, Peak:0.00M | Scene, ViewLayer | Synchronizing object | G4_drain_grate_bar.008
Fra:451 Mem:803.99M (Peak 814.10M) | Time:00:01.99 | Mem:0.00M, Peak:0.00M | Scene, ViewLayer | Synchronizing object | G4_drain_grate_bar.009
Fra:451 Mem:804.01M (Peak 814.10M) | Time:00:01.99 | Mem:0.00M, Peak:0.00M | Scene, ViewLayer | Synchronizing object | G4_drain_grate_bar.010
Fra:451 Mem:804.04M (Peak 814.10M) | Time:00:01.99 | Mem:0.00M, Peak:0.00M | Scene, ViewLayer | Synchronizing object | G4_drain_grate_bar.011
Fra:451 Mem:804.05M (Peak 814.10M) | Time:00:01.99 | Mem:0.00M, Peak:0.00M | Scene, ViewLayer | Synchronizing object | G4_drain_grate_bar.012
Fra:451 Mem:804.07M (Peak 814.10M) | Time:00:01.99 | Mem:0.00M, Peak:0.00M | Scene, ViewLayer | Synchronizing object | G4_drain_grate_bar.013
Fra:451 Mem:804.12M (Peak 814.10M) | Time:00:01.99 | Mem:0.00M, Peak:0.00M | Scene, ViewLayer | Synchronizing object | G4_drain_grate_bar.014
Fra:451 Mem:804.15M (Peak 814.10M) | Time:00:01.99 | Mem:0.00M, Peak:0.00M | Scene, ViewLayer | Synchronizing object | G4_drain_grate_bar.015
Fra:451 Mem:804.15M (Peak 814.10M) | Time:00:01.99 | Mem:0.00M, Peak:0.00M | Scene, ViewLayer | Synchronizing object | G4_drain_grate_bar.016
Fra:451 Mem:804.22M (Peak 814.10M) | Time:00:01.99 | Mem:0.00M, Peak:0.00M | Scene, ViewLayer | Synchronizing object | G4_drain_grate_bar.017
Fra:451 Mem:804.20M (Peak 814.10M) | Time:00:01.99 | Mem:0.00M, Peak:0.00M | Scene, ViewLayer | Synchronizing object | G4_drain_grate_bar.018
Fra:451 Mem:804.27M (Peak 814.10M) | Time:00:01.99 | Mem:0.00M, Peak:0.00M | Scene, ViewLayer | Synchronizing object | G4_drain_grate_bar.019
Fra:451 Mem:804.25M (Peak 814.10M) | Time:00:01.99 | Mem:0.00M, Peak:0.00M | Scene, ViewLayer | Synchronizing object | G4_drain_grate_bar.020
Fra:451 Mem:804.32M (Peak 814.10M) | Time:00:01.99 | Mem:0.00M, Peak:0.00M | Scene, ViewLayer | Synchronizing object | G4_drain_grate_bar.021
Fra:451 Mem:804.30M (Peak 814.10M) | Time:00:01.99 | Mem:0.00M, Peak:0.00M | Scene, ViewLayer | Synchronizing object | G4_drain_grate_bar.022
Fra:451 Mem:804.35M (Peak 814.10M) | Time:00:01.99 | Mem:0.00M, Peak:0.00M | Scene, ViewLayer | Synchronizing object | G4_drain_grate_bar.023
Fra:451 Mem:804.38M (Peak 814.10M) | Time:00:01.99 | Mem:0.00M, Peak:0.00M | Scene, ViewLayer | Synchronizing object | G4_drain_grate_bar.024
Fra:451 Mem:804.41M (Peak 814.10M) | Time:00:01.99 | Mem:0.00M, Peak:0.00M | Scene, ViewLayer | Synchronizing object | G4_drain_grate_bar.025
Fra:451 Mem:804.43M (Peak 814.10M) | Time:00:01.99 | Mem:0.00M, Peak:0.00M | Scene, ViewLayer | Synchronizing object | G4_drain_grate_bar.026
Fra:451 Mem:804.45M (Peak 814.10M) | Time:00:01.99 | Mem:0.00M, Peak:0.00M | Scene, ViewLayer | Synchronizing object | G4_drain_grate_bar.027
Fra:451 Mem:804.46M (Peak 814.10M) | Time:00:01.99 | Mem:0.00M, Peak:0.00M | Scene, ViewLayer | Synchronizing object | G4_drain_grate_bar.028
Fra:451 Mem:804.53M (Peak 814.10M) | Time:00:01.99 | Mem:0.00M, Peak:0.00M | Scene, ViewLayer | Synchronizing object | G4_drain_grate_bar.029
Fra:451 Mem:804.51M (Peak 814.10M) | Time:00:01.99 | Mem:0.00M, Peak:0.00M | Scene, ViewLayer | Synchronizing object | G4_drain_grate_bar.030
Fra:451 Mem:804.57M (Peak 814.10M) | Time:00:01.99 | Mem:0.00M, Peak:0.00M | Scene, ViewLayer | Synchronizing object | G4_drain_grate_bar.031
Fra:451 Mem:804.58M (Peak 814.10M) | Time:00:01.99 | Mem:0.00M, Peak:0.00M | Scene, ViewLayer | Synchronizing object | G4_drain_grate_bar.032
Fra:451 Mem:804.61M (Peak 814.10M) | Time:00:01.99 | Mem:0.00M, Peak:0.00M | Scene, ViewLayer | Synchronizing object | G4_drain_grate_bar.033
Fra:451 Mem:804.61M (Peak 814.10M) | Time:00:01.99 | Mem:0.00M, Peak:0.00M | Scene, ViewLayer | Synchronizing object | G4_drain_grate_bar.034
Fra:451 Mem:804.66M (Peak 814.10M) | Time:00:01.99 | Mem:0.00M, Peak:0.00M | Scene, ViewLayer | Synchronizing object | G4_drain_grate_bar.035
Fra:451 Mem:804.66M (Peak 814.10M) | Time:00:01.99 | Mem:0.00M, Peak:0.00M | Scene, ViewLayer | Synchronizing object | G4_drain_grate_bar.036
Fra:451 Mem:804.72M (Peak 814.10M) | Time:00:01.99 | Mem:0.00M, Peak:0.00M | Scene, ViewLayer | Synchronizing object | G4_drain_grate_bar.037
Fra:451 Mem:804.73M (Peak 814.10M) | Time:00:01.99 | Mem:0.00M, Peak:0.00M | Scene, ViewLayer | Synchronizing object | G4_drain_grate_bar.038
Fra:451 Mem:804.77M (Peak 814.10M) | Time:00:01.99 | Mem:0.00M, Peak:0.00M | Scene, ViewLayer | Synchronizing object | G4_drain_grate_bar.039
Fra:451 Mem:804.79M (Peak 814.10M) | Time:00:01.99 | Mem:0.00M, Peak:0.00M | Scene, ViewLayer | Synchronizing object | G4_drain_grate_bar.040
Fra:451 Mem:804.82M (Peak 814.10M) | Time:00:01.99 | Mem:0.00M, Peak:0.00M | Scene, ViewLayer | Synchronizing object | G4_drain_grate_bar.041
Fra:451 Mem:804.79M (Peak 814.10M) | Time:00:01.99 | Mem:0.00M, Peak:0.00M | Scene, ViewLayer | Synchronizing object | G4_drain_grate_bar.042
Fra:451 Mem:804.77M (Peak 814.10M) | Time:00:01.99 | Mem:0.00M, Peak:0.00M | Scene, ViewLayer | Synchronizing object | G4_drain_grate_bar.043
Fra:451 Mem:804.66M (Peak 814.10M) | Time:00:01.99 | Mem:0.00M, Peak:0.00M | Scene, ViewLayer | Synchronizing object | G4_drain_grate_bar.044
Fra:451 Mem:804.64M (Peak 814.10M) | Time:00:01.99 | Mem:0.00M, Peak:0.00M | Scene, ViewLayer | Synchronizing object | G4_drain_grate_bar.045
Fra:451 Mem:804.52M (Peak 814.10M) | Time:00:01.99 | Mem:0.00M, Peak:0.00M | Scene, ViewLayer | Synchronizing object | G4_drain_grate_bar.046
Fra:451 Mem:804.41M (Peak 814.10M) | Time:00:01.99 | Mem:0.00M, Peak:0.00M | Scene, ViewLayer | Synchronizing object | G4_drain_grate_bar.048
Fra:451 Mem:804.40M (Peak 814.10M) | Time:00:01.99 | Mem:0.00M, Peak:0.00M | Scene, ViewLayer | Synchronizing object | G4_drain_grate_bar.049
Fra:451 Mem:804.29M (Peak 814.10M) | Time:00:01.99 | Mem:0.00M, Peak:0.00M | Scene, ViewLayer | Synchronizing object | G4_drain_grate_bar.050
Fra:451 Mem:804.26M (Peak 814.10M) | Time:00:01.99 | Mem:0.00M, Peak:0.00M | Scene, ViewLayer | Synchronizing object | G4_drain_grate_bar.051
Fra:451 Mem:804.10M (Peak 814.10M) | Time:00:01.99 | Mem:0.00M, Peak:0.00M | Scene, ViewLayer | Synchronizing object | G4_drain_grate_bar.052
Fra:451 Mem:804.00M (Peak 814.10M) | Time:00:01.99 | Mem:0.00M, Peak:0.00M | Scene, ViewLayer | Synchronizing object | G4_drain_grate_bar.053
Fra:451 Mem:803.90M (Peak 814.10M) | Time:00:01.99 | Mem:0.00M, Peak:0.00M | Scene, ViewLayer | Synchronizing object | G4_drain_grate_bar.054
Fra:451 Mem:803.79M (Peak 814.10M) | Time:00:01.99 | Mem:0.00M, Peak:0.00M | Scene, ViewLayer | Synchronizing object | G4_drain_grate_bar.055
Fra:451 Mem:803.71M (Peak 814.10M) | Time:00:01.99 | Mem:0.00M, Peak:0.00M | Scene, ViewLayer | Synchronizing object | G4_drain_grate_bar.056
Fra:451 Mem:803.62M (Peak 814.10M) | Time:00:01.99 | Mem:0.00M, Peak:0.00M | Scene, ViewLayer | Synchronizing object | G4_drain_grate_bar.057
Fra:451 Mem:803.58M (Peak 814.10M) | Time:00:01.99 | Mem:0.00M, Peak:0.00M | Scene, ViewLayer | Synchronizing object | G4_drain_grate_bar.058
Fra:451 Mem:803.50M (Peak 814.10M) | Time:00:01.99 | Mem:0.00M, Peak:0.00M | Scene, ViewLayer | Synchronizing object | G4_drain_grate_bar.059
Fra:451 Mem:803.49M (Peak 814.10M) | Time:00:01.99 | Mem:0.00M, Peak:0.00M | Scene, ViewLayer | Synchronizing object | G4_drain_grate_bar.060
Fra:451 Mem:803.36M (Peak 814.10M) | Time:00:01.99 | Mem:0.00M, Peak:0.00M | Scene, ViewLayer | Synchronizing object | G4_drain_grate_bar.061
Fra:451 Mem:803.35M (Peak 814.10M) | Time:00:01.99 | Mem:0.00M, Peak:0.00M | Scene, ViewLayer | Synchronizing object | G4_drain_grate_bar.062
Fra:451 Mem:803.25M (Peak 814.10M) | Time:00:01.99 | Mem:0.00M, Peak:0.00M | Scene, ViewLayer | Synchronizing object | G4_drain_grate_bar.063
Fra:451 Mem:803.22M (Peak 814.10M) | Time:00:01.99 | Mem:0.00M, Peak:0.00M | Scene, ViewLayer | Synchronizing object | G4_drain_grate_bar.064
Fra:451 Mem:803.09M (Peak 814.10M) | Time:00:01.99 | Mem:0.00M, Peak:0.00M | Scene, ViewLayer | Synchronizing object | G4_drain_grate_bar.065
Fra:451 Mem:803.05M (Peak 814.10M) | Time:00:01.99 | Mem:0.00M, Peak:0.00M | Scene, ViewLayer | Synchronizing object | G4_drain_grate_bar.066
Fra:451 Mem:802.80M (Peak 814.10M) | Time:00:01.99 | Mem:0.00M, Peak:0.00M | Scene, ViewLayer | Synchronizing object | G4_drain_grate_bar.067
Fra:451 Mem:802.56M (Peak 814.10M) | Time:00:01.99 | Mem:0.00M, Peak:0.00M | Scene, ViewLayer | Synchronizing object | G4_drain_grate_bar.068
Fra:451 Mem:802.31M (Peak 814.10M) | Time:00:01.99 | Mem:0.00M, Peak:0.00M | Scene, ViewLayer | Synchronizing object | G4_drain_grate_bar.069
Fra:451 Mem:802.23M (Peak 814.10M) | Time:00:01.99 | Mem:0.00M, Peak:0.00M | Scene, ViewLayer | Synchronizing object | G4_drain_grate_bar.070
Fra:451 Mem:802.05M (Peak 814.10M) | Time:00:01.99 | Mem:0.00M, Peak:0.00M | Scene, ViewLayer | Synchronizing object | G4_drain_grate_bar.071
Fra:451 Mem:801.96M (Peak 814.10M) | Time:00:01.99 | Mem:0.00M, Peak:0.00M | Scene, ViewLayer | Synchronizing object | G4_drain_grate_bar.072
Fra:451 Mem:801.82M (Peak 814.10M) | Time:00:01.99 | Mem:0.00M, Peak:0.00M | Scene, ViewLayer | Synchronizing object | G4_drain_grate_bar.073
Fra:451 Mem:801.54M (Peak 814.10M) | Time:00:01.99 | Mem:0.00M, Peak:0.00M | Scene, ViewLayer | Synchronizing object | G4_drain_grate_bar.074
Fra:451 Mem:801.46M (Peak 814.10M) | Time:00:01.99 | Mem:0.00M, Peak:0.00M | Scene, ViewLayer | Synchronizing object | G4_drain_grate_bar.075
Fra:451 Mem:801.23M (Peak 814.10M) | Time:00:01.99 | Mem:0.00M, Peak:0.00M | Scene, ViewLayer | Synchronizing object | G4_drain_grate_bar.076
Fra:451 Mem:801.15M (Peak 814.10M) | Time:00:01.99 | Mem:0.00M, Peak:0.00M | Scene, ViewLayer | Synchronizing object | G4_drain_grate_bar.077
Fra:451 Mem:800.93M (Peak 814.10M) | Time:00:01.99 | Mem:0.00M, Peak:0.00M | Scene, ViewLayer | Synchronizing object | G4_drain_grate_bar.078
Fra:451 Mem:800.84M (Peak 814.10M) | Time:00:01.99 | Mem:0.00M, Peak:0.00M | Scene, ViewLayer | Synchronizing object | G4_drain_grate_bar.079
Fra:451 Mem:800.67M (Peak 814.10M) | Time:00:01.99 | Mem:0.00M, Peak:0.00M | Scene, ViewLayer | Synchronizing object | G4_drain_grate_bar.080
Fra:451 Mem:800.54M (Peak 814.10M) | Time:00:01.99 | Mem:0.00M, Peak:0.00M | Scene, ViewLayer | Synchronizing object | G4_drain_grate_bar.081
Fra:451 Mem:800.39M (Peak 814.10M) | Time:00:01.99 | Mem:0.00M, Peak:0.00M | Scene, ViewLayer | Synchronizing object | G4_drain_grate_bar.082
Fra:451 Mem:800.21M (Peak 814.10M) | Time:00:01.99 | Mem:0.00M, Peak:0.00M | Scene, ViewLayer | Synchronizing object | G4_drain_grate_bar.083
Fra:451 Mem:800.09M (Peak 814.10M) | Time:00:01.99 | Mem:0.00M, Peak:0.00M | Scene, ViewLayer | Synchronizing object | G4_drain_grate_bar.084
Fra:451 Mem:799.87M (Peak 814.10M) | Time:00:01.99 | Mem:0.00M, Peak:0.00M | Scene, ViewLayer | Synchronizing object | G4_drain_grate_bar.085
Fra:451 Mem:799.78M (Peak 814.10M) | Time:00:01.99 | Mem:0.00M, Peak:0.00M | Scene, ViewLayer | Synchronizing object | G4_drain_grate_bar.086
Fra:451 Mem:799.67M (Peak 814.10M) | Time:00:01.99 | Mem:0.00M, Peak:0.00M | Scene, ViewLayer | Synchronizing object | G4_drain_grate_bar.087
Fra:451 Mem:799.71M (Peak 814.10M) | Time:00:01.99 | Mem:0.00M, Peak:0.00M | Scene, ViewLayer | Synchronizing object | G4_drain_grate_bar.088
Fra:451 Mem:799.72M (Peak 814.10M) | Time:00:01.99 | Mem:0.00M, Peak:0.00M | Scene, ViewLayer | Synchronizing object | G4R03_eave_drips
Fra:451 Mem:799.76M (Peak 814.10M) | Time:00:01.99 | Mem:0.00M, Peak:0.00M | Scene, ViewLayer | Synchronizing object | G4_drain_grate_bar.089
Fra:451 Mem:799.79M (Peak 814.10M) | Time:00:01.99 | Mem:0.00M, Peak:0.00M | Scene, ViewLayer | Synchronizing object | G4_drain_grate_bar.090
Fra:451 Mem:799.82M (Peak 814.10M) | Time:00:01.99 | Mem:0.00M, Peak:0.00M | Scene, ViewLayer | Synchronizing object | G4_drain_grate_bar.091
Fra:451 Mem:799.85M (Peak 814.10M) | Time:00:01.99 | Mem:0.00M, Peak:0.00M | Scene, ViewLayer | Synchronizing object | G4_drain_grate_bar.092
Fra:451 Mem:799.87M (Peak 814.10M) | Time:00:01.99 | Mem:0.00M, Peak:0.00M | Scene, ViewLayer | Synchronizing object | G4_drain_grate_bar.093
Fra:451 Mem:799.90M (Peak 814.10M) | Time:00:01.99 | Mem:0.00M, Peak:0.00M | Scene, ViewLayer | Synchronizing object | G4_drain_grate_bar.094
Fra:451 Mem:799.92M (Peak 814.10M) | Time:00:01.99 | Mem:0.00M, Peak:0.00M | Scene, ViewLayer | Synchronizing object | G4_drain_grate_bar.095
Fra:451 Mem:799.95M (Peak 814.10M) | Time:00:01.99 | Mem:0.00M, Peak:0.00M | Scene, ViewLayer | Synchronizing object | G4_drain_grate_bar.096
Fra:451 Mem:799.97M (Peak 814.10M) | Time:00:01.99 | Mem:0.00M, Peak:0.00M | Scene, ViewLayer | Synchronizing object | G4_drain_grate_bar.097
Fra:451 Mem:800.01M (Peak 814.10M) | Time:00:01.99 | Mem:0.00M, Peak:0.00M | Scene, ViewLayer | Synchronizing object | G4_drain_grate_bar.098
Fra:451 Mem:800.02M (Peak 814.10M) | Time:00:01.99 | Mem:0.00M, Peak:0.00M | Scene, ViewLayer | Synchronizing object | G4_drain_grate_bar.099
Fra:451 Mem:800.03M (Peak 814.10M) | Time:00:01.99 | Mem:0.00M, Peak:0.00M | Scene, ViewLayer | Synchronizing object | G4R03_adherent_rivulet
Fra:451 Mem:800.05M (Peak 814.10M) | Time:00:01.99 | Mem:0.00M, Peak:0.00M | Scene, ViewLayer | Synchronizing object | G4R03_adherent_rivulet.001
Fra:451 Mem:800.07M (Peak 814.10M) | Time:00:01.99 | Mem:0.00M, Peak:0.00M | Scene, ViewLayer | Synchronizing object | G4_drain_grate_bar.100
Fra:451 Mem:800.11M (Peak 814.10M) | Time:00:01.99 | Mem:0.00M, Peak:0.00M | Scene, ViewLayer | Synchronizing object | G4R03_adherent_rivulet.002
Fra:451 Mem:800.13M (Peak 814.10M) | Time:00:01.99 | Mem:0.00M, Peak:0.00M | Scene, ViewLayer | Synchronizing object | G4R03_adherent_rivulet.003
Fra:451 Mem:800.12M (Peak 814.10M) | Time:00:01.99 | Mem:0.00M, Peak:0.00M | Scene, ViewLayer | Synchronizing object | G4_drain_grate_bar.101
Fra:451 Mem:800.18M (Peak 814.10M) | Time:00:01.99 | Mem:0.00M, Peak:0.00M | Scene, ViewLayer | Synchronizing object | G4_drain_grate_bar.102
Fra:451 Mem:800.20M (Peak 814.10M) | Time:00:01.99 | Mem:0.00M, Peak:0.00M | Scene, ViewLayer | Synchronizing object | G4_drain_grate_bar.103
Fra:451 Mem:800.19M (Peak 814.10M) | Time:00:01.99 | Mem:0.00M, Peak:0.00M | Scene, ViewLayer | Synchronizing object | G4_drain_grate_bar.104
Fra:451 Mem:800.25M (Peak 814.10M) | Time:00:01.99 | Mem:0.00M, Peak:0.00M | Scene, ViewLayer | Synchronizing object | G4_drain_grate_bar.105
Fra:451 Mem:800.24M (Peak 814.10M) | Time:00:01.99 | Mem:0.00M, Peak:0.00M | Scene, ViewLayer | Synchronizing object | G4_drain_grate_bar.106
Fra:451 Mem:800.26M (Peak 814.10M) | Time:00:01.99 | Mem:0.00M, Peak:0.00M | Scene, ViewLayer | Synchronizing object | G4R03_adherent_rivulet.004
Fra:451 Mem:800.31M (Peak 814.10M) | Time:00:01.99 | Mem:0.00M, Peak:0.00M | Scene, ViewLayer | Synchronizing object | G4R03_adherent_rivulet.005
Fra:451 Mem:800.32M (Peak 814.10M) | Time:00:01.99 | Mem:0.00M, Peak:0.00M | Scene, ViewLayer | Synchronizing object | G4_drain_grate_bar.107
Fra:451 Mem:800.34M (Peak 814.10M) | Time:00:01.99 | Mem:0.00M, Peak:0.00M | Scene, ViewLayer | Synchronizing object | G4_drain_grate_bar.108
Fra:451 Mem:800.35M (Peak 814.10M) | Time:00:01.99 | Mem:0.00M, Peak:0.00M | Scene, ViewLayer | Synchronizing object | G4R03_adherent_rivulet.006
Fra:451 Mem:800.39M (Peak 814.10M) | Time:00:01.99 | Mem:0.00M, Peak:0.00M | Scene, ViewLayer | Synchronizing object | G4R03_adherent_rivulet.007
Fra:451 Mem:800.41M (Peak 814.10M) | Time:00:01.99 | Mem:0.00M, Peak:0.00M | Scene, ViewLayer | Synchronizing object | G4_drain_grate_bar.109
Fra:451 Mem:800.43M (Peak 814.10M) | Time:00:01.99 | Mem:0.00M, Peak:0.00M | Scene, ViewLayer | Synchronizing object | G4R03_adherent_rivulet.008
Fra:451 Mem:800.44M (Peak 814.10M) | Time:00:01.99 | Mem:0.00M, Peak:0.00M | Scene, ViewLayer | Synchronizing object | G4_drain_grate_bar.110
Fra:451 Mem:800.49M (Peak 814.10M) | Time:00:01.99 | Mem:0.00M, Peak:0.00M | Scene, ViewLayer | Synchronizing object | G4R03_adherent_rivulet.009
Fra:451 Mem:800.50M (Peak 814.10M) | Time:00:01.99 | Mem:0.00M, Peak:0.00M | Scene, ViewLayer | Synchronizing object | G4R03_adherent_rivulet.010
Fra:451 Mem:800.49M (Peak 814.10M) | Time:00:01.99 | Mem:0.00M, Peak:0.00M | Scene, ViewLayer | Synchronizing object | G4_drain_grate_bar.111
Fra:451 Mem:800.53M (Peak 814.10M) | Time:00:01.99 | Mem:0.00M, Peak:0.00M | Scene, ViewLayer | Synchronizing object | G4_drain_grate_bar.112
Fra:451 Mem:800.56M (Peak 814.10M) | Time:00:01.99 | Mem:0.00M, Peak:0.00M | Scene, ViewLayer | Synchronizing object | G4R03_adherent_rivulet.011
Fra:451 Mem:800.58M (Peak 814.10M) | Time:00:01.99 | Mem:0.00M, Peak:0.00M | Scene, ViewLayer | Synchronizing object | G4R03_adherent_rivulet.012
Fra:451 Mem:800.60M (Peak 814.10M) | Time:00:01.99 | Mem:0.00M, Peak:0.00M | Scene, ViewLayer | Synchronizing object | G4_drain_grate_bar.113
Fra:451 Mem:800.62M (Peak 814.10M) | Time:00:01.99 | Mem:0.00M, Peak:0.00M | Scene, ViewLayer | Synchronizing object | G4_drain_grate_bar.114
Fra:451 Mem:800.64M (Peak 814.10M) | Time:00:01.99 | Mem:0.00M, Peak:0.00M | Scene, ViewLayer | Synchronizing object | G4R03_adherent_rivulet.013
Fra:451 Mem:800.67M (Peak 814.10M) | Time:00:01.99 | Mem:0.00M, Peak:0.00M | Scene, ViewLayer | Synchronizing object | G4R03_adherent_rivulet.014
Fra:451 Mem:800.69M (Peak 814.10M) | Time:00:01.99 | Mem:0.00M, Peak:0.00M | Scene, ViewLayer | Synchronizing object | G4_drain_grate_bar.115
Fra:451 Mem:800.71M (Peak 814.10M) | Time:00:01.99 | Mem:0.00M, Peak:0.00M | Scene, ViewLayer | Synchronizing object | G4R03_adherent_rivulet.015
Fra:451 Mem:800.72M (Peak 814.10M) | Time:00:01.99 | Mem:0.00M, Peak:0.00M | Scene, ViewLayer | Synchronizing object | G4_drain_grate_bar.116
Fra:451 Mem:800.76M (Peak 814.10M) | Time:00:01.99 | Mem:0.00M, Peak:0.00M | Scene, ViewLayer | Synchronizing object | G4R03_adherent_rivulet.016
Fra:451 Mem:800.78M (Peak 814.10M) | Time:00:01.99 | Mem:0.00M, Peak:0.00M | Scene, ViewLayer | Synchronizing object | G4R03_adherent_rivulet.017
Fra:451 Mem:800.77M (Peak 814.10M) | Time:00:01.99 | Mem:0.00M, Peak:0.00M | Scene, ViewLayer | Synchronizing object | G4_drain_grate_bar.117
Fra:451 Mem:800.81M (Peak 814.10M) | Time:00:01.99 | Mem:0.00M, Peak:0.00M | Scene, ViewLayer | Synchronizing object | G4_drain_grate_bar.118
Fra:451 Mem:800.81M (Peak 814.10M) | Time:00:01.99 | Mem:0.00M, Peak:0.00M | Scene, ViewLayer | Synchronizing object | G4R03_adherent_rivulet.018
Fra:451 Mem:800.86M (Peak 814.10M) | Time:00:01.99 | Mem:0.00M, Peak:0.00M | Scene, ViewLayer | Synchronizing object | G4R03_adherent_rivulet.019
Fra:451 Mem:800.88M (Peak 814.10M) | Time:00:01.99 | Mem:0.00M, Peak:0.00M | Scene, ViewLayer | Synchronizing object | G4R03_adherent_rivulet.020
Fra:451 Mem:800.88M (Peak 814.10M) | Time:00:01.99 | Mem:0.00M, Peak:0.00M | Scene, ViewLayer | Synchronizing object | G4_drain_grate_bar.119
Fra:451 Mem:800.93M (Peak 814.10M) | Time:00:01.99 | Mem:0.00M, Peak:0.00M | Scene, ViewLayer | Synchronizing object | G4_drain_grate_bar.120
Fra:451 Mem:800.91M (Peak 814.10M) | Time:00:01.99 | Mem:0.00M, Peak:0.00M | Scene, ViewLayer | Synchronizing object | G4R03_adherent_rivulet.021
Fra:451 Mem:800.96M (Peak 814.10M) | Time:00:01.99 | Mem:0.00M, Peak:0.00M | Scene, ViewLayer | Synchronizing object | G4_drain_grate_bar.121
Fra:451 Mem:800.99M (Peak 814.10M) | Time:00:01.99 | Mem:0.00M, Peak:0.00M | Scene, ViewLayer | Synchronizing object | G4_cafe_G3_walnut_cafe_top
Fra:451 Mem:801.10M (Peak 814.10M) | Time:00:01.99 | Mem:0.00M, Peak:0.00M | Scene, ViewLayer | Synchronizing object | G4_cafe_G3_table_edge_inlay
Fra:451 Mem:801.23M (Peak 814.10M) | Time:00:01.99 | Mem:0.00M, Peak:0.00M | Scene, ViewLayer | Synchronizing object | G4R03_adherent_rivulet.022
Fra:451 Mem:801.23M (Peak 814.10M) | Time:00:01.99 | Mem:0.00M, Peak:0.00M | Scene, ViewLayer | Synchronizing object | G4_cafe_G3_walnut_cafe_top.001
Fra:451 Mem:801.43M (Peak 814.10M) | Time:00:01.99 | Mem:0.00M, Peak:0.00M | Scene, ViewLayer | Synchronizing object | G4R03_adherent_rivulet.023
Fra:451 Mem:801.48M (Peak 814.10M) | Time:00:01.99 | Mem:0.00M, Peak:0.00M | Scene, ViewLayer | Synchronizing object | G4R03_adherent_rivulet.024
Fra:451 Mem:801.54M (Peak 814.10M) | Time:00:01.99 | Mem:0.00M, Peak:0.00M | Scene, ViewLayer | Synchronizing object | G4_cafe_G3_table_edge_inlay.001
Fra:451 Mem:801.60M (Peak 814.10M) | Time:00:01.99 | Mem:0.00M, Peak:0.00M | Scene, ViewLayer | Synchronizing object | G4R03_adherent_rivulet.025
Fra:451 Mem:801.67M (Peak 814.10M) | Time:00:01.99 | Mem:0.00M, Peak:0.00M | Scene, ViewLayer | Synchronizing object | G4_cafe_G3_turned_pedestal.001
Fra:451 Mem:801.69M (Peak 814.10M) | Time:00:01.99 | Mem:0.00M, Peak:0.00M | Scene, ViewLayer | Synchronizing object | G4R03_adherent_rivulet.026
Fra:451 Mem:801.76M (Peak 814.10M) | Time:00:01.99 | Mem:0.00M, Peak:0.00M | Scene, ViewLayer | Synchronizing object | G4_waiting_bench_wood_frame
Fra:451 Mem:801.80M (Peak 814.10M) | Time:00:01.99 | Mem:0.00M, Peak:0.00M | Scene, ViewLayer | Synchronizing object | G4R03_adherent_rivulet.027
Fra:451 Mem:801.86M (Peak 814.10M) | Time:00:01.99 | Mem:0.00M, Peak:0.00M | Scene, ViewLayer | Synchronizing object | G4R03_adherent_rivulet.028
Fra:451 Mem:801.88M (Peak 814.10M) | Time:00:01.99 | Mem:0.00M, Peak:0.00M | Scene, ViewLayer | Synchronizing object | G4_bench_back_upright
Fra:451 Mem:801.92M (Peak 814.10M) | Time:00:01.99 | Mem:0.00M, Peak:0.00M | Scene, ViewLayer | Synchronizing object | G4R03_adherent_rivulet.029
Fra:451 Mem:801.92M (Peak 814.10M) | Time:00:01.99 | Mem:0.00M, Peak:0.00M | Scene, ViewLayer | Synchronizing object | G4_bench_arm_support
Fra:451 Mem:801.93M (Peak 814.10M) | Time:00:01.99 | Mem:0.00M, Peak:0.00M | Scene, ViewLayer | Synchronizing object | G4_bench_wood_arm
Fra:451 Mem:801.94M (Peak 814.10M) | Time:00:01.99 | Mem:0.00M, Peak:0.00M | Scene, ViewLayer | Synchronizing object | G4R03_adherent_rivulet.030
Fra:451 Mem:802.01M (Peak 814.10M) | Time:00:01.99 | Mem:0.00M, Peak:0.00M | Scene, ViewLayer | Synchronizing object | G4R03_adherent_rivulet.031
Fra:451 Mem:801.99M (Peak 814.10M) | Time:00:01.99 | Mem:0.00M, Peak:0.00M | Scene, ViewLayer | Synchronizing object | G4_bench_back_upright.001
Fra:451 Mem:802.07M (Peak 814.10M) | Time:00:01.99 | Mem:0.00M, Peak:0.00M | Scene, ViewLayer | Synchronizing object | G4R03_adherent_rivulet.032
Fra:451 Mem:802.04M (Peak 814.10M) | Time:00:01.99 | Mem:0.00M, Peak:0.00M | Scene, ViewLayer | Synchronizing object | G4_bench_arm_support.001
Fra:451 Mem:802.06M (Peak 814.10M) | Time:00:01.99 | Mem:0.00M, Peak:0.00M | Scene, ViewLayer | Synchronizing object | G4_bench_wood_arm.001
Fra:451 Mem:802.06M (Peak 814.10M) | Time:00:01.99 | Mem:0.00M, Peak:0.00M | Scene, ViewLayer | Synchronizing object | G4R03_adherent_rivulet.033
Fra:451 Mem:802.11M (Peak 814.10M) | Time:00:01.99 | Mem:0.00M, Peak:0.00M | Scene, ViewLayer | Synchronizing object | G4R03_adherent_rivulet.034
Fra:451 Mem:802.10M (Peak 814.10M) | Time:00:01.99 | Mem:0.00M, Peak:0.00M | Scene, ViewLayer | Synchronizing object | G4_bench_top_rail
Fra:451 Mem:802.17M (Peak 814.10M) | Time:00:01.99 | Mem:0.00M, Peak:0.00M | Scene, ViewLayer | Synchronizing object | G4R03_adherent_rivulet.035
Fra:451 Mem:802.17M (Peak 814.10M) | Time:00:01.99 | Mem:0.00M, Peak:0.00M | Scene, ViewLayer | Synchronizing object | G4_bench_back_cushion
Fra:451 Mem:802.20M (Peak 814.10M) | Time:00:01.99 | Mem:0.00M, Peak:0.00M | Scene, ViewLayer | Synchronizing object | G4R03_adherent_rivulet.036
Fra:451 Mem:802.21M (Peak 814.10M) | Time:00:01.99 | Mem:0.00M, Peak:0.00M | Scene, ViewLayer | Synchronizing object | G4_bench_seat_cushion.001
Fra:451 Mem:802.24M (Peak 814.10M) | Time:00:01.99 | Mem:0.00M, Peak:0.00M | Scene, ViewLayer | Synchronizing object | G4R03_adherent_rivulet.037
Fra:451 Mem:802.26M (Peak 814.10M) | Time:00:01.99 | Mem:0.00M, Peak:0.00M | Scene, ViewLayer | Synchronizing object | G4_bench_back_cushion.001
Fra:451 Mem:802.26M (Peak 814.10M) | Time:00:01.99 | Mem:0.00M, Peak:0.00M | Scene, ViewLayer | Synchronizing object | G4R03_adherent_rivulet.038
Fra:451 Mem:802.30M (Peak 814.10M) | Time:00:01.99 | Mem:0.00M, Peak:0.00M | Scene, ViewLayer | Synchronizing object | G4_bench_seat_cushion.002
Fra:451 Mem:802.30M (Peak 814.10M) | Time:00:01.99 | Mem:0.00M, Peak:0.00M | Scene, ViewLayer | Synchronizing object | G4R03_adherent_rivulet.039
Fra:451 Mem:802.35M (Peak 814.10M) | Time:00:01.99 | Mem:0.00M, Peak:0.00M | Scene, ViewLayer | Synchronizing object | G4R03_adherent_rivulet.040
Fra:451 Mem:802.35M (Peak 814.10M) | Time:00:01.99 | Mem:0.00M, Peak:0.00M | Scene, ViewLayer | Synchronizing object | G4_bench_back_cushion.002
Fra:451 Mem:802.42M (Peak 814.10M) | Time:00:01.99 | Mem:0.00M, Peak:0.00M | Scene, ViewLayer | Synchronizing object | G4R03_adherent_rivulet.041
Fra:451 Mem:802.40M (Peak 814.10M) | Time:00:01.99 | Mem:0.00M, Peak:0.00M | Scene, ViewLayer | Synchronizing object | G4_waiting_bench_wood_frame.001
Fra:451 Mem:802.46M (Peak 814.10M) | Time:00:01.99 | Mem:0.00M, Peak:0.00M | Scene, ViewLayer | Synchronizing object | G4R03_adherent_rivulet.042
Fra:451 Mem:802.45M (Peak 814.10M) | Time:00:01.99 | Mem:0.00M, Peak:0.00M | Scene, ViewLayer | Synchronizing object | G4_bench_back_upright.002
Fra:451 Mem:802.49M (Peak 814.10M) | Time:00:01.99 | Mem:0.00M, Peak:0.00M | Scene, ViewLayer | Synchronizing object | G4R03_adherent_rivulet.043
Fra:451 Mem:802.50M (Peak 814.10M) | Time:00:01.99 | Mem:0.00M, Peak:0.00M | Scene, ViewLayer | Synchronizing object | G4_bench_arm_support.002
Fra:451 Mem:802.51M (Peak 814.10M) | Time:00:01.99 | Mem:0.00M, Peak:0.00M | Scene, ViewLayer | Synchronizing object | G4_bench_wood_arm.002
Fra:451 Mem:802.51M (Peak 814.10M) | Time:00:01.99 | Mem:0.00M, Peak:0.00M | Scene, ViewLayer | Synchronizing object | G4R03_adherent_rivulet.044
Fra:451 Mem:802.55M (Peak 814.10M) | Time:00:01.99 | Mem:0.00M, Peak:0.00M | Scene, ViewLayer | Synchronizing object | G4_bench_back_upright.003
Fra:451 Mem:802.58M (Peak 814.10M) | Time:00:01.99 | Mem:0.00M, Peak:0.00M | Scene, ViewLayer | Synchronizing object | G4R03_adherent_rivulet.045
Fra:451 Mem:802.60M (Peak 814.10M) | Time:00:01.99 | Mem:0.00M, Peak:0.00M | Scene, ViewLayer | Synchronizing object | G4R03_adherent_rivulet.046
Fra:451 Mem:802.64M (Peak 814.10M) | Time:00:01.99 | Mem:0.00M, Peak:0.00M | Scene, ViewLayer | Synchronizing object | G4_bench_arm_support.003
Fra:451 Mem:802.63M (Peak 814.10M) | Time:00:01.99 | Mem:0.00M, Peak:0.00M | Scene, ViewLayer | Synchronizing object | G4_bench_wood_arm.003
Fra:451 Mem:802.63M (Peak 814.10M) | Time:00:01.99 | Mem:0.00M, Peak:0.00M | Scene, ViewLayer | Synchronizing object | G4_bench_seat_cushion
Fra:451 Mem:802.71M (Peak 814.10M) | Time:00:01.99 | Mem:0.00M, Peak:0.00M | Scene, ViewLayer | Synchronizing object | G4R03_adherent_rivulet.048
Fra:451 Mem:802.73M (Peak 814.10M) | Time:00:01.99 | Mem:0.00M, Peak:0.00M | Scene, ViewLayer | Synchronizing object | G4R03_adherent_rivulet.049
Fra:451 Mem:802.75M (Peak 814.10M) | Time:00:01.99 | Mem:0.00M, Peak:0.00M | Scene, ViewLayer | Synchronizing object | G4_bench_back_cushion.003
Fra:451 Mem:802.78M (Peak 814.10M) | Time:00:01.99 | Mem:0.00M, Peak:0.00M | Scene, ViewLayer | Synchronizing object | G4R03_adherent_rivulet.050
Fra:451 Mem:802.82M (Peak 814.10M) | Time:00:01.99 | Mem:0.00M, Peak:0.00M | Scene, ViewLayer | Synchronizing object | G4R03_adherent_rivulet.051
Fra:451 Mem:802.84M (Peak 814.10M) | Time:00:01.99 | Mem:0.00M, Peak:0.00M | Scene, ViewLayer | Synchronizing object | G4_bench_seat_cushion.004
Fra:451 Mem:802.87M (Peak 814.10M) | Time:00:01.99 | Mem:0.00M, Peak:0.00M | Scene, ViewLayer | Synchronizing object | G4R03_adherent_rivulet.052
Fra:451 Mem:802.89M (Peak 814.10M) | Time:00:01.99 | Mem:0.00M, Peak:0.00M | Scene, ViewLayer | Synchronizing object | G4_bench_back_cushion.004
Fra:451 Mem:802.92M (Peak 814.10M) | Time:00:01.99 | Mem:0.00M, Peak:0.00M | Scene, ViewLayer | Synchronizing object | G4R03_adherent_rivulet.053
Fra:451 Mem:802.93M (Peak 814.10M) | Time:00:01.99 | Mem:0.00M, Peak:0.00M | Scene, ViewLayer | Synchronizing object | G4R03_adherent_rivulet.054
Fra:451 Mem:802.93M (Peak 814.10M) | Time:00:01.99 | Mem:0.00M, Peak:0.00M | Scene, ViewLayer | Synchronizing object | G4_bench_seat_cushion.005
Fra:451 Mem:802.98M (Peak 814.10M) | Time:00:01.99 | Mem:0.00M, Peak:0.00M | Scene, ViewLayer | Synchronizing object | G4_bench_back_cushion.005
Fra:451 Mem:802.97M (Peak 814.10M) | Time:00:01.99 | Mem:0.00M, Peak:0.00M | Scene, ViewLayer | Synchronizing object | G4R03_adherent_rivulet.055
Fra:451 Mem:803.03M (Peak 814.10M) | Time:00:01.99 | Mem:0.00M, Peak:0.00M | Scene, ViewLayer | Synchronizing object | G4R03_adherent_rivulet.056
Fra:451 Mem:803.03M (Peak 814.10M) | Time:00:01.99 | Mem:0.00M, Peak:0.00M | Scene, ViewLayer | Synchronizing object | G4_waiting_bench_wood_frame.002
Fra:451 Mem:803.09M (Peak 814.10M) | Time:00:01.99 | Mem:0.00M, Peak:0.00M | Scene, ViewLayer | Synchronizing object | G4R03_adherent_rivulet.057
Fra:451 Mem:803.06M (Peak 814.10M) | Time:00:01.99 | Mem:0.00M, Peak:0.00M | Scene, ViewLayer | Synchronizing object | G4_bench_back_upright.004
Fra:451 Mem:803.11M (Peak 814.10M) | Time:00:01.99 | Mem:0.00M, Peak:0.00M | Scene, ViewLayer | Synchronizing object | G4R03_adherent_rivulet.058
Fra:451 Mem:803.12M (Peak 814.10M) | Time:00:01.99 | Mem:0.00M, Peak:0.00M | Scene, ViewLayer | Synchronizing object | G4R03_adherent_rivulet.059
Fra:451 Mem:803.16M (Peak 814.10M) | Time:00:01.99 | Mem:0.00M, Peak:0.00M | Scene, ViewLayer | Synchronizing object | G4_bench_wood_arm.004
Fra:451 Mem:803.17M (Peak 814.10M) | Time:00:01.99 | Mem:0.00M, Peak:0.00M | Scene, ViewLayer | Synchronizing object | G4R03_adherent_rivulet.060
Fra:451 Mem:803.20M (Peak 814.10M) | Time:00:01.99 | Mem:0.00M, Peak:0.00M | Scene, ViewLayer | Synchronizing object | G4_bench_back_upright.005
Fra:451 Mem:803.21M (Peak 814.10M) | Time:00:01.99 | Mem:0.00M, Peak:0.00M | Scene, ViewLayer | Synchronizing object | G4R03_adherent_rivulet.061
Fra:451 Mem:803.27M (Peak 814.10M) | Time:00:02.00 | Mem:0.00M, Peak:0.00M | Scene, ViewLayer | Synchronizing object | G4R03_adherent_rivulet.062
Fra:451 Mem:803.27M (Peak 814.10M) | Time:00:02.00 | Mem:0.00M, Peak:0.00M | Scene, ViewLayer | Synchronizing object | G4_bench_arm_support.005
Fra:451 Mem:803.30M (Peak 814.10M) | Time:00:02.00 | Mem:0.00M, Peak:0.00M | Scene, ViewLayer | Synchronizing object | G4R03_adherent_rivulet.063
Fra:451 Mem:803.30M (Peak 814.10M) | Time:00:02.00 | Mem:0.00M, Peak:0.00M | Scene, ViewLayer | Synchronizing object | G4_bench_wood_arm.005
Fra:451 Mem:803.30M (Peak 814.10M) | Time:00:02.00 | Mem:0.00M, Peak:0.00M | Scene, ViewLayer | Synchronizing object | G4_bench_top_rail.002
Fra:451 Mem:803.37M (Peak 814.10M) | Time:00:02.00 | Mem:0.00M, Peak:0.00M | Scene, ViewLayer | Synchronizing object | G4R03_adherent_rivulet.064
Fra:451 Mem:803.37M (Peak 814.10M) | Time:00:02.00 | Mem:0.00M, Peak:0.00M | Scene, ViewLayer | Synchronizing object | G4R03_adherent_rivulet.065
Fra:451 Mem:803.39M (Peak 814.10M) | Time:00:02.00 | Mem:0.00M, Peak:0.00M | Scene, ViewLayer | Synchronizing object | G4_bench_seat_cushion.006
Fra:451 Mem:803.39M (Peak 814.10M) | Time:00:02.00 | Mem:0.00M, Peak:0.00M | Scene, ViewLayer | Synchronizing object | G4_bench_back_cushion.006
Fra:451 Mem:803.40M (Peak 814.10M) | Time:00:02.00 | Mem:0.00M, Peak:0.00M | Scene, ViewLayer | Synchronizing object | G4R03_adherent_rivulet.066
Fra:451 Mem:803.45M (Peak 814.10M) | Time:00:02.00 | Mem:0.00M, Peak:0.00M | Scene, ViewLayer | Synchronizing object | G4_bench_seat_cushion.007
Fra:451 Mem:803.46M (Peak 814.10M) | Time:00:02.00 | Mem:0.00M, Peak:0.00M | Scene, ViewLayer | Synchronizing object | G4R03_adherent_rivulet.067
Fra:451 Mem:803.51M (Peak 814.10M) | Time:00:02.00 | Mem:0.00M, Peak:0.00M | Scene, ViewLayer | Synchronizing object | G4R03_adherent_rivulet.068
Fra:451 Mem:803.51M (Peak 814.10M) | Time:00:02.00 | Mem:0.00M, Peak:0.00M | Scene, ViewLayer | Synchronizing object | G4_bench_back_cushion.007
Fra:451 Mem:803.53M (Peak 814.10M) | Time:00:02.00 | Mem:0.00M, Peak:0.00M | Scene, ViewLayer | Synchronizing object | G4_bench_seat_cushion.008
Fra:451 Mem:803.54M (Peak 814.10M) | Time:00:02.00 | Mem:0.00M, Peak:0.00M | Scene, ViewLayer | Synchronizing object | G4R03_adherent_rivulet.069
Fra:451 Mem:803.58M (Peak 814.10M) | Time:00:02.00 | Mem:0.00M, Peak:0.00M | Scene, ViewLayer | Synchronizing object | G4R03_adherent_rivulet.070
Fra:451 Mem:803.60M (Peak 814.10M) | Time:00:02.00 | Mem:0.00M, Peak:0.00M | Scene, ViewLayer | Synchronizing object | G4_bench_back_cushion.008
Fra:451 Mem:803.59M (Peak 814.10M) | Time:00:02.00 | Mem:0.00M, Peak:0.00M | Scene, ViewLayer | Synchronizing object | G4R03_adherent_rivulet.071
Fra:451 Mem:803.61M (Peak 814.10M) | Time:00:02.00 | Mem:0.00M, Peak:0.00M | Scene, ViewLayer | Synchronizing object | G4_waiting_bench_wood_frame.003
Fra:451 Mem:803.67M (Peak 814.10M) | Time:00:02.00 | Mem:0.00M, Peak:0.00M | Scene, ViewLayer | Synchronizing object | G4R03_puddle_impact_wave
Fra:451 Mem:803.71M (Peak 814.10M) | Time:00:02.00 | Mem:0.00M, Peak:0.00M | Scene, ViewLayer | Synchronizing object | G4_bench_back_upright.006
Fra:451 Mem:803.76M (Peak 814.10M) | Time:00:02.00 | Mem:0.00M, Peak:0.00M | Scene, ViewLayer | Synchronizing object | G4_bench_arm_support.006
Fra:451 Mem:803.76M (Peak 814.10M) | Time:00:02.00 | Mem:0.00M, Peak:0.00M | Scene, ViewLayer | Synchronizing object | G4_bench_wood_arm.006
Fra:451 Mem:803.83M (Peak 814.10M) | Time:00:02.00 | Mem:0.00M, Peak:0.00M | Scene, ViewLayer | Synchronizing object | G4R03_puddle_impact_wave.001
Fra:451 Mem:803.86M (Peak 814.10M) | Time:00:02.00 | Mem:0.00M, Peak:0.00M | Scene, ViewLayer | Synchronizing object | G4_bench_back_upright.007
Fra:451 Mem:803.90M (Peak 814.10M) | Time:00:02.00 | Mem:0.00M, Peak:0.00M | Scene, ViewLayer | Synchronizing object | G4_bench_arm_support.007
Fra:451 Mem:803.91M (Peak 814.10M) | Time:00:02.00 | Mem:0.00M, Peak:0.00M | Scene, ViewLayer | Synchronizing object | G4_bench_wood_arm.007
Fra:451 Mem:803.93M (Peak 814.10M) | Time:00:02.00 | Mem:0.00M, Peak:0.00M | Scene, ViewLayer | Synchronizing object | G4R03_puddle_impact_wave.002
Fra:451 Mem:804.00M (Peak 814.10M) | Time:00:02.00 | Mem:0.00M, Peak:0.00M | Scene, ViewLayer | Synchronizing object | G4_bench_top_rail.003
Fra:451 Mem:804.05M (Peak 814.10M) | Time:00:02.00 | Mem:0.00M, Peak:0.00M | Scene, ViewLayer | Synchronizing object | G4_bench_seat_cushion.009
Fra:451 Mem:804.06M (Peak 814.10M) | Time:00:02.00 | Mem:0.00M, Peak:0.00M | Scene, ViewLayer | Synchronizing object | G4R03_puddle_impact_wave.003
Fra:451 Mem:804.08M (Peak 814.10M) | Time:00:02.00 | Mem:0.00M, Peak:0.00M | Scene, ViewLayer | Synchronizing object | G4_bench_back_cushion.009
Fra:451 Mem:804.18M (Peak 814.10M) | Time:00:02.00 | Mem:0.00M, Peak:0.00M | Scene, ViewLayer | Synchronizing object | G4_bench_seat_cushion.010
Fra:451 Mem:804.20M (Peak 814.10M) | Time:00:02.00 | Mem:0.00M, Peak:0.00M | Scene, ViewLayer | Synchronizing object | G4R03_puddle_impact_wave.004
Fra:451 Mem:804.25M (Peak 814.10M) | Time:00:02.00 | Mem:0.00M, Peak:0.00M | Scene, ViewLayer | Synchronizing object | G4_bench_back_cushion.010
Fra:451 Mem:804.30M (Peak 814.10M) | Time:00:02.00 | Mem:0.00M, Peak:0.00M | Scene, ViewLayer | Synchronizing object | G4_bench_seat_cushion.011
Fra:451 Mem:804.32M (Peak 814.10M) | Time:00:02.00 | Mem:0.00M, Peak:0.00M | Scene, ViewLayer | Synchronizing object | G4R03_puddle_impact_wave.005
Fra:451 Mem:804.34M (Peak 814.10M) | Time:00:02.00 | Mem:0.00M, Peak:0.00M | Scene, ViewLayer | Synchronizing object | G4_bench_back_cushion.011
Fra:451 Mem:804.43M (Peak 814.10M) | Time:00:02.00 | Mem:0.00M, Peak:0.00M | Scene, ViewLayer | Synchronizing object | G4_broadleaf_clay_planter
Fra:451 Mem:804.48M (Peak 814.10M) | Time:00:02.00 | Mem:0.00M, Peak:0.00M | Scene, ViewLayer | Synchronizing object | G4R03_puddle_impact_wave.006
Fra:451 Mem:804.53M (Peak 814.10M) | Time:00:02.00 | Mem:0.00M, Peak:0.00M | Scene, ViewLayer | Synchronizing object | G4_planter_soil
Fra:451 Mem:804.61M (Peak 814.10M) | Time:00:02.00 | Mem:0.00M, Peak:0.00M | Scene, ViewLayer | Synchronizing object | G4_broadleaf_clay_planter.001
Fra:451 Mem:804.70M (Peak 814.10M) | Time:00:02.00 | Mem:0.00M, Peak:0.00M | Scene, ViewLayer | Synchronizing object | G4_planter_soil.001
Fra:451 Mem:804.72M (Peak 814.10M) | Time:00:02.00 | Mem:0.00M, Peak:0.00M | Scene, ViewLayer | Synchronizing object | G4_broadleaf_clay_planter.002
Fra:451 Mem:804.78M (Peak 814.10M) | Time:00:02.00 | Mem:0.00M, Peak:0.00M | Scene, ViewLayer | Synchronizing object | G4_planter_soil.002
Fra:451 Mem:804.81M (Peak 814.10M) | Time:00:02.00 | Mem:0.00M, Peak:0.00M | Scene, ViewLayer | Synchronizing object | G4_hall_G3_pendant_drop
Fra:451 Mem:804.83M (Peak 814.10M) | Time:00:02.00 | Mem:0.00M, Peak:0.00M | Scene, ViewLayer | Synchronizing object | G4_hall_G3_pendant_shade
Fra:451 Mem:804.87M (Peak 814.10M) | Time:00:02.00 | Mem:0.00M, Peak:0.00M | Scene, ViewLayer | Synchronizing object | G4_hall_G3_pendant_light
Fra:451 Mem:804.87M (Peak 814.10M) | Time:00:02.00 | Mem:0.00M, Peak:0.00M | Scene, ViewLayer | Synchronizing object | G4_hall_G3_pendant_drop.001
Fra:451 Mem:804.88M (Peak 814.10M) | Time:00:02.00 | Mem:0.00M, Peak:0.00M | Scene, ViewLayer | Synchronizing object | G4_hall_G3_pendant_shade.001
Fra:451 Mem:804.88M (Peak 814.10M) | Time:00:02.00 | Mem:0.00M, Peak:0.00M | Scene, ViewLayer | Synchronizing object | G4R03_puddle_impact_wave.007
Fra:451 Mem:804.93M (Peak 814.10M) | Time:00:02.00 | Mem:0.00M, Peak:0.00M | Scene, ViewLayer | Synchronizing object | G4_hall_G3_pendant_drop.002
Fra:451 Mem:805.00M (Peak 814.10M) | Time:00:02.00 | Mem:0.00M, Peak:0.00M | Scene, ViewLayer | Synchronizing object | G4_hall_G3_pendant_shade.002
Fra:451 Mem:805.06M (Peak 814.10M) | Time:00:02.00 | Mem:0.00M, Peak:0.00M | Scene, ViewLayer | Synchronizing object | G4R03_puddle_impact_wave.008
Fra:451 Mem:805.06M (Peak 814.10M) | Time:00:02.00 | Mem:0.00M, Peak:0.00M | Scene, ViewLayer | Synchronizing object | G4_hall_G3_pendant_light.002
Fra:451 Mem:805.07M (Peak 814.10M) | Time:00:02.00 | Mem:0.00M, Peak:0.00M | Scene, ViewLayer | Synchronizing object | G4_hall_G3_pendant_drop.003
Fra:451 Mem:805.13M (Peak 814.10M) | Time:00:02.00 | Mem:0.00M, Peak:0.00M | Scene, ViewLayer | Synchronizing object | G4_hall_G3_pendant_shade.003
Fra:451 Mem:805.19M (Peak 814.10M) | Time:00:02.00 | Mem:0.00M, Peak:0.00M | Scene, ViewLayer | Synchronizing object | G4_hall_G3_pendant_light.003
Fra:451 Mem:805.19M (Peak 814.10M) | Time:00:02.00 | Mem:0.00M, Peak:0.00M | Scene, ViewLayer | Synchronizing object | G4_hall_G3_pendant_drop.004
Fra:451 Mem:805.21M (Peak 814.10M) | Time:00:02.00 | Mem:0.00M, Peak:0.00M | Scene, ViewLayer | Synchronizing object | G4R03_puddle_impact_wave.009
Fra:451 Mem:805.32M (Peak 814.10M) | Time:00:02.00 | Mem:0.00M, Peak:0.00M | Scene, ViewLayer | Synchronizing object | G4_hall_G3_pendant_light.004
Fra:451 Mem:805.33M (Peak 814.10M) | Time:00:02.00 | Mem:0.00M, Peak:0.00M | Scene, ViewLayer | Synchronizing object | G4_hall_G3_pendant_drop.005
Fra:451 Mem:805.34M (Peak 814.10M) | Time:00:02.00 | Mem:0.00M, Peak:0.00M | Scene, ViewLayer | Synchronizing object | G4_hall_G3_pendant_shade.005
Fra:451 Mem:805.35M (Peak 814.10M) | Time:00:02.00 | Mem:0.00M, Peak:0.00M | Scene, ViewLayer | Synchronizing object | G4_hall_G3_pendant_light.005
Fra:451 Mem:805.37M (Peak 814.10M) | Time:00:02.00 | Mem:0.00M, Peak:0.00M | Scene, ViewLayer | Synchronizing object | G4_hall_G3_pendant_drop.006
Fra:451 Mem:805.40M (Peak 814.10M) | Time:00:02.00 | Mem:0.00M, Peak:0.00M | Scene, ViewLayer | Synchronizing object | G4_hall_G3_pendant_shade.006
Fra:451 Mem:805.41M (Peak 814.10M) | Time:00:02.00 | Mem:0.00M, Peak:0.00M | Scene, ViewLayer | Synchronizing object | G4R03_puddle_impact_wave.010
Fra:451 Mem:805.51M (Peak 814.10M) | Time:00:02.00 | Mem:0.00M, Peak:0.00M | Scene, ViewLayer | Synchronizing object | G4_hall_G3_pendant_light.006
Fra:451 Mem:805.52M (Peak 814.10M) | Time:00:02.00 | Mem:0.00M, Peak:0.00M | Scene, ViewLayer | Synchronizing object | G4_hall_G3_pendant_drop.007
Fra:451 Mem:805.53M (Peak 814.10M) | Time:00:02.00 | Mem:0.00M, Peak:0.00M | Scene, ViewLayer | Synchronizing object | G4_hall_G3_pendant_shade.007
Fra:451 Mem:805.52M (Peak 814.10M) | Time:00:02.00 | Mem:0.00M, Peak:0.00M | Scene, ViewLayer | Synchronizing object | G4_hall_G3_pendant_light.007
Fra:451 Mem:805.53M (Peak 814.10M) | Time:00:02.00 | Mem:0.00M, Peak:0.00M | Scene, ViewLayer | Synchronizing object | G4_hall_G3_pendant_drop.008
Fra:451 Mem:805.59M (Peak 814.10M) | Time:00:02.00 | Mem:0.00M, Peak:0.00M | Scene, ViewLayer | Synchronizing object | G4_hall_G3_pendant_shade.008
Fra:451 Mem:805.62M (Peak 814.10M) | Time:00:02.00 | Mem:0.00M, Peak:0.00M | Scene, ViewLayer | Synchronizing object | G4R03_puddle_impact_wave.011
Fra:451 Mem:805.68M (Peak 814.10M) | Time:00:02.00 | Mem:0.00M, Peak:0.00M | Scene, ViewLayer | Synchronizing object | G4_hall_G3_pendant_light.008
Fra:451 Mem:805.69M (Peak 814.10M) | Time:00:02.00 | Mem:0.00M, Peak:0.00M | Scene, ViewLayer | Synchronizing object | G4_hall_G3_pendant_drop.009
Fra:451 Mem:805.71M (Peak 814.10M) | Time:00:02.00 | Mem:0.00M, Peak:0.00M | Scene, ViewLayer | Synchronizing object | G4_hall_G3_pendant_shade.009
Fra:451 Mem:805.71M (Peak 814.10M) | Time:00:02.00 | Mem:0.00M, Peak:0.00M | Scene, ViewLayer | Synchronizing object | G4_hall_G3_pendant_light.009
Fra:451 Mem:805.72M (Peak 814.10M) | Time:00:02.00 | Mem:0.00M, Peak:0.00M | Scene, ViewLayer | Synchronizing object | G4_hall_G3_pendant_drop.010
Fra:451 Mem:805.75M (Peak 814.10M) | Time:00:02.00 | Mem:0.00M, Peak:0.00M | Scene, ViewLayer | Synchronizing object | G4_hall_G3_pendant_shade.010
Fra:451 Mem:805.81M (Peak 814.10M) | Time:00:02.00 | Mem:0.00M, Peak:0.00M | Scene, ViewLayer | Synchronizing object | G4_hall_G3_pendant_light.010
Fra:451 Mem:805.81M (Peak 814.10M) | Time:00:02.00 | Mem:0.00M, Peak:0.00M | Scene, ViewLayer | Synchronizing object | G4_hall_G3_pendant_drop.011
Fra:451 Mem:805.81M (Peak 814.10M) | Time:00:02.00 | Mem:0.00M, Peak:0.00M | Scene, ViewLayer | Synchronizing object | G4R03_puddle_impact_wave.012
Fra:451 Mem:805.83M (Peak 814.10M) | Time:00:02.00 | Mem:0.00M, Peak:0.00M | Scene, ViewLayer | Synchronizing object | G4_hall_G3_pendant_shade.011
Fra:451 Mem:805.93M (Peak 814.10M) | Time:00:02.00 | Mem:0.00M, Peak:0.00M | Scene, ViewLayer | Synchronizing object | G4_hall_G3_pendant_light.011
Fra:451 Mem:805.93M (Peak 814.10M) | Time:00:02.00 | Mem:0.00M, Peak:0.00M | Scene, ViewLayer | Synchronizing object | G4_hall_G3_pendant_drop.012
Fra:451 Mem:805.94M (Peak 814.10M) | Time:00:02.00 | Mem:0.00M, Peak:0.00M | Scene, ViewLayer | Synchronizing object | G4_hall_G3_pendant_shade.012
Fra:451 Mem:805.99M (Peak 814.10M) | Time:00:02.00 | Mem:0.00M, Peak:0.00M | Scene, ViewLayer | Synchronizing object | G4R03_puddle_impact_wave.013
Fra:451 Mem:806.07M (Peak 814.10M) | Time:00:02.00 | Mem:0.00M, Peak:0.00M | Scene, ViewLayer | Synchronizing object | G4_hall_G3_pendant_light.012
Fra:451 Mem:806.08M (Peak 814.10M) | Time:00:02.00 | Mem:0.00M, Peak:0.00M | Scene, ViewLayer | Synchronizing object | G4_hall_G3_pendant_drop.013
Fra:451 Mem:806.09M (Peak 814.10M) | Time:00:02.00 | Mem:0.00M, Peak:0.00M | Scene, ViewLayer | Synchronizing object | G4_hall_G3_pendant_shade.013
Fra:451 Mem:806.09M (Peak 814.10M) | Time:00:02.00 | Mem:0.00M, Peak:0.00M | Scene, ViewLayer | Synchronizing object | G4_hall_G3_pendant_light.013
Fra:451 Mem:806.10M (Peak 814.10M) | Time:00:02.00 | Mem:0.00M, Peak:0.00M | Scene, ViewLayer | Synchronizing object | G4_canopy_lamp_mount
Fra:451 Mem:806.18M (Peak 814.10M) | Time:00:02.00 | Mem:0.00M, Peak:0.00M | Scene, ViewLayer | Synchronizing object | G4R03_puddle_impact_wave.014
Fra:451 Mem:806.24M (Peak 814.10M) | Time:00:02.00 | Mem:0.00M, Peak:0.00M | Scene, ViewLayer | Synchronizing object | G4_canopy_lamp_housing
Fra:451 Mem:806.28M (Peak 814.10M) | Time:00:02.00 | Mem:0.00M, Peak:0.00M | Scene, ViewLayer | Synchronizing object | G4_canopy_lamp_opal
Fra:451 Mem:806.29M (Peak 814.10M) | Time:00:02.00 | Mem:0.00M, Peak:0.00M | Scene, ViewLayer | Synchronizing object | G4R03_shallow_rain_puddle.004
Fra:451 Mem:806.33M (Peak 814.10M) | Time:00:02.00 | Mem:0.00M, Peak:0.00M | Scene, ViewLayer | Synchronizing object | G4_canopy_practical
Fra:451 Mem:806.33M (Peak 814.10M) | Time:00:02.00 | Mem:0.00M, Peak:0.00M | Scene, ViewLayer | Synchronizing object | G4R03_shallow_rain_puddle.003
Fra:451 Mem:806.33M (Peak 814.10M) | Time:00:02.00 | Mem:0.00M, Peak:0.00M | Scene, ViewLayer | Synchronizing object | G4_canopy_lamp_mount.001
Fra:451 Mem:806.38M (Peak 814.10M) | Time:00:02.00 | Mem:0.00M, Peak:0.00M | Scene, ViewLayer | Synchronizing object | G4_canopy_lamp_housing.001
Fra:451 Mem:806.39M (Peak 814.10M) | Time:00:02.00 | Mem:0.00M, Peak:0.00M | Scene, ViewLayer | Synchronizing object | G4R03_shallow_rain_puddle.002
Fra:451 Mem:806.47M (Peak 814.10M) | Time:00:02.00 | Mem:0.00M, Peak:0.00M | Scene, ViewLayer | Synchronizing object | G4R03_shallow_rain_puddle.001
Fra:451 Mem:806.45M (Peak 814.10M) | Time:00:02.00 | Mem:0.00M, Peak:0.00M | Scene, ViewLayer | Synchronizing object | G4_canopy_lamp_opal.001
Fra:451 Mem:806.50M (Peak 814.10M) | Time:00:02.00 | Mem:0.00M, Peak:0.00M | Scene, ViewLayer | Synchronizing object | G4R03_shallow_rain_puddle
Fra:451 Mem:806.51M (Peak 814.10M) | Time:00:02.00 | Mem:0.00M, Peak:0.00M | Scene, ViewLayer | Synchronizing object | G4_canopy_practical.001
Fra:451 Mem:806.52M (Peak 814.10M) | Time:00:02.00 | Mem:0.00M, Peak:0.00M | Scene, ViewLayer | Synchronizing object | G4_canopy_lamp_mount.002
Fra:451 Mem:806.56M (Peak 814.10M) | Time:00:02.00 | Mem:0.00M, Peak:0.00M | Scene, ViewLayer | Synchronizing object | G4R03_convex_glass_water_beads
Fra:451 Mem:806.55M (Peak 814.10M) | Time:00:02.00 | Mem:0.00M, Peak:0.00M | Scene, ViewLayer | Synchronizing object | G4_canopy_lamp_opal.002
Fra:451 Mem:806.58M (Peak 814.10M) | Time:00:02.00 | Mem:0.00M, Peak:0.00M | Scene, ViewLayer | Synchronizing object | G4_canopy_practical.002
Fra:451 Mem:806.58M (Peak 814.10M) | Time:00:02.00 | Mem:0.00M, Peak:0.00M | Scene, ViewLayer | Synchronizing object | G4_canopy_lamp_mount.003
Fra:451 Mem:806.60M (Peak 814.10M) | Time:00:02.00 | Mem:0.00M, Peak:0.00M | Scene, ViewLayer | Synchronizing object | G4_canopy_lamp_housing.003
Fra:451 Mem:812.77M (Peak 814.10M) | Time:00:02.00 | Mem:0.00M, Peak:0.00M | Scene, ViewLayer | Synchronizing object | G4_canopy_lamp_opal.003
Fra:451 Mem:812.79M (Peak 814.10M) | Time:00:02.00 | Mem:0.00M, Peak:0.00M | Scene, ViewLayer | Synchronizing object | G4_canopy_practical.003
Fra:451 Mem:812.81M (Peak 814.10M) | Time:00:02.00 | Mem:0.00M, Peak:0.00M | Scene, ViewLayer | Synchronizing object | G4_canopy_lamp_mount.004
Fra:451 Mem:812.79M (Peak 814.10M) | Time:00:02.00 | Mem:0.00M, Peak:0.00M | Scene, ViewLayer | Synchronizing object | G4_canopy_lamp_housing.004
Fra:451 Mem:812.85M (Peak 814.10M) | Time:00:02.00 | Mem:0.00M, Peak:0.00M | Scene, ViewLayer | Synchronizing object | G4_canopy_lamp_opal.004
Fra:451 Mem:812.85M (Peak 814.10M) | Time:00:02.00 | Mem:0.00M, Peak:0.00M | Scene, ViewLayer | Synchronizing object | G4_canopy_practical.004
Fra:451 Mem:812.86M (Peak 814.10M) | Time:00:02.00 | Mem:0.00M, Peak:0.00M | Scene, ViewLayer | Synchronizing object | G4_canopy_lamp_mount.005
Fra:451 Mem:812.92M (Peak 814.10M) | Time:00:02.00 | Mem:0.00M, Peak:0.00M | Scene, ViewLayer | Synchronizing object | G4_canopy_lamp_housing.005
Fra:451 Mem:812.90M (Peak 814.10M) | Time:00:02.00 | Mem:0.00M, Peak:0.00M | Scene, ViewLayer | Synchronizing object | G4_canopy_lamp_opal.005
Fra:451 Mem:812.97M (Peak 814.10M) | Time:00:02.00 | Mem:0.00M, Peak:0.00M | Scene, ViewLayer | Synchronizing object | G4_canopy_practical.005
Fra:451 Mem:812.94M (Peak 814.10M) | Time:00:02.00 | Mem:0.00M, Peak:0.00M | Scene, ViewLayer | Synchronizing object | G4_canopy_lamp_mount.006
Fra:451 Mem:812.95M (Peak 814.10M) | Time:00:02.00 | Mem:0.00M, Peak:0.00M | Scene, ViewLayer | Synchronizing object | G4_canopy_lamp_housing.006
Fra:451 Mem:813.01M (Peak 814.10M) | Time:00:02.00 | Mem:0.00M, Peak:0.00M | Scene, ViewLayer | Synchronizing object | G4_canopy_lamp_opal.006
Fra:451 Mem:812.99M (Peak 814.10M) | Time:00:02.00 | Mem:0.00M, Peak:0.00M | Scene, ViewLayer | Synchronizing object | G4_canopy_practical.006
Fra:451 Mem:813.00M (Peak 814.10M) | Time:00:02.00 | Mem:0.00M, Peak:0.00M | Scene, ViewLayer | Synchronizing object | G4_canopy_lamp_mount.007
Fra:451 Mem:813.05M (Peak 814.10M) | Time:00:02.00 | Mem:0.00M, Peak:0.00M | Scene, ViewLayer | Synchronizing object | G4_canopy_lamp_housing.007
Fra:451 Mem:813.04M (Peak 814.10M) | Time:00:02.00 | Mem:0.00M, Peak:0.00M | Scene, ViewLayer | Synchronizing object | G4_canopy_lamp_opal.007
Fra:451 Mem:813.10M (Peak 814.10M) | Time:00:02.00 | Mem:0.00M, Peak:0.00M | Scene, ViewLayer | Synchronizing object | G4_canopy_practical.007
Fra:451 Mem:813.10M (Peak 814.10M) | Time:00:02.00 | Mem:0.00M, Peak:0.00M | Scene, ViewLayer | Synchronizing object | G4_train_curved_inner_vault
Fra:451 Mem:813.08M (Peak 814.10M) | Time:00:02.00 | Mem:0.00M, Peak:0.00M | Scene, ViewLayer | Synchronizing object | G4_car_lamp_stem
Fra:451 Mem:813.11M (Peak 814.10M) | Time:00:02.00 | Mem:0.00M, Peak:0.00M | Scene, ViewLayer | Synchronizing object | G4_car_ceiling_practical
Fra:451 Mem:813.11M (Peak 814.10M) | Time:00:02.00 | Mem:0.00M, Peak:0.00M | Scene, ViewLayer | Synchronizing object | G4_car_lamp_stem.001
Fra:451 Mem:813.12M (Peak 814.10M) | Time:00:02.00 | Mem:0.00M, Peak:0.00M | Scene, ViewLayer | Synchronizing object | G4_car_ceiling_practical.001
Fra:451 Mem:813.12M (Peak 814.10M) | Time:00:02.00 | Mem:0.00M, Peak:0.00M | Scene, ViewLayer | Synchronizing object | G4_car_lamp_stem.002
Fra:451 Mem:813.13M (Peak 814.10M) | Time:00:02.00 | Mem:0.00M, Peak:0.00M | Scene, ViewLayer | Synchronizing object | G4_car_ceiling_practical.002
Fra:451 Mem:813.13M (Peak 814.10M) | Time:00:02.00 | Mem:0.00M, Peak:0.00M | Scene, ViewLayer | Synchronizing object | G4_car_lamp_stem.003
Fra:451 Mem:813.14M (Peak 814.10M) | Time:00:02.00 | Mem:0.00M, Peak:0.00M | Scene, ViewLayer | Synchronizing object | G4_car_ceiling_practical.003
Fra:451 Mem:813.14M (Peak 814.10M) | Time:00:02.00 | Mem:0.00M, Peak:0.00M | Scene, ViewLayer | Synchronizing object | G4_car_recessed_walnut_panel
Fra:451 Mem:813.14M (Peak 814.10M) | Time:00:02.00 | Mem:0.00M, Peak:0.00M | Scene, ViewLayer | Synchronizing object | G4_car_panel_bead
Fra:451 Mem:813.19M (Peak 814.10M) | Time:00:02.00 | Mem:0.00M, Peak:0.00M | Scene, ViewLayer | Synchronizing object | G4_car_panel_bead.001
Fra:451 Mem:813.21M (Peak 814.10M) | Time:00:02.00 | Mem:0.00M, Peak:0.00M | Scene, ViewLayer | Synchronizing object | G4_car_panel_stile
Fra:451 Mem:813.24M (Peak 814.10M) | Time:00:02.00 | Mem:0.00M, Peak:0.00M | Scene, ViewLayer | Synchronizing object | G4_car_panel_stile.001
Fra:451 Mem:813.26M (Peak 814.10M) | Time:00:02.00 | Mem:0.00M, Peak:0.00M | Scene, ViewLayer | Synchronizing object | G4_car_recessed_walnut_panel.001
Fra:451 Mem:813.29M (Peak 814.10M) | Time:00:02.00 | Mem:0.00M, Peak:0.00M | Scene, ViewLayer | Synchronizing object | G4_car_panel_bead.002
Fra:451 Mem:813.32M (Peak 814.10M) | Time:00:02.00 | Mem:0.00M, Peak:0.00M | Scene, ViewLayer | Synchronizing object | G4_car_panel_bead.003
Fra:451 Mem:813.34M (Peak 814.10M) | Time:00:02.00 | Mem:0.00M, Peak:0.00M | Scene, ViewLayer | Synchronizing object | G4_car_panel_stile.002
Fra:451 Mem:813.37M (Peak 814.10M) | Time:00:02.00 | Mem:0.00M, Peak:0.00M | Scene, ViewLayer | Synchronizing object | G4_car_panel_stile.003
Fra:451 Mem:813.41M (Peak 814.10M) | Time:00:02.00 | Mem:0.00M, Peak:0.00M | Scene, ViewLayer | Synchronizing object | G4_car_recessed_walnut_panel.002
Fra:451 Mem:813.42M (Peak 814.10M) | Time:00:02.00 | Mem:0.00M, Peak:0.00M | Scene, ViewLayer | Synchronizing object | G4_car_panel_bead.004
Fra:451 Mem:813.44M (Peak 814.10M) | Time:00:02.00 | Mem:0.00M, Peak:0.00M | Scene, ViewLayer | Synchronizing object | G4_car_panel_bead.005
Fra:451 Mem:813.44M (Peak 814.10M) | Time:00:02.00 | Mem:0.00M, Peak:0.00M | Scene, ViewLayer | Synchronizing object | G4_car_panel_stile.004
Fra:451 Mem:813.49M (Peak 814.10M) | Time:00:02.00 | Mem:0.00M, Peak:0.00M | Scene, ViewLayer | Synchronizing object | G4_car_panel_stile.005
Fra:451 Mem:813.49M (Peak 814.10M) | Time:00:02.00 | Mem:0.00M, Peak:0.00M | Scene, ViewLayer | Synchronizing object | G4_car_recessed_walnut_panel.003
Fra:451 Mem:813.58M (Peak 814.10M) | Time:00:02.00 | Mem:0.00M, Peak:0.00M | Scene, ViewLayer | Synchronizing object | G4_car_panel_bead.006
Fra:451 Mem:813.61M (Peak 814.10M) | Time:00:02.00 | Mem:0.00M, Peak:0.00M | Scene, ViewLayer | Synchronizing object | G4_car_panel_bead.007
Fra:451 Mem:813.62M (Peak 814.10M) | Time:00:02.00 | Mem:0.00M, Peak:0.00M | Scene, ViewLayer | Synchronizing object | G4_car_panel_stile.006
Fra:451 Mem:813.66M (Peak 814.10M) | Time:00:02.00 | Mem:0.00M, Peak:0.00M | Scene, ViewLayer | Synchronizing object | G4_car_panel_stile.007
Fra:451 Mem:813.67M (Peak 814.10M) | Time:00:02.00 | Mem:0.00M, Peak:0.00M | Scene, ViewLayer | Synchronizing object | G4_car_recessed_walnut_panel.004
Fra:451 Mem:813.71M (Peak 814.10M) | Time:00:02.00 | Mem:0.00M, Peak:0.00M | Scene, ViewLayer | Synchronizing object | G4_car_panel_bead.008
Fra:451 Mem:813.73M (Peak 814.10M) | Time:00:02.00 | Mem:0.00M, Peak:0.00M | Scene, ViewLayer | Synchronizing object | G4_car_panel_bead.009
Fra:451 Mem:813.76M (Peak 814.10M) | Time:00:02.00 | Mem:0.00M, Peak:0.00M | Scene, ViewLayer | Synchronizing object | G4_car_panel_stile.008
Fra:451 Mem:813.77M (Peak 814.10M) | Time:00:02.00 | Mem:0.00M, Peak:0.00M | Scene, ViewLayer | Synchronizing object | G4_car_panel_stile.009
Fra:451 Mem:813.81M (Peak 814.10M) | Time:00:02.00 | Mem:0.00M, Peak:0.00M | Scene, ViewLayer | Synchronizing object | G4_car_recessed_walnut_panel.005
Fra:451 Mem:813.83M (Peak 814.10M) | Time:00:02.00 | Mem:0.00M, Peak:0.00M | Scene, ViewLayer | Synchronizing object | G4_car_panel_bead.010
Fra:451 Mem:813.86M (Peak 814.10M) | Time:00:02.00 | Mem:0.00M, Peak:0.00M | Scene, ViewLayer | Synchronizing object | G4_car_panel_bead.011
Fra:451 Mem:813.89M (Peak 814.10M) | Time:00:02.00 | Mem:0.00M, Peak:0.00M | Scene, ViewLayer | Synchronizing object | G4_car_panel_stile.010
Fra:451 Mem:813.92M (Peak 814.10M) | Time:00:02.00 | Mem:0.00M, Peak:0.00M | Scene, ViewLayer | Synchronizing object | G4_car_panel_stile.011
Fra:451 Mem:813.91M (Peak 814.10M) | Time:00:02.00 | Mem:0.00M, Peak:0.00M | Scene, ViewLayer | Synchronizing object | G4_car_recessed_walnut_panel.006
Fra:451 Mem:813.98M (Peak 814.10M) | Time:00:02.00 | Mem:0.00M, Peak:0.00M | Scene, ViewLayer | Synchronizing object | G4_car_panel_bead.012
Fra:451 Mem:813.96M (Peak 814.10M) | Time:00:02.00 | Mem:0.00M, Peak:0.00M | Scene, ViewLayer | Synchronizing object | G4_car_panel_bead.013
Fra:451 Mem:814.00M (Peak 814.10M) | Time:00:02.00 | Mem:0.00M, Peak:0.00M | Scene, ViewLayer | Synchronizing object | G4_car_panel_stile.012
Fra:451 Mem:814.03M (Peak 814.10M) | Time:00:02.00 | Mem:0.00M, Peak:0.00M | Scene, ViewLayer | Synchronizing object | G4_car_panel_stile.013
Fra:451 Mem:814.05M (Peak 814.10M) | Time:00:02.00 | Mem:0.00M, Peak:0.00M | Scene, ViewLayer | Synchronizing object | G4_car_recessed_walnut_panel.007
Fra:451 Mem:814.08M (Peak 814.10M) | Time:00:02.00 | Mem:0.00M, Peak:0.00M | Scene, ViewLayer | Synchronizing object | G4_car_panel_bead.014
Fra:451 Mem:814.11M (Peak 814.11M) | Time:00:02.00 | Mem:0.00M, Peak:0.00M | Scene, ViewLayer | Synchronizing object | G4_car_panel_bead.015
Fra:451 Mem:814.13M (Peak 814.13M) | Time:00:02.00 | Mem:0.00M, Peak:0.00M | Scene, ViewLayer | Synchronizing object | G4_car_panel_stile.014
Fra:451 Mem:814.15M (Peak 814.15M) | Time:00:02.00 | Mem:0.00M, Peak:0.00M | Scene, ViewLayer | Synchronizing object | G4_car_panel_stile.015
Fra:451 Mem:814.18M (Peak 814.18M) | Time:00:02.00 | Mem:0.00M, Peak:0.00M | Scene, ViewLayer | Synchronizing object | G4_car_recessed_walnut_panel.008
Fra:451 Mem:814.21M (Peak 814.21M) | Time:00:02.00 | Mem:0.00M, Peak:0.00M | Scene, ViewLayer | Synchronizing object | G4_car_panel_bead.016
Fra:451 Mem:814.24M (Peak 814.24M) | Time:00:02.00 | Mem:0.00M, Peak:0.00M | Scene, ViewLayer | Synchronizing object | G4_car_panel_bead.017
Fra:451 Mem:814.25M (Peak 814.25M) | Time:00:02.00 | Mem:0.00M, Peak:0.00M | Scene, ViewLayer | Synchronizing object | G4_car_panel_stile.016
Fra:451 Mem:814.28M (Peak 814.28M) | Time:00:02.00 | Mem:0.00M, Peak:0.00M | Scene, ViewLayer | Synchronizing object | G4_car_panel_stile.017
Fra:451 Mem:814.32M (Peak 814.32M) | Time:00:02.00 | Mem:0.00M, Peak:0.00M | Scene, ViewLayer | Synchronizing object | G4_car_recessed_walnut_panel.009
Fra:451 Mem:814.33M (Peak 814.33M) | Time:00:02.00 | Mem:0.00M, Peak:0.00M | Scene, ViewLayer | Synchronizing object | G4_car_panel_bead.018
Fra:451 Mem:814.36M (Peak 814.36M) | Time:00:02.00 | Mem:0.00M, Peak:0.00M | Scene, ViewLayer | Synchronizing object | G4_car_panel_bead.019
Fra:451 Mem:814.38M (Peak 814.38M) | Time:00:02.00 | Mem:0.00M, Peak:0.00M | Scene, ViewLayer | Synchronizing object | G4_car_panel_stile.018
Fra:451 Mem:814.40M (Peak 814.40M) | Time:00:02.00 | Mem:0.00M, Peak:0.00M | Scene, ViewLayer | Synchronizing object | G4_car_panel_stile.019
Fra:451 Mem:814.43M (Peak 814.43M) | Time:00:02.00 | Mem:0.00M, Peak:0.00M | Scene, ViewLayer | Synchronizing object | G4_car_recessed_walnut_panel.010
Fra:451 Mem:814.46M (Peak 814.46M) | Time:00:02.00 | Mem:0.00M, Peak:0.00M | Scene, ViewLayer | Synchronizing object | G4_car_panel_bead.020
Fra:451 Mem:814.48M (Peak 814.48M) | Time:00:02.00 | Mem:0.00M, Peak:0.00M | Scene, ViewLayer | Synchronizing object | G4_car_panel_bead.021
Fra:451 Mem:814.51M (Peak 814.51M) | Time:00:02.00 | Mem:0.00M, Peak:0.00M | Scene, ViewLayer | Synchronizing object | G4_car_panel_stile.020
Fra:451 Mem:814.52M (Peak 814.52M) | Time:00:02.00 | Mem:0.00M, Peak:0.00M | Scene, ViewLayer | Synchronizing object | G4_car_panel_stile.021
Fra:451 Mem:814.56M (Peak 814.56M) | Time:00:02.00 | Mem:0.00M, Peak:0.00M | Scene, ViewLayer | Synchronizing object | G4_car_recessed_walnut_panel.011
Fra:451 Mem:814.60M (Peak 814.60M) | Time:00:02.00 | Mem:0.00M, Peak:0.00M | Scene, ViewLayer | Synchronizing object | G4_car_panel_bead.022
Fra:451 Mem:814.61M (Peak 814.61M) | Time:00:02.00 | Mem:0.00M, Peak:0.00M | Scene, ViewLayer | Synchronizing object | G4_car_panel_bead.023
Fra:451 Mem:814.64M (Peak 814.64M) | Time:00:02.00 | Mem:0.00M, Peak:0.00M | Scene, ViewLayer | Synchronizing object | G4_car_panel_stile.022
Fra:451 Mem:814.65M (Peak 814.65M) | Time:00:02.00 | Mem:0.00M, Peak:0.00M | Scene, ViewLayer | Synchronizing object | G4_car_panel_stile.023
Fra:451 Mem:814.69M (Peak 814.69M) | Time:00:02.00 | Mem:0.00M, Peak:0.00M | Scene, ViewLayer | Synchronizing object | G4_car_recessed_walnut_panel.012
Fra:451 Mem:814.71M (Peak 814.71M) | Time:00:02.00 | Mem:0.00M, Peak:0.00M | Scene, ViewLayer | Synchronizing object | G4_car_panel_bead.024
Fra:451 Mem:814.74M (Peak 814.74M) | Time:00:02.00 | Mem:0.00M, Peak:0.00M | Scene, ViewLayer | Synchronizing object | G4_car_panel_bead.025
Fra:451 Mem:814.76M (Peak 814.76M) | Time:00:02.00 | Mem:0.00M, Peak:0.00M | Scene, ViewLayer | Synchronizing object | G4_car_panel_stile.024
Fra:451 Mem:814.78M (Peak 814.78M) | Time:00:02.00 | Mem:0.00M, Peak:0.00M | Scene, ViewLayer | Synchronizing object | G4_car_panel_stile.025
Fra:451 Mem:814.81M (Peak 814.81M) | Time:00:02.00 | Mem:0.00M, Peak:0.00M | Scene, ViewLayer | Synchronizing object | G4_car_recessed_walnut_panel.013
Fra:451 Mem:814.82M (Peak 814.82M) | Time:00:02.00 | Mem:0.00M, Peak:0.00M | Scene, ViewLayer | Synchronizing object | G4_car_panel_bead.026
Fra:451 Mem:814.86M (Peak 814.86M) | Time:00:02.00 | Mem:0.00M, Peak:0.00M | Scene, ViewLayer | Synchronizing object | G4_car_panel_bead.027
Fra:451 Mem:814.87M (Peak 814.87M) | Time:00:02.00 | Mem:0.00M, Peak:0.00M | Scene, ViewLayer | Synchronizing object | G4_car_panel_stile.026
Fra:451 Mem:814.89M (Peak 814.89M) | Time:00:02.00 | Mem:0.00M, Peak:0.00M | Scene, ViewLayer | Synchronizing object | G4_car_panel_stile.027
Fra:451 Mem:819.13M (Peak 819.15M) | Time:00:02.00 | Mem:0.00M, Peak:0.00M | Scene, ViewLayer | Synchronizing object | G4_wheelset_brake_disc
Fra:451 Mem:819.15M (Peak 819.15M) | Time:00:02.00 | Mem:0.00M, Peak:0.00M | Scene, ViewLayer | Synchronizing object | G4_wheelset_brake_disc.001
Fra:451 Mem:819.15M (Peak 819.15M) | Time:00:02.00 | Mem:0.00M, Peak:0.00M | Scene, ViewLayer | Synchronizing object | G4_wheelset_brake_disc.002
Fra:451 Mem:819.17M (Peak 819.17M) | Time:00:02.00 | Mem:0.00M, Peak:0.00M | Scene, ViewLayer | Synchronizing object | G4_wheelset_brake_disc.003
Fra:451 Mem:819.19M (Peak 819.19M) | Time:00:02.00 | Mem:0.00M, Peak:0.00M | Scene, ViewLayer | Synchronizing object | G4_wheelset_brake_disc.004
Fra:451 Mem:819.19M (Peak 819.19M) | Time:00:02.00 | Mem:0.00M, Peak:0.00M | Scene, ViewLayer | Synchronizing object | G4_wheelset_brake_disc.005
Fra:451 Mem:819.22M (Peak 819.22M) | Time:00:02.00 | Mem:0.00M, Peak:0.00M | Scene, ViewLayer | Synchronizing object | G4_wheelset_brake_disc.006
Fra:451 Mem:819.23M (Peak 819.23M) | Time:00:02.00 | Mem:0.00M, Peak:0.00M | Scene, ViewLayer | Synchronizing object | G4_train_headlight
Fra:451 Mem:819.23M (Peak 819.23M) | Time:00:02.00 | Mem:0.00M, Peak:0.00M | Scene, ViewLayer | Synchronizing object | G4_train_headlight.001
Fra:451 Mem:819.23M (Peak 819.23M) | Time:00:02.00 | Mem:0.00M, Peak:0.00M | Scene, ViewLayer | Synchronizing object | G4_cab_gauge_bezel
Fra:451 Mem:819.26M (Peak 819.26M) | Time:00:02.00 | Mem:0.00M, Peak:0.00M | Scene, ViewLayer | Synchronizing object | G4_cab_gauge_face
Fra:451 Mem:827.96M (Peak 827.96M) | Time:00:02.00 | Mem:0.00M, Peak:0.00M | Scene, ViewLayer | Synchronizing object | G4_cab_gauge_bezel.001
Fra:451 Mem:827.96M (Peak 827.96M) | Time:00:02.00 | Mem:0.00M, Peak:0.00M | Scene, ViewLayer | Synchronizing object | G4_cab_gauge_face.001
Fra:451 Mem:827.99M (Peak 827.99M) | Time:00:02.00 | Mem:0.00M, Peak:0.00M | Scene, ViewLayer | Synchronizing object | G4_cab_gauge_bezel.002
Fra:451 Mem:828.00M (Peak 828.00M) | Time:00:02.00 | Mem:0.00M, Peak:0.00M | Scene, ViewLayer | Synchronizing object | G4_cab_gauge_face.002
Fra:451 Mem:828.02M (Peak 828.02M) | Time:00:02.00 | Mem:0.00M, Peak:0.00M | Scene, ViewLayer | Synchronizing object | G4_overcast_environment
Fra:451 Mem:828.02M (Peak 828.02M) | Time:00:02.00 | Mem:0.00M, Peak:0.00M | Scene, ViewLayer | Synchronizing object | G4R03_roof_clipped_rain
Fra:451 Mem:828.02M (Peak 828.02M) | Time:00:02.00 | Mem:0.00M, Peak:0.00M | Scene, ViewLayer | Synchronizing object | G4R03_eave_drips
Fra:451 Mem:849.31M (Peak 853.52M) | Time:00:02.03 | Mem:0.00M, Peak:0.00M | Scene, ViewLayer | Initializing
Fra:451 Mem:766.95M (Peak 1078.37M) | Time:00:09.25 | Mem:0.00M, Peak:0.00M | Scene, ViewLayer | Updating Images | Loading potted_plant_01_leaves_nor_gl.png
Fra:451 Mem:766.95M (Peak 1078.37M) | Time:00:09.25 | Mem:0.00M, Peak:0.00M | Scene, ViewLayer | Updating Images | Loading slate_floor_nor_gl_2k.jpg
Fra:451 Mem:830.96M (Peak 1078.37M) | Time:00:09.29 | Mem:16.00M, Peak:16.00M | Scene, ViewLayer | Updating Images | Loading potted_plant_01_leaves_rough.png
Fra:451 Mem:846.96M (Peak 1078.37M) | Time:00:09.30 | Mem:32.00M, Peak:32.00M | Scene, ViewLayer | Updating Images | Loading seaside_rock_diff_4k.jpg
Fra:451 Mem:926.97M (Peak 1078.37M) | Time:00:09.31 | Mem:48.00M, Peak:48.00M | Scene, ViewLayer | Updating Images | Loading seaside_rock_disp_2k.png
Fra:451 Mem:910.96M (Peak 1078.37M) | Time:00:09.31 | Mem:64.00M, Peak:64.00M | Scene, ViewLayer | Updating Images | Loading potted_plant_01_leaves_diff.png
Fra:451 Mem:926.96M (Peak 1078.37M) | Time:00:09.31 | Mem:80.00M, Peak:80.00M | Scene, ViewLayer | Updating Images | Loading seaside_rock_rough_4k.jpg
Fra:451 Mem:1054.96M (Peak 1078.37M) | Time:00:09.34 | Mem:96.00M, Peak:96.00M | Scene, ViewLayer | Updating Images | Loading potted_plant_01_pot_nor_gl
Fra:451 Mem:1070.96M (Peak 1086.97M) | Time:00:09.37 | Mem:112.00M, Peak:112.00M | Scene, ViewLayer | Updating Images | Loading potted_plant_01_pot_rough
Fra:451 Mem:1086.96M (Peak 1102.97M) | Time:00:09.39 | Mem:128.00M, Peak:128.00M | Scene, ViewLayer | Updating Images | Loading potted_plant_01_pot_diff
Fra:451 Mem:1166.97M (Peak 1182.98M) | Time:00:09.43 | Mem:144.00M, Peak:144.00M | Scene, ViewLayer | Updating Images | Loading GreenChair_01_nor_gl
Fra:451 Mem:1118.96M (Peak 1182.98M) | Time:00:09.44 | Mem:208.00M, Peak:208.00M | Scene, ViewLayer | Updating Images | Loading coastal_cliff_04_diff
Fra:451 Mem:1198.97M (Peak 1214.98M) | Time:00:09.46 | Mem:224.00M, Peak:224.00M | Scene, ViewLayer | Updating Images | Loading GreenChair_01_metallic-GreenChair_01_roughness
Fra:451 Mem:1150.96M (Peak 1214.98M) | Time:00:09.47 | Mem:288.00M, Peak:288.00M | Scene, ViewLayer | Updating Images | Loading coastal_cliff_04_rough
Fra:451 Mem:1166.96M (Peak 1214.98M) | Time:00:09.49 | Mem:304.00M, Peak:304.00M | Scene, ViewLayer | Updating Images | Loading GreenChair_01_diff
Fra:451 Mem:1182.96M (Peak 1214.98M) | Time:00:09.50 | Mem:320.00M, Peak:320.00M | Scene, ViewLayer | Updating Images | Loading coastal_cliff_04_nor_gl
Fra:451 Mem:1278.98M (Peak 1294.99M) | Time:00:09.52 | Mem:336.00M, Peak:336.00M | Scene, ViewLayer | Updating Images | Loading american_walnut_veneer_nor_gl_2k.jpg
Fra:451 Mem:1278.97M (Peak 1294.99M) | Time:00:09.53 | Mem:352.00M, Peak:352.00M | Scene, ViewLayer | Updating Images | Loading american_walnut_veneer_finished_diff_2k.jpg
Fra:451 Mem:1294.97M (Peak 1310.98M) | Time:00:09.56 | Mem:368.00M, Peak:368.00M | Scene, ViewLayer | Updating Images | Loading american_walnut_veneer_rough_2k.jpg
Fra:451 Mem:1146.83M (Peak 1310.98M) | Time:00:09.62 | Mem:480.00M, Peak:480.00M | Scene, ViewLayer | Waiting for render to start
Fra:451 Mem:1146.83M (Peak 1310.98M) | Time:00:09.62 | Mem:480.00M, Peak:480.00M | Scene, ViewLayer | Updating Scene
Fra:451 Mem:1146.83M (Peak 1310.98M) | Time:00:09.62 | Mem:480.00M, Peak:480.00M | Scene, ViewLayer | Updating Shaders
Fra:451 Mem:1146.83M (Peak 1310.98M) | Time:00:09.62 | Mem:480.00M, Peak:480.00M | Scene, ViewLayer | Loading render kernels (may take a few minutes the first time)
Fra:451 Mem:1146.98M (Peak 1310.98M) | Time:00:09.62 | Mem:480.07M, Peak:480.07M | Scene, ViewLayer | Updating Procedurals
Fra:451 Mem:1146.98M (Peak 1310.98M) | Time:00:09.62 | Mem:480.07M, Peak:480.07M | Scene, ViewLayer | Updating Background
Fra:451 Mem:1146.98M (Peak 1310.98M) | Time:00:09.62 | Mem:480.07M, Peak:480.07M | Scene, ViewLayer | Updating Camera
Fra:451 Mem:1146.98M (Peak 1310.98M) | Time:00:09.62 | Mem:480.07M, Peak:480.07M | Scene, ViewLayer | Updating Meshes Flags
Fra:451 Mem:1146.98M (Peak 1310.98M) | Time:00:09.62 | Mem:480.07M, Peak:480.07M | Scene, ViewLayer | Updating Objects
Fra:451 Mem:1146.98M (Peak 1310.98M) | Time:00:09.63 | Mem:480.07M, Peak:480.07M | Scene, ViewLayer | Updating Objects | Copying Transformations to device
Fra:451 Mem:1162.57M (Peak 1310.98M) | Time:00:09.63 | Mem:495.87M, Peak:495.87M | Scene, ViewLayer | Updating Particle Systems
Fra:451 Mem:1162.57M (Peak 1310.98M) | Time:00:09.63 | Mem:495.87M, Peak:495.87M | Scene, ViewLayer | Updating Particle Systems | Copying Particles to device
Fra:451 Mem:1162.57M (Peak 1310.98M) | Time:00:09.63 | Mem:495.87M, Peak:495.87M | Scene, ViewLayer | Updating Meshes
Fra:451 Mem:1222.17M (Peak 1310.98M) | Time:00:10.08 | Mem:495.87M, Peak:495.87M | Scene, ViewLayer | Updating Objects | Applying Static Transformations
Fra:451 Mem:1222.17M (Peak 1310.98M) | Time:00:10.09 | Mem:495.87M, Peak:495.87M | Scene, ViewLayer | Updating Mesh | Computing attributes
Fra:451 Mem:1335.17M (Peak 1335.17M) | Time:00:10.13 | Mem:496.70M, Peak:496.70M | Scene, ViewLayer | Updating Mesh | Copying Attributes to device
Fra:451 Mem:1332.07M (Peak 1335.17M) | Time:00:10.13 | Mem:605.77M, Peak:605.77M | Scene, ViewLayer | Updating Geometry BVH G4R03_puddle_impact_wave_curve.014 28/27 | Building BVH
Fra:451 Mem:1332.07M (Peak 1335.17M) | Time:00:10.13 | Mem:605.80M, Peak:605.80M | Scene, ViewLayer | Updating Geometry BVH G4R03_puddle_impact_wave_curve.014 28/27 | Building BVH 0%
Fra:451 Mem:1332.07M (Peak 1335.17M) | Time:00:10.13 | Mem:605.83M, Peak:605.86M | Scene, ViewLayer | Updating Geometry BVH G4R03_puddle_impact_wave_curve.013 27/27 | Building BVH
Fra:451 Mem:1332.07M (Peak 1335.17M) | Time:00:10.13 | Mem:605.89M, Peak:605.92M | Scene, ViewLayer | Updating Geometry BVH G4R03_puddle_impact_wave_curve.012 26/27 | Building BVH
Fra:451 Mem:1332.07M (Peak 1335.17M) | Time:00:10.13 | Mem:605.94M, Peak:605.98M | Scene, ViewLayer | Updating Geometry BVH G4R03_puddle_impact_wave_curve.011 25/27 | Building BVH
Fra:451 Mem:1332.07M (Peak 1335.17M) | Time:00:10.13 | Mem:606.00M, Peak:606.03M | Scene, ViewLayer | Updating Geometry BVH G4R03_puddle_impact_wave_curve.010 24/27 | Building BVH
Fra:451 Mem:1332.07M (Peak 1335.17M) | Time:00:10.13 | Mem:606.06M, Peak:606.09M | Scene, ViewLayer | Updating Geometry BVH G4R03_puddle_impact_wave_curve.009 23/27 | Building BVH
Fra:451 Mem:1332.07M (Peak 1335.17M) | Time:00:10.13 | Mem:606.12M, Peak:606.15M | Scene, ViewLayer | Updating Geometry BVH G4R03_puddle_impact_wave_curve.008 22/27 | Building BVH
Fra:451 Mem:1332.07M (Peak 1335.17M) | Time:00:10.13 | Mem:606.18M, Peak:606.21M | Scene, ViewLayer | Updating Geometry BVH G4R03_puddle_impact_wave_curve.007 21/27 | Building BVH
Fra:451 Mem:1332.07M (Peak 1335.17M) | Time:00:10.13 | Mem:606.23M, Peak:606.27M | Scene, ViewLayer | Updating Geometry BVH G4R03_puddle_impact_wave_curve.006 20/27 | Building BVH
Fra:451 Mem:1332.07M (Peak 1335.17M) | Time:00:10.13 | Mem:606.29M, Peak:606.32M | Scene, ViewLayer | Updating Geometry BVH G4R03_puddle_impact_wave_curve.005 19/27 | Building BVH
Fra:451 Mem:1332.07M (Peak 1335.17M) | Time:00:10.13 | Mem:606.35M, Peak:606.38M | Scene, ViewLayer | Updating Geometry BVH G4R03_puddle_impact_wave_curve.004 18/27 | Building BVH
Fra:451 Mem:1332.07M (Peak 1335.17M) | Time:00:10.13 | Mem:606.41M, Peak:606.44M | Scene, ViewLayer | Updating Geometry BVH G4R03_puddle_impact_wave_curve.003 17/27 | Building BVH
Fra:451 Mem:1332.07M (Peak 1335.17M) | Time:00:10.13 | Mem:606.47M, Peak:606.50M | Scene, ViewLayer | Updating Geometry BVH G4R03_puddle_impact_wave_curve.002 16/27 | Building BVH
Fra:451 Mem:1332.07M (Peak 1335.17M) | Time:00:10.13 | Mem:606.50M, Peak:606.50M | Scene, ViewLayer | Updating Geometry BVH Cylinder.310 2/27 | Building BVH
Fra:451 Mem:1332.07M (Peak 1335.17M) | Time:00:10.13 | Mem:606.53M, Peak:606.56M | Scene, ViewLayer | Updating Geometry BVH G4R03_puddle_impact_wave_curve.001 15/27 | Building BVH
Fra:451 Mem:1332.07M (Peak 1335.17M) | Time:00:10.13 | Mem:606.53M, Peak:606.56M | Scene, ViewLayer | Updating Geometry BVH Cylinder.312 4/27 | Building BVH
Fra:451 Mem:1332.07M (Peak 1335.17M) | Time:00:10.13 | Mem:606.61M, Peak:606.61M | Scene, ViewLayer | Updating Geometry BVH classic-chair.001 6/27 | Building BVH
Fra:451 Mem:1332.07M (Peak 1335.17M) | Time:00:10.13 | Mem:606.63M, Peak:606.63M | Scene, ViewLayer | Updating Geometry BVH classic-chair.003 5/27 | Building BVH
Fra:451 Mem:1332.07M (Peak 1335.17M) | Time:00:10.13 | Mem:606.60M, Peak:606.63M | Scene, ViewLayer | Updating Geometry BVH G4R03_puddle_impact_wave_curve 14/27 | Building BVH
Fra:451 Mem:1332.07M (Peak 1335.17M) | Time:00:10.13 | Mem:607.39M, Peak:607.39M | Scene, ViewLayer | Updating Geometry BVH potted_plant_01_base_low 7/27 | Building BVH
Fra:451 Mem:1332.07M (Peak 1335.17M) | Time:00:10.13 | Mem:607.45M, Peak:607.67M | Scene, ViewLayer | Updating Geometry BVH Plane.070 8/27 | Building BVH
Fra:451 Mem:1332.07M (Peak 1335.17M) | Time:00:10.13 | Mem:610.74M, Peak:610.74M | Scene, ViewLayer | Updating Geometry BVH Mesh 13/27 | Building BVH
Fra:451 Mem:1332.07M (Peak 1335.17M) | Time:00:10.13 | Mem:610.76M, Peak:610.76M | Scene, ViewLayer | Updating Geometry BVH Circle.008 9/27 | Building BVH
Fra:451 Mem:1332.07M (Peak 1335.17M) | Time:00:10.13 | Mem:612.55M, Peak:612.57M | Scene, ViewLayer | Updating Geometry BVH Mesh 12/27 | Building BVH
Fra:451 Mem:1332.07M (Peak 1335.17M) | Time:00:10.14 | Mem:612.74M, Peak:612.95M | Scene, ViewLayer | Updating Geometry BVH Cylinder.337 11/27 | Building BVH
Fra:451 Mem:1332.07M (Peak 1335.17M) | Time:00:10.14 | Mem:612.76M, Peak:612.95M | Scene, ViewLayer | Updating Geometry BVH Circle.002 10/27 | Building BVH
Fra:451 Mem:1332.07M (Peak 1335.17M) | Time:00:10.34 | Mem:618.54M, Peak:621.80M | Scene, ViewLayer | Updating Scene BVH | Building
Fra:451 Mem:1332.33M (Peak 1335.17M) | Time:00:10.34 | Mem:618.54M, Peak:621.80M | Scene, ViewLayer | Updating Scene BVH | Building BVH
Fra:451 Mem:1332.33M (Peak 1335.17M) | Time:00:10.50 | Mem:730.15M, Peak:730.15M | Scene, ViewLayer | Updating Scene BVH | Building BVH 0%
Fra:451 Mem:1332.33M (Peak 1335.17M) | Time:00:10.75 | Mem:874.82M, Peak:874.82M | Scene, ViewLayer | Updating Scene BVH | Building BVH 69%
Fra:451 Mem:1332.33M (Peak 1335.17M) | Time:00:11.00 | Mem:863.65M, Peak:899.47M | Scene, ViewLayer | Updating Scene BVH | Building BVH 104%
Fra:451 Mem:1332.33M (Peak 1335.17M) | Time:00:11.32 | Mem:811.03M, Peak:899.47M | Scene, ViewLayer | Updating Scene BVH | Building BVH 118%
Fra:451 Mem:1332.33M (Peak 1335.17M) | Time:00:11.86 | Mem:815.42M, Peak:899.47M | Scene, ViewLayer | Updating Scene BVH | Building BVH 119%
Fra:451 Mem:1332.33M (Peak 1335.17M) | Time:00:12.11 | Mem:818.91M, Peak:899.47M | Scene, ViewLayer | Updating Scene BVH | Building BVH 120%
Fra:451 Mem:1332.33M (Peak 1335.17M) | Time:00:12.31 | Mem:817.92M, Peak:899.47M | Scene, ViewLayer | Updating Scene BVH | Copying BVH to device
Fra:451 Mem:1332.33M (Peak 1335.17M) | Time:00:12.31 | Mem:817.92M, Peak:899.47M | Scene, ViewLayer | Updating Mesh | Computing normals
Fra:451 Mem:1412.00M (Peak 1412.00M) | Time:00:12.34 | Mem:817.92M, Peak:899.47M | Scene, ViewLayer | Updating Mesh | Copying Mesh to device
Fra:451 Mem:1412.00M (Peak 1412.00M) | Time:00:12.34 | Mem:897.59M, Peak:899.47M | Scene, ViewLayer | Updating Objects Flags
Fra:451 Mem:1412.00M (Peak 1412.00M) | Time:00:12.34 | Mem:897.83M, Peak:899.47M | Scene, ViewLayer | Updating Primitive Offsets
Fra:451 Mem:1412.12M (Peak 1412.12M) | Time:00:12.34 | Mem:897.95M, Peak:899.47M | Scene, ViewLayer | Updating Images
Fra:451 Mem:1396.12M (Peak 1412.12M) | Time:00:12.34 | Mem:881.95M, Peak:899.47M | Scene, ViewLayer | Updating Camera Volume
Fra:451 Mem:1396.12M (Peak 1412.12M) | Time:00:12.34 | Mem:881.95M, Peak:899.47M | Scene, ViewLayer | Updating Lookup Tables
Fra:451 Mem:1396.12M (Peak 1412.12M) | Time:00:12.34 | Mem:882.04M, Peak:899.47M | Scene, ViewLayer | Updating Lights
Fra:451 Mem:1396.13M (Peak 1412.12M) | Time:00:12.34 | Mem:882.04M, Peak:899.47M | Scene, ViewLayer | Updating Lights | Importance map
Fra:451 Mem:1460.16M (Peak 1748.13M) | Time:00:12.85 | Mem:946.09M, Peak:1106.06M | Scene, ViewLayer | Updating Lights | Computing tree
Fra:451 Mem:1461.57M (Peak 1748.13M) | Time:00:12.86 | Mem:947.49M, Peak:1106.06M | Scene, ViewLayer | Updating Integrator
Fra:451 Mem:1461.57M (Peak 1748.13M) | Time:00:12.86 | Mem:947.49M, Peak:1106.06M | Scene, ViewLayer | Updating Film
Fra:451 Mem:1461.57M (Peak 1748.13M) | Time:00:12.86 | Mem:947.41M, Peak:1106.06M | Scene, ViewLayer | Updating Lookup Tables
Fra:451 Mem:1461.57M (Peak 1748.13M) | Time:00:12.86 | Mem:947.50M, Peak:1106.06M | Scene, ViewLayer | Updating Baking
Fra:451 Mem:1461.57M (Peak 1748.13M) | Time:00:12.86 | Mem:947.50M, Peak:1106.06M | Scene, ViewLayer | Updating Device | Writing constant memory
Fra:451 Mem:1462.05M (Peak 1748.13M) | Time:00:12.86 | Mem:947.50M, Peak:1106.06M | Scene, ViewLayer | Loading denoising kernels (may take a few minutes the first time)
Fra:451 Mem:1462.05M (Peak 1748.13M) | Time:00:12.86 | Mem:947.50M, Peak:1106.06M | Scene, ViewLayer | Sample 0/64
Fra:451 Mem:1556.03M (Peak 1748.13M) | Time:00:17.19 | Remaining:04:33.06 | Mem:1041.43M, Peak:1106.06M | Scene, ViewLayer | Sample 1/64
Fra:451 Mem:1556.03M (Peak 1748.13M) | Time:00:17.19 | Remaining:04:33.08 | Mem:1041.43M, Peak:1106.06M | Scene, ViewLayer | Updating Scene
Fra:451 Mem:1556.03M (Peak 1748.13M) | Time:00:17.19 | Remaining:04:33.08 | Mem:1041.43M, Peak:1106.06M | Scene, ViewLayer | Updating Shaders
Fra:451 Mem:1556.03M (Peak 1748.13M) | Time:00:17.19 | Remaining:04:33.18 | Mem:1041.43M, Peak:1106.06M | Scene, ViewLayer | Updating Background
Fra:451 Mem:1556.03M (Peak 1748.13M) | Time:00:17.19 | Remaining:04:33.18 | Mem:1041.43M, Peak:1106.06M | Scene, ViewLayer | Updating Camera
Fra:451 Mem:1556.03M (Peak 1748.13M) | Time:00:17.19 | Remaining:04:33.18 | Mem:1041.43M, Peak:1106.06M | Scene, ViewLayer | Updating Objects
Fra:451 Mem:1556.03M (Peak 1748.13M) | Time:00:17.19 | Remaining:04:33.18 | Mem:1041.43M, Peak:1106.06M | Scene, ViewLayer | Updating Particle Systems
Fra:451 Mem:1556.03M (Peak 1748.13M) | Time:00:17.19 | Remaining:04:33.18 | Mem:1041.43M, Peak:1106.06M | Scene, ViewLayer | Updating Meshes
Fra:451 Mem:1556.03M (Peak 1748.13M) | Time:00:17.19 | Remaining:04:33.18 | Mem:1041.43M, Peak:1106.06M | Scene, ViewLayer | Updating Objects Flags
Fra:451 Mem:1556.03M (Peak 1748.13M) | Time:00:17.19 | Remaining:04:33.18 | Mem:1041.43M, Peak:1106.06M | Scene, ViewLayer | Updating Primitive Offsets
Fra:451 Mem:1556.03M (Peak 1748.13M) | Time:00:17.20 | Remaining:04:33.22 | Mem:1041.43M, Peak:1106.06M | Scene, ViewLayer | Updating Images
Fra:451 Mem:1556.03M (Peak 1748.13M) | Time:00:17.20 | Remaining:04:33.22 | Mem:1041.43M, Peak:1106.06M | Scene, ViewLayer | Updating Camera Volume
Fra:451 Mem:1556.03M (Peak 1748.13M) | Time:00:17.20 | Remaining:04:33.23 | Mem:1041.43M, Peak:1106.06M | Scene, ViewLayer | Updating Lookup Tables
Fra:451 Mem:1556.03M (Peak 1748.13M) | Time:00:17.20 | Remaining:04:33.23 | Mem:1041.43M, Peak:1106.06M | Scene, ViewLayer | Updating Lights
Fra:451 Mem:1556.03M (Peak 1748.13M) | Time:00:17.20 | Remaining:04:33.23 | Mem:1041.43M, Peak:1106.06M | Scene, ViewLayer | Updating Integrator
Fra:451 Mem:1556.03M (Peak 1748.13M) | Time:00:17.20 | Remaining:04:33.23 | Mem:1041.43M, Peak:1106.06M | Scene, ViewLayer | Updating Film
Fra:451 Mem:1556.03M (Peak 1748.13M) | Time:00:17.20 | Remaining:04:33.23 | Mem:1041.43M, Peak:1106.06M | Scene, ViewLayer | Updating Lookup Tables
Fra:451 Mem:1556.03M (Peak 1748.13M) | Time:00:17.20 | Remaining:04:33.23 | Mem:1041.43M, Peak:1106.06M | Scene, ViewLayer | Updating Baking
Fra:451 Mem:1556.03M (Peak 1748.13M) | Time:00:17.20 | Remaining:04:33.25 | Mem:1041.43M, Peak:1106.06M | Scene, ViewLayer | Updating Device | Writing constant memory
Fra:451 Mem:1556.03M (Peak 1748.13M) | Time:00:17.20 | Remaining:04:33.25 | Mem:1041.43M, Peak:1106.06M | Scene, ViewLayer | Sample 1/64
Fra:451 Mem:1556.03M (Peak 1748.13M) | Time:00:51.95 | Remaining:03:58.91 | Mem:1041.43M, Peak:1106.06M | Scene, ViewLayer | Sample 9/64
Fra:451 Mem:1556.03M (Peak 1748.13M) | Time:01:26.35 | Remaining:03:23.17 | Mem:1041.43M, Peak:1106.06M | Scene, ViewLayer | Sample 17/64
Fra:451 Mem:1556.03M (Peak 1748.13M) | Time:02:01.82 | Remaining:02:49.98 | Mem:1041.43M, Peak:1106.06M | Scene, ViewLayer | Sample 25/64
Fra:451 Mem:1556.03M (Peak 1748.13M) | Time:02:32.83 | Remaining:02:19.96 | Mem:1041.43M, Peak:1106.06M | Scene, ViewLayer | Sample 32/64
Fra:451 Mem:1556.03M (Peak 1748.13M) | Time:02:34.81 | Remaining:01:25.17 | Mem:1041.43M, Peak:1106.06M | Scene, ViewLayer | Sample 40/64
Fra:451 Mem:1556.03M (Peak 1748.13M) | Time:02:36.79 | Remaining:00:47.97 | Mem:1041.43M, Peak:1106.06M | Scene, ViewLayer | Sample 48/64
Fra:451 Mem:1556.03M (Peak 1748.13M) | Time:02:37.00 | Remaining:00:20.59 | Mem:1041.43M, Peak:1106.06M | Scene, ViewLayer | Sample 56/64
Fra:451 Mem:1595.58M (Peak 1748.13M) | Time:02:43.66 | Mem:1041.43M, Peak:1106.06M | Scene, ViewLayer | Sample 64/64
Fra:451 Mem:1595.58M (Peak 1748.13M) | Time:02:43.66 | Mem:1041.43M, Peak:1106.06M | Scene, ViewLayer | Finished
Saved: '/home/runner/work/future/future/workspaces/glasshouse-terminus/output/g4-coast-r03/E02-real-water.png'
Time: 02:43.86 (Saving: 00:00.17)

COAST_R03_NATIVE_VIEW E02-real-water.png
Fra:451 Mem:667.59M (Peak 895.07M) | Time:00:01.78 | Mem:0.00M, Peak:0.00M | Scene, ViewLayer | Synchronizing object | QA_sky_key
Fra:451 Mem:667.59M (Peak 895.07M) | Time:00:01.78 | Mem:0.00M, Peak:0.00M | Scene, ViewLayer | Synchronizing object | QA_back_fill
Fra:451 Mem:667.59M (Peak 895.07M) | Time:00:01.78 | Mem:0.00M, Peak:0.00M | Scene, ViewLayer | Synchronizing object | QA_interior_fill
Fra:451 Mem:667.59M (Peak 895.07M) | Time:00:01.78 | Mem:0.00M, Peak:0.00M | Scene, ViewLayer | Synchronizing object | QA_interior_fill.001
Fra:451 Mem:667.59M (Peak 895.07M) | Time:00:01.78 | Mem:0.00M, Peak:0.00M | Scene, ViewLayer | Synchronizing object | QA_interior_fill.002
Fra:451 Mem:667.59M (Peak 895.07M) | Time:00:01.78 | Mem:0.00M, Peak:0.00M | Scene, ViewLayer | Synchronizing object | Terrace_guard_post.008
Fra:451 Mem:667.59M (Peak 895.07M) | Time:00:01.78 | Mem:0.00M, Peak:0.00M | Scene, ViewLayer | Synchronizing object | Terrace_guard_rail
Fra:451 Mem:667.60M (Peak 895.07M) | Time:00:01.78 | Mem:0.00M, Peak:0.00M | Scene, ViewLayer | Synchronizing object | Terrace_guard_post.017
Fra:451 Mem:667.63M (Peak 895.07M) | Time:00:01.78 | Mem:0.00M, Peak:0.00M | Scene, ViewLayer | Synchronizing object | Terrace_guard_post.022
Fra:451 Mem:667.64M (Peak 895.07M) | Time:00:01.78 | Mem:0.00M, Peak:0.00M | Scene, ViewLayer | Synchronizing object | Terrace_guard_post.029
Fra:451 Mem:667.65M (Peak 895.07M) | Time:00:01.78 | Mem:0.00M, Peak:0.00M | Scene, ViewLayer | Synchronizing object | Hall_continuous_floor
Fra:451 Mem:667.64M (Peak 895.07M) | Time:00:01.78 | Mem:0.00M, Peak:0.00M | Scene, ViewLayer | Synchronizing object | Terrace_guard_rail.003
Fra:451 Mem:667.66M (Peak 895.07M) | Time:00:01.78 | Mem:0.00M, Peak:0.00M | Scene, ViewLayer | Synchronizing object | Terrace_guard_post.007
Fra:451 Mem:667.67M (Peak 895.07M) | Time:00:01.78 | Mem:0.00M, Peak:0.00M | Scene, ViewLayer | Synchronizing object | Terrace_guard_post.016
Fra:451 Mem:667.67M (Peak 895.07M) | Time:00:01.78 | Mem:0.00M, Peak:0.00M | Scene, ViewLayer | Synchronizing object | Terrace_guard_post.021
Fra:451 Mem:667.69M (Peak 895.07M) | Time:00:01.78 | Mem:0.00M, Peak:0.00M | Scene, ViewLayer | Synchronizing object | Terrace_guard_post.028
Fra:451 Mem:667.69M (Peak 895.07M) | Time:00:01.78 | Mem:0.00M, Peak:0.00M | Scene, ViewLayer | Synchronizing object | Hall_entry_step.002
Fra:451 Mem:667.71M (Peak 895.07M) | Time:00:01.78 | Mem:0.00M, Peak:0.00M | Scene, ViewLayer | Synchronizing object | Hall_entry_step.001
Fra:451 Mem:667.70M (Peak 895.07M) | Time:00:01.78 | Mem:0.00M, Peak:0.00M | Scene, ViewLayer | Synchronizing object | Terrace_guard_rail.005
Fra:451 Mem:667.72M (Peak 895.07M) | Time:00:01.78 | Mem:0.00M, Peak:0.00M | Scene, ViewLayer | Synchronizing object | Platform_drain_channel
Fra:451 Mem:667.73M (Peak 895.07M) | Time:00:01.78 | Mem:0.00M, Peak:0.00M | Scene, ViewLayer | Synchronizing object | Terrace_guard_post.003
Fra:451 Mem:667.74M (Peak 895.07M) | Time:00:01.78 | Mem:0.00M, Peak:0.00M | Scene, ViewLayer | Synchronizing object | Terrace_guard_post.006
Fra:451 Mem:667.74M (Peak 895.07M) | Time:00:01.78 | Mem:0.00M, Peak:0.00M | Scene, ViewLayer | Synchronizing object | Terrace_guard_post.015
Fra:451 Mem:667.75M (Peak 895.07M) | Time:00:01.78 | Mem:0.00M, Peak:0.00M | Scene, ViewLayer | Synchronizing object | Terrace_guard_post.020
Fra:451 Mem:667.76M (Peak 895.07M) | Time:00:01.78 | Mem:0.00M, Peak:0.00M | Scene, ViewLayer | Synchronizing object | Terrace_guard_rail.002
Fra:451 Mem:667.76M (Peak 895.07M) | Time:00:01.78 | Mem:0.00M, Peak:0.00M | Scene, ViewLayer | Synchronizing object | Terrace_guard_post.035
Fra:451 Mem:667.76M (Peak 895.07M) | Time:00:01.78 | Mem:0.00M, Peak:0.00M | Scene, ViewLayer | Synchronizing object | Hall_entry_step.003
Fra:451 Mem:667.76M (Peak 895.07M) | Time:00:01.78 | Mem:0.00M, Peak:0.00M | Scene, ViewLayer | Synchronizing object | Terrace_guard_post.014
Fra:451 Mem:667.76M (Peak 895.07M) | Time:00:01.78 | Mem:0.00M, Peak:0.00M | Scene, ViewLayer | Synchronizing object | Terrace_guard_post.019
Fra:451 Mem:667.77M (Peak 895.07M) | Time:00:01.78 | Mem:0.00M, Peak:0.00M | Scene, ViewLayer | Synchronizing object | Terrace_guard_post.034
Fra:451 Mem:667.77M (Peak 895.07M) | Time:00:01.78 | Mem:0.00M, Peak:0.00M | Scene, ViewLayer | Synchronizing object | Hall_entry_step
Fra:451 Mem:667.78M (Peak 895.07M) | Time:00:01.78 | Mem:0.00M, Peak:0.00M | Scene, ViewLayer | Synchronizing object | Hall_entry_step.004
Fra:451 Mem:667.79M (Peak 895.07M) | Time:00:01.78 | Mem:0.00M, Peak:0.00M | Scene, ViewLayer | Synchronizing object | Terrace_guard_rail.004
Fra:451 Mem:667.85M (Peak 895.07M) | Time:00:01.78 | Mem:0.00M, Peak:0.00M | Scene, ViewLayer | Synchronizing object | Terrace_guard_post.005
Fra:451 Mem:667.85M (Peak 895.07M) | Time:00:01.78 | Mem:0.00M, Peak:0.00M | Scene, ViewLayer | Synchronizing object | Terrace_guard_post.013
Fra:451 Mem:667.86M (Peak 895.07M) | Time:00:01.78 | Mem:0.00M, Peak:0.00M | Scene, ViewLayer | Synchronizing object | Terrace_guard_post.018
Fra:451 Mem:667.88M (Peak 895.07M) | Time:00:01.78 | Mem:0.00M, Peak:0.00M | Scene, ViewLayer | Synchronizing object | Terrace_guard_post.033
Fra:451 Mem:667.87M (Peak 895.07M) | Time:00:01.78 | Mem:0.00M, Peak:0.00M | Scene, ViewLayer | Synchronizing object | Hall_entry_step.005
Fra:451 Mem:667.86M (Peak 895.07M) | Time:00:01.78 | Mem:0.00M, Peak:0.00M | Scene, ViewLayer | Synchronizing object | Terrace_guard_post
Fra:451 Mem:667.88M (Peak 895.07M) | Time:00:01.78 | Mem:0.00M, Peak:0.00M | Scene, ViewLayer | Synchronizing object | Terrace_guard_post.002
Fra:451 Mem:667.91M (Peak 895.07M) | Time:00:01.78 | Mem:0.00M, Peak:0.00M | Scene, ViewLayer | Synchronizing object | Terrace_guard_post.012
Fra:451 Mem:667.91M (Peak 895.07M) | Time:00:01.78 | Mem:0.00M, Peak:0.00M | Scene, ViewLayer | Synchronizing object | Terrace_guard_post.025
Fra:451 Mem:667.91M (Peak 895.07M) | Time:00:01.78 | Mem:0.00M, Peak:0.00M | Scene, ViewLayer | Synchronizing object | Terrace_guard_post.032
Fra:451 Mem:667.91M (Peak 895.07M) | Time:00:01.78 | Mem:0.00M, Peak:0.00M | Scene, ViewLayer | Synchronizing object | Terrace_guard_post.004
Fra:451 Mem:667.91M (Peak 895.07M) | Time:00:01.78 | Mem:0.00M, Peak:0.00M | Scene, ViewLayer | Synchronizing object | Terrace_guard_post.011
Fra:451 Mem:667.94M (Peak 895.07M) | Time:00:01.78 | Mem:0.00M, Peak:0.00M | Scene, ViewLayer | Synchronizing object | Terrace_guard_post.024
Fra:451 Mem:667.92M (Peak 895.07M) | Time:00:01.78 | Mem:0.00M, Peak:0.00M | Scene, ViewLayer | Synchronizing object | Terrace_guard_rail.001
Fra:451 Mem:667.92M (Peak 895.07M) | Time:00:01.78 | Mem:0.00M, Peak:0.00M | Scene, ViewLayer | Synchronizing object | Terrace_guard_post.026
Fra:451 Mem:667.92M (Peak 895.07M) | Time:00:01.78 | Mem:0.00M, Peak:0.00M | Scene, ViewLayer | Synchronizing object | Terrace_guard_post.031
Fra:451 Mem:667.93M (Peak 895.07M) | Time:00:01.78 | Mem:0.00M, Peak:0.00M | Scene, ViewLayer | Synchronizing object | Hall_plinth
Fra:451 Mem:667.93M (Peak 895.07M) | Time:00:01.78 | Mem:0.00M, Peak:0.00M | Scene, ViewLayer | Synchronizing object | Load_bearing_masonry_terrace
Fra:451 Mem:668.01M (Peak 895.07M) | Time:00:01.78 | Mem:0.00M, Peak:0.00M | Scene, ViewLayer | Synchronizing object | Bridge_continuous_guard.002
Fra:451 Mem:668.10M (Peak 895.07M) | Time:00:01.78 | Mem:0.00M, Peak:0.00M | Scene, ViewLayer | Synchronizing object | Ocean_extent
Fra:451 Mem:668.08M (Peak 895.07M) | Time:00:01.78 | Mem:0.00M, Peak:0.00M | Scene, ViewLayer | Synchronizing object | Complete_cliff_mass
Fra:451 Mem:668.93M (Peak 895.07M) | Time:00:01.78 | Mem:0.00M, Peak:0.00M | Scene, ViewLayer | Synchronizing object | G4COAST_adapted_scanned_cliff_ring
Fra:451 Mem:670.12M (Peak 895.07M) | Time:00:01.78 | Mem:0.00M, Peak:0.00M | Scene, ViewLayer | Synchronizing object | Viaduct_pier.003
Fra:451 Mem:670.12M (Peak 895.07M) | Time:00:01.78 | Mem:0.00M, Peak:0.00M | Scene, ViewLayer | Synchronizing object | Bridge_continuous_guard.003
Fra:451 Mem:672.50M (Peak 895.07M) | Time:00:01.78 | Mem:0.00M, Peak:0.00M | Scene, ViewLayer | Synchronizing object | Viaduct_bedrock_footing.003
Fra:451 Mem:672.55M (Peak 895.07M) | Time:00:01.78 | Mem:0.00M, Peak:0.00M | Scene, ViewLayer | Synchronizing object | Viaduct_pier
Fra:451 Mem:672.58M (Peak 895.07M) | Time:00:01.78 | Mem:0.00M, Peak:0.00M | Scene, ViewLayer | Synchronizing object | Viaduct_pier.011
Fra:451 Mem:672.61M (Peak 895.07M) | Time:00:01.78 | Mem:0.00M, Peak:0.00M | Scene, ViewLayer | Synchronizing object | Viaduct_bedrock_footing.005
Fra:451 Mem:672.63M (Peak 895.07M) | Time:00:01.78 | Mem:0.00M, Peak:0.00M | Scene, ViewLayer | Synchronizing object | Viaduct_bedrock_footing.011
Fra:451 Mem:672.66M (Peak 895.07M) | Time:00:01.78 | Mem:0.00M, Peak:0.00M | Scene, ViewLayer | Synchronizing object | Viaduct_bedrock_footing
Fra:451 Mem:690.89M (Peak 895.07M) | Time:00:01.78 | Mem:0.00M, Peak:0.00M | Scene, ViewLayer | Synchronizing object | Bridge_continuous_guard
Fra:451 Mem:691.04M (Peak 895.07M) | Time:00:01.78 | Mem:0.00M, Peak:0.00M | Scene, ViewLayer | Synchronizing object | Bridge_continuous_guard.001
Fra:451 Mem:691.16M (Peak 895.07M) | Time:00:01.78 | Mem:0.00M, Peak:0.00M | Scene, ViewLayer | Synchronizing object | Viaduct_pier.009
Fra:451 Mem:691.74M (Peak 895.07M) | Time:00:01.78 | Mem:0.00M, Peak:0.00M | Scene, ViewLayer | Synchronizing object | Viaduct_pier.007
Fra:451 Mem:691.76M (Peak 895.07M) | Time:00:01.79 | Mem:0.00M, Peak:0.00M | Scene, ViewLayer | Synchronizing object | Viaduct_pier.001
Fra:451 Mem:691.79M (Peak 895.07M) | Time:00:01.79 | Mem:0.00M, Peak:0.00M | Scene, ViewLayer | Synchronizing object | Viaduct_bedrock_footing.009
Fra:451 Mem:691.82M (Peak 895.07M) | Time:00:01.79 | Mem:0.00M, Peak:0.00M | Scene, ViewLayer | Synchronizing object | Viaduct_bedrock_footing.001
Fra:451 Mem:691.84M (Peak 895.07M) | Time:00:01.79 | Mem:0.00M, Peak:0.00M | Scene, ViewLayer | Synchronizing object | Viaduct_bedrock_footing.007
Fra:451 Mem:691.87M (Peak 895.07M) | Time:00:01.79 | Mem:0.00M, Peak:0.00M | Scene, ViewLayer | Synchronizing object | Viaduct_pier.005
Fra:451 Mem:692.17M (Peak 895.07M) | Time:00:01.79 | Mem:0.00M, Peak:0.00M | Scene, ViewLayer | Synchronizing object | Platform_continuous_slab
Fra:451 Mem:699.13M (Peak 895.07M) | Time:00:01.79 | Mem:0.00M, Peak:0.00M | Scene, ViewLayer | Synchronizing object | Terrace_guard_post.009
Fra:451 Mem:699.14M (Peak 895.07M) | Time:00:01.79 | Mem:0.00M, Peak:0.00M | Scene, ViewLayer | Synchronizing object | Terrace_guard_post.010
Fra:451 Mem:699.14M (Peak 895.07M) | Time:00:01.79 | Mem:0.00M, Peak:0.00M | Scene, ViewLayer | Synchronizing object | Terrace_guard_post.023
Fra:451 Mem:699.14M (Peak 895.07M) | Time:00:01.79 | Mem:0.00M, Peak:0.00M | Scene, ViewLayer | Synchronizing object | Terrace_guard_post.030
Fra:451 Mem:699.15M (Peak 895.07M) | Time:00:01.79 | Mem:0.00M, Peak:0.00M | Scene, ViewLayer | Synchronizing object | Track_sleeper.010
Fra:451 Mem:699.18M (Peak 895.07M) | Time:00:01.79 | Mem:0.00M, Peak:0.00M | Scene, ViewLayer | Synchronizing object | Track_sleeper.088
Fra:451 Mem:698.66M (Peak 895.07M) | Time:00:01.79 | Mem:0.00M, Peak:0.00M | Scene, ViewLayer | Synchronizing object | Track_sleeper.098
Fra:451 Mem:698.67M (Peak 895.07M) | Time:00:01.79 | Mem:0.00M, Peak:0.00M | Scene, ViewLayer | Synchronizing object | Track_sleeper.114
Fra:451 Mem:698.75M (Peak 895.07M) | Time:00:01.79 | Mem:0.00M, Peak:0.00M | Scene, ViewLayer | Synchronizing object | Track_sleeper.045
Fra:451 Mem:698.75M (Peak 895.07M) | Time:00:01.79 | Mem:0.00M, Peak:0.00M | Scene, ViewLayer | Synchronizing object | Bridge_guard_post.059
Fra:451 Mem:698.77M (Peak 895.07M) | Time:00:01.79 | Mem:0.00M, Peak:0.00M | Scene, ViewLayer | Synchronizing object | Track_sleeper.091
Fra:451 Mem:698.79M (Peak 895.07M) | Time:00:01.79 | Mem:0.00M, Peak:0.00M | Scene, ViewLayer | Synchronizing object | Track_sleeper.042
Fra:451 Mem:698.81M (Peak 895.07M) | Time:00:01.79 | Mem:0.00M, Peak:0.00M | Scene, ViewLayer | Synchronizing object | Track_sleeper.072
Fra:451 Mem:698.84M (Peak 895.07M) | Time:00:01.79 | Mem:0.00M, Peak:0.00M | Scene, ViewLayer | Synchronizing object | Track_sleeper.046
Fra:451 Mem:698.87M (Peak 895.07M) | Time:00:01.79 | Mem:0.00M, Peak:0.00M | Scene, ViewLayer | Synchronizing object | Track_sleeper.109
Fra:451 Mem:698.90M (Peak 895.07M) | Time:00:01.79 | Mem:0.00M, Peak:0.00M | Scene, ViewLayer | Synchronizing object | Track_sleeper.037
Fra:451 Mem:698.93M (Peak 895.07M) | Time:00:01.79 | Mem:0.00M, Peak:0.00M | Scene, ViewLayer | Synchronizing object | Running_rail.001
Fra:451 Mem:698.94M (Peak 895.07M) | Time:00:01.79 | Mem:0.00M, Peak:0.00M | Scene, ViewLayer | Synchronizing object | Track_sleeper.030
Fra:451 Mem:699.31M (Peak 895.07M) | Time:00:01.79 | Mem:0.00M, Peak:0.00M | Scene, ViewLayer | Synchronizing object | Downpipe.002
Fra:451 Mem:699.31M (Peak 895.07M) | Time:00:01.79 | Mem:0.00M, Peak:0.00M | Scene, ViewLayer | Synchronizing object | Track_sleeper.032
Fra:451 Mem:699.34M (Peak 895.07M) | Time:00:01.79 | Mem:0.00M, Peak:0.00M | Scene, ViewLayer | Synchronizing object | Bridge_guard_post.049
Fra:451 Mem:699.35M (Peak 895.07M) | Time:00:01.79 | Mem:0.00M, Peak:0.00M | Scene, ViewLayer | Synchronizing object | Track_sleeper.050
Fra:451 Mem:699.36M (Peak 895.07M) | Time:00:01.79 | Mem:0.00M, Peak:0.00M | Scene, ViewLayer | Synchronizing object | Track_sleeper.134
Fra:451 Mem:699.43M (Peak 895.07M) | Time:00:01.79 | Mem:0.00M, Peak:0.00M | Scene, ViewLayer | Synchronizing object | Bridge_guard_post.036
Fra:451 Mem:699.41M (Peak 895.07M) | Time:00:01.79 | Mem:0.00M, Peak:0.00M | Scene, ViewLayer | Synchronizing object | Bridge_guard_post.008
Fra:451 Mem:699.41M (Peak 895.07M) | Time:00:01.79 | Mem:0.00M, Peak:0.00M | Scene, ViewLayer | Synchronizing object | Track_sleeper.143
Fra:451 Mem:699.45M (Peak 895.07M) | Time:00:01.79 | Mem:0.00M, Peak:0.00M | Scene, ViewLayer | Synchronizing object | Bridge_guard_post.011
Fra:451 Mem:699.45M (Peak 895.07M) | Time:00:01.79 | Mem:0.00M, Peak:0.00M | Scene, ViewLayer | Synchronizing object | Bridge_guard_post.012
Fra:451 Mem:699.46M (Peak 895.07M) | Time:00:01.79 | Mem:0.00M, Peak:0.00M | Scene, ViewLayer | Synchronizing object | Bridge_guard_post.057
Fra:451 Mem:699.48M (Peak 895.07M) | Time:00:01.79 | Mem:0.00M, Peak:0.00M | Scene, ViewLayer | Synchronizing object | Track_sleeper.024
Fra:451 Mem:699.51M (Peak 895.07M) | Time:00:01.79 | Mem:0.00M, Peak:0.00M | Scene, ViewLayer | Synchronizing object | Downpipe.003
Fra:451 Mem:699.52M (Peak 895.07M) | Time:00:01.79 | Mem:0.00M, Peak:0.00M | Scene, ViewLayer | Synchronizing object | Track_sleeper.106
Fra:451 Mem:699.52M (Peak 895.07M) | Time:00:01.79 | Mem:0.00M, Peak:0.00M | Scene, ViewLayer | Synchronizing object | Track_sleeper.069
Fra:451 Mem:699.60M (Peak 895.07M) | Time:00:01.79 | Mem:0.00M, Peak:0.00M | Scene, ViewLayer | Synchronizing object | Track_sleeper.122
Fra:451 Mem:699.59M (Peak 895.07M) | Time:00:01.79 | Mem:0.00M, Peak:0.00M | Scene, ViewLayer | Synchronizing object | Bridge_guard_post.035
Fra:451 Mem:699.62M (Peak 895.07M) | Time:00:01.79 | Mem:0.00M, Peak:0.00M | Scene, ViewLayer | Synchronizing object | Bridge_guard_post.038
Fra:451 Mem:699.61M (Peak 895.07M) | Time:00:01.79 | Mem:0.00M, Peak:0.00M | Scene, ViewLayer | Synchronizing object | Track_sleeper.002
Fra:451 Mem:699.64M (Peak 895.07M) | Time:00:01.79 | Mem:0.00M, Peak:0.00M | Scene, ViewLayer | Synchronizing object | Track_sleeper.048
Fra:451 Mem:699.67M (Peak 895.07M) | Time:00:01.79 | Mem:0.00M, Peak:0.00M | Scene, ViewLayer | Synchronizing object | Track_sleeper.060
Fra:451 Mem:699.71M (Peak 895.07M) | Time:00:01.79 | Mem:0.00M, Peak:0.00M | Scene, ViewLayer | Synchronizing object | Track_sleeper.062
Fra:451 Mem:699.73M (Peak 895.07M) | Time:00:01.79 | Mem:0.00M, Peak:0.00M | Scene, ViewLayer | Synchronizing object | Track_sleeper.040
Fra:451 Mem:699.77M (Peak 895.07M) | Time:00:01.79 | Mem:0.00M, Peak:0.00M | Scene, ViewLayer | Synchronizing object | Bridge_guard_post.029
Fra:451 Mem:699.76M (Peak 895.07M) | Time:00:01.79 | Mem:0.00M, Peak:0.00M | Scene, ViewLayer | Synchronizing object | Track_sleeper.124
Fra:451 Mem:699.79M (Peak 895.07M) | Time:00:01.79 | Mem:0.00M, Peak:0.00M | Scene, ViewLayer | Synchronizing object | Track_sleeper.117
Fra:451 Mem:699.82M (Peak 895.07M) | Time:00:01.79 | Mem:0.00M, Peak:0.00M | Scene, ViewLayer | Synchronizing object | Track_sleeper.101
Fra:451 Mem:699.85M (Peak 895.07M) | Time:00:01.79 | Mem:0.00M, Peak:0.00M | Scene, ViewLayer | Synchronizing object | Track_sleeper.076
Fra:451 Mem:699.85M (Peak 895.07M) | Time:00:01.79 | Mem:0.00M, Peak:0.00M | Scene, ViewLayer | Synchronizing object | Track_sleeper.103
Fra:451 Mem:699.91M (Peak 895.07M) | Time:00:01.79 | Mem:0.00M, Peak:0.00M | Scene, ViewLayer | Synchronizing object | Track_sleeper.094
Fra:451 Mem:699.91M (Peak 895.07M) | Time:00:01.79 | Mem:0.00M, Peak:0.00M | Scene, ViewLayer | Synchronizing object | Bridge_guard_post.026
Fra:451 Mem:699.92M (Peak 895.07M) | Time:00:01.79 | Mem:0.00M, Peak:0.00M | Scene, ViewLayer | Synchronizing object | Track_sleeper.119
Fra:451 Mem:699.97M (Peak 895.07M) | Time:00:01.79 | Mem:0.00M, Peak:0.00M | Scene, ViewLayer | Synchronizing object | Viaduct_arch_spandrel.004
Fra:451 Mem:699.97M (Peak 895.07M) | Time:00:01.79 | Mem:0.00M, Peak:0.00M | Scene, ViewLayer | Synchronizing object | Bridge_guard_post.052
Fra:451 Mem:700.00M (Peak 895.07M) | Time:00:01.79 | Mem:0.00M, Peak:0.00M | Scene, ViewLayer | Synchronizing object | Track_sleeper.021
Fra:451 Mem:700.03M (Peak 895.07M) | Time:00:01.79 | Mem:0.00M, Peak:0.00M | Scene, ViewLayer | Synchronizing object | Downpipe
Fra:451 Mem:700.04M (Peak 895.07M) | Time:00:01.79 | Mem:0.00M, Peak:0.00M | Scene, ViewLayer | Synchronizing object | Track_sleeper.081
Fra:451 Mem:700.05M (Peak 895.07M) | Time:00:01.79 | Mem:0.00M, Peak:0.00M | Scene, ViewLayer | Synchronizing object | Track_sleeper.013
Fra:451 Mem:700.12M (Peak 895.07M) | Time:00:01.79 | Mem:0.00M, Peak:0.00M | Scene, ViewLayer | Synchronizing object | Track_sleeper.096
Fra:451 Mem:700.10M (Peak 895.07M) | Time:00:01.79 | Mem:0.00M, Peak:0.00M | Scene, ViewLayer | Synchronizing object | Track_sleeper.128
Fra:451 Mem:700.15M (Peak 895.07M) | Time:00:01.79 | Mem:0.00M, Peak:0.00M | Scene, ViewLayer | Synchronizing object | Viaduct_arch_spandrel
Fra:451 Mem:700.18M (Peak 895.07M) | Time:00:01.79 | Mem:0.00M, Peak:0.00M | Scene, ViewLayer | Synchronizing object | Track_sleeper.089
Fra:451 Mem:706.61M (Peak 895.07M) | Time:00:01.79 | Mem:0.00M, Peak:0.00M | Scene, ViewLayer | Synchronizing object | Bridge_guard_post.004
Fra:451 Mem:706.60M (Peak 895.07M) | Time:00:01.79 | Mem:0.00M, Peak:0.00M | Scene, ViewLayer | Synchronizing object | Viaduct_arch_spandrel.002
Fra:451 Mem:706.60M (Peak 895.07M) | Time:00:01.79 | Mem:0.00M, Peak:0.00M | Scene, ViewLayer | Synchronizing object | Track_sleeper.087
Fra:451 Mem:706.66M (Peak 895.07M) | Time:00:01.79 | Mem:0.00M, Peak:0.00M | Scene, ViewLayer | Synchronizing object | Viaduct_arch_spandrel.001
Fra:451 Mem:706.66M (Peak 895.07M) | Time:00:01.79 | Mem:0.00M, Peak:0.00M | Scene, ViewLayer | Synchronizing object | Downpipe.001
Fra:451 Mem:706.69M (Peak 895.07M) | Time:00:01.79 | Mem:0.00M, Peak:0.00M | Scene, ViewLayer | Synchronizing object | Buffer_stop_crossbar
Fra:451 Mem:706.72M (Peak 895.07M) | Time:00:01.79 | Mem:0.00M, Peak:0.00M | Scene, ViewLayer | Synchronizing object | Track_sleeper.146
Fra:451 Mem:706.75M (Peak 895.07M) | Time:00:01.79 | Mem:0.00M, Peak:0.00M | Scene, ViewLayer | Synchronizing object | Track_sleeper.047
Fra:451 Mem:706.78M (Peak 895.07M) | Time:00:01.79 | Mem:0.00M, Peak:0.00M | Scene, ViewLayer | Synchronizing object | Track_sleeper.149
Fra:451 Mem:706.81M (Peak 895.07M) | Time:00:01.79 | Mem:0.00M, Peak:0.00M | Scene, ViewLayer | Synchronizing object | Bridge_guard_post.045
Fra:451 Mem:706.83M (Peak 895.07M) | Time:00:01.79 | Mem:0.00M, Peak:0.00M | Scene, ViewLayer | Synchronizing object | Track_sleeper.139
Fra:451 Mem:706.84M (Peak 895.07M) | Time:00:01.79 | Mem:0.00M, Peak:0.00M | Scene, ViewLayer | Synchronizing object | Bridge_guard_post.023
Fra:451 Mem:706.84M (Peak 895.07M) | Time:00:01.79 | Mem:0.00M, Peak:0.00M | Scene, ViewLayer | Synchronizing object | Track_sleeper.025
Fra:451 Mem:706.88M (Peak 895.07M) | Time:00:01.79 | Mem:0.00M, Peak:0.00M | Scene, ViewLayer | Synchronizing object | Track_sleeper.052
Fra:451 Mem:706.92M (Peak 895.07M) | Time:00:01.79 | Mem:0.00M, Peak:0.00M | Scene, ViewLayer | Synchronizing object | Track_sleeper.073
Fra:451 Mem:706.91M (Peak 895.07M) | Time:00:01.79 | Mem:0.00M, Peak:0.00M | Scene, ViewLayer | Synchronizing object | Bridge_guard_post.043
Fra:451 Mem:706.94M (Peak 895.07M) | Time:00:01.79 | Mem:0.00M, Peak:0.00M | Scene, ViewLayer | Synchronizing object | Track_sleeper.011
Fra:451 Mem:706.96M (Peak 895.07M) | Time:00:01.79 | Mem:0.00M, Peak:0.00M | Scene, ViewLayer | Synchronizing object | Track_sleeper.141
Fra:451 Mem:707.00M (Peak 895.07M) | Time:00:01.79 | Mem:0.00M, Peak:0.00M | Scene, ViewLayer | Synchronizing object | Track_sleeper.150
Fra:451 Mem:707.02M (Peak 895.07M) | Time:00:01.79 | Mem:0.00M, Peak:0.00M | Scene, ViewLayer | Synchronizing object | Bridge_guard_post.007
Fra:451 Mem:707.04M (Peak 895.07M) | Time:00:01.79 | Mem:0.00M, Peak:0.00M | Scene, ViewLayer | Synchronizing object | Bridge_guard_post.048
Fra:451 Mem:707.04M (Peak 895.07M) | Time:00:01.79 | Mem:0.00M, Peak:0.00M | Scene, ViewLayer | Synchronizing object | Track_sleeper.084
Fra:451 Mem:707.03M (Peak 895.07M) | Time:00:01.79 | Mem:0.00M, Peak:0.00M | Scene, ViewLayer | Synchronizing object | Track_sleeper.133
Fra:451 Mem:707.09M (Peak 895.07M) | Time:00:01.79 | Mem:0.00M, Peak:0.00M | Scene, ViewLayer | Synchronizing object | Track_sleeper.006
Fra:451 Mem:707.09M (Peak 895.07M) | Time:00:01.79 | Mem:0.00M, Peak:0.00M | Scene, ViewLayer | Synchronizing object | Track_sleeper
Fra:451 Mem:707.15M (Peak 895.07M) | Time:00:01.79 | Mem:0.00M, Peak:0.00M | Scene, ViewLayer | Synchronizing object | Track_sleeper.016
Fra:451 Mem:707.15M (Peak 895.07M) | Time:00:01.79 | Mem:0.00M, Peak:0.00M | Scene, ViewLayer | Synchronizing object | Track_sleeper.085
Fra:451 Mem:707.21M (Peak 895.07M) | Time:00:01.79 | Mem:0.00M, Peak:0.00M | Scene, ViewLayer | Synchronizing object | Track_sleeper.113
Fra:451 Mem:707.25M (Peak 895.07M) | Time:00:01.79 | Mem:0.00M, Peak:0.00M | Scene, ViewLayer | Synchronizing object | Bridge_guard_post
Fra:451 Mem:707.24M (Peak 895.07M) | Time:00:01.79 | Mem:0.00M, Peak:0.00M | Scene, ViewLayer | Synchronizing object | Bridge_guard_post.025
Fra:451 Mem:707.24M (Peak 895.07M) | Time:00:01.79 | Mem:0.00M, Peak:0.00M | Scene, ViewLayer | Synchronizing object | Track_sleeper.099
Fra:451 Mem:707.27M (Peak 895.07M) | Time:00:01.79 | Mem:0.00M, Peak:0.00M | Scene, ViewLayer | Synchronizing object | Track_sleeper.043
Fra:451 Mem:707.32M (Peak 895.07M) | Time:00:01.79 | Mem:0.00M, Peak:0.00M | Scene, ViewLayer | Synchronizing object | Track_sleeper.115
Fra:451 Mem:707.33M (Peak 895.07M) | Time:00:01.79 | Mem:0.00M, Peak:0.00M | Scene, ViewLayer | Synchronizing object | Track_sleeper.092
Fra:451 Mem:707.36M (Peak 895.07M) | Time:00:01.79 | Mem:0.00M, Peak:0.00M | Scene, ViewLayer | Synchronizing object | Bridge_guard_post.030
Fra:451 Mem:707.39M (Peak 895.07M) | Time:00:01.79 | Mem:0.00M, Peak:0.00M | Scene, ViewLayer | Synchronizing object | Track_sleeper.070
Fra:451 Mem:707.37M (Peak 895.07M) | Time:00:01.79 | Mem:0.00M, Peak:0.00M | Scene, ViewLayer | Synchronizing object | Bridge_guard_post.028
Fra:451 Mem:707.39M (Peak 895.07M) | Time:00:01.79 | Mem:0.00M, Peak:0.00M | Scene, ViewLayer | Synchronizing object | Track_sleeper.077
Fra:451 Mem:707.43M (Peak 895.07M) | Time:00:01.79 | Mem:0.00M, Peak:0.00M | Scene, ViewLayer | Synchronizing object | Track_sleeper.110
Fra:451 Mem:707.43M (Peak 895.07M) | Time:00:01.79 | Mem:0.00M, Peak:0.00M | Scene, ViewLayer | Synchronizing object | Bridge_guard_post.019
Fra:451 Mem:707.46M (Peak 895.07M) | Time:00:01.79 | Mem:0.00M, Peak:0.00M | Scene, ViewLayer | Synchronizing object | Bridge_guard_post.020
Fra:451 Mem:707.46M (Peak 895.07M) | Time:00:01.79 | Mem:0.00M, Peak:0.00M | Scene, ViewLayer | Synchronizing object | Track_sleeper.033
Fra:451 Mem:707.49M (Peak 895.07M) | Time:00:01.79 | Mem:0.00M, Peak:0.00M | Scene, ViewLayer | Synchronizing object | Track_sleeper.135
Fra:451 Mem:707.53M (Peak 895.07M) | Time:00:01.79 | Mem:0.00M, Peak:0.00M | Scene, ViewLayer | Synchronizing object | Track_sleeper.014
Fra:451 Mem:707.55M (Peak 895.07M) | Time:00:01.79 | Mem:0.00M, Peak:0.00M | Scene, ViewLayer | Synchronizing object | Track_sleeper.034
Fra:451 Mem:707.58M (Peak 895.07M) | Time:00:01.79 | Mem:0.00M, Peak:0.00M | Scene, ViewLayer | Synchronizing object | Track_sleeper.051
Fra:451 Mem:707.61M (Peak 895.07M) | Time:00:01.79 | Mem:0.00M, Peak:0.00M | Scene, ViewLayer | Synchronizing object | Track_sleeper.064
Fra:451 Mem:707.63M (Peak 895.07M) | Time:00:01.79 | Mem:0.00M, Peak:0.00M | Scene, ViewLayer | Synchronizing object | Bridge_guard_post.037
Fra:451 Mem:707.65M (Peak 895.07M) | Time:00:01.79 | Mem:0.00M, Peak:0.00M | Scene, ViewLayer | Synchronizing object | Track_sleeper.147
Fra:451 Mem:707.68M (Peak 895.07M) | Time:00:01.79 | Mem:0.00M, Peak:0.00M | Scene, ViewLayer | Synchronizing object | Bridge_guard_post.055
Fra:451 Mem:707.69M (Peak 895.07M) | Time:00:01.79 | Mem:0.00M, Peak:0.00M | Scene, ViewLayer | Synchronizing object | Track_sleeper.144
Fra:451 Mem:707.73M (Peak 895.07M) | Time:00:01.79 | Mem:0.00M, Peak:0.00M | Scene, ViewLayer | Synchronizing object | Track_sleeper.066
Fra:451 Mem:707.75M (Peak 895.07M) | Time:00:01.79 | Mem:0.00M, Peak:0.00M | Scene, ViewLayer | Synchronizing object | Track_sleeper.068
Fra:451 Mem:707.77M (Peak 895.07M) | Time:00:01.79 | Mem:0.00M, Peak:0.00M | Scene, ViewLayer | Synchronizing object | Track_sleeper.137
Fra:451 Mem:707.81M (Peak 895.07M) | Time:00:01.79 | Mem:0.00M, Peak:0.00M | Scene, ViewLayer | Synchronizing object | Track_sleeper.038
Fra:451 Mem:707.83M (Peak 895.07M) | Time:00:01.79 | Mem:0.00M, Peak:0.00M | Scene, ViewLayer | Synchronizing object | Bridge_guard_post.016
Fra:451 Mem:707.84M (Peak 895.07M) | Time:00:01.79 | Mem:0.00M, Peak:0.00M | Scene, ViewLayer | Synchronizing object | Track_sleeper.107
Fra:451 Mem:707.86M (Peak 895.07M) | Time:00:01.79 | Mem:0.00M, Peak:0.00M | Scene, ViewLayer | Synchronizing object | Bridge_guard_post.046
Fra:451 Mem:707.87M (Peak 895.07M) | Time:00:01.79 | Mem:0.00M, Peak:0.00M | Scene, ViewLayer | Synchronizing object | Track_sleeper.067
Fra:451 Mem:707.90M (Peak 895.07M) | Time:00:01.79 | Mem:0.00M, Peak:0.00M | Scene, ViewLayer | Synchronizing object | Track_sleeper.123
Fra:451 Mem:707.93M (Peak 895.07M) | Time:00:01.79 | Mem:0.00M, Peak:0.00M | Scene, ViewLayer | Synchronizing object | Bridge_guard_post.039
Fra:451 Mem:707.93M (Peak 895.07M) | Time:00:01.79 | Mem:0.00M, Peak:0.00M | Scene, ViewLayer | Synchronizing object | Track_sleeper.003
Fra:451 Mem:707.97M (Peak 895.07M) | Time:00:01.79 | Mem:0.00M, Peak:0.00M | Scene, ViewLayer | Synchronizing object | Track_sleeper.026
Fra:451 Mem:707.99M (Peak 895.07M) | Time:00:01.79 | Mem:0.00M, Peak:0.00M | Scene, ViewLayer | Synchronizing object | Track_sleeper.053
Fra:451 Mem:708.02M (Peak 895.07M) | Time:00:01.79 | Mem:0.00M, Peak:0.00M | Scene, ViewLayer | Synchronizing object | Track_sleeper.074
Fra:451 Mem:708.07M (Peak 895.07M) | Time:00:01.79 | Mem:0.00M, Peak:0.00M | Scene, ViewLayer | Synchronizing object | Track_sleeper.129
Fra:451 Mem:708.09M (Peak 895.07M) | Time:00:01.79 | Mem:0.00M, Peak:0.00M | Scene, ViewLayer | Synchronizing object | Bridge_guard_post.032
Fra:451 Mem:708.08M (Peak 895.07M) | Time:00:01.79 | Mem:0.00M, Peak:0.00M | Scene, ViewLayer | Synchronizing object | Bridge_guard_post.040
Fra:451 Mem:708.08M (Peak 895.07M) | Time:00:01.79 | Mem:0.00M, Peak:0.00M | Scene, ViewLayer | Synchronizing object | Track_sleeper.063
Fra:451 Mem:708.09M (Peak 895.07M) | Time:00:01.79 | Mem:0.00M, Peak:0.00M | Scene, ViewLayer | Synchronizing object | Track_sleeper.125
Fra:451 Mem:708.16M (Peak 895.07M) | Time:00:01.79 | Mem:0.00M, Peak:0.00M | Scene, ViewLayer | Synchronizing object | Bridge_guard_post.003
Fra:451 Mem:708.14M (Peak 895.07M) | Time:00:01.79 | Mem:0.00M, Peak:0.00M | Scene, ViewLayer | Synchronizing object | Bridge_guard_post.050
Fra:451 Mem:708.15M (Peak 895.07M) | Time:00:01.79 | Mem:0.00M, Peak:0.00M | Scene, ViewLayer | Synchronizing object | Track_sleeper.009
Fra:451 Mem:708.15M (Peak 895.07M) | Time:00:01.79 | Mem:0.00M, Peak:0.00M | Scene, ViewLayer | Synchronizing object | Track_sleeper.131
Fra:451 Mem:708.21M (Peak 895.07M) | Time:00:01.79 | Mem:0.00M, Peak:0.00M | Scene, ViewLayer | Synchronizing object | Track_sleeper.019
Fra:451 Mem:708.20M (Peak 895.07M) | Time:00:01.79 | Mem:0.00M, Peak:0.00M | Scene, ViewLayer | Synchronizing object | Track_sleeper.029
Fra:451 Mem:708.26M (Peak 895.07M) | Time:00:01.79 | Mem:0.00M, Peak:0.00M | Scene, ViewLayer | Synchronizing object | Track_sleeper.036
Fra:451 Mem:708.26M (Peak 895.07M) | Time:00:01.79 | Mem:0.00M, Peak:0.00M | Scene, ViewLayer | Synchronizing object | Track_sleeper.079
Fra:451 Mem:708.34M (Peak 895.07M) | Time:00:01.79 | Mem:0.00M, Peak:0.00M | Scene, ViewLayer | Synchronizing object | Track_sleeper.111
Fra:451 Mem:708.32M (Peak 895.07M) | Time:00:01.79 | Mem:0.00M, Peak:0.00M | Scene, ViewLayer | Synchronizing object | Bridge_guard_post.027
Fra:451 Mem:708.34M (Peak 895.07M) | Time:00:01.79 | Mem:0.00M, Peak:0.00M | Scene, ViewLayer | Synchronizing object | Track_sleeper.017
Fra:451 Mem:708.37M (Peak 895.07M) | Time:00:01.79 | Mem:0.00M, Peak:0.00M | Scene, ViewLayer | Synchronizing object | Track_sleeper.086
Fra:451 Mem:708.40M (Peak 895.07M) | Time:00:01.79 | Mem:0.00M, Peak:0.00M | Scene, ViewLayer | Synchronizing object | Track_sleeper.028
Fra:451 Mem:708.42M (Peak 895.07M) | Time:00:01.79 | Mem:0.00M, Peak:0.00M | Scene, ViewLayer | Synchronizing object | Track_sleeper.120
Fra:451 Mem:708.45M (Peak 895.07M) | Time:00:01.79 | Mem:0.00M, Peak:0.00M | Scene, ViewLayer | Synchronizing object | Bridge_guard_post.053
Fra:451 Mem:708.44M (Peak 895.07M) | Time:00:01.79 | Mem:0.00M, Peak:0.00M | Scene, ViewLayer | Synchronizing object | Bridge_guard_post.054
Fra:451 Mem:708.46M (Peak 895.07M) | Time:00:01.79 | Mem:0.00M, Peak:0.00M | Scene, ViewLayer | Synchronizing object | Bridge_guard_post.014
Fra:451 Mem:708.48M (Peak 895.07M) | Time:00:01.79 | Mem:0.00M, Peak:0.00M | Scene, ViewLayer | Synchronizing object | Track_sleeper.097
Fra:451 Mem:708.47M (Peak 895.07M) | Time:00:01.79 | Mem:0.00M, Peak:0.00M | Scene, ViewLayer | Synchronizing object | Track_sleeper.090
Fra:451 Mem:708.53M (Peak 895.07M) | Time:00:01.79 | Mem:0.00M, Peak:0.00M | Scene, ViewLayer | Synchronizing object | Bridge_guard_post.005
Fra:451 Mem:708.52M (Peak 895.07M) | Time:00:01.79 | Mem:0.00M, Peak:0.00M | Scene, ViewLayer | Synchronizing object | Bridge_guard_post.058
Fra:451 Mem:708.53M (Peak 895.07M) | Time:00:01.79 | Mem:0.00M, Peak:0.00M | Scene, ViewLayer | Synchronizing object | Track_sleeper.044
Fra:451 Mem:708.53M (Peak 895.07M) | Time:00:01.79 | Mem:0.00M, Peak:0.00M | Scene, ViewLayer | Synchronizing object | Track_sleeper.108
Fra:451 Mem:708.59M (Peak 895.07M) | Time:00:01.79 | Mem:0.00M, Peak:0.00M | Scene, ViewLayer | Synchronizing object | Track_sleeper.041
Fra:451 Mem:708.61M (Peak 895.07M) | Time:00:01.79 | Mem:0.00M, Peak:0.00M | Scene, ViewLayer | Synchronizing object | Track_sleeper.071
Fra:451 Mem:708.64M (Peak 895.07M) | Time:00:01.79 | Mem:0.00M, Peak:0.00M | Scene, ViewLayer | Synchronizing object | Bridge_guard_post.021
Fra:451 Mem:708.65M (Peak 895.07M) | Time:00:01.79 | Mem:0.00M, Peak:0.00M | Scene, ViewLayer | Synchronizing object | Bridge_guard_post.018
Fra:451 Mem:708.65M (Peak 895.07M) | Time:00:01.79 | Mem:0.00M, Peak:0.00M | Scene, ViewLayer | Synchronizing object | Track_sleeper.022
Fra:451 Mem:708.68M (Peak 895.07M) | Time:00:01.79 | Mem:0.00M, Peak:0.00M | Scene, ViewLayer | Synchronizing object | Bridge_guard_post.013
Fra:451 Mem:708.68M (Peak 895.07M) | Time:00:01.79 | Mem:0.00M, Peak:0.00M | Scene, ViewLayer | Synchronizing object | Bridge_guard_post.001
Fra:451 Mem:708.69M (Peak 895.07M) | Time:00:01.79 | Mem:0.00M, Peak:0.00M | Scene, ViewLayer | Synchronizing object | Bridge_guard_post.047
Fra:451 Mem:708.71M (Peak 895.07M) | Time:00:01.79 | Mem:0.00M, Peak:0.00M | Scene, ViewLayer | Synchronizing object | Track_sleeper.140
Fra:451 Mem:708.70M (Peak 895.07M) | Time:00:01.79 | Mem:0.00M, Peak:0.00M | Scene, ViewLayer | Synchronizing object | Track_sleeper.035
Fra:451 Mem:708.76M (Peak 895.07M) | Time:00:01.79 | Mem:0.00M, Peak:0.00M | Scene, ViewLayer | Synchronizing object | Track_sleeper.012
Fra:451 Mem:708.75M (Peak 895.07M) | Time:00:01.79 | Mem:0.00M, Peak:0.00M | Scene, ViewLayer | Synchronizing object | Track_sleeper.104
Fra:451 Mem:708.81M (Peak 895.07M) | Time:00:01.79 | Mem:0.00M, Peak:0.00M | Scene, ViewLayer | Synchronizing object | Track_sleeper.142
Fra:451 Mem:708.82M (Peak 895.07M) | Time:00:01.79 | Mem:0.00M, Peak:0.00M | Scene, ViewLayer | Synchronizing object | Track_sleeper.055
Fra:451 Mem:708.88M (Peak 895.07M) | Time:00:01.80 | Mem:0.00M, Peak:0.00M | Scene, ViewLayer | Synchronizing object | Track_sleeper.082
Fra:451 Mem:708.91M (Peak 895.07M) | Time:00:01.80 | Mem:0.00M, Peak:0.00M | Scene, ViewLayer | Synchronizing object | Track_sleeper.121
Fra:451 Mem:708.93M (Peak 895.07M) | Time:00:01.80 | Mem:0.00M, Peak:0.00M | Scene, ViewLayer | Synchronizing object | Track_sleeper.105
Fra:451 Mem:708.96M (Peak 895.07M) | Time:00:01.80 | Mem:0.00M, Peak:0.00M | Scene, ViewLayer | Synchronizing object | Bridge_guard_post.010
Fra:451 Mem:708.97M (Peak 895.07M) | Time:00:01.80 | Mem:0.00M, Peak:0.00M | Scene, ViewLayer | Synchronizing object | Bridge_guard_post.015
Fra:451 Mem:708.96M (Peak 895.07M) | Time:00:01.80 | Mem:0.00M, Peak:0.00M | Scene, ViewLayer | Synchronizing object | Bridge_guard_post.056
Fra:451 Mem:708.96M (Peak 895.07M) | Time:00:01.80 | Mem:0.00M, Peak:0.00M | Scene, ViewLayer | Synchronizing object | Track_sleeper.018
Fra:451 Mem:708.98M (Peak 895.07M) | Time:00:01.80 | Mem:0.00M, Peak:0.00M | Scene, ViewLayer | Synchronizing object | Track_sleeper.059
Fra:451 Mem:709.05M (Peak 895.07M) | Time:00:01.80 | Mem:0.00M, Peak:0.00M | Scene, ViewLayer | Synchronizing object | Bridge_guard_post.022
Fra:451 Mem:709.04M (Peak 895.07M) | Time:00:01.80 | Mem:0.00M, Peak:0.00M | Scene, ViewLayer | Synchronizing object | Track_sleeper.027
Fra:451 Mem:709.03M (Peak 895.07M) | Time:00:01.80 | Mem:0.00M, Peak:0.00M | Scene, ViewLayer | Synchronizing object | Track_sleeper.058
Fra:451 Mem:709.11M (Peak 895.07M) | Time:00:01.80 | Mem:0.00M, Peak:0.00M | Scene, ViewLayer | Synchronizing object | Track_sleeper.065
Fra:451 Mem:709.12M (Peak 895.07M) | Time:00:01.80 | Mem:0.00M, Peak:0.00M | Scene, ViewLayer | Synchronizing object | Track_sleeper.100
Fra:451 Mem:709.15M (Peak 895.07M) | Time:00:01.80 | Mem:0.00M, Peak:0.00M | Scene, ViewLayer | Synchronizing object | Track_sleeper.116
Fra:451 Mem:709.18M (Peak 895.07M) | Time:00:01.80 | Mem:0.00M, Peak:0.00M | Scene, ViewLayer | Synchronizing object | Bridge_guard_post.031
Fra:451 Mem:709.18M (Peak 895.07M) | Time:00:01.80 | Mem:0.00M, Peak:0.00M | Scene, ViewLayer | Synchronizing object | Track_sleeper.004
Fra:451 Mem:709.21M (Peak 895.07M) | Time:00:01.80 | Mem:0.00M, Peak:0.00M | Scene, ViewLayer | Synchronizing object | Track_sleeper.093
Fra:451 Mem:709.26M (Peak 895.07M) | Time:00:01.80 | Mem:0.00M, Peak:0.00M | Scene, ViewLayer | Synchronizing object | Track_sleeper.102
Fra:451 Mem:709.28M (Peak 895.07M) | Time:00:01.80 | Mem:0.00M, Peak:0.00M | Scene, ViewLayer | Synchronizing object | Track_sleeper.080
Fra:451 Mem:709.31M (Peak 895.07M) | Time:00:01.80 | Mem:0.00M, Peak:0.00M | Scene, ViewLayer | Synchronizing object | Buffer_stop_brace
Fra:451 Mem:709.31M (Peak 895.07M) | Time:00:01.80 | Mem:0.00M, Peak:0.00M | Scene, ViewLayer | Synchronizing object | Continuous_bridge_trackbed
Fra:451 Mem:709.36M (Peak 895.07M) | Time:00:01.80 | Mem:0.00M, Peak:0.00M | Scene, ViewLayer | Synchronizing object | Track_sleeper.020
Fra:451 Mem:709.46M (Peak 895.07M) | Time:00:01.80 | Mem:0.00M, Peak:0.00M | Scene, ViewLayer | Synchronizing object | Track_sleeper.031
Fra:451 Mem:709.47M (Peak 895.07M) | Time:00:01.80 | Mem:0.00M, Peak:0.00M | Scene, ViewLayer | Synchronizing object | Track_sleeper.078
Fra:451 Mem:709.50M (Peak 895.07M) | Time:00:01.80 | Mem:0.00M, Peak:0.00M | Scene, ViewLayer | Synchronizing object | Track_sleeper.118
Fra:451 Mem:709.54M (Peak 895.07M) | Time:00:01.80 | Mem:0.00M, Peak:0.00M | Scene, ViewLayer | Synchronizing object | Track_sleeper.057
Fra:451 Mem:709.56M (Peak 895.07M) | Time:00:01.80 | Mem:0.00M, Peak:0.00M | Scene, ViewLayer | Synchronizing object | Track_sleeper.095
Fra:451 Mem:709.60M (Peak 895.07M) | Time:00:01.80 | Mem:0.00M, Peak:0.00M | Scene, ViewLayer | Synchronizing object | Car_armrest.013
Fra:451 Mem:709.59M (Peak 895.07M) | Time:00:01.80 | Mem:0.00M, Peak:0.00M | Scene, ViewLayer | Synchronizing object | Track_sleeper.127
Fra:451 Mem:709.59M (Peak 895.07M) | Time:00:01.80 | Mem:0.00M, Peak:0.00M | Scene, ViewLayer | Synchronizing object | Cab_windscreen_surround.001
Fra:451 Mem:709.65M (Peak 895.07M) | Time:00:01.80 | Mem:0.00M, Peak:0.00M | Scene, ViewLayer | Synchronizing object | Track_sleeper.136
Fra:451 Mem:709.65M (Peak 895.07M) | Time:00:01.80 | Mem:0.00M, Peak:0.00M | Scene, ViewLayer | Synchronizing object | Car_armrest.002
Fra:451 Mem:709.70M (Peak 895.07M) | Time:00:01.80 | Mem:0.00M, Peak:0.00M | Scene, ViewLayer | Synchronizing object | Bridge_guard_post.034
Fra:451 Mem:709.70M (Peak 895.07M) | Time:00:01.80 | Mem:0.00M, Peak:0.00M | Scene, ViewLayer | Synchronizing object | Car_armrest.011
Fra:451 Mem:709.69M (Peak 895.07M) | Time:00:01.80 | Mem:0.00M, Peak:0.00M | Scene, ViewLayer | Synchronizing object | Track_sleeper.015
Fra:451 Mem:709.69M (Peak 895.07M) | Time:00:01.80 | Mem:0.00M, Peak:0.00M | Scene, ViewLayer | Synchronizing object | Track_sleeper.007
Fra:451 Mem:709.74M (Peak 895.07M) | Time:00:01.80 | Mem:0.00M, Peak:0.00M | Scene, ViewLayer | Synchronizing object | Car_armrest.009
Fra:451 Mem:709.75M (Peak 895.07M) | Time:00:01.80 | Mem:0.00M, Peak:0.00M | Scene, ViewLayer | Synchronizing object | Track_sleeper.145
Fra:451 Mem:709.80M (Peak 895.07M) | Time:00:01.80 | Mem:0.00M, Peak:0.00M | Scene, ViewLayer | Synchronizing object | Bridge_guard_post.044
Fra:451 Mem:709.82M (Peak 895.07M) | Time:00:01.80 | Mem:0.00M, Peak:0.00M | Scene, ViewLayer | Synchronizing object | Buffer_stop_brace.001
Fra:451 Mem:709.81M (Peak 895.07M) | Time:00:01.80 | Mem:0.00M, Peak:0.00M | Scene, ViewLayer | Synchronizing object | Track_sleeper.138
Fra:451 Mem:709.82M (Peak 895.07M) | Time:00:01.80 | Mem:0.00M, Peak:0.00M | Scene, ViewLayer | Synchronizing object | Track_sleeper.023
Fra:451 Mem:709.89M (Peak 895.07M) | Time:00:01.80 | Mem:0.00M, Peak:0.00M | Scene, ViewLayer | Synchronizing object | Cab_windscreen_surround.002
Fra:451 Mem:709.89M (Peak 895.07M) | Time:00:01.80 | Mem:0.00M, Peak:0.00M | Scene, ViewLayer | Synchronizing object | Track_sleeper.039
Fra:451 Mem:709.93M (Peak 895.07M) | Time:00:01.80 | Mem:0.00M, Peak:0.00M | Scene, ViewLayer | Synchronizing object | Track_sleeper.061
Fra:451 Mem:709.96M (Peak 895.07M) | Time:00:01.80 | Mem:0.00M, Peak:0.00M | Scene, ViewLayer | Synchronizing object | Bridge_guard_post.017
Fra:451 Mem:709.98M (Peak 895.07M) | Time:00:01.80 | Mem:0.00M, Peak:0.00M | Scene, ViewLayer | Synchronizing object | Car_armrest.005
Fra:451 Mem:709.98M (Peak 895.07M) | Time:00:01.80 | Mem:0.00M, Peak:0.00M | Scene, ViewLayer | Synchronizing object | Track_sleeper.001
Fra:451 Mem:709.97M (Peak 895.07M) | Time:00:01.80 | Mem:0.00M, Peak:0.00M | Scene, ViewLayer | Synchronizing object | Track_sleeper.049
Fra:451 Mem:710.03M (Peak 895.07M) | Time:00:01.80 | Mem:0.00M, Peak:0.00M | Scene, ViewLayer | Synchronizing object | Car_armrest.003
Fra:451 Mem:710.02M (Peak 895.07M) | Time:00:01.80 | Mem:0.00M, Peak:0.00M | Scene, ViewLayer | Synchronizing object | Bridge_guard_post.002
Fra:451 Mem:710.03M (Peak 895.07M) | Time:00:01.80 | Mem:0.00M, Peak:0.00M | Scene, ViewLayer | Synchronizing object | Track_sleeper.054
Fra:451 Mem:710.05M (Peak 895.07M) | Time:00:01.80 | Mem:0.00M, Peak:0.00M | Scene, ViewLayer | Synchronizing object | Track_sleeper.075
Fra:451 Mem:710.08M (Peak 895.07M) | Time:00:01.80 | Mem:0.00M, Peak:0.00M | Scene, ViewLayer | Synchronizing object | Track_sleeper.130
Fra:451 Mem:710.11M (Peak 895.07M) | Time:00:01.80 | Mem:0.00M, Peak:0.00M | Scene, ViewLayer | Synchronizing object | Car_armrest.006
Fra:451 Mem:710.14M (Peak 895.07M) | Time:00:01.80 | Mem:0.00M, Peak:0.00M | Scene, ViewLayer | Synchronizing object | Bridge_guard_post.033
Fra:451 Mem:710.13M (Peak 895.07M) | Time:00:01.80 | Mem:0.00M, Peak:0.00M | Scene, ViewLayer | Synchronizing object | Bridge_guard_post.041
Fra:451 Mem:710.12M (Peak 895.07M) | Time:00:01.80 | Mem:0.00M, Peak:0.00M | Scene, ViewLayer | Synchronizing object | Bridge_guard_post.042
Fra:451 Mem:710.13M (Peak 895.07M) | Time:00:01.80 | Mem:0.00M, Peak:0.00M | Scene, ViewLayer | Synchronizing object | Track_sleeper.126
Fra:451 Mem:710.20M (Peak 895.07M) | Time:00:01.80 | Mem:0.00M, Peak:0.00M | Scene, ViewLayer | Synchronizing object | Cab_windscreen_surround.003
Fra:451 Mem:710.22M (Peak 895.07M) | Time:00:01.80 | Mem:0.00M, Peak:0.00M | Scene, ViewLayer | Synchronizing object | Track_sleeper.005
Fra:451 Mem:710.25M (Peak 895.07M) | Time:00:01.80 | Mem:0.00M, Peak:0.00M | Scene, ViewLayer | Synchronizing object | Car_armrest
Fra:451 Mem:710.25M (Peak 895.07M) | Time:00:01.80 | Mem:0.00M, Peak:0.00M | Scene, ViewLayer | Synchronizing object | Bridge_guard_post.051
Fra:451 Mem:710.25M (Peak 895.07M) | Time:00:01.80 | Mem:0.00M, Peak:0.00M | Scene, ViewLayer | Synchronizing object | Track_sleeper.083
Fra:451 Mem:710.28M (Peak 895.07M) | Time:00:01.80 | Mem:0.00M, Peak:0.00M | Scene, ViewLayer | Synchronizing object | Track_sleeper.132
Fra:451 Mem:710.33M (Peak 895.07M) | Time:00:01.80 | Mem:0.00M, Peak:0.00M | Scene, ViewLayer | Synchronizing object | Car_armrest.018
Fra:451 Mem:710.31M (Peak 895.07M) | Time:00:01.80 | Mem:0.00M, Peak:0.00M | Scene, ViewLayer | Synchronizing object | Bridge_guard_post.024
Fra:451 Mem:710.31M (Peak 895.07M) | Time:00:01.80 | Mem:0.00M, Peak:0.00M | Scene, ViewLayer | Synchronizing object | Running_rail
Fra:451 Mem:710.65M (Peak 895.07M) | Time:00:01.80 | Mem:0.00M, Peak:0.00M | Scene, ViewLayer | Synchronizing object | Viaduct_arch_spandrel.003
Fra:451 Mem:710.68M (Peak 895.07M) | Time:00:01.80 | Mem:0.00M, Peak:0.00M | Scene, ViewLayer | Synchronizing object | Viaduct_arch_spandrel.005
Fra:451 Mem:710.71M (Peak 895.07M) | Time:00:01.80 | Mem:0.00M, Peak:0.00M | Scene, ViewLayer | Synchronizing object | Track_sleeper.112
Fra:451 Mem:710.74M (Peak 895.07M) | Time:00:01.80 | Mem:0.00M, Peak:0.00M | Scene, ViewLayer | Synchronizing object | Bridge_guard_post.009
Fra:451 Mem:710.74M (Peak 895.07M) | Time:00:01.80 | Mem:0.00M, Peak:0.00M | Scene, ViewLayer | Synchronizing object | Viaduct_bearing_cap_G2R01_00
Fra:451 Mem:710.76M (Peak 895.07M) | Time:00:01.80 | Mem:0.00M, Peak:0.00M | Scene, ViewLayer | Synchronizing object | Viaduct_bearing_cap_G2R01_01
Fra:451 Mem:710.79M (Peak 895.07M) | Time:00:01.80 | Mem:0.00M, Peak:0.00M | Scene, ViewLayer | Synchronizing object | Viaduct_bearing_cap_G2R01_02
Fra:451 Mem:710.83M (Peak 895.07M) | Time:00:01.80 | Mem:0.00M, Peak:0.00M | Scene, ViewLayer | Synchronizing object | Car_armrest.016
Fra:451 Mem:710.82M (Peak 895.07M) | Time:00:01.80 | Mem:0.00M, Peak:0.00M | Scene, ViewLayer | Synchronizing object | Viaduct_bearing_cap_G2R01_04
Fra:451 Mem:710.86M (Peak 895.07M) | Time:00:01.80 | Mem:0.00M, Peak:0.00M | Scene, ViewLayer | Synchronizing object | Car_armrest.014
Fra:451 Mem:710.85M (Peak 895.07M) | Time:00:01.80 | Mem:0.00M, Peak:0.00M | Scene, ViewLayer | Synchronizing object | Viaduct_bearing_cap_G2R01_05
Fra:451 Mem:710.86M (Peak 895.07M) | Time:00:01.80 | Mem:0.00M, Peak:0.00M | Scene, ViewLayer | Synchronizing object | Car_armrest.012
Fra:451 Mem:710.87M (Peak 895.07M) | Time:00:01.80 | Mem:0.00M, Peak:0.00M | Scene, ViewLayer | Synchronizing object | Viaduct_bearing_cap_G2R01_06
Fra:451 Mem:710.90M (Peak 895.07M) | Time:00:01.80 | Mem:0.00M, Peak:0.00M | Scene, ViewLayer | Synchronizing object | Car_armrest.010
Fra:451 Mem:710.91M (Peak 895.07M) | Time:00:01.80 | Mem:0.00M, Peak:0.00M | Scene, ViewLayer | Synchronizing object | Car_armrest.007
Fra:451 Mem:710.90M (Peak 895.07M) | Time:00:01.80 | Mem:0.00M, Peak:0.00M | Scene, ViewLayer | Synchronizing object | Curved_roof_glazing.132
Fra:451 Mem:710.91M (Peak 895.07M) | Time:00:01.80 | Mem:0.00M, Peak:0.00M | Scene, ViewLayer | Synchronizing object | Car_armrest.008
Fra:451 Mem:710.91M (Peak 895.07M) | Time:00:01.80 | Mem:0.00M, Peak:0.00M | Scene, ViewLayer | Synchronizing object | Wall_glazing_mullion.010
Fra:451 Mem:710.94M (Peak 895.07M) | Time:00:01.80 | Mem:0.00M, Peak:0.00M | Scene, ViewLayer | Synchronizing object | Car_luggage_rail
Fra:451 Mem:710.94M (Peak 895.07M) | Time:00:01.80 | Mem:0.00M, Peak:0.00M | Scene, ViewLayer | Synchronizing object | Ridge_vent_stanchion.008
Fra:451 Mem:710.94M (Peak 895.07M) | Time:00:01.80 | Mem:0.00M, Peak:0.00M | Scene, ViewLayer | Synchronizing object | Wall_stone_sill.040
Fra:451 Mem:710.96M (Peak 895.07M) | Time:00:01.80 | Mem:0.00M, Peak:0.00M | Scene, ViewLayer | Synchronizing object | Door_handle.001
Fra:451 Mem:710.96M (Peak 895.07M) | Time:00:01.80 | Mem:0.00M, Peak:0.00M | Scene, ViewLayer | Synchronizing object | Wall_transom.133
Fra:451 Mem:710.99M (Peak 895.07M) | Time:00:01.80 | Mem:0.00M, Peak:0.00M | Scene, ViewLayer | Synchronizing object | Car_armrest.001
Fra:451 Mem:711.02M (Peak 895.07M) | Time:00:01.80 | Mem:0.00M, Peak:0.00M | Scene, ViewLayer | Synchronizing object | Car_luggage_rail.001
Fra:451 Mem:710.99M (Peak 895.07M) | Time:00:01.80 | Mem:0.00M, Peak:0.00M | Scene, ViewLayer | Synchronizing object | Column_capital.008
Fra:451 Mem:711.02M (Peak 895.07M) | Time:00:01.80 | Mem:0.00M, Peak:0.00M | Scene, ViewLayer | Synchronizing object | Curved_roof_glazing.273
Fra:451 Mem:711.02M (Peak 895.07M) | Time:00:01.80 | Mem:0.00M, Peak:0.00M | Scene, ViewLayer | Synchronizing object | Car_armrest.019
Fra:451 Mem:711.02M (Peak 895.07M) | Time:00:01.80 | Mem:0.00M, Peak:0.00M | Scene, ViewLayer | Synchronizing object | Wall_transom.019
Fra:451 Mem:711.03M (Peak 895.07M) | Time:00:01.80 | Mem:0.00M, Peak:0.00M | Scene, ViewLayer | Synchronizing object | Car_armrest.017
Fra:451 Mem:711.08M (Peak 895.07M) | Time:00:01.80 | Mem:0.00M, Peak:0.00M | Scene, ViewLayer | Synchronizing object | Cab_windscreen_surround
Fra:451 Mem:711.07M (Peak 895.07M) | Time:00:01.80 | Mem:0.00M, Peak:0.00M | Scene, ViewLayer | Synchronizing object | Curved_roof_glazing.222
Fra:451 Mem:711.08M (Peak 895.07M) | Time:00:01.80 | Mem:0.00M, Peak:0.00M | Scene, ViewLayer | Synchronizing object | Side_wall_glass.057
Fra:451 Mem:711.08M (Peak 895.07M) | Time:00:01.80 | Mem:0.00M, Peak:0.00M | Scene, ViewLayer | Synchronizing object | Wall_transom.033
Fra:451 Mem:711.11M (Peak 895.07M) | Time:00:01.80 | Mem:0.00M, Peak:0.00M | Scene, ViewLayer | Synchronizing object | Car_armrest.015
Fra:451 Mem:711.11M (Peak 895.07M) | Time:00:01.80 | Mem:0.00M, Peak:0.00M | Scene, ViewLayer | Synchronizing object | Car_armrest.004
Fra:451 Mem:711.13M (Peak 895.07M) | Time:00:01.80 | Mem:0.00M, Peak:0.00M | Scene, ViewLayer | Synchronizing object | Door_handle
Fra:451 Mem:711.11M (Peak 895.07M) | Time:00:01.80 | Mem:0.00M, Peak:0.00M | Scene, ViewLayer | Synchronizing object | Curved_roof_glazing.027
Fra:451 Mem:711.12M (Peak 895.07M) | Time:00:01.80 | Mem:0.00M, Peak:0.00M | Scene, ViewLayer | Synchronizing object | Curved_roof_glazing.043
Fra:451 Mem:711.12M (Peak 895.07M) | Time:00:01.80 | Mem:0.00M, Peak:0.00M | Scene, ViewLayer | Synchronizing object | G3_glazing_compression_gasket
Fra:451 Mem:711.12M (Peak 895.07M) | Time:00:01.80 | Mem:0.00M, Peak:0.00M | Scene, ViewLayer | Synchronizing object | Curved_roof_glazing.107
Fra:451 Mem:711.12M (Peak 895.07M) | Time:00:01.80 | Mem:0.00M, Peak:0.00M | Scene, ViewLayer | Synchronizing object | G3_glazing_compression_gasket.001
Fra:451 Mem:711.13M (Peak 895.07M) | Time:00:01.80 | Mem:0.00M, Peak:0.00M | Scene, ViewLayer | Synchronizing object | Wall_transom.063
Fra:451 Mem:711.13M (Peak 895.07M) | Time:00:01.80 | Mem:0.00M, Peak:0.00M | Scene, ViewLayer | Synchronizing object | G3_glazing_compression_gasket.002
Fra:451 Mem:711.16M (Peak 895.07M) | Time:00:01.80 | Mem:0.00M, Peak:0.00M | Scene, ViewLayer | Synchronizing object | G3_glazing_compression_gasket.003
Fra:451 Mem:711.16M (Peak 895.07M) | Time:00:01.80 | Mem:0.00M, Peak:0.00M | Scene, ViewLayer | Synchronizing object | Column_base_plinth.007
Fra:451 Mem:711.16M (Peak 895.07M) | Time:00:01.80 | Mem:0.00M, Peak:0.00M | Scene, ViewLayer | Synchronizing object | G3_glazing_compression_gasket.004
Fra:451 Mem:711.19M (Peak 895.07M) | Time:00:01.80 | Mem:0.00M, Peak:0.00M | Scene, ViewLayer | Synchronizing object | G3_glazing_compression_gasket.005
Fra:451 Mem:711.19M (Peak 895.07M) | Time:00:01.80 | Mem:0.00M, Peak:0.00M | Scene, ViewLayer | Synchronizing object | G3_glazing_compression_gasket.006
Fra:451 Mem:711.19M (Peak 895.07M) | Time:00:01.80 | Mem:0.00M, Peak:0.00M | Scene, ViewLayer | Synchronizing object | G3_glazing_compression_gasket.007
Fra:451 Mem:711.21M (Peak 895.07M) | Time:00:01.80 | Mem:0.00M, Peak:0.00M | Scene, ViewLayer | Synchronizing object | G3_glazing_compression_gasket.008
Fra:451 Mem:711.19M (Peak 895.07M) | Time:00:01.80 | Mem:0.00M, Peak:0.00M | Scene, ViewLayer | Synchronizing object | Curved_roof_glazing.008
Fra:451 Mem:711.19M (Peak 895.07M) | Time:00:01.80 | Mem:0.00M, Peak:0.00M | Scene, ViewLayer | Synchronizing object | G3_glazing_compression_gasket.009
Fra:451 Mem:711.20M (Peak 895.07M) | Time:00:01.80 | Mem:0.00M, Peak:0.00M | Scene, ViewLayer | Synchronizing object | End_wall_glazing.003
Fra:451 Mem:711.20M (Peak 895.07M) | Time:00:01.80 | Mem:0.00M, Peak:0.00M | Scene, ViewLayer | Synchronizing object | G3_glazing_compression_gasket.010
Fra:451 Mem:711.20M (Peak 895.07M) | Time:00:01.80 | Mem:0.00M, Peak:0.00M | Scene, ViewLayer | Synchronizing object | Curved_roof_glazing.200
Fra:451 Mem:711.20M (Peak 895.07M) | Time:00:01.80 | Mem:0.00M, Peak:0.00M | Scene, ViewLayer | Synchronizing object | G3_glazing_compression_gasket.011
Fra:451 Mem:711.21M (Peak 895.07M) | Time:00:01.80 | Mem:0.00M, Peak:0.00M | Scene, ViewLayer | Synchronizing object | Side_wall_glass.102
Fra:451 Mem:711.21M (Peak 895.07M) | Time:00:01.80 | Mem:0.00M, Peak:0.00M | Scene, ViewLayer | Synchronizing object | G3_glazing_compression_gasket.012
Fra:451 Mem:711.21M (Peak 895.07M) | Time:00:01.80 | Mem:0.00M, Peak:0.00M | Scene, ViewLayer | Synchronizing object | Side_wall_glass.046
Fra:451 Mem:711.21M (Peak 895.07M) | Time:00:01.80 | Mem:0.00M, Peak:0.00M | Scene, ViewLayer | Synchronizing object | G3_glazing_compression_gasket.013
Fra:451 Mem:711.21M (Peak 895.07M) | Time:00:01.80 | Mem:0.00M, Peak:0.00M | Scene, ViewLayer | Synchronizing object | G3_glazing_compression_gasket.014
Fra:451 Mem:711.21M (Peak 895.07M) | Time:00:01.80 | Mem:0.00M, Peak:0.00M | Scene, ViewLayer | Synchronizing object | G3_glazing_compression_gasket.015
Fra:451 Mem:711.22M (Peak 895.07M) | Time:00:01.80 | Mem:0.00M, Peak:0.00M | Scene, ViewLayer | Synchronizing object | G3_glazing_compression_gasket.016
Fra:451 Mem:711.22M (Peak 895.07M) | Time:00:01.80 | Mem:0.00M, Peak:0.00M | Scene, ViewLayer | Synchronizing object | G3_glazing_compression_gasket.017
Fra:451 Mem:711.22M (Peak 895.07M) | Time:00:01.80 | Mem:0.00M, Peak:0.00M | Scene, ViewLayer | Synchronizing object | Wall_transom.188
Fra:451 Mem:711.23M (Peak 895.07M) | Time:00:01.80 | Mem:0.00M, Peak:0.00M | Scene, ViewLayer | Synchronizing object | G3_glazing_compression_gasket.018
Fra:451 Mem:711.26M (Peak 895.07M) | Time:00:01.80 | Mem:0.00M, Peak:0.00M | Scene, ViewLayer | Synchronizing object | G3_glazing_compression_gasket.019
Fra:451 Mem:711.25M (Peak 895.07M) | Time:00:01.80 | Mem:0.00M, Peak:0.00M | Scene, ViewLayer | Synchronizing object | G3_glazing_compression_gasket.020
Fra:451 Mem:711.26M (Peak 895.07M) | Time:00:01.80 | Mem:0.00M, Peak:0.00M | Scene, ViewLayer | Synchronizing object | G3_glazing_compression_gasket.021
Fra:451 Mem:711.27M (Peak 895.07M) | Time:00:01.80 | Mem:0.00M, Peak:0.00M | Scene, ViewLayer | Synchronizing object | G3_glazing_compression_gasket.022
Fra:451 Mem:711.26M (Peak 895.07M) | Time:00:01.80 | Mem:0.00M, Peak:0.00M | Scene, ViewLayer | Synchronizing object | Column_base_plinth.009
Fra:451 Mem:711.26M (Peak 895.07M) | Time:00:01.80 | Mem:0.00M, Peak:0.00M | Scene, ViewLayer | Synchronizing object | G3_glazing_compression_gasket.023
Fra:451 Mem:711.29M (Peak 895.07M) | Time:00:01.80 | Mem:0.00M, Peak:0.00M | Scene, ViewLayer | Synchronizing object | G3_glazing_compression_gasket.024
Fra:451 Mem:711.29M (Peak 895.07M) | Time:00:01.80 | Mem:0.00M, Peak:0.00M | Scene, ViewLayer | Synchronizing object | G3_glazing_compression_gasket.025
Fra:451 Mem:711.29M (Peak 895.07M) | Time:00:01.80 | Mem:0.00M, Peak:0.00M | Scene, ViewLayer | Synchronizing object | G3_glazing_compression_gasket.026
Fra:451 Mem:711.29M (Peak 895.07M) | Time:00:01.80 | Mem:0.00M, Peak:0.00M | Scene, ViewLayer | Synchronizing object | G3_glazing_compression_gasket.027
Fra:451 Mem:711.29M (Peak 895.07M) | Time:00:01.80 | Mem:0.00M, Peak:0.00M | Scene, ViewLayer | Synchronizing object | Curved_roof_glazing.274
Fra:451 Mem:711.29M (Peak 895.07M) | Time:00:01.80 | Mem:0.00M, Peak:0.00M | Scene, ViewLayer | Synchronizing object | G3_glazing_compression_gasket.028
Fra:451 Mem:711.29M (Peak 895.07M) | Time:00:01.80 | Mem:0.00M, Peak:0.00M | Scene, ViewLayer | Synchronizing object | Curved_roof_glazing.223
Fra:451 Mem:711.29M (Peak 895.07M) | Time:00:01.80 | Mem:0.00M, Peak:0.00M | Scene, ViewLayer | Synchronizing object | G3_glazing_compression_gasket.029
Fra:451 Mem:711.30M (Peak 895.07M) | Time:00:01.80 | Mem:0.00M, Peak:0.00M | Scene, ViewLayer | Synchronizing object | Secondary_glazing_rib.023
Fra:451 Mem:711.30M (Peak 895.07M) | Time:00:01.80 | Mem:0.00M, Peak:0.00M | Scene, ViewLayer | Synchronizing object | G3_glazing_compression_gasket.030
Fra:451 Mem:711.36M (Peak 895.07M) | Time:00:01.80 | Mem:0.00M, Peak:0.00M | Scene, ViewLayer | Synchronizing object | G3_glazing_compression_gasket.031
Fra:451 Mem:711.35M (Peak 895.07M) | Time:00:01.80 | Mem:0.00M, Peak:0.00M | Scene, ViewLayer | Synchronizing object | Curved_roof_glazing.044
Fra:451 Mem:711.35M (Peak 895.07M) | Time:00:01.80 | Mem:0.00M, Peak:0.00M | Scene, ViewLayer | Synchronizing object | G3_glazing_compression_gasket.032
Fra:451 Mem:711.35M (Peak 895.07M) | Time:00:01.80 | Mem:0.00M, Peak:0.00M | Scene, ViewLayer | Synchronizing object | Curved_roof_glazing.108
Fra:451 Mem:711.36M (Peak 895.07M) | Time:00:01.80 | Mem:0.00M, Peak:0.00M | Scene, ViewLayer | Synchronizing object | G3_glazing_compression_gasket.033
Fra:451 Mem:711.36M (Peak 895.07M) | Time:00:01.80 | Mem:0.00M, Peak:0.00M | Scene, ViewLayer | Synchronizing object | Curved_roof_glazing.028
Fra:451 Mem:711.36M (Peak 895.07M) | Time:00:01.80 | Mem:0.00M, Peak:0.00M | Scene, ViewLayer | Synchronizing object | G3_glazing_compression_gasket.034
Fra:451 Mem:711.36M (Peak 895.07M) | Time:00:01.80 | Mem:0.00M, Peak:0.00M | Scene, ViewLayer | Synchronizing object | End_wall_mullion.010
Fra:451 Mem:711.37M (Peak 895.07M) | Time:00:01.80 | Mem:0.00M, Peak:0.00M | Scene, ViewLayer | Synchronizing object | G3_glazing_compression_gasket.035
Fra:451 Mem:711.40M (Peak 895.07M) | Time:00:01.80 | Mem:0.00M, Peak:0.00M | Scene, ViewLayer | Synchronizing object | G3_glazing_compression_gasket.036
Fra:451 Mem:711.40M (Peak 895.07M) | Time:00:01.80 | Mem:0.00M, Peak:0.00M | Scene, ViewLayer | Synchronizing object | G3_glazing_compression_gasket.037
Fra:451 Mem:711.40M (Peak 895.07M) | Time:00:01.80 | Mem:0.00M, Peak:0.00M | Scene, ViewLayer | Synchronizing object | G3_glazing_compression_gasket.038
Fra:451 Mem:711.40M (Peak 895.07M) | Time:00:01.80 | Mem:0.00M, Peak:0.00M | Scene, ViewLayer | Synchronizing object | G3_glazing_compression_gasket.039
Fra:451 Mem:711.40M (Peak 895.07M) | Time:00:01.80 | Mem:0.00M, Peak:0.00M | Scene, ViewLayer | Synchronizing object | Wall_stone_sill.039
Fra:451 Mem:711.40M (Peak 895.07M) | Time:00:01.80 | Mem:0.00M, Peak:0.00M | Scene, ViewLayer | Synchronizing object | G3_glazing_compression_gasket.040
Fra:451 Mem:711.44M (Peak 895.07M) | Time:00:01.80 | Mem:0.00M, Peak:0.00M | Scene, ViewLayer | Synchronizing object | G3_glazing_compression_gasket.041
Fra:451 Mem:711.43M (Peak 895.07M) | Time:00:01.80 | Mem:0.00M, Peak:0.00M | Scene, ViewLayer | Synchronizing object | G3_glazing_compression_gasket.042
Fra:451 Mem:711.43M (Peak 895.07M) | Time:00:01.80 | Mem:0.00M, Peak:0.00M | Scene, ViewLayer | Synchronizing object | G3_glazing_compression_gasket.043
Fra:451 Mem:711.43M (Peak 895.07M) | Time:00:01.80 | Mem:0.00M, Peak:0.00M | Scene, ViewLayer | Synchronizing object | Curved_roof_glazing.009
Fra:451 Mem:711.43M (Peak 895.07M) | Time:00:01.80 | Mem:0.00M, Peak:0.00M | Scene, ViewLayer | Synchronizing object | G3_glazing_compression_gasket.044
Fra:451 Mem:711.43M (Peak 895.07M) | Time:00:01.80 | Mem:0.00M, Peak:0.00M | Scene, ViewLayer | Synchronizing object | Column_base_plinth.016
Fra:451 Mem:711.44M (Peak 895.07M) | Time:00:01.80 | Mem:0.00M, Peak:0.00M | Scene, ViewLayer | Synchronizing object | G3_glazing_compression_gasket.045
Fra:451 Mem:711.45M (Peak 895.07M) | Time:00:01.80 | Mem:0.00M, Peak:0.00M | Scene, ViewLayer | Synchronizing object | G3_glazing_compression_gasket.046
Fra:451 Mem:711.49M (Peak 895.07M) | Time:00:01.80 | Mem:0.00M, Peak:0.00M | Scene, ViewLayer | Synchronizing object | G3_glazing_compression_gasket.047
Fra:451 Mem:711.50M (Peak 895.07M) | Time:00:01.80 | Mem:0.00M, Peak:0.00M | Scene, ViewLayer | Synchronizing object | G3_glazing_compression_gasket.048
Fra:451 Mem:711.49M (Peak 895.07M) | Time:00:01.80 | Mem:0.00M, Peak:0.00M | Scene, ViewLayer | Synchronizing object | Curved_roof_glazing.201
Fra:451 Mem:711.49M (Peak 895.07M) | Time:00:01.80 | Mem:0.00M, Peak:0.00M | Scene, ViewLayer | Synchronizing object | G3_glazing_compression_gasket.049
Fra:451 Mem:711.50M (Peak 895.07M) | Time:00:01.80 | Mem:0.00M, Peak:0.00M | Scene, ViewLayer | Synchronizing object | Side_wall_glass.027
Fra:451 Mem:711.50M (Peak 895.07M) | Time:00:01.80 | Mem:0.00M, Peak:0.00M | Scene, ViewLayer | Synchronizing object | G3_glazing_compression_gasket.050
Fra:451 Mem:711.52M (Peak 895.07M) | Time:00:01.80 | Mem:0.00M, Peak:0.00M | Scene, ViewLayer | Synchronizing object | Side_wall_glass.047
Fra:451 Mem:711.50M (Peak 895.07M) | Time:00:01.80 | Mem:0.00M, Peak:0.00M | Scene, ViewLayer | Synchronizing object | G3_glazing_compression_gasket.051
Fra:451 Mem:711.50M (Peak 895.07M) | Time:00:01.80 | Mem:0.00M, Peak:0.00M | Scene, ViewLayer | Synchronizing object | Wall_transom.110
Fra:451 Mem:711.51M (Peak 895.07M) | Time:00:01.80 | Mem:0.00M, Peak:0.00M | Scene, ViewLayer | Synchronizing object | G3_glazing_compression_gasket.052
Fra:451 Mem:711.54M (Peak 895.07M) | Time:00:01.80 | Mem:0.00M, Peak:0.00M | Scene, ViewLayer | Synchronizing object | Ridge_vent_stanchion.009
Fra:451 Mem:711.52M (Peak 895.07M) | Time:00:01.80 | Mem:0.00M, Peak:0.00M | Scene, ViewLayer | Synchronizing object | G3_glazing_compression_gasket.053
Fra:451 Mem:711.53M (Peak 895.07M) | Time:00:01.80 | Mem:0.00M, Peak:0.00M | Scene, ViewLayer | Synchronizing object | Wall_stone_sill.038
Fra:451 Mem:711.54M (Peak 895.07M) | Time:00:01.80 | Mem:0.00M, Peak:0.00M | Scene, ViewLayer | Synchronizing object | G3_glazing_compression_gasket.054
Fra:451 Mem:711.56M (Peak 895.07M) | Time:00:01.80 | Mem:0.00M, Peak:0.00M | Scene, ViewLayer | Synchronizing object | G3_glazing_compression_gasket.055
Fra:451 Mem:711.58M (Peak 895.07M) | Time:00:01.80 | Mem:0.00M, Peak:0.00M | Scene, ViewLayer | Synchronizing object | G3_glazing_compression_gasket.056
Fra:451 Mem:711.56M (Peak 895.07M) | Time:00:01.80 | Mem:0.00M, Peak:0.00M | Scene, ViewLayer | Synchronizing object | Curved_roof_glazing.275
Fra:451 Mem:711.57M (Peak 895.07M) | Time:00:01.80 | Mem:0.00M, Peak:0.00M | Scene, ViewLayer | Synchronizing object | G3_glazing_compression_gasket.057
Fra:451 Mem:711.57M (Peak 895.07M) | Time:00:01.80 | Mem:0.00M, Peak:0.00M | Scene, ViewLayer | Synchronizing object | Load_column.009
Fra:451 Mem:711.57M (Peak 895.07M) | Time:00:01.80 | Mem:0.00M, Peak:0.00M | Scene, ViewLayer | Synchronizing object | Wall_stone_sill.023
Fra:451 Mem:711.57M (Peak 895.07M) | Time:00:01.80 | Mem:0.00M, Peak:0.00M | Scene, ViewLayer | Synchronizing object | G3_glazing_compression_gasket.058
Fra:451 Mem:711.62M (Peak 895.07M) | Time:00:01.80 | Mem:0.00M, Peak:0.00M | Scene, ViewLayer | Synchronizing object | G3_glazing_compression_gasket.059
Fra:451 Mem:711.59M (Peak 895.07M) | Time:00:01.80 | Mem:0.00M, Peak:0.00M | Scene, ViewLayer | Synchronizing object | Wall_transom.014
Fra:451 Mem:711.60M (Peak 895.07M) | Time:00:01.80 | Mem:0.00M, Peak:0.00M | Scene, ViewLayer | Synchronizing object | G3_glazing_compression_gasket.060
Fra:451 Mem:711.63M (Peak 895.07M) | Time:00:01.80 | Mem:0.00M, Peak:0.00M | Scene, ViewLayer | Synchronizing object | G3_glazing_compression_gasket.061
Fra:451 Mem:711.64M (Peak 895.07M) | Time:00:01.80 | Mem:0.00M, Peak:0.00M | Scene, ViewLayer | Synchronizing object | G3_glazing_compression_gasket.062
Fra:451 Mem:711.63M (Peak 895.07M) | Time:00:01.80 | Mem:0.00M, Peak:0.00M | Scene, ViewLayer | Synchronizing object | G3_glazing_compression_gasket.063
Fra:451 Mem:711.63M (Peak 895.07M) | Time:00:01.80 | Mem:0.00M, Peak:0.00M | Scene, ViewLayer | Synchronizing object | Wall_transom.090
Fra:451 Mem:711.65M (Peak 895.07M) | Time:00:01.80 | Mem:0.00M, Peak:0.00M | Scene, ViewLayer | Synchronizing object | G3_glazing_compression_gasket.064
Fra:451 Mem:711.66M (Peak 895.07M) | Time:00:01.80 | Mem:0.00M, Peak:0.00M | Scene, ViewLayer | Synchronizing object | G3_glazing_compression_gasket.065
Fra:451 Mem:711.65M (Peak 895.07M) | Time:00:01.80 | Mem:0.00M, Peak:0.00M | Scene, ViewLayer | Synchronizing object | Curved_roof_glazing.224
Fra:451 Mem:711.66M (Peak 895.07M) | Time:00:01.80 | Mem:0.00M, Peak:0.00M | Scene, ViewLayer | Synchronizing object | G3_glazing_compression_gasket.066
Fra:451 Mem:711.66M (Peak 895.07M) | Time:00:01.80 | Mem:0.00M, Peak:0.00M | Scene, ViewLayer | Synchronizing object | Wall_transom.082
Fra:451 Mem:711.66M (Peak 895.07M) | Time:00:01.80 | Mem:0.00M, Peak:0.00M | Scene, ViewLayer | Synchronizing object | G3_glazing_compression_gasket.067
Fra:451 Mem:711.68M (Peak 895.07M) | Time:00:01.80 | Mem:0.00M, Peak:0.00M | Scene, ViewLayer | Synchronizing object | Wall_transom.155
Fra:451 Mem:711.68M (Peak 895.07M) | Time:00:01.80 | Mem:0.00M, Peak:0.00M | Scene, ViewLayer | Synchronizing object | G3_glazing_compression_gasket.068
Fra:451 Mem:711.71M (Peak 895.07M) | Time:00:01.80 | Mem:0.00M, Peak:0.00M | Scene, ViewLayer | Synchronizing object | G3_glazing_compression_gasket.069
Fra:451 Mem:711.72M (Peak 895.07M) | Time:00:01.80 | Mem:0.00M, Peak:0.00M | Scene, ViewLayer | Synchronizing object | G3_glazing_compression_gasket.070
Fra:451 Mem:711.72M (Peak 895.07M) | Time:00:01.80 | Mem:0.00M, Peak:0.00M | Scene, ViewLayer | Synchronizing object | G3_glazing_compression_gasket.071
Fra:451 Mem:711.72M (Peak 895.07M) | Time:00:01.80 | Mem:0.00M, Peak:0.00M | Scene, ViewLayer | Synchronizing object | G3_glazing_compression_gasket.072
Fra:451 Mem:711.74M (Peak 895.07M) | Time:00:01.80 | Mem:0.00M, Peak:0.00M | Scene, ViewLayer | Synchronizing object | Curved_roof_glazing.029
Fra:451 Mem:711.72M (Peak 895.07M) | Time:00:01.80 | Mem:0.00M, Peak:0.00M | Scene, ViewLayer | Synchronizing object | Curved_roof_glazing.045
Fra:451 Mem:711.72M (Peak 895.07M) | Time:00:01.80 | Mem:0.00M, Peak:0.00M | Scene, ViewLayer | Synchronizing object | G3_glazing_compression_gasket.073
Fra:451 Mem:711.72M (Peak 895.07M) | Time:00:01.80 | Mem:0.00M, Peak:0.00M | Scene, ViewLayer | Synchronizing object | G3_glazing_compression_gasket.074
Fra:451 Mem:711.72M (Peak 895.07M) | Time:00:01.80 | Mem:0.00M, Peak:0.00M | Scene, ViewLayer | Synchronizing object | Curved_roof_glazing.109
Fra:451 Mem:711.72M (Peak 895.07M) | Time:00:01.80 | Mem:0.00M, Peak:0.00M | Scene, ViewLayer | Synchronizing object | Hall_door_stile.002
Fra:451 Mem:711.73M (Peak 895.07M) | Time:00:01.80 | Mem:0.00M, Peak:0.00M | Scene, ViewLayer | Synchronizing object | G3_glazing_compression_gasket.075
Fra:451 Mem:711.74M (Peak 895.07M) | Time:00:01.80 | Mem:0.00M, Peak:0.00M | Scene, ViewLayer | Synchronizing object | Side_wall_glass.078
Fra:451 Mem:711.77M (Peak 895.07M) | Time:00:01.81 | Mem:0.00M, Peak:0.00M | Scene, ViewLayer | Synchronizing object | G3_glazing_compression_gasket.076
Fra:451 Mem:711.77M (Peak 895.07M) | Time:00:01.81 | Mem:0.00M, Peak:0.00M | Scene, ViewLayer | Synchronizing object | Wall_glazing_mullion.043
Fra:451 Mem:711.77M (Peak 895.07M) | Time:00:01.81 | Mem:0.00M, Peak:0.00M | Scene, ViewLayer | Synchronizing object | G3_glazing_compression_gasket.077
Fra:451 Mem:711.80M (Peak 895.07M) | Time:00:01.81 | Mem:0.00M, Peak:0.00M | Scene, ViewLayer | Synchronizing object | G3_glazing_compression_gasket.078
Fra:451 Mem:711.81M (Peak 895.07M) | Time:00:01.81 | Mem:0.00M, Peak:0.00M | Scene, ViewLayer | Synchronizing object | G3_glazing_compression_gasket.079
Fra:451 Mem:711.79M (Peak 895.07M) | Time:00:01.81 | Mem:0.00M, Peak:0.00M | Scene, ViewLayer | Synchronizing object | Curved_roof_glazing.376
Fra:451 Mem:711.79M (Peak 895.07M) | Time:00:01.81 | Mem:0.00M, Peak:0.00M | Scene, ViewLayer | Synchronizing object | G3_glazing_compression_gasket.080
Fra:451 Mem:711.79M (Peak 895.07M) | Time:00:01.81 | Mem:0.00M, Peak:0.00M | Scene, ViewLayer | Synchronizing object | Curved_roof_glazing.010
Fra:451 Mem:711.80M (Peak 895.07M) | Time:00:01.81 | Mem:0.00M, Peak:0.00M | Scene, ViewLayer | Synchronizing object | G3_glazing_compression_gasket.081
Fra:451 Mem:711.81M (Peak 895.07M) | Time:00:01.81 | Mem:0.00M, Peak:0.00M | Scene, ViewLayer | Synchronizing object | Hall_door_rail.001
Fra:451 Mem:711.81M (Peak 895.07M) | Time:00:01.81 | Mem:0.00M, Peak:0.00M | Scene, ViewLayer | Synchronizing object | G3_glazing_compression_gasket.082
Fra:451 Mem:711.82M (Peak 895.07M) | Time:00:01.81 | Mem:0.00M, Peak:0.00M | Scene, ViewLayer | Synchronizing object | Curved_roof_glazing.202
Fra:451 Mem:711.84M (Peak 895.07M) | Time:00:01.81 | Mem:0.00M, Peak:0.00M | Scene, ViewLayer | Synchronizing object | G3_glazing_compression_gasket.083
Fra:451 Mem:711.82M (Peak 895.07M) | Time:00:01.81 | Mem:0.00M, Peak:0.00M | Scene, ViewLayer | Synchronizing object | Curved_roof_glazing.135
Fra:451 Mem:711.83M (Peak 895.07M) | Time:00:01.81 | Mem:0.00M, Peak:0.00M | Scene, ViewLayer | Synchronizing object | G3_glazing_compression_gasket.084
Fra:451 Mem:711.83M (Peak 895.07M) | Time:00:01.81 | Mem:0.00M, Peak:0.00M | Scene, ViewLayer | Synchronizing object | End_wall_glazing.008
Fra:451 Mem:711.84M (Peak 895.07M) | Time:00:01.81 | Mem:0.00M, Peak:0.00M | Scene, ViewLayer | Synchronizing object | G3_glazing_compression_gasket.085
Fra:451 Mem:711.85M (Peak 895.07M) | Time:00:01.81 | Mem:0.00M, Peak:0.00M | Scene, ViewLayer | Synchronizing object | G3_glazing_compression_gasket.086
Fra:451 Mem:711.83M (Peak 895.07M) | Time:00:01.81 | Mem:0.00M, Peak:0.00M | Scene, ViewLayer | Synchronizing object | Longitudinal_roof_purlin
Fra:451 Mem:711.84M (Peak 895.07M) | Time:00:01.81 | Mem:0.00M, Peak:0.00M | Scene, ViewLayer | Synchronizing object | G3_glazing_compression_gasket.087
Fra:451 Mem:711.87M (Peak 895.07M) | Time:00:01.81 | Mem:0.00M, Peak:0.00M | Scene, ViewLayer | Synchronizing object | G3_glazing_compression_gasket.088
Fra:451 Mem:711.87M (Peak 895.07M) | Time:00:01.81 | Mem:0.00M, Peak:0.00M | Scene, ViewLayer | Synchronizing object | G3_glazing_compression_gasket.089
Fra:451 Mem:711.88M (Peak 895.07M) | Time:00:01.81 | Mem:0.00M, Peak:0.00M | Scene, ViewLayer | Synchronizing object | G3_glazing_compression_gasket.090
Fra:451 Mem:711.87M (Peak 895.07M) | Time:00:01.81 | Mem:0.00M, Peak:0.00M | Scene, ViewLayer | Synchronizing object | Curved_roof_glazing.225
Fra:451 Mem:711.87M (Peak 895.07M) | Time:00:01.81 | Mem:0.00M, Peak:0.00M | Scene, ViewLayer | Synchronizing object | G3_glazing_compression_gasket.091
Fra:451 Mem:711.87M (Peak 895.07M) | Time:00:01.81 | Mem:0.00M, Peak:0.00M | Scene, ViewLayer | Synchronizing object | Wall_transom.121
Fra:451 Mem:711.88M (Peak 895.07M) | Time:00:01.81 | Mem:0.00M, Peak:0.00M | Scene, ViewLayer | Synchronizing object | G3_glazing_compression_gasket.092
Fra:451 Mem:711.91M (Peak 895.07M) | Time:00:01.81 | Mem:0.00M, Peak:0.00M | Scene, ViewLayer | Synchronizing object | G3_glazing_compression_gasket.093
Fra:451 Mem:711.90M (Peak 895.07M) | Time:00:01.81 | Mem:0.00M, Peak:0.00M | Scene, ViewLayer | Synchronizing object | G3_glazing_compression_gasket.094
Fra:451 Mem:711.91M (Peak 895.07M) | Time:00:01.81 | Mem:0.00M, Peak:0.00M | Scene, ViewLayer | Synchronizing object | G3_glazing_compression_gasket.095
Fra:451 Mem:711.90M (Peak 895.07M) | Time:00:01.81 | Mem:0.00M, Peak:0.00M | Scene, ViewLayer | Synchronizing object | G3_glazing_compression_gasket.096
Fra:451 Mem:711.90M (Peak 895.07M) | Time:00:01.81 | Mem:0.00M, Peak:0.00M | Scene, ViewLayer | Synchronizing object | Curved_roof_glazing.030
Fra:451 Mem:711.91M (Peak 895.07M) | Time:00:01.81 | Mem:0.00M, Peak:0.00M | Scene, ViewLayer | Synchronizing object | G3_glazing_compression_gasket.097
Fra:451 Mem:711.91M (Peak 895.07M) | Time:00:01.81 | Mem:0.00M, Peak:0.00M | Scene, ViewLayer | Synchronizing object | Curved_roof_glazing.046
Fra:451 Mem:711.91M (Peak 895.07M) | Time:00:01.81 | Mem:0.00M, Peak:0.00M | Scene, ViewLayer | Synchronizing object | G3_glazing_compression_gasket.098
Fra:451 Mem:711.91M (Peak 895.07M) | Time:00:01.81 | Mem:0.00M, Peak:0.00M | Scene, ViewLayer | Synchronizing object | Curved_roof_glazing.110
Fra:451 Mem:711.92M (Peak 895.07M) | Time:00:01.81 | Mem:0.00M, Peak:0.00M | Scene, ViewLayer | Synchronizing object | G3_glazing_compression_gasket.099
Fra:451 Mem:711.92M (Peak 895.07M) | Time:00:01.81 | Mem:0.00M, Peak:0.00M | Scene, ViewLayer | Synchronizing object | End_wall_mullion.019
Fra:451 Mem:711.92M (Peak 895.07M) | Time:00:01.81 | Mem:0.00M, Peak:0.00M | Scene, ViewLayer | Synchronizing object | G3_glazing_compression_gasket.100
Fra:451 Mem:711.96M (Peak 895.07M) | Time:00:01.81 | Mem:0.00M, Peak:0.00M | Scene, ViewLayer | Synchronizing object | G3_glazing_compression_gasket.101
Fra:451 Mem:711.95M (Peak 895.07M) | Time:00:01.81 | Mem:0.00M, Peak:0.00M | Scene, ViewLayer | Synchronizing object | G3_glazing_compression_gasket.102
Fra:451 Mem:711.95M (Peak 895.07M) | Time:00:01.81 | Mem:0.00M, Peak:0.00M | Scene, ViewLayer | Synchronizing object | G3_glazing_compression_gasket.103
Fra:451 Mem:711.97M (Peak 895.07M) | Time:00:01.81 | Mem:0.00M, Peak:0.00M | Scene, ViewLayer | Synchronizing object | G3_glazing_compression_gasket.104
Fra:451 Mem:711.95M (Peak 895.07M) | Time:00:01.81 | Mem:0.00M, Peak:0.00M | Scene, ViewLayer | Synchronizing object | G3_glazing_compression_gasket.105
Fra:451 Mem:711.96M (Peak 895.07M) | Time:00:01.81 | Mem:0.00M, Peak:0.00M | Scene, ViewLayer | Synchronizing object | Wall_transom.101
Fra:451 Mem:711.96M (Peak 895.07M) | Time:00:01.81 | Mem:0.00M, Peak:0.00M | Scene, ViewLayer | Synchronizing object | G3_glazing_compression_gasket.106
Fra:451 Mem:712.00M (Peak 895.07M) | Time:00:01.81 | Mem:0.00M, Peak:0.00M | Scene, ViewLayer | Synchronizing object | G3_glazing_compression_gasket.107
Fra:451 Mem:711.99M (Peak 895.07M) | Time:00:01.81 | Mem:0.00M, Peak:0.00M | Scene, ViewLayer | Synchronizing object | G3_glazing_compression_gasket.108
Fra:451 Mem:712.00M (Peak 895.07M) | Time:00:01.81 | Mem:0.00M, Peak:0.00M | Scene, ViewLayer | Synchronizing object | G3_glazing_compression_gasket.109
Fra:451 Mem:711.99M (Peak 895.07M) | Time:00:01.81 | Mem:0.00M, Peak:0.00M | Scene, ViewLayer | Synchronizing object | Curved_roof_glazing.011
Fra:451 Mem:711.99M (Peak 895.07M) | Time:00:01.81 | Mem:0.00M, Peak:0.00M | Scene, ViewLayer | Synchronizing object | G3_glazing_compression_gasket.110
Fra:451 Mem:711.99M (Peak 895.07M) | Time:00:01.81 | Mem:0.00M, Peak:0.00M | Scene, ViewLayer | Synchronizing object | Wall_stone_sill.041
Fra:451 Mem:712.00M (Peak 895.07M) | Time:00:01.81 | Mem:0.00M, Peak:0.00M | Scene, ViewLayer | Synchronizing object | G3_glazing_compression_gasket.111
Fra:451 Mem:712.03M (Peak 895.07M) | Time:00:01.81 | Mem:0.00M, Peak:0.00M | Scene, ViewLayer | Synchronizing object | G3_glazing_compression_gasket.112
Fra:451 Mem:712.02M (Peak 895.07M) | Time:00:01.81 | Mem:0.00M, Peak:0.00M | Scene, ViewLayer | Synchronizing object | G3_glazing_compression_gasket.113
Fra:451 Mem:712.02M (Peak 895.07M) | Time:00:01.81 | Mem:0.00M, Peak:0.00M | Scene, ViewLayer | Synchronizing object | G3_glazing_compression_gasket.114
Fra:451 Mem:712.02M (Peak 895.07M) | Time:00:01.81 | Mem:0.00M, Peak:0.00M | Scene, ViewLayer | Synchronizing object | G3_glazing_compression_gasket.115
Fra:451 Mem:712.02M (Peak 895.07M) | Time:00:01.81 | Mem:0.00M, Peak:0.00M | Scene, ViewLayer | Synchronizing object | Curved_roof_glazing.203
Fra:451 Mem:712.03M (Peak 895.07M) | Time:00:01.81 | Mem:0.00M, Peak:0.00M | Scene, ViewLayer | Synchronizing object | G3_glazing_compression_gasket.116
Fra:451 Mem:712.03M (Peak 895.07M) | Time:00:01.81 | Mem:0.00M, Peak:0.00M | Scene, ViewLayer | Synchronizing object | Side_wall_glass.103
Fra:451 Mem:712.03M (Peak 895.07M) | Time:00:01.81 | Mem:0.00M, Peak:0.00M | Scene, ViewLayer | Synchronizing object | G3_glazing_compression_gasket.117
Fra:451 Mem:712.03M (Peak 895.07M) | Time:00:01.81 | Mem:0.00M, Peak:0.00M | Scene, ViewLayer | Synchronizing object | Wall_transom.137
Fra:451 Mem:712.04M (Peak 895.07M) | Time:00:01.81 | Mem:0.00M, Peak:0.00M | Scene, ViewLayer | Synchronizing object | G3_glazing_compression_gasket.118
Fra:451 Mem:712.08M (Peak 895.07M) | Time:00:01.81 | Mem:0.00M, Peak:0.00M | Scene, ViewLayer | Synchronizing object | G3_glazing_compression_gasket.119
Fra:451 Mem:712.06M (Peak 895.07M) | Time:00:01.81 | Mem:0.00M, Peak:0.00M | Scene, ViewLayer | Synchronizing object | G3_glazing_compression_gasket.120
Fra:451 Mem:712.07M (Peak 895.07M) | Time:00:01.81 | Mem:0.00M, Peak:0.00M | Scene, ViewLayer | Synchronizing object | G3_glazing_compression_gasket.121
Fra:451 Mem:712.09M (Peak 895.07M) | Time:00:01.81 | Mem:0.00M, Peak:0.00M | Scene, ViewLayer | Synchronizing object | G3_glazing_compression_gasket.122
Fra:451 Mem:712.07M (Peak 895.07M) | Time:00:01.81 | Mem:0.00M, Peak:0.00M | Scene, ViewLayer | Synchronizing object | Wall_transom.006
Fra:451 Mem:712.07M (Peak 895.07M) | Time:00:01.81 | Mem:0.00M, Peak:0.00M | Scene, ViewLayer | Synchronizing object | G3_glazing_compression_gasket.123
Fra:451 Mem:712.09M (Peak 895.07M) | Time:00:01.81 | Mem:0.00M, Peak:0.00M | Scene, ViewLayer | Synchronizing object | G3_glazing_compression_gasket.124
Fra:451 Mem:712.09M (Peak 895.07M) | Time:00:01.81 | Mem:0.00M, Peak:0.00M | Scene, ViewLayer | Synchronizing object | G3_glazing_compression_gasket.125
Fra:451 Mem:712.10M (Peak 895.07M) | Time:00:01.81 | Mem:0.00M, Peak:0.00M | Scene, ViewLayer | Synchronizing object | G3_glazing_compression_gasket.126
Fra:451 Mem:712.10M (Peak 895.07M) | Time:00:01.81 | Mem:0.00M, Peak:0.00M | Scene, ViewLayer | Synchronizing object | G3_glazing_compression_gasket.127
Fra:451 Mem:712.10M (Peak 895.07M) | Time:00:01.81 | Mem:0.00M, Peak:0.00M | Scene, ViewLayer | Synchronizing object | Wall_transom.029
Fra:451 Mem:712.10M (Peak 895.07M) | Time:00:01.81 | Mem:0.00M, Peak:0.00M | Scene, ViewLayer | Synchronizing object | G3_glazing_compression_gasket.128
Fra:451 Mem:712.14M (Peak 895.07M) | Time:00:01.81 | Mem:0.00M, Peak:0.00M | Scene, ViewLayer | Synchronizing object | G3_glazing_compression_gasket.129
Fra:451 Mem:712.13M (Peak 895.07M) | Time:00:01.81 | Mem:0.00M, Peak:0.00M | Scene, ViewLayer | Synchronizing object | G3_glazing_compression_gasket.130
Fra:451 Mem:712.13M (Peak 895.07M) | Time:00:01.81 | Mem:0.00M, Peak:0.00M | Scene, ViewLayer | Synchronizing object | G3_glazing_compression_gasket.131
Fra:451 Mem:712.15M (Peak 895.07M) | Time:00:01.81 | Mem:0.00M, Peak:0.00M | Scene, ViewLayer | Synchronizing object | G3_glazing_compression_gasket.132
Fra:451 Mem:730.44M (Peak 895.07M) | Time:00:01.81 | Mem:0.00M, Peak:0.00M | Scene, ViewLayer | Synchronizing object | Wall_transom.079
Fra:451 Mem:730.44M (Peak 895.07M) | Time:00:01.81 | Mem:0.00M, Peak:0.00M | Scene, ViewLayer | Synchronizing object | G3_glazing_compression_gasket.133
Fra:451 Mem:730.47M (Peak 895.07M) | Time:00:01.81 | Mem:0.00M, Peak:0.00M | Scene, ViewLayer | Synchronizing object | G3_glazing_compression_gasket.134
Fra:451 Mem:730.47M (Peak 895.07M) | Time:00:01.81 | Mem:0.00M, Peak:0.00M | Scene, ViewLayer | Synchronizing object | G3_glazing_compression_gasket.135
Fra:451 Mem:730.47M (Peak 895.07M) | Time:00:01.81 | Mem:0.00M, Peak:0.00M | Scene, ViewLayer | Synchronizing object | G3_glazing_compression_gasket.136
Fra:451 Mem:730.49M (Peak 895.07M) | Time:00:01.81 | Mem:0.00M, Peak:0.00M | Scene, ViewLayer | Synchronizing object | G3_glazing_compression_gasket.137
Fra:451 Mem:730.47M (Peak 895.07M) | Time:00:01.81 | Mem:0.00M, Peak:0.00M | Scene, ViewLayer | Synchronizing object | Curved_roof_glazing.136
Fra:451 Mem:730.47M (Peak 895.07M) | Time:00:01.81 | Mem:0.00M, Peak:0.00M | Scene, ViewLayer | Synchronizing object | G3_glazing_compression_gasket.138
Fra:451 Mem:730.48M (Peak 895.07M) | Time:00:01.81 | Mem:0.00M, Peak:0.00M | Scene, ViewLayer | Synchronizing object | Wall_glazing_mullion.011
Fra:451 Mem:730.48M (Peak 895.07M) | Time:00:01.81 | Mem:0.00M, Peak:0.00M | Scene, ViewLayer | Synchronizing object | G3_glazing_compression_gasket.139
Fra:451 Mem:730.51M (Peak 895.07M) | Time:00:01.81 | Mem:0.00M, Peak:0.00M | Scene, ViewLayer | Synchronizing object | G3_glazing_compression_gasket.140
Fra:451 Mem:730.51M (Peak 895.07M) | Time:00:01.81 | Mem:0.00M, Peak:0.00M | Scene, ViewLayer | Synchronizing object | G3_glazing_compression_gasket.141
Fra:451 Mem:730.51M (Peak 895.07M) | Time:00:01.81 | Mem:0.00M, Peak:0.00M | Scene, ViewLayer | Synchronizing object | G3_glazing_compression_gasket.142
Fra:451 Mem:730.53M (Peak 895.07M) | Time:00:01.81 | Mem:0.00M, Peak:0.00M | Scene, ViewLayer | Synchronizing object | G3_glazing_compression_gasket.143
Fra:451 Mem:730.51M (Peak 895.07M) | Time:00:01.81 | Mem:0.00M, Peak:0.00M | Scene, ViewLayer | Synchronizing object | Wall_transom.178
Fra:451 Mem:730.51M (Peak 895.07M) | Time:00:01.81 | Mem:0.00M, Peak:0.00M | Scene, ViewLayer | Synchronizing object | G3_glazing_compression_gasket.144
Fra:451 Mem:730.55M (Peak 895.07M) | Time:00:01.81 | Mem:0.00M, Peak:0.00M | Scene, ViewLayer | Synchronizing object | G3_glazing_compression_gasket.145
Fra:451 Mem:730.54M (Peak 895.07M) | Time:00:01.81 | Mem:0.00M, Peak:0.00M | Scene, ViewLayer | Synchronizing object | G3_glazing_compression_gasket.146
Fra:451 Mem:730.54M (Peak 895.07M) | Time:00:01.81 | Mem:0.00M, Peak:0.00M | Scene, ViewLayer | Synchronizing object | G3_glazing_compression_gasket.147
Fra:451 Mem:730.56M (Peak 895.07M) | Time:00:01.81 | Mem:0.00M, Peak:0.00M | Scene, ViewLayer | Synchronizing object | G3_glazing_compression_gasket.148
Fra:451 Mem:730.54M (Peak 895.07M) | Time:00:01.81 | Mem:0.00M, Peak:0.00M | Scene, ViewLayer | Synchronizing object | Wall_transom.047
Fra:451 Mem:730.54M (Peak 895.07M) | Time:00:01.81 | Mem:0.00M, Peak:0.00M | Scene, ViewLayer | Synchronizing object | G3_glazing_compression_gasket.149
Fra:451 Mem:730.57M (Peak 895.07M) | Time:00:01.81 | Mem:0.00M, Peak:0.00M | Scene, ViewLayer | Synchronizing object | G3_glazing_compression_gasket.150
Fra:451 Mem:730.57M (Peak 895.07M) | Time:00:01.81 | Mem:0.00M, Peak:0.00M | Scene, ViewLayer | Synchronizing object | G3_glazing_compression_gasket.151
Fra:451 Mem:730.58M (Peak 895.07M) | Time:00:01.81 | Mem:0.00M, Peak:0.00M | Scene, ViewLayer | Synchronizing object | G3_glazing_compression_gasket.152
Fra:451 Mem:730.58M (Peak 895.07M) | Time:00:01.81 | Mem:0.00M, Peak:0.00M | Scene, ViewLayer | Synchronizing object | G3_glazing_compression_gasket.153
Fra:451 Mem:730.57M (Peak 895.07M) | Time:00:01.81 | Mem:0.00M, Peak:0.00M | Scene, ViewLayer | Synchronizing object | Curved_roof_glazing.226
Fra:451 Mem:730.58M (Peak 895.07M) | Time:00:01.81 | Mem:0.00M, Peak:0.00M | Scene, ViewLayer | Synchronizing object | G3_glazing_compression_gasket.154
Fra:451 Mem:730.58M (Peak 895.07M) | Time:00:01.81 | Mem:0.00M, Peak:0.00M | Scene, ViewLayer | Synchronizing object | G3_glazing_compression_gasket.155
Fra:451 Mem:730.59M (Peak 895.07M) | Time:00:01.81 | Mem:0.00M, Peak:0.00M | Scene, ViewLayer | Synchronizing object | G3_glazing_compression_gasket.156
Fra:451 Mem:730.62M (Peak 895.07M) | Time:00:01.81 | Mem:0.00M, Peak:0.00M | Scene, ViewLayer | Synchronizing object | G3_glazing_compression_gasket.157
Fra:451 Mem:730.61M (Peak 895.07M) | Time:00:01.81 | Mem:0.00M, Peak:0.00M | Scene, ViewLayer | Synchronizing object | G3_glazing_compression_gasket.158
Fra:451 Mem:730.62M (Peak 895.07M) | Time:00:01.81 | Mem:0.00M, Peak:0.00M | Scene, ViewLayer | Synchronizing object | G3_glazing_compression_gasket.159
Fra:451 Mem:730.61M (Peak 895.07M) | Time:00:01.81 | Mem:0.00M, Peak:0.00M | Scene, ViewLayer | Synchronizing object | G3_glazing_compression_gasket.160
Fra:451 Mem:730.61M (Peak 895.07M) | Time:00:01.81 | Mem:0.00M, Peak:0.00M | Scene, ViewLayer | Synchronizing object | End_wall_sill.007
Fra:451 Mem:730.62M (Peak 895.07M) | Time:00:01.81 | Mem:0.00M, Peak:0.00M | Scene, ViewLayer | Synchronizing object | G3_glazing_compression_gasket.161
Fra:451 Mem:730.64M (Peak 895.07M) | Time:00:01.81 | Mem:0.00M, Peak:0.00M | Scene, ViewLayer | Synchronizing object | G3_glazing_compression_gasket.162
Fra:451 Mem:730.65M (Peak 895.07M) | Time:00:01.81 | Mem:0.00M, Peak:0.00M | Scene, ViewLayer | Synchronizing object | G3_glazing_compression_gasket.163
Fra:451 Mem:730.65M (Peak 895.07M) | Time:00:01.81 | Mem:0.00M, Peak:0.00M | Scene, ViewLayer | Synchronizing object | G3_glazing_compression_gasket.164
Fra:451 Mem:730.67M (Peak 895.07M) | Time:00:01.81 | Mem:0.00M, Peak:0.00M | Scene, ViewLayer | Synchronizing object | G3_glazing_compression_gasket.165
Fra:451 Mem:730.65M (Peak 895.07M) | Time:00:01.81 | Mem:0.00M, Peak:0.00M | Scene, ViewLayer | Synchronizing object | End_wall_sill
Fra:451 Mem:730.65M (Peak 895.07M) | Time:00:01.81 | Mem:0.00M, Peak:0.00M | Scene, ViewLayer | Synchronizing object | G3_glazing_compression_gasket.166
Fra:451 Mem:730.69M (Peak 895.07M) | Time:00:01.81 | Mem:0.00M, Peak:0.00M | Scene, ViewLayer | Synchronizing object | G3_glazing_compression_gasket.167
Fra:451 Mem:730.68M (Peak 895.07M) | Time:00:01.81 | Mem:0.00M, Peak:0.00M | Scene, ViewLayer | Synchronizing object | G3_glazing_compression_gasket.168
Fra:451 Mem:730.68M (Peak 895.07M) | Time:00:01.81 | Mem:0.00M, Peak:0.00M | Scene, ViewLayer | Synchronizing object | G3_glazing_compression_gasket.169
Fra:451 Mem:730.71M (Peak 895.07M) | Time:00:01.81 | Mem:0.00M, Peak:0.00M | Scene, ViewLayer | Synchronizing object | G3_glazing_compression_gasket.170
Fra:451 Mem:730.68M (Peak 895.07M) | Time:00:01.81 | Mem:0.00M, Peak:0.00M | Scene, ViewLayer | Synchronizing object | Wall_stone_sill.004
Fra:451 Mem:730.69M (Peak 895.07M) | Time:00:01.81 | Mem:0.00M, Peak:0.00M | Scene, ViewLayer | Synchronizing object | G3_glazing_compression_gasket.171
Fra:451 Mem:730.72M (Peak 895.07M) | Time:00:01.81 | Mem:0.00M, Peak:0.00M | Scene, ViewLayer | Synchronizing object | G3_glazing_compression_gasket.172
Fra:451 Mem:730.71M (Peak 895.07M) | Time:00:01.81 | Mem:0.00M, Peak:0.00M | Scene, ViewLayer | Synchronizing object | G3_glazing_compression_gasket.173
Fra:451 Mem:730.72M (Peak 895.07M) | Time:00:01.81 | Mem:0.00M, Peak:0.00M | Scene, ViewLayer | Synchronizing object | G3_glazing_compression_gasket.174
Fra:451 Mem:730.74M (Peak 895.07M) | Time:00:01.81 | Mem:0.00M, Peak:0.00M | Scene, ViewLayer | Synchronizing object | G3_glazing_compression_gasket.175
Fra:451 Mem:730.72M (Peak 895.07M) | Time:00:01.81 | Mem:0.00M, Peak:0.00M | Scene, ViewLayer | Synchronizing object | Curved_roof_glazing.031
Fra:451 Mem:730.72M (Peak 895.07M) | Time:00:01.81 | Mem:0.00M, Peak:0.00M | Scene, ViewLayer | Synchronizing object | G3_glazing_compression_gasket.176
Fra:451 Mem:730.72M (Peak 895.07M) | Time:00:01.81 | Mem:0.00M, Peak:0.00M | Scene, ViewLayer | Synchronizing object | Curved_roof_glazing.047
Fra:451 Mem:730.72M (Peak 895.07M) | Time:00:01.81 | Mem:0.00M, Peak:0.00M | Scene, ViewLayer | Synchronizing object | G3_glazing_compression_gasket.177
Fra:451 Mem:730.73M (Peak 895.07M) | Time:00:01.81 | Mem:0.00M, Peak:0.00M | Scene, ViewLayer | Synchronizing object | Curved_roof_glazing.111
Fra:451 Mem:730.73M (Peak 895.07M) | Time:00:01.81 | Mem:0.00M, Peak:0.00M | Scene, ViewLayer | Synchronizing object | Curved_roof_glazing.012
Fra:451 Mem:730.73M (Peak 895.07M) | Time:00:01.81 | Mem:0.00M, Peak:0.00M | Scene, ViewLayer | Synchronizing object | Side_wall_glass.082
Fra:451 Mem:730.73M (Peak 895.07M) | Time:00:01.81 | Mem:0.00M, Peak:0.00M | Scene, ViewLayer | Synchronizing object | Curved_roof_glazing.204
Fra:451 Mem:730.74M (Peak 895.07M) | Time:00:01.81 | Mem:0.00M, Peak:0.00M | Scene, ViewLayer | Synchronizing object | Side_wall_glass.093
Fra:451 Mem:730.74M (Peak 895.07M) | Time:00:01.81 | Mem:0.00M, Peak:0.00M | Scene, ViewLayer | Synchronizing object | G3_glazing_compression_gasket.178
Fra:451 Mem:730.74M (Peak 895.07M) | Time:00:01.81 | Mem:0.00M, Peak:0.00M | Scene, ViewLayer | Synchronizing object | Wall_transom.108
Fra:451 Mem:730.75M (Peak 895.07M) | Time:00:01.81 | Mem:0.00M, Peak:0.00M | Scene, ViewLayer | Synchronizing object | G3_glazing_compression_gasket.179
Fra:451 Mem:730.78M (Peak 895.07M) | Time:00:01.81 | Mem:0.00M, Peak:0.00M | Scene, ViewLayer | Synchronizing object | G3_glazing_compression_gasket.180
Fra:451 Mem:730.77M (Peak 895.07M) | Time:00:01.81 | Mem:0.00M, Peak:0.00M | Scene, ViewLayer | Synchronizing object | G3_glazing_compression_gasket.181
Fra:451 Mem:730.77M (Peak 895.07M) | Time:00:01.81 | Mem:0.00M, Peak:0.00M | Scene, ViewLayer | Synchronizing object | G3_glazing_compression_gasket.182
Fra:451 Mem:730.80M (Peak 895.07M) | Time:00:01.81 | Mem:0.00M, Peak:0.00M | Scene, ViewLayer | Synchronizing object | G3_glazing_compression_gasket.183
Fra:451 Mem:730.77M (Peak 895.07M) | Time:00:01.81 | Mem:0.00M, Peak:0.00M | Scene, ViewLayer | Synchronizing object | Wall_transom.141
Fra:451 Mem:730.78M (Peak 895.07M) | Time:00:01.81 | Mem:0.00M, Peak:0.00M | Scene, ViewLayer | Synchronizing object | G3_glazing_compression_gasket.184
Fra:451 Mem:730.81M (Peak 895.07M) | Time:00:01.81 | Mem:0.00M, Peak:0.00M | Scene, ViewLayer | Synchronizing object | G3_glazing_compression_gasket.185
Fra:451 Mem:730.81M (Peak 895.07M) | Time:00:01.81 | Mem:0.00M, Peak:0.00M | Scene, ViewLayer | Synchronizing object | Curved_roof_glazing.137
Fra:451 Mem:730.81M (Peak 895.07M) | Time:00:01.81 | Mem:0.00M, Peak:0.00M | Scene, ViewLayer | Synchronizing object | G3_glazing_compression_gasket.186
Fra:451 Mem:730.81M (Peak 895.07M) | Time:00:01.81 | Mem:0.00M, Peak:0.00M | Scene, ViewLayer | Synchronizing object | G3_glazing_compression_gasket.187
Fra:451 Mem:730.81M (Peak 895.07M) | Time:00:01.81 | Mem:0.00M, Peak:0.00M | Scene, ViewLayer | Synchronizing object | Curved_roof_glazing.227
Fra:451 Mem:730.81M (Peak 895.07M) | Time:00:01.81 | Mem:0.00M, Peak:0.00M | Scene, ViewLayer | Synchronizing object | Wall_transom.034
Fra:451 Mem:730.84M (Peak 895.07M) | Time:00:01.81 | Mem:0.00M, Peak:0.00M | Scene, ViewLayer | Synchronizing object | Wall_transom.084
Fra:451 Mem:730.84M (Peak 895.07M) | Time:00:01.81 | Mem:0.00M, Peak:0.00M | Scene, ViewLayer | Synchronizing object | G3_glazing_compression_gasket.189
Fra:451 Mem:730.85M (Peak 895.07M) | Time:00:01.81 | Mem:0.00M, Peak:0.00M | Scene, ViewLayer | Synchronizing object | G3_glazing_compression_gasket.190
Fra:451 Mem:730.88M (Peak 895.07M) | Time:00:01.81 | Mem:0.00M, Peak:0.00M | Scene, ViewLayer | Synchronizing object | G3_glazing_compression_gasket.191
Fra:451 Mem:730.89M (Peak 895.07M) | Time:00:01.81 | Mem:0.00M, Peak:0.00M | Scene, ViewLayer | Synchronizing object | G3_glazing_compression_gasket.192
Fra:451 Mem:730.87M (Peak 895.07M) | Time:00:01.81 | Mem:0.00M, Peak:0.00M | Scene, ViewLayer | Synchronizing object | G3_glazing_compression_gasket.193
Fra:451 Mem:730.88M (Peak 895.07M) | Time:00:01.81 | Mem:0.00M, Peak:0.00M | Scene, ViewLayer | Synchronizing object | G3_glazing_compression_gasket.194
Fra:451 Mem:730.90M (Peak 895.07M) | Time:00:01.81 | Mem:0.00M, Peak:0.00M | Scene, ViewLayer | Synchronizing object | G3_glazing_compression_gasket.195
Fra:451 Mem:730.88M (Peak 895.07M) | Time:00:01.81 | Mem:0.00M, Peak:0.00M | Scene, ViewLayer | Synchronizing object | Curved_roof_glazing.048
Fra:451 Mem:730.88M (Peak 895.07M) | Time:00:01.81 | Mem:0.00M, Peak:0.00M | Scene, ViewLayer | Synchronizing object | G3_glazing_compression_gasket.196
Fra:451 Mem:730.88M (Peak 895.07M) | Time:00:01.81 | Mem:0.00M, Peak:0.00M | Scene, ViewLayer | Synchronizing object | Curved_roof_glazing.112
Fra:451 Mem:730.88M (Peak 895.07M) | Time:00:01.81 | Mem:0.00M, Peak:0.00M | Scene, ViewLayer | Synchronizing object | G3_glazing_compression_gasket.197
Fra:451 Mem:730.89M (Peak 895.07M) | Time:00:01.81 | Mem:0.00M, Peak:0.00M | Scene, ViewLayer | Synchronizing object | G3_glazing_compression_gasket.198
Fra:451 Mem:730.89M (Peak 895.07M) | Time:00:01.81 | Mem:0.00M, Peak:0.00M | Scene, ViewLayer | Synchronizing object | Side_wall_glass.079
Fra:451 Mem:730.89M (Peak 895.07M) | Time:00:01.81 | Mem:0.00M, Peak:0.00M | Scene, ViewLayer | Synchronizing object | G3_glazing_compression_gasket.199
Fra:451 Mem:730.89M (Peak 895.07M) | Time:00:01.81 | Mem:0.00M, Peak:0.00M | Scene, ViewLayer | Synchronizing object | Wall_transom.064
Fra:451 Mem:730.89M (Peak 895.07M) | Time:00:01.81 | Mem:0.00M, Peak:0.00M | Scene, ViewLayer | Synchronizing object | G3_glazing_compression_gasket.200
Fra:451 Mem:730.92M (Peak 895.07M) | Time:00:01.81 | Mem:0.00M, Peak:0.00M | Scene, ViewLayer | Synchronizing object | G3_glazing_compression_gasket.201
Fra:451 Mem:730.94M (Peak 895.07M) | Time:00:01.81 | Mem:0.00M, Peak:0.00M | Scene, ViewLayer | Synchronizing object | G3_glazing_compression_gasket.202
Fra:451 Mem:730.93M (Peak 895.07M) | Time:00:01.81 | Mem:0.00M, Peak:0.00M | Scene, ViewLayer | Synchronizing object | G3_glazing_compression_gasket.203
Fra:451 Mem:730.93M (Peak 895.07M) | Time:00:01.81 | Mem:0.00M, Peak:0.00M | Scene, ViewLayer | Synchronizing object | G3_glazing_compression_gasket.204
Fra:451 Mem:730.93M (Peak 895.07M) | Time:00:01.81 | Mem:0.00M, Peak:0.00M | Scene, ViewLayer | Synchronizing object | G3_glazing_compression_gasket.205
Fra:451 Mem:730.93M (Peak 895.07M) | Time:00:01.81 | Mem:0.00M, Peak:0.00M | Scene, ViewLayer | Synchronizing object | Curved_roof_glazing.013
Fra:451 Mem:730.93M (Peak 895.07M) | Time:00:01.81 | Mem:0.00M, Peak:0.00M | Scene, ViewLayer | Synchronizing object | G3_glazing_compression_gasket.206
Fra:451 Mem:730.93M (Peak 895.07M) | Time:00:01.81 | Mem:0.00M, Peak:0.00M | Scene, ViewLayer | Synchronizing object | Curved_roof_glazing.205
Fra:451 Mem:730.94M (Peak 895.07M) | Time:00:01.81 | Mem:0.00M, Peak:0.00M | Scene, ViewLayer | Synchronizing object | G3_glazing_compression_gasket.207
Fra:451 Mem:730.94M (Peak 895.07M) | Time:00:01.81 | Mem:0.00M, Peak:0.00M | Scene, ViewLayer | Synchronizing object | Curved_roof_glazing.138
Fra:451 Mem:730.94M (Peak 895.07M) | Time:00:01.81 | Mem:0.00M, Peak:0.00M | Scene, ViewLayer | Synchronizing object | G3_glazing_compression_gasket.208
Fra:451 Mem:730.94M (Peak 895.07M) | Time:00:01.81 | Mem:0.00M, Peak:0.00M | Scene, ViewLayer | Synchronizing object | Wall_transom.189
Fra:451 Mem:730.95M (Peak 895.07M) | Time:00:01.81 | Mem:0.00M, Peak:0.00M | Scene, ViewLayer | Synchronizing object | G3_glazing_compression_gasket.209
Fra:451 Mem:730.99M (Peak 895.07M) | Time:00:01.81 | Mem:0.00M, Peak:0.00M | Scene, ViewLayer | Synchronizing object | G3_glazing_compression_gasket.210
Fra:451 Mem:730.97M (Peak 895.07M) | Time:00:01.81 | Mem:0.00M, Peak:0.00M | Scene, ViewLayer | Synchronizing object | G3_glazing_compression_gasket.211
Fra:451 Mem:730.97M (Peak 895.07M) | Time:00:01.81 | Mem:0.00M, Peak:0.00M | Scene, ViewLayer | Synchronizing object | Side_wall_glass.077
Fra:451 Mem:730.98M (Peak 895.07M) | Time:00:01.81 | Mem:0.00M, Peak:0.00M | Scene, ViewLayer | Synchronizing object | Column_base_plinth.015
Fra:451 Mem:731.01M (Peak 895.07M) | Time:00:01.81 | Mem:0.00M, Peak:0.00M | Scene, ViewLayer | Synchronizing object | G3_glazing_compression_gasket.212
Fra:451 Mem:731.01M (Peak 895.07M) | Time:00:01.81 | Mem:0.00M, Peak:0.00M | Scene, ViewLayer | Synchronizing object | G3_glazing_compression_gasket.213
Fra:451 Mem:731.01M (Peak 895.07M) | Time:00:01.81 | Mem:0.00M, Peak:0.00M | Scene, ViewLayer | Synchronizing object | G3_glazing_compression_gasket.214
Fra:451 Mem:731.03M (Peak 895.07M) | Time:00:01.81 | Mem:0.00M, Peak:0.00M | Scene, ViewLayer | Synchronizing object | G3_glazing_compression_gasket.215
Fra:451 Mem:731.01M (Peak 895.07M) | Time:00:01.81 | Mem:0.00M, Peak:0.00M | Scene, ViewLayer | Synchronizing object | Curved_roof_glazing.164
Fra:451 Mem:731.01M (Peak 895.07M) | Time:00:01.81 | Mem:0.00M, Peak:0.00M | Scene, ViewLayer | Synchronizing object | G3_glazing_compression_gasket.216
Fra:451 Mem:731.01M (Peak 895.07M) | Time:00:01.81 | Mem:0.00M, Peak:0.00M | Scene, ViewLayer | Synchronizing object | Curved_roof_glazing.372
Fra:451 Mem:731.02M (Peak 895.07M) | Time:00:01.81 | Mem:0.00M, Peak:0.00M | Scene, ViewLayer | Synchronizing object | G3_glazing_compression_gasket.217
Fra:451 Mem:731.02M (Peak 895.07M) | Time:00:01.81 | Mem:0.00M, Peak:0.00M | Scene, ViewLayer | Synchronizing object | Longitudinal_roof_purlin.007
Fra:451 Mem:731.02M (Peak 895.07M) | Time:00:01.81 | Mem:0.00M, Peak:0.00M | Scene, ViewLayer | Synchronizing object | G3_glazing_compression_gasket.218
Fra:451 Mem:731.06M (Peak 895.07M) | Time:00:01.81 | Mem:0.00M, Peak:0.00M | Scene, ViewLayer | Synchronizing object | G3_glazing_compression_gasket.219
Fra:451 Mem:731.05M (Peak 895.07M) | Time:00:01.81 | Mem:0.00M, Peak:0.00M | Scene, ViewLayer | Synchronizing object | G3_glazing_compression_gasket.220
Fra:451 Mem:731.05M (Peak 895.07M) | Time:00:01.81 | Mem:0.00M, Peak:0.00M | Scene, ViewLayer | Synchronizing object | G3_glazing_compression_gasket.221
Fra:451 Mem:731.05M (Peak 895.07M) | Time:00:01.81 | Mem:0.00M, Peak:0.00M | Scene, ViewLayer | Synchronizing object | G3_glazing_compression_gasket.222
Fra:451 Mem:731.06M (Peak 895.07M) | Time:00:01.81 | Mem:0.00M, Peak:0.00M | Scene, ViewLayer | Synchronizing object | G3_glazing_compression_gasket.223
Fra:451 Mem:731.05M (Peak 895.07M) | Time:00:01.81 | Mem:0.00M, Peak:0.00M | Scene, ViewLayer | Synchronizing object | Side_wall_glass.008
Fra:451 Mem:731.05M (Peak 895.07M) | Time:00:01.81 | Mem:0.00M, Peak:0.00M | Scene, ViewLayer | Synchronizing object | G3_glazing_compression_gasket.224
Fra:451 Mem:731.06M (Peak 895.07M) | Time:00:01.81 | Mem:0.00M, Peak:0.00M | Scene, ViewLayer | Synchronizing object | Curved_roof_glazing.033
Fra:451 Mem:731.06M (Peak 895.07M) | Time:00:01.81 | Mem:0.00M, Peak:0.00M | Scene, ViewLayer | Synchronizing object | G3_glazing_compression_gasket.225
Fra:451 Mem:731.06M (Peak 895.07M) | Time:00:01.81 | Mem:0.00M, Peak:0.00M | Scene, ViewLayer | Synchronizing object | Curved_roof_glazing.049
Fra:451 Mem:731.07M (Peak 895.07M) | Time:00:01.81 | Mem:0.00M, Peak:0.00M | Scene, ViewLayer | Synchronizing object | Curved_roof_glazing.113
Fra:451 Mem:731.07M (Peak 895.07M) | Time:00:01.81 | Mem:0.00M, Peak:0.00M | Scene, ViewLayer | Synchronizing object | End_wall_sill.010
Fra:451 Mem:731.08M (Peak 895.07M) | Time:00:01.81 | Mem:0.00M, Peak:0.00M | Scene, ViewLayer | Synchronizing object | G3_glazing_compression_gasket.226
Fra:451 Mem:731.11M (Peak 895.07M) | Time:00:01.81 | Mem:0.00M, Peak:0.00M | Scene, ViewLayer | Synchronizing object | G3_glazing_compression_gasket.227
Fra:451 Mem:731.10M (Peak 895.07M) | Time:00:01.81 | Mem:0.00M, Peak:0.00M | Scene, ViewLayer | Synchronizing object | G3_glazing_compression_gasket.228
Fra:451 Mem:731.10M (Peak 895.07M) | Time:00:01.81 | Mem:0.00M, Peak:0.00M | Scene, ViewLayer | Synchronizing object | G3_glazing_compression_gasket.229
Fra:451 Mem:731.11M (Peak 895.07M) | Time:00:01.81 | Mem:0.00M, Peak:0.00M | Scene, ViewLayer | Synchronizing object | G3_glazing_compression_gasket.230
Fra:451 Mem:731.11M (Peak 895.07M) | Time:00:01.81 | Mem:0.00M, Peak:0.00M | Scene, ViewLayer | Synchronizing object | G3_glazing_compression_gasket.231
Fra:451 Mem:731.10M (Peak 895.07M) | Time:00:01.81 | Mem:0.00M, Peak:0.00M | Scene, ViewLayer | Synchronizing object | Curved_roof_glazing.014
Fra:451 Mem:731.11M (Peak 895.07M) | Time:00:01.81 | Mem:0.00M, Peak:0.00M | Scene, ViewLayer | Synchronizing object | G3_glazing_compression_gasket.232
Fra:451 Mem:731.11M (Peak 895.07M) | Time:00:01.81 | Mem:0.00M, Peak:0.00M | Scene, ViewLayer | Synchronizing object | End_wall_mullion.003
Fra:451 Mem:731.12M (Peak 895.07M) | Time:00:01.81 | Mem:0.00M, Peak:0.00M | Scene, ViewLayer | Synchronizing object | G3_glazing_compression_gasket.233
Fra:451 Mem:731.15M (Peak 895.07M) | Time:00:01.81 | Mem:0.00M, Peak:0.00M | Scene, ViewLayer | Synchronizing object | G3_glazing_compression_gasket.234
Fra:451 Mem:731.14M (Peak 895.07M) | Time:00:01.81 | Mem:0.00M, Peak:0.00M | Scene, ViewLayer | Synchronizing object | G3_glazing_compression_gasket.235
Fra:451 Mem:731.14M (Peak 895.07M) | Time:00:01.81 | Mem:0.00M, Peak:0.00M | Scene, ViewLayer | Synchronizing object | G3_glazing_compression_gasket.236
Fra:451 Mem:731.16M (Peak 895.07M) | Time:00:01.81 | Mem:0.00M, Peak:0.00M | Scene, ViewLayer | Synchronizing object | G3_glazing_compression_gasket.237
Fra:451 Mem:731.14M (Peak 895.07M) | Time:00:01.81 | Mem:0.00M, Peak:0.00M | Scene, ViewLayer | Synchronizing object | G3_glazing_compression_gasket.238
Fra:451 Mem:731.15M (Peak 895.07M) | Time:00:01.81 | Mem:0.00M, Peak:0.00M | Scene, ViewLayer | Synchronizing object | Curved_roof_glazing.206
Fra:451 Mem:731.15M (Peak 895.07M) | Time:00:01.81 | Mem:0.00M, Peak:0.00M | Scene, ViewLayer | Synchronizing object | G3_glazing_compression_gasket.239
Fra:451 Mem:731.15M (Peak 895.07M) | Time:00:01.81 | Mem:0.00M, Peak:0.00M | Scene, ViewLayer | Synchronizing object | Wall_transom.069
Fra:451 Mem:731.18M (Peak 895.07M) | Time:00:01.81 | Mem:0.00M, Peak:0.00M | Scene, ViewLayer | Synchronizing object | G3_glazing_compression_gasket.240
Fra:451 Mem:731.17M (Peak 895.07M) | Time:00:01.81 | Mem:0.00M, Peak:0.00M | Scene, ViewLayer | Synchronizing object | G3_glazing_compression_gasket.241
Fra:451 Mem:731.18M (Peak 895.07M) | Time:00:01.81 | Mem:0.00M, Peak:0.00M | Scene, ViewLayer | Synchronizing object | G3_glazing_compression_gasket.242
Fra:451 Mem:731.18M (Peak 895.07M) | Time:00:01.81 | Mem:0.00M, Peak:0.00M | Scene, ViewLayer | Synchronizing object | G3_glazing_compression_gasket.243
Fra:451 Mem:731.21M (Peak 895.07M) | Time:00:01.81 | Mem:0.00M, Peak:0.00M | Scene, ViewLayer | Synchronizing object | G3_glazing_compression_gasket.244
Fra:451 Mem:731.18M (Peak 895.07M) | Time:00:01.81 | Mem:0.00M, Peak:0.00M | Scene, ViewLayer | Synchronizing object | Wall_transom.039
Fra:451 Mem:731.19M (Peak 895.07M) | Time:00:01.81 | Mem:0.00M, Peak:0.00M | Scene, ViewLayer | Synchronizing object | G3_glazing_compression_gasket.245
Fra:451 Mem:731.21M (Peak 895.07M) | Time:00:01.81 | Mem:0.00M, Peak:0.00M | Scene, ViewLayer | Synchronizing object | G3_glazing_compression_gasket.246
Fra:451 Mem:731.21M (Peak 895.07M) | Time:00:01.81 | Mem:0.00M, Peak:0.00M | Scene, ViewLayer | Synchronizing object | G3_glazing_compression_gasket.247
Fra:451 Mem:731.22M (Peak 895.07M) | Time:00:01.81 | Mem:0.00M, Peak:0.00M | Scene, ViewLayer | Synchronizing object | G3_glazing_compression_gasket.248
Fra:451 Mem:731.22M (Peak 895.07M) | Time:00:01.81 | Mem:0.00M, Peak:0.00M | Scene, ViewLayer | Synchronizing object | G3_glazing_compression_gasket.249
Fra:451 Mem:731.24M (Peak 895.07M) | Time:00:01.81 | Mem:0.00M, Peak:0.00M | Scene, ViewLayer | Synchronizing object | G3_glazing_compression_gasket.250
Fra:451 Mem:731.22M (Peak 895.07M) | Time:00:01.81 | Mem:0.00M, Peak:0.00M | Scene, ViewLayer | Synchronizing object | G3_glazing_compression_gasket.251
Fra:451 Mem:731.22M (Peak 895.07M) | Time:00:01.81 | Mem:0.00M, Peak:0.00M | Scene, ViewLayer | Synchronizing object | Curved_roof_glazing.139
Fra:451 Mem:731.22M (Peak 895.07M) | Time:00:01.81 | Mem:0.00M, Peak:0.00M | Scene, ViewLayer | Synchronizing object | Primary_elliptical_arch.002
Fra:451 Mem:731.28M (Peak 895.07M) | Time:00:01.81 | Mem:0.00M, Peak:0.00M | Scene, ViewLayer | Synchronizing object | G3_glazing_compression_gasket.252
Fra:451 Mem:731.30M (Peak 895.07M) | Time:00:01.81 | Mem:0.00M, Peak:0.00M | Scene, ViewLayer | Synchronizing object | G3_glazing_compression_gasket.253
Fra:451 Mem:731.31M (Peak 895.07M) | Time:00:01.81 | Mem:0.00M, Peak:0.00M | Scene, ViewLayer | Synchronizing object | G3_glazing_compression_gasket.254
Fra:451 Mem:731.30M (Peak 895.07M) | Time:00:01.81 | Mem:0.00M, Peak:0.00M | Scene, ViewLayer | Synchronizing object | Wall_stone_sill.037
Fra:451 Mem:731.30M (Peak 895.07M) | Time:00:01.81 | Mem:0.00M, Peak:0.00M | Scene, ViewLayer | Synchronizing object | G3_glazing_compression_gasket.255
Fra:451 Mem:731.33M (Peak 895.07M) | Time:00:01.81 | Mem:0.00M, Peak:0.00M | Scene, ViewLayer | Synchronizing object | G3_glazing_compression_gasket.256
Fra:451 Mem:731.34M (Peak 895.07M) | Time:00:01.81 | Mem:0.00M, Peak:0.00M | Scene, ViewLayer | Synchronizing object | G3_glazing_compression_gasket.257
Fra:451 Mem:731.32M (Peak 895.07M) | Time:00:01.81 | Mem:0.00M, Peak:0.00M | Scene, ViewLayer | Synchronizing object | G3_glazing_compression_gasket.258
Fra:451 Mem:731.34M (Peak 895.07M) | Time:00:01.81 | Mem:0.00M, Peak:0.00M | Scene, ViewLayer | Synchronizing object | G3_glazing_compression_gasket.259
Fra:451 Mem:731.34M (Peak 895.07M) | Time:00:01.81 | Mem:0.00M, Peak:0.00M | Scene, ViewLayer | Synchronizing object | Curved_roof_glazing.165
Fra:451 Mem:731.34M (Peak 895.07M) | Time:00:01.81 | Mem:0.00M, Peak:0.00M | Scene, ViewLayer | Synchronizing object | G3_glazing_compression_gasket.260
Fra:451 Mem:731.34M (Peak 895.07M) | Time:00:01.81 | Mem:0.00M, Peak:0.00M | Scene, ViewLayer | Synchronizing object | Curved_roof_glazing.373
Fra:451 Mem:731.35M (Peak 895.07M) | Time:00:01.81 | Mem:0.00M, Peak:0.00M | Scene, ViewLayer | Synchronizing object | Load_column.015
Fra:451 Mem:731.35M (Peak 895.07M) | Time:00:01.81 | Mem:0.00M, Peak:0.00M | Scene, ViewLayer | Synchronizing object | G3_glazing_compression_gasket.261
Fra:451 Mem:731.35M (Peak 895.07M) | Time:00:01.81 | Mem:0.00M, Peak:0.00M | Scene, ViewLayer | Synchronizing object | Ridge_vent_stanchion.018
Fra:451 Mem:731.35M (Peak 895.07M) | Time:00:01.81 | Mem:0.00M, Peak:0.00M | Scene, ViewLayer | Synchronizing object | Side_wall_glass.064
Fra:451 Mem:731.35M (Peak 895.07M) | Time:00:01.81 | Mem:0.00M, Peak:0.00M | Scene, ViewLayer | Synchronizing object | Wall_transom.156
Fra:451 Mem:731.35M (Peak 895.07M) | Time:00:01.81 | Mem:0.00M, Peak:0.00M | Scene, ViewLayer | Synchronizing object | Curved_roof_glazing.034
Fra:451 Mem:731.36M (Peak 895.07M) | Time:00:01.81 | Mem:0.00M, Peak:0.00M | Scene, ViewLayer | Synchronizing object | Curved_roof_glazing.050
Fra:451 Mem:731.39M (Peak 895.07M) | Time:00:01.81 | Mem:0.00M, Peak:0.00M | Scene, ViewLayer | Synchronizing object | G3_glazing_compression_gasket.263
Fra:451 Mem:731.39M (Peak 895.07M) | Time:00:01.81 | Mem:0.00M, Peak:0.00M | Scene, ViewLayer | Synchronizing object | Curved_roof_glazing.114
Fra:451 Mem:731.41M (Peak 895.07M) | Time:00:01.81 | Mem:0.00M, Peak:0.00M | Scene, ViewLayer | Synchronizing object | Hall_door_stile.003
Fra:451 Mem:731.44M (Peak 895.07M) | Time:00:01.81 | Mem:0.00M, Peak:0.00M | Scene, ViewLayer | Synchronizing object | G3_glazing_compression_gasket.264
Fra:451 Mem:731.42M (Peak 895.07M) | Time:00:01.81 | Mem:0.00M, Peak:0.00M | Scene, ViewLayer | Synchronizing object | G3_glazing_compression_gasket.265
Fra:451 Mem:731.42M (Peak 895.07M) | Time:00:01.81 | Mem:0.00M, Peak:0.00M | Scene, ViewLayer | Synchronizing object | Curved_roof_glazing.015
Fra:451 Mem:731.45M (Peak 895.07M) | Time:00:01.81 | Mem:0.00M, Peak:0.00M | Scene, ViewLayer | Synchronizing object | G3_glazing_compression_gasket.266
Fra:451 Mem:731.45M (Peak 895.07M) | Time:00:01.81 | Mem:0.00M, Peak:0.00M | Scene, ViewLayer | Synchronizing object | Hall_door_rail.002
Fra:451 Mem:731.43M (Peak 895.07M) | Time:00:01.81 | Mem:0.00M, Peak:0.00M | Scene, ViewLayer | Synchronizing object | Side_wall_glass.083
Fra:451 Mem:731.43M (Peak 895.07M) | Time:00:01.81 | Mem:0.00M, Peak:0.00M | Scene, ViewLayer | Synchronizing object | G3_glazing_compression_gasket.267
Fra:451 Mem:731.46M (Peak 895.07M) | Time:00:01.81 | Mem:0.00M, Peak:0.00M | Scene, ViewLayer | Synchronizing object | Curved_roof_glazing.207
Fra:451 Mem:731.46M (Peak 895.07M) | Time:00:01.81 | Mem:0.00M, Peak:0.00M | Scene, ViewLayer | Synchronizing object | Column_base_plinth.004
Fra:451 Mem:731.48M (Peak 895.07M) | Time:00:01.81 | Mem:0.00M, Peak:0.00M | Scene, ViewLayer | Synchronizing object | G3_glazing_compression_gasket.268
Fra:451 Mem:731.48M (Peak 895.07M) | Time:00:01.81 | Mem:0.00M, Peak:0.00M | Scene, ViewLayer | Synchronizing object | Curved_roof_glazing.140
Fra:451 Mem:731.49M (Peak 895.07M) | Time:00:01.81 | Mem:0.00M, Peak:0.00M | Scene, ViewLayer | Synchronizing object | Side_wall_glass.074
Fra:451 Mem:731.49M (Peak 895.07M) | Time:00:01.81 | Mem:0.00M, Peak:0.00M | Scene, ViewLayer | Synchronizing object | G3_glazing_compression_gasket.269
Fra:451 Mem:731.49M (Peak 895.07M) | Time:00:01.81 | Mem:0.00M, Peak:0.00M | Scene, ViewLayer | Synchronizing object | Wall_transom.180
Fra:451 Mem:731.50M (Peak 895.07M) | Time:00:01.81 | Mem:0.00M, Peak:0.00M | Scene, ViewLayer | Synchronizing object | G3_glazing_compression_gasket.270
Fra:451 Mem:731.51M (Peak 895.07M) | Time:00:01.81 | Mem:0.00M, Peak:0.00M | Scene, ViewLayer | Synchronizing object | End_wall_mullion.008
Fra:451 Mem:731.54M (Peak 895.07M) | Time:00:01.81 | Mem:0.00M, Peak:0.00M | Scene, ViewLayer | Synchronizing object | G3_glazing_compression_gasket.271
Fra:451 Mem:731.54M (Peak 895.07M) | Time:00:01.81 | Mem:0.00M, Peak:0.00M | Scene, ViewLayer | Synchronizing object | Wall_transom.016
Fra:451 Mem:731.57M (Peak 895.07M) | Time:00:01.81 | Mem:0.00M, Peak:0.00M | Scene, ViewLayer | Synchronizing object | Curved_roof_glazing.166
Fra:451 Mem:731.57M (Peak 895.07M) | Time:00:01.81 | Mem:0.00M, Peak:0.00M | Scene, ViewLayer | Synchronizing object | Curved_roof_glazing.374
Fra:451 Mem:731.57M (Peak 895.07M) | Time:00:01.81 | Mem:0.00M, Peak:0.00M | Scene, ViewLayer | Synchronizing object | End_wall_mullion.005
Fra:451 Mem:731.61M (Peak 895.07M) | Time:00:01.81 | Mem:0.00M, Peak:0.00M | Scene, ViewLayer | Synchronizing object | Side_wall_glass.009
Fra:451 Mem:731.60M (Peak 895.07M) | Time:00:01.81 | Mem:0.00M, Peak:0.00M | Scene, ViewLayer | Synchronizing object | Wall_stone_sill.034
Fra:451 Mem:731.63M (Peak 895.07M) | Time:00:01.81 | Mem:0.00M, Peak:0.00M | Scene, ViewLayer | Synchronizing object | G3_hall_pull_handle
Fra:451 Mem:731.66M (Peak 895.07M) | Time:00:01.81 | Mem:0.00M, Peak:0.00M | Scene, ViewLayer | Synchronizing object | G3_hall_pull_handle.001
Fra:451 Mem:731.66M (Peak 895.07M) | Time:00:01.81 | Mem:0.00M, Peak:0.00M | Scene, ViewLayer | Synchronizing object | Curved_roof_glazing.035
Fra:451 Mem:731.66M (Peak 895.07M) | Time:00:01.81 | Mem:0.00M, Peak:0.00M | Scene, ViewLayer | Synchronizing object | Curved_roof_glazing.051
Fra:451 Mem:731.67M (Peak 895.07M) | Time:00:01.81 | Mem:0.00M, Peak:0.00M | Scene, ViewLayer | Synchronizing object | Curved_roof_glazing.115
Fra:451 Mem:731.67M (Peak 895.07M) | Time:00:01.81 | Mem:0.00M, Peak:0.00M | Scene, ViewLayer | Synchronizing object | End_wall_glazing.011
Fra:451 Mem:731.67M (Peak 895.07M) | Time:00:01.81 | Mem:0.00M, Peak:0.00M | Scene, ViewLayer | Synchronizing object | End_wall_sill.017
Fra:451 Mem:731.70M (Peak 895.07M) | Time:00:01.81 | Mem:0.00M, Peak:0.00M | Scene, ViewLayer | Synchronizing object | G3_carved_pedestal_foot
Fra:451 Mem:731.71M (Peak 895.07M) | Time:00:01.81 | Mem:0.00M, Peak:0.00M | Scene, ViewLayer | Synchronizing object | Hall_door_glass.001
Fra:451 Mem:731.74M (Peak 895.07M) | Time:00:01.81 | Mem:0.00M, Peak:0.00M | Scene, ViewLayer | Synchronizing object | G3_carved_pedestal_foot.001
Fra:451 Mem:731.74M (Peak 895.07M) | Time:00:01.81 | Mem:0.00M, Peak:0.00M | Scene, ViewLayer | Synchronizing object | Curved_roof_glazing.016
Fra:451 Mem:731.75M (Peak 895.07M) | Time:00:01.81 | Mem:0.00M, Peak:0.00M | Scene, ViewLayer | Synchronizing object | Column_capital.016
Fra:451 Mem:731.75M (Peak 895.07M) | Time:00:01.81 | Mem:0.00M, Peak:0.00M | Scene, ViewLayer | Synchronizing object | G3_carved_pedestal_foot.002
Fra:451 Mem:731.78M (Peak 895.07M) | Time:00:01.81 | Mem:0.00M, Peak:0.00M | Scene, ViewLayer | Synchronizing object | Curved_roof_glazing.208
Fra:451 Mem:731.78M (Peak 895.07M) | Time:00:01.81 | Mem:0.00M, Peak:0.00M | Scene, ViewLayer | Synchronizing object | Wall_transom.151
Fra:451 Mem:731.81M (Peak 895.07M) | Time:00:01.81 | Mem:0.00M, Peak:0.00M | Scene, ViewLayer | Synchronizing object | G3_cup_handle
Fra:451 Mem:731.82M (Peak 895.07M) | Time:00:01.81 | Mem:0.00M, Peak:0.00M | Scene, ViewLayer | Synchronizing object | Wall_transom.007
Fra:451 Mem:731.87M (Peak 895.07M) | Time:00:01.81 | Mem:0.00M, Peak:0.00M | Scene, ViewLayer | Synchronizing object | Wall_transom.080
Fra:451 Mem:731.90M (Peak 895.07M) | Time:00:01.81 | Mem:0.00M, Peak:0.00M | Scene, ViewLayer | Synchronizing object | G3_door_jamb_gasket
Fra:451 Mem:731.90M (Peak 895.07M) | Time:00:01.81 | Mem:0.00M, Peak:0.00M | Scene, ViewLayer | Synchronizing object | G3_door_jamb_gasket.001
Fra:451 Mem:731.92M (Peak 895.07M) | Time:00:01.81 | Mem:0.00M, Peak:0.00M | Scene, ViewLayer | Synchronizing object | G3_slide_guide_rail
Fra:451 Mem:731.90M (Peak 895.07M) | Time:00:01.81 | Mem:0.00M, Peak:0.00M | Scene, ViewLayer | Synchronizing object | Curved_roof_glazing.141
Fra:451 Mem:731.90M (Peak 895.07M) | Time:00:01.81 | Mem:0.00M, Peak:0.00M | Scene, ViewLayer | Synchronizing object | G3_slide_guide_rail.001
Fra:451 Mem:731.90M (Peak 895.07M) | Time:00:01.81 | Mem:0.00M, Peak:0.00M | Scene, ViewLayer | Synchronizing object | Load_column.004
Fra:451 Mem:731.90M (Peak 895.07M) | Time:00:01.81 | Mem:0.00M, Peak:0.00M | Scene, ViewLayer | Synchronizing object | Wall_transom.179
Fra:451 Mem:731.93M (Peak 895.07M) | Time:00:01.81 | Mem:0.00M, Peak:0.00M | Scene, ViewLayer | Synchronizing object | Wall_stone_sill.016
Fra:451 Mem:731.96M (Peak 895.07M) | Time:00:01.81 | Mem:0.00M, Peak:0.00M | Scene, ViewLayer | Synchronizing object | Wall_stone_sill.051
Fra:451 Mem:731.99M (Peak 895.07M) | Time:00:01.81 | Mem:0.00M, Peak:0.00M | Scene, ViewLayer | Synchronizing object | Wall_stone_sill.055
Fra:451 Mem:732.02M (Peak 895.07M) | Time:00:01.81 | Mem:0.00M, Peak:0.00M | Scene, ViewLayer | Synchronizing object | Curved_roof_glazing.167
Fra:451 Mem:732.02M (Peak 895.07M) | Time:00:01.81 | Mem:0.00M, Peak:0.00M | Scene, ViewLayer | Synchronizing object | Curved_roof_glazing.375
Fra:451 Mem:732.03M (Peak 895.07M) | Time:00:01.81 | Mem:0.00M, Peak:0.00M | Scene, ViewLayer | Synchronizing object | Ridge_vent_stanchion.019
Fra:451 Mem:732.03M (Peak 895.07M) | Time:00:01.81 | Mem:0.00M, Peak:0.00M | Scene, ViewLayer | Synchronizing object | Side_wall_glass.065
Fra:451 Mem:732.03M (Peak 895.07M) | Time:00:01.81 | Mem:0.00M, Peak:0.00M | Scene, ViewLayer | Synchronizing object | Column_base_plinth.001
Fra:451 Mem:732.06M (Peak 895.07M) | Time:00:01.81 | Mem:0.00M, Peak:0.00M | Scene, ViewLayer | Synchronizing object | Side_wall_glass.062
Fra:451 Mem:732.06M (Peak 895.07M) | Time:00:01.81 | Mem:0.00M, Peak:0.00M | Scene, ViewLayer | Synchronizing object | Wall_transom.123
Fra:451 Mem:732.09M (Peak 895.07M) | Time:00:01.81 | Mem:0.00M, Peak:0.00M | Scene, ViewLayer | Synchronizing object | G3R04_sconce_bracket
Fra:451 Mem:732.09M (Peak 895.07M) | Time:00:01.81 | Mem:0.00M, Peak:0.00M | Scene, ViewLayer | Synchronizing object | Column_capital.007
Fra:451 Mem:732.10M (Peak 895.07M) | Time:00:01.81 | Mem:0.00M, Peak:0.00M | Scene, ViewLayer | Synchronizing object | G3R04_sconce_bracket.001
Fra:451 Mem:732.12M (Peak 895.07M) | Time:00:01.81 | Mem:0.00M, Peak:0.00M | Scene, ViewLayer | Synchronizing object | Curved_roof_glazing.017
Fra:451 Mem:732.13M (Peak 895.07M) | Time:00:01.81 | Mem:0.00M, Peak:0.00M | Scene, ViewLayer | Synchronizing object | Hall_door_glass
Fra:451 Mem:732.13M (Peak 895.07M) | Time:00:01.81 | Mem:0.00M, Peak:0.00M | Scene, ViewLayer | Synchronizing object | Wall_stone_sill.046
Fra:451 Mem:732.16M (Peak 895.07M) | Time:00:01.81 | Mem:0.00M, Peak:0.00M | Scene, ViewLayer | Synchronizing object | Curved_roof_glazing.209
Fra:451 Mem:732.16M (Peak 895.07M) | Time:00:01.81 | Mem:0.00M, Peak:0.00M | Scene, ViewLayer | Synchronizing object | Wall_transom.109
Fra:451 Mem:732.16M (Peak 895.07M) | Time:00:01.81 | Mem:0.00M, Peak:0.00M | Scene, ViewLayer | Synchronizing object | G4_full_pane_perimeter_seals
Fra:451 Mem:732.77M (Peak 895.07M) | Time:00:01.81 | Mem:0.00M, Peak:0.00M | Scene, ViewLayer | Synchronizing object | Wall_stone_sill.010
Fra:451 Mem:732.80M (Peak 895.07M) | Time:00:01.81 | Mem:0.00M, Peak:0.00M | Scene, ViewLayer | Synchronizing object | Curved_roof_glazing.142
Fra:451 Mem:732.80M (Peak 895.07M) | Time:00:01.81 | Mem:0.00M, Peak:0.00M | Scene, ViewLayer | Synchronizing object | Wall_stone_sill
Fra:451 Mem:732.82M (Peak 895.07M) | Time:00:01.81 | Mem:0.00M, Peak:0.00M | Scene, ViewLayer | Synchronizing object | Side_wall_glass.106
Fra:451 Mem:734.45M (Peak 895.07M) | Time:00:01.81 | Mem:0.00M, Peak:0.00M | Scene, ViewLayer | Synchronizing object | Side_wall_glass.114
Fra:451 Mem:734.45M (Peak 895.07M) | Time:00:01.81 | Mem:0.00M, Peak:0.00M | Scene, ViewLayer | Synchronizing object | Wall_glazing_mullion.036
Fra:451 Mem:735.26M (Peak 895.07M) | Time:00:01.81 | Mem:0.00M, Peak:0.00M | Scene, ViewLayer | Synchronizing object | Wall_transom.091
Fra:451 Mem:735.24M (Peak 895.07M) | Time:00:01.81 | Mem:0.00M, Peak:0.00M | Scene, ViewLayer | Synchronizing object | Wall_transom.160
Fra:451 Mem:736.18M (Peak 895.07M) | Time:00:01.81 | Mem:0.00M, Peak:0.00M | Scene, ViewLayer | Synchronizing object | Curved_roof_glazing.168
Fra:451 Mem:736.19M (Peak 895.07M) | Time:00:01.81 | Mem:0.00M, Peak:0.00M | Scene, ViewLayer | Synchronizing object | Column_capital
Fra:451 Mem:736.18M (Peak 895.07M) | Time:00:01.81 | Mem:0.00M, Peak:0.00M | Scene, ViewLayer | Synchronizing object | End_wall_mullion.017
Fra:451 Mem:736.22M (Peak 895.07M) | Time:00:01.81 | Mem:0.00M, Peak:0.00M | Scene, ViewLayer | Synchronizing object | Wall_transom.152
Fra:451 Mem:736.24M (Peak 895.07M) | Time:00:01.81 | Mem:0.00M, Peak:0.00M | Scene, ViewLayer | Synchronizing object | Curved_roof_glazing.018
Fra:451 Mem:736.24M (Peak 895.07M) | Time:00:01.81 | Mem:0.00M, Peak:0.00M | Scene, ViewLayer | Synchronizing object | Column_base_plinth.017
Fra:451 Mem:736.25M (Peak 895.07M) | Time:00:01.81 | Mem:0.00M, Peak:0.00M | Scene, ViewLayer | Synchronizing object | Curved_roof_glazing.210
Fra:451 Mem:736.27M (Peak 895.07M) | Time:00:01.81 | Mem:0.00M, Peak:0.00M | Scene, ViewLayer | Synchronizing object | Side_wall_glass.096
Fra:451 Mem:736.27M (Peak 895.07M) | Time:00:01.81 | Mem:0.00M, Peak:0.00M | Scene, ViewLayer | Synchronizing object | Wall_transom.138
Fra:451 Mem:736.30M (Peak 895.07M) | Time:00:01.81 | Mem:0.00M, Peak:0.00M | Scene, ViewLayer | Synchronizing object | Continuous_eaves_gutter.001
Fra:451 Mem:736.52M (Peak 895.07M) | Time:00:01.81 | Mem:0.00M, Peak:0.00M | Scene, ViewLayer | Synchronizing object | Curved_roof_glazing.143
Fra:451 Mem:736.51M (Peak 895.07M) | Time:00:01.81 | Mem:0.00M, Peak:0.00M | Scene, ViewLayer | Synchronizing object | Side_wall_glass.075
Fra:451 Mem:736.51M (Peak 895.07M) | Time:00:01.81 | Mem:0.00M, Peak:0.00M | Scene, ViewLayer | Synchronizing object | Wall_glazing_mullion.037
Fra:451 Mem:736.52M (Peak 895.07M) | Time:00:01.81 | Mem:0.00M, Peak:0.00M | Scene, ViewLayer | Synchronizing object | Curved_roof_glazing.169
Fra:451 Mem:736.53M (Peak 895.07M) | Time:00:01.81 | Mem:0.00M, Peak:0.00M | Scene, ViewLayer | Synchronizing object | Curved_roof_glazing.377
Fra:451 Mem:736.55M (Peak 895.07M) | Time:00:01.81 | Mem:0.00M, Peak:0.00M | Scene, ViewLayer | Synchronizing object | Longitudinal_roof_purlin.008
Fra:451 Mem:736.56M (Peak 895.07M) | Time:00:01.81 | Mem:0.00M, Peak:0.00M | Scene, ViewLayer | Synchronizing object | Ridge_vent_stanchion.020
Fra:451 Mem:736.57M (Peak 895.07M) | Time:00:01.81 | Mem:0.00M, Peak:0.00M | Scene, ViewLayer | Synchronizing object | Side_wall_glass.039
Fra:451 Mem:736.57M (Peak 895.07M) | Time:00:01.82 | Mem:0.00M, Peak:0.00M | Scene, ViewLayer | Synchronizing object | Side_wall_glass.063
Fra:451 Mem:736.57M (Peak 895.07M) | Time:00:01.82 | Mem:0.00M, Peak:0.00M | Scene, ViewLayer | Synchronizing object | Curved_roof_glazing.019
Fra:451 Mem:736.58M (Peak 895.07M) | Time:00:01.82 | Mem:0.00M, Peak:0.00M | Scene, ViewLayer | Synchronizing object | End_wall_sill.003
Fra:451 Mem:736.58M (Peak 895.07M) | Time:00:01.82 | Mem:0.00M, Peak:0.00M | Scene, ViewLayer | Synchronizing object | Wall_glazing_mullion.018
Fra:451 Mem:736.62M (Peak 895.07M) | Time:00:01.82 | Mem:0.00M, Peak:0.00M | Scene, ViewLayer | Synchronizing object | Curved_roof_glazing.003
Fra:451 Mem:736.62M (Peak 895.07M) | Time:00:01.82 | Mem:0.00M, Peak:0.00M | Scene, ViewLayer | Synchronizing object | Curved_roof_glazing.211
Fra:451 Mem:736.65M (Peak 895.07M) | Time:00:01.82 | Mem:0.00M, Peak:0.00M | Scene, ViewLayer | Synchronizing object | Side_wall_glass.020
Fra:451 Mem:736.63M (Peak 895.07M) | Time:00:01.82 | Mem:0.00M, Peak:0.00M | Scene, ViewLayer | Synchronizing object | Wall_transom.040
Fra:451 Mem:736.63M (Peak 895.07M) | Time:00:01.82 | Mem:0.00M, Peak:0.00M | Scene, ViewLayer | Synchronizing object | Wall_transom.070
Fra:451 Mem:736.67M (Peak 895.07M) | Time:00:01.82 | Mem:0.00M, Peak:0.00M | Scene, ViewLayer | Synchronizing object | Column_capital.004
Fra:451 Mem:737.09M (Peak 895.07M) | Time:00:01.82 | Mem:0.00M, Peak:0.00M | Scene, ViewLayer | Synchronizing object | Curved_roof_glazing.144
Fra:451 Mem:737.09M (Peak 895.07M) | Time:00:01.82 | Mem:0.00M, Peak:0.00M | Scene, ViewLayer | Synchronizing object | Side_wall_glass.032
Fra:451 Mem:737.09M (Peak 895.07M) | Time:00:01.82 | Mem:0.00M, Peak:0.00M | Scene, ViewLayer | Synchronizing object | Column_capital.009
Fra:451 Mem:737.12M (Peak 895.07M) | Time:00:01.82 | Mem:0.00M, Peak:0.00M | Scene, ViewLayer | Synchronizing object | Wall_transom.114
Fra:451 Mem:737.13M (Peak 895.07M) | Time:00:01.82 | Mem:0.00M, Peak:0.00M | Scene, ViewLayer | Synchronizing object | Secondary_glazing_rib.020
Fra:451 Mem:737.18M (Peak 895.07M) | Time:00:01.82 | Mem:0.00M, Peak:0.00M | Scene, ViewLayer | Synchronizing object | Curved_roof_glazing.170
Fra:451 Mem:737.21M (Peak 895.07M) | Time:00:01.82 | Mem:0.00M, Peak:0.00M | Scene, ViewLayer | Synchronizing object | Curved_roof_glazing.378
Fra:451 Mem:737.18M (Peak 895.07M) | Time:00:01.82 | Mem:0.00M, Peak:0.00M | Scene, ViewLayer | Synchronizing object | End_elevation_crossbar.002
Fra:451 Mem:737.38M (Peak 895.07M) | Time:00:01.82 | Mem:0.00M, Peak:0.00M | Scene, ViewLayer | Synchronizing object | Hall_door_rail.003
Fra:451 Mem:737.43M (Peak 895.07M) | Time:00:01.82 | Mem:0.00M, Peak:0.00M | Scene, ViewLayer | Synchronizing object | Wall_stone_sill.053
Fra:451 Mem:737.46M (Peak 895.07M) | Time:00:01.82 | Mem:0.00M, Peak:0.00M | Scene, ViewLayer | Synchronizing object | Curved_roof_glazing.052
Fra:451 Mem:737.46M (Peak 895.07M) | Time:00:01.82 | Mem:0.00M, Peak:0.00M | Scene, ViewLayer | Synchronizing object | Curved_roof_glazing.324
Fra:451 Mem:737.46M (Peak 895.07M) | Time:00:01.82 | Mem:0.00M, Peak:0.00M | Scene, ViewLayer | Synchronizing object | Side_wall_glass.050
Fra:451 Mem:737.48M (Peak 895.07M) | Time:00:01.82 | Mem:0.00M, Peak:0.00M | Scene, ViewLayer | Synchronizing object | Curved_roof_glazing.308
Fra:451 Mem:737.46M (Peak 895.07M) | Time:00:01.82 | Mem:0.00M, Peak:0.00M | Scene, ViewLayer | Synchronizing object | Wall_transom.129
Fra:451 Mem:737.46M (Peak 895.07M) | Time:00:01.82 | Mem:0.00M, Peak:0.00M | Scene, ViewLayer | Synchronizing object | Curved_roof_glazing.145
Fra:451 Mem:737.49M (Peak 895.07M) | Time:00:01.82 | Mem:0.00M, Peak:0.00M | Scene, ViewLayer | Synchronizing object | Side_wall_glass.033
Fra:451 Mem:737.48M (Peak 895.07M) | Time:00:01.82 | Mem:0.00M, Peak:0.00M | Scene, ViewLayer | Synchronizing object | End_wall_sill.008
Fra:451 Mem:737.50M (Peak 895.07M) | Time:00:01.82 | Mem:0.00M, Peak:0.00M | Scene, ViewLayer | Synchronizing object | Wall_glazing_mullion.021
Fra:451 Mem:737.56M (Peak 895.07M) | Time:00:01.82 | Mem:0.00M, Peak:0.00M | Scene, ViewLayer | Synchronizing object | Wall_glazing_mullion.034
Fra:451 Mem:737.53M (Peak 895.07M) | Time:00:01.82 | Mem:0.00M, Peak:0.00M | Scene, ViewLayer | Synchronizing object | Side_wall_glass.107
Fra:451 Mem:737.54M (Peak 895.07M) | Time:00:01.82 | Mem:0.00M, Peak:0.00M | Scene, ViewLayer | Synchronizing object | Side_wall_glass.115
Fra:451 Mem:737.56M (Peak 895.07M) | Time:00:01.82 | Mem:0.00M, Peak:0.00M | Scene, ViewLayer | Synchronizing object | Wall_transom.017
Fra:451 Mem:737.58M (Peak 895.07M) | Time:00:01.82 | Mem:0.00M, Peak:0.00M | Scene, ViewLayer | Synchronizing object | Curved_roof_glazing.171
Fra:451 Mem:737.58M (Peak 895.07M) | Time:00:01.82 | Mem:0.00M, Peak:0.00M | Scene, ViewLayer | Synchronizing object | End_wall_sill.005
Fra:451 Mem:737.61M (Peak 895.07M) | Time:00:01.82 | Mem:0.00M, Peak:0.00M | Scene, ViewLayer | Synchronizing object | Ridge_vent_stanchion.021
Fra:451 Mem:737.61M (Peak 895.07M) | Time:00:01.82 | Mem:0.00M, Peak:0.00M | Scene, ViewLayer | Synchronizing object | Load_column.001
Fra:451 Mem:737.61M (Peak 895.07M) | Time:00:01.82 | Mem:0.00M, Peak:0.00M | Scene, ViewLayer | Synchronizing object | Side_wall_glass.110
Fra:451 Mem:737.61M (Peak 895.07M) | Time:00:01.82 | Mem:0.00M, Peak:0.00M | Scene, ViewLayer | Synchronizing object | Wall_transom.023
Fra:451 Mem:737.61M (Peak 895.07M) | Time:00:01.82 | Mem:0.00M, Peak:0.00M | Scene, ViewLayer | Synchronizing object | Wall_transom.172
Fra:451 Mem:737.46M (Peak 895.07M) | Time:00:01.82 | Mem:0.00M, Peak:0.00M | Scene, ViewLayer | Synchronizing object | Curved_roof_glazing.053
Fra:451 Mem:737.49M (Peak 895.07M) | Time:00:01.82 | Mem:0.00M, Peak:0.00M | Scene, ViewLayer | Synchronizing object | Curved_roof_glazing.325
Fra:451 Mem:737.47M (Peak 895.07M) | Time:00:01.82 | Mem:0.00M, Peak:0.00M | Scene, ViewLayer | Synchronizing object | Wall_transom.077
Fra:451 Mem:737.47M (Peak 895.07M) | Time:00:01.82 | Mem:0.00M, Peak:0.00M | Scene, ViewLayer | Synchronizing object | Curved_roof_glazing.309
Fra:451 Mem:737.50M (Peak 895.07M) | Time:00:01.82 | Mem:0.00M, Peak:0.00M | Scene, ViewLayer | Synchronizing object | Wall_transom.095
Fra:451 Mem:737.52M (Peak 895.07M) | Time:00:01.82 | Mem:0.00M, Peak:0.00M | Scene, ViewLayer | Synchronizing object | Wall_transom.042
Fra:451 Mem:737.54M (Peak 895.07M) | Time:00:01.82 | Mem:0.00M, Peak:0.00M | Scene, ViewLayer | Synchronizing object | Side_wall_glass.021
Fra:451 Mem:737.54M (Peak 895.07M) | Time:00:01.82 | Mem:0.00M, Peak:0.00M | Scene, ViewLayer | Synchronizing object | Wall_transom.008
Fra:451 Mem:737.56M (Peak 895.07M) | Time:00:01.82 | Mem:0.00M, Peak:0.00M | Scene, ViewLayer | Synchronizing object | Wall_stone_sill.027
Fra:451 Mem:737.61M (Peak 895.07M) | Time:00:01.82 | Mem:0.00M, Peak:0.00M | Scene, ViewLayer | Synchronizing object | Curved_roof_glazing.146
Fra:451 Mem:737.59M (Peak 895.07M) | Time:00:01.82 | Mem:0.00M, Peak:0.00M | Scene, ViewLayer | Synchronizing object | Load_column.005
Fra:451 Mem:737.59M (Peak 895.07M) | Time:00:01.82 | Mem:0.00M, Peak:0.00M | Scene, ViewLayer | Synchronizing object | Side_wall_glass.001
Fra:451 Mem:737.59M (Peak 895.07M) | Time:00:01.82 | Mem:0.00M, Peak:0.00M | Scene, ViewLayer | Synchronizing object | Secondary_glazing_rib.012
Fra:451 Mem:737.60M (Peak 895.07M) | Time:00:01.82 | Mem:0.00M, Peak:0.00M | Scene, ViewLayer | Synchronizing object | Column_capital.014
Fra:451 Mem:737.66M (Peak 895.07M) | Time:00:01.82 | Mem:0.00M, Peak:0.00M | Scene, ViewLayer | Synchronizing object | Wall_glazing_mullion.035
Fra:451 Mem:737.68M (Peak 895.07M) | Time:00:01.82 | Mem:0.00M, Peak:0.00M | Scene, ViewLayer | Synchronizing object | Curved_roof_glazing.172
Fra:451 Mem:737.69M (Peak 895.07M) | Time:00:01.82 | Mem:0.00M, Peak:0.00M | Scene, ViewLayer | Synchronizing object | Curved_roof_glazing.380
Fra:451 Mem:737.71M (Peak 895.07M) | Time:00:01.82 | Mem:0.00M, Peak:0.00M | Scene, ViewLayer | Synchronizing object | End_wall_glazing.006
Fra:451 Mem:737.69M (Peak 895.07M) | Time:00:01.82 | Mem:0.00M, Peak:0.00M | Scene, ViewLayer | Synchronizing object | Wall_transom.096
Fra:451 Mem:737.69M (Peak 895.07M) | Time:00:01.82 | Mem:0.00M, Peak:0.00M | Scene, ViewLayer | Synchronizing object | Wall_glazing_mullion
Fra:451 Mem:737.74M (Peak 895.07M) | Time:00:01.82 | Mem:0.00M, Peak:0.00M | Scene, ViewLayer | Synchronizing object | Wall_transom.124
Fra:451 Mem:737.74M (Peak 895.07M) | Time:00:01.82 | Mem:0.00M, Peak:0.00M | Scene, ViewLayer | Synchronizing object | Curved_roof_glazing.054
Fra:451 Mem:737.76M (Peak 895.07M) | Time:00:01.82 | Mem:0.00M, Peak:0.00M | Scene, ViewLayer | Synchronizing object | Curved_roof_glazing.326
Fra:451 Mem:737.77M (Peak 895.07M) | Time:00:01.82 | Mem:0.00M, Peak:0.00M | Scene, ViewLayer | Synchronizing object | Side_wall_glass.051
Fra:451 Mem:737.77M (Peak 895.07M) | Time:00:01.82 | Mem:0.00M, Peak:0.00M | Scene, ViewLayer | Synchronizing object | Curved_roof_glazing.310
Fra:451 Mem:737.79M (Peak 895.07M) | Time:00:01.82 | Mem:0.00M, Peak:0.00M | Scene, ViewLayer | Synchronizing object | Side_wall_glass.059
Fra:451 Mem:737.77M (Peak 895.07M) | Time:00:01.82 | Mem:0.00M, Peak:0.00M | Scene, ViewLayer | Synchronizing object | Side_wall_glass.054
Fra:451 Mem:737.77M (Peak 895.07M) | Time:00:01.82 | Mem:0.00M, Peak:0.00M | Scene, ViewLayer | Synchronizing object | Curved_roof_glazing.147
Fra:451 Mem:737.77M (Peak 895.07M) | Time:00:01.82 | Mem:0.00M, Peak:0.00M | Scene, ViewLayer | Synchronizing object | Column_base_plinth.005
Fra:451 Mem:737.80M (Peak 895.07M) | Time:00:01.82 | Mem:0.00M, Peak:0.00M | Scene, ViewLayer | Synchronizing object | Side_wall_glass
Fra:451 Mem:737.80M (Peak 895.07M) | Time:00:01.82 | Mem:0.00M, Peak:0.00M | Scene, ViewLayer | Synchronizing object | End_wall_glazing.009
Fra:451 Mem:737.80M (Peak 895.07M) | Time:00:01.82 | Mem:0.00M, Peak:0.00M | Scene, ViewLayer | Synchronizing object | Secondary_glazing_rib.019
Fra:451 Mem:737.85M (Peak 895.07M) | Time:00:01.82 | Mem:0.00M, Peak:0.00M | Scene, ViewLayer | Synchronizing object | Wall_transom.092
Fra:451 Mem:737.84M (Peak 895.07M) | Time:00:01.82 | Mem:0.00M, Peak:0.00M | Scene, ViewLayer | Synchronizing object | Wall_transom.161
Fra:451 Mem:737.89M (Peak 895.07M) | Time:00:01.82 | Mem:0.00M, Peak:0.00M | Scene, ViewLayer | Synchronizing object | Column_base_plinth
Fra:451 Mem:737.91M (Peak 895.07M) | Time:00:01.82 | Mem:0.00M, Peak:0.00M | Scene, ViewLayer | Synchronizing object | Curved_roof_glazing.173
Fra:451 Mem:737.92M (Peak 895.07M) | Time:00:01.82 | Mem:0.00M, Peak:0.00M | Scene, ViewLayer | Synchronizing object | Curved_roof_glazing.381
Fra:451 Mem:737.94M (Peak 895.07M) | Time:00:01.82 | Mem:0.00M, Peak:0.00M | Scene, ViewLayer | Synchronizing object | Ridge_vent_stanchion.022
Fra:451 Mem:737.92M (Peak 895.07M) | Time:00:01.82 | Mem:0.00M, Peak:0.00M | Scene, ViewLayer | Synchronizing object | Longitudinal_roof_purlin.001
Fra:451 Mem:737.94M (Peak 895.07M) | Time:00:01.82 | Mem:0.00M, Peak:0.00M | Scene, ViewLayer | Synchronizing object | End_wall_sill.015
Fra:451 Mem:737.96M (Peak 895.07M) | Time:00:01.82 | Mem:0.00M, Peak:0.00M | Scene, ViewLayer | Synchronizing object | Wall_transom.153
Fra:451 Mem:744.37M (Peak 895.07M) | Time:00:01.82 | Mem:0.00M, Peak:0.00M | Scene, ViewLayer | Synchronizing object | Curved_roof_glazing.055
Fra:451 Mem:744.37M (Peak 895.07M) | Time:00:01.82 | Mem:0.00M, Peak:0.00M | Scene, ViewLayer | Synchronizing object | Curved_roof_glazing.327
Fra:451 Mem:744.37M (Peak 895.07M) | Time:00:01.82 | Mem:0.00M, Peak:0.00M | Scene, ViewLayer | Synchronizing object | Curved_roof_glazing.311
Fra:451 Mem:744.38M (Peak 895.07M) | Time:00:01.82 | Mem:0.00M, Peak:0.00M | Scene, ViewLayer | Synchronizing object | Load_column.013
Fra:451 Mem:744.38M (Peak 895.07M) | Time:00:01.82 | Mem:0.00M, Peak:0.00M | Scene, ViewLayer | Synchronizing object | Secondary_glazing_rib.009
Fra:451 Mem:744.42M (Peak 895.07M) | Time:00:01.82 | Mem:0.00M, Peak:0.00M | Scene, ViewLayer | Synchronizing object | Curved_roof_glazing.174
Fra:451 Mem:744.43M (Peak 895.07M) | Time:00:01.82 | Mem:0.00M, Peak:0.00M | Scene, ViewLayer | Synchronizing object | Curved_roof_glazing.382
Fra:451 Mem:744.43M (Peak 895.07M) | Time:00:01.82 | Mem:0.00M, Peak:0.00M | Scene, ViewLayer | Synchronizing object | Longitudinal_roof_purlin.009
Fra:451 Mem:744.45M (Peak 895.07M) | Time:00:01.82 | Mem:0.00M, Peak:0.00M | Scene, ViewLayer | Synchronizing object | Wall_transom.057
Fra:451 Mem:745.26M (Peak 895.07M) | Time:00:01.82 | Mem:0.00M, Peak:0.00M | Scene, ViewLayer | Synchronizing object | Wall_transom.093
Fra:451 Mem:745.29M (Peak 895.07M) | Time:00:01.82 | Mem:0.00M, Peak:0.00M | Scene, ViewLayer | Synchronizing object | Side_wall_glass.111
Fra:451 Mem:745.29M (Peak 895.07M) | Time:00:01.82 | Mem:0.00M, Peak:0.00M | Scene, ViewLayer | Synchronizing object | Curved_roof_glazing.056
Fra:451 Mem:745.29M (Peak 895.07M) | Time:00:01.82 | Mem:0.00M, Peak:0.00M | Scene, ViewLayer | Synchronizing object | Curved_roof_glazing.328
Fra:451 Mem:745.29M (Peak 895.07M) | Time:00:01.82 | Mem:0.00M, Peak:0.00M | Scene, ViewLayer | Synchronizing object | Wall_transom.148
Fra:451 Mem:745.31M (Peak 895.07M) | Time:00:01.82 | Mem:0.00M, Peak:0.00M | Scene, ViewLayer | Synchronizing object | Curved_roof_glazing.312
Fra:451 Mem:745.32M (Peak 895.07M) | Time:00:01.82 | Mem:0.00M, Peak:0.00M | Scene, ViewLayer | Synchronizing object | Wall_transom.142
Fra:451 Mem:745.54M (Peak 895.07M) | Time:00:01.82 | Mem:0.00M, Peak:0.00M | Scene, ViewLayer | Synchronizing object | Wall_stone_sill.009
Fra:451 Mem:746.35M (Peak 895.07M) | Time:00:01.82 | Mem:0.00M, Peak:0.00M | Scene, ViewLayer | Synchronizing object | Wall_transom.071
Fra:451 Mem:746.37M (Peak 895.07M) | Time:00:01.82 | Mem:0.00M, Peak:0.00M | Scene, ViewLayer | Synchronizing object | Longitudinal_roof_purlin.004
Fra:451 Mem:746.39M (Peak 895.07M) | Time:00:01.82 | Mem:0.00M, Peak:0.00M | Scene, ViewLayer | Synchronizing object | Ridge_vent_stanchion.010
Fra:451 Mem:746.39M (Peak 895.07M) | Time:00:01.82 | Mem:0.00M, Peak:0.00M | Scene, ViewLayer | Synchronizing object | Wall_transom.158
Fra:451 Mem:745.63M (Peak 895.07M) | Time:00:01.82 | Mem:0.00M, Peak:0.00M | Scene, ViewLayer | Synchronizing object | Wall_transom.115
Fra:451 Mem:745.66M (Peak 895.07M) | Time:00:01.82 | Mem:0.00M, Peak:0.00M | Scene, ViewLayer | Synchronizing object | Column_capital.015
Fra:451 Mem:745.69M (Peak 895.07M) | Time:00:01.82 | Mem:0.00M, Peak:0.00M | Scene, ViewLayer | Synchronizing object | G4_sconce_G3R04_sconce_bracket
Fra:451 Mem:745.68M (Peak 895.07M) | Time:00:01.82 | Mem:0.00M, Peak:0.00M | Scene, ViewLayer | Synchronizing object | Curved_roof_glazing.175
Fra:451 Mem:745.69M (Peak 895.07M) | Time:00:01.82 | Mem:0.00M, Peak:0.00M | Scene, ViewLayer | Synchronizing object | Curved_roof_glazing.383
Fra:451 Mem:745.69M (Peak 895.07M) | Time:00:01.82 | Mem:0.00M, Peak:0.00M | Scene, ViewLayer | Synchronizing object | Load_column
Fra:451 Mem:745.69M (Peak 895.07M) | Time:00:01.82 | Mem:0.00M, Peak:0.00M | Scene, ViewLayer | Synchronizing object | Ridge_vent_stanchion.023
Fra:451 Mem:745.69M (Peak 895.07M) | Time:00:01.82 | Mem:0.00M, Peak:0.00M | Scene, ViewLayer | Synchronizing object | Column_capital.001
Fra:451 Mem:745.72M (Peak 895.07M) | Time:00:01.82 | Mem:0.00M, Peak:0.00M | Scene, ViewLayer | Synchronizing object | End_wall_glazing.018
Fra:451 Mem:745.72M (Peak 895.07M) | Time:00:01.82 | Mem:0.00M, Peak:0.00M | Scene, ViewLayer | Synchronizing object | End_elevation_crossbar.003
Fra:451 Mem:745.75M (Peak 895.07M) | Time:00:01.82 | Mem:0.00M, Peak:0.00M | Scene, ViewLayer | Synchronizing object | G4_sconce_G3R04_sconce_bracket.001
Fra:451 Mem:745.75M (Peak 895.07M) | Time:00:01.82 | Mem:0.00M, Peak:0.00M | Scene, ViewLayer | Synchronizing object | Curved_roof_glazing.057
Fra:451 Mem:745.76M (Peak 895.07M) | Time:00:01.82 | Mem:0.00M, Peak:0.00M | Scene, ViewLayer | Synchronizing object | Curved_roof_glazing.329
Fra:451 Mem:745.76M (Peak 895.07M) | Time:00:01.82 | Mem:0.00M, Peak:0.00M | Scene, ViewLayer | Synchronizing object | Curved_roof_glazing.313
Fra:451 Mem:745.76M (Peak 895.07M) | Time:00:01.82 | Mem:0.00M, Peak:0.00M | Scene, ViewLayer | Synchronizing object | Wall_transom.130
Fra:451 Mem:745.79M (Peak 895.07M) | Time:00:01.82 | Mem:0.00M, Peak:0.00M | Scene, ViewLayer | Synchronizing object | Side_wall_glass.018
Fra:451 Mem:745.79M (Peak 895.07M) | Time:00:01.82 | Mem:0.00M, Peak:0.00M | Scene, ViewLayer | Synchronizing object | Load_column.002
Fra:451 Mem:745.79M (Peak 895.07M) | Time:00:01.82 | Mem:0.00M, Peak:0.00M | Scene, ViewLayer | Synchronizing object | Wall_transom.048
Fra:451 Mem:745.84M (Peak 895.07M) | Time:00:01.82 | Mem:0.00M, Peak:0.00M | Scene, ViewLayer | Synchronizing object | G4_sconce_G3R04_sconce_bracket.002
Fra:451 Mem:745.82M (Peak 895.07M) | Time:00:01.82 | Mem:0.00M, Peak:0.00M | Scene, ViewLayer | Synchronizing object | Wall_stone_sill.006
Fra:451 Mem:745.86M (Peak 895.07M) | Time:00:01.82 | Mem:0.00M, Peak:0.00M | Scene, ViewLayer | Synchronizing object | Wall_transom.157
Fra:451 Mem:745.88M (Peak 895.07M) | Time:00:01.82 | Mem:0.00M, Peak:0.00M | Scene, ViewLayer | Synchronizing object | Wall_transom.169
Fra:451 Mem:745.92M (Peak 895.07M) | Time:00:01.82 | Mem:0.00M, Peak:0.00M | Scene, ViewLayer | Synchronizing object | Curved_roof_glazing.176
Fra:451 Mem:745.91M (Peak 895.07M) | Time:00:01.82 | Mem:0.00M, Peak:0.00M | Scene, ViewLayer | Synchronizing object | Primary_elliptical_arch
Fra:451 Mem:745.94M (Peak 895.07M) | Time:00:01.82 | Mem:0.00M, Peak:0.00M | Scene, ViewLayer | Synchronizing object | Hall_door_rail.004
Fra:451 Mem:745.98M (Peak 895.07M) | Time:00:01.82 | Mem:0.00M, Peak:0.00M | Scene, ViewLayer | Synchronizing object | G4_sconce_G3R04_sconce_bracket.003
Fra:451 Mem:745.98M (Peak 895.07M) | Time:00:01.82 | Mem:0.00M, Peak:0.00M | Scene, ViewLayer | Synchronizing object | Wall_stone_sill.008
Fra:451 Mem:746.03M (Peak 895.07M) | Time:00:01.82 | Mem:0.00M, Peak:0.00M | Scene, ViewLayer | Synchronizing object | Wall_transom.173
Fra:451 Mem:746.02M (Peak 895.07M) | Time:00:01.82 | Mem:0.00M, Peak:0.00M | Scene, ViewLayer | Synchronizing object | Curved_roof_glazing.058
Fra:451 Mem:746.06M (Peak 895.07M) | Time:00:01.82 | Mem:0.00M, Peak:0.00M | Scene, ViewLayer | Synchronizing object | Curved_roof_glazing.330
Fra:451 Mem:746.06M (Peak 895.07M) | Time:00:01.82 | Mem:0.00M, Peak:0.00M | Scene, ViewLayer | Synchronizing object | Curved_roof_glazing.314
Fra:451 Mem:746.06M (Peak 895.07M) | Time:00:01.82 | Mem:0.00M, Peak:0.00M | Scene, ViewLayer | Synchronizing object | Wall_stone_sill.003
Fra:451 Mem:746.08M (Peak 895.07M) | Time:00:01.82 | Mem:0.00M, Peak:0.00M | Scene, ViewLayer | Synchronizing object | Ridge_vent_stanchion.011
Fra:451 Mem:746.09M (Peak 895.07M) | Time:00:01.82 | Mem:0.00M, Peak:0.00M | Scene, ViewLayer | Synchronizing object | Wall_stone_sill.007
Fra:451 Mem:746.14M (Peak 895.07M) | Time:00:01.82 | Mem:0.00M, Peak:0.00M | Scene, ViewLayer | Synchronizing object | G4_sconce_G3R04_sconce_bracket.004
Fra:451 Mem:746.11M (Peak 895.07M) | Time:00:01.82 | Mem:0.00M, Peak:0.00M | Scene, ViewLayer | Synchronizing object | Curved_roof_glazing.228
Fra:451 Mem:746.11M (Peak 895.07M) | Time:00:01.82 | Mem:0.00M, Peak:0.00M | Scene, ViewLayer | Synchronizing object | End_wall_glazing.004
Fra:451 Mem:746.11M (Peak 895.07M) | Time:00:01.82 | Mem:0.00M, Peak:0.00M | Scene, ViewLayer | Synchronizing object | Secondary_glazing_rib.001
Fra:451 Mem:746.15M (Peak 895.07M) | Time:00:01.82 | Mem:0.00M, Peak:0.00M | Scene, ViewLayer | Synchronizing object | Side_wall_glass.084
Fra:451 Mem:746.16M (Peak 895.07M) | Time:00:01.82 | Mem:0.00M, Peak:0.00M | Scene, ViewLayer | Synchronizing object | Wall_transom.105
Fra:451 Mem:746.17M (Peak 895.07M) | Time:00:01.82 | Mem:0.00M, Peak:0.00M | Scene, ViewLayer | Synchronizing object | Curved_roof_glazing.177
Fra:451 Mem:746.20M (Peak 895.07M) | Time:00:01.82 | Mem:0.00M, Peak:0.00M | Scene, ViewLayer | Synchronizing object | Ridge_vent_stanchion.024
Fra:451 Mem:746.20M (Peak 895.07M) | Time:00:01.82 | Mem:0.00M, Peak:0.00M | Scene, ViewLayer | Synchronizing object | Secondary_glazing_rib.021
Fra:451 Mem:746.24M (Peak 895.07M) | Time:00:01.82 | Mem:0.00M, Peak:0.00M | Scene, ViewLayer | Synchronizing object | Wall_transom.097
Fra:451 Mem:746.25M (Peak 895.07M) | Time:00:01.82 | Mem:0.00M, Peak:0.00M | Scene, ViewLayer | Synchronizing object | Secondary_glazing_rib
Fra:451 Mem:746.33M (Peak 895.07M) | Time:00:01.82 | Mem:0.00M, Peak:0.00M | Scene, ViewLayer | Synchronizing object | Wall_transom.125
Fra:451 Mem:746.34M (Peak 895.07M) | Time:00:01.82 | Mem:0.00M, Peak:0.00M | Scene, ViewLayer | Synchronizing object | G4_sconce_G3R04_sconce_bracket.005
Fra:451 Mem:746.36M (Peak 895.07M) | Time:00:01.82 | Mem:0.00M, Peak:0.00M | Scene, ViewLayer | Synchronizing object | Wall_transom.075
Fra:451 Mem:746.34M (Peak 895.07M) | Time:00:01.82 | Mem:0.00M, Peak:0.00M | Scene, ViewLayer | Synchronizing object | Curved_roof_glazing.059
Fra:451 Mem:746.37M (Peak 895.07M) | Time:00:01.82 | Mem:0.00M, Peak:0.00M | Scene, ViewLayer | Synchronizing object | Curved_roof_glazing.331
Fra:451 Mem:746.39M (Peak 895.07M) | Time:00:01.82 | Mem:0.00M, Peak:0.00M | Scene, ViewLayer | Synchronizing object | Curved_roof_glazing.315
Fra:451 Mem:746.37M (Peak 895.07M) | Time:00:01.82 | Mem:0.00M, Peak:0.00M | Scene, ViewLayer | Synchronizing object | Wall_transom.087
Fra:451 Mem:746.40M (Peak 895.07M) | Time:00:01.82 | Mem:0.00M, Peak:0.00M | Scene, ViewLayer | Synchronizing object | Wall_glazing_mullion.030
Fra:451 Mem:746.41M (Peak 895.07M) | Time:00:01.82 | Mem:0.00M, Peak:0.00M | Scene, ViewLayer | Synchronizing object | Wall_transom.061
Fra:451 Mem:746.45M (Peak 895.07M) | Time:00:01.82 | Mem:0.00M, Peak:0.00M | Scene, ViewLayer | Synchronizing object | Wall_transom.166
Fra:451 Mem:746.46M (Peak 895.07M) | Time:00:01.82 | Mem:0.00M, Peak:0.00M | Scene, ViewLayer | Synchronizing object | G4_sconce_G3R04_sconce_bracket.006
Fra:451 Mem:746.47M (Peak 895.07M) | Time:00:01.82 | Mem:0.00M, Peak:0.00M | Scene, ViewLayer | Synchronizing object | Wall_transom
Fra:451 Mem:746.52M (Peak 895.07M) | Time:00:01.82 | Mem:0.00M, Peak:0.00M | Scene, ViewLayer | Synchronizing object | Curved_roof_glazing.149
Fra:451 Mem:746.50M (Peak 895.07M) | Time:00:01.82 | Mem:0.00M, Peak:0.00M | Scene, ViewLayer | Synchronizing object | Curved_roof_glazing.229
Fra:451 Mem:746.50M (Peak 895.07M) | Time:00:01.82 | Mem:0.00M, Peak:0.00M | Scene, ViewLayer | Synchronizing object | Wall_glazing_mullion.032
Fra:451 Mem:746.51M (Peak 895.07M) | Time:00:01.82 | Mem:0.00M, Peak:0.00M | Scene, ViewLayer | Synchronizing object | Wall_transom.065
Fra:451 Mem:746.56M (Peak 895.07M) | Time:00:01.82 | Mem:0.00M, Peak:0.00M | Scene, ViewLayer | Synchronizing object | Wall_transom.170
Fra:451 Mem:746.56M (Peak 895.07M) | Time:00:01.82 | Mem:0.00M, Peak:0.00M | Scene, ViewLayer | Synchronizing object | Wall_transom.164
Fra:451 Mem:746.60M (Peak 895.07M) | Time:00:01.82 | Mem:0.00M, Peak:0.00M | Scene, ViewLayer | Synchronizing object | G4_sconce_G3R04_sconce_bracket.007
Fra:451 Mem:746.61M (Peak 895.07M) | Time:00:01.82 | Mem:0.00M, Peak:0.00M | Scene, ViewLayer | Synchronizing object | Side_wall_glass.012
Fra:451 Mem:746.63M (Peak 895.07M) | Time:00:01.82 | Mem:0.00M, Peak:0.00M | Scene, ViewLayer | Synchronizing object | Wall_stone_sill.031
Fra:451 Mem:746.61M (Peak 895.07M) | Time:00:01.82 | Mem:0.00M, Peak:0.00M | Scene, ViewLayer | Synchronizing object | Wall_transom.162
Fra:451 Mem:746.66M (Peak 895.07M) | Time:00:01.82 | Mem:0.00M, Peak:0.00M | Scene, ViewLayer | Synchronizing object | Curved_roof_glazing.178
Fra:451 Mem:746.68M (Peak 895.07M) | Time:00:01.82 | Mem:0.00M, Peak:0.00M | Scene, ViewLayer | Synchronizing object | End_wall_mullion.006
Fra:451 Mem:746.67M (Peak 895.07M) | Time:00:01.82 | Mem:0.00M, Peak:0.00M | Scene, ViewLayer | Synchronizing object | Wall_glazing_mullion.039
Fra:451 Mem:746.72M (Peak 895.07M) | Time:00:01.82 | Mem:0.00M, Peak:0.00M | Scene, ViewLayer | Synchronizing object | G4_sconce_G3R04_sconce_bracket.008
Fra:451 Mem:746.71M (Peak 895.07M) | Time:00:01.82 | Mem:0.00M, Peak:0.00M | Scene, ViewLayer | Synchronizing object | Wall_glazing_mullion.002
Fra:451 Mem:746.75M (Peak 895.07M) | Time:00:01.82 | Mem:0.00M, Peak:0.00M | Scene, ViewLayer | Synchronizing object | Side_wall_glass.016
Fra:451 Mem:746.74M (Peak 895.07M) | Time:00:01.82 | Mem:0.00M, Peak:0.00M | Scene, ViewLayer | Synchronizing object | Wall_stone_sill.050
Fra:451 Mem:746.76M (Peak 895.07M) | Time:00:01.82 | Mem:0.00M, Peak:0.00M | Scene, ViewLayer | Synchronizing object | Curved_roof_glazing.060
Fra:451 Mem:746.77M (Peak 895.07M) | Time:00:01.82 | Mem:0.00M, Peak:0.00M | Scene, ViewLayer | Synchronizing object | Curved_roof_glazing.332
Fra:451 Mem:746.79M (Peak 895.07M) | Time:00:01.82 | Mem:0.00M, Peak:0.00M | Scene, ViewLayer | Synchronizing object | Wall_stone_sill.026
Fra:451 Mem:746.78M (Peak 895.07M) | Time:00:01.82 | Mem:0.00M, Peak:0.00M | Scene, ViewLayer | Synchronizing object | Continuous_eaves_gutter
Fra:451 Mem:746.82M (Peak 895.07M) | Time:00:01.82 | Mem:0.00M, Peak:0.00M | Scene, ViewLayer | Synchronizing object | Curved_roof_glazing.316
Fra:451 Mem:746.82M (Peak 895.07M) | Time:00:01.82 | Mem:0.00M, Peak:0.00M | Scene, ViewLayer | Synchronizing object | G4_sconce_G3R04_sconce_bracket.009
Fra:451 Mem:746.83M (Peak 895.07M) | Time:00:01.82 | Mem:0.00M, Peak:0.00M | Scene, ViewLayer | Synchronizing object | Side_wall_glass.019
Fra:451 Mem:746.83M (Peak 895.07M) | Time:00:01.82 | Mem:0.00M, Peak:0.00M | Scene, ViewLayer | Synchronizing object | Wall_glazing_mullion.031
Fra:451 Mem:746.83M (Peak 895.07M) | Time:00:01.82 | Mem:0.00M, Peak:0.00M | Scene, ViewLayer | Synchronizing object | Column_capital.002
Fra:451 Mem:758.81M (Peak 895.07M) | Time:00:01.82 | Mem:0.00M, Peak:0.00M | Scene, ViewLayer | Synchronizing object | Ridge_vent_stanchion.012
Fra:451 Mem:758.82M (Peak 895.07M) | Time:00:01.82 | Mem:0.00M, Peak:0.00M | Scene, ViewLayer | Synchronizing object | Curved_roof_glazing.230
Fra:451 Mem:758.80M (Peak 895.07M) | Time:00:01.82 | Mem:0.00M, Peak:0.00M | Scene, ViewLayer | Synchronizing object | Wall_transom.030
Fra:451 Mem:758.80M (Peak 895.07M) | Time:00:01.82 | Mem:0.00M, Peak:0.00M | Scene, ViewLayer | Synchronizing object | Wall_transom.020
Fra:451 Mem:758.85M (Peak 895.07M) | Time:00:01.82 | Mem:0.00M, Peak:0.00M | Scene, ViewLayer | Synchronizing object | Side_wall_glass.117
Fra:451 Mem:758.85M (Peak 895.07M) | Time:00:01.82 | Mem:0.00M, Peak:0.00M | Scene, ViewLayer | Synchronizing object | Curved_roof_glazing.179
Fra:451 Mem:758.85M (Peak 895.07M) | Time:00:01.82 | Mem:0.00M, Peak:0.00M | Scene, ViewLayer | Synchronizing object | Longitudinal_roof_purlin.010
Fra:451 Mem:758.85M (Peak 895.07M) | Time:00:01.82 | Mem:0.00M, Peak:0.00M | Scene, ViewLayer | Synchronizing object | Ridge_vent_stanchion.025
Fra:451 Mem:758.86M (Peak 895.07M) | Time:00:01.82 | Mem:0.00M, Peak:0.00M | Scene, ViewLayer | Synchronizing object | Wall_transom.058
Fra:451 Mem:758.91M (Peak 895.07M) | Time:00:01.82 | Mem:0.00M, Peak:0.00M | Scene, ViewLayer | Synchronizing object | Wall_transom.094
Fra:451 Mem:758.93M (Peak 895.07M) | Time:00:01.82 | Mem:0.00M, Peak:0.00M | Scene, ViewLayer | Synchronizing object | Side_wall_glass.104
Fra:451 Mem:758.92M (Peak 895.07M) | Time:00:01.82 | Mem:0.00M, Peak:0.00M | Scene, ViewLayer | Synchronizing object | Wall_transom.163
Fra:451 Mem:758.96M (Peak 895.07M) | Time:00:01.82 | Mem:0.00M, Peak:0.00M | Scene, ViewLayer | Synchronizing object | Curved_roof_glazing.061
Fra:451 Mem:758.96M (Peak 895.07M) | Time:00:01.82 | Mem:0.00M, Peak:0.00M | Scene, ViewLayer | Synchronizing object | Curved_roof_glazing.333
Fra:451 Mem:758.99M (Peak 895.07M) | Time:00:01.82 | Mem:0.00M, Peak:0.00M | Scene, ViewLayer | Synchronizing object | Wall_transom.149
Fra:451 Mem:758.97M (Peak 895.07M) | Time:00:01.82 | Mem:0.00M, Peak:0.00M | Scene, ViewLayer | Synchronizing object | Curved_roof_glazing.317
Fra:451 Mem:759.00M (Peak 895.07M) | Time:00:01.82 | Mem:0.00M, Peak:0.00M | Scene, ViewLayer | Synchronizing object | G4_sconce_G3R04_sconce_bracket.011
Fra:451 Mem:758.99M (Peak 895.07M) | Time:00:01.82 | Mem:0.00M, Peak:0.00M | Scene, ViewLayer | Synchronizing object | Secondary_glazing_rib.017
Fra:451 Mem:759.04M (Peak 895.07M) | Time:00:01.82 | Mem:0.00M, Peak:0.00M | Scene, ViewLayer | Synchronizing object | Wall_stone_sill.024
Fra:451 Mem:759.07M (Peak 895.07M) | Time:00:01.82 | Mem:0.00M, Peak:0.00M | Scene, ViewLayer | Synchronizing object | Column_base_plinth.003
Fra:451 Mem:759.09M (Peak 895.07M) | Time:00:01.82 | Mem:0.00M, Peak:0.00M | Scene, ViewLayer | Synchronizing object | G4_sconce_G3R04_sconce_bracket.012
Fra:451 Mem:759.10M (Peak 895.07M) | Time:00:01.82 | Mem:0.00M, Peak:0.00M | Scene, ViewLayer | Synchronizing object | Longitudinal_roof_purlin.005
Fra:451 Mem:759.12M (Peak 895.07M) | Time:00:01.82 | Mem:0.00M, Peak:0.00M | Scene, ViewLayer | Synchronizing object | Wall_transom.159
Fra:451 Mem:759.17M (Peak 895.07M) | Time:00:01.82 | Mem:0.00M, Peak:0.00M | Scene, ViewLayer | Synchronizing object | G4_sconce_G3R04_sconce_bracket.013
Fra:451 Mem:759.15M (Peak 895.07M) | Time:00:01.82 | Mem:0.00M, Peak:0.00M | Scene, ViewLayer | Synchronizing object | Side_wall_glass.085
Fra:451 Mem:759.15M (Peak 895.07M) | Time:00:01.82 | Mem:0.00M, Peak:0.00M | Scene, ViewLayer | Synchronizing object | Side_wall_glass.014
Fra:451 Mem:759.15M (Peak 895.07M) | Time:00:01.82 | Mem:0.00M, Peak:0.00M | Scene, ViewLayer | Synchronizing object | Curved_roof_glazing.231
Fra:451 Mem:759.16M (Peak 895.07M) | Time:00:01.82 | Mem:0.00M, Peak:0.00M | Scene, ViewLayer | Synchronizing object | End_wall_mullion.011
Fra:451 Mem:759.18M (Peak 895.07M) | Time:00:01.82 | Mem:0.00M, Peak:0.00M | Scene, ViewLayer | Synchronizing object | Curved_roof_glazing.244
Fra:451 Mem:759.19M (Peak 895.07M) | Time:00:01.82 | Mem:0.00M, Peak:0.00M | Scene, ViewLayer | Synchronizing object | Curved_roof_glazing.276
Fra:451 Mem:759.19M (Peak 895.07M) | Time:00:01.83 | Mem:0.00M, Peak:0.00M | Scene, ViewLayer | Synchronizing object | Curved_roof_glazing.068
Fra:451 Mem:759.20M (Peak 895.07M) | Time:00:01.83 | Mem:0.00M, Peak:0.00M | Scene, ViewLayer | Synchronizing object | Curved_roof_glazing.116
Fra:451 Mem:759.20M (Peak 895.07M) | Time:00:01.83 | Mem:0.00M, Peak:0.00M | Scene, ViewLayer | Synchronizing object | Curved_roof_glazing.148
Fra:451 Mem:759.20M (Peak 895.07M) | Time:00:01.83 | Mem:0.00M, Peak:0.00M | Scene, ViewLayer | Synchronizing object | G4_sconce_G3R04_sconce_bracket.014
Fra:451 Mem:759.20M (Peak 895.07M) | Time:00:01.83 | Mem:0.00M, Peak:0.00M | Scene, ViewLayer | Synchronizing object | End_wall_mullion.018
Fra:451 Mem:759.23M (Peak 895.07M) | Time:00:01.83 | Mem:0.00M, Peak:0.00M | Scene, ViewLayer | Synchronizing object | Ridge_vent_stanchion
Fra:451 Mem:759.23M (Peak 895.07M) | Time:00:01.83 | Mem:0.00M, Peak:0.00M | Scene, ViewLayer | Synchronizing object | Side_wall_glass.017
Fra:451 Mem:759.23M (Peak 895.07M) | Time:00:01.83 | Mem:0.00M, Peak:0.00M | Scene, ViewLayer | Synchronizing object | Curved_roof_glazing.062
Fra:451 Mem:759.24M (Peak 895.07M) | Time:00:01.83 | Mem:0.00M, Peak:0.00M | Scene, ViewLayer | Synchronizing object | Curved_roof_glazing.334
Fra:451 Mem:759.24M (Peak 895.07M) | Time:00:01.83 | Mem:0.00M, Peak:0.00M | Scene, ViewLayer | Synchronizing object | Side_wall_glass.052
Fra:451 Mem:759.24M (Peak 895.07M) | Time:00:01.83 | Mem:0.00M, Peak:0.00M | Scene, ViewLayer | Synchronizing object | Curved_roof_glazing.318
Fra:451 Mem:759.25M (Peak 895.07M) | Time:00:01.83 | Mem:0.00M, Peak:0.00M | Scene, ViewLayer | Synchronizing object | Wall_transom.131
Fra:451 Mem:759.27M (Peak 895.07M) | Time:00:01.83 | Mem:0.00M, Peak:0.00M | Scene, ViewLayer | Synchronizing object | G4_sconce_G3R04_sconce_bracket.015
Fra:451 Mem:759.28M (Peak 895.07M) | Time:00:01.83 | Mem:0.00M, Peak:0.00M | Scene, ViewLayer | Synchronizing object | Side_wall_glass.007
Fra:451 Mem:759.28M (Peak 895.07M) | Time:00:01.83 | Mem:0.00M, Peak:0.00M | Scene, ViewLayer | Synchronizing object | Ridge_vent_stanchion.013
Fra:451 Mem:759.28M (Peak 895.07M) | Time:00:01.83 | Mem:0.00M, Peak:0.00M | Scene, ViewLayer | Synchronizing object | Wall_stone_sill.005
Fra:451 Mem:759.31M (Peak 895.07M) | Time:00:01.83 | Mem:0.00M, Peak:0.00M | Scene, ViewLayer | Synchronizing object | Curved_roof_glazing.232
Fra:451 Mem:759.31M (Peak 895.07M) | Time:00:01.83 | Mem:0.00M, Peak:0.00M | Scene, ViewLayer | Synchronizing object | Primary_elliptical_arch.006
Fra:451 Mem:759.38M (Peak 895.07M) | Time:00:01.83 | Mem:0.00M, Peak:0.00M | Scene, ViewLayer | Synchronizing object | Wall_transom.055
Fra:451 Mem:759.41M (Peak 895.07M) | Time:00:01.83 | Mem:0.00M, Peak:0.00M | Scene, ViewLayer | Synchronizing object | Wall_transom.004
Fra:451 Mem:759.44M (Peak 895.07M) | Time:00:01.83 | Mem:0.00M, Peak:0.00M | Scene, ViewLayer | Synchronizing object | Curved_roof_glazing.245
Fra:451 Mem:759.44M (Peak 895.07M) | Time:00:01.83 | Mem:0.00M, Peak:0.00M | Scene, ViewLayer | Synchronizing object | Curved_roof_glazing.277
Fra:451 Mem:759.45M (Peak 895.07M) | Time:00:01.83 | Mem:0.00M, Peak:0.00M | Scene, ViewLayer | Synchronizing object | Wall_glazing_mullion.038
Fra:451 Mem:759.48M (Peak 895.07M) | Time:00:01.83 | Mem:0.00M, Peak:0.00M | Scene, ViewLayer | Synchronizing object | Curved_roof_glazing.069
Fra:451 Mem:759.48M (Peak 895.07M) | Time:00:01.83 | Mem:0.00M, Peak:0.00M | Scene, ViewLayer | Synchronizing object | Curved_roof_glazing.117
Fra:451 Mem:759.48M (Peak 895.07M) | Time:00:01.83 | Mem:0.00M, Peak:0.00M | Scene, ViewLayer | Synchronizing object | Wall_transom.174
Fra:451 Mem:759.51M (Peak 895.07M) | Time:00:01.83 | Mem:0.00M, Peak:0.00M | Scene, ViewLayer | Synchronizing object | Curved_roof_glazing.063
Fra:451 Mem:759.52M (Peak 895.07M) | Time:00:01.83 | Mem:0.00M, Peak:0.00M | Scene, ViewLayer | Synchronizing object | Curved_roof_glazing.335
Fra:451 Mem:759.52M (Peak 895.07M) | Time:00:01.83 | Mem:0.00M, Peak:0.00M | Scene, ViewLayer | Synchronizing object | Curved_roof_glazing.319
Fra:451 Mem:759.52M (Peak 895.07M) | Time:00:01.83 | Mem:0.00M, Peak:0.00M | Scene, ViewLayer | Synchronizing object | Side_wall_glass.006
Fra:451 Mem:759.53M (Peak 895.07M) | Time:00:01.83 | Mem:0.00M, Peak:0.00M | Scene, ViewLayer | Synchronizing object | Curved_roof_glazing.233
Fra:451 Mem:759.53M (Peak 895.07M) | Time:00:01.83 | Mem:0.00M, Peak:0.00M | Scene, ViewLayer | Synchronizing object | Load_column.012
Fra:451 Mem:759.53M (Peak 895.07M) | Time:00:01.83 | Mem:0.00M, Peak:0.00M | Scene, ViewLayer | Synchronizing object | Side_wall_glass.010
Fra:451 Mem:759.54M (Peak 895.07M) | Time:00:01.83 | Mem:0.00M, Peak:0.00M | Scene, ViewLayer | Synchronizing object | Side_wall_glass.015
Fra:451 Mem:759.54M (Peak 895.07M) | Time:00:01.83 | Mem:0.00M, Peak:0.00M | Scene, ViewLayer | Synchronizing object | Wall_transom.106
Fra:451 Mem:759.57M (Peak 895.07M) | Time:00:01.83 | Mem:0.00M, Peak:0.00M | Scene, ViewLayer | Synchronizing object | G4_cafe_G3_carved_pedestal_foot
Fra:451 Mem:759.57M (Peak 895.07M) | Time:00:01.83 | Mem:0.00M, Peak:0.00M | Scene, ViewLayer | Synchronizing object | Wall_glazing_mullion.007
Fra:451 Mem:759.57M (Peak 895.07M) | Time:00:01.83 | Mem:0.00M, Peak:0.00M | Scene, ViewLayer | Synchronizing object | G4_cafe_G3_carved_pedestal_foot.001
Fra:451 Mem:759.60M (Peak 895.07M) | Time:00:01.83 | Mem:0.00M, Peak:0.00M | Scene, ViewLayer | Synchronizing object | G4_cafe_G3_carved_pedestal_foot.002
Fra:451 Mem:759.60M (Peak 895.07M) | Time:00:01.83 | Mem:0.00M, Peak:0.00M | Scene, ViewLayer | Synchronizing object | Wall_glazing_mullion.017
Fra:451 Mem:759.64M (Peak 895.07M) | Time:00:01.83 | Mem:0.00M, Peak:0.00M | Scene, ViewLayer | Synchronizing object | G4_cafe_G3_carved_pedestal_foot.003
Fra:451 Mem:759.64M (Peak 895.07M) | Time:00:01.83 | Mem:0.00M, Peak:0.00M | Scene, ViewLayer | Synchronizing object | G4_cafe_G3_carved_pedestal_foot.004
Fra:451 Mem:759.64M (Peak 895.07M) | Time:00:01.83 | Mem:0.00M, Peak:0.00M | Scene, ViewLayer | Synchronizing object | Curved_roof_glazing.246
Fra:451 Mem:759.64M (Peak 895.07M) | Time:00:01.83 | Mem:0.00M, Peak:0.00M | Scene, ViewLayer | Synchronizing object | G4_cafe_G3_carved_pedestal_foot.005
Fra:451 Mem:759.64M (Peak 895.07M) | Time:00:01.83 | Mem:0.00M, Peak:0.00M | Scene, ViewLayer | Synchronizing object | Curved_roof_glazing.278
Fra:451 Mem:759.65M (Peak 895.07M) | Time:00:01.83 | Mem:0.00M, Peak:0.00M | Scene, ViewLayer | Synchronizing object | Curved_roof_glazing.070
Fra:451 Mem:759.66M (Peak 895.07M) | Time:00:01.83 | Mem:0.00M, Peak:0.00M | Scene, ViewLayer | Synchronizing object | Curved_roof_glazing.118
Fra:451 Mem:759.67M (Peak 895.07M) | Time:00:01.83 | Mem:0.00M, Peak:0.00M | Scene, ViewLayer | Synchronizing object | Curved_roof_glazing.150
Fra:451 Mem:759.70M (Peak 895.07M) | Time:00:01.83 | Mem:0.00M, Peak:0.00M | Scene, ViewLayer | Synchronizing object | Wall_stone_sill.042
Fra:451 Mem:759.70M (Peak 895.07M) | Time:00:01.83 | Mem:0.00M, Peak:0.00M | Scene, ViewLayer | Synchronizing object | G4_bench_seat_piping
Fra:451 Mem:759.76M (Peak 895.07M) | Time:00:01.83 | Mem:0.00M, Peak:0.00M | Scene, ViewLayer | Synchronizing object | G4_bench_seat_piping.001
Fra:451 Mem:759.75M (Peak 895.07M) | Time:00:01.83 | Mem:0.00M, Peak:0.00M | Scene, ViewLayer | Synchronizing object | Wall_stone_sill.032
Fra:451 Mem:759.81M (Peak 895.07M) | Time:00:01.83 | Mem:0.00M, Peak:0.00M | Scene, ViewLayer | Synchronizing object | G4_bench_seat_piping.002
Fra:451 Mem:759.83M (Peak 895.07M) | Time:00:01.83 | Mem:0.00M, Peak:0.00M | Scene, ViewLayer | Synchronizing object | Hall_door_rail.005
Fra:451 Mem:759.87M (Peak 895.07M) | Time:00:01.83 | Mem:0.00M, Peak:0.00M | Scene, ViewLayer | Synchronizing object | G4_bench_seat_piping.003
Fra:451 Mem:759.87M (Peak 895.07M) | Time:00:01.83 | Mem:0.00M, Peak:0.00M | Scene, ViewLayer | Synchronizing object | Ridge_vent_stanchion.001
Fra:451 Mem:759.89M (Peak 895.07M) | Time:00:01.83 | Mem:0.00M, Peak:0.00M | Scene, ViewLayer | Synchronizing object | Side_wall_glass.105
Fra:451 Mem:759.90M (Peak 895.07M) | Time:00:01.83 | Mem:0.00M, Peak:0.00M | Scene, ViewLayer | Synchronizing object | Wall_transom.076
Fra:451 Mem:759.93M (Peak 895.07M) | Time:00:01.83 | Mem:0.00M, Peak:0.00M | Scene, ViewLayer | Synchronizing object | G4_bench_seat_piping.004
Fra:451 Mem:759.96M (Peak 895.07M) | Time:00:01.83 | Mem:0.00M, Peak:0.00M | Scene, ViewLayer | Synchronizing object | Curved_roof_glazing.064
Fra:451 Mem:759.96M (Peak 895.07M) | Time:00:01.83 | Mem:0.00M, Peak:0.00M | Scene, ViewLayer | Synchronizing object | G4_bench_seat_piping.005
Fra:451 Mem:759.96M (Peak 895.07M) | Time:00:01.83 | Mem:0.00M, Peak:0.00M | Scene, ViewLayer | Synchronizing object | Curved_roof_glazing.336
Fra:451 Mem:759.99M (Peak 895.07M) | Time:00:01.83 | Mem:0.00M, Peak:0.00M | Scene, ViewLayer | Synchronizing object | Side_wall_glass.053
Fra:451 Mem:760.00M (Peak 895.07M) | Time:00:01.83 | Mem:0.00M, Peak:0.00M | Scene, ViewLayer | Synchronizing object | Curved_roof_glazing.320
Fra:451 Mem:760.00M (Peak 895.07M) | Time:00:01.83 | Mem:0.00M, Peak:0.00M | Scene, ViewLayer | Synchronizing object | Wall_transom.088
Fra:451 Mem:760.03M (Peak 895.07M) | Time:00:01.83 | Mem:0.00M, Peak:0.00M | Scene, ViewLayer | Synchronizing object | G4_bench_seat_piping.006
Fra:451 Mem:760.06M (Peak 895.07M) | Time:00:01.83 | Mem:0.00M, Peak:0.00M | Scene, ViewLayer | Synchronizing object | Wall_transom.062
Fra:451 Mem:760.10M (Peak 895.07M) | Time:00:01.83 | Mem:0.00M, Peak:0.00M | Scene, ViewLayer | Synchronizing object | G4_bench_seat_piping.007
Fra:451 Mem:760.12M (Peak 895.07M) | Time:00:01.83 | Mem:0.00M, Peak:0.00M | Scene, ViewLayer | Synchronizing object | Side_wall_glass.048
Fra:451 Mem:760.12M (Peak 895.07M) | Time:00:01.83 | Mem:0.00M, Peak:0.00M | Scene, ViewLayer | Synchronizing object | G4_bench_seat_piping.008
Fra:451 Mem:760.15M (Peak 895.07M) | Time:00:01.83 | Mem:0.00M, Peak:0.00M | Scene, ViewLayer | Synchronizing object | Wall_transom.001
Fra:451 Mem:760.17M (Peak 895.07M) | Time:00:01.83 | Mem:0.00M, Peak:0.00M | Scene, ViewLayer | Synchronizing object | Load_column.003
Fra:451 Mem:760.17M (Peak 895.07M) | Time:00:01.83 | Mem:0.00M, Peak:0.00M | Scene, ViewLayer | Synchronizing object | Ridge_vent_stanchion.014
Fra:451 Mem:760.17M (Peak 895.07M) | Time:00:01.83 | Mem:0.00M, Peak:0.00M | Scene, ViewLayer | Synchronizing object | Wall_stone_sill.022
Fra:451 Mem:760.25M (Peak 895.07M) | Time:00:01.83 | Mem:0.00M, Peak:0.00M | Scene, ViewLayer | Synchronizing object | Curved_roof_glazing.234
Fra:451 Mem:760.26M (Peak 895.07M) | Time:00:01.83 | Mem:0.00M, Peak:0.00M | Scene, ViewLayer | Synchronizing object | End_wall_mullion.004
Fra:451 Mem:760.26M (Peak 895.07M) | Time:00:01.83 | Mem:0.00M, Peak:0.00M | Scene, ViewLayer | Synchronizing object | Wall_transom.165
Fra:451 Mem:760.32M (Peak 895.07M) | Time:00:01.83 | Mem:0.00M, Peak:0.00M | Scene, ViewLayer | Synchronizing object | G4_bench_seat_piping.010
Fra:451 Mem:760.34M (Peak 895.07M) | Time:00:01.83 | Mem:0.00M, Peak:0.00M | Scene, ViewLayer | Synchronizing object | Wall_glazing_mullion.008
Fra:451 Mem:760.38M (Peak 895.07M) | Time:00:01.83 | Mem:0.00M, Peak:0.00M | Scene, ViewLayer | Synchronizing object | G4_bench_seat_piping.011
Fra:451 Mem:760.40M (Peak 895.07M) | Time:00:01.83 | Mem:0.00M, Peak:0.00M | Scene, ViewLayer | Synchronizing object | Curved_roof_glazing.247
Fra:451 Mem:760.41M (Peak 895.07M) | Time:00:01.83 | Mem:0.00M, Peak:0.00M | Scene, ViewLayer | Synchronizing object | Curved_roof_glazing.279
Fra:451 Mem:760.41M (Peak 895.07M) | Time:00:01.83 | Mem:0.00M, Peak:0.00M | Scene, ViewLayer | Synchronizing object | Primary_elliptical_arch.007
Fra:451 Mem:760.48M (Peak 895.07M) | Time:00:01.83 | Mem:0.00M, Peak:0.00M | Scene, ViewLayer | Synchronizing object | Curved_roof_glazing.071
Fra:451 Mem:760.49M (Peak 895.07M) | Time:00:01.83 | Mem:0.00M, Peak:0.00M | Scene, ViewLayer | Synchronizing object | Curved_roof_glazing.119
Fra:451 Mem:760.49M (Peak 895.07M) | Time:00:01.83 | Mem:0.00M, Peak:0.00M | Scene, ViewLayer | Synchronizing object | Curved_roof_glazing.151
Fra:451 Mem:760.49M (Peak 895.07M) | Time:00:01.83 | Mem:0.00M, Peak:0.00M | Scene, ViewLayer | Synchronizing object | Curved_roof_glazing.180
Fra:451 Mem:760.50M (Peak 895.07M) | Time:00:01.83 | Mem:0.00M, Peak:0.00M | Scene, ViewLayer | Synchronizing object | Curved_roof_glazing.292
Fra:451 Mem:760.50M (Peak 895.07M) | Time:00:01.83 | Mem:0.00M, Peak:0.00M | Scene, ViewLayer | Synchronizing object | Curved_roof_glazing.084
Fra:451 Mem:760.50M (Peak 895.07M) | Time:00:01.83 | Mem:0.00M, Peak:0.00M | Scene, ViewLayer | Synchronizing object | End_wall_sill.013
Fra:451 Mem:760.54M (Peak 895.07M) | Time:00:01.83 | Mem:0.00M, Peak:0.00M | Scene, ViewLayer | Synchronizing object | Curved_roof_glazing.065
Fra:451 Mem:760.54M (Peak 895.07M) | Time:00:01.83 | Mem:0.00M, Peak:0.00M | Scene, ViewLayer | Synchronizing object | Curved_roof_glazing.337
Fra:451 Mem:760.55M (Peak 895.07M) | Time:00:01.83 | Mem:0.00M, Peak:0.00M | Scene, ViewLayer | Synchronizing object | Curved_roof_glazing.321
Fra:451 Mem:760.55M (Peak 895.07M) | Time:00:01.83 | Mem:0.00M, Peak:0.00M | Scene, ViewLayer | Synchronizing object | Column_capital.013
Fra:451 Mem:760.58M (Peak 895.07M) | Time:00:01.83 | Mem:0.00M, Peak:0.00M | Scene, ViewLayer | Synchronizing object | Portal_transom_mullion
Fra:451 Mem:760.60M (Peak 895.07M) | Time:00:01.83 | Mem:0.00M, Peak:0.00M | Scene, ViewLayer | Synchronizing object | Side_wall_glass.049
Fra:451 Mem:760.61M (Peak 895.07M) | Time:00:01.83 | Mem:0.00M, Peak:0.00M | Scene, ViewLayer | Synchronizing object | Wall_transom.027
Fra:451 Mem:760.63M (Peak 895.07M) | Time:00:01.83 | Mem:0.00M, Peak:0.00M | Scene, ViewLayer | Synchronizing object | Curved_roof_glazing.235
Fra:451 Mem:760.64M (Peak 895.07M) | Time:00:01.83 | Mem:0.00M, Peak:0.00M | Scene, ViewLayer | Synchronizing object | Side_wall_glass.044
Fra:451 Mem:760.64M (Peak 895.07M) | Time:00:01.83 | Mem:0.00M, Peak:0.00M | Scene, ViewLayer | Synchronizing object | Wall_glazing_mullion.003
Fra:451 Mem:760.67M (Peak 895.07M) | Time:00:01.83 | Mem:0.00M, Peak:0.00M | Scene, ViewLayer | Synchronizing object | G4_car_vault_rib
Fra:451 Mem:760.71M (Peak 895.07M) | Time:00:01.83 | Mem:0.00M, Peak:0.00M | Scene, ViewLayer | Synchronizing object | Wall_transom.031
Fra:451 Mem:760.74M (Peak 895.07M) | Time:00:01.83 | Mem:0.00M, Peak:0.00M | Scene, ViewLayer | Synchronizing object | G4_car_vault_rib.001
Fra:451 Mem:760.78M (Peak 895.07M) | Time:00:01.83 | Mem:0.00M, Peak:0.00M | Scene, ViewLayer | Synchronizing object | Curved_roof_glazing.248
Fra:451 Mem:760.79M (Peak 895.07M) | Time:00:01.83 | Mem:0.00M, Peak:0.00M | Scene, ViewLayer | Synchronizing object | Curved_roof_glazing.280
Fra:451 Mem:760.79M (Peak 895.07M) | Time:00:01.83 | Mem:0.00M, Peak:0.00M | Scene, ViewLayer | Synchronizing object | Secondary_glazing_rib.004
Fra:451 Mem:760.79M (Peak 895.07M) | Time:00:01.83 | Mem:0.00M, Peak:0.00M | Scene, ViewLayer | Synchronizing object | G4_car_vault_rib.002
Fra:451 Mem:760.88M (Peak 895.07M) | Time:00:01.83 | Mem:0.00M, Peak:0.00M | Scene, ViewLayer | Synchronizing object | Curved_roof_glazing.072
Fra:451 Mem:760.88M (Peak 895.07M) | Time:00:01.83 | Mem:0.00M, Peak:0.00M | Scene, ViewLayer | Synchronizing object | Curved_roof_glazing.120
Fra:451 Mem:760.89M (Peak 895.07M) | Time:00:01.83 | Mem:0.00M, Peak:0.00M | Scene, ViewLayer | Synchronizing object | Curved_roof_glazing.152
Fra:451 Mem:760.90M (Peak 895.07M) | Time:00:01.83 | Mem:0.00M, Peak:0.00M | Scene, ViewLayer | Synchronizing object | Curved_roof_glazing.181
Fra:451 Mem:760.90M (Peak 895.07M) | Time:00:01.83 | Mem:0.00M, Peak:0.00M | Scene, ViewLayer | Synchronizing object | G4_car_vault_rib.003
Fra:451 Mem:760.91M (Peak 895.07M) | Time:00:01.83 | Mem:0.00M, Peak:0.00M | Scene, ViewLayer | Synchronizing object | Curved_roof_glazing.293
Fra:451 Mem:760.94M (Peak 895.07M) | Time:00:01.83 | Mem:0.00M, Peak:0.00M | Scene, ViewLayer | Synchronizing object | Side_wall_glass.030
Fra:451 Mem:760.94M (Peak 895.07M) | Time:00:01.83 | Mem:0.00M, Peak:0.00M | Scene, ViewLayer | Synchronizing object | Wall_transom.176
Fra:451 Mem:760.99M (Peak 895.07M) | Time:00:01.83 | Mem:0.00M, Peak:0.00M | Scene, ViewLayer | Synchronizing object | G4_car_vault_rib.004
Fra:451 Mem:761.03M (Peak 895.07M) | Time:00:01.83 | Mem:0.00M, Peak:0.00M | Scene, ViewLayer | Synchronizing object | Curved_roof_glazing.085
Fra:451 Mem:761.03M (Peak 895.07M) | Time:00:01.83 | Mem:0.00M, Peak:0.00M | Scene, ViewLayer | Synchronizing object | G4_car_vault_rib.005
Fra:451 Mem:761.03M (Peak 895.07M) | Time:00:01.83 | Mem:0.00M, Peak:0.00M | Scene, ViewLayer | Synchronizing object | End_wall_mullion.009
Fra:451 Mem:761.10M (Peak 895.07M) | Time:00:01.83 | Mem:0.00M, Peak:0.00M | Scene, ViewLayer | Synchronizing object | G4_car_vault_rib.006
Fra:451 Mem:761.14M (Peak 895.07M) | Time:00:01.83 | Mem:0.00M, Peak:0.00M | Scene, ViewLayer | Synchronizing object | Wall_transom.146
Fra:451 Mem:761.17M (Peak 895.07M) | Time:00:01.83 | Mem:0.00M, Peak:0.00M | Scene, ViewLayer | Synchronizing object | G4_car_vault_rib.007
Fra:451 Mem:761.21M (Peak 895.07M) | Time:00:01.83 | Mem:0.00M, Peak:0.00M | Scene, ViewLayer | Synchronizing object | Curved_roof_glazing.066
Fra:451 Mem:761.22M (Peak 895.07M) | Time:00:01.83 | Mem:0.00M, Peak:0.00M | Scene, ViewLayer | Synchronizing object | Curved_roof_glazing.338
Fra:451 Mem:761.23M (Peak 895.07M) | Time:00:01.83 | Mem:0.00M, Peak:0.00M | Scene, ViewLayer | Synchronizing object | Wall_transom.150
Fra:451 Mem:761.28M (Peak 895.07M) | Time:00:01.83 | Mem:0.00M, Peak:0.00M | Scene, ViewLayer | Synchronizing object | Curved_roof_glazing.322
Fra:451 Mem:761.30M (Peak 895.07M) | Time:00:01.83 | Mem:0.00M, Peak:0.00M | Scene, ViewLayer | Synchronizing object | Wall_transom.144
Fra:451 Mem:761.28M (Peak 895.07M) | Time:00:01.83 | Mem:0.00M, Peak:0.00M | Scene, ViewLayer | Synchronizing object | Wall_glazing_mullion.033
Fra:451 Mem:761.33M (Peak 895.07M) | Time:00:01.83 | Mem:0.00M, Peak:0.00M | Scene, ViewLayer | Synchronizing object | Longitudinal_roof_purlin.006
Fra:451 Mem:761.35M (Peak 895.07M) | Time:00:01.83 | Mem:0.00M, Peak:0.00M | Scene, ViewLayer | Synchronizing object | Ridge_vent_stanchion.015
Fra:451 Mem:761.34M (Peak 895.07M) | Time:00:01.83 | Mem:0.00M, Peak:0.00M | Scene, ViewLayer | Synchronizing object | Wall_glazing_mullion.006
Fra:451 Mem:761.37M (Peak 895.07M) | Time:00:01.83 | Mem:0.00M, Peak:0.00M | Scene, ViewLayer | Synchronizing object | Wall_stone_sill.052
Fra:451 Mem:761.40M (Peak 895.07M) | Time:00:01.83 | Mem:0.00M, Peak:0.00M | Scene, ViewLayer | Synchronizing object | Curved_roof_glazing.236
Fra:451 Mem:761.40M (Peak 895.07M) | Time:00:01.83 | Mem:0.00M, Peak:0.00M | Scene, ViewLayer | Synchronizing object | Side_wall_glass.011
Fra:451 Mem:761.40M (Peak 895.07M) | Time:00:01.83 | Mem:0.00M, Peak:0.00M | Scene, ViewLayer | Synchronizing object | Wall_transom.126
Fra:451 Mem:761.42M (Peak 895.07M) | Time:00:01.83 | Mem:0.00M, Peak:0.00M | Scene, ViewLayer | Synchronizing object | Wall_transom.171
Fra:451 Mem:761.45M (Peak 895.07M) | Time:00:01.83 | Mem:0.00M, Peak:0.00M | Scene, ViewLayer | Synchronizing object | End_wall_sill.011
Fra:451 Mem:761.44M (Peak 895.07M) | Time:00:01.83 | Mem:0.00M, Peak:0.00M | Scene, ViewLayer | Synchronizing object | Curved_roof_glazing.249
Fra:451 Mem:761.48M (Peak 895.07M) | Time:00:01.83 | Mem:0.00M, Peak:0.00M | Scene, ViewLayer | Synchronizing object | Curved_roof_glazing.281
Fra:451 Mem:761.47M (Peak 895.07M) | Time:00:01.83 | Mem:0.00M, Peak:0.00M | Scene, ViewLayer | Synchronizing object | Load_column.006
Fra:451 Mem:761.47M (Peak 895.07M) | Time:00:01.83 | Mem:0.00M, Peak:0.00M | Scene, ViewLayer | Synchronizing object | Curved_roof_glazing.073
Fra:451 Mem:761.48M (Peak 895.07M) | Time:00:01.83 | Mem:0.00M, Peak:0.00M | Scene, ViewLayer | Synchronizing object | Curved_roof_glazing.121
Fra:451 Mem:761.48M (Peak 895.07M) | Time:00:01.83 | Mem:0.00M, Peak:0.00M | Scene, ViewLayer | Synchronizing object | Curved_roof_glazing.153
Fra:451 Mem:761.48M (Peak 895.07M) | Time:00:01.83 | Mem:0.00M, Peak:0.00M | Scene, ViewLayer | Synchronizing object | Curved_roof_glazing.182
Fra:451 Mem:761.48M (Peak 895.07M) | Time:00:01.83 | Mem:0.00M, Peak:0.00M | Scene, ViewLayer | Synchronizing object | Curved_roof_glazing.294
Fra:451 Mem:761.48M (Peak 895.07M) | Time:00:01.83 | Mem:0.00M, Peak:0.00M | Scene, ViewLayer | Synchronizing object | Side_wall_glass.031
Fra:451 Mem:761.48M (Peak 895.07M) | Time:00:01.83 | Mem:0.00M, Peak:0.00M | Scene, ViewLayer | Synchronizing object | Wall_transom.104
Fra:451 Mem:761.51M (Peak 895.07M) | Time:00:01.83 | Mem:0.00M, Peak:0.00M | Scene, ViewLayer | Synchronizing object | Curved_roof_glazing.086
Fra:451 Mem:761.51M (Peak 895.07M) | Time:00:01.83 | Mem:0.00M, Peak:0.00M | Scene, ViewLayer | Synchronizing object | End_wall_glazing.014
Fra:451 Mem:761.52M (Peak 895.07M) | Time:00:01.83 | Mem:0.00M, Peak:0.00M | Scene, ViewLayer | Synchronizing object | Curved_roof_glazing.067
Fra:451 Mem:761.52M (Peak 895.07M) | Time:00:01.83 | Mem:0.00M, Peak:0.00M | Scene, ViewLayer | Synchronizing object | Curved_roof_glazing.339
Fra:451 Mem:761.52M (Peak 895.07M) | Time:00:01.83 | Mem:0.00M, Peak:0.00M | Scene, ViewLayer | Synchronizing object | Wall_transom.078
Fra:451 Mem:761.55M (Peak 895.07M) | Time:00:01.83 | Mem:0.00M, Peak:0.00M | Scene, ViewLayer | Synchronizing object | Curved_roof_glazing.323
Fra:451 Mem:761.56M (Peak 895.07M) | Time:00:01.83 | Mem:0.00M, Peak:0.00M | Scene, ViewLayer | Synchronizing object | Wall_stone_sill.044
Fra:451 Mem:761.59M (Peak 895.07M) | Time:00:01.83 | Mem:0.00M, Peak:0.00M | Scene, ViewLayer | Synchronizing object | Secondary_glazing_rib.018
Fra:451 Mem:761.63M (Peak 895.07M) | Time:00:01.83 | Mem:0.00M, Peak:0.00M | Scene, ViewLayer | Synchronizing object | Wall_glazing_mullion.019
Fra:451 Mem:761.69M (Peak 895.07M) | Time:00:01.83 | Mem:0.00M, Peak:0.00M | Scene, ViewLayer | Synchronizing object | G4_car_seat_piping
Fra:451 Mem:761.67M (Peak 895.07M) | Time:00:01.83 | Mem:0.00M, Peak:0.00M | Scene, ViewLayer | Synchronizing object | Side_wall_glass.108
Fra:451 Mem:761.69M (Peak 895.07M) | Time:00:01.83 | Mem:0.00M, Peak:0.00M | Scene, ViewLayer | Synchronizing object | Wall_glazing_mullion.004
Fra:451 Mem:761.72M (Peak 895.07M) | Time:00:01.83 | Mem:0.00M, Peak:0.00M | Scene, ViewLayer | Synchronizing object | G4_car_seat_piping.001
Fra:451 Mem:761.75M (Peak 895.07M) | Time:00:01.83 | Mem:0.00M, Peak:0.00M | Scene, ViewLayer | Synchronizing object | Curved_roof_glazing.237
Fra:451 Mem:761.75M (Peak 895.07M) | Time:00:01.83 | Mem:0.00M, Peak:0.00M | Scene, ViewLayer | Synchronizing object | G4_car_seat_piping.002
Fra:451 Mem:761.76M (Peak 895.07M) | Time:00:01.83 | Mem:0.00M, Peak:0.00M | Scene, ViewLayer | Synchronizing object | Wall_transom.056
Fra:451 Mem:761.82M (Peak 895.07M) | Time:00:01.83 | Mem:0.00M, Peak:0.00M | Scene, ViewLayer | Synchronizing object | G4_car_seat_piping.003
Fra:451 Mem:761.85M (Peak 895.07M) | Time:00:01.83 | Mem:0.00M, Peak:0.00M | Scene, ViewLayer | Synchronizing object | Curved_roof_glazing.250
Fra:451 Mem:761.85M (Peak 895.07M) | Time:00:01.83 | Mem:0.00M, Peak:0.00M | Scene, ViewLayer | Synchronizing object | G4_car_seat_piping.004
Fra:451 Mem:761.87M (Peak 895.07M) | Time:00:01.83 | Mem:0.00M, Peak:0.00M | Scene, ViewLayer | Synchronizing object | Curved_roof_glazing.282
Fra:451 Mem:761.88M (Peak 895.07M) | Time:00:01.83 | Mem:0.00M, Peak:0.00M | Scene, ViewLayer | Synchronizing object | Primary_elliptical_arch.003
Fra:451 Mem:761.95M (Peak 895.07M) | Time:00:01.83 | Mem:0.00M, Peak:0.00M | Scene, ViewLayer | Synchronizing object | G4_car_seat_piping.005
Fra:451 Mem:761.98M (Peak 895.07M) | Time:00:01.83 | Mem:0.00M, Peak:0.00M | Scene, ViewLayer | Synchronizing object | Wall_transom.005
Fra:451 Mem:762.01M (Peak 895.07M) | Time:00:01.83 | Mem:0.00M, Peak:0.00M | Scene, ViewLayer | Synchronizing object | G4_car_seat_piping.006
Fra:451 Mem:762.05M (Peak 895.07M) | Time:00:01.83 | Mem:0.00M, Peak:0.00M | Scene, ViewLayer | Synchronizing object | G4_car_seat_piping.007
Fra:451 Mem:762.07M (Peak 895.07M) | Time:00:01.83 | Mem:0.00M, Peak:0.00M | Scene, ViewLayer | Synchronizing object | Curved_roof_glazing.074
Fra:451 Mem:762.09M (Peak 895.07M) | Time:00:01.83 | Mem:0.00M, Peak:0.00M | Scene, ViewLayer | Synchronizing object | Curved_roof_glazing.122
Fra:451 Mem:762.08M (Peak 895.07M) | Time:00:01.83 | Mem:0.00M, Peak:0.00M | Scene, ViewLayer | Synchronizing object | G4_car_seat_piping.008
Fra:451 Mem:762.09M (Peak 895.07M) | Time:00:01.83 | Mem:0.00M, Peak:0.00M | Scene, ViewLayer | Synchronizing object | Curved_roof_glazing.154
Fra:451 Mem:762.12M (Peak 895.07M) | Time:00:01.83 | Mem:0.00M, Peak:0.00M | Scene, ViewLayer | Synchronizing object | Load_column.014
Fra:451 Mem:762.12M (Peak 895.07M) | Time:00:01.83 | Mem:0.00M, Peak:0.00M | Scene, ViewLayer | Synchronizing object | Curved_roof_glazing.183
Fra:451 Mem:762.13M (Peak 895.07M) | Time:00:01.83 | Mem:0.00M, Peak:0.00M | Scene, ViewLayer | Synchronizing object | Curved_roof_glazing.295
Fra:451 Mem:762.13M (Peak 895.07M) | Time:00:01.83 | Mem:0.00M, Peak:0.00M | Scene, ViewLayer | Synchronizing object | G4_car_seat_piping.009
Fra:451 Mem:762.15M (Peak 895.07M) | Time:00:01.83 | Mem:0.00M, Peak:0.00M | Scene, ViewLayer | Synchronizing object | Wall_stone_sill.045
Fra:451 Mem:762.18M (Peak 895.07M) | Time:00:01.83 | Mem:0.00M, Peak:0.00M | Scene, ViewLayer | Synchronizing object | G4_seat_back_grab_rail
Fra:451 Mem:762.19M (Peak 895.07M) | Time:00:01.83 | Mem:0.00M, Peak:0.00M | Scene, ViewLayer | Synchronizing object | G4_seat_back_grab_rail.001
Fra:451 Mem:762.20M (Peak 895.07M) | Time:00:01.83 | Mem:0.00M, Peak:0.00M | Scene, ViewLayer | Synchronizing object | G4_seat_back_grab_rail.002
Fra:451 Mem:762.19M (Peak 895.07M) | Time:00:01.83 | Mem:0.00M, Peak:0.00M | Scene, ViewLayer | Synchronizing object | Curved_roof_glazing.087
Fra:451 Mem:743.89M (Peak 895.07M) | Time:00:01.83 | Mem:0.00M, Peak:0.00M | Scene, ViewLayer | Synchronizing object | G4_seat_back_grab_rail.004
Fra:451 Mem:743.89M (Peak 895.07M) | Time:00:01.83 | Mem:0.00M, Peak:0.00M | Scene, ViewLayer | Synchronizing object | Curved_roof_glazing.356
Fra:451 Mem:743.90M (Peak 895.07M) | Time:00:01.83 | Mem:0.00M, Peak:0.00M | Scene, ViewLayer | Synchronizing object | G4_seat_back_grab_rail.005
Fra:451 Mem:743.90M (Peak 895.07M) | Time:00:01.83 | Mem:0.00M, Peak:0.00M | Scene, ViewLayer | Synchronizing object | Load_column.011
Fra:451 Mem:743.90M (Peak 895.07M) | Time:00:01.83 | Mem:0.00M, Peak:0.00M | Scene, ViewLayer | Synchronizing object | Wall_transom.117
Fra:451 Mem:743.90M (Peak 895.07M) | Time:00:01.83 | Mem:0.00M, Peak:0.00M | Scene, ViewLayer | Synchronizing object | G4_seat_back_grab_rail.006
Fra:451 Mem:743.94M (Peak 895.07M) | Time:00:01.83 | Mem:0.00M, Peak:0.00M | Scene, ViewLayer | Synchronizing object | G4_seat_back_grab_rail.007
Fra:451 Mem:743.93M (Peak 895.07M) | Time:00:01.83 | Mem:0.00M, Peak:0.00M | Scene, ViewLayer | Synchronizing object | G4_seat_back_grab_rail.008
Fra:451 Mem:743.94M (Peak 895.07M) | Time:00:01.83 | Mem:0.00M, Peak:0.00M | Scene, ViewLayer | Synchronizing object | G4_seat_back_grab_rail.009
Fra:451 Mem:743.94M (Peak 895.07M) | Time:00:01.83 | Mem:0.00M, Peak:0.00M | Scene, ViewLayer | Synchronizing object | G4_suspension_helix
Fra:451 Mem:743.93M (Peak 895.07M) | Time:00:01.83 | Mem:0.00M, Peak:0.00M | Scene, ViewLayer | Synchronizing object | Secondary_glazing_rib.007
Fra:451 Mem:744.04M (Peak 895.07M) | Time:00:01.83 | Mem:0.00M, Peak:0.00M | Scene, ViewLayer | Synchronizing object | Secondary_glazing_rib.010
Fra:451 Mem:744.12M (Peak 895.07M) | Time:00:01.83 | Mem:0.00M, Peak:0.00M | Scene, ViewLayer | Synchronizing object | Wall_transom.009
Fra:451 Mem:749.43M (Peak 895.07M) | Time:00:01.83 | Mem:0.00M, Peak:0.00M | Scene, ViewLayer | Synchronizing object | G4_suspension_helix.001
Fra:451 Mem:749.43M (Peak 895.07M) | Time:00:01.83 | Mem:0.00M, Peak:0.00M | Scene, ViewLayer | Synchronizing object | Column_capital.003
Fra:451 Mem:749.54M (Peak 895.07M) | Time:00:01.83 | Mem:0.00M, Peak:0.00M | Scene, ViewLayer | Synchronizing object | G4_suspension_helix.002
Fra:451 Mem:749.65M (Peak 895.07M) | Time:00:01.83 | Mem:0.00M, Peak:0.00M | Scene, ViewLayer | Synchronizing object | G4_suspension_helix.003
Fra:451 Mem:749.76M (Peak 895.07M) | Time:00:01.83 | Mem:0.00M, Peak:0.00M | Scene, ViewLayer | Synchronizing object | G4_suspension_helix.004
Fra:451 Mem:749.87M (Peak 895.07M) | Time:00:01.83 | Mem:0.00M, Peak:0.00M | Scene, ViewLayer | Synchronizing object | G4_suspension_helix.005
Fra:451 Mem:749.98M (Peak 895.07M) | Time:00:01.83 | Mem:0.00M, Peak:0.00M | Scene, ViewLayer | Synchronizing object | G4_suspension_helix.006
Fra:451 Mem:750.09M (Peak 895.07M) | Time:00:01.84 | Mem:0.00M, Peak:0.00M | Scene, ViewLayer | Synchronizing object | G4_suspension_helix.007
Fra:451 Mem:750.15M (Peak 895.07M) | Time:00:01.84 | Mem:0.00M, Peak:0.00M | Scene, ViewLayer | Synchronizing object | Ridge_vent_stanchion.016
Fra:451 Mem:750.17M (Peak 895.07M) | Time:00:01.84 | Mem:0.00M, Peak:0.00M | Scene, ViewLayer | Synchronizing object | Column_base_plinth.012
Fra:451 Mem:750.27M (Peak 895.07M) | Time:00:01.84 | Mem:0.00M, Peak:0.00M | Scene, ViewLayer | Synchronizing object | Curved_roof_glazing.238
Fra:451 Mem:750.27M (Peak 895.07M) | Time:00:01.84 | Mem:0.00M, Peak:0.00M | Scene, ViewLayer | Synchronizing object | Secondary_glazing_rib.002
Fra:451 Mem:750.32M (Peak 895.07M) | Time:00:01.84 | Mem:0.00M, Peak:0.00M | Scene, ViewLayer | Synchronizing object | Side_wall_glass.045
Fra:451 Mem:750.32M (Peak 895.07M) | Time:00:01.84 | Mem:0.00M, Peak:0.00M | Scene, ViewLayer | Synchronizing object | Wall_transom.021
Fra:451 Mem:750.34M (Peak 895.07M) | Time:00:01.84 | Mem:0.00M, Peak:0.00M | Scene, ViewLayer | Synchronizing object | G4_cab_gauge_needle
Fra:451 Mem:750.35M (Peak 895.07M) | Time:00:01.84 | Mem:0.00M, Peak:0.00M | Scene, ViewLayer | Synchronizing object | G4_cab_gauge_needle.001
Fra:451 Mem:750.35M (Peak 895.07M) | Time:00:01.84 | Mem:0.00M, Peak:0.00M | Scene, ViewLayer | Synchronizing object | End_wall_glazing.012
Fra:451 Mem:750.35M (Peak 895.07M) | Time:00:01.84 | Mem:0.00M, Peak:0.00M | Scene, ViewLayer | Synchronizing object | G4_cab_gauge_needle.002
Fra:451 Mem:750.35M (Peak 895.07M) | Time:00:01.84 | Mem:0.00M, Peak:0.00M | Scene, ViewLayer | Synchronizing object | Wall_transom.107
Fra:451 Mem:750.36M (Peak 895.07M) | Time:00:01.84 | Mem:0.00M, Peak:0.00M | Scene, ViewLayer | Synchronizing object | G4_viaduct_arch_edge_course
Fra:451 Mem:750.36M (Peak 895.07M) | Time:00:01.84 | Mem:0.00M, Peak:0.00M | Scene, ViewLayer | Synchronizing object | Curved_roof_glazing.251
Fra:451 Mem:750.39M (Peak 895.07M) | Time:00:01.84 | Mem:0.00M, Peak:0.00M | Scene, ViewLayer | Synchronizing object | Curved_roof_glazing.283
Fra:451 Mem:750.39M (Peak 895.07M) | Time:00:01.84 | Mem:0.00M, Peak:0.00M | Scene, ViewLayer | Synchronizing object | Curved_roof_glazing.075
Fra:451 Mem:750.40M (Peak 895.07M) | Time:00:01.84 | Mem:0.00M, Peak:0.00M | Scene, ViewLayer | Synchronizing object | Curved_roof_glazing.123
Fra:451 Mem:750.40M (Peak 895.07M) | Time:00:01.84 | Mem:0.00M, Peak:0.00M | Scene, ViewLayer | Synchronizing object | G4_viaduct_arch_edge_course.001
Fra:451 Mem:750.41M (Peak 895.07M) | Time:00:01.84 | Mem:0.00M, Peak:0.00M | Scene, ViewLayer | Synchronizing object | Curved_roof_glazing.155
Fra:451 Mem:750.43M (Peak 895.07M) | Time:00:01.84 | Mem:0.00M, Peak:0.00M | Scene, ViewLayer | Synchronizing object | Longitudinal_roof_purlin.002
Fra:451 Mem:750.46M (Peak 895.07M) | Time:00:01.84 | Mem:0.00M, Peak:0.00M | Scene, ViewLayer | Synchronizing object | G4_viaduct_arch_edge_course.002
Fra:451 Mem:750.49M (Peak 895.07M) | Time:00:01.84 | Mem:0.00M, Peak:0.00M | Scene, ViewLayer | Synchronizing object | G4_viaduct_arch_edge_course.003
Fra:451 Mem:750.51M (Peak 895.07M) | Time:00:01.84 | Mem:0.00M, Peak:0.00M | Scene, ViewLayer | Synchronizing object | Curved_roof_glazing.184
Fra:451 Mem:750.52M (Peak 895.07M) | Time:00:01.84 | Mem:0.00M, Peak:0.00M | Scene, ViewLayer | Synchronizing object | Curved_roof_glazing.296
Fra:451 Mem:750.52M (Peak 895.07M) | Time:00:01.84 | Mem:0.00M, Peak:0.00M | Scene, ViewLayer | Synchronizing object | G4_viaduct_arch_edge_course.004
Fra:451 Mem:750.53M (Peak 895.07M) | Time:00:01.84 | Mem:0.00M, Peak:0.00M | Scene, ViewLayer | Synchronizing object | Side_wall_glass.094
Fra:451 Mem:750.55M (Peak 895.07M) | Time:00:01.84 | Mem:0.00M, Peak:0.00M | Scene, ViewLayer | Synchronizing object | Curved_roof_glazing.088
Fra:451 Mem:750.56M (Peak 895.07M) | Time:00:01.84 | Mem:0.00M, Peak:0.00M | Scene, ViewLayer | Synchronizing object | Wall_transom.184
Fra:451 Mem:750.56M (Peak 895.07M) | Time:00:01.84 | Mem:0.00M, Peak:0.00M | Scene, ViewLayer | Synchronizing object | G4_viaduct_arch_edge_course.005
Fra:451 Mem:750.61M (Peak 895.07M) | Time:00:01.84 | Mem:0.00M, Peak:0.00M | Scene, ViewLayer | Synchronizing object | G4_viaduct_arch_edge_course.006
Fra:451 Mem:750.64M (Peak 895.07M) | Time:00:01.84 | Mem:0.00M, Peak:0.00M | Scene, ViewLayer | Synchronizing object | Column_base_plinth.011
Fra:451 Mem:750.68M (Peak 895.07M) | Time:00:01.84 | Mem:0.00M, Peak:0.00M | Scene, ViewLayer | Synchronizing object | G4_viaduct_arch_edge_course.007
Fra:451 Mem:750.72M (Peak 895.07M) | Time:00:01.84 | Mem:0.00M, Peak:0.00M | Scene, ViewLayer | Synchronizing object | G4_viaduct_arch_edge_course.008
Fra:451 Mem:750.71M (Peak 895.07M) | Time:00:01.84 | Mem:0.00M, Peak:0.00M | Scene, ViewLayer | Synchronizing object | Curved_roof_glazing.357
Fra:451 Mem:750.72M (Peak 895.07M) | Time:00:01.84 | Mem:0.00M, Peak:0.00M | Scene, ViewLayer | Synchronizing object | Wall_stone_sill.021
Fra:451 Mem:750.76M (Peak 895.07M) | Time:00:01.84 | Mem:0.00M, Peak:0.00M | Scene, ViewLayer | Synchronizing object | G4_viaduct_arch_edge_course.009
Fra:451 Mem:750.78M (Peak 895.07M) | Time:00:01.84 | Mem:0.00M, Peak:0.00M | Scene, ViewLayer | Synchronizing object | G4_viaduct_arch_edge_course.010
Fra:451 Mem:750.80M (Peak 895.07M) | Time:00:01.84 | Mem:0.00M, Peak:0.00M | Scene, ViewLayer | Synchronizing object | Wall_transom.168
Fra:451 Mem:750.84M (Peak 895.07M) | Time:00:01.84 | Mem:0.00M, Peak:0.00M | Scene, ViewLayer | Synchronizing object | G4_viaduct_arch_edge_course.011
Fra:451 Mem:750.90M (Peak 895.07M) | Time:00:01.84 | Mem:0.00M, Peak:0.00M | Scene, ViewLayer | Synchronizing object | Wall_transom.002
Fra:451 Mem:751.10M (Peak 895.07M) | Time:00:01.84 | Mem:0.00M, Peak:0.00M | Scene, ViewLayer | Synchronizing object | Column_base_plinth.002
Fra:451 Mem:751.30M (Peak 895.07M) | Time:00:01.84 | Mem:0.00M, Peak:0.00M | Scene, ViewLayer | Synchronizing object | Curved_roof_glazing.239
Fra:451 Mem:751.33M (Peak 895.07M) | Time:00:01.84 | Mem:0.00M, Peak:0.00M | Scene, ViewLayer | Synchronizing object | End_wall_sill.004
Fra:451 Mem:751.54M (Peak 895.07M) | Time:00:01.84 | Mem:0.00M, Peak:0.00M | Scene, ViewLayer | Synchronizing object | Wall_stone_sill.054
Fra:451 Mem:751.76M (Peak 895.07M) | Time:00:01.84 | Mem:0.00M, Peak:0.00M | Scene, ViewLayer | Synchronizing object | Curved_roof_glazing.252
Fra:451 Mem:751.79M (Peak 895.07M) | Time:00:01.84 | Mem:0.00M, Peak:0.00M | Scene, ViewLayer | Synchronizing object | Curved_roof_glazing.284
Fra:451 Mem:751.82M (Peak 895.07M) | Time:00:01.84 | Mem:0.00M, Peak:0.00M | Scene, ViewLayer | Synchronizing object | Curved_roof_glazing.076
Fra:451 Mem:751.86M (Peak 895.07M) | Time:00:01.84 | Mem:0.00M, Peak:0.00M | Scene, ViewLayer | Synchronizing object | Curved_roof_glazing.124
Fra:451 Mem:751.89M (Peak 895.07M) | Time:00:01.84 | Mem:0.00M, Peak:0.00M | Scene, ViewLayer | Synchronizing object | Curved_roof_glazing.156
Fra:451 Mem:751.93M (Peak 895.07M) | Time:00:01.84 | Mem:0.00M, Peak:0.00M | Scene, ViewLayer | Synchronizing object | Curved_roof_glazing.185
Fra:451 Mem:751.96M (Peak 895.07M) | Time:00:01.84 | Mem:0.00M, Peak:0.00M | Scene, ViewLayer | Synchronizing object | Curved_roof_glazing.297
Fra:451 Mem:752.00M (Peak 895.07M) | Time:00:01.84 | Mem:0.00M, Peak:0.00M | Scene, ViewLayer | Synchronizing object | Curved_roof_glazing.089
Fra:451 Mem:752.03M (Peak 895.07M) | Time:00:01.84 | Mem:0.00M, Peak:0.00M | Scene, ViewLayer | Synchronizing object | Curved_roof_glazing.358
Fra:451 Mem:752.07M (Peak 895.07M) | Time:00:01.84 | Mem:0.00M, Peak:0.00M | Scene, ViewLayer | Synchronizing object | Wall_glazing_mullion.014
Fra:451 Mem:752.28M (Peak 895.07M) | Time:00:01.84 | Mem:0.00M, Peak:0.00M | Scene, ViewLayer | Synchronizing object | Wall_transom.098
Fra:451 Mem:752.48M (Peak 895.07M) | Time:00:01.84 | Mem:0.00M, Peak:0.00M | Scene, ViewLayer | Synchronizing object | Wall_transom.134
Fra:451 Mem:752.67M (Peak 895.07M) | Time:00:01.84 | Mem:0.00M, Peak:0.00M | Scene, ViewLayer | Synchronizing object | Wall_transom.028
Fra:451 Mem:752.88M (Peak 895.07M) | Time:00:01.84 | Mem:0.00M, Peak:0.00M | Scene, ViewLayer | Synchronizing object | Wall_transom.072
Fra:451 Mem:753.07M (Peak 895.07M) | Time:00:01.84 | Mem:0.00M, Peak:0.00M | Scene, ViewLayer | Synchronizing object | Ridge_vent_stanchion.017
Fra:451 Mem:753.10M (Peak 895.07M) | Time:00:01.84 | Mem:0.00M, Peak:0.00M | Scene, ViewLayer | Synchronizing object | Secondary_glazing_rib.003
Fra:451 Mem:753.19M (Peak 895.07M) | Time:00:01.84 | Mem:0.00M, Peak:0.00M | Scene, ViewLayer | Synchronizing object | Side_wall_glass.109
Fra:451 Mem:753.20M (Peak 895.07M) | Time:00:01.84 | Mem:0.00M, Peak:0.00M | Scene, ViewLayer | Synchronizing object | Curved_roof_glazing.240
Fra:451 Mem:753.22M (Peak 895.07M) | Time:00:01.84 | Mem:0.00M, Peak:0.00M | Scene, ViewLayer | Synchronizing object | End_wall_glazing.005
Fra:451 Mem:753.24M (Peak 895.07M) | Time:00:01.84 | Mem:0.00M, Peak:0.00M | Scene, ViewLayer | Synchronizing object | Wall_transom.032
Fra:451 Mem:764.24M (Peak 895.07M) | Time:00:01.84 | Mem:0.00M, Peak:0.00M | Scene, ViewLayer | Synchronizing object | Side_wall_glass.112
Fra:451 Mem:764.24M (Peak 895.07M) | Time:00:01.84 | Mem:0.00M, Peak:0.00M | Scene, ViewLayer | Synchronizing object | Curved_roof_glazing.253
Fra:451 Mem:764.24M (Peak 895.07M) | Time:00:01.84 | Mem:0.00M, Peak:0.00M | Scene, ViewLayer | Synchronizing object | Curved_roof_glazing.285
Fra:451 Mem:764.24M (Peak 895.07M) | Time:00:01.84 | Mem:0.00M, Peak:0.00M | Scene, ViewLayer | Synchronizing object | Curved_roof_glazing.077
Fra:451 Mem:764.25M (Peak 895.07M) | Time:00:01.84 | Mem:0.00M, Peak:0.00M | Scene, ViewLayer | Synchronizing object | Curved_roof_glazing.125
Fra:451 Mem:764.25M (Peak 895.07M) | Time:00:01.84 | Mem:0.00M, Peak:0.00M | Scene, ViewLayer | Synchronizing object | Curved_roof_glazing.157
Fra:451 Mem:764.25M (Peak 895.07M) | Time:00:01.84 | Mem:0.00M, Peak:0.00M | Scene, ViewLayer | Synchronizing object | Curved_roof_glazing.186
Fra:451 Mem:764.25M (Peak 895.07M) | Time:00:01.84 | Mem:0.00M, Peak:0.00M | Scene, ViewLayer | Synchronizing object | Curved_roof_glazing.298
Fra:451 Mem:764.26M (Peak 895.07M) | Time:00:01.84 | Mem:0.00M, Peak:0.00M | Scene, ViewLayer | Synchronizing object | Curved_roof_glazing.090
Fra:451 Mem:764.26M (Peak 895.07M) | Time:00:01.84 | Mem:0.00M, Peak:0.00M | Scene, ViewLayer | Synchronizing object | End_wall_sill.009
Fra:451 Mem:764.39M (Peak 895.07M) | Time:00:01.84 | Mem:0.00M, Peak:0.00M | Scene, ViewLayer | Synchronizing object | Wall_transom.147
Fra:451 Mem:764.52M (Peak 895.07M) | Time:00:01.84 | Mem:0.00M, Peak:0.00M | Scene, ViewLayer | Synchronizing object | Curved_roof_glazing.359
Fra:451 Mem:764.55M (Peak 895.07M) | Time:00:01.84 | Mem:0.00M, Peak:0.00M | Scene, ViewLayer | Synchronizing object | Side_wall_glass.090
Fra:451 Mem:764.57M (Peak 895.07M) | Time:00:01.84 | Mem:0.00M, Peak:0.00M | Scene, ViewLayer | Synchronizing object | Platform_portal_lintel
Fra:451 Mem:764.70M (Peak 895.07M) | Time:00:01.84 | Mem:0.00M, Peak:0.00M | Scene, ViewLayer | Synchronizing object | Side_wall_glass.068
Fra:451 Mem:764.72M (Peak 895.07M) | Time:00:01.84 | Mem:0.00M, Peak:0.00M | Scene, ViewLayer | Synchronizing object | Curved_roof_glazing.241
Fra:451 Mem:764.74M (Peak 895.07M) | Time:00:01.84 | Mem:0.00M, Peak:0.00M | Scene, ViewLayer | Synchronizing object | Wall_transom.015
Fra:451 Mem:764.86M (Peak 895.07M) | Time:00:01.84 | Mem:0.00M, Peak:0.00M | Scene, ViewLayer | Synchronizing object | Wall_stone_sill.056
Fra:451 Mem:765.00M (Peak 895.07M) | Time:00:01.84 | Mem:0.00M, Peak:0.00M | Scene, ViewLayer | Synchronizing object | Wall_transom.127
Fra:451 Mem:765.12M (Peak 895.07M) | Time:00:01.84 | Mem:0.00M, Peak:0.00M | Scene, ViewLayer | Synchronizing object | Column_base_plinth.006
Fra:451 Mem:765.25M (Peak 895.07M) | Time:00:01.84 | Mem:0.00M, Peak:0.00M | Scene, ViewLayer | Synchronizing object | Curved_roof_glazing.254
Fra:451 Mem:765.27M (Peak 895.07M) | Time:00:01.84 | Mem:0.00M, Peak:0.00M | Scene, ViewLayer | Synchronizing object | Curved_roof_glazing.286
Fra:451 Mem:765.28M (Peak 895.07M) | Time:00:01.84 | Mem:0.00M, Peak:0.00M | Scene, ViewLayer | Synchronizing object | Curved_roof_glazing.078
Fra:451 Mem:765.29M (Peak 895.07M) | Time:00:01.84 | Mem:0.00M, Peak:0.00M | Scene, ViewLayer | Synchronizing object | Curved_roof_glazing.126
Fra:451 Mem:765.31M (Peak 895.07M) | Time:00:01.84 | Mem:0.00M, Peak:0.00M | Scene, ViewLayer | Synchronizing object | Curved_roof_glazing.158
Fra:451 Mem:765.33M (Peak 895.07M) | Time:00:01.84 | Mem:0.00M, Peak:0.00M | Scene, ViewLayer | Synchronizing object | Curved_roof_glazing.187
Fra:451 Mem:765.35M (Peak 895.07M) | Time:00:01.84 | Mem:0.00M, Peak:0.00M | Scene, ViewLayer | Synchronizing object | Curved_roof_glazing.299
Fra:451 Mem:765.36M (Peak 895.07M) | Time:00:01.84 | Mem:0.00M, Peak:0.00M | Scene, ViewLayer | Synchronizing object | Side_wall_glass.095
Fra:451 Mem:765.38M (Peak 895.07M) | Time:00:01.84 | Mem:0.00M, Peak:0.00M | Scene, ViewLayer | Synchronizing object | Wall_stone_sill.035
Fra:451 Mem:765.59M (Peak 895.07M) | Time:00:01.84 | Mem:0.00M, Peak:0.00M | Scene, ViewLayer | Synchronizing object | Wall_transom.045
Fra:451 Mem:769.24M (Peak 895.07M) | Time:00:01.84 | Mem:0.00M, Peak:0.00M | Scene, ViewLayer | Synchronizing object | Curved_roof_glazing.091
Fra:451 Mem:769.26M (Peak 895.07M) | Time:00:01.84 | Mem:0.00M, Peak:0.00M | Scene, ViewLayer | Synchronizing object | End_wall_mullion.014
Fra:451 Mem:769.40M (Peak 895.07M) | Time:00:01.84 | Mem:0.00M, Peak:0.00M | Scene, ViewLayer | Synchronizing object | Wall_glazing_mullion.028
Fra:451 Mem:769.54M (Peak 895.07M) | Time:00:01.84 | Mem:0.00M, Peak:0.00M | Scene, ViewLayer | Synchronizing object | Curved_roof_glazing.360
Fra:451 Mem:769.56M (Peak 895.07M) | Time:00:01.84 | Mem:0.00M, Peak:0.00M | Scene, ViewLayer | Synchronizing object | Wall_transom.049
Fra:451 Mem:769.70M (Peak 895.07M) | Time:00:01.84 | Mem:0.00M, Peak:0.00M | Scene, ViewLayer | Synchronizing object | Wall_transom.037
Fra:451 Mem:769.84M (Peak 895.07M) | Time:00:01.84 | Mem:0.00M, Peak:0.00M | Scene, ViewLayer | Synchronizing object | Wall_transom.053
Fra:451 Mem:769.97M (Peak 895.07M) | Time:00:01.84 | Mem:0.00M, Peak:0.00M | Scene, ViewLayer | Synchronizing object | Wall_transom.182
Fra:451 Mem:770.02M (Peak 895.07M) | Time:00:01.84 | Mem:0.00M, Peak:0.00M | Scene, ViewLayer | Synchronizing object | Wall_transom.041
Fra:451 Mem:770.15M (Peak 895.07M) | Time:00:01.84 | Mem:0.00M, Peak:0.00M | Scene, ViewLayer | Synchronizing object | Column_capital.012
Fra:451 Mem:770.29M (Peak 895.07M) | Time:00:01.84 | Mem:0.00M, Peak:0.00M | Scene, ViewLayer | Synchronizing object | Curved_roof_glazing.242
Fra:451 Mem:770.31M (Peak 895.07M) | Time:00:01.84 | Mem:0.00M, Peak:0.00M | Scene, ViewLayer | Synchronizing object | Primary_elliptical_arch.001
Fra:451 Mem:770.44M (Peak 895.07M) | Time:00:01.84 | Mem:0.00M, Peak:0.00M | Scene, ViewLayer | Synchronizing object | Side_wall_glass.116
Fra:451 Mem:770.46M (Peak 895.07M) | Time:00:01.84 | Mem:0.00M, Peak:0.00M | Scene, ViewLayer | Synchronizing object | Wall_stone_sill.019
Fra:451 Mem:770.59M (Peak 895.07M) | Time:00:01.84 | Mem:0.00M, Peak:0.00M | Scene, ViewLayer | Synchronizing object | Curved_roof_glazing.255
Fra:451 Mem:770.62M (Peak 895.07M) | Time:00:01.84 | Mem:0.00M, Peak:0.00M | Scene, ViewLayer | Synchronizing object | Curved_roof_glazing.287
Fra:451 Mem:770.64M (Peak 895.07M) | Time:00:01.84 | Mem:0.00M, Peak:0.00M | Scene, ViewLayer | Synchronizing object | Wall_stone_sill.002
Fra:451 Mem:770.77M (Peak 895.07M) | Time:00:01.84 | Mem:0.00M, Peak:0.00M | Scene, ViewLayer | Synchronizing object | Column_base_plinth.014
Fra:451 Mem:770.90M (Peak 895.07M) | Time:00:01.84 | Mem:0.00M, Peak:0.00M | Scene, ViewLayer | Synchronizing object | Curved_roof_glazing.079
Fra:451 Mem:770.92M (Peak 895.07M) | Time:00:01.84 | Mem:0.00M, Peak:0.00M | Scene, ViewLayer | Synchronizing object | Curved_roof_glazing.127
Fra:451 Mem:770.94M (Peak 895.07M) | Time:00:01.84 | Mem:0.00M, Peak:0.00M | Scene, ViewLayer | Synchronizing object | Curved_roof_glazing.159
Fra:451 Mem:770.96M (Peak 895.07M) | Time:00:01.84 | Mem:0.00M, Peak:0.00M | Scene, ViewLayer | Synchronizing object | Curved_roof_glazing.188
Fra:451 Mem:770.98M (Peak 895.07M) | Time:00:01.84 | Mem:0.00M, Peak:0.00M | Scene, ViewLayer | Synchronizing object | Curved_roof_glazing.300
Fra:451 Mem:773.62M (Peak 895.07M) | Time:00:01.84 | Mem:0.00M, Peak:0.00M | Scene, ViewLayer | Synchronizing object | Side_wall_glass.070
Fra:451 Mem:773.64M (Peak 895.07M) | Time:00:01.84 | Mem:0.00M, Peak:0.00M | Scene, ViewLayer | Synchronizing object | Wall_transom.177
Fra:451 Mem:773.75M (Peak 895.07M) | Time:00:01.84 | Mem:0.00M, Peak:0.00M | Scene, ViewLayer | Synchronizing object | Wall_glazing_mullion.029
Fra:451 Mem:777.68M (Peak 895.07M) | Time:00:01.84 | Mem:0.00M, Peak:0.00M | Scene, ViewLayer | Synchronizing object | G4R03_roof_clipped_rain
Fra:451 Mem:777.75M (Peak 895.07M) | Time:00:01.84 | Mem:0.00M, Peak:0.00M | Scene, ViewLayer | Synchronizing object | Column_capital.005
Fra:451 Mem:777.78M (Peak 895.07M) | Time:00:01.84 | Mem:0.00M, Peak:0.00M | Scene, ViewLayer | Synchronizing object | Curved_roof_glazing.092
Fra:451 Mem:777.91M (Peak 895.07M) | Time:00:01.85 | Mem:0.00M, Peak:0.00M | Scene, ViewLayer | Synchronizing object | Curved_roof_glazing.361
Fra:451 Mem:777.92M (Peak 895.07M) | Time:00:01.85 | Mem:0.00M, Peak:0.00M | Scene, ViewLayer | Synchronizing object | Hall_door_kickpanel.001
Fra:451 Mem:777.95M (Peak 895.07M) | Time:00:01.85 | Mem:0.00M, Peak:0.00M | Scene, ViewLayer | Synchronizing object | Side_wall_glass.038
Fra:451 Mem:778.27M (Peak 895.07M) | Time:00:01.85 | Mem:0.00M, Peak:0.00M | Scene, ViewLayer | Synchronizing object | Wall_glazing_mullion.005
Fra:451 Mem:778.37M (Peak 895.07M) | Time:00:01.85 | Mem:0.00M, Peak:0.00M | Scene, ViewLayer | Synchronizing object | Wall_transom.066
Fra:451 Mem:778.41M (Peak 895.07M) | Time:00:01.85 | Mem:0.00M, Peak:0.00M | Scene, ViewLayer | Synchronizing object | Column_base_plinth.013
Fra:451 Mem:778.44M (Peak 895.07M) | Time:00:01.85 | Mem:0.00M, Peak:0.00M | Scene, ViewLayer | Synchronizing object | Curved_roof_glazing.243
Fra:451 Mem:778.44M (Peak 895.07M) | Time:00:01.85 | Mem:0.00M, Peak:0.00M | Scene, ViewLayer | Synchronizing object | Wall_transom.022
Fra:451 Mem:778.47M (Peak 895.07M) | Time:00:01.85 | Mem:0.00M, Peak:0.00M | Scene, ViewLayer | Synchronizing object | Side_wall_glass.113
Fra:451 Mem:778.47M (Peak 895.07M) | Time:00:01.85 | Mem:0.00M, Peak:0.00M | Scene, ViewLayer | Synchronizing object | End_wall_mullion.012
Fra:451 Mem:782.00M (Peak 895.07M) | Time:00:01.85 | Mem:0.00M, Peak:0.00M | Scene, ViewLayer | Synchronizing object | Wall_stone_sill.036
Fra:451 Mem:782.03M (Peak 895.07M) | Time:00:01.85 | Mem:0.00M, Peak:0.00M | Scene, ViewLayer | Synchronizing object | Curved_roof_glazing.162
Fra:451 Mem:782.04M (Peak 895.07M) | Time:00:01.85 | Mem:0.00M, Peak:0.00M | Scene, ViewLayer | Synchronizing object | Curved_roof_glazing.256
Fra:451 Mem:782.04M (Peak 895.07M) | Time:00:01.85 | Mem:0.00M, Peak:0.00M | Scene, ViewLayer | Synchronizing object | Curved_roof_glazing.288
Fra:451 Mem:782.04M (Peak 895.07M) | Time:00:01.85 | Mem:0.00M, Peak:0.00M | Scene, ViewLayer | Synchronizing object | Curved_roof_glazing.080
Fra:451 Mem:782.05M (Peak 895.07M) | Time:00:01.85 | Mem:0.00M, Peak:0.00M | Scene, ViewLayer | Synchronizing object | Curved_roof_glazing.128
Fra:451 Mem:782.05M (Peak 895.07M) | Time:00:01.85 | Mem:0.00M, Peak:0.00M | Scene, ViewLayer | Synchronizing object | Curved_roof_glazing.160
Fra:451 Mem:782.06M (Peak 895.07M) | Time:00:01.85 | Mem:0.00M, Peak:0.00M | Scene, ViewLayer | Synchronizing object | Longitudinal_roof_purlin.003
Fra:451 Mem:782.09M (Peak 895.07M) | Time:00:01.85 | Mem:0.00M, Peak:0.00M | Scene, ViewLayer | Synchronizing object | Curved_roof_glazing.189
Fra:451 Mem:782.09M (Peak 895.07M) | Time:00:01.85 | Mem:0.00M, Peak:0.00M | Scene, ViewLayer | Synchronizing object | Curved_roof_glazing.301
Fra:451 Mem:782.09M (Peak 895.07M) | Time:00:01.85 | Mem:0.00M, Peak:0.00M | Scene, ViewLayer | Synchronizing object | Curved_roof_glazing.093
Fra:451 Mem:782.10M (Peak 895.07M) | Time:00:01.85 | Mem:0.00M, Peak:0.00M | Scene, ViewLayer | Synchronizing object | End_wall_glazing.015
Fra:451 Mem:782.10M (Peak 895.07M) | Time:00:01.85 | Mem:0.00M, Peak:0.00M | Scene, ViewLayer | Synchronizing object | Secondary_glazing_rib.006
Fra:451 Mem:782.15M (Peak 895.07M) | Time:00:01.85 | Mem:0.00M, Peak:0.00M | Scene, ViewLayer | Synchronizing object | Secondary_glazing_rib.016
Fra:451 Mem:782.20M (Peak 895.07M) | Time:00:01.85 | Mem:0.00M, Peak:0.00M | Scene, ViewLayer | Synchronizing object | Wall_transom.185
Fra:451 Mem:782.22M (Peak 895.07M) | Time:00:01.85 | Mem:0.00M, Peak:0.00M | Scene, ViewLayer | Synchronizing object | Curved_roof_glazing.362
Fra:451 Mem:782.23M (Peak 895.07M) | Time:00:01.86 | Mem:0.00M, Peak:0.00M | Scene, ViewLayer | Synchronizing object | Wall_transom.118
Fra:451 Mem:782.26M (Peak 895.07M) | Time:00:01.86 | Mem:0.00M, Peak:0.00M | Scene, ViewLayer | Synchronizing object | Wall_glazing_mullion.022
Fra:451 Mem:782.29M (Peak 895.07M) | Time:00:01.86 | Mem:0.00M, Peak:0.00M | Scene, ViewLayer | Synchronizing object | Hall_door_stile
Fra:451 Mem:782.32M (Peak 895.07M) | Time:00:01.86 | Mem:0.00M, Peak:0.00M | Scene, ViewLayer | Synchronizing object | Side_wall_glass.069
Fra:451 Mem:782.32M (Peak 895.07M) | Time:00:01.86 | Mem:0.00M, Peak:0.00M | Scene, ViewLayer | Synchronizing object | Curved_roof_glazing.340
Fra:451 Mem:782.32M (Peak 895.07M) | Time:00:01.86 | Mem:0.00M, Peak:0.00M | Scene, ViewLayer | Synchronizing object | Wall_glazing_mullion.026
Fra:451 Mem:782.35M (Peak 895.07M) | Time:00:01.86 | Mem:0.00M, Peak:0.00M | Scene, ViewLayer | Synchronizing object | Curved_roof_glazing.257
Fra:451 Mem:782.36M (Peak 895.07M) | Time:00:01.86 | Mem:0.00M, Peak:0.00M | Scene, ViewLayer | Synchronizing object | Curved_roof_glazing.289
Fra:451 Mem:782.36M (Peak 895.07M) | Time:00:01.86 | Mem:0.00M, Peak:0.00M | Scene, ViewLayer | Synchronizing object | Wall_glazing_mullion.009
Fra:451 Mem:782.39M (Peak 895.07M) | Time:00:01.86 | Mem:0.00M, Peak:0.00M | Scene, ViewLayer | Synchronizing object | Curved_roof_glazing.081
Fra:451 Mem:782.39M (Peak 895.07M) | Time:00:01.86 | Mem:0.00M, Peak:0.00M | Scene, ViewLayer | Synchronizing object | Curved_roof_glazing.129
Fra:451 Mem:782.40M (Peak 895.07M) | Time:00:01.86 | Mem:0.00M, Peak:0.00M | Scene, ViewLayer | Synchronizing object | Curved_roof_glazing.161
Fra:451 Mem:782.40M (Peak 895.07M) | Time:00:01.86 | Mem:0.00M, Peak:0.00M | Scene, ViewLayer | Synchronizing object | Curved_roof_glazing.190
Fra:451 Mem:782.40M (Peak 895.07M) | Time:00:01.86 | Mem:0.00M, Peak:0.00M | Scene, ViewLayer | Synchronizing object | Curved_roof_glazing.302
Fra:451 Mem:782.41M (Peak 895.07M) | Time:00:01.86 | Mem:0.00M, Peak:0.00M | Scene, ViewLayer | Synchronizing object | Curved_roof_glazing.094
Fra:451 Mem:782.41M (Peak 895.07M) | Time:00:01.86 | Mem:0.00M, Peak:0.00M | Scene, ViewLayer | Synchronizing object | Curved_roof_glazing.363
Fra:451 Mem:782.42M (Peak 895.07M) | Time:00:01.86 | Mem:0.00M, Peak:0.00M | Scene, ViewLayer | Synchronizing object | Wall_glazing_mullion.023
Fra:451 Mem:782.45M (Peak 895.07M) | Time:00:01.86 | Mem:0.00M, Peak:0.00M | Scene, ViewLayer | Synchronizing object | Wall_stone_sill.033
Fra:451 Mem:782.45M (Peak 895.07M) | Time:00:01.86 | Mem:0.00M, Peak:0.00M | Scene, ViewLayer | Synchronizing object | Wall_transom.085
Fra:451 Mem:782.48M (Peak 895.07M) | Time:00:01.86 | Mem:0.00M, Peak:0.00M | Scene, ViewLayer | Synchronizing object | Wall_transom.043
Fra:451 Mem:782.50M (Peak 895.07M) | Time:00:01.86 | Mem:0.00M, Peak:0.00M | Scene, ViewLayer | Synchronizing object | Wall_transom.073
Fra:451 Mem:782.53M (Peak 895.07M) | Time:00:01.86 | Mem:0.00M, Peak:0.00M | Scene, ViewLayer | Synchronizing object | End_wall_sill.012
Fra:451 Mem:782.56M (Peak 895.07M) | Time:00:01.86 | Mem:0.00M, Peak:0.00M | Scene, ViewLayer | Synchronizing object | Curved_roof_glazing.341
Fra:451 Mem:782.57M (Peak 895.07M) | Time:00:01.86 | Mem:0.00M, Peak:0.00M | Scene, ViewLayer | Synchronizing object | Wall_transom.059
Fra:451 Mem:782.60M (Peak 895.07M) | Time:00:01.86 | Mem:0.00M, Peak:0.00M | Scene, ViewLayer | Synchronizing object | Side_wall_glass.005
Fra:451 Mem:782.60M (Peak 895.07M) | Time:00:01.86 | Mem:0.00M, Peak:0.00M | Scene, ViewLayer | Synchronizing object | Curved_roof_glazing.258
Fra:451 Mem:782.60M (Peak 895.07M) | Time:00:01.86 | Mem:0.00M, Peak:0.00M | Scene, ViewLayer | Synchronizing object | Curved_roof_glazing.290
Fra:451 Mem:782.61M (Peak 895.07M) | Time:00:01.86 | Mem:0.00M, Peak:0.00M | Scene, ViewLayer | Synchronizing object | Secondary_glazing_rib.005
Fra:451 Mem:782.65M (Peak 895.07M) | Time:00:01.86 | Mem:0.00M, Peak:0.00M | Scene, ViewLayer | Synchronizing object | Curved_roof_glazing.082
Fra:451 Mem:782.66M (Peak 895.07M) | Time:00:01.86 | Mem:0.00M, Peak:0.00M | Scene, ViewLayer | Synchronizing object | Curved_roof_glazing.130
Fra:451 Mem:782.66M (Peak 895.07M) | Time:00:01.86 | Mem:0.00M, Peak:0.00M | Scene, ViewLayer | Synchronizing object | Curved_roof_glazing.191
Fra:451 Mem:782.66M (Peak 895.07M) | Time:00:01.86 | Mem:0.00M, Peak:0.00M | Scene, ViewLayer | Synchronizing object | Curved_roof_glazing.303
Fra:451 Mem:782.67M (Peak 895.07M) | Time:00:01.86 | Mem:0.00M, Peak:0.00M | Scene, ViewLayer | Synchronizing object | Side_wall_glass.071
Fra:451 Mem:782.67M (Peak 895.07M) | Time:00:01.86 | Mem:0.00M, Peak:0.00M | Scene, ViewLayer | Synchronizing object | Curved_roof_glazing.095
Fra:451 Mem:782.67M (Peak 895.07M) | Time:00:01.86 | Mem:0.00M, Peak:0.00M | Scene, ViewLayer | Synchronizing object | End_elevation_crossbar
Fra:451 Mem:782.70M (Peak 895.07M) | Time:00:01.86 | Mem:0.00M, Peak:0.00M | Scene, ViewLayer | Synchronizing object | Wall_glazing_mullion.012
Fra:451 Mem:782.73M (Peak 895.07M) | Time:00:01.86 | Mem:0.00M, Peak:0.00M | Scene, ViewLayer | Synchronizing object | Wall_stone_sill.048
Fra:451 Mem:782.76M (Peak 895.07M) | Time:00:01.86 | Mem:0.00M, Peak:0.00M | Scene, ViewLayer | Synchronizing object | Curved_roof_glazing.364
Fra:451 Mem:782.76M (Peak 895.07M) | Time:00:01.86 | Mem:0.00M, Peak:0.00M | Scene, ViewLayer | Synchronizing object | Secondary_glazing_rib.013
Fra:451 Mem:782.81M (Peak 895.07M) | Time:00:01.86 | Mem:0.00M, Peak:0.00M | Scene, ViewLayer | Synchronizing object | Wall_glazing_mullion.015
Fra:451 Mem:782.84M (Peak 895.07M) | Time:00:01.86 | Mem:0.00M, Peak:0.00M | Scene, ViewLayer | Synchronizing object | Curved_roof_glazing.342
Fra:451 Mem:782.84M (Peak 895.07M) | Time:00:01.86 | Mem:0.00M, Peak:0.00M | Scene, ViewLayer | Synchronizing object | Wall_transom.128
Fra:451 Mem:782.87M (Peak 895.07M) | Time:00:01.86 | Mem:0.00M, Peak:0.00M | Scene, ViewLayer | Synchronizing object | Wall_transom.024
Fra:451 Mem:782.90M (Peak 895.07M) | Time:00:01.86 | Mem:0.00M, Peak:0.00M | Scene, ViewLayer | Synchronizing object | Side_wall_glass.004
Fra:451 Mem:782.90M (Peak 895.07M) | Time:00:01.86 | Mem:0.00M, Peak:0.00M | Scene, ViewLayer | Synchronizing object | Curved_roof_glazing.259
Fra:451 Mem:782.91M (Peak 895.07M) | Time:00:01.86 | Mem:0.00M, Peak:0.00M | Scene, ViewLayer | Synchronizing object | Curved_roof_glazing.291
Fra:451 Mem:782.91M (Peak 895.07M) | Time:00:01.86 | Mem:0.00M, Peak:0.00M | Scene, ViewLayer | Synchronizing object | Curved_roof_glazing.163
Fra:451 Mem:782.92M (Peak 895.07M) | Time:00:01.86 | Mem:0.00M, Peak:0.00M | Scene, ViewLayer | Synchronizing object | Curved_roof_glazing.083
Fra:451 Mem:782.92M (Peak 895.07M) | Time:00:01.86 | Mem:0.00M, Peak:0.00M | Scene, ViewLayer | Synchronizing object | Curved_roof_glazing.131
Fra:451 Mem:782.92M (Peak 895.07M) | Time:00:01.86 | Mem:0.00M, Peak:0.00M | Scene, ViewLayer | Synchronizing object | Curved_roof_glazing.192
Fra:451 Mem:782.93M (Peak 895.07M) | Time:00:01.86 | Mem:0.00M, Peak:0.00M | Scene, ViewLayer | Synchronizing object | Curved_roof_glazing.304
Fra:451 Mem:782.93M (Peak 895.07M) | Time:00:01.86 | Mem:0.00M, Peak:0.00M | Scene, ViewLayer | Synchronizing object | Wall_transom.046
Fra:451 Mem:782.96M (Peak 895.07M) | Time:00:01.86 | Mem:0.00M, Peak:0.00M | Scene, ViewLayer | Synchronizing object | Wall_transom.139
Fra:451 Mem:782.99M (Peak 895.07M) | Time:00:01.86 | Mem:0.00M, Peak:0.00M | Scene, ViewLayer | Synchronizing object | Curved_roof_glazing.096
Fra:451 Mem:783.02M (Peak 895.07M) | Time:00:01.86 | Mem:0.00M, Peak:0.00M | Scene, ViewLayer | Synchronizing object | Side_wall_glass.100
Fra:451 Mem:783.02M (Peak 895.07M) | Time:00:01.86 | Mem:0.00M, Peak:0.00M | Scene, ViewLayer | Synchronizing object | Curved_roof_glazing.365
Fra:451 Mem:783.03M (Peak 895.07M) | Time:00:01.86 | Mem:0.00M, Peak:0.00M | Scene, ViewLayer | Synchronizing object | Wall_transom.050
Fra:451 Mem:783.06M (Peak 895.07M) | Time:00:01.86 | Mem:0.00M, Peak:0.00M | Scene, ViewLayer | Synchronizing object | Side_wall_glass.066
Fra:451 Mem:783.06M (Peak 895.07M) | Time:00:01.86 | Mem:0.00M, Peak:0.00M | Scene, ViewLayer | Synchronizing object | Wall_transom.038
Fra:451 Mem:783.09M (Peak 895.07M) | Time:00:01.86 | Mem:0.00M, Peak:0.00M | Scene, ViewLayer | Synchronizing object | Wall_transom.135
Fra:451 Mem:783.12M (Peak 895.07M) | Time:00:01.86 | Mem:0.00M, Peak:0.00M | Scene, ViewLayer | Synchronizing object | Wall_stone_sill.018
Fra:451 Mem:783.15M (Peak 895.07M) | Time:00:01.86 | Mem:0.00M, Peak:0.00M | Scene, ViewLayer | Synchronizing object | Wall_transom.183
Fra:451 Mem:783.18M (Peak 895.07M) | Time:00:01.86 | Mem:0.00M, Peak:0.00M | Scene, ViewLayer | Synchronizing object | End_wall_glazing.013
Fra:451 Mem:783.18M (Peak 895.07M) | Time:00:01.86 | Mem:0.00M, Peak:0.00M | Scene, ViewLayer | Synchronizing object | Curved_roof_glazing.343
Fra:451 Mem:783.19M (Peak 895.07M) | Time:00:01.86 | Mem:0.00M, Peak:0.00M | Scene, ViewLayer | Synchronizing object | Portal_transom_mullion.001
Fra:451 Mem:783.22M (Peak 895.07M) | Time:00:01.86 | Mem:0.00M, Peak:0.00M | Scene, ViewLayer | Synchronizing object | Primary_elliptical_arch.005
Fra:451 Mem:783.29M (Peak 895.07M) | Time:00:01.86 | Mem:0.00M, Peak:0.00M | Scene, ViewLayer | Synchronizing object | Wall_stone_sill.057
Fra:451 Mem:783.32M (Peak 895.07M) | Time:00:01.86 | Mem:0.00M, Peak:0.00M | Scene, ViewLayer | Synchronizing object | Wall_stone_sill.061
Fra:451 Mem:783.35M (Peak 895.07M) | Time:00:01.86 | Mem:0.00M, Peak:0.00M | Scene, ViewLayer | Synchronizing object | Curved_roof_glazing.260
Fra:451 Mem:783.35M (Peak 895.07M) | Time:00:01.86 | Mem:0.00M, Peak:0.00M | Scene, ViewLayer | Synchronizing object | Primary_elliptical_arch.004
Fra:451 Mem:783.42M (Peak 895.07M) | Time:00:01.86 | Mem:0.00M, Peak:0.00M | Scene, ViewLayer | Synchronizing object | Side_wall_glass.013
Fra:451 Mem:783.43M (Peak 895.07M) | Time:00:01.86 | Mem:0.00M, Peak:0.00M | Scene, ViewLayer | Synchronizing object | End_wall_glazing.016
Fra:451 Mem:783.43M (Peak 895.07M) | Time:00:01.86 | Mem:0.00M, Peak:0.00M | Scene, ViewLayer | Synchronizing object | Side_wall_glass.088
Fra:451 Mem:783.43M (Peak 895.07M) | Time:00:01.86 | Mem:0.00M, Peak:0.00M | Scene, ViewLayer | Synchronizing object | Wall_transom.111
Fra:451 Mem:783.46M (Peak 895.07M) | Time:00:01.86 | Mem:0.00M, Peak:0.00M | Scene, ViewLayer | Synchronizing object | Curved_roof_glazing.193
Fra:451 Mem:783.46M (Peak 895.07M) | Time:00:01.86 | Mem:0.00M, Peak:0.00M | Scene, ViewLayer | Synchronizing object | Curved_roof_glazing.305
Fra:451 Mem:783.47M (Peak 895.07M) | Time:00:01.86 | Mem:0.00M, Peak:0.00M | Scene, ViewLayer | Synchronizing object | Wall_stone_sill.058
Fra:451 Mem:783.50M (Peak 895.07M) | Time:00:01.86 | Mem:0.00M, Peak:0.00M | Scene, ViewLayer | Synchronizing object | Curved_roof_glazing.097
Fra:451 Mem:783.50M (Peak 895.07M) | Time:00:01.86 | Mem:0.00M, Peak:0.00M | Scene, ViewLayer | Synchronizing object | Curved_roof_glazing.366
Fra:451 Mem:783.51M (Peak 895.07M) | Time:00:01.86 | Mem:0.00M, Peak:0.00M | Scene, ViewLayer | Synchronizing object | Secondary_glazing_rib.008
Fra:451 Mem:788.80M (Peak 895.07M) | Time:00:01.86 | Mem:0.00M, Peak:0.00M | Scene, ViewLayer | Synchronizing object | Curved_roof_glazing.344
Fra:451 Mem:788.81M (Peak 895.07M) | Time:00:01.86 | Mem:0.00M, Peak:0.00M | Scene, ViewLayer | Synchronizing object | Wall_glazing_mullion.020
Fra:451 Mem:788.84M (Peak 895.07M) | Time:00:01.86 | Mem:0.00M, Peak:0.00M | Scene, ViewLayer | Synchronizing object | Load_column.010
Fra:451 Mem:788.84M (Peak 895.07M) | Time:00:01.86 | Mem:0.00M, Peak:0.00M | Scene, ViewLayer | Synchronizing object | Side_wall_glass.118
Fra:451 Mem:788.84M (Peak 895.07M) | Time:00:01.86 | Mem:0.00M, Peak:0.00M | Scene, ViewLayer | Synchronizing object | Side_wall_glass.126
Fra:451 Mem:788.84M (Peak 895.07M) | Time:00:01.86 | Mem:0.00M, Peak:0.00M | Scene, ViewLayer | Synchronizing object | Wall_transom.035
Fra:451 Mem:788.87M (Peak 895.07M) | Time:00:01.86 | Mem:0.00M, Peak:0.00M | Scene, ViewLayer | Synchronizing object | Curved_roof_glazing.261
Fra:451 Mem:788.88M (Peak 895.07M) | Time:00:01.86 | Mem:0.00M, Peak:0.00M | Scene, ViewLayer | Synchronizing object | Ridge_vent_cap
Fra:451 Mem:788.91M (Peak 895.07M) | Time:00:01.86 | Mem:0.00M, Peak:0.00M | Scene, ViewLayer | Synchronizing object | Wall_transom.089
Fra:451 Mem:788.94M (Peak 895.07M) | Time:00:01.86 | Mem:0.00M, Peak:0.00M | Scene, ViewLayer | Synchronizing object | Ridge_vent_stanchion.002
Fra:451 Mem:788.94M (Peak 895.07M) | Time:00:01.86 | Mem:0.00M, Peak:0.00M | Scene, ViewLayer | Synchronizing object | Side_wall_glass.034
Fra:451 Mem:788.94M (Peak 895.07M) | Time:00:01.86 | Mem:0.00M, Peak:0.00M | Scene, ViewLayer | Synchronizing object | Curved_roof_glazing.194
Fra:451 Mem:788.94M (Peak 895.07M) | Time:00:01.86 | Mem:0.00M, Peak:0.00M | Scene, ViewLayer | Synchronizing object | Curved_roof_glazing.306
Fra:451 Mem:788.95M (Peak 895.07M) | Time:00:01.86 | Mem:0.00M, Peak:0.00M | Scene, ViewLayer | Synchronizing object | Side_wall_glass.120
Fra:451 Mem:788.95M (Peak 895.07M) | Time:00:01.86 | Mem:0.00M, Peak:0.00M | Scene, ViewLayer | Synchronizing object | Curved_roof_glazing.098
Fra:451 Mem:788.95M (Peak 895.07M) | Time:00:01.86 | Mem:0.00M, Peak:0.00M | Scene, ViewLayer | Synchronizing object | End_wall_mullion.015
Fra:451 Mem:788.98M (Peak 895.07M) | Time:00:01.86 | Mem:0.00M, Peak:0.00M | Scene, ViewLayer | Synchronizing object | Wall_glazing_mullion.013
Fra:451 Mem:789.01M (Peak 895.07M) | Time:00:01.86 | Mem:0.00M, Peak:0.00M | Scene, ViewLayer | Synchronizing object | Wall_transom.186
Fra:451 Mem:789.04M (Peak 895.07M) | Time:00:01.86 | Mem:0.00M, Peak:0.00M | Scene, ViewLayer | Synchronizing object | Column_capital.011
Fra:451 Mem:789.07M (Peak 895.07M) | Time:00:01.86 | Mem:0.00M, Peak:0.00M | Scene, ViewLayer | Synchronizing object | Curved_roof_glazing.367
Fra:451 Mem:789.07M (Peak 895.07M) | Time:00:01.86 | Mem:0.00M, Peak:0.00M | Scene, ViewLayer | Synchronizing object | Wall_transom.119
Fra:451 Mem:789.10M (Peak 895.07M) | Time:00:01.86 | Mem:0.00M, Peak:0.00M | Scene, ViewLayer | Synchronizing object | Side_wall_glass.067
Fra:451 Mem:789.11M (Peak 895.07M) | Time:00:01.86 | Mem:0.00M, Peak:0.00M | Scene, ViewLayer | Synchronizing object | Side_wall_glass.091
Fra:451 Mem:789.11M (Peak 895.07M) | Time:00:01.86 | Mem:0.00M, Peak:0.00M | Scene, ViewLayer | Synchronizing object | Wall_glazing_mullion.016
Fra:451 Mem:789.14M (Peak 895.07M) | Time:00:01.86 | Mem:0.00M, Peak:0.00M | Scene, ViewLayer | Synchronizing object | Wall_transom.102
Fra:451 Mem:789.17M (Peak 895.07M) | Time:00:01.86 | Mem:0.00M, Peak:0.00M | Scene, ViewLayer | Synchronizing object | Wall_stone_sill.014
Fra:451 Mem:789.20M (Peak 895.07M) | Time:00:01.86 | Mem:0.00M, Peak:0.00M | Scene, ViewLayer | Synchronizing object | Curved_roof_glazing.345
Fra:451 Mem:789.20M (Peak 895.07M) | Time:00:01.86 | Mem:0.00M, Peak:0.00M | Scene, ViewLayer | Synchronizing object | Secondary_glazing_rib.011
Fra:451 Mem:789.25M (Peak 895.07M) | Time:00:01.86 | Mem:0.00M, Peak:0.00M | Scene, ViewLayer | Synchronizing object | Longitudinal_roof_purlin.011
Fra:451 Mem:789.28M (Peak 895.07M) | Time:00:01.86 | Mem:0.00M, Peak:0.00M | Scene, ViewLayer | Synchronizing object | Curved_roof_glazing.262
Fra:451 Mem:789.28M (Peak 895.07M) | Time:00:01.86 | Mem:0.00M, Peak:0.00M | Scene, ViewLayer | Synchronizing object | Load_column.008
Fra:451 Mem:789.28M (Peak 895.07M) | Time:00:01.86 | Mem:0.00M, Peak:0.00M | Scene, ViewLayer | Synchronizing object | Side_wall_glass.035
Fra:451 Mem:789.28M (Peak 895.07M) | Time:00:01.86 | Mem:0.00M, Peak:0.00M | Scene, ViewLayer | Synchronizing object | Curved_roof_glazing.195
Fra:451 Mem:789.29M (Peak 895.07M) | Time:00:01.86 | Mem:0.00M, Peak:0.00M | Scene, ViewLayer | Synchronizing object | Curved_roof_glazing.307
Fra:451 Mem:789.29M (Peak 895.07M) | Time:00:01.86 | Mem:0.00M, Peak:0.00M | Scene, ViewLayer | Synchronizing object | Side_wall_glass.097
Fra:451 Mem:789.29M (Peak 895.07M) | Time:00:01.86 | Mem:0.00M, Peak:0.00M | Scene, ViewLayer | Synchronizing object | Curved_roof_glazing.099
Fra:451 Mem:789.30M (Peak 895.07M) | Time:00:01.86 | Mem:0.00M, Peak:0.00M | Scene, ViewLayer | Synchronizing object | Side_wall_glass.101
Fra:451 Mem:789.30M (Peak 895.07M) | Time:00:01.86 | Mem:0.00M, Peak:0.00M | Scene, ViewLayer | Synchronizing object | Curved_roof_glazing.368
Fra:451 Mem:789.30M (Peak 895.07M) | Time:00:01.86 | Mem:0.00M, Peak:0.00M | Scene, ViewLayer | Synchronizing object | Wall_glazing_mullion.027
Fra:451 Mem:789.33M (Peak 895.07M) | Time:00:01.86 | Mem:0.00M, Peak:0.00M | Scene, ViewLayer | Synchronizing object | Side_wall_glass.036
Fra:451 Mem:789.33M (Peak 895.07M) | Time:00:01.86 | Mem:0.00M, Peak:0.00M | Scene, ViewLayer | Synchronizing object | Wall_transom.086
Fra:451 Mem:789.36M (Peak 895.07M) | Time:00:01.86 | Mem:0.00M, Peak:0.00M | Scene, ViewLayer | Synchronizing object | Wall_transom.074
Fra:451 Mem:789.39M (Peak 895.07M) | Time:00:01.86 | Mem:0.00M, Peak:0.00M | Scene, ViewLayer | Synchronizing object | Wall_glazing_mullion.040
Fra:451 Mem:789.42M (Peak 895.07M) | Time:00:01.86 | Mem:0.00M, Peak:0.00M | Scene, ViewLayer | Synchronizing object | Wall_transom.044
Fra:451 Mem:789.45M (Peak 895.07M) | Time:00:01.86 | Mem:0.00M, Peak:0.00M | Scene, ViewLayer | Synchronizing object | Curved_roof_glazing.346
Fra:451 Mem:789.46M (Peak 895.07M) | Time:00:01.86 | Mem:0.00M, Peak:0.00M | Scene, ViewLayer | Synchronizing object | Wall_stone_sill.020
Fra:451 Mem:789.49M (Peak 895.07M) | Time:00:01.86 | Mem:0.00M, Peak:0.00M | Scene, ViewLayer | Synchronizing object | Curved_roof_glazing.263
Fra:451 Mem:789.49M (Peak 895.07M) | Time:00:01.86 | Mem:0.00M, Peak:0.00M | Scene, ViewLayer | Synchronizing object | Ridge_vent_stanchion.003
Fra:451 Mem:789.49M (Peak 895.07M) | Time:00:01.86 | Mem:0.00M, Peak:0.00M | Scene, ViewLayer | Synchronizing object | Side_wall_glass.089
Fra:451 Mem:789.49M (Peak 895.07M) | Time:00:01.86 | Mem:0.00M, Peak:0.00M | Scene, ViewLayer | Synchronizing object | Wall_stone_sill.001
Fra:451 Mem:789.52M (Peak 895.07M) | Time:00:01.86 | Mem:0.00M, Peak:0.00M | Scene, ViewLayer | Synchronizing object | Wall_stone_sill.047
Fra:451 Mem:789.55M (Peak 895.07M) | Time:00:01.86 | Mem:0.00M, Peak:0.00M | Scene, ViewLayer | Synchronizing object | Wall_stone_sill.059
Fra:451 Mem:789.58M (Peak 895.07M) | Time:00:01.86 | Mem:0.00M, Peak:0.00M | Scene, ViewLayer | Synchronizing object | Curved_roof_glazing.212
Fra:451 Mem:789.58M (Peak 895.07M) | Time:00:01.86 | Mem:0.00M, Peak:0.00M | Scene, ViewLayer | Synchronizing object | Load_column.017
Fra:451 Mem:789.59M (Peak 895.07M) | Time:00:01.86 | Mem:0.00M, Peak:0.00M | Scene, ViewLayer | Synchronizing object | Curved_roof_glazing.369
Fra:451 Mem:789.59M (Peak 895.07M) | Time:00:01.86 | Mem:0.00M, Peak:0.00M | Scene, ViewLayer | Synchronizing object | Secondary_glazing_rib.015
Fra:451 Mem:790.51M (Peak 895.07M) | Time:00:01.86 | Mem:0.00M, Peak:0.00M | Scene, ViewLayer | Synchronizing object | Side_wall_glass.037
Fra:451 Mem:790.52M (Peak 895.07M) | Time:00:01.86 | Mem:0.00M, Peak:0.00M | Scene, ViewLayer | Synchronizing object | Curved_roof_glazing.347
Fra:451 Mem:790.52M (Peak 895.07M) | Time:00:01.86 | Mem:0.00M, Peak:0.00M | Scene, ViewLayer | Synchronizing object | Wall_stone_sill.043
Fra:451 Mem:790.55M (Peak 895.07M) | Time:00:01.86 | Mem:0.00M, Peak:0.00M | Scene, ViewLayer | Synchronizing object | Side_wall_glass.119
Fra:451 Mem:790.55M (Peak 895.07M) | Time:00:01.86 | Mem:0.00M, Peak:0.00M | Scene, ViewLayer | Synchronizing object | Side_wall_glass.127
Fra:451 Mem:790.55M (Peak 895.07M) | Time:00:01.86 | Mem:0.00M, Peak:0.00M | Scene, ViewLayer | Synchronizing object | Wall_transom.025
Fra:451 Mem:790.58M (Peak 895.07M) | Time:00:01.86 | Mem:0.00M, Peak:0.00M | Scene, ViewLayer | Synchronizing object | Curved_roof_glazing.264
Fra:451 Mem:790.59M (Peak 895.07M) | Time:00:01.86 | Mem:0.00M, Peak:0.00M | Scene, ViewLayer | Synchronizing object | Wall_transom.067
Fra:451 Mem:790.61M (Peak 895.07M) | Time:00:01.86 | Mem:0.00M, Peak:0.00M | Scene, ViewLayer | Synchronizing object | Side_wall_glass.098
Fra:451 Mem:791.49M (Peak 895.07M) | Time:00:01.86 | Mem:0.00M, Peak:0.00M | Scene, ViewLayer | Synchronizing object | Side_wall_glass.122
Fra:451 Mem:791.49M (Peak 895.07M) | Time:00:01.86 | Mem:0.00M, Peak:0.00M | Scene, ViewLayer | Synchronizing object | Curved_roof_glazing.213
Fra:451 Mem:791.50M (Peak 895.07M) | Time:00:01.86 | Mem:0.00M, Peak:0.00M | Scene, ViewLayer | Synchronizing object | Side_wall_glass.080
Fra:451 Mem:791.50M (Peak 895.07M) | Time:00:01.86 | Mem:0.00M, Peak:0.00M | Scene, ViewLayer | Synchronizing object | Wall_stone_sill.011
Fra:451 Mem:791.53M (Peak 895.07M) | Time:00:01.87 | Mem:0.00M, Peak:0.00M | Scene, ViewLayer | Synchronizing object | Wall_transom.083
Fra:451 Mem:791.56M (Peak 895.07M) | Time:00:01.87 | Mem:0.00M, Peak:0.00M | Scene, ViewLayer | Synchronizing object | Curved_roof_glazing.370
Fra:451 Mem:791.56M (Peak 895.07M) | Time:00:01.87 | Mem:0.00M, Peak:0.00M | Scene, ViewLayer | Synchronizing object | Wall_stone_sill.017
Fra:451 Mem:791.59M (Peak 895.07M) | Time:00:01.87 | Mem:0.00M, Peak:0.00M | Scene, ViewLayer | Synchronizing object | Wall_stone_sill.013
Fra:451 Mem:795.12M (Peak 895.07M) | Time:00:01.87 | Mem:0.00M, Peak:0.00M | Scene, ViewLayer | Synchronizing object | Wall_stone_sill.060
Fra:451 Mem:795.15M (Peak 895.07M) | Time:00:01.87 | Mem:0.00M, Peak:0.00M | Scene, ViewLayer | Synchronizing object | End_wall_mullion.013
Fra:451 Mem:795.18M (Peak 895.07M) | Time:00:01.87 | Mem:0.00M, Peak:0.00M | Scene, ViewLayer | Synchronizing object | Secondary_glazing_rib.022
Fra:451 Mem:795.23M (Peak 895.07M) | Time:00:01.87 | Mem:0.00M, Peak:0.00M | Scene, ViewLayer | Synchronizing object | Side_wall_glass.028
Fra:451 Mem:795.23M (Peak 895.07M) | Time:00:01.87 | Mem:0.00M, Peak:0.00M | Scene, ViewLayer | Synchronizing object | Curved_roof_glazing.348
Fra:451 Mem:795.23M (Peak 895.07M) | Time:00:01.87 | Mem:0.00M, Peak:0.00M | Scene, ViewLayer | Synchronizing object | Curved_roof_glazing.265
Fra:451 Mem:795.24M (Peak 895.07M) | Time:00:01.87 | Mem:0.00M, Peak:0.00M | Scene, ViewLayer | Synchronizing object | Wall_transom.012
Fra:451 Mem:795.27M (Peak 895.07M) | Time:00:01.87 | Mem:0.00M, Peak:0.00M | Scene, ViewLayer | Synchronizing object | End_wall_mullion.016
Fra:451 Mem:795.42M (Peak 895.07M) | Time:00:01.87 | Mem:0.00M, Peak:0.00M | Scene, ViewLayer | Synchronizing object | Ridge_vent_stanchion.004
Fra:451 Mem:795.42M (Peak 895.07M) | Time:00:01.87 | Mem:0.00M, Peak:0.00M | Scene, ViewLayer | Synchronizing object | Wall_transom.112
Fra:451 Mem:795.39M (Peak 895.07M) | Time:00:01.87 | Mem:0.00M, Peak:0.00M | Scene, ViewLayer | Synchronizing object | Curved_roof_glazing.214
Fra:451 Mem:795.39M (Peak 895.07M) | Time:00:01.87 | Mem:0.00M, Peak:0.00M | Scene, ViewLayer | Synchronizing object | End_wall_mullion.001
Fra:451 Mem:795.42M (Peak 895.07M) | Time:00:01.87 | Mem:0.00M, Peak:0.00M | Scene, ViewLayer | Synchronizing object | Side_wall_glass.055
Fra:451 Mem:795.42M (Peak 895.07M) | Time:00:01.87 | Mem:0.00M, Peak:0.00M | Scene, ViewLayer | Synchronizing object | Curved_roof_glazing.371
Fra:451 Mem:795.43M (Peak 895.07M) | Time:00:01.87 | Mem:0.00M, Peak:0.00M | Scene, ViewLayer | Synchronizing object | Side_wall_glass.026
Fra:451 Mem:795.43M (Peak 895.07M) | Time:00:01.87 | Mem:0.00M, Peak:0.00M | Scene, ViewLayer | Synchronizing object | Hall_door_stile.001
Fra:451 Mem:795.46M (Peak 895.07M) | Time:00:01.87 | Mem:0.00M, Peak:0.00M | Scene, ViewLayer | Synchronizing object | Side_wall_glass.124
Fra:451 Mem:795.46M (Peak 895.07M) | Time:00:01.87 | Mem:0.00M, Peak:0.00M | Scene, ViewLayer | Synchronizing object | Side_wall_glass.029
Fra:451 Mem:795.46M (Peak 895.07M) | Time:00:01.87 | Mem:0.00M, Peak:0.00M | Scene, ViewLayer | Synchronizing object | Wall_glazing_mullion.041
Fra:451 Mem:795.49M (Peak 895.07M) | Time:00:01.87 | Mem:0.00M, Peak:0.00M | Scene, ViewLayer | Synchronizing object | Curved_roof_glazing.349
Fra:451 Mem:795.50M (Peak 895.07M) | Time:00:01.87 | Mem:0.00M, Peak:0.00M | Scene, ViewLayer | Synchronizing object | Side_wall_glass.086
Fra:451 Mem:795.50M (Peak 895.07M) | Time:00:01.87 | Mem:0.00M, Peak:0.00M | Scene, ViewLayer | Synchronizing object | Column_base_plinth.010
Fra:451 Mem:795.53M (Peak 895.07M) | Time:00:01.87 | Mem:0.00M, Peak:0.00M | Scene, ViewLayer | Synchronizing object | Side_wall_glass.040
Fra:451 Mem:795.53M (Peak 895.07M) | Time:00:01.87 | Mem:0.00M, Peak:0.00M | Scene, ViewLayer | Synchronizing object | Curved_roof_glazing.266
Fra:451 Mem:795.53M (Peak 895.07M) | Time:00:01.87 | Mem:0.00M, Peak:0.00M | Scene, ViewLayer | Synchronizing object | Platform_portal_jamb
Fra:451 Mem:795.56M (Peak 895.07M) | Time:00:01.87 | Mem:0.00M, Peak:0.00M | Scene, ViewLayer | Synchronizing object | Wall_stone_sill.030
Fra:451 Mem:795.59M (Peak 895.07M) | Time:00:01.87 | Mem:0.00M, Peak:0.00M | Scene, ViewLayer | Synchronizing object | Side_wall_glass.003
Fra:451 Mem:795.59M (Peak 895.07M) | Time:00:01.87 | Mem:0.00M, Peak:0.00M | Scene, ViewLayer | Synchronizing object | Curved_roof_glazing.215
Fra:451 Mem:795.60M (Peak 895.07M) | Time:00:01.87 | Mem:0.00M, Peak:0.00M | Scene, ViewLayer | Synchronizing object | End_wall_sill.006
Fra:451 Mem:795.63M (Peak 895.07M) | Time:00:01.87 | Mem:0.00M, Peak:0.00M | Scene, ViewLayer | Synchronizing object | Side_wall_glass.022
Fra:451 Mem:795.63M (Peak 895.07M) | Time:00:01.87 | Mem:0.00M, Peak:0.00M | Scene, ViewLayer | Synchronizing object | Side_wall_glass.081
Fra:451 Mem:795.63M (Peak 895.07M) | Time:00:01.87 | Mem:0.00M, Peak:0.00M | Scene, ViewLayer | Synchronizing object | Curved_roof_glazing.020
Fra:451 Mem:795.63M (Peak 895.07M) | Time:00:01.87 | Mem:0.00M, Peak:0.00M | Scene, ViewLayer | Synchronizing object | Curved_roof_glazing.036
Fra:451 Mem:795.64M (Peak 895.07M) | Time:00:01.87 | Mem:0.00M, Peak:0.00M | Scene, ViewLayer | Synchronizing object | Curved_roof_glazing.100
Fra:451 Mem:795.64M (Peak 895.07M) | Time:00:01.87 | Mem:0.00M, Peak:0.00M | Scene, ViewLayer | Synchronizing object | End_elevation_crossbar.001
Fra:451 Mem:795.67M (Peak 895.07M) | Time:00:01.87 | Mem:0.00M, Peak:0.00M | Scene, ViewLayer | Synchronizing object | Wall_transom.099
Fra:451 Mem:795.70M (Peak 895.07M) | Time:00:01.87 | Mem:0.00M, Peak:0.00M | Scene, ViewLayer | Synchronizing object | End_wall_glazing
Fra:451 Mem:795.70M (Peak 895.07M) | Time:00:01.87 | Mem:0.00M, Peak:0.00M | Scene, ViewLayer | Synchronizing object | Wall_transom.103
Fra:451 Mem:795.73M (Peak 895.07M) | Time:00:01.87 | Mem:0.00M, Peak:0.00M | Scene, ViewLayer | Synchronizing object | Wall_glazing_mullion.044
Fra:451 Mem:795.76M (Peak 895.07M) | Time:00:01.87 | Mem:0.00M, Peak:0.00M | Scene, ViewLayer | Synchronizing object | Curved_roof_glazing.350
Fra:451 Mem:795.77M (Peak 895.07M) | Time:00:01.87 | Mem:0.00M, Peak:0.00M | Scene, ViewLayer | Synchronizing object | Longitudinal_roof_purlin.012
Fra:451 Mem:795.80M (Peak 895.07M) | Time:00:01.87 | Mem:0.00M, Peak:0.00M | Scene, ViewLayer | Synchronizing object | Side_wall_glass.041
Fra:451 Mem:795.80M (Peak 895.07M) | Time:00:01.87 | Mem:0.00M, Peak:0.00M | Scene, ViewLayer | Synchronizing object | Wall_stone_sill.012
Fra:451 Mem:795.83M (Peak 895.07M) | Time:00:01.87 | Mem:0.00M, Peak:0.00M | Scene, ViewLayer | Synchronizing object | Curved_roof_glazing.267
Fra:451 Mem:792.33M (Peak 895.07M) | Time:00:01.87 | Mem:0.00M, Peak:0.00M | Scene, ViewLayer | Synchronizing object | Side_wall_glass.060
Fra:451 Mem:792.33M (Peak 895.07M) | Time:00:01.87 | Mem:0.00M, Peak:0.00M | Scene, ViewLayer | Synchronizing object | Ridge_vent_stanchion.005
Fra:451 Mem:792.33M (Peak 895.07M) | Time:00:01.87 | Mem:0.00M, Peak:0.00M | Scene, ViewLayer | Synchronizing object | Side_wall_glass.002
Fra:451 Mem:792.34M (Peak 895.07M) | Time:00:01.87 | Mem:0.00M, Peak:0.00M | Scene, ViewLayer | Synchronizing object | Side_wall_glass.099
Fra:451 Mem:792.34M (Peak 895.07M) | Time:00:01.87 | Mem:0.00M, Peak:0.00M | Scene, ViewLayer | Synchronizing object | Side_wall_glass.123
Fra:451 Mem:792.34M (Peak 895.07M) | Time:00:01.87 | Mem:0.00M, Peak:0.00M | Scene, ViewLayer | Synchronizing object | Wall_transom.051
Fra:451 Mem:792.37M (Peak 895.07M) | Time:00:01.87 | Mem:0.00M, Peak:0.00M | Scene, ViewLayer | Synchronizing object | Curved_roof_glazing.216
Fra:451 Mem:792.37M (Peak 895.07M) | Time:00:01.87 | Mem:0.00M, Peak:0.00M | Scene, ViewLayer | Synchronizing object | End_wall_glazing.007
Fra:451 Mem:792.38M (Peak 895.07M) | Time:00:01.87 | Mem:0.00M, Peak:0.00M | Scene, ViewLayer | Synchronizing object | Curved_roof_glazing.021
Fra:451 Mem:797.63M (Peak 895.07M) | Time:00:01.87 | Mem:0.00M, Peak:0.00M | Scene, ViewLayer | Synchronizing object | Curved_roof_glazing.037
Fra:451 Mem:797.63M (Peak 895.07M) | Time:00:01.87 | Mem:0.00M, Peak:0.00M | Scene, ViewLayer | Synchronizing object | Curved_roof_glazing.101
Fra:451 Mem:797.64M (Peak 895.07M) | Time:00:01.87 | Mem:0.00M, Peak:0.00M | Scene, ViewLayer | Synchronizing object | Side_wall_glass.042
Fra:451 Mem:797.64M (Peak 895.07M) | Time:00:01.87 | Mem:0.00M, Peak:0.00M | Scene, ViewLayer | Synchronizing object | Wall_transom.010
Fra:451 Mem:797.67M (Peak 895.07M) | Time:00:01.87 | Mem:0.00M, Peak:0.00M | Scene, ViewLayer | Synchronizing object | Wall_stone_sill.029
Fra:451 Mem:797.70M (Peak 895.07M) | Time:00:01.87 | Mem:0.00M, Peak:0.00M | Scene, ViewLayer | Synchronizing object | Wall_stone_sill.015
Fra:451 Mem:797.73M (Peak 895.07M) | Time:00:01.87 | Mem:0.00M, Peak:0.00M | Scene, ViewLayer | Synchronizing object | Wall_stone_sill.025
Fra:451 Mem:797.76M (Peak 895.07M) | Time:00:01.87 | Mem:0.00M, Peak:0.00M | Scene, ViewLayer | Synchronizing object | Curved_roof_glazing.351
Fra:451 Mem:797.76M (Peak 895.07M) | Time:00:01.87 | Mem:0.00M, Peak:0.00M | Scene, ViewLayer | Synchronizing object | Side_wall_glass.087
Fra:451 Mem:797.76M (Peak 895.07M) | Time:00:01.87 | Mem:0.00M, Peak:0.00M | Scene, ViewLayer | Synchronizing object | Column_base_plinth.008
Fra:451 Mem:797.79M (Peak 895.07M) | Time:00:01.87 | Mem:0.00M, Peak:0.00M | Scene, ViewLayer | Synchronizing object | Curved_roof_glazing.268
Fra:451 Mem:797.80M (Peak 895.07M) | Time:00:01.87 | Mem:0.00M, Peak:0.00M | Scene, ViewLayer | Synchronizing object | Wall_transom.018
Fra:451 Mem:797.83M (Peak 895.07M) | Time:00:01.87 | Mem:0.00M, Peak:0.00M | Scene, ViewLayer | Synchronizing object | Wall_transom.132
Fra:451 Mem:797.86M (Peak 895.07M) | Time:00:01.87 | Mem:0.00M, Peak:0.00M | Scene, ViewLayer | Synchronizing object | Curved_roof_glazing.217
Fra:451 Mem:797.86M (Peak 895.07M) | Time:00:01.87 | Mem:0.00M, Peak:0.00M | Scene, ViewLayer | Synchronizing object | Side_wall_glass.023
Fra:451 Mem:797.86M (Peak 895.07M) | Time:00:01.87 | Mem:0.00M, Peak:0.00M | Scene, ViewLayer | Synchronizing object | Curved_roof_glazing.022
Fra:451 Mem:797.86M (Peak 895.07M) | Time:00:01.87 | Mem:0.00M, Peak:0.00M | Scene, ViewLayer | Synchronizing object | Curved_roof_glazing.038
Fra:451 Mem:797.87M (Peak 895.07M) | Time:00:01.87 | Mem:0.00M, Peak:0.00M | Scene, ViewLayer | Synchronizing object | Curved_roof_glazing.102
Fra:451 Mem:797.87M (Peak 895.07M) | Time:00:01.87 | Mem:0.00M, Peak:0.00M | Scene, ViewLayer | Synchronizing object | End_wall_sill.016
Fra:451 Mem:797.90M (Peak 895.07M) | Time:00:01.87 | Mem:0.00M, Peak:0.00M | Scene, ViewLayer | Synchronizing object | Hall_door_kickpanel
Fra:451 Mem:797.93M (Peak 895.07M) | Time:00:01.87 | Mem:0.00M, Peak:0.00M | Scene, ViewLayer | Synchronizing object | Side_wall_glass.043
Fra:451 Mem:797.93M (Peak 895.07M) | Time:00:01.87 | Mem:0.00M, Peak:0.00M | Scene, ViewLayer | Synchronizing object | Wall_transom.054
Fra:451 Mem:797.96M (Peak 895.07M) | Time:00:01.87 | Mem:0.00M, Peak:0.00M | Scene, ViewLayer | Synchronizing object | Side_wall_glass.058
Fra:451 Mem:797.96M (Peak 895.07M) | Time:00:01.87 | Mem:0.00M, Peak:0.00M | Scene, ViewLayer | Synchronizing object | Side_wall_glass.125
Fra:451 Mem:797.97M (Peak 895.07M) | Time:00:01.87 | Mem:0.00M, Peak:0.00M | Scene, ViewLayer | Synchronizing object | Curved_roof_glazing.352
Fra:451 Mem:797.97M (Peak 895.07M) | Time:00:01.87 | Mem:0.00M, Peak:0.00M | Scene, ViewLayer | Synchronizing object | Curved_roof_glazing.001
Fra:451 Mem:797.97M (Peak 895.07M) | Time:00:01.87 | Mem:0.00M, Peak:0.00M | Scene, ViewLayer | Synchronizing object | Wall_transom.026
Fra:451 Mem:798.00M (Peak 895.07M) | Time:00:01.87 | Mem:0.00M, Peak:0.00M | Scene, ViewLayer | Synchronizing object | Wall_transom.036
Fra:451 Mem:798.03M (Peak 895.07M) | Time:00:01.87 | Mem:0.00M, Peak:0.00M | Scene, ViewLayer | Synchronizing object | Wall_transom.175
Fra:451 Mem:798.06M (Peak 895.07M) | Time:00:01.87 | Mem:0.00M, Peak:0.00M | Scene, ViewLayer | Synchronizing object | Wall_transom.187
Fra:451 Mem:798.09M (Peak 895.07M) | Time:00:01.87 | Mem:0.00M, Peak:0.00M | Scene, ViewLayer | Synchronizing object | Curved_roof_glazing.269
Fra:451 Mem:798.09M (Peak 895.07M) | Time:00:01.87 | Mem:0.00M, Peak:0.00M | Scene, ViewLayer | Synchronizing object | Ridge_vent_stanchion.006
Fra:451 Mem:798.09M (Peak 895.07M) | Time:00:01.87 | Mem:0.00M, Peak:0.00M | Scene, ViewLayer | Synchronizing object | Curved_roof_glazing.218
Fra:451 Mem:798.10M (Peak 895.07M) | Time:00:01.87 | Mem:0.00M, Peak:0.00M | Scene, ViewLayer | Synchronizing object | Wall_stone_sill.028
Fra:451 Mem:798.13M (Peak 895.07M) | Time:00:01.87 | Mem:0.00M, Peak:0.00M | Scene, ViewLayer | Synchronizing object | Curved_roof_glazing.023
Fra:451 Mem:798.13M (Peak 895.07M) | Time:00:01.87 | Mem:0.00M, Peak:0.00M | Scene, ViewLayer | Synchronizing object | Curved_roof_glazing.039
Fra:451 Mem:793.76M (Peak 895.07M) | Time:00:01.87 | Mem:0.00M, Peak:0.00M | Scene, ViewLayer | Synchronizing object | Curved_roof_glazing.103
Fra:451 Mem:793.76M (Peak 895.07M) | Time:00:01.87 | Mem:0.00M, Peak:0.00M | Scene, ViewLayer | Synchronizing object | End_wall_glazing.010
Fra:451 Mem:793.77M (Peak 895.07M) | Time:00:01.87 | Mem:0.00M, Peak:0.00M | Scene, ViewLayer | Synchronizing object | Wall_transom.116
Fra:451 Mem:793.80M (Peak 895.07M) | Time:00:01.87 | Mem:0.00M, Peak:0.00M | Scene, ViewLayer | Synchronizing object | Wall_glazing_mullion.024
Fra:451 Mem:793.82M (Peak 895.07M) | Time:00:01.87 | Mem:0.00M, Peak:0.00M | Scene, ViewLayer | Synchronizing object | Curved_roof_glazing.196
Fra:451 Mem:793.83M (Peak 895.07M) | Time:00:01.87 | Mem:0.00M, Peak:0.00M | Scene, ViewLayer | Synchronizing object | Primary_elliptical_arch.008
Fra:451 Mem:793.90M (Peak 895.07M) | Time:00:01.87 | Mem:0.00M, Peak:0.00M | Scene, ViewLayer | Synchronizing object | Side_wall_glass.072
Fra:451 Mem:793.90M (Peak 895.07M) | Time:00:01.87 | Mem:0.00M, Peak:0.00M | Scene, ViewLayer | Synchronizing object | Wall_transom.136
Fra:451 Mem:793.93M (Peak 895.07M) | Time:00:01.87 | Mem:0.00M, Peak:0.00M | Scene, ViewLayer | Synchronizing object | Curved_roof_glazing.004
Fra:451 Mem:793.93M (Peak 895.07M) | Time:00:01.87 | Mem:0.00M, Peak:0.00M | Scene, ViewLayer | Synchronizing object | Curved_roof_glazing.353
Fra:451 Mem:793.94M (Peak 895.07M) | Time:00:01.87 | Mem:0.00M, Peak:0.00M | Scene, ViewLayer | Synchronizing object | Curved_roof_glazing
Fra:451 Mem:793.94M (Peak 895.07M) | Time:00:01.87 | Mem:0.00M, Peak:0.00M | Scene, ViewLayer | Synchronizing object | Side_wall_glass.024
Fra:451 Mem:793.94M (Peak 895.07M) | Time:00:01.87 | Mem:0.00M, Peak:0.00M | Scene, ViewLayer | Synchronizing object | Curved_roof_glazing.270
Fra:451 Mem:793.95M (Peak 895.07M) | Time:00:01.87 | Mem:0.00M, Peak:0.00M | Scene, ViewLayer | Synchronizing object | Side_wall_glass.061
Fra:451 Mem:793.95M (Peak 895.07M) | Time:00:01.87 | Mem:0.00M, Peak:0.00M | Scene, ViewLayer | Synchronizing object | Wall_transom.013
Fra:451 Mem:793.13M (Peak 895.07M) | Time:00:01.87 | Mem:0.00M, Peak:0.00M | Scene, ViewLayer | Synchronizing object | Wall_transom.068
Fra:451 Mem:793.10M (Peak 895.07M) | Time:00:01.87 | Mem:0.00M, Peak:0.00M | Scene, ViewLayer | Synchronizing object | End_wall_sill.014
Fra:451 Mem:793.16M (Peak 895.07M) | Time:00:01.87 | Mem:0.00M, Peak:0.00M | Scene, ViewLayer | Synchronizing object | Wall_transom.113
Fra:451 Mem:793.19M (Peak 895.07M) | Time:00:01.87 | Mem:0.00M, Peak:0.00M | Scene, ViewLayer | Synchronizing object | Wall_transom.081
Fra:451 Mem:793.21M (Peak 895.07M) | Time:00:01.87 | Mem:0.00M, Peak:0.00M | Scene, ViewLayer | Synchronizing object | Curved_roof_glazing.219
Fra:451 Mem:793.21M (Peak 895.07M) | Time:00:01.87 | Mem:0.00M, Peak:0.00M | Scene, ViewLayer | Synchronizing object | End_wall_sill.001
Fra:451 Mem:793.24M (Peak 895.07M) | Time:00:01.87 | Mem:0.00M, Peak:0.00M | Scene, ViewLayer | Synchronizing object | Side_wall_glass.056
Fra:451 Mem:793.23M (Peak 895.07M) | Time:00:01.87 | Mem:0.00M, Peak:0.00M | Scene, ViewLayer | Synchronizing object | Curved_roof_glazing.024
Fra:451 Mem:793.24M (Peak 895.07M) | Time:00:01.87 | Mem:0.00M, Peak:0.00M | Scene, ViewLayer | Synchronizing object | Curved_roof_glazing.040
Fra:451 Mem:793.25M (Peak 895.07M) | Time:00:01.87 | Mem:0.00M, Peak:0.00M | Scene, ViewLayer | Synchronizing object | Curved_roof_glazing.104
Fra:451 Mem:793.25M (Peak 895.07M) | Time:00:01.87 | Mem:0.00M, Peak:0.00M | Scene, ViewLayer | Synchronizing object | Wall_glazing_mullion.025
Fra:451 Mem:793.28M (Peak 895.07M) | Time:00:01.87 | Mem:0.00M, Peak:0.00M | Scene, ViewLayer | Synchronizing object | Wall_transom.154
Fra:451 Mem:793.30M (Peak 895.07M) | Time:00:01.87 | Mem:0.00M, Peak:0.00M | Scene, ViewLayer | Synchronizing object | Curved_roof_glazing.197
Fra:451 Mem:793.32M (Peak 895.07M) | Time:00:01.87 | Mem:0.00M, Peak:0.00M | Scene, ViewLayer | Synchronizing object | Side_wall_glass.092
Fra:451 Mem:793.31M (Peak 895.07M) | Time:00:01.87 | Mem:0.00M, Peak:0.00M | Scene, ViewLayer | Synchronizing object | Wall_transom.140
Fra:451 Mem:793.31M (Peak 895.07M) | Time:00:01.87 | Mem:0.00M, Peak:0.00M | Scene, ViewLayer | Synchronizing object | Column_capital.006
Fra:451 Mem:793.36M (Peak 895.07M) | Time:00:01.87 | Mem:0.00M, Peak:0.00M | Scene, ViewLayer | Synchronizing object | Curved_roof_glazing.005
Fra:451 Mem:793.36M (Peak 895.07M) | Time:00:01.87 | Mem:0.00M, Peak:0.00M | Scene, ViewLayer | Synchronizing object | Hall_door_rail
Fra:451 Mem:793.37M (Peak 895.07M) | Time:00:01.87 | Mem:0.00M, Peak:0.00M | Scene, ViewLayer | Synchronizing object | Curved_roof_glazing.354
Fra:451 Mem:793.40M (Peak 895.07M) | Time:00:01.87 | Mem:0.00M, Peak:0.00M | Scene, ViewLayer | Synchronizing object | Column_capital.010
Fra:451 Mem:793.42M (Peak 895.07M) | Time:00:01.87 | Mem:0.00M, Peak:0.00M | Scene, ViewLayer | Synchronizing object | Side_wall_glass.025
Fra:451 Mem:793.44M (Peak 895.07M) | Time:00:01.87 | Mem:0.00M, Peak:0.00M | Scene, ViewLayer | Synchronizing object | Curved_roof_glazing.271
Fra:451 Mem:793.42M (Peak 895.07M) | Time:00:01.87 | Mem:0.00M, Peak:0.00M | Scene, ViewLayer | Synchronizing object | Platform_portal_jamb.001
Fra:451 Mem:793.42M (Peak 895.07M) | Time:00:01.87 | Mem:0.00M, Peak:0.00M | Scene, ViewLayer | Synchronizing object | Ridge_vent_stanchion.007
Fra:451 Mem:793.45M (Peak 895.07M) | Time:00:01.87 | Mem:0.00M, Peak:0.00M | Scene, ViewLayer | Synchronizing object | Curved_roof_glazing.220
Fra:451 Mem:793.46M (Peak 895.07M) | Time:00:01.87 | Mem:0.00M, Peak:0.00M | Scene, ViewLayer | Synchronizing object | End_wall_glazing.002
Fra:451 Mem:793.46M (Peak 895.07M) | Time:00:01.87 | Mem:0.00M, Peak:0.00M | Scene, ViewLayer | Synchronizing object | Wall_transom.120
Fra:451 Mem:793.49M (Peak 895.07M) | Time:00:01.87 | Mem:0.00M, Peak:0.00M | Scene, ViewLayer | Synchronizing object | Column_capital.017
Fra:451 Mem:793.51M (Peak 895.07M) | Time:00:01.87 | Mem:0.00M, Peak:0.00M | Scene, ViewLayer | Synchronizing object | Curved_roof_glazing.025
Fra:451 Mem:793.52M (Peak 895.07M) | Time:00:01.87 | Mem:0.00M, Peak:0.00M | Scene, ViewLayer | Synchronizing object | Curved_roof_glazing.041
Fra:451 Mem:793.54M (Peak 895.07M) | Time:00:01.87 | Mem:0.00M, Peak:0.00M | Scene, ViewLayer | Synchronizing object | Curved_roof_glazing.105
Fra:451 Mem:793.52M (Peak 895.07M) | Time:00:01.87 | Mem:0.00M, Peak:0.00M | Scene, ViewLayer | Synchronizing object | End_wall_glazing.019
Fra:451 Mem:793.52M (Peak 895.07M) | Time:00:01.87 | Mem:0.00M, Peak:0.00M | Scene, ViewLayer | Synchronizing object | Wall_transom.100
Fra:451 Mem:793.53M (Peak 895.07M) | Time:00:01.87 | Mem:0.00M, Peak:0.00M | Scene, ViewLayer | Synchronizing object | Secondary_glazing_rib.014
Fra:451 Mem:793.60M (Peak 895.07M) | Time:00:01.87 | Mem:0.00M, Peak:0.00M | Scene, ViewLayer | Synchronizing object | Curved_roof_glazing.198
Fra:451 Mem:793.60M (Peak 895.07M) | Time:00:01.87 | Mem:0.00M, Peak:0.00M | Scene, ViewLayer | Synchronizing object | Curved_roof_glazing.006
Fra:451 Mem:793.60M (Peak 895.07M) | Time:00:01.87 | Mem:0.00M, Peak:0.00M | Scene, ViewLayer | Synchronizing object | Wall_transom.122
Fra:451 Mem:793.61M (Peak 895.07M) | Time:00:01.87 | Mem:0.00M, Peak:0.00M | Scene, ViewLayer | Synchronizing object | Curved_roof_glazing.355
Fra:451 Mem:793.65M (Peak 895.07M) | Time:00:01.87 | Mem:0.00M, Peak:0.00M | Scene, ViewLayer | Synchronizing object | Portal_transom_mullion.002
Fra:451 Mem:793.67M (Peak 895.07M) | Time:00:01.87 | Mem:0.00M, Peak:0.00M | Scene, ViewLayer | Synchronizing object | Wall_transom.060
Fra:451 Mem:793.68M (Peak 895.07M) | Time:00:01.87 | Mem:0.00M, Peak:0.00M | Scene, ViewLayer | Synchronizing object | Curved_roof_glazing.002
Fra:451 Mem:793.70M (Peak 895.07M) | Time:00:01.87 | Mem:0.00M, Peak:0.00M | Scene, ViewLayer | Synchronizing object | Side_wall_glass.121
Fra:451 Mem:793.70M (Peak 895.07M) | Time:00:01.87 | Mem:0.00M, Peak:0.00M | Scene, ViewLayer | Synchronizing object | Curved_roof_glazing.272
Fra:451 Mem:793.72M (Peak 895.07M) | Time:00:01.87 | Mem:0.00M, Peak:0.00M | Scene, ViewLayer | Synchronizing object | Wall_transom.003
Fra:451 Mem:793.71M (Peak 895.07M) | Time:00:01.87 | Mem:0.00M, Peak:0.00M | Scene, ViewLayer | Synchronizing object | Wall_transom.052
Fra:451 Mem:793.77M (Peak 895.07M) | Time:00:01.87 | Mem:0.00M, Peak:0.00M | Scene, ViewLayer | Synchronizing object | End_wall_glazing.017
Fra:451 Mem:793.75M (Peak 895.07M) | Time:00:01.87 | Mem:0.00M, Peak:0.00M | Scene, ViewLayer | Synchronizing object | Wall_transom.145
Fra:451 Mem:793.75M (Peak 895.07M) | Time:00:01.87 | Mem:0.00M, Peak:0.00M | Scene, ViewLayer | Synchronizing object | Wall_transom.181
Fra:451 Mem:793.83M (Peak 895.07M) | Time:00:01.87 | Mem:0.00M, Peak:0.00M | Scene, ViewLayer | Synchronizing object | Curved_roof_glazing.221
Fra:451 Mem:793.81M (Peak 895.07M) | Time:00:01.87 | Mem:0.00M, Peak:0.00M | Scene, ViewLayer | Synchronizing object | End_wall_mullion.007
Fra:451 Mem:793.81M (Peak 895.07M) | Time:00:01.87 | Mem:0.00M, Peak:0.00M | Scene, ViewLayer | Synchronizing object | Curved_roof_glazing.026
Fra:451 Mem:793.82M (Peak 895.07M) | Time:00:01.87 | Mem:0.00M, Peak:0.00M | Scene, ViewLayer | Synchronizing object | Curved_roof_glazing.042
Fra:451 Mem:793.85M (Peak 895.07M) | Time:00:01.87 | Mem:0.00M, Peak:0.00M | Scene, ViewLayer | Synchronizing object | Curved_roof_glazing.106
Fra:451 Mem:793.85M (Peak 895.07M) | Time:00:01.87 | Mem:0.00M, Peak:0.00M | Scene, ViewLayer | Synchronizing object | Wall_glazing_mullion.042
Fra:451 Mem:793.87M (Peak 895.07M) | Time:00:01.87 | Mem:0.00M, Peak:0.00M | Scene, ViewLayer | Synchronizing object | Wall_transom.011
Fra:451 Mem:793.90M (Peak 895.07M) | Time:00:01.87 | Mem:0.00M, Peak:0.00M | Scene, ViewLayer | Synchronizing object | End_wall_mullion
Fra:451 Mem:793.93M (Peak 895.07M) | Time:00:01.87 | Mem:0.00M, Peak:0.00M | Scene, ViewLayer | Synchronizing object | Side_wall_glass.073
Fra:451 Mem:793.93M (Peak 895.07M) | Time:00:01.87 | Mem:0.00M, Peak:0.00M | Scene, ViewLayer | Synchronizing object | Wall_stone_sill.049
Fra:451 Mem:793.96M (Peak 895.07M) | Time:00:01.87 | Mem:0.00M, Peak:0.00M | Scene, ViewLayer | Synchronizing object | Load_column.016
Fra:451 Mem:793.95M (Peak 895.07M) | Time:00:01.87 | Mem:0.00M, Peak:0.00M | Scene, ViewLayer | Synchronizing object | Curved_roof_glazing.199
Fra:451 Mem:793.96M (Peak 895.07M) | Time:00:01.87 | Mem:0.00M, Peak:0.00M | Scene, ViewLayer | Synchronizing object | Load_column.007
Fra:451 Mem:793.96M (Peak 895.07M) | Time:00:01.87 | Mem:0.00M, Peak:0.00M | Scene, ViewLayer | Synchronizing object | Curved_roof_glazing.007
Fra:451 Mem:793.97M (Peak 895.07M) | Time:00:01.87 | Mem:0.00M, Peak:0.00M | Scene, ViewLayer | Synchronizing object | End_wall_sill.002
Fra:451 Mem:793.99M (Peak 895.07M) | Time:00:01.87 | Mem:0.00M, Peak:0.00M | Scene, ViewLayer | Synchronizing object | Platform_canopy_beam.003
Fra:451 Mem:794.02M (Peak 895.07M) | Time:00:01.87 | Mem:0.00M, Peak:0.00M | Scene, ViewLayer | Synchronizing object | Platform_canopy_beam.001
Fra:451 Mem:794.04M (Peak 895.07M) | Time:00:01.87 | Mem:0.00M, Peak:0.00M | Scene, ViewLayer | Synchronizing object | Platform_canopy_beam.002
Fra:451 Mem:794.07M (Peak 895.07M) | Time:00:01.87 | Mem:0.00M, Peak:0.00M | Scene, ViewLayer | Synchronizing object | Canopy_edge_fascia
Fra:451 Mem:794.09M (Peak 895.07M) | Time:00:01.87 | Mem:0.00M, Peak:0.00M | Scene, ViewLayer | Synchronizing object | Platform_canopy_beam.008
Fra:451 Mem:794.13M (Peak 895.07M) | Time:00:01.87 | Mem:0.00M, Peak:0.00M | Scene, ViewLayer | Synchronizing object | Platform_canopy_beam.006
Fra:451 Mem:794.12M (Peak 895.07M) | Time:00:01.87 | Mem:0.00M, Peak:0.00M | Scene, ViewLayer | Synchronizing object | Platform_canopy_beam.004
Fra:451 Mem:794.19M (Peak 895.07M) | Time:00:01.87 | Mem:0.00M, Peak:0.00M | Scene, ViewLayer | Synchronizing object | Platform_canopy_beam.005
Fra:451 Mem:794.17M (Peak 895.07M) | Time:00:01.87 | Mem:0.00M, Peak:0.00M | Scene, ViewLayer | Synchronizing object | Platform_canopy_beam.007
Fra:451 Mem:794.22M (Peak 895.07M) | Time:00:01.88 | Mem:0.00M, Peak:0.00M | Scene, ViewLayer | Synchronizing object | Platform_canopy_glass.001
Fra:451 Mem:794.22M (Peak 895.07M) | Time:00:01.88 | Mem:0.00M, Peak:0.00M | Scene, ViewLayer | Synchronizing object | Platform_canopy_beam
Fra:451 Mem:794.22M (Peak 895.07M) | Time:00:01.88 | Mem:0.00M, Peak:0.00M | Scene, ViewLayer | Synchronizing object | Canopy_tension_brace.007
Fra:451 Mem:794.25M (Peak 895.07M) | Time:00:01.88 | Mem:0.00M, Peak:0.00M | Scene, ViewLayer | Synchronizing object | Canopy_tension_brace.005
Fra:451 Mem:794.25M (Peak 895.07M) | Time:00:01.88 | Mem:0.00M, Peak:0.00M | Scene, ViewLayer | Synchronizing object | Canopy_tension_brace.003
Fra:451 Mem:794.26M (Peak 895.07M) | Time:00:01.88 | Mem:0.00M, Peak:0.00M | Scene, ViewLayer | Synchronizing object | Canopy_tension_brace.004
Fra:451 Mem:794.27M (Peak 895.07M) | Time:00:01.88 | Mem:0.00M, Peak:0.00M | Scene, ViewLayer | Synchronizing object | Canopy_tension_brace.006
Fra:451 Mem:794.27M (Peak 895.07M) | Time:00:01.88 | Mem:0.00M, Peak:0.00M | Scene, ViewLayer | Synchronizing object | Canopy_tension_brace.001
Fra:451 Mem:794.29M (Peak 895.07M) | Time:00:01.88 | Mem:0.00M, Peak:0.00M | Scene, ViewLayer | Synchronizing object | Canopy_tension_brace.002
Fra:451 Mem:794.27M (Peak 895.07M) | Time:00:01.88 | Mem:0.00M, Peak:0.00M | Scene, ViewLayer | Synchronizing object | Platform_canopy_glass.003
Fra:451 Mem:794.27M (Peak 895.07M) | Time:00:01.88 | Mem:0.00M, Peak:0.00M | Scene, ViewLayer | Synchronizing object | Canopy_tension_brace.008
Fra:451 Mem:794.28M (Peak 895.07M) | Time:00:01.88 | Mem:0.00M, Peak:0.00M | Scene, ViewLayer | Synchronizing object | Canopy_tension_brace
Fra:451 Mem:794.28M (Peak 895.07M) | Time:00:01.88 | Mem:0.00M, Peak:0.00M | Scene, ViewLayer | Synchronizing object | Platform_canopy_glass.002
Fra:451 Mem:794.28M (Peak 895.07M) | Time:00:01.88 | Mem:0.00M, Peak:0.00M | Scene, ViewLayer | Synchronizing object | Platform_canopy_glass
Fra:451 Mem:794.29M (Peak 895.07M) | Time:00:01.88 | Mem:0.00M, Peak:0.00M | Scene, ViewLayer | Synchronizing object | Waiting_bench_support.001
Fra:451 Mem:794.32M (Peak 895.07M) | Time:00:01.88 | Mem:0.00M, Peak:0.00M | Scene, ViewLayer | Synchronizing object | Waiting_bench_support.002
Fra:451 Mem:794.34M (Peak 895.07M) | Time:00:01.88 | Mem:0.00M, Peak:0.00M | Scene, ViewLayer | Synchronizing object | Waiting_bench_support.006
Fra:451 Mem:794.37M (Peak 895.07M) | Time:00:01.88 | Mem:0.00M, Peak:0.00M | Scene, ViewLayer | Synchronizing object | Waiting_bench_support.003
Fra:451 Mem:794.40M (Peak 895.07M) | Time:00:01.88 | Mem:0.00M, Peak:0.00M | Scene, ViewLayer | Synchronizing object | Waiting_bench_support.004
Fra:451 Mem:794.42M (Peak 895.07M) | Time:00:01.88 | Mem:0.00M, Peak:0.00M | Scene, ViewLayer | Synchronizing object | Waiting_bench_support.005
Fra:451 Mem:794.47M (Peak 895.07M) | Time:00:01.88 | Mem:0.00M, Peak:0.00M | Scene, ViewLayer | Synchronizing object | Waiting_bench_support.007
Fra:451 Mem:794.45M (Peak 895.07M) | Time:00:01.88 | Mem:0.00M, Peak:0.00M | Scene, ViewLayer | Synchronizing object | Waiting_bench_support
Fra:451 Mem:794.50M (Peak 895.07M) | Time:00:01.88 | Mem:0.00M, Peak:0.00M | Scene, ViewLayer | Synchronizing object | Plant_stem_proxy.028
Fra:451 Mem:794.50M (Peak 895.07M) | Time:00:01.88 | Mem:0.00M, Peak:0.00M | Scene, ViewLayer | Synchronizing object | Botanical_blade_proxy.026
Fra:451 Mem:794.51M (Peak 895.07M) | Time:00:01.88 | Mem:0.00M, Peak:0.00M | Scene, ViewLayer | Synchronizing object | Plant_stem_proxy.045
Fra:451 Mem:794.54M (Peak 895.07M) | Time:00:01.88 | Mem:0.00M, Peak:0.00M | Scene, ViewLayer | Synchronizing object | Botanical_blade_proxy.025
Fra:451 Mem:794.61M (Peak 895.07M) | Time:00:01.88 | Mem:0.00M, Peak:0.00M | Scene, ViewLayer | Synchronizing object | Botanical_blade_proxy.049
Fra:451 Mem:794.62M (Peak 895.07M) | Time:00:01.88 | Mem:0.00M, Peak:0.00M | Scene, ViewLayer | Synchronizing object | Plant_stem_proxy.025
Fra:451 Mem:794.64M (Peak 895.07M) | Time:00:01.88 | Mem:0.00M, Peak:0.00M | Scene, ViewLayer | Synchronizing object | Botanical_blade_proxy.004
Fra:451 Mem:794.72M (Peak 895.07M) | Time:00:01.88 | Mem:0.00M, Peak:0.00M | Scene, ViewLayer | Synchronizing object | Plant_stem_proxy.003
Fra:451 Mem:794.72M (Peak 895.07M) | Time:00:01.88 | Mem:0.00M, Peak:0.00M | Scene, ViewLayer | Synchronizing object | Botanical_blade_proxy.003
Fra:451 Mem:794.75M (Peak 895.07M) | Time:00:01.88 | Mem:0.00M, Peak:0.00M | Scene, ViewLayer | Synchronizing object | Botanical_blade_proxy.028
Fra:451 Mem:794.83M (Peak 895.07M) | Time:00:01.88 | Mem:0.00M, Peak:0.00M | Scene, ViewLayer | Synchronizing object | Plant_stem_proxy.049
Fra:451 Mem:794.83M (Peak 895.07M) | Time:00:01.88 | Mem:0.00M, Peak:0.00M | Scene, ViewLayer | Synchronizing object | Plant_stem_proxy.046
Fra:451 Mem:794.84M (Peak 895.07M) | Time:00:01.88 | Mem:0.00M, Peak:0.00M | Scene, ViewLayer | Synchronizing object | Botanical_blade_proxy.029
Fra:451 Mem:794.95M (Peak 895.07M) | Time:00:01.88 | Mem:0.00M, Peak:0.00M | Scene, ViewLayer | Synchronizing object | Plant_stem_proxy.048
Fra:451 Mem:794.95M (Peak 895.07M) | Time:00:01.88 | Mem:0.00M, Peak:0.00M | Scene, ViewLayer | Synchronizing object | Plant_stem_proxy.004
Fra:451 Mem:794.95M (Peak 895.07M) | Time:00:01.88 | Mem:0.00M, Peak:0.00M | Scene, ViewLayer | Synchronizing object | Plant_stem_proxy.027
Fra:451 Mem:794.96M (Peak 895.07M) | Time:00:01.88 | Mem:0.00M, Peak:0.00M | Scene, ViewLayer | Synchronizing object | Plant_stem_proxy.026
Fra:451 Mem:794.96M (Peak 895.07M) | Time:00:01.88 | Mem:0.00M, Peak:0.00M | Scene, ViewLayer | Synchronizing object | Botanical_blade_proxy.048
Fra:451 Mem:794.99M (Peak 895.07M) | Time:00:01.88 | Mem:0.00M, Peak:0.00M | Scene, ViewLayer | Synchronizing object | Botanical_blade_proxy.047
Fra:451 Mem:795.06M (Peak 895.07M) | Time:00:01.88 | Mem:0.00M, Peak:0.00M | Scene, ViewLayer | Synchronizing object | Botanical_blade_proxy.046
Fra:451 Mem:795.11M (Peak 895.07M) | Time:00:01.88 | Mem:0.00M, Peak:0.00M | Scene, ViewLayer | Synchronizing object | Plant_stem_proxy.001
Fra:451 Mem:795.11M (Peak 895.07M) | Time:00:01.88 | Mem:0.00M, Peak:0.00M | Scene, ViewLayer | Synchronizing object | Botanical_blade_proxy.002
Fra:451 Mem:795.16M (Peak 895.07M) | Time:00:01.88 | Mem:0.00M, Peak:0.00M | Scene, ViewLayer | Synchronizing object | Botanical_blade_proxy.045
Fra:451 Mem:795.25M (Peak 895.07M) | Time:00:01.88 | Mem:0.00M, Peak:0.00M | Scene, ViewLayer | Synchronizing object | Botanical_blade_proxy.001
Fra:451 Mem:795.24M (Peak 895.07M) | Time:00:01.88 | Mem:0.00M, Peak:0.00M | Scene, ViewLayer | Synchronizing object | Plant_stem_proxy.029
Fra:451 Mem:795.25M (Peak 895.07M) | Time:00:01.88 | Mem:0.00M, Peak:0.00M | Scene, ViewLayer | Synchronizing object | Botanical_blade_proxy
Fra:451 Mem:795.35M (Peak 895.07M) | Time:00:01.88 | Mem:0.00M, Peak:0.00M | Scene, ViewLayer | Synchronizing object | Car_window_horizontal_frame.004
Fra:451 Mem:795.35M (Peak 895.07M) | Time:00:01.88 | Mem:0.00M, Peak:0.00M | Scene, ViewLayer | Synchronizing object | Car_window_pillar
Fra:451 Mem:795.41M (Peak 895.07M) | Time:00:01.88 | Mem:0.00M, Peak:0.00M | Scene, ViewLayer | Synchronizing object | Primary_suspension.007
Fra:451 Mem:795.41M (Peak 895.07M) | Time:00:01.88 | Mem:0.00M, Peak:0.00M | Scene, ViewLayer | Synchronizing object | Cab_upper_cheek.002
Fra:451 Mem:795.41M (Peak 895.07M) | Time:00:01.88 | Mem:0.00M, Peak:0.00M | Scene, ViewLayer | Synchronizing object | Primary_suspension.004
Fra:451 Mem:795.41M (Peak 895.07M) | Time:00:01.88 | Mem:0.00M, Peak:0.00M | Scene, ViewLayer | Synchronizing object | Car_window_horizontal_frame.033
Fra:451 Mem:795.42M (Peak 895.07M) | Time:00:01.88 | Mem:0.00M, Peak:0.00M | Scene, ViewLayer | Synchronizing object | Wheel_flange.001
Fra:451 Mem:795.45M (Peak 895.07M) | Time:00:01.88 | Mem:0.00M, Peak:0.00M | Scene, ViewLayer | Synchronizing object | Cab_cheek.002
Fra:451 Mem:795.45M (Peak 895.07M) | Time:00:01.88 | Mem:0.00M, Peak:0.00M | Scene, ViewLayer | Synchronizing object | Train_headlamp_housing.003
Fra:451 Mem:795.45M (Peak 895.07M) | Time:00:01.88 | Mem:0.00M, Peak:0.00M | Scene, ViewLayer | Synchronizing object | Car_side_window.006
Fra:451 Mem:795.46M (Peak 895.07M) | Time:00:01.88 | Mem:0.00M, Peak:0.00M | Scene, ViewLayer | Synchronizing object | Car_window_horizontal_frame.020
Fra:451 Mem:795.49M (Peak 895.07M) | Time:00:01.88 | Mem:0.00M, Peak:0.00M | Scene, ViewLayer | Synchronizing object | Car_curved_lower_shell.011
Fra:451 Mem:795.49M (Peak 895.07M) | Time:00:01.88 | Mem:0.00M, Peak:0.00M | Scene, ViewLayer | Synchronizing object | Car_window_horizontal_frame.015
Fra:451 Mem:795.51M (Peak 895.07M) | Time:00:01.88 | Mem:0.00M, Peak:0.00M | Scene, ViewLayer | Synchronizing object | Car_curved_lower_shell.013
Fra:451 Mem:795.52M (Peak 895.07M) | Time:00:01.88 | Mem:0.00M, Peak:0.00M | Scene, ViewLayer | Synchronizing object | Car_window_pillar.027
Fra:451 Mem:795.54M (Peak 895.07M) | Time:00:01.88 | Mem:0.00M, Peak:0.00M | Scene, ViewLayer | Synchronizing object | Primary_suspension.001
Fra:451 Mem:795.56M (Peak 895.07M) | Time:00:01.88 | Mem:0.00M, Peak:0.00M | Scene, ViewLayer | Synchronizing object | Door_lower_panel.001
Fra:451 Mem:795.57M (Peak 895.07M) | Time:00:01.88 | Mem:0.00M, Peak:0.00M | Scene, ViewLayer | Synchronizing object | Car_ceiling_light.002
Fra:451 Mem:795.59M (Peak 895.07M) | Time:00:01.88 | Mem:0.00M, Peak:0.00M | Scene, ViewLayer | Synchronizing object | Primary_suspension.003
Fra:451 Mem:795.60M (Peak 895.07M) | Time:00:01.88 | Mem:0.00M, Peak:0.00M | Scene, ViewLayer | Synchronizing object | Car_window_pillar.010
Fra:451 Mem:795.63M (Peak 895.07M) | Time:00:01.88 | Mem:0.00M, Peak:0.00M | Scene, ViewLayer | Synchronizing object | Car_window_pillar.014
Fra:451 Mem:795.65M (Peak 895.07M) | Time:00:01.88 | Mem:0.00M, Peak:0.00M | Scene, ViewLayer | Synchronizing object | Cab_windscreen_mullion.001
Fra:451 Mem:795.68M (Peak 895.07M) | Time:00:01.88 | Mem:0.00M, Peak:0.00M | Scene, ViewLayer | Synchronizing object | Cab_floor_extension
Fra:451 Mem:795.70M (Peak 895.07M) | Time:00:01.88 | Mem:0.00M, Peak:0.00M | Scene, ViewLayer | Synchronizing object | Cab_upper_cheek.001
Fra:451 Mem:795.71M (Peak 895.07M) | Time:00:01.88 | Mem:0.00M, Peak:0.00M | Scene, ViewLayer | Synchronizing object | Car_curved_lower_shell.001
Fra:451 Mem:795.73M (Peak 895.07M) | Time:00:01.88 | Mem:0.00M, Peak:0.00M | Scene, ViewLayer | Synchronizing object | Car_window_pillar.005
Fra:451 Mem:795.72M (Peak 895.07M) | Time:00:01.88 | Mem:0.00M, Peak:0.00M | Scene, ViewLayer | Synchronizing object | Car_side_window.012
Fra:451 Mem:795.74M (Peak 895.07M) | Time:00:01.88 | Mem:0.00M, Peak:0.00M | Scene, ViewLayer | Synchronizing object | Car_window_pillar.019
Fra:451 Mem:795.77M (Peak 895.07M) | Time:00:01.88 | Mem:0.00M, Peak:0.00M | Scene, ViewLayer | Synchronizing object | Car_window_pillar.009
Fra:451 Mem:795.79M (Peak 895.07M) | Time:00:01.88 | Mem:0.00M, Peak:0.00M | Scene, ViewLayer | Synchronizing object | Car_seat_base.002
Fra:451 Mem:795.84M (Peak 895.07M) | Time:00:01.88 | Mem:0.00M, Peak:0.00M | Scene, ViewLayer | Synchronizing object | Cab_complete_roof_loft.001
Fra:451 Mem:795.83M (Peak 895.07M) | Time:00:01.88 | Mem:0.00M, Peak:0.00M | Scene, ViewLayer | Synchronizing object | Primary_suspension.005
Fra:451 Mem:795.84M (Peak 895.07M) | Time:00:01.88 | Mem:0.00M, Peak:0.00M | Scene, ViewLayer | Synchronizing object | Car_window_horizontal_frame.030
Fra:451 Mem:795.84M (Peak 895.07M) | Time:00:01.88 | Mem:0.00M, Peak:0.00M | Scene, ViewLayer | Synchronizing object | Door_vertical_frame.003
Fra:451 Mem:795.89M (Peak 895.07M) | Time:00:01.88 | Mem:0.00M, Peak:0.00M | Scene, ViewLayer | Synchronizing object | Primary_suspension.002
Fra:451 Mem:795.90M (Peak 895.07M) | Time:00:01.88 | Mem:0.00M, Peak:0.00M | Scene, ViewLayer | Synchronizing object | Car_window_horizontal_frame.026
Fra:451 Mem:795.91M (Peak 895.07M) | Time:00:01.88 | Mem:0.00M, Peak:0.00M | Scene, ViewLayer | Synchronizing object | Car_window_horizontal_frame.022
Fra:451 Mem:795.91M (Peak 895.07M) | Time:00:01.88 | Mem:0.00M, Peak:0.00M | Scene, ViewLayer | Synchronizing object | Car_seat_base.004
Fra:451 Mem:795.97M (Peak 895.07M) | Time:00:01.88 | Mem:0.00M, Peak:0.00M | Scene, ViewLayer | Synchronizing object | Wheel_tread
Fra:451 Mem:795.99M (Peak 895.07M) | Time:00:01.88 | Mem:0.00M, Peak:0.00M | Scene, ViewLayer | Synchronizing object | Wheel_hub.002
Fra:451 Mem:795.98M (Peak 895.07M) | Time:00:01.88 | Mem:0.00M, Peak:0.00M | Scene, ViewLayer | Synchronizing object | Wheel_hub.003
Fra:451 Mem:795.98M (Peak 895.07M) | Time:00:01.88 | Mem:0.00M, Peak:0.00M | Scene, ViewLayer | Synchronizing object | Car_curved_lower_shell.003
Fra:451 Mem:795.98M (Peak 895.07M) | Time:00:01.88 | Mem:0.00M, Peak:0.00M | Scene, ViewLayer | Synchronizing object | Car_window_horizontal_frame.021
Fra:451 Mem:795.99M (Peak 895.07M) | Time:00:01.88 | Mem:0.00M, Peak:0.00M | Scene, ViewLayer | Synchronizing object | Car_curved_lower_shell.007
Fra:451 Mem:796.02M (Peak 895.07M) | Time:00:01.88 | Mem:0.00M, Peak:0.00M | Scene, ViewLayer | Synchronizing object | Cab_cheek.003
Fra:451 Mem:796.02M (Peak 895.07M) | Time:00:01.88 | Mem:0.00M, Peak:0.00M | Scene, ViewLayer | Synchronizing object | Car_window_horizontal_frame.025
Fra:451 Mem:796.04M (Peak 895.07M) | Time:00:01.88 | Mem:0.00M, Peak:0.00M | Scene, ViewLayer | Synchronizing object | Car_window_horizontal_frame.002
Fra:451 Mem:796.07M (Peak 895.07M) | Time:00:01.88 | Mem:0.00M, Peak:0.00M | Scene, ViewLayer | Synchronizing object | Car_seat_back.001
Fra:451 Mem:796.09M (Peak 895.07M) | Time:00:01.88 | Mem:0.00M, Peak:0.00M | Scene, ViewLayer | Synchronizing object | Primary_suspension.006
Fra:451 Mem:796.10M (Peak 895.07M) | Time:00:01.88 | Mem:0.00M, Peak:0.00M | Scene, ViewLayer | Synchronizing object | Car_waist_trim.002
Fra:451 Mem:796.13M (Peak 895.07M) | Time:00:01.88 | Mem:0.00M, Peak:0.00M | Scene, ViewLayer | Synchronizing object | Door_cross_frame
Fra:451 Mem:796.16M (Peak 895.07M) | Time:00:01.88 | Mem:0.00M, Peak:0.00M | Scene, ViewLayer | Synchronizing object | Car_window_horizontal_frame.032
Fra:451 Mem:796.18M (Peak 895.07M) | Time:00:01.88 | Mem:0.00M, Peak:0.00M | Scene, ViewLayer | Synchronizing object | Rear_luggage_bench
Fra:451 Mem:796.20M (Peak 895.07M) | Time:00:01.88 | Mem:0.00M, Peak:0.00M | Scene, ViewLayer | Synchronizing object | Cab_front_fairing
Fra:451 Mem:796.22M (Peak 895.07M) | Time:00:01.88 | Mem:0.00M, Peak:0.00M | Scene, ViewLayer | Synchronizing object | Car_seat_back
Fra:451 Mem:796.25M (Peak 895.07M) | Time:00:01.88 | Mem:0.00M, Peak:0.00M | Scene, ViewLayer | Synchronizing object | Car_window_pillar.031
Fra:451 Mem:796.26M (Peak 895.07M) | Time:00:01.88 | Mem:0.00M, Peak:0.00M | Scene, ViewLayer | Synchronizing object | Wheel_tread.002
Fra:451 Mem:796.28M (Peak 895.07M) | Time:00:01.88 | Mem:0.00M, Peak:0.00M | Scene, ViewLayer | Synchronizing object | Train_headlamp_housing.001
Fra:451 Mem:796.29M (Peak 895.07M) | Time:00:01.88 | Mem:0.00M, Peak:0.00M | Scene, ViewLayer | Synchronizing object | Car_side_window.010
Fra:451 Mem:796.29M (Peak 895.07M) | Time:00:01.88 | Mem:0.00M, Peak:0.00M | Scene, ViewLayer | Synchronizing object | Car_window_horizontal_frame.014
Fra:451 Mem:796.31M (Peak 895.07M) | Time:00:01.88 | Mem:0.00M, Peak:0.00M | Scene, ViewLayer | Synchronizing object | Door_glazing
Fra:451 Mem:796.32M (Peak 895.07M) | Time:00:01.88 | Mem:0.00M, Peak:0.00M | Scene, ViewLayer | Synchronizing object | Car_curved_lower_shell.005
Fra:451 Mem:796.32M (Peak 895.07M) | Time:00:01.88 | Mem:0.00M, Peak:0.00M | Scene, ViewLayer | Synchronizing object | Car_ceiling_light.001
Fra:451 Mem:796.34M (Peak 895.07M) | Time:00:01.88 | Mem:0.00M, Peak:0.00M | Scene, ViewLayer | Synchronizing object | Wheel_flange.006
Fra:451 Mem:796.35M (Peak 895.07M) | Time:00:01.88 | Mem:0.00M, Peak:0.00M | Scene, ViewLayer | Synchronizing object | Car_window_horizontal_frame.009
Fra:451 Mem:796.38M (Peak 895.07M) | Time:00:01.88 | Mem:0.00M, Peak:0.00M | Scene, ViewLayer | Synchronizing object | Car_window_horizontal_frame.013
Fra:451 Mem:796.40M (Peak 895.07M) | Time:00:01.88 | Mem:0.00M, Peak:0.00M | Scene, ViewLayer | Synchronizing object | Cab_cheek
Fra:451 Mem:796.40M (Peak 895.07M) | Time:00:01.88 | Mem:0.00M, Peak:0.00M | Scene, ViewLayer | Synchronizing object | Cab_windscreen_mullion
Fra:451 Mem:796.44M (Peak 895.07M) | Time:00:01.88 | Mem:0.00M, Peak:0.00M | Scene, ViewLayer | Synchronizing object | Car_window_pillar.018
Fra:451 Mem:796.46M (Peak 895.07M) | Time:00:01.88 | Mem:0.00M, Peak:0.00M | Scene, ViewLayer | Synchronizing object | Wheel_hub.004
Fra:451 Mem:796.48M (Peak 895.07M) | Time:00:01.88 | Mem:0.00M, Peak:0.00M | Scene, ViewLayer | Synchronizing object | Car_curved_lower_shell.014
Fra:451 Mem:796.46M (Peak 895.07M) | Time:00:01.88 | Mem:0.00M, Peak:0.00M | Scene, ViewLayer | Synchronizing object | Car_inner_wainscot.002
Fra:451 Mem:796.49M (Peak 895.07M) | Time:00:01.88 | Mem:0.00M, Peak:0.00M | Scene, ViewLayer | Synchronizing object | Car_seat_back.008
Fra:451 Mem:796.52M (Peak 895.07M) | Time:00:01.88 | Mem:0.00M, Peak:0.00M | Scene, ViewLayer | Synchronizing object | Car_waist_trim.001
Fra:451 Mem:796.57M (Peak 895.07M) | Time:00:01.88 | Mem:0.00M, Peak:0.00M | Scene, ViewLayer | Synchronizing object | Car_window_pillar.012
Fra:451 Mem:796.64M (Peak 895.07M) | Time:00:01.88 | Mem:0.00M, Peak:0.00M | Scene, ViewLayer | Synchronizing object | Car_window_pillar.008
Fra:451 Mem:796.65M (Peak 895.07M) | Time:00:01.88 | Mem:0.00M, Peak:0.00M | Scene, ViewLayer | Synchronizing object | Cab_side_glass.002
Fra:451 Mem:796.65M (Peak 895.07M) | Time:00:01.88 | Mem:0.00M, Peak:0.00M | Scene, ViewLayer | Synchronizing object | Car_window_pillar.007
Fra:451 Mem:796.65M (Peak 895.07M) | Time:00:01.88 | Mem:0.00M, Peak:0.00M | Scene, ViewLayer | Synchronizing object | Car_window_pillar.020
Fra:451 Mem:796.71M (Peak 895.07M) | Time:00:01.88 | Mem:0.00M, Peak:0.00M | Scene, ViewLayer | Synchronizing object | Train_headlamp_lens.003
Fra:451 Mem:796.71M (Peak 895.07M) | Time:00:01.88 | Mem:0.00M, Peak:0.00M | Scene, ViewLayer | Synchronizing object | Car_seat_back.007
Fra:451 Mem:796.71M (Peak 895.07M) | Time:00:01.88 | Mem:0.00M, Peak:0.00M | Scene, ViewLayer | Synchronizing object | Door_cross_frame.001
Fra:451 Mem:796.77M (Peak 895.07M) | Time:00:01.88 | Mem:0.00M, Peak:0.00M | Scene, ViewLayer | Synchronizing object | Car_window_horizontal_frame.007
Fra:451 Mem:796.77M (Peak 895.07M) | Time:00:01.88 | Mem:0.00M, Peak:0.00M | Scene, ViewLayer | Synchronizing object | Car_seat_back.009
Fra:451 Mem:796.84M (Peak 895.07M) | Time:00:01.88 | Mem:0.00M, Peak:0.00M | Scene, ViewLayer | Synchronizing object | Car_side_window.013
Fra:451 Mem:796.82M (Peak 895.07M) | Time:00:01.88 | Mem:0.00M, Peak:0.00M | Scene, ViewLayer | Synchronizing object | Bogie_side_frame.001
Fra:451 Mem:796.83M (Peak 895.07M) | Time:00:01.88 | Mem:0.00M, Peak:0.00M | Scene, ViewLayer | Synchronizing object | Wheel_flange.007
Fra:451 Mem:796.87M (Peak 895.07M) | Time:00:01.88 | Mem:0.00M, Peak:0.00M | Scene, ViewLayer | Synchronizing object | Car_seat_back.006
Fra:451 Mem:796.88M (Peak 895.07M) | Time:00:01.88 | Mem:0.00M, Peak:0.00M | Scene, ViewLayer | Synchronizing object | Cab_front_glass
Fra:451 Mem:796.91M (Peak 895.07M) | Time:00:01.88 | Mem:0.00M, Peak:0.00M | Scene, ViewLayer | Synchronizing object | Car_curved_lower_shell.009
Fra:451 Mem:796.90M (Peak 895.07M) | Time:00:01.88 | Mem:0.00M, Peak:0.00M | Scene, ViewLayer | Synchronizing object | Wheel_hub.005
Fra:451 Mem:796.90M (Peak 895.07M) | Time:00:01.88 | Mem:0.00M, Peak:0.00M | Scene, ViewLayer | Synchronizing object | Car_window_horizontal_frame.028
Fra:451 Mem:796.90M (Peak 895.07M) | Time:00:01.88 | Mem:0.00M, Peak:0.00M | Scene, ViewLayer | Synchronizing object | Car_side_window.001
Fra:451 Mem:796.92M (Peak 895.07M) | Time:00:01.88 | Mem:0.00M, Peak:0.00M | Scene, ViewLayer | Synchronizing object | Train_headlamp_housing.002
Fra:451 Mem:796.95M (Peak 895.07M) | Time:00:01.88 | Mem:0.00M, Peak:0.00M | Scene, ViewLayer | Synchronizing object | Car_seat_cushion.001
Fra:451 Mem:796.97M (Peak 895.07M) | Time:00:01.88 | Mem:0.00M, Peak:0.00M | Scene, ViewLayer | Synchronizing object | Car_curved_lower_shell.002
Fra:451 Mem:796.97M (Peak 895.07M) | Time:00:01.88 | Mem:0.00M, Peak:0.00M | Scene, ViewLayer | Synchronizing object | Car_window_pillar.013
Fra:451 Mem:796.97M (Peak 895.07M) | Time:00:01.88 | Mem:0.00M, Peak:0.00M | Scene, ViewLayer | Synchronizing object | Car_seat_back.005
Fra:451 Mem:797.02M (Peak 895.07M) | Time:00:01.88 | Mem:0.00M, Peak:0.00M | Scene, ViewLayer | Synchronizing object | Car_curved_lower_shell.004
Fra:451 Mem:797.02M (Peak 895.07M) | Time:00:01.88 | Mem:0.00M, Peak:0.00M | Scene, ViewLayer | Synchronizing object | Door_vertical_frame
Fra:451 Mem:797.03M (Peak 895.07M) | Time:00:01.88 | Mem:0.00M, Peak:0.00M | Scene, ViewLayer | Synchronizing object | Car_inner_wainscot
Fra:451 Mem:797.04M (Peak 895.07M) | Time:00:01.88 | Mem:0.00M, Peak:0.00M | Scene, ViewLayer | Synchronizing object | Car_side_window.016
Fra:451 Mem:797.07M (Peak 895.07M) | Time:00:01.88 | Mem:0.00M, Peak:0.00M | Scene, ViewLayer | Synchronizing object | Cab_driver_seat
Fra:451 Mem:797.10M (Peak 895.07M) | Time:00:01.88 | Mem:0.00M, Peak:0.00M | Scene, ViewLayer | Synchronizing object | Car_seat_back.004
Fra:451 Mem:797.12M (Peak 895.07M) | Time:00:01.88 | Mem:0.00M, Peak:0.00M | Scene, ViewLayer | Synchronizing object | Cab_side_glass
Fra:451 Mem:797.14M (Peak 895.07M) | Time:00:01.88 | Mem:0.00M, Peak:0.00M | Scene, ViewLayer | Synchronizing object | Car_seat_cushion
Fra:451 Mem:797.14M (Peak 895.07M) | Time:00:01.88 | Mem:0.00M, Peak:0.00M | Scene, ViewLayer | Synchronizing object | Car_window_pillar.030
Fra:451 Mem:797.17M (Peak 895.07M) | Time:00:01.88 | Mem:0.00M, Peak:0.00M | Scene, ViewLayer | Synchronizing object | Wheel_flange
Fra:451 Mem:797.20M (Peak 895.07M) | Time:00:01.88 | Mem:0.00M, Peak:0.00M | Scene, ViewLayer | Synchronizing object | Car_inner_wainscot.001
Fra:451 Mem:797.18M (Peak 895.07M) | Time:00:01.88 | Mem:0.00M, Peak:0.00M | Scene, ViewLayer | Synchronizing object | Car_window_horizontal_frame.018
Fra:451 Mem:797.24M (Peak 895.07M) | Time:00:01.88 | Mem:0.00M, Peak:0.00M | Scene, ViewLayer | Synchronizing object | Car_side_window.003
Fra:451 Mem:797.24M (Peak 895.07M) | Time:00:01.88 | Mem:0.00M, Peak:0.00M | Scene, ViewLayer | Synchronizing object | Car_window_pillar.025
Fra:451 Mem:797.29M (Peak 895.07M) | Time:00:01.88 | Mem:0.00M, Peak:0.00M | Scene, ViewLayer | Synchronizing object | Car_side_window.007
Fra:451 Mem:797.29M (Peak 895.07M) | Time:00:01.88 | Mem:0.00M, Peak:0.00M | Scene, ViewLayer | Synchronizing object | Car_seat_back.003
Fra:451 Mem:797.29M (Peak 895.07M) | Time:00:01.88 | Mem:0.00M, Peak:0.00M | Scene, ViewLayer | Synchronizing object | Cab_upper_cheek.003
Fra:451 Mem:797.30M (Peak 895.07M) | Time:00:01.88 | Mem:0.00M, Peak:0.00M | Scene, ViewLayer | Synchronizing object | Bogie_side_frame.003
Fra:451 Mem:797.35M (Peak 895.07M) | Time:00:01.88 | Mem:0.00M, Peak:0.00M | Scene, ViewLayer | Synchronizing object | Car_ceiling_light
Fra:451 Mem:797.37M (Peak 895.07M) | Time:00:01.88 | Mem:0.00M, Peak:0.00M | Scene, ViewLayer | Synchronizing object | Door_glazing.001
Fra:451 Mem:797.37M (Peak 895.07M) | Time:00:01.88 | Mem:0.00M, Peak:0.00M | Scene, ViewLayer | Synchronizing object | Car_window_horizontal_frame.008
Fra:451 Mem:797.40M (Peak 895.07M) | Time:00:01.88 | Mem:0.00M, Peak:0.00M | Scene, ViewLayer | Synchronizing object | Car_window_horizontal_frame.012
Fra:451 Mem:797.43M (Peak 895.07M) | Time:00:01.88 | Mem:0.00M, Peak:0.00M | Scene, ViewLayer | Synchronizing object | Car_window_horizontal_frame.017
Fra:451 Mem:797.46M (Peak 895.07M) | Time:00:01.88 | Mem:0.00M, Peak:0.00M | Scene, ViewLayer | Synchronizing object | Car_seat_cushion.009
Fra:451 Mem:797.48M (Peak 895.07M) | Time:00:01.88 | Mem:0.00M, Peak:0.00M | Scene, ViewLayer | Synchronizing object | Car_window_horizontal_frame.011
Fra:451 Mem:797.51M (Peak 895.07M) | Time:00:01.88 | Mem:0.00M, Peak:0.00M | Scene, ViewLayer | Synchronizing object | Car_floor
Fra:451 Mem:797.53M (Peak 895.07M) | Time:00:01.88 | Mem:0.00M, Peak:0.00M | Scene, ViewLayer | Synchronizing object | Car_seat_cushion.008
Fra:451 Mem:797.57M (Peak 895.07M) | Time:00:01.88 | Mem:0.00M, Peak:0.00M | Scene, ViewLayer | Synchronizing object | Car_window_horizontal_frame.023
Fra:451 Mem:797.58M (Peak 895.07M) | Time:00:01.88 | Mem:0.00M, Peak:0.00M | Scene, ViewLayer | Synchronizing object | Cab_front_fairing.001
Fra:451 Mem:797.61M (Peak 895.07M) | Time:00:01.88 | Mem:0.00M, Peak:0.00M | Scene, ViewLayer | Synchronizing object | Car_curved_lower_shell.015
Fra:451 Mem:797.61M (Peak 895.07M) | Time:00:01.88 | Mem:0.00M, Peak:0.00M | Scene, ViewLayer | Synchronizing object | Car_waist_trim
Fra:451 Mem:797.64M (Peak 895.07M) | Time:00:01.88 | Mem:0.00M, Peak:0.00M | Scene, ViewLayer | Synchronizing object | Car_underframe
Fra:451 Mem:797.66M (Peak 895.07M) | Time:00:01.88 | Mem:0.00M, Peak:0.00M | Scene, ViewLayer | Synchronizing object | Car_window_pillar.003
Fra:451 Mem:797.69M (Peak 895.07M) | Time:00:01.88 | Mem:0.00M, Peak:0.00M | Scene, ViewLayer | Synchronizing object | Car_window_horizontal_frame.019
Fra:451 Mem:797.72M (Peak 895.07M) | Time:00:01.88 | Mem:0.00M, Peak:0.00M | Scene, ViewLayer | Synchronizing object | Car_window_pillar.006
Fra:451 Mem:797.74M (Peak 895.07M) | Time:00:01.88 | Mem:0.00M, Peak:0.00M | Scene, ViewLayer | Synchronizing object | Car_seat_cushion.007
Fra:451 Mem:797.77M (Peak 895.07M) | Time:00:01.88 | Mem:0.00M, Peak:0.00M | Scene, ViewLayer | Synchronizing object | Car_window_horizontal_frame.006
Fra:451 Mem:797.80M (Peak 895.07M) | Time:00:01.88 | Mem:0.00M, Peak:0.00M | Scene, ViewLayer | Synchronizing object | Car_window_pillar.035
Fra:451 Mem:797.82M (Peak 895.07M) | Time:00:01.88 | Mem:0.00M, Peak:0.00M | Scene, ViewLayer | Synchronizing object | Door_vertical_frame.001
Fra:451 Mem:797.85M (Peak 895.07M) | Time:00:01.88 | Mem:0.00M, Peak:0.00M | Scene, ViewLayer | Synchronizing object | Wheel_flange.002
Fra:451 Mem:797.85M (Peak 895.07M) | Time:00:01.88 | Mem:0.00M, Peak:0.00M | Scene, ViewLayer | Synchronizing object | Wheel_hub.001
Fra:451 Mem:797.86M (Peak 895.07M) | Time:00:01.88 | Mem:0.00M, Peak:0.00M | Scene, ViewLayer | Synchronizing object | Wheel_hub.006
Fra:451 Mem:797.86M (Peak 895.07M) | Time:00:01.88 | Mem:0.00M, Peak:0.00M | Scene, ViewLayer | Synchronizing object | Car_seat_cushion.006
Fra:451 Mem:797.89M (Peak 895.07M) | Time:00:01.88 | Mem:0.00M, Peak:0.00M | Scene, ViewLayer | Synchronizing object | Cab_upper_cheek
Fra:451 Mem:797.90M (Peak 895.07M) | Time:00:01.88 | Mem:0.00M, Peak:0.00M | Scene, ViewLayer | Synchronizing object | Wheel_tread.005
Fra:451 Mem:797.90M (Peak 895.07M) | Time:00:01.88 | Mem:0.00M, Peak:0.00M | Scene, ViewLayer | Synchronizing object | Wheel_tread.003
Fra:451 Mem:797.90M (Peak 895.07M) | Time:00:01.88 | Mem:0.00M, Peak:0.00M | Scene, ViewLayer | Synchronizing object | Car_side_window.014
Fra:451 Mem:797.90M (Peak 895.07M) | Time:00:01.88 | Mem:0.00M, Peak:0.00M | Scene, ViewLayer | Synchronizing object | Train_headlamp_housing
Fra:451 Mem:797.93M (Peak 895.07M) | Time:00:01.88 | Mem:0.00M, Peak:0.00M | Scene, ViewLayer | Synchronizing object | Cab_control_console
Fra:451 Mem:797.93M (Peak 895.07M) | Time:00:01.88 | Mem:0.00M, Peak:0.00M | Scene, ViewLayer | Synchronizing object | Cab_buffer_beam.001
Fra:451 Mem:797.96M (Peak 895.07M) | Time:00:01.88 | Mem:0.00M, Peak:0.00M | Scene, ViewLayer | Synchronizing object | Car_seat_base.001
Fra:451 Mem:798.00M (Peak 895.07M) | Time:00:01.88 | Mem:0.00M, Peak:0.00M | Scene, ViewLayer | Synchronizing object | Car_curved_lower_shell.008
Fra:451 Mem:797.99M (Peak 895.07M) | Time:00:01.88 | Mem:0.00M, Peak:0.00M | Scene, ViewLayer | Synchronizing object | Car_door_threshold
Fra:451 Mem:798.02M (Peak 895.07M) | Time:00:01.88 | Mem:0.00M, Peak:0.00M | Scene, ViewLayer | Synchronizing object | Car_seat_cushion.005
Fra:451 Mem:798.05M (Peak 895.07M) | Time:00:01.88 | Mem:0.00M, Peak:0.00M | Scene, ViewLayer | Synchronizing object | Wheel_flange.005
Fra:451 Mem:798.05M (Peak 895.07M) | Time:00:01.88 | Mem:0.00M, Peak:0.00M | Scene, ViewLayer | Synchronizing object | Cab_front_fairing.002
Fra:451 Mem:798.07M (Peak 895.07M) | Time:00:01.88 | Mem:0.00M, Peak:0.00M | Scene, ViewLayer | Synchronizing object | Axle.003
Fra:451 Mem:798.08M (Peak 895.07M) | Time:00:01.88 | Mem:0.00M, Peak:0.00M | Scene, ViewLayer | Synchronizing object | Car_seat_base
Fra:451 Mem:798.15M (Peak 895.07M) | Time:00:01.88 | Mem:0.00M, Peak:0.00M | Scene, ViewLayer | Synchronizing object | Car_window_horizontal_frame.029
Fra:451 Mem:798.13M (Peak 895.07M) | Time:00:01.88 | Mem:0.00M, Peak:0.00M | Scene, ViewLayer | Synchronizing object | Car_seat_back.002
Fra:451 Mem:798.21M (Peak 895.07M) | Time:00:01.88 | Mem:0.00M, Peak:0.00M | Scene, ViewLayer | Synchronizing object | Car_side_window
Fra:451 Mem:798.18M (Peak 895.07M) | Time:00:01.88 | Mem:0.00M, Peak:0.00M | Scene, ViewLayer | Synchronizing object | Wheel_tread.004
Fra:451 Mem:798.18M (Peak 895.07M) | Time:00:01.88 | Mem:0.00M, Peak:0.00M | Scene, ViewLayer | Synchronizing object | Wheel_tread.001
Fra:451 Mem:798.19M (Peak 895.07M) | Time:00:01.88 | Mem:0.00M, Peak:0.00M | Scene, ViewLayer | Synchronizing object | Bogie_side_frame
Fra:451 Mem:798.20M (Peak 895.07M) | Time:00:01.88 | Mem:0.00M, Peak:0.00M | Scene, ViewLayer | Synchronizing object | Car_window_pillar.032
Fra:451 Mem:798.27M (Peak 895.07M) | Time:00:01.88 | Mem:0.00M, Peak:0.00M | Scene, ViewLayer | Synchronizing object | Door_cross_frame.003
Fra:451 Mem:798.26M (Peak 895.07M) | Time:00:01.88 | Mem:0.00M, Peak:0.00M | Scene, ViewLayer | Synchronizing object | Wheel_hub.007
Fra:451 Mem:798.29M (Peak 895.07M) | Time:00:01.88 | Mem:0.00M, Peak:0.00M | Scene, ViewLayer | Synchronizing object | Car_window_pillar.028
Fra:451 Mem:798.31M (Peak 895.07M) | Time:00:01.88 | Mem:0.00M, Peak:0.00M | Scene, ViewLayer | Synchronizing object | Cab_complete_roof_loft
Fra:451 Mem:798.32M (Peak 895.07M) | Time:00:01.88 | Mem:0.00M, Peak:0.00M | Scene, ViewLayer | Synchronizing object | Car_seat_cushion.003
Fra:451 Mem:798.32M (Peak 895.07M) | Time:00:01.88 | Mem:0.00M, Peak:0.00M | Scene, ViewLayer | Synchronizing object | Car_side_window.009
Fra:451 Mem:798.35M (Peak 895.07M) | Time:00:01.88 | Mem:0.00M, Peak:0.00M | Scene, ViewLayer | Synchronizing object | Car_window_horizontal_frame.001
Fra:451 Mem:798.38M (Peak 895.07M) | Time:00:01.88 | Mem:0.00M, Peak:0.00M | Scene, ViewLayer | Synchronizing object | Car_seat_base.009
Fra:451 Mem:798.40M (Peak 895.07M) | Time:00:01.88 | Mem:0.00M, Peak:0.00M | Scene, ViewLayer | Synchronizing object | Bogie_side_frame.002
Fra:451 Mem:798.43M (Peak 895.07M) | Time:00:01.88 | Mem:0.00M, Peak:0.00M | Scene, ViewLayer | Synchronizing object | Train_headlamp_lens.002
Fra:451 Mem:798.45M (Peak 895.07M) | Time:00:01.88 | Mem:0.00M, Peak:0.00M | Scene, ViewLayer | Synchronizing object | Car_curved_lower_shell.006
Fra:451 Mem:798.44M (Peak 895.07M) | Time:00:01.88 | Mem:0.00M, Peak:0.00M | Scene, ViewLayer | Synchronizing object | Car_side_window.002
Fra:451 Mem:798.44M (Peak 895.07M) | Time:00:01.88 | Mem:0.00M, Peak:0.00M | Scene, ViewLayer | Synchronizing object | Car_window_horizontal_frame.016
Fra:451 Mem:798.44M (Peak 895.07M) | Time:00:01.88 | Mem:0.00M, Peak:0.00M | Scene, ViewLayer | Synchronizing object | Car_window_pillar.023
Fra:451 Mem:798.50M (Peak 895.07M) | Time:00:01.89 | Mem:0.00M, Peak:0.00M | Scene, ViewLayer | Synchronizing object | Car_side_window.004
Fra:451 Mem:798.49M (Peak 895.07M) | Time:00:01.89 | Mem:0.00M, Peak:0.00M | Scene, ViewLayer | Synchronizing object | Car_window_horizontal_frame.010
Fra:451 Mem:798.50M (Peak 895.07M) | Time:00:01.89 | Mem:0.00M, Peak:0.00M | Scene, ViewLayer | Synchronizing object | Car_seat_base.008
Fra:451 Mem:798.55M (Peak 895.07M) | Time:00:01.89 | Mem:0.00M, Peak:0.00M | Scene, ViewLayer | Synchronizing object | Cab_cheek.001
Fra:451 Mem:798.56M (Peak 895.07M) | Time:00:01.89 | Mem:0.00M, Peak:0.00M | Scene, ViewLayer | Synchronizing object | Car_window_pillar.017
Fra:451 Mem:798.55M (Peak 895.07M) | Time:00:01.89 | Mem:0.00M, Peak:0.00M | Scene, ViewLayer | Synchronizing object | Car_window_pillar.002
Fra:451 Mem:798.61M (Peak 895.07M) | Time:00:01.89 | Mem:0.00M, Peak:0.00M | Scene, ViewLayer | Synchronizing object | Wheel_hub
Fra:451 Mem:798.61M (Peak 895.07M) | Time:00:01.89 | Mem:0.00M, Peak:0.00M | Scene, ViewLayer | Synchronizing object | Car_window_horizontal_frame.005
Fra:451 Mem:798.62M (Peak 895.07M) | Time:00:01.89 | Mem:0.00M, Peak:0.00M | Scene, ViewLayer | Synchronizing object | Car_window_pillar.001
Fra:451 Mem:798.69M (Peak 895.07M) | Time:00:01.89 | Mem:0.00M, Peak:0.00M | Scene, ViewLayer | Synchronizing object | Car_seat_base.007
Fra:451 Mem:798.67M (Peak 895.07M) | Time:00:01.89 | Mem:0.00M, Peak:0.00M | Scene, ViewLayer | Synchronizing object | Door_lower_panel
Fra:451 Mem:798.74M (Peak 895.07M) | Time:00:01.89 | Mem:0.00M, Peak:0.00M | Scene, ViewLayer | Synchronizing object | Car_curved_lower_shell.012
Fra:451 Mem:798.72M (Peak 895.07M) | Time:00:01.89 | Mem:0.00M, Peak:0.00M | Scene, ViewLayer | Synchronizing object | Cab_front_glass.001
Fra:451 Mem:798.73M (Peak 895.07M) | Time:00:01.89 | Mem:0.00M, Peak:0.00M | Scene, ViewLayer | Synchronizing object | Car_window_pillar.034
Fra:451 Mem:798.75M (Peak 895.07M) | Time:00:01.89 | Mem:0.00M, Peak:0.00M | Scene, ViewLayer | Synchronizing object | Wheel_flange.003
Fra:451 Mem:798.79M (Peak 895.07M) | Time:00:01.89 | Mem:0.00M, Peak:0.00M | Scene, ViewLayer | Synchronizing object | Car_seat_base.006
Fra:451 Mem:798.80M (Peak 895.07M) | Time:00:01.89 | Mem:0.00M, Peak:0.00M | Scene, ViewLayer | Synchronizing object | Car_window_pillar.033
Fra:451 Mem:798.84M (Peak 895.07M) | Time:00:01.89 | Mem:0.00M, Peak:0.00M | Scene, ViewLayer | Synchronizing object | Car_complete_barrel_roof
Fra:451 Mem:798.86M (Peak 895.07M) | Time:00:01.89 | Mem:0.00M, Peak:0.00M | Scene, ViewLayer | Synchronizing object | Car_window_pillar.016
Fra:451 Mem:798.87M (Peak 895.07M) | Time:00:01.89 | Mem:0.00M, Peak:0.00M | Scene, ViewLayer | Synchronizing object | Axle
Fra:451 Mem:798.89M (Peak 895.07M) | Time:00:01.89 | Mem:0.00M, Peak:0.00M | Scene, ViewLayer | Synchronizing object | Door_vertical_frame.002
Fra:451 Mem:798.92M (Peak 895.07M) | Time:00:01.89 | Mem:0.00M, Peak:0.00M | Scene, ViewLayer | Synchronizing object | Car_ceiling_light.003
Fra:451 Mem:798.94M (Peak 895.07M) | Time:00:01.89 | Mem:0.00M, Peak:0.00M | Scene, ViewLayer | Synchronizing object | Car_curved_lower_shell
Fra:451 Mem:798.95M (Peak 895.07M) | Time:00:01.89 | Mem:0.00M, Peak:0.00M | Scene, ViewLayer | Synchronizing object | Car_window_pillar.011
Fra:451 Mem:798.98M (Peak 895.07M) | Time:00:01.89 | Mem:0.00M, Peak:0.00M | Scene, ViewLayer | Synchronizing object | Car_window_pillar.015
Fra:451 Mem:799.00M (Peak 895.07M) | Time:00:01.89 | Mem:0.00M, Peak:0.00M | Scene, ViewLayer | Synchronizing object | Cab_floor_extension.001
Fra:451 Mem:799.03M (Peak 895.07M) | Time:00:01.89 | Mem:0.00M, Peak:0.00M | Scene, ViewLayer | Synchronizing object | Car_seat_base.005
Fra:451 Mem:799.06M (Peak 895.07M) | Time:00:01.89 | Mem:0.00M, Peak:0.00M | Scene, ViewLayer | Synchronizing object | Car_window_pillar.024
Fra:451 Mem:799.09M (Peak 895.07M) | Time:00:01.89 | Mem:0.00M, Peak:0.00M | Scene, ViewLayer | Synchronizing object | Car_side_window.015
Fra:451 Mem:799.09M (Peak 895.07M) | Time:00:01.89 | Mem:0.00M, Peak:0.00M | Scene, ViewLayer | Synchronizing object | Train_headlamp_lens.001
Fra:451 Mem:799.10M (Peak 895.07M) | Time:00:01.89 | Mem:0.00M, Peak:0.00M | Scene, ViewLayer | Synchronizing object | Axle.002
Fra:451 Mem:799.12M (Peak 895.07M) | Time:00:01.89 | Mem:0.00M, Peak:0.00M | Scene, ViewLayer | Synchronizing object | Car_window_horizontal_frame.024
Fra:451 Mem:799.10M (Peak 895.07M) | Time:00:01.89 | Mem:0.00M, Peak:0.00M | Scene, ViewLayer | Synchronizing object | Car_seat_cushion.002
Fra:451 Mem:799.15M (Peak 895.07M) | Time:00:01.89 | Mem:0.00M, Peak:0.00M | Scene, ViewLayer | Synchronizing object | Bogie_cross_frame
Fra:451 Mem:799.15M (Peak 895.07M) | Time:00:01.89 | Mem:0.00M, Peak:0.00M | Scene, ViewLayer | Synchronizing object | Car_window_horizontal_frame.031
Fra:451 Mem:799.21M (Peak 895.07M) | Time:00:01.89 | Mem:0.00M, Peak:0.00M | Scene, ViewLayer | Synchronizing object | Door_cross_frame.002
Fra:451 Mem:799.24M (Peak 895.07M) | Time:00:01.89 | Mem:0.00M, Peak:0.00M | Scene, ViewLayer | Synchronizing object | Wheel_tread.007
Fra:451 Mem:799.24M (Peak 895.07M) | Time:00:01.89 | Mem:0.00M, Peak:0.00M | Scene, ViewLayer | Synchronizing object | Car_window_horizontal_frame.027
Fra:451 Mem:799.26M (Peak 895.07M) | Time:00:01.89 | Mem:0.00M, Peak:0.00M | Scene, ViewLayer | Synchronizing object | Cab_side_glass.001
Fra:451 Mem:799.27M (Peak 895.07M) | Time:00:01.89 | Mem:0.00M, Peak:0.00M | Scene, ViewLayer | Synchronizing object | Car_seat_base.003
Fra:451 Mem:799.29M (Peak 895.07M) | Time:00:01.89 | Mem:0.00M, Peak:0.00M | Scene, ViewLayer | Synchronizing object | Car_window_horizontal_frame
Fra:451 Mem:799.32M (Peak 895.07M) | Time:00:01.89 | Mem:0.00M, Peak:0.00M | Scene, ViewLayer | Synchronizing object | Axle.001
Fra:451 Mem:799.33M (Peak 895.07M) | Time:00:01.89 | Mem:0.00M, Peak:0.00M | Scene, ViewLayer | Synchronizing object | Train_headlamp_lens
Fra:451 Mem:799.33M (Peak 895.07M) | Time:00:01.89 | Mem:0.00M, Peak:0.00M | Scene, ViewLayer | Synchronizing object | Bogie_cross_frame.001
Fra:451 Mem:799.36M (Peak 895.07M) | Time:00:01.89 | Mem:0.00M, Peak:0.00M | Scene, ViewLayer | Synchronizing object | Car_side_window.008
Fra:451 Mem:799.35M (Peak 895.07M) | Time:00:01.89 | Mem:0.00M, Peak:0.00M | Scene, ViewLayer | Synchronizing object | Car_curved_lower_shell.010
Fra:451 Mem:799.36M (Peak 895.07M) | Time:00:01.89 | Mem:0.00M, Peak:0.00M | Scene, ViewLayer | Synchronizing object | Car_window_pillar.022
Fra:451 Mem:799.39M (Peak 895.07M) | Time:00:01.89 | Mem:0.00M, Peak:0.00M | Scene, ViewLayer | Synchronizing object | Cab_front_fairing.003
Fra:451 Mem:799.40M (Peak 895.07M) | Time:00:01.89 | Mem:0.00M, Peak:0.00M | Scene, ViewLayer | Synchronizing object | Car_window_pillar.026
Fra:451 Mem:799.44M (Peak 895.07M) | Time:00:01.89 | Mem:0.00M, Peak:0.00M | Scene, ViewLayer | Synchronizing object | Cab_buffer_beam
Fra:451 Mem:799.46M (Peak 895.07M) | Time:00:01.89 | Mem:0.00M, Peak:0.00M | Scene, ViewLayer | Synchronizing object | Wheel_tread.006
Fra:451 Mem:799.48M (Peak 895.07M) | Time:00:01.89 | Mem:0.00M, Peak:0.00M | Scene, ViewLayer | Synchronizing object | Car_window_horizontal_frame.003
Fra:451 Mem:799.49M (Peak 895.07M) | Time:00:01.89 | Mem:0.00M, Peak:0.00M | Scene, ViewLayer | Synchronizing object | Wheel_flange.004
Fra:451 Mem:799.49M (Peak 895.07M) | Time:00:01.89 | Mem:0.00M, Peak:0.00M | Scene, ViewLayer | Synchronizing object | Car_window_pillar.029
Fra:451 Mem:799.52M (Peak 895.07M) | Time:00:01.89 | Mem:0.00M, Peak:0.00M | Scene, ViewLayer | Synchronizing object | Primary_suspension
Fra:451 Mem:799.53M (Peak 895.07M) | Time:00:01.89 | Mem:0.00M, Peak:0.00M | Scene, ViewLayer | Synchronizing object | Car_side_window.005
Fra:451 Mem:799.54M (Peak 895.07M) | Time:00:01.89 | Mem:0.00M, Peak:0.00M | Scene, ViewLayer | Synchronizing object | G3_glass_retaining_clip
Fra:451 Mem:799.55M (Peak 895.07M) | Time:00:01.89 | Mem:0.00M, Peak:0.00M | Scene, ViewLayer | Synchronizing object | G3_clip_slotted_fastener
Fra:451 Mem:799.54M (Peak 895.07M) | Time:00:01.89 | Mem:0.00M, Peak:0.00M | Scene, ViewLayer | Synchronizing object | G3_glass_retaining_clip.001
Fra:451 Mem:799.58M (Peak 895.07M) | Time:00:01.89 | Mem:0.00M, Peak:0.00M | Scene, ViewLayer | Synchronizing object | G3_clip_slotted_fastener.001
Fra:451 Mem:799.58M (Peak 895.07M) | Time:00:01.89 | Mem:0.00M, Peak:0.00M | Scene, ViewLayer | Synchronizing object | G3_glass_retaining_clip.002
Fra:451 Mem:799.58M (Peak 895.07M) | Time:00:01.89 | Mem:0.00M, Peak:0.00M | Scene, ViewLayer | Synchronizing object | G3_clip_slotted_fastener.002
Fra:451 Mem:799.61M (Peak 895.07M) | Time:00:01.89 | Mem:0.00M, Peak:0.00M | Scene, ViewLayer | Synchronizing object | G3_glass_retaining_clip.003
Fra:451 Mem:799.65M (Peak 895.07M) | Time:00:01.89 | Mem:0.00M, Peak:0.00M | Scene, ViewLayer | Synchronizing object | G3_clip_slotted_fastener.003
Fra:451 Mem:799.64M (Peak 895.07M) | Time:00:01.89 | Mem:0.00M, Peak:0.00M | Scene, ViewLayer | Synchronizing object | G3_glass_retaining_clip.004
Fra:451 Mem:799.64M (Peak 895.07M) | Time:00:01.89 | Mem:0.00M, Peak:0.00M | Scene, ViewLayer | Synchronizing object | G3_clip_slotted_fastener.004
Fra:451 Mem:799.65M (Peak 895.07M) | Time:00:01.89 | Mem:0.00M, Peak:0.00M | Scene, ViewLayer | Synchronizing object | G3_glass_retaining_clip.005
Fra:451 Mem:799.72M (Peak 895.07M) | Time:00:01.89 | Mem:0.00M, Peak:0.00M | Scene, ViewLayer | Synchronizing object | G3_clip_slotted_fastener.005
Fra:451 Mem:799.70M (Peak 895.07M) | Time:00:01.89 | Mem:0.00M, Peak:0.00M | Scene, ViewLayer | Synchronizing object | G3_glass_retaining_clip.006
Fra:451 Mem:799.70M (Peak 895.07M) | Time:00:01.89 | Mem:0.00M, Peak:0.00M | Scene, ViewLayer | Synchronizing object | G3_clip_slotted_fastener.006
Fra:451 Mem:799.73M (Peak 895.07M) | Time:00:01.89 | Mem:0.00M, Peak:0.00M | Scene, ViewLayer | Synchronizing object | G3_glass_retaining_clip.007
Fra:451 Mem:799.75M (Peak 895.07M) | Time:00:01.89 | Mem:0.00M, Peak:0.00M | Scene, ViewLayer | Synchronizing object | G3_clip_slotted_fastener.007
Fra:451 Mem:799.76M (Peak 895.07M) | Time:00:01.89 | Mem:0.00M, Peak:0.00M | Scene, ViewLayer | Synchronizing object | G3_glass_retaining_clip.008
Fra:451 Mem:799.75M (Peak 895.07M) | Time:00:01.89 | Mem:0.00M, Peak:0.00M | Scene, ViewLayer | Synchronizing object | G3_clip_slotted_fastener.008
Fra:451 Mem:799.77M (Peak 895.07M) | Time:00:01.89 | Mem:0.00M, Peak:0.00M | Scene, ViewLayer | Synchronizing object | G3_glass_retaining_clip.009
Fra:451 Mem:799.81M (Peak 895.07M) | Time:00:01.89 | Mem:0.00M, Peak:0.00M | Scene, ViewLayer | Synchronizing object | G3_clip_slotted_fastener.009
Fra:451 Mem:799.84M (Peak 895.07M) | Time:00:01.89 | Mem:0.00M, Peak:0.00M | Scene, ViewLayer | Synchronizing object | G3_glass_retaining_clip.010
Fra:451 Mem:799.82M (Peak 895.07M) | Time:00:01.89 | Mem:0.00M, Peak:0.00M | Scene, ViewLayer | Synchronizing object | G3_clip_slotted_fastener.010
Fra:451 Mem:799.85M (Peak 895.07M) | Time:00:01.89 | Mem:0.00M, Peak:0.00M | Scene, ViewLayer | Synchronizing object | G3_glass_retaining_clip.011
Fra:451 Mem:799.87M (Peak 895.07M) | Time:00:01.89 | Mem:0.00M, Peak:0.00M | Scene, ViewLayer | Synchronizing object | G3_clip_slotted_fastener.011
Fra:451 Mem:799.87M (Peak 895.07M) | Time:00:01.89 | Mem:0.00M, Peak:0.00M | Scene, ViewLayer | Synchronizing object | G3_glass_retaining_clip.012
Fra:451 Mem:799.90M (Peak 895.07M) | Time:00:01.89 | Mem:0.00M, Peak:0.00M | Scene, ViewLayer | Synchronizing object | G3_clip_slotted_fastener.012
Fra:451 Mem:799.89M (Peak 895.07M) | Time:00:01.89 | Mem:0.00M, Peak:0.00M | Scene, ViewLayer | Synchronizing object | G3_glass_retaining_clip.013
Fra:451 Mem:799.92M (Peak 895.07M) | Time:00:01.89 | Mem:0.00M, Peak:0.00M | Scene, ViewLayer | Synchronizing object | G3_clip_slotted_fastener.013
Fra:451 Mem:799.93M (Peak 895.07M) | Time:00:01.89 | Mem:0.00M, Peak:0.00M | Scene, ViewLayer | Synchronizing object | G3_glass_retaining_clip.014
Fra:451 Mem:799.96M (Peak 895.07M) | Time:00:01.89 | Mem:0.00M, Peak:0.00M | Scene, ViewLayer | Synchronizing object | G3_clip_slotted_fastener.014
Fra:451 Mem:799.94M (Peak 895.07M) | Time:00:01.89 | Mem:0.00M, Peak:0.00M | Scene, ViewLayer | Synchronizing object | G3_glass_retaining_clip.015
Fra:451 Mem:799.98M (Peak 895.07M) | Time:00:01.89 | Mem:0.00M, Peak:0.00M | Scene, ViewLayer | Synchronizing object | G3_clip_slotted_fastener.015
Fra:451 Mem:799.98M (Peak 895.07M) | Time:00:01.89 | Mem:0.00M, Peak:0.00M | Scene, ViewLayer | Synchronizing object | G3_glass_retaining_clip.016
Fra:451 Mem:800.01M (Peak 895.07M) | Time:00:01.89 | Mem:0.00M, Peak:0.00M | Scene, ViewLayer | Synchronizing object | G3_clip_slotted_fastener.016
Fra:451 Mem:800.02M (Peak 895.07M) | Time:00:01.89 | Mem:0.00M, Peak:0.00M | Scene, ViewLayer | Synchronizing object | G3_glass_retaining_clip.017
Fra:451 Mem:800.04M (Peak 895.07M) | Time:00:01.89 | Mem:0.00M, Peak:0.00M | Scene, ViewLayer | Synchronizing object | G3_clip_slotted_fastener.017
Fra:451 Mem:800.05M (Peak 895.07M) | Time:00:01.89 | Mem:0.00M, Peak:0.00M | Scene, ViewLayer | Synchronizing object | G3_glass_retaining_clip.018
Fra:451 Mem:800.04M (Peak 895.07M) | Time:00:01.89 | Mem:0.00M, Peak:0.00M | Scene, ViewLayer | Synchronizing object | G3_clip_slotted_fastener.018
Fra:451 Mem:800.07M (Peak 895.07M) | Time:00:01.89 | Mem:0.00M, Peak:0.00M | Scene, ViewLayer | Synchronizing object | G3_glass_retaining_clip.019
Fra:451 Mem:800.09M (Peak 895.07M) | Time:00:01.89 | Mem:0.00M, Peak:0.00M | Scene, ViewLayer | Synchronizing object | G3_clip_slotted_fastener.019
Fra:451 Mem:800.12M (Peak 895.07M) | Time:00:01.89 | Mem:0.00M, Peak:0.00M | Scene, ViewLayer | Synchronizing object | G3_glass_retaining_clip.020
Fra:451 Mem:800.10M (Peak 895.07M) | Time:00:01.89 | Mem:0.00M, Peak:0.00M | Scene, ViewLayer | Synchronizing object | G3_clip_slotted_fastener.020
Fra:451 Mem:800.12M (Peak 895.07M) | Time:00:01.89 | Mem:0.00M, Peak:0.00M | Scene, ViewLayer | Synchronizing object | G3_glass_retaining_clip.021
Fra:451 Mem:800.17M (Peak 895.07M) | Time:00:01.89 | Mem:0.00M, Peak:0.00M | Scene, ViewLayer | Synchronizing object | G3_clip_slotted_fastener.021
Fra:451 Mem:800.15M (Peak 895.07M) | Time:00:01.89 | Mem:0.00M, Peak:0.00M | Scene, ViewLayer | Synchronizing object | G3_glass_retaining_clip.022
Fra:451 Mem:800.16M (Peak 895.07M) | Time:00:01.89 | Mem:0.00M, Peak:0.00M | Scene, ViewLayer | Synchronizing object | G3_clip_slotted_fastener.022
Fra:451 Mem:800.19M (Peak 895.07M) | Time:00:01.89 | Mem:0.00M, Peak:0.00M | Scene, ViewLayer | Synchronizing object | G3_glass_retaining_clip.023
Fra:451 Mem:800.21M (Peak 895.07M) | Time:00:01.89 | Mem:0.00M, Peak:0.00M | Scene, ViewLayer | Synchronizing object | G3_clip_slotted_fastener.023
Fra:451 Mem:800.24M (Peak 895.07M) | Time:00:01.89 | Mem:0.00M, Peak:0.00M | Scene, ViewLayer | Synchronizing object | G3_clip_slotted_fastener.024
Fra:451 Mem:800.24M (Peak 895.07M) | Time:00:01.89 | Mem:0.00M, Peak:0.00M | Scene, ViewLayer | Synchronizing object | G3_glass_retaining_clip.025
Fra:451 Mem:800.27M (Peak 895.07M) | Time:00:01.89 | Mem:0.00M, Peak:0.00M | Scene, ViewLayer | Synchronizing object | G3_clip_slotted_fastener.025
Fra:451 Mem:800.29M (Peak 895.07M) | Time:00:01.89 | Mem:0.00M, Peak:0.00M | Scene, ViewLayer | Synchronizing object | G3_glass_retaining_clip.026
Fra:451 Mem:800.30M (Peak 895.07M) | Time:00:01.89 | Mem:0.00M, Peak:0.00M | Scene, ViewLayer | Synchronizing object | G3_clip_slotted_fastener.026
Fra:451 Mem:800.30M (Peak 895.07M) | Time:00:01.89 | Mem:0.00M, Peak:0.00M | Scene, ViewLayer | Synchronizing object | G3_glass_retaining_clip.027
Fra:451 Mem:800.32M (Peak 895.07M) | Time:00:01.89 | Mem:0.00M, Peak:0.00M | Scene, ViewLayer | Synchronizing object | G3_clip_slotted_fastener.027
Fra:451 Mem:800.33M (Peak 895.07M) | Time:00:01.89 | Mem:0.00M, Peak:0.00M | Scene, ViewLayer | Synchronizing object | G3_glass_retaining_clip.028
Fra:451 Mem:800.35M (Peak 895.07M) | Time:00:01.89 | Mem:0.00M, Peak:0.00M | Scene, ViewLayer | Synchronizing object | G3_clip_slotted_fastener.028
Fra:451 Mem:800.36M (Peak 895.07M) | Time:00:01.89 | Mem:0.00M, Peak:0.00M | Scene, ViewLayer | Synchronizing object | G3_glass_retaining_clip.029
Fra:451 Mem:800.38M (Peak 895.07M) | Time:00:01.89 | Mem:0.00M, Peak:0.00M | Scene, ViewLayer | Synchronizing object | G3_clip_slotted_fastener.029
Fra:451 Mem:800.38M (Peak 895.07M) | Time:00:01.89 | Mem:0.00M, Peak:0.00M | Scene, ViewLayer | Synchronizing object | G3_glass_retaining_clip.030
Fra:451 Mem:800.42M (Peak 895.07M) | Time:00:01.89 | Mem:0.00M, Peak:0.00M | Scene, ViewLayer | Synchronizing object | G3_clip_slotted_fastener.030
Fra:451 Mem:800.41M (Peak 895.07M) | Time:00:01.89 | Mem:0.00M, Peak:0.00M | Scene, ViewLayer | Synchronizing object | G3_glass_retaining_clip.031
Fra:451 Mem:800.44M (Peak 895.07M) | Time:00:01.89 | Mem:0.00M, Peak:0.00M | Scene, ViewLayer | Synchronizing object | G3_clip_slotted_fastener.031
Fra:451 Mem:800.44M (Peak 895.07M) | Time:00:01.89 | Mem:0.00M, Peak:0.00M | Scene, ViewLayer | Synchronizing object | G3_column_anchor_bolt
Fra:451 Mem:800.45M (Peak 895.07M) | Time:00:01.89 | Mem:0.00M, Peak:0.00M | Scene, ViewLayer | Synchronizing object | G3_column_anchor_bolt.001
Fra:451 Mem:800.45M (Peak 895.07M) | Time:00:01.89 | Mem:0.00M, Peak:0.00M | Scene, ViewLayer | Synchronizing object | G3_column_anchor_bolt.002
Fra:451 Mem:800.44M (Peak 895.07M) | Time:00:01.89 | Mem:0.00M, Peak:0.00M | Scene, ViewLayer | Synchronizing object | G3_column_anchor_bolt.003
Fra:451 Mem:800.44M (Peak 895.07M) | Time:00:01.89 | Mem:0.00M, Peak:0.00M | Scene, ViewLayer | Synchronizing object | G3_column_cap_plate
Fra:451 Mem:800.44M (Peak 895.07M) | Time:00:01.89 | Mem:0.00M, Peak:0.00M | Scene, ViewLayer | Synchronizing object | G3_cap_rivet
Fra:451 Mem:800.45M (Peak 895.07M) | Time:00:01.89 | Mem:0.00M, Peak:0.00M | Scene, ViewLayer | Synchronizing object | G3_cap_rivet.001
Fra:451 Mem:800.47M (Peak 895.07M) | Time:00:01.89 | Mem:0.00M, Peak:0.00M | Scene, ViewLayer | Synchronizing object | G3_column_anchor_bolt.004
Fra:451 Mem:800.48M (Peak 895.07M) | Time:00:01.89 | Mem:0.00M, Peak:0.00M | Scene, ViewLayer | Synchronizing object | G3_column_anchor_bolt.005
Fra:451 Mem:800.47M (Peak 895.07M) | Time:00:01.89 | Mem:0.00M, Peak:0.00M | Scene, ViewLayer | Synchronizing object | G3_column_anchor_bolt.006
Fra:451 Mem:800.48M (Peak 895.07M) | Time:00:01.89 | Mem:0.00M, Peak:0.00M | Scene, ViewLayer | Synchronizing object | G3_column_anchor_bolt.007
Fra:451 Mem:800.48M (Peak 895.07M) | Time:00:01.89 | Mem:0.00M, Peak:0.00M | Scene, ViewLayer | Synchronizing object | G3_column_cap_plate.001
Fra:451 Mem:800.51M (Peak 895.07M) | Time:00:01.89 | Mem:0.00M, Peak:0.00M | Scene, ViewLayer | Synchronizing object | G3_cap_rivet.002
Fra:451 Mem:800.51M (Peak 895.07M) | Time:00:01.89 | Mem:0.00M, Peak:0.00M | Scene, ViewLayer | Synchronizing object | G3_cap_rivet.003
Fra:451 Mem:800.51M (Peak 895.07M) | Time:00:01.89 | Mem:0.00M, Peak:0.00M | Scene, ViewLayer | Synchronizing object | G3_hall_hinge_barrel
Fra:451 Mem:800.52M (Peak 895.07M) | Time:00:01.89 | Mem:0.00M, Peak:0.00M | Scene, ViewLayer | Synchronizing object | G3_hall_hinge_barrel.001
Fra:451 Mem:800.51M (Peak 895.07M) | Time:00:01.89 | Mem:0.00M, Peak:0.00M | Scene, ViewLayer | Synchronizing object | G3_hall_hinge_barrel.002
Fra:451 Mem:800.52M (Peak 895.07M) | Time:00:01.89 | Mem:0.00M, Peak:0.00M | Scene, ViewLayer | Synchronizing object | G3_hall_hinge_barrel.003
Fra:451 Mem:800.53M (Peak 895.07M) | Time:00:01.89 | Mem:0.00M, Peak:0.00M | Scene, ViewLayer | Synchronizing object | G3_hall_hinge_barrel.004
Fra:451 Mem:800.53M (Peak 895.07M) | Time:00:01.89 | Mem:0.00M, Peak:0.00M | Scene, ViewLayer | Synchronizing object | G3_hall_hinge_barrel.005
Fra:451 Mem:800.54M (Peak 895.07M) | Time:00:01.89 | Mem:0.00M, Peak:0.00M | Scene, ViewLayer | Synchronizing object | G3_drain_grate
Fra:451 Mem:800.59M (Peak 895.07M) | Time:00:01.89 | Mem:0.00M, Peak:0.00M | Scene, ViewLayer | Synchronizing object | G3_drain_grate.001
Fra:451 Mem:800.59M (Peak 895.07M) | Time:00:01.89 | Mem:0.00M, Peak:0.00M | Scene, ViewLayer | Synchronizing object | G3_drain_grate.002
Fra:451 Mem:800.64M (Peak 895.07M) | Time:00:01.89 | Mem:0.00M, Peak:0.00M | Scene, ViewLayer | Synchronizing object | G3_drain_grate.003
Fra:451 Mem:800.64M (Peak 895.07M) | Time:00:01.89 | Mem:0.00M, Peak:0.00M | Scene, ViewLayer | Synchronizing object | G3_drain_grate.004
Fra:451 Mem:800.71M (Peak 895.07M) | Time:00:01.89 | Mem:0.00M, Peak:0.00M | Scene, ViewLayer | Synchronizing object | G3_drain_grate.005
Fra:451 Mem:800.72M (Peak 895.07M) | Time:00:01.89 | Mem:0.00M, Peak:0.00M | Scene, ViewLayer | Synchronizing object | G3_drain_grate.006
Fra:451 Mem:800.72M (Peak 895.07M) | Time:00:01.89 | Mem:0.00M, Peak:0.00M | Scene, ViewLayer | Synchronizing object | G3_drain_grate.007
Fra:451 Mem:800.75M (Peak 895.07M) | Time:00:01.89 | Mem:0.00M, Peak:0.00M | Scene, ViewLayer | Synchronizing object | G3_drain_grate.008
Fra:451 Mem:800.79M (Peak 895.07M) | Time:00:01.89 | Mem:0.00M, Peak:0.00M | Scene, ViewLayer | Synchronizing object | G3_drain_grate.009
Fra:451 Mem:800.82M (Peak 895.07M) | Time:00:01.89 | Mem:0.00M, Peak:0.00M | Scene, ViewLayer | Synchronizing object | G3_drain_grate.010
Fra:451 Mem:800.84M (Peak 895.07M) | Time:00:01.89 | Mem:0.00M, Peak:0.00M | Scene, ViewLayer | Synchronizing object | G3_drain_grate.011
Fra:451 Mem:800.87M (Peak 895.07M) | Time:00:01.89 | Mem:0.00M, Peak:0.00M | Scene, ViewLayer | Synchronizing object | G3_drain_grate.012
Fra:451 Mem:800.90M (Peak 895.07M) | Time:00:01.89 | Mem:0.00M, Peak:0.00M | Scene, ViewLayer | Synchronizing object | G3_drain_grate.013
Fra:451 Mem:800.93M (Peak 895.07M) | Time:00:01.89 | Mem:0.00M, Peak:0.00M | Scene, ViewLayer | Synchronizing object | G3_drain_grate.014
Fra:451 Mem:800.95M (Peak 895.07M) | Time:00:01.89 | Mem:0.00M, Peak:0.00M | Scene, ViewLayer | Synchronizing object | G3_drain_grate.015
Fra:451 Mem:800.98M (Peak 895.07M) | Time:00:01.89 | Mem:0.00M, Peak:0.00M | Scene, ViewLayer | Synchronizing object | G3_drain_grate.016
Fra:451 Mem:800.99M (Peak 895.07M) | Time:00:01.89 | Mem:0.00M, Peak:0.00M | Scene, ViewLayer | Synchronizing object | G3_drain_grate.017
Fra:451 Mem:801.03M (Peak 895.07M) | Time:00:01.89 | Mem:0.00M, Peak:0.00M | Scene, ViewLayer | Synchronizing object | G3_drain_grate.018
Fra:451 Mem:801.06M (Peak 895.07M) | Time:00:01.89 | Mem:0.00M, Peak:0.00M | Scene, ViewLayer | Synchronizing object | G3_drain_grate.019
Fra:451 Mem:801.08M (Peak 895.07M) | Time:00:01.89 | Mem:0.00M, Peak:0.00M | Scene, ViewLayer | Synchronizing object | G3_drain_grate.020
Fra:451 Mem:801.11M (Peak 895.07M) | Time:00:01.89 | Mem:0.00M, Peak:0.00M | Scene, ViewLayer | Synchronizing object | G3_walnut_cafe_top
Fra:451 Mem:801.18M (Peak 895.07M) | Time:00:01.89 | Mem:0.00M, Peak:0.00M | Scene, ViewLayer | Synchronizing object | G3_table_edge_inlay
Fra:451 Mem:801.26M (Peak 895.07M) | Time:00:01.89 | Mem:0.00M, Peak:0.00M | Scene, ViewLayer | Synchronizing object | G3_turned_pedestal
Fra:451 Mem:801.34M (Peak 895.07M) | Time:00:01.89 | Mem:0.00M, Peak:0.00M | Scene, ViewLayer | Synchronizing object | G3_foot_felt_contact
Fra:451 Mem:801.34M (Peak 895.07M) | Time:00:01.89 | Mem:0.00M, Peak:0.00M | Scene, ViewLayer | Synchronizing object | G3_foot_felt_contact.001
Fra:451 Mem:801.34M (Peak 895.07M) | Time:00:01.89 | Mem:0.00M, Peak:0.00M | Scene, ViewLayer | Synchronizing object | G3_foot_felt_contact.002
Fra:451 Mem:801.35M (Peak 895.07M) | Time:00:01.89 | Mem:0.00M, Peak:0.00M | Scene, ViewLayer | Synchronizing object | G3_sideboard_carcass
Fra:451 Mem:801.35M (Peak 895.07M) | Time:00:01.89 | Mem:0.00M, Peak:0.00M | Scene, ViewLayer | Synchronizing object | G3_sideboard_top
Fra:451 Mem:801.44M (Peak 895.07M) | Time:00:01.89 | Mem:0.00M, Peak:0.00M | Scene, ViewLayer | Synchronizing object | G3_cabinet_stile
Fra:451 Mem:801.42M (Peak 895.07M) | Time:00:01.89 | Mem:0.00M, Peak:0.00M | Scene, ViewLayer | Synchronizing object | G3_cabinet_stile.001
Fra:451 Mem:801.47M (Peak 895.07M) | Time:00:01.89 | Mem:0.00M, Peak:0.00M | Scene, ViewLayer | Synchronizing object | G3_cabinet_rail
Fra:451 Mem:801.51M (Peak 895.07M) | Time:00:01.89 | Mem:0.00M, Peak:0.00M | Scene, ViewLayer | Synchronizing object | G3_cabinet_rail.001
Fra:451 Mem:801.53M (Peak 895.07M) | Time:00:01.89 | Mem:0.00M, Peak:0.00M | Scene, ViewLayer | Synchronizing object | G3_cabinet_recessed_panel
Fra:451 Mem:801.56M (Peak 895.07M) | Time:00:01.89 | Mem:0.00M, Peak:0.00M | Scene, ViewLayer | Synchronizing object | G3_panel_border
Fra:451 Mem:801.59M (Peak 895.07M) | Time:00:01.89 | Mem:0.00M, Peak:0.00M | Scene, ViewLayer | Synchronizing object | G3_panel_border.001
Fra:451 Mem:801.62M (Peak 895.07M) | Time:00:01.89 | Mem:0.00M, Peak:0.00M | Scene, ViewLayer | Synchronizing object | G3_cabinet_pull_mount
Fra:451 Mem:801.63M (Peak 895.07M) | Time:00:01.89 | Mem:0.00M, Peak:0.00M | Scene, ViewLayer | Synchronizing object | G3_cabinet_pull
Fra:451 Mem:801.64M (Peak 895.07M) | Time:00:01.89 | Mem:0.00M, Peak:0.00M | Scene, ViewLayer | Synchronizing object | G3_cabinet_recessed_panel.001
Fra:451 Mem:801.63M (Peak 895.07M) | Time:00:01.89 | Mem:0.00M, Peak:0.00M | Scene, ViewLayer | Synchronizing object | G3_panel_border.002
Fra:451 Mem:801.69M (Peak 895.07M) | Time:00:01.89 | Mem:0.00M, Peak:0.00M | Scene, ViewLayer | Synchronizing object | G3_panel_border.003
Fra:451 Mem:801.68M (Peak 895.07M) | Time:00:01.89 | Mem:0.00M, Peak:0.00M | Scene, ViewLayer | Synchronizing object | G3_cabinet_pull_mount.001
Fra:451 Mem:801.70M (Peak 895.07M) | Time:00:01.89 | Mem:0.00M, Peak:0.00M | Scene, ViewLayer | Synchronizing object | G3_cabinet_pull.001
Fra:451 Mem:801.72M (Peak 895.07M) | Time:00:01.89 | Mem:0.00M, Peak:0.00M | Scene, ViewLayer | Synchronizing object | G3_cabinet_foot
Fra:451 Mem:801.73M (Peak 895.07M) | Time:00:01.89 | Mem:0.00M, Peak:0.00M | Scene, ViewLayer | Synchronizing object | G3_cabinet_foot.001
Fra:451 Mem:801.73M (Peak 895.07M) | Time:00:01.89 | Mem:0.00M, Peak:0.00M | Scene, ViewLayer | Synchronizing object | G3_cabinet_foot.002
Fra:451 Mem:801.74M (Peak 895.07M) | Time:00:01.89 | Mem:0.00M, Peak:0.00M | Scene, ViewLayer | Synchronizing object | G3_cabinet_foot.003
Fra:451 Mem:801.77M (Peak 895.07M) | Time:00:01.89 | Mem:0.00M, Peak:0.00M | Scene, ViewLayer | Synchronizing object | G3_porcelain_saucer
Fra:451 Mem:801.78M (Peak 895.07M) | Time:00:01.89 | Mem:0.00M, Peak:0.00M | Scene, ViewLayer | Synchronizing object | G3_porcelain_cup
Fra:451 Mem:801.86M (Peak 895.07M) | Time:00:01.89 | Mem:0.00M, Peak:0.00M | Scene, ViewLayer | Synchronizing object | G3_coffee_meniscus
Fra:451 Mem:801.87M (Peak 895.07M) | Time:00:01.89 | Mem:0.00M, Peak:0.00M | Scene, ViewLayer | Synchronizing object | G3_lamp_base
Fra:451 Mem:801.89M (Peak 895.07M) | Time:00:01.89 | Mem:0.00M, Peak:0.00M | Scene, ViewLayer | Synchronizing object | G3_lamp_stem
Fra:451 Mem:801.90M (Peak 895.07M) | Time:00:01.89 | Mem:0.00M, Peak:0.00M | Scene, ViewLayer | Synchronizing object | G3_lamp_shade
Fra:451 Mem:801.90M (Peak 895.07M) | Time:00:01.89 | Mem:0.00M, Peak:0.00M | Scene, ViewLayer | Synchronizing object | G3_lamp_diffuser
Fra:451 Mem:801.94M (Peak 895.07M) | Time:00:01.89 | Mem:0.00M, Peak:0.00M | Scene, ViewLayer | Synchronizing object | GreenChair_01
Fra:451 Mem:801.95M (Peak 895.07M) | Time:00:01.89 | Mem:0.00M, Peak:0.00M | Scene, ViewLayer | Synchronizing object | GreenChair_01.001
Fra:451 Mem:802.46M (Peak 895.07M) | Time:00:01.89 | Mem:0.00M, Peak:0.00M | Scene, ViewLayer | Synchronizing object | potted_plant_01_stem
Fra:451 Mem:802.87M (Peak 895.07M) | Time:00:01.89 | Mem:0.00M, Peak:0.00M | Scene, ViewLayer | Synchronizing object | potted_plant_01_leaves
Fra:451 Mem:805.85M (Peak 895.07M) | Time:00:01.89 | Mem:0.00M, Peak:0.00M | Scene, ViewLayer | Synchronizing object | potted_plant_01_pebbles
Fra:451 Mem:817.55M (Peak 895.07M) | Time:00:01.90 | Mem:0.00M, Peak:0.00M | Scene, ViewLayer | Synchronizing object | potted_plant_01_pot
Fra:451 Mem:818.08M (Peak 895.07M) | Time:00:01.90 | Mem:0.00M, Peak:0.00M | Scene, ViewLayer | Synchronizing object | G3_door_jamb_cover
Fra:451 Mem:818.92M (Peak 895.07M) | Time:00:01.90 | Mem:0.00M, Peak:0.00M | Scene, ViewLayer | Synchronizing object | G3_door_jamb_cover.001
Fra:451 Mem:818.95M (Peak 895.07M) | Time:00:01.90 | Mem:0.00M, Peak:0.00M | Scene, ViewLayer | Synchronizing object | G3_door_track_housing
Fra:451 Mem:817.90M (Peak 895.07M) | Time:00:01.90 | Mem:0.00M, Peak:0.00M | Scene, ViewLayer | Synchronizing object | G3_door_roller_bracket
Fra:451 Mem:818.20M (Peak 895.07M) | Time:00:01.91 | Mem:0.00M, Peak:0.00M | Scene, ViewLayer | Synchronizing object | G3_door_carriage_roller
Fra:451 Mem:818.20M (Peak 895.07M) | Time:00:01.91 | Mem:0.00M, Peak:0.00M | Scene, ViewLayer | Synchronizing object | G3_door_roller_bracket.001
Fra:451 Mem:818.23M (Peak 895.07M) | Time:00:01.91 | Mem:0.00M, Peak:0.00M | Scene, ViewLayer | Synchronizing object | G3_door_carriage_roller.001
Fra:451 Mem:818.24M (Peak 895.07M) | Time:00:01.91 | Mem:0.00M, Peak:0.00M | Scene, ViewLayer | Synchronizing object | G3_door_lower_kickplate
Fra:451 Mem:818.27M (Peak 895.07M) | Time:00:01.91 | Mem:0.00M, Peak:0.00M | Scene, ViewLayer | Synchronizing object | G3_kickplate_fastener
Fra:451 Mem:818.27M (Peak 895.07M) | Time:00:01.91 | Mem:0.00M, Peak:0.00M | Scene, ViewLayer | Synchronizing object | G3_kickplate_fastener.001
Fra:451 Mem:818.28M (Peak 895.07M) | Time:00:01.91 | Mem:0.00M, Peak:0.00M | Scene, ViewLayer | Synchronizing object | G3_kickplate_fastener.002
Fra:451 Mem:818.28M (Peak 895.07M) | Time:00:01.91 | Mem:0.00M, Peak:0.00M | Scene, ViewLayer | Synchronizing object | G3_kickplate_fastener.003
Fra:451 Mem:818.28M (Peak 895.07M) | Time:00:01.91 | Mem:0.00M, Peak:0.00M | Scene, ViewLayer | Synchronizing object | G3_door_roller_bracket.002
Fra:451 Mem:818.31M (Peak 895.07M) | Time:00:01.91 | Mem:0.00M, Peak:0.00M | Scene, ViewLayer | Synchronizing object | G3_door_carriage_roller.002
Fra:451 Mem:818.32M (Peak 895.07M) | Time:00:01.91 | Mem:0.00M, Peak:0.00M | Scene, ViewLayer | Synchronizing object | G3_door_roller_bracket.003
Fra:451 Mem:818.35M (Peak 895.07M) | Time:00:01.91 | Mem:0.00M, Peak:0.00M | Scene, ViewLayer | Synchronizing object | G3_door_carriage_roller.003
Fra:451 Mem:818.35M (Peak 895.07M) | Time:00:01.91 | Mem:0.00M, Peak:0.00M | Scene, ViewLayer | Synchronizing object | G3_door_lower_kickplate.001
Fra:451 Mem:818.38M (Peak 895.07M) | Time:00:01.91 | Mem:0.00M, Peak:0.00M | Scene, ViewLayer | Synchronizing object | G3_kickplate_fastener.004
Fra:451 Mem:818.39M (Peak 895.07M) | Time:00:01.91 | Mem:0.00M, Peak:0.00M | Scene, ViewLayer | Synchronizing object | G3_kickplate_fastener.005
Fra:451 Mem:818.39M (Peak 895.07M) | Time:00:01.91 | Mem:0.00M, Peak:0.00M | Scene, ViewLayer | Synchronizing object | G3_kickplate_fastener.006
Fra:451 Mem:818.39M (Peak 895.07M) | Time:00:01.91 | Mem:0.00M, Peak:0.00M | Scene, ViewLayer | Synchronizing object | G3_kickplate_fastener.007
Fra:451 Mem:818.39M (Peak 895.07M) | Time:00:01.91 | Mem:0.00M, Peak:0.00M | Scene, ViewLayer | Synchronizing object | G3_threshold_traction_groove
Fra:451 Mem:818.42M (Peak 895.07M) | Time:00:01.91 | Mem:0.00M, Peak:0.00M | Scene, ViewLayer | Synchronizing object | G3_threshold_traction_groove.001
Fra:451 Mem:818.45M (Peak 895.07M) | Time:00:01.91 | Mem:0.00M, Peak:0.00M | Scene, ViewLayer | Synchronizing object | G3_threshold_traction_groove.002
Fra:451 Mem:819.19M (Peak 895.07M) | Time:00:01.91 | Mem:0.00M, Peak:0.00M | Scene, ViewLayer | Synchronizing object | G3_threshold_traction_groove.003
Fra:451 Mem:820.71M (Peak 895.07M) | Time:00:01.91 | Mem:0.00M, Peak:0.00M | Scene, ViewLayer | Synchronizing object | G3_threshold_traction_groove.004
Fra:451 Mem:820.74M (Peak 895.07M) | Time:00:01.91 | Mem:0.00M, Peak:0.00M | Scene, ViewLayer | Synchronizing object | G3_threshold_traction_groove.005
Fra:451 Mem:821.33M (Peak 895.07M) | Time:00:01.91 | Mem:0.00M, Peak:0.00M | Scene, ViewLayer | Synchronizing object | G3_threshold_traction_groove.006
Fra:451 Mem:821.36M (Peak 895.07M) | Time:00:01.91 | Mem:0.00M, Peak:0.00M | Scene, ViewLayer | Synchronizing object | G3_night_sky
Fra:451 Mem:821.36M (Peak 895.07M) | Time:00:01.91 | Mem:0.00M, Peak:0.00M | Scene, ViewLayer | Synchronizing object | G3_interior_softbox
Fra:451 Mem:821.36M (Peak 895.07M) | Time:00:01.91 | Mem:0.00M, Peak:0.00M | Scene, ViewLayer | Synchronizing object | G3_window_rim
Fra:451 Mem:821.36M (Peak 895.07M) | Time:00:01.91 | Mem:0.00M, Peak:0.00M | Scene, ViewLayer | Synchronizing object | G3_cafe_practical
Fra:451 Mem:821.36M (Peak 895.07M) | Time:00:01.91 | Mem:0.00M, Peak:0.00M | Scene, ViewLayer | Synchronizing object | G3_door_practical
Fra:451 Mem:821.36M (Peak 895.07M) | Time:00:01.91 | Mem:0.00M, Peak:0.00M | Scene, ViewLayer | Synchronizing object | G3_pendant_drop
Fra:451 Mem:821.37M (Peak 895.07M) | Time:00:01.91 | Mem:0.00M, Peak:0.00M | Scene, ViewLayer | Synchronizing object | G3_pendant_shade
Fra:451 Mem:821.40M (Peak 895.07M) | Time:00:01.91 | Mem:0.00M, Peak:0.00M | Scene, ViewLayer | Synchronizing object | G3_pendant_diffuser
Fra:451 Mem:821.41M (Peak 895.07M) | Time:00:01.91 | Mem:0.00M, Peak:0.00M | Scene, ViewLayer | Synchronizing object | G3_pendant_light
Fra:451 Mem:821.41M (Peak 895.07M) | Time:00:01.91 | Mem:0.00M, Peak:0.00M | Scene, ViewLayer | Synchronizing object | G3R03_wood_recess_panel
Fra:451 Mem:821.45M (Peak 895.07M) | Time:00:01.91 | Mem:0.00M, Peak:0.00M | Scene, ViewLayer | Synchronizing object | G3R03_panel_horizontal_bead
Fra:451 Mem:821.48M (Peak 895.07M) | Time:00:01.91 | Mem:0.00M, Peak:0.00M | Scene, ViewLayer | Synchronizing object | G3R03_panel_horizontal_bead.001
Fra:451 Mem:821.51M (Peak 895.07M) | Time:00:01.91 | Mem:0.00M, Peak:0.00M | Scene, ViewLayer | Synchronizing object | G3R03_wood_recess_panel.001
Fra:451 Mem:821.54M (Peak 895.07M) | Time:00:01.91 | Mem:0.00M, Peak:0.00M | Scene, ViewLayer | Synchronizing object | G3R03_panel_horizontal_bead.002
Fra:451 Mem:821.57M (Peak 895.07M) | Time:00:01.91 | Mem:0.00M, Peak:0.00M | Scene, ViewLayer | Synchronizing object | G3R03_panel_horizontal_bead.003
Fra:451 Mem:821.60M (Peak 895.07M) | Time:00:01.91 | Mem:0.00M, Peak:0.00M | Scene, ViewLayer | Synchronizing object | G3R03_wood_recess_panel.002
Fra:451 Mem:821.63M (Peak 895.07M) | Time:00:01.91 | Mem:0.00M, Peak:0.00M | Scene, ViewLayer | Synchronizing object | G3R03_panel_horizontal_bead.004
Fra:451 Mem:822.97M (Peak 895.07M) | Time:00:01.91 | Mem:0.00M, Peak:0.00M | Scene, ViewLayer | Synchronizing object | G3R03_panel_horizontal_bead.005
Fra:451 Mem:822.99M (Peak 895.07M) | Time:00:01.91 | Mem:0.00M, Peak:0.00M | Scene, ViewLayer | Synchronizing object | G3R03_wood_recess_panel.003
Fra:451 Mem:823.03M (Peak 895.07M) | Time:00:01.91 | Mem:0.00M, Peak:0.00M | Scene, ViewLayer | Synchronizing object | G3R03_panel_horizontal_bead.006
Fra:451 Mem:823.06M (Peak 895.07M) | Time:00:01.91 | Mem:0.00M, Peak:0.00M | Scene, ViewLayer | Synchronizing object | G3R03_panel_horizontal_bead.007
Fra:451 Mem:823.09M (Peak 895.07M) | Time:00:01.91 | Mem:0.00M, Peak:0.00M | Scene, ViewLayer | Synchronizing object | G3R03_panel_vertical_stile
Fra:451 Mem:823.12M (Peak 895.07M) | Time:00:01.91 | Mem:0.00M, Peak:0.00M | Scene, ViewLayer | Synchronizing object | G3R03_panel_vertical_stile.001
Fra:451 Mem:823.15M (Peak 895.07M) | Time:00:01.91 | Mem:0.00M, Peak:0.00M | Scene, ViewLayer | Synchronizing object | G3R03_panel_vertical_stile.002
Fra:451 Mem:817.14M (Peak 895.07M) | Time:00:01.91 | Mem:0.00M, Peak:0.00M | Scene, ViewLayer | Synchronizing object | G3R03_panel_vertical_stile.003
Fra:451 Mem:817.18M (Peak 895.07M) | Time:00:01.91 | Mem:0.00M, Peak:0.00M | Scene, ViewLayer | Synchronizing object | G3R03_panel_vertical_stile.004
Fra:451 Mem:817.21M (Peak 895.07M) | Time:00:01.91 | Mem:0.00M, Peak:0.00M | Scene, ViewLayer | Synchronizing object | G3R03_door_light_rim
Fra:451 Mem:817.98M (Peak 895.07M) | Time:00:01.91 | Mem:0.00M, Peak:0.00M | Scene, ViewLayer | Synchronizing object | G3R03_door_light_diffuser
Fra:451 Mem:818.01M (Peak 895.07M) | Time:00:01.91 | Mem:0.00M, Peak:0.00M | Scene, ViewLayer | Synchronizing object | G3R03_threshold_countersink
Fra:451 Mem:818.02M (Peak 895.07M) | Time:00:01.91 | Mem:0.00M, Peak:0.00M | Scene, ViewLayer | Synchronizing object | G3R03_threshold_countersink.001
Fra:451 Mem:818.02M (Peak 895.07M) | Time:00:01.91 | Mem:0.00M, Peak:0.00M | Scene, ViewLayer | Synchronizing object | G3R04_eave_splice_plate
Fra:451 Mem:818.05M (Peak 895.07M) | Time:00:01.91 | Mem:0.00M, Peak:0.00M | Scene, ViewLayer | Synchronizing object | G3R04_splice_washer
Fra:451 Mem:818.06M (Peak 895.07M) | Time:00:01.91 | Mem:0.00M, Peak:0.00M | Scene, ViewLayer | Synchronizing object | G3R04_splice_hexbolt
Fra:451 Mem:818.06M (Peak 895.07M) | Time:00:01.91 | Mem:0.00M, Peak:0.00M | Scene, ViewLayer | Synchronizing object | G3R04_splice_washer.001
Fra:451 Mem:818.06M (Peak 895.07M) | Time:00:01.91 | Mem:0.00M, Peak:0.00M | Scene, ViewLayer | Synchronizing object | G3R04_splice_hexbolt.001
Fra:451 Mem:816.76M (Peak 895.07M) | Time:00:01.91 | Mem:0.00M, Peak:0.00M | Scene, ViewLayer | Synchronizing object | G3R04_splice_hexbolt.002
Fra:451 Mem:816.77M (Peak 895.07M) | Time:00:01.91 | Mem:0.00M, Peak:0.00M | Scene, ViewLayer | Synchronizing object | G3R04_splice_washer.002
Fra:451 Mem:816.77M (Peak 895.07M) | Time:00:01.91 | Mem:0.00M, Peak:0.00M | Scene, ViewLayer | Synchronizing object | G3R04_splice_hexbolt.003
Fra:451 Mem:816.78M (Peak 895.07M) | Time:00:01.91 | Mem:0.00M, Peak:0.00M | Scene, ViewLayer | Synchronizing object | G3R04_splice_washer.004
Fra:451 Mem:816.79M (Peak 895.07M) | Time:00:01.91 | Mem:0.00M, Peak:0.00M | Scene, ViewLayer | Synchronizing object | G3R04_splice_hexbolt.004
Fra:451 Mem:816.83M (Peak 895.07M) | Time:00:01.91 | Mem:0.00M, Peak:0.00M | Scene, ViewLayer | Synchronizing object | G3R04_splice_hexbolt.005
Fra:451 Mem:816.83M (Peak 895.07M) | Time:00:01.91 | Mem:0.00M, Peak:0.00M | Scene, ViewLayer | Synchronizing object | G3R04_splice_washer.006
Fra:451 Mem:816.83M (Peak 895.07M) | Time:00:01.91 | Mem:0.00M, Peak:0.00M | Scene, ViewLayer | Synchronizing object | G3R04_splice_washer.007
Fra:451 Mem:816.86M (Peak 895.07M) | Time:00:01.91 | Mem:0.00M, Peak:0.00M | Scene, ViewLayer | Synchronizing object | G3R04_splice_hexbolt.007
Fra:451 Mem:816.84M (Peak 895.07M) | Time:00:01.91 | Mem:0.00M, Peak:0.00M | Scene, ViewLayer | Synchronizing object | G3R04_splice_washer.008
Fra:451 Mem:816.84M (Peak 895.07M) | Time:00:01.91 | Mem:0.00M, Peak:0.00M | Scene, ViewLayer | Synchronizing object | G3R04_splice_hexbolt.008
Fra:451 Mem:816.88M (Peak 895.07M) | Time:00:01.91 | Mem:0.00M, Peak:0.00M | Scene, ViewLayer | Synchronizing object | G3R04_splice_washer.009
Fra:451 Mem:816.88M (Peak 895.07M) | Time:00:01.91 | Mem:0.00M, Peak:0.00M | Scene, ViewLayer | Synchronizing object | G3R04_splice_hexbolt.009
Fra:451 Mem:816.90M (Peak 895.07M) | Time:00:01.91 | Mem:0.00M, Peak:0.00M | Scene, ViewLayer | Synchronizing object | G3R04_splice_hexbolt.010
Fra:451 Mem:816.88M (Peak 895.07M) | Time:00:01.91 | Mem:0.00M, Peak:0.00M | Scene, ViewLayer | Synchronizing object | G3R04_splice_washer.011
Fra:451 Mem:816.89M (Peak 895.07M) | Time:00:01.91 | Mem:0.00M, Peak:0.00M | Scene, ViewLayer | Synchronizing object | G3R04_splice_hexbolt.011
Fra:451 Mem:816.89M (Peak 895.07M) | Time:00:01.91 | Mem:0.00M, Peak:0.00M | Scene, ViewLayer | Synchronizing object | G3R04_splice_washer.012
Fra:451 Mem:816.90M (Peak 895.07M) | Time:00:01.91 | Mem:0.00M, Peak:0.00M | Scene, ViewLayer | Synchronizing object | G3R04_splice_hexbolt.012
Fra:451 Mem:816.92M (Peak 895.07M) | Time:00:01.91 | Mem:0.00M, Peak:0.00M | Scene, ViewLayer | Synchronizing object | G3R04_splice_washer.013
Fra:451 Mem:816.93M (Peak 895.07M) | Time:00:01.91 | Mem:0.00M, Peak:0.00M | Scene, ViewLayer | Synchronizing object | G3R04_splice_hexbolt.013
Fra:451 Mem:816.93M (Peak 895.07M) | Time:00:01.91 | Mem:0.00M, Peak:0.00M | Scene, ViewLayer | Synchronizing object | G3R04_splice_washer.014
Fra:451 Mem:816.94M (Peak 895.07M) | Time:00:01.91 | Mem:0.00M, Peak:0.00M | Scene, ViewLayer | Synchronizing object | G3R04_splice_washer.015
Fra:451 Mem:816.94M (Peak 895.07M) | Time:00:01.91 | Mem:0.00M, Peak:0.00M | Scene, ViewLayer | Synchronizing object | G3R04_splice_hexbolt.015
Fra:451 Mem:816.95M (Peak 895.07M) | Time:00:01.91 | Mem:0.00M, Peak:0.00M | Scene, ViewLayer | Synchronizing object | G3R04_opal_diffuser
Fra:451 Mem:816.98M (Peak 895.07M) | Time:00:01.91 | Mem:0.00M, Peak:0.00M | Scene, ViewLayer | Synchronizing object | G3R04_sconce_cap
Fra:451 Mem:817.01M (Peak 895.07M) | Time:00:01.91 | Mem:0.00M, Peak:0.00M | Scene, ViewLayer | Synchronizing object | G3R04_sconce_cage
Fra:451 Mem:817.08M (Peak 895.07M) | Time:00:01.91 | Mem:0.00M, Peak:0.00M | Scene, ViewLayer | Synchronizing object | G3R04_sconce_cage.001
Fra:451 Mem:817.06M (Peak 895.07M) | Time:00:01.91 | Mem:0.00M, Peak:0.00M | Scene, ViewLayer | Synchronizing object | G3R04_sconce_mount.001
Fra:451 Mem:817.07M (Peak 895.07M) | Time:00:01.91 | Mem:0.00M, Peak:0.00M | Scene, ViewLayer | Synchronizing object | G3R04_opal_diffuser.001
Fra:451 Mem:817.11M (Peak 895.07M) | Time:00:01.91 | Mem:0.00M, Peak:0.00M | Scene, ViewLayer | Synchronizing object | G3R04_sconce_cap.002
Fra:451 Mem:817.13M (Peak 895.07M) | Time:00:01.91 | Mem:0.00M, Peak:0.00M | Scene, ViewLayer | Synchronizing object | G3R04_sconce_cage.002
Fra:451 Mem:817.18M (Peak 895.07M) | Time:00:01.91 | Mem:0.00M, Peak:0.00M | Scene, ViewLayer | Synchronizing object | G3R04_sconce_cage.003
Fra:451 Mem:817.18M (Peak 895.07M) | Time:00:01.91 | Mem:0.00M, Peak:0.00M | Scene, ViewLayer | Synchronizing object | G3R04_right_wall_sconce
Fra:451 Mem:817.18M (Peak 895.07M) | Time:00:01.91 | Mem:0.00M, Peak:0.00M | Scene, ViewLayer | Synchronizing object | G3R05_uplight_bezel
Fra:451 Mem:817.19M (Peak 895.07M) | Time:00:01.91 | Mem:0.00M, Peak:0.00M | Scene, ViewLayer | Synchronizing object | G3R05_uplight_lens
Fra:451 Mem:817.20M (Peak 895.07M) | Time:00:01.91 | Mem:0.00M, Peak:0.00M | Scene, ViewLayer | Synchronizing object | G3R05_arch_wash
Fra:451 Mem:817.20M (Peak 895.07M) | Time:00:01.91 | Mem:0.00M, Peak:0.00M | Scene, ViewLayer | Synchronizing object | G3R05_uplight_foot.001
Fra:451 Mem:817.26M (Peak 895.07M) | Time:00:01.91 | Mem:0.00M, Peak:0.00M | Scene, ViewLayer | Synchronizing object | G3R05_uplight_body.001
Fra:451 Mem:817.27M (Peak 895.07M) | Time:00:01.91 | Mem:0.00M, Peak:0.00M | Scene, ViewLayer | Synchronizing object | G3R05_uplight_bezel.001
Fra:451 Mem:817.30M (Peak 895.07M) | Time:00:01.91 | Mem:0.00M, Peak:0.00M | Scene, ViewLayer | Synchronizing object | G3R05_uplight_lens.001
Fra:451 Mem:817.27M (Peak 895.07M) | Time:00:01.91 | Mem:0.00M, Peak:0.00M | Scene, ViewLayer | Synchronizing object | G3R05_arch_wash.001
Fra:451 Mem:817.28M (Peak 895.07M) | Time:00:01.91 | Mem:0.00M, Peak:0.00M | Scene, ViewLayer | Synchronizing object | G3R06_purlin_clamp
Fra:451 Mem:817.28M (Peak 895.07M) | Time:00:01.91 | Mem:0.00M, Peak:0.00M | Scene, ViewLayer | Synchronizing object | G3R06_projector_stem
Fra:451 Mem:817.30M (Peak 895.07M) | Time:00:01.91 | Mem:0.00M, Peak:0.00M | Scene, ViewLayer | Synchronizing object | G3R06_clamp_fastener
Fra:451 Mem:817.32M (Peak 895.07M) | Time:00:01.91 | Mem:0.00M, Peak:0.00M | Scene, ViewLayer | Synchronizing object | G3R06_clamp_fastener.001
Fra:451 Mem:817.31M (Peak 895.07M) | Time:00:01.91 | Mem:0.00M, Peak:0.00M | Scene, ViewLayer | Synchronizing object | G3R06_projector_housing
Fra:451 Mem:817.33M (Peak 895.07M) | Time:00:01.91 | Mem:0.00M, Peak:0.00M | Scene, ViewLayer | Synchronizing object | G3R06_projector_bezel
Fra:451 Mem:817.34M (Peak 895.07M) | Time:00:01.91 | Mem:0.00M, Peak:0.00M | Scene, ViewLayer | Synchronizing object | G3R06_projector_optic
Fra:451 Mem:817.34M (Peak 895.07M) | Time:00:01.91 | Mem:0.00M, Peak:0.00M | Scene, ViewLayer | Synchronizing object | G3R06_upper_node_wash
Fra:451 Mem:817.35M (Peak 895.07M) | Time:00:01.91 | Mem:0.00M, Peak:0.00M | Scene, ViewLayer | Synchronizing object | G3R06_purlin_clamp.001
Fra:451 Mem:817.35M (Peak 895.07M) | Time:00:01.91 | Mem:0.00M, Peak:0.00M | Scene, ViewLayer | Synchronizing object | G3R06_projector_stem.001
Fra:451 Mem:817.38M (Peak 895.07M) | Time:00:01.91 | Mem:0.00M, Peak:0.00M | Scene, ViewLayer | Synchronizing object | G3R06_clamp_fastener.002
Fra:451 Mem:817.38M (Peak 895.07M) | Time:00:01.91 | Mem:0.00M, Peak:0.00M | Scene, ViewLayer | Synchronizing object | G3R06_clamp_fastener.003
Fra:451 Mem:817.38M (Peak 895.07M) | Time:00:01.91 | Mem:0.00M, Peak:0.00M | Scene, ViewLayer | Synchronizing object | G3R06_projector_housing.001
Fra:451 Mem:817.39M (Peak 895.07M) | Time:00:01.91 | Mem:0.00M, Peak:0.00M | Scene, ViewLayer | Synchronizing object | G3R06_projector_bezel.001
Fra:451 Mem:817.41M (Peak 895.07M) | Time:00:01.91 | Mem:0.00M, Peak:0.00M | Scene, ViewLayer | Synchronizing object | G3R06_projector_optic.001
Fra:451 Mem:817.40M (Peak 895.07M) | Time:00:01.91 | Mem:0.00M, Peak:0.00M | Scene, ViewLayer | Synchronizing object | G3R06_upper_node_wash.001
Fra:451 Mem:817.41M (Peak 895.07M) | Time:00:01.91 | Mem:0.00M, Peak:0.00M | Scene, ViewLayer | Synchronizing object | G4_joint_G3_column_anchor_bolt.001
Fra:451 Mem:817.41M (Peak 895.07M) | Time:00:01.91 | Mem:0.00M, Peak:0.00M | Scene, ViewLayer | Synchronizing object | G4_joint_G3_column_anchor_bolt.002
Fra:451 Mem:817.41M (Peak 895.07M) | Time:00:01.91 | Mem:0.00M, Peak:0.00M | Scene, ViewLayer | Synchronizing object | G4_joint_G3_column_anchor_bolt.003
Fra:451 Mem:817.41M (Peak 895.07M) | Time:00:01.91 | Mem:0.00M, Peak:0.00M | Scene, ViewLayer | Synchronizing object | G4_joint_G3_column_cap_plate
Fra:451 Mem:817.42M (Peak 895.07M) | Time:00:01.91 | Mem:0.00M, Peak:0.00M | Scene, ViewLayer | Synchronizing object | G4_joint_G3_cap_rivet
Fra:451 Mem:817.44M (Peak 895.07M) | Time:00:01.91 | Mem:0.00M, Peak:0.00M | Scene, ViewLayer | Synchronizing object | G4_joint_G3_cap_rivet.001
Fra:451 Mem:817.46M (Peak 895.07M) | Time:00:01.91 | Mem:0.00M, Peak:0.00M | Scene, ViewLayer | Synchronizing object | G4_joint_G3R04_eave_splice_plate
Fra:451 Mem:817.47M (Peak 895.07M) | Time:00:01.92 | Mem:0.00M, Peak:0.00M | Scene, ViewLayer | Synchronizing object | G4_joint_G3R04_splice_washer
Fra:451 Mem:817.49M (Peak 895.07M) | Time:00:01.92 | Mem:0.00M, Peak:0.00M | Scene, ViewLayer | Synchronizing object | G4_joint_G3R04_splice_hexbolt
Fra:451 Mem:817.48M (Peak 895.07M) | Time:00:01.92 | Mem:0.00M, Peak:0.00M | Scene, ViewLayer | Synchronizing object | G4_joint_G3R04_splice_washer.001
Fra:451 Mem:817.48M (Peak 895.07M) | Time:00:01.92 | Mem:0.00M, Peak:0.00M | Scene, ViewLayer | Synchronizing object | G4_joint_G3R04_splice_hexbolt.001
Fra:451 Mem:817.49M (Peak 895.07M) | Time:00:01.92 | Mem:0.00M, Peak:0.00M | Scene, ViewLayer | Synchronizing object | G4_joint_G3R04_splice_washer.002
Fra:451 Mem:817.49M (Peak 895.07M) | Time:00:01.92 | Mem:0.00M, Peak:0.00M | Scene, ViewLayer | Synchronizing object | G4_joint_G3R04_splice_hexbolt.002
Fra:451 Mem:817.49M (Peak 895.07M) | Time:00:01.92 | Mem:0.00M, Peak:0.00M | Scene, ViewLayer | Synchronizing object | G4_joint_G3R04_splice_washer.003
Fra:451 Mem:817.50M (Peak 895.07M) | Time:00:01.92 | Mem:0.00M, Peak:0.00M | Scene, ViewLayer | Synchronizing object | G4_joint_G3R04_splice_hexbolt.003
Fra:451 Mem:817.50M (Peak 895.07M) | Time:00:01.92 | Mem:0.00M, Peak:0.00M | Scene, ViewLayer | Synchronizing object | G4_joint_G3R04_eave_splice_plate.001
Fra:451 Mem:817.50M (Peak 895.07M) | Time:00:01.92 | Mem:0.00M, Peak:0.00M | Scene, ViewLayer | Synchronizing object | G4_joint_G3R04_splice_washer.004
Fra:451 Mem:817.51M (Peak 895.07M) | Time:00:01.92 | Mem:0.00M, Peak:0.00M | Scene, ViewLayer | Synchronizing object | G4_joint_G3R04_splice_hexbolt.004
Fra:451 Mem:817.54M (Peak 895.07M) | Time:00:01.92 | Mem:0.00M, Peak:0.00M | Scene, ViewLayer | Synchronizing object | G4_joint_G3R04_splice_hexbolt.005
Fra:451 Mem:817.55M (Peak 895.07M) | Time:00:01.92 | Mem:0.00M, Peak:0.00M | Scene, ViewLayer | Synchronizing object | G4_joint_G3R04_splice_washer.006
Fra:451 Mem:817.55M (Peak 895.07M) | Time:00:01.92 | Mem:0.00M, Peak:0.00M | Scene, ViewLayer | Synchronizing object | G4_joint_G3R04_splice_hexbolt.006
Fra:451 Mem:817.55M (Peak 895.07M) | Time:00:01.92 | Mem:0.00M, Peak:0.00M | Scene, ViewLayer | Synchronizing object | G4_joint_G3R04_splice_washer.007
Fra:451 Mem:817.55M (Peak 895.07M) | Time:00:01.92 | Mem:0.00M, Peak:0.00M | Scene, ViewLayer | Synchronizing object | G4_joint_G3R04_splice_hexbolt.007
Fra:451 Mem:817.56M (Peak 895.07M) | Time:00:01.92 | Mem:0.00M, Peak:0.00M | Scene, ViewLayer | Synchronizing object | G4_sconce_G3R04_sconce_mount
Fra:451 Mem:817.56M (Peak 895.07M) | Time:00:01.92 | Mem:0.00M, Peak:0.00M | Scene, ViewLayer | Synchronizing object | G4_sconce_G3R04_opal_diffuser
Fra:451 Mem:817.61M (Peak 895.07M) | Time:00:01.92 | Mem:0.00M, Peak:0.00M | Scene, ViewLayer | Synchronizing object | G4_sconce_G3R04_sconce_cap
Fra:451 Mem:817.62M (Peak 895.07M) | Time:00:01.92 | Mem:0.00M, Peak:0.00M | Scene, ViewLayer | Synchronizing object | G4_sconce_G3R04_sconce_cap.001
Fra:451 Mem:817.67M (Peak 895.07M) | Time:00:01.92 | Mem:0.00M, Peak:0.00M | Scene, ViewLayer | Synchronizing object | G4_sconce_G3R04_sconce_cage
Fra:451 Mem:817.67M (Peak 895.07M) | Time:00:01.92 | Mem:0.00M, Peak:0.00M | Scene, ViewLayer | Synchronizing object | G4_sconce_G3R04_sconce_cage.001
Fra:451 Mem:817.67M (Peak 895.07M) | Time:00:01.92 | Mem:0.00M, Peak:0.00M | Scene, ViewLayer | Synchronizing object | G4_column_sconce
Fra:451 Mem:817.67M (Peak 895.07M) | Time:00:01.92 | Mem:0.00M, Peak:0.00M | Scene, ViewLayer | Synchronizing object | G4_joint_G3_column_anchor_bolt.004
Fra:451 Mem:817.67M (Peak 895.07M) | Time:00:01.92 | Mem:0.00M, Peak:0.00M | Scene, ViewLayer | Synchronizing object | G4_joint_G3_column_anchor_bolt.005
Fra:451 Mem:817.67M (Peak 895.07M) | Time:00:01.92 | Mem:0.00M, Peak:0.00M | Scene, ViewLayer | Synchronizing object | G4_joint_G3_column_anchor_bolt.006
Fra:451 Mem:817.67M (Peak 895.07M) | Time:00:01.92 | Mem:0.00M, Peak:0.00M | Scene, ViewLayer | Synchronizing object | G4_joint_G3_column_anchor_bolt.007
Fra:451 Mem:817.68M (Peak 895.07M) | Time:00:01.92 | Mem:0.00M, Peak:0.00M | Scene, ViewLayer | Synchronizing object | G4_joint_G3_column_cap_plate.001
Fra:451 Mem:817.68M (Peak 895.07M) | Time:00:01.92 | Mem:0.00M, Peak:0.00M | Scene, ViewLayer | Synchronizing object | G4_joint_G3_cap_rivet.002
Fra:451 Mem:817.69M (Peak 895.07M) | Time:00:01.92 | Mem:0.00M, Peak:0.00M | Scene, ViewLayer | Synchronizing object | G4_joint_G3_cap_rivet.003
Fra:451 Mem:817.72M (Peak 895.07M) | Time:00:01.92 | Mem:0.00M, Peak:0.00M | Scene, ViewLayer | Synchronizing object | G4_joint_G3R04_eave_splice_plate.002
Fra:451 Mem:817.74M (Peak 895.07M) | Time:00:01.92 | Mem:0.00M, Peak:0.00M | Scene, ViewLayer | Synchronizing object | G4_joint_G3R04_splice_washer.008
Fra:451 Mem:817.76M (Peak 895.07M) | Time:00:01.92 | Mem:0.00M, Peak:0.00M | Scene, ViewLayer | Synchronizing object | G4_joint_G3R04_splice_hexbolt.008
Fra:451 Mem:817.74M (Peak 895.07M) | Time:00:01.92 | Mem:0.00M, Peak:0.00M | Scene, ViewLayer | Synchronizing object | G4_joint_G3R04_splice_washer.009
Fra:451 Mem:817.75M (Peak 895.07M) | Time:00:01.92 | Mem:0.00M, Peak:0.00M | Scene, ViewLayer | Synchronizing object | G4_joint_G3R04_splice_washer.010
Fra:451 Mem:817.75M (Peak 895.07M) | Time:00:01.92 | Mem:0.00M, Peak:0.00M | Scene, ViewLayer | Synchronizing object | G4_joint_G3R04_splice_hexbolt.010
Fra:451 Mem:817.75M (Peak 895.07M) | Time:00:01.92 | Mem:0.00M, Peak:0.00M | Scene, ViewLayer | Synchronizing object | G4_joint_G3R04_splice_washer.011
Fra:451 Mem:817.76M (Peak 895.07M) | Time:00:01.92 | Mem:0.00M, Peak:0.00M | Scene, ViewLayer | Synchronizing object | G4_joint_G3R04_splice_hexbolt.011
Fra:451 Mem:817.76M (Peak 895.07M) | Time:00:01.92 | Mem:0.00M, Peak:0.00M | Scene, ViewLayer | Synchronizing object | G4_joint_G3R04_eave_splice_plate.003
Fra:451 Mem:817.76M (Peak 895.07M) | Time:00:01.92 | Mem:0.00M, Peak:0.00M | Scene, ViewLayer | Synchronizing object | G4_joint_G3R04_splice_washer.012
Fra:451 Mem:817.79M (Peak 895.07M) | Time:00:01.92 | Mem:0.00M, Peak:0.00M | Scene, ViewLayer | Synchronizing object | G4_joint_G3R04_splice_hexbolt.012
Fra:451 Mem:817.81M (Peak 895.07M) | Time:00:01.92 | Mem:0.00M, Peak:0.00M | Scene, ViewLayer | Synchronizing object | G4_joint_G3R04_splice_washer.013
Fra:451 Mem:817.80M (Peak 895.07M) | Time:00:01.92 | Mem:0.00M, Peak:0.00M | Scene, ViewLayer | Synchronizing object | G4_joint_G3R04_splice_hexbolt.013
Fra:451 Mem:817.80M (Peak 895.07M) | Time:00:01.92 | Mem:0.00M, Peak:0.00M | Scene, ViewLayer | Synchronizing object | G4_joint_G3R04_splice_washer.014
Fra:451 Mem:817.81M (Peak 895.07M) | Time:00:01.92 | Mem:0.00M, Peak:0.00M | Scene, ViewLayer | Synchronizing object | G4_joint_G3R04_splice_hexbolt.014
Fra:451 Mem:817.82M (Peak 895.07M) | Time:00:01.92 | Mem:0.00M, Peak:0.00M | Scene, ViewLayer | Synchronizing object | G4_joint_G3R04_splice_washer.015
Fra:451 Mem:817.81M (Peak 895.07M) | Time:00:01.92 | Mem:0.00M, Peak:0.00M | Scene, ViewLayer | Synchronizing object | G4_joint_G3R04_splice_hexbolt.015
Fra:451 Mem:817.81M (Peak 895.07M) | Time:00:01.92 | Mem:0.00M, Peak:0.00M | Scene, ViewLayer | Synchronizing object | G4_sconce_G3R04_sconce_mount.001
Fra:451 Mem:817.82M (Peak 895.07M) | Time:00:01.92 | Mem:0.00M, Peak:0.00M | Scene, ViewLayer | Synchronizing object | G4_sconce_G3R04_opal_diffuser.001
Fra:451 Mem:817.88M (Peak 895.07M) | Time:00:01.92 | Mem:0.00M, Peak:0.00M | Scene, ViewLayer | Synchronizing object | G4_sconce_G3R04_sconce_cap.002
Fra:451 Mem:817.89M (Peak 895.07M) | Time:00:01.92 | Mem:0.00M, Peak:0.00M | Scene, ViewLayer | Synchronizing object | G4_sconce_G3R04_sconce_cap.003
Fra:451 Mem:817.92M (Peak 895.07M) | Time:00:01.92 | Mem:0.00M, Peak:0.00M | Scene, ViewLayer | Synchronizing object | G4_sconce_G3R04_sconce_cage.002
Fra:451 Mem:817.93M (Peak 895.07M) | Time:00:01.92 | Mem:0.00M, Peak:0.00M | Scene, ViewLayer | Synchronizing object | G4_sconce_G3R04_sconce_cage.003
Fra:451 Mem:817.92M (Peak 895.07M) | Time:00:01.92 | Mem:0.00M, Peak:0.00M | Scene, ViewLayer | Synchronizing object | G4_column_sconce.001
Fra:451 Mem:817.92M (Peak 895.07M) | Time:00:01.92 | Mem:0.00M, Peak:0.00M | Scene, ViewLayer | Synchronizing object | G4_joint_G3_column_anchor_bolt.008
Fra:451 Mem:817.92M (Peak 895.07M) | Time:00:01.92 | Mem:0.00M, Peak:0.00M | Scene, ViewLayer | Synchronizing object | G4_joint_G3_column_anchor_bolt.009
Fra:451 Mem:817.93M (Peak 895.07M) | Time:00:01.92 | Mem:0.00M, Peak:0.00M | Scene, ViewLayer | Synchronizing object | G4_joint_G3_column_anchor_bolt.010
Fra:451 Mem:817.93M (Peak 895.07M) | Time:00:01.92 | Mem:0.00M, Peak:0.00M | Scene, ViewLayer | Synchronizing object | G4_joint_G3_column_anchor_bolt.011
Fra:451 Mem:817.93M (Peak 895.07M) | Time:00:01.92 | Mem:0.00M, Peak:0.00M | Scene, ViewLayer | Synchronizing object | G4_joint_G3_column_cap_plate.002
Fra:451 Mem:817.93M (Peak 895.07M) | Time:00:01.92 | Mem:0.00M, Peak:0.00M | Scene, ViewLayer | Synchronizing object | G4_joint_G3_cap_rivet.004
Fra:451 Mem:817.96M (Peak 895.07M) | Time:00:01.92 | Mem:0.00M, Peak:0.00M | Scene, ViewLayer | Synchronizing object | G4_joint_G3_cap_rivet.005
Fra:451 Mem:817.98M (Peak 895.07M) | Time:00:01.92 | Mem:0.00M, Peak:0.00M | Scene, ViewLayer | Synchronizing object | G4_joint_G3R04_eave_splice_plate.004
Fra:451 Mem:817.99M (Peak 895.07M) | Time:00:01.92 | Mem:0.00M, Peak:0.00M | Scene, ViewLayer | Synchronizing object | G4_joint_G3R04_splice_washer.016
Fra:451 Mem:818.00M (Peak 895.07M) | Time:00:01.92 | Mem:0.00M, Peak:0.00M | Scene, ViewLayer | Synchronizing object | G4_joint_G3R04_splice_hexbolt.016
Fra:451 Mem:818.00M (Peak 895.07M) | Time:00:01.92 | Mem:0.00M, Peak:0.00M | Scene, ViewLayer | Synchronizing object | G4_joint_G3R04_splice_washer.017
Fra:451 Mem:818.00M (Peak 895.07M) | Time:00:01.92 | Mem:0.00M, Peak:0.00M | Scene, ViewLayer | Synchronizing object | G4_joint_G3R04_splice_hexbolt.017
Fra:451 Mem:818.00M (Peak 895.07M) | Time:00:01.92 | Mem:0.00M, Peak:0.00M | Scene, ViewLayer | Synchronizing object | G4_joint_G3R04_splice_washer.018
Fra:451 Mem:818.00M (Peak 895.07M) | Time:00:01.92 | Mem:0.00M, Peak:0.00M | Scene, ViewLayer | Synchronizing object | G4_joint_G3R04_splice_hexbolt.018
Fra:451 Mem:818.01M (Peak 895.07M) | Time:00:01.92 | Mem:0.00M, Peak:0.00M | Scene, ViewLayer | Synchronizing object | G4_joint_G3R04_splice_hexbolt.019
Fra:451 Mem:818.01M (Peak 895.07M) | Time:00:01.92 | Mem:0.00M, Peak:0.00M | Scene, ViewLayer | Synchronizing object | G4_joint_G3R04_eave_splice_plate.005
Fra:451 Mem:818.01M (Peak 895.07M) | Time:00:01.92 | Mem:0.00M, Peak:0.00M | Scene, ViewLayer | Synchronizing object | G4_joint_G3R04_splice_washer.020
Fra:451 Mem:818.05M (Peak 895.07M) | Time:00:01.92 | Mem:0.00M, Peak:0.00M | Scene, ViewLayer | Synchronizing object | G4_joint_G3R04_splice_hexbolt.020
Fra:451 Mem:818.06M (Peak 895.07M) | Time:00:01.92 | Mem:0.00M, Peak:0.00M | Scene, ViewLayer | Synchronizing object | G4_joint_G3R04_splice_washer.021
Fra:451 Mem:818.06M (Peak 895.07M) | Time:00:01.92 | Mem:0.00M, Peak:0.00M | Scene, ViewLayer | Synchronizing object | G4_joint_G3R04_splice_hexbolt.021
Fra:451 Mem:818.06M (Peak 895.07M) | Time:00:01.92 | Mem:0.00M, Peak:0.00M | Scene, ViewLayer | Synchronizing object | G4_joint_G3R04_splice_washer.022
Fra:451 Mem:818.06M (Peak 895.07M) | Time:00:01.92 | Mem:0.00M, Peak:0.00M | Scene, ViewLayer | Synchronizing object | G4_joint_G3R04_splice_hexbolt.022
Fra:451 Mem:818.06M (Peak 895.07M) | Time:00:01.92 | Mem:0.00M, Peak:0.00M | Scene, ViewLayer | Synchronizing object | G4_joint_G3R04_splice_washer.023
Fra:451 Mem:818.06M (Peak 895.07M) | Time:00:01.92 | Mem:0.00M, Peak:0.00M | Scene, ViewLayer | Synchronizing object | G4_joint_G3R04_splice_hexbolt.023
Fra:451 Mem:818.07M (Peak 895.07M) | Time:00:01.92 | Mem:0.00M, Peak:0.00M | Scene, ViewLayer | Synchronizing object | G4_sconce_G3R04_sconce_mount.002
Fra:451 Mem:818.07M (Peak 895.07M) | Time:00:01.92 | Mem:0.00M, Peak:0.00M | Scene, ViewLayer | Synchronizing object | G4_sconce_G3R04_opal_diffuser.002
Fra:451 Mem:818.12M (Peak 895.07M) | Time:00:01.92 | Mem:0.00M, Peak:0.00M | Scene, ViewLayer | Synchronizing object | G4_sconce_G3R04_sconce_cap.004
Fra:451 Mem:818.12M (Peak 895.07M) | Time:00:01.92 | Mem:0.00M, Peak:0.00M | Scene, ViewLayer | Synchronizing object | G4_sconce_G3R04_sconce_cap.005
Fra:451 Mem:818.17M (Peak 895.07M) | Time:00:01.92 | Mem:0.00M, Peak:0.00M | Scene, ViewLayer | Synchronizing object | G4_sconce_G3R04_sconce_cage.004
Fra:451 Mem:818.17M (Peak 895.07M) | Time:00:01.92 | Mem:0.00M, Peak:0.00M | Scene, ViewLayer | Synchronizing object | G4_sconce_G3R04_sconce_cage.005
Fra:451 Mem:818.17M (Peak 895.07M) | Time:00:01.92 | Mem:0.00M, Peak:0.00M | Scene, ViewLayer | Synchronizing object | G4_column_sconce.002
Fra:451 Mem:818.18M (Peak 895.07M) | Time:00:01.92 | Mem:0.00M, Peak:0.00M | Scene, ViewLayer | Synchronizing object | G4_joint_G3_column_anchor_bolt.012
Fra:451 Mem:818.18M (Peak 895.07M) | Time:00:01.92 | Mem:0.00M, Peak:0.00M | Scene, ViewLayer | Synchronizing object | G4_joint_G3_column_anchor_bolt.013
Fra:451 Mem:818.18M (Peak 895.07M) | Time:00:01.92 | Mem:0.00M, Peak:0.00M | Scene, ViewLayer | Synchronizing object | G4_joint_G3_column_anchor_bolt.014
Fra:451 Mem:818.18M (Peak 895.07M) | Time:00:01.92 | Mem:0.00M, Peak:0.00M | Scene, ViewLayer | Synchronizing object | G4_joint_G3_column_anchor_bolt.015
Fra:451 Mem:818.18M (Peak 895.07M) | Time:00:01.92 | Mem:0.00M, Peak:0.00M | Scene, ViewLayer | Synchronizing object | G4_joint_G3_column_cap_plate.003
Fra:451 Mem:818.19M (Peak 895.07M) | Time:00:01.92 | Mem:0.00M, Peak:0.00M | Scene, ViewLayer | Synchronizing object | G4_joint_G3_cap_rivet.006
Fra:451 Mem:818.20M (Peak 895.07M) | Time:00:01.92 | Mem:0.00M, Peak:0.00M | Scene, ViewLayer | Synchronizing object | G4_joint_G3_cap_rivet.007
Fra:451 Mem:818.22M (Peak 895.07M) | Time:00:01.92 | Mem:0.00M, Peak:0.00M | Scene, ViewLayer | Synchronizing object | G4_joint_G3R04_eave_splice_plate.006
Fra:451 Mem:818.25M (Peak 895.07M) | Time:00:01.92 | Mem:0.00M, Peak:0.00M | Scene, ViewLayer | Synchronizing object | G4_joint_G3R04_splice_washer.024
Fra:451 Mem:818.25M (Peak 895.07M) | Time:00:01.92 | Mem:0.00M, Peak:0.00M | Scene, ViewLayer | Synchronizing object | G4_joint_G3R04_splice_hexbolt.024
Fra:451 Mem:818.25M (Peak 895.07M) | Time:00:01.92 | Mem:0.00M, Peak:0.00M | Scene, ViewLayer | Synchronizing object | G4_joint_G3R04_splice_washer.025
Fra:451 Mem:818.26M (Peak 895.07M) | Time:00:01.92 | Mem:0.00M, Peak:0.00M | Scene, ViewLayer | Synchronizing object | G4_joint_G3R04_splice_hexbolt.025
Fra:451 Mem:818.26M (Peak 895.07M) | Time:00:01.92 | Mem:0.00M, Peak:0.00M | Scene, ViewLayer | Synchronizing object | G4_joint_G3R04_splice_hexbolt.026
Fra:451 Mem:818.27M (Peak 895.07M) | Time:00:01.92 | Mem:0.00M, Peak:0.00M | Scene, ViewLayer | Synchronizing object | G4_joint_G3R04_splice_washer.027
Fra:451 Mem:818.27M (Peak 895.07M) | Time:00:01.92 | Mem:0.00M, Peak:0.00M | Scene, ViewLayer | Synchronizing object | G4_joint_G3R04_eave_splice_plate.007
Fra:451 Mem:818.27M (Peak 895.07M) | Time:00:01.92 | Mem:0.00M, Peak:0.00M | Scene, ViewLayer | Synchronizing object | G4_joint_G3R04_splice_washer.028
Fra:451 Mem:818.29M (Peak 895.07M) | Time:00:01.92 | Mem:0.00M, Peak:0.00M | Scene, ViewLayer | Synchronizing object | G4_joint_G3R04_splice_washer.029
Fra:451 Mem:818.32M (Peak 895.07M) | Time:00:01.92 | Mem:0.00M, Peak:0.00M | Scene, ViewLayer | Synchronizing object | G4_joint_G3R04_splice_hexbolt.029
Fra:451 Mem:818.31M (Peak 895.07M) | Time:00:01.92 | Mem:0.00M, Peak:0.00M | Scene, ViewLayer | Synchronizing object | G4_joint_G3R04_splice_washer.030
Fra:451 Mem:818.32M (Peak 895.07M) | Time:00:01.92 | Mem:0.00M, Peak:0.00M | Scene, ViewLayer | Synchronizing object | G4_joint_G3R04_splice_hexbolt.030
Fra:451 Mem:818.32M (Peak 895.07M) | Time:00:01.92 | Mem:0.00M, Peak:0.00M | Scene, ViewLayer | Synchronizing object | G4_joint_G3R04_splice_washer.031
Fra:451 Mem:818.33M (Peak 895.07M) | Time:00:01.92 | Mem:0.00M, Peak:0.00M | Scene, ViewLayer | Synchronizing object | G4_joint_G3R04_splice_hexbolt.031
Fra:451 Mem:818.35M (Peak 895.07M) | Time:00:01.92 | Mem:0.00M, Peak:0.00M | Scene, ViewLayer | Synchronizing object | G4_sconce_G3R04_sconce_mount.003
Fra:451 Mem:818.33M (Peak 895.07M) | Time:00:01.92 | Mem:0.00M, Peak:0.00M | Scene, ViewLayer | Synchronizing object | G4_sconce_G3R04_opal_diffuser.003
Fra:451 Mem:818.40M (Peak 895.07M) | Time:00:01.92 | Mem:0.00M, Peak:0.00M | Scene, ViewLayer | Synchronizing object | G4_sconce_G3R04_sconce_cap.006
Fra:451 Mem:818.39M (Peak 895.07M) | Time:00:01.92 | Mem:0.00M, Peak:0.00M | Scene, ViewLayer | Synchronizing object | G4_sconce_G3R04_sconce_cap.007
Fra:451 Mem:818.43M (Peak 895.07M) | Time:00:01.92 | Mem:0.00M, Peak:0.00M | Scene, ViewLayer | Synchronizing object | G4_sconce_G3R04_sconce_cage.006
Fra:451 Mem:818.45M (Peak 895.07M) | Time:00:01.92 | Mem:0.00M, Peak:0.00M | Scene, ViewLayer | Synchronizing object | G4_sconce_G3R04_sconce_cage.007
Fra:451 Mem:818.45M (Peak 895.07M) | Time:00:01.92 | Mem:0.00M, Peak:0.00M | Scene, ViewLayer | Synchronizing object | G4_column_sconce.003
Fra:451 Mem:818.44M (Peak 895.07M) | Time:00:01.92 | Mem:0.00M, Peak:0.00M | Scene, ViewLayer | Synchronizing object | G4_joint_G3_column_anchor_bolt.016
Fra:451 Mem:818.44M (Peak 895.07M) | Time:00:01.92 | Mem:0.00M, Peak:0.00M | Scene, ViewLayer | Synchronizing object | G4_joint_G3_column_anchor_bolt.017
Fra:451 Mem:818.44M (Peak 895.07M) | Time:00:01.92 | Mem:0.00M, Peak:0.00M | Scene, ViewLayer | Synchronizing object | G4_joint_G3_column_anchor_bolt.018
Fra:451 Mem:818.44M (Peak 895.07M) | Time:00:01.92 | Mem:0.00M, Peak:0.00M | Scene, ViewLayer | Synchronizing object | G4_joint_G3_column_anchor_bolt.019
Fra:451 Mem:818.44M (Peak 895.07M) | Time:00:01.92 | Mem:0.00M, Peak:0.00M | Scene, ViewLayer | Synchronizing object | G4_joint_G3_column_cap_plate.004
Fra:451 Mem:818.44M (Peak 895.07M) | Time:00:01.92 | Mem:0.00M, Peak:0.00M | Scene, ViewLayer | Synchronizing object | G4_joint_G3_cap_rivet.008
Fra:451 Mem:818.47M (Peak 895.07M) | Time:00:01.92 | Mem:0.00M, Peak:0.00M | Scene, ViewLayer | Synchronizing object | G4_joint_G3_cap_rivet.009
Fra:451 Mem:818.49M (Peak 895.07M) | Time:00:01.92 | Mem:0.00M, Peak:0.00M | Scene, ViewLayer | Synchronizing object | G4_joint_G3R04_eave_splice_plate.008
Fra:451 Mem:818.50M (Peak 895.07M) | Time:00:01.92 | Mem:0.00M, Peak:0.00M | Scene, ViewLayer | Synchronizing object | G4_joint_G3R04_splice_washer.032
Fra:451 Mem:818.51M (Peak 895.07M) | Time:00:01.92 | Mem:0.00M, Peak:0.00M | Scene, ViewLayer | Synchronizing object | G4_joint_G3R04_splice_hexbolt.032
Fra:451 Mem:818.53M (Peak 895.07M) | Time:00:01.92 | Mem:0.00M, Peak:0.00M | Scene, ViewLayer | Synchronizing object | G4_joint_G3R04_splice_washer.033
Fra:451 Mem:818.52M (Peak 895.07M) | Time:00:01.92 | Mem:0.00M, Peak:0.00M | Scene, ViewLayer | Synchronizing object | G4_joint_G3R04_splice_hexbolt.033
Fra:451 Mem:818.51M (Peak 895.07M) | Time:00:01.92 | Mem:0.00M, Peak:0.00M | Scene, ViewLayer | Synchronizing object | G4_joint_G3R04_splice_washer.034
Fra:451 Mem:818.52M (Peak 895.07M) | Time:00:01.92 | Mem:0.00M, Peak:0.00M | Scene, ViewLayer | Synchronizing object | G4_joint_G3R04_splice_hexbolt.034
Fra:451 Mem:818.52M (Peak 895.07M) | Time:00:01.92 | Mem:0.00M, Peak:0.00M | Scene, ViewLayer | Synchronizing object | G4_joint_G3R04_splice_washer.035
Fra:451 Mem:818.52M (Peak 895.07M) | Time:00:01.92 | Mem:0.00M, Peak:0.00M | Scene, ViewLayer | Synchronizing object | G4_joint_G3R04_splice_hexbolt.035
Fra:451 Mem:818.53M (Peak 895.07M) | Time:00:01.92 | Mem:0.00M, Peak:0.00M | Scene, ViewLayer | Synchronizing object | G4_joint_G3R04_eave_splice_plate.009
Fra:451 Mem:818.53M (Peak 895.07M) | Time:00:01.92 | Mem:0.00M, Peak:0.00M | Scene, ViewLayer | Synchronizing object | G4_joint_G3R04_splice_washer.036
Fra:451 Mem:818.54M (Peak 895.07M) | Time:00:01.92 | Mem:0.00M, Peak:0.00M | Scene, ViewLayer | Synchronizing object | G4_joint_G3R04_splice_hexbolt.036
Fra:451 Mem:818.56M (Peak 895.07M) | Time:00:01.92 | Mem:0.00M, Peak:0.00M | Scene, ViewLayer | Synchronizing object | G4_joint_G3R04_splice_washer.037
Fra:451 Mem:818.57M (Peak 895.07M) | Time:00:01.92 | Mem:0.00M, Peak:0.00M | Scene, ViewLayer | Synchronizing object | G4_joint_G3R04_splice_hexbolt.037
Fra:451 Mem:818.56M (Peak 895.07M) | Time:00:01.92 | Mem:0.00M, Peak:0.00M | Scene, ViewLayer | Synchronizing object | G4_joint_G3R04_splice_washer.038
Fra:451 Mem:818.57M (Peak 895.07M) | Time:00:01.92 | Mem:0.00M, Peak:0.00M | Scene, ViewLayer | Synchronizing object | G4_joint_G3R04_splice_hexbolt.038
Fra:451 Mem:818.57M (Peak 895.07M) | Time:00:01.92 | Mem:0.00M, Peak:0.00M | Scene, ViewLayer | Synchronizing object | G4_joint_G3R04_splice_washer.039
Fra:451 Mem:818.58M (Peak 895.07M) | Time:00:01.92 | Mem:0.00M, Peak:0.00M | Scene, ViewLayer | Synchronizing object | G4_joint_G3R04_splice_hexbolt.039
Fra:451 Mem:818.59M (Peak 895.07M) | Time:00:01.92 | Mem:0.00M, Peak:0.00M | Scene, ViewLayer | Synchronizing object | G4_sconce_G3R04_sconce_mount.004
Fra:451 Mem:818.59M (Peak 895.07M) | Time:00:01.92 | Mem:0.00M, Peak:0.00M | Scene, ViewLayer | Synchronizing object | G4_sconce_G3R04_opal_diffuser.004
Fra:451 Mem:818.63M (Peak 895.07M) | Time:00:01.92 | Mem:0.00M, Peak:0.00M | Scene, ViewLayer | Synchronizing object | G4_sconce_G3R04_sconce_cap.008
Fra:451 Mem:818.66M (Peak 895.07M) | Time:00:01.92 | Mem:0.00M, Peak:0.00M | Scene, ViewLayer | Synchronizing object | G4_sconce_G3R04_sconce_cap.009
Fra:451 Mem:818.68M (Peak 895.07M) | Time:00:01.92 | Mem:0.00M, Peak:0.00M | Scene, ViewLayer | Synchronizing object | G4_sconce_G3R04_sconce_cage.008
Fra:451 Mem:818.69M (Peak 895.07M) | Time:00:01.92 | Mem:0.00M, Peak:0.00M | Scene, ViewLayer | Synchronizing object | G4_sconce_G3R04_sconce_cage.009
Fra:451 Mem:818.71M (Peak 895.07M) | Time:00:01.92 | Mem:0.00M, Peak:0.00M | Scene, ViewLayer | Synchronizing object | G4_column_sconce.004
Fra:451 Mem:818.69M (Peak 895.07M) | Time:00:01.92 | Mem:0.00M, Peak:0.00M | Scene, ViewLayer | Synchronizing object | G4_joint_G3_column_anchor_bolt.020
Fra:451 Mem:818.69M (Peak 895.07M) | Time:00:01.92 | Mem:0.00M, Peak:0.00M | Scene, ViewLayer | Synchronizing object | G4_joint_G3_column_anchor_bolt.022
Fra:451 Mem:818.69M (Peak 895.07M) | Time:00:01.92 | Mem:0.00M, Peak:0.00M | Scene, ViewLayer | Synchronizing object | G4_joint_G3_column_anchor_bolt.023
Fra:451 Mem:818.69M (Peak 895.07M) | Time:00:01.92 | Mem:0.00M, Peak:0.00M | Scene, ViewLayer | Synchronizing object | G4_joint_G3_column_cap_plate.005
Fra:451 Mem:818.70M (Peak 895.07M) | Time:00:01.92 | Mem:0.00M, Peak:0.00M | Scene, ViewLayer | Synchronizing object | G4_joint_G3_cap_rivet.010
Fra:451 Mem:818.71M (Peak 895.07M) | Time:00:01.92 | Mem:0.00M, Peak:0.00M | Scene, ViewLayer | Synchronizing object | G4_joint_G3_cap_rivet.011
Fra:451 Mem:818.74M (Peak 895.07M) | Time:00:01.92 | Mem:0.00M, Peak:0.00M | Scene, ViewLayer | Synchronizing object | G4_joint_G3R04_eave_splice_plate.010
Fra:451 Mem:818.76M (Peak 895.07M) | Time:00:01.92 | Mem:0.00M, Peak:0.00M | Scene, ViewLayer | Synchronizing object | G4_joint_G3R04_splice_washer.040
Fra:451 Mem:818.76M (Peak 895.07M) | Time:00:01.92 | Mem:0.00M, Peak:0.00M | Scene, ViewLayer | Synchronizing object | G4_joint_G3R04_splice_hexbolt.040
Fra:451 Mem:818.76M (Peak 895.07M) | Time:00:01.92 | Mem:0.00M, Peak:0.00M | Scene, ViewLayer | Synchronizing object | G4_joint_G3R04_splice_washer.041
Fra:451 Mem:818.77M (Peak 895.07M) | Time:00:01.92 | Mem:0.00M, Peak:0.00M | Scene, ViewLayer | Synchronizing object | G4_joint_G3R04_splice_hexbolt.041
Fra:451 Mem:818.77M (Peak 895.07M) | Time:00:01.92 | Mem:0.00M, Peak:0.00M | Scene, ViewLayer | Synchronizing object | G4_joint_G3R04_splice_washer.042
Fra:451 Mem:818.77M (Peak 895.07M) | Time:00:01.92 | Mem:0.00M, Peak:0.00M | Scene, ViewLayer | Synchronizing object | G4_joint_G3R04_splice_hexbolt.042
Fra:451 Mem:818.77M (Peak 895.07M) | Time:00:01.92 | Mem:0.00M, Peak:0.00M | Scene, ViewLayer | Synchronizing object | G4_joint_G3R04_splice_washer.043
Fra:451 Mem:818.78M (Peak 895.07M) | Time:00:01.92 | Mem:0.00M, Peak:0.00M | Scene, ViewLayer | Synchronizing object | G4_joint_G3R04_splice_hexbolt.043
Fra:451 Mem:818.78M (Peak 895.07M) | Time:00:01.92 | Mem:0.00M, Peak:0.00M | Scene, ViewLayer | Synchronizing object | G4_joint_G3R04_eave_splice_plate.011
Fra:451 Mem:818.78M (Peak 895.07M) | Time:00:01.92 | Mem:0.00M, Peak:0.00M | Scene, ViewLayer | Synchronizing object | G4_joint_G3R04_splice_washer.044
Fra:451 Mem:818.81M (Peak 895.07M) | Time:00:01.92 | Mem:0.00M, Peak:0.00M | Scene, ViewLayer | Synchronizing object | G4_joint_G3R04_splice_hexbolt.044
Fra:451 Mem:818.81M (Peak 895.07M) | Time:00:01.92 | Mem:0.00M, Peak:0.00M | Scene, ViewLayer | Synchronizing object | G4_joint_G3R04_splice_washer.045
Fra:451 Mem:818.82M (Peak 895.07M) | Time:00:01.92 | Mem:0.00M, Peak:0.00M | Scene, ViewLayer | Synchronizing object | G4_joint_G3R04_splice_hexbolt.045
Fra:451 Mem:818.82M (Peak 895.07M) | Time:00:01.92 | Mem:0.00M, Peak:0.00M | Scene, ViewLayer | Synchronizing object | G4_joint_G3R04_splice_washer.046
Fra:451 Mem:818.83M (Peak 895.07M) | Time:00:01.92 | Mem:0.00M, Peak:0.00M | Scene, ViewLayer | Synchronizing object | G4_joint_G3R04_splice_hexbolt.046
Fra:451 Mem:818.84M (Peak 895.07M) | Time:00:01.92 | Mem:0.00M, Peak:0.00M | Scene, ViewLayer | Synchronizing object | G4_joint_G3R04_splice_washer.047
Fra:451 Mem:818.83M (Peak 895.07M) | Time:00:01.92 | Mem:0.00M, Peak:0.00M | Scene, ViewLayer | Synchronizing object | G4_joint_G3R04_splice_hexbolt.047
Fra:451 Mem:818.83M (Peak 895.07M) | Time:00:01.92 | Mem:0.00M, Peak:0.00M | Scene, ViewLayer | Synchronizing object | G4_sconce_G3R04_sconce_mount.005
Fra:451 Mem:818.83M (Peak 895.07M) | Time:00:01.92 | Mem:0.00M, Peak:0.00M | Scene, ViewLayer | Synchronizing object | G4_sconce_G3R04_opal_diffuser.005
Fra:451 Mem:818.89M (Peak 895.07M) | Time:00:01.92 | Mem:0.00M, Peak:0.00M | Scene, ViewLayer | Synchronizing object | G4_sconce_G3R04_sconce_cap.010
Fra:451 Mem:818.89M (Peak 895.07M) | Time:00:01.92 | Mem:0.00M, Peak:0.00M | Scene, ViewLayer | Synchronizing object | G4_sconce_G3R04_sconce_cap.011
Fra:451 Mem:818.93M (Peak 895.07M) | Time:00:01.92 | Mem:0.00M, Peak:0.00M | Scene, ViewLayer | Synchronizing object | G4_sconce_G3R04_sconce_cage.010
Fra:451 Mem:818.92M (Peak 895.07M) | Time:00:01.92 | Mem:0.00M, Peak:0.00M | Scene, ViewLayer | Synchronizing object | G4_sconce_G3R04_sconce_cage.011
Fra:451 Mem:818.93M (Peak 895.07M) | Time:00:01.92 | Mem:0.00M, Peak:0.00M | Scene, ViewLayer | Synchronizing object | G4_column_sconce.005
Fra:451 Mem:818.93M (Peak 895.07M) | Time:00:01.92 | Mem:0.00M, Peak:0.00M | Scene, ViewLayer | Synchronizing object | G4_joint_G3_column_anchor_bolt.024
Fra:451 Mem:818.93M (Peak 895.07M) | Time:00:01.92 | Mem:0.00M, Peak:0.00M | Scene, ViewLayer | Synchronizing object | G4_joint_G3_column_anchor_bolt.025
Fra:451 Mem:818.93M (Peak 895.07M) | Time:00:01.92 | Mem:0.00M, Peak:0.00M | Scene, ViewLayer | Synchronizing object | G4_joint_G3_column_anchor_bolt.026
Fra:451 Mem:818.95M (Peak 895.07M) | Time:00:01.92 | Mem:0.00M, Peak:0.00M | Scene, ViewLayer | Synchronizing object | G4_joint_G3_column_anchor_bolt.027
Fra:451 Mem:818.94M (Peak 895.07M) | Time:00:01.92 | Mem:0.00M, Peak:0.00M | Scene, ViewLayer | Synchronizing object | G4_joint_G3_column_cap_plate.006
Fra:451 Mem:818.93M (Peak 895.07M) | Time:00:01.92 | Mem:0.00M, Peak:0.00M | Scene, ViewLayer | Synchronizing object | G4_joint_G3_cap_rivet.012
Fra:451 Mem:818.94M (Peak 895.07M) | Time:00:01.92 | Mem:0.00M, Peak:0.00M | Scene, ViewLayer | Synchronizing object | G4_joint_G3_cap_rivet.013
Fra:451 Mem:818.98M (Peak 895.07M) | Time:00:01.92 | Mem:0.00M, Peak:0.00M | Scene, ViewLayer | Synchronizing object | G4_joint_G3R04_eave_splice_plate.012
Fra:451 Mem:818.99M (Peak 895.07M) | Time:00:01.92 | Mem:0.00M, Peak:0.00M | Scene, ViewLayer | Synchronizing object | G4_joint_G3R04_splice_washer.048
Fra:451 Mem:819.01M (Peak 895.07M) | Time:00:01.92 | Mem:0.00M, Peak:0.00M | Scene, ViewLayer | Synchronizing object | G4_joint_G3R04_splice_hexbolt.048
Fra:451 Mem:819.02M (Peak 895.07M) | Time:00:01.92 | Mem:0.00M, Peak:0.00M | Scene, ViewLayer | Synchronizing object | G4_joint_G3R04_splice_washer.049
Fra:451 Mem:819.00M (Peak 895.07M) | Time:00:01.92 | Mem:0.00M, Peak:0.00M | Scene, ViewLayer | Synchronizing object | G4_joint_G3R04_splice_hexbolt.049
Fra:451 Mem:819.00M (Peak 895.07M) | Time:00:01.92 | Mem:0.00M, Peak:0.00M | Scene, ViewLayer | Synchronizing object | G4_joint_G3R04_splice_washer.050
Fra:451 Mem:819.01M (Peak 895.07M) | Time:00:01.92 | Mem:0.00M, Peak:0.00M | Scene, ViewLayer | Synchronizing object | G4_joint_G3R04_splice_hexbolt.050
Fra:451 Mem:819.01M (Peak 895.07M) | Time:00:01.92 | Mem:0.00M, Peak:0.00M | Scene, ViewLayer | Synchronizing object | G4_joint_G3R04_splice_washer.051
Fra:451 Mem:819.01M (Peak 895.07M) | Time:00:01.92 | Mem:0.00M, Peak:0.00M | Scene, ViewLayer | Synchronizing object | G4_joint_G3R04_splice_hexbolt.051
Fra:451 Mem:819.01M (Peak 895.07M) | Time:00:01.92 | Mem:0.00M, Peak:0.00M | Scene, ViewLayer | Synchronizing object | G4_joint_G3R04_eave_splice_plate.013
Fra:451 Mem:819.02M (Peak 895.07M) | Time:00:01.92 | Mem:0.00M, Peak:0.00M | Scene, ViewLayer | Synchronizing object | G4_joint_G3R04_splice_washer.052
Fra:451 Mem:819.05M (Peak 895.07M) | Time:00:01.92 | Mem:0.00M, Peak:0.00M | Scene, ViewLayer | Synchronizing object | G4_joint_G3R04_splice_hexbolt.052
Fra:451 Mem:819.06M (Peak 895.07M) | Time:00:01.92 | Mem:0.00M, Peak:0.00M | Scene, ViewLayer | Synchronizing object | G4_joint_G3R04_splice_washer.053
Fra:451 Mem:819.05M (Peak 895.07M) | Time:00:01.92 | Mem:0.00M, Peak:0.00M | Scene, ViewLayer | Synchronizing object | G4_joint_G3R04_splice_hexbolt.053
Fra:451 Mem:819.06M (Peak 895.07M) | Time:00:01.92 | Mem:0.00M, Peak:0.00M | Scene, ViewLayer | Synchronizing object | G4_joint_G3R04_splice_washer.054
Fra:451 Mem:819.06M (Peak 895.07M) | Time:00:01.92 | Mem:0.00M, Peak:0.00M | Scene, ViewLayer | Synchronizing object | G4_joint_G3R04_splice_hexbolt.054
Fra:451 Mem:819.07M (Peak 895.07M) | Time:00:01.92 | Mem:0.00M, Peak:0.00M | Scene, ViewLayer | Synchronizing object | G4_joint_G3R04_splice_washer.055
Fra:451 Mem:819.07M (Peak 895.07M) | Time:00:01.92 | Mem:0.00M, Peak:0.00M | Scene, ViewLayer | Synchronizing object | G4_joint_G3R04_splice_hexbolt.055
Fra:451 Mem:819.07M (Peak 895.07M) | Time:00:01.92 | Mem:0.00M, Peak:0.00M | Scene, ViewLayer | Synchronizing object | G4_sconce_G3R04_sconce_mount.006
Fra:451 Mem:819.10M (Peak 895.07M) | Time:00:01.92 | Mem:0.00M, Peak:0.00M | Scene, ViewLayer | Synchronizing object | G4_sconce_G3R04_sconce_cap.012
Fra:451 Mem:819.20M (Peak 895.07M) | Time:00:01.92 | Mem:0.00M, Peak:0.00M | Scene, ViewLayer | Synchronizing object | G4_sconce_G3R04_sconce_cap.013
Fra:451 Mem:819.19M (Peak 895.07M) | Time:00:01.92 | Mem:0.00M, Peak:0.00M | Scene, ViewLayer | Synchronizing object | G4_sconce_G3R04_sconce_cage.013
Fra:451 Mem:819.22M (Peak 895.07M) | Time:00:01.92 | Mem:0.00M, Peak:0.00M | Scene, ViewLayer | Synchronizing object | G4_column_sconce.006
Fra:451 Mem:819.23M (Peak 895.07M) | Time:00:01.92 | Mem:0.00M, Peak:0.00M | Scene, ViewLayer | Synchronizing object | G4_joint_G3_column_anchor_bolt.028
Fra:451 Mem:819.22M (Peak 895.07M) | Time:00:01.92 | Mem:0.00M, Peak:0.00M | Scene, ViewLayer | Synchronizing object | G4_joint_G3_column_anchor_bolt.030
Fra:451 Mem:819.22M (Peak 895.07M) | Time:00:01.92 | Mem:0.00M, Peak:0.00M | Scene, ViewLayer | Synchronizing object | G4_joint_G3_column_anchor_bolt.031
Fra:451 Mem:819.22M (Peak 895.07M) | Time:00:01.92 | Mem:0.00M, Peak:0.00M | Scene, ViewLayer | Synchronizing object | G4_joint_G3_column_cap_plate.007
Fra:451 Mem:819.23M (Peak 895.07M) | Time:00:01.92 | Mem:0.00M, Peak:0.00M | Scene, ViewLayer | Synchronizing object | G4_joint_G3_cap_rivet.014
Fra:451 Mem:819.25M (Peak 895.07M) | Time:00:01.92 | Mem:0.00M, Peak:0.00M | Scene, ViewLayer | Synchronizing object | G4_joint_G3_cap_rivet.015
Fra:451 Mem:819.26M (Peak 895.07M) | Time:00:01.92 | Mem:0.00M, Peak:0.00M | Scene, ViewLayer | Synchronizing object | G4_joint_G3R04_eave_splice_plate.014
Fra:451 Mem:819.26M (Peak 895.07M) | Time:00:01.92 | Mem:0.00M, Peak:0.00M | Scene, ViewLayer | Synchronizing object | G4_joint_G3R04_splice_washer.056
Fra:451 Mem:819.29M (Peak 895.07M) | Time:00:01.92 | Mem:0.00M, Peak:0.00M | Scene, ViewLayer | Synchronizing object | G4_joint_G3R04_splice_washer.057
Fra:451 Mem:819.29M (Peak 895.07M) | Time:00:01.92 | Mem:0.00M, Peak:0.00M | Scene, ViewLayer | Synchronizing object | G4_joint_G3R04_splice_hexbolt.057
Fra:451 Mem:819.30M (Peak 895.07M) | Time:00:01.92 | Mem:0.00M, Peak:0.00M | Scene, ViewLayer | Synchronizing object | G4_joint_G3R04_splice_washer.058
Fra:451 Mem:819.30M (Peak 895.07M) | Time:00:01.92 | Mem:0.00M, Peak:0.00M | Scene, ViewLayer | Synchronizing object | G4_joint_G3R04_splice_hexbolt.058
Fra:451 Mem:819.30M (Peak 895.07M) | Time:00:01.92 | Mem:0.00M, Peak:0.00M | Scene, ViewLayer | Synchronizing object | G4_joint_G3R04_splice_washer.059
Fra:451 Mem:819.31M (Peak 895.07M) | Time:00:01.92 | Mem:0.00M, Peak:0.00M | Scene, ViewLayer | Synchronizing object | G4_joint_G3R04_splice_hexbolt.059
Fra:451 Mem:819.32M (Peak 895.07M) | Time:00:01.92 | Mem:0.00M, Peak:0.00M | Scene, ViewLayer | Synchronizing object | G4_joint_G3R04_eave_splice_plate.015
Fra:451 Mem:819.32M (Peak 895.07M) | Time:00:01.92 | Mem:0.00M, Peak:0.00M | Scene, ViewLayer | Synchronizing object | G4_joint_G3R04_splice_washer.060
Fra:451 Mem:819.35M (Peak 895.07M) | Time:00:01.92 | Mem:0.00M, Peak:0.00M | Scene, ViewLayer | Synchronizing object | G4_joint_G3R04_splice_hexbolt.060
Fra:451 Mem:819.36M (Peak 895.07M) | Time:00:01.92 | Mem:0.00M, Peak:0.00M | Scene, ViewLayer | Synchronizing object | G4_joint_G3R04_splice_washer.061
Fra:451 Mem:819.37M (Peak 895.07M) | Time:00:01.92 | Mem:0.00M, Peak:0.00M | Scene, ViewLayer | Synchronizing object | G4_joint_G3R04_splice_hexbolt.061
Fra:451 Mem:819.36M (Peak 895.07M) | Time:00:01.92 | Mem:0.00M, Peak:0.00M | Scene, ViewLayer | Synchronizing object | G4_joint_G3R04_splice_washer.062
Fra:451 Mem:819.36M (Peak 895.07M) | Time:00:01.92 | Mem:0.00M, Peak:0.00M | Scene, ViewLayer | Synchronizing object | G4_joint_G3R04_splice_hexbolt.062
Fra:451 Mem:819.37M (Peak 895.07M) | Time:00:01.92 | Mem:0.00M, Peak:0.00M | Scene, ViewLayer | Synchronizing object | G4_joint_G3R04_splice_washer.063
Fra:451 Mem:819.37M (Peak 895.07M) | Time:00:01.92 | Mem:0.00M, Peak:0.00M | Scene, ViewLayer | Synchronizing object | G4_joint_G3R04_splice_hexbolt.063
Fra:451 Mem:819.39M (Peak 895.07M) | Time:00:01.92 | Mem:0.00M, Peak:0.00M | Scene, ViewLayer | Synchronizing object | G4_sconce_G3R04_sconce_mount.007
Fra:451 Mem:819.38M (Peak 895.07M) | Time:00:01.92 | Mem:0.00M, Peak:0.00M | Scene, ViewLayer | Synchronizing object | G4_sconce_G3R04_opal_diffuser.007
Fra:451 Mem:819.42M (Peak 895.07M) | Time:00:01.92 | Mem:0.00M, Peak:0.00M | Scene, ViewLayer | Synchronizing object | G4_sconce_G3R04_sconce_cap.014
Fra:451 Mem:819.45M (Peak 895.07M) | Time:00:01.92 | Mem:0.00M, Peak:0.00M | Scene, ViewLayer | Synchronizing object | G4_sconce_G3R04_sconce_cap.015
Fra:451 Mem:819.48M (Peak 895.07M) | Time:00:01.92 | Mem:0.00M, Peak:0.00M | Scene, ViewLayer | Synchronizing object | G4_sconce_G3R04_sconce_cage.014
Fra:451 Mem:819.48M (Peak 895.07M) | Time:00:01.92 | Mem:0.00M, Peak:0.00M | Scene, ViewLayer | Synchronizing object | G4_sconce_G3R04_sconce_cage.015
Fra:451 Mem:819.48M (Peak 895.07M) | Time:00:01.92 | Mem:0.00M, Peak:0.00M | Scene, ViewLayer | Synchronizing object | G4_column_sconce.007
Fra:451 Mem:819.48M (Peak 895.07M) | Time:00:01.92 | Mem:0.00M, Peak:0.00M | Scene, ViewLayer | Synchronizing object | G4_joint_G3_column_anchor_bolt.033
Fra:451 Mem:819.49M (Peak 895.07M) | Time:00:01.92 | Mem:0.00M, Peak:0.00M | Scene, ViewLayer | Synchronizing object | G4_joint_G3_column_anchor_bolt.034
Fra:451 Mem:819.49M (Peak 895.07M) | Time:00:01.92 | Mem:0.00M, Peak:0.00M | Scene, ViewLayer | Synchronizing object | G4_joint_G3_column_anchor_bolt.035
Fra:451 Mem:819.49M (Peak 895.07M) | Time:00:01.92 | Mem:0.00M, Peak:0.00M | Scene, ViewLayer | Synchronizing object | G4_joint_G3_column_cap_plate.008
Fra:451 Mem:819.49M (Peak 895.07M) | Time:00:01.92 | Mem:0.00M, Peak:0.00M | Scene, ViewLayer | Synchronizing object | G4_joint_G3_cap_rivet.016
Fra:451 Mem:819.50M (Peak 895.07M) | Time:00:01.92 | Mem:0.00M, Peak:0.00M | Scene, ViewLayer | Synchronizing object | G4_joint_G3_cap_rivet.017
Fra:451 Mem:819.53M (Peak 895.07M) | Time:00:01.92 | Mem:0.00M, Peak:0.00M | Scene, ViewLayer | Synchronizing object | G4_joint_G3R04_eave_splice_plate.016
Fra:451 Mem:819.55M (Peak 895.07M) | Time:00:01.92 | Mem:0.00M, Peak:0.00M | Scene, ViewLayer | Synchronizing object | G4_joint_G3R04_splice_washer.064
Fra:451 Mem:819.58M (Peak 895.07M) | Time:00:01.92 | Mem:0.00M, Peak:0.00M | Scene, ViewLayer | Synchronizing object | G4_joint_G3R04_splice_hexbolt.064
Fra:451 Mem:819.55M (Peak 895.07M) | Time:00:01.92 | Mem:0.00M, Peak:0.00M | Scene, ViewLayer | Synchronizing object | G4_joint_G3R04_splice_washer.065
Fra:451 Mem:819.55M (Peak 895.07M) | Time:00:01.92 | Mem:0.00M, Peak:0.00M | Scene, ViewLayer | Synchronizing object | G4_joint_G3R04_splice_hexbolt.065
Fra:451 Mem:819.56M (Peak 895.07M) | Time:00:01.92 | Mem:0.00M, Peak:0.00M | Scene, ViewLayer | Synchronizing object | G4_joint_G3R04_splice_washer.066
Fra:451 Mem:819.57M (Peak 895.07M) | Time:00:01.92 | Mem:0.00M, Peak:0.00M | Scene, ViewLayer | Synchronizing object | G4_joint_G3R04_splice_hexbolt.066
Fra:451 Mem:819.57M (Peak 895.07M) | Time:00:01.92 | Mem:0.00M, Peak:0.00M | Scene, ViewLayer | Synchronizing object | G4_joint_G3R04_splice_washer.067
Fra:451 Mem:819.57M (Peak 895.07M) | Time:00:01.92 | Mem:0.00M, Peak:0.00M | Scene, ViewLayer | Synchronizing object | G4_joint_G3R04_splice_hexbolt.067
Fra:451 Mem:819.58M (Peak 895.07M) | Time:00:01.92 | Mem:0.00M, Peak:0.00M | Scene, ViewLayer | Synchronizing object | G4_joint_G3R04_splice_washer.068
Fra:451 Mem:819.58M (Peak 895.07M) | Time:00:01.92 | Mem:0.00M, Peak:0.00M | Scene, ViewLayer | Synchronizing object | G4_joint_G3R04_splice_hexbolt.068
Fra:451 Mem:819.60M (Peak 895.07M) | Time:00:01.92 | Mem:0.00M, Peak:0.00M | Scene, ViewLayer | Synchronizing object | G4_joint_G3R04_splice_washer.069
Fra:451 Mem:819.62M (Peak 895.07M) | Time:00:01.92 | Mem:0.00M, Peak:0.00M | Scene, ViewLayer | Synchronizing object | G4_joint_G3R04_splice_hexbolt.069
Fra:451 Mem:819.64M (Peak 895.07M) | Time:00:01.92 | Mem:0.00M, Peak:0.00M | Scene, ViewLayer | Synchronizing object | G4_joint_G3R04_splice_hexbolt.070
Fra:451 Mem:819.62M (Peak 895.07M) | Time:00:01.92 | Mem:0.00M, Peak:0.00M | Scene, ViewLayer | Synchronizing object | G4_joint_G3R04_splice_washer.071
Fra:451 Mem:819.62M (Peak 895.07M) | Time:00:01.92 | Mem:0.00M, Peak:0.00M | Scene, ViewLayer | Synchronizing object | G4_joint_G3R04_splice_hexbolt.071
Fra:451 Mem:819.63M (Peak 895.07M) | Time:00:01.92 | Mem:0.00M, Peak:0.00M | Scene, ViewLayer | Synchronizing object | G4_sconce_G3R04_sconce_mount.008
Fra:451 Mem:819.64M (Peak 895.07M) | Time:00:01.92 | Mem:0.00M, Peak:0.00M | Scene, ViewLayer | Synchronizing object | G4_sconce_G3R04_sconce_cap.016
Fra:451 Mem:819.69M (Peak 895.07M) | Time:00:01.92 | Mem:0.00M, Peak:0.00M | Scene, ViewLayer | Synchronizing object | G4_sconce_G3R04_sconce_cap.017
Fra:451 Mem:819.77M (Peak 895.07M) | Time:00:01.92 | Mem:0.00M, Peak:0.00M | Scene, ViewLayer | Synchronizing object | G4_sconce_G3R04_sconce_cage.017
Fra:451 Mem:819.74M (Peak 895.07M) | Time:00:01.92 | Mem:0.00M, Peak:0.00M | Scene, ViewLayer | Synchronizing object | G4_column_sconce.008
Fra:451 Mem:819.75M (Peak 895.07M) | Time:00:01.92 | Mem:0.00M, Peak:0.00M | Scene, ViewLayer | Synchronizing object | G4_joint_G3_column_anchor_bolt.036
Fra:451 Mem:819.75M (Peak 895.07M) | Time:00:01.92 | Mem:0.00M, Peak:0.00M | Scene, ViewLayer | Synchronizing object | G4_joint_G3_column_anchor_bolt.037
Fra:451 Mem:819.75M (Peak 895.07M) | Time:00:01.92 | Mem:0.00M, Peak:0.00M | Scene, ViewLayer | Synchronizing object | G4_joint_G3_column_anchor_bolt.038
Fra:451 Mem:819.75M (Peak 895.07M) | Time:00:01.92 | Mem:0.00M, Peak:0.00M | Scene, ViewLayer | Synchronizing object | G4_joint_G3_column_cap_plate.009
Fra:451 Mem:819.76M (Peak 895.07M) | Time:00:01.92 | Mem:0.00M, Peak:0.00M | Scene, ViewLayer | Synchronizing object | G4_joint_G3_cap_rivet.018
Fra:451 Mem:819.79M (Peak 895.07M) | Time:00:01.92 | Mem:0.00M, Peak:0.00M | Scene, ViewLayer | Synchronizing object | G4_joint_G3R04_eave_splice_plate.018
Fra:451 Mem:819.82M (Peak 895.07M) | Time:00:01.92 | Mem:0.00M, Peak:0.00M | Scene, ViewLayer | Synchronizing object | G4_joint_G3R04_splice_washer.072
Fra:451 Mem:819.83M (Peak 895.07M) | Time:00:01.92 | Mem:0.00M, Peak:0.00M | Scene, ViewLayer | Synchronizing object | G4_joint_G3R04_splice_hexbolt.072
Fra:451 Mem:819.83M (Peak 895.07M) | Time:00:01.92 | Mem:0.00M, Peak:0.00M | Scene, ViewLayer | Synchronizing object | G4_joint_G3R04_splice_washer.073
Fra:451 Mem:819.83M (Peak 895.07M) | Time:00:01.92 | Mem:0.00M, Peak:0.00M | Scene, ViewLayer | Synchronizing object | G4_joint_G3R04_splice_hexbolt.073
Fra:451 Mem:819.84M (Peak 895.07M) | Time:00:01.92 | Mem:0.00M, Peak:0.00M | Scene, ViewLayer | Synchronizing object | G4_joint_G3R04_splice_washer.074
Fra:451 Mem:819.84M (Peak 895.07M) | Time:00:01.92 | Mem:0.00M, Peak:0.00M | Scene, ViewLayer | Synchronizing object | G4_joint_G3R04_splice_hexbolt.074
Fra:451 Mem:819.84M (Peak 895.07M) | Time:00:01.92 | Mem:0.00M, Peak:0.00M | Scene, ViewLayer | Synchronizing object | G4_joint_G3R04_splice_washer.075
Fra:451 Mem:819.84M (Peak 895.07M) | Time:00:01.92 | Mem:0.00M, Peak:0.00M | Scene, ViewLayer | Synchronizing object | G4_joint_G3R04_splice_hexbolt.075
Fra:451 Mem:819.85M (Peak 895.07M) | Time:00:01.92 | Mem:0.00M, Peak:0.00M | Scene, ViewLayer | Synchronizing object | G4_joint_G3R04_eave_splice_plate.019
Fra:451 Mem:819.85M (Peak 895.07M) | Time:00:01.92 | Mem:0.00M, Peak:0.00M | Scene, ViewLayer | Synchronizing object | G4_joint_G3R04_splice_washer.076
Fra:451 Mem:819.88M (Peak 895.07M) | Time:00:01.92 | Mem:0.00M, Peak:0.00M | Scene, ViewLayer | Synchronizing object | G4_joint_G3R04_splice_hexbolt.076
Fra:451 Mem:819.89M (Peak 895.07M) | Time:00:01.92 | Mem:0.00M, Peak:0.00M | Scene, ViewLayer | Synchronizing object | G4_joint_G3R04_splice_washer.077
Fra:451 Mem:819.89M (Peak 895.07M) | Time:00:01.92 | Mem:0.00M, Peak:0.00M | Scene, ViewLayer | Synchronizing object | G4_joint_G3R04_splice_hexbolt.077
Fra:451 Mem:819.89M (Peak 895.07M) | Time:00:01.92 | Mem:0.00M, Peak:0.00M | Scene, ViewLayer | Synchronizing object | G4_joint_G3R04_splice_washer.078
Fra:451 Mem:819.90M (Peak 895.07M) | Time:00:01.92 | Mem:0.00M, Peak:0.00M | Scene, ViewLayer | Synchronizing object | G4_joint_G3R04_splice_hexbolt.078
Fra:451 Mem:819.90M (Peak 895.07M) | Time:00:01.92 | Mem:0.00M, Peak:0.00M | Scene, ViewLayer | Synchronizing object | G4_joint_G3R04_splice_washer.079
Fra:451 Mem:819.93M (Peak 895.07M) | Time:00:01.92 | Mem:0.00M, Peak:0.00M | Scene, ViewLayer | Synchronizing object | G4_joint_G3R04_splice_hexbolt.079
Fra:451 Mem:819.91M (Peak 895.07M) | Time:00:01.92 | Mem:0.00M, Peak:0.00M | Scene, ViewLayer | Synchronizing object | G4_sconce_G3R04_sconce_mount.009
Fra:451 Mem:819.91M (Peak 895.07M) | Time:00:01.92 | Mem:0.00M, Peak:0.00M | Scene, ViewLayer | Synchronizing object | G4_sconce_G3R04_opal_diffuser.009
Fra:451 Mem:819.96M (Peak 895.07M) | Time:00:01.92 | Mem:0.00M, Peak:0.00M | Scene, ViewLayer | Synchronizing object | G4_sconce_G3R04_sconce_cap.018
Fra:451 Mem:819.96M (Peak 895.07M) | Time:00:01.92 | Mem:0.00M, Peak:0.00M | Scene, ViewLayer | Synchronizing object | G4_sconce_G3R04_sconce_cap.019
Fra:451 Mem:820.02M (Peak 895.07M) | Time:00:01.92 | Mem:0.00M, Peak:0.00M | Scene, ViewLayer | Synchronizing object | G4_sconce_G3R04_sconce_cage.018
Fra:451 Mem:820.01M (Peak 895.07M) | Time:00:01.92 | Mem:0.00M, Peak:0.00M | Scene, ViewLayer | Synchronizing object | G4_sconce_G3R04_sconce_cage.019
Fra:451 Mem:820.01M (Peak 895.07M) | Time:00:01.92 | Mem:0.00M, Peak:0.00M | Scene, ViewLayer | Synchronizing object | G4_column_sconce.009
Fra:451 Mem:820.02M (Peak 895.07M) | Time:00:01.92 | Mem:0.00M, Peak:0.00M | Scene, ViewLayer | Synchronizing object | G4_joint_G3_column_anchor_bolt.040
Fra:451 Mem:820.02M (Peak 895.07M) | Time:00:01.92 | Mem:0.00M, Peak:0.00M | Scene, ViewLayer | Synchronizing object | G4_joint_G3_column_anchor_bolt.041
Fra:451 Mem:820.02M (Peak 895.07M) | Time:00:01.92 | Mem:0.00M, Peak:0.00M | Scene, ViewLayer | Synchronizing object | G4_joint_G3_column_anchor_bolt.042
Fra:451 Mem:820.02M (Peak 895.07M) | Time:00:01.92 | Mem:0.00M, Peak:0.00M | Scene, ViewLayer | Synchronizing object | G4_joint_G3_column_anchor_bolt.043
Fra:451 Mem:820.02M (Peak 895.07M) | Time:00:01.92 | Mem:0.00M, Peak:0.00M | Scene, ViewLayer | Synchronizing object | G4_joint_G3_column_cap_plate.010
Fra:451 Mem:820.02M (Peak 895.07M) | Time:00:01.92 | Mem:0.00M, Peak:0.00M | Scene, ViewLayer | Synchronizing object | G4_joint_G3_cap_rivet.020
Fra:451 Mem:820.05M (Peak 895.07M) | Time:00:01.92 | Mem:0.00M, Peak:0.00M | Scene, ViewLayer | Synchronizing object | G4_joint_G3_cap_rivet.021
Fra:451 Mem:820.06M (Peak 895.07M) | Time:00:01.92 | Mem:0.00M, Peak:0.00M | Scene, ViewLayer | Synchronizing object | G4_joint_G3R04_eave_splice_plate.020
Fra:451 Mem:820.08M (Peak 895.07M) | Time:00:01.92 | Mem:0.00M, Peak:0.00M | Scene, ViewLayer | Synchronizing object | G4_joint_G3R04_splice_washer.080
Fra:451 Mem:820.09M (Peak 895.07M) | Time:00:01.92 | Mem:0.00M, Peak:0.00M | Scene, ViewLayer | Synchronizing object | G4_joint_G3R04_splice_hexbolt.080
Fra:451 Mem:820.11M (Peak 895.07M) | Time:00:01.92 | Mem:0.00M, Peak:0.00M | Scene, ViewLayer | Synchronizing object | G4_joint_G3R04_splice_washer.081
Fra:451 Mem:820.09M (Peak 895.07M) | Time:00:01.92 | Mem:0.00M, Peak:0.00M | Scene, ViewLayer | Synchronizing object | G4_joint_G3R04_splice_hexbolt.081
Fra:451 Mem:820.09M (Peak 895.07M) | Time:00:01.92 | Mem:0.00M, Peak:0.00M | Scene, ViewLayer | Synchronizing object | G4_joint_G3R04_splice_hexbolt.082
Fra:451 Mem:820.09M (Peak 895.07M) | Time:00:01.92 | Mem:0.00M, Peak:0.00M | Scene, ViewLayer | Synchronizing object | G4_joint_G3R04_splice_washer.083
Fra:451 Mem:820.09M (Peak 895.07M) | Time:00:01.92 | Mem:0.00M, Peak:0.00M | Scene, ViewLayer | Synchronizing object | G4_joint_G3R04_splice_hexbolt.083
Fra:451 Mem:820.10M (Peak 895.07M) | Time:00:01.92 | Mem:0.00M, Peak:0.00M | Scene, ViewLayer | Synchronizing object | G4_joint_G3R04_eave_splice_plate.021
Fra:451 Mem:820.10M (Peak 895.07M) | Time:00:01.92 | Mem:0.00M, Peak:0.00M | Scene, ViewLayer | Synchronizing object | G4_joint_G3R04_splice_washer.084
Fra:451 Mem:820.12M (Peak 895.07M) | Time:00:01.92 | Mem:0.00M, Peak:0.00M | Scene, ViewLayer | Synchronizing object | G4_joint_G3R04_splice_hexbolt.084
Fra:451 Mem:820.14M (Peak 895.07M) | Time:00:01.92 | Mem:0.00M, Peak:0.00M | Scene, ViewLayer | Synchronizing object | G4_joint_G3R04_splice_washer.085
Fra:451 Mem:820.14M (Peak 895.07M) | Time:00:01.92 | Mem:0.00M, Peak:0.00M | Scene, ViewLayer | Synchronizing object | G4_joint_G3R04_splice_hexbolt.085
Fra:451 Mem:820.15M (Peak 895.07M) | Time:00:01.92 | Mem:0.00M, Peak:0.00M | Scene, ViewLayer | Synchronizing object | G4_joint_G3R04_splice_washer.086
Fra:451 Mem:820.15M (Peak 895.07M) | Time:00:01.92 | Mem:0.00M, Peak:0.00M | Scene, ViewLayer | Synchronizing object | G4_joint_G3R04_splice_hexbolt.086
Fra:451 Mem:820.15M (Peak 895.07M) | Time:00:01.92 | Mem:0.00M, Peak:0.00M | Scene, ViewLayer | Synchronizing object | G4_joint_G3R04_splice_washer.087
Fra:451 Mem:820.16M (Peak 895.07M) | Time:00:01.92 | Mem:0.00M, Peak:0.00M | Scene, ViewLayer | Synchronizing object | G4_joint_G3R04_splice_hexbolt.087
Fra:451 Mem:820.18M (Peak 895.07M) | Time:00:01.92 | Mem:0.00M, Peak:0.00M | Scene, ViewLayer | Synchronizing object | G4_sconce_G3R04_sconce_mount.010
Fra:451 Mem:820.16M (Peak 895.07M) | Time:00:01.92 | Mem:0.00M, Peak:0.00M | Scene, ViewLayer | Synchronizing object | G4_sconce_G3R04_opal_diffuser.010
Fra:451 Mem:820.23M (Peak 895.07M) | Time:00:01.92 | Mem:0.00M, Peak:0.00M | Scene, ViewLayer | Synchronizing object | G4_sconce_G3R04_sconce_cap.020
Fra:451 Mem:820.24M (Peak 895.07M) | Time:00:01.92 | Mem:0.00M, Peak:0.00M | Scene, ViewLayer | Synchronizing object | G4_sconce_G3R04_sconce_cap.021
Fra:451 Mem:820.27M (Peak 895.07M) | Time:00:01.92 | Mem:0.00M, Peak:0.00M | Scene, ViewLayer | Synchronizing object | G4_sconce_G3R04_sconce_cage.020
Fra:451 Mem:820.28M (Peak 895.07M) | Time:00:01.92 | Mem:0.00M, Peak:0.00M | Scene, ViewLayer | Synchronizing object | G4_sconce_G3R04_sconce_cage.021
Fra:451 Mem:820.29M (Peak 895.07M) | Time:00:01.92 | Mem:0.00M, Peak:0.00M | Scene, ViewLayer | Synchronizing object | G4_column_sconce.010
Fra:451 Mem:820.27M (Peak 895.07M) | Time:00:01.92 | Mem:0.00M, Peak:0.00M | Scene, ViewLayer | Synchronizing object | G4_joint_G3_column_anchor_bolt.044
Fra:451 Mem:820.27M (Peak 895.07M) | Time:00:01.92 | Mem:0.00M, Peak:0.00M | Scene, ViewLayer | Synchronizing object | G4_joint_G3_column_anchor_bolt.045
Fra:451 Mem:820.27M (Peak 895.07M) | Time:00:01.92 | Mem:0.00M, Peak:0.00M | Scene, ViewLayer | Synchronizing object | G4_joint_G3_column_anchor_bolt.046
Fra:451 Mem:820.27M (Peak 895.07M) | Time:00:01.92 | Mem:0.00M, Peak:0.00M | Scene, ViewLayer | Synchronizing object | G4_joint_G3_column_anchor_bolt.047
Fra:451 Mem:820.27M (Peak 895.07M) | Time:00:01.92 | Mem:0.00M, Peak:0.00M | Scene, ViewLayer | Synchronizing object | G4_joint_G3_column_cap_plate.011
Fra:451 Mem:820.27M (Peak 895.07M) | Time:00:01.92 | Mem:0.00M, Peak:0.00M | Scene, ViewLayer | Synchronizing object | G4_joint_G3_cap_rivet.022
Fra:451 Mem:820.30M (Peak 895.07M) | Time:00:01.92 | Mem:0.00M, Peak:0.00M | Scene, ViewLayer | Synchronizing object | G4_joint_G3_cap_rivet.023
Fra:451 Mem:820.31M (Peak 895.07M) | Time:00:01.92 | Mem:0.00M, Peak:0.00M | Scene, ViewLayer | Synchronizing object | G4_joint_G3R04_eave_splice_plate.022
Fra:451 Mem:820.33M (Peak 895.07M) | Time:00:01.92 | Mem:0.00M, Peak:0.00M | Scene, ViewLayer | Synchronizing object | G4_joint_G3R04_splice_washer.088
Fra:451 Mem:820.34M (Peak 895.07M) | Time:00:01.92 | Mem:0.00M, Peak:0.00M | Scene, ViewLayer | Synchronizing object | G4_joint_G3R04_splice_hexbolt.088
Fra:451 Mem:820.36M (Peak 895.07M) | Time:00:01.92 | Mem:0.00M, Peak:0.00M | Scene, ViewLayer | Synchronizing object | G4_joint_G3R04_splice_washer.089
Fra:451 Mem:820.34M (Peak 895.07M) | Time:00:01.92 | Mem:0.00M, Peak:0.00M | Scene, ViewLayer | Synchronizing object | G4_joint_G3R04_splice_hexbolt.089
Fra:451 Mem:820.34M (Peak 895.07M) | Time:00:01.92 | Mem:0.00M, Peak:0.00M | Scene, ViewLayer | Synchronizing object | G4_joint_G3R04_splice_washer.090
Fra:451 Mem:820.35M (Peak 895.07M) | Time:00:01.92 | Mem:0.00M, Peak:0.00M | Scene, ViewLayer | Synchronizing object | G4_joint_G3R04_splice_hexbolt.090
Fra:451 Mem:820.35M (Peak 895.07M) | Time:00:01.92 | Mem:0.00M, Peak:0.00M | Scene, ViewLayer | Synchronizing object | G4_joint_G3R04_splice_washer.091
Fra:451 Mem:820.36M (Peak 895.07M) | Time:00:01.92 | Mem:0.00M, Peak:0.00M | Scene, ViewLayer | Synchronizing object | G4_joint_G3R04_splice_hexbolt.091
Fra:451 Mem:820.36M (Peak 895.07M) | Time:00:01.92 | Mem:0.00M, Peak:0.00M | Scene, ViewLayer | Synchronizing object | G4_joint_G3R04_eave_splice_plate.023
Fra:451 Mem:820.36M (Peak 895.07M) | Time:00:01.92 | Mem:0.00M, Peak:0.00M | Scene, ViewLayer | Synchronizing object | G4_joint_G3R04_splice_washer.092
Fra:451 Mem:820.39M (Peak 895.07M) | Time:00:01.92 | Mem:0.00M, Peak:0.00M | Scene, ViewLayer | Synchronizing object | G4_joint_G3R04_splice_hexbolt.092
Fra:451 Mem:820.38M (Peak 895.07M) | Time:00:01.92 | Mem:0.00M, Peak:0.00M | Scene, ViewLayer | Synchronizing object | G4_joint_G3R04_splice_washer.093
Fra:451 Mem:820.40M (Peak 895.07M) | Time:00:01.92 | Mem:0.00M, Peak:0.00M | Scene, ViewLayer | Synchronizing object | G4_joint_G3R04_splice_hexbolt.093
Fra:451 Mem:820.40M (Peak 895.07M) | Time:00:01.92 | Mem:0.00M, Peak:0.00M | Scene, ViewLayer | Synchronizing object | G4_joint_G3R04_splice_washer.094
Fra:451 Mem:820.41M (Peak 895.07M) | Time:00:01.92 | Mem:0.00M, Peak:0.00M | Scene, ViewLayer | Synchronizing object | G4_joint_G3R04_splice_hexbolt.094
Fra:451 Mem:820.42M (Peak 895.07M) | Time:00:01.92 | Mem:0.00M, Peak:0.00M | Scene, ViewLayer | Synchronizing object | G4_joint_G3R04_splice_washer.095
Fra:451 Mem:820.41M (Peak 895.07M) | Time:00:01.92 | Mem:0.00M, Peak:0.00M | Scene, ViewLayer | Synchronizing object | G4_joint_G3R04_splice_hexbolt.095
Fra:451 Mem:820.41M (Peak 895.07M) | Time:00:01.92 | Mem:0.00M, Peak:0.00M | Scene, ViewLayer | Synchronizing object | G4_sconce_G3R04_opal_diffuser.011
Fra:451 Mem:820.44M (Peak 895.07M) | Time:00:01.92 | Mem:0.00M, Peak:0.00M | Scene, ViewLayer | Synchronizing object | G4_sconce_G3R04_sconce_cap.022
Fra:451 Mem:820.47M (Peak 895.07M) | Time:00:01.92 | Mem:0.00M, Peak:0.00M | Scene, ViewLayer | Synchronizing object | G4_sconce_G3R04_sconce_cap.023
Fra:451 Mem:820.50M (Peak 895.07M) | Time:00:01.92 | Mem:0.00M, Peak:0.00M | Scene, ViewLayer | Synchronizing object | G4_sconce_G3R04_sconce_cage.022
Fra:451 Mem:820.50M (Peak 895.07M) | Time:00:01.92 | Mem:0.00M, Peak:0.00M | Scene, ViewLayer | Synchronizing object | G4_sconce_G3R04_sconce_cage.023
Fra:451 Mem:820.52M (Peak 895.07M) | Time:00:01.92 | Mem:0.00M, Peak:0.00M | Scene, ViewLayer | Synchronizing object | G4_column_sconce.011
Fra:451 Mem:820.51M (Peak 895.07M) | Time:00:01.92 | Mem:0.00M, Peak:0.00M | Scene, ViewLayer | Synchronizing object | G4_joint_G3_column_anchor_bolt.048
Fra:451 Mem:820.50M (Peak 895.07M) | Time:00:01.92 | Mem:0.00M, Peak:0.00M | Scene, ViewLayer | Synchronizing object | G4_joint_G3_column_anchor_bolt.049
Fra:451 Mem:820.50M (Peak 895.07M) | Time:00:01.92 | Mem:0.00M, Peak:0.00M | Scene, ViewLayer | Synchronizing object | G4_joint_G3_column_anchor_bolt.050
Fra:451 Mem:820.50M (Peak 895.07M) | Time:00:01.92 | Mem:0.00M, Peak:0.00M | Scene, ViewLayer | Synchronizing object | G4_joint_G3_column_anchor_bolt.051
Fra:451 Mem:820.50M (Peak 895.07M) | Time:00:01.92 | Mem:0.00M, Peak:0.00M | Scene, ViewLayer | Synchronizing object | G4_joint_G3_column_cap_plate.012
Fra:451 Mem:820.51M (Peak 895.07M) | Time:00:01.92 | Mem:0.00M, Peak:0.00M | Scene, ViewLayer | Synchronizing object | G4_joint_G3_cap_rivet.024
Fra:451 Mem:820.52M (Peak 895.07M) | Time:00:01.92 | Mem:0.00M, Peak:0.00M | Scene, ViewLayer | Synchronizing object | G4_joint_G3_cap_rivet.025
Fra:451 Mem:820.54M (Peak 895.07M) | Time:00:01.92 | Mem:0.00M, Peak:0.00M | Scene, ViewLayer | Synchronizing object | G4_joint_G3R04_eave_splice_plate.024
Fra:451 Mem:820.58M (Peak 895.07M) | Time:00:01.92 | Mem:0.00M, Peak:0.00M | Scene, ViewLayer | Synchronizing object | G4_joint_G3R04_splice_washer.096
Fra:451 Mem:820.57M (Peak 895.07M) | Time:00:01.92 | Mem:0.00M, Peak:0.00M | Scene, ViewLayer | Synchronizing object | G4_joint_G3R04_splice_hexbolt.096
Fra:451 Mem:820.57M (Peak 895.07M) | Time:00:01.92 | Mem:0.00M, Peak:0.00M | Scene, ViewLayer | Synchronizing object | G4_joint_G3R04_splice_washer.097
Fra:451 Mem:820.57M (Peak 895.07M) | Time:00:01.92 | Mem:0.00M, Peak:0.00M | Scene, ViewLayer | Synchronizing object | G4_joint_G3R04_splice_hexbolt.097
Fra:451 Mem:820.60M (Peak 895.07M) | Time:00:01.92 | Mem:0.00M, Peak:0.00M | Scene, ViewLayer | Synchronizing object | G4_joint_G3R04_splice_washer.098
Fra:451 Mem:820.59M (Peak 895.07M) | Time:00:01.92 | Mem:0.00M, Peak:0.00M | Scene, ViewLayer | Synchronizing object | G4_joint_G3R04_splice_hexbolt.098
Fra:451 Mem:820.61M (Peak 895.07M) | Time:00:01.92 | Mem:0.00M, Peak:0.00M | Scene, ViewLayer | Synchronizing object | G4_joint_G3R04_splice_washer.099
Fra:451 Mem:820.61M (Peak 895.07M) | Time:00:01.92 | Mem:0.00M, Peak:0.00M | Scene, ViewLayer | Synchronizing object | G4_joint_G3R04_splice_hexbolt.099
Fra:451 Mem:820.61M (Peak 895.07M) | Time:00:01.92 | Mem:0.00M, Peak:0.00M | Scene, ViewLayer | Synchronizing object | G4_joint_G3R04_eave_splice_plate.025
Fra:451 Mem:820.64M (Peak 895.07M) | Time:00:01.92 | Mem:0.00M, Peak:0.00M | Scene, ViewLayer | Synchronizing object | G4_joint_G3R04_splice_washer.100
Fra:451 Mem:820.64M (Peak 895.07M) | Time:00:01.92 | Mem:0.00M, Peak:0.00M | Scene, ViewLayer | Synchronizing object | G4_joint_G3R04_splice_hexbolt.100
Fra:451 Mem:820.65M (Peak 895.07M) | Time:00:01.92 | Mem:0.00M, Peak:0.00M | Scene, ViewLayer | Synchronizing object | G4_joint_G3R04_splice_washer.101
Fra:451 Mem:820.65M (Peak 895.07M) | Time:00:01.92 | Mem:0.00M, Peak:0.00M | Scene, ViewLayer | Synchronizing object | G4_joint_G3R04_splice_hexbolt.101
Fra:451 Mem:820.65M (Peak 895.07M) | Time:00:01.92 | Mem:0.00M, Peak:0.00M | Scene, ViewLayer | Synchronizing object | G4_joint_G3R04_splice_washer.102
Fra:451 Mem:820.67M (Peak 895.07M) | Time:00:01.92 | Mem:0.00M, Peak:0.00M | Scene, ViewLayer | Synchronizing object | G4_joint_G3R04_splice_hexbolt.102
Fra:451 Mem:820.66M (Peak 895.07M) | Time:00:01.93 | Mem:0.00M, Peak:0.00M | Scene, ViewLayer | Synchronizing object | G4_joint_G3R04_splice_washer.103
Fra:451 Mem:820.66M (Peak 895.07M) | Time:00:01.93 | Mem:0.00M, Peak:0.00M | Scene, ViewLayer | Synchronizing object | G4_joint_G3R04_splice_hexbolt.103
Fra:451 Mem:820.66M (Peak 895.07M) | Time:00:01.93 | Mem:0.00M, Peak:0.00M | Scene, ViewLayer | Synchronizing object | G4_sconce_G3R04_sconce_mount.012
Fra:451 Mem:820.67M (Peak 895.07M) | Time:00:01.93 | Mem:0.00M, Peak:0.00M | Scene, ViewLayer | Synchronizing object | G4_sconce_G3R04_opal_diffuser.012
Fra:451 Mem:820.72M (Peak 895.07M) | Time:00:01.93 | Mem:0.00M, Peak:0.00M | Scene, ViewLayer | Synchronizing object | G4_sconce_G3R04_sconce_cap.024
Fra:451 Mem:820.72M (Peak 895.07M) | Time:00:01.93 | Mem:0.00M, Peak:0.00M | Scene, ViewLayer | Synchronizing object | G4_sconce_G3R04_sconce_cap.025
Fra:451 Mem:820.72M (Peak 895.07M) | Time:00:01.93 | Mem:0.00M, Peak:0.00M | Scene, ViewLayer | Synchronizing object | G4_sconce_G3R04_sconce_cage.024
Fra:451 Mem:820.75M (Peak 895.07M) | Time:00:01.93 | Mem:0.00M, Peak:0.00M | Scene, ViewLayer | Synchronizing object | G4_sconce_G3R04_sconce_cage.025
Fra:451 Mem:820.77M (Peak 895.07M) | Time:00:01.93 | Mem:0.00M, Peak:0.00M | Scene, ViewLayer | Synchronizing object | G4_column_sconce.012
Fra:451 Mem:820.75M (Peak 895.07M) | Time:00:01.93 | Mem:0.00M, Peak:0.00M | Scene, ViewLayer | Synchronizing object | G4_joint_G3_column_anchor_bolt.052
Fra:451 Mem:820.76M (Peak 895.07M) | Time:00:01.93 | Mem:0.00M, Peak:0.00M | Scene, ViewLayer | Synchronizing object | G4_joint_G3_column_anchor_bolt.053
Fra:451 Mem:820.76M (Peak 895.07M) | Time:00:01.93 | Mem:0.00M, Peak:0.00M | Scene, ViewLayer | Synchronizing object | G4_joint_G3_column_anchor_bolt.054
Fra:451 Mem:820.76M (Peak 895.07M) | Time:00:01.93 | Mem:0.00M, Peak:0.00M | Scene, ViewLayer | Synchronizing object | G4_joint_G3_column_anchor_bolt.055
Fra:451 Mem:820.76M (Peak 895.07M) | Time:00:01.93 | Mem:0.00M, Peak:0.00M | Scene, ViewLayer | Synchronizing object | G4_joint_G3_column_cap_plate.013
Fra:451 Mem:820.79M (Peak 895.07M) | Time:00:01.93 | Mem:0.00M, Peak:0.00M | Scene, ViewLayer | Synchronizing object | G4_joint_G3_cap_rivet.026
Fra:451 Mem:820.81M (Peak 895.07M) | Time:00:01.93 | Mem:0.00M, Peak:0.00M | Scene, ViewLayer | Synchronizing object | G4_joint_G3_cap_rivet.027
Fra:451 Mem:820.79M (Peak 895.07M) | Time:00:01.93 | Mem:0.00M, Peak:0.00M | Scene, ViewLayer | Synchronizing object | G4_joint_G3R04_eave_splice_plate.026
Fra:451 Mem:820.82M (Peak 895.07M) | Time:00:01.93 | Mem:0.00M, Peak:0.00M | Scene, ViewLayer | Synchronizing object | G4_joint_G3R04_splice_washer.104
Fra:451 Mem:820.83M (Peak 895.07M) | Time:00:01.93 | Mem:0.00M, Peak:0.00M | Scene, ViewLayer | Synchronizing object | G4_joint_G3R04_splice_hexbolt.104
Fra:451 Mem:820.84M (Peak 895.07M) | Time:00:01.93 | Mem:0.00M, Peak:0.00M | Scene, ViewLayer | Synchronizing object | G4_joint_G3R04_splice_washer.105
Fra:451 Mem:820.83M (Peak 895.07M) | Time:00:01.93 | Mem:0.00M, Peak:0.00M | Scene, ViewLayer | Synchronizing object | G4_joint_G3R04_splice_hexbolt.105
Fra:451 Mem:820.83M (Peak 895.07M) | Time:00:01.93 | Mem:0.00M, Peak:0.00M | Scene, ViewLayer | Synchronizing object | G4_joint_G3R04_splice_washer.106
Fra:451 Mem:820.84M (Peak 895.07M) | Time:00:01.93 | Mem:0.00M, Peak:0.00M | Scene, ViewLayer | Synchronizing object | G4_joint_G3R04_splice_hexbolt.106
Fra:451 Mem:820.84M (Peak 895.07M) | Time:00:01.93 | Mem:0.00M, Peak:0.00M | Scene, ViewLayer | Synchronizing object | G4_joint_G3R04_splice_washer.107
Fra:451 Mem:820.84M (Peak 895.07M) | Time:00:01.93 | Mem:0.00M, Peak:0.00M | Scene, ViewLayer | Synchronizing object | G4_joint_G3R04_splice_hexbolt.107
Fra:451 Mem:820.84M (Peak 895.07M) | Time:00:01.93 | Mem:0.00M, Peak:0.00M | Scene, ViewLayer | Synchronizing object | G4_joint_G3R04_eave_splice_plate.027
Fra:451 Mem:820.85M (Peak 895.07M) | Time:00:01.93 | Mem:0.00M, Peak:0.00M | Scene, ViewLayer | Synchronizing object | G4_joint_G3R04_splice_washer.108
Fra:451 Mem:820.88M (Peak 895.07M) | Time:00:01.93 | Mem:0.00M, Peak:0.00M | Scene, ViewLayer | Synchronizing object | G4_joint_G3R04_splice_hexbolt.108
Fra:451 Mem:820.89M (Peak 895.07M) | Time:00:01.93 | Mem:0.00M, Peak:0.00M | Scene, ViewLayer | Synchronizing object | G4_joint_G3R04_splice_washer.109
Fra:451 Mem:820.89M (Peak 895.07M) | Time:00:01.93 | Mem:0.00M, Peak:0.00M | Scene, ViewLayer | Synchronizing object | G4_joint_G3R04_splice_hexbolt.109
Fra:451 Mem:820.89M (Peak 895.07M) | Time:00:01.93 | Mem:0.00M, Peak:0.00M | Scene, ViewLayer | Synchronizing object | G4_joint_G3R04_splice_washer.110
Fra:451 Mem:820.89M (Peak 895.07M) | Time:00:01.93 | Mem:0.00M, Peak:0.00M | Scene, ViewLayer | Synchronizing object | G4_joint_G3R04_splice_hexbolt.110
Fra:451 Mem:820.91M (Peak 895.07M) | Time:00:01.93 | Mem:0.00M, Peak:0.00M | Scene, ViewLayer | Synchronizing object | G4_joint_G3R04_splice_washer.111
Fra:451 Mem:820.90M (Peak 895.07M) | Time:00:01.93 | Mem:0.00M, Peak:0.00M | Scene, ViewLayer | Synchronizing object | G4_joint_G3R04_splice_hexbolt.111
Fra:451 Mem:820.90M (Peak 895.07M) | Time:00:01.93 | Mem:0.00M, Peak:0.00M | Scene, ViewLayer | Synchronizing object | G4_sconce_G3R04_opal_diffuser.013
Fra:451 Mem:820.97M (Peak 895.07M) | Time:00:01.93 | Mem:0.00M, Peak:0.00M | Scene, ViewLayer | Synchronizing object | G4_sconce_G3R04_sconce_cap.026
Fra:451 Mem:820.96M (Peak 895.07M) | Time:00:01.93 | Mem:0.00M, Peak:0.00M | Scene, ViewLayer | Synchronizing object | G4_sconce_G3R04_sconce_cap.027
Fra:451 Mem:821.01M (Peak 895.07M) | Time:00:01.93 | Mem:0.00M, Peak:0.00M | Scene, ViewLayer | Synchronizing object | G4_sconce_G3R04_sconce_cage.026
Fra:451 Mem:821.03M (Peak 895.07M) | Time:00:01.93 | Mem:0.00M, Peak:0.00M | Scene, ViewLayer | Synchronizing object | G4_sconce_G3R04_sconce_cage.027
Fra:451 Mem:821.05M (Peak 895.07M) | Time:00:01.93 | Mem:0.00M, Peak:0.00M | Scene, ViewLayer | Synchronizing object | G4_column_sconce.013
Fra:451 Mem:821.03M (Peak 895.07M) | Time:00:01.93 | Mem:0.00M, Peak:0.00M | Scene, ViewLayer | Synchronizing object | G4_joint_G3_column_anchor_bolt.056
Fra:451 Mem:821.04M (Peak 895.07M) | Time:00:01.93 | Mem:0.00M, Peak:0.00M | Scene, ViewLayer | Synchronizing object | G4_joint_G3_column_anchor_bolt.057
Fra:451 Mem:821.04M (Peak 895.07M) | Time:00:01.93 | Mem:0.00M, Peak:0.00M | Scene, ViewLayer | Synchronizing object | G4_joint_G3_column_anchor_bolt.058
Fra:451 Mem:821.04M (Peak 895.07M) | Time:00:01.93 | Mem:0.00M, Peak:0.00M | Scene, ViewLayer | Synchronizing object | G4_joint_G3_column_anchor_bolt.059
Fra:451 Mem:821.06M (Peak 895.07M) | Time:00:01.93 | Mem:0.00M, Peak:0.00M | Scene, ViewLayer | Synchronizing object | G4_joint_G3_column_cap_plate.014
Fra:451 Mem:821.05M (Peak 895.07M) | Time:00:01.93 | Mem:0.00M, Peak:0.00M | Scene, ViewLayer | Synchronizing object | G4_joint_G3_cap_rivet.028
Fra:451 Mem:821.08M (Peak 895.07M) | Time:00:01.93 | Mem:0.00M, Peak:0.00M | Scene, ViewLayer | Synchronizing object | G4_joint_G3_cap_rivet.029
Fra:451 Mem:821.06M (Peak 895.07M) | Time:00:01.93 | Mem:0.00M, Peak:0.00M | Scene, ViewLayer | Synchronizing object | G4_joint_G3R04_eave_splice_plate.028
Fra:451 Mem:821.10M (Peak 895.07M) | Time:00:01.93 | Mem:0.00M, Peak:0.00M | Scene, ViewLayer | Synchronizing object | G4_joint_G3R04_splice_washer.112
Fra:451 Mem:821.12M (Peak 895.07M) | Time:00:01.93 | Mem:0.00M, Peak:0.00M | Scene, ViewLayer | Synchronizing object | G4_joint_G3R04_splice_hexbolt.112
Fra:451 Mem:821.11M (Peak 895.07M) | Time:00:01.93 | Mem:0.00M, Peak:0.00M | Scene, ViewLayer | Synchronizing object | G4_joint_G3R04_splice_washer.113
Fra:451 Mem:821.10M (Peak 895.07M) | Time:00:01.93 | Mem:0.00M, Peak:0.00M | Scene, ViewLayer | Synchronizing object | G4_joint_G3R04_splice_hexbolt.113
Fra:451 Mem:821.11M (Peak 895.07M) | Time:00:01.93 | Mem:0.00M, Peak:0.00M | Scene, ViewLayer | Synchronizing object | G4_joint_G3R04_splice_washer.114
Fra:451 Mem:821.11M (Peak 895.07M) | Time:00:01.93 | Mem:0.00M, Peak:0.00M | Scene, ViewLayer | Synchronizing object | G4_joint_G3R04_splice_hexbolt.114
Fra:451 Mem:821.12M (Peak 895.07M) | Time:00:01.93 | Mem:0.00M, Peak:0.00M | Scene, ViewLayer | Synchronizing object | G4_joint_G3R04_splice_washer.115
Fra:451 Mem:821.12M (Peak 895.07M) | Time:00:01.93 | Mem:0.00M, Peak:0.00M | Scene, ViewLayer | Synchronizing object | G4_joint_G3R04_splice_hexbolt.115
Fra:451 Mem:821.13M (Peak 895.07M) | Time:00:01.93 | Mem:0.00M, Peak:0.00M | Scene, ViewLayer | Synchronizing object | G4_joint_G3R04_eave_splice_plate.029
Fra:451 Mem:821.13M (Peak 895.07M) | Time:00:01.93 | Mem:0.00M, Peak:0.00M | Scene, ViewLayer | Synchronizing object | G4_joint_G3R04_splice_washer.116
Fra:451 Mem:821.14M (Peak 895.07M) | Time:00:01.93 | Mem:0.00M, Peak:0.00M | Scene, ViewLayer | Synchronizing object | G4_joint_G3R04_splice_hexbolt.116
Fra:451 Mem:821.17M (Peak 895.07M) | Time:00:01.93 | Mem:0.00M, Peak:0.00M | Scene, ViewLayer | Synchronizing object | G4_joint_G3R04_splice_washer.117
Fra:451 Mem:821.17M (Peak 895.07M) | Time:00:01.93 | Mem:0.00M, Peak:0.00M | Scene, ViewLayer | Synchronizing object | G4_joint_G3R04_splice_hexbolt.117
Fra:451 Mem:821.17M (Peak 895.07M) | Time:00:01.93 | Mem:0.00M, Peak:0.00M | Scene, ViewLayer | Synchronizing object | G4_joint_G3R04_splice_washer.118
Fra:451 Mem:821.19M (Peak 895.07M) | Time:00:01.93 | Mem:0.00M, Peak:0.00M | Scene, ViewLayer | Synchronizing object | G4_joint_G3R04_splice_hexbolt.118
Fra:451 Mem:821.17M (Peak 895.07M) | Time:00:01.93 | Mem:0.00M, Peak:0.00M | Scene, ViewLayer | Synchronizing object | G4_joint_G3R04_splice_washer.119
Fra:451 Mem:821.17M (Peak 895.07M) | Time:00:01.93 | Mem:0.00M, Peak:0.00M | Scene, ViewLayer | Synchronizing object | G4_joint_G3R04_splice_hexbolt.119
Fra:451 Mem:821.18M (Peak 895.07M) | Time:00:01.93 | Mem:0.00M, Peak:0.00M | Scene, ViewLayer | Synchronizing object | G4_sconce_G3R04_sconce_mount.014
Fra:451 Mem:821.19M (Peak 895.07M) | Time:00:01.93 | Mem:0.00M, Peak:0.00M | Scene, ViewLayer | Synchronizing object | G4_sconce_G3R04_opal_diffuser.014
Fra:451 Mem:821.24M (Peak 895.07M) | Time:00:01.93 | Mem:0.00M, Peak:0.00M | Scene, ViewLayer | Synchronizing object | G4_sconce_G3R04_sconce_cap.028
Fra:451 Mem:821.24M (Peak 895.07M) | Time:00:01.93 | Mem:0.00M, Peak:0.00M | Scene, ViewLayer | Synchronizing object | G4_sconce_G3R04_sconce_cap.029
Fra:451 Mem:821.29M (Peak 895.07M) | Time:00:01.93 | Mem:0.00M, Peak:0.00M | Scene, ViewLayer | Synchronizing object | G4_sconce_G3R04_sconce_cage.028
Fra:451 Mem:821.29M (Peak 895.07M) | Time:00:01.93 | Mem:0.00M, Peak:0.00M | Scene, ViewLayer | Synchronizing object | G4_sconce_G3R04_sconce_cage.029
Fra:451 Mem:821.29M (Peak 895.07M) | Time:00:01.93 | Mem:0.00M, Peak:0.00M | Scene, ViewLayer | Synchronizing object | G4_column_sconce.014
Fra:451 Mem:821.29M (Peak 895.07M) | Time:00:01.93 | Mem:0.00M, Peak:0.00M | Scene, ViewLayer | Synchronizing object | G4_joint_G3_column_anchor_bolt.061
Fra:451 Mem:821.30M (Peak 895.07M) | Time:00:01.93 | Mem:0.00M, Peak:0.00M | Scene, ViewLayer | Synchronizing object | G4_joint_G3_column_anchor_bolt.062
Fra:451 Mem:821.30M (Peak 895.07M) | Time:00:01.93 | Mem:0.00M, Peak:0.00M | Scene, ViewLayer | Synchronizing object | G4_joint_G3_column_anchor_bolt.063
Fra:451 Mem:821.30M (Peak 895.07M) | Time:00:01.93 | Mem:0.00M, Peak:0.00M | Scene, ViewLayer | Synchronizing object | G4_joint_G3_column_cap_plate.015
Fra:451 Mem:821.30M (Peak 895.07M) | Time:00:01.93 | Mem:0.00M, Peak:0.00M | Scene, ViewLayer | Synchronizing object | G4_joint_G3_cap_rivet.030
Fra:451 Mem:821.31M (Peak 895.07M) | Time:00:01.93 | Mem:0.00M, Peak:0.00M | Scene, ViewLayer | Synchronizing object | G4_joint_G3_cap_rivet.031
Fra:451 Mem:821.34M (Peak 895.07M) | Time:00:01.93 | Mem:0.00M, Peak:0.00M | Scene, ViewLayer | Synchronizing object | G4_joint_G3R04_eave_splice_plate.030
Fra:451 Mem:821.36M (Peak 895.07M) | Time:00:01.93 | Mem:0.00M, Peak:0.00M | Scene, ViewLayer | Synchronizing object | G4_joint_G3R04_splice_washer.120
Fra:451 Mem:821.38M (Peak 895.07M) | Time:00:01.93 | Mem:0.00M, Peak:0.00M | Scene, ViewLayer | Synchronizing object | G4_joint_G3R04_splice_hexbolt.120
Fra:451 Mem:821.37M (Peak 895.07M) | Time:00:01.93 | Mem:0.00M, Peak:0.00M | Scene, ViewLayer | Synchronizing object | G4_joint_G3R04_splice_washer.121
Fra:451 Mem:821.37M (Peak 895.07M) | Time:00:01.93 | Mem:0.00M, Peak:0.00M | Scene, ViewLayer | Synchronizing object | G4_joint_G3R04_splice_hexbolt.121
Fra:451 Mem:821.37M (Peak 895.07M) | Time:00:01.93 | Mem:0.00M, Peak:0.00M | Scene, ViewLayer | Synchronizing object | G4_joint_G3R04_splice_washer.122
Fra:451 Mem:821.38M (Peak 895.07M) | Time:00:01.93 | Mem:0.00M, Peak:0.00M | Scene, ViewLayer | Synchronizing object | G4_joint_G3R04_splice_hexbolt.122
Fra:451 Mem:821.38M (Peak 895.07M) | Time:00:01.93 | Mem:0.00M, Peak:0.00M | Scene, ViewLayer | Synchronizing object | G4_joint_G3R04_splice_washer.123
Fra:451 Mem:821.38M (Peak 895.07M) | Time:00:01.93 | Mem:0.00M, Peak:0.00M | Scene, ViewLayer | Synchronizing object | G4_joint_G3R04_splice_hexbolt.123
Fra:451 Mem:821.38M (Peak 895.07M) | Time:00:01.93 | Mem:0.00M, Peak:0.00M | Scene, ViewLayer | Synchronizing object | G4_joint_G3R04_eave_splice_plate.031
Fra:451 Mem:821.38M (Peak 895.07M) | Time:00:01.93 | Mem:0.00M, Peak:0.00M | Scene, ViewLayer | Synchronizing object | G4_joint_G3R04_splice_washer.124
Fra:451 Mem:821.42M (Peak 895.07M) | Time:00:01.93 | Mem:0.00M, Peak:0.00M | Scene, ViewLayer | Synchronizing object | G4_joint_G3R04_splice_hexbolt.124
Fra:451 Mem:821.43M (Peak 895.07M) | Time:00:01.93 | Mem:0.00M, Peak:0.00M | Scene, ViewLayer | Synchronizing object | G4_joint_G3R04_splice_washer.125
Fra:451 Mem:821.42M (Peak 895.07M) | Time:00:01.93 | Mem:0.00M, Peak:0.00M | Scene, ViewLayer | Synchronizing object | G4_joint_G3R04_splice_hexbolt.125
Fra:451 Mem:821.43M (Peak 895.07M) | Time:00:01.93 | Mem:0.00M, Peak:0.00M | Scene, ViewLayer | Synchronizing object | G4_joint_G3R04_splice_washer.126
Fra:451 Mem:821.43M (Peak 895.07M) | Time:00:01.93 | Mem:0.00M, Peak:0.00M | Scene, ViewLayer | Synchronizing object | G4_joint_G3R04_splice_hexbolt.126
Fra:451 Mem:821.43M (Peak 895.07M) | Time:00:01.93 | Mem:0.00M, Peak:0.00M | Scene, ViewLayer | Synchronizing object | G4_joint_G3R04_splice_washer.127
Fra:451 Mem:821.46M (Peak 895.07M) | Time:00:01.93 | Mem:0.00M, Peak:0.00M | Scene, ViewLayer | Synchronizing object | G4_joint_G3R04_splice_hexbolt.127
Fra:451 Mem:821.44M (Peak 895.07M) | Time:00:01.93 | Mem:0.00M, Peak:0.00M | Scene, ViewLayer | Synchronizing object | G4_sconce_G3R04_sconce_mount.015
Fra:451 Mem:821.44M (Peak 895.07M) | Time:00:01.93 | Mem:0.00M, Peak:0.00M | Scene, ViewLayer | Synchronizing object | G4_sconce_G3R04_opal_diffuser.015
Fra:451 Mem:821.50M (Peak 895.07M) | Time:00:01.93 | Mem:0.00M, Peak:0.00M | Scene, ViewLayer | Synchronizing object | G4_sconce_G3R04_sconce_cap.030
Fra:451 Mem:821.49M (Peak 895.07M) | Time:00:01.93 | Mem:0.00M, Peak:0.00M | Scene, ViewLayer | Synchronizing object | G4_sconce_G3R04_sconce_cap.031
Fra:451 Mem:821.55M (Peak 895.07M) | Time:00:01.93 | Mem:0.00M, Peak:0.00M | Scene, ViewLayer | Synchronizing object | G4_sconce_G3R04_sconce_cage.030
Fra:451 Mem:821.54M (Peak 895.07M) | Time:00:01.93 | Mem:0.00M, Peak:0.00M | Scene, ViewLayer | Synchronizing object | G4_sconce_G3R04_sconce_cage.031
Fra:451 Mem:821.55M (Peak 895.07M) | Time:00:01.93 | Mem:0.00M, Peak:0.00M | Scene, ViewLayer | Synchronizing object | G4_column_sconce.015
Fra:451 Mem:821.55M (Peak 895.07M) | Time:00:01.93 | Mem:0.00M, Peak:0.00M | Scene, ViewLayer | Synchronizing object | G4_platform_edge_inlay
Fra:451 Mem:821.55M (Peak 895.07M) | Time:00:01.93 | Mem:0.00M, Peak:0.00M | Scene, ViewLayer | Synchronizing object | G4_drain_grate_bar
Fra:451 Mem:821.63M (Peak 895.07M) | Time:00:01.93 | Mem:0.00M, Peak:0.00M | Scene, ViewLayer | Synchronizing object | G4_drain_grate_bar.001
Fra:451 Mem:821.63M (Peak 895.07M) | Time:00:01.93 | Mem:0.00M, Peak:0.00M | Scene, ViewLayer | Synchronizing object | G4_drain_grate_bar.002
Fra:451 Mem:821.66M (Peak 895.07M) | Time:00:01.93 | Mem:0.00M, Peak:0.00M | Scene, ViewLayer | Synchronizing object | G4_drain_grate_bar.003
Fra:451 Mem:821.69M (Peak 895.07M) | Time:00:01.93 | Mem:0.00M, Peak:0.00M | Scene, ViewLayer | Synchronizing object | G4_drain_grate_bar.004
Fra:451 Mem:821.71M (Peak 895.07M) | Time:00:01.93 | Mem:0.00M, Peak:0.00M | Scene, ViewLayer | Synchronizing object | G4_drain_grate_bar.005
Fra:451 Mem:821.73M (Peak 895.07M) | Time:00:01.93 | Mem:0.00M, Peak:0.00M | Scene, ViewLayer | Synchronizing object | G4_drain_grate_bar.006
Fra:451 Mem:821.76M (Peak 895.07M) | Time:00:01.93 | Mem:0.00M, Peak:0.00M | Scene, ViewLayer | Synchronizing object | G4_drain_grate_bar.007
Fra:451 Mem:821.77M (Peak 895.07M) | Time:00:01.93 | Mem:0.00M, Peak:0.00M | Scene, ViewLayer | Synchronizing object | G4_drain_grate_bar.009
Fra:451 Mem:821.83M (Peak 895.07M) | Time:00:01.93 | Mem:0.00M, Peak:0.00M | Scene, ViewLayer | Synchronizing object | G4_drain_grate_bar.010
Fra:451 Mem:821.84M (Peak 895.07M) | Time:00:01.93 | Mem:0.00M, Peak:0.00M | Scene, ViewLayer | Synchronizing object | G4_drain_grate_bar.011
Fra:451 Mem:821.87M (Peak 895.07M) | Time:00:01.93 | Mem:0.00M, Peak:0.00M | Scene, ViewLayer | Synchronizing object | G4_drain_grate_bar.012
Fra:451 Mem:821.91M (Peak 895.07M) | Time:00:01.93 | Mem:0.00M, Peak:0.00M | Scene, ViewLayer | Synchronizing object | G4_drain_grate_bar.013
Fra:451 Mem:821.92M (Peak 895.07M) | Time:00:01.93 | Mem:0.00M, Peak:0.00M | Scene, ViewLayer | Synchronizing object | G4_drain_grate_bar.014
Fra:451 Mem:821.95M (Peak 895.07M) | Time:00:01.93 | Mem:0.00M, Peak:0.00M | Scene, ViewLayer | Synchronizing object | G4_drain_grate_bar.015
Fra:451 Mem:821.97M (Peak 895.07M) | Time:00:01.93 | Mem:0.00M, Peak:0.00M | Scene, ViewLayer | Synchronizing object | G4_drain_grate_bar.016
Fra:451 Mem:822.00M (Peak 895.07M) | Time:00:01.93 | Mem:0.00M, Peak:0.00M | Scene, ViewLayer | Synchronizing object | G4_drain_grate_bar.017
Fra:451 Mem:822.02M (Peak 895.07M) | Time:00:01.93 | Mem:0.00M, Peak:0.00M | Scene, ViewLayer | Synchronizing object | G4_drain_grate_bar.018
Fra:451 Mem:822.05M (Peak 895.07M) | Time:00:01.93 | Mem:0.00M, Peak:0.00M | Scene, ViewLayer | Synchronizing object | G4_drain_grate_bar.019
Fra:451 Mem:822.08M (Peak 895.07M) | Time:00:01.93 | Mem:0.00M, Peak:0.00M | Scene, ViewLayer | Synchronizing object | G4_drain_grate_bar.020
Fra:451 Mem:822.10M (Peak 895.07M) | Time:00:01.93 | Mem:0.00M, Peak:0.00M | Scene, ViewLayer | Synchronizing object | G4_drain_grate_bar.021
Fra:451 Mem:822.11M (Peak 895.07M) | Time:00:01.93 | Mem:0.00M, Peak:0.00M | Scene, ViewLayer | Synchronizing object | G4_drain_grate_bar.022
Fra:451 Mem:822.16M (Peak 895.07M) | Time:00:01.93 | Mem:0.00M, Peak:0.00M | Scene, ViewLayer | Synchronizing object | G4_drain_grate_bar.023
Fra:451 Mem:822.15M (Peak 895.07M) | Time:00:01.93 | Mem:0.00M, Peak:0.00M | Scene, ViewLayer | Synchronizing object | G4_drain_grate_bar.024
Fra:451 Mem:822.21M (Peak 895.07M) | Time:00:01.93 | Mem:0.00M, Peak:0.00M | Scene, ViewLayer | Synchronizing object | G4_drain_grate_bar.025
Fra:451 Mem:822.24M (Peak 895.07M) | Time:00:01.93 | Mem:0.00M, Peak:0.00M | Scene, ViewLayer | Synchronizing object | G4_drain_grate_bar.026
Fra:451 Mem:822.26M (Peak 895.07M) | Time:00:01.93 | Mem:0.00M, Peak:0.00M | Scene, ViewLayer | Synchronizing object | G4_drain_grate_bar.027
Fra:451 Mem:822.29M (Peak 895.07M) | Time:00:01.93 | Mem:0.00M, Peak:0.00M | Scene, ViewLayer | Synchronizing object | G4_drain_grate_bar.028
Fra:451 Mem:822.31M (Peak 895.07M) | Time:00:01.93 | Mem:0.00M, Peak:0.00M | Scene, ViewLayer | Synchronizing object | G4_drain_grate_bar.029
Fra:451 Mem:822.34M (Peak 895.07M) | Time:00:01.93 | Mem:0.00M, Peak:0.00M | Scene, ViewLayer | Synchronizing object | G4_drain_grate_bar.030
Fra:451 Mem:822.37M (Peak 895.07M) | Time:00:01.93 | Mem:0.00M, Peak:0.00M | Scene, ViewLayer | Synchronizing object | G4_drain_grate_bar.031
Fra:451 Mem:822.40M (Peak 895.07M) | Time:00:01.93 | Mem:0.00M, Peak:0.00M | Scene, ViewLayer | Synchronizing object | G4_drain_grate_bar.032
Fra:451 Mem:822.42M (Peak 895.07M) | Time:00:01.93 | Mem:0.00M, Peak:0.00M | Scene, ViewLayer | Synchronizing object | G4_drain_grate_bar.033
Fra:451 Mem:822.45M (Peak 895.07M) | Time:00:01.93 | Mem:0.00M, Peak:0.00M | Scene, ViewLayer | Synchronizing object | G4_drain_grate_bar.034
Fra:451 Mem:822.47M (Peak 895.07M) | Time:00:01.93 | Mem:0.00M, Peak:0.00M | Scene, ViewLayer | Synchronizing object | G4_drain_grate_bar.035
Fra:451 Mem:822.51M (Peak 895.07M) | Time:00:01.93 | Mem:0.00M, Peak:0.00M | Scene, ViewLayer | Synchronizing object | G4_drain_grate_bar.036
Fra:451 Mem:822.52M (Peak 895.07M) | Time:00:01.93 | Mem:0.00M, Peak:0.00M | Scene, ViewLayer | Synchronizing object | G4_drain_grate_bar.037
Fra:451 Mem:822.56M (Peak 895.07M) | Time:00:01.93 | Mem:0.00M, Peak:0.00M | Scene, ViewLayer | Synchronizing object | G4_drain_grate_bar.038
Fra:451 Mem:822.58M (Peak 895.07M) | Time:00:01.93 | Mem:0.00M, Peak:0.00M | Scene, ViewLayer | Synchronizing object | G4_drain_grate_bar.039
Fra:451 Mem:822.62M (Peak 895.07M) | Time:00:01.93 | Mem:0.00M, Peak:0.00M | Scene, ViewLayer | Synchronizing object | G4_drain_grate_bar.040
Fra:451 Mem:822.63M (Peak 895.07M) | Time:00:01.93 | Mem:0.00M, Peak:0.00M | Scene, ViewLayer | Synchronizing object | G4_drain_grate_bar.041
Fra:451 Mem:822.66M (Peak 895.07M) | Time:00:01.93 | Mem:0.00M, Peak:0.00M | Scene, ViewLayer | Synchronizing object | G4_drain_grate_bar.042
Fra:451 Mem:822.68M (Peak 895.07M) | Time:00:01.93 | Mem:0.00M, Peak:0.00M | Scene, ViewLayer | Synchronizing object | G4_drain_grate_bar.043
Fra:451 Mem:822.71M (Peak 895.07M) | Time:00:01.93 | Mem:0.00M, Peak:0.00M | Scene, ViewLayer | Synchronizing object | G4_drain_grate_bar.044
Fra:451 Mem:822.74M (Peak 895.07M) | Time:00:01.93 | Mem:0.00M, Peak:0.00M | Scene, ViewLayer | Synchronizing object | G4_drain_grate_bar.045
Fra:451 Mem:822.76M (Peak 895.07M) | Time:00:01.93 | Mem:0.00M, Peak:0.00M | Scene, ViewLayer | Synchronizing object | G4_drain_grate_bar.046
Fra:451 Mem:822.79M (Peak 895.07M) | Time:00:01.93 | Mem:0.00M, Peak:0.00M | Scene, ViewLayer | Synchronizing object | G4_drain_grate_bar.047
Fra:451 Mem:822.79M (Peak 895.07M) | Time:00:01.93 | Mem:0.00M, Peak:0.00M | Scene, ViewLayer | Synchronizing object | G4_drain_grate_bar.048
Fra:451 Mem:822.85M (Peak 895.07M) | Time:00:01.93 | Mem:0.00M, Peak:0.00M | Scene, ViewLayer | Synchronizing object | G4_drain_grate_bar.049
Fra:451 Mem:822.85M (Peak 895.07M) | Time:00:01.93 | Mem:0.00M, Peak:0.00M | Scene, ViewLayer | Synchronizing object | G4_drain_grate_bar.050
Fra:451 Mem:822.91M (Peak 895.07M) | Time:00:01.93 | Mem:0.00M, Peak:0.00M | Scene, ViewLayer | Synchronizing object | G4_drain_grate_bar.051
Fra:451 Mem:822.92M (Peak 895.07M) | Time:00:01.93 | Mem:0.00M, Peak:0.00M | Scene, ViewLayer | Synchronizing object | G4_drain_grate_bar.052
Fra:451 Mem:822.99M (Peak 895.07M) | Time:00:01.93 | Mem:0.00M, Peak:0.00M | Scene, ViewLayer | Synchronizing object | G4_drain_grate_bar.053
Fra:451 Mem:822.98M (Peak 895.07M) | Time:00:01.93 | Mem:0.00M, Peak:0.00M | Scene, ViewLayer | Synchronizing object | G4_drain_grate_bar.054
Fra:451 Mem:822.97M (Peak 895.07M) | Time:00:01.93 | Mem:0.00M, Peak:0.00M | Scene, ViewLayer | Synchronizing object | G4_drain_grate_bar.055
Fra:451 Mem:823.05M (Peak 895.07M) | Time:00:01.93 | Mem:0.00M, Peak:0.00M | Scene, ViewLayer | Synchronizing object | G4_drain_grate_bar.056
Fra:451 Mem:823.05M (Peak 895.07M) | Time:00:01.93 | Mem:0.00M, Peak:0.00M | Scene, ViewLayer | Synchronizing object | G4_drain_grate_bar.057
Fra:451 Mem:823.06M (Peak 895.07M) | Time:00:01.93 | Mem:0.00M, Peak:0.00M | Scene, ViewLayer | Synchronizing object | G4_drain_grate_bar.058
Fra:451 Mem:823.14M (Peak 895.07M) | Time:00:01.93 | Mem:0.00M, Peak:0.00M | Scene, ViewLayer | Synchronizing object | G4_drain_grate_bar.059
Fra:451 Mem:823.11M (Peak 895.07M) | Time:00:01.93 | Mem:0.00M, Peak:0.00M | Scene, ViewLayer | Synchronizing object | G4_drain_grate_bar.060
Fra:451 Mem:823.12M (Peak 895.07M) | Time:00:01.93 | Mem:0.00M, Peak:0.00M | Scene, ViewLayer | Synchronizing object | G4_drain_grate_bar.061
Fra:451 Mem:823.21M (Peak 895.07M) | Time:00:01.93 | Mem:0.00M, Peak:0.00M | Scene, ViewLayer | Synchronizing object | G4_drain_grate_bar.062
Fra:451 Mem:823.17M (Peak 895.07M) | Time:00:01.93 | Mem:0.00M, Peak:0.00M | Scene, ViewLayer | Synchronizing object | G4_drain_grate_bar.063
Fra:451 Mem:823.20M (Peak 895.07M) | Time:00:01.93 | Mem:0.00M, Peak:0.00M | Scene, ViewLayer | Synchronizing object | G4_drain_grate_bar.064
Fra:451 Mem:823.26M (Peak 895.07M) | Time:00:01.93 | Mem:0.00M, Peak:0.00M | Scene, ViewLayer | Synchronizing object | G4_drain_grate_bar.065
Fra:451 Mem:823.26M (Peak 895.07M) | Time:00:01.93 | Mem:0.00M, Peak:0.00M | Scene, ViewLayer | Synchronizing object | G4_drain_grate_bar.066
Fra:451 Mem:823.29M (Peak 895.07M) | Time:00:01.93 | Mem:0.00M, Peak:0.00M | Scene, ViewLayer | Synchronizing object | G4_drain_grate_bar.067
Fra:451 Mem:823.32M (Peak 895.07M) | Time:00:01.93 | Mem:0.00M, Peak:0.00M | Scene, ViewLayer | Synchronizing object | G4_drain_grate_bar.068
Fra:451 Mem:823.35M (Peak 895.07M) | Time:00:01.93 | Mem:0.00M, Peak:0.00M | Scene, ViewLayer | Synchronizing object | G4_drain_grate_bar.069
Fra:451 Mem:823.37M (Peak 895.07M) | Time:00:01.93 | Mem:0.00M, Peak:0.00M | Scene, ViewLayer | Synchronizing object | G4_drain_grate_bar.070
Fra:451 Mem:823.36M (Peak 895.07M) | Time:00:01.93 | Mem:0.00M, Peak:0.00M | Scene, ViewLayer | Synchronizing object | G4_drain_grate_bar.071
Fra:451 Mem:823.40M (Peak 895.07M) | Time:00:01.93 | Mem:0.00M, Peak:0.00M | Scene, ViewLayer | Synchronizing object | G4_drain_grate_bar.072
Fra:451 Mem:823.43M (Peak 895.07M) | Time:00:01.93 | Mem:0.00M, Peak:0.00M | Scene, ViewLayer | Synchronizing object | G4_drain_grate_bar.073
Fra:451 Mem:823.44M (Peak 895.07M) | Time:00:01.93 | Mem:0.00M, Peak:0.00M | Scene, ViewLayer | Synchronizing object | G4_drain_grate_bar.074
Fra:451 Mem:823.47M (Peak 895.07M) | Time:00:01.93 | Mem:0.00M, Peak:0.00M | Scene, ViewLayer | Synchronizing object | G4_drain_grate_bar.075
Fra:451 Mem:823.49M (Peak 895.07M) | Time:00:01.93 | Mem:0.00M, Peak:0.00M | Scene, ViewLayer | Synchronizing object | G4_drain_grate_bar.076
Fra:451 Mem:823.52M (Peak 895.07M) | Time:00:01.93 | Mem:0.00M, Peak:0.00M | Scene, ViewLayer | Synchronizing object | G4_drain_grate_bar.077
Fra:451 Mem:823.54M (Peak 895.07M) | Time:00:01.93 | Mem:0.00M, Peak:0.00M | Scene, ViewLayer | Synchronizing object | G4_drain_grate_bar.078
Fra:451 Mem:823.57M (Peak 895.07M) | Time:00:01.93 | Mem:0.00M, Peak:0.00M | Scene, ViewLayer | Synchronizing object | G4_drain_grate_bar.079
Fra:451 Mem:823.58M (Peak 895.07M) | Time:00:01.93 | Mem:0.00M, Peak:0.00M | Scene, ViewLayer | Synchronizing object | G4_drain_grate_bar.080
Fra:451 Mem:823.60M (Peak 895.07M) | Time:00:01.93 | Mem:0.00M, Peak:0.00M | Scene, ViewLayer | Synchronizing object | G4_drain_grate_bar.081
Fra:451 Mem:823.65M (Peak 895.07M) | Time:00:01.93 | Mem:0.00M, Peak:0.00M | Scene, ViewLayer | Synchronizing object | G4_drain_grate_bar.082
Fra:451 Mem:823.63M (Peak 895.07M) | Time:00:01.93 | Mem:0.00M, Peak:0.00M | Scene, ViewLayer | Synchronizing object | G4_drain_grate_bar.083
Fra:451 Mem:823.67M (Peak 895.07M) | Time:00:01.93 | Mem:0.00M, Peak:0.00M | Scene, ViewLayer | Synchronizing object | G4_drain_grate_bar.084
Fra:451 Mem:823.69M (Peak 895.07M) | Time:00:01.93 | Mem:0.00M, Peak:0.00M | Scene, ViewLayer | Synchronizing object | G4_drain_grate_bar.085
Fra:451 Mem:823.70M (Peak 895.07M) | Time:00:01.93 | Mem:0.00M, Peak:0.00M | Scene, ViewLayer | Synchronizing object | G4_drain_grate_bar.086
Fra:451 Mem:823.73M (Peak 895.07M) | Time:00:01.93 | Mem:0.00M, Peak:0.00M | Scene, ViewLayer | Synchronizing object | G4_drain_grate_bar.087
Fra:451 Mem:823.76M (Peak 895.07M) | Time:00:01.93 | Mem:0.00M, Peak:0.00M | Scene, ViewLayer | Synchronizing object | G4_drain_grate_bar.088
Fra:451 Mem:823.81M (Peak 895.07M) | Time:00:01.93 | Mem:0.00M, Peak:0.00M | Scene, ViewLayer | Synchronizing object | G4_drain_grate_bar.089
Fra:451 Mem:823.79M (Peak 895.07M) | Time:00:01.93 | Mem:0.00M, Peak:0.00M | Scene, ViewLayer | Synchronizing object | G4_drain_grate_bar.090
Fra:451 Mem:823.83M (Peak 895.07M) | Time:00:01.93 | Mem:0.00M, Peak:0.00M | Scene, ViewLayer | Synchronizing object | G4_drain_grate_bar.091
Fra:451 Mem:823.86M (Peak 895.07M) | Time:00:01.93 | Mem:0.00M, Peak:0.00M | Scene, ViewLayer | Synchronizing object | G4_drain_grate_bar.092
Fra:451 Mem:823.85M (Peak 895.07M) | Time:00:01.93 | Mem:0.00M, Peak:0.00M | Scene, ViewLayer | Synchronizing object | G4_drain_grate_bar.093
Fra:451 Mem:823.90M (Peak 895.07M) | Time:00:01.93 | Mem:0.00M, Peak:0.00M | Scene, ViewLayer | Synchronizing object | G4_drain_grate_bar.094
Fra:451 Mem:823.95M (Peak 895.07M) | Time:00:01.93 | Mem:0.00M, Peak:0.00M | Scene, ViewLayer | Synchronizing object | G4_drain_grate_bar.095
Fra:451 Mem:823.95M (Peak 895.07M) | Time:00:01.93 | Mem:0.00M, Peak:0.00M | Scene, ViewLayer | Synchronizing object | G4_drain_grate_bar.096
Fra:451 Mem:823.97M (Peak 895.07M) | Time:00:01.93 | Mem:0.00M, Peak:0.00M | Scene, ViewLayer | Synchronizing object | G4_drain_grate_bar.097
Fra:451 Mem:824.00M (Peak 895.07M) | Time:00:01.93 | Mem:0.00M, Peak:0.00M | Scene, ViewLayer | Synchronizing object | G4_drain_grate_bar.098
Fra:451 Mem:824.02M (Peak 895.07M) | Time:00:01.93 | Mem:0.00M, Peak:0.00M | Scene, ViewLayer | Synchronizing object | G4_drain_grate_bar.099
Fra:451 Mem:824.05M (Peak 895.07M) | Time:00:01.93 | Mem:0.00M, Peak:0.00M | Scene, ViewLayer | Synchronizing object | G4_drain_grate_bar.100
Fra:451 Mem:824.07M (Peak 895.07M) | Time:00:01.93 | Mem:0.00M, Peak:0.00M | Scene, ViewLayer | Synchronizing object | G4_drain_grate_bar.101
Fra:451 Mem:824.08M (Peak 895.07M) | Time:00:01.93 | Mem:0.00M, Peak:0.00M | Scene, ViewLayer | Synchronizing object | G4_drain_grate_bar.102
Fra:451 Mem:824.11M (Peak 895.07M) | Time:00:01.93 | Mem:0.00M, Peak:0.00M | Scene, ViewLayer | Synchronizing object | G4_drain_grate_bar.103
Fra:451 Mem:824.14M (Peak 895.07M) | Time:00:01.93 | Mem:0.00M, Peak:0.00M | Scene, ViewLayer | Synchronizing object | G4_drain_grate_bar.104
Fra:451 Mem:824.17M (Peak 895.07M) | Time:00:01.93 | Mem:0.00M, Peak:0.00M | Scene, ViewLayer | Synchronizing object | G4_drain_grate_bar.105
Fra:451 Mem:824.16M (Peak 895.07M) | Time:00:01.93 | Mem:0.00M, Peak:0.00M | Scene, ViewLayer | Synchronizing object | G4_drain_grate_bar.106
Fra:451 Mem:824.20M (Peak 895.07M) | Time:00:01.93 | Mem:0.00M, Peak:0.00M | Scene, ViewLayer | Synchronizing object | G4_drain_grate_bar.107
Fra:451 Mem:824.24M (Peak 895.07M) | Time:00:01.93 | Mem:0.00M, Peak:0.00M | Scene, ViewLayer | Synchronizing object | G4_drain_grate_bar.108
Fra:451 Mem:824.22M (Peak 895.07M) | Time:00:01.93 | Mem:0.00M, Peak:0.00M | Scene, ViewLayer | Synchronizing object | G4_drain_grate_bar.109
Fra:451 Mem:824.28M (Peak 895.07M) | Time:00:01.93 | Mem:0.00M, Peak:0.00M | Scene, ViewLayer | Synchronizing object | G4_drain_grate_bar.110
Fra:451 Mem:824.28M (Peak 895.07M) | Time:00:01.93 | Mem:0.00M, Peak:0.00M | Scene, ViewLayer | Synchronizing object | G4_drain_grate_bar.111
Fra:451 Mem:824.31M (Peak 895.07M) | Time:00:01.93 | Mem:0.00M, Peak:0.00M | Scene, ViewLayer | Synchronizing object | G4_drain_grate_bar.112
Fra:451 Mem:824.31M (Peak 895.07M) | Time:00:01.93 | Mem:0.00M, Peak:0.00M | Scene, ViewLayer | Synchronizing object | G4_drain_grate_bar.113
Fra:451 Mem:824.36M (Peak 895.07M) | Time:00:01.93 | Mem:0.00M, Peak:0.00M | Scene, ViewLayer | Synchronizing object | G4_drain_grate_bar.114
Fra:451 Mem:824.39M (Peak 895.07M) | Time:00:01.93 | Mem:0.00M, Peak:0.00M | Scene, ViewLayer | Synchronizing object | G4_drain_grate_bar.115
Fra:451 Mem:824.39M (Peak 895.07M) | Time:00:01.93 | Mem:0.00M, Peak:0.00M | Scene, ViewLayer | Synchronizing object | G4_drain_grate_bar.116
Fra:451 Mem:824.43M (Peak 895.07M) | Time:00:01.93 | Mem:0.00M, Peak:0.00M | Scene, ViewLayer | Synchronizing object | G4_drain_grate_bar.117
Fra:451 Mem:824.48M (Peak 895.07M) | Time:00:01.93 | Mem:0.00M, Peak:0.00M | Scene, ViewLayer | Synchronizing object | G4_drain_grate_bar.118
Fra:451 Mem:824.45M (Peak 895.07M) | Time:00:01.93 | Mem:0.00M, Peak:0.00M | Scene, ViewLayer | Synchronizing object | G4_drain_grate_bar.119
Fra:451 Mem:824.49M (Peak 895.07M) | Time:00:01.93 | Mem:0.00M, Peak:0.00M | Scene, ViewLayer | Synchronizing object | G4_drain_grate_bar.120
Fra:451 Mem:824.51M (Peak 895.07M) | Time:00:01.93 | Mem:0.00M, Peak:0.00M | Scene, ViewLayer | Synchronizing object | G4_drain_grate_bar.121
Fra:451 Mem:824.53M (Peak 895.07M) | Time:00:01.93 | Mem:0.00M, Peak:0.00M | Scene, ViewLayer | Synchronizing object | G4_cafe_G3_walnut_cafe_top
Fra:451 Mem:824.65M (Peak 895.07M) | Time:00:01.93 | Mem:0.00M, Peak:0.00M | Scene, ViewLayer | Synchronizing object | G4_cafe_G3_table_edge_inlay
Fra:451 Mem:824.68M (Peak 895.07M) | Time:00:01.93 | Mem:0.00M, Peak:0.00M | Scene, ViewLayer | Synchronizing object | G4_cafe_G3_turned_pedestal
Fra:451 Mem:824.72M (Peak 895.07M) | Time:00:01.93 | Mem:0.00M, Peak:0.00M | Scene, ViewLayer | Synchronizing object | G4_cafe_G3_walnut_cafe_top.001
Fra:451 Mem:824.81M (Peak 895.07M) | Time:00:01.93 | Mem:0.00M, Peak:0.00M | Scene, ViewLayer | Synchronizing object | G4_cafe_G3_table_edge_inlay.001
Fra:451 Mem:824.84M (Peak 895.07M) | Time:00:01.93 | Mem:0.00M, Peak:0.00M | Scene, ViewLayer | Synchronizing object | G4_cafe_G3_turned_pedestal.001
Fra:451 Mem:824.92M (Peak 895.07M) | Time:00:01.93 | Mem:0.00M, Peak:0.00M | Scene, ViewLayer | Synchronizing object | G4_waiting_bench_wood_frame
Fra:451 Mem:825.03M (Peak 895.07M) | Time:00:01.93 | Mem:0.00M, Peak:0.00M | Scene, ViewLayer | Synchronizing object | G4_bench_back_upright
Fra:451 Mem:825.03M (Peak 895.07M) | Time:00:01.93 | Mem:0.00M, Peak:0.00M | Scene, ViewLayer | Synchronizing object | G4_bench_arm_support
Fra:451 Mem:825.05M (Peak 895.07M) | Time:00:01.93 | Mem:0.00M, Peak:0.00M | Scene, ViewLayer | Synchronizing object | G4_bench_wood_arm
Fra:451 Mem:825.11M (Peak 895.07M) | Time:00:01.93 | Mem:0.00M, Peak:0.00M | Scene, ViewLayer | Synchronizing object | G4_bench_back_upright.001
Fra:451 Mem:825.12M (Peak 895.07M) | Time:00:01.93 | Mem:0.00M, Peak:0.00M | Scene, ViewLayer | Synchronizing object | G4_bench_arm_support.001
Fra:451 Mem:825.12M (Peak 895.07M) | Time:00:01.94 | Mem:0.00M, Peak:0.00M | Scene, ViewLayer | Synchronizing object | G4_bench_wood_arm.001
Fra:451 Mem:825.15M (Peak 895.07M) | Time:00:01.94 | Mem:0.00M, Peak:0.00M | Scene, ViewLayer | Synchronizing object | G4_bench_top_rail
Fra:451 Mem:825.19M (Peak 895.07M) | Time:00:01.94 | Mem:0.00M, Peak:0.00M | Scene, ViewLayer | Synchronizing object | G4_bench_seat_cushion
Fra:451 Mem:825.22M (Peak 895.07M) | Time:00:01.94 | Mem:0.00M, Peak:0.00M | Scene, ViewLayer | Synchronizing object | G4_bench_back_cushion
Fra:451 Mem:825.25M (Peak 895.07M) | Time:00:01.94 | Mem:0.00M, Peak:0.00M | Scene, ViewLayer | Synchronizing object | G4_bench_seat_cushion.001
Fra:451 Mem:825.28M (Peak 895.07M) | Time:00:01.94 | Mem:0.00M, Peak:0.00M | Scene, ViewLayer | Synchronizing object | G4_bench_back_cushion.001
Fra:451 Mem:825.31M (Peak 895.07M) | Time:00:01.94 | Mem:0.00M, Peak:0.00M | Scene, ViewLayer | Synchronizing object | G4_bench_seat_cushion.002
Fra:451 Mem:825.34M (Peak 895.07M) | Time:00:01.94 | Mem:0.00M, Peak:0.00M | Scene, ViewLayer | Synchronizing object | G4_bench_back_cushion.002
Fra:451 Mem:825.37M (Peak 895.07M) | Time:00:01.94 | Mem:0.00M, Peak:0.00M | Scene, ViewLayer | Synchronizing object | G4_waiting_bench_wood_frame.001
Fra:451 Mem:825.37M (Peak 895.07M) | Time:00:01.94 | Mem:0.00M, Peak:0.00M | Scene, ViewLayer | Synchronizing object | G4_bench_back_upright.002
Fra:451 Mem:825.45M (Peak 895.07M) | Time:00:01.94 | Mem:0.00M, Peak:0.00M | Scene, ViewLayer | Synchronizing object | G4_bench_arm_support.002
Fra:451 Mem:825.43M (Peak 895.07M) | Time:00:01.94 | Mem:0.00M, Peak:0.00M | Scene, ViewLayer | Synchronizing object | G4_bench_wood_arm.002
Fra:451 Mem:825.43M (Peak 895.07M) | Time:00:01.94 | Mem:0.00M, Peak:0.00M | Scene, ViewLayer | Synchronizing object | G4_bench_back_upright.003
Fra:451 Mem:825.51M (Peak 895.07M) | Time:00:01.94 | Mem:0.00M, Peak:0.00M | Scene, ViewLayer | Synchronizing object | G4_bench_arm_support.003
Fra:451 Mem:825.49M (Peak 895.07M) | Time:00:01.94 | Mem:0.00M, Peak:0.00M | Scene, ViewLayer | Synchronizing object | G4_bench_wood_arm.003
Fra:451 Mem:825.50M (Peak 895.07M) | Time:00:01.94 | Mem:0.00M, Peak:0.00M | Scene, ViewLayer | Synchronizing object | G4_bench_top_rail.001
Fra:451 Mem:825.58M (Peak 895.07M) | Time:00:01.94 | Mem:0.00M, Peak:0.00M | Scene, ViewLayer | Synchronizing object | G4_bench_seat_cushion.003
Fra:451 Mem:825.56M (Peak 895.07M) | Time:00:01.94 | Mem:0.00M, Peak:0.00M | Scene, ViewLayer | Synchronizing object | G4_bench_back_cushion.003
Fra:451 Mem:825.63M (Peak 895.07M) | Time:00:01.94 | Mem:0.00M, Peak:0.00M | Scene, ViewLayer | Synchronizing object | G4_bench_seat_cushion.004
Fra:451 Mem:825.61M (Peak 895.07M) | Time:00:01.94 | Mem:0.00M, Peak:0.00M | Scene, ViewLayer | Synchronizing object | G4_bench_back_cushion.004
Fra:451 Mem:825.67M (Peak 895.07M) | Time:00:01.94 | Mem:0.00M, Peak:0.00M | Scene, ViewLayer | Synchronizing object | G4_bench_seat_cushion.005
Fra:451 Mem:825.66M (Peak 895.07M) | Time:00:01.94 | Mem:0.00M, Peak:0.00M | Scene, ViewLayer | Synchronizing object | G4_bench_back_cushion.005
Fra:451 Mem:825.72M (Peak 895.07M) | Time:00:01.94 | Mem:0.00M, Peak:0.00M | Scene, ViewLayer | Synchronizing object | G4_waiting_bench_wood_frame.002
Fra:451 Mem:825.72M (Peak 895.07M) | Time:00:01.94 | Mem:0.00M, Peak:0.00M | Scene, ViewLayer | Synchronizing object | G4_bench_back_upright.004
Fra:451 Mem:825.80M (Peak 895.07M) | Time:00:01.94 | Mem:0.00M, Peak:0.00M | Scene, ViewLayer | Synchronizing object | G4_bench_arm_support.004
Fra:451 Mem:825.78M (Peak 895.07M) | Time:00:01.94 | Mem:0.00M, Peak:0.00M | Scene, ViewLayer | Synchronizing object | G4_bench_wood_arm.004
Fra:451 Mem:825.79M (Peak 895.07M) | Time:00:01.94 | Mem:0.00M, Peak:0.00M | Scene, ViewLayer | Synchronizing object | G4_bench_back_upright.005
Fra:451 Mem:825.87M (Peak 895.07M) | Time:00:01.94 | Mem:0.00M, Peak:0.00M | Scene, ViewLayer | Synchronizing object | G4_bench_arm_support.005
Fra:451 Mem:825.89M (Peak 895.07M) | Time:00:01.94 | Mem:0.00M, Peak:0.00M | Scene, ViewLayer | Synchronizing object | G4_bench_wood_arm.005
Fra:451 Mem:825.86M (Peak 895.07M) | Time:00:01.94 | Mem:0.00M, Peak:0.00M | Scene, ViewLayer | Synchronizing object | G4_bench_top_rail.002
Fra:451 Mem:825.87M (Peak 895.07M) | Time:00:01.94 | Mem:0.00M, Peak:0.00M | Scene, ViewLayer | Synchronizing object | G4_bench_seat_cushion.006
Fra:451 Mem:825.96M (Peak 895.07M) | Time:00:01.94 | Mem:0.00M, Peak:0.00M | Scene, ViewLayer | Synchronizing object | G4_bench_back_cushion.006
Fra:451 Mem:825.94M (Peak 895.07M) | Time:00:01.94 | Mem:0.00M, Peak:0.00M | Scene, ViewLayer | Synchronizing object | G4_bench_seat_cushion.007
Fra:451 Mem:825.94M (Peak 895.07M) | Time:00:01.94 | Mem:0.00M, Peak:0.00M | Scene, ViewLayer | Synchronizing object | G4_bench_back_cushion.007
Fra:451 Mem:826.03M (Peak 895.07M) | Time:00:01.94 | Mem:0.00M, Peak:0.00M | Scene, ViewLayer | Synchronizing object | G4_bench_seat_cushion.008
Fra:451 Mem:826.03M (Peak 895.07M) | Time:00:01.94 | Mem:0.00M, Peak:0.00M | Scene, ViewLayer | Synchronizing object | G4_bench_back_cushion.008
Fra:451 Mem:826.02M (Peak 895.07M) | Time:00:01.94 | Mem:0.00M, Peak:0.00M | Scene, ViewLayer | Synchronizing object | G4_waiting_bench_wood_frame.003
Fra:451 Mem:826.10M (Peak 895.07M) | Time:00:01.94 | Mem:0.00M, Peak:0.00M | Scene, ViewLayer | Synchronizing object | G4_bench_back_upright.006
Fra:451 Mem:826.10M (Peak 895.07M) | Time:00:01.94 | Mem:0.00M, Peak:0.00M | Scene, ViewLayer | Synchronizing object | G4_bench_arm_support.006
Fra:451 Mem:826.11M (Peak 895.07M) | Time:00:01.94 | Mem:0.00M, Peak:0.00M | Scene, ViewLayer | Synchronizing object | G4_bench_wood_arm.006
Fra:451 Mem:826.10M (Peak 895.07M) | Time:00:01.94 | Mem:0.00M, Peak:0.00M | Scene, ViewLayer | Synchronizing object | G4_bench_back_upright.007
Fra:451 Mem:826.16M (Peak 895.07M) | Time:00:01.94 | Mem:0.00M, Peak:0.00M | Scene, ViewLayer | Synchronizing object | G4_bench_arm_support.007
Fra:451 Mem:826.18M (Peak 895.07M) | Time:00:01.94 | Mem:0.00M, Peak:0.00M | Scene, ViewLayer | Synchronizing object | G4_bench_wood_arm.007
Fra:451 Mem:826.19M (Peak 895.07M) | Time:00:01.94 | Mem:0.00M, Peak:0.00M | Scene, ViewLayer | Synchronizing object | G4_bench_top_rail.003
Fra:451 Mem:826.22M (Peak 895.07M) | Time:00:01.94 | Mem:0.00M, Peak:0.00M | Scene, ViewLayer | Synchronizing object | G4_bench_seat_cushion.009
Fra:451 Mem:826.24M (Peak 895.07M) | Time:00:01.94 | Mem:0.00M, Peak:0.00M | Scene, ViewLayer | Synchronizing object | G4_bench_back_cushion.009
Fra:451 Mem:826.31M (Peak 895.07M) | Time:00:01.94 | Mem:0.00M, Peak:0.00M | Scene, ViewLayer | Synchronizing object | G4_bench_seat_cushion.010
Fra:451 Mem:826.27M (Peak 895.07M) | Time:00:01.94 | Mem:0.00M, Peak:0.00M | Scene, ViewLayer | Synchronizing object | G4_bench_back_cushion.010
Fra:451 Mem:826.31M (Peak 895.07M) | Time:00:01.94 | Mem:0.00M, Peak:0.00M | Scene, ViewLayer | Synchronizing object | G4_bench_seat_cushion.011
Fra:451 Mem:826.34M (Peak 895.07M) | Time:00:01.94 | Mem:0.00M, Peak:0.00M | Scene, ViewLayer | Synchronizing object | G4_bench_back_cushion.011
Fra:451 Mem:826.36M (Peak 895.07M) | Time:00:01.94 | Mem:0.00M, Peak:0.00M | Scene, ViewLayer | Synchronizing object | G4_broadleaf_clay_planter
Fra:451 Mem:826.36M (Peak 895.07M) | Time:00:01.94 | Mem:0.00M, Peak:0.00M | Scene, ViewLayer | Synchronizing object | G4_planter_soil
Fra:451 Mem:826.41M (Peak 895.07M) | Time:00:01.94 | Mem:0.00M, Peak:0.00M | Scene, ViewLayer | Synchronizing object | G4_broadleaf_clay_planter.001
Fra:451 Mem:826.46M (Peak 895.07M) | Time:00:01.94 | Mem:0.00M, Peak:0.00M | Scene, ViewLayer | Synchronizing object | G4_planter_soil.001
Fra:451 Mem:826.47M (Peak 895.07M) | Time:00:01.94 | Mem:0.00M, Peak:0.00M | Scene, ViewLayer | Synchronizing object | G4_broadleaf_clay_planter.002
Fra:451 Mem:826.47M (Peak 895.07M) | Time:00:01.94 | Mem:0.00M, Peak:0.00M | Scene, ViewLayer | Synchronizing object | G4_planter_soil.002
Fra:451 Mem:826.53M (Peak 895.07M) | Time:00:01.94 | Mem:0.00M, Peak:0.00M | Scene, ViewLayer | Synchronizing object | G4_hall_G3_pendant_drop
Fra:451 Mem:826.54M (Peak 895.07M) | Time:00:01.94 | Mem:0.00M, Peak:0.00M | Scene, ViewLayer | Synchronizing object | G4_hall_G3_pendant_shade
Fra:451 Mem:826.53M (Peak 895.07M) | Time:00:01.94 | Mem:0.00M, Peak:0.00M | Scene, ViewLayer | Synchronizing object | G4_hall_G3_pendant_light
Fra:451 Mem:826.55M (Peak 895.07M) | Time:00:01.94 | Mem:0.00M, Peak:0.00M | Scene, ViewLayer | Synchronizing object | G4_hall_G3_pendant_drop.001
Fra:451 Mem:826.57M (Peak 895.07M) | Time:00:01.94 | Mem:0.00M, Peak:0.00M | Scene, ViewLayer | Synchronizing object | G4_hall_G3_pendant_shade.001
Fra:451 Mem:826.56M (Peak 895.07M) | Time:00:01.94 | Mem:0.00M, Peak:0.00M | Scene, ViewLayer | Synchronizing object | G4_hall_G3_pendant_light.001
Fra:451 Mem:826.59M (Peak 895.07M) | Time:00:01.94 | Mem:0.00M, Peak:0.00M | Scene, ViewLayer | Synchronizing object | G4_hall_G3_pendant_drop.002
Fra:451 Mem:826.59M (Peak 895.07M) | Time:00:01.94 | Mem:0.00M, Peak:0.00M | Scene, ViewLayer | Synchronizing object | G4_hall_G3_pendant_shade.002
Fra:451 Mem:826.61M (Peak 895.07M) | Time:00:01.94 | Mem:0.00M, Peak:0.00M | Scene, ViewLayer | Synchronizing object | G4_hall_G3_pendant_light.002
Fra:451 Mem:826.61M (Peak 895.07M) | Time:00:01.94 | Mem:0.00M, Peak:0.00M | Scene, ViewLayer | Synchronizing object | G4_hall_G3_pendant_drop.003
Fra:451 Mem:826.62M (Peak 895.07M) | Time:00:01.94 | Mem:0.00M, Peak:0.00M | Scene, ViewLayer | Synchronizing object | G4_hall_G3_pendant_shade.003
Fra:451 Mem:826.62M (Peak 895.07M) | Time:00:01.94 | Mem:0.00M, Peak:0.00M | Scene, ViewLayer | Synchronizing object | G4_hall_G3_pendant_drop.004
Fra:451 Mem:826.65M (Peak 895.07M) | Time:00:01.94 | Mem:0.00M, Peak:0.00M | Scene, ViewLayer | Synchronizing object | G4_hall_G3_pendant_shade.004
Fra:451 Mem:826.65M (Peak 895.07M) | Time:00:01.94 | Mem:0.00M, Peak:0.00M | Scene, ViewLayer | Synchronizing object | G4_hall_G3_pendant_drop.005
Fra:451 Mem:826.68M (Peak 895.07M) | Time:00:01.94 | Mem:0.00M, Peak:0.00M | Scene, ViewLayer | Synchronizing object | G4_hall_G3_pendant_shade.005
Fra:451 Mem:826.70M (Peak 895.07M) | Time:00:01.94 | Mem:0.00M, Peak:0.00M | Scene, ViewLayer | Synchronizing object | G4_hall_G3_pendant_light.005
Fra:451 Mem:826.70M (Peak 895.07M) | Time:00:01.94 | Mem:0.00M, Peak:0.00M | Scene, ViewLayer | Synchronizing object | G4_hall_G3_pendant_drop.006
Fra:451 Mem:826.71M (Peak 895.07M) | Time:00:01.94 | Mem:0.00M, Peak:0.00M | Scene, ViewLayer | Synchronizing object | G4_hall_G3_pendant_shade.006
Fra:451 Mem:826.74M (Peak 895.07M) | Time:00:01.94 | Mem:0.00M, Peak:0.00M | Scene, ViewLayer | Synchronizing object | G4_hall_G3_pendant_light.006
Fra:451 Mem:826.74M (Peak 895.07M) | Time:00:01.94 | Mem:0.00M, Peak:0.00M | Scene, ViewLayer | Synchronizing object | G4_hall_G3_pendant_drop.007
Fra:451 Mem:826.74M (Peak 895.07M) | Time:00:01.94 | Mem:0.00M, Peak:0.00M | Scene, ViewLayer | Synchronizing object | G4_hall_G3_pendant_shade.007
Fra:451 Mem:826.77M (Peak 895.07M) | Time:00:01.94 | Mem:0.00M, Peak:0.00M | Scene, ViewLayer | Synchronizing object | G4_hall_G3_pendant_light.007
Fra:451 Mem:826.77M (Peak 895.07M) | Time:00:01.94 | Mem:0.00M, Peak:0.00M | Scene, ViewLayer | Synchronizing object | G4_hall_G3_pendant_drop.008
Fra:451 Mem:826.77M (Peak 895.07M) | Time:00:01.94 | Mem:0.00M, Peak:0.00M | Scene, ViewLayer | Synchronizing object | G4_hall_G3_pendant_shade.008
Fra:451 Mem:826.79M (Peak 895.07M) | Time:00:01.94 | Mem:0.00M, Peak:0.00M | Scene, ViewLayer | Synchronizing object | G4_hall_G3_pendant_light.008
Fra:451 Mem:826.80M (Peak 895.07M) | Time:00:01.94 | Mem:0.00M, Peak:0.00M | Scene, ViewLayer | Synchronizing object | G4_hall_G3_pendant_drop.009
Fra:451 Mem:826.81M (Peak 895.07M) | Time:00:01.94 | Mem:0.00M, Peak:0.00M | Scene, ViewLayer | Synchronizing object | G4_hall_G3_pendant_shade.009
Fra:451 Mem:826.81M (Peak 895.07M) | Time:00:01.94 | Mem:0.00M, Peak:0.00M | Scene, ViewLayer | Synchronizing object | G4_hall_G3_pendant_light.009
Fra:451 Mem:826.83M (Peak 895.07M) | Time:00:01.94 | Mem:0.00M, Peak:0.00M | Scene, ViewLayer | Synchronizing object | G4_hall_G3_pendant_drop.010
Fra:451 Mem:826.84M (Peak 895.07M) | Time:00:01.94 | Mem:0.00M, Peak:0.00M | Scene, ViewLayer | Synchronizing object | G4_hall_G3_pendant_shade.010
Fra:451 Mem:826.84M (Peak 895.07M) | Time:00:01.94 | Mem:0.00M, Peak:0.00M | Scene, ViewLayer | Synchronizing object | G4_hall_G3_pendant_light.010
Fra:451 Mem:826.86M (Peak 895.07M) | Time:00:01.94 | Mem:0.00M, Peak:0.00M | Scene, ViewLayer | Synchronizing object | G4_hall_G3_pendant_drop.011
Fra:451 Mem:826.87M (Peak 895.07M) | Time:00:01.94 | Mem:0.00M, Peak:0.00M | Scene, ViewLayer | Synchronizing object | G4_hall_G3_pendant_shade.011
Fra:451 Mem:826.90M (Peak 895.07M) | Time:00:01.94 | Mem:0.00M, Peak:0.00M | Scene, ViewLayer | Synchronizing object | G4_hall_G3_pendant_light.011
Fra:451 Mem:826.90M (Peak 895.07M) | Time:00:01.94 | Mem:0.00M, Peak:0.00M | Scene, ViewLayer | Synchronizing object | G4_hall_G3_pendant_drop.012
Fra:451 Mem:826.91M (Peak 895.07M) | Time:00:01.94 | Mem:0.00M, Peak:0.00M | Scene, ViewLayer | Synchronizing object | G4_hall_G3_pendant_shade.012
Fra:451 Mem:826.93M (Peak 895.07M) | Time:00:01.94 | Mem:0.00M, Peak:0.00M | Scene, ViewLayer | Synchronizing object | G4_hall_G3_pendant_light.012
Fra:451 Mem:826.93M (Peak 895.07M) | Time:00:01.94 | Mem:0.00M, Peak:0.00M | Scene, ViewLayer | Synchronizing object | G4_hall_G3_pendant_drop.013
Fra:451 Mem:826.94M (Peak 895.07M) | Time:00:01.94 | Mem:0.00M, Peak:0.00M | Scene, ViewLayer | Synchronizing object | G4_hall_G3_pendant_shade.013
Fra:451 Mem:826.94M (Peak 895.07M) | Time:00:01.94 | Mem:0.00M, Peak:0.00M | Scene, ViewLayer | Synchronizing object | G4_hall_G3_pendant_light.013
Fra:451 Mem:826.96M (Peak 895.07M) | Time:00:01.94 | Mem:0.00M, Peak:0.00M | Scene, ViewLayer | Synchronizing object | G4_canopy_lamp_mount
Fra:451 Mem:826.97M (Peak 895.07M) | Time:00:01.94 | Mem:0.00M, Peak:0.00M | Scene, ViewLayer | Synchronizing object | G4_canopy_lamp_housing
Fra:451 Mem:827.02M (Peak 895.07M) | Time:00:01.94 | Mem:0.00M, Peak:0.00M | Scene, ViewLayer | Synchronizing object | G4_canopy_lamp_opal
Fra:451 Mem:827.02M (Peak 895.07M) | Time:00:01.94 | Mem:0.00M, Peak:0.00M | Scene, ViewLayer | Synchronizing object | G4_canopy_practical
Fra:451 Mem:827.03M (Peak 895.07M) | Time:00:01.94 | Mem:0.00M, Peak:0.00M | Scene, ViewLayer | Synchronizing object | G4_canopy_lamp_mount.001
Fra:451 Mem:827.09M (Peak 895.07M) | Time:00:01.94 | Mem:0.00M, Peak:0.00M | Scene, ViewLayer | Synchronizing object | G4_canopy_lamp_housing.001
Fra:451 Mem:827.09M (Peak 895.07M) | Time:00:01.94 | Mem:0.00M, Peak:0.00M | Scene, ViewLayer | Synchronizing object | G4_canopy_lamp_opal.001
Fra:451 Mem:827.11M (Peak 895.07M) | Time:00:01.94 | Mem:0.00M, Peak:0.00M | Scene, ViewLayer | Synchronizing object | G4_canopy_practical.001
Fra:451 Mem:827.12M (Peak 895.07M) | Time:00:01.94 | Mem:0.00M, Peak:0.00M | Scene, ViewLayer | Synchronizing object | G4_canopy_lamp_mount.002
Fra:451 Mem:827.14M (Peak 895.07M) | Time:00:01.94 | Mem:0.00M, Peak:0.00M | Scene, ViewLayer | Synchronizing object | G4_canopy_lamp_housing.002
Fra:451 Mem:827.17M (Peak 895.07M) | Time:00:01.94 | Mem:0.00M, Peak:0.00M | Scene, ViewLayer | Synchronizing object | G4_canopy_lamp_opal.002
Fra:451 Mem:827.21M (Peak 895.07M) | Time:00:01.94 | Mem:0.00M, Peak:0.00M | Scene, ViewLayer | Synchronizing object | G4_canopy_practical.002
Fra:451 Mem:827.22M (Peak 895.07M) | Time:00:01.94 | Mem:0.00M, Peak:0.00M | Scene, ViewLayer | Synchronizing object | G4_canopy_lamp_mount.003
Fra:451 Mem:827.20M (Peak 895.07M) | Time:00:01.94 | Mem:0.00M, Peak:0.00M | Scene, ViewLayer | Synchronizing object | G4_canopy_lamp_housing.003
Fra:451 Mem:827.27M (Peak 895.07M) | Time:00:01.94 | Mem:0.00M, Peak:0.00M | Scene, ViewLayer | Synchronizing object | G4_canopy_lamp_opal.003
Fra:451 Mem:827.25M (Peak 895.07M) | Time:00:01.94 | Mem:0.00M, Peak:0.00M | Scene, ViewLayer | Synchronizing object | G4_canopy_practical.003
Fra:451 Mem:827.25M (Peak 895.07M) | Time:00:01.94 | Mem:0.00M, Peak:0.00M | Scene, ViewLayer | Synchronizing object | G4_canopy_lamp_mount.004
Fra:451 Mem:827.33M (Peak 895.07M) | Time:00:01.94 | Mem:0.00M, Peak:0.00M | Scene, ViewLayer | Synchronizing object | G4_canopy_lamp_housing.004
Fra:451 Mem:827.31M (Peak 895.07M) | Time:00:01.94 | Mem:0.00M, Peak:0.00M | Scene, ViewLayer | Synchronizing object | G4_canopy_lamp_opal.004
Fra:451 Mem:827.38M (Peak 895.07M) | Time:00:01.94 | Mem:0.00M, Peak:0.00M | Scene, ViewLayer | Synchronizing object | G4_canopy_practical.004
Fra:451 Mem:827.35M (Peak 895.07M) | Time:00:01.94 | Mem:0.00M, Peak:0.00M | Scene, ViewLayer | Synchronizing object | G4_canopy_lamp_mount.005
Fra:451 Mem:827.36M (Peak 895.07M) | Time:00:01.94 | Mem:0.00M, Peak:0.00M | Scene, ViewLayer | Synchronizing object | G4_canopy_lamp_housing.005
Fra:451 Mem:827.41M (Peak 895.07M) | Time:00:01.94 | Mem:0.00M, Peak:0.00M | Scene, ViewLayer | Synchronizing object | G4_canopy_lamp_opal.005
Fra:451 Mem:827.41M (Peak 895.07M) | Time:00:01.94 | Mem:0.00M, Peak:0.00M | Scene, ViewLayer | Synchronizing object | G4_canopy_practical.005
Fra:451 Mem:827.41M (Peak 895.07M) | Time:00:01.94 | Mem:0.00M, Peak:0.00M | Scene, ViewLayer | Synchronizing object | G4_canopy_lamp_mount.006
Fra:451 Mem:827.47M (Peak 895.07M) | Time:00:01.94 | Mem:0.00M, Peak:0.00M | Scene, ViewLayer | Synchronizing object | G4_canopy_lamp_housing.006
Fra:451 Mem:827.46M (Peak 895.07M) | Time:00:01.94 | Mem:0.00M, Peak:0.00M | Scene, ViewLayer | Synchronizing object | G4_canopy_lamp_opal.006
Fra:451 Mem:827.54M (Peak 895.07M) | Time:00:01.94 | Mem:0.00M, Peak:0.00M | Scene, ViewLayer | Synchronizing object | G4_canopy_practical.006
Fra:451 Mem:827.54M (Peak 895.07M) | Time:00:01.94 | Mem:0.00M, Peak:0.00M | Scene, ViewLayer | Synchronizing object | G4_canopy_lamp_mount.007
Fra:451 Mem:827.52M (Peak 895.07M) | Time:00:01.94 | Mem:0.00M, Peak:0.00M | Scene, ViewLayer | Synchronizing object | G4_canopy_lamp_housing.007
Fra:451 Mem:827.57M (Peak 895.07M) | Time:00:01.94 | Mem:0.00M, Peak:0.00M | Scene, ViewLayer | Synchronizing object | G4_canopy_lamp_opal.007
Fra:451 Mem:827.59M (Peak 895.07M) | Time:00:01.94 | Mem:0.00M, Peak:0.00M | Scene, ViewLayer | Synchronizing object | G4_canopy_practical.007
Fra:451 Mem:827.60M (Peak 895.07M) | Time:00:01.94 | Mem:0.00M, Peak:0.00M | Scene, ViewLayer | Synchronizing object | G4_train_curved_inner_vault
Fra:451 Mem:827.63M (Peak 895.07M) | Time:00:01.94 | Mem:0.00M, Peak:0.00M | Scene, ViewLayer | Synchronizing object | G4_car_lamp_stem
Fra:451 Mem:827.63M (Peak 895.07M) | Time:00:01.94 | Mem:0.00M, Peak:0.00M | Scene, ViewLayer | Synchronizing object | G4_car_ceiling_practical
Fra:451 Mem:827.63M (Peak 895.07M) | Time:00:01.94 | Mem:0.00M, Peak:0.00M | Scene, ViewLayer | Synchronizing object | G4_car_lamp_stem.001
Fra:451 Mem:827.63M (Peak 895.07M) | Time:00:01.94 | Mem:0.00M, Peak:0.00M | Scene, ViewLayer | Synchronizing object | G4_car_ceiling_practical.001
Fra:451 Mem:827.63M (Peak 895.07M) | Time:00:01.94 | Mem:0.00M, Peak:0.00M | Scene, ViewLayer | Synchronizing object | G4_car_lamp_stem.002
Fra:451 Mem:827.64M (Peak 895.07M) | Time:00:01.94 | Mem:0.00M, Peak:0.00M | Scene, ViewLayer | Synchronizing object | G4_car_ceiling_practical.002
Fra:451 Mem:827.64M (Peak 895.07M) | Time:00:01.94 | Mem:0.00M, Peak:0.00M | Scene, ViewLayer | Synchronizing object | G4_car_lamp_stem.003
Fra:451 Mem:827.64M (Peak 895.07M) | Time:00:01.94 | Mem:0.00M, Peak:0.00M | Scene, ViewLayer | Synchronizing object | G4_car_ceiling_practical.003
Fra:451 Mem:827.64M (Peak 895.07M) | Time:00:01.94 | Mem:0.00M, Peak:0.00M | Scene, ViewLayer | Synchronizing object | G4_car_panel_bead
Fra:451 Mem:827.70M (Peak 895.07M) | Time:00:01.94 | Mem:0.00M, Peak:0.00M | Scene, ViewLayer | Synchronizing object | G4_car_panel_bead.001
Fra:451 Mem:827.70M (Peak 895.07M) | Time:00:01.94 | Mem:0.00M, Peak:0.00M | Scene, ViewLayer | Synchronizing object | G4_car_panel_stile
Fra:451 Mem:827.77M (Peak 895.07M) | Time:00:01.94 | Mem:0.00M, Peak:0.00M | Scene, ViewLayer | Synchronizing object | G4_car_panel_stile.001
Fra:451 Mem:827.76M (Peak 895.07M) | Time:00:01.94 | Mem:0.00M, Peak:0.00M | Scene, ViewLayer | Synchronizing object | G4_car_recessed_walnut_panel.001
Fra:451 Mem:827.82M (Peak 895.07M) | Time:00:01.94 | Mem:0.00M, Peak:0.00M | Scene, ViewLayer | Synchronizing object | G4_car_panel_bead.002
Fra:451 Mem:827.85M (Peak 895.07M) | Time:00:01.94 | Mem:0.00M, Peak:0.00M | Scene, ViewLayer | Synchronizing object | G4_car_panel_bead.003
Fra:451 Mem:827.87M (Peak 895.07M) | Time:00:01.94 | Mem:0.00M, Peak:0.00M | Scene, ViewLayer | Synchronizing object | G4_car_panel_stile.002
Fra:451 Mem:827.91M (Peak 895.07M) | Time:00:01.94 | Mem:0.00M, Peak:0.00M | Scene, ViewLayer | Synchronizing object | G4_car_panel_stile.003
Fra:451 Mem:827.93M (Peak 895.07M) | Time:00:01.94 | Mem:0.00M, Peak:0.00M | Scene, ViewLayer | Synchronizing object | G4_car_recessed_walnut_panel.002
Fra:451 Mem:827.96M (Peak 895.07M) | Time:00:01.94 | Mem:0.00M, Peak:0.00M | Scene, ViewLayer | Synchronizing object | G4_car_panel_bead.004
Fra:451 Mem:827.99M (Peak 895.07M) | Time:00:01.94 | Mem:0.00M, Peak:0.00M | Scene, ViewLayer | Synchronizing object | G4_car_panel_bead.005
Fra:451 Mem:828.01M (Peak 895.07M) | Time:00:01.94 | Mem:0.00M, Peak:0.00M | Scene, ViewLayer | Synchronizing object | G4_car_panel_stile.004
Fra:451 Mem:828.04M (Peak 895.07M) | Time:00:01.94 | Mem:0.00M, Peak:0.00M | Scene, ViewLayer | Synchronizing object | G4_car_panel_stile.005
Fra:451 Mem:828.07M (Peak 895.07M) | Time:00:01.94 | Mem:0.00M, Peak:0.00M | Scene, ViewLayer | Synchronizing object | G4_car_recessed_walnut_panel.003
Fra:451 Mem:828.10M (Peak 895.07M) | Time:00:01.94 | Mem:0.00M, Peak:0.00M | Scene, ViewLayer | Synchronizing object | G4_car_panel_bead.006
Fra:451 Mem:828.15M (Peak 895.07M) | Time:00:01.94 | Mem:0.00M, Peak:0.00M | Scene, ViewLayer | Synchronizing object | G4_car_panel_bead.007
Fra:451 Mem:828.13M (Peak 895.07M) | Time:00:01.94 | Mem:0.00M, Peak:0.00M | Scene, ViewLayer | Synchronizing object | G4_car_panel_stile.006
Fra:451 Mem:828.19M (Peak 895.07M) | Time:00:01.94 | Mem:0.00M, Peak:0.00M | Scene, ViewLayer | Synchronizing object | G4_car_panel_stile.007
Fra:451 Mem:828.19M (Peak 895.07M) | Time:00:01.94 | Mem:0.00M, Peak:0.00M | Scene, ViewLayer | Synchronizing object | G4_car_recessed_walnut_panel.004
Fra:451 Mem:828.27M (Peak 895.07M) | Time:00:01.94 | Mem:0.00M, Peak:0.00M | Scene, ViewLayer | Synchronizing object | G4_car_panel_bead.008
Fra:451 Mem:828.28M (Peak 895.07M) | Time:00:01.94 | Mem:0.00M, Peak:0.00M | Scene, ViewLayer | Synchronizing object | G4_car_panel_bead.009
Fra:451 Mem:828.30M (Peak 895.07M) | Time:00:01.94 | Mem:0.00M, Peak:0.00M | Scene, ViewLayer | Synchronizing object | G4_car_panel_stile.008
Fra:451 Mem:828.34M (Peak 895.07M) | Time:00:01.94 | Mem:0.00M, Peak:0.00M | Scene, ViewLayer | Synchronizing object | G4_car_panel_stile.009
Fra:451 Mem:828.38M (Peak 895.07M) | Time:00:01.94 | Mem:0.00M, Peak:0.00M | Scene, ViewLayer | Synchronizing object | G4_car_recessed_walnut_panel.005
Fra:451 Mem:828.40M (Peak 895.07M) | Time:00:01.94 | Mem:0.00M, Peak:0.00M | Scene, ViewLayer | Synchronizing object | G4_car_panel_bead.010
Fra:451 Mem:828.42M (Peak 895.07M) | Time:00:01.94 | Mem:0.00M, Peak:0.00M | Scene, ViewLayer | Synchronizing object | G4_car_panel_bead.011
Fra:451 Mem:828.46M (Peak 895.07M) | Time:00:01.94 | Mem:0.00M, Peak:0.00M | Scene, ViewLayer | Synchronizing object | G4_car_panel_stile.010
Fra:451 Mem:828.48M (Peak 895.07M) | Time:00:01.94 | Mem:0.00M, Peak:0.00M | Scene, ViewLayer | Synchronizing object | G4_car_panel_stile.011
Fra:451 Mem:828.50M (Peak 895.07M) | Time:00:01.94 | Mem:0.00M, Peak:0.00M | Scene, ViewLayer | Synchronizing object | G4_car_recessed_walnut_panel.006
Fra:451 Mem:828.53M (Peak 895.07M) | Time:00:01.94 | Mem:0.00M, Peak:0.00M | Scene, ViewLayer | Synchronizing object | G4_car_panel_bead.012
Fra:451 Mem:828.53M (Peak 895.07M) | Time:00:01.94 | Mem:0.00M, Peak:0.00M | Scene, ViewLayer | Synchronizing object | G4_car_panel_bead.013
Fra:451 Mem:828.61M (Peak 895.07M) | Time:00:01.94 | Mem:0.00M, Peak:0.00M | Scene, ViewLayer | Synchronizing object | G4_car_panel_stile.012
Fra:451 Mem:828.58M (Peak 895.07M) | Time:00:01.94 | Mem:0.00M, Peak:0.00M | Scene, ViewLayer | Synchronizing object | G4_car_panel_stile.013
Fra:451 Mem:828.60M (Peak 895.07M) | Time:00:01.94 | Mem:0.00M, Peak:0.00M | Scene, ViewLayer | Synchronizing object | G4_car_recessed_walnut_panel.007
Fra:451 Mem:828.70M (Peak 895.07M) | Time:00:01.94 | Mem:0.00M, Peak:0.00M | Scene, ViewLayer | Synchronizing object | G4_car_panel_bead.014
Fra:451 Mem:828.66M (Peak 895.07M) | Time:00:01.94 | Mem:0.00M, Peak:0.00M | Scene, ViewLayer | Synchronizing object | G4_car_panel_bead.015
Fra:451 Mem:828.67M (Peak 895.07M) | Time:00:01.94 | Mem:0.00M, Peak:0.00M | Scene, ViewLayer | Synchronizing object | G4_car_panel_stile.014
Fra:451 Mem:828.77M (Peak 895.07M) | Time:00:01.94 | Mem:0.00M, Peak:0.00M | Scene, ViewLayer | Synchronizing object | G4_car_panel_stile.015
Fra:451 Mem:828.74M (Peak 895.07M) | Time:00:01.94 | Mem:0.00M, Peak:0.00M | Scene, ViewLayer | Synchronizing object | G4_car_recessed_walnut_panel.008
Fra:451 Mem:828.76M (Peak 895.07M) | Time:00:01.94 | Mem:0.00M, Peak:0.00M | Scene, ViewLayer | Synchronizing object | G4_car_panel_bead.016
Fra:451 Mem:828.81M (Peak 895.07M) | Time:00:01.94 | Mem:0.00M, Peak:0.00M | Scene, ViewLayer | Synchronizing object | G4_car_panel_bead.017
Fra:451 Mem:828.86M (Peak 895.07M) | Time:00:01.94 | Mem:0.00M, Peak:0.00M | Scene, ViewLayer | Synchronizing object | G4_car_panel_stile.016
Fra:451 Mem:828.87M (Peak 895.07M) | Time:00:01.94 | Mem:0.00M, Peak:0.00M | Scene, ViewLayer | Synchronizing object | G4_car_panel_stile.017
Fra:451 Mem:828.88M (Peak 895.07M) | Time:00:01.94 | Mem:0.00M, Peak:0.00M | Scene, ViewLayer | Synchronizing object | G4_car_recessed_walnut_panel.009
Fra:451 Mem:828.91M (Peak 895.07M) | Time:00:01.94 | Mem:0.00M, Peak:0.00M | Scene, ViewLayer | Synchronizing object | G4_car_panel_bead.018
Fra:451 Mem:828.95M (Peak 895.07M) | Time:00:01.94 | Mem:0.00M, Peak:0.00M | Scene, ViewLayer | Synchronizing object | G4_car_panel_bead.019
Fra:451 Mem:828.96M (Peak 895.07M) | Time:00:01.94 | Mem:0.00M, Peak:0.00M | Scene, ViewLayer | Synchronizing object | G4_car_panel_stile.018
Fra:451 Mem:828.99M (Peak 895.07M) | Time:00:01.94 | Mem:0.00M, Peak:0.00M | Scene, ViewLayer | Synchronizing object | G4_car_panel_stile.019
Fra:451 Mem:829.00M (Peak 895.07M) | Time:00:01.94 | Mem:0.00M, Peak:0.00M | Scene, ViewLayer | Synchronizing object | G4_car_recessed_walnut_panel.010
Fra:451 Mem:829.03M (Peak 895.07M) | Time:00:01.94 | Mem:0.00M, Peak:0.00M | Scene, ViewLayer | Synchronizing object | G4_car_panel_bead.020
Fra:451 Mem:829.06M (Peak 895.07M) | Time:00:01.94 | Mem:0.00M, Peak:0.00M | Scene, ViewLayer | Synchronizing object | G4_car_panel_bead.021
Fra:451 Mem:829.09M (Peak 895.07M) | Time:00:01.94 | Mem:0.00M, Peak:0.00M | Scene, ViewLayer | Synchronizing object | G4_car_panel_stile.020
Fra:451 Mem:829.12M (Peak 895.07M) | Time:00:01.94 | Mem:0.00M, Peak:0.00M | Scene, ViewLayer | Synchronizing object | G4_car_panel_stile.021
Fra:451 Mem:829.12M (Peak 895.07M) | Time:00:01.94 | Mem:0.00M, Peak:0.00M | Scene, ViewLayer | Synchronizing object | G4_car_recessed_walnut_panel.011
Fra:451 Mem:829.18M (Peak 895.07M) | Time:00:01.94 | Mem:0.00M, Peak:0.00M | Scene, ViewLayer | Synchronizing object | G4_car_panel_bead.022
Fra:451 Mem:829.21M (Peak 895.07M) | Time:00:01.94 | Mem:0.00M, Peak:0.00M | Scene, ViewLayer | Synchronizing object | G4_car_panel_bead.023
Fra:451 Mem:829.19M (Peak 895.07M) | Time:00:01.94 | Mem:0.00M, Peak:0.00M | Scene, ViewLayer | Synchronizing object | G4_car_panel_stile.022
Fra:451 Mem:829.24M (Peak 895.07M) | Time:00:01.94 | Mem:0.00M, Peak:0.00M | Scene, ViewLayer | Synchronizing object | G4_car_panel_stile.023
Fra:451 Mem:829.24M (Peak 895.07M) | Time:00:01.94 | Mem:0.00M, Peak:0.00M | Scene, ViewLayer | Synchronizing object | G4_car_recessed_walnut_panel.012
Fra:451 Mem:829.26M (Peak 895.07M) | Time:00:01.94 | Mem:0.00M, Peak:0.00M | Scene, ViewLayer | Synchronizing object | G4_car_panel_bead.024
Fra:451 Mem:829.35M (Peak 895.07M) | Time:00:01.94 | Mem:0.00M, Peak:0.00M | Scene, ViewLayer | Synchronizing object | G4_car_panel_bead.025
Fra:451 Mem:829.32M (Peak 895.07M) | Time:00:01.94 | Mem:0.00M, Peak:0.00M | Scene, ViewLayer | Synchronizing object | G4_car_panel_stile.024
Fra:451 Mem:829.34M (Peak 895.07M) | Time:00:01.94 | Mem:0.00M, Peak:0.00M | Scene, ViewLayer | Synchronizing object | G4_car_panel_stile.025
Fra:451 Mem:829.39M (Peak 895.07M) | Time:00:01.94 | Mem:0.00M, Peak:0.00M | Scene, ViewLayer | Synchronizing object | G4_car_recessed_walnut_panel.013
Fra:451 Mem:829.42M (Peak 895.07M) | Time:00:01.94 | Mem:0.00M, Peak:0.00M | Scene, ViewLayer | Synchronizing object | G4_car_panel_bead.026
Fra:451 Mem:829.44M (Peak 895.07M) | Time:00:01.94 | Mem:0.00M, Peak:0.00M | Scene, ViewLayer | Synchronizing object | G4_car_panel_bead.027
Fra:451 Mem:829.49M (Peak 895.07M) | Time:00:01.94 | Mem:0.00M, Peak:0.00M | Scene, ViewLayer | Synchronizing object | G4_car_panel_stile.026
Fra:451 Mem:829.49M (Peak 895.07M) | Time:00:01.94 | Mem:0.00M, Peak:0.00M | Scene, ViewLayer | Synchronizing object | G4_car_panel_stile.027
Fra:451 Mem:829.51M (Peak 895.07M) | Time:00:01.94 | Mem:0.00M, Peak:0.00M | Scene, ViewLayer | Synchronizing object | G4_wheelset_brake_disc
Fra:451 Mem:829.54M (Peak 895.07M) | Time:00:01.94 | Mem:0.00M, Peak:0.00M | Scene, ViewLayer | Synchronizing object | G4_wheelset_brake_disc.001
Fra:451 Mem:829.53M (Peak 895.07M) | Time:00:01.94 | Mem:0.00M, Peak:0.00M | Scene, ViewLayer | Synchronizing object | G4_wheelset_brake_disc.002
Fra:451 Mem:829.54M (Peak 895.07M) | Time:00:01.94 | Mem:0.00M, Peak:0.00M | Scene, ViewLayer | Synchronizing object | G4_wheelset_brake_disc.003
Fra:451 Mem:829.58M (Peak 895.07M) | Time:00:01.94 | Mem:0.00M, Peak:0.00M | Scene, ViewLayer | Synchronizing object | G4_wheelset_brake_disc.004
Fra:451 Mem:829.56M (Peak 895.07M) | Time:00:01.94 | Mem:0.00M, Peak:0.00M | Scene, ViewLayer | Synchronizing object | G4_wheelset_brake_disc.005
Fra:451 Mem:829.56M (Peak 895.07M) | Time:00:01.94 | Mem:0.00M, Peak:0.00M | Scene, ViewLayer | Synchronizing object | G4_wheelset_brake_disc.006
Fra:451 Mem:829.56M (Peak 895.07M) | Time:00:01.94 | Mem:0.00M, Peak:0.00M | Scene, ViewLayer | Synchronizing object | G4_wheelset_brake_disc.007
Fra:451 Mem:829.57M (Peak 895.07M) | Time:00:01.94 | Mem:0.00M, Peak:0.00M | Scene, ViewLayer | Synchronizing object | G4_train_headlight
Fra:451 Mem:829.58M (Peak 895.07M) | Time:00:01.94 | Mem:0.00M, Peak:0.00M | Scene, ViewLayer | Synchronizing object | G4_train_headlight.001
Fra:451 Mem:829.58M (Peak 895.07M) | Time:00:01.94 | Mem:0.00M, Peak:0.00M | Scene, ViewLayer | Synchronizing object | G4_cab_gauge_bezel
Fra:451 Mem:829.58M (Peak 895.07M) | Time:00:01.94 | Mem:0.00M, Peak:0.00M | Scene, ViewLayer | Synchronizing object | G4_cab_gauge_bezel.001
Fra:451 Mem:829.59M (Peak 895.07M) | Time:00:01.94 | Mem:0.00M, Peak:0.00M | Scene, ViewLayer | Synchronizing object | G4_cab_gauge_face.001
Fra:451 Mem:829.61M (Peak 895.07M) | Time:00:01.94 | Mem:0.00M, Peak:0.00M | Scene, ViewLayer | Synchronizing object | G4_cab_gauge_bezel.002
Fra:451 Mem:829.61M (Peak 895.07M) | Time:00:01.94 | Mem:0.00M, Peak:0.00M | Scene, ViewLayer | Synchronizing object | G4_cab_gauge_face.002
Fra:451 Mem:829.61M (Peak 895.07M) | Time:00:01.94 | Mem:0.00M, Peak:0.00M | Scene, ViewLayer | Synchronizing object | G4R03_roof_clipped_rain
Fra:451 Mem:825.15M (Peak 895.07M) | Time:00:01.97 | Mem:0.00M, Peak:0.00M | Scene, ViewLayer | Synchronizing object | G4R03_eave_drips
Fra:451 Mem:825.19M (Peak 895.07M) | Time:00:01.97 | Mem:0.00M, Peak:0.00M | Scene, ViewLayer | Synchronizing object | G4R03_adherent_rivulet
Fra:451 Mem:825.21M (Peak 895.07M) | Time:00:01.97 | Mem:0.00M, Peak:0.00M | Scene, ViewLayer | Synchronizing object | G4R03_adherent_rivulet.001
Fra:451 Mem:825.23M (Peak 895.07M) | Time:00:01.97 | Mem:0.00M, Peak:0.00M | Scene, ViewLayer | Synchronizing object | G4R03_adherent_rivulet.002
Fra:451 Mem:825.25M (Peak 895.07M) | Time:00:01.97 | Mem:0.00M, Peak:0.00M | Scene, ViewLayer | Synchronizing object | G4R03_adherent_rivulet.003
Fra:451 Mem:825.27M (Peak 895.07M) | Time:00:01.97 | Mem:0.00M, Peak:0.00M | Scene, ViewLayer | Synchronizing object | G4R03_adherent_rivulet.004
Fra:451 Mem:825.29M (Peak 895.07M) | Time:00:01.97 | Mem:0.00M, Peak:0.00M | Scene, ViewLayer | Synchronizing object | G4R03_adherent_rivulet.005
Fra:451 Mem:825.31M (Peak 895.07M) | Time:00:01.97 | Mem:0.00M, Peak:0.00M | Scene, ViewLayer | Synchronizing object | G4R03_adherent_rivulet.006
Fra:451 Mem:825.33M (Peak 895.07M) | Time:00:01.97 | Mem:0.00M, Peak:0.00M | Scene, ViewLayer | Synchronizing object | G4R03_adherent_rivulet.007
Fra:451 Mem:825.35M (Peak 895.07M) | Time:00:01.97 | Mem:0.00M, Peak:0.00M | Scene, ViewLayer | Synchronizing object | G4R03_adherent_rivulet.008
Fra:451 Mem:825.37M (Peak 895.07M) | Time:00:01.97 | Mem:0.00M, Peak:0.00M | Scene, ViewLayer | Synchronizing object | G4R03_adherent_rivulet.009
Fra:451 Mem:825.39M (Peak 895.07M) | Time:00:01.97 | Mem:0.00M, Peak:0.00M | Scene, ViewLayer | Synchronizing object | G4R03_adherent_rivulet.010
Fra:451 Mem:825.41M (Peak 895.07M) | Time:00:01.97 | Mem:0.00M, Peak:0.00M | Scene, ViewLayer | Synchronizing object | G4R03_adherent_rivulet.011
Fra:451 Mem:825.43M (Peak 895.07M) | Time:00:01.97 | Mem:0.00M, Peak:0.00M | Scene, ViewLayer | Synchronizing object | G4R03_adherent_rivulet.012
Fra:451 Mem:825.45M (Peak 895.07M) | Time:00:01.97 | Mem:0.00M, Peak:0.00M | Scene, ViewLayer | Synchronizing object | G4R03_adherent_rivulet.013
Fra:451 Mem:825.47M (Peak 895.07M) | Time:00:01.97 | Mem:0.00M, Peak:0.00M | Scene, ViewLayer | Synchronizing object | G4R03_adherent_rivulet.014
Fra:451 Mem:825.49M (Peak 895.07M) | Time:00:01.97 | Mem:0.00M, Peak:0.00M | Scene, ViewLayer | Synchronizing object | G4R03_adherent_rivulet.015
Fra:451 Mem:825.51M (Peak 895.07M) | Time:00:01.97 | Mem:0.00M, Peak:0.00M | Scene, ViewLayer | Synchronizing object | G4R03_adherent_rivulet.016
Fra:451 Mem:825.53M (Peak 895.07M) | Time:00:01.97 | Mem:0.00M, Peak:0.00M | Scene, ViewLayer | Synchronizing object | G4R03_adherent_rivulet.017
Fra:451 Mem:825.55M (Peak 895.07M) | Time:00:01.97 | Mem:0.00M, Peak:0.00M | Scene, ViewLayer | Synchronizing object | G4R03_adherent_rivulet.018
Fra:451 Mem:825.57M (Peak 895.07M) | Time:00:01.97 | Mem:0.00M, Peak:0.00M | Scene, ViewLayer | Synchronizing object | G4R03_adherent_rivulet.019
Fra:451 Mem:825.59M (Peak 895.07M) | Time:00:01.97 | Mem:0.00M, Peak:0.00M | Scene, ViewLayer | Synchronizing object | G4R03_adherent_rivulet.020
Fra:451 Mem:825.61M (Peak 895.07M) | Time:00:01.97 | Mem:0.00M, Peak:0.00M | Scene, ViewLayer | Synchronizing object | G4R03_adherent_rivulet.021
Fra:451 Mem:825.63M (Peak 895.07M) | Time:00:01.97 | Mem:0.00M, Peak:0.00M | Scene, ViewLayer | Synchronizing object | G4R03_adherent_rivulet.022
Fra:451 Mem:825.65M (Peak 895.07M) | Time:00:01.97 | Mem:0.00M, Peak:0.00M | Scene, ViewLayer | Synchronizing object | G4R03_adherent_rivulet.023
Fra:451 Mem:825.67M (Peak 895.07M) | Time:00:01.97 | Mem:0.00M, Peak:0.00M | Scene, ViewLayer | Synchronizing object | G4R03_adherent_rivulet.024
Fra:451 Mem:825.69M (Peak 895.07M) | Time:00:01.97 | Mem:0.00M, Peak:0.00M | Scene, ViewLayer | Synchronizing object | G4R03_adherent_rivulet.025
Fra:451 Mem:825.71M (Peak 895.07M) | Time:00:01.97 | Mem:0.00M, Peak:0.00M | Scene, ViewLayer | Synchronizing object | G4R03_adherent_rivulet.026
Fra:451 Mem:825.73M (Peak 895.07M) | Time:00:01.97 | Mem:0.00M, Peak:0.00M | Scene, ViewLayer | Synchronizing object | G4R03_adherent_rivulet.027
Fra:451 Mem:825.75M (Peak 895.07M) | Time:00:01.97 | Mem:0.00M, Peak:0.00M | Scene, ViewLayer | Synchronizing object | G4R03_adherent_rivulet.028
Fra:451 Mem:825.77M (Peak 895.07M) | Time:00:01.97 | Mem:0.00M, Peak:0.00M | Scene, ViewLayer | Synchronizing object | G4R03_adherent_rivulet.029
Fra:451 Mem:825.79M (Peak 895.07M) | Time:00:01.97 | Mem:0.00M, Peak:0.00M | Scene, ViewLayer | Synchronizing object | G4R03_adherent_rivulet.030
Fra:451 Mem:825.81M (Peak 895.07M) | Time:00:01.97 | Mem:0.00M, Peak:0.00M | Scene, ViewLayer | Synchronizing object | G4R03_adherent_rivulet.031
Fra:451 Mem:825.83M (Peak 895.07M) | Time:00:01.97 | Mem:0.00M, Peak:0.00M | Scene, ViewLayer | Synchronizing object | G4R03_adherent_rivulet.032
Fra:451 Mem:825.85M (Peak 895.07M) | Time:00:01.97 | Mem:0.00M, Peak:0.00M | Scene, ViewLayer | Synchronizing object | G4R03_adherent_rivulet.033
Fra:451 Mem:825.87M (Peak 895.07M) | Time:00:01.97 | Mem:0.00M, Peak:0.00M | Scene, ViewLayer | Synchronizing object | G4R03_adherent_rivulet.034
Fra:451 Mem:825.89M (Peak 895.07M) | Time:00:01.97 | Mem:0.00M, Peak:0.00M | Scene, ViewLayer | Synchronizing object | G4R03_adherent_rivulet.035
Fra:451 Mem:825.91M (Peak 895.07M) | Time:00:01.97 | Mem:0.00M, Peak:0.00M | Scene, ViewLayer | Synchronizing object | G4R03_adherent_rivulet.036
Fra:451 Mem:825.93M (Peak 895.07M) | Time:00:01.97 | Mem:0.00M, Peak:0.00M | Scene, ViewLayer | Synchronizing object | G4R03_adherent_rivulet.037
Fra:451 Mem:825.95M (Peak 895.07M) | Time:00:01.97 | Mem:0.00M, Peak:0.00M | Scene, ViewLayer | Synchronizing object | G4R03_adherent_rivulet.038
Fra:451 Mem:825.97M (Peak 895.07M) | Time:00:01.97 | Mem:0.00M, Peak:0.00M | Scene, ViewLayer | Synchronizing object | G4R03_adherent_rivulet.039
Fra:451 Mem:825.99M (Peak 895.07M) | Time:00:01.97 | Mem:0.00M, Peak:0.00M | Scene, ViewLayer | Synchronizing object | G4R03_adherent_rivulet.040
Fra:451 Mem:826.01M (Peak 895.07M) | Time:00:01.97 | Mem:0.00M, Peak:0.00M | Scene, ViewLayer | Synchronizing object | G4R03_adherent_rivulet.041
Fra:451 Mem:826.03M (Peak 895.07M) | Time:00:01.97 | Mem:0.00M, Peak:0.00M | Scene, ViewLayer | Synchronizing object | G4R03_adherent_rivulet.042
Fra:451 Mem:826.05M (Peak 895.07M) | Time:00:01.97 | Mem:0.00M, Peak:0.00M | Scene, ViewLayer | Synchronizing object | G4R03_adherent_rivulet.043
Fra:451 Mem:826.07M (Peak 895.07M) | Time:00:01.97 | Mem:0.00M, Peak:0.00M | Scene, ViewLayer | Synchronizing object | G4R03_adherent_rivulet.044
Fra:451 Mem:826.09M (Peak 895.07M) | Time:00:01.97 | Mem:0.00M, Peak:0.00M | Scene, ViewLayer | Synchronizing object | G4R03_adherent_rivulet.045
Fra:451 Mem:826.11M (Peak 895.07M) | Time:00:01.97 | Mem:0.00M, Peak:0.00M | Scene, ViewLayer | Synchronizing object | G4R03_adherent_rivulet.046
Fra:451 Mem:826.13M (Peak 895.07M) | Time:00:01.97 | Mem:0.00M, Peak:0.00M | Scene, ViewLayer | Synchronizing object | G4R03_adherent_rivulet.047
Fra:451 Mem:826.15M (Peak 895.07M) | Time:00:01.97 | Mem:0.00M, Peak:0.00M | Scene, ViewLayer | Synchronizing object | G4R03_adherent_rivulet.048
Fra:451 Mem:826.17M (Peak 895.07M) | Time:00:01.97 | Mem:0.00M, Peak:0.00M | Scene, ViewLayer | Synchronizing object | G4R03_adherent_rivulet.049
Fra:451 Mem:826.19M (Peak 895.07M) | Time:00:01.97 | Mem:0.00M, Peak:0.00M | Scene, ViewLayer | Synchronizing object | G4R03_adherent_rivulet.050
Fra:451 Mem:826.21M (Peak 895.07M) | Time:00:01.97 | Mem:0.00M, Peak:0.00M | Scene, ViewLayer | Synchronizing object | G4R03_adherent_rivulet.051
Fra:451 Mem:826.23M (Peak 895.07M) | Time:00:01.97 | Mem:0.00M, Peak:0.00M | Scene, ViewLayer | Synchronizing object | G4R03_adherent_rivulet.052
Fra:451 Mem:826.26M (Peak 895.07M) | Time:00:01.97 | Mem:0.00M, Peak:0.00M | Scene, ViewLayer | Synchronizing object | G4R03_adherent_rivulet.053
Fra:451 Mem:826.28M (Peak 895.07M) | Time:00:01.97 | Mem:0.00M, Peak:0.00M | Scene, ViewLayer | Synchronizing object | G4R03_adherent_rivulet.054
Fra:451 Mem:826.30M (Peak 895.07M) | Time:00:01.97 | Mem:0.00M, Peak:0.00M | Scene, ViewLayer | Synchronizing object | G4R03_adherent_rivulet.055
Fra:451 Mem:826.32M (Peak 895.07M) | Time:00:01.97 | Mem:0.00M, Peak:0.00M | Scene, ViewLayer | Synchronizing object | G4R03_adherent_rivulet.056
Fra:451 Mem:826.34M (Peak 895.07M) | Time:00:01.97 | Mem:0.00M, Peak:0.00M | Scene, ViewLayer | Synchronizing object | G4R03_adherent_rivulet.057
Fra:451 Mem:826.36M (Peak 895.07M) | Time:00:01.97 | Mem:0.00M, Peak:0.00M | Scene, ViewLayer | Synchronizing object | G4R03_adherent_rivulet.058
Fra:451 Mem:826.38M (Peak 895.07M) | Time:00:01.97 | Mem:0.00M, Peak:0.00M | Scene, ViewLayer | Synchronizing object | G4R03_adherent_rivulet.059
Fra:451 Mem:826.40M (Peak 895.07M) | Time:00:01.97 | Mem:0.00M, Peak:0.00M | Scene, ViewLayer | Synchronizing object | G4R03_adherent_rivulet.060
Fra:451 Mem:826.42M (Peak 895.07M) | Time:00:01.97 | Mem:0.00M, Peak:0.00M | Scene, ViewLayer | Synchronizing object | G4R03_adherent_rivulet.061
Fra:451 Mem:826.44M (Peak 895.07M) | Time:00:01.97 | Mem:0.00M, Peak:0.00M | Scene, ViewLayer | Synchronizing object | G4R03_adherent_rivulet.062
Fra:451 Mem:826.46M (Peak 895.07M) | Time:00:01.97 | Mem:0.00M, Peak:0.00M | Scene, ViewLayer | Synchronizing object | G4R03_adherent_rivulet.063
Fra:451 Mem:826.48M (Peak 895.07M) | Time:00:01.97 | Mem:0.00M, Peak:0.00M | Scene, ViewLayer | Synchronizing object | G4R03_adherent_rivulet.064
Fra:451 Mem:826.50M (Peak 895.07M) | Time:00:01.97 | Mem:0.00M, Peak:0.00M | Scene, ViewLayer | Synchronizing object | G4R03_adherent_rivulet.065
Fra:451 Mem:826.52M (Peak 895.07M) | Time:00:01.97 | Mem:0.00M, Peak:0.00M | Scene, ViewLayer | Synchronizing object | G4R03_adherent_rivulet.066
Fra:451 Mem:826.54M (Peak 895.07M) | Time:00:01.97 | Mem:0.00M, Peak:0.00M | Scene, ViewLayer | Synchronizing object | G4R03_adherent_rivulet.067
Fra:451 Mem:826.56M (Peak 895.07M) | Time:00:01.97 | Mem:0.00M, Peak:0.00M | Scene, ViewLayer | Synchronizing object | G4R03_adherent_rivulet.068
Fra:451 Mem:826.58M (Peak 895.07M) | Time:00:01.97 | Mem:0.00M, Peak:0.00M | Scene, ViewLayer | Synchronizing object | G4R03_adherent_rivulet.069
Fra:451 Mem:826.60M (Peak 895.07M) | Time:00:01.97 | Mem:0.00M, Peak:0.00M | Scene, ViewLayer | Synchronizing object | G4R03_adherent_rivulet.070
Fra:451 Mem:826.62M (Peak 895.07M) | Time:00:01.97 | Mem:0.00M, Peak:0.00M | Scene, ViewLayer | Synchronizing object | G4R03_adherent_rivulet.071
Fra:451 Mem:826.64M (Peak 895.07M) | Time:00:01.97 | Mem:0.00M, Peak:0.00M | Scene, ViewLayer | Synchronizing object | G4R03_convex_glass_water_beads
Fra:451 Mem:826.64M (Peak 895.07M) | Time:00:01.97 | Mem:0.00M, Peak:0.00M | Scene, ViewLayer | Synchronizing object | G4R03_puddle_impact_wave
Fra:451 Mem:839.67M (Peak 895.07M) | Time:00:01.97 | Mem:0.00M, Peak:0.00M | Scene, ViewLayer | Synchronizing object | G4R03_puddle_impact_wave.001
Fra:451 Mem:839.75M (Peak 895.07M) | Time:00:01.97 | Mem:0.00M, Peak:0.00M | Scene, ViewLayer | Synchronizing object | G4R03_puddle_impact_wave.002
Fra:451 Mem:839.82M (Peak 895.07M) | Time:00:01.97 | Mem:0.00M, Peak:0.00M | Scene, ViewLayer | Synchronizing object | G4R03_shallow_rain_puddle.001
Fra:451 Mem:839.82M (Peak 895.07M) | Time:00:01.97 | Mem:0.00M, Peak:0.00M | Scene, ViewLayer | Synchronizing object | G4R03_puddle_impact_wave.003
Fra:451 Mem:839.93M (Peak 895.07M) | Time:00:01.97 | Mem:0.00M, Peak:0.00M | Scene, ViewLayer | Synchronizing object | G4R03_puddle_impact_wave.004
Fra:451 Mem:840.01M (Peak 895.07M) | Time:00:01.97 | Mem:0.00M, Peak:0.00M | Scene, ViewLayer | Synchronizing object | G4R03_puddle_impact_wave.005
Fra:451 Mem:840.09M (Peak 895.07M) | Time:00:01.97 | Mem:0.00M, Peak:0.00M | Scene, ViewLayer | Synchronizing object | G4R03_shallow_rain_puddle.002
Fra:451 Mem:840.09M (Peak 895.07M) | Time:00:01.97 | Mem:0.00M, Peak:0.00M | Scene, ViewLayer | Synchronizing object | G4R03_puddle_impact_wave.006
Fra:451 Mem:840.20M (Peak 895.07M) | Time:00:01.97 | Mem:0.00M, Peak:0.00M | Scene, ViewLayer | Synchronizing object | G4R03_puddle_impact_wave.007
Fra:451 Mem:840.27M (Peak 895.07M) | Time:00:01.98 | Mem:0.00M, Peak:0.00M | Scene, ViewLayer | Synchronizing object | G4R03_puddle_impact_wave.008
Fra:451 Mem:844.57M (Peak 895.07M) | Time:00:01.98 | Mem:0.00M, Peak:0.00M | Scene, ViewLayer | Synchronizing object | G4R03_shallow_rain_puddle.003
Fra:451 Mem:844.57M (Peak 895.07M) | Time:00:01.98 | Mem:0.00M, Peak:0.00M | Scene, ViewLayer | Synchronizing object | G4R03_puddle_impact_wave.009
Fra:451 Mem:844.68M (Peak 895.07M) | Time:00:01.98 | Mem:0.00M, Peak:0.00M | Scene, ViewLayer | Synchronizing object | G4R03_puddle_impact_wave.010
Fra:451 Mem:844.75M (Peak 895.07M) | Time:00:01.98 | Mem:0.00M, Peak:0.00M | Scene, ViewLayer | Synchronizing object | G4R03_puddle_impact_wave.011
Fra:451 Mem:844.83M (Peak 895.07M) | Time:00:01.98 | Mem:0.00M, Peak:0.00M | Scene, ViewLayer | Synchronizing object | G4R03_shallow_rain_puddle.004
Fra:451 Mem:844.84M (Peak 895.07M) | Time:00:01.98 | Mem:0.00M, Peak:0.00M | Scene, ViewLayer | Synchronizing object | G4R03_puddle_impact_wave.012
Fra:451 Mem:844.94M (Peak 895.07M) | Time:00:01.98 | Mem:0.00M, Peak:0.00M | Scene, ViewLayer | Synchronizing object | G4R03_puddle_impact_wave.013
Fra:451 Mem:845.02M (Peak 895.07M) | Time:00:01.98 | Mem:0.00M, Peak:0.00M | Scene, ViewLayer | Synchronizing object | G4R03_puddle_impact_wave.014
Fra:451 Mem:849.31M (Peak 895.07M) | Time:00:01.99 | Mem:0.00M, Peak:0.00M | Scene, ViewLayer | Initializing
Fra:451 Mem:766.95M (Peak 1078.37M) | Time:00:09.34 | Mem:0.00M, Peak:0.00M | Scene, ViewLayer | Updating Images | Loading potted_plant_01_leaves_nor_gl.png
Fra:451 Mem:766.95M (Peak 1078.37M) | Time:00:09.34 | Mem:0.00M, Peak:0.00M | Scene, ViewLayer | Updating Images | Loading slate_floor_nor_gl_2k.jpg
Fra:451 Mem:846.97M (Peak 1078.37M) | Time:00:09.38 | Mem:16.00M, Peak:16.00M | Scene, ViewLayer | Updating Images | Loading potted_plant_01_leaves_rough.png
Fra:451 Mem:862.97M (Peak 1078.37M) | Time:00:09.39 | Mem:32.00M, Peak:32.00M | Scene, ViewLayer | Updating Images | Loading seaside_rock_diff_4k.jpg
Fra:451 Mem:926.97M (Peak 1078.37M) | Time:00:09.40 | Mem:48.00M, Peak:48.00M | Scene, ViewLayer | Updating Images | Loading seaside_rock_disp_2k.png
Fra:451 Mem:974.96M (Peak 1078.37M) | Time:00:09.40 | Mem:64.00M, Peak:64.00M | Scene, ViewLayer | Updating Images | Loading potted_plant_01_leaves_diff.png
Fra:451 Mem:990.96M (Peak 1078.37M) | Time:00:09.40 | Mem:80.00M, Peak:80.00M | Scene, ViewLayer | Updating Images | Loading seaside_rock_rough_4k.jpg
Fra:451 Mem:1054.96M (Peak 1078.37M) | Time:00:09.43 | Mem:96.00M, Peak:96.00M | Scene, ViewLayer | Updating Images | Loading potted_plant_01_pot_nor_gl
Fra:451 Mem:1070.96M (Peak 1086.97M) | Time:00:09.46 | Mem:112.00M, Peak:112.00M | Scene, ViewLayer | Updating Images | Loading potted_plant_01_pot_rough
Fra:451 Mem:1086.96M (Peak 1102.97M) | Time:00:09.48 | Mem:128.00M, Peak:128.00M | Scene, ViewLayer | Updating Images | Loading potted_plant_01_pot_diff
Fra:451 Mem:1166.97M (Peak 1182.98M) | Time:00:09.52 | Mem:144.00M, Peak:144.00M | Scene, ViewLayer | Updating Images | Loading GreenChair_01_nor_gl
Fra:451 Mem:1118.96M (Peak 1182.98M) | Time:00:09.53 | Mem:208.00M, Peak:208.00M | Scene, ViewLayer | Updating Images | Loading coastal_cliff_04_diff
Fra:451 Mem:1134.96M (Peak 1214.98M) | Time:00:09.56 | Mem:224.00M, Peak:224.00M | Scene, ViewLayer | Updating Images | Loading GreenChair_01_metallic-GreenChair_01_roughness
Fra:451 Mem:1150.97M (Peak 1214.98M) | Time:00:09.56 | Mem:288.00M, Peak:288.00M | Scene, ViewLayer | Updating Images | Loading coastal_cliff_04_rough
Fra:451 Mem:1166.97M (Peak 1214.98M) | Time:00:09.58 | Mem:304.00M, Peak:304.00M | Scene, ViewLayer | Updating Images | Loading coastal_cliff_04_nor_gl
Fra:451 Mem:1182.97M (Peak 1214.98M) | Time:00:09.59 | Mem:320.00M, Peak:320.00M | Scene, ViewLayer | Updating Images | Loading GreenChair_01_diff
Fra:451 Mem:1198.97M (Peak 1214.98M) | Time:00:09.61 | Mem:336.00M, Peak:336.00M | Scene, ViewLayer | Updating Images | Loading american_walnut_veneer_finished_diff_2k.jpg
Fra:451 Mem:1278.97M (Peak 1294.98M) | Time:00:09.62 | Mem:352.00M, Peak:352.00M | Scene, ViewLayer | Updating Images | Loading american_walnut_veneer_nor_gl_2k.jpg
Fra:451 Mem:1294.97M (Peak 1310.98M) | Time:00:09.64 | Mem:368.00M, Peak:368.00M | Scene, ViewLayer | Updating Images | Loading american_walnut_veneer_rough_2k.jpg
Fra:451 Mem:1146.83M (Peak 1342.99M) | Time:00:09.71 | Mem:480.00M, Peak:480.00M | Scene, ViewLayer | Waiting for render to start
Fra:451 Mem:1146.83M (Peak 1342.99M) | Time:00:09.71 | Mem:480.00M, Peak:480.00M | Scene, ViewLayer | Updating Scene
Fra:451 Mem:1146.83M (Peak 1342.99M) | Time:00:09.71 | Mem:480.00M, Peak:480.00M | Scene, ViewLayer | Updating Shaders
Fra:451 Mem:1146.83M (Peak 1342.99M) | Time:00:09.71 | Mem:480.00M, Peak:480.00M | Scene, ViewLayer | Loading render kernels (may take a few minutes the first time)
Fra:451 Mem:1146.98M (Peak 1342.99M) | Time:00:09.71 | Mem:480.07M, Peak:480.07M | Scene, ViewLayer | Updating Procedurals
Fra:451 Mem:1146.98M (Peak 1342.99M) | Time:00:09.71 | Mem:480.07M, Peak:480.07M | Scene, ViewLayer | Updating Background
Fra:451 Mem:1146.98M (Peak 1342.99M) | Time:00:09.71 | Mem:480.07M, Peak:480.07M | Scene, ViewLayer | Updating Camera
Fra:451 Mem:1146.98M (Peak 1342.99M) | Time:00:09.71 | Mem:480.07M, Peak:480.07M | Scene, ViewLayer | Updating Meshes Flags
Fra:451 Mem:1146.98M (Peak 1342.99M) | Time:00:09.71 | Mem:480.07M, Peak:480.07M | Scene, ViewLayer | Updating Objects
Fra:451 Mem:1146.98M (Peak 1342.99M) | Time:00:09.71 | Mem:480.07M, Peak:480.07M | Scene, ViewLayer | Updating Objects | Copying Transformations to device
Fra:451 Mem:1162.57M (Peak 1342.99M) | Time:00:09.72 | Mem:495.87M, Peak:495.87M | Scene, ViewLayer | Updating Particle Systems
Fra:451 Mem:1162.57M (Peak 1342.99M) | Time:00:09.72 | Mem:495.87M, Peak:495.87M | Scene, ViewLayer | Updating Particle Systems | Copying Particles to device
Fra:451 Mem:1162.57M (Peak 1342.99M) | Time:00:09.72 | Mem:495.87M, Peak:495.87M | Scene, ViewLayer | Updating Meshes
Fra:451 Mem:1222.17M (Peak 1342.99M) | Time:00:10.16 | Mem:495.87M, Peak:495.87M | Scene, ViewLayer | Updating Objects | Applying Static Transformations
Fra:451 Mem:1222.17M (Peak 1342.99M) | Time:00:10.17 | Mem:495.87M, Peak:495.87M | Scene, ViewLayer | Updating Mesh | Computing attributes
Fra:451 Mem:1335.18M (Peak 1342.99M) | Time:00:10.21 | Mem:496.70M, Peak:496.70M | Scene, ViewLayer | Updating Mesh | Copying Attributes to device
Fra:451 Mem:1332.07M (Peak 1342.99M) | Time:00:10.21 | Mem:605.77M, Peak:605.77M | Scene, ViewLayer | Updating Geometry BVH G4R03_puddle_impact_wave_curve.014 28/27 | Building BVH
Fra:451 Mem:1332.07M (Peak 1342.99M) | Time:00:10.21 | Mem:605.80M, Peak:605.80M | Scene, ViewLayer | Updating Geometry BVH G4R03_puddle_impact_wave_curve.014 28/27 | Building BVH 0%
Fra:451 Mem:1332.07M (Peak 1342.99M) | Time:00:10.21 | Mem:605.83M, Peak:605.86M | Scene, ViewLayer | Updating Geometry BVH G4R03_puddle_impact_wave_curve.013 27/27 | Building BVH
Fra:451 Mem:1332.07M (Peak 1342.99M) | Time:00:10.21 | Mem:605.89M, Peak:605.92M | Scene, ViewLayer | Updating Geometry BVH G4R03_puddle_impact_wave_curve.012 26/27 | Building BVH
Fra:451 Mem:1332.07M (Peak 1342.99M) | Time:00:10.21 | Mem:605.94M, Peak:605.98M | Scene, ViewLayer | Updating Geometry BVH G4R03_puddle_impact_wave_curve.011 25/27 | Building BVH
Fra:451 Mem:1332.07M (Peak 1342.99M) | Time:00:10.21 | Mem:606.00M, Peak:606.03M | Scene, ViewLayer | Updating Geometry BVH G4R03_puddle_impact_wave_curve.010 24/27 | Building BVH
Fra:451 Mem:1332.07M (Peak 1342.99M) | Time:00:10.21 | Mem:606.06M, Peak:606.09M | Scene, ViewLayer | Updating Geometry BVH G4R03_puddle_impact_wave_curve.009 23/27 | Building BVH
Fra:451 Mem:1332.07M (Peak 1342.99M) | Time:00:10.21 | Mem:606.12M, Peak:606.15M | Scene, ViewLayer | Updating Geometry BVH G4R03_puddle_impact_wave_curve.008 22/27 | Building BVH
Fra:451 Mem:1332.07M (Peak 1342.99M) | Time:00:10.21 | Mem:606.18M, Peak:606.21M | Scene, ViewLayer | Updating Geometry BVH G4R03_puddle_impact_wave_curve.007 21/27 | Building BVH
Fra:451 Mem:1332.07M (Peak 1342.99M) | Time:00:10.21 | Mem:606.23M, Peak:606.27M | Scene, ViewLayer | Updating Geometry BVH G4R03_puddle_impact_wave_curve.006 20/27 | Building BVH
Fra:451 Mem:1332.07M (Peak 1342.99M) | Time:00:10.21 | Mem:606.29M, Peak:606.32M | Scene, ViewLayer | Updating Geometry BVH G4R03_puddle_impact_wave_curve.005 19/27 | Building BVH
Fra:451 Mem:1332.07M (Peak 1342.99M) | Time:00:10.21 | Mem:606.35M, Peak:606.38M | Scene, ViewLayer | Updating Geometry BVH G4R03_puddle_impact_wave_curve.004 18/27 | Building BVH
Fra:451 Mem:1332.07M (Peak 1342.99M) | Time:00:10.21 | Mem:606.41M, Peak:606.44M | Scene, ViewLayer | Updating Geometry BVH G4R03_puddle_impact_wave_curve.003 17/27 | Building BVH
Fra:451 Mem:1332.07M (Peak 1342.99M) | Time:00:10.21 | Mem:606.47M, Peak:606.50M | Scene, ViewLayer | Updating Geometry BVH G4R03_puddle_impact_wave_curve.002 16/27 | Building BVH
Fra:451 Mem:1332.07M (Peak 1342.99M) | Time:00:10.21 | Mem:606.52M, Peak:606.52M | Scene, ViewLayer | Updating Geometry BVH Cylinder.311 3/27 | Building BVH
Fra:451 Mem:1332.07M (Peak 1342.99M) | Time:00:10.21 | Mem:606.55M, Peak:606.55M | Scene, ViewLayer | Updating Geometry BVH Cylinder.310 2/27 | Building BVH
Fra:451 Mem:1332.07M (Peak 1342.99M) | Time:00:10.21 | Mem:606.53M, Peak:606.56M | Scene, ViewLayer | Updating Geometry BVH G4R03_puddle_impact_wave_curve.001 15/27 | Building BVH
Fra:451 Mem:1332.07M (Peak 1342.99M) | Time:00:10.21 | Mem:606.53M, Peak:606.56M | Scene, ViewLayer | Updating Geometry BVH Cylinder.312 4/27 | Building BVH
Fra:451 Mem:1332.07M (Peak 1342.99M) | Time:00:10.21 | Mem:606.55M, Peak:606.56M | Scene, ViewLayer | Updating Geometry BVH classic-chair.003 5/27 | Building BVH
Fra:451 Mem:1332.07M (Peak 1342.99M) | Time:00:10.21 | Mem:606.55M, Peak:606.56M | Scene, ViewLayer | Updating Geometry BVH potted_plant_01_base_low 7/27 | Building BVH
Fra:451 Mem:1332.07M (Peak 1342.99M) | Time:00:10.21 | Mem:607.65M, Peak:607.86M | Scene, ViewLayer | Updating Geometry BVH Circle.008 9/27 | Building BVH
Fra:451 Mem:1332.07M (Peak 1342.99M) | Time:00:10.21 | Mem:609.43M, Peak:609.43M | Scene, ViewLayer | Updating Geometry BVH Plane.070 8/27 | Building BVH
Fra:451 Mem:1332.07M (Peak 1342.99M) | Time:00:10.21 | Mem:612.60M, Peak:612.76M | Scene, ViewLayer | Updating Geometry BVH G4R03_puddle_impact_wave_curve 14/27 | Building BVH
Fra:451 Mem:1332.07M (Peak 1342.99M) | Time:00:10.21 | Mem:612.66M, Peak:612.76M | Scene, ViewLayer | Updating Geometry BVH Circle.002 10/27 | Building BVH
Fra:451 Mem:1332.07M (Peak 1342.99M) | Time:00:10.21 | Mem:612.83M, Peak:612.83M | Scene, ViewLayer | Updating Geometry BVH Mesh 13/27 | Building BVH
Fra:451 Mem:1332.07M (Peak 1342.99M) | Time:00:10.21 | Mem:612.90M, Peak:612.92M | Scene, ViewLayer | Updating Geometry BVH Mesh 12/27 | Building BVH
Fra:451 Mem:1332.07M (Peak 1342.99M) | Time:00:10.22 | Mem:613.25M, Peak:613.25M | Scene, ViewLayer | Updating Geometry BVH Cylinder.337 11/27 | Building BVH
Fra:451 Mem:1332.07M (Peak 1342.99M) | Time:00:10.39 | Mem:618.54M, Peak:621.80M | Scene, ViewLayer | Updating Scene BVH | Building
Fra:451 Mem:1332.33M (Peak 1342.99M) | Time:00:10.39 | Mem:618.54M, Peak:621.80M | Scene, ViewLayer | Updating Scene BVH | Building BVH
Fra:451 Mem:1332.33M (Peak 1342.99M) | Time:00:10.56 | Mem:767.16M, Peak:767.16M | Scene, ViewLayer | Updating Scene BVH | Building BVH 0%
Fra:451 Mem:1332.33M (Peak 1342.99M) | Time:00:10.81 | Mem:904.44M, Peak:904.44M | Scene, ViewLayer | Updating Scene BVH | Building BVH 91%
Fra:451 Mem:1332.33M (Peak 1342.99M) | Time:00:11.13 | Mem:810.44M, Peak:922.76M | Scene, ViewLayer | Updating Scene BVH | Building BVH 118%
Fra:451 Mem:1332.33M (Peak 1342.99M) | Time:00:11.77 | Mem:816.59M, Peak:922.76M | Scene, ViewLayer | Updating Scene BVH | Building BVH 119%
Fra:451 Mem:1332.33M (Peak 1342.99M) | Time:00:12.02 | Mem:818.92M, Peak:922.76M | Scene, ViewLayer | Updating Scene BVH | Building BVH 120%
Fra:451 Mem:1332.33M (Peak 1342.99M) | Time:00:12.21 | Mem:817.92M, Peak:922.76M | Scene, ViewLayer | Updating Scene BVH | Copying BVH to device
Fra:451 Mem:1332.33M (Peak 1342.99M) | Time:00:12.21 | Mem:817.92M, Peak:922.76M | Scene, ViewLayer | Updating Mesh | Computing normals
Fra:451 Mem:1412.01M (Peak 1412.01M) | Time:00:12.24 | Mem:817.92M, Peak:922.76M | Scene, ViewLayer | Updating Mesh | Copying Mesh to device
Fra:451 Mem:1412.01M (Peak 1412.01M) | Time:00:12.24 | Mem:897.59M, Peak:922.76M | Scene, ViewLayer | Updating Objects Flags
Fra:451 Mem:1412.01M (Peak 1412.01M) | Time:00:12.24 | Mem:897.83M, Peak:922.76M | Scene, ViewLayer | Updating Primitive Offsets
Fra:451 Mem:1412.13M (Peak 1412.13M) | Time:00:12.24 | Mem:897.95M, Peak:922.76M | Scene, ViewLayer | Updating Images
Fra:451 Mem:1396.13M (Peak 1412.13M) | Time:00:12.24 | Mem:881.95M, Peak:922.76M | Scene, ViewLayer | Updating Camera Volume
Fra:451 Mem:1396.13M (Peak 1412.13M) | Time:00:12.24 | Mem:881.95M, Peak:922.76M | Scene, ViewLayer | Updating Lookup Tables
Fra:451 Mem:1396.13M (Peak 1412.13M) | Time:00:12.24 | Mem:882.04M, Peak:922.76M | Scene, ViewLayer | Updating Lights
Fra:451 Mem:1396.13M (Peak 1412.13M) | Time:00:12.24 | Mem:882.04M, Peak:922.76M | Scene, ViewLayer | Updating Lights | Importance map
Fra:451 Mem:1460.16M (Peak 1748.13M) | Time:00:12.75 | Mem:946.09M, Peak:1106.06M | Scene, ViewLayer | Updating Lights | Computing tree
Fra:451 Mem:1461.57M (Peak 1748.13M) | Time:00:12.76 | Mem:947.49M, Peak:1106.06M | Scene, ViewLayer | Updating Integrator
Fra:451 Mem:1461.57M (Peak 1748.13M) | Time:00:12.76 | Mem:947.49M, Peak:1106.06M | Scene, ViewLayer | Updating Film
Fra:451 Mem:1461.57M (Peak 1748.13M) | Time:00:12.76 | Mem:947.41M, Peak:1106.06M | Scene, ViewLayer | Updating Lookup Tables
Fra:451 Mem:1461.57M (Peak 1748.13M) | Time:00:12.76 | Mem:947.50M, Peak:1106.06M | Scene, ViewLayer | Updating Baking
Fra:451 Mem:1461.57M (Peak 1748.13M) | Time:00:12.76 | Mem:947.50M, Peak:1106.06M | Scene, ViewLayer | Updating Device | Writing constant memory
Fra:451 Mem:1462.06M (Peak 1748.13M) | Time:00:12.76 | Mem:947.50M, Peak:1106.06M | Scene, ViewLayer | Loading denoising kernels (may take a few minutes the first time)
Fra:451 Mem:1462.06M (Peak 1748.13M) | Time:00:12.76 | Mem:947.50M, Peak:1106.06M | Scene, ViewLayer | Sample 0/64
Fra:451 Mem:1556.03M (Peak 1748.13M) | Time:00:16.49 | Remaining:03:54.81 | Mem:1041.43M, Peak:1106.06M | Scene, ViewLayer | Sample 1/64
Fra:451 Mem:1556.03M (Peak 1748.13M) | Time:00:16.49 | Remaining:03:54.83 | Mem:1041.43M, Peak:1106.06M | Scene, ViewLayer | Updating Scene
Fra:451 Mem:1556.03M (Peak 1748.13M) | Time:00:16.49 | Remaining:03:54.83 | Mem:1041.43M, Peak:1106.06M | Scene, ViewLayer | Updating Shaders
Fra:451 Mem:1556.03M (Peak 1748.13M) | Time:00:16.49 | Remaining:03:54.93 | Mem:1041.43M, Peak:1106.06M | Scene, ViewLayer | Updating Background
Fra:451 Mem:1556.03M (Peak 1748.13M) | Time:00:16.49 | Remaining:03:54.94 | Mem:1041.43M, Peak:1106.06M | Scene, ViewLayer | Updating Camera
Fra:451 Mem:1556.03M (Peak 1748.13M) | Time:00:16.49 | Remaining:03:54.94 | Mem:1041.43M, Peak:1106.06M | Scene, ViewLayer | Updating Objects
Fra:451 Mem:1556.03M (Peak 1748.13M) | Time:00:16.49 | Remaining:03:54.94 | Mem:1041.43M, Peak:1106.06M | Scene, ViewLayer | Updating Particle Systems
Fra:451 Mem:1556.03M (Peak 1748.13M) | Time:00:16.49 | Remaining:03:54.94 | Mem:1041.43M, Peak:1106.06M | Scene, ViewLayer | Updating Meshes
Fra:451 Mem:1556.03M (Peak 1748.13M) | Time:00:16.49 | Remaining:03:54.94 | Mem:1041.43M, Peak:1106.06M | Scene, ViewLayer | Updating Objects Flags
Fra:451 Mem:1556.03M (Peak 1748.13M) | Time:00:16.49 | Remaining:03:54.94 | Mem:1041.43M, Peak:1106.06M | Scene, ViewLayer | Updating Primitive Offsets
Fra:451 Mem:1556.03M (Peak 1748.13M) | Time:00:16.49 | Remaining:03:54.98 | Mem:1041.43M, Peak:1106.06M | Scene, ViewLayer | Updating Images
Fra:451 Mem:1556.03M (Peak 1748.13M) | Time:00:16.49 | Remaining:03:54.98 | Mem:1041.43M, Peak:1106.06M | Scene, ViewLayer | Updating Camera Volume
Fra:451 Mem:1556.03M (Peak 1748.13M) | Time:00:16.49 | Remaining:03:55.00 | Mem:1041.43M, Peak:1106.06M | Scene, ViewLayer | Updating Lookup Tables
Fra:451 Mem:1556.03M (Peak 1748.13M) | Time:00:16.49 | Remaining:03:55.00 | Mem:1041.43M, Peak:1106.06M | Scene, ViewLayer | Updating Lights
Fra:451 Mem:1556.03M (Peak 1748.13M) | Time:00:16.49 | Remaining:03:55.00 | Mem:1041.43M, Peak:1106.06M | Scene, ViewLayer | Updating Integrator
Fra:451 Mem:1556.03M (Peak 1748.13M) | Time:00:16.49 | Remaining:03:55.00 | Mem:1041.43M, Peak:1106.06M | Scene, ViewLayer | Updating Film
Fra:451 Mem:1556.03M (Peak 1748.13M) | Time:00:16.49 | Remaining:03:55.00 | Mem:1041.43M, Peak:1106.06M | Scene, ViewLayer | Updating Lookup Tables
Fra:451 Mem:1556.03M (Peak 1748.13M) | Time:00:16.49 | Remaining:03:55.00 | Mem:1041.43M, Peak:1106.06M | Scene, ViewLayer | Updating Baking
Fra:451 Mem:1556.03M (Peak 1748.13M) | Time:00:16.49 | Remaining:03:55.02 | Mem:1041.43M, Peak:1106.06M | Scene, ViewLayer | Updating Device | Writing constant memory
Fra:451 Mem:1556.03M (Peak 1748.13M) | Time:00:16.49 | Remaining:03:55.03 | Mem:1041.43M, Peak:1106.06M | Scene, ViewLayer | Sample 1/64
Fra:451 Mem:1556.03M (Peak 1748.13M) | Time:00:45.32 | Remaining:03:18.96 | Mem:1041.43M, Peak:1106.06M | Scene, ViewLayer | Sample 9/64
Fra:451 Mem:1556.03M (Peak 1748.13M) | Time:01:14.50 | Remaining:02:50.68 | Mem:1041.43M, Peak:1106.06M | Scene, ViewLayer | Sample 17/64
Fra:451 Mem:1556.03M (Peak 1748.13M) | Time:01:43.37 | Remaining:02:21.35 | Mem:1041.43M, Peak:1106.06M | Scene, ViewLayer | Sample 25/64
Fra:451 Mem:1556.03M (Peak 1748.13M) | Time:02:15.18 | Remaining:02:02.42 | Mem:1041.43M, Peak:1106.06M | Scene, ViewLayer | Sample 32/64
Fra:451 Mem:1595.58M (Peak 1748.13M) | Time:02:21.72 | Remaining:02:08.96 | Mem:1041.43M, Peak:1106.06M | Scene, ViewLayer | Sample 0/64
Fra:451 Mem:1595.58M (Peak 1748.13M) | Time:02:21.72 | Remaining:02:08.96 | Mem:1041.43M, Peak:1106.06M | Scene, ViewLayer | Finished
Saved: '/home/runner/work/future/future/workspaces/glasshouse-terminus/output/g4-coast-r03/E01-rock-water.png'
Time: 02:21.87 (Saving: 00:00.11)

COAST_R03_NATIVE_VIEW E01-rock-water.png

Blender quit
